frame_index,raman_shift_cm-1,intensity
0,200.0000,114.977861
0,201.0000,103.032556
0,202.0000,95.707329
0,203.0000,102.465768
0,204.0000,97.790113
0,205.0000,95.205926
0,206.0000,99.196597
0,207.0000,96.428587
0,208.0000,98.430855
0,209.0000,91.092807
0,210.0000,94.169228
0,211.0000,102.779692
0,212.0000,107.232405
0,213.0000,98.196813
0,214.0000,94.283395
0,215.0000,96.748526
0,216.0000,112.046387
0,217.0000,108.269567
0,218.0000,103.239399
0,219.0000,102.998604
0,220.0000,104.431888
0,221.0000,99.714150
0,222.0000,124.862236
0,223.0000,99.020070
0,224.0000,91.900158
0,225.0000,104.493584
0,226.0000,103.770373
0,227.0000,98.890466
0,228.0000,107.856766
0,229.0000,93.607260
0,230.0000,107.981953
0,231.0000,92.760119
0,232.0000,91.722246
0,233.0000,105.841769
0,234.0000,105.217227
0,235.0000,100.984847
0,236.0000,95.629085
0,237.0000,94.564445
0,238.0000,91.953985
0,239.0000,114.165503
0,240.0000,105.298538
0,241.0000,100.870682
0,242.0000,89.230871
0,243.0000,94.857641
0,244.0000,99.844393
0,245.0000,94.717722
0,246.0000,99.950044
0,247.0000,107.381310
0,248.0000,94.617265
0,249.0000,105.339423
0,250.0000,110.455316
0,251.0000,114.496937
0,252.0000,98.677111
0,253.0000,96.082992
0,254.0000,91.730206
0,255.0000,108.789891
0,256.0000,104.640053
0,257.0000,98.454003
0,258.0000,97.328339
0,259.0000,99.112120
0,260.0000,102.029791
0,261.0000,111.415822
0,262.0000,100.907685
0,263.0000,97.545185
0,264.0000,100.647091
0,265.0000,93.964215
0,266.0000,97.567058
0,267.0000,99.575458
0,268.0000,97.943106
0,269.0000,99.098509
0,270.0000,111.037065
0,271.0000,104.520907
0,272.0000,99.055329
0,273.0000,116.551775
0,274.0000,86.593023
0,275.0000,98.572133
0,276.0000,108.931522
0,277.0000,104.584133
0,278.0000,100.891157
0,279.0000,96.468285
0,280.0000,111.831273
0,281.0000,88.619143
0,282.0000,101.521965
0,283.0000,101.968011
0,284.0000,94.732296
0,285.0000,98.662726
0,286.0000,109.456368
0,287.0000,98.742909
0,288.0000,99.252174
0,289.0000,92.376664
0,290.0000,90.822518
0,291.0000,87.736656
0,292.0000,109.034323
0,293.0000,104.124297
0,294.0000,103.085268
0,295.0000,101.596710
0,296.0000,103.187755
0,297.0000,102.529086
0,298.0000,107.934099
0,299.0000,100.637826
0,300.0000,90.700988
0,301.0000,97.968533
0,302.0000,101.611057
0,303.0000,96.952331
0,304.0000,106.345164
0,305.0000,106.150362
0,306.0000,82.254160
0,307.0000,94.809413
0,308.0000,105.945781
0,309.0000,103.204055
0,310.0000,105.957031
0,311.0000,105.945600
0,312.0000,107.178262
0,313.0000,113.022306
0,314.0000,94.437202
0,315.0000,103.851360
0,316.0000,97.001025
0,317.0000,106.287346
0,318.0000,102.405008
0,319.0000,104.099456
0,320.0000,107.516097
0,321.0000,97.133367
0,322.0000,106.129025
0,323.0000,98.508541
0,324.0000,107.606741
0,325.0000,89.271020
0,326.0000,105.143832
0,327.0000,101.069511
0,328.0000,95.100628
0,329.0000,91.444789
0,330.0000,99.126676
0,331.0000,100.800859
0,332.0000,98.099693
0,333.0000,105.625160
0,334.0000,102.228935
0,335.0000,83.852054
0,336.0000,99.846130
0,337.0000,99.146147
0,338.0000,94.262165
0,339.0000,89.142851
0,340.0000,98.301480
0,341.0000,107.899601
0,342.0000,95.063660
0,343.0000,95.764808
0,344.0000,96.200894
0,345.0000,105.231955
0,346.0000,92.365402
0,347.0000,108.180816
0,348.0000,113.151816
0,349.0000,107.696531
0,350.0000,95.522073
0,351.0000,91.351161
0,352.0000,100.411681
0,353.0000,97.712041
0,354.0000,98.705619
0,355.0000,99.239858
0,356.0000,94.770984
0,357.0000,99.819336
0,358.0000,106.569366
0,359.0000,102.909225
0,360.0000,104.606447
0,361.0000,94.511614
0,362.0000,108.938017
0,363.0000,96.565293
0,364.0000,91.731112
0,365.0000,100.124751
0,366.0000,103.765022
0,367.0000,92.828418
0,368.0000,103.603776
0,369.0000,97.947636
0,370.0000,95.850062
0,371.0000,103.750222
0,372.0000,94.452328
0,373.0000,108.934951
0,374.0000,93.065735
0,375.0000,96.467720
0,376.0000,106.251453
0,377.0000,92.109242
0,378.0000,96.579212
0,379.0000,106.796728
0,380.0000,105.402756
0,381.0000,100.455967
0,382.0000,92.872385
0,383.0000,96.718632
0,384.0000,114.289825
0,385.0000,89.026964
0,386.0000,96.210481
0,387.0000,96.373482
0,388.0000,95.640440
0,389.0000,105.680126
0,390.0000,89.986192
0,391.0000,94.548791
0,392.0000,94.219352
0,393.0000,109.740234
0,394.0000,92.386177
0,395.0000,102.944920
0,396.0000,106.674522
0,397.0000,106.543754
0,398.0000,96.303378
0,399.0000,98.168097
0,400.0000,103.583644
0,401.0000,96.619244
0,402.0000,108.801615
0,403.0000,100.400495
0,404.0000,94.223121
0,405.0000,101.087149
0,406.0000,99.820050
0,407.0000,105.395249
0,408.0000,105.558025
0,409.0000,105.770339
0,410.0000,106.468647
0,411.0000,99.717990
0,412.0000,112.213155
0,413.0000,102.273594
0,414.0000,104.897296
0,415.0000,106.081604
0,416.0000,99.724818
0,417.0000,107.531258
0,418.0000,103.529324
0,419.0000,97.056697
0,420.0000,106.843156
0,421.0000,89.682225
0,422.0000,102.581610
0,423.0000,101.691687
0,424.0000,93.412287
0,425.0000,100.252597
0,426.0000,89.324716
0,427.0000,97.824680
0,428.0000,96.888014
0,429.0000,111.226609
0,430.0000,105.992012
0,431.0000,102.746586
0,432.0000,96.902030
0,433.0000,109.783276
0,434.0000,100.854004
0,435.0000,97.860191
0,436.0000,102.417109
0,437.0000,93.362514
0,438.0000,98.148877
0,439.0000,94.161842
0,440.0000,91.009092
0,441.0000,109.651778
0,442.0000,88.835917
0,443.0000,96.635235
0,444.0000,113.333410
0,445.0000,107.505039
0,446.0000,108.155759
0,447.0000,112.186076
0,448.0000,102.533471
0,449.0000,100.466850
0,450.0000,112.215841
0,451.0000,95.518246
0,452.0000,95.596670
0,453.0000,94.982094
0,454.0000,96.577151
0,455.0000,95.956866
0,456.0000,99.139731
0,457.0000,94.159028
0,458.0000,96.457428
0,459.0000,105.458971
0,460.0000,99.933057
0,461.0000,98.648525
0,462.0000,108.688909
0,463.0000,88.825495
0,464.0000,109.116830
0,465.0000,100.448747
0,466.0000,91.624747
0,467.0000,101.322353
0,468.0000,106.161446
0,469.0000,108.762891
0,470.0000,88.834858
0,471.0000,95.342440
0,472.0000,107.992195
0,473.0000,102.014142
0,474.0000,89.541043
0,475.0000,108.992031
0,476.0000,103.565453
0,477.0000,113.717035
0,478.0000,104.276984
0,479.0000,96.232439
0,480.0000,107.792593
0,481.0000,102.409166
0,482.0000,102.854501
0,483.0000,105.146483
0,484.0000,100.818230
0,485.0000,98.355746
0,486.0000,92.909077
0,487.0000,108.660952
0,488.0000,90.989704
0,489.0000,94.834241
0,490.0000,100.470412
0,491.0000,104.524565
0,492.0000,94.450504
0,493.0000,101.007388
0,494.0000,94.773272
0,495.0000,99.213218
0,496.0000,95.834773
0,497.0000,108.726980
0,498.0000,103.412698
0,499.0000,107.823647
0,500.0000,110.157987
0,501.0000,94.189896
0,502.0000,102.645329
0,503.0000,90.438693
0,504.0000,98.374659
0,505.0000,89.270524
0,506.0000,106.433368
0,507.0000,94.473702
0,508.0000,97.687259
0,509.0000,94.678266
0,510.0000,103.225443
0,511.0000,100.240872
0,512.0000,107.184645
0,513.0000,115.693752
0,514.0000,98.262175
0,515.0000,100.641510
0,516.0000,90.435722
0,517.0000,101.773928
0,518.0000,96.100079
0,519.0000,107.547518
0,520.0000,97.319516
0,521.0000,103.507851
0,522.0000,98.132024
0,523.0000,86.717098
0,524.0000,98.710234
0,525.0000,95.133329
0,526.0000,99.295594
0,527.0000,104.044682
0,528.0000,101.891808
0,529.0000,94.516433
0,530.0000,98.824154
0,531.0000,104.332317
0,532.0000,113.231685
0,533.0000,92.957804
0,534.0000,108.925777
0,535.0000,106.748333
0,536.0000,102.973156
0,537.0000,107.851289
0,538.0000,91.385639
0,539.0000,88.822320
0,540.0000,103.247266
0,541.0000,110.859126
0,542.0000,103.228511
0,543.0000,106.216388
0,544.0000,102.655016
0,545.0000,84.827156
0,546.0000,97.612125
0,547.0000,93.445449
0,548.0000,109.866878
0,549.0000,93.325507
0,550.0000,108.860027
0,551.0000,101.906867
0,552.0000,97.021673
0,553.0000,106.018230
0,554.0000,101.257688
0,555.0000,96.472424
0,556.0000,107.853407
0,557.0000,92.246380
0,558.0000,91.544445
0,559.0000,110.001798
0,560.0000,97.969309
0,561.0000,92.170164
0,562.0000,94.260966
0,563.0000,96.970859
0,564.0000,93.612004
0,565.0000,108.060881
0,566.0000,110.896730
0,567.0000,96.100409
0,568.0000,103.054770
0,569.0000,114.844044
0,570.0000,105.461005
0,571.0000,108.281248
0,572.0000,92.220943
0,573.0000,100.382479
0,574.0000,100.983526
0,575.0000,99.336289
0,576.0000,109.263794
0,577.0000,102.468385
0,578.0000,89.497541
0,579.0000,110.143626
0,580.0000,107.345525
0,581.0000,105.833764
0,582.0000,99.369051
0,583.0000,98.749729
0,584.0000,99.821273
0,585.0000,105.357398
0,586.0000,102.944538
0,587.0000,104.168617
0,588.0000,103.978485
0,589.0000,105.393997
0,590.0000,95.427136
0,591.0000,91.503255
0,592.0000,116.185854
0,593.0000,106.545600
0,594.0000,111.010056
0,595.0000,99.002397
0,596.0000,96.876711
0,597.0000,101.195872
0,598.0000,86.801095
0,599.0000,102.523934
0,600.0000,110.641158
0,601.0000,111.696531
0,602.0000,101.766191
0,603.0000,127.775799
0,604.0000,115.321058
0,605.0000,118.979845
0,606.0000,118.060147
0,607.0000,123.910861
0,608.0000,121.376744
0,609.0000,115.694541
0,610.0000,133.888241
0,611.0000,133.667099
0,612.0000,149.279126
0,613.0000,156.504584
0,614.0000,173.008576
0,615.0000,178.064493
0,616.0000,195.311406
0,617.0000,226.784909
0,618.0000,243.506590
0,619.0000,266.268569
0,620.0000,281.347106
0,621.0000,263.577201
0,622.0000,249.218157
0,623.0000,235.529416
0,624.0000,201.602680
0,625.0000,172.081934
0,626.0000,163.782523
0,627.0000,150.994773
0,628.0000,141.809767
0,629.0000,136.778409
0,630.0000,135.007811
0,631.0000,120.726601
0,632.0000,123.208983
0,633.0000,110.080855
0,634.0000,113.970457
0,635.0000,105.632167
0,636.0000,115.156068
0,637.0000,119.297474
0,638.0000,106.492934
0,639.0000,101.284546
0,640.0000,104.598774
0,641.0000,105.696235
0,642.0000,105.738692
0,643.0000,96.583758
0,644.0000,109.111772
0,645.0000,111.238508
0,646.0000,99.005385
0,647.0000,110.217674
0,648.0000,111.858940
0,649.0000,108.209602
0,650.0000,106.487046
0,651.0000,105.847295
0,652.0000,104.553149
0,653.0000,98.994676
0,654.0000,94.637587
0,655.0000,109.555587
0,656.0000,103.085400
0,657.0000,105.651765
0,658.0000,100.124460
0,659.0000,98.308391
0,660.0000,98.575658
0,661.0000,104.429444
0,662.0000,106.338603
0,663.0000,101.845358
0,664.0000,105.108599
0,665.0000,109.421951
0,666.0000,106.346526
0,667.0000,101.928479
0,668.0000,104.255360
0,669.0000,102.082188
0,670.0000,105.162458
0,671.0000,102.732966
0,672.0000,103.010646
0,673.0000,106.519025
0,674.0000,100.132862
0,675.0000,110.227236
0,676.0000,103.280957
0,677.0000,107.235140
0,678.0000,102.971556
0,679.0000,99.734320
0,680.0000,106.239947
0,681.0000,99.414311
0,682.0000,101.001386
0,683.0000,95.608001
0,684.0000,113.210548
0,685.0000,111.315938
0,686.0000,102.586628
0,687.0000,104.282560
0,688.0000,103.865565
0,689.0000,111.232144
0,690.0000,108.571757
0,691.0000,89.478062
0,692.0000,95.219643
0,693.0000,112.505736
0,694.0000,105.825367
0,695.0000,105.827146
0,696.0000,108.021517
0,697.0000,115.309319
0,698.0000,98.746085
0,699.0000,96.626830
0,700.0000,104.009627
0,701.0000,94.935899
0,702.0000,104.834381
0,703.0000,97.138233
0,704.0000,100.181670
0,705.0000,96.568781
0,706.0000,92.948260
0,707.0000,102.156545
0,708.0000,96.641085
0,709.0000,91.474710
0,710.0000,112.041069
0,711.0000,104.523811
0,712.0000,92.579575
0,713.0000,96.688306
0,714.0000,100.585719
0,715.0000,99.539423
0,716.0000,100.125409
0,717.0000,115.024907
0,718.0000,90.691957
0,719.0000,102.809770
0,720.0000,97.068916
0,721.0000,101.763569
0,722.0000,107.396961
0,723.0000,95.209813
0,724.0000,97.863108
0,725.0000,100.789181
0,726.0000,103.217616
0,727.0000,98.962492
0,728.0000,101.823458
0,729.0000,113.059248
0,730.0000,101.954105
0,731.0000,98.167877
0,732.0000,102.791949
0,733.0000,100.228042
0,734.0000,106.922206
0,735.0000,110.292213
0,736.0000,108.690677
0,737.0000,106.194197
0,738.0000,94.086536
0,739.0000,89.532518
0,740.0000,99.445600
0,741.0000,97.716398
0,742.0000,98.694142
0,743.0000,94.996620
0,744.0000,95.671690
0,745.0000,105.395081
0,746.0000,100.835861
0,747.0000,104.669563
0,748.0000,102.662411
0,749.0000,93.848317
0,750.0000,105.552162
0,751.0000,108.651209
0,752.0000,101.246682
0,753.0000,97.514741
0,754.0000,105.613895
0,755.0000,104.160303
0,756.0000,115.305073
0,757.0000,105.402167
0,758.0000,99.557240
0,759.0000,89.486283
0,760.0000,106.929215
0,761.0000,109.436062
0,762.0000,102.978641
0,763.0000,102.462358
0,764.0000,106.153340
0,765.0000,101.785652
0,766.0000,111.573393
0,767.0000,103.121943
0,768.0000,105.769686
0,769.0000,115.119816
0,770.0000,103.356773
0,771.0000,110.475487
0,772.0000,98.611609
0,773.0000,102.417763
0,774.0000,103.552102
0,775.0000,107.503376
0,776.0000,113.104213
0,777.0000,107.114965
0,778.0000,106.463909
0,779.0000,114.068432
0,780.0000,106.997686
0,781.0000,113.560474
0,782.0000,110.500663
0,783.0000,113.715458
0,784.0000,117.160192
0,785.0000,116.444664
0,786.0000,137.252664
0,787.0000,135.755334
0,788.0000,145.434565
0,789.0000,149.597974
0,790.0000,164.518732
0,791.0000,162.790883
0,792.0000,191.330012
0,793.0000,194.273278
0,794.0000,197.639340
0,795.0000,187.099410
0,796.0000,191.821500
0,797.0000,192.143478
0,798.0000,182.146417
0,799.0000,171.630150
0,800.0000,155.402627
0,801.0000,156.876745
0,802.0000,138.753639
0,803.0000,134.502630
0,804.0000,131.296116
0,805.0000,124.809439
0,806.0000,125.437589
0,807.0000,118.265217
0,808.0000,110.600992
0,809.0000,112.502544
0,810.0000,111.184779
0,811.0000,111.225497
0,812.0000,108.628091
0,813.0000,111.627914
0,814.0000,110.517207
0,815.0000,115.805616
0,816.0000,117.090391
0,817.0000,110.920731
0,818.0000,114.917673
0,819.0000,113.865299
0,820.0000,103.791224
0,821.0000,96.812952
0,822.0000,102.603546
0,823.0000,113.581693
0,824.0000,107.819834
0,825.0000,115.003422
0,826.0000,94.653868
0,827.0000,113.672636
0,828.0000,103.244401
0,829.0000,110.954845
0,830.0000,101.957593
0,831.0000,102.457598
0,832.0000,94.602590
0,833.0000,99.748296
0,834.0000,103.790565
0,835.0000,95.731869
0,836.0000,111.785702
0,837.0000,109.190963
0,838.0000,98.371751
0,839.0000,100.327030
0,840.0000,102.819484
0,841.0000,95.509564
0,842.0000,110.458174
0,843.0000,103.880097
0,844.0000,103.698622
0,845.0000,92.459161
0,846.0000,101.942092
0,847.0000,100.088056
0,848.0000,92.986047
0,849.0000,103.670746
0,850.0000,103.109943
0,851.0000,105.681676
0,852.0000,106.368717
0,853.0000,104.621971
0,854.0000,104.643225
0,855.0000,102.082195
0,856.0000,99.258465
0,857.0000,108.796495
0,858.0000,104.971827
0,859.0000,102.983921
0,860.0000,94.783233
0,861.0000,107.611630
0,862.0000,98.731950
0,863.0000,99.033743
0,864.0000,102.277658
0,865.0000,111.833380
0,866.0000,97.114791
0,867.0000,98.890381
0,868.0000,112.788604
0,869.0000,100.387219
0,870.0000,100.444491
0,871.0000,94.155299
0,872.0000,104.661196
0,873.0000,96.460718
0,874.0000,98.444475
0,875.0000,107.623645
0,876.0000,100.807035
0,877.0000,98.162579
0,878.0000,97.006854
0,879.0000,104.295207
0,880.0000,102.309583
0,881.0000,94.873691
0,882.0000,100.423843
0,883.0000,103.233641
0,884.0000,88.233557
0,885.0000,108.457243
0,886.0000,96.967643
0,887.0000,110.667781
0,888.0000,95.397359
0,889.0000,98.119396
0,890.0000,97.325267
0,891.0000,106.320453
0,892.0000,100.082498
0,893.0000,89.483660
0,894.0000,100.804589
0,895.0000,98.594882
0,896.0000,108.963137
0,897.0000,96.475796
0,898.0000,94.495563
0,899.0000,102.253863
0,900.0000,106.362468
0,901.0000,96.342008
0,902.0000,93.953714
0,903.0000,102.348794
0,904.0000,111.999771
0,905.0000,97.466174
0,906.0000,106.484404
0,907.0000,114.164815
0,908.0000,93.853856
0,909.0000,108.426947
0,910.0000,108.627504
0,911.0000,101.729650
0,912.0000,105.806436
0,913.0000,101.961104
0,914.0000,94.712142
0,915.0000,109.139104
0,916.0000,96.793210
0,917.0000,106.216633
0,918.0000,111.278225
0,919.0000,108.288977
0,920.0000,107.449266
0,921.0000,106.802046
0,922.0000,98.122933
0,923.0000,104.633672
0,924.0000,111.147885
0,925.0000,99.402072
0,926.0000,112.231354
0,927.0000,102.430032
0,928.0000,101.723947
0,929.0000,104.674601
0,930.0000,107.582151
0,931.0000,98.481760
0,932.0000,99.449831
0,933.0000,105.692346
0,934.0000,93.290709
0,935.0000,100.638638
0,936.0000,89.819960
0,937.0000,106.149164
0,938.0000,106.473031
0,939.0000,109.744410
0,940.0000,91.998838
0,941.0000,111.114391
0,942.0000,95.908525
0,943.0000,98.948964
0,944.0000,99.955464
0,945.0000,112.180017
0,946.0000,92.852435
0,947.0000,101.197944
0,948.0000,103.252651
0,949.0000,110.012075
0,950.0000,108.593639
0,951.0000,111.780821
0,952.0000,116.176025
0,953.0000,93.348044
0,954.0000,108.546406
0,955.0000,113.267913
0,956.0000,98.880367
0,957.0000,117.510254
0,958.0000,99.954132
0,959.0000,105.338018
0,960.0000,102.455754
0,961.0000,108.996309
0,962.0000,109.171852
0,963.0000,110.525341
0,964.0000,104.903669
0,965.0000,99.270280
0,966.0000,107.710667
0,967.0000,107.635935
0,968.0000,121.387096
0,969.0000,89.959321
0,970.0000,115.558662
0,971.0000,109.412488
0,972.0000,114.284133
0,973.0000,123.631695
0,974.0000,112.985230
0,975.0000,116.534566
0,976.0000,115.107471
0,977.0000,131.335562
0,978.0000,124.748207
0,979.0000,117.332938
0,980.0000,125.723352
0,981.0000,122.617637
0,982.0000,133.000719
0,983.0000,132.921228
0,984.0000,132.619514
0,985.0000,119.872708
0,986.0000,152.569919
0,987.0000,143.632212
0,988.0000,137.272481
0,989.0000,160.568288
0,990.0000,164.863778
0,991.0000,187.268712
0,992.0000,200.896350
0,993.0000,241.089878
0,994.0000,269.010889
0,995.0000,307.109050
0,996.0000,370.443481
0,997.0000,465.655822
0,998.0000,595.911387
0,999.0000,794.961855
0,1000.0000,1000.528834
0,1001.0000,1101.434772
0,1002.0000,1006.637423
0,1003.0000,791.054014
0,1004.0000,604.786390
0,1005.0000,470.355111
0,1006.0000,366.692603
0,1007.0000,316.088829
0,1008.0000,265.790276
0,1009.0000,230.647618
0,1010.0000,206.875898
0,1011.0000,198.906350
0,1012.0000,191.002577
0,1013.0000,180.276299
0,1014.0000,173.021278
0,1015.0000,160.309350
0,1016.0000,158.026929
0,1017.0000,151.147051
0,1018.0000,158.771387
0,1019.0000,165.532966
0,1020.0000,159.151403
0,1021.0000,170.397849
0,1022.0000,183.919541
0,1023.0000,186.136431
0,1024.0000,209.038635
0,1025.0000,230.392961
0,1026.0000,242.644787
0,1027.0000,298.870961
0,1028.0000,361.408060
0,1029.0000,433.829124
0,1030.0000,504.926311
0,1031.0000,522.252138
0,1032.0000,494.303365
0,1033.0000,440.469114
0,1034.0000,348.425864
0,1035.0000,294.654338
0,1036.0000,249.213629
0,1037.0000,208.282644
0,1038.0000,182.301010
0,1039.0000,163.165693
0,1040.0000,160.742768
0,1041.0000,150.912942
0,1042.0000,132.564542
0,1043.0000,126.210799
0,1044.0000,138.137224
0,1045.0000,130.322494
0,1046.0000,123.842896
0,1047.0000,114.360557
0,1048.0000,120.449800
0,1049.0000,124.714819
0,1050.0000,115.773482
0,1051.0000,116.980835
0,1052.0000,120.614471
0,1053.0000,108.520887
0,1054.0000,114.906363
0,1055.0000,110.642191
0,1056.0000,118.125078
0,1057.0000,102.759746
0,1058.0000,109.643739
0,1059.0000,112.455845
0,1060.0000,109.156027
0,1061.0000,107.665486
0,1062.0000,121.459470
0,1063.0000,110.290623
0,1064.0000,109.449596
0,1065.0000,103.980956
0,1066.0000,102.134513
0,1067.0000,109.869788
0,1068.0000,115.120504
0,1069.0000,104.637794
0,1070.0000,110.848128
0,1071.0000,108.756977
0,1072.0000,106.360529
0,1073.0000,105.561887
0,1074.0000,114.204747
0,1075.0000,96.596165
0,1076.0000,100.247589
0,1077.0000,108.790579
0,1078.0000,112.437592
0,1079.0000,111.921602
0,1080.0000,109.434284
0,1081.0000,106.597119
0,1082.0000,105.023441
0,1083.0000,107.326917
0,1084.0000,94.398291
0,1085.0000,99.044123
0,1086.0000,106.941162
0,1087.0000,112.615480
0,1088.0000,95.642421
0,1089.0000,95.159797
0,1090.0000,103.702474
0,1091.0000,103.192750
0,1092.0000,92.542750
0,1093.0000,101.437151
0,1094.0000,103.897640
0,1095.0000,102.035424
0,1096.0000,109.526989
0,1097.0000,103.194635
0,1098.0000,94.236278
0,1099.0000,97.751639
0,1100.0000,104.091568
0,1101.0000,95.749914
0,1102.0000,115.534748
0,1103.0000,100.990623
0,1104.0000,103.510384
0,1105.0000,107.782576
0,1106.0000,109.944247
0,1107.0000,97.453084
0,1108.0000,109.984875
0,1109.0000,100.440944
0,1110.0000,113.845717
0,1111.0000,103.982994
0,1112.0000,96.452708
0,1113.0000,99.247782
0,1114.0000,110.540816
0,1115.0000,98.848552
0,1116.0000,97.814752
0,1117.0000,115.585504
0,1118.0000,118.083884
0,1119.0000,105.671660
0,1120.0000,104.580357
0,1121.0000,104.341029
0,1122.0000,105.244367
0,1123.0000,104.070610
0,1124.0000,97.943285
0,1125.0000,112.005978
0,1126.0000,109.199775
0,1127.0000,97.291987
0,1128.0000,108.858829
0,1129.0000,103.396097
0,1130.0000,110.840398
0,1131.0000,106.678516
0,1132.0000,103.003567
0,1133.0000,106.545764
0,1134.0000,109.220157
0,1135.0000,116.286860
0,1136.0000,110.049767
0,1137.0000,114.838022
0,1138.0000,117.659997
0,1139.0000,108.555466
0,1140.0000,98.595738
0,1141.0000,120.482182
0,1142.0000,116.690500
0,1143.0000,114.606469
0,1144.0000,121.569301
0,1145.0000,125.476351
0,1146.0000,126.540890
0,1147.0000,133.037970
0,1148.0000,147.709593
0,1149.0000,157.719176
0,1150.0000,170.841757
0,1151.0000,190.886582
0,1152.0000,205.345652
0,1153.0000,219.993063
0,1154.0000,236.156446
0,1155.0000,243.031347
0,1156.0000,229.518955
0,1157.0000,227.279532
0,1158.0000,199.061025
0,1159.0000,193.319707
0,1160.0000,176.929661
0,1161.0000,165.549426
0,1162.0000,154.772248
0,1163.0000,140.534684
0,1164.0000,140.029042
0,1165.0000,140.175201
0,1166.0000,122.601566
0,1167.0000,127.592222
0,1168.0000,129.212582
0,1169.0000,124.686908
0,1170.0000,131.344837
0,1171.0000,136.458603
0,1172.0000,131.226765
0,1173.0000,130.258963
0,1174.0000,138.618186
0,1175.0000,142.546856
0,1176.0000,140.430490
0,1177.0000,149.427501
0,1178.0000,166.210718
0,1179.0000,165.205456
0,1180.0000,181.680633
0,1181.0000,214.709858
0,1182.0000,219.113869
0,1183.0000,217.493359
0,1184.0000,218.115108
0,1185.0000,192.419294
0,1186.0000,182.978550
0,1187.0000,160.859250
0,1188.0000,147.383127
0,1189.0000,136.894035
0,1190.0000,144.230428
0,1191.0000,133.297579
0,1192.0000,125.155860
0,1193.0000,127.735654
0,1194.0000,118.341263
0,1195.0000,114.340881
0,1196.0000,113.602235
0,1197.0000,111.362504
0,1198.0000,125.074111
0,1199.0000,102.774300
0,1200.0000,117.918145
0,1201.0000,105.314088
0,1202.0000,119.027028
0,1203.0000,112.395849
0,1204.0000,102.344763
0,1205.0000,112.220306
0,1206.0000,104.936489
0,1207.0000,101.124965
0,1208.0000,103.933936
0,1209.0000,104.544373
0,1210.0000,108.473036
0,1211.0000,94.743297
0,1212.0000,118.161849
0,1213.0000,101.612014
0,1214.0000,100.352597
0,1215.0000,103.982456
0,1216.0000,102.454088
0,1217.0000,92.367529
0,1218.0000,109.877993
0,1219.0000,101.415189
0,1220.0000,105.720303
0,1221.0000,99.341650
0,1222.0000,95.622207
0,1223.0000,108.569397
0,1224.0000,105.793236
0,1225.0000,105.500307
0,1226.0000,98.579905
0,1227.0000,99.260268
0,1228.0000,93.235869
0,1229.0000,101.701692
0,1230.0000,103.246314
0,1231.0000,105.876270
0,1232.0000,108.932256
0,1233.0000,99.882564
0,1234.0000,105.339853
0,1235.0000,104.501882
0,1236.0000,105.742951
0,1237.0000,99.722522
0,1238.0000,101.014696
0,1239.0000,103.493412
0,1240.0000,108.562629
0,1241.0000,100.055678
0,1242.0000,107.653347
0,1243.0000,96.388038
0,1244.0000,90.016386
0,1245.0000,106.912160
0,1246.0000,104.944007
0,1247.0000,104.900989
0,1248.0000,83.807205
0,1249.0000,104.839397
0,1250.0000,101.700614
0,1251.0000,91.042561
0,1252.0000,99.814326
0,1253.0000,109.345114
0,1254.0000,106.054042
0,1255.0000,96.319265
0,1256.0000,106.693461
0,1257.0000,102.159346
0,1258.0000,94.177690
0,1259.0000,98.902027
0,1260.0000,103.311135
0,1261.0000,97.830481
0,1262.0000,98.423534
0,1263.0000,97.728990
0,1264.0000,115.903692
0,1265.0000,95.144464
0,1266.0000,98.171289
0,1267.0000,106.581961
0,1268.0000,91.529645
0,1269.0000,102.790124
0,1270.0000,101.761492
0,1271.0000,98.903452
0,1272.0000,102.596640
0,1273.0000,98.162389
0,1274.0000,99.266028
0,1275.0000,97.233001
0,1276.0000,92.285269
0,1277.0000,97.464650
0,1278.0000,105.791031
0,1279.0000,96.581491
0,1280.0000,107.052254
0,1281.0000,107.734688
0,1282.0000,101.590692
0,1283.0000,97.707949
0,1284.0000,107.765902
0,1285.0000,105.576209
0,1286.0000,94.373414
0,1287.0000,95.695443
0,1288.0000,103.639907
0,1289.0000,106.336156
0,1290.0000,106.118254
0,1291.0000,107.875424
0,1292.0000,93.455915
0,1293.0000,97.196613
0,1294.0000,85.657185
0,1295.0000,102.579266
0,1296.0000,100.229884
0,1297.0000,99.211767
0,1298.0000,102.339666
0,1299.0000,99.920348
0,1300.0000,104.510768
0,1301.0000,103.932283
0,1302.0000,99.333151
0,1303.0000,105.978665
0,1304.0000,105.622124
0,1305.0000,96.833947
0,1306.0000,99.920146
0,1307.0000,102.868184
0,1308.0000,107.100608
0,1309.0000,105.559073
0,1310.0000,90.224409
0,1311.0000,92.305147
0,1312.0000,96.938606
0,1313.0000,98.052406
0,1314.0000,100.888153
0,1315.0000,102.185123
0,1316.0000,98.810414
0,1317.0000,104.724551
0,1318.0000,96.169839
0,1319.0000,97.170397
0,1320.0000,107.332222
0,1321.0000,109.794340
0,1322.0000,103.679016
0,1323.0000,105.131029
0,1324.0000,107.497300
0,1325.0000,105.295393
0,1326.0000,103.387710
0,1327.0000,107.515482
0,1328.0000,93.363080
0,1329.0000,94.748914
0,1330.0000,98.399827
0,1331.0000,99.932205
0,1332.0000,101.888112
0,1333.0000,101.731395
0,1334.0000,106.743941
0,1335.0000,107.545918
0,1336.0000,95.453640
0,1337.0000,95.325966
0,1338.0000,99.199122
0,1339.0000,91.486075
0,1340.0000,105.856864
0,1341.0000,92.285975
0,1342.0000,109.561100
0,1343.0000,99.325217
0,1344.0000,97.354951
0,1345.0000,98.302668
0,1346.0000,100.920700
0,1347.0000,98.971263
0,1348.0000,99.866936
0,1349.0000,106.899348
0,1350.0000,98.667848
0,1351.0000,85.395146
0,1352.0000,93.092197
0,1353.0000,108.203403
0,1354.0000,95.395490
0,1355.0000,105.476242
0,1356.0000,95.388088
0,1357.0000,98.991938
0,1358.0000,100.572053
0,1359.0000,104.619756
0,1360.0000,106.108012
0,1361.0000,114.423802
0,1362.0000,104.792227
0,1363.0000,104.972517
0,1364.0000,102.677033
0,1365.0000,106.498974
0,1366.0000,92.629239
0,1367.0000,114.192158
0,1368.0000,98.215547
0,1369.0000,99.297345
0,1370.0000,112.500838
0,1371.0000,101.391802
0,1372.0000,105.763787
0,1373.0000,105.146542
0,1374.0000,99.478288
0,1375.0000,96.954874
0,1376.0000,101.294875
0,1377.0000,102.095014
0,1378.0000,105.718644
0,1379.0000,103.452312
0,1380.0000,103.022838
0,1381.0000,97.318434
0,1382.0000,103.735914
0,1383.0000,111.324427
0,1384.0000,100.697740
0,1385.0000,108.841256
0,1386.0000,102.893462
0,1387.0000,108.754728
0,1388.0000,94.955126
0,1389.0000,98.168696
0,1390.0000,104.835112
0,1391.0000,101.572673
0,1392.0000,93.987996
0,1393.0000,102.949023
0,1394.0000,105.168449
0,1395.0000,103.757887
0,1396.0000,89.936466
0,1397.0000,104.308303
0,1398.0000,103.510432
0,1399.0000,99.533416
0,1400.0000,98.290741
0,1401.0000,108.592476
0,1402.0000,106.329622
0,1403.0000,108.125949
0,1404.0000,112.004861
0,1405.0000,108.806111
0,1406.0000,105.322279
0,1407.0000,102.941240
0,1408.0000,110.884859
0,1409.0000,103.705890
0,1410.0000,114.732610
0,1411.0000,108.587053
0,1412.0000,120.419192
0,1413.0000,111.554804
0,1414.0000,115.857450
0,1415.0000,106.967060
0,1416.0000,111.042879
0,1417.0000,119.402583
0,1418.0000,114.005349
0,1419.0000,127.291753
0,1420.0000,112.840342
0,1421.0000,107.174979
0,1422.0000,113.594366
0,1423.0000,114.848094
0,1424.0000,122.495168
0,1425.0000,118.202095
0,1426.0000,121.740281
0,1427.0000,114.774702
0,1428.0000,132.597921
0,1429.0000,120.857152
0,1430.0000,115.203859
0,1431.0000,116.897399
0,1432.0000,130.187806
0,1433.0000,138.154530
0,1434.0000,135.140684
0,1435.0000,148.711238
0,1436.0000,134.935677
0,1437.0000,150.130402
0,1438.0000,161.077192
0,1439.0000,164.087156
0,1440.0000,160.924125
0,1441.0000,183.618584
0,1442.0000,209.553987
0,1443.0000,208.790807
0,1444.0000,223.138967
0,1445.0000,244.647272
0,1446.0000,265.189620
0,1447.0000,299.023042
0,1448.0000,301.377867
0,1449.0000,306.460542
0,1450.0000,324.048372
0,1451.0000,313.501025
0,1452.0000,301.563509
0,1453.0000,285.811836
0,1454.0000,265.606428
0,1455.0000,239.221642
0,1456.0000,228.862118
0,1457.0000,209.330727
0,1458.0000,192.674442
0,1459.0000,183.712149
0,1460.0000,163.201382
0,1461.0000,165.196879
0,1462.0000,170.102450
0,1463.0000,160.764993
0,1464.0000,147.279672
0,1465.0000,139.814250
0,1466.0000,146.846722
0,1467.0000,137.908700
0,1468.0000,125.071751
0,1469.0000,141.723035
0,1470.0000,118.761024
0,1471.0000,118.307362
0,1472.0000,123.507879
0,1473.0000,107.563290
0,1474.0000,122.304968
0,1475.0000,111.420052
0,1476.0000,107.386002
0,1477.0000,115.145959
0,1478.0000,109.755259
0,1479.0000,108.880458
0,1480.0000,108.338377
0,1481.0000,104.935241
0,1482.0000,113.174767
0,1483.0000,112.453810
0,1484.0000,108.688615
0,1485.0000,103.183788
0,1486.0000,113.228245
0,1487.0000,105.362503
0,1488.0000,104.490498
0,1489.0000,117.328593
0,1490.0000,105.211812
0,1491.0000,114.147653
0,1492.0000,111.143363
0,1493.0000,98.239865
0,1494.0000,94.341712
0,1495.0000,98.239989
0,1496.0000,109.079757
0,1497.0000,115.438551
0,1498.0000,106.037850
0,1499.0000,107.697586
0,1500.0000,109.741876
0,1501.0000,105.486835
0,1502.0000,96.446939
0,1503.0000,110.268716
0,1504.0000,100.633939
0,1505.0000,94.561359
0,1506.0000,111.584891
0,1507.0000,102.366046
0,1508.0000,105.579584
0,1509.0000,114.790826
0,1510.0000,107.283928
0,1511.0000,100.326459
0,1512.0000,109.800153
0,1513.0000,109.279936
0,1514.0000,95.631658
0,1515.0000,103.443842
0,1516.0000,106.847255
0,1517.0000,108.442229
0,1518.0000,99.098961
0,1519.0000,111.295015
0,1520.0000,113.300866
0,1521.0000,107.984367
0,1522.0000,95.631748
0,1523.0000,95.260298
0,1524.0000,105.877468
0,1525.0000,99.794881
0,1526.0000,118.467943
0,1527.0000,93.000835
0,1528.0000,104.716803
0,1529.0000,102.844516
0,1530.0000,110.175873
0,1531.0000,98.748312
0,1532.0000,114.432329
0,1533.0000,98.818551
0,1534.0000,96.576992
0,1535.0000,102.900214
0,1536.0000,96.578680
0,1537.0000,100.433200
0,1538.0000,96.986926
0,1539.0000,95.901153
0,1540.0000,115.943535
0,1541.0000,96.251810
0,1542.0000,99.661572
0,1543.0000,118.156900
0,1544.0000,104.180156
0,1545.0000,103.264810
0,1546.0000,97.814251
0,1547.0000,117.230915
0,1548.0000,116.446120
0,1549.0000,107.104706
0,1550.0000,107.929403
0,1551.0000,102.103658
0,1552.0000,113.577046
0,1553.0000,116.546391
0,1554.0000,115.865102
0,1555.0000,109.538918
0,1556.0000,110.607442
0,1557.0000,100.395833
0,1558.0000,110.366046
0,1559.0000,125.996427
0,1560.0000,103.390109
0,1561.0000,112.729772
0,1562.0000,129.281977
0,1563.0000,123.132719
0,1564.0000,123.706820
0,1565.0000,120.351966
0,1566.0000,130.045685
0,1567.0000,120.889896
0,1568.0000,129.929017
0,1569.0000,131.850786
0,1570.0000,124.494523
0,1571.0000,146.553544
0,1572.0000,152.964836
0,1573.0000,145.239617
0,1574.0000,150.304814
0,1575.0000,165.514981
0,1576.0000,184.596562
0,1577.0000,195.884188
0,1578.0000,227.180154
0,1579.0000,243.310234
0,1580.0000,277.506314
0,1581.0000,294.556318
0,1582.0000,320.147566
0,1583.0000,335.937677
0,1584.0000,326.493339
0,1585.0000,305.031595
0,1586.0000,276.879004
0,1587.0000,278.687590
0,1588.0000,242.926843
0,1589.0000,234.268428
0,1590.0000,229.356989
0,1591.0000,224.198802
0,1592.0000,234.281262
0,1593.0000,245.704131
0,1594.0000,252.248431
0,1595.0000,282.374125
0,1596.0000,304.225454
0,1597.0000,370.761014
0,1598.0000,436.852952
0,1599.0000,513.099239
0,1600.0000,602.598019
0,1601.0000,686.828174
0,1602.0000,741.251265
0,1603.0000,686.191007
0,1604.0000,602.269813
0,1605.0000,497.818051
0,1606.0000,425.548227
0,1607.0000,360.192941
0,1608.0000,292.792272
0,1609.0000,262.089230
0,1610.0000,226.667354
0,1611.0000,210.334396
0,1612.0000,194.986023
0,1613.0000,173.798208
0,1614.0000,168.628067
0,1615.0000,154.779017
0,1616.0000,143.807826
0,1617.0000,147.799839
0,1618.0000,140.649201
0,1619.0000,130.863441
0,1620.0000,131.465202
0,1621.0000,133.249951
0,1622.0000,126.907798
0,1623.0000,126.099275
0,1624.0000,127.290261
0,1625.0000,123.094956
0,1626.0000,125.366802
0,1627.0000,112.367877
0,1628.0000,111.748897
0,1629.0000,122.506339
0,1630.0000,125.100871
0,1631.0000,121.785165
0,1632.0000,99.288735
0,1633.0000,115.173525
0,1634.0000,105.867980
0,1635.0000,117.099736
0,1636.0000,118.272392
0,1637.0000,117.168389
0,1638.0000,113.576659
0,1639.0000,108.839562
0,1640.0000,107.799947
0,1641.0000,115.091655
0,1642.0000,115.823942
0,1643.0000,109.546632
0,1644.0000,103.345155
0,1645.0000,105.165232
0,1646.0000,108.407433
0,1647.0000,108.954814
0,1648.0000,107.099278
0,1649.0000,102.662763
0,1650.0000,102.816675
0,1651.0000,104.768476
0,1652.0000,106.185242
0,1653.0000,110.767892
0,1654.0000,112.131672
0,1655.0000,97.208204
0,1656.0000,107.758896
0,1657.0000,107.117421
0,1658.0000,105.320254
0,1659.0000,98.484741
0,1660.0000,96.434795
0,1661.0000,108.051340
0,1662.0000,109.384310
0,1663.0000,102.087782
0,1664.0000,101.536390
0,1665.0000,107.771057
0,1666.0000,104.927515
0,1667.0000,100.976112
0,1668.0000,112.814329
0,1669.0000,100.714287
0,1670.0000,93.615938
0,1671.0000,101.007188
0,1672.0000,103.851759
0,1673.0000,98.443585
0,1674.0000,106.031997
0,1675.0000,104.936293
0,1676.0000,99.985220
0,1677.0000,118.489113
0,1678.0000,102.912597
0,1679.0000,111.867223
0,1680.0000,104.847896
0,1681.0000,100.002961
0,1682.0000,103.070574
0,1683.0000,103.588651
0,1684.0000,110.371864
0,1685.0000,96.409249
0,1686.0000,106.737976
0,1687.0000,108.199003
0,1688.0000,108.952232
0,1689.0000,104.982215
0,1690.0000,102.218501
0,1691.0000,100.657134
0,1692.0000,107.971983
0,1693.0000,96.761516
0,1694.0000,93.021025
0,1695.0000,107.884742
0,1696.0000,92.786354
0,1697.0000,115.310108
0,1698.0000,97.293380
0,1699.0000,100.977591
0,1700.0000,102.513943
0,1701.0000,103.539006
0,1702.0000,102.512641
0,1703.0000,98.586721
0,1704.0000,102.178798
0,1705.0000,101.355839
0,1706.0000,106.324140
0,1707.0000,108.002181
0,1708.0000,95.797137
0,1709.0000,96.347723
0,1710.0000,110.465399
0,1711.0000,102.711123
0,1712.0000,97.517175
0,1713.0000,109.345257
0,1714.0000,109.046208
0,1715.0000,104.516166
0,1716.0000,95.547023
0,1717.0000,105.141300
0,1718.0000,102.669387
0,1719.0000,96.010776
0,1720.0000,101.709356
0,1721.0000,93.251458
0,1722.0000,86.627903
0,1723.0000,84.989366
0,1724.0000,102.485450
0,1725.0000,111.798309
0,1726.0000,105.084991
0,1727.0000,93.603113
0,1728.0000,91.499141
0,1729.0000,93.849378
0,1730.0000,103.873739
0,1731.0000,106.360075
0,1732.0000,102.636433
0,1733.0000,99.936160
0,1734.0000,99.374033
0,1735.0000,96.844056
0,1736.0000,95.250095
0,1737.0000,102.068542
0,1738.0000,101.726699
0,1739.0000,101.793723
0,1740.0000,92.229463
0,1741.0000,100.651184
0,1742.0000,99.035575
0,1743.0000,94.779630
0,1744.0000,108.990327
0,1745.0000,93.954676
0,1746.0000,94.233665
0,1747.0000,105.345806
0,1748.0000,92.919051
0,1749.0000,100.104081
0,1750.0000,99.250689
0,1751.0000,103.012711
0,1752.0000,95.884191
0,1753.0000,101.391431
0,1754.0000,92.354870
0,1755.0000,106.122292
0,1756.0000,100.984703
0,1757.0000,103.714940
0,1758.0000,106.997498
0,1759.0000,99.247249
0,1760.0000,98.576608
0,1761.0000,98.942138
0,1762.0000,103.536255
0,1763.0000,91.817690
0,1764.0000,96.878261
0,1765.0000,96.752408
0,1766.0000,91.811175
0,1767.0000,103.507487
0,1768.0000,89.509380
0,1769.0000,103.173100
0,1770.0000,98.241703
0,1771.0000,94.717597
0,1772.0000,111.451748
0,1773.0000,97.064348
0,1774.0000,112.214596
0,1775.0000,109.832788
0,1776.0000,115.160517
0,1777.0000,99.542350
0,1778.0000,110.141691
0,1779.0000,94.827523
0,1780.0000,118.400908
0,1781.0000,104.117910
0,1782.0000,95.584344
0,1783.0000,90.492686
0,1784.0000,106.844824
0,1785.0000,98.874652
0,1786.0000,95.938104
0,1787.0000,92.397577
0,1788.0000,113.263432
0,1789.0000,100.524980
0,1790.0000,93.014893
0,1791.0000,96.914239
0,1792.0000,112.511904
0,1793.0000,100.898977
0,1794.0000,106.637212
0,1795.0000,99.832376
0,1796.0000,111.721601
0,1797.0000,100.038074
0,1798.0000,109.283898
0,1799.0000,95.755496
0,1800.0000,108.690098
0,1801.0000,86.730466
0,1802.0000,90.763166
0,1803.0000,109.897206
0,1804.0000,107.569087
0,1805.0000,104.111634
0,1806.0000,103.353350
0,1807.0000,95.346201
0,1808.0000,95.075506
0,1809.0000,105.209925
0,1810.0000,100.588201
0,1811.0000,93.803202
0,1812.0000,101.566452
0,1813.0000,93.509238
0,1814.0000,105.175936
0,1815.0000,97.208554
0,1816.0000,94.197910
0,1817.0000,102.299420
0,1818.0000,98.383028
0,1819.0000,101.429009
0,1820.0000,106.356065
0,1821.0000,108.519335
0,1822.0000,95.674071
0,1823.0000,94.777512
0,1824.0000,102.480949
0,1825.0000,94.450541
0,1826.0000,97.709870
0,1827.0000,95.171880
0,1828.0000,98.561991
0,1829.0000,100.027405
0,1830.0000,95.246498
0,1831.0000,112.203754
0,1832.0000,90.662287
0,1833.0000,101.632237
0,1834.0000,103.477559
0,1835.0000,93.055237
0,1836.0000,88.608030
0,1837.0000,100.508854
0,1838.0000,100.704217
0,1839.0000,104.228399
0,1840.0000,101.608390
0,1841.0000,102.806229
0,1842.0000,113.444183
0,1843.0000,97.181242
0,1844.0000,103.007885
0,1845.0000,94.221027
0,1846.0000,93.484176
0,1847.0000,98.732748
0,1848.0000,94.431044
0,1849.0000,100.349556
0,1850.0000,87.199488
0,1851.0000,101.977138
0,1852.0000,97.326956
0,1853.0000,98.231589
0,1854.0000,100.053042
0,1855.0000,106.538742
0,1856.0000,105.874663
0,1857.0000,90.496097
0,1858.0000,104.204673
0,1859.0000,105.126213
0,1860.0000,100.224113
0,1861.0000,87.365026
0,1862.0000,98.304449
0,1863.0000,98.997883
0,1864.0000,93.030796
0,1865.0000,106.016086
0,1866.0000,101.505480
0,1867.0000,100.063662
0,1868.0000,112.607366
0,1869.0000,105.196531
0,1870.0000,103.234454
0,1871.0000,104.343993
0,1872.0000,104.844986
0,1873.0000,99.867757
0,1874.0000,102.206254
0,1875.0000,99.417325
0,1876.0000,106.794745
0,1877.0000,102.884735
0,1878.0000,96.539016
0,1879.0000,85.274034
0,1880.0000,107.328600
0,1881.0000,101.651428
0,1882.0000,86.853889
0,1883.0000,110.385433
0,1884.0000,103.654779
0,1885.0000,101.178449
0,1886.0000,100.575985
0,1887.0000,98.226190
0,1888.0000,96.062824
0,1889.0000,104.643776
0,1890.0000,108.402335
0,1891.0000,108.207982
0,1892.0000,90.049910
0,1893.0000,99.986954
0,1894.0000,106.423114
0,1895.0000,89.903533
0,1896.0000,91.738892
0,1897.0000,91.313122
0,1898.0000,97.233585
0,1899.0000,102.818913
0,1900.0000,103.387368
0,1901.0000,98.187912
0,1902.0000,94.569570
0,1903.0000,105.688750
0,1904.0000,99.875216
0,1905.0000,97.920582
0,1906.0000,101.613930
0,1907.0000,106.816334
0,1908.0000,93.503814
0,1909.0000,97.830953
0,1910.0000,94.563311
0,1911.0000,100.110533
0,1912.0000,88.150688
0,1913.0000,89.410392
0,1914.0000,92.200570
0,1915.0000,105.238059
0,1916.0000,95.926003
0,1917.0000,105.407482
0,1918.0000,83.429794
0,1919.0000,106.692122
0,1920.0000,95.768354
0,1921.0000,101.741116
0,1922.0000,92.286880
0,1923.0000,96.286712
0,1924.0000,101.670949
0,1925.0000,100.769539
0,1926.0000,92.295750
0,1927.0000,106.633684
0,1928.0000,109.541245
0,1929.0000,100.517178
0,1930.0000,94.204086
0,1931.0000,94.752163
0,1932.0000,96.865977
0,1933.0000,101.958040
0,1934.0000,98.674431
0,1935.0000,118.649493
0,1936.0000,100.640553
0,1937.0000,91.655884
0,1938.0000,99.868474
0,1939.0000,110.268402
0,1940.0000,105.649079
0,1941.0000,97.431552
0,1942.0000,101.434289
0,1943.0000,101.921152
0,1944.0000,91.169309
0,1945.0000,100.421360
0,1946.0000,98.858112
0,1947.0000,98.617155
0,1948.0000,103.157282
0,1949.0000,94.550258
0,1950.0000,101.258430
0,1951.0000,103.343523
0,1952.0000,98.562717
0,1953.0000,89.857058
0,1954.0000,105.139267
0,1955.0000,85.749595
0,1956.0000,82.724603
0,1957.0000,110.669931
0,1958.0000,92.524004
0,1959.0000,113.078695
0,1960.0000,102.192570
0,1961.0000,103.236294
0,1962.0000,109.962018
0,1963.0000,91.300420
0,1964.0000,106.159088
0,1965.0000,98.024359
0,1966.0000,81.608869
0,1967.0000,101.076298
0,1968.0000,102.600584
0,1969.0000,103.142064
0,1970.0000,107.788252
0,1971.0000,109.799084
0,1972.0000,106.160762
0,1973.0000,91.559815
0,1974.0000,103.674432
0,1975.0000,91.034961
0,1976.0000,97.549255
0,1977.0000,101.178745
0,1978.0000,104.551590
0,1979.0000,96.740997
0,1980.0000,102.257738
0,1981.0000,99.885126
0,1982.0000,96.173676
0,1983.0000,106.053187
0,1984.0000,110.065857
0,1985.0000,91.734579
0,1986.0000,99.241851
0,1987.0000,101.208068
0,1988.0000,107.538800
0,1989.0000,102.628490
0,1990.0000,106.994282
0,1991.0000,92.983988
0,1992.0000,103.617608
0,1993.0000,95.480967
0,1994.0000,96.365324
0,1995.0000,111.192848
0,1996.0000,105.818196
0,1997.0000,107.279524
0,1998.0000,91.247083
0,1999.0000,95.026136
0,2000.0000,110.921947
1,200.0000,123.083078
1,201.0000,137.285522
1,202.0000,130.802436
1,203.0000,128.625983
1,204.0000,114.903165
1,205.0000,125.847001
1,206.0000,115.359918
1,207.0000,124.957366
1,208.0000,136.630194
1,209.0000,121.714370
1,210.0000,130.688255
1,211.0000,119.618315
1,212.0000,124.055654
1,213.0000,126.625108
1,214.0000,122.661549
1,215.0000,128.683413
1,216.0000,128.610214
1,217.0000,125.917349
1,218.0000,127.879220
1,219.0000,123.863562
1,220.0000,121.710297
1,221.0000,122.859241
1,222.0000,133.598590
1,223.0000,129.345832
1,224.0000,128.894191
1,225.0000,125.671512
1,226.0000,129.587564
1,227.0000,118.292022
1,228.0000,120.253095
1,229.0000,122.276012
1,230.0000,119.429491
1,231.0000,123.095768
1,232.0000,126.388551
1,233.0000,127.456187
1,234.0000,117.884387
1,235.0000,134.063034
1,236.0000,114.936546
1,237.0000,124.374621
1,238.0000,125.740541
1,239.0000,120.329892
1,240.0000,128.774649
1,241.0000,125.382756
1,242.0000,127.590371
1,243.0000,118.241186
1,244.0000,122.365517
1,245.0000,122.937381
1,246.0000,133.397895
1,247.0000,127.917052
1,248.0000,120.426618
1,249.0000,126.229647
1,250.0000,131.021398
1,251.0000,126.682901
1,252.0000,116.797326
1,253.0000,114.067045
1,254.0000,116.140080
1,255.0000,129.508394
1,256.0000,119.364989
1,257.0000,123.973354
1,258.0000,114.149040
1,259.0000,123.553881
1,260.0000,128.276848
1,261.0000,129.328515
1,262.0000,130.047984
1,263.0000,120.540019
1,264.0000,125.709827
1,265.0000,114.084119
1,266.0000,126.138759
1,267.0000,127.332192
1,268.0000,119.689686
1,269.0000,128.390842
1,270.0000,140.738573
1,271.0000,119.723983
1,272.0000,122.764668
1,273.0000,124.302003
1,274.0000,127.650540
1,275.0000,125.335489
1,276.0000,116.869589
1,277.0000,138.767561
1,278.0000,119.695598
1,279.0000,134.657097
1,280.0000,121.054999
1,281.0000,134.661511
1,282.0000,126.037293
1,283.0000,121.506137
1,284.0000,126.574078
1,285.0000,130.910118
1,286.0000,125.038180
1,287.0000,127.344945
1,288.0000,122.746192
1,289.0000,134.308468
1,290.0000,115.418028
1,291.0000,128.550961
1,292.0000,130.701018
1,293.0000,122.221710
1,294.0000,133.221331
1,295.0000,121.715390
1,296.0000,122.422675
1,297.0000,123.470217
1,298.0000,123.388355
1,299.0000,126.216802
1,300.0000,115.679457
1,301.0000,133.827955
1,302.0000,123.051052
1,303.0000,112.419572
1,304.0000,139.165487
1,305.0000,125.168926
1,306.0000,118.041045
1,307.0000,122.296013
1,308.0000,127.275169
1,309.0000,131.330130
1,310.0000,127.896057
1,311.0000,115.743813
1,312.0000,128.216881
1,313.0000,114.966131
1,314.0000,126.341171
1,315.0000,127.960679
1,316.0000,128.307930
1,317.0000,134.099097
1,318.0000,126.638551
1,319.0000,129.169628
1,320.0000,123.288737
1,321.0000,123.932666
1,322.0000,121.846116
1,323.0000,135.356596
1,324.0000,118.209248
1,325.0000,124.999869
1,326.0000,125.244087
1,327.0000,116.924665
1,328.0000,123.012342
1,329.0000,127.000636
1,330.0000,123.692353
1,331.0000,129.231820
1,332.0000,119.954745
1,333.0000,116.698831
1,334.0000,130.275748
1,335.0000,139.488282
1,336.0000,117.090112
1,337.0000,118.805987
1,338.0000,126.510265
1,339.0000,133.321408
1,340.0000,135.157921
1,341.0000,120.377557
1,342.0000,117.502293
1,343.0000,122.588373
1,344.0000,132.622504
1,345.0000,127.234657
1,346.0000,123.536865
1,347.0000,129.900601
1,348.0000,120.350998
1,349.0000,129.297764
1,350.0000,115.039121
1,351.0000,125.782489
1,352.0000,121.013789
1,353.0000,120.974160
1,354.0000,125.476261
1,355.0000,130.106211
1,356.0000,129.672242
1,357.0000,116.998388
1,358.0000,132.666830
1,359.0000,130.653721
1,360.0000,131.457391
1,361.0000,121.100054
1,362.0000,133.762474
1,363.0000,121.762157
1,364.0000,127.345608
1,365.0000,122.988716
1,366.0000,126.341799
1,367.0000,129.883374
1,368.0000,125.775235
1,369.0000,120.426749
1,370.0000,125.074271
1,371.0000,125.259970
1,372.0000,121.565767
1,373.0000,121.884665
1,374.0000,121.799944
1,375.0000,122.894565
1,376.0000,121.176251
1,377.0000,141.530328
1,378.0000,110.853285
1,379.0000,123.518131
1,380.0000,122.452027
1,381.0000,123.050168
1,382.0000,127.061756
1,383.0000,129.105979
1,384.0000,124.283895
1,385.0000,131.444977
1,386.0000,119.270407
1,387.0000,124.829994
1,388.0000,120.079352
1,389.0000,122.620327
1,390.0000,124.928231
1,391.0000,140.233424
1,392.0000,124.146885
1,393.0000,120.680382
1,394.0000,115.342021
1,395.0000,134.465612
1,396.0000,129.520074
1,397.0000,120.156451
1,398.0000,126.966758
1,399.0000,141.032058
1,400.0000,124.541423
1,401.0000,127.914424
1,402.0000,126.347935
1,403.0000,108.644022
1,404.0000,139.290250
1,405.0000,130.382251
1,406.0000,127.828885
1,407.0000,114.747259
1,408.0000,119.829089
1,409.0000,129.798238
1,410.0000,134.244737
1,411.0000,125.154969
1,412.0000,129.628764
1,413.0000,126.357973
1,414.0000,120.608119
1,415.0000,124.180858
1,416.0000,125.677192
1,417.0000,124.851620
1,418.0000,120.243700
1,419.0000,125.206537
1,420.0000,123.348469
1,421.0000,132.364398
1,422.0000,132.251969
1,423.0000,124.236945
1,424.0000,131.796070
1,425.0000,120.963913
1,426.0000,124.928635
1,427.0000,132.695652
1,428.0000,112.766533
1,429.0000,137.596846
1,430.0000,129.172030
1,431.0000,121.731667
1,432.0000,128.000312
1,433.0000,124.654828
1,434.0000,125.813348
1,435.0000,116.959668
1,436.0000,137.090475
1,437.0000,136.526616
1,438.0000,121.316389
1,439.0000,120.256979
1,440.0000,126.975914
1,441.0000,125.809209
1,442.0000,129.644633
1,443.0000,120.477999
1,444.0000,136.569295
1,445.0000,125.376741
1,446.0000,125.630966
1,447.0000,109.154889
1,448.0000,124.273618
1,449.0000,124.742830
1,450.0000,119.019370
1,451.0000,118.927012
1,452.0000,119.659868
1,453.0000,124.121005
1,454.0000,135.894870
1,455.0000,112.938568
1,456.0000,124.349494
1,457.0000,132.228153
1,458.0000,102.784357
1,459.0000,117.323948
1,460.0000,124.294943
1,461.0000,134.002757
1,462.0000,121.455176
1,463.0000,126.059171
1,464.0000,117.813279
1,465.0000,123.117111
1,466.0000,121.289555
1,467.0000,121.366678
1,468.0000,125.934727
1,469.0000,110.418381
1,470.0000,121.641014
1,471.0000,131.692776
1,472.0000,120.343466
1,473.0000,127.334017
1,474.0000,121.986899
1,475.0000,118.494342
1,476.0000,119.513939
1,477.0000,117.633162
1,478.0000,120.046178
1,479.0000,126.237566
1,480.0000,127.733579
1,481.0000,134.276988
1,482.0000,129.239957
1,483.0000,124.513724
1,484.0000,132.912587
1,485.0000,128.583310
1,486.0000,127.824509
1,487.0000,109.046581
1,488.0000,119.787705
1,489.0000,129.405946
1,490.0000,125.082925
1,491.0000,126.054350
1,492.0000,112.800633
1,493.0000,127.726391
1,494.0000,122.117247
1,495.0000,133.876375
1,496.0000,138.249464
1,497.0000,126.067844
1,498.0000,120.360412
1,499.0000,123.582458
1,500.0000,125.397904
1,501.0000,126.674503
1,502.0000,115.487787
1,503.0000,123.431726
1,504.0000,133.165132
1,505.0000,122.843553
1,506.0000,124.706324
1,507.0000,128.955248
1,508.0000,126.759506
1,509.0000,123.685576
1,510.0000,126.033606
1,511.0000,127.705967
1,512.0000,122.448676
1,513.0000,136.232625
1,514.0000,123.789294
1,515.0000,116.869470
1,516.0000,124.265483
1,517.0000,117.431032
1,518.0000,124.846744
1,519.0000,135.634790
1,520.0000,116.092178
1,521.0000,122.629081
1,522.0000,121.547770
1,523.0000,128.216429
1,524.0000,124.882467
1,525.0000,119.410111
1,526.0000,123.854958
1,527.0000,121.931981
1,528.0000,126.091843
1,529.0000,134.505498
1,530.0000,127.071388
1,531.0000,131.581193
1,532.0000,133.364502
1,533.0000,126.308099
1,534.0000,125.459801
1,535.0000,129.158285
1,536.0000,116.295600
1,537.0000,115.088688
1,538.0000,131.592130
1,539.0000,126.966209
1,540.0000,122.577097
1,541.0000,130.535823
1,542.0000,124.890327
1,543.0000,122.313250
1,544.0000,129.669925
1,545.0000,129.862131
1,546.0000,119.590838
1,547.0000,117.800741
1,548.0000,120.360655
1,549.0000,112.618062
1,550.0000,126.309031
1,551.0000,131.584520
1,552.0000,129.997401
1,553.0000,109.566246
1,554.0000,124.219446
1,555.0000,113.686915
1,556.0000,125.315397
1,557.0000,127.624574
1,558.0000,122.354071
1,559.0000,126.252053
1,560.0000,124.579606
1,561.0000,130.359316
1,562.0000,121.935018
1,563.0000,124.448821
1,564.0000,124.653115
1,565.0000,123.666741
1,566.0000,136.677306
1,567.0000,131.817738
1,568.0000,126.974954
1,569.0000,124.524144
1,570.0000,124.256065
1,571.0000,112.391785
1,572.0000,119.663744
1,573.0000,136.582743
1,574.0000,126.342027
1,575.0000,135.421509
1,576.0000,125.773852
1,577.0000,133.839640
1,578.0000,124.592949
1,579.0000,127.937289
1,580.0000,126.423593
1,581.0000,136.600825
1,582.0000,128.155185
1,583.0000,136.296463
1,584.0000,124.716140
1,585.0000,127.138633
1,586.0000,134.885553
1,587.0000,127.838915
1,588.0000,120.863598
1,589.0000,129.980996
1,590.0000,117.811448
1,591.0000,130.929843
1,592.0000,130.562846
1,593.0000,121.707222
1,594.0000,125.264692
1,595.0000,134.760869
1,596.0000,135.169085
1,597.0000,120.901531
1,598.0000,130.959230
1,599.0000,130.088454
1,600.0000,133.136429
1,601.0000,124.486707
1,602.0000,125.400429
1,603.0000,134.269521
1,604.0000,133.873682
1,605.0000,128.971541
1,606.0000,141.847689
1,607.0000,156.662335
1,608.0000,145.189848
1,609.0000,151.733249
1,610.0000,153.544703
1,611.0000,160.735256
1,612.0000,165.185818
1,613.0000,168.974898
1,614.0000,188.109240
1,615.0000,202.678312
1,616.0000,217.272450
1,617.0000,247.553022
1,618.0000,264.550200
1,619.0000,285.209251
1,620.0000,292.557212
1,621.0000,292.221222
1,622.0000,275.865518
1,623.0000,244.576719
1,624.0000,205.252809
1,625.0000,202.448799
1,626.0000,181.825411
1,627.0000,180.336014
1,628.0000,167.308647
1,629.0000,157.386157
1,630.0000,148.691172
1,631.0000,149.715630
1,632.0000,154.591494
1,633.0000,135.935918
1,634.0000,139.477698
1,635.0000,152.887103
1,636.0000,130.168289
1,637.0000,137.830646
1,638.0000,129.154464
1,639.0000,138.381357
1,640.0000,124.016092
1,641.0000,129.828320
1,642.0000,141.473441
1,643.0000,130.043658
1,644.0000,143.583520
1,645.0000,128.717226
1,646.0000,132.131646
1,647.0000,128.734260
1,648.0000,132.566682
1,649.0000,124.799186
1,650.0000,122.848069
1,651.0000,126.596926
1,652.0000,124.996031
1,653.0000,127.436379
1,654.0000,126.488428
1,655.0000,134.018881
1,656.0000,129.382945
1,657.0000,128.122028
1,658.0000,129.643485
1,659.0000,123.595193
1,660.0000,127.404474
1,661.0000,128.400074
1,662.0000,132.038348
1,663.0000,124.859844
1,664.0000,126.488608
1,665.0000,121.191672
1,666.0000,122.325845
1,667.0000,134.192974
1,668.0000,135.637689
1,669.0000,121.779634
1,670.0000,127.211671
1,671.0000,129.560748
1,672.0000,122.489759
1,673.0000,133.268011
1,674.0000,115.393611
1,675.0000,124.583946
1,676.0000,123.567173
1,677.0000,123.977237
1,678.0000,131.852646
1,679.0000,119.614495
1,680.0000,125.094779
1,681.0000,138.313125
1,682.0000,127.152325
1,683.0000,122.416204
1,684.0000,117.229143
1,685.0000,113.693140
1,686.0000,120.399098
1,687.0000,131.747407
1,688.0000,127.211961
1,689.0000,122.832061
1,690.0000,126.302510
1,691.0000,130.356357
1,692.0000,136.071351
1,693.0000,128.410689
1,694.0000,119.420620
1,695.0000,121.757939
1,696.0000,117.942154
1,697.0000,118.153825
1,698.0000,127.495893
1,699.0000,139.108151
1,700.0000,132.548198
1,701.0000,123.846942
1,702.0000,120.242001
1,703.0000,125.919610
1,704.0000,131.491744
1,705.0000,129.813077
1,706.0000,132.435241
1,707.0000,131.998852
1,708.0000,123.795459
1,709.0000,136.570672
1,710.0000,130.655375
1,711.0000,129.597076
1,712.0000,129.449257
1,713.0000,120.089817
1,714.0000,121.442705
1,715.0000,127.324689
1,716.0000,125.676161
1,717.0000,122.548691
1,718.0000,124.740868
1,719.0000,122.504424
1,720.0000,116.039003
1,721.0000,116.968476
1,722.0000,130.039436
1,723.0000,132.078240
1,724.0000,129.292688
1,725.0000,127.851065
1,726.0000,130.598975
1,727.0000,121.388188
1,728.0000,120.201254
1,729.0000,126.571818
1,730.0000,121.987650
1,731.0000,115.333754
1,732.0000,129.941770
1,733.0000,120.721791
1,734.0000,129.250132
1,735.0000,123.287717
1,736.0000,130.984041
1,737.0000,139.129624
1,738.0000,129.454834
1,739.0000,119.559347
1,740.0000,127.929441
1,741.0000,127.519332
1,742.0000,128.644612
1,743.0000,133.511359
1,744.0000,122.113983
1,745.0000,128.395515
1,746.0000,130.524061
1,747.0000,125.332660
1,748.0000,132.045759
1,749.0000,128.500757
1,750.0000,137.560831
1,751.0000,138.057419
1,752.0000,131.274736
1,753.0000,112.160177
1,754.0000,130.552930
1,755.0000,125.689381
1,756.0000,130.070006
1,757.0000,132.580448
1,758.0000,132.591498
1,759.0000,124.448168
1,760.0000,135.728724
1,761.0000,125.000829
1,762.0000,132.645317
1,763.0000,125.250048
1,764.0000,124.902997
1,765.0000,124.595805
1,766.0000,127.074822
1,767.0000,122.798984
1,768.0000,131.052807
1,769.0000,132.055826
1,770.0000,129.380675
1,771.0000,132.395427
1,772.0000,129.124029
1,773.0000,146.383245
1,774.0000,137.746762
1,775.0000,138.550845
1,776.0000,134.587282
1,777.0000,132.454814
1,778.0000,137.642993
1,779.0000,139.684123
1,780.0000,140.924991
1,781.0000,127.621280
1,782.0000,144.739936
1,783.0000,150.364335
1,784.0000,154.868932
1,785.0000,149.036810
1,786.0000,158.341459
1,787.0000,159.575632
1,788.0000,165.244574
1,789.0000,177.768068
1,790.0000,181.683973
1,791.0000,191.292773
1,792.0000,196.328254
1,793.0000,208.484844
1,794.0000,213.725784
1,795.0000,213.909851
1,796.0000,214.396779
1,797.0000,207.654995
1,798.0000,203.516063
1,799.0000,197.879130
1,800.0000,171.841133
1,801.0000,184.056156
1,802.0000,174.710644
1,803.0000,163.697155
1,804.0000,157.752313
1,805.0000,149.856996
1,806.0000,155.529172
1,807.0000,145.189141
1,808.0000,134.980561
1,809.0000,145.682757
1,810.0000,136.575081
1,811.0000,129.301714
1,812.0000,133.048941
1,813.0000,139.749247
1,814.0000,140.220084
1,815.0000,138.076306
1,816.0000,132.698221
1,817.0000,129.417031
1,818.0000,130.921580
1,819.0000,127.184086
1,820.0000,136.197922
1,821.0000,130.747376
1,822.0000,134.044684
1,823.0000,127.513128
1,824.0000,134.873436
1,825.0000,137.256110
1,826.0000,137.451264
1,827.0000,129.296710
1,828.0000,122.803385
1,829.0000,123.534209
1,830.0000,133.050988
1,831.0000,133.713493
1,832.0000,132.951993
1,833.0000,124.438940
1,834.0000,122.585621
1,835.0000,139.511041
1,836.0000,120.201048
1,837.0000,125.498911
1,838.0000,133.067921
1,839.0000,121.235641
1,840.0000,121.121277
1,841.0000,126.781352
1,842.0000,113.531395
1,843.0000,113.287677
1,844.0000,126.696404
1,845.0000,126.520473
1,846.0000,126.579217
1,847.0000,132.628604
1,848.0000,130.168738
1,849.0000,132.596169
1,850.0000,121.377369
1,851.0000,125.580778
1,852.0000,132.412378
1,853.0000,138.649270
1,854.0000,134.467855
1,855.0000,108.680366
1,856.0000,122.058122
1,857.0000,123.668145
1,858.0000,132.952871
1,859.0000,122.927138
1,860.0000,119.413329
1,861.0000,120.779794
1,862.0000,132.174168
1,863.0000,129.726803
1,864.0000,129.927357
1,865.0000,121.231646
1,866.0000,119.454677
1,867.0000,127.179430
1,868.0000,120.592445
1,869.0000,124.383269
1,870.0000,126.418658
1,871.0000,119.721652
1,872.0000,124.777635
1,873.0000,139.458703
1,874.0000,123.783039
1,875.0000,125.945474
1,876.0000,125.030226
1,877.0000,130.077038
1,878.0000,125.615005
1,879.0000,130.279823
1,880.0000,130.383809
1,881.0000,129.464267
1,882.0000,131.382813
1,883.0000,123.781980
1,884.0000,129.475719
1,885.0000,125.767070
1,886.0000,121.947664
1,887.0000,131.125261
1,888.0000,125.415448
1,889.0000,129.823224
1,890.0000,127.307219
1,891.0000,126.385673
1,892.0000,136.374515
1,893.0000,123.574083
1,894.0000,124.566165
1,895.0000,120.856763
1,896.0000,127.105186
1,897.0000,117.069163
1,898.0000,123.475150
1,899.0000,126.006518
1,900.0000,132.198576
1,901.0000,127.750304
1,902.0000,128.095566
1,903.0000,124.083332
1,904.0000,122.157048
1,905.0000,122.772572
1,906.0000,128.044190
1,907.0000,132.602018
1,908.0000,117.086441
1,909.0000,134.285654
1,910.0000,118.938665
1,911.0000,132.262380
1,912.0000,118.905688
1,913.0000,128.513699
1,914.0000,113.202582
1,915.0000,118.822627
1,916.0000,128.550538
1,917.0000,128.728066
1,918.0000,124.529948
1,919.0000,134.391787
1,920.0000,129.810297
1,921.0000,120.215338
1,922.0000,127.322568
1,923.0000,123.802922
1,924.0000,131.242200
1,925.0000,123.779609
1,926.0000,136.895304
1,927.0000,116.398127
1,928.0000,126.802689
1,929.0000,123.146142
1,930.0000,125.493454
1,931.0000,129.831173
1,932.0000,115.942505
1,933.0000,126.211852
1,934.0000,128.941100
1,935.0000,130.509266
1,936.0000,122.497794
1,937.0000,133.179065
1,938.0000,123.329173
1,939.0000,129.141502
1,940.0000,128.625924
1,941.0000,128.479275
1,942.0000,124.275675
1,943.0000,125.011065
1,944.0000,123.863435
1,945.0000,126.491164
1,946.0000,125.012534
1,947.0000,130.581363
1,948.0000,133.787090
1,949.0000,127.180495
1,950.0000,124.136239
1,951.0000,139.532072
1,952.0000,125.725747
1,953.0000,127.878302
1,954.0000,131.000876
1,955.0000,129.663213
1,956.0000,128.070384
1,957.0000,132.425753
1,958.0000,113.591892
1,959.0000,136.849366
1,960.0000,124.240285
1,961.0000,137.599014
1,962.0000,140.389613
1,963.0000,136.054656
1,964.0000,144.783530
1,965.0000,125.565727
1,966.0000,125.794422
1,967.0000,138.509383
1,968.0000,142.262485
1,969.0000,129.930925
1,970.0000,111.938471
1,971.0000,136.469263
1,972.0000,132.784237
1,973.0000,152.147939
1,974.0000,136.338078
1,975.0000,148.142479
1,976.0000,146.271357
1,977.0000,135.283688
1,978.0000,145.757311
1,979.0000,125.829583
1,980.0000,142.062934
1,981.0000,148.642330
1,982.0000,133.601934
1,983.0000,147.719548
1,984.0000,156.592956
1,985.0000,163.971531
1,986.0000,161.093312
1,987.0000,166.300574
1,988.0000,170.607072
1,989.0000,185.675178
1,990.0000,199.742720
1,991.0000,215.069049
1,992.0000,228.589560
1,993.0000,250.649553
1,994.0000,260.824033
1,995.0000,321.072863
1,996.0000,376.912766
1,997.0000,480.444309
1,998.0000,607.917414
1,999.0000,775.064931
1,1000.0000,965.664115
1,1001.0000,1083.029110
1,1002.0000,984.747062
1,1003.0000,778.576097
1,1004.0000,599.564654
1,1005.0000,468.279241
1,1006.0000,382.830091
1,1007.0000,325.504921
1,1008.0000,281.329899
1,1009.0000,254.447913
1,1010.0000,232.995276
1,1011.0000,209.950666
1,1012.0000,192.247218
1,1013.0000,194.525091
1,1014.0000,186.601418
1,1015.0000,188.992061
1,1016.0000,177.523872
1,1017.0000,185.827469
1,1018.0000,182.712546
1,1019.0000,172.364945
1,1020.0000,191.054840
1,1021.0000,180.010394
1,1022.0000,199.952414
1,1023.0000,207.145850
1,1024.0000,219.066279
1,1025.0000,236.932665
1,1026.0000,272.011736
1,1027.0000,305.762913
1,1028.0000,378.920528
1,1029.0000,440.942451
1,1030.0000,506.619320
1,1031.0000,532.796220
1,1032.0000,499.006535
1,1033.0000,432.688430
1,1034.0000,349.579383
1,1035.0000,309.982306
1,1036.0000,263.210338
1,1037.0000,231.212784
1,1038.0000,217.053938
1,1039.0000,199.226164
1,1040.0000,172.718898
1,1041.0000,164.382371
1,1042.0000,156.535814
1,1043.0000,163.562540
1,1044.0000,158.595572
1,1045.0000,154.841569
1,1046.0000,149.455223
1,1047.0000,149.893421
1,1048.0000,152.068306
1,1049.0000,141.940422
1,1050.0000,138.990916
1,1051.0000,140.427467
1,1052.0000,142.269749
1,1053.0000,131.547920
1,1054.0000,141.131015
1,1055.0000,129.015784
1,1056.0000,122.229916
1,1057.0000,135.187117
1,1058.0000,124.928417
1,1059.0000,137.377535
1,1060.0000,127.156031
1,1061.0000,129.182479
1,1062.0000,133.845893
1,1063.0000,121.745444
1,1064.0000,124.311485
1,1065.0000,127.436466
1,1066.0000,141.047556
1,1067.0000,137.856628
1,1068.0000,117.584349
1,1069.0000,142.668877
1,1070.0000,129.349041
1,1071.0000,118.376070
1,1072.0000,128.167413
1,1073.0000,143.607244
1,1074.0000,139.010069
1,1075.0000,123.419724
1,1076.0000,129.251185
1,1077.0000,123.655541
1,1078.0000,116.550280
1,1079.0000,134.005779
1,1080.0000,137.074274
1,1081.0000,134.404445
1,1082.0000,124.145791
1,1083.0000,124.722544
1,1084.0000,126.708555
1,1085.0000,126.962557
1,1086.0000,121.455690
1,1087.0000,130.777392
1,1088.0000,144.409641
1,1089.0000,138.244020
1,1090.0000,127.095187
1,1091.0000,118.687178
1,1092.0000,123.068409
1,1093.0000,109.824678
1,1094.0000,123.428033
1,1095.0000,132.930940
1,1096.0000,141.631377
1,1097.0000,130.655395
1,1098.0000,118.826024
1,1099.0000,120.654990
1,1100.0000,135.894390
1,1101.0000,132.787106
1,1102.0000,131.207031
1,1103.0000,126.756894
1,1104.0000,124.581695
1,1105.0000,130.922787
1,1106.0000,127.828479
1,1107.0000,129.361494
1,1108.0000,131.302758
1,1109.0000,123.584528
1,1110.0000,130.954113
1,1111.0000,122.788888
1,1112.0000,125.743855
1,1113.0000,136.167103
1,1114.0000,127.632074
1,1115.0000,126.009095
1,1116.0000,137.291095
1,1117.0000,136.307248
1,1118.0000,120.975846
1,1119.0000,121.299211
1,1120.0000,142.579391
1,1121.0000,132.861213
1,1122.0000,117.979095
1,1123.0000,136.203729
1,1124.0000,127.995650
1,1125.0000,129.038372
1,1126.0000,127.428706
1,1127.0000,128.159586
1,1128.0000,144.305481
1,1129.0000,138.325577
1,1130.0000,130.356707
1,1131.0000,132.983059
1,1132.0000,129.040536
1,1133.0000,124.358033
1,1134.0000,124.616649
1,1135.0000,136.271512
1,1136.0000,135.328991
1,1137.0000,134.766815
1,1138.0000,134.988524
1,1139.0000,143.628993
1,1140.0000,131.980395
1,1141.0000,136.817319
1,1142.0000,143.916238
1,1143.0000,151.247477
1,1144.0000,158.395377
1,1145.0000,153.718217
1,1146.0000,146.828254
1,1147.0000,175.098097
1,1148.0000,184.303330
1,1149.0000,173.806974
1,1150.0000,202.163154
1,1151.0000,206.029579
1,1152.0000,220.535140
1,1153.0000,248.735294
1,1154.0000,253.419929
1,1155.0000,263.661558
1,1156.0000,251.610613
1,1157.0000,242.988979
1,1158.0000,220.623006
1,1159.0000,219.659766
1,1160.0000,200.606509
1,1161.0000,185.710572
1,1162.0000,162.149725
1,1163.0000,166.662749
1,1164.0000,167.179013
1,1165.0000,164.280717
1,1166.0000,142.585513
1,1167.0000,151.432768
1,1168.0000,150.775648
1,1169.0000,153.193948
1,1170.0000,158.623654
1,1171.0000,155.447944
1,1172.0000,152.036779
1,1173.0000,160.410640
1,1174.0000,161.758739
1,1175.0000,171.662755
1,1176.0000,168.718670
1,1177.0000,171.759834
1,1178.0000,185.934168
1,1179.0000,181.164316
1,1180.0000,213.063519
1,1181.0000,236.560433
1,1182.0000,234.374142
1,1183.0000,248.824638
1,1184.0000,231.649957
1,1185.0000,225.986728
1,1186.0000,209.734727
1,1187.0000,190.788200
1,1188.0000,170.146648
1,1189.0000,163.751241
1,1190.0000,155.556309
1,1191.0000,144.315446
1,1192.0000,155.578336
1,1193.0000,151.775455
1,1194.0000,137.803328
1,1195.0000,139.541010
1,1196.0000,141.952777
1,1197.0000,148.391480
1,1198.0000,138.505863
1,1199.0000,132.432761
1,1200.0000,144.799056
1,1201.0000,136.240250
1,1202.0000,129.771321
1,1203.0000,139.478582
1,1204.0000,128.969838
1,1205.0000,125.790753
1,1206.0000,121.518789
1,1207.0000,135.115444
1,1208.0000,126.201345
1,1209.0000,129.703111
1,1210.0000,132.142998
1,1211.0000,129.251969
1,1212.0000,139.296998
1,1213.0000,121.807484
1,1214.0000,117.694216
1,1215.0000,126.446717
1,1216.0000,128.899302
1,1217.0000,131.562055
1,1218.0000,122.858706
1,1219.0000,121.239529
1,1220.0000,126.619701
1,1221.0000,135.909677
1,1222.0000,128.981788
1,1223.0000,130.672547
1,1224.0000,132.527522
1,1225.0000,131.329216
1,1226.0000,115.169829
1,1227.0000,113.152591
1,1228.0000,131.717173
1,1229.0000,116.380889
1,1230.0000,123.275319
1,1231.0000,130.504361
1,1232.0000,127.685666
1,1233.0000,132.743230
1,1234.0000,131.108322
1,1235.0000,130.581291
1,1236.0000,118.350525
1,1237.0000,135.024815
1,1238.0000,134.331115
1,1239.0000,132.377761
1,1240.0000,121.548452
1,1241.0000,131.334233
1,1242.0000,128.935062
1,1243.0000,120.652748
1,1244.0000,124.784717
1,1245.0000,125.021956
1,1246.0000,126.390012
1,1247.0000,132.046786
1,1248.0000,132.759589
1,1249.0000,131.707599
1,1250.0000,119.487965
1,1251.0000,124.888144
1,1252.0000,130.338738
1,1253.0000,121.121961
1,1254.0000,119.043734
1,1255.0000,121.673770
1,1256.0000,130.140874
1,1257.0000,127.222470
1,1258.0000,116.090587
1,1259.0000,131.442620
1,1260.0000,129.823596
1,1261.0000,130.353800
1,1262.0000,131.971128
1,1263.0000,121.112375
1,1264.0000,126.144091
1,1265.0000,120.268701
1,1266.0000,128.369463
1,1267.0000,129.368868
1,1268.0000,115.794269
1,1269.0000,125.208384
1,1270.0000,114.953771
1,1271.0000,123.231470
1,1272.0000,133.492210
1,1273.0000,138.444677
1,1274.0000,133.327881
1,1275.0000,132.835483
1,1276.0000,112.899565
1,1277.0000,125.196189
1,1278.0000,127.920533
1,1279.0000,123.668063
1,1280.0000,129.176060
1,1281.0000,115.811135
1,1282.0000,127.276488
1,1283.0000,114.686818
1,1284.0000,124.449715
1,1285.0000,134.487210
1,1286.0000,123.131955
1,1287.0000,130.335408
1,1288.0000,122.513563
1,1289.0000,128.010965
1,1290.0000,123.310288
1,1291.0000,132.081092
1,1292.0000,141.152183
1,1293.0000,119.195242
1,1294.0000,141.544732
1,1295.0000,129.323105
1,1296.0000,124.917127
1,1297.0000,123.732747
1,1298.0000,120.774802
1,1299.0000,123.214666
1,1300.0000,138.406453
1,1301.0000,124.489144
1,1302.0000,132.009497
1,1303.0000,137.298574
1,1304.0000,124.426573
1,1305.0000,122.049638
1,1306.0000,117.903844
1,1307.0000,129.933974
1,1308.0000,123.698930
1,1309.0000,126.981198
1,1310.0000,115.981752
1,1311.0000,139.145784
1,1312.0000,113.369612
1,1313.0000,116.149593
1,1314.0000,127.414264
1,1315.0000,123.752404
1,1316.0000,130.334044
1,1317.0000,121.439858
1,1318.0000,127.309142
1,1319.0000,113.489863
1,1320.0000,132.288938
1,1321.0000,137.336174
1,1322.0000,124.183669
1,1323.0000,138.519963
1,1324.0000,116.121342
1,1325.0000,122.381534
1,1326.0000,129.386743
1,1327.0000,121.845391
1,1328.0000,126.319665
1,1329.0000,122.223823
1,1330.0000,125.774233
1,1331.0000,121.764620
1,1332.0000,130.441728
1,1333.0000,134.015459
1,1334.0000,124.896284
1,1335.0000,129.902190
1,1336.0000,137.429064
1,1337.0000,128.521393
1,1338.0000,114.614369
1,1339.0000,122.958122
1,1340.0000,133.204096
1,1341.0000,133.229130
1,1342.0000,136.746262
1,1343.0000,129.649580
1,1344.0000,120.932910
1,1345.0000,131.105805
1,1346.0000,111.870040
1,1347.0000,117.334234
1,1348.0000,133.148330
1,1349.0000,135.328878
1,1350.0000,125.629121
1,1351.0000,124.872998
1,1352.0000,130.238096
1,1353.0000,130.000213
1,1354.0000,132.385894
1,1355.0000,117.851277
1,1356.0000,136.635292
1,1357.0000,116.853803
1,1358.0000,118.834590
1,1359.0000,137.243026
1,1360.0000,119.012557
1,1361.0000,134.212963
1,1362.0000,130.799993
1,1363.0000,120.465815
1,1364.0000,126.788360
1,1365.0000,128.129275
1,1366.0000,123.380660
1,1367.0000,134.185710
1,1368.0000,134.031701
1,1369.0000,133.031056
1,1370.0000,122.563802
1,1371.0000,124.361093
1,1372.0000,122.255224
1,1373.0000,129.039593
1,1374.0000,125.676016
1,1375.0000,128.060318
1,1376.0000,127.628278
1,1377.0000,127.900899
1,1378.0000,126.618275
1,1379.0000,128.013811
1,1380.0000,125.170294
1,1381.0000,127.196584
1,1382.0000,134.658858
1,1383.0000,129.748385
1,1384.0000,138.194760
1,1385.0000,123.713771
1,1386.0000,132.911164
1,1387.0000,132.247589
1,1388.0000,130.458478
1,1389.0000,132.251830
1,1390.0000,133.034120
1,1391.0000,131.823659
1,1392.0000,134.506949
1,1393.0000,129.867077
1,1394.0000,124.799589
1,1395.0000,124.796991
1,1396.0000,126.284291
1,1397.0000,132.235147
1,1398.0000,130.636056
1,1399.0000,131.387029
1,1400.0000,122.294326
1,1401.0000,133.938639
1,1402.0000,134.073108
1,1403.0000,138.683184
1,1404.0000,123.062209
1,1405.0000,132.193281
1,1406.0000,131.027908
1,1407.0000,119.311491
1,1408.0000,129.543573
1,1409.0000,137.563316
1,1410.0000,126.602436
1,1411.0000,127.671745
1,1412.0000,131.135074
1,1413.0000,128.160470
1,1414.0000,136.410082
1,1415.0000,133.669251
1,1416.0000,133.609204
1,1417.0000,130.031891
1,1418.0000,131.588831
1,1419.0000,127.561890
1,1420.0000,131.040034
1,1421.0000,145.061222
1,1422.0000,139.207801
1,1423.0000,131.414859
1,1424.0000,150.001554
1,1425.0000,124.732522
1,1426.0000,140.754245
1,1427.0000,152.641358
1,1428.0000,147.170539
1,1429.0000,154.074973
1,1430.0000,150.069268
1,1431.0000,146.179866
1,1432.0000,152.594353
1,1433.0000,147.885576
1,1434.0000,158.223036
1,1435.0000,161.470691
1,1436.0000,172.181438
1,1437.0000,170.771262
1,1438.0000,176.747575
1,1439.0000,184.568248
1,1440.0000,194.352285
1,1441.0000,205.484175
1,1442.0000,211.685281
1,1443.0000,226.678137
1,1444.0000,251.318905
1,1445.0000,267.507326
1,1446.0000,275.423565
1,1447.0000,306.868292
1,1448.0000,306.466294
1,1449.0000,326.641580
1,1450.0000,334.267388
1,1451.0000,326.765981
1,1452.0000,323.696711
1,1453.0000,310.571879
1,1454.0000,280.224281
1,1455.0000,269.672191
1,1456.0000,240.547729
1,1457.0000,220.832771
1,1458.0000,218.874635
1,1459.0000,201.293288
1,1460.0000,194.251743
1,1461.0000,183.957514
1,1462.0000,185.659601
1,1463.0000,162.571354
1,1464.0000,154.184289
1,1465.0000,160.446038
1,1466.0000,168.466010
1,1467.0000,158.480031
1,1468.0000,150.369208
1,1469.0000,144.849620
1,1470.0000,143.257125
1,1471.0000,150.211120
1,1472.0000,147.334439
1,1473.0000,138.868378
1,1474.0000,145.071620
1,1475.0000,137.725152
1,1476.0000,136.818967
1,1477.0000,138.826685
1,1478.0000,143.653403
1,1479.0000,154.713305
1,1480.0000,144.001599
1,1481.0000,131.929662
1,1482.0000,131.212750
1,1483.0000,137.751206
1,1484.0000,147.405965
1,1485.0000,139.717447
1,1486.0000,132.431682
1,1487.0000,132.399505
1,1488.0000,120.651505
1,1489.0000,126.901549
1,1490.0000,129.747986
1,1491.0000,136.814752
1,1492.0000,134.237107
1,1493.0000,128.548118
1,1494.0000,135.868194
1,1495.0000,124.254386
1,1496.0000,146.662815
1,1497.0000,135.417604
1,1498.0000,133.169575
1,1499.0000,120.619181
1,1500.0000,131.855688
1,1501.0000,139.968625
1,1502.0000,122.486751
1,1503.0000,133.071839
1,1504.0000,136.207014
1,1505.0000,130.302892
1,1506.0000,131.301404
1,1507.0000,127.617312
1,1508.0000,124.941107
1,1509.0000,129.316936
1,1510.0000,131.084100
1,1511.0000,121.249371
1,1512.0000,136.493082
1,1513.0000,132.006615
1,1514.0000,130.951718
1,1515.0000,128.015411
1,1516.0000,131.582138
1,1517.0000,136.034168
1,1518.0000,130.224113
1,1519.0000,126.138610
1,1520.0000,133.233298
1,1521.0000,127.913647
1,1522.0000,121.671509
1,1523.0000,131.770726
1,1524.0000,111.000339
1,1525.0000,135.342632
1,1526.0000,127.814204
1,1527.0000,130.251528
1,1528.0000,130.089219
1,1529.0000,125.430603
1,1530.0000,126.922368
1,1531.0000,120.469411
1,1532.0000,132.672807
1,1533.0000,136.883884
1,1534.0000,140.741379
1,1535.0000,120.105299
1,1536.0000,134.942144
1,1537.0000,129.385213
1,1538.0000,111.994927
1,1539.0000,127.489547
1,1540.0000,131.894784
1,1541.0000,132.093467
1,1542.0000,141.087278
1,1543.0000,128.793180
1,1544.0000,137.315519
1,1545.0000,135.903702
1,1546.0000,138.201330
1,1547.0000,129.044982
1,1548.0000,134.378074
1,1549.0000,120.876987
1,1550.0000,135.951754
1,1551.0000,147.974008
1,1552.0000,134.706750
1,1553.0000,138.449689
1,1554.0000,148.223673
1,1555.0000,151.324379
1,1556.0000,133.026305
1,1557.0000,136.602076
1,1558.0000,133.584384
1,1559.0000,133.826688
1,1560.0000,139.505579
1,1561.0000,141.173625
1,1562.0000,148.955983
1,1563.0000,137.549071
1,1564.0000,148.358201
1,1565.0000,141.785323
1,1566.0000,141.699292
1,1567.0000,156.754724
1,1568.0000,153.964914
1,1569.0000,159.475088
1,1570.0000,150.881217
1,1571.0000,161.980029
1,1572.0000,161.549126
1,1573.0000,165.179275
1,1574.0000,187.710456
1,1575.0000,201.405190
1,1576.0000,198.373499
1,1577.0000,216.013255
1,1578.0000,225.107355
1,1579.0000,257.651241
1,1580.0000,284.173966
1,1581.0000,304.108428
1,1582.0000,328.885850
1,1583.0000,338.077006
1,1584.0000,339.687276
1,1585.0000,317.174873
1,1586.0000,291.767981
1,1587.0000,292.352649
1,1588.0000,268.008672
1,1589.0000,260.655468
1,1590.0000,243.450733
1,1591.0000,245.466313
1,1592.0000,246.824948
1,1593.0000,263.245643
1,1594.0000,283.633091
1,1595.0000,297.892611
1,1596.0000,325.313718
1,1597.0000,374.548044
1,1598.0000,430.176565
1,1599.0000,506.707168
1,1600.0000,609.741832
1,1601.0000,677.704743
1,1602.0000,718.930413
1,1603.0000,692.540952
1,1604.0000,604.574054
1,1605.0000,514.294576
1,1606.0000,417.034983
1,1607.0000,360.205214
1,1608.0000,311.295192
1,1609.0000,285.338375
1,1610.0000,244.131182
1,1611.0000,232.522708
1,1612.0000,217.402400
1,1613.0000,204.317091
1,1614.0000,184.186216
1,1615.0000,178.480586
1,1616.0000,178.069743
1,1617.0000,169.255524
1,1618.0000,161.549479
1,1619.0000,159.220321
1,1620.0000,153.097321
1,1621.0000,145.596004
1,1622.0000,157.924997
1,1623.0000,142.010346
1,1624.0000,146.393523
1,1625.0000,142.272598
1,1626.0000,144.530622
1,1627.0000,140.946642
1,1628.0000,144.597236
1,1629.0000,143.535153
1,1630.0000,146.326442
1,1631.0000,145.541494
1,1632.0000,141.970156
1,1633.0000,142.770349
1,1634.0000,132.984278
1,1635.0000,138.738693
1,1636.0000,134.294618
1,1637.0000,137.258373
1,1638.0000,139.576748
1,1639.0000,148.322419
1,1640.0000,126.448655
1,1641.0000,141.181882
1,1642.0000,139.685458
1,1643.0000,124.203340
1,1644.0000,125.577931
1,1645.0000,126.692315
1,1646.0000,119.888101
1,1647.0000,125.110124
1,1648.0000,134.653725
1,1649.0000,132.236861
1,1650.0000,125.802637
1,1651.0000,138.027581
1,1652.0000,131.474399
1,1653.0000,130.657089
1,1654.0000,121.746938
1,1655.0000,130.739154
1,1656.0000,140.857618
1,1657.0000,139.136627
1,1658.0000,127.615858
1,1659.0000,129.383104
1,1660.0000,130.731411
1,1661.0000,134.015044
1,1662.0000,127.344486
1,1663.0000,133.840033
1,1664.0000,136.562809
1,1665.0000,133.437115
1,1666.0000,128.933874
1,1667.0000,123.136041
1,1668.0000,132.619110
1,1669.0000,123.328445
1,1670.0000,136.619295
1,1671.0000,121.127478
1,1672.0000,129.289028
1,1673.0000,122.704178
1,1674.0000,125.305537
1,1675.0000,121.814622
1,1676.0000,121.615499
1,1677.0000,124.079579
1,1678.0000,135.660540
1,1679.0000,123.108529
1,1680.0000,128.327439
1,1681.0000,126.470128
1,1682.0000,134.288902
1,1683.0000,130.227532
1,1684.0000,129.820476
1,1685.0000,123.556579
1,1686.0000,112.302831
1,1687.0000,132.104810
1,1688.0000,133.993712
1,1689.0000,124.418046
1,1690.0000,124.290022
1,1691.0000,120.516446
1,1692.0000,137.523110
1,1693.0000,117.754969
1,1694.0000,117.542593
1,1695.0000,129.770052
1,1696.0000,115.470004
1,1697.0000,126.940558
1,1698.0000,124.369161
1,1699.0000,132.734752
1,1700.0000,132.464161
1,1701.0000,131.783149
1,1702.0000,125.510450
1,1703.0000,132.002603
1,1704.0000,136.334147
1,1705.0000,134.462334
1,1706.0000,119.343712
1,1707.0000,131.774546
1,1708.0000,118.205697
1,1709.0000,127.085533
1,1710.0000,126.195771
1,1711.0000,121.015386
1,1712.0000,132.349449
1,1713.0000,121.345488
1,1714.0000,130.631995
1,1715.0000,129.937577
1,1716.0000,128.047822
1,1717.0000,121.226922
1,1718.0000,125.993648
1,1719.0000,122.391773
1,1720.0000,131.466616
1,1721.0000,130.390481
1,1722.0000,131.055525
1,1723.0000,125.393331
1,1724.0000,131.452795
1,1725.0000,120.519463
1,1726.0000,126.451243
1,1727.0000,127.587135
1,1728.0000,115.926721
1,1729.0000,130.646582
1,1730.0000,124.222982
1,1731.0000,131.696494
1,1732.0000,135.939747
1,1733.0000,127.971693
1,1734.0000,125.049869
1,1735.0000,135.970064
1,1736.0000,128.476300
1,1737.0000,130.589426
1,1738.0000,120.965131
1,1739.0000,136.277159
1,1740.0000,134.934179
1,1741.0000,121.125588
1,1742.0000,126.017670
1,1743.0000,123.866205
1,1744.0000,127.586666
1,1745.0000,137.641271
1,1746.0000,129.710009
1,1747.0000,123.760617
1,1748.0000,126.650366
1,1749.0000,129.114958
1,1750.0000,134.559271
1,1751.0000,112.953913
1,1752.0000,125.521109
1,1753.0000,116.416325
1,1754.0000,117.537001
1,1755.0000,126.838324
1,1756.0000,121.684893
1,1757.0000,128.009083
1,1758.0000,128.222119
1,1759.0000,131.305124
1,1760.0000,132.537506
1,1761.0000,115.198426
1,1762.0000,141.448410
1,1763.0000,127.946939
1,1764.0000,131.734196
1,1765.0000,136.525636
1,1766.0000,137.479803
1,1767.0000,134.053186
1,1768.0000,126.358822
1,1769.0000,122.466835
1,1770.0000,116.277615
1,1771.0000,121.243321
1,1772.0000,135.901292
1,1773.0000,131.765472
1,1774.0000,141.302721
1,1775.0000,124.883467
1,1776.0000,126.573153
1,1777.0000,128.307208
1,1778.0000,115.618264
1,1779.0000,123.864345
1,1780.0000,130.999923
1,1781.0000,123.029271
1,1782.0000,120.176784
1,1783.0000,120.471840
1,1784.0000,124.440064
1,1785.0000,127.253913
1,1786.0000,131.432751
1,1787.0000,122.313350
1,1788.0000,124.974190
1,1789.0000,121.238524
1,1790.0000,124.064018
1,1791.0000,124.623437
1,1792.0000,115.913113
1,1793.0000,127.383873
1,1794.0000,132.076800
1,1795.0000,128.611816
1,1796.0000,121.123642
1,1797.0000,124.535454
1,1798.0000,122.799061
1,1799.0000,125.162861
1,1800.0000,124.371368
1,1801.0000,132.142500
1,1802.0000,121.927323
1,1803.0000,136.497570
1,1804.0000,126.947264
1,1805.0000,127.023727
1,1806.0000,124.165833
1,1807.0000,134.814340
1,1808.0000,111.116207
1,1809.0000,123.386340
1,1810.0000,114.396605
1,1811.0000,123.380161
1,1812.0000,119.860429
1,1813.0000,125.993756
1,1814.0000,114.082874
1,1815.0000,135.764800
1,1816.0000,128.445181
1,1817.0000,128.100610
1,1818.0000,126.844985
1,1819.0000,122.511328
1,1820.0000,118.780355
1,1821.0000,118.583007
1,1822.0000,128.195699
1,1823.0000,125.670968
1,1824.0000,133.188311
1,1825.0000,115.440084
1,1826.0000,126.747541
1,1827.0000,120.766965
1,1828.0000,129.935613
1,1829.0000,127.629246
1,1830.0000,132.376534
1,1831.0000,115.944451
1,1832.0000,142.311774
1,1833.0000,126.904514
1,1834.0000,129.792114
1,1835.0000,113.852914
1,1836.0000,134.224773
1,1837.0000,137.590550
1,1838.0000,112.927062
1,1839.0000,124.761047
1,1840.0000,114.684490
1,1841.0000,123.151171
1,1842.0000,126.118768
1,1843.0000,117.331827
1,1844.0000,135.389720
1,1845.0000,119.170499
1,1846.0000,129.762482
1,1847.0000,122.727441
1,1848.0000,125.737264
1,1849.0000,136.847354
1,1850.0000,135.672445
1,1851.0000,128.852138
1,1852.0000,138.410571
1,1853.0000,118.202488
1,1854.0000,126.448353
1,1855.0000,123.906902
1,1856.0000,129.426797
1,1857.0000,126.052751
1,1858.0000,125.040915
1,1859.0000,120.474377
1,1860.0000,109.603154
1,1861.0000,125.553531
1,1862.0000,133.370073
1,1863.0000,121.080656
1,1864.0000,132.019829
1,1865.0000,118.279692
1,1866.0000,135.483197
1,1867.0000,122.394126
1,1868.0000,125.898766
1,1869.0000,129.096639
1,1870.0000,124.660671
1,1871.0000,133.545626
1,1872.0000,121.189261
1,1873.0000,120.563621
1,1874.0000,120.222715
1,1875.0000,125.132525
1,1876.0000,124.555981
1,1877.0000,112.247426
1,1878.0000,131.992291
1,1879.0000,126.546096
1,1880.0000,125.528084
1,1881.0000,117.217956
1,1882.0000,118.518290
1,1883.0000,120.329898
1,1884.0000,124.480268
1,1885.0000,124.410541
1,1886.0000,118.746293
1,1887.0000,128.067804
1,1888.0000,136.024368
1,1889.0000,125.412193
1,1890.0000,129.637328
1,1891.0000,133.440783
1,1892.0000,125.853302
1,1893.0000,137.485163
1,1894.0000,119.807499
1,1895.0000,131.391706
1,1896.0000,125.946067
1,1897.0000,134.897392
1,1898.0000,119.923118
1,1899.0000,122.399774
1,1900.0000,122.665767
1,1901.0000,132.281765
1,1902.0000,123.559801
1,1903.0000,112.254680
1,1904.0000,127.768737
1,1905.0000,125.705339
1,1906.0000,120.376614
1,1907.0000,116.082131
1,1908.0000,131.780722
1,1909.0000,116.680168
1,1910.0000,122.963523
1,1911.0000,117.910002
1,1912.0000,128.507409
1,1913.0000,134.524944
1,1914.0000,124.303808
1,1915.0000,130.267297
1,1916.0000,129.491934
1,1917.0000,125.523543
1,1918.0000,128.205356
1,1919.0000,116.637899
1,1920.0000,133.762674
1,1921.0000,123.863409
1,1922.0000,131.858501
1,1923.0000,129.778034
1,1924.0000,124.385560
1,1925.0000,133.263329
1,1926.0000,121.772244
1,1927.0000,121.826382
1,1928.0000,120.757868
1,1929.0000,131.314669
1,1930.0000,127.998337
1,1931.0000,133.363104
1,1932.0000,122.761829
1,1933.0000,117.354974
1,1934.0000,123.331043
1,1935.0000,127.400021
1,1936.0000,134.355068
1,1937.0000,131.696569
1,1938.0000,113.348732
1,1939.0000,122.826718
1,1940.0000,122.249985
1,1941.0000,127.126881
1,1942.0000,127.215291
1,1943.0000,134.142052
1,1944.0000,126.126132
1,1945.0000,136.748374
1,1946.0000,126.205415
1,1947.0000,124.350158
1,1948.0000,121.578443
1,1949.0000,138.201576
1,1950.0000,121.628764
1,1951.0000,128.812296
1,1952.0000,128.328785
1,1953.0000,129.807032
1,1954.0000,130.436209
1,1955.0000,113.499295
1,1956.0000,125.578460
1,1957.0000,123.761605
1,1958.0000,126.115598
1,1959.0000,122.577131
1,1960.0000,132.329700
1,1961.0000,114.175392
1,1962.0000,114.673477
1,1963.0000,123.580296
1,1964.0000,125.675779
1,1965.0000,121.961881
1,1966.0000,122.070883
1,1967.0000,119.876146
1,1968.0000,125.690002
1,1969.0000,115.123274
1,1970.0000,127.268705
1,1971.0000,123.837391
1,1972.0000,122.296837
1,1973.0000,127.631825
1,1974.0000,118.053992
1,1975.0000,128.558949
1,1976.0000,129.142003
1,1977.0000,124.499672
1,1978.0000,133.226976
1,1979.0000,128.129592
1,1980.0000,124.096219
1,1981.0000,124.834511
1,1982.0000,126.633951
1,1983.0000,122.738790
1,1984.0000,120.616930
1,1985.0000,131.483943
1,1986.0000,122.232874
1,1987.0000,126.161335
1,1988.0000,138.820085
1,1989.0000,122.354439
1,1990.0000,119.946488
1,1991.0000,135.808899
1,1992.0000,121.685402
1,1993.0000,115.902704
1,1994.0000,127.648136
1,1995.0000,123.946909
1,1996.0000,129.206935
1,1997.0000,115.978399
1,1998.0000,129.360384
1,1999.0000,121.350799
1,2000.0000,120.851435
2,200.0000,151.169032
2,201.0000,147.071357
2,202.0000,151.619817
2,203.0000,148.103877
2,204.0000,148.489909
2,205.0000,148.076956
2,206.0000,148.873756
2,207.0000,149.980825
2,208.0000,148.336487
2,209.0000,139.468995
2,210.0000,152.160190
2,211.0000,152.504333
2,212.0000,139.842138
2,213.0000,149.699743
2,214.0000,152.831761
2,215.0000,148.246197
2,216.0000,144.245920
2,217.0000,150.995514
2,218.0000,144.224564
2,219.0000,141.607798
2,220.0000,153.619066
2,221.0000,140.436439
2,222.0000,156.043793
2,223.0000,148.534113
2,224.0000,140.493394
2,225.0000,149.453219
2,226.0000,153.834987
2,227.0000,153.104682
2,228.0000,157.674013
2,229.0000,156.376971
2,230.0000,144.220158
2,231.0000,167.603822
2,232.0000,146.073407
2,233.0000,145.350033
2,234.0000,151.287475
2,235.0000,147.566125
2,236.0000,150.276320
2,237.0000,138.542822
2,238.0000,154.499729
2,239.0000,146.569170
2,240.0000,157.380233
2,241.0000,157.021753
2,242.0000,150.335561
2,243.0000,146.315306
2,244.0000,144.519544
2,245.0000,148.740435
2,246.0000,153.338948
2,247.0000,149.968550
2,248.0000,146.800928
2,249.0000,142.458686
2,250.0000,150.818312
2,251.0000,141.749138
2,252.0000,154.660748
2,253.0000,144.937501
2,254.0000,151.727227
2,255.0000,152.801991
2,256.0000,151.599436
2,257.0000,145.731623
2,258.0000,144.530735
2,259.0000,154.117963
2,260.0000,159.674704
2,261.0000,150.599332
2,262.0000,146.109386
2,263.0000,154.622882
2,264.0000,152.597215
2,265.0000,142.577448
2,266.0000,152.496436
2,267.0000,142.626457
2,268.0000,157.164323
2,269.0000,147.512941
2,270.0000,138.317677
2,271.0000,152.618512
2,272.0000,155.927862
2,273.0000,162.702951
2,274.0000,147.797624
2,275.0000,149.973082
2,276.0000,150.344401
2,277.0000,140.096322
2,278.0000,148.613410
2,279.0000,153.981562
2,280.0000,152.691395
2,281.0000,145.609235
2,282.0000,140.557804
2,283.0000,163.666806
2,284.0000,162.954611
2,285.0000,151.440455
2,286.0000,154.889944
2,287.0000,154.335276
2,288.0000,147.502616
2,289.0000,151.861400
2,290.0000,160.022213
2,291.0000,149.537246
2,292.0000,156.663382
2,293.0000,157.127878
2,294.0000,161.388530
2,295.0000,165.320385
2,296.0000,150.045459
2,297.0000,154.739991
2,298.0000,142.859755
2,299.0000,160.427142
2,300.0000,147.004277
2,301.0000,150.145217
2,302.0000,146.210647
2,303.0000,151.023304
2,304.0000,147.162195
2,305.0000,143.927801
2,306.0000,150.491913
2,307.0000,144.688680
2,308.0000,157.337556
2,309.0000,142.629821
2,310.0000,148.195118
2,311.0000,153.305592
2,312.0000,158.177031
2,313.0000,145.639261
2,314.0000,147.628127
2,315.0000,148.801306
2,316.0000,145.589281
2,317.0000,139.946909
2,318.0000,147.878309
2,319.0000,148.878837
2,320.0000,161.341987
2,321.0000,150.609478
2,322.0000,150.467892
2,323.0000,142.350634
2,324.0000,139.158513
2,325.0000,156.182377
2,326.0000,146.026375
2,327.0000,144.895421
2,328.0000,150.798193
2,329.0000,153.741418
2,330.0000,140.538646
2,331.0000,151.146509
2,332.0000,148.339983
2,333.0000,143.262868
2,334.0000,139.326366
2,335.0000,149.115435
2,336.0000,157.883718
2,337.0000,146.474880
2,338.0000,143.503701
2,339.0000,150.641457
2,340.0000,149.657949
2,341.0000,153.145259
2,342.0000,145.582461
2,343.0000,142.460927
2,344.0000,158.636727
2,345.0000,156.487448
2,346.0000,151.178247
2,347.0000,145.947806
2,348.0000,153.641105
2,349.0000,152.301482
2,350.0000,147.321141
2,351.0000,150.041962
2,352.0000,144.533874
2,353.0000,160.140513
2,354.0000,149.403999
2,355.0000,148.460913
2,356.0000,154.512920
2,357.0000,167.834615
2,358.0000,152.878395
2,359.0000,156.072915
2,360.0000,148.013524
2,361.0000,157.364178
2,362.0000,145.306116
2,363.0000,141.361379
2,364.0000,147.124331
2,365.0000,158.859965
2,366.0000,150.711502
2,367.0000,161.409345
2,368.0000,146.044580
2,369.0000,155.379401
2,370.0000,144.501846
2,371.0000,150.315751
2,372.0000,145.703124
2,373.0000,147.564852
2,374.0000,151.136008
2,375.0000,153.301872
2,376.0000,147.347017
2,377.0000,149.394841
2,378.0000,149.024033
2,379.0000,145.793919
2,380.0000,140.856442
2,381.0000,139.362525
2,382.0000,147.896767
2,383.0000,150.216126
2,384.0000,151.202432
2,385.0000,144.258102
2,386.0000,148.439829
2,387.0000,154.725323
2,388.0000,149.758480
2,389.0000,150.447952
2,390.0000,143.593900
2,391.0000,144.192969
2,392.0000,149.152498
2,393.0000,146.360641
2,394.0000,151.620143
2,395.0000,162.857583
2,396.0000,145.509676
2,397.0000,164.152306
2,398.0000,148.684046
2,399.0000,158.215143
2,400.0000,149.502530
2,401.0000,152.075262
2,402.0000,151.377489
2,403.0000,143.084347
2,404.0000,151.127403
2,405.0000,153.865127
2,406.0000,156.443796
2,407.0000,140.852708
2,408.0000,143.311762
2,409.0000,153.199804
2,410.0000,149.494908
2,411.0000,154.099922
2,412.0000,150.877722
2,413.0000,151.834281
2,414.0000,135.983767
2,415.0000,153.945431
2,416.0000,143.809696
2,417.0000,152.713564
2,418.0000,135.769350
2,419.0000,146.968477
2,420.0000,146.724372
2,421.0000,154.697908
2,422.0000,145.590639
2,423.0000,147.107436
2,424.0000,144.293700
2,425.0000,149.535963
2,426.0000,144.570671
2,427.0000,157.576000
2,428.0000,155.039111
2,429.0000,167.794178
2,430.0000,145.517029
2,431.0000,141.791251
2,432.0000,151.047058
2,433.0000,152.121670
2,434.0000,154.890065
2,435.0000,157.791684
2,436.0000,137.733929
2,437.0000,148.368107
2,438.0000,151.916549
2,439.0000,144.491043
2,440.0000,134.774031
2,441.0000,154.198497
2,442.0000,149.037400
2,443.0000,154.960174
2,444.0000,155.613993
2,445.0000,150.137677
2,446.0000,154.503534
2,447.0000,153.981877
2,448.0000,141.369414
2,449.0000,152.885046
2,450.0000,154.180734
2,451.0000,152.868112
2,452.0000,139.254228
2,453.0000,151.894872
2,454.0000,141.334268
2,455.0000,154.391053
2,456.0000,146.122819
2,457.0000,149.473279
2,458.0000,160.748334
2,459.0000,151.785481
2,460.0000,156.903207
2,461.0000,148.858180
2,462.0000,143.222273
2,463.0000,142.906224
2,464.0000,137.270628
2,465.0000,156.525933
2,466.0000,140.938298
2,467.0000,143.487959
2,468.0000,148.452453
2,469.0000,147.760072
2,470.0000,147.905373
2,471.0000,147.542183
2,472.0000,160.515810
2,473.0000,161.481283
2,474.0000,144.047912
2,475.0000,148.534315
2,476.0000,157.052032
2,477.0000,150.718928
2,478.0000,138.338719
2,479.0000,162.848400
2,480.0000,140.029051
2,481.0000,150.447787
2,482.0000,144.361430
2,483.0000,157.131405
2,484.0000,141.039270
2,485.0000,156.884228
2,486.0000,153.471549
2,487.0000,159.599320
2,488.0000,147.372465
2,489.0000,144.987201
2,490.0000,148.259305
2,491.0000,154.565088
2,492.0000,144.662751
2,493.0000,154.042392
2,494.0000,148.730008
2,495.0000,151.218349
2,496.0000,149.079020
2,497.0000,151.132068
2,498.0000,145.179377
2,499.0000,148.807947
2,500.0000,144.191349
2,501.0000,145.442264
2,502.0000,155.496241
2,503.0000,146.434551
2,504.0000,156.542250
2,505.0000,141.862807
2,506.0000,156.516669
2,507.0000,145.311627
2,508.0000,154.669856
2,509.0000,148.164137
2,510.0000,151.276667
2,511.0000,144.557356
2,512.0000,140.704417
2,513.0000,142.018553
2,514.0000,150.176953
2,515.0000,151.852969
2,516.0000,147.761813
2,517.0000,145.390066
2,518.0000,157.117251
2,519.0000,145.765224
2,520.0000,150.372067
2,521.0000,151.436561
2,522.0000,149.860540
2,523.0000,152.250472
2,524.0000,148.871991
2,525.0000,154.331327
2,526.0000,155.047324
2,527.0000,146.461121
2,528.0000,173.322343
2,529.0000,141.602961
2,530.0000,158.816935
2,531.0000,148.581539
2,532.0000,159.220513
2,533.0000,150.860117
2,534.0000,156.530574
2,535.0000,151.991435
2,536.0000,151.036723
2,537.0000,159.386128
2,538.0000,153.593116
2,539.0000,145.059226
2,540.0000,153.593416
2,541.0000,145.119782
2,542.0000,142.435508
2,543.0000,151.629120
2,544.0000,133.017513
2,545.0000,145.769011
2,546.0000,143.315053
2,547.0000,155.228812
2,548.0000,149.339223
2,549.0000,145.100818
2,550.0000,143.879557
2,551.0000,153.792098
2,552.0000,160.216668
2,553.0000,144.859852
2,554.0000,142.087054
2,555.0000,148.815766
2,556.0000,157.054269
2,557.0000,149.661697
2,558.0000,151.235940
2,559.0000,148.839277
2,560.0000,148.544690
2,561.0000,140.433057
2,562.0000,146.047215
2,563.0000,154.466842
2,564.0000,150.140875
2,565.0000,147.636069
2,566.0000,159.263666
2,567.0000,148.383541
2,568.0000,149.584544
2,569.0000,139.515752
2,570.0000,157.683777
2,571.0000,136.454863
2,572.0000,148.430294
2,573.0000,158.468396
2,574.0000,147.747308
2,575.0000,150.458639
2,576.0000,150.185388
2,577.0000,160.786303
2,578.0000,159.874830
2,579.0000,156.689643
2,580.0000,157.574014
2,581.0000,156.696272
2,582.0000,157.790263
2,583.0000,154.907513
2,584.0000,156.824008
2,585.0000,154.066798
2,586.0000,155.341249
2,587.0000,155.653187
2,588.0000,166.689605
2,589.0000,156.651675
2,590.0000,153.360151
2,591.0000,151.046368
2,592.0000,156.612807
2,593.0000,152.232374
2,594.0000,153.543790
2,595.0000,139.706565
2,596.0000,151.071776
2,597.0000,157.686195
2,598.0000,158.280389
2,599.0000,155.950870
2,600.0000,151.041241
2,601.0000,162.774267
2,602.0000,166.831613
2,603.0000,158.625497
2,604.0000,155.610698
2,605.0000,172.407934
2,606.0000,173.170407
2,607.0000,172.184070
2,608.0000,173.974495
2,609.0000,176.385966
2,610.0000,179.256059
2,611.0000,187.861969
2,612.0000,193.499557
2,613.0000,202.450562
2,614.0000,204.219513
2,615.0000,218.154589
2,616.0000,238.416578
2,617.0000,244.622120
2,618.0000,285.192147
2,619.0000,303.422627
2,620.0000,318.569282
2,621.0000,309.859560
2,622.0000,293.273467
2,623.0000,264.742423
2,624.0000,243.911318
2,625.0000,216.973343
2,626.0000,213.727569
2,627.0000,193.886117
2,628.0000,187.241897
2,629.0000,179.099073
2,630.0000,179.991418
2,631.0000,185.847778
2,632.0000,177.833717
2,633.0000,161.158081
2,634.0000,161.838731
2,635.0000,175.402259
2,636.0000,155.581571
2,637.0000,151.289562
2,638.0000,162.017109
2,639.0000,154.017787
2,640.0000,155.304689
2,641.0000,168.962271
2,642.0000,165.074544
2,643.0000,158.353148
2,644.0000,158.452443
2,645.0000,157.740811
2,646.0000,154.455435
2,647.0000,153.277126
2,648.0000,153.547939
2,649.0000,157.412452
2,650.0000,164.200404
2,651.0000,163.843326
2,652.0000,154.061355
2,653.0000,144.753649
2,654.0000,159.369299
2,655.0000,157.115800
2,656.0000,156.048694
2,657.0000,147.476233
2,658.0000,150.682558
2,659.0000,158.164216
2,660.0000,150.760689
2,661.0000,145.699907
2,662.0000,150.334172
2,663.0000,149.044277
2,664.0000,154.161344
2,665.0000,153.956576
2,666.0000,157.823011
2,667.0000,154.052207
2,668.0000,155.153378
2,669.0000,140.287483
2,670.0000,151.587786
2,671.0000,152.817495
2,672.0000,157.808523
2,673.0000,161.643025
2,674.0000,159.840556
2,675.0000,153.873502
2,676.0000,153.422009
2,677.0000,142.985369
2,678.0000,142.120846
2,679.0000,148.043320
2,680.0000,147.480326
2,681.0000,151.550065
2,682.0000,145.768819
2,683.0000,151.912235
2,684.0000,146.615976
2,685.0000,158.981484
2,686.0000,153.462774
2,687.0000,166.402594
2,688.0000,150.585952
2,689.0000,148.761820
2,690.0000,155.575901
2,691.0000,155.170148
2,692.0000,164.007727
2,693.0000,139.218562
2,694.0000,137.897903
2,695.0000,146.135003
2,696.0000,154.815548
2,697.0000,161.158929
2,698.0000,146.380091
2,699.0000,145.679830
2,700.0000,155.812555
2,701.0000,159.760773
2,702.0000,162.533428
2,703.0000,161.008450
2,704.0000,150.780988
2,705.0000,154.535905
2,706.0000,143.941055
2,707.0000,146.481787
2,708.0000,150.960990
2,709.0000,148.014730
2,710.0000,150.436706
2,711.0000,150.623792
2,712.0000,147.309626
2,713.0000,147.165429
2,714.0000,155.840848
2,715.0000,150.353542
2,716.0000,147.610001
2,717.0000,153.001782
2,718.0000,139.480624
2,719.0000,149.016399
2,720.0000,157.058595
2,721.0000,146.574935
2,722.0000,153.649863
2,723.0000,141.931894
2,724.0000,164.162983
2,725.0000,156.816851
2,726.0000,155.347126
2,727.0000,154.142366
2,728.0000,156.266522
2,729.0000,151.068902
2,730.0000,153.988153
2,731.0000,148.416108
2,732.0000,157.263444
2,733.0000,146.062453
2,734.0000,158.198327
2,735.0000,146.934334
2,736.0000,149.431060
2,737.0000,154.392657
2,738.0000,149.742054
2,739.0000,151.678130
2,740.0000,157.945448
2,741.0000,143.953401
2,742.0000,147.553957
2,743.0000,148.589760
2,744.0000,146.150114
2,745.0000,153.218535
2,746.0000,148.516029
2,747.0000,157.508143
2,748.0000,146.031411
2,749.0000,157.594586
2,750.0000,158.788061
2,751.0000,153.096264
2,752.0000,148.499630
2,753.0000,162.406289
2,754.0000,168.364688
2,755.0000,149.782067
2,756.0000,160.242466
2,757.0000,152.332302
2,758.0000,148.798922
2,759.0000,157.539145
2,760.0000,150.549309
2,761.0000,152.765015
2,762.0000,153.349207
2,763.0000,149.425999
2,764.0000,152.734843
2,765.0000,148.868525
2,766.0000,160.560759
2,767.0000,146.929187
2,768.0000,168.264968
2,769.0000,153.514251
2,770.0000,155.268569
2,771.0000,150.568872
2,772.0000,163.183230
2,773.0000,144.145130
2,774.0000,159.484290
2,775.0000,158.700794
2,776.0000,168.863669
2,777.0000,156.363790
2,778.0000,167.935920
2,779.0000,175.241420
2,780.0000,160.116057
2,781.0000,164.041142
2,782.0000,163.146168
2,783.0000,170.136819
2,784.0000,174.841551
2,785.0000,172.395121
2,786.0000,174.474751
2,787.0000,184.482248
2,788.0000,184.680152
2,789.0000,193.906163
2,790.0000,204.705004
2,791.0000,207.832752
2,792.0000,225.695114
2,793.0000,234.614971
2,794.0000,235.070103
2,795.0000,248.101694
2,796.0000,245.281394
2,797.0000,225.694935
2,798.0000,211.527733
2,799.0000,211.893443
2,800.0000,201.148477
2,801.0000,183.112313
2,802.0000,186.752225
2,803.0000,178.284669
2,804.0000,172.380643
2,805.0000,170.539993
2,806.0000,154.998961
2,807.0000,168.612978
2,808.0000,161.688181
2,809.0000,155.329991
2,810.0000,165.818759
2,811.0000,151.162814
2,812.0000,157.306018
2,813.0000,157.030920
2,814.0000,155.797284
2,815.0000,164.649970
2,816.0000,160.570922
2,817.0000,152.185978
2,818.0000,166.513089
2,819.0000,148.731586
2,820.0000,166.032892
2,821.0000,147.394865
2,822.0000,159.998486
2,823.0000,155.240530
2,824.0000,157.855428
2,825.0000,161.196440
2,826.0000,161.024385
2,827.0000,141.753320
2,828.0000,151.497825
2,829.0000,142.723941
2,830.0000,148.745288
2,831.0000,153.798001
2,832.0000,147.549242
2,833.0000,151.530132
2,834.0000,147.742013
2,835.0000,153.314617
2,836.0000,151.130381
2,837.0000,147.064099
2,838.0000,149.953309
2,839.0000,155.255946
2,840.0000,141.398520
2,841.0000,151.485588
2,842.0000,143.368354
2,843.0000,151.733358
2,844.0000,146.638822
2,845.0000,153.476391
2,846.0000,146.951871
2,847.0000,150.793909
2,848.0000,149.465672
2,849.0000,147.923772
2,850.0000,156.651903
2,851.0000,152.233220
2,852.0000,150.664454
2,853.0000,150.096979
2,854.0000,152.923271
2,855.0000,150.649955
2,856.0000,152.254351
2,857.0000,156.640502
2,858.0000,145.507661
2,859.0000,156.225593
2,860.0000,161.736999
2,861.0000,145.892910
2,862.0000,154.340548
2,863.0000,149.691705
2,864.0000,146.643518
2,865.0000,158.983031
2,866.0000,137.343662
2,867.0000,149.870153
2,868.0000,146.521821
2,869.0000,166.146692
2,870.0000,149.198610
2,871.0000,155.513027
2,872.0000,144.617211
2,873.0000,148.206812
2,874.0000,150.780998
2,875.0000,155.806626
2,876.0000,155.928807
2,877.0000,147.164826
2,878.0000,160.554120
2,879.0000,162.573952
2,880.0000,147.335322
2,881.0000,159.320390
2,882.0000,149.641960
2,883.0000,147.709793
2,884.0000,159.889772
2,885.0000,157.280970
2,886.0000,147.806430
2,887.0000,144.678588
2,888.0000,154.740111
2,889.0000,145.213587
2,890.0000,154.163559
2,891.0000,155.586201
2,892.0000,151.699975
2,893.0000,156.279371
2,894.0000,149.188834
2,895.0000,149.772790
2,896.0000,144.939554
2,897.0000,159.401426
2,898.0000,141.978758
2,899.0000,147.761065
2,900.0000,153.871613
2,901.0000,150.074750
2,902.0000,150.672292
2,903.0000,153.919700
2,904.0000,153.495196
2,905.0000,163.795001
2,906.0000,153.427607
2,907.0000,146.225029
2,908.0000,143.435841
2,909.0000,157.783754
2,910.0000,154.179456
2,911.0000,151.532621
2,912.0000,157.181677
2,913.0000,147.042799
2,914.0000,159.555155
2,915.0000,159.043996
2,916.0000,152.537221
2,917.0000,153.317379
2,918.0000,161.180326
2,919.0000,147.116161
2,920.0000,157.560752
2,921.0000,158.373859
2,922.0000,154.926527
2,923.0000,141.475446
2,924.0000,146.135017
2,925.0000,162.885097
2,926.0000,145.723800
2,927.0000,150.483881
2,928.0000,152.513848
2,929.0000,152.029450
2,930.0000,147.371439
2,931.0000,156.710719
2,932.0000,149.336078
2,933.0000,161.239596
2,934.0000,155.977325
2,935.0000,161.326931
2,936.0000,150.627369
2,937.0000,150.637240
2,938.0000,146.442481
2,939.0000,154.540256
2,940.0000,145.498834
2,941.0000,161.323261
2,942.0000,155.756168
2,943.0000,158.765021
2,944.0000,144.633976
2,945.0000,151.278484
2,946.0000,160.671144
2,947.0000,159.105355
2,948.0000,161.402682
2,949.0000,154.882024
2,950.0000,154.248246
2,951.0000,143.455689
2,952.0000,141.848305
2,953.0000,149.530800
2,954.0000,163.516373
2,955.0000,155.234320
2,956.0000,154.099582
2,957.0000,155.377363
2,958.0000,152.426784
2,959.0000,152.175674
2,960.0000,157.995493
2,961.0000,167.348502
2,962.0000,155.997953
2,963.0000,158.513823
2,964.0000,147.352757
2,965.0000,165.625025
2,966.0000,155.772120
2,967.0000,159.482241
2,968.0000,154.960435
2,969.0000,150.013275
2,970.0000,163.886676
2,971.0000,155.316797
2,972.0000,155.497217
2,973.0000,173.448807
2,974.0000,154.007048
2,975.0000,163.877190
2,976.0000,169.821305
2,977.0000,181.194942
2,978.0000,164.382899
2,979.0000,156.174739
2,980.0000,169.258450
2,981.0000,174.124286
2,982.0000,173.036970
2,983.0000,188.206924
2,984.0000,177.938469
2,985.0000,176.432497
2,986.0000,190.976813
2,987.0000,186.905091
2,988.0000,201.640648
2,989.0000,201.686082
2,990.0000,210.912001
2,991.0000,233.622134
2,992.0000,242.117687
2,993.0000,257.861235
2,994.0000,291.130793
2,995.0000,335.867158
2,996.0000,396.399866
2,997.0000,480.663277
2,998.0000,601.644533
2,999.0000,768.511719
2,1000.0000,963.136285
2,1001.0000,1048.835534
2,1002.0000,957.733131
2,1003.0000,766.292904
2,1004.0000,604.791989
2,1005.0000,482.738138
2,1006.0000,384.634342
2,1007.0000,336.525609
2,1008.0000,299.072395
2,1009.0000,274.059894
2,1010.0000,247.651829
2,1011.0000,245.778786
2,1012.0000,228.451191
2,1013.0000,206.797761
2,1014.0000,206.051174
2,1015.0000,209.531542
2,1016.0000,204.380931
2,1017.0000,204.884154
2,1018.0000,194.878430
2,1019.0000,204.359388
2,1020.0000,195.588318
2,1021.0000,206.311642
2,1022.0000,218.672567
2,1023.0000,235.495612
2,1024.0000,235.918504
2,1025.0000,256.589977
2,1026.0000,291.824881
2,1027.0000,315.819381
2,1028.0000,383.881796
2,1029.0000,454.133409
2,1030.0000,512.362774
2,1031.0000,531.493309
2,1032.0000,495.161665
2,1033.0000,448.512891
2,1034.0000,372.529006
2,1035.0000,322.522695
2,1036.0000,284.015920
2,1037.0000,255.093392
2,1038.0000,232.076956
2,1039.0000,211.790175
2,1040.0000,210.993813
2,1041.0000,194.003221
2,1042.0000,192.045599
2,1043.0000,187.816310
2,1044.0000,186.951177
2,1045.0000,175.310806
2,1046.0000,178.138727
2,1047.0000,171.787326
2,1048.0000,166.983774
2,1049.0000,174.225921
2,1050.0000,171.829436
2,1051.0000,171.638890
2,1052.0000,162.518289
2,1053.0000,166.741668
2,1054.0000,159.994311
2,1055.0000,160.371082
2,1056.0000,157.503172
2,1057.0000,162.652292
2,1058.0000,149.155191
2,1059.0000,156.674778
2,1060.0000,152.981089
2,1061.0000,155.457517
2,1062.0000,163.574627
2,1063.0000,148.925930
2,1064.0000,150.443694
2,1065.0000,153.847362
2,1066.0000,155.374314
2,1067.0000,161.269606
2,1068.0000,158.114491
2,1069.0000,150.164092
2,1070.0000,162.543287
2,1071.0000,155.228876
2,1072.0000,153.035597
2,1073.0000,150.776150
2,1074.0000,159.865043
2,1075.0000,147.242822
2,1076.0000,155.414310
2,1077.0000,154.193944
2,1078.0000,150.361776
2,1079.0000,145.978382
2,1080.0000,157.942143
2,1081.0000,150.334203
2,1082.0000,146.952656
2,1083.0000,148.588899
2,1084.0000,153.991500
2,1085.0000,157.010813
2,1086.0000,157.785603
2,1087.0000,162.730658
2,1088.0000,161.830456
2,1089.0000,156.225082
2,1090.0000,156.328508
2,1091.0000,158.714239
2,1092.0000,160.114707
2,1093.0000,159.144510
2,1094.0000,155.706495
2,1095.0000,152.103934
2,1096.0000,155.108578
2,1097.0000,148.079060
2,1098.0000,153.519151
2,1099.0000,150.593056
2,1100.0000,145.497525
2,1101.0000,149.441699
2,1102.0000,149.300817
2,1103.0000,159.720062
2,1104.0000,157.702566
2,1105.0000,147.093315
2,1106.0000,153.871732
2,1107.0000,155.455265
2,1108.0000,151.196592
2,1109.0000,159.662571
2,1110.0000,148.764146
2,1111.0000,153.344691
2,1112.0000,156.082313
2,1113.0000,153.011277
2,1114.0000,141.768501
2,1115.0000,149.302450
2,1116.0000,153.648994
2,1117.0000,156.051029
2,1118.0000,138.984250
2,1119.0000,150.488143
2,1120.0000,148.681440
2,1121.0000,152.298352
2,1122.0000,154.222365
2,1123.0000,163.736255
2,1124.0000,158.950871
2,1125.0000,151.648897
2,1126.0000,159.563255
2,1127.0000,155.658705
2,1128.0000,154.089786
2,1129.0000,155.727565
2,1130.0000,139.641579
2,1131.0000,157.409401
2,1132.0000,155.537562
2,1133.0000,162.519206
2,1134.0000,162.593475
2,1135.0000,174.041722
2,1136.0000,153.128607
2,1137.0000,159.562206
2,1138.0000,153.907811
2,1139.0000,159.612743
2,1140.0000,160.528141
2,1141.0000,173.386783
2,1142.0000,169.510597
2,1143.0000,168.703009
2,1144.0000,170.624692
2,1145.0000,170.792528
2,1146.0000,171.133586
2,1147.0000,183.904930
2,1148.0000,199.479184
2,1149.0000,200.392687
2,1150.0000,214.242425
2,1151.0000,221.263414
2,1152.0000,236.367529
2,1153.0000,258.850386
2,1154.0000,263.087302
2,1155.0000,274.249825
2,1156.0000,267.259927
2,1157.0000,263.356733
2,1158.0000,247.643777
2,1159.0000,230.985260
2,1160.0000,217.635112
2,1161.0000,204.872949
2,1162.0000,204.566211
2,1163.0000,185.700839
2,1164.0000,187.413455
2,1165.0000,174.412923
2,1166.0000,181.808754
2,1167.0000,174.420025
2,1168.0000,168.685857
2,1169.0000,181.711407
2,1170.0000,177.321278
2,1171.0000,173.585393
2,1172.0000,180.558754
2,1173.0000,184.926710
2,1174.0000,176.697490
2,1175.0000,183.470066
2,1176.0000,195.896313
2,1177.0000,191.924130
2,1178.0000,201.343658
2,1179.0000,217.677786
2,1180.0000,223.301091
2,1181.0000,254.305400
2,1182.0000,248.694762
2,1183.0000,257.761647
2,1184.0000,264.733239
2,1185.0000,246.333524
2,1186.0000,243.840012
2,1187.0000,223.517898
2,1188.0000,191.352576
2,1189.0000,197.723873
2,1190.0000,193.563562
2,1191.0000,181.931783
2,1192.0000,169.630059
2,1193.0000,184.579781
2,1194.0000,174.290662
2,1195.0000,159.550061
2,1196.0000,159.459409
2,1197.0000,156.835710
2,1198.0000,165.515618
2,1199.0000,169.798475
2,1200.0000,157.305411
2,1201.0000,157.365920
2,1202.0000,170.785859
2,1203.0000,161.607508
2,1204.0000,158.783714
2,1205.0000,154.675934
2,1206.0000,156.361596
2,1207.0000,152.732381
2,1208.0000,147.915248
2,1209.0000,163.638005
2,1210.0000,140.367634
2,1211.0000,151.829919
2,1212.0000,151.943457
2,1213.0000,150.953482
2,1214.0000,150.533161
2,1215.0000,148.795967
2,1216.0000,144.801057
2,1217.0000,147.136496
2,1218.0000,161.344765
2,1219.0000,158.165966
2,1220.0000,159.570920
2,1221.0000,155.033093
2,1222.0000,156.438592
2,1223.0000,154.756590
2,1224.0000,157.823097
2,1225.0000,156.626771
2,1226.0000,149.088671
2,1227.0000,151.048233
2,1228.0000,158.192099
2,1229.0000,154.095339
2,1230.0000,157.009703
2,1231.0000,146.877233
2,1232.0000,155.847686
2,1233.0000,142.827055
2,1234.0000,153.801481
2,1235.0000,160.432039
2,1236.0000,150.879564
2,1237.0000,152.196554
2,1238.0000,152.304884
2,1239.0000,152.486636
2,1240.0000,162.526847
2,1241.0000,153.091710
2,1242.0000,151.516159
2,1243.0000,147.796627
2,1244.0000,152.264165
2,1245.0000,152.779867
2,1246.0000,147.690004
2,1247.0000,156.672983
2,1248.0000,149.961395
2,1249.0000,156.410400
2,1250.0000,160.586582
2,1251.0000,156.179767
2,1252.0000,145.513926
2,1253.0000,148.626021
2,1254.0000,157.968065
2,1255.0000,159.264779
2,1256.0000,157.738724
2,1257.0000,148.974560
2,1258.0000,156.242782
2,1259.0000,152.563216
2,1260.0000,150.094033
2,1261.0000,147.243796
2,1262.0000,147.051220
2,1263.0000,138.759873
2,1264.0000,150.117276
2,1265.0000,157.511056
2,1266.0000,154.001939
2,1267.0000,148.741966
2,1268.0000,144.900610
2,1269.0000,151.151988
2,1270.0000,142.552762
2,1271.0000,151.118411
2,1272.0000,142.198267
2,1273.0000,154.778152
2,1274.0000,149.017318
2,1275.0000,150.233595
2,1276.0000,156.280567
2,1277.0000,138.873422
2,1278.0000,150.236659
2,1279.0000,151.347852
2,1280.0000,138.230206
2,1281.0000,159.835877
2,1282.0000,152.331118
2,1283.0000,152.982784
2,1284.0000,158.814132
2,1285.0000,151.418937
2,1286.0000,143.952440
2,1287.0000,142.822950
2,1288.0000,146.858661
2,1289.0000,150.503063
2,1290.0000,158.101590
2,1291.0000,152.293722
2,1292.0000,154.887518
2,1293.0000,143.015458
2,1294.0000,147.234281
2,1295.0000,157.902062
2,1296.0000,147.964828
2,1297.0000,155.173231
2,1298.0000,142.542737
2,1299.0000,157.107744
2,1300.0000,156.981755
2,1301.0000,153.383623
2,1302.0000,144.255234
2,1303.0000,147.732832
2,1304.0000,155.302426
2,1305.0000,152.679047
2,1306.0000,143.293869
2,1307.0000,156.516122
2,1308.0000,148.992493
2,1309.0000,153.467303
2,1310.0000,154.450441
2,1311.0000,148.237483
2,1312.0000,142.353820
2,1313.0000,147.744004
2,1314.0000,136.997417
2,1315.0000,146.145910
2,1316.0000,145.008487
2,1317.0000,147.025173
2,1318.0000,145.869158
2,1319.0000,138.998985
2,1320.0000,153.907982
2,1321.0000,154.618649
2,1322.0000,150.539534
2,1323.0000,151.671125
2,1324.0000,150.131169
2,1325.0000,151.011556
2,1326.0000,140.358746
2,1327.0000,157.499966
2,1328.0000,143.931647
2,1329.0000,153.759647
2,1330.0000,157.248705
2,1331.0000,149.625500
2,1332.0000,143.823814
2,1333.0000,164.254240
2,1334.0000,160.531078
2,1335.0000,156.729448
2,1336.0000,151.729155
2,1337.0000,153.590749
2,1338.0000,148.916962
2,1339.0000,151.457873
2,1340.0000,153.676187
2,1341.0000,161.241421
2,1342.0000,157.862204
2,1343.0000,155.847713
2,1344.0000,142.587306
2,1345.0000,147.396514
2,1346.0000,153.810504
2,1347.0000,143.687307
2,1348.0000,158.636059
2,1349.0000,164.071651
2,1350.0000,142.609414
2,1351.0000,154.125826
2,1352.0000,153.195274
2,1353.0000,142.489675
2,1354.0000,162.320145
2,1355.0000,147.892427
2,1356.0000,141.855660
2,1357.0000,154.140888
2,1358.0000,156.783865
2,1359.0000,159.098485
2,1360.0000,150.826211
2,1361.0000,156.359337
2,1362.0000,142.279954
2,1363.0000,150.104344
2,1364.0000,150.409149
2,1365.0000,154.999389
2,1366.0000,152.104485
2,1367.0000,145.209160
2,1368.0000,153.683809
2,1369.0000,142.339914
2,1370.0000,151.364635
2,1371.0000,148.092924
2,1372.0000,163.334382
2,1373.0000,152.104918
2,1374.0000,144.548363
2,1375.0000,159.807270
2,1376.0000,149.229077
2,1377.0000,157.369741
2,1378.0000,139.987416
2,1379.0000,165.995957
2,1380.0000,145.828078
2,1381.0000,146.997392
2,1382.0000,154.836303
2,1383.0000,156.032082
2,1384.0000,148.976056
2,1385.0000,148.286879
2,1386.0000,159.117940
2,1387.0000,151.267244
2,1388.0000,168.644423
2,1389.0000,150.125284
2,1390.0000,153.293905
2,1391.0000,158.048154
2,1392.0000,159.271905
2,1393.0000,147.162944
2,1394.0000,157.068751
2,1395.0000,151.699896
2,1396.0000,160.166233
2,1397.0000,154.202788
2,1398.0000,154.442814
2,1399.0000,149.798964
2,1400.0000,152.288275
2,1401.0000,153.844291
2,1402.0000,141.566107
2,1403.0000,164.361324
2,1404.0000,150.217248
2,1405.0000,159.483688
2,1406.0000,157.055601
2,1407.0000,160.274257
2,1408.0000,155.222955
2,1409.0000,146.443253
2,1410.0000,148.846503
2,1411.0000,147.199684
2,1412.0000,162.289698
2,1413.0000,162.290466
2,1414.0000,158.145214
2,1415.0000,165.650992
2,1416.0000,168.115923
2,1417.0000,160.066965
2,1418.0000,160.958123
2,1419.0000,161.886612
2,1420.0000,161.484953
2,1421.0000,154.000761
2,1422.0000,170.397167
2,1423.0000,158.322443
2,1424.0000,151.465609
2,1425.0000,170.565588
2,1426.0000,169.034181
2,1427.0000,174.267287
2,1428.0000,158.015185
2,1429.0000,179.049427
2,1430.0000,174.716404
2,1431.0000,179.729616
2,1432.0000,177.552469
2,1433.0000,182.464762
2,1434.0000,176.283120
2,1435.0000,190.637091
2,1436.0000,182.835404
2,1437.0000,199.630335
2,1438.0000,206.962188
2,1439.0000,220.921399
2,1440.0000,217.593288
2,1441.0000,224.977348
2,1442.0000,228.474227
2,1443.0000,256.414467
2,1444.0000,254.003150
2,1445.0000,272.821624
2,1446.0000,305.965794
2,1447.0000,314.354806
2,1448.0000,335.881515
2,1449.0000,348.549263
2,1450.0000,336.172156
2,1451.0000,341.319424
2,1452.0000,341.805827
2,1453.0000,315.417282
2,1454.0000,298.004573
2,1455.0000,284.454922
2,1456.0000,251.919310
2,1457.0000,253.046992
2,1458.0000,229.898980
2,1459.0000,215.932255
2,1460.0000,212.248117
2,1461.0000,204.417158
2,1462.0000,199.941684
2,1463.0000,196.092413
2,1464.0000,192.199341
2,1465.0000,184.684430
2,1466.0000,170.333302
2,1467.0000,183.937933
2,1468.0000,184.093985
2,1469.0000,171.150871
2,1470.0000,170.181591
2,1471.0000,175.557626
2,1472.0000,167.563743
2,1473.0000,165.891438
2,1474.0000,170.907281
2,1475.0000,162.044579
2,1476.0000,169.169959
2,1477.0000,153.741953
2,1478.0000,160.051121
2,1479.0000,163.391075
2,1480.0000,165.839775
2,1481.0000,164.597361
2,1482.0000,177.378959
2,1483.0000,155.794554
2,1484.0000,153.751958
2,1485.0000,154.340790
2,1486.0000,163.859651
2,1487.0000,151.122203
2,1488.0000,163.694358
2,1489.0000,161.892880
2,1490.0000,158.128644
2,1491.0000,152.241274
2,1492.0000,149.341810
2,1493.0000,164.721465
2,1494.0000,155.420627
2,1495.0000,162.719073
2,1496.0000,144.087194
2,1497.0000,152.948310
2,1498.0000,155.456922
2,1499.0000,162.184157
2,1500.0000,152.001700
2,1501.0000,165.726742
2,1502.0000,148.896689
2,1503.0000,161.882674
2,1504.0000,153.728449
2,1505.0000,159.131065
2,1506.0000,163.035204
2,1507.0000,157.807318
2,1508.0000,153.129244
2,1509.0000,157.870000
2,1510.0000,143.623263
2,1511.0000,155.908107
2,1512.0000,156.035752
2,1513.0000,160.682634
2,1514.0000,149.482500
2,1515.0000,150.038579
2,1516.0000,157.833266
2,1517.0000,160.793865
2,1518.0000,151.236991
2,1519.0000,147.069774
2,1520.0000,155.174779
2,1521.0000,162.629835
2,1522.0000,152.416580
2,1523.0000,148.831291
2,1524.0000,159.919057
2,1525.0000,155.315696
2,1526.0000,155.355214
2,1527.0000,141.040112
2,1528.0000,156.483293
2,1529.0000,145.434937
2,1530.0000,152.966840
2,1531.0000,152.478658
2,1532.0000,149.808982
2,1533.0000,161.356964
2,1534.0000,155.045956
2,1535.0000,150.867548
2,1536.0000,153.799782
2,1537.0000,158.875381
2,1538.0000,159.206668
2,1539.0000,152.795626
2,1540.0000,162.534547
2,1541.0000,152.456439
2,1542.0000,160.500179
2,1543.0000,162.197865
2,1544.0000,161.118489
2,1545.0000,146.660050
2,1546.0000,158.261877
2,1547.0000,163.056466
2,1548.0000,158.397835
2,1549.0000,158.131790
2,1550.0000,155.605842
2,1551.0000,165.519204
2,1552.0000,164.539492
2,1553.0000,166.043840
2,1554.0000,152.650927
2,1555.0000,157.361850
2,1556.0000,161.899855
2,1557.0000,162.199651
2,1558.0000,175.041464
2,1559.0000,159.823770
2,1560.0000,153.673373
2,1561.0000,174.083824
2,1562.0000,163.376491
2,1563.0000,174.576943
2,1564.0000,174.384070
2,1565.0000,158.651645
2,1566.0000,167.360577
2,1567.0000,176.650282
2,1568.0000,169.800353
2,1569.0000,191.108951
2,1570.0000,181.934353
2,1571.0000,189.240201
2,1572.0000,191.134314
2,1573.0000,197.050071
2,1574.0000,198.615738
2,1575.0000,215.543488
2,1576.0000,227.013422
2,1577.0000,239.023109
2,1578.0000,262.352862
2,1579.0000,277.009971
2,1580.0000,310.126175
2,1581.0000,334.219162
2,1582.0000,343.225060
2,1583.0000,348.318065
2,1584.0000,352.370911
2,1585.0000,333.138612
2,1586.0000,319.695992
2,1587.0000,292.312373
2,1588.0000,282.774468
2,1589.0000,267.380781
2,1590.0000,273.382268
2,1591.0000,271.601503
2,1592.0000,274.989764
2,1593.0000,269.390077
2,1594.0000,295.946309
2,1595.0000,301.786726
2,1596.0000,343.607287
2,1597.0000,389.258557
2,1598.0000,445.214513
2,1599.0000,522.490856
2,1600.0000,606.020259
2,1601.0000,684.848555
2,1602.0000,720.596883
2,1603.0000,681.166075
2,1604.0000,611.324202
2,1605.0000,514.388015
2,1606.0000,440.899695
2,1607.0000,374.149400
2,1608.0000,330.557364
2,1609.0000,303.852422
2,1610.0000,264.355755
2,1611.0000,249.017252
2,1612.0000,233.315307
2,1613.0000,220.578769
2,1614.0000,210.676665
2,1615.0000,213.194085
2,1616.0000,194.666188
2,1617.0000,190.014254
2,1618.0000,183.722070
2,1619.0000,171.953338
2,1620.0000,175.946606
2,1621.0000,170.499154
2,1622.0000,179.382715
2,1623.0000,164.998304
2,1624.0000,177.827567
2,1625.0000,166.177105
2,1626.0000,160.544731
2,1627.0000,165.366637
2,1628.0000,160.158112
2,1629.0000,169.918467
2,1630.0000,168.628656
2,1631.0000,161.184535
2,1632.0000,166.427893
2,1633.0000,161.073169
2,1634.0000,166.697108
2,1635.0000,156.611416
2,1636.0000,167.160049
2,1637.0000,172.440369
2,1638.0000,152.484087
2,1639.0000,150.695975
2,1640.0000,153.321508
2,1641.0000,153.106613
2,1642.0000,152.300518
2,1643.0000,157.838766
2,1644.0000,152.840811
2,1645.0000,162.760811
2,1646.0000,157.284429
2,1647.0000,153.371295
2,1648.0000,158.654401
2,1649.0000,143.131149
2,1650.0000,150.518785
2,1651.0000,146.205420
2,1652.0000,157.063749
2,1653.0000,157.199535
2,1654.0000,159.301299
2,1655.0000,148.891226
2,1656.0000,162.001750
2,1657.0000,148.427719
2,1658.0000,146.040043
2,1659.0000,159.805229
2,1660.0000,164.615343
2,1661.0000,155.224597
2,1662.0000,159.441070
2,1663.0000,151.989711
2,1664.0000,150.454194
2,1665.0000,151.465536
2,1666.0000,158.174087
2,1667.0000,157.037625
2,1668.0000,150.350914
2,1669.0000,140.412998
2,1670.0000,145.928162
2,1671.0000,154.733360
2,1672.0000,153.826803
2,1673.0000,154.524637
2,1674.0000,150.925517
2,1675.0000,143.454088
2,1676.0000,144.539767
2,1677.0000,136.764145
2,1678.0000,156.606006
2,1679.0000,149.704101
2,1680.0000,160.446133
2,1681.0000,156.230705
2,1682.0000,147.429039
2,1683.0000,144.446829
2,1684.0000,155.527926
2,1685.0000,150.971977
2,1686.0000,157.666552
2,1687.0000,155.718925
2,1688.0000,151.436672
2,1689.0000,153.685663
2,1690.0000,151.056238
2,1691.0000,138.477830
2,1692.0000,147.547952
2,1693.0000,157.216700
2,1694.0000,150.460103
2,1695.0000,156.554267
2,1696.0000,153.235165
2,1697.0000,145.417215
2,1698.0000,147.130476
2,1699.0000,148.213200
2,1700.0000,160.903257
2,1701.0000,146.901077
2,1702.0000,161.425068
2,1703.0000,159.013879
2,1704.0000,158.756971
2,1705.0000,161.914062
2,1706.0000,147.724758
2,1707.0000,145.030199
2,1708.0000,150.858613
2,1709.0000,149.721659
2,1710.0000,147.547991
2,1711.0000,154.075258
2,1712.0000,156.915974
2,1713.0000,140.123540
2,1714.0000,160.798005
2,1715.0000,151.242127
2,1716.0000,149.455562
2,1717.0000,162.142489
2,1718.0000,149.443814
2,1719.0000,156.342698
2,1720.0000,155.177011
2,1721.0000,152.542244
2,1722.0000,154.085414
2,1723.0000,152.063010
2,1724.0000,146.849290
2,1725.0000,156.291215
2,1726.0000,149.957884
2,1727.0000,145.365758
2,1728.0000,155.114206
2,1729.0000,147.324057
2,1730.0000,150.859549
2,1731.0000,144.270013
2,1732.0000,147.151401
2,1733.0000,146.102845
2,1734.0000,155.246964
2,1735.0000,141.334896
2,1736.0000,153.591941
2,1737.0000,147.603114
2,1738.0000,162.722516
2,1739.0000,159.803099
2,1740.0000,153.598179
2,1741.0000,160.377137
2,1742.0000,147.518852
2,1743.0000,154.161177
2,1744.0000,142.149153
2,1745.0000,152.913336
2,1746.0000,160.477856
2,1747.0000,139.516273
2,1748.0000,142.856007
2,1749.0000,161.258259
2,1750.0000,151.542286
2,1751.0000,150.672637
2,1752.0000,142.687729
2,1753.0000,140.186589
2,1754.0000,147.885601
2,1755.0000,156.504516
2,1756.0000,149.080895
2,1757.0000,154.529975
2,1758.0000,161.008629
2,1759.0000,142.172628
2,1760.0000,142.320279
2,1761.0000,155.679681
2,1762.0000,147.341676
2,1763.0000,146.610404
2,1764.0000,156.852799
2,1765.0000,138.102996
2,1766.0000,152.125717
2,1767.0000,151.671505
2,1768.0000,147.240063
2,1769.0000,135.046538
2,1770.0000,149.497718
2,1771.0000,143.425031
2,1772.0000,148.635891
2,1773.0000,145.644220
2,1774.0000,154.520707
2,1775.0000,151.583655
2,1776.0000,147.639863
2,1777.0000,164.720952
2,1778.0000,153.429825
2,1779.0000,152.164085
2,1780.0000,165.180832
2,1781.0000,144.063360
2,1782.0000,148.968634
2,1783.0000,155.280037
2,1784.0000,144.107230
2,1785.0000,148.186833
2,1786.0000,160.227681
2,1787.0000,157.050272
2,1788.0000,149.567112
2,1789.0000,142.580821
2,1790.0000,147.945558
2,1791.0000,159.516990
2,1792.0000,153.127690
2,1793.0000,149.765033
2,1794.0000,158.092753
2,1795.0000,145.689102
2,1796.0000,140.058982
2,1797.0000,152.831778
2,1798.0000,150.441599
2,1799.0000,159.494027
2,1800.0000,150.036448
2,1801.0000,138.707247
2,1802.0000,155.123898
2,1803.0000,150.434971
2,1804.0000,153.832822
2,1805.0000,144.159753
2,1806.0000,147.190135
2,1807.0000,152.114128
2,1808.0000,141.574360
2,1809.0000,157.900815
2,1810.0000,148.893020
2,1811.0000,145.139824
2,1812.0000,157.950969
2,1813.0000,146.981542
2,1814.0000,148.378673
2,1815.0000,151.106895
2,1816.0000,143.894019
2,1817.0000,147.337358
2,1818.0000,145.024390
2,1819.0000,148.183912
2,1820.0000,151.110409
2,1821.0000,153.053621
2,1822.0000,153.454179
2,1823.0000,149.520055
2,1824.0000,144.143299
2,1825.0000,154.697861
2,1826.0000,152.125819
2,1827.0000,153.798116
2,1828.0000,151.070033
2,1829.0000,157.069572
2,1830.0000,151.192003
2,1831.0000,151.328469
2,1832.0000,151.724195
2,1833.0000,150.724846
2,1834.0000,146.685471
2,1835.0000,146.073854
2,1836.0000,157.324321
2,1837.0000,154.859309
2,1838.0000,152.631375
2,1839.0000,143.312264
2,1840.0000,139.684607
2,1841.0000,149.189632
2,1842.0000,152.225680
2,1843.0000,135.706761
2,1844.0000,146.768878
2,1845.0000,152.985475
2,1846.0000,152.559059
2,1847.0000,152.282505
2,1848.0000,151.090677
2,1849.0000,155.748919
2,1850.0000,159.411499
2,1851.0000,152.256787
2,1852.0000,152.192840
2,1853.0000,150.812165
2,1854.0000,145.606239
2,1855.0000,146.513922
2,1856.0000,140.968810
2,1857.0000,152.159659
2,1858.0000,154.068223
2,1859.0000,139.008076
2,1860.0000,140.180763
2,1861.0000,153.901123
2,1862.0000,146.283128
2,1863.0000,151.522119
2,1864.0000,148.158184
2,1865.0000,135.723434
2,1866.0000,141.520476
2,1867.0000,134.989949
2,1868.0000,145.173485
2,1869.0000,146.488301
2,1870.0000,143.782652
2,1871.0000,157.066160
2,1872.0000,147.431929
2,1873.0000,151.960469
2,1874.0000,165.271008
2,1875.0000,148.741160
2,1876.0000,144.776331
2,1877.0000,151.323154
2,1878.0000,153.294496
2,1879.0000,155.873621
2,1880.0000,154.946046
2,1881.0000,150.983469
2,1882.0000,154.668443
2,1883.0000,153.962533
2,1884.0000,148.657024
2,1885.0000,146.387374
2,1886.0000,152.586672
2,1887.0000,144.040602
2,1888.0000,162.772927
2,1889.0000,150.127589
2,1890.0000,153.900838
2,1891.0000,136.951293
2,1892.0000,151.373089
2,1893.0000,158.568607
2,1894.0000,150.773211
2,1895.0000,160.342518
2,1896.0000,153.074405
2,1897.0000,157.817744
2,1898.0000,148.259021
2,1899.0000,144.899412
2,1900.0000,148.642360
2,1901.0000,161.823649
2,1902.0000,146.315994
2,1903.0000,155.632467
2,1904.0000,146.485088
2,1905.0000,147.443161
2,1906.0000,153.320423
2,1907.0000,148.912642
2,1908.0000,152.129893
2,1909.0000,157.487295
2,1910.0000,152.290825
2,1911.0000,144.777530
2,1912.0000,146.089987
2,1913.0000,143.485732
2,1914.0000,151.571520
2,1915.0000,155.050431
2,1916.0000,139.966282
2,1917.0000,150.380074
2,1918.0000,156.673147
2,1919.0000,146.832862
2,1920.0000,151.945536
2,1921.0000,148.434915
2,1922.0000,146.261246
2,1923.0000,148.763289
2,1924.0000,146.295807
2,1925.0000,142.291790
2,1926.0000,144.004302
2,1927.0000,151.312068
2,1928.0000,154.458162
2,1929.0000,158.559374
2,1930.0000,151.013010
2,1931.0000,152.297881
2,1932.0000,143.652459
2,1933.0000,142.231246
2,1934.0000,164.646828
2,1935.0000,149.830947
2,1936.0000,161.003972
2,1937.0000,156.409950
2,1938.0000,141.573792
2,1939.0000,139.019305
2,1940.0000,149.201913
2,1941.0000,146.437189
2,1942.0000,135.433584
2,1943.0000,142.292511
2,1944.0000,153.031811
2,1945.0000,154.348592
2,1946.0000,147.670031
2,1947.0000,163.570999
2,1948.0000,154.851893
2,1949.0000,153.431052
2,1950.0000,154.853249
2,1951.0000,143.925652
2,1952.0000,142.897294
2,1953.0000,152.467358
2,1954.0000,152.220666
2,1955.0000,142.827117
2,1956.0000,144.859087
2,1957.0000,150.433482
2,1958.0000,147.248713
2,1959.0000,151.050603
2,1960.0000,151.138758
2,1961.0000,152.865677
2,1962.0000,150.620214
2,1963.0000,149.001129
2,1964.0000,154.066491
2,1965.0000,147.880668
2,1966.0000,140.369034
2,1967.0000,142.687678
2,1968.0000,149.090406
2,1969.0000,146.643092
2,1970.0000,147.855922
2,1971.0000,154.921232
2,1972.0000,143.810328
2,1973.0000,128.709814
2,1974.0000,154.228808
2,1975.0000,144.328729
2,1976.0000,158.394786
2,1977.0000,146.211835
2,1978.0000,158.022382
2,1979.0000,153.570327
2,1980.0000,154.514535
2,1981.0000,153.139835
2,1982.0000,144.778488
2,1983.0000,151.521203
2,1984.0000,166.344906
2,1985.0000,136.891714
2,1986.0000,149.832818
2,1987.0000,148.373085
2,1988.0000,142.000304
2,1989.0000,148.218538
2,1990.0000,148.625339
2,1991.0000,146.652461
2,1992.0000,154.191071
2,1993.0000,149.425654
2,1994.0000,143.717886
2,1995.0000,152.388959
2,1996.0000,146.030490
2,1997.0000,148.914226
2,1998.0000,151.690015
2,1999.0000,142.156083
2,2000.0000,152.181077
3,200.0000,176.777906
3,201.0000,180.934340
3,202.0000,170.799376
3,203.0000,176.051678
3,204.0000,169.946648
3,205.0000,178.880950
3,206.0000,166.093008
3,207.0000,178.630489
3,208.0000,170.635889
3,209.0000,177.923922
3,210.0000,177.367048
3,211.0000,178.305241
3,212.0000,166.973839
3,213.0000,179.185944
3,214.0000,174.607377
3,215.0000,174.083058
3,216.0000,181.246960
3,217.0000,177.347511
3,218.0000,164.456204
3,219.0000,176.282805
3,220.0000,168.054560
3,221.0000,170.609432
3,222.0000,168.526956
3,223.0000,169.335426
3,224.0000,182.975518
3,225.0000,180.259307
3,226.0000,175.541432
3,227.0000,177.088575
3,228.0000,173.562925
3,229.0000,176.478331
3,230.0000,178.295759
3,231.0000,170.359466
3,232.0000,182.036497
3,233.0000,169.142683
3,234.0000,180.191831
3,235.0000,174.468762
3,236.0000,170.440929
3,237.0000,171.038891
3,238.0000,178.388560
3,239.0000,167.041093
3,240.0000,173.688245
3,241.0000,169.623805
3,242.0000,179.342143
3,243.0000,183.580905
3,244.0000,172.352815
3,245.0000,184.972836
3,246.0000,180.254859
3,247.0000,176.997745
3,248.0000,177.166346
3,249.0000,174.039669
3,250.0000,181.431610
3,251.0000,179.015045
3,252.0000,178.015585
3,253.0000,176.865969
3,254.0000,173.006676
3,255.0000,181.709495
3,256.0000,176.803167
3,257.0000,179.607008
3,258.0000,172.420519
3,259.0000,179.397904
3,260.0000,166.871370
3,261.0000,182.273844
3,262.0000,168.715562
3,263.0000,177.713356
3,264.0000,172.456993
3,265.0000,180.123053
3,266.0000,175.012411
3,267.0000,173.869126
3,268.0000,177.884939
3,269.0000,179.516629
3,270.0000,181.120048
3,271.0000,178.528156
3,272.0000,180.910176
3,273.0000,184.399190
3,274.0000,190.686995
3,275.0000,169.741653
3,276.0000,173.862534
3,277.0000,178.106515
3,278.0000,185.746543
3,279.0000,175.342050
3,280.0000,183.878083
3,281.0000,165.068757
3,282.0000,167.267867
3,283.0000,173.812148
3,284.0000,178.803327
3,285.0000,167.664852
3,286.0000,170.858596
3,287.0000,181.374045
3,288.0000,167.736529
3,289.0000,173.094330
3,290.0000,180.060324
3,291.0000,189.479362
3,292.0000,167.208289
3,293.0000,167.292304
3,294.0000,166.931612
3,295.0000,177.539801
3,296.0000,169.001677
3,297.0000,180.544091
3,298.0000,178.786199
3,299.0000,169.100284
3,300.0000,184.004956
3,301.0000,177.631497
3,302.0000,174.910591
3,303.0000,178.113652
3,304.0000,177.013788
3,305.0000,171.230254
3,306.0000,175.913606
3,307.0000,173.081723
3,308.0000,162.461671
3,309.0000,178.098841
3,310.0000,181.887398
3,311.0000,177.656959
3,312.0000,177.850981
3,313.0000,189.352311
3,314.0000,176.933232
3,315.0000,164.275163
3,316.0000,178.847328
3,317.0000,178.900931
3,318.0000,178.052982
3,319.0000,167.952372
3,320.0000,182.315610
3,321.0000,174.117465
3,322.0000,176.134236
3,323.0000,168.861785
3,324.0000,177.042836
3,325.0000,168.403622
3,326.0000,179.039243
3,327.0000,177.896200
3,328.0000,178.901692
3,329.0000,168.858896
3,330.0000,179.723585
3,331.0000,175.097555
3,332.0000,178.974947
3,333.0000,186.639209
3,334.0000,184.133668
3,335.0000,168.493949
3,336.0000,173.153973
3,337.0000,168.885883
3,338.0000,171.020699
3,339.0000,182.343407
3,340.0000,175.867640
3,341.0000,166.837443
3,342.0000,179.065985
3,343.0000,174.347541
3,344.0000,172.761187
3,345.0000,169.547256
3,346.0000,169.190780
3,347.0000,167.225677
3,348.0000,164.624972
3,349.0000,179.201684
3,350.0000,172.667622
3,351.0000,182.862716
3,352.0000,179.026395
3,353.0000,174.251450
3,354.0000,169.453842
3,355.0000,175.340217
3,356.0000,166.950105
3,357.0000,178.707308
3,358.0000,176.778752
3,359.0000,172.436303
3,360.0000,160.940476
3,361.0000,182.906701
3,362.0000,172.861692
3,363.0000,174.706875
3,364.0000,179.744824
3,365.0000,180.843843
3,366.0000,176.709426
3,367.0000,173.818855
3,368.0000,172.877548
3,369.0000,169.143326
3,370.0000,182.017176
3,371.0000,163.392673
3,372.0000,170.375908
3,373.0000,175.308898
3,374.0000,184.320354
3,375.0000,178.784310
3,376.0000,173.397533
3,377.0000,173.515042
3,378.0000,160.770879
3,379.0000,179.445190
3,380.0000,180.864649
3,381.0000,174.575920
3,382.0000,176.268191
3,383.0000,179.236202
3,384.0000,170.355763
3,385.0000,167.758792
3,386.0000,175.311893
3,387.0000,172.888061
3,388.0000,175.822680
3,389.0000,182.572152
3,390.0000,168.278104
3,391.0000,182.078772
3,392.0000,175.466238
3,393.0000,175.151787
3,394.0000,177.723198
3,395.0000,179.194860
3,396.0000,183.985075
3,397.0000,176.328688
3,398.0000,170.374089
3,399.0000,191.383447
3,400.0000,163.384136
3,401.0000,175.464547
3,402.0000,174.041529
3,403.0000,178.551784
3,404.0000,170.640948
3,405.0000,179.222190
3,406.0000,171.940726
3,407.0000,166.874206
3,408.0000,182.961393
3,409.0000,169.432810
3,410.0000,176.134529
3,411.0000,169.955632
3,412.0000,165.019698
3,413.0000,174.990402
3,414.0000,166.859263
3,415.0000,178.160758
3,416.0000,177.366651
3,417.0000,169.425332
3,418.0000,165.499792
3,419.0000,162.005781
3,420.0000,168.288381
3,421.0000,178.810499
3,422.0000,176.000424
3,423.0000,176.835521
3,424.0000,182.172318
3,425.0000,169.323369
3,426.0000,169.102838
3,427.0000,175.316810
3,428.0000,181.131285
3,429.0000,176.473706
3,430.0000,181.841996
3,431.0000,163.339938
3,432.0000,166.432488
3,433.0000,179.132793
3,434.0000,172.050859
3,435.0000,179.891258
3,436.0000,190.066266
3,437.0000,173.142261
3,438.0000,171.485264
3,439.0000,177.234032
3,440.0000,170.736683
3,441.0000,172.918311
3,442.0000,179.483707
3,443.0000,180.324334
3,444.0000,167.205584
3,445.0000,173.010887
3,446.0000,167.313796
3,447.0000,177.661937
3,448.0000,172.514274
3,449.0000,160.210623
3,450.0000,176.906896
3,451.0000,180.055726
3,452.0000,179.724317
3,453.0000,171.990688
3,454.0000,172.240556
3,455.0000,182.963097
3,456.0000,168.716495
3,457.0000,167.793670
3,458.0000,178.384896
3,459.0000,163.430647
3,460.0000,163.038440
3,461.0000,185.586150
3,462.0000,168.180671
3,463.0000,168.052620
3,464.0000,161.845366
3,465.0000,173.381458
3,466.0000,171.450796
3,467.0000,168.057040
3,468.0000,171.953757
3,469.0000,175.948850
3,470.0000,178.678348
3,471.0000,177.505827
3,472.0000,183.617688
3,473.0000,181.019114
3,474.0000,174.617562
3,475.0000,181.010288
3,476.0000,164.039918
3,477.0000,171.127236
3,478.0000,172.779924
3,479.0000,182.388689
3,480.0000,179.265789
3,481.0000,172.491492
3,482.0000,181.668902
3,483.0000,167.292059
3,484.0000,174.076990
3,485.0000,169.456826
3,486.0000,185.979974
3,487.0000,172.310090
3,488.0000,179.486357
3,489.0000,176.015070
3,490.0000,182.862130
3,491.0000,174.081448
3,492.0000,172.842213
3,493.0000,173.596207
3,494.0000,177.328783
3,495.0000,175.733365
3,496.0000,171.908370
3,497.0000,180.885497
3,498.0000,181.633996
3,499.0000,169.484487
3,500.0000,169.128322
3,501.0000,179.567787
3,502.0000,172.339575
3,503.0000,176.654795
3,504.0000,173.978760
3,505.0000,174.718560
3,506.0000,170.037473
3,507.0000,178.248193
3,508.0000,174.233899
3,509.0000,176.439974
3,510.0000,170.564868
3,511.0000,182.267918
3,512.0000,167.233792
3,513.0000,180.096275
3,514.0000,174.969358
3,515.0000,172.538435
3,516.0000,169.373590
3,517.0000,174.699139
3,518.0000,178.821951
3,519.0000,181.334895
3,520.0000,168.731616
3,521.0000,172.483785
3,522.0000,173.894518
3,523.0000,180.893704
3,524.0000,175.387088
3,525.0000,185.628091
3,526.0000,187.464473
3,527.0000,170.863811
3,528.0000,183.461461
3,529.0000,173.550606
3,530.0000,177.629397
3,531.0000,174.446743
3,532.0000,180.137563
3,533.0000,180.933445
3,534.0000,183.259950
3,535.0000,186.789319
3,536.0000,185.375645
3,537.0000,173.382226
3,538.0000,184.258193
3,539.0000,184.124516
3,540.0000,177.359800
3,541.0000,175.820128
3,542.0000,180.249038
3,543.0000,176.886240
3,544.0000,170.445266
3,545.0000,174.774121
3,546.0000,178.486138
3,547.0000,174.925635
3,548.0000,178.725172
3,549.0000,189.177616
3,550.0000,187.205360
3,551.0000,168.944960
3,552.0000,175.677620
3,553.0000,181.304743
3,554.0000,177.352803
3,555.0000,174.269859
3,556.0000,181.419802
3,557.0000,178.044577
3,558.0000,187.406706
3,559.0000,166.556636
3,560.0000,169.872592
3,561.0000,178.245022
3,562.0000,170.084772
3,563.0000,172.259135
3,564.0000,176.107134
3,565.0000,183.064027
3,566.0000,182.640283
3,567.0000,174.145366
3,568.0000,173.461859
3,569.0000,177.621585
3,570.0000,171.172652
3,571.0000,183.035674
3,572.0000,165.594320
3,573.0000,175.447872
3,574.0000,174.129171
3,575.0000,180.444909
3,576.0000,191.371399
3,577.0000,175.671340
3,578.0000,171.199773
3,579.0000,175.221298
3,580.0000,170.638519
3,581.0000,184.940113
3,582.0000,177.399463
3,583.0000,179.196583
3,584.0000,165.402613
3,585.0000,187.886400
3,586.0000,176.454893
3,587.0000,174.237531
3,588.0000,166.538701
3,589.0000,171.890968
3,590.0000,183.930852
3,591.0000,178.004446
3,592.0000,169.957509
3,593.0000,184.960291
3,594.0000,170.570463
3,595.0000,178.572199
3,596.0000,175.436073
3,597.0000,176.432744
3,598.0000,175.153158
3,599.0000,181.301135
3,600.0000,173.317262
3,601.0000,181.649873
3,602.0000,173.236245
3,603.0000,189.707599
3,604.0000,182.535027
3,605.0000,200.779446
3,606.0000,191.258884
3,607.0000,194.663718
3,608.0000,194.261498
3,609.0000,213.791908
3,610.0000,199.100129
3,611.0000,194.905657
3,612.0000,212.102233
3,613.0000,210.527318
3,614.0000,223.895740
3,615.0000,235.950771
3,616.0000,260.188992
3,617.0000,281.122806
3,618.0000,303.745392
3,619.0000,315.555069
3,620.0000,324.436029
3,621.0000,311.798872
3,622.0000,275.956390
3,623.0000,271.441234
3,624.0000,261.017977
3,625.0000,244.901288
3,626.0000,223.729230
3,627.0000,223.260905
3,628.0000,204.671965
3,629.0000,212.623394
3,630.0000,198.184650
3,631.0000,201.541713
3,632.0000,195.107602
3,633.0000,189.638061
3,634.0000,186.707094
3,635.0000,183.841149
3,636.0000,183.287861
3,637.0000,187.924995
3,638.0000,182.727059
3,639.0000,180.750472
3,640.0000,187.716039
3,641.0000,174.411937
3,642.0000,173.674854
3,643.0000,178.309570
3,644.0000,176.192507
3,645.0000,176.927328
3,646.0000,185.066999
3,647.0000,170.007491
3,648.0000,169.740046
3,649.0000,186.102370
3,650.0000,187.145686
3,651.0000,154.607719
3,652.0000,182.901520
3,653.0000,171.111551
3,654.0000,183.760978
3,655.0000,182.984416
3,656.0000,184.915568
3,657.0000,186.900779
3,658.0000,172.840862
3,659.0000,173.833464
3,660.0000,175.410359
3,661.0000,183.631010
3,662.0000,173.836876
3,663.0000,177.119711
3,664.0000,178.672578
3,665.0000,179.916076
3,666.0000,162.887015
3,667.0000,177.877065
3,668.0000,166.205844
3,669.0000,188.929108
3,670.0000,172.720919
3,671.0000,177.659162
3,672.0000,179.478328
3,673.0000,168.608930
3,674.0000,175.644216
3,675.0000,168.594519
3,676.0000,178.538606
3,677.0000,167.689163
3,678.0000,179.422898
3,679.0000,176.727231
3,680.0000,183.204677
3,681.0000,169.134876
3,682.0000,169.254302
3,683.0000,175.883417
3,684.0000,174.206984
3,685.0000,179.150910
3,686.0000,165.536212
3,687.0000,177.735813
3,688.0000,178.979126
3,689.0000,172.918082
3,690.0000,180.353914
3,691.0000,176.138004
3,692.0000,173.872064
3,693.0000,170.164395
3,694.0000,184.970838
3,695.0000,178.740471
3,696.0000,183.111050
3,697.0000,177.825713
3,698.0000,181.108567
3,699.0000,177.065087
3,700.0000,175.074688
3,701.0000,175.102025
3,702.0000,181.799506
3,703.0000,177.392896
3,704.0000,184.502300
3,705.0000,179.237765
3,706.0000,180.024423
3,707.0000,175.988508
3,708.0000,173.916410
3,709.0000,164.411364
3,710.0000,183.036235
3,711.0000,174.326926
3,712.0000,174.095093
3,713.0000,169.564131
3,714.0000,172.256625
3,715.0000,177.364467
3,716.0000,173.174427
3,717.0000,167.617837
3,718.0000,182.013753
3,719.0000,171.953843
3,720.0000,176.640831
3,721.0000,174.891309
3,722.0000,185.268485
3,723.0000,175.416745
3,724.0000,174.725598
3,725.0000,184.921831
3,726.0000,171.547225
3,727.0000,180.269902
3,728.0000,168.471149
3,729.0000,178.190880
3,730.0000,179.317288
3,731.0000,175.445579
3,732.0000,178.495264
3,733.0000,181.622967
3,734.0000,174.040570
3,735.0000,175.169547
3,736.0000,164.845973
3,737.0000,168.012596
3,738.0000,180.168621
3,739.0000,176.869681
3,740.0000,167.788283
3,741.0000,175.863755
3,742.0000,180.902840
3,743.0000,175.908489
3,744.0000,169.675176
3,745.0000,168.760139
3,746.0000,167.130362
3,747.0000,171.179115
3,748.0000,177.343524
3,749.0000,179.322847
3,750.0000,173.188249
3,751.0000,168.830547
3,752.0000,181.061438
3,753.0000,181.294675
3,754.0000,178.407093
3,755.0000,176.475386
3,756.0000,169.485758
3,757.0000,171.559627
3,758.0000,174.064266
3,759.0000,178.801832
3,760.0000,169.537848
3,761.0000,176.984216
3,762.0000,180.548171
3,763.0000,179.807684
3,764.0000,186.330813
3,765.0000,176.407521
3,766.0000,185.152278
3,767.0000,182.884674
3,768.0000,181.126619
3,769.0000,179.794995
3,770.0000,176.304188
3,771.0000,188.959618
3,772.0000,182.024016
3,773.0000,178.781223
3,774.0000,180.314279
3,775.0000,194.408476
3,776.0000,173.295572
3,777.0000,180.434948
3,778.0000,192.163711
3,779.0000,188.025770
3,780.0000,188.636086
3,781.0000,193.885196
3,782.0000,193.075821
3,783.0000,197.094646
3,784.0000,191.317171
3,785.0000,192.817599
3,786.0000,208.216487
3,787.0000,204.756024
3,788.0000,207.828997
3,789.0000,218.842351
3,790.0000,215.329167
3,791.0000,230.578080
3,792.0000,246.270597
3,793.0000,259.491636
3,794.0000,257.593788
3,795.0000,268.970473
3,796.0000,255.513192
3,797.0000,243.333714
3,798.0000,240.672787
3,799.0000,239.877507
3,800.0000,232.138946
3,801.0000,225.009837
3,802.0000,212.662421
3,803.0000,211.590263
3,804.0000,204.003715
3,805.0000,197.536382
3,806.0000,192.126124
3,807.0000,186.244847
3,808.0000,192.685430
3,809.0000,198.739341
3,810.0000,187.874042
3,811.0000,183.561163
3,812.0000,191.778567
3,813.0000,186.029481
3,814.0000,172.058084
3,815.0000,180.767889
3,816.0000,180.015674
3,817.0000,182.627586
3,818.0000,174.869429
3,819.0000,176.940980
3,820.0000,175.769941
3,821.0000,183.142020
3,822.0000,164.040186
3,823.0000,175.786961
3,824.0000,175.387803
3,825.0000,173.822801
3,826.0000,171.921747
3,827.0000,179.469035
3,828.0000,181.603927
3,829.0000,173.450247
3,830.0000,175.693476
3,831.0000,189.615867
3,832.0000,174.701393
3,833.0000,185.689089
3,834.0000,181.834958
3,835.0000,188.021919
3,836.0000,168.575911
3,837.0000,172.751113
3,838.0000,185.810932
3,839.0000,184.978445
3,840.0000,169.349104
3,841.0000,170.055364
3,842.0000,177.886275
3,843.0000,189.171457
3,844.0000,170.988681
3,845.0000,177.060276
3,846.0000,170.864965
3,847.0000,180.697481
3,848.0000,174.699791
3,849.0000,173.403619
3,850.0000,173.101674
3,851.0000,167.629057
3,852.0000,184.682443
3,853.0000,178.041119
3,854.0000,176.627759
3,855.0000,173.150454
3,856.0000,175.911428
3,857.0000,169.006606
3,858.0000,166.699199
3,859.0000,176.925053
3,860.0000,171.481874
3,861.0000,176.898030
3,862.0000,176.462538
3,863.0000,168.146529
3,864.0000,185.139376
3,865.0000,167.749765
3,866.0000,184.295478
3,867.0000,171.459428
3,868.0000,173.026343
3,869.0000,167.822647
3,870.0000,179.161907
3,871.0000,191.741028
3,872.0000,178.763025
3,873.0000,180.004152
3,874.0000,176.811436
3,875.0000,173.137590
3,876.0000,173.820635
3,877.0000,160.590436
3,878.0000,174.745546
3,879.0000,169.731616
3,880.0000,178.268625
3,881.0000,180.476318
3,882.0000,179.985585
3,883.0000,171.826678
3,884.0000,186.212755
3,885.0000,171.044161
3,886.0000,175.130802
3,887.0000,188.554161
3,888.0000,174.910221
3,889.0000,173.545718
3,890.0000,181.985366
3,891.0000,177.413175
3,892.0000,175.271165
3,893.0000,173.117096
3,894.0000,170.316504
3,895.0000,178.859608
3,896.0000,181.447222
3,897.0000,175.048678
3,898.0000,179.243193
3,899.0000,177.028914
3,900.0000,172.442292
3,901.0000,168.448426
3,902.0000,177.529021
3,903.0000,189.470243
3,904.0000,183.672302
3,905.0000,168.005967
3,906.0000,173.733832
3,907.0000,169.702834
3,908.0000,183.796523
3,909.0000,179.066019
3,910.0000,170.693319
3,911.0000,173.841049
3,912.0000,185.893633
3,913.0000,177.835802
3,914.0000,184.244313
3,915.0000,185.110851
3,916.0000,174.681430
3,917.0000,189.743498
3,918.0000,173.366271
3,919.0000,182.171030
3,920.0000,175.007161
3,921.0000,175.169830
3,922.0000,172.579910
3,923.0000,182.799446
3,924.0000,170.015115
3,925.0000,173.504605
3,926.0000,171.553133
3,927.0000,183.050431
3,928.0000,163.120465
3,929.0000,178.100657
3,930.0000,173.238920
3,931.0000,183.179019
3,932.0000,180.352800
3,933.0000,175.709040
3,934.0000,174.893902
3,935.0000,182.626636
3,936.0000,178.071312
3,937.0000,177.501148
3,938.0000,175.829054
3,939.0000,173.896749
3,940.0000,176.686490
3,941.0000,181.756788
3,942.0000,183.445176
3,943.0000,175.146343
3,944.0000,187.791230
3,945.0000,191.449573
3,946.0000,181.083836
3,947.0000,177.516327
3,948.0000,179.873097
3,949.0000,175.866487
3,950.0000,177.215460
3,951.0000,178.969127
3,952.0000,180.715419
3,953.0000,177.988965
3,954.0000,179.202674
3,955.0000,180.417057
3,956.0000,180.591043
3,957.0000,180.150983
3,958.0000,169.444859
3,959.0000,184.589938
3,960.0000,166.216266
3,961.0000,179.130911
3,962.0000,177.453112
3,963.0000,189.958016
3,964.0000,180.086841
3,965.0000,187.381203
3,966.0000,185.486659
3,967.0000,169.728166
3,968.0000,183.634319
3,969.0000,182.324450
3,970.0000,187.504055
3,971.0000,188.668521
3,972.0000,190.385452
3,973.0000,177.550384
3,974.0000,189.753227
3,975.0000,186.925104
3,976.0000,190.938629
3,977.0000,191.689401
3,978.0000,196.675757
3,979.0000,188.156068
3,980.0000,192.477134
3,981.0000,199.388820
3,982.0000,204.018302
3,983.0000,198.560727
3,984.0000,203.801519
3,985.0000,205.189388
3,986.0000,206.132205
3,987.0000,218.875090
3,988.0000,214.580433
3,989.0000,231.425756
3,990.0000,241.876593
3,991.0000,251.959767
3,992.0000,258.759027
3,993.0000,276.658179
3,994.0000,309.221361
3,995.0000,351.761645
3,996.0000,399.720277
3,997.0000,480.390867
3,998.0000,603.031982
3,999.0000,767.689093
3,1000.0000,932.318799
3,1001.0000,1022.338143
3,1002.0000,947.440550
3,1003.0000,769.974848
3,1004.0000,609.318494
3,1005.0000,479.762991
3,1006.0000,393.708705
3,1007.0000,354.025535
3,1008.0000,315.809798
3,1009.0000,295.208392
3,1010.0000,264.162545
3,1011.0000,261.955832
3,1012.0000,248.285642
3,1013.0000,241.307961
3,1014.0000,231.130843
3,1015.0000,225.659596
3,1016.0000,231.166925
3,1017.0000,222.233971
3,1018.0000,233.466233
3,1019.0000,224.913626
3,1020.0000,243.713295
3,1021.0000,237.136504
3,1022.0000,242.814824
3,1023.0000,248.349028
3,1024.0000,267.609988
3,1025.0000,281.879481
3,1026.0000,296.736439
3,1027.0000,346.298868
3,1028.0000,392.188907
3,1029.0000,457.121698
3,1030.0000,513.894930
3,1031.0000,535.895743
3,1032.0000,508.923397
3,1033.0000,457.662744
3,1034.0000,398.135620
3,1035.0000,329.141310
3,1036.0000,300.040053
3,1037.0000,267.314180
3,1038.0000,250.490151
3,1039.0000,246.436524
3,1040.0000,229.481715
3,1041.0000,211.834640
3,1042.0000,216.953415
3,1043.0000,204.210150
3,1044.0000,193.708799
3,1045.0000,210.291665
3,1046.0000,196.279417
3,1047.0000,190.540372
3,1048.0000,188.258444
3,1049.0000,196.842934
3,1050.0000,188.124592
3,1051.0000,194.543917
3,1052.0000,183.471924
3,1053.0000,185.615925
3,1054.0000,180.858220
3,1055.0000,186.198627
3,1056.0000,191.421947
3,1057.0000,186.008348
3,1058.0000,187.605291
3,1059.0000,182.935158
3,1060.0000,189.191279
3,1061.0000,180.792944
3,1062.0000,184.293861
3,1063.0000,174.206271
3,1064.0000,184.517686
3,1065.0000,180.310650
3,1066.0000,175.716807
3,1067.0000,186.327047
3,1068.0000,177.154431
3,1069.0000,175.059693
3,1070.0000,180.295926
3,1071.0000,174.538201
3,1072.0000,190.382103
3,1073.0000,178.465806
3,1074.0000,189.177177
3,1075.0000,178.213552
3,1076.0000,187.175253
3,1077.0000,182.923067
3,1078.0000,176.362554
3,1079.0000,177.775224
3,1080.0000,185.728206
3,1081.0000,179.709464
3,1082.0000,177.883755
3,1083.0000,170.275034
3,1084.0000,181.810588
3,1085.0000,175.149476
3,1086.0000,172.345586
3,1087.0000,186.887603
3,1088.0000,173.647493
3,1089.0000,197.771981
3,1090.0000,178.947587
3,1091.0000,179.307810
3,1092.0000,180.606694
3,1093.0000,186.958608
3,1094.0000,179.837283
3,1095.0000,171.426782
3,1096.0000,187.783888
3,1097.0000,172.765635
3,1098.0000,169.039809
3,1099.0000,168.997953
3,1100.0000,176.167217
3,1101.0000,170.342502
3,1102.0000,159.441275
3,1103.0000,177.561051
3,1104.0000,182.733588
3,1105.0000,173.613221
3,1106.0000,159.565314
3,1107.0000,176.263163
3,1108.0000,174.988319
3,1109.0000,180.414636
3,1110.0000,179.008459
3,1111.0000,179.835586
3,1112.0000,166.472561
3,1113.0000,184.543904
3,1114.0000,174.758136
3,1115.0000,178.864336
3,1116.0000,171.733942
3,1117.0000,182.465983
3,1118.0000,176.958675
3,1119.0000,174.919931
3,1120.0000,175.461851
3,1121.0000,167.778536
3,1122.0000,191.848529
3,1123.0000,182.497245
3,1124.0000,171.894945
3,1125.0000,175.319726
3,1126.0000,173.603315
3,1127.0000,181.100991
3,1128.0000,179.213099
3,1129.0000,192.448588
3,1130.0000,188.588575
3,1131.0000,183.440332
3,1132.0000,178.741060
3,1133.0000,179.284468
3,1134.0000,177.746847
3,1135.0000,175.901648
3,1136.0000,183.957085
3,1137.0000,183.117676
3,1138.0000,185.468881
3,1139.0000,199.348254
3,1140.0000,194.550998
3,1141.0000,191.455250
3,1142.0000,198.443960
3,1143.0000,195.945226
3,1144.0000,189.342473
3,1145.0000,201.443991
3,1146.0000,202.994149
3,1147.0000,204.342670
3,1148.0000,216.890846
3,1149.0000,231.350315
3,1150.0000,249.946225
3,1151.0000,248.359534
3,1152.0000,261.110395
3,1153.0000,282.457948
3,1154.0000,287.592760
3,1155.0000,307.544843
3,1156.0000,289.887739
3,1157.0000,279.434025
3,1158.0000,258.070693
3,1159.0000,248.590728
3,1160.0000,240.736540
3,1161.0000,231.053547
3,1162.0000,223.122648
3,1163.0000,208.204942
3,1164.0000,214.080663
3,1165.0000,206.471646
3,1166.0000,196.746838
3,1167.0000,198.813942
3,1168.0000,195.702642
3,1169.0000,188.487327
3,1170.0000,192.763000
3,1171.0000,195.789741
3,1172.0000,198.945463
3,1173.0000,201.570183
3,1174.0000,206.904443
3,1175.0000,196.141384
3,1176.0000,212.834544
3,1177.0000,222.732870
3,1178.0000,227.502137
3,1179.0000,242.282506
3,1180.0000,242.063676
3,1181.0000,262.049351
3,1182.0000,270.941119
3,1183.0000,290.063515
3,1184.0000,281.626801
3,1185.0000,263.443663
3,1186.0000,236.431299
3,1187.0000,225.565300
3,1188.0000,216.236419
3,1189.0000,214.107364
3,1190.0000,210.020219
3,1191.0000,200.395099
3,1192.0000,192.686484
3,1193.0000,190.064673
3,1194.0000,190.637604
3,1195.0000,188.473198
3,1196.0000,179.459580
3,1197.0000,184.047217
3,1198.0000,190.336071
3,1199.0000,187.876790
3,1200.0000,182.394757
3,1201.0000,179.944228
3,1202.0000,186.984293
3,1203.0000,187.209741
3,1204.0000,185.369669
3,1205.0000,166.451307
3,1206.0000,182.400738
3,1207.0000,177.723818
3,1208.0000,180.502195
3,1209.0000,183.427135
3,1210.0000,168.615432
3,1211.0000,180.312589
3,1212.0000,178.677251
3,1213.0000,180.280433
3,1214.0000,172.936368
3,1215.0000,179.420776
3,1216.0000,178.524496
3,1217.0000,164.010073
3,1218.0000,172.134421
3,1219.0000,178.136993
3,1220.0000,182.574881
3,1221.0000,177.418995
3,1222.0000,175.115669
3,1223.0000,180.844801
3,1224.0000,179.295138
3,1225.0000,175.964376
3,1226.0000,172.201426
3,1227.0000,176.620478
3,1228.0000,180.800563
3,1229.0000,182.175646
3,1230.0000,174.629420
3,1231.0000,182.028498
3,1232.0000,181.082871
3,1233.0000,179.570982
3,1234.0000,176.670807
3,1235.0000,170.553124
3,1236.0000,177.295330
3,1237.0000,171.258323
3,1238.0000,182.356966
3,1239.0000,188.300613
3,1240.0000,176.320777
3,1241.0000,185.251861
3,1242.0000,184.807209
3,1243.0000,172.681858
3,1244.0000,184.966869
3,1245.0000,173.389024
3,1246.0000,175.359016
3,1247.0000,183.307142
3,1248.0000,181.026148
3,1249.0000,168.097245
3,1250.0000,178.114824
3,1251.0000,172.038087
3,1252.0000,176.129596
3,1253.0000,168.700417
3,1254.0000,184.442313
3,1255.0000,174.516968
3,1256.0000,181.205239
3,1257.0000,177.151034
3,1258.0000,173.177277
3,1259.0000,171.769745
3,1260.0000,182.203107
3,1261.0000,183.032440
3,1262.0000,174.627377
3,1263.0000,167.692687
3,1264.0000,183.228869
3,1265.0000,184.621159
3,1266.0000,178.628725
3,1267.0000,174.673886
3,1268.0000,173.305801
3,1269.0000,176.669969
3,1270.0000,179.821846
3,1271.0000,181.848389
3,1272.0000,168.297265
3,1273.0000,171.526975
3,1274.0000,173.391140
3,1275.0000,175.050572
3,1276.0000,171.910134
3,1277.0000,177.056671
3,1278.0000,170.115142
3,1279.0000,174.974744
3,1280.0000,182.661973
3,1281.0000,173.404539
3,1282.0000,167.765413
3,1283.0000,174.238911
3,1284.0000,174.986022
3,1285.0000,181.753597
3,1286.0000,177.329273
3,1287.0000,182.619476
3,1288.0000,186.873368
3,1289.0000,175.591606
3,1290.0000,183.448189
3,1291.0000,171.616933
3,1292.0000,183.839150
3,1293.0000,191.912109
3,1294.0000,177.911331
3,1295.0000,165.031271
3,1296.0000,175.368276
3,1297.0000,175.125210
3,1298.0000,156.132197
3,1299.0000,167.993020
3,1300.0000,174.239221
3,1301.0000,168.531709
3,1302.0000,179.844433
3,1303.0000,173.065431
3,1304.0000,173.513314
3,1305.0000,179.423562
3,1306.0000,180.409549
3,1307.0000,173.114433
3,1308.0000,178.382468
3,1309.0000,187.881699
3,1310.0000,177.638035
3,1311.0000,185.921135
3,1312.0000,164.738102
3,1313.0000,168.558759
3,1314.0000,166.292743
3,1315.0000,168.864774
3,1316.0000,175.523816
3,1317.0000,174.397195
3,1318.0000,169.985686
3,1319.0000,172.538795
3,1320.0000,180.101083
3,1321.0000,171.100873
3,1322.0000,181.423652
3,1323.0000,184.881754
3,1324.0000,175.122751
3,1325.0000,175.837195
3,1326.0000,162.340390
3,1327.0000,178.308052
3,1328.0000,177.745852
3,1329.0000,174.053137
3,1330.0000,176.730774
3,1331.0000,176.621520
3,1332.0000,180.777983
3,1333.0000,184.558271
3,1334.0000,174.720955
3,1335.0000,169.871301
3,1336.0000,171.187385
3,1337.0000,178.634895
3,1338.0000,173.580019
3,1339.0000,179.235637
3,1340.0000,178.513580
3,1341.0000,181.274963
3,1342.0000,162.539735
3,1343.0000,179.852966
3,1344.0000,167.830841
3,1345.0000,177.667408
3,1346.0000,170.102877
3,1347.0000,179.288908
3,1348.0000,170.932634
3,1349.0000,171.843140
3,1350.0000,180.422991
3,1351.0000,171.818100
3,1352.0000,175.993521
3,1353.0000,179.512379
3,1354.0000,188.473994
3,1355.0000,177.571913
3,1356.0000,173.649889
3,1357.0000,178.373159
3,1358.0000,171.780486
3,1359.0000,162.631469
3,1360.0000,175.731287
3,1361.0000,174.434117
3,1362.0000,169.781088
3,1363.0000,180.191440
3,1364.0000,176.158547
3,1365.0000,182.475043
3,1366.0000,182.963773
3,1367.0000,175.990814
3,1368.0000,178.330265
3,1369.0000,171.128591
3,1370.0000,183.955847
3,1371.0000,183.467896
3,1372.0000,181.268653
3,1373.0000,169.148145
3,1374.0000,186.971083
3,1375.0000,185.984841
3,1376.0000,172.261994
3,1377.0000,188.822724
3,1378.0000,180.490298
3,1379.0000,182.263859
3,1380.0000,175.505453
3,1381.0000,171.160370
3,1382.0000,180.538725
3,1383.0000,187.733804
3,1384.0000,172.390288
3,1385.0000,176.092089
3,1386.0000,177.137042
3,1387.0000,189.570475
3,1388.0000,176.781573
3,1389.0000,178.539818
3,1390.0000,166.295051
3,1391.0000,170.526017
3,1392.0000,172.989452
3,1393.0000,184.381923
3,1394.0000,165.397097
3,1395.0000,170.133711
3,1396.0000,185.941085
3,1397.0000,168.829308
3,1398.0000,171.687397
3,1399.0000,181.282452
3,1400.0000,183.775709
3,1401.0000,183.326155
3,1402.0000,167.748063
3,1403.0000,178.328906
3,1404.0000,182.589585
3,1405.0000,187.924444
3,1406.0000,179.470400
3,1407.0000,185.559624
3,1408.0000,180.999401
3,1409.0000,188.050312
3,1410.0000,181.059688
3,1411.0000,187.802550
3,1412.0000,180.444725
3,1413.0000,184.524159
3,1414.0000,189.227282
3,1415.0000,190.249529
3,1416.0000,180.906198
3,1417.0000,187.570824
3,1418.0000,190.580928
3,1419.0000,172.269998
3,1420.0000,187.852434
3,1421.0000,187.641306
3,1422.0000,177.240715
3,1423.0000,190.767331
3,1424.0000,183.909579
3,1425.0000,197.691839
3,1426.0000,193.709469
3,1427.0000,184.411186
3,1428.0000,198.153174
3,1429.0000,193.435436
3,1430.0000,196.785533
3,1431.0000,202.001739
3,1432.0000,200.456321
3,1433.0000,211.317248
3,1434.0000,203.033428
3,1435.0000,221.465567
3,1436.0000,216.153726
3,1437.0000,200.673793
3,1438.0000,224.871762
3,1439.0000,227.888462
3,1440.0000,238.712836
3,1441.0000,238.512248
3,1442.0000,253.541517
3,1443.0000,277.537619
3,1444.0000,281.722224
3,1445.0000,301.092286
3,1446.0000,317.909779
3,1447.0000,332.456758
3,1448.0000,341.926570
3,1449.0000,358.682759
3,1450.0000,370.917449
3,1451.0000,361.075787
3,1452.0000,355.001100
3,1453.0000,334.567354
3,1454.0000,315.325808
3,1455.0000,295.058358
3,1456.0000,285.316890
3,1457.0000,268.821878
3,1458.0000,248.846350
3,1459.0000,239.645318
3,1460.0000,237.636626
3,1461.0000,216.275967
3,1462.0000,217.482935
3,1463.0000,208.423869
3,1464.0000,222.586014
3,1465.0000,215.142977
3,1466.0000,204.269376
3,1467.0000,207.760212
3,1468.0000,189.202806
3,1469.0000,196.472180
3,1470.0000,200.212431
3,1471.0000,189.627081
3,1472.0000,192.570449
3,1473.0000,200.936961
3,1474.0000,177.021717
3,1475.0000,186.755340
3,1476.0000,199.492922
3,1477.0000,196.138339
3,1478.0000,187.602530
3,1479.0000,194.484721
3,1480.0000,192.688226
3,1481.0000,183.358887
3,1482.0000,194.494310
3,1483.0000,184.482215
3,1484.0000,193.189301
3,1485.0000,185.344833
3,1486.0000,181.617337
3,1487.0000,182.087684
3,1488.0000,179.179554
3,1489.0000,186.844224
3,1490.0000,181.618177
3,1491.0000,176.809858
3,1492.0000,182.875282
3,1493.0000,183.446906
3,1494.0000,189.976264
3,1495.0000,175.420865
3,1496.0000,174.284031
3,1497.0000,184.389506
3,1498.0000,178.720778
3,1499.0000,181.272783
3,1500.0000,184.811929
3,1501.0000,185.193026
3,1502.0000,175.539555
3,1503.0000,181.077204
3,1504.0000,179.660091
3,1505.0000,174.035345
3,1506.0000,189.953695
3,1507.0000,189.386155
3,1508.0000,175.094983
3,1509.0000,178.901745
3,1510.0000,181.293097
3,1511.0000,177.081128
3,1512.0000,174.818240
3,1513.0000,181.098152
3,1514.0000,178.131044
3,1515.0000,187.015480
3,1516.0000,176.774293
3,1517.0000,184.601145
3,1518.0000,185.157538
3,1519.0000,180.191437
3,1520.0000,187.788351
3,1521.0000,175.326279
3,1522.0000,172.971402
3,1523.0000,172.187761
3,1524.0000,171.604120
3,1525.0000,184.137273
3,1526.0000,186.454469
3,1527.0000,182.111781
3,1528.0000,183.906802
3,1529.0000,176.710712
3,1530.0000,180.000010
3,1531.0000,174.738218
3,1532.0000,176.752598
3,1533.0000,175.836649
3,1534.0000,175.686271
3,1535.0000,185.111537
3,1536.0000,186.025431
3,1537.0000,178.012884
3,1538.0000,169.336765
3,1539.0000,179.045171
3,1540.0000,189.249167
3,1541.0000,176.685724
3,1542.0000,183.601842
3,1543.0000,184.099961
3,1544.0000,174.420472
3,1545.0000,178.114463
3,1546.0000,186.658844
3,1547.0000,187.441817
3,1548.0000,173.750818
3,1549.0000,182.095687
3,1550.0000,189.363345
3,1551.0000,180.224378
3,1552.0000,189.071323
3,1553.0000,183.709838
3,1554.0000,185.629637
3,1555.0000,185.893666
3,1556.0000,178.027223
3,1557.0000,189.029036
3,1558.0000,175.055191
3,1559.0000,184.822111
3,1560.0000,193.477121
3,1561.0000,184.617349
3,1562.0000,188.249703
3,1563.0000,187.090694
3,1564.0000,185.565530
3,1565.0000,193.460169
3,1566.0000,197.834157
3,1567.0000,186.732492
3,1568.0000,202.516273
3,1569.0000,216.616903
3,1570.0000,190.027780
3,1571.0000,206.465447
3,1572.0000,197.211262
3,1573.0000,220.289350
3,1574.0000,225.929295
3,1575.0000,236.910876
3,1576.0000,238.826677
3,1577.0000,257.748326
3,1578.0000,268.597820
3,1579.0000,296.744252
3,1580.0000,321.667566
3,1581.0000,349.777501
3,1582.0000,363.961051
3,1583.0000,369.566254
3,1584.0000,361.551306
3,1585.0000,352.168717
3,1586.0000,334.984928
3,1587.0000,315.664789
3,1588.0000,293.400142
3,1589.0000,277.539301
3,1590.0000,291.335469
3,1591.0000,289.119506
3,1592.0000,272.852980
3,1593.0000,287.135878
3,1594.0000,317.405048
3,1595.0000,324.736235
3,1596.0000,355.478241
3,1597.0000,401.581326
3,1598.0000,449.327005
3,1599.0000,532.106224
3,1600.0000,606.184922
3,1601.0000,673.673938
3,1602.0000,713.894013
3,1603.0000,667.665461
3,1604.0000,601.119354
3,1605.0000,518.401562
3,1606.0000,441.302009
3,1607.0000,380.541059
3,1608.0000,343.439493
3,1609.0000,323.673998
3,1610.0000,289.945437
3,1611.0000,272.352592
3,1612.0000,261.393778
3,1613.0000,247.027593
3,1614.0000,229.547949
3,1615.0000,219.905752
3,1616.0000,229.733417
3,1617.0000,216.954926
3,1618.0000,220.276277
3,1619.0000,209.964038
3,1620.0000,199.215469
3,1621.0000,200.300771
3,1622.0000,199.902237
3,1623.0000,203.274073
3,1624.0000,199.305044
3,1625.0000,195.847229
3,1626.0000,191.851888
3,1627.0000,195.736578
3,1628.0000,187.710742
3,1629.0000,188.886114
3,1630.0000,182.360596
3,1631.0000,184.936173
3,1632.0000,187.728088
3,1633.0000,183.821750
3,1634.0000,180.054622
3,1635.0000,180.196348
3,1636.0000,187.922316
3,1637.0000,187.423779
3,1638.0000,172.699728
3,1639.0000,189.604574
3,1640.0000,194.307632
3,1641.0000,181.943032
3,1642.0000,180.141557
3,1643.0000,184.136873
3,1644.0000,183.830278
3,1645.0000,179.892658
3,1646.0000,178.314391
3,1647.0000,188.815431
3,1648.0000,181.162844
3,1649.0000,177.293396
3,1650.0000,174.885028
3,1651.0000,182.878494
3,1652.0000,172.500425
3,1653.0000,183.763930
3,1654.0000,174.308834
3,1655.0000,175.646647
3,1656.0000,176.364658
3,1657.0000,190.122804
3,1658.0000,181.967699
3,1659.0000,180.204447
3,1660.0000,191.948702
3,1661.0000,167.433852
3,1662.0000,164.322430
3,1663.0000,172.988318
3,1664.0000,182.196715
3,1665.0000,179.109335
3,1666.0000,176.172959
3,1667.0000,185.141181
3,1668.0000,183.722102
3,1669.0000,173.824201
3,1670.0000,174.026499
3,1671.0000,175.544185
3,1672.0000,174.316663
3,1673.0000,173.177425
3,1674.0000,180.935547
3,1675.0000,174.842121
3,1676.0000,179.394373
3,1677.0000,175.146709
3,1678.0000,187.841590
3,1679.0000,169.715603
3,1680.0000,177.125586
3,1681.0000,185.787862
3,1682.0000,171.881151
3,1683.0000,173.086029
3,1684.0000,178.248429
3,1685.0000,176.734184
3,1686.0000,180.125402
3,1687.0000,169.175724
3,1688.0000,167.858998
3,1689.0000,177.077268
3,1690.0000,191.931805
3,1691.0000,186.991066
3,1692.0000,181.539103
3,1693.0000,180.561215
3,1694.0000,173.157476
3,1695.0000,173.406394
3,1696.0000,175.247199
3,1697.0000,183.242933
3,1698.0000,178.099440
3,1699.0000,178.312801
3,1700.0000,170.510125
3,1701.0000,179.096791
3,1702.0000,173.245133
3,1703.0000,171.451308
3,1704.0000,177.525136
3,1705.0000,173.324761
3,1706.0000,181.790420
3,1707.0000,183.526584
3,1708.0000,171.610782
3,1709.0000,187.766841
3,1710.0000,177.593054
3,1711.0000,184.698053
3,1712.0000,166.168678
3,1713.0000,172.764852
3,1714.0000,172.536569
3,1715.0000,177.323164
3,1716.0000,178.892787
3,1717.0000,176.093610
3,1718.0000,172.312452
3,1719.0000,175.852666
3,1720.0000,170.948039
3,1721.0000,169.380687
3,1722.0000,179.667308
3,1723.0000,170.276014
3,1724.0000,174.864509
3,1725.0000,184.324403
3,1726.0000,184.694187
3,1727.0000,173.365240
3,1728.0000,171.909582
3,1729.0000,173.648478
3,1730.0000,174.927795
3,1731.0000,173.123173
3,1732.0000,176.070614
3,1733.0000,169.466440
3,1734.0000,179.577310
3,1735.0000,172.677085
3,1736.0000,161.744934
3,1737.0000,178.471654
3,1738.0000,175.659984
3,1739.0000,170.543826
3,1740.0000,169.176072
3,1741.0000,170.115074
3,1742.0000,165.837960
3,1743.0000,180.587400
3,1744.0000,168.890633
3,1745.0000,176.497459
3,1746.0000,173.957000
3,1747.0000,163.989062
3,1748.0000,166.511986
3,1749.0000,183.777512
3,1750.0000,174.319127
3,1751.0000,177.956852
3,1752.0000,179.353551
3,1753.0000,166.365906
3,1754.0000,165.851421
3,1755.0000,175.907870
3,1756.0000,185.481280
3,1757.0000,181.053934
3,1758.0000,166.919431
3,1759.0000,170.892985
3,1760.0000,187.859948
3,1761.0000,181.513717
3,1762.0000,173.587017
3,1763.0000,172.885103
3,1764.0000,176.737436
3,1765.0000,176.024647
3,1766.0000,175.234912
3,1767.0000,178.164742
3,1768.0000,186.876560
3,1769.0000,176.535773
3,1770.0000,181.039235
3,1771.0000,167.762188
3,1772.0000,179.654107
3,1773.0000,177.731572
3,1774.0000,175.844226
3,1775.0000,172.417493
3,1776.0000,173.184126
3,1777.0000,173.996336
3,1778.0000,175.940227
3,1779.0000,172.983185
3,1780.0000,174.863303
3,1781.0000,165.960366
3,1782.0000,190.538151
3,1783.0000,179.640654
3,1784.0000,182.137460
3,1785.0000,169.793183
3,1786.0000,171.940409
3,1787.0000,177.060239
3,1788.0000,174.809599
3,1789.0000,182.161895
3,1790.0000,163.487841
3,1791.0000,178.529876
3,1792.0000,177.892449
3,1793.0000,177.897627
3,1794.0000,184.042384
3,1795.0000,177.451429
3,1796.0000,173.974178
3,1797.0000,176.847975
3,1798.0000,172.239424
3,1799.0000,178.135084
3,1800.0000,173.143287
3,1801.0000,178.510799
3,1802.0000,175.039120
3,1803.0000,174.070722
3,1804.0000,167.037095
3,1805.0000,172.332108
3,1806.0000,178.841682
3,1807.0000,179.136869
3,1808.0000,175.444933
3,1809.0000,187.175871
3,1810.0000,176.173404
3,1811.0000,176.635888
3,1812.0000,179.185256
3,1813.0000,179.784242
3,1814.0000,172.347695
3,1815.0000,176.492447
3,1816.0000,175.918482
3,1817.0000,176.722574
3,1818.0000,173.989183
3,1819.0000,172.008174
3,1820.0000,179.689865
3,1821.0000,173.550207
3,1822.0000,170.977245
3,1823.0000,174.386226
3,1824.0000,186.859108
3,1825.0000,173.010156
3,1826.0000,179.229267
3,1827.0000,178.039143
3,1828.0000,187.338583
3,1829.0000,164.510722
3,1830.0000,178.734639
3,1831.0000,172.089976
3,1832.0000,167.005835
3,1833.0000,173.587272
3,1834.0000,176.875110
3,1835.0000,181.297469
3,1836.0000,180.010462
3,1837.0000,171.856453
3,1838.0000,179.433932
3,1839.0000,178.211897
3,1840.0000,184.532265
3,1841.0000,181.551735
3,1842.0000,175.177949
3,1843.0000,175.515893
3,1844.0000,173.173823
3,1845.0000,163.500074
3,1846.0000,174.166081
3,1847.0000,169.333080
3,1848.0000,170.472864
3,1849.0000,169.687946
3,1850.0000,175.531184
3,1851.0000,173.091067
3,1852.0000,188.719469
3,1853.0000,173.590592
3,1854.0000,172.493093
3,1855.0000,174.541143
3,1856.0000,176.863922
3,1857.0000,172.646063
3,1858.0000,180.194591
3,1859.0000,177.499663
3,1860.0000,169.702774
3,1861.0000,179.597382
3,1862.0000,177.816517
3,1863.0000,168.177141
3,1864.0000,180.476426
3,1865.0000,183.078723
3,1866.0000,173.979474
3,1867.0000,158.745142
3,1868.0000,187.344273
3,1869.0000,170.278956
3,1870.0000,162.914265
3,1871.0000,166.797948
3,1872.0000,177.863028
3,1873.0000,172.246382
3,1874.0000,172.094173
3,1875.0000,164.475734
3,1876.0000,174.344412
3,1877.0000,174.272313
3,1878.0000,184.578357
3,1879.0000,179.202027
3,1880.0000,185.816357
3,1881.0000,175.978837
3,1882.0000,171.163088
3,1883.0000,176.209073
3,1884.0000,179.596543
3,1885.0000,182.716412
3,1886.0000,181.962745
3,1887.0000,178.579631
3,1888.0000,173.857187
3,1889.0000,172.495085
3,1890.0000,180.441912
3,1891.0000,186.713719
3,1892.0000,176.822433
3,1893.0000,164.377712
3,1894.0000,180.149705
3,1895.0000,180.028508
3,1896.0000,173.391858
3,1897.0000,171.634314
3,1898.0000,172.670062
3,1899.0000,174.460695
3,1900.0000,177.179559
3,1901.0000,183.120883
3,1902.0000,169.566076
3,1903.0000,178.513035
3,1904.0000,168.306216
3,1905.0000,171.148799
3,1906.0000,177.848614
3,1907.0000,173.370419
3,1908.0000,174.049650
3,1909.0000,179.794277
3,1910.0000,182.933563
3,1911.0000,172.319107
3,1912.0000,178.139814
3,1913.0000,169.201608
3,1914.0000,168.705312
3,1915.0000,174.454454
3,1916.0000,174.988053
3,1917.0000,172.505654
3,1918.0000,179.990840
3,1919.0000,168.433192
3,1920.0000,189.754000
3,1921.0000,173.238431
3,1922.0000,178.879415
3,1923.0000,162.495389
3,1924.0000,174.626197
3,1925.0000,180.737566
3,1926.0000,179.281701
3,1927.0000,179.308223
3,1928.0000,176.070948
3,1929.0000,176.942726
3,1930.0000,178.894695
3,1931.0000,176.460295
3,1932.0000,179.667431
3,1933.0000,179.697246
3,1934.0000,172.247944
3,1935.0000,167.427072
3,1936.0000,171.921831
3,1937.0000,176.819504
3,1938.0000,167.773861
3,1939.0000,181.596714
3,1940.0000,166.267134
3,1941.0000,170.385961
3,1942.0000,170.421203
3,1943.0000,163.700423
3,1944.0000,176.135364
3,1945.0000,174.425926
3,1946.0000,184.420561
3,1947.0000,189.166501
3,1948.0000,161.999792
3,1949.0000,178.158709
3,1950.0000,173.325009
3,1951.0000,181.500995
3,1952.0000,182.850998
3,1953.0000,176.651825
3,1954.0000,182.080744
3,1955.0000,181.889014
3,1956.0000,182.047772
3,1957.0000,180.311072
3,1958.0000,180.906785
3,1959.0000,170.978038
3,1960.0000,169.341166
3,1961.0000,173.636496
3,1962.0000,173.746272
3,1963.0000,167.149638
3,1964.0000,167.280452
3,1965.0000,175.333113
3,1966.0000,176.282310
3,1967.0000,170.497140
3,1968.0000,177.086582
3,1969.0000,175.443008
3,1970.0000,170.219305
3,1971.0000,176.286029
3,1972.0000,171.791429
3,1973.0000,171.578299
3,1974.0000,169.789129
3,1975.0000,173.378020
3,1976.0000,175.554505
3,1977.0000,180.311810
3,1978.0000,175.778693
3,1979.0000,173.997221
3,1980.0000,173.583446
3,1981.0000,184.325032
3,1982.0000,174.284381
3,1983.0000,178.380611
3,1984.0000,171.762116
3,1985.0000,171.546694
3,1986.0000,165.151593
3,1987.0000,178.861197
3,1988.0000,172.354104
3,1989.0000,165.872453
3,1990.0000,178.476787
3,1991.0000,180.655309
3,1992.0000,178.588909
3,1993.0000,174.726710
3,1994.0000,169.437431
3,1995.0000,169.566125
3,1996.0000,174.506943
3,1997.0000,183.887024
3,1998.0000,174.853264
3,1999.0000,175.623271
3,2000.0000,175.537834
4,200.0000,201.703867
4,201.0000,195.208468
4,202.0000,213.717411
4,203.0000,191.515704
4,204.0000,202.623476
4,205.0000,203.025106
4,206.0000,205.570654
4,207.0000,203.789929
4,208.0000,210.638649
4,209.0000,204.952085
4,210.0000,190.715880
4,211.0000,200.661850
4,212.0000,192.064579
4,213.0000,202.216261
4,214.0000,192.955721
4,215.0000,197.037984
4,216.0000,196.670633
4,217.0000,198.157875
4,218.0000,200.421324
4,219.0000,205.283009
4,220.0000,203.346995
4,221.0000,197.151541
4,222.0000,201.173115
4,223.0000,203.155874
4,224.0000,193.647766
4,225.0000,193.413061
4,226.0000,195.958094
4,227.0000,202.573384
4,228.0000,199.757072
4,229.0000,206.198387
4,230.0000,197.989525
4,231.0000,202.203485
4,232.0000,209.740002
4,233.0000,193.232865
4,234.0000,194.672772
4,235.0000,196.831827
4,236.0000,205.706722
4,237.0000,201.180751
4,238.0000,194.590209
4,239.0000,204.238342
4,240.0000,199.103770
4,241.0000,208.473820
4,242.0000,207.240844
4,243.0000,202.935431
4,244.0000,205.804239
4,245.0000,203.062716
4,246.0000,195.937758
4,247.0000,199.658849
4,248.0000,209.486010
4,249.0000,207.116850
4,250.0000,201.458192
4,251.0000,193.813609
4,252.0000,202.593319
4,253.0000,199.058062
4,254.0000,204.147174
4,255.0000,187.060872
4,256.0000,207.268374
4,257.0000,199.876292
4,258.0000,195.699871
4,259.0000,196.686637
4,260.0000,189.557728
4,261.0000,208.452527
4,262.0000,196.135757
4,263.0000,199.728103
4,264.0000,197.510553
4,265.0000,200.860821
4,266.0000,194.434439
4,267.0000,186.080506
4,268.0000,199.318716
4,269.0000,207.259108
4,270.0000,209.056603
4,271.0000,200.780200
4,272.0000,183.328110
4,273.0000,207.654066
4,274.0000,198.787831
4,275.0000,202.240679
4,276.0000,185.172987
4,277.0000,206.471883
4,278.0000,198.910617
4,279.0000,205.055412
4,280.0000,203.272810
4,281.0000,196.321412
4,282.0000,208.481144
4,283.0000,199.834256
4,284.0000,193.208308
4,285.0000,198.701532
4,286.0000,193.748119
4,287.0000,193.733764
4,288.0000,205.600842
4,289.0000,204.666389
4,290.0000,197.436608
4,291.0000,196.270610
4,292.0000,199.138215
4,293.0000,201.523954
4,294.0000,209.458824
4,295.0000,194.976485
4,296.0000,196.664606
4,297.0000,204.803030
4,298.0000,205.108672
4,299.0000,200.526038
4,300.0000,201.297937
4,301.0000,190.788946
4,302.0000,205.234501
4,303.0000,203.113490
4,304.0000,199.923862
4,305.0000,193.744363
4,306.0000,205.243903
4,307.0000,197.161567
4,308.0000,203.430066
4,309.0000,200.555691
4,310.0000,193.496223
4,311.0000,191.328887
4,312.0000,188.255987
4,313.0000,200.371558
4,314.0000,202.494464
4,315.0000,198.452535
4,316.0000,211.671970
4,317.0000,195.669051
4,318.0000,210.559226
4,319.0000,185.691685
4,320.0000,193.211728
4,321.0000,197.896809
4,322.0000,204.379280
4,323.0000,205.219262
4,324.0000,200.316478
4,325.0000,202.694258
4,326.0000,187.563407
4,327.0000,210.361485
4,328.0000,205.760145
4,329.0000,190.511522
4,330.0000,206.219376
4,331.0000,203.834334
4,332.0000,201.294280
4,333.0000,202.613087
4,334.0000,216.472380
4,335.0000,205.432513
4,336.0000,193.906849
4,337.0000,205.749579
4,338.0000,189.698065
4,339.0000,206.551475
4,340.0000,190.442276
4,341.0000,203.182856
4,342.0000,210.608961
4,343.0000,195.980528
4,344.0000,196.758924
4,345.0000,202.376368
4,346.0000,201.520950
4,347.0000,215.130176
4,348.0000,194.594204
4,349.0000,209.601797
4,350.0000,202.279533
4,351.0000,202.946004
4,352.0000,198.045608
4,353.0000,212.698649
4,354.0000,206.567798
4,355.0000,201.072913
4,356.0000,192.512244
4,357.0000,196.828071
4,358.0000,202.478783
4,359.0000,206.447272
4,360.0000,196.214706
4,361.0000,196.281550
4,362.0000,191.329736
4,363.0000,204.720460
4,364.0000,199.170708
4,365.0000,200.342276
4,366.0000,190.805041
4,367.0000,200.110295
4,368.0000,204.087218
4,369.0000,208.691010
4,370.0000,197.367725
4,371.0000,209.873236
4,372.0000,209.625761
4,373.0000,199.105794
4,374.0000,203.785745
4,375.0000,191.297751
4,376.0000,199.533938
4,377.0000,200.468218
4,378.0000,205.966245
4,379.0000,210.612190
4,380.0000,184.367468
4,381.0000,198.574213
4,382.0000,193.028783
4,383.0000,200.609596
4,384.0000,208.154209
4,385.0000,198.731339
4,386.0000,194.110101
4,387.0000,198.392517
4,388.0000,195.585279
4,389.0000,199.861083
4,390.0000,198.198104
4,391.0000,194.070391
4,392.0000,198.538603
4,393.0000,207.453363
4,394.0000,196.090132
4,395.0000,203.499248
4,396.0000,206.969352
4,397.0000,197.696437
4,398.0000,196.081204
4,399.0000,198.017623
4,400.0000,192.927583
4,401.0000,209.193291
4,402.0000,185.752334
4,403.0000,205.009362
4,404.0000,204.530500
4,405.0000,197.323338
4,406.0000,184.114023
4,407.0000,199.753534
4,408.0000,192.606405
4,409.0000,203.169476
4,410.0000,190.333412
4,411.0000,191.484637
4,412.0000,200.519052
4,413.0000,196.333883
4,414.0000,205.779702
4,415.0000,195.978337
4,416.0000,197.669660
4,417.0000,192.816115
4,418.0000,203.093852
4,419.0000,193.802984
4,420.0000,195.772795
4,421.0000,204.814684
4,422.0000,200.305685
4,423.0000,191.913616
4,424.0000,207.651662
4,425.0000,198.031764
4,426.0000,199.356601
4,427.0000,205.792262
4,428.0000,203.976952
4,429.0000,205.043353
4,430.0000,203.858933
4,431.0000,194.947703
4,432.0000,200.144039
4,433.0000,198.017565
4,434.0000,194.311802
4,435.0000,208.239578
4,436.0000,204.769309
4,437.0000,193.849422
4,438.0000,200.045949
4,439.0000,194.649159
4,440.0000,197.740542
4,441.0000,190.177716
4,442.0000,207.895776
4,443.0000,208.176588
4,444.0000,202.774835
4,445.0000,196.761241
4,446.0000,201.706851
4,447.0000,199.271018
4,448.0000,198.131720
4,449.0000,209.241239
4,450.0000,206.600619
4,451.0000,208.911920
4,452.0000,204.479946
4,453.0000,204.097532
4,454.0000,205.380438
4,455.0000,190.942079
4,456.0000,195.972150
4,457.0000,200.395164
4,458.0000,202.688844
4,459.0000,200.300223
4,460.0000,202.235121
4,461.0000,193.754951
4,462.0000,194.405683
4,463.0000,200.097329
4,464.0000,204.074575
4,465.0000,211.542069
4,466.0000,205.198641
4,467.0000,202.956903
4,468.0000,206.381630
4,469.0000,194.568116
4,470.0000,201.584785
4,471.0000,202.637671
4,472.0000,203.609652
4,473.0000,200.081842
4,474.0000,201.589118
4,475.0000,194.054110
4,476.0000,205.446120
4,477.0000,202.067839
4,478.0000,205.095522
4,479.0000,194.703714
4,480.0000,203.706267
4,481.0000,204.239751
4,482.0000,200.194902
4,483.0000,196.878338
4,484.0000,202.671476
4,485.0000,203.263270
4,486.0000,196.556949
4,487.0000,202.027241
4,488.0000,204.778855
4,489.0000,195.335787
4,490.0000,201.325476
4,491.0000,195.428221
4,492.0000,190.598367
4,493.0000,203.408246
4,494.0000,203.144441
4,495.0000,202.875102
4,496.0000,205.302545
4,497.0000,204.587592
4,498.0000,203.780208
4,499.0000,198.196954
4,500.0000,212.836024
4,501.0000,209.248122
4,502.0000,214.601078
4,503.0000,202.459867
4,504.0000,187.418630
4,505.0000,197.874824
4,506.0000,199.469634
4,507.0000,195.244563
4,508.0000,204.959610
4,509.0000,199.472321
4,510.0000,203.715654
4,511.0000,199.260877
4,512.0000,199.940654
4,513.0000,200.240506
4,514.0000,195.087350
4,515.0000,197.906376
4,516.0000,208.991334
4,517.0000,204.520367
4,518.0000,200.041835
4,519.0000,210.109450
4,520.0000,193.779456
4,521.0000,209.790172
4,522.0000,203.148131
4,523.0000,210.640713
4,524.0000,198.449808
4,525.0000,213.771413
4,526.0000,203.902073
4,527.0000,194.278107
4,528.0000,199.304394
4,529.0000,204.375968
4,530.0000,198.509991
4,531.0000,196.832597
4,532.0000,198.755554
4,533.0000,193.574023
4,534.0000,193.261932
4,535.0000,207.293116
4,536.0000,200.480388
4,537.0000,210.732089
4,538.0000,203.170552
4,539.0000,199.513923
4,540.0000,199.323648
4,541.0000,188.255166
4,542.0000,200.305954
4,543.0000,198.261084
4,544.0000,202.511097
4,545.0000,206.837046
4,546.0000,204.946639
4,547.0000,198.128097
4,548.0000,212.518029
4,549.0000,200.093371
4,550.0000,204.905963
4,551.0000,197.514231
4,552.0000,193.234517
4,553.0000,207.126967
4,554.0000,210.030442
4,555.0000,201.179864
4,556.0000,203.438127
4,557.0000,200.286387
4,558.0000,202.899081
4,559.0000,199.739256
4,560.0000,200.050199
4,561.0000,202.748626
4,562.0000,208.806444
4,563.0000,204.225397
4,564.0000,199.212268
4,565.0000,200.352397
4,566.0000,199.472102
4,567.0000,197.020794
4,568.0000,204.696864
4,569.0000,195.221346
4,570.0000,202.179397
4,571.0000,204.252579
4,572.0000,192.191326
4,573.0000,205.344590
4,574.0000,207.434314
4,575.0000,194.591954
4,576.0000,204.462766
4,577.0000,195.163146
4,578.0000,203.159080
4,579.0000,198.214357
4,580.0000,197.778172
4,581.0000,206.812122
4,582.0000,210.276787
4,583.0000,202.356319
4,584.0000,207.613429
4,585.0000,205.985311
4,586.0000,210.465018
4,587.0000,198.654372
4,588.0000,207.386354
4,589.0000,207.182576
4,590.0000,200.215461
4,591.0000,207.114123
4,592.0000,209.411440
4,593.0000,194.068949
4,594.0000,207.566421
4,595.0000,211.534126
4,596.0000,204.532694
4,597.0000,206.348036
4,598.0000,210.602719
4,599.0000,205.771610
4,600.0000,208.983598
4,601.0000,204.833226
4,602.0000,216.451422
4,603.0000,211.345227
4,604.0000,209.214240
4,605.0000,205.335068
4,606.0000,208.092430
4,607.0000,216.774776
4,608.0000,218.173518
4,609.0000,217.027915
4,610.0000,229.259770
4,611.0000,229.369684
4,612.0000,242.382653
4,613.0000,236.988814
4,614.0000,262.407390
4,615.0000,269.832578
4,616.0000,282.550711
4,617.0000,301.941781
4,618.0000,322.836398
4,619.0000,330.171703
4,620.0000,343.976762
4,621.0000,334.382908
4,622.0000,313.385090
4,623.0000,302.504457
4,624.0000,277.670522
4,625.0000,264.582426
4,626.0000,252.015145
4,627.0000,242.892727
4,628.0000,228.295401
4,629.0000,236.468235
4,630.0000,214.530040
4,631.0000,228.456091
4,632.0000,228.125576
4,633.0000,222.566457
4,634.0000,206.900636
4,635.0000,217.979981
4,636.0000,212.037730
4,637.0000,211.949315
4,638.0000,204.278626
4,639.0000,219.259350
4,640.0000,201.804110
4,641.0000,215.565563
4,642.0000,204.749901
4,643.0000,200.383706
4,644.0000,210.109672
4,645.0000,212.985732
4,646.0000,206.336582
4,647.0000,206.331106
4,648.0000,208.950564
4,649.0000,201.600014
4,650.0000,205.565116
4,651.0000,197.305165
4,652.0000,203.523877
4,653.0000,206.496057
4,654.0000,208.477469
4,655.0000,201.738328
4,656.0000,208.176574
4,657.0000,208.789194
4,658.0000,200.105800
4,659.0000,211.023078
4,660.0000,205.177166
4,661.0000,195.594328
4,662.0000,203.216002
4,663.0000,199.452136
4,664.0000,206.528306
4,665.0000,205.608475
4,666.0000,207.432961
4,667.0000,203.002284
4,668.0000,211.341254
4,669.0000,195.680149
4,670.0000,199.505167
4,671.0000,211.359297
4,672.0000,205.637398
4,673.0000,201.448055
4,674.0000,191.211631
4,675.0000,202.661807
4,676.0000,201.972422
4,677.0000,204.413636
4,678.0000,202.511924
4,679.0000,199.040709
4,680.0000,197.338652
4,681.0000,202.745998
4,682.0000,199.349798
4,683.0000,200.546774
4,684.0000,206.419809
4,685.0000,197.698772
4,686.0000,201.591361
4,687.0000,202.564026
4,688.0000,212.440902
4,689.0000,191.429733
4,690.0000,191.319317
4,691.0000,206.811064
4,692.0000,198.857467
4,693.0000,205.730364
4,694.0000,197.844736
4,695.0000,204.538251
4,696.0000,205.488952
4,697.0000,206.377677
4,698.0000,186.790660
4,699.0000,202.254362
4,700.0000,195.037145
4,701.0000,194.895200
4,702.0000,210.057503
4,703.0000,208.090836
4,704.0000,208.997196
4,705.0000,197.056408
4,706.0000,203.028838
4,707.0000,195.670958
4,708.0000,187.287297
4,709.0000,204.828460
4,710.0000,204.708810
4,711.0000,214.191638
4,712.0000,202.603108
4,713.0000,205.604781
4,714.0000,196.571506
4,715.0000,198.065821
4,716.0000,201.986464
4,717.0000,210.563640
4,718.0000,193.411348
4,719.0000,200.886899
4,720.0000,203.422027
4,721.0000,192.220610
4,722.0000,203.525671
4,723.0000,193.040375
4,724.0000,211.649307
4,725.0000,195.463637
4,726.0000,206.529544
4,727.0000,196.164947
4,728.0000,187.112082
4,729.0000,194.317759
4,730.0000,207.963048
4,731.0000,197.506928
4,732.0000,204.747587
4,733.0000,200.751301
4,734.0000,201.998043
4,735.0000,207.105368
4,736.0000,196.194936
4,737.0000,196.622153
4,738.0000,200.770244
4,739.0000,209.514832
4,740.0000,207.624156
4,741.0000,200.338171
4,742.0000,206.306638
4,743.0000,207.166360
4,744.0000,203.332768
4,745.0000,195.071735
4,746.0000,208.422369
4,747.0000,193.379179
4,748.0000,202.248655
4,749.0000,196.332834
4,750.0000,206.601936
4,751.0000,201.358922
4,752.0000,186.639862
4,753.0000,196.214855
4,754.0000,203.958975
4,755.0000,207.884866
4,756.0000,196.024674
4,757.0000,200.697832
4,758.0000,202.549268
4,759.0000,194.588525
4,760.0000,203.583604
4,761.0000,198.776992
4,762.0000,203.711379
4,763.0000,213.506395
4,764.0000,197.411162
4,765.0000,202.905383
4,766.0000,206.154605
4,767.0000,205.573587
4,768.0000,209.358084
4,769.0000,210.722634
4,770.0000,210.342504
4,771.0000,203.465896
4,772.0000,200.917734
4,773.0000,212.688262
4,774.0000,197.382415
4,775.0000,210.871110
4,776.0000,209.947741
4,777.0000,204.244911
4,778.0000,213.325739
4,779.0000,197.647777
4,780.0000,211.137334
4,781.0000,217.419091
4,782.0000,199.715739
4,783.0000,207.857661
4,784.0000,198.827367
4,785.0000,222.086929
4,786.0000,222.869980
4,787.0000,220.522478
4,788.0000,238.607583
4,789.0000,231.991062
4,790.0000,244.232347
4,791.0000,250.335638
4,792.0000,258.183500
4,793.0000,281.957989
4,794.0000,284.067226
4,795.0000,284.461537
4,796.0000,281.673858
4,797.0000,276.556295
4,798.0000,255.841151
4,799.0000,257.577882
4,800.0000,243.235954
4,801.0000,235.127797
4,802.0000,235.101467
4,803.0000,232.446819
4,804.0000,233.644061
4,805.0000,210.655553
4,806.0000,228.946308
4,807.0000,210.970683
4,808.0000,208.719218
4,809.0000,213.218309
4,810.0000,213.397307
4,811.0000,212.569994
4,812.0000,212.355812
4,813.0000,208.417800
4,814.0000,205.170533
4,815.0000,210.892017
4,816.0000,195.863289
4,817.0000,209.910391
4,818.0000,198.804442
4,819.0000,211.334931
4,820.0000,196.611500
4,821.0000,193.974329
4,822.0000,205.013039
4,823.0000,205.324463
4,824.0000,209.023696
4,825.0000,193.047573
4,826.0000,192.742501
4,827.0000,204.486368
4,828.0000,198.966713
4,829.0000,206.982601
4,830.0000,203.154543
4,831.0000,196.305378
4,832.0000,199.267660
4,833.0000,200.727598
4,834.0000,203.490442
4,835.0000,205.951172
4,836.0000,208.595819
4,837.0000,190.703232
4,838.0000,207.479535
4,839.0000,205.724813
4,840.0000,202.391934
4,841.0000,202.671768
4,842.0000,195.031566
4,843.0000,201.444162
4,844.0000,209.250321
4,845.0000,202.621639
4,846.0000,210.041752
4,847.0000,195.624502
4,848.0000,206.519540
4,849.0000,210.188065
4,850.0000,191.216393
4,851.0000,212.176837
4,852.0000,202.484953
4,853.0000,197.133336
4,854.0000,211.956335
4,855.0000,198.766887
4,856.0000,197.092082
4,857.0000,202.615379
4,858.0000,198.806062
4,859.0000,200.925807
4,860.0000,187.938742
4,861.0000,196.930767
4,862.0000,206.280124
4,863.0000,205.566801
4,864.0000,203.960780
4,865.0000,197.529601
4,866.0000,194.854985
4,867.0000,200.422431
4,868.0000,205.105525
4,869.0000,205.882846
4,870.0000,204.607771
4,871.0000,205.341284
4,872.0000,198.964897
4,873.0000,212.111795
4,874.0000,193.153703
4,875.0000,203.571508
4,876.0000,202.300271
4,877.0000,199.488339
4,878.0000,203.282445
4,879.0000,188.981569
4,880.0000,197.113295
4,881.0000,204.022323
4,882.0000,209.073091
4,883.0000,193.258591
4,884.0000,195.716108
4,885.0000,204.387383
4,886.0000,212.896511
4,887.0000,205.464745
4,888.0000,202.046425
4,889.0000,218.642235
4,890.0000,199.447361
4,891.0000,205.644732
4,892.0000,195.787826
4,893.0000,203.777399
4,894.0000,196.199416
4,895.0000,211.162037
4,896.0000,193.075264
4,897.0000,205.821100
4,898.0000,206.433909
4,899.0000,201.553422
4,900.0000,212.721400
4,901.0000,209.591308
4,902.0000,205.213095
4,903.0000,191.107491
4,904.0000,207.440228
4,905.0000,193.284411
4,906.0000,214.355173
4,907.0000,198.984560
4,908.0000,209.287124
4,909.0000,196.402788
4,910.0000,195.753211
4,911.0000,201.325949
4,912.0000,199.256637
4,913.0000,202.742644
4,914.0000,204.667607
4,915.0000,198.110482
4,916.0000,201.571980
4,917.0000,202.091855
4,918.0000,199.916075
4,919.0000,209.341843
4,920.0000,211.177035
4,921.0000,208.947429
4,922.0000,206.845594
4,923.0000,202.954405
4,924.0000,210.108489
4,925.0000,205.981620
4,926.0000,211.628300
4,927.0000,201.228789
4,928.0000,188.196039
4,929.0000,197.537916
4,930.0000,200.395656
4,931.0000,190.905725
4,932.0000,204.370037
4,933.0000,199.924713
4,934.0000,197.369979
4,935.0000,196.690317
4,936.0000,210.043064
4,937.0000,193.479629
4,938.0000,216.126070
4,939.0000,210.358986
4,940.0000,218.768359
4,941.0000,209.750846
4,942.0000,209.275352
4,943.0000,207.697062
4,944.0000,206.291213
4,945.0000,208.530366
4,946.0000,203.614515
4,947.0000,203.871813
4,948.0000,198.025253
4,949.0000,212.003434
4,950.0000,184.126744
4,951.0000,207.199215
4,952.0000,200.046909
4,953.0000,206.446096
4,954.0000,215.953449
4,955.0000,207.438409
4,956.0000,213.023796
4,957.0000,205.475876
4,958.0000,216.436847
4,959.0000,204.663287
4,960.0000,203.772950
4,961.0000,206.143385
4,962.0000,197.482346
4,963.0000,208.544349
4,964.0000,194.814684
4,965.0000,197.619905
4,966.0000,210.702929
4,967.0000,215.383292
4,968.0000,218.395886
4,969.0000,207.466172
4,970.0000,218.281208
4,971.0000,214.655087
4,972.0000,199.978613
4,973.0000,204.911726
4,974.0000,208.110834
4,975.0000,214.872463
4,976.0000,212.591443
4,977.0000,216.199503
4,978.0000,214.017350
4,979.0000,215.946978
4,980.0000,231.060559
4,981.0000,224.374757
4,982.0000,233.257266
4,983.0000,225.022552
4,984.0000,220.945539
4,985.0000,229.986434
4,986.0000,234.548784
4,987.0000,242.695148
4,988.0000,245.521738
4,989.0000,247.658977
4,990.0000,254.329740
4,991.0000,266.174407
4,992.0000,282.708658
4,993.0000,306.681121
4,994.0000,329.280835
4,995.0000,362.581199
4,996.0000,403.092513
4,997.0000,490.600997
4,998.0000,599.960006
4,999.0000,759.314629
4,1000.0000,915.761980
4,1001.0000,996.029761
4,1002.0000,916.653623
4,1003.0000,759.809735
4,1004.0000,609.317816
4,1005.0000,480.637173
4,1006.0000,415.973024
4,1007.0000,372.716961
4,1008.0000,328.823242
4,1009.0000,311.344026
4,1010.0000,291.621882
4,1011.0000,276.211888
4,1012.0000,279.413473
4,1013.0000,259.060932
4,1014.0000,259.897304
4,1015.0000,244.014029
4,1016.0000,250.848012
4,1017.0000,249.008251
4,1018.0000,251.923001
4,1019.0000,246.876272
4,1020.0000,256.823762
4,1021.0000,258.051906
4,1022.0000,263.265788
4,1023.0000,277.409227
4,1024.0000,274.579052
4,1025.0000,287.514005
4,1026.0000,320.768608
4,1027.0000,347.903348
4,1028.0000,403.914882
4,1029.0000,458.170060
4,1030.0000,513.924452
4,1031.0000,537.503349
4,1032.0000,516.020675
4,1033.0000,459.818430
4,1034.0000,397.460364
4,1035.0000,354.224609
4,1036.0000,319.404296
4,1037.0000,289.321418
4,1038.0000,278.474295
4,1039.0000,261.115489
4,1040.0000,248.489070
4,1041.0000,247.986030
4,1042.0000,237.413116
4,1043.0000,244.512970
4,1044.0000,223.484189
4,1045.0000,216.690839
4,1046.0000,233.327385
4,1047.0000,213.935040
4,1048.0000,223.711200
4,1049.0000,214.611133
4,1050.0000,213.382128
4,1051.0000,214.651234
4,1052.0000,230.637836
4,1053.0000,204.262343
4,1054.0000,207.208043
4,1055.0000,206.386628
4,1056.0000,193.733167
4,1057.0000,209.280748
4,1058.0000,208.423887
4,1059.0000,211.609067
4,1060.0000,212.359745
4,1061.0000,201.783483
4,1062.0000,216.943552
4,1063.0000,206.422634
4,1064.0000,197.104763
4,1065.0000,195.330372
4,1066.0000,209.773277
4,1067.0000,209.276762
4,1068.0000,206.932541
4,1069.0000,209.687213
4,1070.0000,195.415848
4,1071.0000,185.551179
4,1072.0000,192.593532
4,1073.0000,193.402031
4,1074.0000,203.913474
4,1075.0000,206.797880
4,1076.0000,207.783526
4,1077.0000,198.616246
4,1078.0000,213.439163
4,1079.0000,210.812780
4,1080.0000,199.361339
4,1081.0000,193.528119
4,1082.0000,204.621191
4,1083.0000,196.446598
4,1084.0000,206.316624
4,1085.0000,214.855116
4,1086.0000,217.053209
4,1087.0000,202.384341
4,1088.0000,199.284116
4,1089.0000,200.226024
4,1090.0000,204.467394
4,1091.0000,198.804967
4,1092.0000,195.749389
4,1093.0000,195.663692
4,1094.0000,202.007181
4,1095.0000,206.974013
4,1096.0000,199.544565
4,1097.0000,197.209941
4,1098.0000,204.243127
4,1099.0000,200.983535
4,1100.0000,192.932765
4,1101.0000,197.887223
4,1102.0000,202.384991
4,1103.0000,202.367049
4,1104.0000,208.917493
4,1105.0000,197.830712
4,1106.0000,191.033172
4,1107.0000,200.358092
4,1108.0000,214.538443
4,1109.0000,206.437261
4,1110.0000,204.171772
4,1111.0000,203.202243
4,1112.0000,195.072953
4,1113.0000,195.990246
4,1114.0000,199.494968
4,1115.0000,201.354569
4,1116.0000,194.488162
4,1117.0000,195.801825
4,1118.0000,208.447592
4,1119.0000,199.760986
4,1120.0000,201.750290
4,1121.0000,204.969166
4,1122.0000,202.472557
4,1123.0000,201.690353
4,1124.0000,201.922955
4,1125.0000,192.728588
4,1126.0000,197.858491
4,1127.0000,205.530872
4,1128.0000,209.674407
4,1129.0000,199.865305
4,1130.0000,211.738935
4,1131.0000,208.630044
4,1132.0000,204.059846
4,1133.0000,204.766650
4,1134.0000,209.015080
4,1135.0000,209.501367
4,1136.0000,204.181424
4,1137.0000,201.610760
4,1138.0000,215.290735
4,1139.0000,212.317239
4,1140.0000,211.582167
4,1141.0000,214.178577
4,1142.0000,218.919115
4,1143.0000,215.226643
4,1144.0000,231.902703
4,1145.0000,218.532830
4,1146.0000,219.793291
4,1147.0000,237.705016
4,1148.0000,245.575238
4,1149.0000,251.867458
4,1150.0000,263.394372
4,1151.0000,267.255299
4,1152.0000,295.665454
4,1153.0000,303.268240
4,1154.0000,307.186512
4,1155.0000,305.582041
4,1156.0000,305.531417
4,1157.0000,307.626567
4,1158.0000,283.686753
4,1159.0000,277.278594
4,1160.0000,262.444158
4,1161.0000,250.791116
4,1162.0000,234.133490
4,1163.0000,233.414792
4,1164.0000,236.451975
4,1165.0000,234.615095
4,1166.0000,232.929648
4,1167.0000,212.957367
4,1168.0000,230.722486
4,1169.0000,219.360701
4,1170.0000,220.270430
4,1171.0000,227.262193
4,1172.0000,226.585587
4,1173.0000,230.296369
4,1174.0000,230.578940
4,1175.0000,232.177963
4,1176.0000,227.936442
4,1177.0000,230.890524
4,1178.0000,237.458175
4,1179.0000,260.924065
4,1180.0000,268.078445
4,1181.0000,284.095794
4,1182.0000,293.200763
4,1183.0000,296.782285
4,1184.0000,299.030029
4,1185.0000,276.799353
4,1186.0000,279.129601
4,1187.0000,257.024186
4,1188.0000,239.355714
4,1189.0000,227.578865
4,1190.0000,228.169134
4,1191.0000,223.300435
4,1192.0000,218.070994
4,1193.0000,224.981253
4,1194.0000,206.122714
4,1195.0000,213.436900
4,1196.0000,233.737100
4,1197.0000,201.248656
4,1198.0000,206.324973
4,1199.0000,207.984567
4,1200.0000,208.568501
4,1201.0000,199.997164
4,1202.0000,199.190137
4,1203.0000,200.105634
4,1204.0000,207.023575
4,1205.0000,192.087214
4,1206.0000,197.152121
4,1207.0000,198.115019
4,1208.0000,198.953414
4,1209.0000,211.096343
4,1210.0000,208.428532
4,1211.0000,199.071852
4,1212.0000,194.946238
4,1213.0000,204.101422
4,1214.0000,197.552546
4,1215.0000,200.245114
4,1216.0000,198.861144
4,1217.0000,199.142265
4,1218.0000,203.659945
4,1219.0000,200.005282
4,1220.0000,202.225517
4,1221.0000,205.444430
4,1222.0000,202.806453
4,1223.0000,200.564749
4,1224.0000,200.838516
4,1225.0000,212.695612
4,1226.0000,200.894718
4,1227.0000,205.066389
4,1228.0000,201.057297
4,1229.0000,194.967573
4,1230.0000,196.207201
4,1231.0000,204.645849
4,1232.0000,201.880696
4,1233.0000,190.496776
4,1234.0000,195.156656
4,1235.0000,202.471414
4,1236.0000,196.327325
4,1237.0000,199.060261
4,1238.0000,199.254834
4,1239.0000,191.486017
4,1240.0000,203.124693
4,1241.0000,195.447205
4,1242.0000,199.906363
4,1243.0000,209.475861
4,1244.0000,196.575549
4,1245.0000,198.620701
4,1246.0000,200.214510
4,1247.0000,198.269330
4,1248.0000,197.592639
4,1249.0000,204.172619
4,1250.0000,206.251225
4,1251.0000,210.297818
4,1252.0000,212.666348
4,1253.0000,202.319166
4,1254.0000,211.738057
4,1255.0000,208.044297
4,1256.0000,195.904412
4,1257.0000,214.517490
4,1258.0000,205.274986
4,1259.0000,202.173987
4,1260.0000,203.634827
4,1261.0000,203.249237
4,1262.0000,200.647177
4,1263.0000,196.799552
4,1264.0000,202.595968
4,1265.0000,205.310381
4,1266.0000,193.314384
4,1267.0000,197.428396
4,1268.0000,196.998302
4,1269.0000,203.872781
4,1270.0000,208.712076
4,1271.0000,199.954246
4,1272.0000,209.427510
4,1273.0000,204.487618
4,1274.0000,200.919661
4,1275.0000,191.959678
4,1276.0000,201.896433
4,1277.0000,195.627870
4,1278.0000,206.530797
4,1279.0000,197.101176
4,1280.0000,192.666009
4,1281.0000,198.230760
4,1282.0000,203.098188
4,1283.0000,198.719749
4,1284.0000,184.671428
4,1285.0000,205.191533
4,1286.0000,195.989320
4,1287.0000,201.877171
4,1288.0000,201.686218
4,1289.0000,201.966218
4,1290.0000,201.691531
4,1291.0000,205.988856
4,1292.0000,208.640812
4,1293.0000,205.092280
4,1294.0000,206.602412
4,1295.0000,203.755798
4,1296.0000,207.530302
4,1297.0000,196.896838
4,1298.0000,204.616511
4,1299.0000,203.602159
4,1300.0000,203.836951
4,1301.0000,194.736167
4,1302.0000,201.213957
4,1303.0000,197.364463
4,1304.0000,192.841016
4,1305.0000,184.360993
4,1306.0000,203.300273
4,1307.0000,192.215176
4,1308.0000,203.807580
4,1309.0000,190.468799
4,1310.0000,202.274756
4,1311.0000,192.908955
4,1312.0000,201.441295
4,1313.0000,206.560480
4,1314.0000,196.326111
4,1315.0000,194.112902
4,1316.0000,212.793660
4,1317.0000,208.558084
4,1318.0000,196.949255
4,1319.0000,211.078647
4,1320.0000,197.881936
4,1321.0000,201.572552
4,1322.0000,206.067890
4,1323.0000,206.798999
4,1324.0000,202.814801
4,1325.0000,204.760885
4,1326.0000,194.284212
4,1327.0000,202.782960
4,1328.0000,197.076401
4,1329.0000,197.186805
4,1330.0000,197.699508
4,1331.0000,204.774612
4,1332.0000,205.196466
4,1333.0000,200.439853
4,1334.0000,209.140986
4,1335.0000,192.108651
4,1336.0000,205.858656
4,1337.0000,210.538844
4,1338.0000,202.203156
4,1339.0000,203.279520
4,1340.0000,198.817508
4,1341.0000,197.211120
4,1342.0000,194.670649
4,1343.0000,207.521041
4,1344.0000,212.462346
4,1345.0000,206.538109
4,1346.0000,198.793786
4,1347.0000,202.732362
4,1348.0000,200.884896
4,1349.0000,195.267801
4,1350.0000,190.054880
4,1351.0000,201.187837
4,1352.0000,195.473653
4,1353.0000,206.654867
4,1354.0000,187.069836
4,1355.0000,202.087674
4,1356.0000,200.999311
4,1357.0000,203.566069
4,1358.0000,202.239846
4,1359.0000,203.117260
4,1360.0000,198.829361
4,1361.0000,196.953301
4,1362.0000,197.966993
4,1363.0000,197.832732
4,1364.0000,195.691361
4,1365.0000,209.648618
4,1366.0000,207.706123
4,1367.0000,203.784928
4,1368.0000,198.695532
4,1369.0000,201.911742
4,1370.0000,191.485819
4,1371.0000,199.844339
4,1372.0000,201.246934
4,1373.0000,200.340453
4,1374.0000,199.034248
4,1375.0000,206.759228
4,1376.0000,205.328978
4,1377.0000,206.146404
4,1378.0000,200.441394
4,1379.0000,204.894018
4,1380.0000,201.316342
4,1381.0000,195.748527
4,1382.0000,211.370145
4,1383.0000,203.745938
4,1384.0000,196.713468
4,1385.0000,195.982580
4,1386.0000,211.729425
4,1387.0000,193.575182
4,1388.0000,199.357828
4,1389.0000,196.254958
4,1390.0000,196.042088
4,1391.0000,201.174864
4,1392.0000,199.319448
4,1393.0000,202.609520
4,1394.0000,201.956461
4,1395.0000,207.080400
4,1396.0000,217.177457
4,1397.0000,208.874690
4,1398.0000,195.548876
4,1399.0000,210.187224
4,1400.0000,192.886700
4,1401.0000,204.187932
4,1402.0000,194.472202
4,1403.0000,198.620343
4,1404.0000,205.562317
4,1405.0000,190.232181
4,1406.0000,204.926892
4,1407.0000,206.120402
4,1408.0000,212.400345
4,1409.0000,199.967177
4,1410.0000,200.870380
4,1411.0000,207.199384
4,1412.0000,194.879769
4,1413.0000,209.030110
4,1414.0000,203.873983
4,1415.0000,198.022395
4,1416.0000,203.724709
4,1417.0000,226.625313
4,1418.0000,212.589052
4,1419.0000,202.368609
4,1420.0000,221.144291
4,1421.0000,198.607095
4,1422.0000,215.833228
4,1423.0000,205.685448
4,1424.0000,210.599650
4,1425.0000,213.796761
4,1426.0000,216.033723
4,1427.0000,212.133248
4,1428.0000,218.486589
4,1429.0000,207.950354
4,1430.0000,224.502001
4,1431.0000,225.287103
4,1432.0000,221.091438
4,1433.0000,210.247845
4,1434.0000,216.892279
4,1435.0000,227.893494
4,1436.0000,234.255214
4,1437.0000,234.497740
4,1438.0000,239.919419
4,1439.0000,258.236095
4,1440.0000,260.542848
4,1441.0000,269.575234
4,1442.0000,271.993643
4,1443.0000,282.673159
4,1444.0000,290.140936
4,1445.0000,306.065672
4,1446.0000,327.945416
4,1447.0000,340.221278
4,1448.0000,366.200559
4,1449.0000,369.583745
4,1450.0000,376.325196
4,1451.0000,388.653191
4,1452.0000,364.167615
4,1453.0000,354.720463
4,1454.0000,333.611934
4,1455.0000,308.655135
4,1456.0000,296.680746
4,1457.0000,291.419550
4,1458.0000,282.314562
4,1459.0000,268.138166
4,1460.0000,264.250195
4,1461.0000,253.047137
4,1462.0000,239.566153
4,1463.0000,240.070156
4,1464.0000,237.740269
4,1465.0000,232.356843
4,1466.0000,229.045256
4,1467.0000,234.606276
4,1468.0000,214.827969
4,1469.0000,215.629727
4,1470.0000,219.307938
4,1471.0000,227.681665
4,1472.0000,225.105983
4,1473.0000,217.692503
4,1474.0000,210.040906
4,1475.0000,209.759946
4,1476.0000,200.270814
4,1477.0000,212.948410
4,1478.0000,205.338233
4,1479.0000,208.696148
4,1480.0000,210.708018
4,1481.0000,206.739265
4,1482.0000,207.058407
4,1483.0000,219.596437
4,1484.0000,206.801824
4,1485.0000,216.376113
4,1486.0000,208.073587
4,1487.0000,199.258765
4,1488.0000,207.923540
4,1489.0000,209.888173
4,1490.0000,209.651273
4,1491.0000,207.955588
4,1492.0000,204.684815
4,1493.0000,201.742071
4,1494.0000,206.784641
4,1495.0000,211.373185
4,1496.0000,226.677429
4,1497.0000,203.019378
4,1498.0000,202.174429
4,1499.0000,207.765329
4,1500.0000,208.124286
4,1501.0000,211.983081
4,1502.0000,190.294778
4,1503.0000,196.674550
4,1504.0000,212.373441
4,1505.0000,205.448765
4,1506.0000,204.436499
4,1507.0000,209.177916
4,1508.0000,209.116116
4,1509.0000,198.804883
4,1510.0000,212.164428
4,1511.0000,195.777738
4,1512.0000,200.142878
4,1513.0000,208.761745
4,1514.0000,208.862853
4,1515.0000,196.071031
4,1516.0000,209.492760
4,1517.0000,201.546666
4,1518.0000,199.417925
4,1519.0000,199.406837
4,1520.0000,202.160658
4,1521.0000,206.428538
4,1522.0000,203.615476
4,1523.0000,204.165582
4,1524.0000,209.002286
4,1525.0000,202.597328
4,1526.0000,208.215453
4,1527.0000,220.088847
4,1528.0000,206.140338
4,1529.0000,206.095751
4,1530.0000,209.479720
4,1531.0000,199.252649
4,1532.0000,203.569232
4,1533.0000,203.787641
4,1534.0000,195.269763
4,1535.0000,205.064634
4,1536.0000,208.083403
4,1537.0000,199.867185
4,1538.0000,206.538832
4,1539.0000,198.859796
4,1540.0000,201.589269
4,1541.0000,208.376618
4,1542.0000,205.768136
4,1543.0000,195.877993
4,1544.0000,204.723981
4,1545.0000,210.855096
4,1546.0000,205.920544
4,1547.0000,209.833796
4,1548.0000,206.068331
4,1549.0000,207.145238
4,1550.0000,211.579795
4,1551.0000,204.993860
4,1552.0000,208.477017
4,1553.0000,208.140858
4,1554.0000,202.106327
4,1555.0000,208.897241
4,1556.0000,214.264441
4,1557.0000,214.582693
4,1558.0000,213.959501
4,1559.0000,214.451760
4,1560.0000,207.349117
4,1561.0000,217.065265
4,1562.0000,215.957624
4,1563.0000,204.598532
4,1564.0000,221.604666
4,1565.0000,221.175385
4,1566.0000,221.855152
4,1567.0000,216.663226
4,1568.0000,223.050539
4,1569.0000,223.734267
4,1570.0000,232.877839
4,1571.0000,237.061174
4,1572.0000,239.048635
4,1573.0000,243.901584
4,1574.0000,243.849734
4,1575.0000,261.957842
4,1576.0000,266.343882
4,1577.0000,276.030343
4,1578.0000,297.144602
4,1579.0000,320.696329
4,1580.0000,335.263725
4,1581.0000,360.925457
4,1582.0000,371.261130
4,1583.0000,387.884165
4,1584.0000,368.308557
4,1585.0000,358.631485
4,1586.0000,346.619964
4,1587.0000,329.848514
4,1588.0000,310.486419
4,1589.0000,314.991817
4,1590.0000,317.919631
4,1591.0000,310.990362
4,1592.0000,309.348679
4,1593.0000,316.825591
4,1594.0000,327.490086
4,1595.0000,340.636367
4,1596.0000,371.559011
4,1597.0000,408.498692
4,1598.0000,461.837801
4,1599.0000,527.286390
4,1600.0000,609.066115
4,1601.0000,680.565208
4,1602.0000,699.183669
4,1603.0000,672.379317
4,1604.0000,601.478686
4,1605.0000,524.859798
4,1606.0000,448.098467
4,1607.0000,395.706068
4,1608.0000,362.653926
4,1609.0000,317.480370
4,1610.0000,302.521469
4,1611.0000,281.078696
4,1612.0000,265.641014
4,1613.0000,265.893939
4,1614.0000,261.373348
4,1615.0000,247.615438
4,1616.0000,242.779400
4,1617.0000,226.514457
4,1618.0000,232.665848
4,1619.0000,223.910616
4,1620.0000,218.501926
4,1621.0000,220.126372
4,1622.0000,227.094763
4,1623.0000,211.777255
4,1624.0000,223.216964
4,1625.0000,225.375080
4,1626.0000,221.858886
4,1627.0000,211.249959
4,1628.0000,220.451204
4,1629.0000,222.249715
4,1630.0000,219.042606
4,1631.0000,220.018971
4,1632.0000,215.510954
4,1633.0000,206.923691
4,1634.0000,207.897371
4,1635.0000,208.918267
4,1636.0000,202.045563
4,1637.0000,213.882871
4,1638.0000,211.484563
4,1639.0000,205.273824
4,1640.0000,200.347069
4,1641.0000,201.848490
4,1642.0000,209.920705
4,1643.0000,202.095973
4,1644.0000,203.963925
4,1645.0000,212.787717
4,1646.0000,208.259415
4,1647.0000,207.558582
4,1648.0000,203.853160
4,1649.0000,211.123202
4,1650.0000,201.363720
4,1651.0000,194.731049
4,1652.0000,196.720206
4,1653.0000,209.955118
4,1654.0000,210.387179
4,1655.0000,201.211780
4,1656.0000,197.585349
4,1657.0000,211.155484
4,1658.0000,204.457197
4,1659.0000,205.637055
4,1660.0000,198.077065
4,1661.0000,218.278621
4,1662.0000,195.393607
4,1663.0000,194.641880
4,1664.0000,207.024696
4,1665.0000,206.920949
4,1666.0000,201.708882
4,1667.0000,202.182881
4,1668.0000,206.487967
4,1669.0000,195.214456
4,1670.0000,202.365296
4,1671.0000,201.712442
4,1672.0000,206.737608
4,1673.0000,200.812863
4,1674.0000,205.818578
4,1675.0000,212.019240
4,1676.0000,190.535868
4,1677.0000,209.420512
4,1678.0000,199.606317
4,1679.0000,203.926180
4,1680.0000,199.589386
4,1681.0000,202.620344
4,1682.0000,201.327209
4,1683.0000,206.644821
4,1684.0000,203.819422
4,1685.0000,201.396809
4,1686.0000,200.645575
4,1687.0000,204.901353
4,1688.0000,205.689150
4,1689.0000,200.375868
4,1690.0000,197.668596
4,1691.0000,193.072044
4,1692.0000,194.697389
4,1693.0000,196.536741
4,1694.0000,203.007589
4,1695.0000,194.844756
4,1696.0000,193.436263
4,1697.0000,195.047973
4,1698.0000,205.320708
4,1699.0000,202.200347
4,1700.0000,204.364160
4,1701.0000,197.226750
4,1702.0000,200.210962
4,1703.0000,203.850583
4,1704.0000,202.763974
4,1705.0000,212.801082
4,1706.0000,198.151742
4,1707.0000,203.454330
4,1708.0000,210.261364
4,1709.0000,198.770431
4,1710.0000,198.417704
4,1711.0000,204.326982
4,1712.0000,199.490201
4,1713.0000,217.323692
4,1714.0000,212.850703
4,1715.0000,206.295856
4,1716.0000,203.083767
4,1717.0000,197.468455
4,1718.0000,201.708119
4,1719.0000,197.952339
4,1720.0000,199.082818
4,1721.0000,211.493155
4,1722.0000,196.389281
4,1723.0000,201.999463
4,1724.0000,198.938795
4,1725.0000,197.262715
4,1726.0000,206.184528
4,1727.0000,201.487954
4,1728.0000,204.463748
4,1729.0000,190.084366
4,1730.0000,192.186367
4,1731.0000,196.381158
4,1732.0000,192.642497
4,1733.0000,206.816878
4,1734.0000,198.751172
4,1735.0000,201.528827
4,1736.0000,206.719052
4,1737.0000,200.439986
4,1738.0000,209.817033
4,1739.0000,198.233515
4,1740.0000,201.126112
4,1741.0000,194.233145
4,1742.0000,202.060353
4,1743.0000,196.720867
4,1744.0000,196.859673
4,1745.0000,202.004251
4,1746.0000,204.250904
4,1747.0000,188.700112
4,1748.0000,194.740037
4,1749.0000,199.092632
4,1750.0000,195.482112
4,1751.0000,211.737299
4,1752.0000,206.466768
4,1753.0000,197.268502
4,1754.0000,198.195569
4,1755.0000,200.129468
4,1756.0000,200.803888
4,1757.0000,194.495288
4,1758.0000,195.726669
4,1759.0000,211.150734
4,1760.0000,193.486557
4,1761.0000,196.183289
4,1762.0000,192.466225
4,1763.0000,207.349122
4,1764.0000,201.287533
4,1765.0000,212.143948
4,1766.0000,204.244307
4,1767.0000,198.187546
4,1768.0000,210.255798
4,1769.0000,196.320638
4,1770.0000,198.581704
4,1771.0000,205.311615
4,1772.0000,200.671446
4,1773.0000,197.024996
4,1774.0000,199.098138
4,1775.0000,204.419798
4,1776.0000,194.622472
4,1777.0000,206.610492
4,1778.0000,196.256896
4,1779.0000,204.291838
4,1780.0000,198.300506
4,1781.0000,194.111865
4,1782.0000,198.835309
4,1783.0000,195.699041
4,1784.0000,195.473787
4,1785.0000,200.967639
4,1786.0000,206.594545
4,1787.0000,193.722188
4,1788.0000,207.648735
4,1789.0000,205.505036
4,1790.0000,198.871640
4,1791.0000,188.755436
4,1792.0000,195.401222
4,1793.0000,201.697184
4,1794.0000,203.924642
4,1795.0000,199.240894
4,1796.0000,206.800760
4,1797.0000,212.083965
4,1798.0000,197.628993
4,1799.0000,207.076851
4,1800.0000,210.155613
4,1801.0000,197.444398
4,1802.0000,202.900683
4,1803.0000,207.828195
4,1804.0000,203.202534
4,1805.0000,201.144969
4,1806.0000,195.966115
4,1807.0000,198.245852
4,1808.0000,188.838682
4,1809.0000,192.997359
4,1810.0000,199.800149
4,1811.0000,201.736410
4,1812.0000,189.334325
4,1813.0000,197.669879
4,1814.0000,202.497748
4,1815.0000,195.974508
4,1816.0000,197.126014
4,1817.0000,200.744886
4,1818.0000,196.121777
4,1819.0000,199.456568
4,1820.0000,205.811072
4,1821.0000,198.086769
4,1822.0000,212.804894
4,1823.0000,202.279092
4,1824.0000,198.018452
4,1825.0000,195.303514
4,1826.0000,206.162910
4,1827.0000,208.302336
4,1828.0000,195.983641
4,1829.0000,196.711197
4,1830.0000,196.602465
4,1831.0000,203.061097
4,1832.0000,200.248670
4,1833.0000,198.985074
4,1834.0000,199.918433
4,1835.0000,207.095853
4,1836.0000,198.775831
4,1837.0000,206.977809
4,1838.0000,191.128622
4,1839.0000,202.802280
4,1840.0000,199.075464
4,1841.0000,202.090004
4,1842.0000,201.382121
4,1843.0000,212.897326
4,1844.0000,202.648556
4,1845.0000,201.481000
4,1846.0000,205.837337
4,1847.0000,198.934617
4,1848.0000,202.013965
4,1849.0000,196.154752
4,1850.0000,192.026301
4,1851.0000,208.825445
4,1852.0000,193.200461
4,1853.0000,196.772945
4,1854.0000,203.186768
4,1855.0000,194.107616
4,1856.0000,199.877740
4,1857.0000,195.850696
4,1858.0000,200.802233
4,1859.0000,201.400745
4,1860.0000,216.061499
4,1861.0000,202.349632
4,1862.0000,209.677349
4,1863.0000,218.991338
4,1864.0000,206.609899
4,1865.0000,202.786535
4,1866.0000,204.139186
4,1867.0000,202.484966
4,1868.0000,196.759122
4,1869.0000,201.692934
4,1870.0000,204.174725
4,1871.0000,188.166490
4,1872.0000,204.796507
4,1873.0000,201.962533
4,1874.0000,195.847951
4,1875.0000,190.021730
4,1876.0000,204.481709
4,1877.0000,193.600893
4,1878.0000,190.671049
4,1879.0000,200.427091
4,1880.0000,199.675322
4,1881.0000,203.035898
4,1882.0000,199.719574
4,1883.0000,207.876160
4,1884.0000,194.744483
4,1885.0000,212.996487
4,1886.0000,188.041254
4,1887.0000,197.144409
4,1888.0000,199.367520
4,1889.0000,197.323983
4,1890.0000,200.012674
4,1891.0000,192.044065
4,1892.0000,203.229180
4,1893.0000,190.320857
4,1894.0000,204.213196
4,1895.0000,208.993853
4,1896.0000,191.134106
4,1897.0000,191.987603
4,1898.0000,205.101330
4,1899.0000,205.509786
4,1900.0000,191.057579
4,1901.0000,186.875481
4,1902.0000,196.281072
4,1903.0000,206.654173
4,1904.0000,203.195101
4,1905.0000,193.190769
4,1906.0000,188.700927
4,1907.0000,206.278649
4,1908.0000,202.699414
4,1909.0000,202.166366
4,1910.0000,197.163830
4,1911.0000,197.702425
4,1912.0000,206.734039
4,1913.0000,198.482186
4,1914.0000,200.717437
4,1915.0000,212.426333
4,1916.0000,207.508623
4,1917.0000,203.581738
4,1918.0000,199.021912
4,1919.0000,197.477360
4,1920.0000,187.630615
4,1921.0000,193.216081
4,1922.0000,201.788152
4,1923.0000,198.671362
4,1924.0000,198.869852
4,1925.0000,205.666016
4,1926.0000,202.148985
4,1927.0000,198.935970
4,1928.0000,199.638654
4,1929.0000,197.844343
4,1930.0000,204.880772
4,1931.0000,195.617492
4,1932.0000,190.570166
4,1933.0000,200.218366
4,1934.0000,206.350410
4,1935.0000,196.041540
4,1936.0000,203.422951
4,1937.0000,196.570781
4,1938.0000,204.118629
4,1939.0000,207.672871
4,1940.0000,190.471704
4,1941.0000,189.085324
4,1942.0000,201.008762
4,1943.0000,207.420837
4,1944.0000,195.752050
4,1945.0000,203.092930
4,1946.0000,208.767968
4,1947.0000,189.107250
4,1948.0000,194.235289
4,1949.0000,204.234002
4,1950.0000,197.724530
4,1951.0000,195.783327
4,1952.0000,199.170438
4,1953.0000,194.994548
4,1954.0000,203.412958
4,1955.0000,197.654914
4,1956.0000,197.906037
4,1957.0000,210.067701
4,1958.0000,195.813999
4,1959.0000,201.387413
4,1960.0000,200.552953
4,1961.0000,196.822821
4,1962.0000,199.637087
4,1963.0000,202.663121
4,1964.0000,192.736159
4,1965.0000,204.378356
4,1966.0000,202.364104
4,1967.0000,201.350573
4,1968.0000,199.891477
4,1969.0000,199.173473
4,1970.0000,203.162908
4,1971.0000,198.038058
4,1972.0000,192.019653
4,1973.0000,192.045163
4,1974.0000,199.885274
4,1975.0000,197.060093
4,1976.0000,215.099085
4,1977.0000,191.156269
4,1978.0000,204.536695
4,1979.0000,204.135435
4,1980.0000,203.133855
4,1981.0000,211.033662
4,1982.0000,200.473963
4,1983.0000,198.539854
4,1984.0000,199.270822
4,1985.0000,208.753112
4,1986.0000,204.338017
4,1987.0000,193.765968
4,1988.0000,194.328199
4,1989.0000,204.101988
4,1990.0000,211.017068
4,1991.0000,203.573023
4,1992.0000,201.980728
4,1993.0000,198.168334
4,1994.0000,202.921759
4,1995.0000,199.318899
4,1996.0000,213.295384
4,1997.0000,206.610633
4,1998.0000,198.325709
4,1999.0000,198.108205
4,2000.0000,200.922637
5,200.0000,231.183132
5,201.0000,218.964242
5,202.0000,220.349627
5,203.0000,227.928329
5,204.0000,225.106048
5,205.0000,238.068593
5,206.0000,225.553202
5,207.0000,232.137982
5,208.0000,219.548364
5,209.0000,225.895658
5,210.0000,221.948485
5,211.0000,215.863358
5,212.0000,216.847503
5,213.0000,230.867168
5,214.0000,223.556603
5,215.0000,228.284171
5,216.0000,226.070183
5,217.0000,227.176028
5,218.0000,218.857266
5,219.0000,229.718912
5,220.0000,222.313294
5,221.0000,227.526013
5,222.0000,228.213268
5,223.0000,221.609692
5,224.0000,231.517349
5,225.0000,229.349018
5,226.0000,222.584199
5,227.0000,230.872232
5,228.0000,219.460976
5,229.0000,236.059773
5,230.0000,228.197393
5,231.0000,223.403653
5,232.0000,219.055648
5,233.0000,225.861304
5,234.0000,224.538785
5,235.0000,228.537832
5,236.0000,226.881575
5,237.0000,224.624951
5,238.0000,218.698380
5,239.0000,226.989772
5,240.0000,218.184948
5,241.0000,220.176627
5,242.0000,225.088600
5,243.0000,229.621370
5,244.0000,229.788157
5,245.0000,226.127205
5,246.0000,233.498233
5,247.0000,226.762301
5,248.0000,227.310704
5,249.0000,230.267658
5,250.0000,211.401756
5,251.0000,228.382005
5,252.0000,230.157398
5,253.0000,226.331650
5,254.0000,230.720901
5,255.0000,224.805956
5,256.0000,226.557065
5,257.0000,224.627196
5,258.0000,230.038425
5,259.0000,215.092415
5,260.0000,219.043530
5,261.0000,229.542563
5,262.0000,216.182845
5,263.0000,223.333405
5,264.0000,224.389923
5,265.0000,225.292457
5,266.0000,227.792170
5,267.0000,225.102594
5,268.0000,227.757109
5,269.0000,220.435077
5,270.0000,221.044072
5,271.0000,225.591947
5,272.0000,226.438411
5,273.0000,226.396577
5,274.0000,220.523537
5,275.0000,229.866858
5,276.0000,240.857342
5,277.0000,220.960894
5,278.0000,227.835225
5,279.0000,232.571112
5,280.0000,212.787974
5,281.0000,219.931417
5,282.0000,220.240634
5,283.0000,222.786012
5,284.0000,217.610211
5,285.0000,230.327201
5,286.0000,223.883131
5,287.0000,223.169065
5,288.0000,222.011436
5,289.0000,232.118989
5,290.0000,226.744160
5,291.0000,226.626783
5,292.0000,218.581401
5,293.0000,226.435961
5,294.0000,218.099900
5,295.0000,221.644070
5,296.0000,226.631631
5,297.0000,213.669564
5,298.0000,224.859822
5,299.0000,224.272131
5,300.0000,222.934834
5,301.0000,220.981232
5,302.0000,219.065184
5,303.0000,226.237108
5,304.0000,229.668081
5,305.0000,226.797468
5,306.0000,222.870880
5,307.0000,222.897022
5,308.0000,226.093075
5,309.0000,222.411312
5,310.0000,227.023268
5,311.0000,232.601326
5,312.0000,213.531238
5,313.0000,227.703080
5,314.0000,224.290614
5,315.0000,218.937883
5,316.0000,229.682032
5,317.0000,232.289282
5,318.0000,231.069335
5,319.0000,225.359975
5,320.0000,214.275617
5,321.0000,212.172387
5,322.0000,225.306143
5,323.0000,231.320269
5,324.0000,218.167870
5,325.0000,220.469501
5,326.0000,231.570683
5,327.0000,224.825358
5,328.0000,230.219405
5,329.0000,231.144856
5,330.0000,224.045651
5,331.0000,220.731578
5,332.0000,223.772586
5,333.0000,231.604612
5,334.0000,233.786992
5,335.0000,225.011100
5,336.0000,220.663966
5,337.0000,227.018095
5,338.0000,228.352152
5,339.0000,226.347643
5,340.0000,226.572567
5,341.0000,216.431424
5,342.0000,222.777907
5,343.0000,223.677734
5,344.0000,219.461680
5,345.0000,231.153531
5,346.0000,228.521303
5,347.0000,229.614083
5,348.0000,228.047330
5,349.0000,228.673120
5,350.0000,215.945892
5,351.0000,225.592635
5,352.0000,230.560426
5,353.0000,220.925988
5,354.0000,225.457615
5,355.0000,221.953375
5,356.0000,217.960591
5,357.0000,223.060856
5,358.0000,223.192916
5,359.0000,225.001375
5,360.0000,221.975337
5,361.0000,219.375421
5,362.0000,220.196452
5,363.0000,223.293456
5,364.0000,218.894008
5,365.0000,231.622936
5,366.0000,220.673904
5,367.0000,214.865458
5,368.0000,229.115374
5,369.0000,234.853814
5,370.0000,221.268610
5,371.0000,230.791294
5,372.0000,222.698955
5,373.0000,224.692125
5,374.0000,231.796433
5,375.0000,231.135157
5,376.0000,224.842730
5,377.0000,222.390767
5,378.0000,234.966233
5,379.0000,224.410149
5,380.0000,233.639089
5,381.0000,232.542289
5,382.0000,210.670643
5,383.0000,225.696956
5,384.0000,217.933561
5,385.0000,215.336979
5,386.0000,218.928328
5,387.0000,212.012985
5,388.0000,222.422689
5,389.0000,240.747301
5,390.0000,224.219356
5,391.0000,229.478511
5,392.0000,232.847964
5,393.0000,227.605325
5,394.0000,232.259767
5,395.0000,219.133222
5,396.0000,225.988132
5,397.0000,212.150663
5,398.0000,219.642704
5,399.0000,218.225124
5,400.0000,226.004299
5,401.0000,225.909821
5,402.0000,225.755651
5,403.0000,226.608613
5,404.0000,226.318882
5,405.0000,226.200755
5,406.0000,220.539391
5,407.0000,221.203111
5,408.0000,219.612548
5,409.0000,224.946811
5,410.0000,226.348154
5,411.0000,213.872400
5,412.0000,223.509587
5,413.0000,228.019835
5,414.0000,224.562405
5,415.0000,221.231984
5,416.0000,226.947290
5,417.0000,220.790586
5,418.0000,229.478161
5,419.0000,221.836168
5,420.0000,219.948441
5,421.0000,229.403289
5,422.0000,227.808679
5,423.0000,229.702108
5,424.0000,223.621473
5,425.0000,234.599587
5,426.0000,218.497197
5,427.0000,220.914376
5,428.0000,223.858377
5,429.0000,226.454044
5,430.0000,230.772229
5,431.0000,231.880730
5,432.0000,221.088215
5,433.0000,219.196699
5,434.0000,231.789335
5,435.0000,224.844921
5,436.0000,219.065220
5,437.0000,222.226080
5,438.0000,229.581244
5,439.0000,227.899649
5,440.0000,230.560872
5,441.0000,223.967248
5,442.0000,227.657269
5,443.0000,214.253099
5,444.0000,230.612767
5,445.0000,228.855220
5,446.0000,235.718821
5,447.0000,219.046205
5,448.0000,224.889742
5,449.0000,215.428316
5,450.0000,223.917262
5,451.0000,222.842245
5,452.0000,229.693478
5,453.0000,226.686135
5,454.0000,227.393330
5,455.0000,223.090853
5,456.0000,224.032809
5,457.0000,227.678772
5,458.0000,226.945213
5,459.0000,225.339042
5,460.0000,231.357519
5,461.0000,225.120177
5,462.0000,223.293979
5,463.0000,221.957071
5,464.0000,217.878381
5,465.0000,223.986746
5,466.0000,231.381753
5,467.0000,220.126329
5,468.0000,223.887101
5,469.0000,222.237028
5,470.0000,232.304457
5,471.0000,226.991294
5,472.0000,231.769374
5,473.0000,222.145008
5,474.0000,211.827889
5,475.0000,230.529836
5,476.0000,229.438782
5,477.0000,213.355546
5,478.0000,224.423923
5,479.0000,235.091410
5,480.0000,220.904958
5,481.0000,242.411936
5,482.0000,220.917337
5,483.0000,228.246660
5,484.0000,228.862629
5,485.0000,242.200614
5,486.0000,237.007695
5,487.0000,229.481506
5,488.0000,221.284131
5,489.0000,229.577106
5,490.0000,228.662739
5,491.0000,212.089081
5,492.0000,224.759436
5,493.0000,228.441030
5,494.0000,220.293455
5,495.0000,227.645949
5,496.0000,228.470212
5,497.0000,222.381647
5,498.0000,233.530475
5,499.0000,224.833779
5,500.0000,224.706528
5,501.0000,231.918460
5,502.0000,227.590608
5,503.0000,211.737181
5,504.0000,217.967710
5,505.0000,208.346573
5,506.0000,223.040431
5,507.0000,224.377985
5,508.0000,219.762746
5,509.0000,235.094797
5,510.0000,231.854990
5,511.0000,214.913608
5,512.0000,219.540239
5,513.0000,222.422136
5,514.0000,216.518852
5,515.0000,227.534581
5,516.0000,225.701327
5,517.0000,222.428730
5,518.0000,221.155877
5,519.0000,225.524758
5,520.0000,224.008350
5,521.0000,223.674757
5,522.0000,229.427112
5,523.0000,219.455093
5,524.0000,215.700566
5,525.0000,230.842391
5,526.0000,214.306113
5,527.0000,226.621196
5,528.0000,233.360067
5,529.0000,226.133754
5,530.0000,222.898133
5,531.0000,213.029655
5,532.0000,216.628253
5,533.0000,231.804446
5,534.0000,227.963058
5,535.0000,221.010116
5,536.0000,227.203328
5,537.0000,228.402964
5,538.0000,229.206288
5,539.0000,223.643884
5,540.0000,223.487943
5,541.0000,221.986228
5,542.0000,227.343771
5,543.0000,232.682955
5,544.0000,231.754487
5,545.0000,223.906471
5,546.0000,224.343623
5,547.0000,236.911778
5,548.0000,224.877601
5,549.0000,223.486602
5,550.0000,218.178071
5,551.0000,234.816300
5,552.0000,228.760484
5,553.0000,228.129171
5,554.0000,224.267124
5,555.0000,227.282317
5,556.0000,231.148963
5,557.0000,221.514068
5,558.0000,224.268779
5,559.0000,232.553364
5,560.0000,230.838142
5,561.0000,219.301702
5,562.0000,228.986386
5,563.0000,217.421153
5,564.0000,217.328570
5,565.0000,231.601986
5,566.0000,233.715634
5,567.0000,223.691137
5,568.0000,231.943273
5,569.0000,225.385632
5,570.0000,224.500887
5,571.0000,222.253977
5,572.0000,229.804140
5,573.0000,225.734495
5,574.0000,236.339876
5,575.0000,231.046560
5,576.0000,224.755918
5,577.0000,231.145648
5,578.0000,225.337324
5,579.0000,240.493786
5,580.0000,228.457671
5,581.0000,232.068961
5,582.0000,231.006186
5,583.0000,230.907563
5,584.0000,229.631427
5,585.0000,239.558420
5,586.0000,225.345869
5,587.0000,238.170007
5,588.0000,241.959531
5,589.0000,230.036983
5,590.0000,228.436800
5,591.0000,216.951019
5,592.0000,225.187245
5,593.0000,234.102627
5,594.0000,228.453183
5,595.0000,231.615446
5,596.0000,235.575542
5,597.0000,226.733577
5,598.0000,229.585183
5,599.0000,230.271407
5,600.0000,236.303831
5,601.0000,228.251257
5,602.0000,237.573277
5,603.0000,236.229214
5,604.0000,226.902450
5,605.0000,238.965287
5,606.0000,237.751268
5,607.0000,232.027921
5,608.0000,236.085777
5,609.0000,230.741156
5,610.0000,253.443354
5,611.0000,253.204988
5,612.0000,261.488965
5,613.0000,261.970336
5,614.0000,273.938923
5,615.0000,289.466587
5,616.0000,313.536640
5,617.0000,321.871338
5,618.0000,329.749353
5,619.0000,343.846550
5,620.0000,357.495398
5,621.0000,342.874656
5,622.0000,330.210112
5,623.0000,321.546692
5,624.0000,300.689233
5,625.0000,274.142770
5,626.0000,270.152920
5,627.0000,257.074809
5,628.0000,261.168944
5,629.0000,250.177001
5,630.0000,255.501639
5,631.0000,252.323219
5,632.0000,248.957196
5,633.0000,245.108990
5,634.0000,256.250860
5,635.0000,227.541716
5,636.0000,236.558326
5,637.0000,234.377127
5,638.0000,246.768460
5,639.0000,234.998222
5,640.0000,225.862745
5,641.0000,237.586692
5,642.0000,229.952363
5,643.0000,229.821658
5,644.0000,228.641173
5,645.0000,226.702272
5,646.0000,229.908596
5,647.0000,227.179582
5,648.0000,226.128655
5,649.0000,229.283061
5,650.0000,228.816044
5,651.0000,223.947566
5,652.0000,228.192524
5,653.0000,217.972761
5,654.0000,229.266158
5,655.0000,233.563419
5,656.0000,234.482583
5,657.0000,218.847726
5,658.0000,226.870370
5,659.0000,233.658953
5,660.0000,237.410925
5,661.0000,225.706938
5,662.0000,223.939215
5,663.0000,236.374908
5,664.0000,229.811154
5,665.0000,219.638572
5,666.0000,230.361350
5,667.0000,217.438866
5,668.0000,229.139899
5,669.0000,222.846420
5,670.0000,219.741953
5,671.0000,242.339235
5,672.0000,228.813207
5,673.0000,231.034349
5,674.0000,228.980406
5,675.0000,224.644158
5,676.0000,224.091203
5,677.0000,231.133374
5,678.0000,221.918875
5,679.0000,227.870058
5,680.0000,236.738315
5,681.0000,229.412572
5,682.0000,233.283711
5,683.0000,226.621615
5,684.0000,233.736998
5,685.0000,224.269530
5,686.0000,222.284028
5,687.0000,235.060576
5,688.0000,232.765464
5,689.0000,233.479725
5,690.0000,229.764893
5,691.0000,219.636336
5,692.0000,226.395835
5,693.0000,227.060807
5,694.0000,228.743088
5,695.0000,220.933473
5,696.0000,230.564165
5,697.0000,220.122818
5,698.0000,223.167854
5,699.0000,215.982882
5,700.0000,236.689064
5,701.0000,226.781761
5,702.0000,232.878253
5,703.0000,232.296370
5,704.0000,225.664106
5,705.0000,231.428270
5,706.0000,233.814546
5,707.0000,223.880104
5,708.0000,225.205216
5,709.0000,233.178084
5,710.0000,214.701685
5,711.0000,223.667462
5,712.0000,220.561893
5,713.0000,233.120629
5,714.0000,224.977527
5,715.0000,233.362411
5,716.0000,230.818014
5,717.0000,223.906475
5,718.0000,222.040432
5,719.0000,230.429233
5,720.0000,231.542469
5,721.0000,220.307065
5,722.0000,228.208979
5,723.0000,225.696056
5,724.0000,221.592088
5,725.0000,227.738266
5,726.0000,224.303362
5,727.0000,221.593856
5,728.0000,234.598145
5,729.0000,224.893646
5,730.0000,226.303290
5,731.0000,222.850589
5,732.0000,230.083445
5,733.0000,235.058918
5,734.0000,223.595175
5,735.0000,232.948589
5,736.0000,223.457525
5,737.0000,232.787531
5,738.0000,225.721108
5,739.0000,224.101176
5,740.0000,228.740558
5,741.0000,226.221194
5,742.0000,225.087520
5,743.0000,223.681299
5,744.0000,233.415653
5,745.0000,225.723310
5,746.0000,238.103924
5,747.0000,221.464792
5,748.0000,226.351427
5,749.0000,234.988775
5,750.0000,223.721130
5,751.0000,235.719045
5,752.0000,219.915881
5,753.0000,236.566166
5,754.0000,237.719331
5,755.0000,228.917335
5,756.0000,233.433753
5,757.0000,220.306628
5,758.0000,220.903046
5,759.0000,231.792953
5,760.0000,240.922135
5,761.0000,236.063394
5,762.0000,223.884874
5,763.0000,223.368493
5,764.0000,227.894898
5,765.0000,223.378699
5,766.0000,238.347627
5,767.0000,229.817743
5,768.0000,225.406394
5,769.0000,222.183781
5,770.0000,229.569895
5,771.0000,223.402287
5,772.0000,238.619775
5,773.0000,229.311249
5,774.0000,225.432314
5,775.0000,228.374453
5,776.0000,235.992162
5,777.0000,239.856507
5,778.0000,233.281767
5,779.0000,237.352815
5,780.0000,234.116319
5,781.0000,237.711441
5,782.0000,239.122758
5,783.0000,237.464674
5,784.0000,246.779091
5,785.0000,246.041213
5,786.0000,250.623040
5,787.0000,264.205854
5,788.0000,259.938625
5,789.0000,259.491334
5,790.0000,279.521787
5,791.0000,276.299416
5,792.0000,284.622257
5,793.0000,297.343641
5,794.0000,288.641948
5,795.0000,303.295313
5,796.0000,302.357884
5,797.0000,293.694814
5,798.0000,286.438856
5,799.0000,283.313046
5,800.0000,268.557845
5,801.0000,271.783600
5,802.0000,254.579737
5,803.0000,254.278356
5,804.0000,241.079448
5,805.0000,244.742326
5,806.0000,231.713821
5,807.0000,237.499870
5,808.0000,238.413042
5,809.0000,234.127546
5,810.0000,244.594902
5,811.0000,245.279297
5,812.0000,232.026844
5,813.0000,234.074669
5,814.0000,233.290520
5,815.0000,235.500193
5,816.0000,231.806832
5,817.0000,227.572867
5,818.0000,228.962071
5,819.0000,228.591881
5,820.0000,220.783676
5,821.0000,214.592905
5,822.0000,227.876410
5,823.0000,227.486321
5,824.0000,227.109047
5,825.0000,223.754297
5,826.0000,234.057969
5,827.0000,219.161028
5,828.0000,225.947971
5,829.0000,218.208841
5,830.0000,230.234095
5,831.0000,230.693096
5,832.0000,222.374447
5,833.0000,236.405137
5,834.0000,230.363214
5,835.0000,224.603861
5,836.0000,229.525464
5,837.0000,225.517486
5,838.0000,233.788612
5,839.0000,231.049550
5,840.0000,230.500542
5,841.0000,227.423154
5,842.0000,231.661799
5,843.0000,222.865142
5,844.0000,224.947095
5,845.0000,230.492735
5,846.0000,229.401592
5,847.0000,231.218935
5,848.0000,228.324150
5,849.0000,225.716226
5,850.0000,229.498247
5,851.0000,221.199114
5,852.0000,233.100993
5,853.0000,217.892928
5,854.0000,233.223594
5,855.0000,229.473593
5,856.0000,217.143565
5,857.0000,221.494141
5,858.0000,229.856764
5,859.0000,220.254754
5,860.0000,222.832918
5,861.0000,231.863566
5,862.0000,232.834511
5,863.0000,229.884648
5,864.0000,232.518437
5,865.0000,228.884276
5,866.0000,226.724296
5,867.0000,233.849442
5,868.0000,232.042127
5,869.0000,222.017387
5,870.0000,234.332106
5,871.0000,228.629790
5,872.0000,228.214369
5,873.0000,224.464922
5,874.0000,209.114664
5,875.0000,225.370815
5,876.0000,224.900325
5,877.0000,234.835465
5,878.0000,220.911822
5,879.0000,242.538693
5,880.0000,226.236096
5,881.0000,227.779820
5,882.0000,230.967304
5,883.0000,224.819124
5,884.0000,226.441139
5,885.0000,229.189031
5,886.0000,224.422404
5,887.0000,229.304210
5,888.0000,237.084509
5,889.0000,223.221775
5,890.0000,217.342161
5,891.0000,229.411977
5,892.0000,217.937622
5,893.0000,223.255087
5,894.0000,224.164287
5,895.0000,226.296689
5,896.0000,228.383597
5,897.0000,237.575179
5,898.0000,230.870598
5,899.0000,227.454956
5,900.0000,219.950903
5,901.0000,231.517690
5,902.0000,225.454793
5,903.0000,236.671225
5,904.0000,225.493041
5,905.0000,237.630406
5,906.0000,226.143658
5,907.0000,226.495138
5,908.0000,229.768303
5,909.0000,238.822463
5,910.0000,223.657992
5,911.0000,222.312857
5,912.0000,228.236005
5,913.0000,228.536101
5,914.0000,224.900084
5,915.0000,227.160576
5,916.0000,215.094177
5,917.0000,227.877723
5,918.0000,233.859364
5,919.0000,228.656934
5,920.0000,234.175953
5,921.0000,217.301144
5,922.0000,240.359958
5,923.0000,224.741266
5,924.0000,230.748664
5,925.0000,236.151980
5,926.0000,228.813765
5,927.0000,214.307957
5,928.0000,225.074521
5,929.0000,213.509374
5,930.0000,227.887987
5,931.0000,222.593749
5,932.0000,229.846362
5,933.0000,227.998560
5,934.0000,232.186258
5,935.0000,229.043241
5,936.0000,224.128002
5,937.0000,243.232798
5,938.0000,226.943358
5,939.0000,223.801111
5,940.0000,227.593988
5,941.0000,229.797492
5,942.0000,231.286154
5,943.0000,223.977949
5,944.0000,224.613919
5,945.0000,214.148205
5,946.0000,234.644935
5,947.0000,228.922165
5,948.0000,244.659409
5,949.0000,234.558543
5,950.0000,231.841011
5,951.0000,222.831871
5,952.0000,223.453367
5,953.0000,224.119043
5,954.0000,232.107115
5,955.0000,224.395426
5,956.0000,233.872544
5,957.0000,222.006575
5,958.0000,228.208008
5,959.0000,216.708659
5,960.0000,219.943688
5,961.0000,232.733361
5,962.0000,224.726776
5,963.0000,227.826465
5,964.0000,230.773400
5,965.0000,234.244065
5,966.0000,232.886816
5,967.0000,220.480478
5,968.0000,229.856273
5,969.0000,230.413944
5,970.0000,231.939545
5,971.0000,240.111521
5,972.0000,235.518811
5,973.0000,242.395492
5,974.0000,228.080326
5,975.0000,237.197249
5,976.0000,239.130536
5,977.0000,241.282111
5,978.0000,245.494609
5,979.0000,240.527821
5,980.0000,235.404537
5,981.0000,244.342460
5,982.0000,251.905548
5,983.0000,239.097487
5,984.0000,246.241213
5,985.0000,252.708001
5,986.0000,259.394089
5,987.0000,269.346684
5,988.0000,271.689121
5,989.0000,271.842406
5,990.0000,279.341340
5,991.0000,278.495231
5,992.0000,299.719860
5,993.0000,318.134982
5,994.0000,343.390967
5,995.0000,376.460285
5,996.0000,417.011357
5,997.0000,488.466142
5,998.0000,610.910878
5,999.0000,742.490615
5,1000.0000,903.354113
5,1001.0000,970.881458
5,1002.0000,896.727068
5,1003.0000,753.099404
5,1004.0000,607.939741
5,1005.0000,505.269080
5,1006.0000,419.303358
5,1007.0000,384.066133
5,1008.0000,355.338466
5,1009.0000,332.873719
5,1010.0000,311.273066
5,1011.0000,297.589989
5,1012.0000,287.065121
5,1013.0000,293.127404
5,1014.0000,274.163348
5,1015.0000,266.285605
5,1016.0000,260.153368
5,1017.0000,265.007436
5,1018.0000,251.056143
5,1019.0000,270.040307
5,1020.0000,268.701971
5,1021.0000,269.442630
5,1022.0000,284.576601
5,1023.0000,283.935800
5,1024.0000,306.581713
5,1025.0000,313.584715
5,1026.0000,343.011712
5,1027.0000,374.998807
5,1028.0000,413.189255
5,1029.0000,466.094205
5,1030.0000,515.257895
5,1031.0000,556.594402
5,1032.0000,522.565300
5,1033.0000,473.820279
5,1034.0000,402.447901
5,1035.0000,363.020840
5,1036.0000,321.800773
5,1037.0000,312.480119
5,1038.0000,294.881565
5,1039.0000,279.699108
5,1040.0000,271.674849
5,1041.0000,259.234738
5,1042.0000,260.841189
5,1043.0000,258.705288
5,1044.0000,239.291342
5,1045.0000,242.069756
5,1046.0000,255.190165
5,1047.0000,250.829785
5,1048.0000,242.994576
5,1049.0000,257.002773
5,1050.0000,243.984969
5,1051.0000,235.244187
5,1052.0000,231.912930
5,1053.0000,234.391927
5,1054.0000,240.983650
5,1055.0000,231.761298
5,1056.0000,233.866913
5,1057.0000,240.879886
5,1058.0000,242.047612
5,1059.0000,237.102690
5,1060.0000,238.261387
5,1061.0000,226.766399
5,1062.0000,239.617560
5,1063.0000,232.876597
5,1064.0000,235.411214
5,1065.0000,226.500819
5,1066.0000,222.950148
5,1067.0000,219.688554
5,1068.0000,234.123794
5,1069.0000,238.128343
5,1070.0000,229.020816
5,1071.0000,236.888521
5,1072.0000,220.545950
5,1073.0000,231.600507
5,1074.0000,223.500479
5,1075.0000,233.458449
5,1076.0000,225.326645
5,1077.0000,232.664609
5,1078.0000,241.069882
5,1079.0000,224.259481
5,1080.0000,221.892672
5,1081.0000,227.462133
5,1082.0000,235.932482
5,1083.0000,235.955476
5,1084.0000,228.671605
5,1085.0000,221.284765
5,1086.0000,224.293116
5,1087.0000,228.800303
5,1088.0000,225.021215
5,1089.0000,240.454715
5,1090.0000,230.854549
5,1091.0000,233.334435
5,1092.0000,226.889673
5,1093.0000,232.154925
5,1094.0000,222.820963
5,1095.0000,226.493515
5,1096.0000,236.841525
5,1097.0000,231.244922
5,1098.0000,231.218677
5,1099.0000,224.916191
5,1100.0000,220.539483
5,1101.0000,230.267956
5,1102.0000,221.396115
5,1103.0000,221.175456
5,1104.0000,230.659961
5,1105.0000,221.285853
5,1106.0000,242.497505
5,1107.0000,219.215813
5,1108.0000,232.376518
5,1109.0000,219.780638
5,1110.0000,233.272214
5,1111.0000,231.169769
5,1112.0000,230.858914
5,1113.0000,230.464364
5,1114.0000,224.861784
5,1115.0000,233.111086
5,1116.0000,226.940293
5,1117.0000,239.139058
5,1118.0000,221.917087
5,1119.0000,226.013592
5,1120.0000,228.823548
5,1121.0000,229.105548
5,1122.0000,233.102268
5,1123.0000,213.791627
5,1124.0000,228.418407
5,1125.0000,235.826473
5,1126.0000,227.120899
5,1127.0000,224.462260
5,1128.0000,233.367344
5,1129.0000,225.130945
5,1130.0000,228.782341
5,1131.0000,218.140339
5,1132.0000,234.840021
5,1133.0000,229.434024
5,1134.0000,231.256556
5,1135.0000,239.187172
5,1136.0000,233.315082
5,1137.0000,237.723817
5,1138.0000,233.100364
5,1139.0000,245.538727
5,1140.0000,231.406945
5,1141.0000,242.103923
5,1142.0000,247.035979
5,1143.0000,242.811149
5,1144.0000,240.235032
5,1145.0000,252.776159
5,1146.0000,259.842283
5,1147.0000,252.388930
5,1148.0000,272.135873
5,1149.0000,270.324105
5,1150.0000,281.902409
5,1151.0000,293.304628
5,1152.0000,313.943658
5,1153.0000,315.149578
5,1154.0000,333.098126
5,1155.0000,324.786123
5,1156.0000,330.815646
5,1157.0000,317.597604
5,1158.0000,310.339438
5,1159.0000,292.799094
5,1160.0000,277.262973
5,1161.0000,276.611122
5,1162.0000,262.575813
5,1163.0000,265.667062
5,1164.0000,246.419352
5,1165.0000,253.522796
5,1166.0000,258.126044
5,1167.0000,257.436929
5,1168.0000,245.609909
5,1169.0000,247.519299
5,1170.0000,250.983165
5,1171.0000,240.532915
5,1172.0000,247.007395
5,1173.0000,255.941530
5,1174.0000,245.536363
5,1175.0000,257.318485
5,1176.0000,258.041749
5,1177.0000,262.046818
5,1178.0000,259.001448
5,1179.0000,278.526873
5,1180.0000,278.773312
5,1181.0000,291.224152
5,1182.0000,313.816478
5,1183.0000,319.242729
5,1184.0000,305.936387
5,1185.0000,293.731449
5,1186.0000,296.016782
5,1187.0000,282.262214
5,1188.0000,272.101028
5,1189.0000,264.418600
5,1190.0000,263.823744
5,1191.0000,239.257795
5,1192.0000,260.390563
5,1193.0000,250.193914
5,1194.0000,234.635059
5,1195.0000,238.032671
5,1196.0000,237.801512
5,1197.0000,237.267706
5,1198.0000,236.445901
5,1199.0000,238.796748
5,1200.0000,231.503973
5,1201.0000,241.272904
5,1202.0000,235.467592
5,1203.0000,226.585529
5,1204.0000,227.246238
5,1205.0000,228.499907
5,1206.0000,224.858832
5,1207.0000,223.560804
5,1208.0000,229.405526
5,1209.0000,232.252592
5,1210.0000,224.546971
5,1211.0000,231.580466
5,1212.0000,229.060527
5,1213.0000,236.706425
5,1214.0000,225.068981
5,1215.0000,231.166803
5,1216.0000,224.320812
5,1217.0000,216.752957
5,1218.0000,220.096435
5,1219.0000,234.184768
5,1220.0000,229.635587
5,1221.0000,236.475387
5,1222.0000,236.985944
5,1223.0000,231.636286
5,1224.0000,240.392394
5,1225.0000,220.472425
5,1226.0000,224.484725
5,1227.0000,229.935261
5,1228.0000,225.481254
5,1229.0000,229.892912
5,1230.0000,222.895202
5,1231.0000,219.779791
5,1232.0000,222.441005
5,1233.0000,225.627700
5,1234.0000,227.192655
5,1235.0000,223.071535
5,1236.0000,220.150142
5,1237.0000,228.107475
5,1238.0000,216.222239
5,1239.0000,224.149750
5,1240.0000,226.066869
5,1241.0000,212.699342
5,1242.0000,231.894308
5,1243.0000,228.109262
5,1244.0000,224.421817
5,1245.0000,230.191578
5,1246.0000,222.398224
5,1247.0000,223.339692
5,1248.0000,226.658055
5,1249.0000,217.752073
5,1250.0000,225.355316
5,1251.0000,227.027949
5,1252.0000,225.310576
5,1253.0000,220.819103
5,1254.0000,219.979163
5,1255.0000,227.236116
5,1256.0000,232.579947
5,1257.0000,221.614263
5,1258.0000,225.131271
5,1259.0000,241.161051
5,1260.0000,232.039759
5,1261.0000,223.729023
5,1262.0000,225.802058
5,1263.0000,230.738882
5,1264.0000,233.820495
5,1265.0000,218.082550
5,1266.0000,226.563305
5,1267.0000,237.203043
5,1268.0000,226.751624
5,1269.0000,222.806257
5,1270.0000,231.065758
5,1271.0000,221.712309
5,1272.0000,218.955250
5,1273.0000,228.704501
5,1274.0000,222.628064
5,1275.0000,215.202505
5,1276.0000,226.620225
5,1277.0000,227.367284
5,1278.0000,217.013835
5,1279.0000,231.578108
5,1280.0000,226.719072
5,1281.0000,227.422665
5,1282.0000,216.671717
5,1283.0000,224.511577
5,1284.0000,239.995647
5,1285.0000,228.225040
5,1286.0000,233.501977
5,1287.0000,228.217228
5,1288.0000,233.990068
5,1289.0000,238.063969
5,1290.0000,232.686958
5,1291.0000,229.966354
5,1292.0000,230.867197
5,1293.0000,227.447117
5,1294.0000,227.123745
5,1295.0000,231.425749
5,1296.0000,231.876753
5,1297.0000,221.332858
5,1298.0000,230.606368
5,1299.0000,225.004086
5,1300.0000,229.568657
5,1301.0000,219.754023
5,1302.0000,229.096064
5,1303.0000,227.281111
5,1304.0000,229.048299
5,1305.0000,229.347001
5,1306.0000,229.544167
5,1307.0000,229.564717
5,1308.0000,228.011792
5,1309.0000,227.358309
5,1310.0000,214.252939
5,1311.0000,230.349483
5,1312.0000,223.426596
5,1313.0000,225.792294
5,1314.0000,215.596996
5,1315.0000,225.115828
5,1316.0000,228.879763
5,1317.0000,235.025330
5,1318.0000,224.321351
5,1319.0000,221.330455
5,1320.0000,233.890867
5,1321.0000,223.823414
5,1322.0000,232.479562
5,1323.0000,228.070668
5,1324.0000,225.008912
5,1325.0000,223.120503
5,1326.0000,230.618550
5,1327.0000,217.709992
5,1328.0000,224.388842
5,1329.0000,233.125337
5,1330.0000,228.532301
5,1331.0000,230.312213
5,1332.0000,219.876198
5,1333.0000,223.547621
5,1334.0000,233.294583
5,1335.0000,221.983725
5,1336.0000,221.687276
5,1337.0000,227.470782
5,1338.0000,234.747451
5,1339.0000,218.526441
5,1340.0000,234.953468
5,1341.0000,229.585858
5,1342.0000,211.394220
5,1343.0000,225.267119
5,1344.0000,229.577489
5,1345.0000,231.351385
5,1346.0000,230.740838
5,1347.0000,227.817875
5,1348.0000,225.807777
5,1349.0000,229.535513
5,1350.0000,229.283492
5,1351.0000,228.005360
5,1352.0000,230.897904
5,1353.0000,230.442867
5,1354.0000,221.327931
5,1355.0000,231.116148
5,1356.0000,225.408305
5,1357.0000,234.131664
5,1358.0000,221.421049
5,1359.0000,216.750920
5,1360.0000,229.134654
5,1361.0000,222.877449
5,1362.0000,224.474023
5,1363.0000,227.400260
5,1364.0000,223.216512
5,1365.0000,221.477277
5,1366.0000,228.276053
5,1367.0000,218.961167
5,1368.0000,238.323308
5,1369.0000,227.982446
5,1370.0000,233.186072
5,1371.0000,226.842680
5,1372.0000,232.856188
5,1373.0000,225.484604
5,1374.0000,228.214911
5,1375.0000,225.805350
5,1376.0000,224.832098
5,1377.0000,233.446184
5,1378.0000,233.808831
5,1379.0000,234.884169
5,1380.0000,230.193231
5,1381.0000,226.677529
5,1382.0000,221.931477
5,1383.0000,229.983137
5,1384.0000,235.369442
5,1385.0000,226.684183
5,1386.0000,223.028452
5,1387.0000,232.436879
5,1388.0000,225.739889
5,1389.0000,233.870446
5,1390.0000,230.933643
5,1391.0000,229.403080
5,1392.0000,221.706702
5,1393.0000,235.052200
5,1394.0000,228.306660
5,1395.0000,210.413976
5,1396.0000,227.430887
5,1397.0000,226.234475
5,1398.0000,232.158893
5,1399.0000,228.898216
5,1400.0000,224.458680
5,1401.0000,232.890032
5,1402.0000,225.214437
5,1403.0000,236.023585
5,1404.0000,225.286971
5,1405.0000,237.692056
5,1406.0000,234.808593
5,1407.0000,231.039044
5,1408.0000,229.978384
5,1409.0000,232.791615
5,1410.0000,235.280094
5,1411.0000,229.538133
5,1412.0000,234.134241
5,1413.0000,233.206080
5,1414.0000,243.036176
5,1415.0000,223.556981
5,1416.0000,231.986123
5,1417.0000,227.118067
5,1418.0000,240.955972
5,1419.0000,223.698961
5,1420.0000,235.877898
5,1421.0000,232.459923
5,1422.0000,229.645695
5,1423.0000,235.261464
5,1424.0000,233.902501
5,1425.0000,233.416902
5,1426.0000,232.259481
5,1427.0000,234.665922
5,1428.0000,229.602129
5,1429.0000,235.842566
5,1430.0000,247.247283
5,1431.0000,240.843661
5,1432.0000,242.050261
5,1433.0000,245.763155
5,1434.0000,260.160030
5,1435.0000,259.511029
5,1436.0000,244.759302
5,1437.0000,262.624353
5,1438.0000,266.631955
5,1439.0000,268.204340
5,1440.0000,280.598312
5,1441.0000,293.634126
5,1442.0000,299.777025
5,1443.0000,303.844754
5,1444.0000,321.969399
5,1445.0000,325.725570
5,1446.0000,353.811631
5,1447.0000,358.503433
5,1448.0000,379.605235
5,1449.0000,388.689246
5,1450.0000,381.133873
5,1451.0000,385.446877
5,1452.0000,373.477961
5,1453.0000,367.334933
5,1454.0000,341.484189
5,1455.0000,341.837085
5,1456.0000,320.608011
5,1457.0000,302.602794
5,1458.0000,299.407984
5,1459.0000,280.391536
5,1460.0000,285.678616
5,1461.0000,258.339682
5,1462.0000,260.951210
5,1463.0000,262.293921
5,1464.0000,263.074246
5,1465.0000,254.785428
5,1466.0000,249.599778
5,1467.0000,256.975366
5,1468.0000,240.981650
5,1469.0000,240.755784
5,1470.0000,243.894124
5,1471.0000,243.030545
5,1472.0000,241.803213
5,1473.0000,240.972622
5,1474.0000,238.688735
5,1475.0000,248.397790
5,1476.0000,229.101409
5,1477.0000,239.063732
5,1478.0000,241.612081
5,1479.0000,217.499008
5,1480.0000,219.840299
5,1481.0000,231.159443
5,1482.0000,224.384261
5,1483.0000,239.245808
5,1484.0000,227.329327
5,1485.0000,225.097240
5,1486.0000,231.845582
5,1487.0000,217.603176
5,1488.0000,234.823188
5,1489.0000,239.307783
5,1490.0000,227.919704
5,1491.0000,238.301320
5,1492.0000,234.483346
5,1493.0000,224.530676
5,1494.0000,222.344246
5,1495.0000,230.038516
5,1496.0000,233.792713
5,1497.0000,233.584246
5,1498.0000,233.560275
5,1499.0000,227.010560
5,1500.0000,235.242098
5,1501.0000,235.956533
5,1502.0000,227.270200
5,1503.0000,223.974652
5,1504.0000,237.950575
5,1505.0000,236.523237
5,1506.0000,232.781111
5,1507.0000,231.266125
5,1508.0000,239.131389
5,1509.0000,225.773367
5,1510.0000,228.929644
5,1511.0000,237.525666
5,1512.0000,217.216901
5,1513.0000,230.344499
5,1514.0000,230.741346
5,1515.0000,228.242753
5,1516.0000,228.421857
5,1517.0000,232.593421
5,1518.0000,225.301467
5,1519.0000,227.646119
5,1520.0000,234.611541
5,1521.0000,233.524014
5,1522.0000,231.697783
5,1523.0000,225.734895
5,1524.0000,232.448303
5,1525.0000,230.855437
5,1526.0000,213.451548
5,1527.0000,235.358151
5,1528.0000,229.084025
5,1529.0000,225.438302
5,1530.0000,237.055858
5,1531.0000,234.302537
5,1532.0000,222.575261
5,1533.0000,225.988964
5,1534.0000,227.491402
5,1535.0000,237.790596
5,1536.0000,235.009257
5,1537.0000,226.092998
5,1538.0000,229.510977
5,1539.0000,238.172105
5,1540.0000,235.075738
5,1541.0000,233.860323
5,1542.0000,237.311388
5,1543.0000,229.801269
5,1544.0000,233.212863
5,1545.0000,230.277047
5,1546.0000,230.889173
5,1547.0000,230.160632
5,1548.0000,227.641061
5,1549.0000,218.456580
5,1550.0000,225.101388
5,1551.0000,224.163920
5,1552.0000,229.848969
5,1553.0000,234.026541
5,1554.0000,235.119952
5,1555.0000,243.157212
5,1556.0000,240.553818
5,1557.0000,233.922270
5,1558.0000,242.544001
5,1559.0000,243.778872
5,1560.0000,234.644620
5,1561.0000,236.813201
5,1562.0000,243.329558
5,1563.0000,230.701500
5,1564.0000,238.055413
5,1565.0000,226.877482
5,1566.0000,244.115764
5,1567.0000,244.975355
5,1568.0000,231.134833
5,1569.0000,250.787437
5,1570.0000,253.827345
5,1571.0000,247.553932
5,1572.0000,254.180615
5,1573.0000,259.119312
5,1574.0000,276.278259
5,1575.0000,277.674234
5,1576.0000,280.538842
5,1577.0000,305.025663
5,1578.0000,315.483847
5,1579.0000,333.241289
5,1580.0000,350.820915
5,1581.0000,366.780130
5,1582.0000,392.932660
5,1583.0000,395.578481
5,1584.0000,393.818592
5,1585.0000,384.072892
5,1586.0000,370.079639
5,1587.0000,354.353285
5,1588.0000,340.479870
5,1589.0000,323.995339
5,1590.0000,333.996113
5,1591.0000,323.097117
5,1592.0000,315.956644
5,1593.0000,329.300344
5,1594.0000,338.587963
5,1595.0000,360.245004
5,1596.0000,384.323236
5,1597.0000,421.049667
5,1598.0000,464.139070
5,1599.0000,539.889428
5,1600.0000,601.748790
5,1601.0000,677.093139
5,1602.0000,697.672713
5,1603.0000,669.487230
5,1604.0000,598.729697
5,1605.0000,532.082268
5,1606.0000,451.540257
5,1607.0000,410.547429
5,1608.0000,377.596643
5,1609.0000,348.464413
5,1610.0000,323.967169
5,1611.0000,290.327311
5,1612.0000,292.360574
5,1613.0000,294.592615
5,1614.0000,279.840023
5,1615.0000,267.655828
5,1616.0000,268.201438
5,1617.0000,262.504772
5,1618.0000,256.193786
5,1619.0000,255.721891
5,1620.0000,250.838790
5,1621.0000,253.206434
5,1622.0000,241.261182
5,1623.0000,247.481504
5,1624.0000,234.212367
5,1625.0000,232.730894
5,1626.0000,235.918963
5,1627.0000,234.726492
5,1628.0000,242.979403
5,1629.0000,240.319162
5,1630.0000,232.555926
5,1631.0000,233.840434
5,1632.0000,229.334864
5,1633.0000,237.287875
5,1634.0000,234.855387
5,1635.0000,240.498422
5,1636.0000,240.061635
5,1637.0000,237.719657
5,1638.0000,244.471241
5,1639.0000,236.862389
5,1640.0000,225.666993
5,1641.0000,235.147258
5,1642.0000,235.383953
5,1643.0000,233.331413
5,1644.0000,227.253659
5,1645.0000,231.983707
5,1646.0000,237.505628
5,1647.0000,229.575299
5,1648.0000,235.833700
5,1649.0000,230.973351
5,1650.0000,224.134711
5,1651.0000,226.250465
5,1652.0000,226.411985
5,1653.0000,230.176587
5,1654.0000,228.726728
5,1655.0000,230.065525
5,1656.0000,226.836201
5,1657.0000,228.141812
5,1658.0000,231.244136
5,1659.0000,237.139872
5,1660.0000,224.617849
5,1661.0000,231.223804
5,1662.0000,233.787447
5,1663.0000,228.967192
5,1664.0000,237.781461
5,1665.0000,222.808450
5,1666.0000,226.825484
5,1667.0000,225.507522
5,1668.0000,233.407046
5,1669.0000,236.537823
5,1670.0000,222.073279
5,1671.0000,216.757631
5,1672.0000,218.149198
5,1673.0000,236.327816
5,1674.0000,236.067076
5,1675.0000,223.394167
5,1676.0000,234.964454
5,1677.0000,227.629237
5,1678.0000,222.496310
5,1679.0000,229.363128
5,1680.0000,233.651347
5,1681.0000,231.106406
5,1682.0000,225.084833
5,1683.0000,211.658125
5,1684.0000,222.620805
5,1685.0000,225.096382
5,1686.0000,224.176148
5,1687.0000,223.139512
5,1688.0000,219.220953
5,1689.0000,232.500541
5,1690.0000,232.121434
5,1691.0000,227.230709
5,1692.0000,221.055993
5,1693.0000,221.578553
5,1694.0000,219.914940
5,1695.0000,213.475380
5,1696.0000,230.476560
5,1697.0000,225.525386
5,1698.0000,215.144842
5,1699.0000,227.091262
5,1700.0000,228.991762
5,1701.0000,223.098758
5,1702.0000,226.314209
5,1703.0000,230.754740
5,1704.0000,214.612861
5,1705.0000,222.802501
5,1706.0000,220.372176
5,1707.0000,215.528650
5,1708.0000,220.975853
5,1709.0000,243.534981
5,1710.0000,222.050437
5,1711.0000,216.668923
5,1712.0000,230.085114
5,1713.0000,224.536929
5,1714.0000,225.811975
5,1715.0000,221.822517
5,1716.0000,215.630661
5,1717.0000,230.936566
5,1718.0000,218.707063
5,1719.0000,237.131671
5,1720.0000,225.662159
5,1721.0000,225.435679
5,1722.0000,220.454885
5,1723.0000,231.246027
5,1724.0000,230.671548
5,1725.0000,222.602477
5,1726.0000,217.896182
5,1727.0000,227.870035
5,1728.0000,231.157194
5,1729.0000,233.592088
5,1730.0000,226.237122
5,1731.0000,221.666445
5,1732.0000,228.208521
5,1733.0000,232.747876
5,1734.0000,223.835160
5,1735.0000,226.886433
5,1736.0000,229.999237
5,1737.0000,225.760624
5,1738.0000,234.103210
5,1739.0000,215.998383
5,1740.0000,223.258733
5,1741.0000,232.035642
5,1742.0000,227.552812
5,1743.0000,231.166217
5,1744.0000,233.405272
5,1745.0000,224.994712
5,1746.0000,228.859885
5,1747.0000,223.877762
5,1748.0000,226.162103
5,1749.0000,223.216269
5,1750.0000,230.873716
5,1751.0000,234.112525
5,1752.0000,230.348337
5,1753.0000,224.294953
5,1754.0000,223.285458
5,1755.0000,221.136844
5,1756.0000,215.478293
5,1757.0000,220.662800
5,1758.0000,225.779921
5,1759.0000,220.893300
5,1760.0000,228.572133
5,1761.0000,223.904995
5,1762.0000,230.740253
5,1763.0000,218.733578
5,1764.0000,225.263630
5,1765.0000,227.934765
5,1766.0000,216.277343
5,1767.0000,226.780675
5,1768.0000,222.395036
5,1769.0000,233.146122
5,1770.0000,230.155012
5,1771.0000,221.007748
5,1772.0000,231.247318
5,1773.0000,233.885276
5,1774.0000,227.317313
5,1775.0000,219.362467
5,1776.0000,226.502109
5,1777.0000,236.409511
5,1778.0000,214.870363
5,1779.0000,226.263771
5,1780.0000,226.195864
5,1781.0000,236.211886
5,1782.0000,230.023858
5,1783.0000,220.028575
5,1784.0000,212.417357
5,1785.0000,233.428221
5,1786.0000,228.223365
5,1787.0000,231.248734
5,1788.0000,224.873676
5,1789.0000,232.925639
5,1790.0000,210.373246
5,1791.0000,227.826191
5,1792.0000,221.940635
5,1793.0000,228.697066
5,1794.0000,232.552627
5,1795.0000,236.829776
5,1796.0000,215.955383
5,1797.0000,227.402845
5,1798.0000,229.381095
5,1799.0000,230.659013
5,1800.0000,222.221786
5,1801.0000,228.017900
5,1802.0000,237.295397
5,1803.0000,221.481983
5,1804.0000,228.033642
5,1805.0000,229.588384
5,1806.0000,232.972099
5,1807.0000,223.391451
5,1808.0000,227.917270
5,1809.0000,225.396490
5,1810.0000,227.678740
5,1811.0000,222.275327
5,1812.0000,227.971271
5,1813.0000,220.554242
5,1814.0000,216.373116
5,1815.0000,230.785377
5,1816.0000,222.927368
5,1817.0000,228.443219
5,1818.0000,219.679543
5,1819.0000,220.559063
5,1820.0000,225.901945
5,1821.0000,232.556301
5,1822.0000,228.229218
5,1823.0000,227.937486
5,1824.0000,229.478940
5,1825.0000,223.973712
5,1826.0000,214.949684
5,1827.0000,222.671804
5,1828.0000,230.108188
5,1829.0000,232.323806
5,1830.0000,225.320674
5,1831.0000,223.373060
5,1832.0000,226.641668
5,1833.0000,216.577229
5,1834.0000,221.220187
5,1835.0000,234.122251
5,1836.0000,229.879349
5,1837.0000,222.660164
5,1838.0000,222.826028
5,1839.0000,220.161150
5,1840.0000,223.551797
5,1841.0000,231.857707
5,1842.0000,227.453149
5,1843.0000,228.851019
5,1844.0000,227.340955
5,1845.0000,227.890151
5,1846.0000,222.871831
5,1847.0000,234.274098
5,1848.0000,222.871394
5,1849.0000,218.521134
5,1850.0000,227.089171
5,1851.0000,224.503834
5,1852.0000,227.584719
5,1853.0000,225.186032
5,1854.0000,227.403061
5,1855.0000,228.127221
5,1856.0000,227.169114
5,1857.0000,220.292767
5,1858.0000,228.818730
5,1859.0000,222.198680
5,1860.0000,228.486601
5,1861.0000,221.184119
5,1862.0000,225.649867
5,1863.0000,224.196547
5,1864.0000,228.156092
5,1865.0000,233.630939
5,1866.0000,223.810319
5,1867.0000,229.574488
5,1868.0000,228.280129
5,1869.0000,227.100825
5,1870.0000,230.710272
5,1871.0000,226.369571
5,1872.0000,226.987632
5,1873.0000,227.059808
5,1874.0000,230.076691
5,1875.0000,222.205616
5,1876.0000,225.465765
5,1877.0000,220.272191
5,1878.0000,232.787091
5,1879.0000,227.124406
5,1880.0000,231.057833
5,1881.0000,211.288765
5,1882.0000,231.661321
5,1883.0000,231.273452
5,1884.0000,218.558721
5,1885.0000,230.822155
5,1886.0000,221.682811
5,1887.0000,221.068349
5,1888.0000,234.515730
5,1889.0000,218.984183
5,1890.0000,224.168068
5,1891.0000,227.069506
5,1892.0000,221.578788
5,1893.0000,228.046756
5,1894.0000,224.671334
5,1895.0000,218.043686
5,1896.0000,226.800555
5,1897.0000,231.743199
5,1898.0000,216.247502
5,1899.0000,223.175675
5,1900.0000,234.074542
5,1901.0000,231.926911
5,1902.0000,226.996232
5,1903.0000,224.678672
5,1904.0000,230.834289
5,1905.0000,226.837239
5,1906.0000,211.235648
5,1907.0000,221.975033
5,1908.0000,232.362339
5,1909.0000,208.914229
5,1910.0000,218.987305
5,1911.0000,223.483762
5,1912.0000,218.103457
5,1913.0000,215.187182
5,1914.0000,222.805546
5,1915.0000,228.588493
5,1916.0000,229.426486
5,1917.0000,220.556215
5,1918.0000,219.916638
5,1919.0000,213.959991
5,1920.0000,225.760940
5,1921.0000,221.879319
5,1922.0000,222.328938
5,1923.0000,232.365437
5,1924.0000,227.768063
5,1925.0000,234.939279
5,1926.0000,231.292315
5,1927.0000,226.995786
5,1928.0000,224.259177
5,1929.0000,224.866453
5,1930.0000,221.891668
5,1931.0000,235.773740
5,1932.0000,221.661648
5,1933.0000,217.715586
5,1934.0000,212.670720
5,1935.0000,218.671328
5,1936.0000,212.523673
5,1937.0000,219.501331
5,1938.0000,222.056200
5,1939.0000,214.232586
5,1940.0000,228.059556
5,1941.0000,224.301915
5,1942.0000,230.316715
5,1943.0000,231.428406
5,1944.0000,228.948754
5,1945.0000,229.911162
5,1946.0000,231.323717
5,1947.0000,230.673457
5,1948.0000,223.610149
5,1949.0000,235.001954
5,1950.0000,225.762440
5,1951.0000,226.936323
5,1952.0000,227.443817
5,1953.0000,222.412397
5,1954.0000,235.174615
5,1955.0000,223.970303
5,1956.0000,228.695411
5,1957.0000,226.937177
5,1958.0000,226.946635
5,1959.0000,230.786532
5,1960.0000,227.134321
5,1961.0000,218.532747
5,1962.0000,232.652127
5,1963.0000,221.961998
5,1964.0000,224.587961
5,1965.0000,224.094460
5,1966.0000,218.597554
5,1967.0000,224.413005
5,1968.0000,220.791453
5,1969.0000,227.459361
5,1970.0000,222.596556
5,1971.0000,226.674107
5,1972.0000,234.332237
5,1973.0000,233.837081
5,1974.0000,227.409444
5,1975.0000,217.012366
5,1976.0000,225.565538
5,1977.0000,229.324486
5,1978.0000,223.733502
5,1979.0000,216.938297
5,1980.0000,231.883608
5,1981.0000,221.745663
5,1982.0000,221.261868
5,1983.0000,218.881997
5,1984.0000,228.740901
5,1985.0000,216.568313
5,1986.0000,220.097723
5,1987.0000,234.038764
5,1988.0000,223.474056
5,1989.0000,233.883800
5,1990.0000,218.110899
5,1991.0000,220.622246
5,1992.0000,213.646327
5,1993.0000,219.534858
5,1994.0000,232.870075
5,1995.0000,226.603894
5,1996.0000,224.302175
5,1997.0000,223.510899
5,1998.0000,223.765191
5,1999.0000,222.261394
5,2000.0000,225.076164
6,200.0000,255.430686
6,201.0000,263.137475
6,202.0000,240.390810
6,203.0000,238.942539
6,204.0000,241.425602
6,205.0000,251.965167
6,206.0000,250.703327
6,207.0000,245.894039
6,208.0000,242.515255
6,209.0000,249.513965
6,210.0000,257.079987
6,211.0000,252.078363
6,212.0000,241.553864
6,213.0000,261.353601
6,214.0000,250.157122
6,215.0000,246.511861
6,216.0000,250.846510
6,217.0000,255.330140
6,218.0000,249.890132
6,219.0000,251.580882
6,220.0000,247.442528
6,221.0000,237.654140
6,222.0000,245.770374
6,223.0000,252.086202
6,224.0000,242.753781
6,225.0000,252.589629
6,226.0000,248.160523
6,227.0000,254.834905
6,228.0000,250.055585
6,229.0000,254.580177
6,230.0000,242.485847
6,231.0000,247.867021
6,232.0000,243.980059
6,233.0000,250.763269
6,234.0000,247.349934
6,235.0000,255.485077
6,236.0000,251.135806
6,237.0000,249.615983
6,238.0000,247.432318
6,239.0000,248.983008
6,240.0000,257.798723
6,241.0000,260.910973
6,242.0000,238.917868
6,243.0000,251.817543
6,244.0000,256.360066
6,245.0000,260.349559
6,246.0000,249.879585
6,247.0000,246.069090
6,248.0000,242.045404
6,249.0000,257.376770
6,250.0000,249.413951
6,251.0000,256.972616
6,252.0000,253.725335
6,253.0000,243.746319
6,254.0000,245.282106
6,255.0000,245.991924
6,256.0000,256.678201
6,257.0000,254.593081
6,258.0000,257.551546
6,259.0000,247.380741
6,260.0000,240.739070
6,261.0000,250.312234
6,262.0000,242.514992
6,263.0000,242.558496
6,264.0000,249.153705
6,265.0000,244.538962
6,266.0000,255.703412
6,267.0000,244.664058
6,268.0000,246.109041
6,269.0000,248.444809
6,270.0000,245.120069
6,271.0000,261.201302
6,272.0000,253.031471
6,273.0000,264.696152
6,274.0000,262.202659
6,275.0000,250.543027
6,276.0000,251.865568
6,277.0000,245.602526
6,278.0000,250.110534
6,279.0000,250.499259
6,280.0000,257.388823
6,281.0000,248.252916
6,282.0000,261.904107
6,283.0000,245.050215
6,284.0000,250.805327
6,285.0000,258.453641
6,286.0000,256.112967
6,287.0000,245.914928
6,288.0000,255.706421
6,289.0000,245.323042
6,290.0000,249.059063
6,291.0000,248.853576
6,292.0000,255.472660
6,293.0000,247.330649
6,294.0000,253.347387
6,295.0000,251.595500
6,296.0000,257.715155
6,297.0000,257.025627
6,298.0000,252.213957
6,299.0000,248.441725
6,300.0000,254.544411
6,301.0000,270.567805
6,302.0000,255.431042
6,303.0000,257.339942
6,304.0000,250.682437
6,305.0000,251.527412
6,306.0000,241.764387
6,307.0000,241.265011
6,308.0000,246.492383
6,309.0000,248.936079
6,310.0000,255.403775
6,311.0000,255.052835
6,312.0000,250.199375
6,313.0000,246.652545
6,314.0000,242.277515
6,315.0000,252.124006
6,316.0000,251.368608
6,317.0000,252.287310
6,318.0000,250.100631
6,319.0000,250.089740
6,320.0000,252.727624
6,321.0000,258.258815
6,322.0000,245.154252
6,323.0000,251.719688
6,324.0000,262.085424
6,325.0000,250.615152
6,326.0000,258.461188
6,327.0000,244.832851
6,328.0000,250.320554
6,329.0000,249.741878
6,330.0000,250.568859
6,331.0000,260.941954
6,332.0000,247.725924
6,333.0000,253.576094
6,334.0000,243.378512
6,335.0000,245.485044
6,336.0000,248.998528
6,337.0000,257.028251
6,338.0000,245.343250
6,339.0000,255.235717
6,340.0000,247.482258
6,341.0000,241.733624
6,342.0000,256.636922
6,343.0000,245.954118
6,344.0000,260.515024
6,345.0000,255.958959
6,346.0000,247.412473
6,347.0000,248.601846
6,348.0000,258.018571
6,349.0000,246.710323
6,350.0000,245.229981
6,351.0000,242.182057
6,352.0000,249.293790
6,353.0000,246.929257
6,354.0000,258.208785
6,355.0000,253.468005
6,356.0000,246.487951
6,357.0000,260.888707
6,358.0000,253.618776
6,359.0000,248.174065
6,360.0000,250.575819
6,361.0000,249.300790
6,362.0000,241.773923
6,363.0000,247.185447
6,364.0000,257.586941
6,365.0000,250.603150
6,366.0000,240.965160
6,367.0000,233.028260
6,368.0000,248.000324
6,369.0000,246.149031
6,370.0000,259.122203
6,371.0000,258.258458
6,372.0000,252.014163
6,373.0000,266.834030
6,374.0000,250.132750
6,375.0000,242.450605
6,376.0000,248.011862
6,377.0000,248.788857
6,378.0000,247.536516
6,379.0000,255.530637
6,380.0000,252.113540
6,381.0000,244.998281
6,382.0000,249.708590
6,383.0000,255.518239
6,384.0000,248.832013
6,385.0000,252.326937
6,386.0000,252.444817
6,387.0000,250.938470
6,388.0000,251.726634
6,389.0000,261.802227
6,390.0000,248.068192
6,391.0000,246.770224
6,392.0000,255.961402
6,393.0000,255.186052
6,394.0000,250.955310
6,395.0000,250.216576
6,396.0000,256.013174
6,397.0000,243.734605
6,398.0000,250.491556
6,399.0000,247.674243
6,400.0000,256.315969
6,401.0000,255.066014
6,402.0000,262.535175
6,403.0000,255.058704
6,404.0000,237.221419
6,405.0000,238.695944
6,406.0000,250.358842
6,407.0000,255.089375
6,408.0000,244.877546
6,409.0000,247.068558
6,410.0000,251.284162
6,411.0000,240.874589
6,412.0000,253.616876
6,413.0000,243.768943
6,414.0000,247.469860
6,415.0000,245.412427
6,416.0000,252.505913
6,417.0000,243.687584
6,418.0000,247.612907
6,419.0000,252.717072
6,420.0000,243.159467
6,421.0000,247.305795
6,422.0000,240.744970
6,423.0000,256.231512
6,424.0000,259.173202
6,425.0000,253.088871
6,426.0000,255.954798
6,427.0000,242.467099
6,428.0000,247.947462
6,429.0000,247.071068
6,430.0000,238.235167
6,431.0000,250.557348
6,432.0000,248.302362
6,433.0000,246.820867
6,434.0000,245.872243
6,435.0000,257.754511
6,436.0000,265.058992
6,437.0000,257.040935
6,438.0000,248.489426
6,439.0000,253.339378
6,440.0000,243.779590
6,441.0000,257.279496
6,442.0000,248.418521
6,443.0000,251.703688
6,444.0000,251.226540
6,445.0000,246.560699
6,446.0000,259.226788
6,447.0000,253.747202
6,448.0000,259.622154
6,449.0000,255.780974
6,450.0000,259.083712
6,451.0000,251.374512
6,452.0000,241.929230
6,453.0000,252.823938
6,454.0000,250.749379
6,455.0000,251.166526
6,456.0000,259.653028
6,457.0000,252.377233
6,458.0000,245.915511
6,459.0000,255.549494
6,460.0000,249.879766
6,461.0000,247.448718
6,462.0000,260.262903
6,463.0000,249.961041
6,464.0000,256.301849
6,465.0000,252.722874
6,466.0000,242.687466
6,467.0000,248.038522
6,468.0000,248.990767
6,469.0000,251.180708
6,470.0000,250.678379
6,471.0000,256.143852
6,472.0000,250.823451
6,473.0000,243.597007
6,474.0000,255.707710
6,475.0000,242.097184
6,476.0000,251.966688
6,477.0000,248.243633
6,478.0000,249.065046
6,479.0000,254.335525
6,480.0000,243.243906
6,481.0000,250.870570
6,482.0000,244.467364
6,483.0000,257.045533
6,484.0000,254.738867
6,485.0000,260.731405
6,486.0000,243.536379
6,487.0000,246.608381
6,488.0000,260.714111
6,489.0000,252.186937
6,490.0000,249.508550
6,491.0000,255.729977
6,492.0000,245.926421
6,493.0000,254.072649
6,494.0000,249.450645
6,495.0000,250.872662
6,496.0000,239.940375
6,497.0000,259.614002
6,498.0000,249.809211
6,499.0000,241.968269
6,500.0000,250.582949
6,501.0000,245.034594
6,502.0000,246.822153
6,503.0000,252.385730
6,504.0000,245.921465
6,505.0000,256.401669
6,506.0000,241.132195
6,507.0000,241.353369
6,508.0000,249.011969
6,509.0000,241.468897
6,510.0000,255.898043
6,511.0000,254.229787
6,512.0000,257.579310
6,513.0000,256.802555
6,514.0000,251.768435
6,515.0000,245.930503
6,516.0000,250.064314
6,517.0000,255.184574
6,518.0000,261.822115
6,519.0000,255.419833
6,520.0000,253.320007
6,521.0000,249.593169
6,522.0000,251.891338
6,523.0000,242.894948
6,524.0000,268.198348
6,525.0000,251.168623
6,526.0000,255.369515
6,527.0000,258.435735
6,528.0000,243.525913
6,529.0000,254.118325
6,530.0000,248.602346
6,531.0000,242.144396
6,532.0000,249.633319
6,533.0000,246.353475
6,534.0000,254.101487
6,535.0000,248.283183
6,536.0000,255.386754
6,537.0000,262.112938
6,538.0000,261.416917
6,539.0000,256.528767
6,540.0000,251.880598
6,541.0000,248.394699
6,542.0000,256.213931
6,543.0000,239.851124
6,544.0000,251.527760
6,545.0000,250.263901
6,546.0000,246.266302
6,547.0000,257.984403
6,548.0000,255.718532
6,549.0000,249.503376
6,550.0000,243.711391
6,551.0000,245.182159
6,552.0000,245.680290
6,553.0000,247.038402
6,554.0000,258.769594
6,555.0000,242.851406
6,556.0000,258.557411
6,557.0000,243.526262
6,558.0000,241.722387
6,559.0000,257.548304
6,560.0000,247.078951
6,561.0000,255.628596
6,562.0000,253.200528
6,563.0000,256.558745
6,564.0000,253.348714
6,565.0000,243.662604
6,566.0000,251.698937
6,567.0000,245.419873
6,568.0000,252.894036
6,569.0000,250.868308
6,570.0000,257.585107
6,571.0000,242.792110
6,572.0000,249.933273
6,573.0000,260.013200
6,574.0000,258.474294
6,575.0000,247.184969
6,576.0000,254.577964
6,577.0000,254.293800
6,578.0000,251.990077
6,579.0000,259.866679
6,580.0000,258.993876
6,581.0000,249.104105
6,582.0000,250.984537
6,583.0000,252.367178
6,584.0000,245.097756
6,585.0000,261.305936
6,586.0000,264.330743
6,587.0000,247.026621
6,588.0000,241.072201
6,589.0000,261.681385
6,590.0000,253.873368
6,591.0000,251.833312
6,592.0000,249.254533
6,593.0000,254.637141
6,594.0000,254.541751
6,595.0000,244.936492
6,596.0000,252.643747
6,597.0000,247.160612
6,598.0000,256.990807
6,599.0000,255.885870
6,600.0000,256.477097
6,601.0000,248.032646
6,602.0000,258.632351
6,603.0000,262.021016
6,604.0000,264.833521
6,605.0000,256.149804
6,606.0000,268.821828
6,607.0000,267.793839
6,608.0000,261.530481
6,609.0000,272.583404
6,610.0000,266.571521
6,611.0000,276.452027
6,612.0000,273.450267
6,613.0000,289.899850
6,614.0000,296.981945
6,615.0000,294.668454
6,616.0000,324.761742
6,617.0000,338.117399
6,618.0000,344.661883
6,619.0000,377.886484
6,620.0000,381.762543
6,621.0000,371.626117
6,622.0000,353.767179
6,623.0000,340.991534
6,624.0000,303.110983
6,625.0000,302.170081
6,626.0000,299.353646
6,627.0000,291.391675
6,628.0000,272.201853
6,629.0000,276.394319
6,630.0000,266.156532
6,631.0000,271.490856
6,632.0000,275.148691
6,633.0000,262.958398
6,634.0000,260.623534
6,635.0000,257.046077
6,636.0000,255.641873
6,637.0000,261.249166
6,638.0000,251.329895
6,639.0000,248.794878
6,640.0000,274.492265
6,641.0000,249.312166
6,642.0000,258.029519
6,643.0000,255.342855
6,644.0000,254.991826
6,645.0000,253.053080
6,646.0000,268.044491
6,647.0000,251.099345
6,648.0000,253.925194
6,649.0000,253.629673
6,650.0000,260.956749
6,651.0000,242.982001
6,652.0000,250.680819
6,653.0000,251.915212
6,654.0000,251.552192
6,655.0000,252.187832
6,656.0000,256.044851
6,657.0000,249.974789
6,658.0000,261.987735
6,659.0000,253.125657
6,660.0000,251.318866
6,661.0000,247.029617
6,662.0000,250.017329
6,663.0000,256.716826
6,664.0000,262.682904
6,665.0000,254.691738
6,666.0000,252.764444
6,667.0000,257.656279
6,668.0000,260.173769
6,669.0000,241.707489
6,670.0000,257.072096
6,671.0000,254.008810
6,672.0000,253.994836
6,673.0000,256.588073
6,674.0000,262.133815
6,675.0000,245.430688
6,676.0000,251.834327
6,677.0000,246.771386
6,678.0000,239.774810
6,679.0000,253.327810
6,680.0000,257.643507
6,681.0000,251.312637
6,682.0000,237.273766
6,683.0000,244.036344
6,684.0000,253.909004
6,685.0000,254.919720
6,686.0000,243.667310
6,687.0000,258.242570
6,688.0000,237.590896
6,689.0000,252.436064
6,690.0000,253.611399
6,691.0000,246.478593
6,692.0000,244.124537
6,693.0000,254.220246
6,694.0000,248.565339
6,695.0000,250.034517
6,696.0000,237.703535
6,697.0000,247.230952
6,698.0000,253.312169
6,699.0000,249.514255
6,700.0000,237.237107
6,701.0000,241.186098
6,702.0000,261.282582
6,703.0000,253.121109
6,704.0000,258.622614
6,705.0000,258.904750
6,706.0000,249.010196
6,707.0000,250.486932
6,708.0000,260.416712
6,709.0000,253.734504
6,710.0000,250.781503
6,711.0000,251.139204
6,712.0000,254.755526
6,713.0000,244.905324
6,714.0000,245.116776
6,715.0000,260.583409
6,716.0000,247.981050
6,717.0000,249.701330
6,718.0000,245.892431
6,719.0000,250.237820
6,720.0000,251.421388
6,721.0000,246.925449
6,722.0000,253.688009
6,723.0000,245.617833
6,724.0000,250.386163
6,725.0000,249.319656
6,726.0000,245.673790
6,727.0000,254.058884
6,728.0000,255.664719
6,729.0000,246.269856
6,730.0000,249.089438
6,731.0000,253.674495
6,732.0000,244.280651
6,733.0000,265.493899
6,734.0000,245.185009
6,735.0000,250.363904
6,736.0000,248.484981
6,737.0000,256.434240
6,738.0000,259.071029
6,739.0000,245.373900
6,740.0000,253.622192
6,741.0000,237.985439
6,742.0000,261.311244
6,743.0000,239.301921
6,744.0000,252.192672
6,745.0000,239.687203
6,746.0000,262.931856
6,747.0000,233.401444
6,748.0000,243.765827
6,749.0000,251.943820
6,750.0000,242.202755
6,751.0000,248.831338
6,752.0000,241.532309
6,753.0000,260.897322
6,754.0000,246.958158
6,755.0000,262.790871
6,756.0000,251.354332
6,757.0000,249.916993
6,758.0000,249.080803
6,759.0000,254.782998
6,760.0000,245.865964
6,761.0000,258.842725
6,762.0000,255.470813
6,763.0000,257.713857
6,764.0000,258.174916
6,765.0000,254.814717
6,766.0000,255.936991
6,767.0000,252.933197
6,768.0000,241.002999
6,769.0000,245.573947
6,770.0000,248.031053
6,771.0000,260.803128
6,772.0000,249.879481
6,773.0000,248.039225
6,774.0000,264.188248
6,775.0000,260.190906
6,776.0000,260.378378
6,777.0000,264.024520
6,778.0000,255.161670
6,779.0000,260.686414
6,780.0000,264.179727
6,781.0000,258.438814
6,782.0000,262.265808
6,783.0000,261.550587
6,784.0000,268.343927
6,785.0000,264.973561
6,786.0000,277.380178
6,787.0000,272.213601
6,788.0000,282.101344
6,789.0000,284.497105
6,790.0000,291.149110
6,791.0000,302.354485
6,792.0000,305.175376
6,793.0000,318.427681
6,794.0000,313.257644
6,795.0000,311.148300
6,796.0000,312.304484
6,797.0000,301.635912
6,798.0000,306.306606
6,799.0000,305.481367
6,800.0000,291.644636
6,801.0000,292.113790
6,802.0000,282.402172
6,803.0000,269.370945
6,804.0000,270.650729
6,805.0000,262.939772
6,806.0000,261.706848
6,807.0000,254.542688
6,808.0000,254.617988
6,809.0000,262.330206
6,810.0000,263.737731
6,811.0000,252.773074
6,812.0000,257.399415
6,813.0000,262.136987
6,814.0000,263.925514
6,815.0000,255.671832
6,816.0000,258.153923
6,817.0000,254.043813
6,818.0000,266.780658
6,819.0000,256.982971
6,820.0000,252.238914
6,821.0000,252.203121
6,822.0000,251.534797
6,823.0000,257.513133
6,824.0000,251.148637
6,825.0000,251.772228
6,826.0000,253.380742
6,827.0000,253.134926
6,828.0000,255.917445
6,829.0000,255.389539
6,830.0000,251.738752
6,831.0000,250.610740
6,832.0000,242.630517
6,833.0000,248.028788
6,834.0000,256.332616
6,835.0000,243.774380
6,836.0000,253.532539
6,837.0000,246.366458
6,838.0000,253.724889
6,839.0000,263.195029
6,840.0000,246.956497
6,841.0000,253.400899
6,842.0000,256.460564
6,843.0000,253.248788
6,844.0000,261.954789
6,845.0000,246.047778
6,846.0000,243.872902
6,847.0000,256.613097
6,848.0000,255.251692
6,849.0000,255.977145
6,850.0000,253.477640
6,851.0000,258.161566
6,852.0000,246.692707
6,853.0000,261.098959
6,854.0000,254.038028
6,855.0000,238.627006
6,856.0000,252.847321
6,857.0000,263.175885
6,858.0000,255.012857
6,859.0000,256.244279
6,860.0000,245.645687
6,861.0000,253.696274
6,862.0000,247.950053
6,863.0000,259.138215
6,864.0000,260.831571
6,865.0000,260.001314
6,866.0000,251.309917
6,867.0000,251.236420
6,868.0000,245.655958
6,869.0000,250.436731
6,870.0000,247.382957
6,871.0000,245.378226
6,872.0000,250.698551
6,873.0000,253.914084
6,874.0000,254.359064
6,875.0000,263.816884
6,876.0000,246.298828
6,877.0000,249.390512
6,878.0000,244.472915
6,879.0000,259.641306
6,880.0000,249.098790
6,881.0000,250.918835
6,882.0000,250.140707
6,883.0000,250.086851
6,884.0000,271.631989
6,885.0000,239.969707
6,886.0000,254.837386
6,887.0000,254.439351
6,888.0000,255.129188
6,889.0000,251.300824
6,890.0000,253.869025
6,891.0000,249.728969
6,892.0000,255.063303
6,893.0000,253.272120
6,894.0000,256.358226
6,895.0000,253.223929
6,896.0000,253.744153
6,897.0000,249.880491
6,898.0000,250.702864
6,899.0000,250.765235
6,900.0000,250.174759
6,901.0000,241.385207
6,902.0000,245.965681
6,903.0000,242.289628
6,904.0000,244.290572
6,905.0000,251.796059
6,906.0000,243.098278
6,907.0000,247.368323
6,908.0000,242.829129
6,909.0000,252.839146
6,910.0000,250.784513
6,911.0000,240.393955
6,912.0000,258.761251
6,913.0000,244.159497
6,914.0000,252.373282
6,915.0000,249.420996
6,916.0000,259.004890
6,917.0000,257.665623
6,918.0000,260.209970
6,919.0000,247.760765
6,920.0000,253.742671
6,921.0000,262.166964
6,922.0000,261.179721
6,923.0000,243.437762
6,924.0000,248.414299
6,925.0000,250.331331
6,926.0000,252.438696
6,927.0000,251.578637
6,928.0000,262.908126
6,929.0000,257.176560
6,930.0000,246.199941
6,931.0000,244.658725
6,932.0000,248.801825
6,933.0000,243.952405
6,934.0000,239.570357
6,935.0000,242.519340
6,936.0000,264.452888
6,937.0000,258.335905
6,938.0000,240.237401
6,939.0000,248.015438
6,940.0000,240.127273
6,941.0000,244.269722
6,942.0000,254.671835
6,943.0000,251.601666
6,944.0000,261.093218
6,945.0000,259.447322
6,946.0000,260.941846
6,947.0000,260.730296
6,948.0000,248.127930
6,949.0000,254.259295
6,950.0000,252.271593
6,951.0000,266.735965
6,952.0000,256.968633
6,953.0000,251.087933
6,954.0000,249.318532
6,955.0000,253.933191
6,956.0000,254.257401
6,957.0000,258.444523
6,958.0000,257.253461
6,959.0000,251.514644
6,960.0000,264.860201
6,961.0000,248.330111
6,962.0000,262.141299
6,963.0000,257.043116
6,964.0000,244.284718
6,965.0000,264.771758
6,966.0000,258.060025
6,967.0000,264.654957
6,968.0000,247.524517
6,969.0000,262.681603
6,970.0000,252.847327
6,971.0000,253.110574
6,972.0000,263.693752
6,973.0000,255.520546
6,974.0000,262.492021
6,975.0000,259.727207
6,976.0000,256.276495
6,977.0000,259.159902
6,978.0000,260.008790
6,979.0000,265.320621
6,980.0000,269.617082
6,981.0000,267.494106
6,982.0000,268.251253
6,983.0000,279.517953
6,984.0000,280.863276
6,985.0000,281.653673
6,986.0000,286.627106
6,987.0000,281.466723
6,988.0000,274.585044
6,989.0000,293.586586
6,990.0000,311.598632
6,991.0000,307.069984
6,992.0000,334.173734
6,993.0000,340.875190
6,994.0000,356.221787
6,995.0000,392.553185
6,996.0000,428.938295
6,997.0000,511.990434
6,998.0000,608.626964
6,999.0000,737.872759
6,1000.0000,868.572064
6,1001.0000,946.649193
6,1002.0000,888.010236
6,1003.0000,739.625555
6,1004.0000,604.887441
6,1005.0000,504.130479
6,1006.0000,436.167483
6,1007.0000,396.397526
6,1008.0000,368.888192
6,1009.0000,342.842335
6,1010.0000,325.847276
6,1011.0000,316.984670
6,1012.0000,315.872896
6,1013.0000,309.437000
6,1014.0000,290.826005
6,1015.0000,296.111443
6,1016.0000,299.067880
6,1017.0000,282.619939
6,1018.0000,293.449415
6,1019.0000,281.556405
6,1020.0000,285.307706
6,1021.0000,297.654653
6,1022.0000,303.711294
6,1023.0000,308.855970
6,1024.0000,321.150850
6,1025.0000,336.102691
6,1026.0000,350.088882
6,1027.0000,393.381888
6,1028.0000,428.748102
6,1029.0000,472.976323
6,1030.0000,532.523331
6,1031.0000,539.519295
6,1032.0000,520.449737
6,1033.0000,458.849862
6,1034.0000,435.905137
6,1035.0000,377.777827
6,1036.0000,345.428825
6,1037.0000,327.993513
6,1038.0000,312.521753
6,1039.0000,305.749666
6,1040.0000,286.287528
6,1041.0000,282.627658
6,1042.0000,277.684698
6,1043.0000,278.257522
6,1044.0000,273.782034
6,1045.0000,268.303037
6,1046.0000,261.833203
6,1047.0000,258.985912
6,1048.0000,268.745561
6,1049.0000,266.682044
6,1050.0000,257.849691
6,1051.0000,251.610574
6,1052.0000,255.945948
6,1053.0000,262.082190
6,1054.0000,261.402349
6,1055.0000,252.968897
6,1056.0000,253.736824
6,1057.0000,261.254600
6,1058.0000,260.297598
6,1059.0000,248.557492
6,1060.0000,255.286090
6,1061.0000,255.292678
6,1062.0000,250.776321
6,1063.0000,255.974034
6,1064.0000,258.007860
6,1065.0000,252.696540
6,1066.0000,258.755830
6,1067.0000,246.521809
6,1068.0000,242.671112
6,1069.0000,271.415469
6,1070.0000,252.473313
6,1071.0000,244.173517
6,1072.0000,251.129662
6,1073.0000,251.785006
6,1074.0000,257.439699
6,1075.0000,249.154171
6,1076.0000,261.457473
6,1077.0000,247.147442
6,1078.0000,265.389294
6,1079.0000,239.446369
6,1080.0000,251.021341
6,1081.0000,260.900834
6,1082.0000,256.836599
6,1083.0000,265.553642
6,1084.0000,259.124012
6,1085.0000,242.744618
6,1086.0000,260.044251
6,1087.0000,257.487198
6,1088.0000,255.645358
6,1089.0000,251.185824
6,1090.0000,251.750888
6,1091.0000,261.693627
6,1092.0000,251.716542
6,1093.0000,251.159334
6,1094.0000,262.340152
6,1095.0000,247.292123
6,1096.0000,244.784994
6,1097.0000,256.799851
6,1098.0000,250.054024
6,1099.0000,245.082055
6,1100.0000,246.991219
6,1101.0000,259.558127
6,1102.0000,250.978001
6,1103.0000,253.830437
6,1104.0000,255.143338
6,1105.0000,255.181113
6,1106.0000,242.032674
6,1107.0000,260.926190
6,1108.0000,252.677737
6,1109.0000,259.122857
6,1110.0000,257.773956
6,1111.0000,257.814787
6,1112.0000,246.764689
6,1113.0000,256.064858
6,1114.0000,256.578109
6,1115.0000,248.165449
6,1116.0000,260.491477
6,1117.0000,255.206920
6,1118.0000,256.132722
6,1119.0000,245.287606
6,1120.0000,261.645834
6,1121.0000,255.090279
6,1122.0000,242.935875
6,1123.0000,255.368764
6,1124.0000,249.906683
6,1125.0000,253.559972
6,1126.0000,256.222928
6,1127.0000,252.937605
6,1128.0000,250.270547
6,1129.0000,257.537571
6,1130.0000,255.888289
6,1131.0000,253.319112
6,1132.0000,249.311814
6,1133.0000,252.752545
6,1134.0000,250.486999
6,1135.0000,251.476506
6,1136.0000,249.592777
6,1137.0000,250.256678
6,1138.0000,265.207046
6,1139.0000,265.708667
6,1140.0000,258.081618
6,1141.0000,242.941936
6,1142.0000,266.936836
6,1143.0000,268.402613
6,1144.0000,275.093633
6,1145.0000,266.584180
6,1146.0000,266.366338
6,1147.0000,280.097506
6,1148.0000,292.942761
6,1149.0000,291.457812
6,1150.0000,296.022790
6,1151.0000,318.828485
6,1152.0000,325.640775
6,1153.0000,335.639137
6,1154.0000,352.081830
6,1155.0000,349.011697
6,1156.0000,341.701221
6,1157.0000,330.869761
6,1158.0000,324.805192
6,1159.0000,307.955487
6,1160.0000,297.977617
6,1161.0000,291.396295
6,1162.0000,282.091454
6,1163.0000,278.560432
6,1164.0000,293.814329
6,1165.0000,280.899347
6,1166.0000,268.047662
6,1167.0000,277.229947
6,1168.0000,261.742436
6,1169.0000,264.856655
6,1170.0000,261.854536
6,1171.0000,268.429692
6,1172.0000,273.662425
6,1173.0000,270.479069
6,1174.0000,271.484956
6,1175.0000,271.791654
6,1176.0000,292.808012
6,1177.0000,284.817496
6,1178.0000,293.155137
6,1179.0000,301.570284
6,1180.0000,317.326712
6,1181.0000,317.533627
6,1182.0000,331.610376
6,1183.0000,346.381634
6,1184.0000,323.518986
6,1185.0000,319.180572
6,1186.0000,304.817224
6,1187.0000,304.697070
6,1188.0000,299.679571
6,1189.0000,276.241760
6,1190.0000,268.217333
6,1191.0000,257.133154
6,1192.0000,275.609871
6,1193.0000,269.259729
6,1194.0000,268.230750
6,1195.0000,259.360742
6,1196.0000,263.782983
6,1197.0000,270.898481
6,1198.0000,257.849842
6,1199.0000,260.261712
6,1200.0000,254.031063
6,1201.0000,251.659519
6,1202.0000,253.740428
6,1203.0000,250.873109
6,1204.0000,248.084291
6,1205.0000,254.021431
6,1206.0000,263.928122
6,1207.0000,250.844673
6,1208.0000,253.023291
6,1209.0000,242.287788
6,1210.0000,242.585021
6,1211.0000,252.510308
6,1212.0000,259.682080
6,1213.0000,257.751564
6,1214.0000,240.315851
6,1215.0000,254.543582
6,1216.0000,251.639768
6,1217.0000,254.706230
6,1218.0000,258.142366
6,1219.0000,253.736736
6,1220.0000,254.755570
6,1221.0000,257.003946
6,1222.0000,246.506522
6,1223.0000,257.774824
6,1224.0000,240.046490
6,1225.0000,260.590180
6,1226.0000,254.703095
6,1227.0000,253.191063
6,1228.0000,250.576151
6,1229.0000,253.853927
6,1230.0000,243.785706
6,1231.0000,257.844664
6,1232.0000,253.363430
6,1233.0000,249.298080
6,1234.0000,248.545207
6,1235.0000,247.674022
6,1236.0000,248.769107
6,1237.0000,252.269075
6,1238.0000,250.272806
6,1239.0000,245.241735
6,1240.0000,251.728077
6,1241.0000,254.392845
6,1242.0000,255.230269
6,1243.0000,247.052522
6,1244.0000,246.438867
6,1245.0000,250.393646
6,1246.0000,254.764664
6,1247.0000,261.183589
6,1248.0000,249.545659
6,1249.0000,259.000202
6,1250.0000,251.201576
6,1251.0000,247.419367
6,1252.0000,254.568571
6,1253.0000,245.859626
6,1254.0000,252.213415
6,1255.0000,243.229862
6,1256.0000,251.068934
6,1257.0000,248.187019
6,1258.0000,253.210906
6,1259.0000,249.483545
6,1260.0000,249.189428
6,1261.0000,245.975652
6,1262.0000,257.303214
6,1263.0000,254.332474
6,1264.0000,261.475222
6,1265.0000,253.150203
6,1266.0000,249.234804
6,1267.0000,253.063284
6,1268.0000,246.554263
6,1269.0000,260.516728
6,1270.0000,253.377728
6,1271.0000,247.678662
6,1272.0000,261.676670
6,1273.0000,252.752253
6,1274.0000,251.768452
6,1275.0000,245.416476
6,1276.0000,252.407423
6,1277.0000,252.796516
6,1278.0000,256.930120
6,1279.0000,245.698519
6,1280.0000,250.479326
6,1281.0000,249.319527
6,1282.0000,244.074408
6,1283.0000,254.456727
6,1284.0000,237.019864
6,1285.0000,245.804908
6,1286.0000,255.518314
6,1287.0000,256.247047
6,1288.0000,234.391171
6,1289.0000,256.444377
6,1290.0000,260.935826
6,1291.0000,259.024361
6,1292.0000,249.606098
6,1293.0000,255.444824
6,1294.0000,253.162497
6,1295.0000,256.860091
6,1296.0000,253.431668
6,1297.0000,249.801843
6,1298.0000,247.859655
6,1299.0000,254.869032
6,1300.0000,249.729536
6,1301.0000,250.289534
6,1302.0000,246.198012
6,1303.0000,255.924501
6,1304.0000,237.397024
6,1305.0000,253.266169
6,1306.0000,241.094040
6,1307.0000,253.762565
6,1308.0000,253.475375
6,1309.0000,242.311547
6,1310.0000,253.732984
6,1311.0000,258.945345
6,1312.0000,251.776066
6,1313.0000,244.795645
6,1314.0000,240.543990
6,1315.0000,255.107941
6,1316.0000,256.946509
6,1317.0000,252.741938
6,1318.0000,247.540733
6,1319.0000,239.779435
6,1320.0000,249.012695
6,1321.0000,252.770650
6,1322.0000,248.934052
6,1323.0000,248.894408
6,1324.0000,260.365001
6,1325.0000,252.246199
6,1326.0000,244.784794
6,1327.0000,257.424014
6,1328.0000,256.185426
6,1329.0000,250.009303
6,1330.0000,243.823428
6,1331.0000,261.176113
6,1332.0000,251.206766
6,1333.0000,255.236873
6,1334.0000,252.029199
6,1335.0000,251.807209
6,1336.0000,241.580014
6,1337.0000,252.714744
6,1338.0000,243.024986
6,1339.0000,254.408609
6,1340.0000,252.117041
6,1341.0000,248.567048
6,1342.0000,257.486481
6,1343.0000,260.268254
6,1344.0000,254.269784
6,1345.0000,253.374635
6,1346.0000,263.419685
6,1347.0000,251.779242
6,1348.0000,251.760461
6,1349.0000,246.637718
6,1350.0000,249.760069
6,1351.0000,253.789323
6,1352.0000,250.807920
6,1353.0000,245.709127
6,1354.0000,256.789069
6,1355.0000,249.747998
6,1356.0000,258.661598
6,1357.0000,261.552979
6,1358.0000,258.543258
6,1359.0000,255.122259
6,1360.0000,234.302156
6,1361.0000,259.904871
6,1362.0000,248.099569
6,1363.0000,259.383270
6,1364.0000,252.028591
6,1365.0000,262.745765
6,1366.0000,257.426805
6,1367.0000,252.673356
6,1368.0000,257.965449
6,1369.0000,246.487924
6,1370.0000,256.437534
6,1371.0000,252.101290
6,1372.0000,253.744778
6,1373.0000,255.973871
6,1374.0000,243.186262
6,1375.0000,250.229063
6,1376.0000,251.364005
6,1377.0000,248.304599
6,1378.0000,255.071779
6,1379.0000,248.342601
6,1380.0000,245.033451
6,1381.0000,260.962743
6,1382.0000,252.144844
6,1383.0000,249.898105
6,1384.0000,248.740293
6,1385.0000,262.249604
6,1386.0000,256.244884
6,1387.0000,255.703144
6,1388.0000,262.464691
6,1389.0000,255.733644
6,1390.0000,264.193573
6,1391.0000,258.737829
6,1392.0000,248.378960
6,1393.0000,261.236069
6,1394.0000,257.983484
6,1395.0000,262.007632
6,1396.0000,256.005486
6,1397.0000,253.894419
6,1398.0000,251.881017
6,1399.0000,257.634640
6,1400.0000,250.242310
6,1401.0000,251.122247
6,1402.0000,247.535409
6,1403.0000,261.288349
6,1404.0000,256.133778
6,1405.0000,244.708031
6,1406.0000,256.731429
6,1407.0000,241.918726
6,1408.0000,248.383178
6,1409.0000,246.712400
6,1410.0000,254.323132
6,1411.0000,245.202944
6,1412.0000,260.085388
6,1413.0000,258.448407
6,1414.0000,264.732654
6,1415.0000,262.910244
6,1416.0000,266.979961
6,1417.0000,261.077827
6,1418.0000,267.737884
6,1419.0000,264.103026
6,1420.0000,253.948834
6,1421.0000,258.226603
6,1422.0000,263.759899
6,1423.0000,268.724602
6,1424.0000,264.813790
6,1425.0000,261.370605
6,1426.0000,266.059598
6,1427.0000,271.970390
6,1428.0000,273.091301
6,1429.0000,260.026072
6,1430.0000,273.308732
6,1431.0000,266.787367
6,1432.0000,273.058526
6,1433.0000,277.282752
6,1434.0000,272.392464
6,1435.0000,274.808207
6,1436.0000,277.069334
6,1437.0000,292.776876
6,1438.0000,283.754173
6,1439.0000,301.261485
6,1440.0000,309.545159
6,1441.0000,311.497656
6,1442.0000,317.901428
6,1443.0000,326.064097
6,1444.0000,346.034032
6,1445.0000,353.681262
6,1446.0000,358.225249
6,1447.0000,373.212094
6,1448.0000,392.082688
6,1449.0000,400.584912
6,1450.0000,397.429523
6,1451.0000,402.778005
6,1452.0000,399.537558
6,1453.0000,383.988298
6,1454.0000,373.689391
6,1455.0000,348.426569
6,1456.0000,345.388414
6,1457.0000,328.933387
6,1458.0000,316.510304
6,1459.0000,303.193423
6,1460.0000,307.287211
6,1461.0000,302.318666
6,1462.0000,280.770598
6,1463.0000,285.011933
6,1464.0000,284.915508
6,1465.0000,276.782892
6,1466.0000,272.394892
6,1467.0000,276.073691
6,1468.0000,269.222048
6,1469.0000,269.634463
6,1470.0000,260.194103
6,1471.0000,267.130497
6,1472.0000,258.015293
6,1473.0000,264.572929
6,1474.0000,264.897529
6,1475.0000,266.990263
6,1476.0000,245.498888
6,1477.0000,257.088866
6,1478.0000,264.739818
6,1479.0000,248.478579
6,1480.0000,256.176901
6,1481.0000,254.003493
6,1482.0000,265.296121
6,1483.0000,256.845631
6,1484.0000,258.824841
6,1485.0000,253.932879
6,1486.0000,260.262649
6,1487.0000,254.636795
6,1488.0000,248.228760
6,1489.0000,248.200381
6,1490.0000,259.009731
6,1491.0000,253.622615
6,1492.0000,252.980587
6,1493.0000,270.722778
6,1494.0000,247.168959
6,1495.0000,254.417009
6,1496.0000,253.218352
6,1497.0000,262.689820
6,1498.0000,254.700872
6,1499.0000,241.051035
6,1500.0000,262.581244
6,1501.0000,248.176419
6,1502.0000,263.427372
6,1503.0000,248.841543
6,1504.0000,256.486326
6,1505.0000,263.048696
6,1506.0000,250.578177
6,1507.0000,242.958277
6,1508.0000,250.627563
6,1509.0000,247.182979
6,1510.0000,254.612748
6,1511.0000,246.420812
6,1512.0000,253.366944
6,1513.0000,256.436618
6,1514.0000,239.476082
6,1515.0000,255.989603
6,1516.0000,254.554671
6,1517.0000,248.928600
6,1518.0000,248.528808
6,1519.0000,250.203261
6,1520.0000,263.061687
6,1521.0000,247.456469
6,1522.0000,246.406742
6,1523.0000,245.695008
6,1524.0000,266.151393
6,1525.0000,253.521209
6,1526.0000,253.019699
6,1527.0000,254.352589
6,1528.0000,251.245869
6,1529.0000,250.030568
6,1530.0000,256.854744
6,1531.0000,254.453025
6,1532.0000,251.898895
6,1533.0000,262.151549
6,1534.0000,246.447729
6,1535.0000,256.167568
6,1536.0000,257.394442
6,1537.0000,251.357011
6,1538.0000,251.563455
6,1539.0000,257.220551
6,1540.0000,249.136233
6,1541.0000,262.686319
6,1542.0000,260.511021
6,1543.0000,259.245009
6,1544.0000,249.228899
6,1545.0000,247.670902
6,1546.0000,252.621730
6,1547.0000,253.302693
6,1548.0000,255.130350
6,1549.0000,250.967839
6,1550.0000,250.039015
6,1551.0000,267.447685
6,1552.0000,256.706523
6,1553.0000,258.024276
6,1554.0000,253.623995
6,1555.0000,261.138517
6,1556.0000,259.807396
6,1557.0000,265.984469
6,1558.0000,263.514364
6,1559.0000,259.608110
6,1560.0000,263.618163
6,1561.0000,261.890141
6,1562.0000,261.413550
6,1563.0000,262.107449
6,1564.0000,263.471527
6,1565.0000,273.974413
6,1566.0000,259.266439
6,1567.0000,268.046910
6,1568.0000,264.833735
6,1569.0000,272.685398
6,1570.0000,279.752026
6,1571.0000,275.829253
6,1572.0000,286.271945
6,1573.0000,282.527830
6,1574.0000,297.547024
6,1575.0000,298.246227
6,1576.0000,309.580011
6,1577.0000,312.218811
6,1578.0000,329.607997
6,1579.0000,345.717340
6,1580.0000,367.819278
6,1581.0000,382.308675
6,1582.0000,407.606655
6,1583.0000,422.557878
6,1584.0000,409.303147
6,1585.0000,388.079767
6,1586.0000,378.434283
6,1587.0000,360.499514
6,1588.0000,373.473499
6,1589.0000,350.256333
6,1590.0000,353.994265
6,1591.0000,338.610785
6,1592.0000,338.225531
6,1593.0000,349.815362
6,1594.0000,361.638465
6,1595.0000,363.448823
6,1596.0000,407.560200
6,1597.0000,442.957214
6,1598.0000,474.255156
6,1599.0000,537.616431
6,1600.0000,601.137619
6,1601.0000,670.675843
6,1602.0000,685.872794
6,1603.0000,664.270162
6,1604.0000,603.091395
6,1605.0000,525.086200
6,1606.0000,478.156613
6,1607.0000,424.840696
6,1608.0000,385.436669
6,1609.0000,365.012271
6,1610.0000,336.849366
6,1611.0000,323.971725
6,1612.0000,312.064775
6,1613.0000,296.343294
6,1614.0000,306.284963
6,1615.0000,297.944888
6,1616.0000,295.857177
6,1617.0000,280.314282
6,1618.0000,281.147987
6,1619.0000,271.514474
6,1620.0000,276.113852
6,1621.0000,271.728847
6,1622.0000,270.979735
6,1623.0000,269.188974
6,1624.0000,269.258345
6,1625.0000,272.354572
6,1626.0000,273.514978
6,1627.0000,260.288454
6,1628.0000,257.837020
6,1629.0000,264.777092
6,1630.0000,260.084774
6,1631.0000,257.026790
6,1632.0000,264.945763
6,1633.0000,252.666424
6,1634.0000,250.841268
6,1635.0000,255.362311
6,1636.0000,259.793694
6,1637.0000,254.589875
6,1638.0000,258.961686
6,1639.0000,261.108241
6,1640.0000,244.973308
6,1641.0000,251.176364
6,1642.0000,264.374820
6,1643.0000,255.269897
6,1644.0000,255.885117
6,1645.0000,263.623258
6,1646.0000,247.125971
6,1647.0000,258.300757
6,1648.0000,255.063869
6,1649.0000,252.011140
6,1650.0000,251.130635
6,1651.0000,249.125143
6,1652.0000,247.600793
6,1653.0000,259.388775
6,1654.0000,253.641409
6,1655.0000,246.824698
6,1656.0000,265.086890
6,1657.0000,238.182842
6,1658.0000,255.414195
6,1659.0000,253.317513
6,1660.0000,260.835543
6,1661.0000,250.559784
6,1662.0000,264.510362
6,1663.0000,253.144703
6,1664.0000,252.332787
6,1665.0000,251.843419
6,1666.0000,252.026802
6,1667.0000,256.900930
6,1668.0000,246.556144
6,1669.0000,255.945212
6,1670.0000,247.412377
6,1671.0000,245.399663
6,1672.0000,247.528292
6,1673.0000,253.440217
6,1674.0000,252.569191
6,1675.0000,252.326475
6,1676.0000,257.653600
6,1677.0000,250.286436
6,1678.0000,259.752546
6,1679.0000,261.127078
6,1680.0000,246.056608
6,1681.0000,245.588087
6,1682.0000,259.238103
6,1683.0000,247.457819
6,1684.0000,248.504934
6,1685.0000,258.804356
6,1686.0000,251.027435
6,1687.0000,248.728526
6,1688.0000,252.161046
6,1689.0000,250.464586
6,1690.0000,255.017835
6,1691.0000,261.289599
6,1692.0000,253.883941
6,1693.0000,259.883164
6,1694.0000,240.921329
6,1695.0000,251.523780
6,1696.0000,245.206669
6,1697.0000,243.940378
6,1698.0000,262.483523
6,1699.0000,252.187427
6,1700.0000,248.242351
6,1701.0000,246.020479
6,1702.0000,254.168728
6,1703.0000,254.926097
6,1704.0000,243.387063
6,1705.0000,256.467519
6,1706.0000,260.980767
6,1707.0000,244.256130
6,1708.0000,257.549351
6,1709.0000,247.810969
6,1710.0000,247.824547
6,1711.0000,242.693157
6,1712.0000,254.619307
6,1713.0000,251.793863
6,1714.0000,251.799394
6,1715.0000,246.269238
6,1716.0000,251.462897
6,1717.0000,250.409569
6,1718.0000,257.151158
6,1719.0000,256.846691
6,1720.0000,251.248697
6,1721.0000,247.736882
6,1722.0000,249.837221
6,1723.0000,242.676920
6,1724.0000,249.538017
6,1725.0000,249.289278
6,1726.0000,243.160361
6,1727.0000,254.662898
6,1728.0000,246.565967
6,1729.0000,255.315003
6,1730.0000,254.658739
6,1731.0000,251.223499
6,1732.0000,246.885224
6,1733.0000,248.002739
6,1734.0000,247.085772
6,1735.0000,233.375569
6,1736.0000,259.552750
6,1737.0000,237.899526
6,1738.0000,243.315897
6,1739.0000,248.072762
6,1740.0000,254.225734
6,1741.0000,245.473514
6,1742.0000,254.288925
6,1743.0000,249.969075
6,1744.0000,241.294918
6,1745.0000,246.914956
6,1746.0000,247.289329
6,1747.0000,254.293836
6,1748.0000,253.774750
6,1749.0000,243.280704
6,1750.0000,247.493359
6,1751.0000,249.278627
6,1752.0000,252.198326
6,1753.0000,249.305161
6,1754.0000,257.721641
6,1755.0000,250.165678
6,1756.0000,236.775011
6,1757.0000,247.301400
6,1758.0000,241.792433
6,1759.0000,239.881386
6,1760.0000,242.590629
6,1761.0000,256.867390
6,1762.0000,263.995468
6,1763.0000,240.025480
6,1764.0000,254.023953
6,1765.0000,250.068572
6,1766.0000,257.904352
6,1767.0000,245.729929
6,1768.0000,247.080315
6,1769.0000,250.760701
6,1770.0000,247.146112
6,1771.0000,253.033770
6,1772.0000,256.936633
6,1773.0000,247.851555
6,1774.0000,253.906572
6,1775.0000,253.104286
6,1776.0000,246.554947
6,1777.0000,248.687182
6,1778.0000,238.684649
6,1779.0000,253.415825
6,1780.0000,241.411045
6,1781.0000,266.805267
6,1782.0000,258.302883
6,1783.0000,253.775629
6,1784.0000,250.527621
6,1785.0000,248.062149
6,1786.0000,249.889070
6,1787.0000,249.642924
6,1788.0000,247.682522
6,1789.0000,239.015594
6,1790.0000,252.152397
6,1791.0000,241.122046
6,1792.0000,246.264883
6,1793.0000,241.980200
6,1794.0000,255.114002
6,1795.0000,265.095408
6,1796.0000,254.216796
6,1797.0000,259.725882
6,1798.0000,251.660383
6,1799.0000,244.121129
6,1800.0000,260.445217
6,1801.0000,245.871685
6,1802.0000,257.407968
6,1803.0000,240.870709
6,1804.0000,255.710755
6,1805.0000,251.831686
6,1806.0000,256.937068
6,1807.0000,252.937208
6,1808.0000,246.165554
6,1809.0000,241.085268
6,1810.0000,255.923871
6,1811.0000,252.043005
6,1812.0000,260.214976
6,1813.0000,255.495253
6,1814.0000,245.500647
6,1815.0000,258.830488
6,1816.0000,254.429825
6,1817.0000,253.229925
6,1818.0000,253.270494
6,1819.0000,262.898577
6,1820.0000,255.291015
6,1821.0000,245.568162
6,1822.0000,262.826166
6,1823.0000,254.961049
6,1824.0000,255.721745
6,1825.0000,256.178407
6,1826.0000,249.659347
6,1827.0000,250.324025
6,1828.0000,248.459230
6,1829.0000,244.876726
6,1830.0000,238.965544
6,1831.0000,250.210800
6,1832.0000,244.721490
6,1833.0000,247.928959
6,1834.0000,248.701338
6,1835.0000,259.543772
6,1836.0000,256.636323
6,1837.0000,266.071055
6,1838.0000,251.605160
6,1839.0000,251.350956
6,1840.0000,263.246108
6,1841.0000,238.470958
6,1842.0000,249.477311
6,1843.0000,248.890228
6,1844.0000,240.211646
6,1845.0000,249.831597
6,1846.0000,253.245755
6,1847.0000,246.598774
6,1848.0000,249.946635
6,1849.0000,251.532646
6,1850.0000,249.761140
6,1851.0000,244.379133
6,1852.0000,247.511518
6,1853.0000,251.618987
6,1854.0000,244.366517
6,1855.0000,252.896937
6,1856.0000,245.082333
6,1857.0000,247.956853
6,1858.0000,249.534809
6,1859.0000,259.250176
6,1860.0000,254.724486
6,1861.0000,252.620552
6,1862.0000,243.380045
6,1863.0000,246.851909
6,1864.0000,257.883520
6,1865.0000,259.620931
6,1866.0000,255.436905
6,1867.0000,252.857821
6,1868.0000,250.610494
6,1869.0000,255.672864
6,1870.0000,254.708896
6,1871.0000,248.191727
6,1872.0000,263.239972
6,1873.0000,253.556471
6,1874.0000,249.629757
6,1875.0000,252.193716
6,1876.0000,252.064837
6,1877.0000,246.080368
6,1878.0000,245.656223
6,1879.0000,247.080031
6,1880.0000,254.779280
6,1881.0000,244.427963
6,1882.0000,246.985528
6,1883.0000,247.782083
6,1884.0000,252.549279
6,1885.0000,252.739025
6,1886.0000,262.605869
6,1887.0000,251.382839
6,1888.0000,246.022507
6,1889.0000,254.540895
6,1890.0000,256.202735
6,1891.0000,260.716850
6,1892.0000,248.772363
6,1893.0000,245.394992
6,1894.0000,259.065179
6,1895.0000,256.107530
6,1896.0000,268.203568
6,1897.0000,257.418497
6,1898.0000,245.989450
6,1899.0000,248.461890
6,1900.0000,254.704058
6,1901.0000,252.151444
6,1902.0000,241.012655
6,1903.0000,249.140986
6,1904.0000,247.640792
6,1905.0000,253.479218
6,1906.0000,249.582462
6,1907.0000,261.084243
6,1908.0000,252.837182
6,1909.0000,238.660279
6,1910.0000,245.184305
6,1911.0000,255.649629
6,1912.0000,236.920370
6,1913.0000,244.304941
6,1914.0000,239.885988
6,1915.0000,250.410114
6,1916.0000,245.774007
6,1917.0000,251.684305
6,1918.0000,243.525402
6,1919.0000,258.895453
6,1920.0000,251.998147
6,1921.0000,245.619314
6,1922.0000,244.528695
6,1923.0000,249.344863
6,1924.0000,252.658982
6,1925.0000,257.083496
6,1926.0000,238.175865
6,1927.0000,253.263113
6,1928.0000,250.328351
6,1929.0000,244.289002
6,1930.0000,252.748093
6,1931.0000,263.645285
6,1932.0000,248.621986
6,1933.0000,262.790245
6,1934.0000,235.755251
6,1935.0000,244.958003
6,1936.0000,254.306880
6,1937.0000,251.423653
6,1938.0000,243.336787
6,1939.0000,251.728100
6,1940.0000,250.795702
6,1941.0000,250.283607
6,1942.0000,258.327636
6,1943.0000,249.705779
6,1944.0000,243.017333
6,1945.0000,248.767901
6,1946.0000,246.772513
6,1947.0000,250.241380
6,1948.0000,259.811779
6,1949.0000,249.490764
6,1950.0000,250.051496
6,1951.0000,245.034604
6,1952.0000,254.884774
6,1953.0000,246.916699
6,1954.0000,248.355750
6,1955.0000,244.059893
6,1956.0000,248.954959
6,1957.0000,258.673656
6,1958.0000,242.638302
6,1959.0000,250.138120
6,1960.0000,249.339397
6,1961.0000,251.524081
6,1962.0000,238.418266
6,1963.0000,247.122830
6,1964.0000,261.014111
6,1965.0000,240.889432
6,1966.0000,241.514589
6,1967.0000,248.861168
6,1968.0000,249.821719
6,1969.0000,248.575063
6,1970.0000,249.275091
6,1971.0000,247.857159
6,1972.0000,251.578238
6,1973.0000,252.358557
6,1974.0000,251.746628
6,1975.0000,262.672083
6,1976.0000,246.822550
6,1977.0000,251.297066
6,1978.0000,261.337245
6,1979.0000,250.184106
6,1980.0000,251.116226
6,1981.0000,254.737024
6,1982.0000,249.642564
6,1983.0000,254.994081
6,1984.0000,254.496403
6,1985.0000,249.053261
6,1986.0000,264.623571
6,1987.0000,251.841183
6,1988.0000,249.585798
6,1989.0000,248.481690
6,1990.0000,243.868818
6,1991.0000,252.591919
6,1992.0000,252.415081
6,1993.0000,242.415217
6,1994.0000,233.562671
6,1995.0000,254.815618
6,1996.0000,245.636187
6,1997.0000,248.678986
6,1998.0000,246.727697
6,1999.0000,252.412677
6,2000.0000,247.887820
7,200.0000,276.534695
7,201.0000,263.757943
7,202.0000,266.970514
7,203.0000,269.459537
7,204.0000,274.962130
7,205.0000,268.293382
7,206.0000,272.712582
7,207.0000,278.622486
7,208.0000,276.041504
7,209.0000,271.284087
7,210.0000,272.223332
7,211.0000,274.615735
7,212.0000,275.439297
7,213.0000,275.412471
7,214.0000,276.246325
7,215.0000,274.258776
7,216.0000,276.182684
7,217.0000,273.811981
7,218.0000,284.783354
7,219.0000,266.913647
7,220.0000,268.801220
7,221.0000,277.569735
7,222.0000,278.900984
7,223.0000,280.069865
7,224.0000,266.229709
7,225.0000,265.899081
7,226.0000,263.756215
7,227.0000,272.085205
7,228.0000,277.143772
7,229.0000,287.966188
7,230.0000,269.072521
7,231.0000,271.455806
7,232.0000,277.333848
7,233.0000,265.894256
7,234.0000,277.131511
7,235.0000,273.185340
7,236.0000,279.723675
7,237.0000,270.762668
7,238.0000,281.487696
7,239.0000,269.840254
7,240.0000,270.364392
7,241.0000,268.446983
7,242.0000,268.216892
7,243.0000,266.249325
7,244.0000,276.612326
7,245.0000,278.470255
7,246.0000,266.994378
7,247.0000,279.019824
7,248.0000,275.739876
7,249.0000,283.069950
7,250.0000,269.665744
7,251.0000,276.199835
7,252.0000,274.640523
7,253.0000,285.595539
7,254.0000,272.924212
7,255.0000,269.699724
7,256.0000,281.099850
7,257.0000,276.847676
7,258.0000,281.162881
7,259.0000,270.769395
7,260.0000,272.561264
7,261.0000,273.374862
7,262.0000,273.363786
7,263.0000,285.403099
7,264.0000,275.748339
7,265.0000,276.587805
7,266.0000,266.759479
7,267.0000,277.122365
7,268.0000,281.015399
7,269.0000,282.898719
7,270.0000,265.797618
7,271.0000,283.433928
7,272.0000,275.164938
7,273.0000,279.095484
7,274.0000,270.778161
7,275.0000,272.522304
7,276.0000,266.547894
7,277.0000,280.239482
7,278.0000,278.708872
7,279.0000,278.774564
7,280.0000,284.440454
7,281.0000,271.771769
7,282.0000,282.116388
7,283.0000,271.683087
7,284.0000,276.418389
7,285.0000,275.246179
7,286.0000,279.009728
7,287.0000,270.298827
7,288.0000,268.508143
7,289.0000,283.713473
7,290.0000,279.671557
7,291.0000,272.458983
7,292.0000,272.812309
7,293.0000,283.149988
7,294.0000,276.757600
7,295.0000,278.987079
7,296.0000,272.629887
7,297.0000,277.719095
7,298.0000,277.100207
7,299.0000,273.213110
7,300.0000,278.858376
7,301.0000,276.147792
7,302.0000,275.740828
7,303.0000,280.239318
7,304.0000,278.455585
7,305.0000,274.390895
7,306.0000,270.537732
7,307.0000,273.574558
7,308.0000,276.679596
7,309.0000,280.730806
7,310.0000,270.710020
7,311.0000,276.966331
7,312.0000,271.225479
7,313.0000,271.983319
7,314.0000,267.233965
7,315.0000,275.287660
7,316.0000,265.440669
7,317.0000,267.074746
7,318.0000,279.178507
7,319.0000,284.585126
7,320.0000,273.108164
7,321.0000,291.485108
7,322.0000,275.149546
7,323.0000,267.857354
7,324.0000,277.875413
7,325.0000,282.618998
7,326.0000,280.130633
7,327.0000,281.880832
7,328.0000,263.928388
7,329.0000,271.119735
7,330.0000,272.593130
7,331.0000,282.854770
7,332.0000,275.198181
7,333.0000,269.290014
7,334.0000,288.832084
7,335.0000,274.160138
7,336.0000,273.191419
7,337.0000,267.984998
7,338.0000,274.828506
7,339.0000,269.669526
7,340.0000,288.533120
7,341.0000,277.586587
7,342.0000,276.371941
7,343.0000,264.895830
7,344.0000,266.854596
7,345.0000,279.417474
7,346.0000,273.651897
7,347.0000,280.578525
7,348.0000,279.437366
7,349.0000,271.717507
7,350.0000,276.517186
7,351.0000,273.564271
7,352.0000,275.497495
7,353.0000,279.143658
7,354.0000,288.864268
7,355.0000,279.132853
7,356.0000,289.046006
7,357.0000,277.026669
7,358.0000,284.406814
7,359.0000,279.188212
7,360.0000,264.905525
7,361.0000,268.004371
7,362.0000,274.038748
7,363.0000,278.407573
7,364.0000,271.762316
7,365.0000,272.557746
7,366.0000,264.193125
7,367.0000,279.921731
7,368.0000,273.577075
7,369.0000,278.737713
7,370.0000,262.351064
7,371.0000,282.575034
7,372.0000,268.683890
7,373.0000,280.602775
7,374.0000,263.500765
7,375.0000,276.025806
7,376.0000,280.565178
7,377.0000,272.457579
7,378.0000,272.232695
7,379.0000,276.917016
7,380.0000,284.011652
7,381.0000,278.340043
7,382.0000,268.032863
7,383.0000,275.829100
7,384.0000,286.493923
7,385.0000,268.624561
7,386.0000,268.988672
7,387.0000,274.610941
7,388.0000,264.545187
7,389.0000,269.063195
7,390.0000,274.999197
7,391.0000,277.539345
7,392.0000,275.693426
7,393.0000,275.832225
7,394.0000,268.263290
7,395.0000,274.240518
7,396.0000,275.905943
7,397.0000,270.500121
7,398.0000,286.057529
7,399.0000,283.116423
7,400.0000,282.618979
7,401.0000,277.663678
7,402.0000,269.423803
7,403.0000,276.180283
7,404.0000,272.521166
7,405.0000,273.522221
7,406.0000,285.954131
7,407.0000,281.570021
7,408.0000,273.102889
7,409.0000,274.856500
7,410.0000,269.326526
7,411.0000,282.557825
7,412.0000,287.913257
7,413.0000,266.198331
7,414.0000,264.807800
7,415.0000,278.764749
7,416.0000,274.824096
7,417.0000,277.230692
7,418.0000,277.498179
7,419.0000,268.796392
7,420.0000,270.153668
7,421.0000,276.451307
7,422.0000,275.846797
7,423.0000,271.636175
7,424.0000,281.166611
7,425.0000,274.236976
7,426.0000,278.945216
7,427.0000,270.420161
7,428.0000,278.663468
7,429.0000,286.958029
7,430.0000,278.752705
7,431.0000,287.654858
7,432.0000,269.681730
7,433.0000,275.347691
7,434.0000,279.653530
7,435.0000,272.655943
7,436.0000,277.588869
7,437.0000,277.923737
7,438.0000,274.913847
7,439.0000,269.802280
7,440.0000,281.166845
7,441.0000,284.463149
7,442.0000,268.733886
7,443.0000,275.074699
7,444.0000,276.545865
7,445.0000,273.626990
7,446.0000,278.983502
7,447.0000,266.326009
7,448.0000,268.134940
7,449.0000,285.233208
7,450.0000,278.472544
7,451.0000,272.151039
7,452.0000,279.234042
7,453.0000,274.118948
7,454.0000,273.158378
7,455.0000,274.903975
7,456.0000,277.176688
7,457.0000,282.253138
7,458.0000,272.824269
7,459.0000,276.227655
7,460.0000,279.064598
7,461.0000,269.169784
7,462.0000,269.732561
7,463.0000,286.472391
7,464.0000,285.911511
7,465.0000,271.212947
7,466.0000,277.199904
7,467.0000,277.044707
7,468.0000,276.574873
7,469.0000,278.441540
7,470.0000,284.603668
7,471.0000,272.804346
7,472.0000,277.649248
7,473.0000,276.051156
7,474.0000,272.252801
7,475.0000,269.911788
7,476.0000,275.791316
7,477.0000,279.677417
7,478.0000,275.742237
7,479.0000,281.881250
7,480.0000,276.825387
7,481.0000,268.253756
7,482.0000,272.309139
7,483.0000,268.469827
7,484.0000,275.461755
7,485.0000,274.484260
7,486.0000,271.052017
7,487.0000,272.967204
7,488.0000,277.339290
7,489.0000,275.089306
7,490.0000,269.645535
7,491.0000,256.794096
7,492.0000,267.911658
7,493.0000,266.474150
7,494.0000,270.351952
7,495.0000,282.047454
7,496.0000,274.377952
7,497.0000,270.300448
7,498.0000,271.651607
7,499.0000,276.284656
7,500.0000,276.668848
7,501.0000,268.209547
7,502.0000,260.197431
7,503.0000,274.775291
7,504.0000,277.489329
7,505.0000,273.151193
7,506.0000,270.333882
7,507.0000,269.508608
7,508.0000,281.423725
7,509.0000,268.797758
7,510.0000,272.461401
7,511.0000,258.868989
7,512.0000,265.437203
7,513.0000,268.617884
7,514.0000,278.081493
7,515.0000,268.912523
7,516.0000,284.962253
7,517.0000,274.642746
7,518.0000,278.653645
7,519.0000,293.115098
7,520.0000,276.899617
7,521.0000,280.211836
7,522.0000,276.983290
7,523.0000,279.705338
7,524.0000,271.845583
7,525.0000,272.388254
7,526.0000,271.882157
7,527.0000,281.984750
7,528.0000,279.890047
7,529.0000,271.723038
7,530.0000,273.285158
7,531.0000,274.697213
7,532.0000,274.185933
7,533.0000,281.627941
7,534.0000,278.762612
7,535.0000,275.452136
7,536.0000,272.666791
7,537.0000,285.077910
7,538.0000,275.127926
7,539.0000,272.984965
7,540.0000,270.054515
7,541.0000,266.319071
7,542.0000,270.333010
7,543.0000,266.285230
7,544.0000,275.705460
7,545.0000,284.001832
7,546.0000,275.277812
7,547.0000,285.307040
7,548.0000,279.504524
7,549.0000,269.634320
7,550.0000,288.152938
7,551.0000,273.126159
7,552.0000,266.069692
7,553.0000,274.382921
7,554.0000,269.075443
7,555.0000,279.811235
7,556.0000,284.128671
7,557.0000,279.447967
7,558.0000,269.398594
7,559.0000,281.490274
7,560.0000,268.311529
7,561.0000,288.305303
7,562.0000,279.064280
7,563.0000,279.874195
7,564.0000,276.856505
7,565.0000,280.058738
7,566.0000,257.762823
7,567.0000,267.845286
7,568.0000,261.058798
7,569.0000,272.731679
7,570.0000,272.823526
7,571.0000,278.345102
7,572.0000,285.806837
7,573.0000,274.487774
7,574.0000,281.227582
7,575.0000,273.634316
7,576.0000,278.982242
7,577.0000,272.053146
7,578.0000,272.656734
7,579.0000,270.414759
7,580.0000,281.170892
7,581.0000,287.491065
7,582.0000,279.498770
7,583.0000,276.849123
7,584.0000,266.496510
7,585.0000,286.089292
7,586.0000,280.013252
7,587.0000,278.202176
7,588.0000,265.930409
7,589.0000,281.990930
7,590.0000,276.620168
7,591.0000,278.795841
7,592.0000,278.225491
7,593.0000,281.279500
7,594.0000,283.618936
7,595.0000,279.150623
7,596.0000,290.660287
7,597.0000,279.874543
7,598.0000,271.563600
7,599.0000,288.395787
7,600.0000,276.748562
7,601.0000,284.757698
7,602.0000,278.941206
7,603.0000,279.097390
7,604.0000,274.816898
7,605.0000,281.188669
7,606.0000,287.085098
7,607.0000,283.161476
7,608.0000,280.382314
7,609.0000,292.574180
7,610.0000,284.045369
7,611.0000,291.941284
7,612.0000,299.283420
7,613.0000,299.518184
7,614.0000,312.498761
7,615.0000,333.825159
7,616.0000,342.763416
7,617.0000,360.073665
7,618.0000,371.247810
7,619.0000,397.046625
7,620.0000,388.730388
7,621.0000,382.256836
7,622.0000,367.902797
7,623.0000,357.407240
7,624.0000,338.508925
7,625.0000,332.350338
7,626.0000,318.101069
7,627.0000,310.056899
7,628.0000,307.159641
7,629.0000,298.481080
7,630.0000,299.188423
7,631.0000,289.516434
7,632.0000,294.241311
7,633.0000,283.591013
7,634.0000,287.421625
7,635.0000,296.566973
7,636.0000,295.524847
7,637.0000,285.716781
7,638.0000,276.191893
7,639.0000,287.310934
7,640.0000,279.792850
7,641.0000,292.236641
7,642.0000,276.672607
7,643.0000,279.703541
7,644.0000,275.005917
7,645.0000,279.083940
7,646.0000,291.591268
7,647.0000,275.887026
7,648.0000,288.506846
7,649.0000,277.015930
7,650.0000,284.006836
7,651.0000,281.208721
7,652.0000,274.089822
7,653.0000,285.297064
7,654.0000,266.715552
7,655.0000,280.944527
7,656.0000,277.511131
7,657.0000,281.137430
7,658.0000,278.533267
7,659.0000,269.768913
7,660.0000,274.324230
7,661.0000,277.929615
7,662.0000,274.250346
7,663.0000,281.129471
7,664.0000,281.689317
7,665.0000,283.201604
7,666.0000,270.801722
7,667.0000,279.611873
7,668.0000,281.944493
7,669.0000,286.845971
7,670.0000,269.849708
7,671.0000,278.594651
7,672.0000,269.890198
7,673.0000,277.693904
7,674.0000,274.881476
7,675.0000,284.778744
7,676.0000,283.866343
7,677.0000,273.719576
7,678.0000,264.240600
7,679.0000,276.659876
7,680.0000,274.433059
7,681.0000,272.612403
7,682.0000,261.282860
7,683.0000,276.784845
7,684.0000,280.249160
7,685.0000,266.413974
7,686.0000,280.527527
7,687.0000,276.197744
7,688.0000,278.089003
7,689.0000,271.461088
7,690.0000,280.207361
7,691.0000,272.192942
7,692.0000,277.318445
7,693.0000,278.713085
7,694.0000,277.999872
7,695.0000,268.784875
7,696.0000,273.227008
7,697.0000,281.728439
7,698.0000,261.632984
7,699.0000,260.723475
7,700.0000,271.002717
7,701.0000,277.978928
7,702.0000,266.733108
7,703.0000,273.563919
7,704.0000,271.568498
7,705.0000,277.744719
7,706.0000,270.775863
7,707.0000,280.566494
7,708.0000,280.702467
7,709.0000,280.119951
7,710.0000,266.335639
7,711.0000,260.208707
7,712.0000,265.063639
7,713.0000,265.291666
7,714.0000,273.141032
7,715.0000,278.927677
7,716.0000,271.227313
7,717.0000,275.024677
7,718.0000,277.843952
7,719.0000,284.310528
7,720.0000,282.211242
7,721.0000,270.331612
7,722.0000,279.618266
7,723.0000,273.917900
7,724.0000,283.899205
7,725.0000,276.329089
7,726.0000,281.942576
7,727.0000,288.600561
7,728.0000,271.149456
7,729.0000,263.369036
7,730.0000,272.144757
7,731.0000,284.235244
7,732.0000,275.751580
7,733.0000,274.712853
7,734.0000,272.137499
7,735.0000,275.755551
7,736.0000,277.761156
7,737.0000,280.589895
7,738.0000,275.687329
7,739.0000,270.818586
7,740.0000,274.374757
7,741.0000,275.342983
7,742.0000,270.086352
7,743.0000,274.479213
7,744.0000,270.829743
7,745.0000,264.665183
7,746.0000,267.718976
7,747.0000,262.582809
7,748.0000,275.645735
7,749.0000,275.419531
7,750.0000,279.406395
7,751.0000,279.110371
7,752.0000,278.122137
7,753.0000,284.997582
7,754.0000,282.132415
7,755.0000,278.617408
7,756.0000,272.957236
7,757.0000,287.624801
7,758.0000,273.731876
7,759.0000,282.251358
7,760.0000,277.626425
7,761.0000,275.037648
7,762.0000,278.486608
7,763.0000,279.671130
7,764.0000,280.605991
7,765.0000,278.460683
7,766.0000,275.560606
7,767.0000,269.879885
7,768.0000,285.165574
7,769.0000,266.132215
7,770.0000,283.933037
7,771.0000,279.691366
7,772.0000,279.659456
7,773.0000,278.424734
7,774.0000,280.571786
7,775.0000,275.858881
7,776.0000,287.321204
7,777.0000,283.415827
7,778.0000,284.026419
7,779.0000,283.489949
7,780.0000,289.758011
7,781.0000,287.585745
7,782.0000,296.209319
7,783.0000,278.445529
7,784.0000,284.889104
7,785.0000,284.381763
7,786.0000,298.089984
7,787.0000,289.718546
7,788.0000,303.902183
7,789.0000,310.856877
7,790.0000,310.862690
7,791.0000,313.427176
7,792.0000,331.151239
7,793.0000,330.328162
7,794.0000,341.194621
7,795.0000,343.815234
7,796.0000,348.645537
7,797.0000,335.728543
7,798.0000,324.602376
7,799.0000,327.841655
7,800.0000,314.294469
7,801.0000,305.918145
7,802.0000,306.804370
7,803.0000,291.437066
7,804.0000,306.846959
7,805.0000,292.606851
7,806.0000,285.403673
7,807.0000,292.893999
7,808.0000,276.082732
7,809.0000,280.614728
7,810.0000,279.493267
7,811.0000,291.522049
7,812.0000,282.452270
7,813.0000,280.686429
7,814.0000,280.172775
7,815.0000,277.385576
7,816.0000,276.995617
7,817.0000,287.877338
7,818.0000,279.697550
7,819.0000,268.070987
7,820.0000,289.734949
7,821.0000,273.192208
7,822.0000,279.700192
7,823.0000,277.099228
7,824.0000,271.034639
7,825.0000,269.111742
7,826.0000,286.323342
7,827.0000,282.088755
7,828.0000,281.452751
7,829.0000,279.151582
7,830.0000,273.779639
7,831.0000,271.452890
7,832.0000,283.713048
7,833.0000,276.414951
7,834.0000,276.653746
7,835.0000,279.001029
7,836.0000,285.412194
7,837.0000,270.911637
7,838.0000,275.784834
7,839.0000,271.381625
7,840.0000,268.073634
7,841.0000,273.208530
7,842.0000,275.243885
7,843.0000,265.892730
7,844.0000,274.574319
7,845.0000,280.344444
7,846.0000,273.739409
7,847.0000,276.319588
7,848.0000,276.111184
7,849.0000,279.441737
7,850.0000,266.718537
7,851.0000,278.477192
7,852.0000,275.829868
7,853.0000,271.845728
7,854.0000,269.247612
7,855.0000,273.286609
7,856.0000,281.170465
7,857.0000,276.876083
7,858.0000,276.755171
7,859.0000,275.064262
7,860.0000,284.016797
7,861.0000,270.855640
7,862.0000,275.899530
7,863.0000,273.819761
7,864.0000,280.976015
7,865.0000,279.020406
7,866.0000,271.848987
7,867.0000,281.758907
7,868.0000,281.350539
7,869.0000,280.014258
7,870.0000,272.306848
7,871.0000,286.081913
7,872.0000,274.004278
7,873.0000,275.570996
7,874.0000,282.194819
7,875.0000,278.884836
7,876.0000,277.378163
7,877.0000,276.830448
7,878.0000,274.803621
7,879.0000,270.883677
7,880.0000,267.718453
7,881.0000,270.438724
7,882.0000,284.578441
7,883.0000,272.914781
7,884.0000,281.892876
7,885.0000,282.047478
7,886.0000,282.667601
7,887.0000,286.950202
7,888.0000,263.535770
7,889.0000,270.509005
7,890.0000,276.589564
7,891.0000,268.967550
7,892.0000,285.514110
7,893.0000,282.112912
7,894.0000,273.297001
7,895.0000,279.800255
7,896.0000,279.463671
7,897.0000,263.867335
7,898.0000,280.111629
7,899.0000,273.871335
7,900.0000,274.930567
7,901.0000,274.600801
7,902.0000,269.524679
7,903.0000,273.658467
7,904.0000,274.932632
7,905.0000,281.463064
7,906.0000,272.783552
7,907.0000,270.122711
7,908.0000,286.379788
7,909.0000,272.680957
7,910.0000,271.146660
7,911.0000,275.688664
7,912.0000,267.475858
7,913.0000,273.068579
7,914.0000,276.422249
7,915.0000,278.397643
7,916.0000,283.745608
7,917.0000,266.795453
7,918.0000,283.002059
7,919.0000,283.736602
7,920.0000,268.086876
7,921.0000,280.877624
7,922.0000,280.797791
7,923.0000,277.125419
7,924.0000,269.794196
7,925.0000,277.952222
7,926.0000,266.952066
7,927.0000,273.293855
7,928.0000,283.859629
7,929.0000,277.289771
7,930.0000,276.189901
7,931.0000,279.895887
7,932.0000,263.704646
7,933.0000,278.911692
7,934.0000,281.945955
7,935.0000,271.297040
7,936.0000,278.343237
7,937.0000,262.095399
7,938.0000,287.105938
7,939.0000,279.049170
7,940.0000,268.100679
7,941.0000,272.296111
7,942.0000,272.403242
7,943.0000,270.663151
7,944.0000,268.016091
7,945.0000,277.601393
7,946.0000,274.053490
7,947.0000,279.267941
7,948.0000,280.752302
7,949.0000,276.447775
7,950.0000,292.789976
7,951.0000,278.878441
7,952.0000,275.731332
7,953.0000,282.488523
7,954.0000,274.351940
7,955.0000,292.546358
7,956.0000,282.804992
7,957.0000,287.681390
7,958.0000,286.148523
7,959.0000,278.208713
7,960.0000,283.986419
7,961.0000,276.538015
7,962.0000,284.134895
7,963.0000,281.367982
7,964.0000,291.098310
7,965.0000,277.496842
7,966.0000,274.468510
7,967.0000,283.432732
7,968.0000,269.077165
7,969.0000,272.184559
7,970.0000,283.400601
7,971.0000,266.978911
7,972.0000,283.261998
7,973.0000,274.119990
7,974.0000,286.871281
7,975.0000,286.397507
7,976.0000,284.239031
7,977.0000,290.576519
7,978.0000,283.676208
7,979.0000,282.412768
7,980.0000,277.813962
7,981.0000,292.921294
7,982.0000,280.013544
7,983.0000,291.411319
7,984.0000,299.479362
7,985.0000,291.948052
7,986.0000,307.460944
7,987.0000,303.202718
7,988.0000,317.811774
7,989.0000,310.932804
7,990.0000,322.432807
7,991.0000,330.753221
7,992.0000,342.128531
7,993.0000,361.620073
7,994.0000,385.203832
7,995.0000,409.402225
7,996.0000,446.564381
7,997.0000,507.453834
7,998.0000,609.478729
7,999.0000,719.152278
7,1000.0000,854.383663
7,1001.0000,935.268397
7,1002.0000,862.682197
7,1003.0000,728.844353
7,1004.0000,606.066427
7,1005.0000,509.679252
7,1006.0000,443.864638
7,1007.0000,422.050731
7,1008.0000,368.197990
7,1009.0000,361.526415
7,1010.0000,339.185948
7,1011.0000,331.671407
7,1012.0000,323.506390
7,1013.0000,312.562723
7,1014.0000,324.546693
7,1015.0000,321.719296
7,1016.0000,317.966781
7,1017.0000,304.998949
7,1018.0000,311.541147
7,1019.0000,308.052479
7,1020.0000,317.826465
7,1021.0000,321.538302
7,1022.0000,322.959785
7,1023.0000,326.832707
7,1024.0000,339.108689
7,1025.0000,349.551699
7,1026.0000,370.890175
7,1027.0000,395.825884
7,1028.0000,441.456498
7,1029.0000,490.659735
7,1030.0000,546.962396
7,1031.0000,560.385256
7,1032.0000,539.957109
7,1033.0000,487.584640
7,1034.0000,424.792009
7,1035.0000,392.296860
7,1036.0000,373.768052
7,1037.0000,343.561744
7,1038.0000,341.439417
7,1039.0000,324.430230
7,1040.0000,318.877441
7,1041.0000,309.708379
7,1042.0000,300.587749
7,1043.0000,310.989855
7,1044.0000,306.117364
7,1045.0000,294.536633
7,1046.0000,296.838134
7,1047.0000,293.353174
7,1048.0000,294.983753
7,1049.0000,290.795987
7,1050.0000,287.921765
7,1051.0000,287.455606
7,1052.0000,286.543432
7,1053.0000,277.247334
7,1054.0000,285.916064
7,1055.0000,289.992395
7,1056.0000,282.172882
7,1057.0000,280.535543
7,1058.0000,273.112837
7,1059.0000,287.551544
7,1060.0000,288.226571
7,1061.0000,283.503812
7,1062.0000,279.543374
7,1063.0000,285.008250
7,1064.0000,280.071483
7,1065.0000,282.875138
7,1066.0000,273.539819
7,1067.0000,274.883164
7,1068.0000,287.293377
7,1069.0000,284.471085
7,1070.0000,276.321445
7,1071.0000,281.137839
7,1072.0000,279.284759
7,1073.0000,279.834862
7,1074.0000,279.332658
7,1075.0000,281.287989
7,1076.0000,272.329293
7,1077.0000,275.146350
7,1078.0000,290.332679
7,1079.0000,272.924679
7,1080.0000,276.053594
7,1081.0000,283.428734
7,1082.0000,284.576669
7,1083.0000,276.786454
7,1084.0000,281.083751
7,1085.0000,279.466555
7,1086.0000,271.065036
7,1087.0000,270.494442
7,1088.0000,273.734066
7,1089.0000,273.380295
7,1090.0000,276.968889
7,1091.0000,279.901367
7,1092.0000,287.437261
7,1093.0000,283.471594
7,1094.0000,280.248150
7,1095.0000,276.114464
7,1096.0000,268.963589
7,1097.0000,273.397707
7,1098.0000,279.882224
7,1099.0000,295.528463
7,1100.0000,276.401366
7,1101.0000,278.060063
7,1102.0000,271.707943
7,1103.0000,278.730805
7,1104.0000,284.063230
7,1105.0000,282.976746
7,1106.0000,273.586661
7,1107.0000,277.333155
7,1108.0000,280.347251
7,1109.0000,282.501621
7,1110.0000,273.469063
7,1111.0000,279.463487
7,1112.0000,280.083173
7,1113.0000,278.883029
7,1114.0000,266.037691
7,1115.0000,270.867980
7,1116.0000,263.219886
7,1117.0000,276.865948
7,1118.0000,274.389862
7,1119.0000,284.712548
7,1120.0000,277.157922
7,1121.0000,277.898359
7,1122.0000,273.870980
7,1123.0000,272.841273
7,1124.0000,275.032940
7,1125.0000,279.393492
7,1126.0000,275.395575
7,1127.0000,283.543949
7,1128.0000,273.095659
7,1129.0000,275.077316
7,1130.0000,288.667926
7,1131.0000,278.232706
7,1132.0000,274.601200
7,1133.0000,280.621652
7,1134.0000,281.716602
7,1135.0000,283.083952
7,1136.0000,262.882877
7,1137.0000,282.199378
7,1138.0000,276.940622
7,1139.0000,268.855558
7,1140.0000,283.366049
7,1141.0000,300.066807
7,1142.0000,287.707343
7,1143.0000,281.894153
7,1144.0000,288.710526
7,1145.0000,297.883312
7,1146.0000,302.717812
7,1147.0000,309.996346
7,1148.0000,296.115094
7,1149.0000,314.086886
7,1150.0000,323.432116
7,1151.0000,332.638572
7,1152.0000,345.881605
7,1153.0000,356.207288
7,1154.0000,364.674285
7,1155.0000,370.301509
7,1156.0000,364.261244
7,1157.0000,343.176071
7,1158.0000,342.737460
7,1159.0000,326.134493
7,1160.0000,322.056251
7,1161.0000,315.478009
7,1162.0000,312.239380
7,1163.0000,307.129790
7,1164.0000,291.115421
7,1165.0000,298.403079
7,1166.0000,288.485054
7,1167.0000,295.750846
7,1168.0000,296.593177
7,1169.0000,299.416373
7,1170.0000,298.617942
7,1171.0000,300.075956
7,1172.0000,292.554679
7,1173.0000,287.763317
7,1174.0000,293.391254
7,1175.0000,293.709950
7,1176.0000,307.665514
7,1177.0000,300.586481
7,1178.0000,314.619957
7,1179.0000,314.911243
7,1180.0000,330.386189
7,1181.0000,348.726296
7,1182.0000,338.594519
7,1183.0000,348.728444
7,1184.0000,355.012533
7,1185.0000,340.729911
7,1186.0000,326.658536
7,1187.0000,318.705497
7,1188.0000,325.759058
7,1189.0000,307.114765
7,1190.0000,288.657011
7,1191.0000,293.361354
7,1192.0000,298.459388
7,1193.0000,290.005013
7,1194.0000,296.460284
7,1195.0000,291.024686
7,1196.0000,280.104771
7,1197.0000,280.484261
7,1198.0000,277.234659
7,1199.0000,276.939792
7,1200.0000,284.691344
7,1201.0000,283.551004
7,1202.0000,283.745096
7,1203.0000,283.926306
7,1204.0000,274.932735
7,1205.0000,277.796623
7,1206.0000,262.970973
7,1207.0000,279.210269
7,1208.0000,270.484328
7,1209.0000,280.935203
7,1210.0000,274.547310
7,1211.0000,269.099157
7,1212.0000,277.173970
7,1213.0000,276.052672
7,1214.0000,280.343833
7,1215.0000,279.480356
7,1216.0000,275.963994
7,1217.0000,281.720315
7,1218.0000,270.259075
7,1219.0000,279.925051
7,1220.0000,271.755999
7,1221.0000,263.330269
7,1222.0000,275.689635
7,1223.0000,273.500210
7,1224.0000,275.922504
7,1225.0000,272.522924
7,1226.0000,268.162355
7,1227.0000,279.319121
7,1228.0000,280.886593
7,1229.0000,280.419537
7,1230.0000,275.419416
7,1231.0000,283.362386
7,1232.0000,277.023513
7,1233.0000,274.850364
7,1234.0000,280.210140
7,1235.0000,278.679546
7,1236.0000,268.328810
7,1237.0000,277.199344
7,1238.0000,273.969454
7,1239.0000,269.824879
7,1240.0000,274.613235
7,1241.0000,272.736452
7,1242.0000,280.700931
7,1243.0000,275.899472
7,1244.0000,276.353857
7,1245.0000,280.949324
7,1246.0000,280.870825
7,1247.0000,283.310118
7,1248.0000,274.479358
7,1249.0000,273.208620
7,1250.0000,276.412449
7,1251.0000,261.701818
7,1252.0000,276.539550
7,1253.0000,280.891163
7,1254.0000,283.019535
7,1255.0000,266.933628
7,1256.0000,268.945157
7,1257.0000,285.477712
7,1258.0000,280.015936
7,1259.0000,270.536552
7,1260.0000,268.918892
7,1261.0000,274.386495
7,1262.0000,282.823713
7,1263.0000,278.042877
7,1264.0000,263.861051
7,1265.0000,260.334293
7,1266.0000,274.239015
7,1267.0000,273.653126
7,1268.0000,271.614481
7,1269.0000,273.456982
7,1270.0000,274.672461
7,1271.0000,278.852890
7,1272.0000,263.670405
7,1273.0000,274.901180
7,1274.0000,279.992809
7,1275.0000,281.153039
7,1276.0000,286.122296
7,1277.0000,281.952499
7,1278.0000,280.745491
7,1279.0000,274.020321
7,1280.0000,271.901640
7,1281.0000,271.762245
7,1282.0000,267.352290
7,1283.0000,274.698699
7,1284.0000,265.246209
7,1285.0000,279.913726
7,1286.0000,286.237777
7,1287.0000,268.405198
7,1288.0000,275.723440
7,1289.0000,278.608778
7,1290.0000,279.212260
7,1291.0000,270.122719
7,1292.0000,283.288372
7,1293.0000,266.559542
7,1294.0000,281.355929
7,1295.0000,274.568695
7,1296.0000,270.696950
7,1297.0000,267.764281
7,1298.0000,275.321836
7,1299.0000,281.750179
7,1300.0000,275.670887
7,1301.0000,275.507881
7,1302.0000,271.866032
7,1303.0000,277.084973
7,1304.0000,280.208270
7,1305.0000,274.090803
7,1306.0000,270.092275
7,1307.0000,267.974091
7,1308.0000,278.631262
7,1309.0000,269.693186
7,1310.0000,268.101621
7,1311.0000,277.280574
7,1312.0000,270.129954
7,1313.0000,279.342387
7,1314.0000,278.906044
7,1315.0000,272.914189
7,1316.0000,276.402681
7,1317.0000,281.516657
7,1318.0000,267.734229
7,1319.0000,280.814490
7,1320.0000,266.556883
7,1321.0000,279.614203
7,1322.0000,275.025850
7,1323.0000,270.589240
7,1324.0000,276.818853
7,1325.0000,273.569525
7,1326.0000,281.346340
7,1327.0000,269.416054
7,1328.0000,286.162150
7,1329.0000,268.322805
7,1330.0000,280.240936
7,1331.0000,269.326746
7,1332.0000,281.455908
7,1333.0000,277.415777
7,1334.0000,279.090290
7,1335.0000,281.129406
7,1336.0000,276.093980
7,1337.0000,281.557817
7,1338.0000,272.095198
7,1339.0000,281.096522
7,1340.0000,278.560140
7,1341.0000,279.402515
7,1342.0000,281.468696
7,1343.0000,270.828661
7,1344.0000,275.400470
7,1345.0000,274.239354
7,1346.0000,280.434319
7,1347.0000,275.028086
7,1348.0000,276.430413
7,1349.0000,276.842630
7,1350.0000,276.117248
7,1351.0000,279.159724
7,1352.0000,282.257781
7,1353.0000,281.240420
7,1354.0000,280.565525
7,1355.0000,278.532096
7,1356.0000,266.821166
7,1357.0000,276.490670
7,1358.0000,285.731329
7,1359.0000,272.831438
7,1360.0000,270.519512
7,1361.0000,275.604354
7,1362.0000,272.533618
7,1363.0000,284.493924
7,1364.0000,278.146826
7,1365.0000,271.176029
7,1366.0000,274.386475
7,1367.0000,265.874462
7,1368.0000,275.319191
7,1369.0000,272.415138
7,1370.0000,275.113570
7,1371.0000,274.816069
7,1372.0000,271.797172
7,1373.0000,277.165327
7,1374.0000,280.250140
7,1375.0000,283.654061
7,1376.0000,280.354964
7,1377.0000,275.137317
7,1378.0000,278.207915
7,1379.0000,263.442143
7,1380.0000,280.166988
7,1381.0000,277.186854
7,1382.0000,262.445771
7,1383.0000,278.782311
7,1384.0000,266.521704
7,1385.0000,266.494246
7,1386.0000,283.813063
7,1387.0000,274.478795
7,1388.0000,278.839851
7,1389.0000,276.284357
7,1390.0000,280.157825
7,1391.0000,271.401568
7,1392.0000,268.759204
7,1393.0000,270.581740
7,1394.0000,276.420263
7,1395.0000,277.646281
7,1396.0000,278.367303
7,1397.0000,278.882505
7,1398.0000,276.724208
7,1399.0000,278.422563
7,1400.0000,273.946355
7,1401.0000,278.893325
7,1402.0000,275.249880
7,1403.0000,265.620701
7,1404.0000,278.536254
7,1405.0000,283.099368
7,1406.0000,271.790040
7,1407.0000,280.383789
7,1408.0000,284.153002
7,1409.0000,277.603826
7,1410.0000,272.060878
7,1411.0000,273.850316
7,1412.0000,275.339501
7,1413.0000,275.976603
7,1414.0000,273.105873
7,1415.0000,282.181995
7,1416.0000,271.766340
7,1417.0000,277.250993
7,1418.0000,278.588606
7,1419.0000,282.002742
7,1420.0000,285.866722
7,1421.0000,278.047118
7,1422.0000,284.723828
7,1423.0000,291.734921
7,1424.0000,289.415397
7,1425.0000,285.204046
7,1426.0000,288.197307
7,1427.0000,284.101075
7,1428.0000,295.323698
7,1429.0000,295.824529
7,1430.0000,297.147036
7,1431.0000,289.423238
7,1432.0000,289.392213
7,1433.0000,290.471742
7,1434.0000,300.689937
7,1435.0000,299.702312
7,1436.0000,304.986621
7,1437.0000,294.086124
7,1438.0000,314.479095
7,1439.0000,319.005382
7,1440.0000,314.873628
7,1441.0000,331.147141
7,1442.0000,333.042525
7,1443.0000,351.137866
7,1444.0000,362.084775
7,1445.0000,364.587730
7,1446.0000,378.784281
7,1447.0000,406.245223
7,1448.0000,401.990535
7,1449.0000,405.921895
7,1450.0000,423.767047
7,1451.0000,410.363585
7,1452.0000,403.451894
7,1453.0000,390.677885
7,1454.0000,380.229635
7,1455.0000,366.705117
7,1456.0000,348.966289
7,1457.0000,345.269828
7,1458.0000,336.990144
7,1459.0000,325.838116
7,1460.0000,334.891817
7,1461.0000,312.876803
7,1462.0000,308.001021
7,1463.0000,302.728789
7,1464.0000,302.153806
7,1465.0000,300.282506
7,1466.0000,293.348387
7,1467.0000,302.400092
7,1468.0000,293.635348
7,1469.0000,290.168926
7,1470.0000,288.198555
7,1471.0000,290.151543
7,1472.0000,288.397831
7,1473.0000,285.921932
7,1474.0000,282.928147
7,1475.0000,286.358559
7,1476.0000,292.452943
7,1477.0000,290.396591
7,1478.0000,287.705882
7,1479.0000,286.515153
7,1480.0000,283.762162
7,1481.0000,282.688611
7,1482.0000,283.357437
7,1483.0000,285.786344
7,1484.0000,277.944084
7,1485.0000,288.861255
7,1486.0000,276.891543
7,1487.0000,280.643654
7,1488.0000,280.273449
7,1489.0000,282.528082
7,1490.0000,290.031432
7,1491.0000,279.540967
7,1492.0000,285.408135
7,1493.0000,277.272860
7,1494.0000,283.317533
7,1495.0000,282.012519
7,1496.0000,286.477836
7,1497.0000,278.725703
7,1498.0000,287.457833
7,1499.0000,275.912178
7,1500.0000,288.694284
7,1501.0000,272.489007
7,1502.0000,284.671372
7,1503.0000,271.561200
7,1504.0000,269.802400
7,1505.0000,277.873974
7,1506.0000,290.702063
7,1507.0000,279.883104
7,1508.0000,261.824443
7,1509.0000,276.676041
7,1510.0000,287.110749
7,1511.0000,283.383564
7,1512.0000,274.809983
7,1513.0000,275.228407
7,1514.0000,277.754467
7,1515.0000,272.657466
7,1516.0000,279.190245
7,1517.0000,272.880184
7,1518.0000,275.090587
7,1519.0000,275.810038
7,1520.0000,279.461814
7,1521.0000,280.991931
7,1522.0000,278.894614
7,1523.0000,273.513089
7,1524.0000,271.172958
7,1525.0000,269.512818
7,1526.0000,277.036102
7,1527.0000,280.797207
7,1528.0000,274.761350
7,1529.0000,282.572611
7,1530.0000,277.987895
7,1531.0000,274.017354
7,1532.0000,281.570256
7,1533.0000,271.975856
7,1534.0000,282.909494
7,1535.0000,284.161773
7,1536.0000,281.344038
7,1537.0000,278.318850
7,1538.0000,276.133842
7,1539.0000,289.892583
7,1540.0000,287.787421
7,1541.0000,283.246467
7,1542.0000,287.724906
7,1543.0000,282.973035
7,1544.0000,294.350574
7,1545.0000,267.994099
7,1546.0000,291.442473
7,1547.0000,282.075294
7,1548.0000,274.823586
7,1549.0000,289.486153
7,1550.0000,293.952365
7,1551.0000,276.487865
7,1552.0000,280.195248
7,1553.0000,279.840864
7,1554.0000,279.550739
7,1555.0000,282.113562
7,1556.0000,290.749754
7,1557.0000,280.206691
7,1558.0000,282.059397
7,1559.0000,284.023255
7,1560.0000,286.528856
7,1561.0000,287.643667
7,1562.0000,294.271111
7,1563.0000,283.761036
7,1564.0000,277.963830
7,1565.0000,283.620575
7,1566.0000,290.268796
7,1567.0000,286.831309
7,1568.0000,296.394022
7,1569.0000,301.417461
7,1570.0000,298.556855
7,1571.0000,296.447576
7,1572.0000,305.576979
7,1573.0000,309.680132
7,1574.0000,311.143082
7,1575.0000,321.022824
7,1576.0000,332.610117
7,1577.0000,333.756301
7,1578.0000,347.793575
7,1579.0000,371.059494
7,1580.0000,382.130485
7,1581.0000,398.501111
7,1582.0000,409.617904
7,1583.0000,423.669255
7,1584.0000,415.809434
7,1585.0000,413.573504
7,1586.0000,391.925927
7,1587.0000,372.716739
7,1588.0000,360.606430
7,1589.0000,362.433971
7,1590.0000,354.525052
7,1591.0000,358.151818
7,1592.0000,362.960352
7,1593.0000,373.607357
7,1594.0000,379.552007
7,1595.0000,399.812496
7,1596.0000,420.769148
7,1597.0000,452.197913
7,1598.0000,485.062716
7,1599.0000,532.840293
7,1600.0000,602.558748
7,1601.0000,658.662605
7,1602.0000,696.803695
7,1603.0000,667.755093
7,1604.0000,608.328833
7,1605.0000,541.397665
7,1606.0000,479.142204
7,1607.0000,440.030492
7,1608.0000,406.377992
7,1609.0000,391.881001
7,1610.0000,356.486361
7,1611.0000,347.362927
7,1612.0000,333.244359
7,1613.0000,325.587382
7,1614.0000,314.245103
7,1615.0000,306.588565
7,1616.0000,305.627756
7,1617.0000,310.279108
7,1618.0000,302.283792
7,1619.0000,291.127077
7,1620.0000,297.391792
7,1621.0000,301.229642
7,1622.0000,289.325884
7,1623.0000,290.762156
7,1624.0000,287.667828
7,1625.0000,283.161833
7,1626.0000,287.958437
7,1627.0000,289.256036
7,1628.0000,288.854778
7,1629.0000,296.312068
7,1630.0000,281.968843
7,1631.0000,284.059526
7,1632.0000,285.958383
7,1633.0000,274.562858
7,1634.0000,281.799262
7,1635.0000,275.618817
7,1636.0000,292.986227
7,1637.0000,273.193820
7,1638.0000,279.093414
7,1639.0000,287.388786
7,1640.0000,274.321188
7,1641.0000,283.658717
7,1642.0000,283.994732
7,1643.0000,292.520651
7,1644.0000,271.414458
7,1645.0000,274.087247
7,1646.0000,275.349269
7,1647.0000,279.159233
7,1648.0000,280.028070
7,1649.0000,287.117211
7,1650.0000,277.700556
7,1651.0000,269.055956
7,1652.0000,280.516668
7,1653.0000,281.684859
7,1654.0000,275.150052
7,1655.0000,281.083914
7,1656.0000,278.928788
7,1657.0000,282.959051
7,1658.0000,274.398836
7,1659.0000,277.780748
7,1660.0000,272.928593
7,1661.0000,280.086601
7,1662.0000,272.162318
7,1663.0000,280.181773
7,1664.0000,291.161289
7,1665.0000,284.414804
7,1666.0000,273.192779
7,1667.0000,269.955569
7,1668.0000,278.254612
7,1669.0000,271.696515
7,1670.0000,280.228102
7,1671.0000,267.965166
7,1672.0000,285.034415
7,1673.0000,276.409322
7,1674.0000,283.224281
7,1675.0000,285.869855
7,1676.0000,278.696675
7,1677.0000,280.318940
7,1678.0000,278.134871
7,1679.0000,272.866343
7,1680.0000,277.925860
7,1681.0000,282.459426
7,1682.0000,277.974024
7,1683.0000,274.316873
7,1684.0000,271.543810
7,1685.0000,282.506665
7,1686.0000,280.186780
7,1687.0000,286.806516
7,1688.0000,274.416511
7,1689.0000,269.927815
7,1690.0000,278.017115
7,1691.0000,273.769918
7,1692.0000,280.601154
7,1693.0000,282.184401
7,1694.0000,274.207398
7,1695.0000,283.304974
7,1696.0000,277.590552
7,1697.0000,283.423574
7,1698.0000,265.805221
7,1699.0000,274.895879
7,1700.0000,282.725878
7,1701.0000,278.911816
7,1702.0000,288.019142
7,1703.0000,276.860369
7,1704.0000,275.456629
7,1705.0000,274.591929
7,1706.0000,284.799745
7,1707.0000,276.441783
7,1708.0000,273.594199
7,1709.0000,277.491190
7,1710.0000,280.123125
7,1711.0000,288.873017
7,1712.0000,269.503110
7,1713.0000,277.175954
7,1714.0000,277.940632
7,1715.0000,278.178128
7,1716.0000,277.701953
7,1717.0000,274.178133
7,1718.0000,286.434364
7,1719.0000,274.005673
7,1720.0000,276.595161
7,1721.0000,283.807275
7,1722.0000,268.935606
7,1723.0000,268.697148
7,1724.0000,277.367171
7,1725.0000,267.126569
7,1726.0000,281.622759
7,1727.0000,280.217971
7,1728.0000,282.085097
7,1729.0000,267.158328
7,1730.0000,278.447026
7,1731.0000,267.086881
7,1732.0000,266.917895
7,1733.0000,263.407726
7,1734.0000,278.497783
7,1735.0000,276.771978
7,1736.0000,279.467864
7,1737.0000,276.287656
7,1738.0000,275.573705
7,1739.0000,274.972343
7,1740.0000,274.712617
7,1741.0000,276.616546
7,1742.0000,278.795459
7,1743.0000,271.114464
7,1744.0000,271.427007
7,1745.0000,273.488282
7,1746.0000,281.222425
7,1747.0000,274.574954
7,1748.0000,272.336889
7,1749.0000,273.853587
7,1750.0000,262.978405
7,1751.0000,266.238804
7,1752.0000,277.922628
7,1753.0000,276.141794
7,1754.0000,268.159486
7,1755.0000,274.604392
7,1756.0000,284.827401
7,1757.0000,270.405848
7,1758.0000,272.070137
7,1759.0000,280.977851
7,1760.0000,276.177827
7,1761.0000,281.316785
7,1762.0000,269.907040
7,1763.0000,283.598103
7,1764.0000,275.164491
7,1765.0000,275.692568
7,1766.0000,282.709602
7,1767.0000,274.101813
7,1768.0000,266.561209
7,1769.0000,277.000034
7,1770.0000,277.146841
7,1771.0000,270.262487
7,1772.0000,282.123750
7,1773.0000,265.108960
7,1774.0000,270.810513
7,1775.0000,280.568467
7,1776.0000,275.360122
7,1777.0000,278.925847
7,1778.0000,279.055830
7,1779.0000,272.807041
7,1780.0000,283.240358
7,1781.0000,282.614164
7,1782.0000,272.416790
7,1783.0000,274.375353
7,1784.0000,278.383442
7,1785.0000,292.192791
7,1786.0000,271.964695
7,1787.0000,282.822080
7,1788.0000,278.660495
7,1789.0000,273.694074
7,1790.0000,268.236560
7,1791.0000,284.153212
7,1792.0000,284.449722
7,1793.0000,276.051900
7,1794.0000,263.781498
7,1795.0000,267.788005
7,1796.0000,279.504487
7,1797.0000,270.405683
7,1798.0000,274.078211
7,1799.0000,273.590236
7,1800.0000,270.569898
7,1801.0000,270.252875
7,1802.0000,275.833543
7,1803.0000,278.288272
7,1804.0000,275.820646
7,1805.0000,271.455133
7,1806.0000,281.704600
7,1807.0000,269.187310
7,1808.0000,283.493240
7,1809.0000,266.086304
7,1810.0000,275.469160
7,1811.0000,276.937744
7,1812.0000,273.364071
7,1813.0000,277.343990
7,1814.0000,277.731786
7,1815.0000,274.965587
7,1816.0000,276.839873
7,1817.0000,267.676508
7,1818.0000,267.226970
7,1819.0000,259.455060
7,1820.0000,278.031975
7,1821.0000,272.564513
7,1822.0000,281.885013
7,1823.0000,276.888505
7,1824.0000,273.973917
7,1825.0000,268.601730
7,1826.0000,290.532686
7,1827.0000,279.801872
7,1828.0000,273.752380
7,1829.0000,265.545733
7,1830.0000,274.500924
7,1831.0000,273.748298
7,1832.0000,274.629282
7,1833.0000,279.203625
7,1834.0000,268.112996
7,1835.0000,274.408348
7,1836.0000,272.328492
7,1837.0000,271.189331
7,1838.0000,283.764216
7,1839.0000,281.603448
7,1840.0000,278.700038
7,1841.0000,292.696077
7,1842.0000,276.022937
7,1843.0000,284.805677
7,1844.0000,279.127620
7,1845.0000,280.453916
7,1846.0000,283.172985
7,1847.0000,279.420403
7,1848.0000,268.805806
7,1849.0000,269.793349
7,1850.0000,276.177270
7,1851.0000,269.833799
7,1852.0000,279.860810
7,1853.0000,271.713496
7,1854.0000,276.123681
7,1855.0000,273.552894
7,1856.0000,270.550271
7,1857.0000,274.534286
7,1858.0000,273.512896
7,1859.0000,279.756194
7,1860.0000,275.259798
7,1861.0000,276.719151
7,1862.0000,270.385309
7,1863.0000,276.613779
7,1864.0000,278.955557
7,1865.0000,273.778233
7,1866.0000,267.072473
7,1867.0000,269.970837
7,1868.0000,276.188688
7,1869.0000,273.082174
7,1870.0000,274.736947
7,1871.0000,269.012071
7,1872.0000,265.780381
7,1873.0000,271.481706
7,1874.0000,277.465411
7,1875.0000,271.973615
7,1876.0000,279.120399
7,1877.0000,263.712470
7,1878.0000,267.732164
7,1879.0000,281.986896
7,1880.0000,269.146683
7,1881.0000,284.011564
7,1882.0000,275.403051
7,1883.0000,269.982133
7,1884.0000,264.670727
7,1885.0000,260.614085
7,1886.0000,280.729769
7,1887.0000,277.312208
7,1888.0000,270.153447
7,1889.0000,273.312704
7,1890.0000,273.536470
7,1891.0000,277.707321
7,1892.0000,266.151160
7,1893.0000,287.908974
7,1894.0000,276.889208
7,1895.0000,270.447707
7,1896.0000,284.704074
7,1897.0000,263.187911
7,1898.0000,281.496623
7,1899.0000,284.543912
7,1900.0000,282.507448
7,1901.0000,272.507470
7,1902.0000,267.784302
7,1903.0000,275.182383
7,1904.0000,271.179973
7,1905.0000,276.948846
7,1906.0000,273.689338
7,1907.0000,289.795187
7,1908.0000,272.656580
7,1909.0000,272.320362
7,1910.0000,280.008160
7,1911.0000,268.590599
7,1912.0000,280.509246
7,1913.0000,274.511098
7,1914.0000,266.399822
7,1915.0000,273.995767
7,1916.0000,277.367149
7,1917.0000,273.526489
7,1918.0000,272.762902
7,1919.0000,273.527511
7,1920.0000,272.236491
7,1921.0000,274.115736
7,1922.0000,270.530251
7,1923.0000,290.216391
7,1924.0000,275.961207
7,1925.0000,276.332085
7,1926.0000,256.816439
7,1927.0000,270.574125
7,1928.0000,268.780021
7,1929.0000,273.551492
7,1930.0000,275.678702
7,1931.0000,274.935082
7,1932.0000,262.613337
7,1933.0000,269.035237
7,1934.0000,275.241223
7,1935.0000,267.243965
7,1936.0000,276.142707
7,1937.0000,275.440921
7,1938.0000,281.031106
7,1939.0000,281.529343
7,1940.0000,274.612176
7,1941.0000,272.114374
7,1942.0000,276.878745
7,1943.0000,273.432241
7,1944.0000,285.520866
7,1945.0000,278.917377
7,1946.0000,271.662700
7,1947.0000,270.326304
7,1948.0000,268.167303
7,1949.0000,276.331634
7,1950.0000,285.334392
7,1951.0000,282.276669
7,1952.0000,282.163728
7,1953.0000,280.441459
7,1954.0000,260.248962
7,1955.0000,277.230367
7,1956.0000,272.978990
7,1957.0000,274.264242
7,1958.0000,280.898362
7,1959.0000,272.407366
7,1960.0000,272.253266
7,1961.0000,281.300147
7,1962.0000,265.352134
7,1963.0000,266.888536
7,1964.0000,270.304601
7,1965.0000,268.626956
7,1966.0000,274.048111
7,1967.0000,276.378417
7,1968.0000,278.747390
7,1969.0000,266.894121
7,1970.0000,278.422920
7,1971.0000,275.604315
7,1972.0000,269.904799
7,1973.0000,271.914094
7,1974.0000,274.316468
7,1975.0000,261.236256
7,1976.0000,278.872799
7,1977.0000,284.465613
7,1978.0000,283.618403
7,1979.0000,277.232041
7,1980.0000,278.332165
7,1981.0000,276.052394
7,1982.0000,277.870251
7,1983.0000,275.420824
7,1984.0000,278.335945
7,1985.0000,272.292741
7,1986.0000,266.573722
7,1987.0000,275.587931
7,1988.0000,275.252897
7,1989.0000,276.362577
7,1990.0000,276.085876
7,1991.0000,279.454083
7,1992.0000,274.671287
7,1993.0000,265.470346
7,1994.0000,280.728089
7,1995.0000,277.810892
7,1996.0000,271.187138
7,1997.0000,270.762431
7,1998.0000,276.670040
7,1999.0000,270.941211
7,2000.0000,275.902927
8,200.0000,297.790488
8,201.0000,303.380600
8,202.0000,309.206142
8,203.0000,302.522924
8,204.0000,290.356298
8,205.0000,301.046756
8,206.0000,307.111231
8,207.0000,299.730104
8,208.0000,299.772831
8,209.0000,298.801877
8,210.0000,297.255301
8,211.0000,303.650058
8,212.0000,289.640533
8,213.0000,306.288023
8,214.0000,292.264469
8,215.0000,299.438110
8,216.0000,298.353375
8,217.0000,306.152757
8,218.0000,303.872316
8,219.0000,297.182694
8,220.0000,298.218362
8,221.0000,306.250792
8,222.0000,295.681908
8,223.0000,293.825087
8,224.0000,303.076272
8,225.0000,298.537045
8,226.0000,292.663543
8,227.0000,303.071712
8,228.0000,304.248137
8,229.0000,300.443672
8,230.0000,306.184849
8,231.0000,292.849083
8,232.0000,301.538632
8,233.0000,303.312916
8,234.0000,294.892820
8,235.0000,300.464063
8,236.0000,293.984909
8,237.0000,298.264838
8,238.0000,306.060225
8,239.0000,299.841440
8,240.0000,304.445603
8,241.0000,297.698543
8,242.0000,292.731326
8,243.0000,304.718118
8,244.0000,303.609901
8,245.0000,295.823711
8,246.0000,300.967383
8,247.0000,298.996689
8,248.0000,302.373711
8,249.0000,301.993014
8,250.0000,299.120240
8,251.0000,298.849654
8,252.0000,300.557798
8,253.0000,312.015617
8,254.0000,303.289036
8,255.0000,303.116024
8,256.0000,306.686171
8,257.0000,293.146380
8,258.0000,302.800035
8,259.0000,302.123606
8,260.0000,291.532372
8,261.0000,307.892722
8,262.0000,297.435419
8,263.0000,299.264828
8,264.0000,307.451633
8,265.0000,289.539623
8,266.0000,301.505072
8,267.0000,298.855845
8,268.0000,302.099325
8,269.0000,296.782984
8,270.0000,302.384138
8,271.0000,296.860089
8,272.0000,295.107323
8,273.0000,301.794764
8,274.0000,311.297429
8,275.0000,298.140077
8,276.0000,308.428750
8,277.0000,285.334365
8,278.0000,294.018874
8,279.0000,303.429661
8,280.0000,299.011740
8,281.0000,300.090129
8,282.0000,302.864571
8,283.0000,305.642620
8,284.0000,300.977311
8,285.0000,300.137834
8,286.0000,302.690969
8,287.0000,307.774899
8,288.0000,292.695726
8,289.0000,298.368288
8,290.0000,297.644241
8,291.0000,298.819499
8,292.0000,292.646821
8,293.0000,304.166098
8,294.0000,298.328248
8,295.0000,296.508129
8,296.0000,298.652327
8,297.0000,303.312676
8,298.0000,310.253795
8,299.0000,303.981713
8,300.0000,295.176176
8,301.0000,291.178334
8,302.0000,304.386302
8,303.0000,289.093256
8,304.0000,304.214323
8,305.0000,306.014795
8,306.0000,305.619231
8,307.0000,302.672309
8,308.0000,303.739996
8,309.0000,313.827979
8,310.0000,290.843297
8,311.0000,295.026343
8,312.0000,304.165508
8,313.0000,297.369369
8,314.0000,299.238293
8,315.0000,297.639438
8,316.0000,302.600312
8,317.0000,297.399018
8,318.0000,301.850719
8,319.0000,307.179657
8,320.0000,291.308548
8,321.0000,307.067552
8,322.0000,308.536422
8,323.0000,301.737146
8,324.0000,302.673737
8,325.0000,293.327232
8,326.0000,299.107906
8,327.0000,295.158126
8,328.0000,294.839548
8,329.0000,291.444708
8,330.0000,298.441034
8,331.0000,294.171287
8,332.0000,310.478920
8,333.0000,303.135504
8,334.0000,300.717755
8,335.0000,305.413486
8,336.0000,302.042872
8,337.0000,307.839463
8,338.0000,298.357832
8,339.0000,293.680745
8,340.0000,300.964200
8,341.0000,303.361498
8,342.0000,302.146836
8,343.0000,305.684541
8,344.0000,306.075852
8,345.0000,295.553695
8,346.0000,299.942194
8,347.0000,307.892660
8,348.0000,312.842410
8,349.0000,296.286068
8,350.0000,299.571134
8,351.0000,297.562287
8,352.0000,304.933869
8,353.0000,310.020216
8,354.0000,304.431230
8,355.0000,293.760367
8,356.0000,304.373833
8,357.0000,300.533196
8,358.0000,302.338884
8,359.0000,302.990375
8,360.0000,306.065348
8,361.0000,298.049672
8,362.0000,297.311294
8,363.0000,299.094081
8,364.0000,292.386007
8,365.0000,288.415779
8,366.0000,294.348032
8,367.0000,288.560762
8,368.0000,302.803097
8,369.0000,303.626195
8,370.0000,299.619442
8,371.0000,298.277910
8,372.0000,293.846938
8,373.0000,298.966797
8,374.0000,305.389764
8,375.0000,295.251467
8,376.0000,299.706653
8,377.0000,295.280057
8,378.0000,299.754424
8,379.0000,305.444808
8,380.0000,293.917779
8,381.0000,282.409071
8,382.0000,300.970465
8,383.0000,302.101326
8,384.0000,301.553849
8,385.0000,300.688723
8,386.0000,299.070749
8,387.0000,308.591198
8,388.0000,301.746179
8,389.0000,290.135869
8,390.0000,306.540066
8,391.0000,305.662236
8,392.0000,298.172614
8,393.0000,295.099813
8,394.0000,288.333774
8,395.0000,303.631983
8,396.0000,294.368560
8,397.0000,298.705126
8,398.0000,297.893101
8,399.0000,299.469589
8,400.0000,286.423883
8,401.0000,301.434155
8,402.0000,303.212870
8,403.0000,300.797795
8,404.0000,303.953212
8,405.0000,293.523627
8,406.0000,312.762963
8,407.0000,290.818977
8,408.0000,306.329576
8,409.0000,300.819946
8,410.0000,295.851220
8,411.0000,303.665649
8,412.0000,313.352389
8,413.0000,298.875757
8,414.0000,308.819465
8,415.0000,295.332991
8,416.0000,307.504001
8,417.0000,301.435144
8,418.0000,301.999347
8,419.0000,307.531362
8,420.0000,290.067738
8,421.0000,310.000356
8,422.0000,302.525288
8,423.0000,311.357158
8,424.0000,294.108497
8,425.0000,301.748597
8,426.0000,288.624480
8,427.0000,295.132676
8,428.0000,295.790038
8,429.0000,311.251705
8,430.0000,305.438402
8,431.0000,300.648234
8,432.0000,293.824322
8,433.0000,307.222531
8,434.0000,310.241512
8,435.0000,307.033401
8,436.0000,302.407387
8,437.0000,299.896102
8,438.0000,303.095022
8,439.0000,318.275547
8,440.0000,300.919771
8,441.0000,299.193492
8,442.0000,307.274300
8,443.0000,300.039649
8,444.0000,294.984839
8,445.0000,304.558958
8,446.0000,301.599763
8,447.0000,301.690490
8,448.0000,299.170313
8,449.0000,298.265191
8,450.0000,301.109372
8,451.0000,300.004179
8,452.0000,294.684645
8,453.0000,304.407854
8,454.0000,304.334671
8,455.0000,296.643030
8,456.0000,301.978600
8,457.0000,300.583840
8,458.0000,292.155934
8,459.0000,301.565475
8,460.0000,297.962726
8,461.0000,292.245646
8,462.0000,297.511727
8,463.0000,292.535297
8,464.0000,298.827100
8,465.0000,311.993090
8,466.0000,297.959473
8,467.0000,299.830741
8,468.0000,297.924523
8,469.0000,303.031002
8,470.0000,303.491292
8,471.0000,303.787586
8,472.0000,304.491023
8,473.0000,294.780943
8,474.0000,297.435802
8,475.0000,298.062928
8,476.0000,293.595245
8,477.0000,299.147736
8,478.0000,296.940406
8,479.0000,301.098631
8,480.0000,300.706809
8,481.0000,294.365272
8,482.0000,294.901914
8,483.0000,306.541015
8,484.0000,305.864320
8,485.0000,293.102460
8,486.0000,309.271123
8,487.0000,303.565709
8,488.0000,293.313360
8,489.0000,304.700404
8,490.0000,312.365056
8,491.0000,300.615065
8,492.0000,301.169699
8,493.0000,291.012380
8,494.0000,309.205425
8,495.0000,300.873010
8,496.0000,305.922524
8,497.0000,301.583610
8,498.0000,312.601565
8,499.0000,293.746737
8,500.0000,303.233500
8,501.0000,304.458670
8,502.0000,305.525827
8,503.0000,307.438406
8,504.0000,302.022260
8,505.0000,295.442757
8,506.0000,296.232241
8,507.0000,296.860073
8,508.0000,292.324857
8,509.0000,296.693314
8,510.0000,305.163140
8,511.0000,298.416602
8,512.0000,298.314692
8,513.0000,302.978760
8,514.0000,312.568834
8,515.0000,306.731295
8,516.0000,301.794956
8,517.0000,302.557099
8,518.0000,295.387917
8,519.0000,297.807134
8,520.0000,309.558925
8,521.0000,306.828508
8,522.0000,296.361619
8,523.0000,302.502370
8,524.0000,293.988179
8,525.0000,293.030423
8,526.0000,307.186428
8,527.0000,299.794660
8,528.0000,298.303624
8,529.0000,302.351006
8,530.0000,291.879655
8,531.0000,298.657558
8,532.0000,301.343777
8,533.0000,302.111112
8,534.0000,305.414537
8,535.0000,301.221971
8,536.0000,303.723271
8,537.0000,291.600068
8,538.0000,300.680614
8,539.0000,298.705202
8,540.0000,294.014959
8,541.0000,297.418718
8,542.0000,297.286342
8,543.0000,294.623546
8,544.0000,297.526103
8,545.0000,312.985390
8,546.0000,305.844992
8,547.0000,294.952094
8,548.0000,300.853583
8,549.0000,297.180318
8,550.0000,300.365087
8,551.0000,307.331001
8,552.0000,297.030883
8,553.0000,293.763809
8,554.0000,311.134589
8,555.0000,285.037798
8,556.0000,302.210280
8,557.0000,296.739925
8,558.0000,290.975866
8,559.0000,285.663984
8,560.0000,298.415959
8,561.0000,298.254441
8,562.0000,299.591488
8,563.0000,298.310046
8,564.0000,303.453846
8,565.0000,311.939409
8,566.0000,295.364555
8,567.0000,308.670390
8,568.0000,306.187897
8,569.0000,304.216693
8,570.0000,305.991729
8,571.0000,310.011566
8,572.0000,304.501599
8,573.0000,293.179251
8,574.0000,301.541636
8,575.0000,306.146590
8,576.0000,311.230944
8,577.0000,305.920208
8,578.0000,295.623815
8,579.0000,307.123252
8,580.0000,304.396283
8,581.0000,292.053240
8,582.0000,296.786092
8,583.0000,288.267511
8,584.0000,296.664358
8,585.0000,303.361472
8,586.0000,305.719053
8,587.0000,298.410969
8,588.0000,299.152202
8,589.0000,301.863192
8,590.0000,293.577200
8,591.0000,291.796490
8,592.0000,295.432930
8,593.0000,294.659670
8,594.0000,299.764445
8,595.0000,304.498804
8,596.0000,305.302740
8,597.0000,293.902708
8,598.0000,299.138245
8,599.0000,311.480879
8,600.0000,298.239148
8,601.0000,307.979166
8,602.0000,311.404948
8,603.0000,308.039866
8,604.0000,310.873680
8,605.0000,312.630095
8,606.0000,303.794463
8,607.0000,312.747837
8,608.0000,322.450160
8,609.0000,313.299849
8,610.0000,315.215073
8,611.0000,330.587043
8,612.0000,335.177065
8,613.0000,340.229416
8,614.0000,332.751284
8,615.0000,342.967110
8,616.0000,360.638096
8,617.0000,372.770878
8,618.0000,391.126974
8,619.0000,399.503620
8,620.0000,405.801417
8,621.0000,409.769291
8,622.0000,388.210913
8,623.0000,370.108388
8,624.0000,362.831689
8,625.0000,352.135582
8,626.0000,344.839563
8,627.0000,325.775526
8,628.0000,322.866512
8,629.0000,320.098960
8,630.0000,312.224490
8,631.0000,322.619252
8,632.0000,314.863407
8,633.0000,313.644783
8,634.0000,316.558099
8,635.0000,306.504767
8,636.0000,308.273120
8,637.0000,303.556236
8,638.0000,313.409882
8,639.0000,305.045222
8,640.0000,304.691611
8,641.0000,304.441090
8,642.0000,309.904258
8,643.0000,297.818775
8,644.0000,305.298754
8,645.0000,298.062982
8,646.0000,315.385420
8,647.0000,302.995461
8,648.0000,293.796559
8,649.0000,302.832834
8,650.0000,306.283202
8,651.0000,308.806852
8,652.0000,297.406651
8,653.0000,296.450397
8,654.0000,291.234722
8,655.0000,310.678264
8,656.0000,301.321572
8,657.0000,304.150521
8,658.0000,304.485745
8,659.0000,300.489137
8,660.0000,299.067928
8,661.0000,302.597120
8,662.0000,300.297821
8,663.0000,295.815825
8,664.0000,304.649856
8,665.0000,306.910452
8,666.0000,297.993769
8,667.0000,297.181893
8,668.0000,300.879828
8,669.0000,293.819096
8,670.0000,311.263636
8,671.0000,306.352543
8,672.0000,296.363194
8,673.0000,299.545503
8,674.0000,291.119216
8,675.0000,294.325390
8,676.0000,305.234368
8,677.0000,303.510006
8,678.0000,298.170342
8,679.0000,302.477510
8,680.0000,300.624381
8,681.0000,302.396824
8,682.0000,295.783426
8,683.0000,299.908398
8,684.0000,304.678107
8,685.0000,298.602701
8,686.0000,302.655736
8,687.0000,301.824662
8,688.0000,305.881435
8,689.0000,303.673207
8,690.0000,299.062340
8,691.0000,300.040251
8,692.0000,301.944468
8,693.0000,297.055937
8,694.0000,299.200994
8,695.0000,301.720607
8,696.0000,296.540027
8,697.0000,307.524962
8,698.0000,298.662412
8,699.0000,314.403331
8,700.0000,297.869710
8,701.0000,306.507657
8,702.0000,294.546800
8,703.0000,302.823097
8,704.0000,299.896200
8,705.0000,302.762374
8,706.0000,293.150051
8,707.0000,294.139596
8,708.0000,301.843059
8,709.0000,294.423517
8,710.0000,293.427064
8,711.0000,304.369014
8,712.0000,294.681488
8,713.0000,287.794024
8,714.0000,301.897028
8,715.0000,292.977671
8,716.0000,294.948355
8,717.0000,301.669850
8,718.0000,295.022651
8,719.0000,301.987854
8,720.0000,299.837721
8,721.0000,310.528062
8,722.0000,304.856998
8,723.0000,292.912991
8,724.0000,304.923207
8,725.0000,296.478641
8,726.0000,303.170151
8,727.0000,306.295455
8,728.0000,291.597240
8,729.0000,300.729386
8,730.0000,313.020700
8,731.0000,301.035637
8,732.0000,305.566818
8,733.0000,310.485939
8,734.0000,292.935734
8,735.0000,306.975968
8,736.0000,299.531513
8,737.0000,304.026568
8,738.0000,312.886082
8,739.0000,301.731761
8,740.0000,298.769645
8,741.0000,300.172689
8,742.0000,310.548525
8,743.0000,293.132331
8,744.0000,295.674476
8,745.0000,292.553031
8,746.0000,308.545371
8,747.0000,306.369768
8,748.0000,299.813928
8,749.0000,296.053271
8,750.0000,295.559036
8,751.0000,300.614082
8,752.0000,291.378058
8,753.0000,301.447333
8,754.0000,295.362093
8,755.0000,300.244315
8,756.0000,306.160551
8,757.0000,302.366802
8,758.0000,318.376027
8,759.0000,308.305384
8,760.0000,307.514056
8,761.0000,299.982658
8,762.0000,309.288187
8,763.0000,299.174975
8,764.0000,297.190120
8,765.0000,301.431310
8,766.0000,308.715276
8,767.0000,306.073981
8,768.0000,307.960741
8,769.0000,302.116346
8,770.0000,304.852293
8,771.0000,297.053357
8,772.0000,313.518740
8,773.0000,305.880076
8,774.0000,300.469714
8,775.0000,300.676307
8,776.0000,304.517724
8,777.0000,317.324979
8,778.0000,305.458328
8,779.0000,305.711323
8,780.0000,313.928655
8,781.0000,320.983377
8,782.0000,308.013948
8,783.0000,309.577226
8,784.0000,318.330367
8,785.0000,312.787719
8,786.0000,321.978299
8,787.0000,316.512948
8,788.0000,318.606610
8,789.0000,323.920747
8,790.0000,341.318068
8,791.0000,338.689264
8,792.0000,348.314515
8,793.0000,357.290344
8,794.0000,359.365375
8,795.0000,356.658598
8,796.0000,354.624659
8,797.0000,351.127961
8,798.0000,334.150429
8,799.0000,337.933020
8,800.0000,337.360954
8,801.0000,321.517587
8,802.0000,319.786144
8,803.0000,319.249277
8,804.0000,316.384259
8,805.0000,315.071874
8,806.0000,306.931150
8,807.0000,311.245836
8,808.0000,322.042802
8,809.0000,316.249949
8,810.0000,309.711587
8,811.0000,301.269876
8,812.0000,317.333861
8,813.0000,306.640649
8,814.0000,304.136203
8,815.0000,301.991515
8,816.0000,304.924129
8,817.0000,299.224251
8,818.0000,294.005212
8,819.0000,309.231826
8,820.0000,299.570476
8,821.0000,308.207631
8,822.0000,304.225838
8,823.0000,303.767412
8,824.0000,305.446201
8,825.0000,292.348923
8,826.0000,308.662308
8,827.0000,303.281461
8,828.0000,310.029086
8,829.0000,298.896889
8,830.0000,303.861146
8,831.0000,302.535566
8,832.0000,292.199608
8,833.0000,306.237913
8,834.0000,302.058619
8,835.0000,294.122941
8,836.0000,298.663005
8,837.0000,287.672354
8,838.0000,301.225211
8,839.0000,301.787966
8,840.0000,302.064825
8,841.0000,303.015248
8,842.0000,293.617067
8,843.0000,303.030897
8,844.0000,313.959168
8,845.0000,301.143826
8,846.0000,302.542319
8,847.0000,304.152074
8,848.0000,303.708096
8,849.0000,305.230254
8,850.0000,301.801070
8,851.0000,302.078869
8,852.0000,302.120062
8,853.0000,304.813422
8,854.0000,293.694790
8,855.0000,303.701826
8,856.0000,300.528424
8,857.0000,302.199500
8,858.0000,299.207822
8,859.0000,303.353318
8,860.0000,301.029935
8,861.0000,306.624483
8,862.0000,302.120534
8,863.0000,312.464663
8,864.0000,290.167711
8,865.0000,293.676918
8,866.0000,295.908049
8,867.0000,304.957369
8,868.0000,294.013564
8,869.0000,297.054979
8,870.0000,297.581964
8,871.0000,313.406731
8,872.0000,298.365958
8,873.0000,301.021155
8,874.0000,305.428254
8,875.0000,296.635576
8,876.0000,296.788477
8,877.0000,298.353210
8,878.0000,317.245541
8,879.0000,282.240269
8,880.0000,293.566115
8,881.0000,300.375241
8,882.0000,298.411677
8,883.0000,295.365566
8,884.0000,297.072267
8,885.0000,294.405582
8,886.0000,302.209436
8,887.0000,304.800014
8,888.0000,296.349950
8,889.0000,292.732304
8,890.0000,301.026603
8,891.0000,301.142601
8,892.0000,302.136395
8,893.0000,301.260810
8,894.0000,301.293001
8,895.0000,302.443973
8,896.0000,307.185321
8,897.0000,309.509594
8,898.0000,306.760090
8,899.0000,300.624137
8,900.0000,299.962384
8,901.0000,296.382477
8,902.0000,301.233127
8,903.0000,296.755346
8,904.0000,309.353620
8,905.0000,301.228972
8,906.0000,312.170485
8,907.0000,296.680446
8,908.0000,311.556520
8,909.0000,298.422465
8,910.0000,297.102911
8,911.0000,298.656473
8,912.0000,297.323112
8,913.0000,294.452453
8,914.0000,307.707907
8,915.0000,312.056592
8,916.0000,301.698795
8,917.0000,301.664897
8,918.0000,295.376739
8,919.0000,301.164423
8,920.0000,302.246939
8,921.0000,295.709080
8,922.0000,293.129325
8,923.0000,306.893039
8,924.0000,303.399122
8,925.0000,292.975349
8,926.0000,310.275293
8,927.0000,307.638394
8,928.0000,301.649407
8,929.0000,304.204813
8,930.0000,307.186681
8,931.0000,293.697255
8,932.0000,297.218825
8,933.0000,309.420454
8,934.0000,303.823974
8,935.0000,292.173947
8,936.0000,309.642016
8,937.0000,296.817333
8,938.0000,302.725017
8,939.0000,303.715485
8,940.0000,295.885327
8,941.0000,299.432956
8,942.0000,298.540228
8,943.0000,302.557284
8,944.0000,301.199491
8,945.0000,308.492480
8,946.0000,292.799039
8,947.0000,299.948358
8,948.0000,295.132798
8,949.0000,305.104317
8,950.0000,299.890686
8,951.0000,307.224154
8,952.0000,301.535905
8,953.0000,301.107631
8,954.0000,302.483759
8,955.0000,305.315735
8,956.0000,310.527361
8,957.0000,303.986892
8,958.0000,307.293474
8,959.0000,311.175022
8,960.0000,312.165035
8,961.0000,309.784162
8,962.0000,317.228279
8,963.0000,298.756295
8,964.0000,299.377266
8,965.0000,317.206175
8,966.0000,305.090146
8,967.0000,294.960800
8,968.0000,294.666088
8,969.0000,298.263580
8,970.0000,311.807225
8,971.0000,311.053086
8,972.0000,307.039802
8,973.0000,314.608785
8,974.0000,311.860295
8,975.0000,315.689603
8,976.0000,306.336776
8,977.0000,311.855344
8,978.0000,308.507146
8,979.0000,313.164949
8,980.0000,310.307496
8,981.0000,323.207697
8,982.0000,305.967017
8,983.0000,313.842479
8,984.0000,330.319535
8,985.0000,333.516647
8,986.0000,325.623802
8,987.0000,314.271743
8,988.0000,330.568837
8,989.0000,345.169706
8,990.0000,346.440536
8,991.0000,353.952525
8,992.0000,364.001233
8,993.0000,372.758304
8,994.0000,396.318205
8,995.0000,430.479584
8,996.0000,460.045411
8,997.0000,521.898688
8,998.0000,597.735757
8,999.0000,725.701743
8,1000.0000,831.173896
8,1001.0000,902.502363
8,1002.0000,850.023465
8,1003.0000,726.409050
8,1004.0000,599.872081
8,1005.0000,519.327639
8,1006.0000,458.815438
8,1007.0000,429.135682
8,1008.0000,397.282384
8,1009.0000,375.074875
8,1010.0000,367.248939
8,1011.0000,352.966296
8,1012.0000,351.154181
8,1013.0000,335.127656
8,1014.0000,335.981076
8,1015.0000,335.635396
8,1016.0000,335.487969
8,1017.0000,337.711401
8,1018.0000,341.290381
8,1019.0000,323.814010
8,1020.0000,331.915089
8,1021.0000,333.048042
8,1022.0000,346.561980
8,1023.0000,351.317577
8,1024.0000,365.040148
8,1025.0000,374.013504
8,1026.0000,385.729868
8,1027.0000,415.296937
8,1028.0000,433.844917
8,1029.0000,479.746691
8,1030.0000,535.170336
8,1031.0000,560.468174
8,1032.0000,546.747101
8,1033.0000,495.638252
8,1034.0000,449.591246
8,1035.0000,418.613652
8,1036.0000,383.837707
8,1037.0000,353.036960
8,1038.0000,353.922292
8,1039.0000,341.486290
8,1040.0000,331.024481
8,1041.0000,326.155887
8,1042.0000,331.403592
8,1043.0000,320.687471
8,1044.0000,328.279066
8,1045.0000,316.293859
8,1046.0000,304.116695
8,1047.0000,323.607081
8,1048.0000,316.821665
8,1049.0000,308.068382
8,1050.0000,316.124903
8,1051.0000,287.000303
8,1052.0000,309.962660
8,1053.0000,313.025346
8,1054.0000,313.667920
8,1055.0000,307.380716
8,1056.0000,310.874280
8,1057.0000,305.457011
8,1058.0000,314.316968
8,1059.0000,307.502050
8,1060.0000,297.448643
8,1061.0000,315.527487
8,1062.0000,316.540656
8,1063.0000,298.867022
8,1064.0000,307.470224
8,1065.0000,313.503353
8,1066.0000,312.452149
8,1067.0000,301.085934
8,1068.0000,308.014581
8,1069.0000,303.840822
8,1070.0000,305.029337
8,1071.0000,305.070706
8,1072.0000,310.522395
8,1073.0000,301.222831
8,1074.0000,298.841118
8,1075.0000,304.242281
8,1076.0000,307.477183
8,1077.0000,300.279643
8,1078.0000,299.761373
8,1079.0000,299.462982
8,1080.0000,305.488619
8,1081.0000,290.172886
8,1082.0000,303.176316
8,1083.0000,301.791310
8,1084.0000,293.115126
8,1085.0000,299.345248
8,1086.0000,302.490338
8,1087.0000,302.114548
8,1088.0000,291.652014
8,1089.0000,294.414619
8,1090.0000,298.611414
8,1091.0000,297.915359
8,1092.0000,309.001962
8,1093.0000,304.841098
8,1094.0000,301.694626
8,1095.0000,295.766452
8,1096.0000,298.348756
8,1097.0000,300.792851
8,1098.0000,297.845636
8,1099.0000,300.111752
8,1100.0000,298.266706
8,1101.0000,308.342708
8,1102.0000,304.580140
8,1103.0000,301.563456
8,1104.0000,298.780437
8,1105.0000,310.547618
8,1106.0000,307.190639
8,1107.0000,297.932459
8,1108.0000,300.699952
8,1109.0000,303.003528
8,1110.0000,306.023526
8,1111.0000,288.605602
8,1112.0000,294.482898
8,1113.0000,312.079633
8,1114.0000,306.457535
8,1115.0000,298.655269
8,1116.0000,305.824697
8,1117.0000,302.595551
8,1118.0000,307.548168
8,1119.0000,302.244934
8,1120.0000,307.352444
8,1121.0000,316.011927
8,1122.0000,309.230663
8,1123.0000,303.946231
8,1124.0000,302.169185
8,1125.0000,305.215639
8,1126.0000,307.118960
8,1127.0000,290.951019
8,1128.0000,315.302276
8,1129.0000,303.422046
8,1130.0000,307.758104
8,1131.0000,310.910013
8,1132.0000,312.601194
8,1133.0000,311.503973
8,1134.0000,306.238859
8,1135.0000,301.703479
8,1136.0000,295.379499
8,1137.0000,309.371224
8,1138.0000,301.174940
8,1139.0000,306.362536
8,1140.0000,311.690449
8,1141.0000,298.194570
8,1142.0000,311.329077
8,1143.0000,315.008975
8,1144.0000,309.948918
8,1145.0000,301.156545
8,1146.0000,322.365788
8,1147.0000,328.044216
8,1148.0000,332.311376
8,1149.0000,339.472766
8,1150.0000,349.352328
8,1151.0000,349.465535
8,1152.0000,359.553712
8,1153.0000,373.472750
8,1154.0000,373.885831
8,1155.0000,390.369929
8,1156.0000,391.662198
8,1157.0000,363.491921
8,1158.0000,364.925682
8,1159.0000,352.514547
8,1160.0000,343.780912
8,1161.0000,336.606458
8,1162.0000,338.880100
8,1163.0000,325.435658
8,1164.0000,321.890619
8,1165.0000,324.592606
8,1166.0000,318.445059
8,1167.0000,319.206338
8,1168.0000,320.726385
8,1169.0000,317.132324
8,1170.0000,310.584537
8,1171.0000,326.473246
8,1172.0000,317.290913
8,1173.0000,326.742925
8,1174.0000,316.029429
8,1175.0000,323.589206
8,1176.0000,320.757379
8,1177.0000,320.542664
8,1178.0000,340.163131
8,1179.0000,356.621904
8,1180.0000,347.523688
8,1181.0000,369.139577
8,1182.0000,380.208691
8,1183.0000,378.374515
8,1184.0000,371.872321
8,1185.0000,355.316407
8,1186.0000,352.371178
8,1187.0000,349.111321
8,1188.0000,329.028939
8,1189.0000,334.821305
8,1190.0000,321.911559
8,1191.0000,324.610179
8,1192.0000,319.112506
8,1193.0000,309.911094
8,1194.0000,317.225538
8,1195.0000,305.002432
8,1196.0000,306.998226
8,1197.0000,310.187484
8,1198.0000,313.699319
8,1199.0000,307.692320
8,1200.0000,300.697551
8,1201.0000,293.878065
8,1202.0000,304.478708
8,1203.0000,299.764850
8,1204.0000,316.362967
8,1205.0000,300.399581
8,1206.0000,312.589035
8,1207.0000,293.144501
8,1208.0000,301.721411
8,1209.0000,300.270447
8,1210.0000,303.850919
8,1211.0000,307.337418
8,1212.0000,308.020974
8,1213.0000,301.272675
8,1214.0000,310.406168
8,1215.0000,303.213360
8,1216.0000,294.502031
8,1217.0000,292.226868
8,1218.0000,298.396366
8,1219.0000,292.848539
8,1220.0000,301.469856
8,1221.0000,303.070324
8,1222.0000,303.431984
8,1223.0000,307.023639
8,1224.0000,293.388891
8,1225.0000,304.213738
8,1226.0000,295.047612
8,1227.0000,301.547509
8,1228.0000,300.357923
8,1229.0000,297.282482
8,1230.0000,306.396346
8,1231.0000,307.660208
8,1232.0000,307.028979
8,1233.0000,306.651582
8,1234.0000,303.165955
8,1235.0000,307.832570
8,1236.0000,312.550754
8,1237.0000,313.170732
8,1238.0000,298.255069
8,1239.0000,292.982871
8,1240.0000,309.764416
8,1241.0000,312.206655
8,1242.0000,311.061825
8,1243.0000,303.664277
8,1244.0000,308.010952
8,1245.0000,294.328891
8,1246.0000,290.754538
8,1247.0000,294.094523
8,1248.0000,309.641962
8,1249.0000,300.565290
8,1250.0000,302.049630
8,1251.0000,282.096932
8,1252.0000,298.787944
8,1253.0000,306.592328
8,1254.0000,294.203607
8,1255.0000,294.922032
8,1256.0000,308.825849
8,1257.0000,303.730178
8,1258.0000,296.448865
8,1259.0000,302.397368
8,1260.0000,293.097038
8,1261.0000,299.844434
8,1262.0000,302.672504
8,1263.0000,308.255660
8,1264.0000,301.808591
8,1265.0000,302.458218
8,1266.0000,286.607910
8,1267.0000,287.739697
8,1268.0000,299.698851
8,1269.0000,304.839065
8,1270.0000,295.599931
8,1271.0000,291.270108
8,1272.0000,310.817650
8,1273.0000,307.972113
8,1274.0000,291.202184
8,1275.0000,296.036931
8,1276.0000,300.199287
8,1277.0000,310.822060
8,1278.0000,302.562777
8,1279.0000,304.910475
8,1280.0000,299.642629
8,1281.0000,312.867914
8,1282.0000,299.992503
8,1283.0000,294.122721
8,1284.0000,304.456316
8,1285.0000,289.935123
8,1286.0000,296.474218
8,1287.0000,305.660451
8,1288.0000,300.716157
8,1289.0000,306.814415
8,1290.0000,298.256767
8,1291.0000,293.518066
8,1292.0000,313.259873
8,1293.0000,299.872932
8,1294.0000,296.125709
8,1295.0000,291.702232
8,1296.0000,297.632636
8,1297.0000,302.544494
8,1298.0000,292.264749
8,1299.0000,294.847804
8,1300.0000,300.877406
8,1301.0000,297.518300
8,1302.0000,312.576472
8,1303.0000,299.964114
8,1304.0000,295.765974
8,1305.0000,297.222818
8,1306.0000,296.889442
8,1307.0000,290.953011
8,1308.0000,301.753256
8,1309.0000,300.815270
8,1310.0000,305.741014
8,1311.0000,303.805652
8,1312.0000,294.009221
8,1313.0000,312.492794
8,1314.0000,303.261583
8,1315.0000,305.871668
8,1316.0000,298.444751
8,1317.0000,303.727479
8,1318.0000,303.268464
8,1319.0000,289.941383
8,1320.0000,305.428520
8,1321.0000,305.588969
8,1322.0000,302.232650
8,1323.0000,302.398943
8,1324.0000,304.649942
8,1325.0000,308.970719
8,1326.0000,299.846049
8,1327.0000,293.625526
8,1328.0000,303.755126
8,1329.0000,301.958284
8,1330.0000,298.091913
8,1331.0000,310.396503
8,1332.0000,295.878294
8,1333.0000,290.661452
8,1334.0000,295.671979
8,1335.0000,304.072685
8,1336.0000,296.670456
8,1337.0000,286.200282
8,1338.0000,296.099040
8,1339.0000,298.449742
8,1340.0000,295.394253
8,1341.0000,300.496982
8,1342.0000,299.794663
8,1343.0000,301.132913
8,1344.0000,306.099893
8,1345.0000,295.694908
8,1346.0000,312.890780
8,1347.0000,308.043679
8,1348.0000,299.955115
8,1349.0000,308.521226
8,1350.0000,304.347627
8,1351.0000,310.322363
8,1352.0000,301.110269
8,1353.0000,292.833334
8,1354.0000,303.521696
8,1355.0000,298.358540
8,1356.0000,292.338566
8,1357.0000,300.266488
8,1358.0000,287.343822
8,1359.0000,298.745831
8,1360.0000,305.316019
8,1361.0000,309.238497
8,1362.0000,311.295271
8,1363.0000,299.329708
8,1364.0000,304.596222
8,1365.0000,305.625339
8,1366.0000,302.512044
8,1367.0000,295.510646
8,1368.0000,301.973892
8,1369.0000,311.752878
8,1370.0000,288.157094
8,1371.0000,298.958513
8,1372.0000,306.589611
8,1373.0000,304.481124
8,1374.0000,294.411095
8,1375.0000,303.912696
8,1376.0000,306.734526
8,1377.0000,304.786174
8,1378.0000,311.302932
8,1379.0000,303.973190
8,1380.0000,302.098986
8,1381.0000,304.411946
8,1382.0000,311.505792
8,1383.0000,302.781627
8,1384.0000,305.689618
8,1385.0000,295.512720
8,1386.0000,293.811581
8,1387.0000,297.043981
8,1388.0000,299.572209
8,1389.0000,306.452316
8,1390.0000,307.705630
8,1391.0000,316.178985
8,1392.0000,298.381474
8,1393.0000,297.466220
8,1394.0000,306.510861
8,1395.0000,296.025038
8,1396.0000,301.383450
8,1397.0000,297.450569
8,1398.0000,298.824416
8,1399.0000,311.129910
8,1400.0000,291.321537
8,1401.0000,301.392561
8,1402.0000,297.452923
8,1403.0000,304.870603
8,1404.0000,313.209071
8,1405.0000,296.807834
8,1406.0000,302.054474
8,1407.0000,304.450332
8,1408.0000,305.537609
8,1409.0000,296.014778
8,1410.0000,305.330992
8,1411.0000,300.711960
8,1412.0000,315.008337
8,1413.0000,303.787349
8,1414.0000,293.720383
8,1415.0000,298.103979
8,1416.0000,306.863188
8,1417.0000,305.819746
8,1418.0000,306.050005
8,1419.0000,299.883949
8,1420.0000,305.161520
8,1421.0000,300.176683
8,1422.0000,309.870639
8,1423.0000,305.963377
8,1424.0000,315.769418
8,1425.0000,304.543777
8,1426.0000,304.917134
8,1427.0000,302.908173
8,1428.0000,309.095823
8,1429.0000,320.939273
8,1430.0000,311.571280
8,1431.0000,314.554980
8,1432.0000,327.008126
8,1433.0000,316.023992
8,1434.0000,311.106434
8,1435.0000,329.190937
8,1436.0000,335.557537
8,1437.0000,326.746618
8,1438.0000,327.155079
8,1439.0000,339.733369
8,1440.0000,349.204335
8,1441.0000,340.386528
8,1442.0000,355.297507
8,1443.0000,369.635301
8,1444.0000,375.450311
8,1445.0000,387.105490
8,1446.0000,402.376009
8,1447.0000,416.596684
8,1448.0000,430.881544
8,1449.0000,424.178737
8,1450.0000,426.672644
8,1451.0000,434.844037
8,1452.0000,429.241773
8,1453.0000,412.320145
8,1454.0000,399.449484
8,1455.0000,394.388821
8,1456.0000,373.490550
8,1457.0000,357.600526
8,1458.0000,356.683238
8,1459.0000,348.055798
8,1460.0000,343.680249
8,1461.0000,332.394170
8,1462.0000,346.639475
8,1463.0000,332.993852
8,1464.0000,325.638287
8,1465.0000,331.482828
8,1466.0000,325.133340
8,1467.0000,323.040052
8,1468.0000,317.594153
8,1469.0000,312.759814
8,1470.0000,312.442989
8,1471.0000,318.814332
8,1472.0000,307.786125
8,1473.0000,313.858521
8,1474.0000,316.805106
8,1475.0000,313.409080
8,1476.0000,316.564269
8,1477.0000,314.318120
8,1478.0000,311.885358
8,1479.0000,315.379505
8,1480.0000,308.030785
8,1481.0000,304.554063
8,1482.0000,309.851458
8,1483.0000,304.537796
8,1484.0000,310.195483
8,1485.0000,311.285073
8,1486.0000,305.912717
8,1487.0000,310.694169
8,1488.0000,300.774900
8,1489.0000,301.356311
8,1490.0000,294.918488
8,1491.0000,295.122552
8,1492.0000,311.047059
8,1493.0000,303.139272
8,1494.0000,307.330071
8,1495.0000,309.659606
8,1496.0000,307.386360
8,1497.0000,303.867466
8,1498.0000,302.068255
8,1499.0000,310.443438
8,1500.0000,304.493247
8,1501.0000,296.578843
8,1502.0000,303.785261
8,1503.0000,298.278855
8,1504.0000,294.093559
8,1505.0000,306.837485
8,1506.0000,315.341597
8,1507.0000,306.073640
8,1508.0000,299.550327
8,1509.0000,313.619502
8,1510.0000,305.490474
8,1511.0000,306.187441
8,1512.0000,299.566302
8,1513.0000,297.458921
8,1514.0000,306.138710
8,1515.0000,305.902201
8,1516.0000,299.862263
8,1517.0000,304.774372
8,1518.0000,305.572472
8,1519.0000,315.810354
8,1520.0000,291.850593
8,1521.0000,298.805545
8,1522.0000,300.626267
8,1523.0000,304.125998
8,1524.0000,304.914507
8,1525.0000,294.599546
8,1526.0000,314.816509
8,1527.0000,305.573287
8,1528.0000,303.350355
8,1529.0000,309.327523
8,1530.0000,305.818656
8,1531.0000,301.503802
8,1532.0000,308.256295
8,1533.0000,298.463917
8,1534.0000,299.268444
8,1535.0000,303.449296
8,1536.0000,302.787941
8,1537.0000,310.123517
8,1538.0000,302.072502
8,1539.0000,296.728643
8,1540.0000,314.312083
8,1541.0000,302.326732
8,1542.0000,312.391667
8,1543.0000,303.701557
8,1544.0000,299.446638
8,1545.0000,313.521276
8,1546.0000,298.058413
8,1547.0000,302.550925
8,1548.0000,302.137461
8,1549.0000,307.843743
8,1550.0000,305.081109
8,1551.0000,312.981744
8,1552.0000,311.808376
8,1553.0000,307.483033
8,1554.0000,297.062949
8,1555.0000,305.809189
8,1556.0000,297.968132
8,1557.0000,319.219707
8,1558.0000,311.986666
8,1559.0000,307.423562
8,1560.0000,311.816171
8,1561.0000,301.172095
8,1562.0000,310.068463
8,1563.0000,299.251607
8,1564.0000,312.234915
8,1565.0000,311.306020
8,1566.0000,312.950936
8,1567.0000,310.401731
8,1568.0000,310.066906
8,1569.0000,329.607983
8,1570.0000,321.526912
8,1571.0000,322.884225
8,1572.0000,317.711083
8,1573.0000,336.706730
8,1574.0000,339.731809
8,1575.0000,339.895271
8,1576.0000,353.325545
8,1577.0000,356.139893
8,1578.0000,378.465262
8,1579.0000,377.674795
8,1580.0000,406.198060
8,1581.0000,423.058332
8,1582.0000,418.315889
8,1583.0000,427.429251
8,1584.0000,435.387197
8,1585.0000,431.010137
8,1586.0000,414.133061
8,1587.0000,392.267079
8,1588.0000,387.005991
8,1589.0000,391.838356
8,1590.0000,375.517513
8,1591.0000,372.697545
8,1592.0000,392.253306
8,1593.0000,384.312133
8,1594.0000,389.282569
8,1595.0000,415.720472
8,1596.0000,433.302875
8,1597.0000,454.118497
8,1598.0000,493.696017
8,1599.0000,531.864259
8,1600.0000,613.849866
8,1601.0000,649.459623
8,1602.0000,670.827380
8,1603.0000,644.898132
8,1604.0000,611.797872
8,1605.0000,546.323274
8,1606.0000,481.192264
8,1607.0000,450.331478
8,1608.0000,420.438186
8,1609.0000,397.299329
8,1610.0000,381.527104
8,1611.0000,358.111566
8,1612.0000,351.372431
8,1613.0000,339.228252
8,1614.0000,339.025511
8,1615.0000,333.910350
8,1616.0000,328.121092
8,1617.0000,326.183599
8,1618.0000,322.576819
8,1619.0000,320.562626
8,1620.0000,317.743123
8,1621.0000,321.200634
8,1622.0000,325.442864
8,1623.0000,322.236606
8,1624.0000,319.604313
8,1625.0000,307.904775
8,1626.0000,322.188974
8,1627.0000,311.437850
8,1628.0000,308.917671
8,1629.0000,314.997171
8,1630.0000,301.242234
8,1631.0000,308.508404
8,1632.0000,316.547671
8,1633.0000,307.535041
8,1634.0000,304.590577
8,1635.0000,297.453550
8,1636.0000,306.546192
8,1637.0000,315.508651
8,1638.0000,308.952429
8,1639.0000,314.410722
8,1640.0000,294.385614
8,1641.0000,308.814151
8,1642.0000,303.332718
8,1643.0000,310.364961
8,1644.0000,306.846886
8,1645.0000,309.253099
8,1646.0000,307.867947
8,1647.0000,309.281025
8,1648.0000,296.094654
8,1649.0000,304.538663
8,1650.0000,303.564802
8,1651.0000,310.712518
8,1652.0000,293.345375
8,1653.0000,301.627769
8,1654.0000,290.586372
8,1655.0000,312.935938
8,1656.0000,303.183763
8,1657.0000,298.420519
8,1658.0000,299.522477
8,1659.0000,301.412584
8,1660.0000,294.306989
8,1661.0000,303.972605
8,1662.0000,298.441509
8,1663.0000,305.721049
8,1664.0000,295.798848
8,1665.0000,290.352361
8,1666.0000,295.069801
8,1667.0000,305.205376
8,1668.0000,294.857429
8,1669.0000,302.711462
8,1670.0000,306.562045
8,1671.0000,291.021610
8,1672.0000,299.794469
8,1673.0000,308.825490
8,1674.0000,301.805805
8,1675.0000,295.761558
8,1676.0000,298.780701
8,1677.0000,304.055051
8,1678.0000,298.388701
8,1679.0000,310.161273
8,1680.0000,287.143464
8,1681.0000,294.795186
8,1682.0000,285.992447
8,1683.0000,310.985230
8,1684.0000,303.966858
8,1685.0000,296.928134
8,1686.0000,310.401855
8,1687.0000,310.850746
8,1688.0000,294.641399
8,1689.0000,298.004396
8,1690.0000,303.534360
8,1691.0000,298.172091
8,1692.0000,299.462797
8,1693.0000,304.639199
8,1694.0000,307.503057
8,1695.0000,297.413355
8,1696.0000,302.738775
8,1697.0000,298.256006
8,1698.0000,300.645302
8,1699.0000,301.206546
8,1700.0000,288.971724
8,1701.0000,297.409901
8,1702.0000,298.799770
8,1703.0000,301.789292
8,1704.0000,301.460168
8,1705.0000,302.496847
8,1706.0000,294.077778
8,1707.0000,300.771225
8,1708.0000,305.445596
8,1709.0000,300.404056
8,1710.0000,299.994749
8,1711.0000,308.468669
8,1712.0000,300.651972
8,1713.0000,299.197819
8,1714.0000,305.530353
8,1715.0000,301.846480
8,1716.0000,294.526477
8,1717.0000,301.536449
8,1718.0000,306.920205
8,1719.0000,310.777535
8,1720.0000,304.602220
8,1721.0000,291.982472
8,1722.0000,309.265523
8,1723.0000,292.623125
8,1724.0000,299.123661
8,1725.0000,288.496835
8,1726.0000,294.321771
8,1727.0000,293.438270
8,1728.0000,312.245884
8,1729.0000,307.771210
8,1730.0000,302.868367
8,1731.0000,299.183109
8,1732.0000,300.245172
8,1733.0000,311.341654
8,1734.0000,310.318382
8,1735.0000,295.779911
8,1736.0000,301.619880
8,1737.0000,296.934681
8,1738.0000,294.550341
8,1739.0000,306.641248
8,1740.0000,289.127930
8,1741.0000,285.798530
8,1742.0000,297.476120
8,1743.0000,301.969625
8,1744.0000,303.822243
8,1745.0000,305.048448
8,1746.0000,295.580793
8,1747.0000,303.071162
8,1748.0000,304.448906
8,1749.0000,300.152412
8,1750.0000,293.377981
8,1751.0000,300.113054
8,1752.0000,301.060175
8,1753.0000,289.943476
8,1754.0000,293.348320
8,1755.0000,299.552279
8,1756.0000,291.220444
8,1757.0000,310.363590
8,1758.0000,307.076000
8,1759.0000,307.414606
8,1760.0000,301.506988
8,1761.0000,298.739352
8,1762.0000,302.317667
8,1763.0000,304.235345
8,1764.0000,300.175134
8,1765.0000,301.475256
8,1766.0000,302.093952
8,1767.0000,298.786699
8,1768.0000,302.996298
8,1769.0000,291.530293
8,1770.0000,292.546950
8,1771.0000,292.098937
8,1772.0000,305.135349
8,1773.0000,305.150475
8,1774.0000,302.963872
8,1775.0000,291.241481
8,1776.0000,297.113233
8,1777.0000,306.541476
8,1778.0000,302.013380
8,1779.0000,302.463343
8,1780.0000,294.335099
8,1781.0000,306.957003
8,1782.0000,289.004430
8,1783.0000,296.392143
8,1784.0000,297.816317
8,1785.0000,304.993436
8,1786.0000,303.252890
8,1787.0000,296.418415
8,1788.0000,303.389452
8,1789.0000,301.113156
8,1790.0000,298.467020
8,1791.0000,289.699454
8,1792.0000,295.357396
8,1793.0000,301.720333
8,1794.0000,298.021910
8,1795.0000,304.228118
8,1796.0000,300.570600
8,1797.0000,301.719236
8,1798.0000,312.329124
8,1799.0000,297.954255
8,1800.0000,297.347815
8,1801.0000,298.877513
8,1802.0000,294.978192
8,1803.0000,301.503207
8,1804.0000,304.146895
8,1805.0000,300.283763
8,1806.0000,296.185703
8,1807.0000,300.722037
8,1808.0000,293.430582
8,1809.0000,298.564731
8,1810.0000,308.662023
8,1811.0000,294.060425
8,1812.0000,290.620658
8,1813.0000,301.480530
8,1814.0000,296.877106
8,1815.0000,296.446748
8,1816.0000,305.694133
8,1817.0000,291.617351
8,1818.0000,290.806305
8,1819.0000,300.963803
8,1820.0000,298.724366
8,1821.0000,312.626341
8,1822.0000,296.209282
8,1823.0000,301.364132
8,1824.0000,307.084626
8,1825.0000,304.993587
8,1826.0000,309.347556
8,1827.0000,300.305412
8,1828.0000,296.258334
8,1829.0000,290.329371
8,1830.0000,295.725724
8,1831.0000,292.061055
8,1832.0000,299.331157
8,1833.0000,300.261903
8,1834.0000,294.087465
8,1835.0000,307.321966
8,1836.0000,283.572007
8,1837.0000,295.538441
8,1838.0000,297.549497
8,1839.0000,291.139014
8,1840.0000,306.522703
8,1841.0000,294.331047
8,1842.0000,312.204618
8,1843.0000,300.142128
8,1844.0000,300.310124
8,1845.0000,297.040628
8,1846.0000,304.035360
8,1847.0000,296.191113
8,1848.0000,296.723335
8,1849.0000,307.711060
8,1850.0000,293.807605
8,1851.0000,301.419361
8,1852.0000,296.111045
8,1853.0000,293.543553
8,1854.0000,292.834186
8,1855.0000,303.435111
8,1856.0000,310.175081
8,1857.0000,296.714663
8,1858.0000,296.345302
8,1859.0000,310.793649
8,1860.0000,313.802080
8,1861.0000,304.870630
8,1862.0000,292.236588
8,1863.0000,309.022539
8,1864.0000,290.426586
8,1865.0000,292.684227
8,1866.0000,296.769791
8,1867.0000,299.127322
8,1868.0000,300.493663
8,1869.0000,297.932786
8,1870.0000,309.284548
8,1871.0000,299.813701
8,1872.0000,294.939452
8,1873.0000,310.274556
8,1874.0000,315.173530
8,1875.0000,301.293277
8,1876.0000,305.923167
8,1877.0000,304.709822
8,1878.0000,308.054740
8,1879.0000,294.702346
8,1880.0000,297.534857
8,1881.0000,301.225104
8,1882.0000,306.011887
8,1883.0000,315.091872
8,1884.0000,312.872591
8,1885.0000,298.809544
8,1886.0000,299.886673
8,1887.0000,291.823047
8,1888.0000,304.074972
8,1889.0000,293.324210
8,1890.0000,297.241131
8,1891.0000,302.369027
8,1892.0000,306.194736
8,1893.0000,307.169502
8,1894.0000,298.074135
8,1895.0000,296.954892
8,1896.0000,302.610573
8,1897.0000,308.587066
8,1898.0000,301.874228
8,1899.0000,305.728708
8,1900.0000,304.603074
8,1901.0000,294.712419
8,1902.0000,300.822722
8,1903.0000,295.356726
8,1904.0000,296.028398
8,1905.0000,293.454461
8,1906.0000,291.802248
8,1907.0000,296.206184
8,1908.0000,301.329167
8,1909.0000,299.492047
8,1910.0000,300.631205
8,1911.0000,303.714392
8,1912.0000,302.292946
8,1913.0000,294.590793
8,1914.0000,295.674909
8,1915.0000,301.001295
8,1916.0000,293.076706
8,1917.0000,296.887507
8,1918.0000,305.915356
8,1919.0000,287.676231
8,1920.0000,297.149584
8,1921.0000,295.533767
8,1922.0000,300.278172
8,1923.0000,301.878567
8,1924.0000,298.484202
8,1925.0000,307.491213
8,1926.0000,312.846492
8,1927.0000,292.017594
8,1928.0000,293.590372
8,1929.0000,295.091296
8,1930.0000,298.351511
8,1931.0000,291.855750
8,1932.0000,294.051120
8,1933.0000,293.285011
8,1934.0000,293.654961
8,1935.0000,318.250077
8,1936.0000,298.866916
8,1937.0000,307.985272
8,1938.0000,295.615166
8,1939.0000,302.117408
8,1940.0000,306.737618
8,1941.0000,293.187979
8,1942.0000,290.590088
8,1943.0000,303.898851
8,1944.0000,299.030302
8,1945.0000,296.671481
8,1946.0000,300.254562
8,1947.0000,310.265054
8,1948.0000,299.974636
8,1949.0000,294.782776
8,1950.0000,300.242918
8,1951.0000,302.030056
8,1952.0000,303.273326
8,1953.0000,300.794416
8,1954.0000,291.523377
8,1955.0000,309.331853
8,1956.0000,301.439721
8,1957.0000,296.879995
8,1958.0000,298.244077
8,1959.0000,300.244638
8,1960.0000,305.341939
8,1961.0000,305.040424
8,1962.0000,301.709581
8,1963.0000,298.336931
8,1964.0000,301.997995
8,1965.0000,311.632254
8,1966.0000,291.318510
8,1967.0000,304.529403
8,1968.0000,306.560583
8,1969.0000,308.562822
8,1970.0000,299.384174
8,1971.0000,296.705029
8,1972.0000,304.602777
8,1973.0000,315.366051
8,1974.0000,302.568850
8,1975.0000,298.588870
8,1976.0000,304.296060
8,1977.0000,310.963774
8,1978.0000,299.709771
8,1979.0000,291.693250
8,1980.0000,299.437014
8,1981.0000,309.768453
8,1982.0000,304.039786
8,1983.0000,303.468670
8,1984.0000,310.426125
8,1985.0000,308.017424
8,1986.0000,307.223478
8,1987.0000,293.248390
8,1988.0000,287.192340
8,1989.0000,300.266803
8,1990.0000,296.126867
8,1991.0000,304.431915
8,1992.0000,294.534730
8,1993.0000,297.827878
8,1994.0000,294.859486
8,1995.0000,297.732301
8,1996.0000,299.294213
8,1997.0000,304.382296
8,1998.0000,301.981801
8,1999.0000,294.090462
8,2000.0000,306.577271
9,200.0000,319.336028
9,201.0000,331.253132
9,202.0000,319.386529
9,203.0000,331.508407
9,204.0000,331.849225
9,205.0000,318.252514
9,206.0000,333.192458
9,207.0000,331.225599
9,208.0000,320.871944
9,209.0000,323.997794
9,210.0000,335.154887
9,211.0000,330.669430
9,212.0000,316.694441
9,213.0000,323.521215
9,214.0000,327.207335
9,215.0000,321.965016
9,216.0000,330.261203
9,217.0000,318.895068
9,218.0000,311.879123
9,219.0000,313.006806
9,220.0000,324.517993
9,221.0000,330.927992
9,222.0000,320.977889
9,223.0000,323.927763
9,224.0000,326.515967
9,225.0000,316.009755
9,226.0000,333.281535
9,227.0000,321.322661
9,228.0000,321.106131
9,229.0000,323.613325
9,230.0000,326.652860
9,231.0000,325.009748
9,232.0000,321.247322
9,233.0000,324.919773
9,234.0000,307.774751
9,235.0000,331.644405
9,236.0000,325.642148
9,237.0000,335.338475
9,238.0000,325.400855
9,239.0000,333.629776
9,240.0000,328.142223
9,241.0000,326.008372
9,242.0000,333.040563
9,243.0000,322.839942
9,244.0000,330.894541
9,245.0000,320.577344
9,246.0000,323.966912
9,247.0000,329.720183
9,248.0000,324.956256
9,249.0000,327.883763
9,250.0000,330.436668
9,251.0000,326.517043
9,252.0000,328.841449
9,253.0000,318.039399
9,254.0000,325.979105
9,255.0000,319.503257
9,256.0000,322.791547
9,257.0000,311.602712
9,258.0000,335.198593
9,259.0000,327.242686
9,260.0000,321.715368
9,261.0000,325.059732
9,262.0000,315.850665
9,263.0000,321.999731
9,264.0000,324.293807
9,265.0000,334.519106
9,266.0000,325.039471
9,267.0000,317.800464
9,268.0000,329.132999
9,269.0000,321.094124
9,270.0000,328.674380
9,271.0000,325.691138
9,272.0000,337.129969
9,273.0000,321.844336
9,274.0000,325.047635
9,275.0000,320.895651
9,276.0000,324.681670
9,277.0000,327.730511
9,278.0000,327.746323
9,279.0000,330.019996
9,280.0000,318.146144
9,281.0000,327.445398
9,282.0000,322.176886
9,283.0000,319.519633
9,284.0000,347.085745
9,285.0000,324.840495
9,286.0000,335.359972
9,287.0000,330.303706
9,288.0000,314.830057
9,289.0000,327.222873
9,290.0000,334.080689
9,291.0000,328.308319
9,292.0000,325.916379
9,293.0000,323.077718
9,294.0000,325.778219
9,295.0000,338.555955
9,296.0000,332.316983
9,297.0000,317.887120
9,298.0000,314.455469
9,299.0000,317.769072
9,300.0000,309.789608
9,301.0000,324.545574
9,302.0000,321.772548
9,303.0000,328.896248
9,304.0000,321.003520
9,305.0000,321.710169
9,306.0000,317.026408
9,307.0000,324.546918
9,308.0000,322.812589
9,309.0000,316.305663
9,310.0000,333.205502
9,311.0000,330.882740
9,312.0000,322.209150
9,313.0000,332.422652
9,314.0000,314.609006
9,315.0000,320.028041
9,316.0000,329.601555
9,317.0000,330.443298
9,318.0000,331.697779
9,319.0000,324.072408
9,320.0000,324.925080
9,321.0000,330.183113
9,322.0000,318.938061
9,323.0000,319.385548
9,324.0000,321.196698
9,325.0000,323.978670
9,326.0000,331.478833
9,327.0000,329.661591
9,328.0000,329.248006
9,329.0000,328.720928
9,330.0000,322.413240
9,331.0000,321.454748
9,332.0000,337.435883
9,333.0000,327.492468
9,334.0000,323.175170
9,335.0000,335.265647
9,336.0000,322.751053
9,337.0000,325.956725
9,338.0000,331.307996
9,339.0000,324.852749
9,340.0000,333.981774
9,341.0000,332.232572
9,342.0000,322.945495
9,343.0000,334.880632
9,344.0000,323.644813
9,345.0000,338.089388
9,346.0000,317.312178
9,347.0000,325.838900
9,348.0000,322.051465
9,349.0000,329.980264
9,350.0000,316.564353
9,351.0000,323.708429
9,352.0000,331.415165
9,353.0000,313.905552
9,354.0000,332.798114
9,355.0000,323.325803
9,356.0000,323.201872
9,357.0000,317.903945
9,358.0000,334.479902
9,359.0000,320.873007
9,360.0000,329.994936
9,361.0000,330.979508
9,362.0000,323.031101
9,363.0000,322.912436
9,364.0000,319.658189
9,365.0000,331.175296
9,366.0000,336.079425
9,367.0000,326.555958
9,368.0000,328.634740
9,369.0000,332.054193
9,370.0000,329.239694
9,371.0000,325.901524
9,372.0000,322.999892
9,373.0000,324.800174
9,374.0000,337.266848
9,375.0000,333.910894
9,376.0000,328.180541
9,377.0000,318.336812
9,378.0000,330.985325
9,379.0000,329.173451
9,380.0000,314.720563
9,381.0000,335.196505
9,382.0000,333.664236
9,383.0000,327.927434
9,384.0000,327.360079
9,385.0000,314.085408
9,386.0000,324.055674
9,387.0000,327.168917
9,388.0000,322.913749
9,389.0000,325.714743
9,390.0000,314.051288
9,391.0000,329.565900
9,392.0000,320.509852
9,393.0000,317.553939
9,394.0000,323.541389
9,395.0000,331.318219
9,396.0000,333.347605
9,397.0000,332.509280
9,398.0000,332.097493
9,399.0000,324.603960
9,400.0000,310.285297
9,401.0000,321.773638
9,402.0000,323.952797
9,403.0000,348.774179
9,404.0000,314.735426
9,405.0000,326.388158
9,406.0000,327.602824
9,407.0000,323.906129
9,408.0000,325.108818
9,409.0000,324.194404
9,410.0000,332.401041
9,411.0000,328.539667
9,412.0000,316.375508
9,413.0000,321.371896
9,414.0000,324.195168
9,415.0000,325.563760
9,416.0000,331.567823
9,417.0000,331.450297
9,418.0000,327.814616
9,419.0000,322.188350
9,420.0000,320.507045
9,421.0000,321.852565
9,422.0000,327.516490
9,423.0000,320.594685
9,424.0000,325.334080
9,425.0000,325.389970
9,426.0000,323.247484
9,427.0000,325.168898
9,428.0000,319.044524
9,429.0000,324.054679
9,430.0000,329.850755
9,431.0000,335.849632
9,432.0000,347.523537
9,433.0000,313.194884
9,434.0000,321.227551
9,435.0000,320.153190
9,436.0000,323.017632
9,437.0000,312.904717
9,438.0000,320.580068
9,439.0000,329.981158
9,440.0000,325.521215
9,441.0000,341.556011
9,442.0000,339.379141
9,443.0000,320.853738
9,444.0000,330.303988
9,445.0000,326.977188
9,446.0000,312.995373
9,447.0000,317.199897
9,448.0000,328.057600
9,449.0000,333.912290
9,450.0000,308.160365
9,451.0000,319.001160
9,452.0000,319.774139
9,453.0000,330.913219
9,454.0000,331.521213
9,455.0000,333.963382
9,456.0000,330.709282
9,457.0000,317.152170
9,458.0000,322.373811
9,459.0000,321.653382
9,460.0000,326.985478
9,461.0000,328.672843
9,462.0000,332.780136
9,463.0000,327.635095
9,464.0000,323.617101
9,465.0000,332.426341
9,466.0000,325.150427
9,467.0000,331.706618
9,468.0000,328.722462
9,469.0000,322.350577
9,470.0000,316.315232
9,471.0000,319.951850
9,472.0000,332.166323
9,473.0000,321.598042
9,474.0000,328.638151
9,475.0000,328.683265
9,476.0000,321.786306
9,477.0000,327.202016
9,478.0000,315.077224
9,479.0000,322.508948
9,480.0000,325.341661
9,481.0000,315.795064
9,482.0000,326.582774
9,483.0000,334.454081
9,484.0000,330.286094
9,485.0000,324.456832
9,486.0000,326.700479
9,487.0000,324.273813
9,488.0000,336.831596
9,489.0000,327.520009
9,490.0000,319.260205
9,491.0000,325.894935
9,492.0000,325.253266
9,493.0000,330.475964
9,494.0000,324.536022
9,495.0000,324.593736
9,496.0000,316.295768
9,497.0000,320.177123
9,498.0000,329.724932
9,499.0000,322.532518
9,500.0000,315.614876
9,501.0000,338.037890
9,502.0000,324.386215
9,503.0000,332.481397
9,504.0000,324.099851
9,505.0000,332.544090
9,506.0000,315.487213
9,507.0000,320.697393
9,508.0000,335.628668
9,509.0000,328.343738
9,510.0000,333.628251
9,511.0000,324.059063
9,512.0000,325.904827
9,513.0000,325.862617
9,514.0000,329.676454
9,515.0000,326.873682
9,516.0000,323.574129
9,517.0000,324.810488
9,518.0000,320.686901
9,519.0000,332.571424
9,520.0000,326.694572
9,521.0000,330.053755
9,522.0000,329.290756
9,523.0000,312.502105
9,524.0000,335.346141
9,525.0000,326.873383
9,526.0000,325.605282
9,527.0000,326.507710
9,528.0000,324.927533
9,529.0000,335.029983
9,530.0000,319.321403
9,531.0000,322.854795
9,532.0000,322.497427
9,533.0000,326.977563
9,534.0000,311.766867
9,535.0000,316.501625
9,536.0000,328.521508
9,537.0000,324.001930
9,538.0000,331.319934
9,539.0000,331.868607
9,540.0000,323.366098
9,541.0000,323.346223
9,542.0000,323.819533
9,543.0000,329.209241
9,544.0000,326.782550
9,545.0000,324.721779
9,546.0000,324.454646
9,547.0000,312.081142
9,548.0000,331.504700
9,549.0000,332.088872
9,550.0000,329.869504
9,551.0000,327.416089
9,552.0000,333.752330
9,553.0000,324.639431
9,554.0000,327.329607
9,555.0000,327.821304
9,556.0000,325.391382
9,557.0000,327.281016
9,558.0000,319.739430
9,559.0000,319.409302
9,560.0000,332.893324
9,561.0000,325.544592
9,562.0000,333.420146
9,563.0000,324.658787
9,564.0000,320.524236
9,565.0000,322.343404
9,566.0000,334.833328
9,567.0000,323.446118
9,568.0000,329.387145
9,569.0000,321.455840
9,570.0000,321.637601
9,571.0000,326.772606
9,572.0000,325.371138
9,573.0000,335.362214
9,574.0000,322.423432
9,575.0000,336.518225
9,576.0000,331.425116
9,577.0000,335.996181
9,578.0000,312.665236
9,579.0000,322.354525
9,580.0000,325.033039
9,581.0000,320.519499
9,582.0000,332.732808
9,583.0000,327.831643
9,584.0000,323.825396
9,585.0000,338.081683
9,586.0000,323.139690
9,587.0000,333.139616
9,588.0000,327.301242
9,589.0000,332.564064
9,590.0000,333.183345
9,591.0000,329.436547
9,592.0000,331.148419
9,593.0000,320.570211
9,594.0000,323.336949
9,595.0000,325.152723
9,596.0000,324.431453
9,597.0000,324.058083
9,598.0000,334.322281
9,599.0000,326.579030
9,600.0000,338.618510
9,601.0000,323.191873
9,602.0000,336.648061
9,603.0000,342.473032
9,604.0000,337.097021
9,605.0000,334.921425
9,606.0000,321.530188
9,607.0000,332.760763
9,608.0000,334.618042
9,609.0000,336.503637
9,610.0000,334.866481
9,611.0000,344.501771
9,612.0000,345.978800
9,613.0000,361.028759
9,614.0000,361.548157
9,615.0000,375.676260
9,616.0000,386.526121
9,617.0000,384.639132
9,618.0000,404.950043
9,619.0000,412.542559
9,620.0000,424.103053
9,621.0000,410.763313
9,622.0000,420.694543
9,623.0000,398.428073
9,624.0000,387.096106
9,625.0000,360.573093
9,626.0000,368.436545
9,627.0000,353.599202
9,628.0000,345.213734
9,629.0000,345.227221
9,630.0000,342.809079
9,631.0000,345.936307
9,632.0000,337.361821
9,633.0000,341.544530
9,634.0000,322.536102
9,635.0000,329.833719
9,636.0000,333.794514
9,637.0000,329.669859
9,638.0000,326.858285
9,639.0000,339.505903
9,640.0000,330.218983
9,641.0000,318.882551
9,642.0000,323.734913
9,643.0000,329.538238
9,644.0000,333.597693
9,645.0000,334.184969
9,646.0000,330.262687
9,647.0000,323.350602
9,648.0000,328.410889
9,649.0000,320.052365
9,650.0000,322.454729
9,651.0000,329.325650
9,652.0000,330.530104
9,653.0000,326.690942
9,654.0000,336.144405
9,655.0000,323.893687
9,656.0000,325.117287
9,657.0000,326.517214
9,658.0000,325.887250
9,659.0000,334.554184
9,660.0000,330.655571
9,661.0000,327.751704
9,662.0000,329.275828
9,663.0000,331.387934
9,664.0000,333.215015
9,665.0000,325.534360
9,666.0000,324.587895
9,667.0000,329.919686
9,668.0000,330.108847
9,669.0000,325.582688
9,670.0000,334.376325
9,671.0000,321.766202
9,672.0000,327.293142
9,673.0000,323.610214
9,674.0000,319.096036
9,675.0000,320.499859
9,676.0000,319.400791
9,677.0000,327.714489
9,678.0000,331.852971
9,679.0000,325.006061
9,680.0000,324.647591
9,681.0000,330.564664
9,682.0000,330.713043
9,683.0000,332.516611
9,684.0000,328.884125
9,685.0000,326.642163
9,686.0000,325.578391
9,687.0000,330.098183
9,688.0000,321.376196
9,689.0000,329.027703
9,690.0000,321.680276
9,691.0000,328.318251
9,692.0000,321.864124
9,693.0000,326.510354
9,694.0000,320.740279
9,695.0000,329.965751
9,696.0000,322.159519
9,697.0000,326.978521
9,698.0000,331.070844
9,699.0000,332.163145
9,700.0000,333.415889
9,701.0000,325.116432
9,702.0000,333.713955
9,703.0000,319.363646
9,704.0000,322.774648
9,705.0000,318.817768
9,706.0000,324.509633
9,707.0000,323.309713
9,708.0000,332.220712
9,709.0000,317.637124
9,710.0000,332.289120
9,711.0000,332.333389
9,712.0000,324.951211
9,713.0000,320.532867
9,714.0000,330.541758
9,715.0000,333.509728
9,716.0000,330.355336
9,717.0000,322.811984
9,718.0000,341.266643
9,719.0000,331.438533
9,720.0000,331.882528
9,721.0000,322.971260
9,722.0000,334.816484
9,723.0000,322.180697
9,724.0000,322.967331
9,725.0000,328.800137
9,726.0000,324.235004
9,727.0000,325.210661
9,728.0000,319.888386
9,729.0000,336.352197
9,730.0000,324.756691
9,731.0000,330.783142
9,732.0000,329.781443
9,733.0000,317.238890
9,734.0000,325.282478
9,735.0000,327.878701
9,736.0000,329.750676
9,737.0000,332.225402
9,738.0000,328.300025
9,739.0000,325.176339
9,740.0000,324.958549
9,741.0000,325.295152
9,742.0000,334.393241
9,743.0000,326.712372
9,744.0000,328.537184
9,745.0000,323.838692
9,746.0000,321.810401
9,747.0000,324.028904
9,748.0000,325.754126
9,749.0000,329.045860
9,750.0000,334.566273
9,751.0000,318.924144
9,752.0000,324.242015
9,753.0000,330.631808
9,754.0000,341.203200
9,755.0000,321.824995
9,756.0000,329.228632
9,757.0000,318.872292
9,758.0000,319.916424
9,759.0000,325.805079
9,760.0000,317.730467
9,761.0000,332.135393
9,762.0000,331.389363
9,763.0000,338.523432
9,764.0000,318.653107
9,765.0000,319.166252
9,766.0000,327.654705
9,767.0000,337.976900
9,768.0000,327.349971
9,769.0000,323.006427
9,770.0000,321.437422
9,771.0000,324.054941
9,772.0000,335.626057
9,773.0000,332.591399
9,774.0000,328.616947
9,775.0000,338.566230
9,776.0000,324.464350
9,777.0000,315.931972
9,778.0000,326.026802
9,779.0000,346.621142
9,780.0000,332.515303
9,781.0000,334.266229
9,782.0000,334.464420
9,783.0000,339.756553
9,784.0000,335.035955
9,785.0000,331.598628
9,786.0000,351.083572
9,787.0000,336.174060
9,788.0000,346.505039
9,789.0000,355.182742
9,790.0000,349.780445
9,791.0000,355.081973
9,792.0000,379.925031
9,793.0000,374.186581
9,794.0000,376.372409
9,795.0000,381.321928
9,796.0000,381.282034
9,797.0000,373.232143
9,798.0000,368.126630
9,799.0000,367.625125
9,800.0000,365.690745
9,801.0000,351.312015
9,802.0000,347.302992
9,803.0000,343.834357
9,804.0000,347.354916
9,805.0000,337.333471
9,806.0000,328.713019
9,807.0000,337.789863
9,808.0000,330.945961
9,809.0000,333.223026
9,810.0000,322.452596
9,811.0000,330.365589
9,812.0000,326.363997
9,813.0000,341.542343
9,814.0000,326.335357
9,815.0000,330.816927
9,816.0000,330.502660
9,817.0000,318.781957
9,818.0000,334.452053
9,819.0000,327.717683
9,820.0000,324.337573
9,821.0000,323.108473
9,822.0000,321.069843
9,823.0000,321.370618
9,824.0000,319.669892
9,825.0000,330.199188
9,826.0000,316.805230
9,827.0000,329.806381
9,828.0000,323.386051
9,829.0000,320.240167
9,830.0000,331.043961
9,831.0000,325.462200
9,832.0000,324.345793
9,833.0000,319.281204
9,834.0000,321.522114
9,835.0000,329.023124
9,836.0000,336.986167
9,837.0000,317.437112
9,838.0000,334.718248
9,839.0000,317.063001
9,840.0000,312.111190
9,841.0000,325.551659
9,842.0000,316.648129
9,843.0000,327.960163
9,844.0000,318.780871
9,845.0000,328.484542
9,846.0000,327.974781
9,847.0000,332.158585
9,848.0000,325.606513
9,849.0000,318.290465
9,850.0000,309.859588
9,851.0000,325.300651
9,852.0000,325.479050
9,853.0000,325.711914
9,854.0000,324.917633
9,855.0000,326.123096
9,856.0000,318.227785
9,857.0000,311.402325
9,858.0000,320.575338
9,859.0000,326.826824
9,860.0000,329.782055
9,861.0000,328.755148
9,862.0000,327.010009
9,863.0000,326.499517
9,864.0000,321.826305
9,865.0000,326.084030
9,866.0000,333.970609
9,867.0000,318.775497
9,868.0000,320.921863
9,869.0000,315.668150
9,870.0000,331.017675
9,871.0000,323.568387
9,872.0000,315.127325
9,873.0000,311.691846
9,874.0000,331.883130
9,875.0000,316.664546
9,876.0000,320.098110
9,877.0000,327.098702
9,878.0000,328.088408
9,879.0000,326.296502
9,880.0000,322.864611
9,881.0000,325.765827
9,882.0000,339.324800
9,883.0000,323.343290
9,884.0000,316.246869
9,885.0000,328.757135
9,886.0000,334.013379
9,887.0000,328.072161
9,888.0000,330.288882
9,889.0000,326.912802
9,890.0000,329.828328
9,891.0000,319.832901
9,892.0000,327.913277
9,893.0000,328.817921
9,894.0000,324.313948
9,895.0000,326.316324
9,896.0000,323.563500
9,897.0000,321.482456
9,898.0000,324.684390
9,899.0000,332.696490
9,900.0000,326.572844
9,901.0000,327.014909
9,902.0000,313.883104
9,903.0000,325.319051
9,904.0000,328.790329
9,905.0000,326.002542
9,906.0000,326.539446
9,907.0000,316.046276
9,908.0000,337.585071
9,909.0000,316.469707
9,910.0000,331.745637
9,911.0000,327.336580
9,912.0000,333.704177
9,913.0000,328.182719
9,914.0000,320.040478
9,915.0000,324.167479
9,916.0000,318.526440
9,917.0000,323.919512
9,918.0000,320.357927
9,919.0000,325.003239
9,920.0000,326.713124
9,921.0000,323.792355
9,922.0000,335.277807
9,923.0000,323.257618
9,924.0000,327.897752
9,925.0000,339.993178
9,926.0000,322.938116
9,927.0000,330.100044
9,928.0000,328.174273
9,929.0000,325.836377
9,930.0000,324.531262
9,931.0000,327.253156
9,932.0000,320.388822
9,933.0000,322.799294
9,934.0000,325.608700
9,935.0000,324.131718
9,936.0000,331.543136
9,937.0000,339.754354
9,938.0000,328.594732
9,939.0000,328.323294
9,940.0000,320.966868
9,941.0000,328.674158
9,942.0000,327.609222
9,943.0000,329.266495
9,944.0000,327.853613
9,945.0000,316.433693
9,946.0000,331.283941
9,947.0000,324.591677
9,948.0000,324.398450
9,949.0000,328.108828
9,950.0000,321.480070
9,951.0000,322.847079
9,952.0000,322.094818
9,953.0000,329.642120
9,954.0000,323.320488
9,955.0000,319.115328
9,956.0000,327.097736
9,957.0000,327.094896
9,958.0000,340.164491
9,959.0000,325.711615
9,960.0000,326.798798
9,961.0000,325.502754
9,962.0000,319.701105
9,963.0000,332.397228
9,964.0000,330.804970
9,965.0000,322.300107
9,966.0000,331.386085
9,967.0000,334.573181
9,968.0000,340.856809
9,969.0000,332.559075
9,970.0000,339.508442
9,971.0000,339.153296
9,972.0000,338.355410
9,973.0000,332.410781
9,974.0000,325.659187
9,975.0000,332.837798
9,976.0000,321.241583
9,977.0000,334.224754
9,978.0000,335.853899
9,979.0000,343.926558
9,980.0000,338.581095
9,981.0000,333.363700
9,982.0000,333.892587
9,983.0000,337.427286
9,984.0000,342.806735
9,985.0000,352.859661
9,986.0000,354.748196
9,987.0000,343.440586
9,988.0000,355.072447
9,989.0000,348.527394
9,990.0000,357.677076
9,991.0000,369.316119
9,992.0000,384.830842
9,993.0000,388.532185
9,994.0000,417.754902
9,995.0000,433.263765
9,996.0000,464.023622
9,997.0000,525.748427
9,998.0000,590.191503
9,999.0000,704.573435
9,1000.0000,814.345985
9,1001.0000,885.031542
9,1002.0000,810.032007
9,1003.0000,695.043565
9,1004.0000,598.749108
9,1005.0000,535.272319
9,1006.0000,474.258299
9,1007.0000,447.536278
9,1008.0000,409.601949
9,1009.0000,405.093900
9,1010.0000,389.328820
9,1011.0000,371.439707
9,1012.0000,363.667904
9,1013.0000,366.542649
9,1014.0000,362.111932
9,1015.0000,352.623695
9,1016.0000,362.809247
9,1017.0000,355.140638
9,1018.0000,346.339835
9,1019.0000,358.137497
9,1020.0000,357.595079
9,1021.0000,368.793484
9,1022.0000,370.825785
9,1023.0000,381.986429
9,1024.0000,380.503298
9,1025.0000,393.240811
9,1026.0000,405.797329
9,1027.0000,426.419359
9,1028.0000,456.374444
9,1029.0000,488.149690
9,1030.0000,540.155359
9,1031.0000,559.023809
9,1032.0000,546.540263
9,1033.0000,505.780294
9,1034.0000,468.919411
9,1035.0000,421.056253
9,1036.0000,408.026147
9,1037.0000,388.767048
9,1038.0000,370.081210
9,1039.0000,369.852601
9,1040.0000,351.817048
9,1041.0000,356.253803
9,1042.0000,353.896545
9,1043.0000,351.510671
9,1044.0000,339.040964
9,1045.0000,350.890166
9,1046.0000,334.079457
9,1047.0000,353.719501
9,1048.0000,333.613458
9,1049.0000,340.710248
9,1050.0000,335.805476
9,1051.0000,332.021294
9,1052.0000,338.399335
9,1053.0000,342.631217
9,1054.0000,335.663785
9,1055.0000,332.306493
9,1056.0000,335.799081
9,1057.0000,331.509234
9,1058.0000,320.712230
9,1059.0000,334.330130
9,1060.0000,318.566242
9,1061.0000,325.796254
9,1062.0000,331.844197
9,1063.0000,331.111586
9,1064.0000,333.599954
9,1065.0000,325.803349
9,1066.0000,339.375783
9,1067.0000,333.354940
9,1068.0000,324.388103
9,1069.0000,331.374815
9,1070.0000,324.781756
9,1071.0000,327.057186
9,1072.0000,327.778351
9,1073.0000,335.659800
9,1074.0000,319.817354
9,1075.0000,326.903648
9,1076.0000,317.429628
9,1077.0000,338.319595
9,1078.0000,336.455912
9,1079.0000,316.858258
9,1080.0000,322.232887
9,1081.0000,332.667046
9,1082.0000,332.215953
9,1083.0000,320.515763
9,1084.0000,328.816017
9,1085.0000,324.348328
9,1086.0000,333.911566
9,1087.0000,338.685396
9,1088.0000,318.809201
9,1089.0000,330.592086
9,1090.0000,330.615111
9,1091.0000,323.389620
9,1092.0000,322.840870
9,1093.0000,338.365517
9,1094.0000,335.149055
9,1095.0000,334.675845
9,1096.0000,320.125762
9,1097.0000,337.699175
9,1098.0000,316.391676
9,1099.0000,323.341830
9,1100.0000,333.841307
9,1101.0000,329.487232
9,1102.0000,325.524186
9,1103.0000,331.115337
9,1104.0000,329.657733
9,1105.0000,328.715780
9,1106.0000,326.163267
9,1107.0000,323.849968
9,1108.0000,321.350802
9,1109.0000,317.368126
9,1110.0000,333.502796
9,1111.0000,333.256219
9,1112.0000,328.359121
9,1113.0000,326.177975
9,1114.0000,327.988394
9,1115.0000,340.535216
9,1116.0000,331.845119
9,1117.0000,327.085779
9,1118.0000,323.870658
9,1119.0000,319.394244
9,1120.0000,326.203917
9,1121.0000,340.860855
9,1122.0000,329.976351
9,1123.0000,328.139683
9,1124.0000,330.824402
9,1125.0000,328.309061
9,1126.0000,326.388837
9,1127.0000,334.841667
9,1128.0000,337.704849
9,1129.0000,326.603407
9,1130.0000,330.208186
9,1131.0000,328.585525
9,1132.0000,331.463331
9,1133.0000,321.372720
9,1134.0000,327.839872
9,1135.0000,345.739934
9,1136.0000,325.374383
9,1137.0000,331.552772
9,1138.0000,325.329767
9,1139.0000,335.761572
9,1140.0000,333.145879
9,1141.0000,324.519484
9,1142.0000,331.214404
9,1143.0000,326.714992
9,1144.0000,333.497843
9,1145.0000,338.990509
9,1146.0000,346.001434
9,1147.0000,344.824188
9,1148.0000,350.265329
9,1149.0000,362.274482
9,1150.0000,367.461909
9,1151.0000,376.683732
9,1152.0000,381.380873
9,1153.0000,389.079307
9,1154.0000,402.051073
9,1155.0000,405.376487
9,1156.0000,409.301195
9,1157.0000,387.711967
9,1158.0000,378.488829
9,1159.0000,369.125399
9,1160.0000,368.557622
9,1161.0000,354.134118
9,1162.0000,358.810306
9,1163.0000,346.016775
9,1164.0000,347.917335
9,1165.0000,341.143405
9,1166.0000,341.398994
9,1167.0000,353.795393
9,1168.0000,350.917961
9,1169.0000,340.397936
9,1170.0000,350.095512
9,1171.0000,334.849293
9,1172.0000,343.300080
9,1173.0000,343.569794
9,1174.0000,340.520406
9,1175.0000,348.125006
9,1176.0000,351.631106
9,1177.0000,346.416800
9,1178.0000,355.709625
9,1179.0000,358.291490
9,1180.0000,371.540695
9,1181.0000,393.202329
9,1182.0000,387.482256
9,1183.0000,392.364897
9,1184.0000,404.442814
9,1185.0000,378.275168
9,1186.0000,373.109623
9,1187.0000,354.193275
9,1188.0000,365.981169
9,1189.0000,347.635547
9,1190.0000,337.875753
9,1191.0000,351.541578
9,1192.0000,345.056123
9,1193.0000,335.785214
9,1194.0000,329.943777
9,1195.0000,335.260741
9,1196.0000,331.847618
9,1197.0000,334.879016
9,1198.0000,335.525550
9,1199.0000,333.912075
9,1200.0000,322.745679
9,1201.0000,329.248569
9,1202.0000,327.054607
9,1203.0000,335.749646
9,1204.0000,334.968000
9,1205.0000,334.987236
9,1206.0000,332.389873
9,1207.0000,324.663909
9,1208.0000,329.798431
9,1209.0000,328.823532
9,1210.0000,320.304861
9,1211.0000,327.030954
9,1212.0000,327.627940
9,1213.0000,330.243932
9,1214.0000,338.446044
9,1215.0000,326.521102
9,1216.0000,325.442431
9,1217.0000,326.986706
9,1218.0000,316.364382
9,1219.0000,324.669607
9,1220.0000,329.019496
9,1221.0000,325.040083
9,1222.0000,324.178010
9,1223.0000,336.160532
9,1224.0000,321.040194
9,1225.0000,325.777634
9,1226.0000,320.773940
9,1227.0000,317.994086
9,1228.0000,322.023537
9,1229.0000,326.261569
9,1230.0000,328.982619
9,1231.0000,322.307952
9,1232.0000,337.786483
9,1233.0000,322.299170
9,1234.0000,328.031755
9,1235.0000,336.569760
9,1236.0000,321.859652
9,1237.0000,331.592042
9,1238.0000,319.737554
9,1239.0000,335.157870
9,1240.0000,323.895309
9,1241.0000,330.400438
9,1242.0000,326.722515
9,1243.0000,328.144276
9,1244.0000,322.888902
9,1245.0000,321.421393
9,1246.0000,332.281811
9,1247.0000,323.971900
9,1248.0000,329.286239
9,1249.0000,333.010907
9,1250.0000,328.734287
9,1251.0000,327.667750
9,1252.0000,333.554345
9,1253.0000,316.973898
9,1254.0000,319.726029
9,1255.0000,327.753768
9,1256.0000,329.661316
9,1257.0000,325.279955
9,1258.0000,321.037050
9,1259.0000,322.011167
9,1260.0000,328.118295
9,1261.0000,333.614752
9,1262.0000,315.970492
9,1263.0000,328.416570
9,1264.0000,316.898578
9,1265.0000,312.474829
9,1266.0000,321.367080
9,1267.0000,330.367403
9,1268.0000,329.377346
9,1269.0000,333.399132
9,1270.0000,318.183749
9,1271.0000,327.215765
9,1272.0000,315.234480
9,1273.0000,326.621955
9,1274.0000,323.277297
9,1275.0000,321.050409
9,1276.0000,325.467625
9,1277.0000,323.445723
9,1278.0000,331.113897
9,1279.0000,322.805128
9,1280.0000,335.938633
9,1281.0000,319.441925
9,1282.0000,322.666014
9,1283.0000,323.794489
9,1284.0000,318.463401
9,1285.0000,316.269347
9,1286.0000,322.626435
9,1287.0000,325.387085
9,1288.0000,325.981310
9,1289.0000,323.633466
9,1290.0000,320.502129
9,1291.0000,331.222839
9,1292.0000,317.990564
9,1293.0000,331.782052
9,1294.0000,340.747363
9,1295.0000,325.403329
9,1296.0000,325.357184
9,1297.0000,323.157479
9,1298.0000,328.826704
9,1299.0000,325.188919
9,1300.0000,321.374969
9,1301.0000,329.492890
9,1302.0000,335.503522
9,1303.0000,320.538253
9,1304.0000,326.788502
9,1305.0000,324.157910
9,1306.0000,326.977494
9,1307.0000,326.403830
9,1308.0000,327.083558
9,1309.0000,331.052847
9,1310.0000,337.500256
9,1311.0000,326.056589
9,1312.0000,331.359079
9,1313.0000,329.668507
9,1314.0000,324.889422
9,1315.0000,322.709871
9,1316.0000,324.558044
9,1317.0000,320.689644
9,1318.0000,330.189240
9,1319.0000,329.888091
9,1320.0000,331.272339
9,1321.0000,322.048431
9,1322.0000,311.947964
9,1323.0000,323.082321
9,1324.0000,326.217573
9,1325.0000,329.291050
9,1326.0000,327.308253
9,1327.0000,324.822751
9,1328.0000,324.003947
9,1329.0000,329.338668
9,1330.0000,332.896894
9,1331.0000,340.233564
9,1332.0000,331.943968
9,1333.0000,316.594126
9,1334.0000,327.097186
9,1335.0000,316.282420
9,1336.0000,318.603916
9,1337.0000,323.438463
9,1338.0000,316.153408
9,1339.0000,331.770376
9,1340.0000,332.867409
9,1341.0000,324.974375
9,1342.0000,326.017108
9,1343.0000,319.901671
9,1344.0000,327.193093
9,1345.0000,311.633634
9,1346.0000,330.798955
9,1347.0000,313.665731
9,1348.0000,333.688012
9,1349.0000,322.261526
9,1350.0000,329.936974
9,1351.0000,334.233609
9,1352.0000,315.304647
9,1353.0000,327.521058
9,1354.0000,328.454069
9,1355.0000,324.660828
9,1356.0000,333.148185
9,1357.0000,332.265086
9,1358.0000,327.384913
9,1359.0000,327.678471
9,1360.0000,325.105070
9,1361.0000,323.936014
9,1362.0000,335.332747
9,1363.0000,323.897894
9,1364.0000,317.153424
9,1365.0000,320.879153
9,1366.0000,318.401454
9,1367.0000,318.778166
9,1368.0000,322.488483
9,1369.0000,320.099031
9,1370.0000,333.921428
9,1371.0000,334.407008
9,1372.0000,321.324054
9,1373.0000,327.681677
9,1374.0000,332.880270
9,1375.0000,335.553304
9,1376.0000,315.861335
9,1377.0000,332.168884
9,1378.0000,314.384231
9,1379.0000,327.537481
9,1380.0000,324.234048
9,1381.0000,327.233302
9,1382.0000,335.627693
9,1383.0000,333.989827
9,1384.0000,324.970382
9,1385.0000,334.203112
9,1386.0000,318.458462
9,1387.0000,326.682054
9,1388.0000,316.988459
9,1389.0000,317.692065
9,1390.0000,315.761753
9,1391.0000,330.379103
9,1392.0000,332.531839
9,1393.0000,317.079067
9,1394.0000,319.956407
9,1395.0000,322.908091
9,1396.0000,335.429394
9,1397.0000,327.295627
9,1398.0000,314.994396
9,1399.0000,335.388071
9,1400.0000,322.538239
9,1401.0000,330.509719
9,1402.0000,322.542356
9,1403.0000,327.160801
9,1404.0000,322.208825
9,1405.0000,323.144266
9,1406.0000,319.651728
9,1407.0000,327.846166
9,1408.0000,324.176398
9,1409.0000,320.119663
9,1410.0000,317.224380
9,1411.0000,325.288025
9,1412.0000,333.833128
9,1413.0000,333.065869
9,1414.0000,339.594092
9,1415.0000,333.393861
9,1416.0000,334.702513
9,1417.0000,328.632950
9,1418.0000,331.884505
9,1419.0000,330.702960
9,1420.0000,319.373453
9,1421.0000,338.971714
9,1422.0000,338.214095
9,1423.0000,334.502488
9,1424.0000,343.597097
9,1425.0000,345.781517
9,1426.0000,345.734730
9,1427.0000,351.553408
9,1428.0000,352.355667
9,1429.0000,343.471376
9,1430.0000,330.106346
9,1431.0000,332.301325
9,1432.0000,336.168440
9,1433.0000,340.095147
9,1434.0000,340.174659
9,1435.0000,348.055331
9,1436.0000,349.109249
9,1437.0000,345.356926
9,1438.0000,352.363632
9,1439.0000,369.889762
9,1440.0000,365.642098
9,1441.0000,367.688008
9,1442.0000,369.014153
9,1443.0000,383.905910
9,1444.0000,394.289028
9,1445.0000,414.507792
9,1446.0000,420.539181
9,1447.0000,428.168832
9,1448.0000,434.810221
9,1449.0000,445.542043
9,1450.0000,445.878546
9,1451.0000,443.135108
9,1452.0000,438.274711
9,1453.0000,429.333677
9,1454.0000,408.998287
9,1455.0000,407.325328
9,1456.0000,389.334000
9,1457.0000,383.700960
9,1458.0000,386.254471
9,1459.0000,361.512880
9,1460.0000,370.255425
9,1461.0000,360.401582
9,1462.0000,366.534352
9,1463.0000,356.011307
9,1464.0000,358.777703
9,1465.0000,355.667864
9,1466.0000,343.893044
9,1467.0000,341.925573
9,1468.0000,341.734671
9,1469.0000,348.242474
9,1470.0000,351.733617
9,1471.0000,349.699027
9,1472.0000,331.508058
9,1473.0000,338.867370
9,1474.0000,341.062927
9,1475.0000,337.279035
9,1476.0000,333.961626
9,1477.0000,332.259503
9,1478.0000,342.597145
9,1479.0000,335.685320
9,1480.0000,333.678018
9,1481.0000,324.532578
9,1482.0000,332.844720
9,1483.0000,328.905451
9,1484.0000,325.815259
9,1485.0000,328.604370
9,1486.0000,325.685571
9,1487.0000,334.769949
9,1488.0000,309.947376
9,1489.0000,327.125056
9,1490.0000,326.546713
9,1491.0000,328.583243
9,1492.0000,328.845034
9,1493.0000,324.544383
9,1494.0000,334.706404
9,1495.0000,325.629286
9,1496.0000,320.872365
9,1497.0000,326.027835
9,1498.0000,337.775285
9,1499.0000,329.260305
9,1500.0000,334.873071
9,1501.0000,324.418350
9,1502.0000,331.761143
9,1503.0000,336.477891
9,1504.0000,323.163352
9,1505.0000,332.810535
9,1506.0000,318.180537
9,1507.0000,327.025893
9,1508.0000,323.188489
9,1509.0000,327.308561
9,1510.0000,322.606149
9,1511.0000,312.810123
9,1512.0000,327.199966
9,1513.0000,335.524128
9,1514.0000,317.330375
9,1515.0000,324.950824
9,1516.0000,325.822865
9,1517.0000,326.639690
9,1518.0000,330.244014
9,1519.0000,331.397309
9,1520.0000,332.664225
9,1521.0000,332.594875
9,1522.0000,324.301052
9,1523.0000,329.992095
9,1524.0000,337.677273
9,1525.0000,323.296752
9,1526.0000,329.449022
9,1527.0000,313.158717
9,1528.0000,340.816875
9,1529.0000,341.623894
9,1530.0000,325.029120
9,1531.0000,329.394737
9,1532.0000,328.033215
9,1533.0000,325.232080
9,1534.0000,343.368941
9,1535.0000,339.769402
9,1536.0000,328.261881
9,1537.0000,327.827651
9,1538.0000,337.840360
9,1539.0000,327.374343
9,1540.0000,321.249454
9,1541.0000,333.369391
9,1542.0000,329.065298
9,1543.0000,324.583247
9,1544.0000,321.897450
9,1545.0000,323.781576
9,1546.0000,332.137006
9,1547.0000,329.954935
9,1548.0000,331.204623
9,1549.0000,323.835023
9,1550.0000,333.750133
9,1551.0000,324.732605
9,1552.0000,325.001748
9,1553.0000,328.689470
9,1554.0000,333.843947
9,1555.0000,332.008815
9,1556.0000,332.652322
9,1557.0000,339.045520
9,1558.0000,330.790824
9,1559.0000,323.624121
9,1560.0000,334.769053
9,1561.0000,335.772359
9,1562.0000,330.406753
9,1563.0000,345.440607
9,1564.0000,347.330527
9,1565.0000,345.812758
9,1566.0000,335.651999
9,1567.0000,338.227070
9,1568.0000,348.375331
9,1569.0000,338.018803
9,1570.0000,344.694523
9,1571.0000,343.335183
9,1572.0000,348.774819
9,1573.0000,357.500090
9,1574.0000,352.320725
9,1575.0000,369.749317
9,1576.0000,378.808073
9,1577.0000,377.955879
9,1578.0000,392.385308
9,1579.0000,404.117501
9,1580.0000,413.094486
9,1581.0000,426.370297
9,1582.0000,442.609927
9,1583.0000,445.094736
9,1584.0000,439.695117
9,1585.0000,439.500639
9,1586.0000,438.514683
9,1587.0000,412.356493
9,1588.0000,407.569181
9,1589.0000,403.431993
9,1590.0000,403.832593
9,1591.0000,392.870299
9,1592.0000,397.251524
9,1593.0000,410.519839
9,1594.0000,413.052977
9,1595.0000,431.822998
9,1596.0000,439.607912
9,1597.0000,474.271372
9,1598.0000,500.857706
9,1599.0000,563.630700
9,1600.0000,598.863871
9,1601.0000,648.292057
9,1602.0000,667.214192
9,1603.0000,645.965343
9,1604.0000,594.478098
9,1605.0000,550.069977
9,1606.0000,507.491129
9,1607.0000,457.340314
9,1608.0000,438.606717
9,1609.0000,395.651223
9,1610.0000,399.418016
9,1611.0000,388.791874
9,1612.0000,382.184525
9,1613.0000,365.276073
9,1614.0000,365.637498
9,1615.0000,350.207044
9,1616.0000,349.776735
9,1617.0000,354.804393
9,1618.0000,356.719807
9,1619.0000,340.602433
9,1620.0000,350.708405
9,1621.0000,337.920033
9,1622.0000,334.776689
9,1623.0000,330.374553
9,1624.0000,357.188012
9,1625.0000,332.125521
9,1626.0000,339.520437
9,1627.0000,335.766040
9,1628.0000,334.438113
9,1629.0000,335.595860
9,1630.0000,348.275615
9,1631.0000,326.788436
9,1632.0000,336.915686
9,1633.0000,330.406873
9,1634.0000,333.303525
9,1635.0000,332.847228
9,1636.0000,325.597806
9,1637.0000,327.148010
9,1638.0000,320.891916
9,1639.0000,334.376363
9,1640.0000,325.806551
9,1641.0000,330.290470
9,1642.0000,325.124741
9,1643.0000,327.509915
9,1644.0000,330.413309
9,1645.0000,334.179751
9,1646.0000,323.443963
9,1647.0000,327.286965
9,1648.0000,334.213667
9,1649.0000,340.740793
9,1650.0000,326.917952
9,1651.0000,325.032455
9,1652.0000,325.022717
9,1653.0000,331.724767
9,1654.0000,330.342384
9,1655.0000,331.334206
9,1656.0000,325.682652
9,1657.0000,329.197225
9,1658.0000,336.622124
9,1659.0000,331.852225
9,1660.0000,320.790358
9,1661.0000,328.033757
9,1662.0000,321.686030
9,1663.0000,329.946120
9,1664.0000,332.719968
9,1665.0000,328.287433
9,1666.0000,328.552652
9,1667.0000,324.632921
9,1668.0000,321.796571
9,1669.0000,330.534194
9,1670.0000,331.736903
9,1671.0000,325.135462
9,1672.0000,331.108630
9,1673.0000,325.500680
9,1674.0000,332.341587
9,1675.0000,327.005657
9,1676.0000,314.689096
9,1677.0000,324.085078
9,1678.0000,334.765538
9,1679.0000,329.468184
9,1680.0000,324.607451
9,1681.0000,332.288622
9,1682.0000,333.575530
9,1683.0000,326.055028
9,1684.0000,326.702269
9,1685.0000,323.744365
9,1686.0000,330.852197
9,1687.0000,327.563924
9,1688.0000,327.553966
9,1689.0000,319.607907
9,1690.0000,322.485338
9,1691.0000,321.021489
9,1692.0000,326.170558
9,1693.0000,320.665154
9,1694.0000,316.711941
9,1695.0000,322.348762
9,1696.0000,325.427918
9,1697.0000,320.643238
9,1698.0000,331.304317
9,1699.0000,328.707633
9,1700.0000,327.379239
9,1701.0000,324.189215
9,1702.0000,340.520748
9,1703.0000,334.971521
9,1704.0000,335.524511
9,1705.0000,317.549030
9,1706.0000,318.492321
9,1707.0000,331.792220
9,1708.0000,319.034029
9,1709.0000,332.819348
9,1710.0000,321.498725
9,1711.0000,329.951000
9,1712.0000,328.155400
9,1713.0000,315.556327
9,1714.0000,332.889446
9,1715.0000,330.738813
9,1716.0000,337.415832
9,1717.0000,329.830895
9,1718.0000,324.971396
9,1719.0000,328.225914
9,1720.0000,330.278010
9,1721.0000,323.559928
9,1722.0000,318.228808
9,1723.0000,327.315875
9,1724.0000,331.735921
9,1725.0000,325.026056
9,1726.0000,327.976505
9,1727.0000,329.127828
9,1728.0000,320.251372
9,1729.0000,323.988317
9,1730.0000,327.266743
9,1731.0000,324.504011
9,1732.0000,328.519283
9,1733.0000,330.975647
9,1734.0000,325.116685
9,1735.0000,331.409706
9,1736.0000,310.417455
9,1737.0000,328.027229
9,1738.0000,332.298166
9,1739.0000,317.821366
9,1740.0000,321.945332
9,1741.0000,323.663572
9,1742.0000,330.678446
9,1743.0000,330.695221
9,1744.0000,332.984293
9,1745.0000,325.387014
9,1746.0000,322.250962
9,1747.0000,320.382563
9,1748.0000,328.403628
9,1749.0000,328.454876
9,1750.0000,330.492987
9,1751.0000,315.727358
9,1752.0000,315.885291
9,1753.0000,334.528404
9,1754.0000,317.836553
9,1755.0000,317.534950
9,1756.0000,321.003568
9,1757.0000,329.010420
9,1758.0000,313.845634
9,1759.0000,316.234771
9,1760.0000,319.891508
9,1761.0000,327.460600
9,1762.0000,332.407885
9,1763.0000,320.976505
9,1764.0000,338.365266
9,1765.0000,327.139631
9,1766.0000,321.634337
9,1767.0000,325.732383
9,1768.0000,319.889748
9,1769.0000,332.659488
9,1770.0000,330.511542
9,1771.0000,311.609022
9,1772.0000,324.620802
9,1773.0000,321.641741
9,1774.0000,329.627494
9,1775.0000,329.686928
9,1776.0000,321.546232
9,1777.0000,320.532433
9,1778.0000,335.781732
9,1779.0000,323.347056
9,1780.0000,327.576561
9,1781.0000,335.573027
9,1782.0000,326.759139
9,1783.0000,322.544688
9,1784.0000,320.330766
9,1785.0000,314.524661
9,1786.0000,329.984305
9,1787.0000,326.478146
9,1788.0000,330.907395
9,1789.0000,340.170875
9,1790.0000,326.431138
9,1791.0000,317.372970
9,1792.0000,319.909627
9,1793.0000,316.990860
9,1794.0000,314.631656
9,1795.0000,327.860470
9,1796.0000,330.332345
9,1797.0000,328.083596
9,1798.0000,330.398852
9,1799.0000,321.939697
9,1800.0000,322.624114
9,1801.0000,320.314498
9,1802.0000,333.375470
9,1803.0000,324.207744
9,1804.0000,320.717363
9,1805.0000,325.504581
9,1806.0000,317.666268
9,1807.0000,326.484649
9,1808.0000,325.586770
9,1809.0000,320.136483
9,1810.0000,324.825902
9,1811.0000,322.255645
9,1812.0000,328.838599
9,1813.0000,323.379980
9,1814.0000,317.553354
9,1815.0000,314.121527
9,1816.0000,326.558752
9,1817.0000,323.626026
9,1818.0000,323.031427
9,1819.0000,323.121135
9,1820.0000,318.541573
9,1821.0000,325.796839
9,1822.0000,323.722088
9,1823.0000,322.748910
9,1824.0000,330.444741
9,1825.0000,325.227399
9,1826.0000,324.634013
9,1827.0000,316.960988
9,1828.0000,323.269576
9,1829.0000,332.593109
9,1830.0000,333.525920
9,1831.0000,336.779407
9,1832.0000,330.755378
9,1833.0000,330.074539
9,1834.0000,340.002916
9,1835.0000,326.292509
9,1836.0000,318.324616
9,1837.0000,332.772599
9,1838.0000,336.520560
9,1839.0000,319.621554
9,1840.0000,319.178035
9,1841.0000,323.306770
9,1842.0000,329.167749
9,1843.0000,338.846486
9,1844.0000,317.700848
9,1845.0000,325.210774
9,1846.0000,316.695933
9,1847.0000,316.406004
9,1848.0000,334.503493
9,1849.0000,319.529278
9,1850.0000,321.533464
9,1851.0000,323.899304
9,1852.0000,315.709844
9,1853.0000,336.155595
9,1854.0000,331.760284
9,1855.0000,323.356329
9,1856.0000,316.533560
9,1857.0000,322.711085
9,1858.0000,327.590157
9,1859.0000,333.972122
9,1860.0000,337.162730
9,1861.0000,323.337555
9,1862.0000,316.411522
9,1863.0000,320.925169
9,1864.0000,324.303983
9,1865.0000,330.927550
9,1866.0000,322.637348
9,1867.0000,322.174075
9,1868.0000,320.501840
9,1869.0000,328.954647
9,1870.0000,325.796018
9,1871.0000,337.868743
9,1872.0000,328.602387
9,1873.0000,332.978301
9,1874.0000,326.905066
9,1875.0000,331.723717
9,1876.0000,321.702848
9,1877.0000,333.003546
9,1878.0000,321.386918
9,1879.0000,331.221781
9,1880.0000,320.627151
9,1881.0000,333.845535
9,1882.0000,326.219782
9,1883.0000,318.184326
9,1884.0000,327.915320
9,1885.0000,323.806133
9,1886.0000,321.017469
9,1887.0000,326.558122
9,1888.0000,320.576085
9,1889.0000,333.536521
9,1890.0000,330.477775
9,1891.0000,331.432633
9,1892.0000,324.241482
9,1893.0000,328.243199
9,1894.0000,322.727958
9,1895.0000,327.224422
9,1896.0000,326.241377
9,1897.0000,321.040501
9,1898.0000,332.036922
9,1899.0000,329.500531
9,1900.0000,327.781044
9,1901.0000,325.955634
9,1902.0000,308.817967
9,1903.0000,330.820844
9,1904.0000,326.854891
9,1905.0000,324.648166
9,1906.0000,322.250581
9,1907.0000,332.744038
9,1908.0000,330.232915
9,1909.0000,317.136452
9,1910.0000,325.889503
9,1911.0000,328.519329
9,1912.0000,323.760475
9,1913.0000,323.406967
9,1914.0000,336.629783
9,1915.0000,326.511096
9,1916.0000,321.260810
9,1917.0000,318.968698
9,1918.0000,319.744935
9,1919.0000,323.066582
9,1920.0000,329.279269
9,1921.0000,324.965495
9,1922.0000,323.558372
9,1923.0000,321.322546
9,1924.0000,324.043821
9,1925.0000,328.628033
9,1926.0000,319.578806
9,1927.0000,319.938830
9,1928.0000,318.365650
9,1929.0000,318.264422
9,1930.0000,321.644531
9,1931.0000,332.965700
9,1932.0000,325.824716
9,1933.0000,318.656974
9,1934.0000,326.922324
9,1935.0000,310.451928
9,1936.0000,324.211495
9,1937.0000,330.687649
9,1938.0000,329.450285
9,1939.0000,324.900174
9,1940.0000,328.896434
9,1941.0000,323.122617
9,1942.0000,324.526725
9,1943.0000,328.937539
9,1944.0000,328.850397
9,1945.0000,321.581569
9,1946.0000,325.282881
9,1947.0000,318.295878
9,1948.0000,313.934632
9,1949.0000,319.072180
9,1950.0000,316.020565
9,1951.0000,315.842552
9,1952.0000,327.683492
9,1953.0000,324.831037
9,1954.0000,327.739021
9,1955.0000,322.206957
9,1956.0000,333.454401
9,1957.0000,331.125458
9,1958.0000,329.520968
9,1959.0000,322.339368
9,1960.0000,325.171201
9,1961.0000,337.006500
9,1962.0000,325.612687
9,1963.0000,330.753831
9,1964.0000,326.154833
9,1965.0000,315.839377
9,1966.0000,326.716776
9,1967.0000,322.650613
9,1968.0000,324.165380
9,1969.0000,328.029016
9,1970.0000,328.396222
9,1971.0000,327.054047
9,1972.0000,331.695548
9,1973.0000,324.396707
9,1974.0000,331.002232
9,1975.0000,323.659245
9,1976.0000,326.185544
9,1977.0000,323.387116
9,1978.0000,328.880674
9,1979.0000,332.375728
9,1980.0000,341.407199
9,1981.0000,329.555990
9,1982.0000,321.343320
9,1983.0000,321.600901
9,1984.0000,326.321413
9,1985.0000,331.526865
9,1986.0000,325.329637
9,1987.0000,319.849322
9,1988.0000,320.312588
9,1989.0000,324.118068
9,1990.0000,320.768567
9,1991.0000,328.621514
9,1992.0000,323.601785
9,1993.0000,316.854428
9,1994.0000,326.231065
9,1995.0000,331.107157
9,1996.0000,312.595862
9,1997.0000,323.190339
9,1998.0000,324.258000
9,1999.0000,331.479054
9,2000.0000,323.093207
