x,y,raman_shift_cm-1,intensity
37.800,25.200,200.0000,1.395696
37.800,25.200,201.0000,-1.890155
37.800,25.200,202.0000,5.063455
37.800,25.200,203.0000,-2.147754
37.800,25.200,204.0000,2.847403
37.800,25.200,205.0000,-7.007722
37.800,25.200,206.0000,-4.266627
37.800,25.200,207.0000,6.827591
37.800,25.200,208.0000,-0.693845
37.800,25.200,209.0000,5.278220
37.800,25.200,210.0000,7.212227
37.800,25.200,211.0000,2.363426
37.800,25.200,212.0000,1.560206
37.800,25.200,213.0000,3.645178
37.800,25.200,214.0000,-6.037115
37.800,25.200,215.0000,-7.722149
37.800,25.200,216.0000,4.844411
37.800,25.200,217.0000,7.241529
37.800,25.200,218.0000,-4.121375
37.800,25.200,219.0000,0.879276
37.800,25.200,220.0000,5.241887
37.800,25.200,221.0000,-5.263609
37.800,25.200,222.0000,-8.252246
37.800,25.200,223.0000,-1.317510
37.800,25.200,224.0000,5.476711
37.800,25.200,225.0000,3.333483
37.800,25.200,226.0000,7.222124
37.800,25.200,227.0000,10.599628
37.800,25.200,228.0000,-0.288063
37.800,25.200,229.0000,5.507177
37.800,25.200,230.0000,-3.627472
37.800,25.200,231.0000,4.889889
37.800,25.200,232.0000,1.996662
37.800,25.200,233.0000,-18.301860
37.800,25.200,234.0000,-0.086562
37.800,25.200,235.0000,1.214499
37.800,25.200,236.0000,-5.512037
37.800,25.200,237.0000,-3.998305
37.800,25.200,238.0000,-11.670080
37.800,25.200,239.0000,1.546459
37.800,25.200,240.0000,1.170873
37.800,25.200,241.0000,-3.458224
37.800,25.200,242.0000,-4.757592
37.800,25.200,243.0000,1.992327
37.800,25.200,244.0000,1.573212
37.800,25.200,245.0000,-7.428188
37.800,25.200,246.0000,-1.268089
37.800,25.200,247.0000,6.725083
37.800,25.200,248.0000,-8.964361
37.800,25.200,249.0000,12.889370
37.800,25.200,250.0000,0.048188
37.800,25.200,251.0000,1.449769
37.800,25.200,252.0000,4.198701
37.800,25.200,253.0000,-1.744849
37.800,25.200,254.0000,-7.662551
37.800,25.200,255.0000,-5.558048
37.800,25.200,256.0000,-1.756120
37.800,25.200,257.0000,9.617184
37.800,25.200,258.0000,14.105041
37.800,25.200,259.0000,5.574530
37.800,25.200,260.0000,5.187075
37.800,25.200,261.0000,3.304404
37.800,25.200,262.0000,-12.183388
37.800,25.200,263.0000,4.953773
37.800,25.200,264.0000,-7.385619
37.800,25.200,265.0000,-1.618330
37.800,25.200,266.0000,-5.622722
37.800,25.200,267.0000,-2.892312
37.800,25.200,268.0000,-3.773329
37.800,25.200,269.0000,4.453022
37.800,25.200,270.0000,-2.498501
37.800,25.200,271.0000,8.098519
37.800,25.200,272.0000,-3.876116
37.800,25.200,273.0000,1.927808
37.800,25.200,274.0000,-8.127196
37.800,25.200,275.0000,2.938875
37.800,25.200,276.0000,-0.541617
37.800,25.200,277.0000,-4.668243
37.800,25.200,278.0000,-4.816330
37.800,25.200,279.0000,1.372140
37.800,25.200,280.0000,3.318505
37.800,25.200,281.0000,13.388151
37.800,25.200,282.0000,-3.893360
37.800,25.200,283.0000,0.601108
37.800,25.200,284.0000,8.687281
37.800,25.200,285.0000,-4.499518
37.800,25.200,286.0000,2.417708
37.800,25.200,287.0000,2.697089
37.800,25.200,288.0000,-12.914146
37.800,25.200,289.0000,-10.313161
37.800,25.200,290.0000,-5.186418
37.800,25.200,291.0000,6.371022
37.800,25.200,292.0000,-10.427064
37.800,25.200,293.0000,-4.266617
37.800,25.200,294.0000,-4.623873
37.800,25.200,295.0000,12.507642
37.800,25.200,296.0000,4.712712
37.800,25.200,297.0000,-9.856275
37.800,25.200,298.0000,10.498413
37.800,25.200,299.0000,15.040518
37.800,25.200,300.0000,1.709000
37.800,25.200,301.0000,-1.837172
37.800,25.200,302.0000,-12.405899
37.800,25.200,303.0000,2.354293
37.800,25.200,304.0000,-1.275116
37.800,25.200,305.0000,0.254551
37.800,25.200,306.0000,5.011117
37.800,25.200,307.0000,2.026411
37.800,25.200,308.0000,4.192667
37.800,25.200,309.0000,-10.796676
37.800,25.200,310.0000,1.632788
37.800,25.200,311.0000,-6.561632
37.800,25.200,312.0000,13.347188
37.800,25.200,313.0000,6.274526
37.800,25.200,314.0000,9.138253
37.800,25.200,315.0000,-2.327647
37.800,25.200,316.0000,-9.145254
37.800,25.200,317.0000,-8.844889
37.800,25.200,318.0000,-8.090609
37.800,25.200,319.0000,1.009250
37.800,25.200,320.0000,-2.936165
37.800,25.200,321.0000,18.477904
37.800,25.200,322.0000,-0.898509
37.800,25.200,323.0000,-3.466708
37.800,25.200,324.0000,4.980228
37.800,25.200,325.0000,-10.574380
37.800,25.200,326.0000,2.005168
37.800,25.200,327.0000,3.056413
37.800,25.200,328.0000,4.463375
37.800,25.200,329.0000,0.900996
37.800,25.200,330.0000,2.108954
37.800,25.200,331.0000,-4.911708
37.800,25.200,332.0000,-7.461844
37.800,25.200,333.0000,14.144449
37.800,25.200,334.0000,-9.257411
37.800,25.200,335.0000,6.423814
37.800,25.200,336.0000,-3.223805
37.800,25.200,337.0000,-4.701080
37.800,25.200,338.0000,9.998039
37.800,25.200,339.0000,6.965307
37.800,25.200,340.0000,-2.589648
37.800,25.200,341.0000,-7.145728
37.800,25.200,342.0000,-4.006523
37.800,25.200,343.0000,-5.987480
37.800,25.200,344.0000,3.625940
37.800,25.200,345.0000,7.322802
37.800,25.200,346.0000,5.228119
37.800,25.200,347.0000,4.448586
37.800,25.200,348.0000,-0.929938
37.800,25.200,349.0000,0.461216
37.800,25.200,350.0000,12.059115
37.800,25.200,351.0000,-10.911994
37.800,25.200,352.0000,-5.543319
37.800,25.200,353.0000,0.137339
37.800,25.200,354.0000,3.158260
37.800,25.200,355.0000,-6.384998
37.800,25.200,356.0000,-15.141290
37.800,25.200,357.0000,-11.452595
37.800,25.200,358.0000,6.042475
37.800,25.200,359.0000,-5.161819
37.800,25.200,360.0000,3.276756
37.800,25.200,361.0000,-1.958850
37.800,25.200,362.0000,-3.585662
37.800,25.200,363.0000,-2.276565
37.800,25.200,364.0000,-1.325967
37.800,25.200,365.0000,-4.680194
37.800,25.200,366.0000,-5.284811
37.800,25.200,367.0000,-8.319389
37.800,25.200,368.0000,16.468016
37.800,25.200,369.0000,-6.746786
37.800,25.200,370.0000,-0.718718
37.800,25.200,371.0000,-10.052590
37.800,25.200,372.0000,-3.439618
37.800,25.200,373.0000,-5.383899
37.800,25.200,374.0000,3.227168
37.800,25.200,375.0000,-7.303390
37.800,25.200,376.0000,6.854316
37.800,25.200,377.0000,0.960550
37.800,25.200,378.0000,0.686022
37.800,25.200,379.0000,1.441356
37.800,25.200,380.0000,-0.502712
37.800,25.200,381.0000,-5.343635
37.800,25.200,382.0000,3.054925
37.800,25.200,383.0000,-2.469609
37.800,25.200,384.0000,5.233231
37.800,25.200,385.0000,4.830443
37.800,25.200,386.0000,0.263348
37.800,25.200,387.0000,5.399809
37.800,25.200,388.0000,-5.946857
37.800,25.200,389.0000,0.089634
37.800,25.200,390.0000,7.200241
37.800,25.200,391.0000,7.616166
37.800,25.200,392.0000,2.705096
37.800,25.200,393.0000,-10.252391
37.800,25.200,394.0000,-4.878149
37.800,25.200,395.0000,3.424232
37.800,25.200,396.0000,0.071182
37.800,25.200,397.0000,0.420972
37.800,25.200,398.0000,-5.306254
37.800,25.200,399.0000,-0.839514
37.800,25.200,400.0000,11.440654
37.800,25.200,401.0000,1.336741
37.800,25.200,402.0000,0.154673
37.800,25.200,403.0000,-7.586327
37.800,25.200,404.0000,6.564245
37.800,25.200,405.0000,3.983868
37.800,25.200,406.0000,-12.149517
37.800,25.200,407.0000,7.460143
37.800,25.200,408.0000,9.134768
37.800,25.200,409.0000,9.717459
37.800,25.200,410.0000,1.858317
37.800,25.200,411.0000,4.310081
37.800,25.200,412.0000,-3.104535
37.800,25.200,413.0000,2.537979
37.800,25.200,414.0000,12.155444
37.800,25.200,415.0000,-2.833987
37.800,25.200,416.0000,4.612573
37.800,25.200,417.0000,-9.219560
37.800,25.200,418.0000,2.686059
37.800,25.200,419.0000,10.200622
37.800,25.200,420.0000,-0.302816
37.800,25.200,421.0000,-2.787412
37.800,25.200,422.0000,5.865809
37.800,25.200,423.0000,1.211419
37.800,25.200,424.0000,-3.167845
37.800,25.200,425.0000,-6.131789
37.800,25.200,426.0000,-5.306062
37.800,25.200,427.0000,2.103499
37.800,25.200,428.0000,-0.692923
37.800,25.200,429.0000,-0.983085
37.800,25.200,430.0000,0.829643
37.800,25.200,431.0000,-7.683952
37.800,25.200,432.0000,5.030672
37.800,25.200,433.0000,-2.793833
37.800,25.200,434.0000,4.260567
37.800,25.200,435.0000,-0.606381
37.800,25.200,436.0000,1.021846
37.800,25.200,437.0000,-3.020618
37.800,25.200,438.0000,-3.694984
37.800,25.200,439.0000,-0.482668
37.800,25.200,440.0000,1.605541
37.800,25.200,441.0000,3.773586
37.800,25.200,442.0000,-0.389574
37.800,25.200,443.0000,5.791433
37.800,25.200,444.0000,-2.390667
37.800,25.200,445.0000,13.214333
37.800,25.200,446.0000,-8.554684
37.800,25.200,447.0000,2.351413
37.800,25.200,448.0000,-6.461871
37.800,25.200,449.0000,-6.077661
37.800,25.200,450.0000,8.496641
37.800,25.200,451.0000,6.969273
37.800,25.200,452.0000,4.844028
37.800,25.200,453.0000,-3.301285
37.800,25.200,454.0000,3.337102
37.800,25.200,455.0000,-0.157497
37.800,25.200,456.0000,-1.225054
37.800,25.200,457.0000,0.912276
37.800,25.200,458.0000,2.004980
37.800,25.200,459.0000,-10.096774
37.800,25.200,460.0000,1.725464
37.800,25.200,461.0000,-1.732063
37.800,25.200,462.0000,0.058030
37.800,25.200,463.0000,1.135279
37.800,25.200,464.0000,2.116595
37.800,25.200,465.0000,7.044002
37.800,25.200,466.0000,-2.000528
37.800,25.200,467.0000,7.925031
37.800,25.200,468.0000,-1.600865
37.800,25.200,469.0000,4.109383
37.800,25.200,470.0000,2.011223
37.800,25.200,471.0000,6.731522
37.800,25.200,472.0000,10.075303
37.800,25.200,473.0000,-0.623512
37.800,25.200,474.0000,13.699309
37.800,25.200,475.0000,7.984284
37.800,25.200,476.0000,2.359078
37.800,25.200,477.0000,-4.461168
37.800,25.200,478.0000,-0.152076
37.800,25.200,479.0000,9.003313
37.800,25.200,480.0000,3.798587
37.800,25.200,481.0000,-0.042587
37.800,25.200,482.0000,-6.696821
37.800,25.200,483.0000,-2.230654
37.800,25.200,484.0000,4.507859
37.800,25.200,485.0000,3.760269
37.800,25.200,486.0000,-20.193972
37.800,25.200,487.0000,2.500082
37.800,25.200,488.0000,-4.089902
37.800,25.200,489.0000,8.434614
37.800,25.200,490.0000,5.702178
37.800,25.200,491.0000,15.359392
37.800,25.200,492.0000,-3.046581
37.800,25.200,493.0000,-4.860793
37.800,25.200,494.0000,1.977745
37.800,25.200,495.0000,-9.394557
37.800,25.200,496.0000,-3.540414
37.800,25.200,497.0000,3.999496
37.800,25.200,498.0000,-7.525361
37.800,25.200,499.0000,-0.685044
37.800,25.200,500.0000,9.167293
37.800,25.200,501.0000,6.850005
37.800,25.200,502.0000,-0.655077
37.800,25.200,503.0000,7.605017
37.800,25.200,504.0000,-0.788506
37.800,25.200,505.0000,0.253524
37.800,25.200,506.0000,-1.738508
37.800,25.200,507.0000,-0.856594
37.800,25.200,508.0000,-7.998898
37.800,25.200,509.0000,-1.429875
37.800,25.200,510.0000,-2.311066
37.800,25.200,511.0000,-1.485179
37.800,25.200,512.0000,-13.993023
37.800,25.200,513.0000,2.002807
37.800,25.200,514.0000,-1.353494
37.800,25.200,515.0000,7.198383
37.800,25.200,516.0000,-5.010558
37.800,25.200,517.0000,1.579916
37.800,25.200,518.0000,4.371919
37.800,25.200,519.0000,-3.752946
37.800,25.200,520.0000,-4.843328
37.800,25.200,521.0000,-2.812583
37.800,25.200,522.0000,-2.572926
37.800,25.200,523.0000,-2.691734
37.800,25.200,524.0000,-2.126044
37.800,25.200,525.0000,1.406529
37.800,25.200,526.0000,6.475845
37.800,25.200,527.0000,-11.441058
37.800,25.200,528.0000,11.510084
37.800,25.200,529.0000,-2.275027
37.800,25.200,530.0000,0.642114
37.800,25.200,531.0000,8.574877
37.800,25.200,532.0000,-11.130526
37.800,25.200,533.0000,10.625226
37.800,25.200,534.0000,-3.349799
37.800,25.200,535.0000,-0.030804
37.800,25.200,536.0000,3.618748
37.800,25.200,537.0000,-0.241661
37.800,25.200,538.0000,-0.208258
37.800,25.200,539.0000,-5.674166
37.800,25.200,540.0000,-6.863363
37.800,25.200,541.0000,5.060211
37.800,25.200,542.0000,5.374337
37.800,25.200,543.0000,4.244990
37.800,25.200,544.0000,-2.261220
37.800,25.200,545.0000,-0.499931
37.800,25.200,546.0000,-3.762646
37.800,25.200,547.0000,3.603436
37.800,25.200,548.0000,-5.029292
37.800,25.200,549.0000,-15.432989
37.800,25.200,550.0000,1.175629
37.800,25.200,551.0000,6.792466
37.800,25.200,552.0000,4.740253
37.800,25.200,553.0000,2.484722
37.800,25.200,554.0000,-0.108737
37.800,25.200,555.0000,6.806150
37.800,25.200,556.0000,8.531273
37.800,25.200,557.0000,3.686949
37.800,25.200,558.0000,0.382813
37.800,25.200,559.0000,-6.005671
37.800,25.200,560.0000,-1.716535
37.800,25.200,561.0000,-5.477180
37.800,25.200,562.0000,-1.471678
37.800,25.200,563.0000,-1.779808
37.800,25.200,564.0000,10.457374
37.800,25.200,565.0000,1.177603
37.800,25.200,566.0000,11.119191
37.800,25.200,567.0000,-0.097940
37.800,25.200,568.0000,5.206120
37.800,25.200,569.0000,-1.221356
37.800,25.200,570.0000,-4.456607
37.800,25.200,571.0000,3.153440
37.800,25.200,572.0000,-5.643680
37.800,25.200,573.0000,-4.509313
37.800,25.200,574.0000,13.672679
37.800,25.200,575.0000,12.920757
37.800,25.200,576.0000,12.188511
37.800,25.200,577.0000,7.301334
37.800,25.200,578.0000,-0.570920
37.800,25.200,579.0000,-0.324813
37.800,25.200,580.0000,-2.302455
37.800,25.200,581.0000,-0.456643
37.800,25.200,582.0000,8.688404
37.800,25.200,583.0000,4.014085
37.800,25.200,584.0000,4.757058
37.800,25.200,585.0000,10.273007
37.800,25.200,586.0000,-3.949979
37.800,25.200,587.0000,5.544478
37.800,25.200,588.0000,2.464609
37.800,25.200,589.0000,2.864730
37.800,25.200,590.0000,15.525317
37.800,25.200,591.0000,6.977766
37.800,25.200,592.0000,12.775523
37.800,25.200,593.0000,3.700947
37.800,25.200,594.0000,-2.844587
37.800,25.200,595.0000,14.739642
37.800,25.200,596.0000,-6.397772
37.800,25.200,597.0000,-2.383426
37.800,25.200,598.0000,-1.879203
37.800,25.200,599.0000,10.152695
37.800,25.200,600.0000,3.629713
37.800,25.200,601.0000,19.369103
37.800,25.200,602.0000,5.549698
37.800,25.200,603.0000,10.309106
37.800,25.200,604.0000,12.276830
37.800,25.200,605.0000,-0.053122
37.800,25.200,606.0000,15.181669
37.800,25.200,607.0000,15.778593
37.800,25.200,608.0000,11.286943
37.800,25.200,609.0000,24.657737
37.800,25.200,610.0000,21.502710
37.800,25.200,611.0000,29.622327
37.800,25.200,612.0000,36.671287
37.800,25.200,613.0000,47.762787
37.800,25.200,614.0000,50.984099
37.800,25.200,615.0000,63.779305
37.800,25.200,616.0000,74.740953
37.800,25.200,617.0000,99.818156
37.800,25.200,618.0000,132.493916
37.800,25.200,619.0000,148.220975
37.800,25.200,620.0000,136.533207
37.800,25.200,621.0000,136.533973
37.800,25.200,622.0000,120.149542
37.800,25.200,623.0000,104.638924
37.800,25.200,624.0000,86.477498
37.800,25.200,625.0000,70.927036
37.800,25.200,626.0000,59.032961
37.800,25.200,627.0000,51.220051
37.800,25.200,628.0000,37.943970
37.800,25.200,629.0000,50.022138
37.800,25.200,630.0000,25.089514
37.800,25.200,631.0000,19.079385
37.800,25.200,632.0000,19.013590
37.800,25.200,633.0000,10.774377
37.800,25.200,634.0000,16.992819
37.800,25.200,635.0000,-2.044503
37.800,25.200,636.0000,8.147522
37.800,25.200,637.0000,6.407026
37.800,25.200,638.0000,4.267040
37.800,25.200,639.0000,10.539029
37.800,25.200,640.0000,5.445637
37.800,25.200,641.0000,7.472154
37.800,25.200,642.0000,5.443135
37.800,25.200,643.0000,9.473596
37.800,25.200,644.0000,4.024731
37.800,25.200,645.0000,0.297977
37.800,25.200,646.0000,4.628106
37.800,25.200,647.0000,5.936369
37.800,25.200,648.0000,2.441281
37.800,25.200,649.0000,12.206383
37.800,25.200,650.0000,2.781999
37.800,25.200,651.0000,3.662186
37.800,25.200,652.0000,7.552990
37.800,25.200,653.0000,0.718427
37.800,25.200,654.0000,9.581324
37.800,25.200,655.0000,0.605653
37.800,25.200,656.0000,7.891387
37.800,25.200,657.0000,-9.790352
37.800,25.200,658.0000,6.980731
37.800,25.200,659.0000,4.301165
37.800,25.200,660.0000,11.974380
37.800,25.200,661.0000,-2.660365
37.800,25.200,662.0000,-7.227753
37.800,25.200,663.0000,0.376585
37.800,25.200,664.0000,-14.264370
37.800,25.200,665.0000,0.537394
37.800,25.200,666.0000,12.407615
37.800,25.200,667.0000,10.001663
37.800,25.200,668.0000,-0.047506
37.800,25.200,669.0000,-1.689535
37.800,25.200,670.0000,-4.158304
37.800,25.200,671.0000,2.493332
37.800,25.200,672.0000,0.591504
37.800,25.200,673.0000,1.797256
37.800,25.200,674.0000,-0.612013
37.800,25.200,675.0000,6.330443
37.800,25.200,676.0000,3.980020
37.800,25.200,677.0000,2.265263
37.800,25.200,678.0000,2.977093
37.800,25.200,679.0000,3.292557
37.800,25.200,680.0000,-9.526195
37.800,25.200,681.0000,0.650028
37.800,25.200,682.0000,-1.663352
37.800,25.200,683.0000,14.316950
37.800,25.200,684.0000,-7.723092
37.800,25.200,685.0000,5.458858
37.800,25.200,686.0000,-0.289272
37.800,25.200,687.0000,16.643469
37.800,25.200,688.0000,1.348336
37.800,25.200,689.0000,-11.546155
37.800,25.200,690.0000,-1.987585
37.800,25.200,691.0000,3.133127
37.800,25.200,692.0000,9.222576
37.800,25.200,693.0000,-4.478449
37.800,25.200,694.0000,4.791551
37.800,25.200,695.0000,0.890772
37.800,25.200,696.0000,6.056665
37.800,25.200,697.0000,-8.514972
37.800,25.200,698.0000,10.982798
37.800,25.200,699.0000,6.507012
37.800,25.200,700.0000,18.983218
37.800,25.200,701.0000,2.533006
37.800,25.200,702.0000,6.429128
37.800,25.200,703.0000,-11.401411
37.800,25.200,704.0000,-3.150816
37.800,25.200,705.0000,6.002539
37.800,25.200,706.0000,-5.209487
37.800,25.200,707.0000,3.805075
37.800,25.200,708.0000,-10.953208
37.800,25.200,709.0000,-5.150702
37.800,25.200,710.0000,-0.055382
37.800,25.200,711.0000,6.138556
37.800,25.200,712.0000,-5.622576
37.800,25.200,713.0000,-16.958615
37.800,25.200,714.0000,5.702236
37.800,25.200,715.0000,-3.690424
37.800,25.200,716.0000,-1.022596
37.800,25.200,717.0000,7.468651
37.800,25.200,718.0000,9.316042
37.800,25.200,719.0000,6.292944
37.800,25.200,720.0000,-3.495205
37.800,25.200,721.0000,1.518973
37.800,25.200,722.0000,5.228953
37.800,25.200,723.0000,-5.334323
37.800,25.200,724.0000,-2.195748
37.800,25.200,725.0000,-0.720047
37.800,25.200,726.0000,14.042908
37.800,25.200,727.0000,3.858301
37.800,25.200,728.0000,9.443935
37.800,25.200,729.0000,-1.577712
37.800,25.200,730.0000,-5.352430
37.800,25.200,731.0000,-12.393092
37.800,25.200,732.0000,7.027533
37.800,25.200,733.0000,-5.184494
37.800,25.200,734.0000,6.287914
37.800,25.200,735.0000,-1.714094
37.800,25.200,736.0000,2.019379
37.800,25.200,737.0000,-4.503909
37.800,25.200,738.0000,-4.175646
37.800,25.200,739.0000,-5.154203
37.800,25.200,740.0000,-3.339597
37.800,25.200,741.0000,8.280455
37.800,25.200,742.0000,1.400095
37.800,25.200,743.0000,-5.075295
37.800,25.200,744.0000,-8.847580
37.800,25.200,745.0000,-0.714917
37.800,25.200,746.0000,-10.712907
37.800,25.200,747.0000,7.369554
37.800,25.200,748.0000,15.441593
37.800,25.200,749.0000,0.289122
37.800,25.200,750.0000,-1.134631
37.800,25.200,751.0000,4.811812
37.800,25.200,752.0000,5.076213
37.800,25.200,753.0000,1.686831
37.800,25.200,754.0000,-4.028802
37.800,25.200,755.0000,-0.663439
37.800,25.200,756.0000,6.397115
37.800,25.200,757.0000,1.131064
37.800,25.200,758.0000,11.541603
37.800,25.200,759.0000,11.056779
37.800,25.200,760.0000,0.157278
37.800,25.200,761.0000,3.025564
37.800,25.200,762.0000,9.879785
37.800,25.200,763.0000,6.315804
37.800,25.200,764.0000,1.532754
37.800,25.200,765.0000,5.039247
37.800,25.200,766.0000,11.501791
37.800,25.200,767.0000,12.077778
37.800,25.200,768.0000,9.873515
37.800,25.200,769.0000,1.074685
37.800,25.200,770.0000,-2.309148
37.800,25.200,771.0000,-6.127452
37.800,25.200,772.0000,4.444097
37.800,25.200,773.0000,10.726897
37.800,25.200,774.0000,9.207877
37.800,25.200,775.0000,3.720614
37.800,25.200,776.0000,2.737598
37.800,25.200,777.0000,5.674526
37.800,25.200,778.0000,3.879863
37.800,25.200,779.0000,5.857302
37.800,25.200,780.0000,6.237759
37.800,25.200,781.0000,14.236806
37.800,25.200,782.0000,5.548104
37.800,25.200,783.0000,15.297377
37.800,25.200,784.0000,13.666819
37.800,25.200,785.0000,17.586224
37.800,25.200,786.0000,27.622840
37.800,25.200,787.0000,35.456661
37.800,25.200,788.0000,24.155188
37.800,25.200,789.0000,47.965857
37.800,25.200,790.0000,52.457032
37.800,25.200,791.0000,57.264988
37.800,25.200,792.0000,63.565088
37.800,25.200,793.0000,76.098649
37.800,25.200,794.0000,76.908335
37.800,25.200,795.0000,71.952640
37.800,25.200,796.0000,86.536705
37.800,25.200,797.0000,72.478796
37.800,25.200,798.0000,72.763124
37.800,25.200,799.0000,53.761140
37.800,25.200,800.0000,44.215698
37.800,25.200,801.0000,35.920688
37.800,25.200,802.0000,36.805529
37.800,25.200,803.0000,23.134839
37.800,25.200,804.0000,29.413592
37.800,25.200,805.0000,27.892737
37.800,25.200,806.0000,23.449969
37.800,25.200,807.0000,21.339401
37.800,25.200,808.0000,7.599895
37.800,25.200,809.0000,16.420607
37.800,25.200,810.0000,7.503768
37.800,25.200,811.0000,21.644746
37.800,25.200,812.0000,-1.164188
37.800,25.200,813.0000,14.270689
37.800,25.200,814.0000,-0.055358
37.800,25.200,815.0000,6.929809
37.800,25.200,816.0000,17.910563
37.800,25.200,817.0000,11.748408
37.800,25.200,818.0000,4.231305
37.800,25.200,819.0000,16.242308
37.800,25.200,820.0000,9.720507
37.800,25.200,821.0000,13.688083
37.800,25.200,822.0000,7.540878
37.800,25.200,823.0000,-7.201694
37.800,25.200,824.0000,-5.101716
37.800,25.200,825.0000,5.605461
37.800,25.200,826.0000,8.564764
37.800,25.200,827.0000,9.675380
37.800,25.200,828.0000,-3.314063
37.800,25.200,829.0000,-11.693874
37.800,25.200,830.0000,3.884122
37.800,25.200,831.0000,-10.308343
37.800,25.200,832.0000,10.175352
37.800,25.200,833.0000,-0.420556
37.800,25.200,834.0000,0.088785
37.800,25.200,835.0000,1.302256
37.800,25.200,836.0000,10.040501
37.800,25.200,837.0000,9.692832
37.800,25.200,838.0000,3.506276
37.800,25.200,839.0000,1.201011
37.800,25.200,840.0000,3.612273
37.800,25.200,841.0000,-1.124782
37.800,25.200,842.0000,3.491605
37.800,25.200,843.0000,1.551398
37.800,25.200,844.0000,-9.022364
37.800,25.200,845.0000,6.301018
37.800,25.200,846.0000,-10.544855
37.800,25.200,847.0000,7.324100
37.800,25.200,848.0000,10.697281
37.800,25.200,849.0000,0.928500
37.800,25.200,850.0000,-2.640958
37.800,25.200,851.0000,-1.472360
37.800,25.200,852.0000,2.873595
37.800,25.200,853.0000,7.439499
37.800,25.200,854.0000,-1.929119
37.800,25.200,855.0000,12.262427
37.800,25.200,856.0000,-1.200575
37.800,25.200,857.0000,-7.414205
37.800,25.200,858.0000,-5.848085
37.800,25.200,859.0000,-1.713778
37.800,25.200,860.0000,3.114164
37.800,25.200,861.0000,7.201781
37.800,25.200,862.0000,2.059557
37.800,25.200,863.0000,-1.698856
37.800,25.200,864.0000,1.171190
37.800,25.200,865.0000,4.935348
37.800,25.200,866.0000,1.068574
37.800,25.200,867.0000,-1.612357
37.800,25.200,868.0000,-9.119835
37.800,25.200,869.0000,7.147316
37.800,25.200,870.0000,0.524872
37.800,25.200,871.0000,8.376306
37.800,25.200,872.0000,6.433356
37.800,25.200,873.0000,-3.432407
37.800,25.200,874.0000,6.159242
37.800,25.200,875.0000,3.689829
37.800,25.200,876.0000,-2.808510
37.800,25.200,877.0000,-8.937349
37.800,25.200,878.0000,2.509791
37.800,25.200,879.0000,12.639309
37.800,25.200,880.0000,10.868438
37.800,25.200,881.0000,8.949537
37.800,25.200,882.0000,-9.082564
37.800,25.200,883.0000,-0.945838
37.800,25.200,884.0000,7.734180
37.800,25.200,885.0000,-6.735902
37.800,25.200,886.0000,-5.140012
37.800,25.200,887.0000,2.754444
37.800,25.200,888.0000,-4.614943
37.800,25.200,889.0000,6.820523
37.800,25.200,890.0000,5.136455
37.800,25.200,891.0000,-6.982436
37.800,25.200,892.0000,-0.217355
37.800,25.200,893.0000,2.424664
37.800,25.200,894.0000,8.840328
37.800,25.200,895.0000,5.417230
37.800,25.200,896.0000,9.224084
37.800,25.200,897.0000,-7.598750
37.800,25.200,898.0000,0.218273
37.800,25.200,899.0000,4.928628
37.800,25.200,900.0000,3.061427
37.800,25.200,901.0000,1.080496
37.800,25.200,902.0000,5.423917
37.800,25.200,903.0000,-3.885879
37.800,25.200,904.0000,-3.043390
37.800,25.200,905.0000,0.781434
37.800,25.200,906.0000,10.045120
37.800,25.200,907.0000,4.530433
37.800,25.200,908.0000,4.023375
37.800,25.200,909.0000,-1.381231
37.800,25.200,910.0000,-0.558746
37.800,25.200,911.0000,-3.402074
37.800,25.200,912.0000,10.361789
37.800,25.200,913.0000,3.142045
37.800,25.200,914.0000,-1.191861
37.800,25.200,915.0000,3.197357
37.800,25.200,916.0000,7.908169
37.800,25.200,917.0000,-3.230730
37.800,25.200,918.0000,4.630960
37.800,25.200,919.0000,7.398812
37.800,25.200,920.0000,-5.944605
37.800,25.200,921.0000,-0.557742
37.800,25.200,922.0000,8.606205
37.800,25.200,923.0000,0.492195
37.800,25.200,924.0000,-3.131550
37.800,25.200,925.0000,1.828984
37.800,25.200,926.0000,4.975190
37.800,25.200,927.0000,3.221292
37.800,25.200,928.0000,4.894888
37.800,25.200,929.0000,-1.081926
37.800,25.200,930.0000,-3.965309
37.800,25.200,931.0000,2.776325
37.800,25.200,932.0000,0.993804
37.800,25.200,933.0000,-7.125318
37.800,25.200,934.0000,-3.112059
37.800,25.200,935.0000,6.225469
37.800,25.200,936.0000,8.346823
37.800,25.200,937.0000,12.431580
37.800,25.200,938.0000,7.193919
37.800,25.200,939.0000,6.556713
37.800,25.200,940.0000,5.285434
37.800,25.200,941.0000,-2.113539
37.800,25.200,942.0000,12.597712
37.800,25.200,943.0000,0.367239
37.800,25.200,944.0000,3.758955
37.800,25.200,945.0000,9.351916
37.800,25.200,946.0000,1.357990
37.800,25.200,947.0000,-0.371407
37.800,25.200,948.0000,9.802196
37.800,25.200,949.0000,3.757457
37.800,25.200,950.0000,5.610401
37.800,25.200,951.0000,-3.694146
37.800,25.200,952.0000,7.241659
37.800,25.200,953.0000,1.990638
37.800,25.200,954.0000,-4.984011
37.800,25.200,955.0000,-1.748083
37.800,25.200,956.0000,14.079968
37.800,25.200,957.0000,-0.650269
37.800,25.200,958.0000,1.446713
37.800,25.200,959.0000,9.450952
37.800,25.200,960.0000,5.315266
37.800,25.200,961.0000,10.131144
37.800,25.200,962.0000,7.533296
37.800,25.200,963.0000,4.596420
37.800,25.200,964.0000,1.926103
37.800,25.200,965.0000,11.028282
37.800,25.200,966.0000,13.449796
37.800,25.200,967.0000,11.952658
37.800,25.200,968.0000,11.167593
37.800,25.200,969.0000,13.741007
37.800,25.200,970.0000,4.293812
37.800,25.200,971.0000,7.458603
37.800,25.200,972.0000,20.217207
37.800,25.200,973.0000,10.650354
37.800,25.200,974.0000,-1.670152
37.800,25.200,975.0000,27.591401
37.800,25.200,976.0000,9.568883
37.800,25.200,977.0000,17.961385
37.800,25.200,978.0000,19.150424
37.800,25.200,979.0000,16.648434
37.800,25.200,980.0000,20.135198
37.800,25.200,981.0000,10.506388
37.800,25.200,982.0000,28.531909
37.800,25.200,983.0000,32.198939
37.800,25.200,984.0000,14.813827
37.800,25.200,985.0000,23.636244
37.800,25.200,986.0000,29.289367
37.800,25.200,987.0000,42.364506
37.800,25.200,988.0000,41.832706
37.800,25.200,989.0000,44.313070
37.800,25.200,990.0000,56.532425
37.800,25.200,991.0000,73.641138
37.800,25.200,992.0000,85.646948
37.800,25.200,993.0000,94.092345
37.800,25.200,994.0000,125.900232
37.800,25.200,995.0000,165.315712
37.800,25.200,996.0000,214.207950
37.800,25.200,997.0000,297.881012
37.800,25.200,998.0000,399.954546
37.800,25.200,999.0000,553.506309
37.800,25.200,1000.0000,701.469600
37.800,25.200,1001.0000,803.000565
37.800,25.200,1002.0000,722.426770
37.800,25.200,1003.0000,555.407944
37.800,25.200,1004.0000,407.253180
37.800,25.200,1005.0000,283.604605
37.800,25.200,1006.0000,221.250507
37.800,25.200,1007.0000,178.612980
37.800,25.200,1008.0000,133.919913
37.800,25.200,1009.0000,117.669522
37.800,25.200,1010.0000,88.186469
37.800,25.200,1011.0000,74.276222
37.800,25.200,1012.0000,54.084356
37.800,25.200,1013.0000,55.483205
37.800,25.200,1014.0000,38.898424
37.800,25.200,1015.0000,38.952573
37.800,25.200,1016.0000,55.251256
37.800,25.200,1017.0000,46.656671
37.800,25.200,1018.0000,42.757479
37.800,25.200,1019.0000,46.424870
37.800,25.200,1020.0000,52.868978
37.800,25.200,1021.0000,48.651187
37.800,25.200,1022.0000,52.342818
37.800,25.200,1023.0000,67.274986
37.800,25.200,1024.0000,77.641144
37.800,25.200,1025.0000,93.075532
37.800,25.200,1026.0000,130.997316
37.800,25.200,1027.0000,151.992172
37.800,25.200,1028.0000,189.379535
37.800,25.200,1029.0000,258.191724
37.800,25.200,1030.0000,319.944019
37.800,25.200,1031.0000,340.825482
37.800,25.200,1032.0000,313.550664
37.800,25.200,1033.0000,261.777523
37.800,25.200,1034.0000,193.214824
37.800,25.200,1035.0000,146.457454
37.800,25.200,1036.0000,100.216543
37.800,25.200,1037.0000,90.124213
37.800,25.200,1038.0000,80.207407
37.800,25.200,1039.0000,57.407691
37.800,25.200,1040.0000,49.332032
37.800,25.200,1041.0000,34.526724
37.800,25.200,1042.0000,42.119052
37.800,25.200,1043.0000,22.398351
37.800,25.200,1044.0000,25.294385
37.800,25.200,1045.0000,28.200243
37.800,25.200,1046.0000,20.377773
37.800,25.200,1047.0000,13.786594
37.800,25.200,1048.0000,24.621744
37.800,25.200,1049.0000,14.547845
37.800,25.200,1050.0000,15.876807
37.800,25.200,1051.0000,11.896251
37.800,25.200,1052.0000,15.103147
37.800,25.200,1053.0000,13.568916
37.800,25.200,1054.0000,3.041938
37.800,25.200,1055.0000,-6.522745
37.800,25.200,1056.0000,4.291167
37.800,25.200,1057.0000,0.997538
37.800,25.200,1058.0000,11.611168
37.800,25.200,1059.0000,9.984321
37.800,25.200,1060.0000,-0.031294
37.800,25.200,1061.0000,7.368126
37.800,25.200,1062.0000,10.782766
37.800,25.200,1063.0000,-3.976130
37.800,25.200,1064.0000,7.386687
37.800,25.200,1065.0000,-5.022731
37.800,25.200,1066.0000,7.401608
37.800,25.200,1067.0000,10.385902
37.800,25.200,1068.0000,2.951155
37.800,25.200,1069.0000,-0.009749
37.800,25.200,1070.0000,-1.641500
37.800,25.200,1071.0000,9.416304
37.800,25.200,1072.0000,10.011081
37.800,25.200,1073.0000,5.960611
37.800,25.200,1074.0000,7.129668
37.800,25.200,1075.0000,5.228553
37.800,25.200,1076.0000,9.736869
37.800,25.200,1077.0000,-4.011840
37.800,25.200,1078.0000,6.198595
37.800,25.200,1079.0000,3.388659
37.800,25.200,1080.0000,7.012889
37.800,25.200,1081.0000,9.844643
37.800,25.200,1082.0000,11.768869
37.800,25.200,1083.0000,-5.350502
37.800,25.200,1084.0000,-9.008427
37.800,25.200,1085.0000,4.976589
37.800,25.200,1086.0000,-1.509867
37.800,25.200,1087.0000,-2.035700
37.800,25.200,1088.0000,-3.809180
37.800,25.200,1089.0000,5.235857
37.800,25.200,1090.0000,7.182645
37.800,25.200,1091.0000,10.393850
37.800,25.200,1092.0000,1.385995
37.800,25.200,1093.0000,-4.475840
37.800,25.200,1094.0000,9.656280
37.800,25.200,1095.0000,-0.870784
37.800,25.200,1096.0000,4.399090
37.800,25.200,1097.0000,4.359142
37.800,25.200,1098.0000,-1.179382
37.800,25.200,1099.0000,-1.988816
37.800,25.200,1100.0000,6.387926
37.800,25.200,1101.0000,3.985524
37.800,25.200,1102.0000,3.697388
37.800,25.200,1103.0000,12.824974
37.800,25.200,1104.0000,17.129631
37.800,25.200,1105.0000,18.425735
37.800,25.200,1106.0000,2.739090
37.800,25.200,1107.0000,2.684104
37.800,25.200,1108.0000,1.437911
37.800,25.200,1109.0000,2.474890
37.800,25.200,1110.0000,-13.749032
37.800,25.200,1111.0000,9.998948
37.800,25.200,1112.0000,2.920061
37.800,25.200,1113.0000,12.952918
37.800,25.200,1114.0000,17.551848
37.800,25.200,1115.0000,18.178514
37.800,25.200,1116.0000,4.941707
37.800,25.200,1117.0000,6.545022
37.800,25.200,1118.0000,2.354850
37.800,25.200,1119.0000,6.440771
37.800,25.200,1120.0000,7.755635
37.800,25.200,1121.0000,11.713067
37.800,25.200,1122.0000,-13.108291
37.800,25.200,1123.0000,0.159711
37.800,25.200,1124.0000,5.341484
37.800,25.200,1125.0000,-1.814027
37.800,25.200,1126.0000,9.852523
37.800,25.200,1127.0000,10.927015
37.800,25.200,1128.0000,4.327042
37.800,25.200,1129.0000,8.612811
37.800,25.200,1130.0000,2.199877
37.800,25.200,1131.0000,9.135058
37.800,25.200,1132.0000,6.516824
37.800,25.200,1133.0000,12.376141
37.800,25.200,1134.0000,20.781063
37.800,25.200,1135.0000,3.643862
37.800,25.200,1136.0000,12.534460
37.800,25.200,1137.0000,9.873406
37.800,25.200,1138.0000,17.283753
37.800,25.200,1139.0000,18.753775
37.800,25.200,1140.0000,8.958988
37.800,25.200,1141.0000,28.517322
37.800,25.200,1142.0000,15.880997
37.800,25.200,1143.0000,24.571913
37.800,25.200,1144.0000,11.260921
37.800,25.200,1145.0000,30.647902
37.800,25.200,1146.0000,30.429035
37.800,25.200,1147.0000,15.607622
37.800,25.200,1148.0000,45.690941
37.800,25.200,1149.0000,53.975122
37.800,25.200,1150.0000,63.729071
37.800,25.200,1151.0000,73.287071
37.800,25.200,1152.0000,81.765967
37.800,25.200,1153.0000,101.591151
37.800,25.200,1154.0000,114.966474
37.800,25.200,1155.0000,106.101626
37.800,25.200,1156.0000,114.679366
37.800,25.200,1157.0000,106.431270
37.800,25.200,1158.0000,96.710412
37.800,25.200,1159.0000,64.938489
37.800,25.200,1160.0000,65.526575
37.800,25.200,1161.0000,49.218681
37.800,25.200,1162.0000,45.794666
37.800,25.200,1163.0000,25.948481
37.800,25.200,1164.0000,30.366893
37.800,25.200,1165.0000,27.817041
37.800,25.200,1166.0000,26.491733
37.800,25.200,1167.0000,20.754206
37.800,25.200,1168.0000,25.961011
37.800,25.200,1169.0000,22.725625
37.800,25.200,1170.0000,24.077929
37.800,25.200,1171.0000,22.793745
37.800,25.200,1172.0000,24.399502
37.800,25.200,1173.0000,27.630320
37.800,25.200,1174.0000,25.914324
37.800,25.200,1175.0000,32.964794
37.800,25.200,1176.0000,30.687931
37.800,25.200,1177.0000,43.713744
37.800,25.200,1178.0000,48.479354
37.800,25.200,1179.0000,65.138628
37.800,25.200,1180.0000,63.822961
37.800,25.200,1181.0000,78.787899
37.800,25.200,1182.0000,87.786641
37.800,25.200,1183.0000,109.472723
37.800,25.200,1184.0000,94.417854
37.800,25.200,1185.0000,90.431186
37.800,25.200,1186.0000,62.697076
37.800,25.200,1187.0000,55.835118
37.800,25.200,1188.0000,40.557493
37.800,25.200,1189.0000,30.859969
37.800,25.200,1190.0000,35.144525
37.800,25.200,1191.0000,29.833576
37.800,25.200,1192.0000,18.901956
37.800,25.200,1193.0000,15.393901
37.800,25.200,1194.0000,17.158226
37.800,25.200,1195.0000,13.581576
37.800,25.200,1196.0000,9.397782
37.800,25.200,1197.0000,12.342011
37.800,25.200,1198.0000,3.770790
37.800,25.200,1199.0000,16.289295
37.800,25.200,1200.0000,3.056207
37.800,25.200,1201.0000,9.712467
37.800,25.200,1202.0000,0.886642
37.800,25.200,1203.0000,-2.423994
37.800,25.200,1204.0000,2.680383
37.800,25.200,1205.0000,4.652145
37.800,25.200,1206.0000,2.913734
37.800,25.200,1207.0000,-3.153817
37.800,25.200,1208.0000,4.388463
37.800,25.200,1209.0000,10.082189
37.800,25.200,1210.0000,5.119950
37.800,25.200,1211.0000,7.558220
37.800,25.200,1212.0000,8.006061
37.800,25.200,1213.0000,2.468512
37.800,25.200,1214.0000,5.094208
37.800,25.200,1215.0000,8.583617
37.800,25.200,1216.0000,1.834751
37.800,25.200,1217.0000,-6.173356
37.800,25.200,1218.0000,-0.710958
37.800,25.200,1219.0000,-3.632256
37.800,25.200,1220.0000,-0.363889
37.800,25.200,1221.0000,8.918489
37.800,25.200,1222.0000,-1.750318
37.800,25.200,1223.0000,3.607148
37.800,25.200,1224.0000,-2.670814
37.800,25.200,1225.0000,3.148438
37.800,25.200,1226.0000,0.578194
37.800,25.200,1227.0000,-0.613437
37.800,25.200,1228.0000,4.102539
37.800,25.200,1229.0000,9.886986
37.800,25.200,1230.0000,4.300487
37.800,25.200,1231.0000,6.865506
37.800,25.200,1232.0000,3.004032
37.800,25.200,1233.0000,3.808088
37.800,25.200,1234.0000,2.792399
37.800,25.200,1235.0000,-0.574007
37.800,25.200,1236.0000,-5.354778
37.800,25.200,1237.0000,13.969275
37.800,25.200,1238.0000,0.663004
37.800,25.200,1239.0000,5.776268
37.800,25.200,1240.0000,2.049063
37.800,25.200,1241.0000,10.605223
37.800,25.200,1242.0000,4.367956
37.800,25.200,1243.0000,-6.156852
37.800,25.200,1244.0000,-7.265718
37.800,25.200,1245.0000,5.282961
37.800,25.200,1246.0000,0.842742
37.800,25.200,1247.0000,-0.975478
37.800,25.200,1248.0000,2.295799
37.800,25.200,1249.0000,-0.336919
37.800,25.200,1250.0000,6.508748
37.800,25.200,1251.0000,-12.003309
37.800,25.200,1252.0000,1.593575
37.800,25.200,1253.0000,11.543220
37.800,25.200,1254.0000,4.743943
37.800,25.200,1255.0000,-4.054303
37.800,25.200,1256.0000,7.741970
37.800,25.200,1257.0000,2.267045
37.800,25.200,1258.0000,-0.130902
37.800,25.200,1259.0000,7.736300
37.800,25.200,1260.0000,2.300595
37.800,25.200,1261.0000,4.601557
37.800,25.200,1262.0000,4.004087
37.800,25.200,1263.0000,3.165934
37.800,25.200,1264.0000,4.119413
37.800,25.200,1265.0000,5.923064
37.800,25.200,1266.0000,-5.867919
37.800,25.200,1267.0000,0.231133
37.800,25.200,1268.0000,-6.481525
37.800,25.200,1269.0000,-2.883161
37.800,25.200,1270.0000,8.182853
37.800,25.200,1271.0000,7.510768
37.800,25.200,1272.0000,8.354053
37.800,25.200,1273.0000,0.594216
37.800,25.200,1274.0000,4.143313
37.800,25.200,1275.0000,0.930271
37.800,25.200,1276.0000,-11.981375
37.800,25.200,1277.0000,1.169576
37.800,25.200,1278.0000,9.267733
37.800,25.200,1279.0000,4.865464
37.800,25.200,1280.0000,-8.324353
37.800,25.200,1281.0000,-5.104930
37.800,25.200,1282.0000,1.781859
37.800,25.200,1283.0000,4.786218
37.800,25.200,1284.0000,14.316813
37.800,25.200,1285.0000,-0.421682
37.800,25.200,1286.0000,7.495106
37.800,25.200,1287.0000,4.137868
37.800,25.200,1288.0000,4.847431
37.800,25.200,1289.0000,-7.359522
37.800,25.200,1290.0000,-6.846757
37.800,25.200,1291.0000,-3.906522
37.800,25.200,1292.0000,-6.679733
37.800,25.200,1293.0000,0.121951
37.800,25.200,1294.0000,3.491449
37.800,25.200,1295.0000,-9.293522
37.800,25.200,1296.0000,-5.940488
37.800,25.200,1297.0000,3.336188
37.800,25.200,1298.0000,6.858601
37.800,25.200,1299.0000,7.997816
37.800,25.200,1300.0000,-0.237061
37.800,25.200,1301.0000,1.022970
37.800,25.200,1302.0000,5.058064
37.800,25.200,1303.0000,2.500894
37.800,25.200,1304.0000,2.321749
37.800,25.200,1305.0000,0.343693
37.800,25.200,1306.0000,-8.354378
37.800,25.200,1307.0000,-5.529172
37.800,25.200,1308.0000,1.494055
37.800,25.200,1309.0000,-2.415661
37.800,25.200,1310.0000,4.340871
37.800,25.200,1311.0000,3.136693
37.800,25.200,1312.0000,-1.951136
37.800,25.200,1313.0000,-1.033594
37.800,25.200,1314.0000,4.243263
37.800,25.200,1315.0000,5.298485
37.800,25.200,1316.0000,2.663086
37.800,25.200,1317.0000,2.546975
37.800,25.200,1318.0000,1.890590
37.800,25.200,1319.0000,-3.436291
37.800,25.200,1320.0000,-1.616872
37.800,25.200,1321.0000,4.183108
37.800,25.200,1322.0000,-5.620464
37.800,25.200,1323.0000,1.784279
37.800,25.200,1324.0000,2.942951
37.800,25.200,1325.0000,-13.150299
37.800,25.200,1326.0000,-0.970145
37.800,25.200,1327.0000,4.693199
37.800,25.200,1328.0000,-2.859395
37.800,25.200,1329.0000,-4.004765
37.800,25.200,1330.0000,-6.245699
37.800,25.200,1331.0000,0.511888
37.800,25.200,1332.0000,-0.500467
37.800,25.200,1333.0000,3.443389
37.800,25.200,1334.0000,-2.589517
37.800,25.200,1335.0000,5.039079
37.800,25.200,1336.0000,3.847912
37.800,25.200,1337.0000,1.013079
37.800,25.200,1338.0000,4.860519
37.800,25.200,1339.0000,-3.647700
37.800,25.200,1340.0000,-6.131944
37.800,25.200,1341.0000,7.455172
37.800,25.200,1342.0000,3.693221
37.800,25.200,1343.0000,0.925202
37.800,25.200,1344.0000,-3.138893
37.800,25.200,1345.0000,10.996665
37.800,25.200,1346.0000,8.066275
37.800,25.200,1347.0000,7.779467
37.800,25.200,1348.0000,3.916012
37.800,25.200,1349.0000,-0.053059
37.800,25.200,1350.0000,8.180737
37.800,25.200,1351.0000,4.647880
37.800,25.200,1352.0000,2.884388
37.800,25.200,1353.0000,-2.186028
37.800,25.200,1354.0000,10.584885
37.800,25.200,1355.0000,6.570377
37.800,25.200,1356.0000,-0.253570
37.800,25.200,1357.0000,5.698534
37.800,25.200,1358.0000,-5.172007
37.800,25.200,1359.0000,3.311368
37.800,25.200,1360.0000,-10.730893
37.800,25.200,1361.0000,-5.969029
37.800,25.200,1362.0000,2.882077
37.800,25.200,1363.0000,4.235638
37.800,25.200,1364.0000,6.207102
37.800,25.200,1365.0000,-0.810595
37.800,25.200,1366.0000,8.444085
37.800,25.200,1367.0000,-8.148996
37.800,25.200,1368.0000,-4.838059
37.800,25.200,1369.0000,1.784510
37.800,25.200,1370.0000,12.088618
37.800,25.200,1371.0000,0.158460
37.800,25.200,1372.0000,-5.931836
37.800,25.200,1373.0000,1.153439
37.800,25.200,1374.0000,10.049236
37.800,25.200,1375.0000,9.873322
37.800,25.200,1376.0000,-0.013143
37.800,25.200,1377.0000,2.661930
37.800,25.200,1378.0000,1.525219
37.800,25.200,1379.0000,2.724098
37.800,25.200,1380.0000,3.847287
37.800,25.200,1381.0000,-11.194234
37.800,25.200,1382.0000,-3.875829
37.800,25.200,1383.0000,-12.817050
37.800,25.200,1384.0000,4.695797
37.800,25.200,1385.0000,4.951750
37.800,25.200,1386.0000,-3.751719
37.800,25.200,1387.0000,6.901873
37.800,25.200,1388.0000,4.703505
37.800,25.200,1389.0000,-1.419604
37.800,25.200,1390.0000,8.095411
37.800,25.200,1391.0000,0.414553
37.800,25.200,1392.0000,2.014724
37.800,25.200,1393.0000,-0.834985
37.800,25.200,1394.0000,11.454662
37.800,25.200,1395.0000,-3.260180
37.800,25.200,1396.0000,6.226782
37.800,25.200,1397.0000,8.241395
37.800,25.200,1398.0000,3.046608
37.800,25.200,1399.0000,-7.045351
37.800,25.200,1400.0000,-1.091431
37.800,25.200,1401.0000,6.402984
37.800,25.200,1402.0000,5.803862
37.800,25.200,1403.0000,-0.033806
37.800,25.200,1404.0000,0.691530
37.800,25.200,1405.0000,3.920450
37.800,25.200,1406.0000,-2.847041
37.800,25.200,1407.0000,8.320482
37.800,25.200,1408.0000,-7.036900
37.800,25.200,1409.0000,4.878817
37.800,25.200,1410.0000,11.486493
37.800,25.200,1411.0000,8.124431
37.800,25.200,1412.0000,-2.782882
37.800,25.200,1413.0000,-2.632006
37.800,25.200,1414.0000,9.842781
37.800,25.200,1415.0000,8.003799
37.800,25.200,1416.0000,3.211638
37.800,25.200,1417.0000,13.714491
37.800,25.200,1418.0000,9.890578
37.800,25.200,1419.0000,6.678033
37.800,25.200,1420.0000,16.315520
37.800,25.200,1421.0000,3.885471
37.800,25.200,1422.0000,15.131295
37.800,25.200,1423.0000,8.915547
37.800,25.200,1424.0000,18.315748
37.800,25.200,1425.0000,11.434105
37.800,25.200,1426.0000,19.144513
37.800,25.200,1427.0000,25.134709
37.800,25.200,1428.0000,23.130306
37.800,25.200,1429.0000,12.973232
37.800,25.200,1430.0000,13.281918
37.800,25.200,1431.0000,23.760444
37.800,25.200,1432.0000,23.073470
37.800,25.200,1433.0000,36.079279
37.800,25.200,1434.0000,39.320064
37.800,25.200,1435.0000,24.637184
37.800,25.200,1436.0000,27.887231
37.800,25.200,1437.0000,36.457929
37.800,25.200,1438.0000,41.728816
37.800,25.200,1439.0000,51.047310
37.800,25.200,1440.0000,59.192151
37.800,25.200,1441.0000,72.171867
37.800,25.200,1442.0000,84.591814
37.800,25.200,1443.0000,78.760998
37.800,25.200,1444.0000,100.804808
37.800,25.200,1445.0000,117.134403
37.800,25.200,1446.0000,135.500970
37.800,25.200,1447.0000,151.948596
37.800,25.200,1448.0000,164.209804
37.800,25.200,1449.0000,174.056638
37.800,25.200,1450.0000,193.281910
37.800,25.200,1451.0000,175.103320
37.800,25.200,1452.0000,168.321705
37.800,25.200,1453.0000,153.690089
37.800,25.200,1454.0000,129.399481
37.800,25.200,1455.0000,122.476713
37.800,25.200,1456.0000,102.896551
37.800,25.200,1457.0000,80.553748
37.800,25.200,1458.0000,64.681754
37.800,25.200,1459.0000,65.134260
37.800,25.200,1460.0000,62.180099
37.800,25.200,1461.0000,51.914130
37.800,25.200,1462.0000,51.782209
37.800,25.200,1463.0000,42.733287
37.800,25.200,1464.0000,32.578180
37.800,25.200,1465.0000,35.431804
37.800,25.200,1466.0000,33.183140
37.800,25.200,1467.0000,22.655239
37.800,25.200,1468.0000,29.028317
37.800,25.200,1469.0000,11.417935
37.800,25.200,1470.0000,10.912610
37.800,25.200,1471.0000,17.207657
37.800,25.200,1472.0000,19.751279
37.800,25.200,1473.0000,12.447888
37.800,25.200,1474.0000,22.624422
37.800,25.200,1475.0000,8.698272
37.800,25.200,1476.0000,17.385836
37.800,25.200,1477.0000,12.629831
37.800,25.200,1478.0000,4.910564
37.800,25.200,1479.0000,10.363246
37.800,25.200,1480.0000,12.400520
37.800,25.200,1481.0000,1.570455
37.800,25.200,1482.0000,3.908632
37.800,25.200,1483.0000,15.871190
37.800,25.200,1484.0000,5.497526
37.800,25.200,1485.0000,2.979649
37.800,25.200,1486.0000,10.076892
37.800,25.200,1487.0000,8.831724
37.800,25.200,1488.0000,3.997833
37.800,25.200,1489.0000,7.700013
37.800,25.200,1490.0000,4.750115
37.800,25.200,1491.0000,5.861543
37.800,25.200,1492.0000,6.832295
37.800,25.200,1493.0000,-2.458892
37.800,25.200,1494.0000,5.124136
37.800,25.200,1495.0000,10.925746
37.800,25.200,1496.0000,11.105454
37.800,25.200,1497.0000,7.098081
37.800,25.200,1498.0000,1.863257
37.800,25.200,1499.0000,11.956786
37.800,25.200,1500.0000,8.297397
37.800,25.200,1501.0000,7.959609
37.800,25.200,1502.0000,11.132130
37.800,25.200,1503.0000,-3.318809
37.800,25.200,1504.0000,13.986220
37.800,25.200,1505.0000,10.240167
37.800,25.200,1506.0000,8.420441
37.800,25.200,1507.0000,0.584008
37.800,25.200,1508.0000,-3.847103
37.800,25.200,1509.0000,-1.338430
37.800,25.200,1510.0000,-6.653061
37.800,25.200,1511.0000,6.924306
37.800,25.200,1512.0000,1.601934
37.800,25.200,1513.0000,-6.794701
37.800,25.200,1514.0000,5.289868
37.800,25.200,1515.0000,12.113397
37.800,25.200,1516.0000,0.686759
37.800,25.200,1517.0000,16.279247
37.800,25.200,1518.0000,-1.752246
37.800,25.200,1519.0000,8.144600
37.800,25.200,1520.0000,5.082018
37.800,25.200,1521.0000,1.932228
37.800,25.200,1522.0000,4.422927
37.800,25.200,1523.0000,9.520347
37.800,25.200,1524.0000,1.379038
37.800,25.200,1525.0000,9.756844
37.800,25.200,1526.0000,1.278969
37.800,25.200,1527.0000,4.588517
37.800,25.200,1528.0000,12.108894
37.800,25.200,1529.0000,-2.677266
37.800,25.200,1530.0000,8.018677
37.800,25.200,1531.0000,19.199961
37.800,25.200,1532.0000,2.156959
37.800,25.200,1533.0000,9.361777
37.800,25.200,1534.0000,6.391456
37.800,25.200,1535.0000,13.965025
37.800,25.200,1536.0000,7.604783
37.800,25.200,1537.0000,7.594047
37.800,25.200,1538.0000,-3.785620
37.800,25.200,1539.0000,4.875763
37.800,25.200,1540.0000,4.896079
37.800,25.200,1541.0000,2.307377
37.800,25.200,1542.0000,6.102353
37.800,25.200,1543.0000,-0.182210
37.800,25.200,1544.0000,9.241483
37.800,25.200,1545.0000,6.943629
37.800,25.200,1546.0000,10.786757
37.800,25.200,1547.0000,5.998294
37.800,25.200,1548.0000,1.601325
37.800,25.200,1549.0000,7.589877
37.800,25.200,1550.0000,0.427578
37.800,25.200,1551.0000,9.083828
37.800,25.200,1552.0000,-1.572053
37.800,25.200,1553.0000,14.916129
37.800,25.200,1554.0000,8.678190
37.800,25.200,1555.0000,4.713723
37.800,25.200,1556.0000,6.220114
37.800,25.200,1557.0000,1.071970
37.800,25.200,1558.0000,13.002301
37.800,25.200,1559.0000,18.674566
37.800,25.200,1560.0000,18.981622
37.800,25.200,1561.0000,12.130054
37.800,25.200,1562.0000,11.360617
37.800,25.200,1563.0000,17.715402
37.800,25.200,1564.0000,22.625804
37.800,25.200,1565.0000,10.776918
37.800,25.200,1566.0000,18.730181
37.800,25.200,1567.0000,16.860041
37.800,25.200,1568.0000,23.113763
37.800,25.200,1569.0000,27.659001
37.800,25.200,1570.0000,29.707045
37.800,25.200,1571.0000,41.101152
37.800,25.200,1572.0000,26.935727
37.800,25.200,1573.0000,26.257109
37.800,25.200,1574.0000,53.976300
37.800,25.200,1575.0000,76.235399
37.800,25.200,1576.0000,61.833913
37.800,25.200,1577.0000,83.341563
37.800,25.200,1578.0000,85.369118
37.800,25.200,1579.0000,120.273211
37.800,25.200,1580.0000,126.061402
37.800,25.200,1581.0000,154.209815
37.800,25.200,1582.0000,176.820929
37.800,25.200,1583.0000,186.338088
37.800,25.200,1584.0000,165.159212
37.800,25.200,1585.0000,163.699303
37.800,25.200,1586.0000,153.396849
37.800,25.200,1587.0000,124.285137
37.800,25.200,1588.0000,122.754999
37.800,25.200,1589.0000,115.095244
37.800,25.200,1590.0000,101.890659
37.800,25.200,1591.0000,99.998772
37.800,25.200,1592.0000,101.087598
37.800,25.200,1593.0000,114.178608
37.800,25.200,1594.0000,126.744247
37.800,25.200,1595.0000,147.041013
37.800,25.200,1596.0000,164.612311
37.800,25.200,1597.0000,219.308692
37.800,25.200,1598.0000,266.430494
37.800,25.200,1599.0000,331.552159
37.800,25.200,1600.0000,404.327870
37.800,25.200,1601.0000,467.805012
37.800,25.200,1602.0000,499.395390
37.800,25.200,1603.0000,480.196214
37.800,25.200,1604.0000,409.135944
37.800,25.200,1605.0000,329.696351
37.800,25.200,1606.0000,246.763718
37.800,25.200,1607.0000,197.766621
37.800,25.200,1608.0000,146.481758
37.800,25.200,1609.0000,126.397085
37.800,25.200,1610.0000,105.426607
37.800,25.200,1611.0000,84.257443
37.800,25.200,1612.0000,79.391187
37.800,25.200,1613.0000,64.656970
37.800,25.200,1614.0000,55.182948
37.800,25.200,1615.0000,36.597351
37.800,25.200,1616.0000,45.549352
37.800,25.200,1617.0000,20.697803
37.800,25.200,1618.0000,28.698287
37.800,25.200,1619.0000,27.750563
37.800,25.200,1620.0000,23.972818
37.800,25.200,1621.0000,14.226625
37.800,25.200,1622.0000,33.845843
37.800,25.200,1623.0000,16.413587
37.800,25.200,1624.0000,13.553767
37.800,25.200,1625.0000,21.974546
37.800,25.200,1626.0000,10.413242
37.800,25.200,1627.0000,21.916096
37.800,25.200,1628.0000,7.496714
37.800,25.200,1629.0000,9.611738
37.800,25.200,1630.0000,21.906298
37.800,25.200,1631.0000,7.997313
37.800,25.200,1632.0000,14.035318
37.800,25.200,1633.0000,16.770512
37.800,25.200,1634.0000,1.007239
37.800,25.200,1635.0000,16.562657
37.800,25.200,1636.0000,14.634972
37.800,25.200,1637.0000,4.010069
37.800,25.200,1638.0000,8.074554
37.800,25.200,1639.0000,-3.394708
37.800,25.200,1640.0000,10.972721
37.800,25.200,1641.0000,15.585572
37.800,25.200,1642.0000,11.264390
37.800,25.200,1643.0000,14.041458
37.800,25.200,1644.0000,-0.543326
37.800,25.200,1645.0000,-3.593677
37.800,25.200,1646.0000,5.857044
37.800,25.200,1647.0000,9.805398
37.800,25.200,1648.0000,5.786151
37.800,25.200,1649.0000,6.694005
37.800,25.200,1650.0000,0.162357
37.800,25.200,1651.0000,7.499159
37.800,25.200,1652.0000,1.557761
37.800,25.200,1653.0000,4.173115
37.800,25.200,1654.0000,-3.111575
37.800,25.200,1655.0000,-0.608457
37.800,25.200,1656.0000,-6.562933
37.800,25.200,1657.0000,-2.948060
37.800,25.200,1658.0000,-4.077145
37.800,25.200,1659.0000,-1.252410
37.800,25.200,1660.0000,-0.277649
37.800,25.200,1661.0000,8.858164
37.800,25.200,1662.0000,7.628487
37.800,25.200,1663.0000,-0.470064
37.800,25.200,1664.0000,-1.373352
37.800,25.200,1665.0000,-10.365902
37.800,25.200,1666.0000,7.730817
37.800,25.200,1667.0000,-3.936771
37.800,25.200,1668.0000,-3.944466
37.800,25.200,1669.0000,8.018650
37.800,25.200,1670.0000,-3.662923
37.800,25.200,1671.0000,17.124053
37.800,25.200,1672.0000,-8.004944
37.800,25.200,1673.0000,1.482334
37.800,25.200,1674.0000,-3.370411
37.800,25.200,1675.0000,4.619003
37.800,25.200,1676.0000,6.128401
37.800,25.200,1677.0000,10.310415
37.800,25.200,1678.0000,7.999587
37.800,25.200,1679.0000,3.876380
37.800,25.200,1680.0000,1.485533
37.800,25.200,1681.0000,9.928119
37.800,25.200,1682.0000,-4.460724
37.800,25.200,1683.0000,11.436655
37.800,25.200,1684.0000,9.054788
37.800,25.200,1685.0000,7.371265
37.800,25.200,1686.0000,10.810663
37.800,25.200,1687.0000,7.960284
37.800,25.200,1688.0000,-1.359471
37.800,25.200,1689.0000,-5.016300
37.800,25.200,1690.0000,0.948406
37.800,25.200,1691.0000,3.456814
37.800,25.200,1692.0000,9.597151
37.800,25.200,1693.0000,-3.031600
37.800,25.200,1694.0000,3.426539
37.800,25.200,1695.0000,3.456840
37.800,25.200,1696.0000,-3.208726
37.800,25.200,1697.0000,3.124742
37.800,25.200,1698.0000,2.286107
37.800,25.200,1699.0000,-3.431394
37.800,25.200,1700.0000,-8.265595
37.800,25.200,1701.0000,16.548968
37.800,25.200,1702.0000,-3.427269
37.800,25.200,1703.0000,5.743770
37.800,25.200,1704.0000,11.288526
37.800,25.200,1705.0000,-4.578397
37.800,25.200,1706.0000,1.865372
37.800,25.200,1707.0000,0.574210
37.800,25.200,1708.0000,0.071608
37.800,25.200,1709.0000,11.110501
37.800,25.200,1710.0000,-2.555278
37.800,25.200,1711.0000,-1.016896
37.800,25.200,1712.0000,6.288999
37.800,25.200,1713.0000,-2.995043
37.800,25.200,1714.0000,2.603402
37.800,25.200,1715.0000,-4.206817
37.800,25.200,1716.0000,-7.395130
37.800,25.200,1717.0000,-8.733969
37.800,25.200,1718.0000,0.899117
37.800,25.200,1719.0000,0.482558
37.800,25.200,1720.0000,0.313816
37.800,25.200,1721.0000,-5.030730
37.800,25.200,1722.0000,-3.617945
37.800,25.200,1723.0000,-0.128833
37.800,25.200,1724.0000,3.639605
37.800,25.200,1725.0000,9.182668
37.800,25.200,1726.0000,-6.047118
37.800,25.200,1727.0000,2.385749
37.800,25.200,1728.0000,-3.518191
37.800,25.200,1729.0000,-5.368990
37.800,25.200,1730.0000,3.716545
37.800,25.200,1731.0000,-3.906748
37.800,25.200,1732.0000,-0.370904
37.800,25.200,1733.0000,6.526421
37.800,25.200,1734.0000,1.934904
37.800,25.200,1735.0000,-11.107141
37.800,25.200,1736.0000,5.066343
37.800,25.200,1737.0000,-6.845010
37.800,25.200,1738.0000,-2.791296
37.800,25.200,1739.0000,2.038330
37.800,25.200,1740.0000,3.495083
37.800,25.200,1741.0000,6.398671
37.800,25.200,1742.0000,-0.709652
37.800,25.200,1743.0000,3.673461
37.800,25.200,1744.0000,0.290142
37.800,25.200,1745.0000,-9.115176
37.800,25.200,1746.0000,0.232249
37.800,25.200,1747.0000,9.687309
37.800,25.200,1748.0000,0.633422
37.800,25.200,1749.0000,7.507221
37.800,25.200,1750.0000,0.120738
37.800,25.200,1751.0000,-7.827888
37.800,25.200,1752.0000,0.833119
37.800,25.200,1753.0000,1.252436
37.800,25.200,1754.0000,0.420049
37.800,25.200,1755.0000,13.936001
37.800,25.200,1756.0000,16.971536
37.800,25.200,1757.0000,4.039435
37.800,25.200,1758.0000,-3.248332
37.800,25.200,1759.0000,0.933706
37.800,25.200,1760.0000,0.500303
37.800,25.200,1761.0000,-0.547685
37.800,25.200,1762.0000,1.457965
37.800,25.200,1763.0000,5.264265
37.800,25.200,1764.0000,1.688327
37.800,25.200,1765.0000,1.736187
37.800,25.200,1766.0000,10.665660
37.800,25.200,1767.0000,1.706234
37.800,25.200,1768.0000,2.063112
37.800,25.200,1769.0000,-13.401112
37.800,25.200,1770.0000,7.328741
37.800,25.200,1771.0000,4.927625
37.800,25.200,1772.0000,-3.242682
37.800,25.200,1773.0000,4.307702
37.800,25.200,1774.0000,-3.918785
37.800,25.200,1775.0000,0.146149
37.800,25.200,1776.0000,1.606533
37.800,25.200,1777.0000,7.591890
37.800,25.200,1778.0000,0.494085
37.800,25.200,1779.0000,-4.150745
37.800,25.200,1780.0000,-2.146588
37.800,25.200,1781.0000,4.345186
37.800,25.200,1782.0000,-7.544551
37.800,25.200,1783.0000,1.815712
37.800,25.200,1784.0000,3.653189
37.800,25.200,1785.0000,-2.189806
37.800,25.200,1786.0000,-2.217020
37.800,25.200,1787.0000,4.660969
37.800,25.200,1788.0000,9.223493
37.800,25.200,1789.0000,6.278771
37.800,25.200,1790.0000,-2.254627
37.800,25.200,1791.0000,2.395809
37.800,25.200,1792.0000,-2.205346
37.800,25.200,1793.0000,-0.553447
37.800,25.200,1794.0000,6.907684
37.800,25.200,1795.0000,2.876211
37.800,25.200,1796.0000,-9.163010
37.800,25.200,1797.0000,-1.593110
37.800,25.200,1798.0000,2.795895
37.800,25.200,1799.0000,4.017016
37.800,25.200,1800.0000,-1.421996
37.800,25.200,1801.0000,-7.604584
37.800,25.200,1802.0000,-2.749074
37.800,25.200,1803.0000,-13.380742
37.800,25.200,1804.0000,6.959596
37.800,25.200,1805.0000,1.617020
37.800,25.200,1806.0000,5.284603
37.800,25.200,1807.0000,-7.001946
37.800,25.200,1808.0000,-4.136495
37.800,25.200,1809.0000,-11.849893
37.800,25.200,1810.0000,2.686670
37.800,25.200,1811.0000,-4.336313
37.800,25.200,1812.0000,-0.387526
37.800,25.200,1813.0000,-4.558687
37.800,25.200,1814.0000,4.361795
37.800,25.200,1815.0000,3.385253
37.800,25.200,1816.0000,-5.273221
37.800,25.200,1817.0000,-7.211549
37.800,25.200,1818.0000,-6.577657
37.800,25.200,1819.0000,5.966116
37.800,25.200,1820.0000,-0.248978
37.800,25.200,1821.0000,-2.773105
37.800,25.200,1822.0000,-3.867686
37.800,25.200,1823.0000,1.733257
37.800,25.200,1824.0000,8.462331
37.800,25.200,1825.0000,1.130257
37.800,25.200,1826.0000,-3.226831
37.800,25.200,1827.0000,10.486802
37.800,25.200,1828.0000,0.645671
37.800,25.200,1829.0000,-8.256429
37.800,25.200,1830.0000,3.911870
37.800,25.200,1831.0000,9.523458
37.800,25.200,1832.0000,1.816277
37.800,25.200,1833.0000,6.047960
37.800,25.200,1834.0000,-1.097374
37.800,25.200,1835.0000,-0.492995
37.800,25.200,1836.0000,-0.864176
37.800,25.200,1837.0000,0.278890
37.800,25.200,1838.0000,6.610431
37.800,25.200,1839.0000,2.839815
37.800,25.200,1840.0000,-9.625056
37.800,25.200,1841.0000,0.262434
37.800,25.200,1842.0000,-4.814560
37.800,25.200,1843.0000,3.652249
37.800,25.200,1844.0000,-3.831315
37.800,25.200,1845.0000,1.294272
37.800,25.200,1846.0000,2.610355
37.800,25.200,1847.0000,1.806873
37.800,25.200,1848.0000,7.712492
37.800,25.200,1849.0000,-2.033435
37.800,25.200,1850.0000,-0.307022
37.800,25.200,1851.0000,-1.624804
37.800,25.200,1852.0000,-6.226715
37.800,25.200,1853.0000,9.375644
37.800,25.200,1854.0000,-1.198349
37.800,25.200,1855.0000,-6.834194
37.800,25.200,1856.0000,-0.783584
37.800,25.200,1857.0000,-0.672672
37.800,25.200,1858.0000,-4.885819
37.800,25.200,1859.0000,11.944862
37.800,25.200,1860.0000,-5.687500
37.800,25.200,1861.0000,6.055941
37.800,25.200,1862.0000,-3.997080
37.800,25.200,1863.0000,-5.597374
37.800,25.200,1864.0000,-1.757382
37.800,25.200,1865.0000,-1.150994
37.800,25.200,1866.0000,4.756901
37.800,25.200,1867.0000,0.893254
37.800,25.200,1868.0000,1.082048
37.800,25.200,1869.0000,2.069653
37.800,25.200,1870.0000,0.593520
37.800,25.200,1871.0000,4.659636
37.800,25.200,1872.0000,0.787389
37.800,25.200,1873.0000,-7.011058
37.800,25.200,1874.0000,0.979981
37.800,25.200,1875.0000,-14.922309
37.800,25.200,1876.0000,0.717604
37.800,25.200,1877.0000,-0.728483
37.800,25.200,1878.0000,2.450945
37.800,25.200,1879.0000,-2.731496
37.800,25.200,1880.0000,6.553454
37.800,25.200,1881.0000,-2.515632
37.800,25.200,1882.0000,-2.369456
37.800,25.200,1883.0000,-9.539687
37.800,25.200,1884.0000,-7.458420
37.800,25.200,1885.0000,1.557061
37.800,25.200,1886.0000,-7.649527
37.800,25.200,1887.0000,0.174479
37.800,25.200,1888.0000,1.251729
37.800,25.200,1889.0000,-11.579918
37.800,25.200,1890.0000,8.661135
37.800,25.200,1891.0000,3.704723
37.800,25.200,1892.0000,-0.850941
37.800,25.200,1893.0000,8.698101
37.800,25.200,1894.0000,17.495369
37.800,25.200,1895.0000,-1.242223
37.800,25.200,1896.0000,3.824052
37.800,25.200,1897.0000,1.983994
37.800,25.200,1898.0000,-5.298286
37.800,25.200,1899.0000,7.690152
37.800,25.200,1900.0000,-1.853074
37.800,25.200,1901.0000,-2.484922
37.800,25.200,1902.0000,1.516124
37.800,25.200,1903.0000,7.120917
37.800,25.200,1904.0000,-1.354711
37.800,25.200,1905.0000,4.515246
37.800,25.200,1906.0000,-6.287689
37.800,25.200,1907.0000,11.200931
37.800,25.200,1908.0000,6.774640
37.800,25.200,1909.0000,-5.960692
37.800,25.200,1910.0000,2.701611
37.800,25.200,1911.0000,0.350675
37.800,25.200,1912.0000,9.221123
37.800,25.200,1913.0000,-2.033179
37.800,25.200,1914.0000,0.026293
37.800,25.200,1915.0000,-2.303203
37.800,25.200,1916.0000,-4.169581
37.800,25.200,1917.0000,-4.250722
37.800,25.200,1918.0000,5.278499
37.800,25.200,1919.0000,-8.988047
37.800,25.200,1920.0000,-10.917701
37.800,25.200,1921.0000,-3.676703
37.800,25.200,1922.0000,-1.685729
37.800,25.200,1923.0000,3.988952
37.800,25.200,1924.0000,-1.062560
37.800,25.200,1925.0000,-8.446287
37.800,25.200,1926.0000,1.260408
37.800,25.200,1927.0000,0.062719
37.800,25.200,1928.0000,10.209079
37.800,25.200,1929.0000,2.072417
37.800,25.200,1930.0000,3.295794
37.800,25.200,1931.0000,3.066312
37.800,25.200,1932.0000,-3.586581
37.800,25.200,1933.0000,0.410988
37.800,25.200,1934.0000,3.950060
37.800,25.200,1935.0000,-2.659635
37.800,25.200,1936.0000,7.193462
37.800,25.200,1937.0000,-2.444718
37.800,25.200,1938.0000,-3.281550
37.800,25.200,1939.0000,5.127898
37.800,25.200,1940.0000,-2.962502
37.800,25.200,1941.0000,2.065424
37.800,25.200,1942.0000,-1.893176
37.800,25.200,1943.0000,-5.014435
37.800,25.200,1944.0000,9.683241
37.800,25.200,1945.0000,-7.080229
37.800,25.200,1946.0000,5.768302
37.800,25.200,1947.0000,3.974076
37.800,25.200,1948.0000,-0.804779
37.800,25.200,1949.0000,1.337319
37.800,25.200,1950.0000,-1.542396
37.800,25.200,1951.0000,-6.433501
37.800,25.200,1952.0000,-4.637427
37.800,25.200,1953.0000,-5.601939
37.800,25.200,1954.0000,-2.608176
37.800,25.200,1955.0000,-4.347538
37.800,25.200,1956.0000,4.073154
37.800,25.200,1957.0000,10.047092
37.800,25.200,1958.0000,3.007134
37.800,25.200,1959.0000,2.850819
37.800,25.200,1960.0000,1.625068
37.800,25.200,1961.0000,-3.033679
37.800,25.200,1962.0000,0.808112
37.800,25.200,1963.0000,-3.010847
37.800,25.200,1964.0000,2.544523
37.800,25.200,1965.0000,8.439993
37.800,25.200,1966.0000,-0.922349
37.800,25.200,1967.0000,-1.013604
37.800,25.200,1968.0000,2.095739
37.800,25.200,1969.0000,9.805339
37.800,25.200,1970.0000,-0.870280
37.800,25.200,1971.0000,7.967623
37.800,25.200,1972.0000,13.792009
37.800,25.200,1973.0000,2.276981
37.800,25.200,1974.0000,-1.617925
37.800,25.200,1975.0000,-0.038205
37.800,25.200,1976.0000,-1.326499
37.800,25.200,1977.0000,-14.607690
37.800,25.200,1978.0000,-5.369546
37.800,25.200,1979.0000,-2.598955
37.800,25.200,1980.0000,2.191153
37.800,25.200,1981.0000,-3.619886
37.800,25.200,1982.0000,-1.447680
37.800,25.200,1983.0000,-0.171743
37.800,25.200,1984.0000,-6.427291
37.800,25.200,1985.0000,1.149504
37.800,25.200,1986.0000,4.739288
37.800,25.200,1987.0000,-6.917247
37.800,25.200,1988.0000,-4.205835
37.800,25.200,1989.0000,-0.274354
37.800,25.200,1990.0000,2.040459
37.800,25.200,1991.0000,-0.165237
37.800,25.200,1992.0000,-4.622347
37.800,25.200,1993.0000,-8.411902
37.800,25.200,1994.0000,4.061564
37.800,25.200,1995.0000,3.589191
37.800,25.200,1996.0000,-6.439677
37.800,25.200,1997.0000,3.048370
37.800,25.200,1998.0000,-1.106310
37.800,25.200,1999.0000,1.784208
37.800,25.200,2000.0000,-3.185417
37.800,25.300,200.0000,1.158073
37.800,25.300,201.0000,-6.312995
37.800,25.300,202.0000,4.088242
37.800,25.300,203.0000,-1.188860
37.800,25.300,204.0000,7.060795
37.800,25.300,205.0000,-7.566815
37.800,25.300,206.0000,4.466100
37.800,25.300,207.0000,-3.102390
37.800,25.300,208.0000,10.522272
37.800,25.300,209.0000,-8.061364
37.800,25.300,210.0000,4.305026
37.800,25.300,211.0000,-6.459039
37.800,25.300,212.0000,-9.808888
37.800,25.300,213.0000,-2.837459
37.800,25.300,214.0000,-1.744112
37.800,25.300,215.0000,4.422451
37.800,25.300,216.0000,-0.410041
37.800,25.300,217.0000,8.983519
37.800,25.300,218.0000,6.203827
37.800,25.300,219.0000,-8.733360
37.800,25.300,220.0000,-0.555964
37.800,25.300,221.0000,2.403753
37.800,25.300,222.0000,-4.395376
37.800,25.300,223.0000,-4.798497
37.800,25.300,224.0000,-17.268299
37.800,25.300,225.0000,6.688486
37.800,25.300,226.0000,3.807608
37.800,25.300,227.0000,-1.339692
37.800,25.300,228.0000,0.766611
37.800,25.300,229.0000,-5.192383
37.800,25.300,230.0000,8.997245
37.800,25.300,231.0000,2.345626
37.800,25.300,232.0000,-10.970629
37.800,25.300,233.0000,-4.326662
37.800,25.300,234.0000,-4.745177
37.800,25.300,235.0000,-7.532903
37.800,25.300,236.0000,-7.905341
37.800,25.300,237.0000,2.501928
37.800,25.300,238.0000,0.451438
37.800,25.300,239.0000,-5.180702
37.800,25.300,240.0000,-5.932784
37.800,25.300,241.0000,-14.583716
37.800,25.300,242.0000,-2.022232
37.800,25.300,243.0000,-4.801668
37.800,25.300,244.0000,10.823352
37.800,25.300,245.0000,1.065947
37.800,25.300,246.0000,2.413903
37.800,25.300,247.0000,-3.231593
37.800,25.300,248.0000,-0.064427
37.800,25.300,249.0000,4.020104
37.800,25.300,250.0000,1.051661
37.800,25.300,251.0000,3.818389
37.800,25.300,252.0000,11.944297
37.800,25.300,253.0000,13.707116
37.800,25.300,254.0000,1.968061
37.800,25.300,255.0000,3.683581
37.800,25.300,256.0000,-2.555478
37.800,25.300,257.0000,-10.958217
37.800,25.300,258.0000,-2.790146
37.800,25.300,259.0000,4.245756
37.800,25.300,260.0000,-8.517280
37.800,25.300,261.0000,3.662085
37.800,25.300,262.0000,6.040849
37.800,25.300,263.0000,11.671256
37.800,25.300,264.0000,-4.127275
37.800,25.300,265.0000,-13.059214
37.800,25.300,266.0000,-3.377878
37.800,25.300,267.0000,-1.499872
37.800,25.300,268.0000,1.670284
37.800,25.300,269.0000,5.293989
37.800,25.300,270.0000,-3.981958
37.800,25.300,271.0000,-7.119042
37.800,25.300,272.0000,-5.136071
37.800,25.300,273.0000,9.282447
37.800,25.300,274.0000,-3.700754
37.800,25.300,275.0000,-1.806735
37.800,25.300,276.0000,-0.229901
37.800,25.300,277.0000,-10.991602
37.800,25.300,278.0000,-7.826682
37.800,25.300,279.0000,-1.875677
37.800,25.300,280.0000,-1.329186
37.800,25.300,281.0000,-10.552417
37.800,25.300,282.0000,9.630274
37.800,25.300,283.0000,8.764688
37.800,25.300,284.0000,-7.220980
37.800,25.300,285.0000,7.304897
37.800,25.300,286.0000,2.017602
37.800,25.300,287.0000,4.634004
37.800,25.300,288.0000,-2.664731
37.800,25.300,289.0000,-12.326440
37.800,25.300,290.0000,11.908940
37.800,25.300,291.0000,-0.858848
37.800,25.300,292.0000,0.005491
37.800,25.300,293.0000,-2.010281
37.800,25.300,294.0000,-2.005165
37.800,25.300,295.0000,5.543201
37.800,25.300,296.0000,-2.574696
37.800,25.300,297.0000,3.764363
37.800,25.300,298.0000,5.736257
37.800,25.300,299.0000,-3.763259
37.800,25.300,300.0000,3.748540
37.800,25.300,301.0000,7.497090
37.800,25.300,302.0000,-0.025172
37.800,25.300,303.0000,-8.685333
37.800,25.300,304.0000,-9.503228
37.800,25.300,305.0000,-4.558327
37.800,25.300,306.0000,4.360207
37.800,25.300,307.0000,-13.527054
37.800,25.300,308.0000,-2.807359
37.800,25.300,309.0000,1.702065
37.800,25.300,310.0000,-3.675953
37.800,25.300,311.0000,12.157618
37.800,25.300,312.0000,-9.256073
37.800,25.300,313.0000,-6.358862
37.800,25.300,314.0000,-3.404781
37.800,25.300,315.0000,14.348021
37.800,25.300,316.0000,2.569153
37.800,25.300,317.0000,-2.935648
37.800,25.300,318.0000,4.053145
37.800,25.300,319.0000,-3.184441
37.800,25.300,320.0000,4.072219
37.800,25.300,321.0000,9.175256
37.800,25.300,322.0000,1.428583
37.800,25.300,323.0000,2.022123
37.800,25.300,324.0000,-2.339042
37.800,25.300,325.0000,0.674435
37.800,25.300,326.0000,-3.841400
37.800,25.300,327.0000,-6.994714
37.800,25.300,328.0000,-8.645508
37.800,25.300,329.0000,-1.932830
37.800,25.300,330.0000,10.069139
37.800,25.300,331.0000,-0.126814
37.800,25.300,332.0000,-6.418767
37.800,25.300,333.0000,1.199650
37.800,25.300,334.0000,-5.626180
37.800,25.300,335.0000,-12.230331
37.800,25.300,336.0000,-1.631579
37.800,25.300,337.0000,0.012594
37.800,25.300,338.0000,0.315656
37.800,25.300,339.0000,11.602034
37.800,25.300,340.0000,-2.599635
37.800,25.300,341.0000,-6.951035
37.800,25.300,342.0000,-6.082605
37.800,25.300,343.0000,6.717047
37.800,25.300,344.0000,9.387210
37.800,25.300,345.0000,-6.952516
37.800,25.300,346.0000,3.394048
37.800,25.300,347.0000,11.156461
37.800,25.300,348.0000,-0.505429
37.800,25.300,349.0000,3.885130
37.800,25.300,350.0000,-1.382254
37.800,25.300,351.0000,3.488883
37.800,25.300,352.0000,0.055420
37.800,25.300,353.0000,17.498358
37.800,25.300,354.0000,15.258317
37.800,25.300,355.0000,-6.360440
37.800,25.300,356.0000,11.323493
37.800,25.300,357.0000,13.125761
37.800,25.300,358.0000,-0.127019
37.800,25.300,359.0000,6.683732
37.800,25.300,360.0000,-13.032793
37.800,25.300,361.0000,7.601329
37.800,25.300,362.0000,10.069049
37.800,25.300,363.0000,-13.255815
37.800,25.300,364.0000,7.024526
37.800,25.300,365.0000,4.740134
37.800,25.300,366.0000,-1.383508
37.800,25.300,367.0000,-3.339012
37.800,25.300,368.0000,0.906515
37.800,25.300,369.0000,2.961819
37.800,25.300,370.0000,-4.248618
37.800,25.300,371.0000,-6.932597
37.800,25.300,372.0000,-5.545074
37.800,25.300,373.0000,-1.987014
37.800,25.300,374.0000,-14.973200
37.800,25.300,375.0000,8.890909
37.800,25.300,376.0000,1.454526
37.800,25.300,377.0000,-5.225188
37.800,25.300,378.0000,5.864334
37.800,25.300,379.0000,0.792552
37.800,25.300,380.0000,-0.657034
37.800,25.300,381.0000,0.704272
37.800,25.300,382.0000,4.653561
37.800,25.300,383.0000,3.314693
37.800,25.300,384.0000,7.558927
37.800,25.300,385.0000,-5.299007
37.800,25.300,386.0000,-8.322064
37.800,25.300,387.0000,4.140553
37.800,25.300,388.0000,2.308444
37.800,25.300,389.0000,11.902282
37.800,25.300,390.0000,13.536794
37.800,25.300,391.0000,1.084050
37.800,25.300,392.0000,-5.621925
37.800,25.300,393.0000,12.368636
37.800,25.300,394.0000,-2.609890
37.800,25.300,395.0000,4.090054
37.800,25.300,396.0000,3.011519
37.800,25.300,397.0000,9.771729
37.800,25.300,398.0000,3.872211
37.800,25.300,399.0000,1.047186
37.800,25.300,400.0000,-7.070174
37.800,25.300,401.0000,-1.276951
37.800,25.300,402.0000,6.307670
37.800,25.300,403.0000,-7.088244
37.800,25.300,404.0000,0.276791
37.800,25.300,405.0000,-9.590794
37.800,25.300,406.0000,-12.894896
37.800,25.300,407.0000,2.494657
37.800,25.300,408.0000,15.524911
37.800,25.300,409.0000,-0.984440
37.800,25.300,410.0000,-4.350899
37.800,25.300,411.0000,1.312527
37.800,25.300,412.0000,-5.651125
37.800,25.300,413.0000,0.254409
37.800,25.300,414.0000,6.992941
37.800,25.300,415.0000,3.869115
37.800,25.300,416.0000,2.872929
37.800,25.300,417.0000,3.356478
37.800,25.300,418.0000,-3.853895
37.800,25.300,419.0000,-2.948991
37.800,25.300,420.0000,-4.640188
37.800,25.300,421.0000,3.615348
37.800,25.300,422.0000,-3.752541
37.800,25.300,423.0000,4.672650
37.800,25.300,424.0000,0.899971
37.800,25.300,425.0000,0.269962
37.800,25.300,426.0000,-2.869549
37.800,25.300,427.0000,10.961812
37.800,25.300,428.0000,3.656118
37.800,25.300,429.0000,10.381466
37.800,25.300,430.0000,-1.978956
37.800,25.300,431.0000,-5.705981
37.800,25.300,432.0000,3.849041
37.800,25.300,433.0000,9.383180
37.800,25.300,434.0000,-5.578190
37.800,25.300,435.0000,-0.595055
37.800,25.300,436.0000,-1.645130
37.800,25.300,437.0000,-9.683697
37.800,25.300,438.0000,1.936280
37.800,25.300,439.0000,-7.724230
37.800,25.300,440.0000,-3.681926
37.800,25.300,441.0000,-1.882834
37.800,25.300,442.0000,2.260180
37.800,25.300,443.0000,4.091667
37.800,25.300,444.0000,1.661769
37.800,25.300,445.0000,15.401502
37.800,25.300,446.0000,4.105864
37.800,25.300,447.0000,-0.449277
37.800,25.300,448.0000,2.122963
37.800,25.300,449.0000,-5.772139
37.800,25.300,450.0000,-0.290043
37.800,25.300,451.0000,-0.812606
37.800,25.300,452.0000,-7.138057
37.800,25.300,453.0000,2.037312
37.800,25.300,454.0000,-0.853563
37.800,25.300,455.0000,1.218524
37.800,25.300,456.0000,16.701206
37.800,25.300,457.0000,-7.937601
37.800,25.300,458.0000,-11.920468
37.800,25.300,459.0000,3.737072
37.800,25.300,460.0000,3.268591
37.800,25.300,461.0000,7.905972
37.800,25.300,462.0000,-4.860892
37.800,25.300,463.0000,0.108605
37.800,25.300,464.0000,10.246861
37.800,25.300,465.0000,-1.202878
37.800,25.300,466.0000,5.347369
37.800,25.300,467.0000,-6.158431
37.800,25.300,468.0000,-6.968982
37.800,25.300,469.0000,-9.410077
37.800,25.300,470.0000,2.305069
37.800,25.300,471.0000,-1.464511
37.800,25.300,472.0000,-2.941885
37.800,25.300,473.0000,2.980374
37.800,25.300,474.0000,5.133952
37.800,25.300,475.0000,0.131221
37.800,25.300,476.0000,1.971067
37.800,25.300,477.0000,1.784502
37.800,25.300,478.0000,8.754450
37.800,25.300,479.0000,1.570218
37.800,25.300,480.0000,5.677214
37.800,25.300,481.0000,4.492818
37.800,25.300,482.0000,-2.627881
37.800,25.300,483.0000,5.478508
37.800,25.300,484.0000,-0.054123
37.800,25.300,485.0000,-5.382702
37.800,25.300,486.0000,5.037176
37.800,25.300,487.0000,9.454143
37.800,25.300,488.0000,-8.588642
37.800,25.300,489.0000,-7.596391
37.800,25.300,490.0000,7.445958
37.800,25.300,491.0000,-2.662525
37.800,25.300,492.0000,-3.292264
37.800,25.300,493.0000,-9.178863
37.800,25.300,494.0000,2.030110
37.800,25.300,495.0000,6.393224
37.800,25.300,496.0000,-9.498591
37.800,25.300,497.0000,6.194237
37.800,25.300,498.0000,5.395040
37.800,25.300,499.0000,10.964701
37.800,25.300,500.0000,-7.280657
37.800,25.300,501.0000,-0.011765
37.800,25.300,502.0000,-11.611206
37.800,25.300,503.0000,0.171494
37.800,25.300,504.0000,-8.306538
37.800,25.300,505.0000,10.790388
37.800,25.300,506.0000,7.717725
37.800,25.300,507.0000,4.554703
37.800,25.300,508.0000,-12.820123
37.800,25.300,509.0000,-0.624527
37.800,25.300,510.0000,-0.227901
37.800,25.300,511.0000,12.666809
37.800,25.300,512.0000,-0.514840
37.800,25.300,513.0000,3.792488
37.800,25.300,514.0000,4.327707
37.800,25.300,515.0000,15.812473
37.800,25.300,516.0000,5.540725
37.800,25.300,517.0000,2.184697
37.800,25.300,518.0000,3.712426
37.800,25.300,519.0000,1.372909
37.800,25.300,520.0000,-0.348897
37.800,25.300,521.0000,-4.945074
37.800,25.300,522.0000,6.445460
37.800,25.300,523.0000,-6.199468
37.800,25.300,524.0000,-7.706608
37.800,25.300,525.0000,-0.281518
37.800,25.300,526.0000,6.275840
37.800,25.300,527.0000,3.905008
37.800,25.300,528.0000,-1.033141
37.800,25.300,529.0000,6.788791
37.800,25.300,530.0000,-6.600167
37.800,25.300,531.0000,-10.615759
37.800,25.300,532.0000,-1.967865
37.800,25.300,533.0000,10.689697
37.800,25.300,534.0000,2.397448
37.800,25.300,535.0000,-2.488585
37.800,25.300,536.0000,-10.328940
37.800,25.300,537.0000,-9.561442
37.800,25.300,538.0000,-5.909368
37.800,25.300,539.0000,-1.690876
37.800,25.300,540.0000,2.263951
37.800,25.300,541.0000,1.733000
37.800,25.300,542.0000,0.751712
37.800,25.300,543.0000,8.234536
37.800,25.300,544.0000,7.048606
37.800,25.300,545.0000,4.128430
37.800,25.300,546.0000,-6.557744
37.800,25.300,547.0000,-4.787686
37.800,25.300,548.0000,19.011263
37.800,25.300,549.0000,4.269255
37.800,25.300,550.0000,-7.322652
37.800,25.300,551.0000,7.279206
37.800,25.300,552.0000,1.068896
37.800,25.300,553.0000,7.214805
37.800,25.300,554.0000,3.082530
37.800,25.300,555.0000,6.344071
37.800,25.300,556.0000,-4.558560
37.800,25.300,557.0000,-0.281499
37.800,25.300,558.0000,8.094854
37.800,25.300,559.0000,-0.764514
37.800,25.300,560.0000,2.781408
37.800,25.300,561.0000,0.857236
37.800,25.300,562.0000,-4.974350
37.800,25.300,563.0000,-10.366733
37.800,25.300,564.0000,3.008100
37.800,25.300,565.0000,1.371378
37.800,25.300,566.0000,-2.841784
37.800,25.300,567.0000,-3.123154
37.800,25.300,568.0000,4.833357
37.800,25.300,569.0000,3.759760
37.800,25.300,570.0000,-1.972653
37.800,25.300,571.0000,1.974134
37.800,25.300,572.0000,12.620457
37.800,25.300,573.0000,9.264997
37.800,25.300,574.0000,-5.166601
37.800,25.300,575.0000,6.535616
37.800,25.300,576.0000,2.551271
37.800,25.300,577.0000,3.978290
37.800,25.300,578.0000,9.515786
37.800,25.300,579.0000,-5.930823
37.800,25.300,580.0000,-4.005300
37.800,25.300,581.0000,5.933970
37.800,25.300,582.0000,1.578483
37.800,25.300,583.0000,-1.783941
37.800,25.300,584.0000,-6.426010
37.800,25.300,585.0000,10.701132
37.800,25.300,586.0000,11.382807
37.800,25.300,587.0000,7.901977
37.800,25.300,588.0000,-0.660578
37.800,25.300,589.0000,-1.209827
37.800,25.300,590.0000,2.423503
37.800,25.300,591.0000,14.508484
37.800,25.300,592.0000,4.379127
37.800,25.300,593.0000,2.826128
37.800,25.300,594.0000,5.952429
37.800,25.300,595.0000,2.617203
37.800,25.300,596.0000,7.303667
37.800,25.300,597.0000,10.423452
37.800,25.300,598.0000,0.928067
37.800,25.300,599.0000,6.661614
37.800,25.300,600.0000,7.092066
37.800,25.300,601.0000,15.972604
37.800,25.300,602.0000,2.755176
37.800,25.300,603.0000,12.698965
37.800,25.300,604.0000,8.652858
37.800,25.300,605.0000,6.818155
37.800,25.300,606.0000,16.948082
37.800,25.300,607.0000,14.856520
37.800,25.300,608.0000,18.905496
37.800,25.300,609.0000,24.573888
37.800,25.300,610.0000,15.237442
37.800,25.300,611.0000,30.558830
37.800,25.300,612.0000,36.124283
37.800,25.300,613.0000,49.312829
37.800,25.300,614.0000,54.959995
37.800,25.300,615.0000,63.779101
37.800,25.300,616.0000,88.457551
37.800,25.300,617.0000,102.521006
37.800,25.300,618.0000,122.364126
37.800,25.300,619.0000,134.867069
37.800,25.300,620.0000,167.706492
37.800,25.300,621.0000,148.196169
37.800,25.300,622.0000,134.207669
37.800,25.300,623.0000,109.612969
37.800,25.300,624.0000,88.827147
37.800,25.300,625.0000,77.307858
37.800,25.300,626.0000,55.749047
37.800,25.300,627.0000,47.891650
37.800,25.300,628.0000,26.466548
37.800,25.300,629.0000,34.815415
37.800,25.300,630.0000,39.717033
37.800,25.300,631.0000,22.513258
37.800,25.300,632.0000,20.421887
37.800,25.300,633.0000,17.947056
37.800,25.300,634.0000,10.911482
37.800,25.300,635.0000,14.156877
37.800,25.300,636.0000,-0.826462
37.800,25.300,637.0000,15.431080
37.800,25.300,638.0000,7.794491
37.800,25.300,639.0000,0.863651
37.800,25.300,640.0000,12.379530
37.800,25.300,641.0000,10.002032
37.800,25.300,642.0000,10.957946
37.800,25.300,643.0000,6.727013
37.800,25.300,644.0000,18.611513
37.800,25.300,645.0000,-1.312751
37.800,25.300,646.0000,-6.110401
37.800,25.300,647.0000,-7.925741
37.800,25.300,648.0000,5.797873
37.800,25.300,649.0000,17.000305
37.800,25.300,650.0000,5.433977
37.800,25.300,651.0000,-1.170656
37.800,25.300,652.0000,-4.277356
37.800,25.300,653.0000,-3.067025
37.800,25.300,654.0000,-0.347456
37.800,25.300,655.0000,3.738157
37.800,25.300,656.0000,2.155081
37.800,25.300,657.0000,7.649878
37.800,25.300,658.0000,7.092943
37.800,25.300,659.0000,-7.539608
37.800,25.300,660.0000,2.932002
37.800,25.300,661.0000,-1.530902
37.800,25.300,662.0000,-3.376017
37.800,25.300,663.0000,9.064940
37.800,25.300,664.0000,7.506203
37.800,25.300,665.0000,-6.767679
37.800,25.300,666.0000,-1.176647
37.800,25.300,667.0000,-8.263475
37.800,25.300,668.0000,-2.974119
37.800,25.300,669.0000,3.464458
37.800,25.300,670.0000,6.022840
37.800,25.300,671.0000,-0.431070
37.800,25.300,672.0000,-9.231817
37.800,25.300,673.0000,8.775615
37.800,25.300,674.0000,5.925781
37.800,25.300,675.0000,-4.874101
37.800,25.300,676.0000,18.631477
37.800,25.300,677.0000,-8.493191
37.800,25.300,678.0000,3.237616
37.800,25.300,679.0000,-5.418099
37.800,25.300,680.0000,-0.605286
37.800,25.300,681.0000,-1.864771
37.800,25.300,682.0000,-2.764745
37.800,25.300,683.0000,3.624269
37.800,25.300,684.0000,-1.645533
37.800,25.300,685.0000,0.181504
37.800,25.300,686.0000,2.419235
37.800,25.300,687.0000,-3.551899
37.800,25.300,688.0000,-6.377198
37.800,25.300,689.0000,3.291735
37.800,25.300,690.0000,9.604470
37.800,25.300,691.0000,-0.160912
37.800,25.300,692.0000,0.757262
37.800,25.300,693.0000,-1.636429
37.800,25.300,694.0000,-2.351384
37.800,25.300,695.0000,-1.859277
37.800,25.300,696.0000,5.894206
37.800,25.300,697.0000,-2.175257
37.800,25.300,698.0000,-8.922617
37.800,25.300,699.0000,3.413722
37.800,25.300,700.0000,-0.132657
37.800,25.300,701.0000,-9.171494
37.800,25.300,702.0000,5.293146
37.800,25.300,703.0000,-7.797883
37.800,25.300,704.0000,5.094416
37.800,25.300,705.0000,3.251880
37.800,25.300,706.0000,1.781392
37.800,25.300,707.0000,1.891711
37.800,25.300,708.0000,0.019323
37.800,25.300,709.0000,-2.909334
37.800,25.300,710.0000,4.375687
37.800,25.300,711.0000,3.050280
37.800,25.300,712.0000,4.372853
37.800,25.300,713.0000,3.666676
37.800,25.300,714.0000,3.883975
37.800,25.300,715.0000,5.792316
37.800,25.300,716.0000,0.886047
37.800,25.300,717.0000,4.683221
37.800,25.300,718.0000,3.207048
37.800,25.300,719.0000,-2.677714
37.800,25.300,720.0000,4.790307
37.800,25.300,721.0000,1.578581
37.800,25.300,722.0000,1.068581
37.800,25.300,723.0000,-4.225436
37.800,25.300,724.0000,8.905211
37.800,25.300,725.0000,1.391311
37.800,25.300,726.0000,9.288249
37.800,25.300,727.0000,4.417076
37.800,25.300,728.0000,2.800690
37.800,25.300,729.0000,-10.326645
37.800,25.300,730.0000,2.026031
37.800,25.300,731.0000,-1.595660
37.800,25.300,732.0000,0.075307
37.800,25.300,733.0000,-1.235614
37.800,25.300,734.0000,-6.598533
37.800,25.300,735.0000,13.904738
37.800,25.300,736.0000,4.009580
37.800,25.300,737.0000,6.237661
37.800,25.300,738.0000,11.175269
37.800,25.300,739.0000,6.328566
37.800,25.300,740.0000,8.162362
37.800,25.300,741.0000,-0.607980
37.800,25.300,742.0000,-3.023787
37.800,25.300,743.0000,-8.738875
37.800,25.300,744.0000,10.841573
37.800,25.300,745.0000,-13.183094
37.800,25.300,746.0000,9.834923
37.800,25.300,747.0000,-12.233640
37.800,25.300,748.0000,-0.088367
37.800,25.300,749.0000,1.063104
37.800,25.300,750.0000,8.439515
37.800,25.300,751.0000,12.520720
37.800,25.300,752.0000,-0.352214
37.800,25.300,753.0000,-2.984046
37.800,25.300,754.0000,-0.030663
37.800,25.300,755.0000,9.305314
37.800,25.300,756.0000,-4.109276
37.800,25.300,757.0000,10.871136
37.800,25.300,758.0000,-3.060931
37.800,25.300,759.0000,1.754861
37.800,25.300,760.0000,4.386640
37.800,25.300,761.0000,0.118935
37.800,25.300,762.0000,6.404418
37.800,25.300,763.0000,-11.078386
37.800,25.300,764.0000,1.282367
37.800,25.300,765.0000,12.936953
37.800,25.300,766.0000,2.452768
37.800,25.300,767.0000,4.227562
37.800,25.300,768.0000,8.097604
37.800,25.300,769.0000,12.215880
37.800,25.300,770.0000,8.892378
37.800,25.300,771.0000,-0.560463
37.800,25.300,772.0000,7.737419
37.800,25.300,773.0000,2.680978
37.800,25.300,774.0000,11.289178
37.800,25.300,775.0000,6.778663
37.800,25.300,776.0000,8.860500
37.800,25.300,777.0000,18.311178
37.800,25.300,778.0000,10.623055
37.800,25.300,779.0000,15.528605
37.800,25.300,780.0000,20.582307
37.800,25.300,781.0000,24.605221
37.800,25.300,782.0000,20.529075
37.800,25.300,783.0000,6.148722
37.800,25.300,784.0000,12.464016
37.800,25.300,785.0000,17.586916
37.800,25.300,786.0000,20.291785
37.800,25.300,787.0000,43.745660
37.800,25.300,788.0000,30.928280
37.800,25.300,789.0000,39.620550
37.800,25.300,790.0000,42.145363
37.800,25.300,791.0000,50.264964
37.800,25.300,792.0000,62.831188
37.800,25.300,793.0000,79.436220
37.800,25.300,794.0000,84.796121
37.800,25.300,795.0000,81.047544
37.800,25.300,796.0000,84.576665
37.800,25.300,797.0000,86.829681
37.800,25.300,798.0000,66.737688
37.800,25.300,799.0000,60.594433
37.800,25.300,800.0000,49.369269
37.800,25.300,801.0000,42.419184
37.800,25.300,802.0000,26.116596
37.800,25.300,803.0000,28.372380
37.800,25.300,804.0000,27.390337
37.800,25.300,805.0000,16.517963
37.800,25.300,806.0000,21.110698
37.800,25.300,807.0000,12.204869
37.800,25.300,808.0000,14.886959
37.800,25.300,809.0000,0.287842
37.800,25.300,810.0000,11.783827
37.800,25.300,811.0000,20.543191
37.800,25.300,812.0000,3.782133
37.800,25.300,813.0000,7.195445
37.800,25.300,814.0000,4.460686
37.800,25.300,815.0000,-0.952816
37.800,25.300,816.0000,13.919644
37.800,25.300,817.0000,10.075505
37.800,25.300,818.0000,8.404792
37.800,25.300,819.0000,4.229389
37.800,25.300,820.0000,6.033765
37.800,25.300,821.0000,5.450613
37.800,25.300,822.0000,1.142448
37.800,25.300,823.0000,4.579300
37.800,25.300,824.0000,-0.666911
37.800,25.300,825.0000,-4.219737
37.800,25.300,826.0000,12.286115
37.800,25.300,827.0000,-4.039065
37.800,25.300,828.0000,6.680274
37.800,25.300,829.0000,-1.480814
37.800,25.300,830.0000,6.126064
37.800,25.300,831.0000,2.359727
37.800,25.300,832.0000,2.819747
37.800,25.300,833.0000,-0.529821
37.800,25.300,834.0000,10.139573
37.800,25.300,835.0000,2.427117
37.800,25.300,836.0000,-6.551707
37.800,25.300,837.0000,-1.791160
37.800,25.300,838.0000,-4.569341
37.800,25.300,839.0000,7.003203
37.800,25.300,840.0000,12.843614
37.800,25.300,841.0000,8.339832
37.800,25.300,842.0000,8.988470
37.800,25.300,843.0000,6.737634
37.800,25.300,844.0000,-2.696120
37.800,25.300,845.0000,-4.959404
37.800,25.300,846.0000,2.331317
37.800,25.300,847.0000,4.560832
37.800,25.300,848.0000,4.881638
37.800,25.300,849.0000,0.795416
37.800,25.300,850.0000,-1.465003
37.800,25.300,851.0000,-2.412144
37.800,25.300,852.0000,-8.687624
37.800,25.300,853.0000,9.496492
37.800,25.300,854.0000,2.828183
37.800,25.300,855.0000,4.921485
37.800,25.300,856.0000,0.448131
37.800,25.300,857.0000,-5.397810
37.800,25.300,858.0000,-4.579632
37.800,25.300,859.0000,2.063247
37.800,25.300,860.0000,-17.424644
37.800,25.300,861.0000,3.416675
37.800,25.300,862.0000,6.669152
37.800,25.300,863.0000,0.018612
37.800,25.300,864.0000,-0.877361
37.800,25.300,865.0000,-6.030681
37.800,25.300,866.0000,2.066862
37.800,25.300,867.0000,1.221178
37.800,25.300,868.0000,11.305740
37.800,25.300,869.0000,5.524729
37.800,25.300,870.0000,-6.235226
37.800,25.300,871.0000,10.164646
37.800,25.300,872.0000,10.489537
37.800,25.300,873.0000,3.173837
37.800,25.300,874.0000,1.644934
37.800,25.300,875.0000,0.589481
37.800,25.300,876.0000,-2.135686
37.800,25.300,877.0000,3.957586
37.800,25.300,878.0000,7.308226
37.800,25.300,879.0000,2.899435
37.800,25.300,880.0000,2.432727
37.800,25.300,881.0000,0.648222
37.800,25.300,882.0000,-2.939952
37.800,25.300,883.0000,1.039230
37.800,25.300,884.0000,-2.033496
37.800,25.300,885.0000,4.978154
37.800,25.300,886.0000,-13.062149
37.800,25.300,887.0000,0.374701
37.800,25.300,888.0000,-0.090331
37.800,25.300,889.0000,7.536389
37.800,25.300,890.0000,12.347054
37.800,25.300,891.0000,7.512632
37.800,25.300,892.0000,2.365807
37.800,25.300,893.0000,-2.279578
37.800,25.300,894.0000,-0.816021
37.800,25.300,895.0000,-8.268102
37.800,25.300,896.0000,-2.818723
37.800,25.300,897.0000,-6.172715
37.800,25.300,898.0000,-2.993073
37.800,25.300,899.0000,-0.767222
37.800,25.300,900.0000,0.940273
37.800,25.300,901.0000,-0.618989
37.800,25.300,902.0000,-4.419054
37.800,25.300,903.0000,9.712027
37.800,25.300,904.0000,5.036499
37.800,25.300,905.0000,-1.514768
37.800,25.300,906.0000,-3.265603
37.800,25.300,907.0000,4.990625
37.800,25.300,908.0000,5.237804
37.800,25.300,909.0000,7.447523
37.800,25.300,910.0000,0.179387
37.800,25.300,911.0000,5.861002
37.800,25.300,912.0000,0.054955
37.800,25.300,913.0000,7.124238
37.800,25.300,914.0000,-3.115017
37.800,25.300,915.0000,-0.633183
37.800,25.300,916.0000,0.069897
37.800,25.300,917.0000,-0.077102
37.800,25.300,918.0000,4.672178
37.800,25.300,919.0000,1.592747
37.800,25.300,920.0000,2.325649
37.800,25.300,921.0000,0.646984
37.800,25.300,922.0000,4.386280
37.800,25.300,923.0000,-4.366971
37.800,25.300,924.0000,7.519732
37.800,25.300,925.0000,5.771611
37.800,25.300,926.0000,-1.922479
37.800,25.300,927.0000,8.434798
37.800,25.300,928.0000,-0.381377
37.800,25.300,929.0000,12.177854
37.800,25.300,930.0000,6.620995
37.800,25.300,931.0000,5.802320
37.800,25.300,932.0000,2.195616
37.800,25.300,933.0000,2.340093
37.800,25.300,934.0000,-6.599276
37.800,25.300,935.0000,3.482770
37.800,25.300,936.0000,5.571916
37.800,25.300,937.0000,6.384921
37.800,25.300,938.0000,-7.177588
37.800,25.300,939.0000,1.176484
37.800,25.300,940.0000,1.003472
37.800,25.300,941.0000,4.434353
37.800,25.300,942.0000,2.958729
37.800,25.300,943.0000,9.701907
37.800,25.300,944.0000,10.731234
37.800,25.300,945.0000,1.339939
37.800,25.300,946.0000,6.756750
37.800,25.300,947.0000,5.474769
37.800,25.300,948.0000,13.281207
37.800,25.300,949.0000,-5.937601
37.800,25.300,950.0000,8.411615
37.800,25.300,951.0000,9.074317
37.800,25.300,952.0000,6.338983
37.800,25.300,953.0000,-11.247225
37.800,25.300,954.0000,7.469311
37.800,25.300,955.0000,2.492829
37.800,25.300,956.0000,-10.716639
37.800,25.300,957.0000,3.873244
37.800,25.300,958.0000,2.643978
37.800,25.300,959.0000,3.266396
37.800,25.300,960.0000,2.199968
37.800,25.300,961.0000,11.914017
37.800,25.300,962.0000,11.533877
37.800,25.300,963.0000,13.554696
37.800,25.300,964.0000,-0.434001
37.800,25.300,965.0000,9.959181
37.800,25.300,966.0000,9.674879
37.800,25.300,967.0000,18.230690
37.800,25.300,968.0000,18.784220
37.800,25.300,969.0000,5.269383
37.800,25.300,970.0000,11.757203
37.800,25.300,971.0000,12.803451
37.800,25.300,972.0000,13.816267
37.800,25.300,973.0000,14.768015
37.800,25.300,974.0000,11.231640
37.800,25.300,975.0000,20.659748
37.800,25.300,976.0000,13.678838
37.800,25.300,977.0000,22.158753
37.800,25.300,978.0000,13.539323
37.800,25.300,979.0000,10.761640
37.800,25.300,980.0000,22.512028
37.800,25.300,981.0000,6.897533
37.800,25.300,982.0000,28.355995
37.800,25.300,983.0000,22.285608
37.800,25.300,984.0000,31.493374
37.800,25.300,985.0000,31.539784
37.800,25.300,986.0000,27.223216
37.800,25.300,987.0000,41.763356
37.800,25.300,988.0000,53.740317
37.800,25.300,989.0000,56.096548
37.800,25.300,990.0000,60.259789
37.800,25.300,991.0000,79.695482
37.800,25.300,992.0000,94.487261
37.800,25.300,993.0000,116.669700
37.800,25.300,994.0000,139.600831
37.800,25.300,995.0000,177.940990
37.800,25.300,996.0000,235.587579
37.800,25.300,997.0000,311.148315
37.800,25.300,998.0000,417.668379
37.800,25.300,999.0000,593.639531
37.800,25.300,1000.0000,778.875261
37.800,25.300,1001.0000,855.970107
37.800,25.300,1002.0000,767.436129
37.800,25.300,1003.0000,589.843807
37.800,25.300,1004.0000,429.606617
37.800,25.300,1005.0000,309.146454
37.800,25.300,1006.0000,234.329300
37.800,25.300,1007.0000,192.448449
37.800,25.300,1008.0000,135.799587
37.800,25.300,1009.0000,119.384248
37.800,25.300,1010.0000,93.196143
37.800,25.300,1011.0000,86.683853
37.800,25.300,1012.0000,71.354568
37.800,25.300,1013.0000,64.427043
37.800,25.300,1014.0000,55.482389
37.800,25.300,1015.0000,42.676879
37.800,25.300,1016.0000,63.387217
37.800,25.300,1017.0000,51.306542
37.800,25.300,1018.0000,58.625024
37.800,25.300,1019.0000,54.442258
37.800,25.300,1020.0000,39.301540
37.800,25.300,1021.0000,54.737169
37.800,25.300,1022.0000,60.758883
37.800,25.300,1023.0000,75.360626
37.800,25.300,1024.0000,81.692340
37.800,25.300,1025.0000,111.118879
37.800,25.300,1026.0000,132.841435
37.800,25.300,1027.0000,167.940428
37.800,25.300,1028.0000,209.557382
37.800,25.300,1029.0000,280.337751
37.800,25.300,1030.0000,338.194003
37.800,25.300,1031.0000,370.075789
37.800,25.300,1032.0000,340.645601
37.800,25.300,1033.0000,274.118102
37.800,25.300,1034.0000,205.170967
37.800,25.300,1035.0000,155.950026
37.800,25.300,1036.0000,124.429585
37.800,25.300,1037.0000,99.734968
37.800,25.300,1038.0000,79.432928
37.800,25.300,1039.0000,67.089853
37.800,25.300,1040.0000,54.753057
37.800,25.300,1041.0000,30.983739
37.800,25.300,1042.0000,41.571452
37.800,25.300,1043.0000,27.869691
37.800,25.300,1044.0000,21.498647
37.800,25.300,1045.0000,34.802735
37.800,25.300,1046.0000,19.552400
37.800,25.300,1047.0000,7.324983
37.800,25.300,1048.0000,16.344029
37.800,25.300,1049.0000,7.197385
37.800,25.300,1050.0000,15.449706
37.800,25.300,1051.0000,15.595143
37.800,25.300,1052.0000,12.022019
37.800,25.300,1053.0000,6.025166
37.800,25.300,1054.0000,4.288787
37.800,25.300,1055.0000,-8.503147
37.800,25.300,1056.0000,9.255733
37.800,25.300,1057.0000,14.632066
37.800,25.300,1058.0000,7.276957
37.800,25.300,1059.0000,2.878814
37.800,25.300,1060.0000,6.326288
37.800,25.300,1061.0000,14.449614
37.800,25.300,1062.0000,10.573051
37.800,25.300,1063.0000,-6.313619
37.800,25.300,1064.0000,1.526746
37.800,25.300,1065.0000,5.988319
37.800,25.300,1066.0000,6.686434
37.800,25.300,1067.0000,5.508365
37.800,25.300,1068.0000,9.861211
37.800,25.300,1069.0000,8.997209
37.800,25.300,1070.0000,-4.990414
37.800,25.300,1071.0000,6.671127
37.800,25.300,1072.0000,20.449175
37.800,25.300,1073.0000,7.467870
37.800,25.300,1074.0000,8.684672
37.800,25.300,1075.0000,-4.801395
37.800,25.300,1076.0000,5.601734
37.800,25.300,1077.0000,0.110622
37.800,25.300,1078.0000,10.196316
37.800,25.300,1079.0000,-5.832341
37.800,25.300,1080.0000,-7.279113
37.800,25.300,1081.0000,-1.527412
37.800,25.300,1082.0000,0.959811
37.800,25.300,1083.0000,9.720551
37.800,25.300,1084.0000,10.715054
37.800,25.300,1085.0000,-1.395936
37.800,25.300,1086.0000,-0.806540
37.800,25.300,1087.0000,3.634116
37.800,25.300,1088.0000,8.860022
37.800,25.300,1089.0000,1.558290
37.800,25.300,1090.0000,-2.115185
37.800,25.300,1091.0000,5.975534
37.800,25.300,1092.0000,10.110724
37.800,25.300,1093.0000,-8.866260
37.800,25.300,1094.0000,10.236130
37.800,25.300,1095.0000,2.843915
37.800,25.300,1096.0000,4.519249
37.800,25.300,1097.0000,-0.460506
37.800,25.300,1098.0000,4.142799
37.800,25.300,1099.0000,7.934412
37.800,25.300,1100.0000,1.509163
37.800,25.300,1101.0000,-1.948253
37.800,25.300,1102.0000,3.922302
37.800,25.300,1103.0000,10.069948
37.800,25.300,1104.0000,10.103873
37.800,25.300,1105.0000,-0.240437
37.800,25.300,1106.0000,11.073258
37.800,25.300,1107.0000,10.837221
37.800,25.300,1108.0000,0.398745
37.800,25.300,1109.0000,0.592435
37.800,25.300,1110.0000,-1.950641
37.800,25.300,1111.0000,9.001915
37.800,25.300,1112.0000,-2.387517
37.800,25.300,1113.0000,6.439653
37.800,25.300,1114.0000,1.471756
37.800,25.300,1115.0000,0.670974
37.800,25.300,1116.0000,14.066255
37.800,25.300,1117.0000,3.461175
37.800,25.300,1118.0000,3.731181
37.800,25.300,1119.0000,12.559728
37.800,25.300,1120.0000,7.642497
37.800,25.300,1121.0000,-5.202026
37.800,25.300,1122.0000,1.204882
37.800,25.300,1123.0000,1.578201
37.800,25.300,1124.0000,15.340717
37.800,25.300,1125.0000,4.488602
37.800,25.300,1126.0000,11.955393
37.800,25.300,1127.0000,4.230377
37.800,25.300,1128.0000,0.434838
37.800,25.300,1129.0000,10.568993
37.800,25.300,1130.0000,7.022339
37.800,25.300,1131.0000,-1.128045
37.800,25.300,1132.0000,2.378927
37.800,25.300,1133.0000,11.076292
37.800,25.300,1134.0000,0.760550
37.800,25.300,1135.0000,-0.090822
37.800,25.300,1136.0000,11.006519
37.800,25.300,1137.0000,10.669710
37.800,25.300,1138.0000,1.405543
37.800,25.300,1139.0000,8.029608
37.800,25.300,1140.0000,8.978354
37.800,25.300,1141.0000,10.990635
37.800,25.300,1142.0000,22.362983
37.800,25.300,1143.0000,16.762559
37.800,25.300,1144.0000,16.158709
37.800,25.300,1145.0000,28.025916
37.800,25.300,1146.0000,46.101146
37.800,25.300,1147.0000,42.176054
37.800,25.300,1148.0000,51.187110
37.800,25.300,1149.0000,47.818520
37.800,25.300,1150.0000,72.405398
37.800,25.300,1151.0000,83.102002
37.800,25.300,1152.0000,89.311520
37.800,25.300,1153.0000,98.593369
37.800,25.300,1154.0000,103.329179
37.800,25.300,1155.0000,120.150652
37.800,25.300,1156.0000,127.021252
37.800,25.300,1157.0000,98.136151
37.800,25.300,1158.0000,95.089834
37.800,25.300,1159.0000,85.709074
37.800,25.300,1160.0000,64.385034
37.800,25.300,1161.0000,49.312446
37.800,25.300,1162.0000,49.963293
37.800,25.300,1163.0000,37.897825
37.800,25.300,1164.0000,32.103246
37.800,25.300,1165.0000,24.172547
37.800,25.300,1166.0000,27.659846
37.800,25.300,1167.0000,27.402092
37.800,25.300,1168.0000,35.755536
37.800,25.300,1169.0000,26.874149
37.800,25.300,1170.0000,22.936034
37.800,25.300,1171.0000,21.300945
37.800,25.300,1172.0000,17.035821
37.800,25.300,1173.0000,23.370377
37.800,25.300,1174.0000,29.250324
37.800,25.300,1175.0000,40.413566
37.800,25.300,1176.0000,41.810097
37.800,25.300,1177.0000,47.922629
37.800,25.300,1178.0000,54.373242
37.800,25.300,1179.0000,61.006957
37.800,25.300,1180.0000,76.159935
37.800,25.300,1181.0000,93.346543
37.800,25.300,1182.0000,107.433652
37.800,25.300,1183.0000,107.438263
37.800,25.300,1184.0000,101.675343
37.800,25.300,1185.0000,91.159675
37.800,25.300,1186.0000,68.285792
37.800,25.300,1187.0000,58.697259
37.800,25.300,1188.0000,57.420025
37.800,25.300,1189.0000,31.057298
37.800,25.300,1190.0000,27.891849
37.800,25.300,1191.0000,31.287985
37.800,25.300,1192.0000,21.352929
37.800,25.300,1193.0000,24.998579
37.800,25.300,1194.0000,11.354528
37.800,25.300,1195.0000,22.949928
37.800,25.300,1196.0000,11.724141
37.800,25.300,1197.0000,11.164425
37.800,25.300,1198.0000,-0.450602
37.800,25.300,1199.0000,7.177972
37.800,25.300,1200.0000,4.856627
37.800,25.300,1201.0000,9.846871
37.800,25.300,1202.0000,-4.234239
37.800,25.300,1203.0000,5.317138
37.800,25.300,1204.0000,-0.117924
37.800,25.300,1205.0000,10.972113
37.800,25.300,1206.0000,-1.394752
37.800,25.300,1207.0000,1.683334
37.800,25.300,1208.0000,6.722539
37.800,25.300,1209.0000,9.700228
37.800,25.300,1210.0000,7.632680
37.800,25.300,1211.0000,6.135652
37.800,25.300,1212.0000,5.590622
37.800,25.300,1213.0000,3.723379
37.800,25.300,1214.0000,-7.262192
37.800,25.300,1215.0000,8.662060
37.800,25.300,1216.0000,7.391247
37.800,25.300,1217.0000,4.432775
37.800,25.300,1218.0000,12.482103
37.800,25.300,1219.0000,1.152490
37.800,25.300,1220.0000,0.972237
37.800,25.300,1221.0000,-0.287110
37.800,25.300,1222.0000,7.837612
37.800,25.300,1223.0000,1.365851
37.800,25.300,1224.0000,-1.351960
37.800,25.300,1225.0000,-9.145742
37.800,25.300,1226.0000,-9.237646
37.800,25.300,1227.0000,16.465086
37.800,25.300,1228.0000,3.393113
37.800,25.300,1229.0000,9.518444
37.800,25.300,1230.0000,-10.822511
37.800,25.300,1231.0000,5.709428
37.800,25.300,1232.0000,-2.179359
37.800,25.300,1233.0000,-5.050049
37.800,25.300,1234.0000,-9.620783
37.800,25.300,1235.0000,3.469074
37.800,25.300,1236.0000,-0.138152
37.800,25.300,1237.0000,3.973453
37.800,25.300,1238.0000,2.790868
37.800,25.300,1239.0000,-4.825688
37.800,25.300,1240.0000,1.423437
37.800,25.300,1241.0000,-4.962922
37.800,25.300,1242.0000,-8.214236
37.800,25.300,1243.0000,5.546317
37.800,25.300,1244.0000,6.828356
37.800,25.300,1245.0000,3.655126
37.800,25.300,1246.0000,-11.035162
37.800,25.300,1247.0000,-1.757259
37.800,25.300,1248.0000,8.477728
37.800,25.300,1249.0000,11.899018
37.800,25.300,1250.0000,5.726793
37.800,25.300,1251.0000,7.079627
37.800,25.300,1252.0000,-4.803124
37.800,25.300,1253.0000,7.810385
37.800,25.300,1254.0000,6.934562
37.800,25.300,1255.0000,1.713565
37.800,25.300,1256.0000,8.477265
37.800,25.300,1257.0000,-10.306230
37.800,25.300,1258.0000,-7.923002
37.800,25.300,1259.0000,0.011418
37.800,25.300,1260.0000,0.210648
37.800,25.300,1261.0000,-1.943402
37.800,25.300,1262.0000,-0.052826
37.800,25.300,1263.0000,9.037742
37.800,25.300,1264.0000,0.218895
37.800,25.300,1265.0000,-4.483190
37.800,25.300,1266.0000,7.962361
37.800,25.300,1267.0000,0.883682
37.800,25.300,1268.0000,-13.669101
37.800,25.300,1269.0000,-1.985500
37.800,25.300,1270.0000,-0.685742
37.800,25.300,1271.0000,-1.537097
37.800,25.300,1272.0000,-7.333406
37.800,25.300,1273.0000,-0.781080
37.800,25.300,1274.0000,9.657125
37.800,25.300,1275.0000,4.256720
37.800,25.300,1276.0000,1.624204
37.800,25.300,1277.0000,2.077519
37.800,25.300,1278.0000,3.152670
37.800,25.300,1279.0000,2.635139
37.800,25.300,1280.0000,4.418137
37.800,25.300,1281.0000,0.137488
37.800,25.300,1282.0000,-5.897275
37.800,25.300,1283.0000,1.194151
37.800,25.300,1284.0000,2.874947
37.800,25.300,1285.0000,-5.656847
37.800,25.300,1286.0000,-5.657459
37.800,25.300,1287.0000,5.607141
37.800,25.300,1288.0000,1.143290
37.800,25.300,1289.0000,18.289035
37.800,25.300,1290.0000,4.982802
37.800,25.300,1291.0000,0.576086
37.800,25.300,1292.0000,14.099298
37.800,25.300,1293.0000,1.549140
37.800,25.300,1294.0000,5.566203
37.800,25.300,1295.0000,-4.996013
37.800,25.300,1296.0000,2.862800
37.800,25.300,1297.0000,3.437421
37.800,25.300,1298.0000,11.485304
37.800,25.300,1299.0000,4.984988
37.800,25.300,1300.0000,-3.392738
37.800,25.300,1301.0000,11.523741
37.800,25.300,1302.0000,-4.445421
37.800,25.300,1303.0000,-3.941296
37.800,25.300,1304.0000,-9.570199
37.800,25.300,1305.0000,3.357937
37.800,25.300,1306.0000,-0.124925
37.800,25.300,1307.0000,-4.013306
37.800,25.300,1308.0000,-4.821175
37.800,25.300,1309.0000,-5.656737
37.800,25.300,1310.0000,4.103899
37.800,25.300,1311.0000,-6.043397
37.800,25.300,1312.0000,-1.690413
37.800,25.300,1313.0000,-7.700955
37.800,25.300,1314.0000,2.200517
37.800,25.300,1315.0000,4.111383
37.800,25.300,1316.0000,0.626124
37.800,25.300,1317.0000,-1.320514
37.800,25.300,1318.0000,6.889718
37.800,25.300,1319.0000,2.104264
37.800,25.300,1320.0000,-1.888748
37.800,25.300,1321.0000,2.846539
37.800,25.300,1322.0000,2.691658
37.800,25.300,1323.0000,8.057815
37.800,25.300,1324.0000,-1.541920
37.800,25.300,1325.0000,-3.294174
37.800,25.300,1326.0000,-1.162664
37.800,25.300,1327.0000,-7.403468
37.800,25.300,1328.0000,3.001618
37.800,25.300,1329.0000,0.070441
37.800,25.300,1330.0000,2.247446
37.800,25.300,1331.0000,-3.678819
37.800,25.300,1332.0000,-0.407325
37.800,25.300,1333.0000,0.203986
37.800,25.300,1334.0000,12.282259
37.800,25.300,1335.0000,1.211165
37.800,25.300,1336.0000,-10.073817
37.800,25.300,1337.0000,1.225602
37.800,25.300,1338.0000,10.290681
37.800,25.300,1339.0000,-2.531071
37.800,25.300,1340.0000,-0.357883
37.800,25.300,1341.0000,1.358775
37.800,25.300,1342.0000,3.073223
37.800,25.300,1343.0000,11.305796
37.800,25.300,1344.0000,6.595892
37.800,25.300,1345.0000,1.026237
37.800,25.300,1346.0000,-3.139026
37.800,25.300,1347.0000,2.712920
37.800,25.300,1348.0000,6.856868
37.800,25.300,1349.0000,-1.421037
37.800,25.300,1350.0000,-3.411558
37.800,25.300,1351.0000,-1.811522
37.800,25.300,1352.0000,-1.086687
37.800,25.300,1353.0000,1.625276
37.800,25.300,1354.0000,-0.045755
37.800,25.300,1355.0000,-2.943527
37.800,25.300,1356.0000,3.872011
37.800,25.300,1357.0000,15.494320
37.800,25.300,1358.0000,8.830677
37.800,25.300,1359.0000,-5.228228
37.800,25.300,1360.0000,6.085072
37.800,25.300,1361.0000,2.880280
37.800,25.300,1362.0000,0.170434
37.800,25.300,1363.0000,5.582280
37.800,25.300,1364.0000,-1.077900
37.800,25.300,1365.0000,4.038362
37.800,25.300,1366.0000,3.766140
37.800,25.300,1367.0000,9.192664
37.800,25.300,1368.0000,3.508090
37.800,25.300,1369.0000,1.525923
37.800,25.300,1370.0000,4.718728
37.800,25.300,1371.0000,-3.012493
37.800,25.300,1372.0000,0.244214
37.800,25.300,1373.0000,-0.228674
37.800,25.300,1374.0000,17.697868
37.800,25.300,1375.0000,0.454109
37.800,25.300,1376.0000,9.187564
37.800,25.300,1377.0000,14.168175
37.800,25.300,1378.0000,5.920414
37.800,25.300,1379.0000,0.845929
37.800,25.300,1380.0000,-3.343485
37.800,25.300,1381.0000,8.997278
37.800,25.300,1382.0000,-3.033557
37.800,25.300,1383.0000,3.404384
37.800,25.300,1384.0000,4.680062
37.800,25.300,1385.0000,9.804090
37.800,25.300,1386.0000,6.801487
37.800,25.300,1387.0000,6.861096
37.800,25.300,1388.0000,12.236487
37.800,25.300,1389.0000,-8.358558
37.800,25.300,1390.0000,-0.228391
37.800,25.300,1391.0000,7.791422
37.800,25.300,1392.0000,-0.881630
37.800,25.300,1393.0000,9.393286
37.800,25.300,1394.0000,0.300617
37.800,25.300,1395.0000,12.063564
37.800,25.300,1396.0000,0.128097
37.800,25.300,1397.0000,-6.705948
37.800,25.300,1398.0000,4.192468
37.800,25.300,1399.0000,4.794942
37.800,25.300,1400.0000,-8.754587
37.800,25.300,1401.0000,12.287164
37.800,25.300,1402.0000,7.987330
37.800,25.300,1403.0000,4.470352
37.800,25.300,1404.0000,2.880125
37.800,25.300,1405.0000,5.615402
37.800,25.300,1406.0000,5.071109
37.800,25.300,1407.0000,-0.334390
37.800,25.300,1408.0000,3.900789
37.800,25.300,1409.0000,5.634644
37.800,25.300,1410.0000,7.368830
37.800,25.300,1411.0000,0.610381
37.800,25.300,1412.0000,9.682600
37.800,25.300,1413.0000,7.547756
37.800,25.300,1414.0000,8.828805
37.800,25.300,1415.0000,13.890020
37.800,25.300,1416.0000,4.233899
37.800,25.300,1417.0000,-1.782867
37.800,25.300,1418.0000,10.285127
37.800,25.300,1419.0000,13.274665
37.800,25.300,1420.0000,7.560203
37.800,25.300,1421.0000,14.148909
37.800,25.300,1422.0000,19.810698
37.800,25.300,1423.0000,10.186910
37.800,25.300,1424.0000,7.276752
37.800,25.300,1425.0000,21.900808
37.800,25.300,1426.0000,21.387942
37.800,25.300,1427.0000,10.929733
37.800,25.300,1428.0000,17.968092
37.800,25.300,1429.0000,12.487592
37.800,25.300,1430.0000,25.410732
37.800,25.300,1431.0000,32.278177
37.800,25.300,1432.0000,15.572070
37.800,25.300,1433.0000,28.679723
37.800,25.300,1434.0000,26.520377
37.800,25.300,1435.0000,46.939608
37.800,25.300,1436.0000,38.266010
37.800,25.300,1437.0000,32.153657
37.800,25.300,1438.0000,49.746270
37.800,25.300,1439.0000,54.213303
37.800,25.300,1440.0000,67.377372
37.800,25.300,1441.0000,70.072490
37.800,25.300,1442.0000,89.457207
37.800,25.300,1443.0000,102.896666
37.800,25.300,1444.0000,109.313784
37.800,25.300,1445.0000,118.399320
37.800,25.300,1446.0000,139.198731
37.800,25.300,1447.0000,159.099517
37.800,25.300,1448.0000,183.021745
37.800,25.300,1449.0000,189.861757
37.800,25.300,1450.0000,184.616692
37.800,25.300,1451.0000,183.777746
37.800,25.300,1452.0000,185.640292
37.800,25.300,1453.0000,159.268673
37.800,25.300,1454.0000,144.438708
37.800,25.300,1455.0000,139.146048
37.800,25.300,1456.0000,112.530813
37.800,25.300,1457.0000,94.923788
37.800,25.300,1458.0000,89.281719
37.800,25.300,1459.0000,74.689784
37.800,25.300,1460.0000,57.169681
37.800,25.300,1461.0000,54.704186
37.800,25.300,1462.0000,54.064087
37.800,25.300,1463.0000,33.073424
37.800,25.300,1464.0000,41.822034
37.800,25.300,1465.0000,40.469217
37.800,25.300,1466.0000,32.734774
37.800,25.300,1467.0000,29.447884
37.800,25.300,1468.0000,24.416078
37.800,25.300,1469.0000,31.196515
37.800,25.300,1470.0000,22.506365
37.800,25.300,1471.0000,20.575251
37.800,25.300,1472.0000,24.384884
37.800,25.300,1473.0000,15.442460
37.800,25.300,1474.0000,5.405100
37.800,25.300,1475.0000,12.466883
37.800,25.300,1476.0000,12.745823
37.800,25.300,1477.0000,21.071006
37.800,25.300,1478.0000,18.423136
37.800,25.300,1479.0000,14.695506
37.800,25.300,1480.0000,8.920369
37.800,25.300,1481.0000,10.642093
37.800,25.300,1482.0000,17.925720
37.800,25.300,1483.0000,8.212573
37.800,25.300,1484.0000,8.314057
37.800,25.300,1485.0000,16.609001
37.800,25.300,1486.0000,14.643611
37.800,25.300,1487.0000,7.053849
37.800,25.300,1488.0000,4.839992
37.800,25.300,1489.0000,5.212259
37.800,25.300,1490.0000,10.714290
37.800,25.300,1491.0000,9.316514
37.800,25.300,1492.0000,6.622687
37.800,25.300,1493.0000,-0.417827
37.800,25.300,1494.0000,7.231080
37.800,25.300,1495.0000,3.931698
37.800,25.300,1496.0000,5.630335
37.800,25.300,1497.0000,-5.608970
37.800,25.300,1498.0000,4.296065
37.800,25.300,1499.0000,9.969111
37.800,25.300,1500.0000,4.393779
37.800,25.300,1501.0000,9.277756
37.800,25.300,1502.0000,1.893372
37.800,25.300,1503.0000,2.725455
37.800,25.300,1504.0000,-2.959808
37.800,25.300,1505.0000,6.065925
37.800,25.300,1506.0000,-0.327026
37.800,25.300,1507.0000,10.158751
37.800,25.300,1508.0000,8.085605
37.800,25.300,1509.0000,3.683929
37.800,25.300,1510.0000,3.380868
37.800,25.300,1511.0000,7.798785
37.800,25.300,1512.0000,1.603961
37.800,25.300,1513.0000,4.367395
37.800,25.300,1514.0000,12.204400
37.800,25.300,1515.0000,4.715593
37.800,25.300,1516.0000,16.228468
37.800,25.300,1517.0000,3.345461
37.800,25.300,1518.0000,0.375151
37.800,25.300,1519.0000,0.504481
37.800,25.300,1520.0000,-4.172066
37.800,25.300,1521.0000,-9.068748
37.800,25.300,1522.0000,8.036351
37.800,25.300,1523.0000,6.360835
37.800,25.300,1524.0000,8.727414
37.800,25.300,1525.0000,6.263993
37.800,25.300,1526.0000,5.458065
37.800,25.300,1527.0000,16.457014
37.800,25.300,1528.0000,10.570712
37.800,25.300,1529.0000,2.419938
37.800,25.300,1530.0000,4.048643
37.800,25.300,1531.0000,2.871564
37.800,25.300,1532.0000,13.174687
37.800,25.300,1533.0000,5.960562
37.800,25.300,1534.0000,8.946947
37.800,25.300,1535.0000,18.295195
37.800,25.300,1536.0000,7.142332
37.800,25.300,1537.0000,-11.032523
37.800,25.300,1538.0000,6.205104
37.800,25.300,1539.0000,3.670075
37.800,25.300,1540.0000,9.863186
37.800,25.300,1541.0000,6.036564
37.800,25.300,1542.0000,0.575221
37.800,25.300,1543.0000,15.517706
37.800,25.300,1544.0000,3.895055
37.800,25.300,1545.0000,9.374523
37.800,25.300,1546.0000,3.788045
37.800,25.300,1547.0000,4.532646
37.800,25.300,1548.0000,2.878965
37.800,25.300,1549.0000,10.193969
37.800,25.300,1550.0000,8.456333
37.800,25.300,1551.0000,7.507391
37.800,25.300,1552.0000,12.761855
37.800,25.300,1553.0000,15.426012
37.800,25.300,1554.0000,10.042317
37.800,25.300,1555.0000,5.527532
37.800,25.300,1556.0000,10.451283
37.800,25.300,1557.0000,16.661535
37.800,25.300,1558.0000,9.183546
37.800,25.300,1559.0000,19.709402
37.800,25.300,1560.0000,12.789441
37.800,25.300,1561.0000,20.813537
37.800,25.300,1562.0000,20.487749
37.800,25.300,1563.0000,11.835632
37.800,25.300,1564.0000,9.437562
37.800,25.300,1565.0000,15.974864
37.800,25.300,1566.0000,16.620579
37.800,25.300,1567.0000,18.964006
37.800,25.300,1568.0000,23.008868
37.800,25.300,1569.0000,21.931731
37.800,25.300,1570.0000,35.924195
37.800,25.300,1571.0000,37.617456
37.800,25.300,1572.0000,33.327271
37.800,25.300,1573.0000,45.712697
37.800,25.300,1574.0000,58.047588
37.800,25.300,1575.0000,72.842354
37.800,25.300,1576.0000,66.640961
37.800,25.300,1577.0000,87.377960
37.800,25.300,1578.0000,106.146768
37.800,25.300,1579.0000,133.100751
37.800,25.300,1580.0000,140.641758
37.800,25.300,1581.0000,167.792060
37.800,25.300,1582.0000,191.652369
37.800,25.300,1583.0000,197.357575
37.800,25.300,1584.0000,187.192848
37.800,25.300,1585.0000,170.312370
37.800,25.300,1586.0000,156.285972
37.800,25.300,1587.0000,141.109492
37.800,25.300,1588.0000,126.299901
37.800,25.300,1589.0000,123.326837
37.800,25.300,1590.0000,100.827611
37.800,25.300,1591.0000,116.896962
37.800,25.300,1592.0000,103.222228
37.800,25.300,1593.0000,110.465986
37.800,25.300,1594.0000,136.260080
37.800,25.300,1595.0000,154.616302
37.800,25.300,1596.0000,183.493591
37.800,25.300,1597.0000,212.916469
37.800,25.300,1598.0000,282.311124
37.800,25.300,1599.0000,348.001924
37.800,25.300,1600.0000,446.287900
37.800,25.300,1601.0000,512.579106
37.800,25.300,1602.0000,546.417781
37.800,25.300,1603.0000,505.166684
37.800,25.300,1604.0000,423.873059
37.800,25.300,1605.0000,341.729255
37.800,25.300,1606.0000,265.992877
37.800,25.300,1607.0000,218.989645
37.800,25.300,1608.0000,175.138575
37.800,25.300,1609.0000,131.225186
37.800,25.300,1610.0000,107.974001
37.800,25.300,1611.0000,100.004359
37.800,25.300,1612.0000,69.605486
37.800,25.300,1613.0000,62.376438
37.800,25.300,1614.0000,62.436106
37.800,25.300,1615.0000,45.006841
37.800,25.300,1616.0000,39.550352
37.800,25.300,1617.0000,48.709350
37.800,25.300,1618.0000,36.093802
37.800,25.300,1619.0000,23.400089
37.800,25.300,1620.0000,29.107526
37.800,25.300,1621.0000,30.697984
37.800,25.300,1622.0000,25.030761
37.800,25.300,1623.0000,20.599216
37.800,25.300,1624.0000,22.589393
37.800,25.300,1625.0000,23.808723
37.800,25.300,1626.0000,15.557614
37.800,25.300,1627.0000,3.962579
37.800,25.300,1628.0000,11.447706
37.800,25.300,1629.0000,13.161735
37.800,25.300,1630.0000,14.607011
37.800,25.300,1631.0000,14.721462
37.800,25.300,1632.0000,15.827038
37.800,25.300,1633.0000,8.978745
37.800,25.300,1634.0000,6.664957
37.800,25.300,1635.0000,11.740173
37.800,25.300,1636.0000,5.157583
37.800,25.300,1637.0000,12.943916
37.800,25.300,1638.0000,6.048576
37.800,25.300,1639.0000,8.439260
37.800,25.300,1640.0000,10.127732
37.800,25.300,1641.0000,6.016231
37.800,25.300,1642.0000,10.891942
37.800,25.300,1643.0000,16.361184
37.800,25.300,1644.0000,9.329407
37.800,25.300,1645.0000,-3.583660
37.800,25.300,1646.0000,10.759980
37.800,25.300,1647.0000,15.649075
37.800,25.300,1648.0000,2.216324
37.800,25.300,1649.0000,10.567213
37.800,25.300,1650.0000,4.352608
37.800,25.300,1651.0000,2.742368
37.800,25.300,1652.0000,4.645601
37.800,25.300,1653.0000,6.771350
37.800,25.300,1654.0000,1.984493
37.800,25.300,1655.0000,9.488712
37.800,25.300,1656.0000,0.072547
37.800,25.300,1657.0000,4.420798
37.800,25.300,1658.0000,0.001057
37.800,25.300,1659.0000,0.010793
37.800,25.300,1660.0000,-1.657467
37.800,25.300,1661.0000,3.295266
37.800,25.300,1662.0000,-0.070894
37.800,25.300,1663.0000,9.265561
37.800,25.300,1664.0000,-0.045571
37.800,25.300,1665.0000,7.261473
37.800,25.300,1666.0000,5.307333
37.800,25.300,1667.0000,4.037452
37.800,25.300,1668.0000,-8.428652
37.800,25.300,1669.0000,0.177201
37.800,25.300,1670.0000,-0.147086
37.800,25.300,1671.0000,3.011412
37.800,25.300,1672.0000,-4.695215
37.800,25.300,1673.0000,-0.044769
37.800,25.300,1674.0000,7.651181
37.800,25.300,1675.0000,6.627497
37.800,25.300,1676.0000,6.777253
37.800,25.300,1677.0000,1.349077
37.800,25.300,1678.0000,11.159244
37.800,25.300,1679.0000,-3.822480
37.800,25.300,1680.0000,-6.492545
37.800,25.300,1681.0000,-0.443864
37.800,25.300,1682.0000,-15.977760
37.800,25.300,1683.0000,7.118886
37.800,25.300,1684.0000,-3.889547
37.800,25.300,1685.0000,-1.451686
37.800,25.300,1686.0000,8.570746
37.800,25.300,1687.0000,-7.401150
37.800,25.300,1688.0000,2.273345
37.800,25.300,1689.0000,10.468029
37.800,25.300,1690.0000,7.975188
37.800,25.300,1691.0000,-0.003686
37.800,25.300,1692.0000,-3.743334
37.800,25.300,1693.0000,-7.515349
37.800,25.300,1694.0000,-2.912208
37.800,25.300,1695.0000,-10.999270
37.800,25.300,1696.0000,1.356114
37.800,25.300,1697.0000,6.315257
37.800,25.300,1698.0000,5.071780
37.800,25.300,1699.0000,1.157193
37.800,25.300,1700.0000,-1.654092
37.800,25.300,1701.0000,4.547689
37.800,25.300,1702.0000,-7.463443
37.800,25.300,1703.0000,6.551076
37.800,25.300,1704.0000,-1.263244
37.800,25.300,1705.0000,-6.739054
37.800,25.300,1706.0000,1.554236
37.800,25.300,1707.0000,2.799344
37.800,25.300,1708.0000,4.871581
37.800,25.300,1709.0000,-10.074885
37.800,25.300,1710.0000,-0.546794
37.800,25.300,1711.0000,-5.657257
37.800,25.300,1712.0000,0.431855
37.800,25.300,1713.0000,-7.477309
37.800,25.300,1714.0000,-6.878379
37.800,25.300,1715.0000,-0.100978
37.800,25.300,1716.0000,0.807644
37.800,25.300,1717.0000,-2.538596
37.800,25.300,1718.0000,1.003116
37.800,25.300,1719.0000,-6.960570
37.800,25.300,1720.0000,7.068439
37.800,25.300,1721.0000,0.672486
37.800,25.300,1722.0000,1.388445
37.800,25.300,1723.0000,8.682902
37.800,25.300,1724.0000,11.633676
37.800,25.300,1725.0000,3.496106
37.800,25.300,1726.0000,7.950284
37.800,25.300,1727.0000,-9.619696
37.800,25.300,1728.0000,-0.130695
37.800,25.300,1729.0000,4.283858
37.800,25.300,1730.0000,8.729127
37.800,25.300,1731.0000,-3.659795
37.800,25.300,1732.0000,-1.023387
37.800,25.300,1733.0000,-5.988022
37.800,25.300,1734.0000,-1.891715
37.800,25.300,1735.0000,7.115573
37.800,25.300,1736.0000,6.970697
37.800,25.300,1737.0000,0.776334
37.800,25.300,1738.0000,6.202320
37.800,25.300,1739.0000,2.242295
37.800,25.300,1740.0000,1.302225
37.800,25.300,1741.0000,0.620997
37.800,25.300,1742.0000,-4.760709
37.800,25.300,1743.0000,-4.420581
37.800,25.300,1744.0000,6.921844
37.800,25.300,1745.0000,6.809559
37.800,25.300,1746.0000,-5.032736
37.800,25.300,1747.0000,5.218350
37.800,25.300,1748.0000,2.716833
37.800,25.300,1749.0000,0.424730
37.800,25.300,1750.0000,-5.788001
37.800,25.300,1751.0000,-2.075999
37.800,25.300,1752.0000,10.986968
37.800,25.300,1753.0000,4.711323
37.800,25.300,1754.0000,-0.068067
37.800,25.300,1755.0000,0.887795
37.800,25.300,1756.0000,1.146742
37.800,25.300,1757.0000,7.202236
37.800,25.300,1758.0000,-5.882085
37.800,25.300,1759.0000,6.194825
37.800,25.300,1760.0000,-3.902488
37.800,25.300,1761.0000,1.459480
37.800,25.300,1762.0000,4.420609
37.800,25.300,1763.0000,8.119193
37.800,25.300,1764.0000,-2.969038
37.800,25.300,1765.0000,7.599817
37.800,25.300,1766.0000,-0.981826
37.800,25.300,1767.0000,-0.464920
37.800,25.300,1768.0000,9.016075
37.800,25.300,1769.0000,-0.452301
37.800,25.300,1770.0000,-3.790641
37.800,25.300,1771.0000,-9.198819
37.800,25.300,1772.0000,-8.025183
37.800,25.300,1773.0000,0.935669
37.800,25.300,1774.0000,-4.136427
37.800,25.300,1775.0000,6.566512
37.800,25.300,1776.0000,-6.223184
37.800,25.300,1777.0000,-2.512626
37.800,25.300,1778.0000,-9.641561
37.800,25.300,1779.0000,9.640960
37.800,25.300,1780.0000,-0.496870
37.800,25.300,1781.0000,-14.996213
37.800,25.300,1782.0000,-0.454175
37.800,25.300,1783.0000,-0.691290
37.800,25.300,1784.0000,0.381700
37.800,25.300,1785.0000,-14.038930
37.800,25.300,1786.0000,-8.518035
37.800,25.300,1787.0000,-0.316447
37.800,25.300,1788.0000,1.055676
37.800,25.300,1789.0000,2.583267
37.800,25.300,1790.0000,-0.876113
37.800,25.300,1791.0000,0.658771
37.800,25.300,1792.0000,-14.737408
37.800,25.300,1793.0000,-2.452789
37.800,25.300,1794.0000,-9.796882
37.800,25.300,1795.0000,-0.699389
37.800,25.300,1796.0000,-4.525060
37.800,25.300,1797.0000,8.956130
37.800,25.300,1798.0000,4.572324
37.800,25.300,1799.0000,4.108051
37.800,25.300,1800.0000,-4.832402
37.800,25.300,1801.0000,5.611269
37.800,25.300,1802.0000,4.902372
37.800,25.300,1803.0000,4.233489
37.800,25.300,1804.0000,-6.076365
37.800,25.300,1805.0000,4.746317
37.800,25.300,1806.0000,-2.244323
37.800,25.300,1807.0000,3.889285
37.800,25.300,1808.0000,4.337921
37.800,25.300,1809.0000,-4.112896
37.800,25.300,1810.0000,-2.878014
37.800,25.300,1811.0000,3.341314
37.800,25.300,1812.0000,-0.023721
37.800,25.300,1813.0000,-6.340214
37.800,25.300,1814.0000,7.501568
37.800,25.300,1815.0000,8.301425
37.800,25.300,1816.0000,4.196912
37.800,25.300,1817.0000,-3.774852
37.800,25.300,1818.0000,-10.037480
37.800,25.300,1819.0000,5.751793
37.800,25.300,1820.0000,4.683759
37.800,25.300,1821.0000,7.133529
37.800,25.300,1822.0000,-3.957415
37.800,25.300,1823.0000,3.425155
37.800,25.300,1824.0000,1.614273
37.800,25.300,1825.0000,-5.074448
37.800,25.300,1826.0000,-7.913224
37.800,25.300,1827.0000,1.290602
37.800,25.300,1828.0000,-2.148000
37.800,25.300,1829.0000,-4.124859
37.800,25.300,1830.0000,3.625828
37.800,25.300,1831.0000,2.033034
37.800,25.300,1832.0000,-1.072866
37.800,25.300,1833.0000,-9.618435
37.800,25.300,1834.0000,5.965918
37.800,25.300,1835.0000,3.041411
37.800,25.300,1836.0000,-1.624549
37.800,25.300,1837.0000,-7.976377
37.800,25.300,1838.0000,-10.767493
37.800,25.300,1839.0000,-5.224494
37.800,25.300,1840.0000,9.797705
37.800,25.300,1841.0000,4.628382
37.800,25.300,1842.0000,5.414934
37.800,25.300,1843.0000,3.398662
37.800,25.300,1844.0000,1.786982
37.800,25.300,1845.0000,-6.809351
37.800,25.300,1846.0000,-4.800830
37.800,25.300,1847.0000,2.047968
37.800,25.300,1848.0000,-0.617889
37.800,25.300,1849.0000,8.501466
37.800,25.300,1850.0000,0.420336
37.800,25.300,1851.0000,3.750471
37.800,25.300,1852.0000,-6.133035
37.800,25.300,1853.0000,4.716692
37.800,25.300,1854.0000,1.440233
37.800,25.300,1855.0000,6.181548
37.800,25.300,1856.0000,0.785608
37.800,25.300,1857.0000,-11.684352
37.800,25.300,1858.0000,-9.128265
37.800,25.300,1859.0000,2.484339
37.800,25.300,1860.0000,0.235706
37.800,25.300,1861.0000,1.375210
37.800,25.300,1862.0000,1.648985
37.800,25.300,1863.0000,-3.853978
37.800,25.300,1864.0000,3.756917
37.800,25.300,1865.0000,3.896432
37.800,25.300,1866.0000,5.819589
37.800,25.300,1867.0000,0.464501
37.800,25.300,1868.0000,-8.399504
37.800,25.300,1869.0000,-1.994738
37.800,25.300,1870.0000,-4.520729
37.800,25.300,1871.0000,12.204267
37.800,25.300,1872.0000,1.192983
37.800,25.300,1873.0000,-4.420467
37.800,25.300,1874.0000,0.847195
37.800,25.300,1875.0000,-5.723342
37.800,25.300,1876.0000,-2.654653
37.800,25.300,1877.0000,-5.514683
37.800,25.300,1878.0000,-3.437979
37.800,25.300,1879.0000,9.384301
37.800,25.300,1880.0000,-2.646488
37.800,25.300,1881.0000,-0.979168
37.800,25.300,1882.0000,-6.899602
37.800,25.300,1883.0000,-1.102773
37.800,25.300,1884.0000,0.922399
37.800,25.300,1885.0000,0.012053
37.800,25.300,1886.0000,10.612514
37.800,25.300,1887.0000,-1.170431
37.800,25.300,1888.0000,-2.443342
37.800,25.300,1889.0000,-0.426524
37.800,25.300,1890.0000,2.300973
37.800,25.300,1891.0000,-3.780537
37.800,25.300,1892.0000,-3.904466
37.800,25.300,1893.0000,-1.865467
37.800,25.300,1894.0000,-2.685479
37.800,25.300,1895.0000,-3.688527
37.800,25.300,1896.0000,-3.791190
37.800,25.300,1897.0000,2.571799
37.800,25.300,1898.0000,0.004155
37.800,25.300,1899.0000,1.076427
37.800,25.300,1900.0000,-0.323840
37.800,25.300,1901.0000,-4.751721
37.800,25.300,1902.0000,1.863193
37.800,25.300,1903.0000,9.212466
37.800,25.300,1904.0000,-2.717607
37.800,25.300,1905.0000,-11.058669
37.800,25.300,1906.0000,4.123644
37.800,25.300,1907.0000,-4.971810
37.800,25.300,1908.0000,6.623536
37.800,25.300,1909.0000,0.350572
37.800,25.300,1910.0000,6.125048
37.800,25.300,1911.0000,9.490651
37.800,25.300,1912.0000,-1.622829
37.800,25.300,1913.0000,8.986797
37.800,25.300,1914.0000,-3.357411
37.800,25.300,1915.0000,3.504306
37.800,25.300,1916.0000,1.271768
37.800,25.300,1917.0000,1.160601
37.800,25.300,1918.0000,-2.204054
37.800,25.300,1919.0000,10.289837
37.800,25.300,1920.0000,5.018170
37.800,25.300,1921.0000,5.389339
37.800,25.300,1922.0000,-12.477616
37.800,25.300,1923.0000,-8.999666
37.800,25.300,1924.0000,0.986171
37.800,25.300,1925.0000,-5.560145
37.800,25.300,1926.0000,4.145229
37.800,25.300,1927.0000,-14.516020
37.800,25.300,1928.0000,2.770964
37.800,25.300,1929.0000,-2.130851
37.800,25.300,1930.0000,-9.864660
37.800,25.300,1931.0000,-9.456399
37.800,25.300,1932.0000,-6.727517
37.800,25.300,1933.0000,0.066407
37.800,25.300,1934.0000,9.901949
37.800,25.300,1935.0000,8.375639
37.800,25.300,1936.0000,-0.015526
37.800,25.300,1937.0000,-0.551488
37.800,25.300,1938.0000,18.781815
37.800,25.300,1939.0000,1.637053
37.800,25.300,1940.0000,14.092904
37.800,25.300,1941.0000,7.976079
37.800,25.300,1942.0000,-1.688544
37.800,25.300,1943.0000,-7.448591
37.800,25.300,1944.0000,-4.997607
37.800,25.300,1945.0000,6.133312
37.800,25.300,1946.0000,-9.452283
37.800,25.300,1947.0000,0.416927
37.800,25.300,1948.0000,12.620422
37.800,25.300,1949.0000,-1.303592
37.800,25.300,1950.0000,17.079867
37.800,25.300,1951.0000,-10.230344
37.800,25.300,1952.0000,0.656934
37.800,25.300,1953.0000,5.498520
37.800,25.300,1954.0000,0.950132
37.800,25.300,1955.0000,6.811872
37.800,25.300,1956.0000,1.249800
37.800,25.300,1957.0000,-6.114430
37.800,25.300,1958.0000,4.752106
37.800,25.300,1959.0000,-8.913675
37.800,25.300,1960.0000,13.957375
37.800,25.300,1961.0000,8.237369
37.800,25.300,1962.0000,1.491418
37.800,25.300,1963.0000,-2.880038
37.800,25.300,1964.0000,-5.761635
37.800,25.300,1965.0000,8.206834
37.800,25.300,1966.0000,2.441775
37.800,25.300,1967.0000,-10.697353
37.800,25.300,1968.0000,2.571746
37.800,25.300,1969.0000,-4.497725
37.800,25.300,1970.0000,-0.004921
37.800,25.300,1971.0000,-3.664171
37.800,25.300,1972.0000,-6.809603
37.800,25.300,1973.0000,-4.746497
37.800,25.300,1974.0000,1.915897
37.800,25.300,1975.0000,0.593138
37.800,25.300,1976.0000,5.157790
37.800,25.300,1977.0000,-0.859204
37.800,25.300,1978.0000,-1.961643
37.800,25.300,1979.0000,5.649144
37.800,25.300,1980.0000,-7.114185
37.800,25.300,1981.0000,5.948766
37.800,25.300,1982.0000,3.572090
37.800,25.300,1983.0000,-5.813942
37.800,25.300,1984.0000,-11.493480
37.800,25.300,1985.0000,-3.674826
37.800,25.300,1986.0000,-3.664907
37.800,25.300,1987.0000,1.166910
37.800,25.300,1988.0000,1.861338
37.800,25.300,1989.0000,-1.379864
37.800,25.300,1990.0000,-5.617503
37.800,25.300,1991.0000,-3.867602
37.800,25.300,1992.0000,-1.403842
37.800,25.300,1993.0000,1.582614
37.800,25.300,1994.0000,-2.198955
37.800,25.300,1995.0000,-3.234684
37.800,25.300,1996.0000,-13.227218
37.800,25.300,1997.0000,6.319900
37.800,25.300,1998.0000,9.531033
37.800,25.300,1999.0000,16.009435
37.800,25.300,2000.0000,2.036232
37.800,25.400,200.0000,4.575222
37.800,25.400,201.0000,11.417751
37.800,25.400,202.0000,4.629145
37.800,25.400,203.0000,-3.396080
37.800,25.400,204.0000,-0.111757
37.800,25.400,205.0000,8.158394
37.800,25.400,206.0000,-6.737571
37.800,25.400,207.0000,12.118749
37.800,25.400,208.0000,-2.523109
37.800,25.400,209.0000,10.333090
37.800,25.400,210.0000,9.385346
37.800,25.400,211.0000,10.887356
37.800,25.400,212.0000,-3.265463
37.800,25.400,213.0000,-4.866852
37.800,25.400,214.0000,2.756493
37.800,25.400,215.0000,10.772860
37.800,25.400,216.0000,-6.528479
37.800,25.400,217.0000,-11.870066
37.800,25.400,218.0000,-4.216202
37.800,25.400,219.0000,6.195171
37.800,25.400,220.0000,0.497918
37.800,25.400,221.0000,-11.954263
37.800,25.400,222.0000,-3.408722
37.800,25.400,223.0000,-2.248885
37.800,25.400,224.0000,-4.370866
37.800,25.400,225.0000,5.842376
37.800,25.400,226.0000,6.698912
37.800,25.400,227.0000,-10.055693
37.800,25.400,228.0000,-1.662121
37.800,25.400,229.0000,-1.878821
37.800,25.400,230.0000,-5.293371
37.800,25.400,231.0000,6.799419
37.800,25.400,232.0000,-9.806514
37.800,25.400,233.0000,-3.250888
37.800,25.400,234.0000,-0.722096
37.800,25.400,235.0000,4.443842
37.800,25.400,236.0000,1.320349
37.800,25.400,237.0000,4.321113
37.800,25.400,238.0000,1.012222
37.800,25.400,239.0000,3.621161
37.800,25.400,240.0000,3.286579
37.800,25.400,241.0000,-11.492827
37.800,25.400,242.0000,-0.396177
37.800,25.400,243.0000,3.865215
37.800,25.400,244.0000,2.149200
37.800,25.400,245.0000,-12.581016
37.800,25.400,246.0000,-2.175196
37.800,25.400,247.0000,5.314952
37.800,25.400,248.0000,-3.845556
37.800,25.400,249.0000,15.391074
37.800,25.400,250.0000,-14.055952
37.800,25.400,251.0000,-1.234257
37.800,25.400,252.0000,-5.540639
37.800,25.400,253.0000,-5.963161
37.800,25.400,254.0000,-3.557676
37.800,25.400,255.0000,-2.837619
37.800,25.400,256.0000,-1.063987
37.800,25.400,257.0000,-8.171249
37.800,25.400,258.0000,-8.080899
37.800,25.400,259.0000,10.502778
37.800,25.400,260.0000,-8.758946
37.800,25.400,261.0000,7.036969
37.800,25.400,262.0000,6.235909
37.800,25.400,263.0000,17.554564
37.800,25.400,264.0000,12.218033
37.800,25.400,265.0000,3.673893
37.800,25.400,266.0000,16.085799
37.800,25.400,267.0000,7.433557
37.800,25.400,268.0000,-2.753205
37.800,25.400,269.0000,4.289044
37.800,25.400,270.0000,4.610581
37.800,25.400,271.0000,2.457020
37.800,25.400,272.0000,-4.437855
37.800,25.400,273.0000,-4.122962
37.800,25.400,274.0000,-1.784636
37.800,25.400,275.0000,7.949628
37.800,25.400,276.0000,1.643127
37.800,25.400,277.0000,-9.367045
37.800,25.400,278.0000,5.078350
37.800,25.400,279.0000,-2.740924
37.800,25.400,280.0000,-0.312573
37.800,25.400,281.0000,-7.613566
37.800,25.400,282.0000,15.576202
37.800,25.400,283.0000,10.336896
37.800,25.400,284.0000,-1.517499
37.800,25.400,285.0000,0.681938
37.800,25.400,286.0000,-0.075191
37.800,25.400,287.0000,-1.759976
37.800,25.400,288.0000,2.726226
37.800,25.400,289.0000,-3.670876
37.800,25.400,290.0000,7.881198
37.800,25.400,291.0000,6.294180
37.800,25.400,292.0000,-3.430334
37.800,25.400,293.0000,-0.027975
37.800,25.400,294.0000,-7.053520
37.800,25.400,295.0000,1.971724
37.800,25.400,296.0000,-4.883800
37.800,25.400,297.0000,-2.702309
37.800,25.400,298.0000,-4.270462
37.800,25.400,299.0000,3.863589
37.800,25.400,300.0000,6.167289
37.800,25.400,301.0000,9.003266
37.800,25.400,302.0000,-5.011390
37.800,25.400,303.0000,0.879241
37.800,25.400,304.0000,0.592379
37.800,25.400,305.0000,-4.746768
37.800,25.400,306.0000,1.115157
37.800,25.400,307.0000,8.134813
37.800,25.400,308.0000,-5.521591
37.800,25.400,309.0000,-6.846449
37.800,25.400,310.0000,-6.088326
37.800,25.400,311.0000,4.429852
37.800,25.400,312.0000,-2.178833
37.800,25.400,313.0000,0.729351
37.800,25.400,314.0000,-11.859201
37.800,25.400,315.0000,-4.314385
37.800,25.400,316.0000,3.605512
37.800,25.400,317.0000,-0.663372
37.800,25.400,318.0000,9.559893
37.800,25.400,319.0000,-0.937922
37.800,25.400,320.0000,1.152442
37.800,25.400,321.0000,-0.667371
37.800,25.400,322.0000,-1.196386
37.800,25.400,323.0000,6.762455
37.800,25.400,324.0000,-5.333522
37.800,25.400,325.0000,0.899655
37.800,25.400,326.0000,-11.442696
37.800,25.400,327.0000,1.879464
37.800,25.400,328.0000,1.953734
37.800,25.400,329.0000,3.529930
37.800,25.400,330.0000,-3.925467
37.800,25.400,331.0000,6.286302
37.800,25.400,332.0000,3.234661
37.800,25.400,333.0000,7.327338
37.800,25.400,334.0000,3.085047
37.800,25.400,335.0000,-1.285033
37.800,25.400,336.0000,-14.811672
37.800,25.400,337.0000,-8.308528
37.800,25.400,338.0000,3.729744
37.800,25.400,339.0000,3.274313
37.800,25.400,340.0000,-0.349434
37.800,25.400,341.0000,-5.949288
37.800,25.400,342.0000,-11.166235
37.800,25.400,343.0000,5.684040
37.800,25.400,344.0000,-0.147651
37.800,25.400,345.0000,3.377067
37.800,25.400,346.0000,3.477008
37.800,25.400,347.0000,3.802346
37.800,25.400,348.0000,2.403829
37.800,25.400,349.0000,10.649293
37.800,25.400,350.0000,-2.550695
37.800,25.400,351.0000,1.603410
37.800,25.400,352.0000,-5.988006
37.800,25.400,353.0000,3.938168
37.800,25.400,354.0000,3.771356
37.800,25.400,355.0000,-1.272630
37.800,25.400,356.0000,-0.682516
37.800,25.400,357.0000,-3.602935
37.800,25.400,358.0000,-7.831618
37.800,25.400,359.0000,-1.700214
37.800,25.400,360.0000,-0.953031
37.800,25.400,361.0000,9.696985
37.800,25.400,362.0000,1.166188
37.800,25.400,363.0000,-11.745713
37.800,25.400,364.0000,-4.788027
37.800,25.400,365.0000,-0.027037
37.800,25.400,366.0000,5.053348
37.800,25.400,367.0000,-6.697260
37.800,25.400,368.0000,-6.261242
37.800,25.400,369.0000,4.674638
37.800,25.400,370.0000,-1.920606
37.800,25.400,371.0000,4.970967
37.800,25.400,372.0000,-4.170344
37.800,25.400,373.0000,4.643360
37.800,25.400,374.0000,-2.377360
37.800,25.400,375.0000,3.342383
37.800,25.400,376.0000,11.067079
37.800,25.400,377.0000,-10.501228
37.800,25.400,378.0000,-2.945309
37.800,25.400,379.0000,5.485871
37.800,25.400,380.0000,-4.162001
37.800,25.400,381.0000,5.018019
37.800,25.400,382.0000,2.200526
37.800,25.400,383.0000,5.227685
37.800,25.400,384.0000,5.465512
37.800,25.400,385.0000,7.527343
37.800,25.400,386.0000,-2.351243
37.800,25.400,387.0000,-3.671597
37.800,25.400,388.0000,0.354328
37.800,25.400,389.0000,-3.936600
37.800,25.400,390.0000,4.341811
37.800,25.400,391.0000,1.699961
37.800,25.400,392.0000,7.480415
37.800,25.400,393.0000,-12.442861
37.800,25.400,394.0000,10.865616
37.800,25.400,395.0000,-4.361055
37.800,25.400,396.0000,-4.754922
37.800,25.400,397.0000,4.167600
37.800,25.400,398.0000,-8.011649
37.800,25.400,399.0000,-4.554200
37.800,25.400,400.0000,1.633718
37.800,25.400,401.0000,-6.091529
37.800,25.400,402.0000,-3.488036
37.800,25.400,403.0000,4.246338
37.800,25.400,404.0000,0.130794
37.800,25.400,405.0000,-1.116168
37.800,25.400,406.0000,1.274315
37.800,25.400,407.0000,4.612737
37.800,25.400,408.0000,-13.188114
37.800,25.400,409.0000,-3.006701
37.800,25.400,410.0000,4.176457
37.800,25.400,411.0000,3.071733
37.800,25.400,412.0000,10.324894
37.800,25.400,413.0000,1.014233
37.800,25.400,414.0000,1.187300
37.800,25.400,415.0000,20.765815
37.800,25.400,416.0000,1.963674
37.800,25.400,417.0000,-0.883713
37.800,25.400,418.0000,6.277450
37.800,25.400,419.0000,3.285843
37.800,25.400,420.0000,-9.003081
37.800,25.400,421.0000,3.518778
37.800,25.400,422.0000,-5.461984
37.800,25.400,423.0000,-3.732357
37.800,25.400,424.0000,-2.774354
37.800,25.400,425.0000,1.044395
37.800,25.400,426.0000,-4.265810
37.800,25.400,427.0000,-3.390566
37.800,25.400,428.0000,-8.229215
37.800,25.400,429.0000,11.328981
37.800,25.400,430.0000,-0.647624
37.800,25.400,431.0000,10.584157
37.800,25.400,432.0000,-5.670898
37.800,25.400,433.0000,-6.010670
37.800,25.400,434.0000,-11.635010
37.800,25.400,435.0000,-5.588076
37.800,25.400,436.0000,-1.229247
37.800,25.400,437.0000,-4.860676
37.800,25.400,438.0000,-0.039806
37.800,25.400,439.0000,-8.874876
37.800,25.400,440.0000,2.276027
37.800,25.400,441.0000,3.777109
37.800,25.400,442.0000,2.888115
37.800,25.400,443.0000,12.691452
37.800,25.400,444.0000,-3.534611
37.800,25.400,445.0000,1.520491
37.800,25.400,446.0000,7.616177
37.800,25.400,447.0000,-2.819082
37.800,25.400,448.0000,7.921077
37.800,25.400,449.0000,-3.605552
37.800,25.400,450.0000,6.253806
37.800,25.400,451.0000,-9.096182
37.800,25.400,452.0000,-7.147303
37.800,25.400,453.0000,-3.509134
37.800,25.400,454.0000,0.922126
37.800,25.400,455.0000,9.462161
37.800,25.400,456.0000,9.275968
37.800,25.400,457.0000,1.346774
37.800,25.400,458.0000,-2.109601
37.800,25.400,459.0000,3.151154
37.800,25.400,460.0000,-11.694459
37.800,25.400,461.0000,-6.711440
37.800,25.400,462.0000,2.812866
37.800,25.400,463.0000,-7.988760
37.800,25.400,464.0000,5.720243
37.800,25.400,465.0000,-1.122341
37.800,25.400,466.0000,12.847875
37.800,25.400,467.0000,0.975744
37.800,25.400,468.0000,12.944198
37.800,25.400,469.0000,2.397998
37.800,25.400,470.0000,-5.316450
37.800,25.400,471.0000,-4.101832
37.800,25.400,472.0000,1.430963
37.800,25.400,473.0000,-17.713350
37.800,25.400,474.0000,-15.261506
37.800,25.400,475.0000,-3.822450
37.800,25.400,476.0000,6.151760
37.800,25.400,477.0000,-2.806927
37.800,25.400,478.0000,-1.831296
37.800,25.400,479.0000,6.635317
37.800,25.400,480.0000,-3.985463
37.800,25.400,481.0000,4.864412
37.800,25.400,482.0000,6.073283
37.800,25.400,483.0000,4.338191
37.800,25.400,484.0000,4.087216
37.800,25.400,485.0000,-5.806785
37.800,25.400,486.0000,4.688147
37.800,25.400,487.0000,-5.942627
37.800,25.400,488.0000,-0.265858
37.800,25.400,489.0000,4.116721
37.800,25.400,490.0000,4.643441
37.800,25.400,491.0000,2.014712
37.800,25.400,492.0000,3.389196
37.800,25.400,493.0000,3.746545
37.800,25.400,494.0000,-8.268807
37.800,25.400,495.0000,5.100837
37.800,25.400,496.0000,0.343576
37.800,25.400,497.0000,-9.195608
37.800,25.400,498.0000,-4.010380
37.800,25.400,499.0000,1.167664
37.800,25.400,500.0000,-6.629009
37.800,25.400,501.0000,-3.903845
37.800,25.400,502.0000,4.558037
37.800,25.400,503.0000,-5.188411
37.800,25.400,504.0000,2.287275
37.800,25.400,505.0000,8.869177
37.800,25.400,506.0000,-11.304916
37.800,25.400,507.0000,3.242232
37.800,25.400,508.0000,-1.861461
37.800,25.400,509.0000,10.903355
37.800,25.400,510.0000,-2.945021
37.800,25.400,511.0000,-2.823473
37.800,25.400,512.0000,7.528336
37.800,25.400,513.0000,5.810349
37.800,25.400,514.0000,-0.335144
37.800,25.400,515.0000,-4.749361
37.800,25.400,516.0000,-12.563227
37.800,25.400,517.0000,-2.797161
37.800,25.400,518.0000,2.996093
37.800,25.400,519.0000,7.971421
37.800,25.400,520.0000,1.468921
37.800,25.400,521.0000,-6.280623
37.800,25.400,522.0000,-1.301682
37.800,25.400,523.0000,0.997410
37.800,25.400,524.0000,0.905482
37.800,25.400,525.0000,7.109664
37.800,25.400,526.0000,-8.887925
37.800,25.400,527.0000,-4.785068
37.800,25.400,528.0000,2.635446
37.800,25.400,529.0000,1.031471
37.800,25.400,530.0000,6.900362
37.800,25.400,531.0000,-0.125676
37.800,25.400,532.0000,-4.576071
37.800,25.400,533.0000,-4.583308
37.800,25.400,534.0000,-7.136642
37.800,25.400,535.0000,-4.921932
37.800,25.400,536.0000,10.149327
37.800,25.400,537.0000,-0.184695
37.800,25.400,538.0000,-5.024851
37.800,25.400,539.0000,3.410184
37.800,25.400,540.0000,2.676851
37.800,25.400,541.0000,12.640605
37.800,25.400,542.0000,-4.752005
37.800,25.400,543.0000,-0.673186
37.800,25.400,544.0000,-3.393138
37.800,25.400,545.0000,-7.889288
37.800,25.400,546.0000,5.060744
37.800,25.400,547.0000,4.322251
37.800,25.400,548.0000,-1.135611
37.800,25.400,549.0000,2.892820
37.800,25.400,550.0000,-4.729760
37.800,25.400,551.0000,-13.911806
37.800,25.400,552.0000,9.593687
37.800,25.400,553.0000,0.538384
37.800,25.400,554.0000,9.852966
37.800,25.400,555.0000,1.870971
37.800,25.400,556.0000,-5.636414
37.800,25.400,557.0000,7.999648
37.800,25.400,558.0000,-2.996995
37.800,25.400,559.0000,3.360414
37.800,25.400,560.0000,-3.607801
37.800,25.400,561.0000,-1.138961
37.800,25.400,562.0000,3.447578
37.800,25.400,563.0000,4.420925
37.800,25.400,564.0000,6.068109
37.800,25.400,565.0000,5.704054
37.800,25.400,566.0000,-2.341244
37.800,25.400,567.0000,-2.542072
37.800,25.400,568.0000,-2.163705
37.800,25.400,569.0000,3.336809
37.800,25.400,570.0000,3.456811
37.800,25.400,571.0000,0.472327
37.800,25.400,572.0000,8.916967
37.800,25.400,573.0000,-5.388364
37.800,25.400,574.0000,-0.053112
37.800,25.400,575.0000,8.876308
37.800,25.400,576.0000,13.397285
37.800,25.400,577.0000,-0.880060
37.800,25.400,578.0000,-1.291262
37.800,25.400,579.0000,11.853394
37.800,25.400,580.0000,-6.050913
37.800,25.400,581.0000,-3.568336
37.800,25.400,582.0000,0.932763
37.800,25.400,583.0000,-9.335576
37.800,25.400,584.0000,-0.048724
37.800,25.400,585.0000,-4.880030
37.800,25.400,586.0000,-2.318321
37.800,25.400,587.0000,4.702805
37.800,25.400,588.0000,11.444236
37.800,25.400,589.0000,-0.741605
37.800,25.400,590.0000,1.276250
37.800,25.400,591.0000,0.860665
37.800,25.400,592.0000,-0.921082
37.800,25.400,593.0000,7.246586
37.800,25.400,594.0000,-2.853606
37.800,25.400,595.0000,17.721021
37.800,25.400,596.0000,7.999270
37.800,25.400,597.0000,1.268419
37.800,25.400,598.0000,12.114864
37.800,25.400,599.0000,5.746746
37.800,25.400,600.0000,10.388972
37.800,25.400,601.0000,0.566416
37.800,25.400,602.0000,11.876259
37.800,25.400,603.0000,8.879982
37.800,25.400,604.0000,19.926819
37.800,25.400,605.0000,4.978371
37.800,25.400,606.0000,18.881919
37.800,25.400,607.0000,20.982539
37.800,25.400,608.0000,13.939475
37.800,25.400,609.0000,19.563329
37.800,25.400,610.0000,20.911681
37.800,25.400,611.0000,33.014592
37.800,25.400,612.0000,29.754407
37.800,25.400,613.0000,55.060135
37.800,25.400,614.0000,50.560774
37.800,25.400,615.0000,75.380644
37.800,25.400,616.0000,96.176735
37.800,25.400,617.0000,111.522839
37.800,25.400,618.0000,133.152802
37.800,25.400,619.0000,158.397209
37.800,25.400,620.0000,164.353393
37.800,25.400,621.0000,158.799644
37.800,25.400,622.0000,130.953872
37.800,25.400,623.0000,118.387225
37.800,25.400,624.0000,83.718039
37.800,25.400,625.0000,71.536378
37.800,25.400,626.0000,58.971529
37.800,25.400,627.0000,38.553688
37.800,25.400,628.0000,49.203266
37.800,25.400,629.0000,29.796775
37.800,25.400,630.0000,36.036934
37.800,25.400,631.0000,29.848134
37.800,25.400,632.0000,19.835010
37.800,25.400,633.0000,6.200195
37.800,25.400,634.0000,24.262207
37.800,25.400,635.0000,20.276833
37.800,25.400,636.0000,26.152852
37.800,25.400,637.0000,15.868486
37.800,25.400,638.0000,19.253914
37.800,25.400,639.0000,6.680185
37.800,25.400,640.0000,1.002782
37.800,25.400,641.0000,13.729010
37.800,25.400,642.0000,-2.774008
37.800,25.400,643.0000,-2.438218
37.800,25.400,644.0000,11.535969
37.800,25.400,645.0000,-17.603272
37.800,25.400,646.0000,8.568186
37.800,25.400,647.0000,3.054686
37.800,25.400,648.0000,3.912959
37.800,25.400,649.0000,6.488404
37.800,25.400,650.0000,6.754040
37.800,25.400,651.0000,-11.162014
37.800,25.400,652.0000,5.511234
37.800,25.400,653.0000,8.589668
37.800,25.400,654.0000,-6.084068
37.800,25.400,655.0000,4.496522
37.800,25.400,656.0000,5.216540
37.800,25.400,657.0000,6.692829
37.800,25.400,658.0000,-1.150758
37.800,25.400,659.0000,-0.188876
37.800,25.400,660.0000,6.070721
37.800,25.400,661.0000,18.088579
37.800,25.400,662.0000,7.207478
37.800,25.400,663.0000,-7.065848
37.800,25.400,664.0000,-0.687067
37.800,25.400,665.0000,14.739079
37.800,25.400,666.0000,-5.586696
37.800,25.400,667.0000,0.516538
37.800,25.400,668.0000,3.791226
37.800,25.400,669.0000,0.403288
37.800,25.400,670.0000,7.700402
37.800,25.400,671.0000,-2.469711
37.800,25.400,672.0000,-1.372062
37.800,25.400,673.0000,4.691506
37.800,25.400,674.0000,4.321464
37.800,25.400,675.0000,-1.273560
37.800,25.400,676.0000,-5.527479
37.800,25.400,677.0000,-8.101370
37.800,25.400,678.0000,6.776434
37.800,25.400,679.0000,7.819541
37.800,25.400,680.0000,-0.924517
37.800,25.400,681.0000,-8.900351
37.800,25.400,682.0000,4.879591
37.800,25.400,683.0000,0.518426
37.800,25.400,684.0000,-5.624657
37.800,25.400,685.0000,-4.107727
37.800,25.400,686.0000,-2.475551
37.800,25.400,687.0000,-3.052735
37.800,25.400,688.0000,4.598303
37.800,25.400,689.0000,-2.511058
37.800,25.400,690.0000,1.084211
37.800,25.400,691.0000,7.455206
37.800,25.400,692.0000,5.401751
37.800,25.400,693.0000,13.585729
37.800,25.400,694.0000,6.822258
37.800,25.400,695.0000,-8.041623
37.800,25.400,696.0000,-1.796808
37.800,25.400,697.0000,1.897588
37.800,25.400,698.0000,7.024771
37.800,25.400,699.0000,-3.298310
37.800,25.400,700.0000,-2.563479
37.800,25.400,701.0000,2.414102
37.800,25.400,702.0000,6.679953
37.800,25.400,703.0000,-9.290596
37.800,25.400,704.0000,10.561340
37.800,25.400,705.0000,3.783776
37.800,25.400,706.0000,2.503974
37.800,25.400,707.0000,-2.249779
37.800,25.400,708.0000,5.445696
37.800,25.400,709.0000,5.500155
37.800,25.400,710.0000,-17.033806
37.800,25.400,711.0000,4.176201
37.800,25.400,712.0000,-4.673150
37.800,25.400,713.0000,-1.253945
37.800,25.400,714.0000,3.816354
37.800,25.400,715.0000,-0.673552
37.800,25.400,716.0000,5.851529
37.800,25.400,717.0000,-7.179479
37.800,25.400,718.0000,7.489601
37.800,25.400,719.0000,1.073709
37.800,25.400,720.0000,1.724485
37.800,25.400,721.0000,5.004429
37.800,25.400,722.0000,0.136174
37.800,25.400,723.0000,0.352490
37.800,25.400,724.0000,-2.836701
37.800,25.400,725.0000,-7.484268
37.800,25.400,726.0000,-11.281481
37.800,25.400,727.0000,-3.916900
37.800,25.400,728.0000,3.334455
37.800,25.400,729.0000,-0.083288
37.800,25.400,730.0000,-3.017134
37.800,25.400,731.0000,-11.581602
37.800,25.400,732.0000,0.861106
37.800,25.400,733.0000,7.982795
37.800,25.400,734.0000,-2.311453
37.800,25.400,735.0000,6.505830
37.800,25.400,736.0000,-7.524512
37.800,25.400,737.0000,4.424868
37.800,25.400,738.0000,-6.199068
37.800,25.400,739.0000,6.468457
37.800,25.400,740.0000,-7.298713
37.800,25.400,741.0000,0.225607
37.800,25.400,742.0000,-1.882773
37.800,25.400,743.0000,1.861795
37.800,25.400,744.0000,4.845444
37.800,25.400,745.0000,7.285157
37.800,25.400,746.0000,4.045367
37.800,25.400,747.0000,-0.592562
37.800,25.400,748.0000,3.895407
37.800,25.400,749.0000,3.002164
37.800,25.400,750.0000,-0.676909
37.800,25.400,751.0000,2.290191
37.800,25.400,752.0000,-3.422084
37.800,25.400,753.0000,-8.374281
37.800,25.400,754.0000,8.156667
37.800,25.400,755.0000,-1.354576
37.800,25.400,756.0000,2.076592
37.800,25.400,757.0000,-0.779671
37.800,25.400,758.0000,4.882276
37.800,25.400,759.0000,6.924855
37.800,25.400,760.0000,6.826997
37.800,25.400,761.0000,9.523034
37.800,25.400,762.0000,5.485150
37.800,25.400,763.0000,6.531218
37.800,25.400,764.0000,1.462412
37.800,25.400,765.0000,0.388734
37.800,25.400,766.0000,10.510506
37.800,25.400,767.0000,-0.800100
37.800,25.400,768.0000,7.177125
37.800,25.400,769.0000,3.895432
37.800,25.400,770.0000,6.809005
37.800,25.400,771.0000,8.845275
37.800,25.400,772.0000,2.634251
37.800,25.400,773.0000,7.177800
37.800,25.400,774.0000,2.716159
37.800,25.400,775.0000,5.754367
37.800,25.400,776.0000,-1.622323
37.800,25.400,777.0000,5.530853
37.800,25.400,778.0000,3.583931
37.800,25.400,779.0000,12.544142
37.800,25.400,780.0000,2.944554
37.800,25.400,781.0000,15.282547
37.800,25.400,782.0000,4.939576
37.800,25.400,783.0000,22.541095
37.800,25.400,784.0000,25.266101
37.800,25.400,785.0000,10.178909
37.800,25.400,786.0000,25.632347
37.800,25.400,787.0000,40.543779
37.800,25.400,788.0000,38.977416
37.800,25.400,789.0000,56.574209
37.800,25.400,790.0000,57.699129
37.800,25.400,791.0000,52.012986
37.800,25.400,792.0000,74.476991
37.800,25.400,793.0000,83.304305
37.800,25.400,794.0000,87.527503
37.800,25.400,795.0000,92.395477
37.800,25.400,796.0000,95.432704
37.800,25.400,797.0000,87.246241
37.800,25.400,798.0000,71.730887
37.800,25.400,799.0000,72.585075
37.800,25.400,800.0000,47.518601
37.800,25.400,801.0000,51.944753
37.800,25.400,802.0000,37.161726
37.800,25.400,803.0000,41.623079
37.800,25.400,804.0000,31.561243
37.800,25.400,805.0000,20.728891
37.800,25.400,806.0000,19.755703
37.800,25.400,807.0000,15.608316
37.800,25.400,808.0000,19.561491
37.800,25.400,809.0000,9.346804
37.800,25.400,810.0000,16.575518
37.800,25.400,811.0000,6.957585
37.800,25.400,812.0000,9.444826
37.800,25.400,813.0000,11.763816
37.800,25.400,814.0000,14.745993
37.800,25.400,815.0000,11.134362
37.800,25.400,816.0000,12.581504
37.800,25.400,817.0000,0.665386
37.800,25.400,818.0000,10.170863
37.800,25.400,819.0000,7.863477
37.800,25.400,820.0000,7.635970
37.800,25.400,821.0000,11.025876
37.800,25.400,822.0000,2.452479
37.800,25.400,823.0000,1.676464
37.800,25.400,824.0000,-0.798180
37.800,25.400,825.0000,6.161145
37.800,25.400,826.0000,6.432328
37.800,25.400,827.0000,-2.610253
37.800,25.400,828.0000,3.216145
37.800,25.400,829.0000,10.265173
37.800,25.400,830.0000,0.430858
37.800,25.400,831.0000,9.257139
37.800,25.400,832.0000,6.994197
37.800,25.400,833.0000,1.561045
37.800,25.400,834.0000,-4.521819
37.800,25.400,835.0000,-3.651247
37.800,25.400,836.0000,7.145189
37.800,25.400,837.0000,3.621074
37.800,25.400,838.0000,-1.180975
37.800,25.400,839.0000,-1.531176
37.800,25.400,840.0000,1.389180
37.800,25.400,841.0000,9.585459
37.800,25.400,842.0000,-0.966923
37.800,25.400,843.0000,16.538308
37.800,25.400,844.0000,3.179306
37.800,25.400,845.0000,3.185413
37.800,25.400,846.0000,10.869505
37.800,25.400,847.0000,5.306513
37.800,25.400,848.0000,-1.169295
37.800,25.400,849.0000,1.461825
37.800,25.400,850.0000,6.779524
37.800,25.400,851.0000,-5.543995
37.800,25.400,852.0000,-0.390098
37.800,25.400,853.0000,2.598934
37.800,25.400,854.0000,-8.250064
37.800,25.400,855.0000,1.978206
37.800,25.400,856.0000,-3.538126
37.800,25.400,857.0000,-6.072874
37.800,25.400,858.0000,4.987724
37.800,25.400,859.0000,-3.323518
37.800,25.400,860.0000,2.895661
37.800,25.400,861.0000,6.728036
37.800,25.400,862.0000,3.619325
37.800,25.400,863.0000,-0.295924
37.800,25.400,864.0000,5.069193
37.800,25.400,865.0000,4.752765
37.800,25.400,866.0000,0.778208
37.800,25.400,867.0000,-4.494020
37.800,25.400,868.0000,3.541730
37.800,25.400,869.0000,7.486782
37.800,25.400,870.0000,-0.202442
37.800,25.400,871.0000,1.071805
37.800,25.400,872.0000,4.109575
37.800,25.400,873.0000,-2.807962
37.800,25.400,874.0000,-2.007236
37.800,25.400,875.0000,10.120926
37.800,25.400,876.0000,-10.803185
37.800,25.400,877.0000,-11.933617
37.800,25.400,878.0000,-0.395095
37.800,25.400,879.0000,6.395665
37.800,25.400,880.0000,1.337582
37.800,25.400,881.0000,-0.362855
37.800,25.400,882.0000,-1.325196
37.800,25.400,883.0000,-0.592030
37.800,25.400,884.0000,5.845557
37.800,25.400,885.0000,13.481997
37.800,25.400,886.0000,7.598745
37.800,25.400,887.0000,-3.902934
37.800,25.400,888.0000,-6.346385
37.800,25.400,889.0000,-7.115748
37.800,25.400,890.0000,9.890911
37.800,25.400,891.0000,1.394501
37.800,25.400,892.0000,-4.612754
37.800,25.400,893.0000,-7.408626
37.800,25.400,894.0000,-2.420129
37.800,25.400,895.0000,3.153831
37.800,25.400,896.0000,-5.037903
37.800,25.400,897.0000,3.036832
37.800,25.400,898.0000,-3.769088
37.800,25.400,899.0000,1.490296
37.800,25.400,900.0000,1.123577
37.800,25.400,901.0000,7.372481
37.800,25.400,902.0000,14.282544
37.800,25.400,903.0000,-0.865815
37.800,25.400,904.0000,8.931530
37.800,25.400,905.0000,3.652341
37.800,25.400,906.0000,4.313644
37.800,25.400,907.0000,0.641504
37.800,25.400,908.0000,10.675856
37.800,25.400,909.0000,-8.901060
37.800,25.400,910.0000,-1.194614
37.800,25.400,911.0000,2.179770
37.800,25.400,912.0000,-3.484482
37.800,25.400,913.0000,0.689702
37.800,25.400,914.0000,-1.043707
37.800,25.400,915.0000,10.214429
37.800,25.400,916.0000,-5.579398
37.800,25.400,917.0000,9.440861
37.800,25.400,918.0000,3.996216
37.800,25.400,919.0000,1.325733
37.800,25.400,920.0000,2.751980
37.800,25.400,921.0000,2.476243
37.800,25.400,922.0000,4.644098
37.800,25.400,923.0000,6.748383
37.800,25.400,924.0000,2.306039
37.800,25.400,925.0000,2.466079
37.800,25.400,926.0000,5.700749
37.800,25.400,927.0000,0.301634
37.800,25.400,928.0000,-2.258216
37.800,25.400,929.0000,8.956668
37.800,25.400,930.0000,-7.797833
37.800,25.400,931.0000,-2.518003
37.800,25.400,932.0000,-3.111375
37.800,25.400,933.0000,-4.726391
37.800,25.400,934.0000,4.804186
37.800,25.400,935.0000,-1.176564
37.800,25.400,936.0000,12.955807
37.800,25.400,937.0000,2.576229
37.800,25.400,938.0000,-10.545886
37.800,25.400,939.0000,3.199555
37.800,25.400,940.0000,1.665873
37.800,25.400,941.0000,6.782332
37.800,25.400,942.0000,4.330451
37.800,25.400,943.0000,1.356532
37.800,25.400,944.0000,2.223408
37.800,25.400,945.0000,10.856538
37.800,25.400,946.0000,11.548018
37.800,25.400,947.0000,5.152930
37.800,25.400,948.0000,14.910665
37.800,25.400,949.0000,-8.206363
37.800,25.400,950.0000,-0.658782
37.800,25.400,951.0000,3.509291
37.800,25.400,952.0000,7.996972
37.800,25.400,953.0000,5.885592
37.800,25.400,954.0000,10.444610
37.800,25.400,955.0000,11.954662
37.800,25.400,956.0000,0.817511
37.800,25.400,957.0000,-1.585051
37.800,25.400,958.0000,14.263045
37.800,25.400,959.0000,1.350758
37.800,25.400,960.0000,4.361225
37.800,25.400,961.0000,9.728613
37.800,25.400,962.0000,-0.859772
37.800,25.400,963.0000,7.173901
37.800,25.400,964.0000,5.253474
37.800,25.400,965.0000,8.564824
37.800,25.400,966.0000,-0.147765
37.800,25.400,967.0000,5.341285
37.800,25.400,968.0000,-7.279816
37.800,25.400,969.0000,10.810459
37.800,25.400,970.0000,8.018191
37.800,25.400,971.0000,15.359712
37.800,25.400,972.0000,18.673396
37.800,25.400,973.0000,19.501733
37.800,25.400,974.0000,7.831960
37.800,25.400,975.0000,8.443504
37.800,25.400,976.0000,21.334246
37.800,25.400,977.0000,8.272609
37.800,25.400,978.0000,21.897962
37.800,25.400,979.0000,17.097937
37.800,25.400,980.0000,23.286798
37.800,25.400,981.0000,28.793037
37.800,25.400,982.0000,29.266252
37.800,25.400,983.0000,25.621150
37.800,25.400,984.0000,31.661725
37.800,25.400,985.0000,41.552097
37.800,25.400,986.0000,47.864904
37.800,25.400,987.0000,43.830983
37.800,25.400,988.0000,38.387139
37.800,25.400,989.0000,58.613002
37.800,25.400,990.0000,63.286531
37.800,25.400,991.0000,72.595809
37.800,25.400,992.0000,89.360938
37.800,25.400,993.0000,122.900058
37.800,25.400,994.0000,144.833781
37.800,25.400,995.0000,181.677884
37.800,25.400,996.0000,242.672162
37.800,25.400,997.0000,341.846254
37.800,25.400,998.0000,471.780967
37.800,25.400,999.0000,643.624571
37.800,25.400,1000.0000,823.442370
37.800,25.400,1001.0000,927.232515
37.800,25.400,1002.0000,835.902894
37.800,25.400,1003.0000,634.814932
37.800,25.400,1004.0000,460.111027
37.800,25.400,1005.0000,335.087095
37.800,25.400,1006.0000,260.025419
37.800,25.400,1007.0000,196.148390
37.800,25.400,1008.0000,154.682010
37.800,25.400,1009.0000,124.245749
37.800,25.400,1010.0000,108.387165
37.800,25.400,1011.0000,92.145681
37.800,25.400,1012.0000,81.690072
37.800,25.400,1013.0000,62.474124
37.800,25.400,1014.0000,66.884715
37.800,25.400,1015.0000,51.151389
37.800,25.400,1016.0000,53.314487
37.800,25.400,1017.0000,53.773043
37.800,25.400,1018.0000,61.787262
37.800,25.400,1019.0000,52.924454
37.800,25.400,1020.0000,52.097792
37.800,25.400,1021.0000,61.530050
37.800,25.400,1022.0000,69.974068
37.800,25.400,1023.0000,81.867327
37.800,25.400,1024.0000,88.771314
37.800,25.400,1025.0000,108.819350
37.800,25.400,1026.0000,139.057199
37.800,25.400,1027.0000,174.999640
37.800,25.400,1028.0000,233.454575
37.800,25.400,1029.0000,309.898066
37.800,25.400,1030.0000,366.206156
37.800,25.400,1031.0000,403.599335
37.800,25.400,1032.0000,357.019075
37.800,25.400,1033.0000,298.454526
37.800,25.400,1034.0000,222.384966
37.800,25.400,1035.0000,175.027939
37.800,25.400,1036.0000,136.234454
37.800,25.400,1037.0000,117.399329
37.800,25.400,1038.0000,89.839314
37.800,25.400,1039.0000,73.408911
37.800,25.400,1040.0000,59.588833
37.800,25.400,1041.0000,52.002285
37.800,25.400,1042.0000,46.271484
37.800,25.400,1043.0000,35.415856
37.800,25.400,1044.0000,24.583556
37.800,25.400,1045.0000,22.461681
37.800,25.400,1046.0000,32.092985
37.800,25.400,1047.0000,25.576650
37.800,25.400,1048.0000,27.161765
37.800,25.400,1049.0000,24.720472
37.800,25.400,1050.0000,17.470259
37.800,25.400,1051.0000,9.062268
37.800,25.400,1052.0000,10.179084
37.800,25.400,1053.0000,15.224110
37.800,25.400,1054.0000,17.352571
37.800,25.400,1055.0000,14.897583
37.800,25.400,1056.0000,6.799810
37.800,25.400,1057.0000,5.139831
37.800,25.400,1058.0000,4.400075
37.800,25.400,1059.0000,8.455750
37.800,25.400,1060.0000,16.993615
37.800,25.400,1061.0000,9.483310
37.800,25.400,1062.0000,12.260815
37.800,25.400,1063.0000,10.513620
37.800,25.400,1064.0000,13.464579
37.800,25.400,1065.0000,5.250678
37.800,25.400,1066.0000,11.790705
37.800,25.400,1067.0000,16.992360
37.800,25.400,1068.0000,1.032907
37.800,25.400,1069.0000,-5.197805
37.800,25.400,1070.0000,7.592122
37.800,25.400,1071.0000,3.032288
37.800,25.400,1072.0000,0.078983
37.800,25.400,1073.0000,-1.515249
37.800,25.400,1074.0000,8.752863
37.800,25.400,1075.0000,9.981658
37.800,25.400,1076.0000,4.693366
37.800,25.400,1077.0000,0.686745
37.800,25.400,1078.0000,-2.668952
37.800,25.400,1079.0000,4.481694
37.800,25.400,1080.0000,1.985953
37.800,25.400,1081.0000,0.870020
37.800,25.400,1082.0000,6.873372
37.800,25.400,1083.0000,-9.591325
37.800,25.400,1084.0000,2.488138
37.800,25.400,1085.0000,-3.187874
37.800,25.400,1086.0000,3.173559
37.800,25.400,1087.0000,16.565719
37.800,25.400,1088.0000,8.014538
37.800,25.400,1089.0000,-5.303476
37.800,25.400,1090.0000,7.613441
37.800,25.400,1091.0000,4.000009
37.800,25.400,1092.0000,2.214852
37.800,25.400,1093.0000,20.268494
37.800,25.400,1094.0000,3.797796
37.800,25.400,1095.0000,-6.531685
37.800,25.400,1096.0000,11.525093
37.800,25.400,1097.0000,13.460341
37.800,25.400,1098.0000,10.175749
37.800,25.400,1099.0000,-4.237019
37.800,25.400,1100.0000,-5.670585
37.800,25.400,1101.0000,1.194792
37.800,25.400,1102.0000,-3.781408
37.800,25.400,1103.0000,-2.627093
37.800,25.400,1104.0000,0.701358
37.800,25.400,1105.0000,-6.121109
37.800,25.400,1106.0000,13.032679
37.800,25.400,1107.0000,3.167361
37.800,25.400,1108.0000,4.115099
37.800,25.400,1109.0000,8.083774
37.800,25.400,1110.0000,4.436908
37.800,25.400,1111.0000,6.665302
37.800,25.400,1112.0000,-0.975860
37.800,25.400,1113.0000,-4.818011
37.800,25.400,1114.0000,5.947525
37.800,25.400,1115.0000,11.119444
37.800,25.400,1116.0000,-0.347338
37.800,25.400,1117.0000,8.417031
37.800,25.400,1118.0000,6.383065
37.800,25.400,1119.0000,3.119672
37.800,25.400,1120.0000,5.330564
37.800,25.400,1121.0000,6.060603
37.800,25.400,1122.0000,12.573874
37.800,25.400,1123.0000,8.689983
37.800,25.400,1124.0000,-2.733716
37.800,25.400,1125.0000,14.734292
37.800,25.400,1126.0000,4.617925
37.800,25.400,1127.0000,16.492455
37.800,25.400,1128.0000,17.011830
37.800,25.400,1129.0000,3.864176
37.800,25.400,1130.0000,7.895857
37.800,25.400,1131.0000,11.259784
37.800,25.400,1132.0000,6.201635
37.800,25.400,1133.0000,7.928446
37.800,25.400,1134.0000,4.924227
37.800,25.400,1135.0000,12.295084
37.800,25.400,1136.0000,14.895088
37.800,25.400,1137.0000,17.156551
37.800,25.400,1138.0000,15.136452
37.800,25.400,1139.0000,29.031244
37.800,25.400,1140.0000,18.928094
37.800,25.400,1141.0000,24.861797
37.800,25.400,1142.0000,19.424451
37.800,25.400,1143.0000,12.560658
37.800,25.400,1144.0000,25.859559
37.800,25.400,1145.0000,20.454397
37.800,25.400,1146.0000,28.700701
37.800,25.400,1147.0000,44.655691
37.800,25.400,1148.0000,50.944877
37.800,25.400,1149.0000,56.397275
37.800,25.400,1150.0000,56.229847
37.800,25.400,1151.0000,79.201820
37.800,25.400,1152.0000,96.652349
37.800,25.400,1153.0000,111.536814
37.800,25.400,1154.0000,128.390221
37.800,25.400,1155.0000,129.681902
37.800,25.400,1156.0000,124.008349
37.800,25.400,1157.0000,107.847709
37.800,25.400,1158.0000,94.532028
37.800,25.400,1159.0000,71.113303
37.800,25.400,1160.0000,64.666631
37.800,25.400,1161.0000,60.646435
37.800,25.400,1162.0000,51.291693
37.800,25.400,1163.0000,34.046734
37.800,25.400,1164.0000,50.217712
37.800,25.400,1165.0000,38.487816
37.800,25.400,1166.0000,24.516402
37.800,25.400,1167.0000,22.939054
37.800,25.400,1168.0000,28.588894
37.800,25.400,1169.0000,31.712674
37.800,25.400,1170.0000,28.537913
37.800,25.400,1171.0000,24.615827
37.800,25.400,1172.0000,19.186019
37.800,25.400,1173.0000,21.660330
37.800,25.400,1174.0000,52.096313
37.800,25.400,1175.0000,40.037852
37.800,25.400,1176.0000,59.547655
37.800,25.400,1177.0000,55.201468
37.800,25.400,1178.0000,52.835276
37.800,25.400,1179.0000,65.679771
37.800,25.400,1180.0000,73.187698
37.800,25.400,1181.0000,105.623734
37.800,25.400,1182.0000,112.585256
37.800,25.400,1183.0000,112.685127
37.800,25.400,1184.0000,116.995176
37.800,25.400,1185.0000,89.307205
37.800,25.400,1186.0000,77.055496
37.800,25.400,1187.0000,69.296807
37.800,25.400,1188.0000,55.039550
37.800,25.400,1189.0000,40.798461
37.800,25.400,1190.0000,28.173303
37.800,25.400,1191.0000,30.462100
37.800,25.400,1192.0000,22.917011
37.800,25.400,1193.0000,33.208803
37.800,25.400,1194.0000,25.227365
37.800,25.400,1195.0000,18.343271
37.800,25.400,1196.0000,7.651325
37.800,25.400,1197.0000,20.487645
37.800,25.400,1198.0000,12.270513
37.800,25.400,1199.0000,11.118078
37.800,25.400,1200.0000,14.890401
37.800,25.400,1201.0000,5.125163
37.800,25.400,1202.0000,4.455266
37.800,25.400,1203.0000,13.273220
37.800,25.400,1204.0000,6.084407
37.800,25.400,1205.0000,15.253611
37.800,25.400,1206.0000,0.965499
37.800,25.400,1207.0000,5.200995
37.800,25.400,1208.0000,2.339468
37.800,25.400,1209.0000,0.931375
37.800,25.400,1210.0000,3.167028
37.800,25.400,1211.0000,4.342301
37.800,25.400,1212.0000,2.312735
37.800,25.400,1213.0000,5.816644
37.800,25.400,1214.0000,-7.145190
37.800,25.400,1215.0000,14.335124
37.800,25.400,1216.0000,6.406554
37.800,25.400,1217.0000,-3.091701
37.800,25.400,1218.0000,0.025643
37.800,25.400,1219.0000,0.065393
37.800,25.400,1220.0000,0.517736
37.800,25.400,1221.0000,1.907485
37.800,25.400,1222.0000,0.343608
37.800,25.400,1223.0000,5.432780
37.800,25.400,1224.0000,4.195794
37.800,25.400,1225.0000,0.627320
37.800,25.400,1226.0000,-1.756963
37.800,25.400,1227.0000,2.042703
37.800,25.400,1228.0000,9.001859
37.800,25.400,1229.0000,-6.524707
37.800,25.400,1230.0000,-7.320780
37.800,25.400,1231.0000,-1.360784
37.800,25.400,1232.0000,2.693540
37.800,25.400,1233.0000,6.804822
37.800,25.400,1234.0000,1.173544
37.800,25.400,1235.0000,-11.825386
37.800,25.400,1236.0000,8.829475
37.800,25.400,1237.0000,-4.113204
37.800,25.400,1238.0000,-1.182832
37.800,25.400,1239.0000,3.943908
37.800,25.400,1240.0000,-2.968641
37.800,25.400,1241.0000,-3.644697
37.800,25.400,1242.0000,-0.445852
37.800,25.400,1243.0000,12.766136
37.800,25.400,1244.0000,-6.856148
37.800,25.400,1245.0000,1.373448
37.800,25.400,1246.0000,-0.039482
37.800,25.400,1247.0000,2.470613
37.800,25.400,1248.0000,-2.004321
37.800,25.400,1249.0000,2.332644
37.800,25.400,1250.0000,-1.767563
37.800,25.400,1251.0000,3.304608
37.800,25.400,1252.0000,7.161481
37.800,25.400,1253.0000,-4.843858
37.800,25.400,1254.0000,-6.950327
37.800,25.400,1255.0000,18.525062
37.800,25.400,1256.0000,-4.073370
37.800,25.400,1257.0000,-4.503766
37.800,25.400,1258.0000,-1.345070
37.800,25.400,1259.0000,11.175901
37.800,25.400,1260.0000,-2.791203
37.800,25.400,1261.0000,-2.431803
37.800,25.400,1262.0000,1.533771
37.800,25.400,1263.0000,1.593662
37.800,25.400,1264.0000,-0.140729
37.800,25.400,1265.0000,-8.954968
37.800,25.400,1266.0000,-2.689415
37.800,25.400,1267.0000,2.014841
37.800,25.400,1268.0000,2.747367
37.800,25.400,1269.0000,-13.039930
37.800,25.400,1270.0000,2.449488
37.800,25.400,1271.0000,8.863701
37.800,25.400,1272.0000,-2.699348
37.800,25.400,1273.0000,4.650859
37.800,25.400,1274.0000,2.221664
37.800,25.400,1275.0000,-1.241977
37.800,25.400,1276.0000,6.462524
37.800,25.400,1277.0000,11.795078
37.800,25.400,1278.0000,-1.895338
37.800,25.400,1279.0000,-0.856131
37.800,25.400,1280.0000,4.716897
37.800,25.400,1281.0000,1.963210
37.800,25.400,1282.0000,3.501001
37.800,25.400,1283.0000,3.786500
37.800,25.400,1284.0000,8.984252
37.800,25.400,1285.0000,5.851656
37.800,25.400,1286.0000,-5.124065
37.800,25.400,1287.0000,-10.453333
37.800,25.400,1288.0000,-5.408809
37.800,25.400,1289.0000,-4.351400
37.800,25.400,1290.0000,3.195939
37.800,25.400,1291.0000,-3.466779
37.800,25.400,1292.0000,-1.396684
37.800,25.400,1293.0000,-4.923721
37.800,25.400,1294.0000,-5.931108
37.800,25.400,1295.0000,-2.287566
37.800,25.400,1296.0000,-1.694297
37.800,25.400,1297.0000,3.479660
37.800,25.400,1298.0000,1.400904
37.800,25.400,1299.0000,-1.496442
37.800,25.400,1300.0000,3.844182
37.800,25.400,1301.0000,-1.326914
37.800,25.400,1302.0000,-1.524383
37.800,25.400,1303.0000,-7.440392
37.800,25.400,1304.0000,-1.124632
37.800,25.400,1305.0000,2.353283
37.800,25.400,1306.0000,2.772036
37.800,25.400,1307.0000,-12.677457
37.800,25.400,1308.0000,-5.428038
37.800,25.400,1309.0000,9.950221
37.800,25.400,1310.0000,2.794444
37.800,25.400,1311.0000,-3.592679
37.800,25.400,1312.0000,-3.597880
37.800,25.400,1313.0000,-1.545198
37.800,25.400,1314.0000,-3.406691
37.800,25.400,1315.0000,17.561836
37.800,25.400,1316.0000,1.682293
37.800,25.400,1317.0000,-0.460475
37.800,25.400,1318.0000,-2.190031
37.800,25.400,1319.0000,-5.302947
37.800,25.400,1320.0000,2.516829
37.800,25.400,1321.0000,-5.572820
37.800,25.400,1322.0000,-18.342182
37.800,25.400,1323.0000,10.192302
37.800,25.400,1324.0000,-3.733580
37.800,25.400,1325.0000,6.318117
37.800,25.400,1326.0000,1.118701
37.800,25.400,1327.0000,-1.940213
37.800,25.400,1328.0000,7.434383
37.800,25.400,1329.0000,3.919528
37.800,25.400,1330.0000,-10.137023
37.800,25.400,1331.0000,-0.492801
37.800,25.400,1332.0000,-0.884400
37.800,25.400,1333.0000,2.023934
37.800,25.400,1334.0000,3.009026
37.800,25.400,1335.0000,-0.121899
37.800,25.400,1336.0000,-2.831267
37.800,25.400,1337.0000,3.995555
37.800,25.400,1338.0000,-12.412691
37.800,25.400,1339.0000,3.397570
37.800,25.400,1340.0000,1.969423
37.800,25.400,1341.0000,-1.181950
37.800,25.400,1342.0000,-5.625390
37.800,25.400,1343.0000,-5.067565
37.800,25.400,1344.0000,-8.540004
37.800,25.400,1345.0000,3.774030
37.800,25.400,1346.0000,-1.942488
37.800,25.400,1347.0000,3.098662
37.800,25.400,1348.0000,4.692433
37.800,25.400,1349.0000,-3.870334
37.800,25.400,1350.0000,0.615023
37.800,25.400,1351.0000,-6.630150
37.800,25.400,1352.0000,7.641245
37.800,25.400,1353.0000,3.318197
37.800,25.400,1354.0000,-3.990902
37.800,25.400,1355.0000,-2.916026
37.800,25.400,1356.0000,-3.330009
37.800,25.400,1357.0000,8.030770
37.800,25.400,1358.0000,2.013160
37.800,25.400,1359.0000,4.303497
37.800,25.400,1360.0000,-0.651223
37.800,25.400,1361.0000,2.865578
37.800,25.400,1362.0000,8.867196
37.800,25.400,1363.0000,-1.389245
37.800,25.400,1364.0000,2.666139
37.800,25.400,1365.0000,12.893118
37.800,25.400,1366.0000,-5.059059
37.800,25.400,1367.0000,16.005064
37.800,25.400,1368.0000,-1.933009
37.800,25.400,1369.0000,-6.401749
37.800,25.400,1370.0000,1.971833
37.800,25.400,1371.0000,1.220592
37.800,25.400,1372.0000,-0.187599
37.800,25.400,1373.0000,16.501211
37.800,25.400,1374.0000,9.474078
37.800,25.400,1375.0000,0.386520
37.800,25.400,1376.0000,13.074365
37.800,25.400,1377.0000,3.324318
37.800,25.400,1378.0000,-7.255432
37.800,25.400,1379.0000,-6.651892
37.800,25.400,1380.0000,8.972428
37.800,25.400,1381.0000,1.726357
37.800,25.400,1382.0000,8.536245
37.800,25.400,1383.0000,-1.112325
37.800,25.400,1384.0000,2.461724
37.800,25.400,1385.0000,-2.293773
37.800,25.400,1386.0000,-0.580054
37.800,25.400,1387.0000,-4.389647
37.800,25.400,1388.0000,9.555331
37.800,25.400,1389.0000,-7.143124
37.800,25.400,1390.0000,16.738050
37.800,25.400,1391.0000,-2.910950
37.800,25.400,1392.0000,-1.897758
37.800,25.400,1393.0000,-0.564370
37.800,25.400,1394.0000,2.677202
37.800,25.400,1395.0000,-12.961839
37.800,25.400,1396.0000,20.613628
37.800,25.400,1397.0000,12.159451
37.800,25.400,1398.0000,5.488535
37.800,25.400,1399.0000,2.100898
37.800,25.400,1400.0000,-0.175790
37.800,25.400,1401.0000,-3.056046
37.800,25.400,1402.0000,-5.117872
37.800,25.400,1403.0000,5.477062
37.800,25.400,1404.0000,6.041105
37.800,25.400,1405.0000,10.624834
37.800,25.400,1406.0000,-6.978646
37.800,25.400,1407.0000,2.848195
37.800,25.400,1408.0000,6.439529
37.800,25.400,1409.0000,9.331725
37.800,25.400,1410.0000,14.909912
37.800,25.400,1411.0000,17.248069
37.800,25.400,1412.0000,3.889920
37.800,25.400,1413.0000,9.909853
37.800,25.400,1414.0000,3.470131
37.800,25.400,1415.0000,11.192755
37.800,25.400,1416.0000,17.335687
37.800,25.400,1417.0000,8.209691
37.800,25.400,1418.0000,13.494236
37.800,25.400,1419.0000,0.414233
37.800,25.400,1420.0000,13.851777
37.800,25.400,1421.0000,17.630802
37.800,25.400,1422.0000,18.388975
37.800,25.400,1423.0000,-8.994101
37.800,25.400,1424.0000,15.389772
37.800,25.400,1425.0000,7.733365
37.800,25.400,1426.0000,18.946628
37.800,25.400,1427.0000,11.678456
37.800,25.400,1428.0000,21.728984
37.800,25.400,1429.0000,14.918088
37.800,25.400,1430.0000,18.358488
37.800,25.400,1431.0000,11.254823
37.800,25.400,1432.0000,26.971997
37.800,25.400,1433.0000,28.990152
37.800,25.400,1434.0000,32.498960
37.800,25.400,1435.0000,45.337865
37.800,25.400,1436.0000,42.372846
37.800,25.400,1437.0000,46.762380
37.800,25.400,1438.0000,50.767568
37.800,25.400,1439.0000,58.780006
37.800,25.400,1440.0000,64.946364
37.800,25.400,1441.0000,81.178583
37.800,25.400,1442.0000,96.828873
37.800,25.400,1443.0000,101.651438
37.800,25.400,1444.0000,121.251297
37.800,25.400,1445.0000,130.136598
37.800,25.400,1446.0000,149.391317
37.800,25.400,1447.0000,163.978874
37.800,25.400,1448.0000,182.728455
37.800,25.400,1449.0000,196.544895
37.800,25.400,1450.0000,203.002527
37.800,25.400,1451.0000,189.722241
37.800,25.400,1452.0000,180.163844
37.800,25.400,1453.0000,177.595360
37.800,25.400,1454.0000,146.174428
37.800,25.400,1455.0000,138.183555
37.800,25.400,1456.0000,121.479468
37.800,25.400,1457.0000,92.779959
37.800,25.400,1458.0000,84.026560
37.800,25.400,1459.0000,70.361795
37.800,25.400,1460.0000,59.148081
37.800,25.400,1461.0000,52.357944
37.800,25.400,1462.0000,49.858058
37.800,25.400,1463.0000,43.062633
37.800,25.400,1464.0000,34.069551
37.800,25.400,1465.0000,32.713415
37.800,25.400,1466.0000,30.304119
37.800,25.400,1467.0000,25.084748
37.800,25.400,1468.0000,23.233863
37.800,25.400,1469.0000,23.762989
37.800,25.400,1470.0000,19.765662
37.800,25.400,1471.0000,20.046977
37.800,25.400,1472.0000,20.448060
37.800,25.400,1473.0000,10.534849
37.800,25.400,1474.0000,18.532205
37.800,25.400,1475.0000,21.913804
37.800,25.400,1476.0000,19.678771
37.800,25.400,1477.0000,21.646440
37.800,25.400,1478.0000,7.871156
37.800,25.400,1479.0000,3.521474
37.800,25.400,1480.0000,7.330706
37.800,25.400,1481.0000,13.790718
37.800,25.400,1482.0000,8.941990
37.800,25.400,1483.0000,9.863107
37.800,25.400,1484.0000,16.302564
37.800,25.400,1485.0000,17.414913
37.800,25.400,1486.0000,5.113814
37.800,25.400,1487.0000,3.210460
37.800,25.400,1488.0000,3.114401
37.800,25.400,1489.0000,11.997156
37.800,25.400,1490.0000,17.081518
37.800,25.400,1491.0000,0.060050
37.800,25.400,1492.0000,15.674766
37.800,25.400,1493.0000,10.460591
37.800,25.400,1494.0000,8.681393
37.800,25.400,1495.0000,1.019860
37.800,25.400,1496.0000,0.009846
37.800,25.400,1497.0000,5.228889
37.800,25.400,1498.0000,9.444483
37.800,25.400,1499.0000,16.519567
37.800,25.400,1500.0000,17.030925
37.800,25.400,1501.0000,-0.582158
37.800,25.400,1502.0000,-0.345973
37.800,25.400,1503.0000,-3.682156
37.800,25.400,1504.0000,-1.241727
37.800,25.400,1505.0000,3.321102
37.800,25.400,1506.0000,11.229338
37.800,25.400,1507.0000,1.752318
37.800,25.400,1508.0000,2.733806
37.800,25.400,1509.0000,1.581703
37.800,25.400,1510.0000,0.857872
37.800,25.400,1511.0000,4.755391
37.800,25.400,1512.0000,10.929081
37.800,25.400,1513.0000,6.270335
37.800,25.400,1514.0000,8.905695
37.800,25.400,1515.0000,12.001222
37.800,25.400,1516.0000,-2.169168
37.800,25.400,1517.0000,3.060566
37.800,25.400,1518.0000,3.339938
37.800,25.400,1519.0000,1.775410
37.800,25.400,1520.0000,12.172641
37.800,25.400,1521.0000,1.741883
37.800,25.400,1522.0000,5.396304
37.800,25.400,1523.0000,9.079028
37.800,25.400,1524.0000,3.206425
37.800,25.400,1525.0000,9.552596
37.800,25.400,1526.0000,5.991417
37.800,25.400,1527.0000,-4.454173
37.800,25.400,1528.0000,3.049801
37.800,25.400,1529.0000,13.208567
37.800,25.400,1530.0000,7.068444
37.800,25.400,1531.0000,-4.849054
37.800,25.400,1532.0000,3.587295
37.800,25.400,1533.0000,15.888563
37.800,25.400,1534.0000,15.354517
37.800,25.400,1535.0000,10.186889
37.800,25.400,1536.0000,-7.815314
37.800,25.400,1537.0000,14.289958
37.800,25.400,1538.0000,3.007664
37.800,25.400,1539.0000,2.764429
37.800,25.400,1540.0000,10.190358
37.800,25.400,1541.0000,-1.395261
37.800,25.400,1542.0000,0.738488
37.800,25.400,1543.0000,5.581788
37.800,25.400,1544.0000,8.219445
37.800,25.400,1545.0000,9.708240
37.800,25.400,1546.0000,16.304326
37.800,25.400,1547.0000,5.357817
37.800,25.400,1548.0000,17.395063
37.800,25.400,1549.0000,2.433162
37.800,25.400,1550.0000,10.292837
37.800,25.400,1551.0000,14.732137
37.800,25.400,1552.0000,5.569577
37.800,25.400,1553.0000,7.359285
37.800,25.400,1554.0000,9.553641
37.800,25.400,1555.0000,-1.234186
37.800,25.400,1556.0000,6.454945
37.800,25.400,1557.0000,3.339544
37.800,25.400,1558.0000,6.262701
37.800,25.400,1559.0000,14.502137
37.800,25.400,1560.0000,5.401280
37.800,25.400,1561.0000,25.983352
37.800,25.400,1562.0000,21.406640
37.800,25.400,1563.0000,16.113460
37.800,25.400,1564.0000,28.745874
37.800,25.400,1565.0000,12.424974
37.800,25.400,1566.0000,26.161650
37.800,25.400,1567.0000,13.328165
37.800,25.400,1568.0000,23.841471
37.800,25.400,1569.0000,17.369168
37.800,25.400,1570.0000,37.398204
37.800,25.400,1571.0000,36.763833
37.800,25.400,1572.0000,41.005227
37.800,25.400,1573.0000,44.527609
37.800,25.400,1574.0000,53.335009
37.800,25.400,1575.0000,64.262818
37.800,25.400,1576.0000,75.491359
37.800,25.400,1577.0000,89.781696
37.800,25.400,1578.0000,102.617979
37.800,25.400,1579.0000,135.341047
37.800,25.400,1580.0000,149.782160
37.800,25.400,1581.0000,186.342050
37.800,25.400,1582.0000,200.970831
37.800,25.400,1583.0000,201.320075
37.800,25.400,1584.0000,213.246766
37.800,25.400,1585.0000,186.260150
37.800,25.400,1586.0000,168.033790
37.800,25.400,1587.0000,145.480403
37.800,25.400,1588.0000,130.073511
37.800,25.400,1589.0000,116.541903
37.800,25.400,1590.0000,123.917037
37.800,25.400,1591.0000,113.389588
37.800,25.400,1592.0000,120.042252
37.800,25.400,1593.0000,141.285853
37.800,25.400,1594.0000,144.077285
37.800,25.400,1595.0000,161.703440
37.800,25.400,1596.0000,201.477728
37.800,25.400,1597.0000,246.525973
37.800,25.400,1598.0000,303.811590
37.800,25.400,1599.0000,378.332548
37.800,25.400,1600.0000,468.524629
37.800,25.400,1601.0000,545.578576
37.800,25.400,1602.0000,582.653714
37.800,25.400,1603.0000,543.527628
37.800,25.400,1604.0000,461.482388
37.800,25.400,1605.0000,369.769197
37.800,25.400,1606.0000,291.875544
37.800,25.400,1607.0000,233.305681
37.800,25.400,1608.0000,179.757187
37.800,25.400,1609.0000,136.975962
37.800,25.400,1610.0000,127.657552
37.800,25.400,1611.0000,100.641132
37.800,25.400,1612.0000,84.101579
37.800,25.400,1613.0000,72.748229
37.800,25.400,1614.0000,62.365183
37.800,25.400,1615.0000,47.646391
37.800,25.400,1616.0000,38.347813
37.800,25.400,1617.0000,44.078931
37.800,25.400,1618.0000,38.115490
37.800,25.400,1619.0000,31.162127
37.800,25.400,1620.0000,29.514866
37.800,25.400,1621.0000,27.494982
37.800,25.400,1622.0000,27.439615
37.800,25.400,1623.0000,23.149203
37.800,25.400,1624.0000,17.093865
37.800,25.400,1625.0000,16.631183
37.800,25.400,1626.0000,24.531048
37.800,25.400,1627.0000,16.387977
37.800,25.400,1628.0000,18.976020
37.800,25.400,1629.0000,23.504827
37.800,25.400,1630.0000,17.139068
37.800,25.400,1631.0000,17.188556
37.800,25.400,1632.0000,18.303428
37.800,25.400,1633.0000,-1.071221
37.800,25.400,1634.0000,12.679151
37.800,25.400,1635.0000,15.583374
37.800,25.400,1636.0000,12.583304
37.800,25.400,1637.0000,1.348542
37.800,25.400,1638.0000,5.185101
37.800,25.400,1639.0000,8.860683
37.800,25.400,1640.0000,-4.701537
37.800,25.400,1641.0000,-1.256088
37.800,25.400,1642.0000,8.523560
37.800,25.400,1643.0000,21.248816
37.800,25.400,1644.0000,3.094602
37.800,25.400,1645.0000,2.565988
37.800,25.400,1646.0000,7.219051
37.800,25.400,1647.0000,-2.792862
37.800,25.400,1648.0000,1.344000
37.800,25.400,1649.0000,-3.542035
37.800,25.400,1650.0000,9.230659
37.800,25.400,1651.0000,3.798935
37.800,25.400,1652.0000,0.402401
37.800,25.400,1653.0000,-0.765921
37.800,25.400,1654.0000,14.921891
37.800,25.400,1655.0000,9.591228
37.800,25.400,1656.0000,1.413038
37.800,25.400,1657.0000,10.674641
37.800,25.400,1658.0000,3.903464
37.800,25.400,1659.0000,7.925211
37.800,25.400,1660.0000,0.323221
37.800,25.400,1661.0000,8.511955
37.800,25.400,1662.0000,4.541852
37.800,25.400,1663.0000,10.475865
37.800,25.400,1664.0000,-0.901014
37.800,25.400,1665.0000,16.656890
37.800,25.400,1666.0000,-3.948359
37.800,25.400,1667.0000,15.293952
37.800,25.400,1668.0000,7.838722
37.800,25.400,1669.0000,-3.866481
37.800,25.400,1670.0000,6.423849
37.800,25.400,1671.0000,13.893051
37.800,25.400,1672.0000,-6.237207
37.800,25.400,1673.0000,-1.186835
37.800,25.400,1674.0000,5.533152
37.800,25.400,1675.0000,4.712131
37.800,25.400,1676.0000,0.054920
37.800,25.400,1677.0000,10.340512
37.800,25.400,1678.0000,7.202795
37.800,25.400,1679.0000,10.758448
37.800,25.400,1680.0000,9.450446
37.800,25.400,1681.0000,-2.928598
37.800,25.400,1682.0000,7.616181
37.800,25.400,1683.0000,-4.855624
37.800,25.400,1684.0000,-2.726894
37.800,25.400,1685.0000,1.942156
37.800,25.400,1686.0000,2.296916
37.800,25.400,1687.0000,0.745170
37.800,25.400,1688.0000,10.152368
37.800,25.400,1689.0000,0.198752
37.800,25.400,1690.0000,1.912821
37.800,25.400,1691.0000,7.755545
37.800,25.400,1692.0000,13.740137
37.800,25.400,1693.0000,11.596493
37.800,25.400,1694.0000,-1.882512
37.800,25.400,1695.0000,6.070118
37.800,25.400,1696.0000,-5.422096
37.800,25.400,1697.0000,0.954040
37.800,25.400,1698.0000,-0.514471
37.800,25.400,1699.0000,4.549142
37.800,25.400,1700.0000,0.695598
37.800,25.400,1701.0000,-1.356698
37.800,25.400,1702.0000,2.481113
37.800,25.400,1703.0000,9.232310
37.800,25.400,1704.0000,-1.458518
37.800,25.400,1705.0000,2.285136
37.800,25.400,1706.0000,-9.276250
37.800,25.400,1707.0000,0.606745
37.800,25.400,1708.0000,-2.063491
37.800,25.400,1709.0000,5.211604
37.800,25.400,1710.0000,5.961487
37.800,25.400,1711.0000,6.867725
37.800,25.400,1712.0000,10.662934
37.800,25.400,1713.0000,2.417418
37.800,25.400,1714.0000,0.874318
37.800,25.400,1715.0000,-1.720796
37.800,25.400,1716.0000,-5.635755
37.800,25.400,1717.0000,3.775212
37.800,25.400,1718.0000,1.063256
37.800,25.400,1719.0000,-1.898727
37.800,25.400,1720.0000,-6.798386
37.800,25.400,1721.0000,-3.116993
37.800,25.400,1722.0000,-6.767114
37.800,25.400,1723.0000,-4.145028
37.800,25.400,1724.0000,9.763900
37.800,25.400,1725.0000,12.865168
37.800,25.400,1726.0000,2.200105
37.800,25.400,1727.0000,-2.518203
37.800,25.400,1728.0000,3.983646
37.800,25.400,1729.0000,-5.951573
37.800,25.400,1730.0000,-4.498243
37.800,25.400,1731.0000,-2.935259
37.800,25.400,1732.0000,-5.793679
37.800,25.400,1733.0000,-9.381332
37.800,25.400,1734.0000,9.474740
37.800,25.400,1735.0000,-5.659790
37.800,25.400,1736.0000,6.601781
37.800,25.400,1737.0000,9.210794
37.800,25.400,1738.0000,14.753579
37.800,25.400,1739.0000,2.600991
37.800,25.400,1740.0000,-6.008766
37.800,25.400,1741.0000,-2.255100
37.800,25.400,1742.0000,-5.746235
37.800,25.400,1743.0000,3.427727
37.800,25.400,1744.0000,5.199154
37.800,25.400,1745.0000,4.090664
37.800,25.400,1746.0000,1.285835
37.800,25.400,1747.0000,7.332556
37.800,25.400,1748.0000,-3.783321
37.800,25.400,1749.0000,-2.718423
37.800,25.400,1750.0000,-8.034861
37.800,25.400,1751.0000,0.963004
37.800,25.400,1752.0000,4.637147
37.800,25.400,1753.0000,-0.716181
37.800,25.400,1754.0000,1.965964
37.800,25.400,1755.0000,0.224969
37.800,25.400,1756.0000,-5.838714
37.800,25.400,1757.0000,8.285637
37.800,25.400,1758.0000,-1.423723
37.800,25.400,1759.0000,2.564419
37.800,25.400,1760.0000,-8.365622
37.800,25.400,1761.0000,-1.078779
37.800,25.400,1762.0000,-11.291572
37.800,25.400,1763.0000,-5.921179
37.800,25.400,1764.0000,2.905760
37.800,25.400,1765.0000,-2.377605
37.800,25.400,1766.0000,-2.199440
37.800,25.400,1767.0000,7.674791
37.800,25.400,1768.0000,-0.884077
37.800,25.400,1769.0000,-16.548637
37.800,25.400,1770.0000,4.770865
37.800,25.400,1771.0000,-4.469904
37.800,25.400,1772.0000,-0.437929
37.800,25.400,1773.0000,-3.748456
37.800,25.400,1774.0000,-8.181443
37.800,25.400,1775.0000,3.457757
37.800,25.400,1776.0000,-5.616860
37.800,25.400,1777.0000,9.034130
37.800,25.400,1778.0000,7.185297
37.800,25.400,1779.0000,4.708925
37.800,25.400,1780.0000,-2.590974
37.800,25.400,1781.0000,4.049641
37.800,25.400,1782.0000,11.431109
37.800,25.400,1783.0000,-5.687465
37.800,25.400,1784.0000,3.360174
37.800,25.400,1785.0000,-5.989253
37.800,25.400,1786.0000,-0.894114
37.800,25.400,1787.0000,-18.436239
37.800,25.400,1788.0000,-5.477296
37.800,25.400,1789.0000,0.042257
37.800,25.400,1790.0000,8.474240
37.800,25.400,1791.0000,6.969553
37.800,25.400,1792.0000,0.526638
37.800,25.400,1793.0000,1.703031
37.800,25.400,1794.0000,-7.076565
37.800,25.400,1795.0000,-9.026877
37.800,25.400,1796.0000,-1.420441
37.800,25.400,1797.0000,0.301706
37.800,25.400,1798.0000,6.608623
37.800,25.400,1799.0000,9.903326
37.800,25.400,1800.0000,5.964596
37.800,25.400,1801.0000,8.922921
37.800,25.400,1802.0000,1.718114
37.800,25.400,1803.0000,1.608965
37.800,25.400,1804.0000,1.948001
37.800,25.400,1805.0000,-1.892742
37.800,25.400,1806.0000,6.319037
37.800,25.400,1807.0000,7.634408
37.800,25.400,1808.0000,1.262826
37.800,25.400,1809.0000,-0.716812
37.800,25.400,1810.0000,9.340888
37.800,25.400,1811.0000,-6.635702
37.800,25.400,1812.0000,-1.570357
37.800,25.400,1813.0000,-1.767418
37.800,25.400,1814.0000,-11.195011
37.800,25.400,1815.0000,5.522434
37.800,25.400,1816.0000,10.572099
37.800,25.400,1817.0000,-5.275739
37.800,25.400,1818.0000,3.620143
37.800,25.400,1819.0000,3.495738
37.800,25.400,1820.0000,7.614206
37.800,25.400,1821.0000,1.409989
37.800,25.400,1822.0000,0.700082
37.800,25.400,1823.0000,-1.518520
37.800,25.400,1824.0000,4.947358
37.800,25.400,1825.0000,2.917005
37.800,25.400,1826.0000,9.975594
37.800,25.400,1827.0000,-0.110159
37.800,25.400,1828.0000,5.441111
37.800,25.400,1829.0000,-3.908683
37.800,25.400,1830.0000,-4.179184
37.800,25.400,1831.0000,4.799466
37.800,25.400,1832.0000,-6.475105
37.800,25.400,1833.0000,-2.280245
37.800,25.400,1834.0000,3.413906
37.800,25.400,1835.0000,4.635456
37.800,25.400,1836.0000,5.671279
37.800,25.400,1837.0000,5.627720
37.800,25.400,1838.0000,-5.986704
37.800,25.400,1839.0000,4.708004
37.800,25.400,1840.0000,10.970015
37.800,25.400,1841.0000,8.488470
37.800,25.400,1842.0000,-1.584210
37.800,25.400,1843.0000,3.296550
37.800,25.400,1844.0000,1.461691
37.800,25.400,1845.0000,-4.974176
37.800,25.400,1846.0000,3.155286
37.800,25.400,1847.0000,2.169337
37.800,25.400,1848.0000,4.800164
37.800,25.400,1849.0000,1.573454
37.800,25.400,1850.0000,-3.108904
37.800,25.400,1851.0000,3.263462
37.800,25.400,1852.0000,2.875410
37.800,25.400,1853.0000,5.316119
37.800,25.400,1854.0000,-5.725730
37.800,25.400,1855.0000,-4.490501
37.800,25.400,1856.0000,2.149544
37.800,25.400,1857.0000,-14.043002
37.800,25.400,1858.0000,3.837939
37.800,25.400,1859.0000,-2.946475
37.800,25.400,1860.0000,-2.608040
37.800,25.400,1861.0000,0.225663
37.800,25.400,1862.0000,-0.766102
37.800,25.400,1863.0000,-4.561347
37.800,25.400,1864.0000,-0.752502
37.800,25.400,1865.0000,-4.623218
37.800,25.400,1866.0000,10.279019
37.800,25.400,1867.0000,11.744318
37.800,25.400,1868.0000,-6.284179
37.800,25.400,1869.0000,-2.499057
37.800,25.400,1870.0000,11.045751
37.800,25.400,1871.0000,4.868863
37.800,25.400,1872.0000,-1.431556
37.800,25.400,1873.0000,9.439934
37.800,25.400,1874.0000,-3.817185
37.800,25.400,1875.0000,-5.129135
37.800,25.400,1876.0000,-5.073840
37.800,25.400,1877.0000,-7.534557
37.800,25.400,1878.0000,5.556382
37.800,25.400,1879.0000,1.813928
37.800,25.400,1880.0000,-8.562845
37.800,25.400,1881.0000,-6.653907
37.800,25.400,1882.0000,6.072372
37.800,25.400,1883.0000,4.245314
37.800,25.400,1884.0000,5.231200
37.800,25.400,1885.0000,-4.151108
37.800,25.400,1886.0000,-4.427078
37.800,25.400,1887.0000,1.079910
37.800,25.400,1888.0000,-2.873523
37.800,25.400,1889.0000,-0.555049
37.800,25.400,1890.0000,2.852563
37.800,25.400,1891.0000,-5.033866
37.800,25.400,1892.0000,13.596670
37.800,25.400,1893.0000,7.241558
37.800,25.400,1894.0000,8.743298
37.800,25.400,1895.0000,-0.263056
37.800,25.400,1896.0000,-14.027586
37.800,25.400,1897.0000,1.043157
37.800,25.400,1898.0000,2.393991
37.800,25.400,1899.0000,5.062168
37.800,25.400,1900.0000,-1.753902
37.800,25.400,1901.0000,0.940680
37.800,25.400,1902.0000,0.620696
37.800,25.400,1903.0000,0.353314
37.800,25.400,1904.0000,7.406681
37.800,25.400,1905.0000,0.937172
37.800,25.400,1906.0000,2.407189
37.800,25.400,1907.0000,-8.614055
37.800,25.400,1908.0000,-5.930623
37.800,25.400,1909.0000,0.849709
37.800,25.400,1910.0000,3.740399
37.800,25.400,1911.0000,-4.775735
37.800,25.400,1912.0000,-5.081809
37.800,25.400,1913.0000,1.536082
37.800,25.400,1914.0000,2.568410
37.800,25.400,1915.0000,-6.166110
37.800,25.400,1916.0000,5.419403
37.800,25.400,1917.0000,1.155049
37.800,25.400,1918.0000,11.226873
37.800,25.400,1919.0000,-0.841303
37.800,25.400,1920.0000,-5.652613
37.800,25.400,1921.0000,4.709980
37.800,25.400,1922.0000,-6.536133
37.800,25.400,1923.0000,-7.494742
37.800,25.400,1924.0000,10.901289
37.800,25.400,1925.0000,2.840487
37.800,25.400,1926.0000,-3.024013
37.800,25.400,1927.0000,-4.140801
37.800,25.400,1928.0000,-9.807516
37.800,25.400,1929.0000,4.161007
37.800,25.400,1930.0000,-4.721945
37.800,25.400,1931.0000,12.554802
37.800,25.400,1932.0000,-1.182407
37.800,25.400,1933.0000,-4.848492
37.800,25.400,1934.0000,-2.213989
37.800,25.400,1935.0000,6.615270
37.800,25.400,1936.0000,-5.504599
37.800,25.400,1937.0000,-2.448532
37.800,25.400,1938.0000,-4.766823
37.800,25.400,1939.0000,1.317193
37.800,25.400,1940.0000,7.042279
37.800,25.400,1941.0000,13.335675
37.800,25.400,1942.0000,5.125797
37.800,25.400,1943.0000,-0.402715
37.800,25.400,1944.0000,-12.837115
37.800,25.400,1945.0000,-3.539177
37.800,25.400,1946.0000,-2.467928
37.800,25.400,1947.0000,8.227276
37.800,25.400,1948.0000,7.736802
37.800,25.400,1949.0000,5.026507
37.800,25.400,1950.0000,1.732811
37.800,25.400,1951.0000,0.939695
37.800,25.400,1952.0000,1.801143
37.800,25.400,1953.0000,17.035446
37.800,25.400,1954.0000,-4.509382
37.800,25.400,1955.0000,3.631088
37.800,25.400,1956.0000,8.616478
37.800,25.400,1957.0000,-0.087023
37.800,25.400,1958.0000,1.680015
37.800,25.400,1959.0000,2.271967
37.800,25.400,1960.0000,2.221593
37.800,25.400,1961.0000,-0.197359
37.800,25.400,1962.0000,-4.981870
37.800,25.400,1963.0000,6.527492
37.800,25.400,1964.0000,3.919398
37.800,25.400,1965.0000,6.553546
37.800,25.400,1966.0000,7.117962
37.800,25.400,1967.0000,1.337560
37.800,25.400,1968.0000,-7.519763
37.800,25.400,1969.0000,-14.750048
37.800,25.400,1970.0000,-4.355396
37.800,25.400,1971.0000,-1.951396
37.800,25.400,1972.0000,5.375647
37.800,25.400,1973.0000,6.690819
37.800,25.400,1974.0000,-2.066874
37.800,25.400,1975.0000,-0.141167
37.800,25.400,1976.0000,8.221475
37.800,25.400,1977.0000,10.174024
37.800,25.400,1978.0000,6.013015
37.800,25.400,1979.0000,-3.700613
37.800,25.400,1980.0000,3.852199
37.800,25.400,1981.0000,-0.485161
37.800,25.400,1982.0000,-2.086826
37.800,25.400,1983.0000,6.079538
37.800,25.400,1984.0000,2.971052
37.800,25.400,1985.0000,-5.700043
37.800,25.400,1986.0000,3.482045
37.800,25.400,1987.0000,-4.069765
37.800,25.400,1988.0000,-5.623708
37.800,25.400,1989.0000,8.838349
37.800,25.400,1990.0000,1.104818
37.800,25.400,1991.0000,1.582795
37.800,25.400,1992.0000,-10.230215
37.800,25.400,1993.0000,-0.619925
37.800,25.400,1994.0000,4.753453
37.800,25.400,1995.0000,10.495837
37.800,25.400,1996.0000,4.901188
37.800,25.400,1997.0000,4.526992
37.800,25.400,1998.0000,-5.380810
37.800,25.400,1999.0000,0.992453
37.800,25.400,2000.0000,-6.529466
37.900,25.200,200.0000,-4.265776
37.900,25.200,201.0000,8.027889
37.900,25.200,202.0000,-1.713216
37.900,25.200,203.0000,10.733907
37.900,25.200,204.0000,7.277166
37.900,25.200,205.0000,12.978168
37.900,25.200,206.0000,-6.782593
37.900,25.200,207.0000,1.210903
37.900,25.200,208.0000,-8.533872
37.900,25.200,209.0000,-7.898060
37.900,25.200,210.0000,-7.540738
37.900,25.200,211.0000,1.413272
37.900,25.200,212.0000,-3.475542
37.900,25.200,213.0000,-3.319320
37.900,25.200,214.0000,-4.399201
37.900,25.200,215.0000,0.957151
37.900,25.200,216.0000,-4.212585
37.900,25.200,217.0000,13.912149
37.900,25.200,218.0000,-3.619615
37.900,25.200,219.0000,4.210779
37.900,25.200,220.0000,2.830294
37.900,25.200,221.0000,1.472975
37.900,25.200,222.0000,-8.816258
37.900,25.200,223.0000,4.339814
37.900,25.200,224.0000,-4.505316
37.900,25.200,225.0000,7.465937
37.900,25.200,226.0000,-3.148979
37.900,25.200,227.0000,-4.303734
37.900,25.200,228.0000,-5.368744
37.900,25.200,229.0000,3.201013
37.900,25.200,230.0000,0.503146
37.900,25.200,231.0000,-4.444993
37.900,25.200,232.0000,-8.562073
37.900,25.200,233.0000,1.143132
37.900,25.200,234.0000,16.408843
37.900,25.200,235.0000,0.113974
37.900,25.200,236.0000,0.133765
37.900,25.200,237.0000,-15.225180
37.900,25.200,238.0000,-6.626451
37.900,25.200,239.0000,4.612451
37.900,25.200,240.0000,-0.748608
37.900,25.200,241.0000,13.160664
37.900,25.200,242.0000,-4.822148
37.900,25.200,243.0000,-6.367642
37.900,25.200,244.0000,-11.566832
37.900,25.200,245.0000,-2.499674
37.900,25.200,246.0000,-3.351169
37.900,25.200,247.0000,3.861326
37.900,25.200,248.0000,-7.113213
37.900,25.200,249.0000,10.065112
37.900,25.200,250.0000,-1.364459
37.900,25.200,251.0000,11.331743
37.900,25.200,252.0000,0.575472
37.900,25.200,253.0000,-0.621047
37.900,25.200,254.0000,1.243911
37.900,25.200,255.0000,1.186251
37.900,25.200,256.0000,10.029690
37.900,25.200,257.0000,1.957412
37.900,25.200,258.0000,-0.085667
37.900,25.200,259.0000,-0.270649
37.900,25.200,260.0000,-2.105766
37.900,25.200,261.0000,5.820367
37.900,25.200,262.0000,0.951583
37.900,25.200,263.0000,2.970407
37.900,25.200,264.0000,-13.012081
37.900,25.200,265.0000,-4.409301
37.900,25.200,266.0000,-3.679633
37.900,25.200,267.0000,2.505726
37.900,25.200,268.0000,-5.153178
37.900,25.200,269.0000,-13.230884
37.900,25.200,270.0000,2.215181
37.900,25.200,271.0000,-5.579251
37.900,25.200,272.0000,-17.724275
37.900,25.200,273.0000,-5.556885
37.900,25.200,274.0000,7.099218
37.900,25.200,275.0000,0.370688
37.900,25.200,276.0000,-5.680621
37.900,25.200,277.0000,1.061427
37.900,25.200,278.0000,3.091413
37.900,25.200,279.0000,0.621927
37.900,25.200,280.0000,0.496656
37.900,25.200,281.0000,-10.030272
37.900,25.200,282.0000,-7.356949
37.900,25.200,283.0000,-1.107549
37.900,25.200,284.0000,-3.194535
37.900,25.200,285.0000,-2.854733
37.900,25.200,286.0000,4.141077
37.900,25.200,287.0000,2.054036
37.900,25.200,288.0000,0.880224
37.900,25.200,289.0000,-2.392399
37.900,25.200,290.0000,-5.961568
37.900,25.200,291.0000,-5.118444
37.900,25.200,292.0000,3.255451
37.900,25.200,293.0000,5.162780
37.900,25.200,294.0000,1.134916
37.900,25.200,295.0000,4.086180
37.900,25.200,296.0000,-2.640213
37.900,25.200,297.0000,6.679117
37.900,25.200,298.0000,-0.843710
37.900,25.200,299.0000,-2.463996
37.900,25.200,300.0000,-0.520772
37.900,25.200,301.0000,-6.860635
37.900,25.200,302.0000,-1.354889
37.900,25.200,303.0000,-1.719567
37.900,25.200,304.0000,0.618191
37.900,25.200,305.0000,-1.510241
37.900,25.200,306.0000,-3.337300
37.900,25.200,307.0000,0.998665
37.900,25.200,308.0000,-3.921733
37.900,25.200,309.0000,2.831912
37.900,25.200,310.0000,4.035547
37.900,25.200,311.0000,-7.807701
37.900,25.200,312.0000,13.628993
37.900,25.200,313.0000,-5.847506
37.900,25.200,314.0000,3.426126
37.900,25.200,315.0000,11.268300
37.900,25.200,316.0000,-2.267099
37.900,25.200,317.0000,1.617484
37.900,25.200,318.0000,-2.127644
37.900,25.200,319.0000,6.775027
37.900,25.200,320.0000,5.160681
37.900,25.200,321.0000,4.922505
37.900,25.200,322.0000,10.946192
37.900,25.200,323.0000,1.173083
37.900,25.200,324.0000,-3.423694
37.900,25.200,325.0000,-0.403531
37.900,25.200,326.0000,-8.375781
37.900,25.200,327.0000,3.592884
37.900,25.200,328.0000,-0.988522
37.900,25.200,329.0000,-4.074649
37.900,25.200,330.0000,5.529893
37.900,25.200,331.0000,-3.114341
37.900,25.200,332.0000,6.544505
37.900,25.200,333.0000,-7.588719
37.900,25.200,334.0000,6.242378
37.900,25.200,335.0000,-3.210338
37.900,25.200,336.0000,16.742034
37.900,25.200,337.0000,-8.630558
37.900,25.200,338.0000,-12.219030
37.900,25.200,339.0000,-3.438218
37.900,25.200,340.0000,6.489626
37.900,25.200,341.0000,-1.209415
37.900,25.200,342.0000,-8.926187
37.900,25.200,343.0000,6.953644
37.900,25.200,344.0000,5.266984
37.900,25.200,345.0000,0.091615
37.900,25.200,346.0000,-10.398680
37.900,25.200,347.0000,8.357563
37.900,25.200,348.0000,5.277002
37.900,25.200,349.0000,-4.225812
37.900,25.200,350.0000,-6.311788
37.900,25.200,351.0000,-7.823745
37.900,25.200,352.0000,5.708521
37.900,25.200,353.0000,10.931625
37.900,25.200,354.0000,-8.845339
37.900,25.200,355.0000,1.116745
37.900,25.200,356.0000,-15.723215
37.900,25.200,357.0000,7.992384
37.900,25.200,358.0000,0.320598
37.900,25.200,359.0000,0.557735
37.900,25.200,360.0000,3.280163
37.900,25.200,361.0000,3.562049
37.900,25.200,362.0000,-0.930176
37.900,25.200,363.0000,-6.446032
37.900,25.200,364.0000,3.023828
37.900,25.200,365.0000,2.139626
37.900,25.200,366.0000,9.064589
37.900,25.200,367.0000,3.368852
37.900,25.200,368.0000,4.528555
37.900,25.200,369.0000,4.738798
37.900,25.200,370.0000,-2.228998
37.900,25.200,371.0000,0.669451
37.900,25.200,372.0000,3.334586
37.900,25.200,373.0000,-8.213361
37.900,25.200,374.0000,0.054229
37.900,25.200,375.0000,-7.861091
37.900,25.200,376.0000,13.591899
37.900,25.200,377.0000,9.549681
37.900,25.200,378.0000,5.586353
37.900,25.200,379.0000,10.013478
37.900,25.200,380.0000,-0.329327
37.900,25.200,381.0000,-4.058928
37.900,25.200,382.0000,-0.550060
37.900,25.200,383.0000,-0.816497
37.900,25.200,384.0000,2.186785
37.900,25.200,385.0000,-2.989340
37.900,25.200,386.0000,-6.957250
37.900,25.200,387.0000,-0.473988
37.900,25.200,388.0000,-6.462460
37.900,25.200,389.0000,3.970203
37.900,25.200,390.0000,-10.690652
37.900,25.200,391.0000,1.513677
37.900,25.200,392.0000,5.465674
37.900,25.200,393.0000,-4.331289
37.900,25.200,394.0000,-1.391906
37.900,25.200,395.0000,2.332544
37.900,25.200,396.0000,10.411333
37.900,25.200,397.0000,-0.188449
37.900,25.200,398.0000,-0.999978
37.900,25.200,399.0000,-5.649834
37.900,25.200,400.0000,4.396313
37.900,25.200,401.0000,-3.806126
37.900,25.200,402.0000,2.919345
37.900,25.200,403.0000,-1.595909
37.900,25.200,404.0000,1.926368
37.900,25.200,405.0000,8.124249
37.900,25.200,406.0000,7.087125
37.900,25.200,407.0000,6.389484
37.900,25.200,408.0000,3.222292
37.900,25.200,409.0000,-1.707337
37.900,25.200,410.0000,-2.270205
37.900,25.200,411.0000,9.531058
37.900,25.200,412.0000,7.533501
37.900,25.200,413.0000,0.766562
37.900,25.200,414.0000,3.500723
37.900,25.200,415.0000,2.807015
37.900,25.200,416.0000,2.091454
37.900,25.200,417.0000,5.093235
37.900,25.200,418.0000,6.433923
37.900,25.200,419.0000,-7.414347
37.900,25.200,420.0000,0.478437
37.900,25.200,421.0000,-6.034525
37.900,25.200,422.0000,-5.558119
37.900,25.200,423.0000,3.699379
37.900,25.200,424.0000,1.857331
37.900,25.200,425.0000,3.398352
37.900,25.200,426.0000,12.019843
37.900,25.200,427.0000,2.141385
37.900,25.200,428.0000,6.088816
37.900,25.200,429.0000,3.462724
37.900,25.200,430.0000,-1.300303
37.900,25.200,431.0000,3.219803
37.900,25.200,432.0000,9.399738
37.900,25.200,433.0000,5.961614
37.900,25.200,434.0000,-2.249568
37.900,25.200,435.0000,2.759778
37.900,25.200,436.0000,-0.590415
37.900,25.200,437.0000,3.490930
37.900,25.200,438.0000,-2.582974
37.900,25.200,439.0000,-1.282634
37.900,25.200,440.0000,8.749615
37.900,25.200,441.0000,5.151290
37.900,25.200,442.0000,-3.203233
37.900,25.200,443.0000,-1.399388
37.900,25.200,444.0000,4.273128
37.900,25.200,445.0000,9.054806
37.900,25.200,446.0000,9.887379
37.900,25.200,447.0000,2.760544
37.900,25.200,448.0000,2.990962
37.900,25.200,449.0000,-10.564293
37.900,25.200,450.0000,4.636141
37.900,25.200,451.0000,1.442168
37.900,25.200,452.0000,3.431461
37.900,25.200,453.0000,1.588050
37.900,25.200,454.0000,4.361470
37.900,25.200,455.0000,-2.439379
37.900,25.200,456.0000,-7.731146
37.900,25.200,457.0000,0.002888
37.900,25.200,458.0000,6.058885
37.900,25.200,459.0000,4.122177
37.900,25.200,460.0000,-9.421250
37.900,25.200,461.0000,-4.277859
37.900,25.200,462.0000,7.336054
37.900,25.200,463.0000,1.636412
37.900,25.200,464.0000,2.037339
37.900,25.200,465.0000,-13.187367
37.900,25.200,466.0000,-3.702955
37.900,25.200,467.0000,5.926800
37.900,25.200,468.0000,3.190370
37.900,25.200,469.0000,4.903004
37.900,25.200,470.0000,3.682273
37.900,25.200,471.0000,8.253671
37.900,25.200,472.0000,-8.114033
37.900,25.200,473.0000,6.759978
37.900,25.200,474.0000,-2.857704
37.900,25.200,475.0000,7.399612
37.900,25.200,476.0000,5.655015
37.900,25.200,477.0000,-0.456261
37.900,25.200,478.0000,1.243909
37.900,25.200,479.0000,0.646905
37.900,25.200,480.0000,-1.007846
37.900,25.200,481.0000,12.599044
37.900,25.200,482.0000,5.659706
37.900,25.200,483.0000,4.621475
37.900,25.200,484.0000,-0.798816
37.900,25.200,485.0000,5.104835
37.900,25.200,486.0000,3.414661
37.900,25.200,487.0000,1.496956
37.900,25.200,488.0000,-1.783585
37.900,25.200,489.0000,5.441731
37.900,25.200,490.0000,-6.776302
37.900,25.200,491.0000,2.883791
37.900,25.200,492.0000,3.076525
37.900,25.200,493.0000,-0.544879
37.900,25.200,494.0000,12.682584
37.900,25.200,495.0000,-1.729967
37.900,25.200,496.0000,-5.619505
37.900,25.200,497.0000,10.288047
37.900,25.200,498.0000,-3.159550
37.900,25.200,499.0000,-2.001884
37.900,25.200,500.0000,-17.133280
37.900,25.200,501.0000,-2.321481
37.900,25.200,502.0000,4.780434
37.900,25.200,503.0000,4.351379
37.900,25.200,504.0000,13.946766
37.900,25.200,505.0000,-5.046430
37.900,25.200,506.0000,-0.023095
37.900,25.200,507.0000,3.029442
37.900,25.200,508.0000,-1.045956
37.900,25.200,509.0000,-0.296066
37.900,25.200,510.0000,0.524201
37.900,25.200,511.0000,-2.889360
37.900,25.200,512.0000,0.521194
37.900,25.200,513.0000,12.102657
37.900,25.200,514.0000,0.293622
37.900,25.200,515.0000,-5.924624
37.900,25.200,516.0000,5.633253
37.900,25.200,517.0000,5.879001
37.900,25.200,518.0000,13.155505
37.900,25.200,519.0000,1.518957
37.900,25.200,520.0000,-4.899997
37.900,25.200,521.0000,-4.460845
37.900,25.200,522.0000,-2.555638
37.900,25.200,523.0000,-15.520014
37.900,25.200,524.0000,15.001840
37.900,25.200,525.0000,3.244504
37.900,25.200,526.0000,-6.226020
37.900,25.200,527.0000,-4.750117
37.900,25.200,528.0000,-3.975618
37.900,25.200,529.0000,7.934676
37.900,25.200,530.0000,-2.100031
37.900,25.200,531.0000,-2.055639
37.900,25.200,532.0000,-6.141352
37.900,25.200,533.0000,4.164496
37.900,25.200,534.0000,3.169033
37.900,25.200,535.0000,-6.280588
37.900,25.200,536.0000,4.766532
37.900,25.200,537.0000,-1.059657
37.900,25.200,538.0000,-10.142640
37.900,25.200,539.0000,-3.643663
37.900,25.200,540.0000,-1.909916
37.900,25.200,541.0000,-7.533577
37.900,25.200,542.0000,-4.922191
37.900,25.200,543.0000,-3.587823
37.900,25.200,544.0000,4.780458
37.900,25.200,545.0000,-7.007076
37.900,25.200,546.0000,-2.046148
37.900,25.200,547.0000,8.552268
37.900,25.200,548.0000,7.377859
37.900,25.200,549.0000,-11.697742
37.900,25.200,550.0000,-0.089584
37.900,25.200,551.0000,2.436545
37.900,25.200,552.0000,1.320756
37.900,25.200,553.0000,-0.921668
37.900,25.200,554.0000,-4.891704
37.900,25.200,555.0000,-0.265209
37.900,25.200,556.0000,-3.730383
37.900,25.200,557.0000,3.244288
37.900,25.200,558.0000,5.783159
37.900,25.200,559.0000,-1.945002
37.900,25.200,560.0000,0.168747
37.900,25.200,561.0000,-3.431128
37.900,25.200,562.0000,7.403307
37.900,25.200,563.0000,11.592791
37.900,25.200,564.0000,6.192742
37.900,25.200,565.0000,5.225579
37.900,25.200,566.0000,-4.464462
37.900,25.200,567.0000,-3.806467
37.900,25.200,568.0000,6.217065
37.900,25.200,569.0000,-5.410345
37.900,25.200,570.0000,2.045673
37.900,25.200,571.0000,-1.762940
37.900,25.200,572.0000,5.276902
37.900,25.200,573.0000,1.990299
37.900,25.200,574.0000,-10.912237
37.900,25.200,575.0000,-0.076621
37.900,25.200,576.0000,3.624075
37.900,25.200,577.0000,0.428012
37.900,25.200,578.0000,2.137352
37.900,25.200,579.0000,5.665103
37.900,25.200,580.0000,6.681292
37.900,25.200,581.0000,9.994680
37.900,25.200,582.0000,1.378405
37.900,25.200,583.0000,-2.833311
37.900,25.200,584.0000,-5.117244
37.900,25.200,585.0000,-2.032079
37.900,25.200,586.0000,7.430464
37.900,25.200,587.0000,14.894410
37.900,25.200,588.0000,-5.764474
37.900,25.200,589.0000,0.345205
37.900,25.200,590.0000,3.787138
37.900,25.200,591.0000,-10.808476
37.900,25.200,592.0000,6.649877
37.900,25.200,593.0000,1.194408
37.900,25.200,594.0000,6.255297
37.900,25.200,595.0000,1.669863
37.900,25.200,596.0000,11.674573
37.900,25.200,597.0000,10.749636
37.900,25.200,598.0000,8.240363
37.900,25.200,599.0000,-10.052670
37.900,25.200,600.0000,-2.955429
37.900,25.200,601.0000,25.580867
37.900,25.200,602.0000,0.342506
37.900,25.200,603.0000,17.911010
37.900,25.200,604.0000,17.208148
37.900,25.200,605.0000,18.152682
37.900,25.200,606.0000,22.228469
37.900,25.200,607.0000,20.159843
37.900,25.200,608.0000,34.262526
37.900,25.200,609.0000,16.323457
37.900,25.200,610.0000,21.165148
37.900,25.200,611.0000,27.895996
37.900,25.200,612.0000,53.365197
37.900,25.200,613.0000,52.560306
37.900,25.200,614.0000,72.172694
37.900,25.200,615.0000,67.536202
37.900,25.200,616.0000,105.457857
37.900,25.200,617.0000,119.207868
37.900,25.200,618.0000,149.404712
37.900,25.200,619.0000,160.403674
37.900,25.200,620.0000,177.032746
37.900,25.200,621.0000,169.317581
37.900,25.200,622.0000,145.904591
37.900,25.200,623.0000,119.561704
37.900,25.200,624.0000,100.627695
37.900,25.200,625.0000,77.060611
37.900,25.200,626.0000,72.683401
37.900,25.200,627.0000,55.966730
37.900,25.200,628.0000,36.292321
37.900,25.200,629.0000,40.323407
37.900,25.200,630.0000,36.250896
37.900,25.200,631.0000,35.268994
37.900,25.200,632.0000,19.607640
37.900,25.200,633.0000,17.217519
37.900,25.200,634.0000,17.432229
37.900,25.200,635.0000,8.460203
37.900,25.200,636.0000,15.581796
37.900,25.200,637.0000,7.097262
37.900,25.200,638.0000,5.755805
37.900,25.200,639.0000,4.646394
37.900,25.200,640.0000,12.282269
37.900,25.200,641.0000,23.727118
37.900,25.200,642.0000,2.876870
37.900,25.200,643.0000,15.048871
37.900,25.200,644.0000,0.020222
37.900,25.200,645.0000,-5.047470
37.900,25.200,646.0000,6.871229
37.900,25.200,647.0000,7.318358
37.900,25.200,648.0000,15.902780
37.900,25.200,649.0000,9.003014
37.900,25.200,650.0000,5.908187
37.900,25.200,651.0000,13.251752
37.900,25.200,652.0000,-0.278779
37.900,25.200,653.0000,5.922933
37.900,25.200,654.0000,10.370993
37.900,25.200,655.0000,10.376807
37.900,25.200,656.0000,-2.117566
37.900,25.200,657.0000,-4.482160
37.900,25.200,658.0000,14.236628
37.900,25.200,659.0000,8.408842
37.900,25.200,660.0000,5.422853
37.900,25.200,661.0000,1.220012
37.900,25.200,662.0000,6.677398
37.900,25.200,663.0000,-3.911792
37.900,25.200,664.0000,1.719481
37.900,25.200,665.0000,2.351754
37.900,25.200,666.0000,1.792026
37.900,25.200,667.0000,4.070636
37.900,25.200,668.0000,2.931110
37.900,25.200,669.0000,-0.954041
37.900,25.200,670.0000,-9.945128
37.900,25.200,671.0000,4.973233
37.900,25.200,672.0000,-0.728198
37.900,25.200,673.0000,8.754970
37.900,25.200,674.0000,5.571185
37.900,25.200,675.0000,5.044483
37.900,25.200,676.0000,3.286351
37.900,25.200,677.0000,3.858251
37.900,25.200,678.0000,-4.480026
37.900,25.200,679.0000,4.284727
37.900,25.200,680.0000,7.816077
37.900,25.200,681.0000,3.952421
37.900,25.200,682.0000,5.102506
37.900,25.200,683.0000,3.106280
37.900,25.200,684.0000,-3.139945
37.900,25.200,685.0000,-8.463412
37.900,25.200,686.0000,0.474577
37.900,25.200,687.0000,3.233387
37.900,25.200,688.0000,0.589790
37.900,25.200,689.0000,-4.780324
37.900,25.200,690.0000,-5.518907
37.900,25.200,691.0000,4.104208
37.900,25.200,692.0000,-7.882127
37.900,25.200,693.0000,-3.429358
37.900,25.200,694.0000,2.458245
37.900,25.200,695.0000,-6.845724
37.900,25.200,696.0000,7.091763
37.900,25.200,697.0000,-4.963398
37.900,25.200,698.0000,5.000701
37.900,25.200,699.0000,-0.176230
37.900,25.200,700.0000,-2.008446
37.900,25.200,701.0000,-2.564011
37.900,25.200,702.0000,-0.687498
37.900,25.200,703.0000,0.674940
37.900,25.200,704.0000,-4.400969
37.900,25.200,705.0000,-5.347196
37.900,25.200,706.0000,9.980646
37.900,25.200,707.0000,8.713915
37.900,25.200,708.0000,-4.924572
37.900,25.200,709.0000,-2.604108
37.900,25.200,710.0000,0.217614
37.900,25.200,711.0000,16.683421
37.900,25.200,712.0000,11.064408
37.900,25.200,713.0000,2.797758
37.900,25.200,714.0000,2.292630
37.900,25.200,715.0000,-7.001348
37.900,25.200,716.0000,2.762723
37.900,25.200,717.0000,2.423758
37.900,25.200,718.0000,3.093561
37.900,25.200,719.0000,0.666446
37.900,25.200,720.0000,-13.550177
37.900,25.200,721.0000,0.584459
37.900,25.200,722.0000,2.309504
37.900,25.200,723.0000,-11.003058
37.900,25.200,724.0000,1.905056
37.900,25.200,725.0000,-2.014487
37.900,25.200,726.0000,1.271281
37.900,25.200,727.0000,2.378144
37.900,25.200,728.0000,-3.704878
37.900,25.200,729.0000,12.396982
37.900,25.200,730.0000,-3.108302
37.900,25.200,731.0000,6.957066
37.900,25.200,732.0000,0.948481
37.900,25.200,733.0000,-0.697391
37.900,25.200,734.0000,5.990751
37.900,25.200,735.0000,-0.111783
37.900,25.200,736.0000,5.326225
37.900,25.200,737.0000,2.223816
37.900,25.200,738.0000,-4.687738
37.900,25.200,739.0000,-4.390800
37.900,25.200,740.0000,8.267032
37.900,25.200,741.0000,4.861394
37.900,25.200,742.0000,2.835896
37.900,25.200,743.0000,1.503930
37.900,25.200,744.0000,-2.018154
37.900,25.200,745.0000,4.906679
37.900,25.200,746.0000,8.628786
37.900,25.200,747.0000,9.549095
37.900,25.200,748.0000,1.116856
37.900,25.200,749.0000,-4.305777
37.900,25.200,750.0000,-1.067322
37.900,25.200,751.0000,10.387256
37.900,25.200,752.0000,2.838387
37.900,25.200,753.0000,0.552343
37.900,25.200,754.0000,5.498455
37.900,25.200,755.0000,-7.229907
37.900,25.200,756.0000,-4.989739
37.900,25.200,757.0000,-6.541628
37.900,25.200,758.0000,1.861918
37.900,25.200,759.0000,2.448112
37.900,25.200,760.0000,9.171733
37.900,25.200,761.0000,2.254222
37.900,25.200,762.0000,7.598376
37.900,25.200,763.0000,6.201739
37.900,25.200,764.0000,-3.960410
37.900,25.200,765.0000,1.510256
37.900,25.200,766.0000,6.769171
37.900,25.200,767.0000,6.450988
37.900,25.200,768.0000,6.015107
37.900,25.200,769.0000,9.455712
37.900,25.200,770.0000,1.638666
37.900,25.200,771.0000,2.181317
37.900,25.200,772.0000,10.089806
37.900,25.200,773.0000,-0.001628
37.900,25.200,774.0000,8.329710
37.900,25.200,775.0000,18.506925
37.900,25.200,776.0000,20.455173
37.900,25.200,777.0000,10.807329
37.900,25.200,778.0000,11.481886
37.900,25.200,779.0000,15.322846
37.900,25.200,780.0000,14.515675
37.900,25.200,781.0000,23.292761
37.900,25.200,782.0000,26.034853
37.900,25.200,783.0000,15.364974
37.900,25.200,784.0000,35.899649
37.900,25.200,785.0000,17.989149
37.900,25.200,786.0000,29.425415
37.900,25.200,787.0000,25.972094
37.900,25.200,788.0000,44.590091
37.900,25.200,789.0000,39.612454
37.900,25.200,790.0000,62.482363
37.900,25.200,791.0000,63.143356
37.900,25.200,792.0000,83.720894
37.900,25.200,793.0000,85.811518
37.900,25.200,794.0000,99.622719
37.900,25.200,795.0000,93.190586
37.900,25.200,796.0000,101.339256
37.900,25.200,797.0000,86.295595
37.900,25.200,798.0000,71.351849
37.900,25.200,799.0000,62.725850
37.900,25.200,800.0000,55.606800
37.900,25.200,801.0000,46.860577
37.900,25.200,802.0000,41.046308
37.900,25.200,803.0000,37.594660
37.900,25.200,804.0000,25.515828
37.900,25.200,805.0000,15.887481
37.900,25.200,806.0000,33.091444
37.900,25.200,807.0000,22.807033
37.900,25.200,808.0000,13.987156
37.900,25.200,809.0000,22.822049
37.900,25.200,810.0000,14.947176
37.900,25.200,811.0000,16.795603
37.900,25.200,812.0000,7.996049
37.900,25.200,813.0000,13.875315
37.900,25.200,814.0000,14.626756
37.900,25.200,815.0000,7.585244
37.900,25.200,816.0000,0.136879
37.900,25.200,817.0000,4.841677
37.900,25.200,818.0000,9.130061
37.900,25.200,819.0000,8.585402
37.900,25.200,820.0000,0.349652
37.900,25.200,821.0000,6.477550
37.900,25.200,822.0000,3.912092
37.900,25.200,823.0000,21.990999
37.900,25.200,824.0000,6.901135
37.900,25.200,825.0000,6.853768
37.900,25.200,826.0000,6.904362
37.900,25.200,827.0000,-2.907003
37.900,25.200,828.0000,3.532686
37.900,25.200,829.0000,5.478936
37.900,25.200,830.0000,9.078341
37.900,25.200,831.0000,-3.407123
37.900,25.200,832.0000,2.125776
37.900,25.200,833.0000,-0.900777
37.900,25.200,834.0000,-8.825021
37.900,25.200,835.0000,-3.852945
37.900,25.200,836.0000,7.673209
37.900,25.200,837.0000,3.316474
37.900,25.200,838.0000,0.705206
37.900,25.200,839.0000,-3.461414
37.900,25.200,840.0000,4.618032
37.900,25.200,841.0000,13.246856
37.900,25.200,842.0000,-1.877128
37.900,25.200,843.0000,-6.633924
37.900,25.200,844.0000,2.435637
37.900,25.200,845.0000,7.406023
37.900,25.200,846.0000,3.857261
37.900,25.200,847.0000,7.709543
37.900,25.200,848.0000,-1.392271
37.900,25.200,849.0000,-6.712329
37.900,25.200,850.0000,-1.080843
37.900,25.200,851.0000,-1.433714
37.900,25.200,852.0000,8.993908
37.900,25.200,853.0000,-5.538738
37.900,25.200,854.0000,1.785698
37.900,25.200,855.0000,4.420993
37.900,25.200,856.0000,7.239350
37.900,25.200,857.0000,0.493356
37.900,25.200,858.0000,0.057079
37.900,25.200,859.0000,8.276382
37.900,25.200,860.0000,-0.201996
37.900,25.200,861.0000,1.127408
37.900,25.200,862.0000,-9.172460
37.900,25.200,863.0000,3.276460
37.900,25.200,864.0000,-0.386672
37.900,25.200,865.0000,-0.104063
37.900,25.200,866.0000,-6.382926
37.900,25.200,867.0000,13.996191
37.900,25.200,868.0000,-2.455523
37.900,25.200,869.0000,4.098004
37.900,25.200,870.0000,4.920331
37.900,25.200,871.0000,-1.752640
37.900,25.200,872.0000,-6.032434
37.900,25.200,873.0000,14.787535
37.900,25.200,874.0000,10.157376
37.900,25.200,875.0000,-6.146384
37.900,25.200,876.0000,-1.047889
37.900,25.200,877.0000,18.717084
37.900,25.200,878.0000,-2.933410
37.900,25.200,879.0000,-2.974574
37.900,25.200,880.0000,8.945071
37.900,25.200,881.0000,3.389568
37.900,25.200,882.0000,3.224924
37.900,25.200,883.0000,-8.043394
37.900,25.200,884.0000,-4.060861
37.900,25.200,885.0000,3.148791
37.900,25.200,886.0000,1.336421
37.900,25.200,887.0000,14.803878
37.900,25.200,888.0000,12.989147
37.900,25.200,889.0000,-6.435314
37.900,25.200,890.0000,0.023945
37.900,25.200,891.0000,-4.505753
37.900,25.200,892.0000,3.233429
37.900,25.200,893.0000,-1.748135
37.900,25.200,894.0000,-5.557830
37.900,25.200,895.0000,0.654216
37.900,25.200,896.0000,-8.263000
37.900,25.200,897.0000,7.293883
37.900,25.200,898.0000,5.262475
37.900,25.200,899.0000,6.824606
37.900,25.200,900.0000,2.297708
37.900,25.200,901.0000,4.140123
37.900,25.200,902.0000,5.394931
37.900,25.200,903.0000,4.322822
37.900,25.200,904.0000,-7.135018
37.900,25.200,905.0000,1.053109
37.900,25.200,906.0000,2.636724
37.900,25.200,907.0000,10.134790
37.900,25.200,908.0000,9.522390
37.900,25.200,909.0000,-3.966356
37.900,25.200,910.0000,3.827301
37.900,25.200,911.0000,5.042803
37.900,25.200,912.0000,10.233593
37.900,25.200,913.0000,-5.134479
37.900,25.200,914.0000,8.021149
37.900,25.200,915.0000,3.645980
37.900,25.200,916.0000,0.574798
37.900,25.200,917.0000,11.164135
37.900,25.200,918.0000,9.825121
37.900,25.200,919.0000,-5.023347
37.900,25.200,920.0000,-4.519313
37.900,25.200,921.0000,-2.649707
37.900,25.200,922.0000,6.854677
37.900,25.200,923.0000,-4.050319
37.900,25.200,924.0000,1.532423
37.900,25.200,925.0000,3.600523
37.900,25.200,926.0000,1.311595
37.900,25.200,927.0000,8.774775
37.900,25.200,928.0000,6.510533
37.900,25.200,929.0000,-1.901521
37.900,25.200,930.0000,5.606792
37.900,25.200,931.0000,-3.815046
37.900,25.200,932.0000,-0.347875
37.900,25.200,933.0000,0.954651
37.900,25.200,934.0000,4.998745
37.900,25.200,935.0000,-1.844431
37.900,25.200,936.0000,-1.685053
37.900,25.200,937.0000,5.403521
37.900,25.200,938.0000,1.427234
37.900,25.200,939.0000,-5.046854
37.900,25.200,940.0000,12.875412
37.900,25.200,941.0000,5.908381
37.900,25.200,942.0000,5.778973
37.900,25.200,943.0000,0.823868
37.900,25.200,944.0000,13.880027
37.900,25.200,945.0000,4.623550
37.900,25.200,946.0000,5.814909
37.900,25.200,947.0000,8.843003
37.900,25.200,948.0000,-9.520414
37.900,25.200,949.0000,2.519364
37.900,25.200,950.0000,3.589950
37.900,25.200,951.0000,8.853022
37.900,25.200,952.0000,-2.746498
37.900,25.200,953.0000,-5.577742
37.900,25.200,954.0000,3.135127
37.900,25.200,955.0000,10.873659
37.900,25.200,956.0000,11.676200
37.900,25.200,957.0000,6.475426
37.900,25.200,958.0000,4.172244
37.900,25.200,959.0000,12.920242
37.900,25.200,960.0000,-0.840860
37.900,25.200,961.0000,8.460756
37.900,25.200,962.0000,9.049555
37.900,25.200,963.0000,18.590702
37.900,25.200,964.0000,5.110202
37.900,25.200,965.0000,3.657626
37.900,25.200,966.0000,7.588613
37.900,25.200,967.0000,8.336790
37.900,25.200,968.0000,5.252041
37.900,25.200,969.0000,6.831262
37.900,25.200,970.0000,11.164855
37.900,25.200,971.0000,4.631051
37.900,25.200,972.0000,19.824082
37.900,25.200,973.0000,6.981919
37.900,25.200,974.0000,8.345575
37.900,25.200,975.0000,26.028582
37.900,25.200,976.0000,15.951272
37.900,25.200,977.0000,21.184084
37.900,25.200,978.0000,20.544125
37.900,25.200,979.0000,10.057544
37.900,25.200,980.0000,15.415544
37.900,25.200,981.0000,24.028963
37.900,25.200,982.0000,31.744183
37.900,25.200,983.0000,23.370593
37.900,25.200,984.0000,33.217668
37.900,25.200,985.0000,45.523295
37.900,25.200,986.0000,38.871006
37.900,25.200,987.0000,48.987380
37.900,25.200,988.0000,66.017463
37.900,25.200,989.0000,55.016912
37.900,25.200,990.0000,72.327973
37.900,25.200,991.0000,82.877963
37.900,25.200,992.0000,111.935098
37.900,25.200,993.0000,130.952822
37.900,25.200,994.0000,148.444536
37.900,25.200,995.0000,212.824952
37.900,25.200,996.0000,264.188428
37.900,25.200,997.0000,354.206563
37.900,25.200,998.0000,496.409499
37.900,25.200,999.0000,689.973797
37.900,25.200,1000.0000,881.307976
37.900,25.200,1001.0000,977.807831
37.900,25.200,1002.0000,872.245987
37.900,25.200,1003.0000,673.379021
37.900,25.200,1004.0000,492.439056
37.900,25.200,1005.0000,357.726228
37.900,25.200,1006.0000,270.903885
37.900,25.200,1007.0000,196.902037
37.900,25.200,1008.0000,160.796318
37.900,25.200,1009.0000,126.456839
37.900,25.200,1010.0000,107.762487
37.900,25.200,1011.0000,98.340367
37.900,25.200,1012.0000,79.137085
37.900,25.200,1013.0000,75.411555
37.900,25.200,1014.0000,63.845826
37.900,25.200,1015.0000,49.694836
37.900,25.200,1016.0000,69.130528
37.900,25.200,1017.0000,58.163521
37.900,25.200,1018.0000,62.602745
37.900,25.200,1019.0000,51.362758
37.900,25.200,1020.0000,63.385939
37.900,25.200,1021.0000,76.608332
37.900,25.200,1022.0000,68.697484
37.900,25.200,1023.0000,93.868902
37.900,25.200,1024.0000,99.055081
37.900,25.200,1025.0000,113.880304
37.900,25.200,1026.0000,145.419438
37.900,25.200,1027.0000,195.280936
37.900,25.200,1028.0000,255.370764
37.900,25.200,1029.0000,322.827941
37.900,25.200,1030.0000,394.427102
37.900,25.200,1031.0000,421.599970
37.900,25.200,1032.0000,382.871378
37.900,25.200,1033.0000,316.606430
37.900,25.200,1034.0000,241.632164
37.900,25.200,1035.0000,188.202247
37.900,25.200,1036.0000,138.350766
37.900,25.200,1037.0000,110.661873
37.900,25.200,1038.0000,82.472268
37.900,25.200,1039.0000,70.745125
37.900,25.200,1040.0000,58.919302
37.900,25.200,1041.0000,58.706018
37.900,25.200,1042.0000,39.628482
37.900,25.200,1043.0000,31.168363
37.900,25.200,1044.0000,32.926536
37.900,25.200,1045.0000,28.096386
37.900,25.200,1046.0000,32.817547
37.900,25.200,1047.0000,24.307756
37.900,25.200,1048.0000,19.166426
37.900,25.200,1049.0000,18.972300
37.900,25.200,1050.0000,18.778583
37.900,25.200,1051.0000,22.736678
37.900,25.200,1052.0000,26.634207
37.900,25.200,1053.0000,14.170773
37.900,25.200,1054.0000,20.022369
37.900,25.200,1055.0000,19.769154
37.900,25.200,1056.0000,9.753090
37.900,25.200,1057.0000,26.818832
37.900,25.200,1058.0000,14.249587
37.900,25.200,1059.0000,13.937404
37.900,25.200,1060.0000,10.336929
37.900,25.200,1061.0000,11.796052
37.900,25.200,1062.0000,5.109037
37.900,25.200,1063.0000,5.004208
37.900,25.200,1064.0000,5.659009
37.900,25.200,1065.0000,7.573270
37.900,25.200,1066.0000,-2.895074
37.900,25.200,1067.0000,2.797228
37.900,25.200,1068.0000,2.589020
37.900,25.200,1069.0000,14.528117
37.900,25.200,1070.0000,5.071369
37.900,25.200,1071.0000,16.058805
37.900,25.200,1072.0000,0.782518
37.900,25.200,1073.0000,2.159489
37.900,25.200,1074.0000,2.363939
37.900,25.200,1075.0000,7.550654
37.900,25.200,1076.0000,9.852436
37.900,25.200,1077.0000,-0.322746
37.900,25.200,1078.0000,1.667188
37.900,25.200,1079.0000,3.818110
37.900,25.200,1080.0000,6.278605
37.900,25.200,1081.0000,2.466195
37.900,25.200,1082.0000,13.019998
37.900,25.200,1083.0000,7.654633
37.900,25.200,1084.0000,21.035934
37.900,25.200,1085.0000,-3.157354
37.900,25.200,1086.0000,0.114315
37.900,25.200,1087.0000,-1.120430
37.900,25.200,1088.0000,-2.749170
37.900,25.200,1089.0000,6.107526
37.900,25.200,1090.0000,10.900953
37.900,25.200,1091.0000,9.031589
37.900,25.200,1092.0000,5.803967
37.900,25.200,1093.0000,-4.441830
37.900,25.200,1094.0000,5.317162
37.900,25.200,1095.0000,15.545910
37.900,25.200,1096.0000,-19.419144
37.900,25.200,1097.0000,0.013563
37.900,25.200,1098.0000,2.574836
37.900,25.200,1099.0000,-3.747996
37.900,25.200,1100.0000,7.657903
37.900,25.200,1101.0000,-2.607983
37.900,25.200,1102.0000,3.991786
37.900,25.200,1103.0000,1.741036
37.900,25.200,1104.0000,3.198694
37.900,25.200,1105.0000,5.934388
37.900,25.200,1106.0000,1.824346
37.900,25.200,1107.0000,3.532433
37.900,25.200,1108.0000,13.238297
37.900,25.200,1109.0000,-6.515510
37.900,25.200,1110.0000,1.364028
37.900,25.200,1111.0000,0.607170
37.900,25.200,1112.0000,11.958042
37.900,25.200,1113.0000,9.782572
37.900,25.200,1114.0000,10.007095
37.900,25.200,1115.0000,1.603677
37.900,25.200,1116.0000,5.868575
37.900,25.200,1117.0000,8.461562
37.900,25.200,1118.0000,-1.887450
37.900,25.200,1119.0000,-0.313003
37.900,25.200,1120.0000,5.379328
37.900,25.200,1121.0000,0.753379
37.900,25.200,1122.0000,4.581912
37.900,25.200,1123.0000,10.055591
37.900,25.200,1124.0000,-2.063191
37.900,25.200,1125.0000,4.580841
37.900,25.200,1126.0000,2.904603
37.900,25.200,1127.0000,2.311331
37.900,25.200,1128.0000,-2.216646
37.900,25.200,1129.0000,16.897819
37.900,25.200,1130.0000,7.269912
37.900,25.200,1131.0000,8.234674
37.900,25.200,1132.0000,5.217346
37.900,25.200,1133.0000,2.413124
37.900,25.200,1134.0000,10.836419
37.900,25.200,1135.0000,6.982278
37.900,25.200,1136.0000,10.319736
37.900,25.200,1137.0000,19.163867
37.900,25.200,1138.0000,15.209795
37.900,25.200,1139.0000,22.821562
37.900,25.200,1140.0000,14.362884
37.900,25.200,1141.0000,22.496544
37.900,25.200,1142.0000,22.109244
37.900,25.200,1143.0000,18.974799
37.900,25.200,1144.0000,25.847937
37.900,25.200,1145.0000,30.300150
37.900,25.200,1146.0000,21.371202
37.900,25.200,1147.0000,42.844294
37.900,25.200,1148.0000,54.892759
37.900,25.200,1149.0000,56.979128
37.900,25.200,1150.0000,68.328849
37.900,25.200,1151.0000,92.073649
37.900,25.200,1152.0000,110.712435
37.900,25.200,1153.0000,114.170967
37.900,25.200,1154.0000,136.877627
37.900,25.200,1155.0000,146.951515
37.900,25.200,1156.0000,131.258488
37.900,25.200,1157.0000,121.805086
37.900,25.200,1158.0000,111.518800
37.900,25.200,1159.0000,96.103222
37.900,25.200,1160.0000,65.148160
37.900,25.200,1161.0000,60.253793
37.900,25.200,1162.0000,41.514769
37.900,25.200,1163.0000,43.189457
37.900,25.200,1164.0000,37.087797
37.900,25.200,1165.0000,49.579745
37.900,25.200,1166.0000,31.904405
37.900,25.200,1167.0000,30.071542
37.900,25.200,1168.0000,32.264109
37.900,25.200,1169.0000,27.537133
37.900,25.200,1170.0000,26.892043
37.900,25.200,1171.0000,35.279060
37.900,25.200,1172.0000,22.435877
37.900,25.200,1173.0000,33.587145
37.900,25.200,1174.0000,41.187756
37.900,25.200,1175.0000,30.678898
37.900,25.200,1176.0000,39.357455
37.900,25.200,1177.0000,57.215431
37.900,25.200,1178.0000,56.269630
37.900,25.200,1179.0000,77.502735
37.900,25.200,1180.0000,90.161103
37.900,25.200,1181.0000,108.143359
37.900,25.200,1182.0000,102.305588
37.900,25.200,1183.0000,110.800819
37.900,25.200,1184.0000,115.100545
37.900,25.200,1185.0000,95.017671
37.900,25.200,1186.0000,85.088781
37.900,25.200,1187.0000,64.762225
37.900,25.200,1188.0000,55.335282
37.900,25.200,1189.0000,44.131058
37.900,25.200,1190.0000,42.509010
37.900,25.200,1191.0000,33.748802
37.900,25.200,1192.0000,26.307687
37.900,25.200,1193.0000,24.751403
37.900,25.200,1194.0000,23.066643
37.900,25.200,1195.0000,18.722589
37.900,25.200,1196.0000,17.548586
37.900,25.200,1197.0000,13.563616
37.900,25.200,1198.0000,19.212546
37.900,25.200,1199.0000,11.421488
37.900,25.200,1200.0000,10.526837
37.900,25.200,1201.0000,1.847719
37.900,25.200,1202.0000,8.060838
37.900,25.200,1203.0000,-1.168371
37.900,25.200,1204.0000,26.729357
37.900,25.200,1205.0000,1.744762
37.900,25.200,1206.0000,15.265443
37.900,25.200,1207.0000,-3.372680
37.900,25.200,1208.0000,-2.322627
37.900,25.200,1209.0000,0.878746
37.900,25.200,1210.0000,0.306805
37.900,25.200,1211.0000,-3.601667
37.900,25.200,1212.0000,-0.595729
37.900,25.200,1213.0000,2.482313
37.900,25.200,1214.0000,4.303234
37.900,25.200,1215.0000,-4.632959
37.900,25.200,1216.0000,5.025959
37.900,25.200,1217.0000,3.984794
37.900,25.200,1218.0000,1.750273
37.900,25.200,1219.0000,0.535762
37.900,25.200,1220.0000,-8.052897
37.900,25.200,1221.0000,0.028890
37.900,25.200,1222.0000,11.690629
37.900,25.200,1223.0000,11.973451
37.900,25.200,1224.0000,6.934004
37.900,25.200,1225.0000,1.519219
37.900,25.200,1226.0000,-0.952915
37.900,25.200,1227.0000,10.081710
37.900,25.200,1228.0000,5.674280
37.900,25.200,1229.0000,3.991556
37.900,25.200,1230.0000,15.506149
37.900,25.200,1231.0000,3.654989
37.900,25.200,1232.0000,0.514353
37.900,25.200,1233.0000,1.185302
37.900,25.200,1234.0000,-4.488327
37.900,25.200,1235.0000,-0.696160
37.900,25.200,1236.0000,9.761529
37.900,25.200,1237.0000,-4.747918
37.900,25.200,1238.0000,2.451742
37.900,25.200,1239.0000,-8.977872
37.900,25.200,1240.0000,7.688295
37.900,25.200,1241.0000,0.907264
37.900,25.200,1242.0000,-0.184159
37.900,25.200,1243.0000,-11.097129
37.900,25.200,1244.0000,4.213273
37.900,25.200,1245.0000,-1.993915
37.900,25.200,1246.0000,-0.986129
37.900,25.200,1247.0000,8.272658
37.900,25.200,1248.0000,-1.662094
37.900,25.200,1249.0000,2.226979
37.900,25.200,1250.0000,-0.148390
37.900,25.200,1251.0000,12.910650
37.900,25.200,1252.0000,-4.028769
37.900,25.200,1253.0000,0.933307
37.900,25.200,1254.0000,-5.957444
37.900,25.200,1255.0000,-13.415897
37.900,25.200,1256.0000,0.068006
37.900,25.200,1257.0000,-3.051962
37.900,25.200,1258.0000,6.321564
37.900,25.200,1259.0000,8.166512
37.900,25.200,1260.0000,-3.615474
37.900,25.200,1261.0000,1.444828
37.900,25.200,1262.0000,-3.559872
37.900,25.200,1263.0000,-1.518414
37.900,25.200,1264.0000,2.726179
37.900,25.200,1265.0000,7.839266
37.900,25.200,1266.0000,-4.594134
37.900,25.200,1267.0000,0.378916
37.900,25.200,1268.0000,8.975943
37.900,25.200,1269.0000,-3.726948
37.900,25.200,1270.0000,-4.036269
37.900,25.200,1271.0000,-3.179969
37.900,25.200,1272.0000,-1.295791
37.900,25.200,1273.0000,2.096089
37.900,25.200,1274.0000,1.436663
37.900,25.200,1275.0000,8.921296
37.900,25.200,1276.0000,2.743492
37.900,25.200,1277.0000,-0.587356
37.900,25.200,1278.0000,7.794499
37.900,25.200,1279.0000,13.318115
37.900,25.200,1280.0000,2.955365
37.900,25.200,1281.0000,4.599692
37.900,25.200,1282.0000,-0.783490
37.900,25.200,1283.0000,1.546779
37.900,25.200,1284.0000,-5.848978
37.900,25.200,1285.0000,1.437049
37.900,25.200,1286.0000,3.549084
37.900,25.200,1287.0000,6.896986
37.900,25.200,1288.0000,-7.507221
37.900,25.200,1289.0000,-4.031287
37.900,25.200,1290.0000,0.165209
37.900,25.200,1291.0000,4.084135
37.900,25.200,1292.0000,-5.419707
37.900,25.200,1293.0000,-1.660927
37.900,25.200,1294.0000,-2.033257
37.900,25.200,1295.0000,4.595097
37.900,25.200,1296.0000,-6.020448
37.900,25.200,1297.0000,-14.219412
37.900,25.200,1298.0000,9.134888
37.900,25.200,1299.0000,-0.990442
37.900,25.200,1300.0000,8.104594
37.900,25.200,1301.0000,-0.775093
37.900,25.200,1302.0000,2.550894
37.900,25.200,1303.0000,-5.146435
37.900,25.200,1304.0000,-0.636352
37.900,25.200,1305.0000,11.512008
37.900,25.200,1306.0000,-2.407377
37.900,25.200,1307.0000,3.953665
37.900,25.200,1308.0000,-0.741265
37.900,25.200,1309.0000,8.605920
37.900,25.200,1310.0000,-2.309254
37.900,25.200,1311.0000,-3.079343
37.900,25.200,1312.0000,8.736358
37.900,25.200,1313.0000,1.858646
37.900,25.200,1314.0000,10.356679
37.900,25.200,1315.0000,-0.772833
37.900,25.200,1316.0000,4.670123
37.900,25.200,1317.0000,-2.179674
37.900,25.200,1318.0000,-4.111478
37.900,25.200,1319.0000,3.453823
37.900,25.200,1320.0000,-3.887045
37.900,25.200,1321.0000,-2.826076
37.900,25.200,1322.0000,4.219298
37.900,25.200,1323.0000,5.727117
37.900,25.200,1324.0000,-7.031313
37.900,25.200,1325.0000,0.344606
37.900,25.200,1326.0000,5.742891
37.900,25.200,1327.0000,0.039848
37.900,25.200,1328.0000,1.431932
37.900,25.200,1329.0000,9.572028
37.900,25.200,1330.0000,-5.109816
37.900,25.200,1331.0000,-5.007141
37.900,25.200,1332.0000,6.361565
37.900,25.200,1333.0000,9.463707
37.900,25.200,1334.0000,-2.741193
37.900,25.200,1335.0000,-6.122293
37.900,25.200,1336.0000,8.385277
37.900,25.200,1337.0000,-5.497977
37.900,25.200,1338.0000,0.680113
37.900,25.200,1339.0000,13.507103
37.900,25.200,1340.0000,-8.096755
37.900,25.200,1341.0000,-5.603269
37.900,25.200,1342.0000,9.403709
37.900,25.200,1343.0000,6.186738
37.900,25.200,1344.0000,2.605885
37.900,25.200,1345.0000,8.726608
37.900,25.200,1346.0000,-5.584153
37.900,25.200,1347.0000,-1.479708
37.900,25.200,1348.0000,11.183044
37.900,25.200,1349.0000,3.532235
37.900,25.200,1350.0000,3.788484
37.900,25.200,1351.0000,3.904587
37.900,25.200,1352.0000,-1.660227
37.900,25.200,1353.0000,9.395482
37.900,25.200,1354.0000,0.672802
37.900,25.200,1355.0000,-11.034594
37.900,25.200,1356.0000,-1.184735
37.900,25.200,1357.0000,14.722758
37.900,25.200,1358.0000,-7.914714
37.900,25.200,1359.0000,2.996267
37.900,25.200,1360.0000,-3.024291
37.900,25.200,1361.0000,-2.775015
37.900,25.200,1362.0000,1.845110
37.900,25.200,1363.0000,7.510410
37.900,25.200,1364.0000,1.452769
37.900,25.200,1365.0000,-3.420978
37.900,25.200,1366.0000,4.913733
37.900,25.200,1367.0000,5.982804
37.900,25.200,1368.0000,-2.115029
37.900,25.200,1369.0000,11.223875
37.900,25.200,1370.0000,9.375569
37.900,25.200,1371.0000,5.962366
37.900,25.200,1372.0000,6.043592
37.900,25.200,1373.0000,3.225052
37.900,25.200,1374.0000,-8.154881
37.900,25.200,1375.0000,-2.194105
37.900,25.200,1376.0000,2.353462
37.900,25.200,1377.0000,-4.521567
37.900,25.200,1378.0000,5.137090
37.900,25.200,1379.0000,4.544865
37.900,25.200,1380.0000,5.295836
37.900,25.200,1381.0000,0.627976
37.900,25.200,1382.0000,-1.277814
37.900,25.200,1383.0000,9.682006
37.900,25.200,1384.0000,5.834463
37.900,25.200,1385.0000,-2.840686
37.900,25.200,1386.0000,9.998876
37.900,25.200,1387.0000,11.552535
37.900,25.200,1388.0000,7.425329
37.900,25.200,1389.0000,7.170194
37.900,25.200,1390.0000,-4.435536
37.900,25.200,1391.0000,11.051578
37.900,25.200,1392.0000,3.874790
37.900,25.200,1393.0000,15.121563
37.900,25.200,1394.0000,12.744844
37.900,25.200,1395.0000,9.662514
37.900,25.200,1396.0000,10.756607
37.900,25.200,1397.0000,0.563055
37.900,25.200,1398.0000,6.268743
37.900,25.200,1399.0000,-2.638348
37.900,25.200,1400.0000,-5.044859
37.900,25.200,1401.0000,2.905826
37.900,25.200,1402.0000,9.083548
37.900,25.200,1403.0000,2.825176
37.900,25.200,1404.0000,12.215599
37.900,25.200,1405.0000,9.356055
37.900,25.200,1406.0000,1.673776
37.900,25.200,1407.0000,2.637136
37.900,25.200,1408.0000,4.343155
37.900,25.200,1409.0000,6.528461
37.900,25.200,1410.0000,12.820444
37.900,25.200,1411.0000,-0.147288
37.900,25.200,1412.0000,17.471019
37.900,25.200,1413.0000,8.279267
37.900,25.200,1414.0000,1.723933
37.900,25.200,1415.0000,5.232928
37.900,25.200,1416.0000,12.060638
37.900,25.200,1417.0000,7.809368
37.900,25.200,1418.0000,6.357246
37.900,25.200,1419.0000,8.708960
37.900,25.200,1420.0000,14.469929
37.900,25.200,1421.0000,7.190644
37.900,25.200,1422.0000,14.608730
37.900,25.200,1423.0000,8.369585
37.900,25.200,1424.0000,20.073603
37.900,25.200,1425.0000,31.900798
37.900,25.200,1426.0000,23.231267
37.900,25.200,1427.0000,12.768551
37.900,25.200,1428.0000,20.357933
37.900,25.200,1429.0000,18.625334
37.900,25.200,1430.0000,28.647845
37.900,25.200,1431.0000,30.775762
37.900,25.200,1432.0000,18.328938
37.900,25.200,1433.0000,33.377459
37.900,25.200,1434.0000,38.503833
37.900,25.200,1435.0000,43.123827
37.900,25.200,1436.0000,38.144680
37.900,25.200,1437.0000,49.961047
37.900,25.200,1438.0000,63.086944
37.900,25.200,1439.0000,70.798320
37.900,25.200,1440.0000,69.356994
37.900,25.200,1441.0000,62.889526
37.900,25.200,1442.0000,91.672585
37.900,25.200,1443.0000,109.850379
37.900,25.200,1444.0000,117.297904
37.900,25.200,1445.0000,140.682457
37.900,25.200,1446.0000,175.866098
37.900,25.200,1447.0000,168.908986
37.900,25.200,1448.0000,208.141973
37.900,25.200,1449.0000,218.274457
37.900,25.200,1450.0000,214.853504
37.900,25.200,1451.0000,208.498696
37.900,25.200,1452.0000,200.295609
37.900,25.200,1453.0000,189.690097
37.900,25.200,1454.0000,161.095186
37.900,25.200,1455.0000,142.973470
37.900,25.200,1456.0000,118.970233
37.900,25.200,1457.0000,107.251110
37.900,25.200,1458.0000,90.086581
37.900,25.200,1459.0000,84.842131
37.900,25.200,1460.0000,68.414400
37.900,25.200,1461.0000,59.724701
37.900,25.200,1462.0000,55.400425
37.900,25.200,1463.0000,42.128405
37.900,25.200,1464.0000,39.035691
37.900,25.200,1465.0000,36.697756
37.900,25.200,1466.0000,24.803405
37.900,25.200,1467.0000,41.585610
37.900,25.200,1468.0000,26.297890
37.900,25.200,1469.0000,31.923604
37.900,25.200,1470.0000,27.286732
37.900,25.200,1471.0000,20.430996
37.900,25.200,1472.0000,21.013874
37.900,25.200,1473.0000,17.019605
37.900,25.200,1474.0000,17.410658
37.900,25.200,1475.0000,28.447369
37.900,25.200,1476.0000,18.601265
37.900,25.200,1477.0000,17.559243
37.900,25.200,1478.0000,18.073310
37.900,25.200,1479.0000,14.925933
37.900,25.200,1480.0000,5.407103
37.900,25.200,1481.0000,9.632456
37.900,25.200,1482.0000,11.720414
37.900,25.200,1483.0000,6.695728
37.900,25.200,1484.0000,9.523084
37.900,25.200,1485.0000,11.540176
37.900,25.200,1486.0000,8.161496
37.900,25.200,1487.0000,20.772242
37.900,25.200,1488.0000,11.311547
37.900,25.200,1489.0000,0.329161
37.900,25.200,1490.0000,15.831473
37.900,25.200,1491.0000,9.366105
37.900,25.200,1492.0000,7.228221
37.900,25.200,1493.0000,-8.465067
37.900,25.200,1494.0000,5.350038
37.900,25.200,1495.0000,11.414604
37.900,25.200,1496.0000,3.229818
37.900,25.200,1497.0000,19.486128
37.900,25.200,1498.0000,5.159625
37.900,25.200,1499.0000,6.548105
37.900,25.200,1500.0000,-2.940869
37.900,25.200,1501.0000,8.759819
37.900,25.200,1502.0000,12.100501
37.900,25.200,1503.0000,9.423196
37.900,25.200,1504.0000,6.784341
37.900,25.200,1505.0000,1.510057
37.900,25.200,1506.0000,8.228954
37.900,25.200,1507.0000,-9.972875
37.900,25.200,1508.0000,7.788813
37.900,25.200,1509.0000,14.294814
37.900,25.200,1510.0000,20.010607
37.900,25.200,1511.0000,-7.715222
37.900,25.200,1512.0000,1.601131
37.900,25.200,1513.0000,0.680669
37.900,25.200,1514.0000,7.544409
37.900,25.200,1515.0000,1.512298
37.900,25.200,1516.0000,13.217351
37.900,25.200,1517.0000,-0.018674
37.900,25.200,1518.0000,2.166049
37.900,25.200,1519.0000,2.919303
37.900,25.200,1520.0000,4.141879
37.900,25.200,1521.0000,-4.870277
37.900,25.200,1522.0000,1.005313
37.900,25.200,1523.0000,5.133958
37.900,25.200,1524.0000,1.674375
37.900,25.200,1525.0000,7.483508
37.900,25.200,1526.0000,0.004958
37.900,25.200,1527.0000,-3.273934
37.900,25.200,1528.0000,1.330282
37.900,25.200,1529.0000,6.491361
37.900,25.200,1530.0000,-0.978470
37.900,25.200,1531.0000,2.918658
37.900,25.200,1532.0000,12.588952
37.900,25.200,1533.0000,1.248759
37.900,25.200,1534.0000,12.231018
37.900,25.200,1535.0000,12.062823
37.900,25.200,1536.0000,3.509576
37.900,25.200,1537.0000,0.130510
37.900,25.200,1538.0000,8.849775
37.900,25.200,1539.0000,13.470487
37.900,25.200,1540.0000,7.738212
37.900,25.200,1541.0000,3.553034
37.900,25.200,1542.0000,9.909973
37.900,25.200,1543.0000,7.528719
37.900,25.200,1544.0000,10.371479
37.900,25.200,1545.0000,-4.854176
37.900,25.200,1546.0000,-2.156147
37.900,25.200,1547.0000,13.676046
37.900,25.200,1548.0000,1.227965
37.900,25.200,1549.0000,18.139897
37.900,25.200,1550.0000,12.557161
37.900,25.200,1551.0000,16.375585
37.900,25.200,1552.0000,5.260624
37.900,25.200,1553.0000,4.974204
37.900,25.200,1554.0000,11.790760
37.900,25.200,1555.0000,4.425647
37.900,25.200,1556.0000,20.237155
37.900,25.200,1557.0000,6.464153
37.900,25.200,1558.0000,22.783216
37.900,25.200,1559.0000,17.156999
37.900,25.200,1560.0000,4.150672
37.900,25.200,1561.0000,-1.091959
37.900,25.200,1562.0000,16.757420
37.900,25.200,1563.0000,15.664741
37.900,25.200,1564.0000,34.229443
37.900,25.200,1565.0000,16.891917
37.900,25.200,1566.0000,20.133869
37.900,25.200,1567.0000,38.555105
37.900,25.200,1568.0000,31.645682
37.900,25.200,1569.0000,34.486913
37.900,25.200,1570.0000,27.860738
37.900,25.200,1571.0000,29.839259
37.900,25.200,1572.0000,49.539920
37.900,25.200,1573.0000,52.022859
37.900,25.200,1574.0000,48.491539
37.900,25.200,1575.0000,62.514300
37.900,25.200,1576.0000,92.623947
37.900,25.200,1577.0000,101.659797
37.900,25.200,1578.0000,112.920087
37.900,25.200,1579.0000,136.886737
37.900,25.200,1580.0000,159.149133
37.900,25.200,1581.0000,202.583228
37.900,25.200,1582.0000,209.832065
37.900,25.200,1583.0000,225.139310
37.900,25.200,1584.0000,218.328498
37.900,25.200,1585.0000,195.943652
37.900,25.200,1586.0000,175.690516
37.900,25.200,1587.0000,162.584086
37.900,25.200,1588.0000,142.242420
37.900,25.200,1589.0000,128.591956
37.900,25.200,1590.0000,128.464856
37.900,25.200,1591.0000,111.636013
37.900,25.200,1592.0000,131.676307
37.900,25.200,1593.0000,137.015518
37.900,25.200,1594.0000,159.787166
37.900,25.200,1595.0000,169.790161
37.900,25.200,1596.0000,223.376925
37.900,25.200,1597.0000,263.397144
37.900,25.200,1598.0000,315.692625
37.900,25.200,1599.0000,411.679367
37.900,25.200,1600.0000,493.599076
37.900,25.200,1601.0000,581.637108
37.900,25.200,1602.0000,609.278028
37.900,25.200,1603.0000,584.442189
37.900,25.200,1604.0000,497.279708
37.900,25.200,1605.0000,391.818592
37.900,25.200,1606.0000,307.451231
37.900,25.200,1607.0000,245.188058
37.900,25.200,1608.0000,196.451241
37.900,25.200,1609.0000,153.593662
37.900,25.200,1610.0000,132.147659
37.900,25.200,1611.0000,103.092827
37.900,25.200,1612.0000,102.668812
37.900,25.200,1613.0000,74.332641
37.900,25.200,1614.0000,64.664096
37.900,25.200,1615.0000,67.814372
37.900,25.200,1616.0000,50.292036
37.900,25.200,1617.0000,39.738043
37.900,25.200,1618.0000,37.042532
37.900,25.200,1619.0000,29.084556
37.900,25.200,1620.0000,40.431527
37.900,25.200,1621.0000,34.075973
37.900,25.200,1622.0000,22.959302
37.900,25.200,1623.0000,29.456022
37.900,25.200,1624.0000,19.674283
37.900,25.200,1625.0000,25.259825
37.900,25.200,1626.0000,19.817428
37.900,25.200,1627.0000,18.410683
37.900,25.200,1628.0000,10.295403
37.900,25.200,1629.0000,16.722313
37.900,25.200,1630.0000,15.906882
37.900,25.200,1631.0000,14.477760
37.900,25.200,1632.0000,14.110058
37.900,25.200,1633.0000,13.867693
37.900,25.200,1634.0000,4.249573
37.900,25.200,1635.0000,12.344813
37.900,25.200,1636.0000,16.890245
37.900,25.200,1637.0000,21.927561
37.900,25.200,1638.0000,6.018388
37.900,25.200,1639.0000,4.122120
37.900,25.200,1640.0000,4.354457
37.900,25.200,1641.0000,10.712670
37.900,25.200,1642.0000,6.763893
37.900,25.200,1643.0000,12.578443
37.900,25.200,1644.0000,3.240166
37.900,25.200,1645.0000,13.154314
37.900,25.200,1646.0000,2.086872
37.900,25.200,1647.0000,-2.596835
37.900,25.200,1648.0000,5.328551
37.900,25.200,1649.0000,7.808226
37.900,25.200,1650.0000,14.156878
37.900,25.200,1651.0000,1.774603
37.900,25.200,1652.0000,6.853913
37.900,25.200,1653.0000,-0.820270
37.900,25.200,1654.0000,-7.842900
37.900,25.200,1655.0000,11.286448
37.900,25.200,1656.0000,-1.341231
37.900,25.200,1657.0000,-3.657394
37.900,25.200,1658.0000,-1.777738
37.900,25.200,1659.0000,16.681240
37.900,25.200,1660.0000,8.835144
37.900,25.200,1661.0000,-6.894921
37.900,25.200,1662.0000,-6.582936
37.900,25.200,1663.0000,-0.330067
37.900,25.200,1664.0000,11.149826
37.900,25.200,1665.0000,3.307438
37.900,25.200,1666.0000,2.770412
37.900,25.200,1667.0000,-0.728152
37.900,25.200,1668.0000,3.217027
37.900,25.200,1669.0000,8.175827
37.900,25.200,1670.0000,1.798765
37.900,25.200,1671.0000,7.185962
37.900,25.200,1672.0000,-5.928067
37.900,25.200,1673.0000,3.000528
37.900,25.200,1674.0000,8.491526
37.900,25.200,1675.0000,7.649246
37.900,25.200,1676.0000,7.245163
37.900,25.200,1677.0000,-4.900020
37.900,25.200,1678.0000,-4.746323
37.900,25.200,1679.0000,1.078496
37.900,25.200,1680.0000,-6.044531
37.900,25.200,1681.0000,6.512279
37.900,25.200,1682.0000,9.363430
37.900,25.200,1683.0000,-0.459117
37.900,25.200,1684.0000,3.610787
37.900,25.200,1685.0000,7.292849
37.900,25.200,1686.0000,8.525882
37.900,25.200,1687.0000,2.824670
37.900,25.200,1688.0000,0.279369
37.900,25.200,1689.0000,-0.860654
37.900,25.200,1690.0000,-6.886343
37.900,25.200,1691.0000,-1.425876
37.900,25.200,1692.0000,0.845416
37.900,25.200,1693.0000,-2.334972
37.900,25.200,1694.0000,-1.308608
37.900,25.200,1695.0000,-2.433260
37.900,25.200,1696.0000,1.377218
37.900,25.200,1697.0000,5.196133
37.900,25.200,1698.0000,8.832083
37.900,25.200,1699.0000,-7.999694
37.900,25.200,1700.0000,-1.518366
37.900,25.200,1701.0000,-11.485523
37.900,25.200,1702.0000,3.727580
37.900,25.200,1703.0000,-6.777355
37.900,25.200,1704.0000,-7.671668
37.900,25.200,1705.0000,6.382966
37.900,25.200,1706.0000,0.427593
37.900,25.200,1707.0000,1.259893
37.900,25.200,1708.0000,8.831119
37.900,25.200,1709.0000,8.467327
37.900,25.200,1710.0000,3.413199
37.900,25.200,1711.0000,7.095678
37.900,25.200,1712.0000,10.933169
37.900,25.200,1713.0000,-5.653656
37.900,25.200,1714.0000,2.331489
37.900,25.200,1715.0000,0.399776
37.900,25.200,1716.0000,6.117405
37.900,25.200,1717.0000,-4.853939
37.900,25.200,1718.0000,-2.715583
37.900,25.200,1719.0000,9.789139
37.900,25.200,1720.0000,-4.824056
37.900,25.200,1721.0000,13.169047
37.900,25.200,1722.0000,-1.818863
37.900,25.200,1723.0000,2.043845
37.900,25.200,1724.0000,5.181332
37.900,25.200,1725.0000,3.341968
37.900,25.200,1726.0000,-3.180506
37.900,25.200,1727.0000,5.855195
37.900,25.200,1728.0000,7.419780
37.900,25.200,1729.0000,-4.913893
37.900,25.200,1730.0000,2.440720
37.900,25.200,1731.0000,1.495714
37.900,25.200,1732.0000,-1.134778
37.900,25.200,1733.0000,8.568420
37.900,25.200,1734.0000,-8.828424
37.900,25.200,1735.0000,3.388768
37.900,25.200,1736.0000,9.270633
37.900,25.200,1737.0000,5.499506
37.900,25.200,1738.0000,-0.387347
37.900,25.200,1739.0000,5.261724
37.900,25.200,1740.0000,-2.299263
37.900,25.200,1741.0000,10.769548
37.900,25.200,1742.0000,3.861540
37.900,25.200,1743.0000,7.392235
37.900,25.200,1744.0000,-11.211900
37.900,25.200,1745.0000,-0.346613
37.900,25.200,1746.0000,3.408950
37.900,25.200,1747.0000,3.059321
37.900,25.200,1748.0000,-3.456708
37.900,25.200,1749.0000,5.425497
37.900,25.200,1750.0000,-1.079673
37.900,25.200,1751.0000,0.641163
37.900,25.200,1752.0000,1.029205
37.900,25.200,1753.0000,2.992230
37.900,25.200,1754.0000,-7.724670
37.900,25.200,1755.0000,5.522911
37.900,25.200,1756.0000,2.978728
37.900,25.200,1757.0000,-3.737349
37.900,25.200,1758.0000,-2.225882
37.900,25.200,1759.0000,-1.979114
37.900,25.200,1760.0000,4.164526
37.900,25.200,1761.0000,-5.635334
37.900,25.200,1762.0000,5.089022
37.900,25.200,1763.0000,7.024596
37.900,25.200,1764.0000,3.619633
37.900,25.200,1765.0000,3.205835
37.900,25.200,1766.0000,5.636100
37.900,25.200,1767.0000,0.624223
37.900,25.200,1768.0000,-8.095191
37.900,25.200,1769.0000,-6.478617
37.900,25.200,1770.0000,-2.578998
37.900,25.200,1771.0000,8.259708
37.900,25.200,1772.0000,-6.448758
37.900,25.200,1773.0000,-1.807681
37.900,25.200,1774.0000,10.848772
37.900,25.200,1775.0000,1.938248
37.900,25.200,1776.0000,-3.035265
37.900,25.200,1777.0000,-1.980437
37.900,25.200,1778.0000,-3.370524
37.900,25.200,1779.0000,-0.207622
37.900,25.200,1780.0000,-1.979960
37.900,25.200,1781.0000,-8.970969
37.900,25.200,1782.0000,-4.725106
37.900,25.200,1783.0000,11.227320
37.900,25.200,1784.0000,-7.857658
37.900,25.200,1785.0000,7.201766
37.900,25.200,1786.0000,-2.214792
37.900,25.200,1787.0000,5.128904
37.900,25.200,1788.0000,5.210705
37.900,25.200,1789.0000,-2.306612
37.900,25.200,1790.0000,-3.234364
37.900,25.200,1791.0000,5.238304
37.900,25.200,1792.0000,-0.344022
37.900,25.200,1793.0000,-0.781456
37.900,25.200,1794.0000,5.388440
37.900,25.200,1795.0000,3.918405
37.900,25.200,1796.0000,-1.393766
37.900,25.200,1797.0000,-12.440087
37.900,25.200,1798.0000,-0.889498
37.900,25.200,1799.0000,-4.586972
37.900,25.200,1800.0000,2.727515
37.900,25.200,1801.0000,-6.578085
37.900,25.200,1802.0000,-0.064615
37.900,25.200,1803.0000,-3.859211
37.900,25.200,1804.0000,2.470297
37.900,25.200,1805.0000,5.014357
37.900,25.200,1806.0000,5.424556
37.900,25.200,1807.0000,-0.243024
37.900,25.200,1808.0000,0.988208
37.900,25.200,1809.0000,-2.981095
37.900,25.200,1810.0000,3.222655
37.900,25.200,1811.0000,1.646150
37.900,25.200,1812.0000,3.370493
37.900,25.200,1813.0000,-4.093038
37.900,25.200,1814.0000,6.795999
37.900,25.200,1815.0000,13.348483
37.900,25.200,1816.0000,-5.513666
37.900,25.200,1817.0000,1.051315
37.900,25.200,1818.0000,2.048152
37.900,25.200,1819.0000,0.298403
37.900,25.200,1820.0000,6.572625
37.900,25.200,1821.0000,3.028007
37.900,25.200,1822.0000,0.815562
37.900,25.200,1823.0000,-2.515385
37.900,25.200,1824.0000,-7.811733
37.900,25.200,1825.0000,-3.925584
37.900,25.200,1826.0000,3.637858
37.900,25.200,1827.0000,-6.454684
37.900,25.200,1828.0000,-4.068204
37.900,25.200,1829.0000,-0.801754
37.900,25.200,1830.0000,0.858557
37.900,25.200,1831.0000,6.814686
37.900,25.200,1832.0000,2.545527
37.900,25.200,1833.0000,11.247498
37.900,25.200,1834.0000,6.750339
37.900,25.200,1835.0000,5.353230
37.900,25.200,1836.0000,-8.070099
37.900,25.200,1837.0000,-4.067597
37.900,25.200,1838.0000,-0.226756
37.900,25.200,1839.0000,0.903302
37.900,25.200,1840.0000,8.005250
37.900,25.200,1841.0000,-6.118307
37.900,25.200,1842.0000,3.350804
37.900,25.200,1843.0000,3.490390
37.900,25.200,1844.0000,4.160243
37.900,25.200,1845.0000,-5.818613
37.900,25.200,1846.0000,13.428830
37.900,25.200,1847.0000,8.516121
37.900,25.200,1848.0000,-4.489266
37.900,25.200,1849.0000,6.131709
37.900,25.200,1850.0000,9.429178
37.900,25.200,1851.0000,11.996114
37.900,25.200,1852.0000,-4.634637
37.900,25.200,1853.0000,-5.576253
37.900,25.200,1854.0000,8.613203
37.900,25.200,1855.0000,8.373463
37.900,25.200,1856.0000,-4.015032
37.900,25.200,1857.0000,-7.905038
37.900,25.200,1858.0000,0.110120
37.900,25.200,1859.0000,-2.575356
37.900,25.200,1860.0000,-2.903275
37.900,25.200,1861.0000,-3.909842
37.900,25.200,1862.0000,-2.313495
37.900,25.200,1863.0000,-4.411321
37.900,25.200,1864.0000,-3.286452
37.900,25.200,1865.0000,-7.204938
37.900,25.200,1866.0000,1.757866
37.900,25.200,1867.0000,3.944934
37.900,25.200,1868.0000,1.093488
37.900,25.200,1869.0000,-6.053660
37.900,25.200,1870.0000,-5.676192
37.900,25.200,1871.0000,3.439413
37.900,25.200,1872.0000,13.269014
37.900,25.200,1873.0000,-3.797755
37.900,25.200,1874.0000,-7.029619
37.900,25.200,1875.0000,-4.401758
37.900,25.200,1876.0000,4.892330
37.900,25.200,1877.0000,-0.232252
37.900,25.200,1878.0000,-10.751355
37.900,25.200,1879.0000,-8.074527
37.900,25.200,1880.0000,-5.616502
37.900,25.200,1881.0000,-4.686299
37.900,25.200,1882.0000,-3.099935
37.900,25.200,1883.0000,-0.315461
37.900,25.200,1884.0000,-1.595215
37.900,25.200,1885.0000,6.088280
37.900,25.200,1886.0000,-4.980289
37.900,25.200,1887.0000,-4.338409
37.900,25.200,1888.0000,3.929557
37.900,25.200,1889.0000,8.674488
37.900,25.200,1890.0000,8.433627
37.900,25.200,1891.0000,1.574780
37.900,25.200,1892.0000,-7.902102
37.900,25.200,1893.0000,-7.627584
37.900,25.200,1894.0000,-10.549767
37.900,25.200,1895.0000,-5.022128
37.900,25.200,1896.0000,7.855642
37.900,25.200,1897.0000,0.543173
37.900,25.200,1898.0000,11.003866
37.900,25.200,1899.0000,9.203305
37.900,25.200,1900.0000,-0.775198
37.900,25.200,1901.0000,-4.987809
37.900,25.200,1902.0000,7.487729
37.900,25.200,1903.0000,8.539232
37.900,25.200,1904.0000,7.644379
37.900,25.200,1905.0000,-6.474121
37.900,25.200,1906.0000,7.716256
37.900,25.200,1907.0000,1.561068
37.900,25.200,1908.0000,-3.590985
37.900,25.200,1909.0000,9.535719
37.900,25.200,1910.0000,-6.857171
37.900,25.200,1911.0000,16.372056
37.900,25.200,1912.0000,3.423931
37.900,25.200,1913.0000,14.034814
37.900,25.200,1914.0000,-1.150575
37.900,25.200,1915.0000,0.681997
37.900,25.200,1916.0000,12.013318
37.900,25.200,1917.0000,-5.475367
37.900,25.200,1918.0000,0.592235
37.900,25.200,1919.0000,-2.952794
37.900,25.200,1920.0000,-4.303147
37.900,25.200,1921.0000,0.321235
37.900,25.200,1922.0000,-4.603359
37.900,25.200,1923.0000,-4.037946
37.900,25.200,1924.0000,-11.036971
37.900,25.200,1925.0000,-0.829300
37.900,25.200,1926.0000,-11.734007
37.900,25.200,1927.0000,-8.166865
37.900,25.200,1928.0000,6.918080
37.900,25.200,1929.0000,3.382621
37.900,25.200,1930.0000,-0.165640
37.900,25.200,1931.0000,-7.309504
37.900,25.200,1932.0000,-5.371979
37.900,25.200,1933.0000,-1.389898
37.900,25.200,1934.0000,1.680442
37.900,25.200,1935.0000,2.728415
37.900,25.200,1936.0000,7.350944
37.900,25.200,1937.0000,-2.159730
37.900,25.200,1938.0000,-0.418903
37.900,25.200,1939.0000,0.187670
37.900,25.200,1940.0000,-1.860256
37.900,25.200,1941.0000,0.055805
37.900,25.200,1942.0000,0.217191
37.900,25.200,1943.0000,2.401033
37.900,25.200,1944.0000,16.618733
37.900,25.200,1945.0000,4.842655
37.900,25.200,1946.0000,0.624520
37.900,25.200,1947.0000,-5.905610
37.900,25.200,1948.0000,8.180212
37.900,25.200,1949.0000,-0.553588
37.900,25.200,1950.0000,1.444626
37.900,25.200,1951.0000,-8.979367
37.900,25.200,1952.0000,-5.665436
37.900,25.200,1953.0000,-8.358868
37.900,25.200,1954.0000,3.894465
37.900,25.200,1955.0000,1.815611
37.900,25.200,1956.0000,-9.075525
37.900,25.200,1957.0000,-9.002255
37.900,25.200,1958.0000,-3.178484
37.900,25.200,1959.0000,4.839660
37.900,25.200,1960.0000,-10.324949
37.900,25.200,1961.0000,1.079283
37.900,25.200,1962.0000,-16.930888
37.900,25.200,1963.0000,-4.823539
37.900,25.200,1964.0000,7.974493
37.900,25.200,1965.0000,5.594807
37.900,25.200,1966.0000,-0.674449
37.900,25.200,1967.0000,-3.794800
37.900,25.200,1968.0000,-1.464554
37.900,25.200,1969.0000,1.850615
37.900,25.200,1970.0000,-5.471451
37.900,25.200,1971.0000,-6.159474
37.900,25.200,1972.0000,14.186645
37.900,25.200,1973.0000,5.874035
37.900,25.200,1974.0000,2.768595
37.900,25.200,1975.0000,4.396185
37.900,25.200,1976.0000,2.845222
37.900,25.200,1977.0000,-9.146250
37.900,25.200,1978.0000,-1.425072
37.900,25.200,1979.0000,2.983933
37.900,25.200,1980.0000,1.363012
37.900,25.200,1981.0000,2.557055
37.900,25.200,1982.0000,-1.708756
37.900,25.200,1983.0000,11.830000
37.900,25.200,1984.0000,-5.136080
37.900,25.200,1985.0000,-10.453991
37.900,25.200,1986.0000,-9.097970
37.900,25.200,1987.0000,12.704570
37.900,25.200,1988.0000,-5.435624
37.900,25.200,1989.0000,9.201266
37.900,25.200,1990.0000,-16.758258
37.900,25.200,1991.0000,6.244170
37.900,25.200,1992.0000,-4.168786
37.900,25.200,1993.0000,1.780589
37.900,25.200,1994.0000,9.752199
37.900,25.200,1995.0000,-5.438880
37.900,25.200,1996.0000,6.902647
37.900,25.200,1997.0000,-4.653267
37.900,25.200,1998.0000,-5.219260
37.900,25.200,1999.0000,-3.559221
37.900,25.200,2000.0000,-7.616024
37.900,25.300,200.0000,-8.237093
37.900,25.300,201.0000,3.796123
37.900,25.300,202.0000,5.896341
37.900,25.300,203.0000,2.946976
37.900,25.300,204.0000,-1.684096
37.900,25.300,205.0000,0.964438
37.900,25.300,206.0000,-13.388564
37.900,25.300,207.0000,1.648281
37.900,25.300,208.0000,-5.832430
37.900,25.300,209.0000,-9.025706
37.900,25.300,210.0000,6.790022
37.900,25.300,211.0000,2.769963
37.900,25.300,212.0000,-2.637486
37.900,25.300,213.0000,2.816680
37.900,25.300,214.0000,2.280863
37.900,25.300,215.0000,1.089889
37.900,25.300,216.0000,0.113447
37.900,25.300,217.0000,9.800517
37.900,25.300,218.0000,-6.719060
37.900,25.300,219.0000,4.793481
37.900,25.300,220.0000,-5.715983
37.900,25.300,221.0000,-5.991568
37.900,25.300,222.0000,-3.614610
37.900,25.300,223.0000,1.831274
37.900,25.300,224.0000,-5.729229
37.900,25.300,225.0000,-9.758737
37.900,25.300,226.0000,4.873377
37.900,25.300,227.0000,0.778183
37.900,25.300,228.0000,-6.745885
37.900,25.300,229.0000,-1.620430
37.900,25.300,230.0000,-6.036601
37.900,25.300,231.0000,5.010449
37.900,25.300,232.0000,11.590809
37.900,25.300,233.0000,6.856916
37.900,25.300,234.0000,14.401340
37.900,25.300,235.0000,-0.030034
37.900,25.300,236.0000,-9.505429
37.900,25.300,237.0000,-5.000876
37.900,25.300,238.0000,-8.332263
37.900,25.300,239.0000,2.012444
37.900,25.300,240.0000,5.508512
37.900,25.300,241.0000,-1.103691
37.900,25.300,242.0000,-4.223768
37.900,25.300,243.0000,6.094494
37.900,25.300,244.0000,3.766119
37.900,25.300,245.0000,-8.104030
37.900,25.300,246.0000,-0.093247
37.900,25.300,247.0000,-0.593011
37.900,25.300,248.0000,4.403615
37.900,25.300,249.0000,-11.389353
37.900,25.300,250.0000,-4.943936
37.900,25.300,251.0000,3.434185
37.900,25.300,252.0000,3.958987
37.900,25.300,253.0000,-1.284931
37.900,25.300,254.0000,10.152055
37.900,25.300,255.0000,6.025249
37.900,25.300,256.0000,-4.272011
37.900,25.300,257.0000,1.616056
37.900,25.300,258.0000,4.683211
37.900,25.300,259.0000,-1.077551
37.900,25.300,260.0000,-5.816434
37.900,25.300,261.0000,4.758768
37.900,25.300,262.0000,-5.733880
37.900,25.300,263.0000,-1.192807
37.900,25.300,264.0000,-2.541766
37.900,25.300,265.0000,0.246890
37.900,25.300,266.0000,3.544725
37.900,25.300,267.0000,-8.706382
37.900,25.300,268.0000,6.117824
37.900,25.300,269.0000,3.202107
37.900,25.300,270.0000,2.142634
37.900,25.300,271.0000,-4.916310
37.900,25.300,272.0000,-3.080746
37.900,25.300,273.0000,-2.608174
37.900,25.300,274.0000,4.722537
37.900,25.300,275.0000,3.126202
37.900,25.300,276.0000,-7.717127
37.900,25.300,277.0000,-5.372438
37.900,25.300,278.0000,-10.376641
37.900,25.300,279.0000,-0.214253
37.900,25.300,280.0000,3.611672
37.900,25.300,281.0000,-0.085527
37.900,25.300,282.0000,-10.037423
37.900,25.300,283.0000,-1.535339
37.900,25.300,284.0000,1.542464
37.900,25.300,285.0000,-2.092916
37.900,25.300,286.0000,2.065148
37.900,25.300,287.0000,-5.512394
37.900,25.300,288.0000,-3.527381
37.900,25.300,289.0000,-1.811680
37.900,25.300,290.0000,-7.381401
37.900,25.300,291.0000,-7.589747
37.900,25.300,292.0000,3.092003
37.900,25.300,293.0000,-10.692721
37.900,25.300,294.0000,3.963936
37.900,25.300,295.0000,2.071014
37.900,25.300,296.0000,-6.459900
37.900,25.300,297.0000,4.945820
37.900,25.300,298.0000,-1.845375
37.900,25.300,299.0000,18.371099
37.900,25.300,300.0000,6.799669
37.900,25.300,301.0000,-7.410992
37.900,25.300,302.0000,-6.954311
37.900,25.300,303.0000,-6.098161
37.900,25.300,304.0000,0.004327
37.900,25.300,305.0000,1.579051
37.900,25.300,306.0000,-6.058521
37.900,25.300,307.0000,2.750398
37.900,25.300,308.0000,-4.952390
37.900,25.300,309.0000,2.576937
37.900,25.300,310.0000,1.830681
37.900,25.300,311.0000,5.899327
37.900,25.300,312.0000,3.191882
37.900,25.300,313.0000,-3.549656
37.900,25.300,314.0000,-0.782839
37.900,25.300,315.0000,10.256573
37.900,25.300,316.0000,13.665989
37.900,25.300,317.0000,-3.262751
37.900,25.300,318.0000,3.087293
37.900,25.300,319.0000,-10.259104
37.900,25.300,320.0000,-2.005799
37.900,25.300,321.0000,-1.738519
37.900,25.300,322.0000,-1.249282
37.900,25.300,323.0000,-7.983791
37.900,25.300,324.0000,9.049937
37.900,25.300,325.0000,-1.938554
37.900,25.300,326.0000,0.469849
37.900,25.300,327.0000,0.034365
37.900,25.300,328.0000,-0.487755
37.900,25.300,329.0000,5.177013
37.900,25.300,330.0000,6.030374
37.900,25.300,331.0000,1.751559
37.900,25.300,332.0000,3.513768
37.900,25.300,333.0000,9.681263
37.900,25.300,334.0000,1.699767
37.900,25.300,335.0000,-5.422626
37.900,25.300,336.0000,-7.019475
37.900,25.300,337.0000,-8.758836
37.900,25.300,338.0000,0.527708
37.900,25.300,339.0000,-8.365771
37.900,25.300,340.0000,2.682009
37.900,25.300,341.0000,0.739863
37.900,25.300,342.0000,-9.587350
37.900,25.300,343.0000,8.498253
37.900,25.300,344.0000,-6.893377
37.900,25.300,345.0000,0.838795
37.900,25.300,346.0000,-9.764885
37.900,25.300,347.0000,-3.981307
37.900,25.300,348.0000,1.552049
37.900,25.300,349.0000,-2.156360
37.900,25.300,350.0000,-1.473001
37.900,25.300,351.0000,1.962620
37.900,25.300,352.0000,4.414058
37.900,25.300,353.0000,-2.318014
37.900,25.300,354.0000,3.057977
37.900,25.300,355.0000,0.786815
37.900,25.300,356.0000,4.060613
37.900,25.300,357.0000,1.080318
37.900,25.300,358.0000,-1.033698
37.900,25.300,359.0000,9.119211
37.900,25.300,360.0000,4.599542
37.900,25.300,361.0000,7.568158
37.900,25.300,362.0000,2.209340
37.900,25.300,363.0000,-4.518921
37.900,25.300,364.0000,-0.063576
37.900,25.300,365.0000,7.705287
37.900,25.300,366.0000,1.602242
37.900,25.300,367.0000,-4.339613
37.900,25.300,368.0000,12.371978
37.900,25.300,369.0000,14.772680
37.900,25.300,370.0000,-7.927906
37.900,25.300,371.0000,2.026219
37.900,25.300,372.0000,5.057491
37.900,25.300,373.0000,-2.499409
37.900,25.300,374.0000,11.883056
37.900,25.300,375.0000,-0.110557
37.900,25.300,376.0000,-7.807244
37.900,25.300,377.0000,1.685597
37.900,25.300,378.0000,5.620619
37.900,25.300,379.0000,1.548729
37.900,25.300,380.0000,-5.733213
37.900,25.300,381.0000,-3.577586
37.900,25.300,382.0000,11.686353
37.900,25.300,383.0000,-6.724432
37.900,25.300,384.0000,1.511444
37.900,25.300,385.0000,-3.427189
37.900,25.300,386.0000,6.840203
37.900,25.300,387.0000,0.810701
37.900,25.300,388.0000,8.322084
37.900,25.300,389.0000,7.833573
37.900,25.300,390.0000,5.313123
37.900,25.300,391.0000,-8.582876
37.900,25.300,392.0000,5.285591
37.900,25.300,393.0000,-8.019914
37.900,25.300,394.0000,-6.163259
37.900,25.300,395.0000,-8.831331
37.900,25.300,396.0000,1.187379
37.900,25.300,397.0000,4.560880
37.900,25.300,398.0000,-4.996330
37.900,25.300,399.0000,-9.960854
37.900,25.300,400.0000,-13.917560
37.900,25.300,401.0000,3.050687
37.900,25.300,402.0000,6.325359
37.900,25.300,403.0000,-8.732137
37.900,25.300,404.0000,-1.488046
37.900,25.300,405.0000,7.482539
37.900,25.300,406.0000,-0.685342
37.900,25.300,407.0000,5.941966
37.900,25.300,408.0000,-2.117390
37.900,25.300,409.0000,-9.102371
37.900,25.300,410.0000,1.192239
37.900,25.300,411.0000,-3.660899
37.900,25.300,412.0000,-1.875841
37.900,25.300,413.0000,-5.814535
37.900,25.300,414.0000,-5.055912
37.900,25.300,415.0000,-5.645014
37.900,25.300,416.0000,0.890268
37.900,25.300,417.0000,2.465857
37.900,25.300,418.0000,2.663010
37.900,25.300,419.0000,1.656395
37.900,25.300,420.0000,2.649431
37.900,25.300,421.0000,5.886154
37.900,25.300,422.0000,0.022368
37.900,25.300,423.0000,-6.994541
37.900,25.300,424.0000,10.288408
37.900,25.300,425.0000,7.407984
37.900,25.300,426.0000,-3.078050
37.900,25.300,427.0000,-10.496563
37.900,25.300,428.0000,7.257333
37.900,25.300,429.0000,-3.057172
37.900,25.300,430.0000,1.582976
37.900,25.300,431.0000,1.201515
37.900,25.300,432.0000,11.263646
37.900,25.300,433.0000,-9.233204
37.900,25.300,434.0000,4.535396
37.900,25.300,435.0000,-8.274512
37.900,25.300,436.0000,11.113617
37.900,25.300,437.0000,8.673865
37.900,25.300,438.0000,3.184436
37.900,25.300,439.0000,-15.362914
37.900,25.300,440.0000,1.878975
37.900,25.300,441.0000,4.631151
37.900,25.300,442.0000,6.262080
37.900,25.300,443.0000,-7.665206
37.900,25.300,444.0000,-5.986601
37.900,25.300,445.0000,13.776261
37.900,25.300,446.0000,-0.358002
37.900,25.300,447.0000,7.458815
37.900,25.300,448.0000,-8.289174
37.900,25.300,449.0000,-6.918986
37.900,25.300,450.0000,-11.081496
37.900,25.300,451.0000,3.919570
37.900,25.300,452.0000,-4.842068
37.900,25.300,453.0000,9.446005
37.900,25.300,454.0000,-0.701477
37.900,25.300,455.0000,-3.929853
37.900,25.300,456.0000,-4.387045
37.900,25.300,457.0000,3.399128
37.900,25.300,458.0000,-3.632704
37.900,25.300,459.0000,7.894871
37.900,25.300,460.0000,12.477629
37.900,25.300,461.0000,-2.002984
37.900,25.300,462.0000,-2.032523
37.900,25.300,463.0000,3.916223
37.900,25.300,464.0000,0.899176
37.900,25.300,465.0000,-14.043168
37.900,25.300,466.0000,2.854656
37.900,25.300,467.0000,0.877306
37.900,25.300,468.0000,0.754068
37.900,25.300,469.0000,1.929030
37.900,25.300,470.0000,-2.026398
37.900,25.300,471.0000,4.060711
37.900,25.300,472.0000,-6.136963
37.900,25.300,473.0000,-3.852779
37.900,25.300,474.0000,2.634991
37.900,25.300,475.0000,-1.638276
37.900,25.300,476.0000,-0.294766
37.900,25.300,477.0000,-8.272698
37.900,25.300,478.0000,4.150353
37.900,25.300,479.0000,2.555725
37.900,25.300,480.0000,-4.298850
37.900,25.300,481.0000,5.988857
37.900,25.300,482.0000,-4.468589
37.900,25.300,483.0000,-3.252674
37.900,25.300,484.0000,-2.293965
37.900,25.300,485.0000,6.761531
37.900,25.300,486.0000,-2.328159
37.900,25.300,487.0000,-0.919563
37.900,25.300,488.0000,7.278499
37.900,25.300,489.0000,-2.937238
37.900,25.300,490.0000,-7.256285
37.900,25.300,491.0000,-2.285298
37.900,25.300,492.0000,2.668875
37.900,25.300,493.0000,-3.502928
37.900,25.300,494.0000,1.192572
37.900,25.300,495.0000,4.813091
37.900,25.300,496.0000,-11.429799
37.900,25.300,497.0000,-7.686852
37.900,25.300,498.0000,-4.086744
37.900,25.300,499.0000,13.254290
37.900,25.300,500.0000,-9.027387
37.900,25.300,501.0000,0.167641
37.900,25.300,502.0000,10.713557
37.900,25.300,503.0000,8.662838
37.900,25.300,504.0000,-6.305369
37.900,25.300,505.0000,-2.282533
37.900,25.300,506.0000,-0.712359
37.900,25.300,507.0000,7.099891
37.900,25.300,508.0000,-4.418173
37.900,25.300,509.0000,-1.128441
37.900,25.300,510.0000,1.084205
37.900,25.300,511.0000,4.964684
37.900,25.300,512.0000,-0.151833
37.900,25.300,513.0000,1.191896
37.900,25.300,514.0000,-0.270666
37.900,25.300,515.0000,7.323707
37.900,25.300,516.0000,6.694170
37.900,25.300,517.0000,-6.727004
37.900,25.300,518.0000,-1.435012
37.900,25.300,519.0000,7.129296
37.900,25.300,520.0000,-11.762141
37.900,25.300,521.0000,3.694365
37.900,25.300,522.0000,9.705552
37.900,25.300,523.0000,5.981916
37.900,25.300,524.0000,2.125630
37.900,25.300,525.0000,11.289629
37.900,25.300,526.0000,1.634492
37.900,25.300,527.0000,0.471919
37.900,25.300,528.0000,0.904457
37.900,25.300,529.0000,3.778244
37.900,25.300,530.0000,-8.777000
37.900,25.300,531.0000,-3.509809
37.900,25.300,532.0000,-12.334544
37.900,25.300,533.0000,4.814536
37.900,25.300,534.0000,7.275975
37.900,25.300,535.0000,-12.014909
37.900,25.300,536.0000,0.428669
37.900,25.300,537.0000,-7.726596
37.900,25.300,538.0000,5.582744
37.900,25.300,539.0000,8.402726
37.900,25.300,540.0000,0.398942
37.900,25.300,541.0000,8.517402
37.900,25.300,542.0000,5.588957
37.900,25.300,543.0000,-0.973767
37.900,25.300,544.0000,3.358971
37.900,25.300,545.0000,-4.479123
37.900,25.300,546.0000,-0.182177
37.900,25.300,547.0000,10.934648
37.900,25.300,548.0000,2.131587
37.900,25.300,549.0000,-4.111869
37.900,25.300,550.0000,0.236257
37.900,25.300,551.0000,4.003727
37.900,25.300,552.0000,6.787648
37.900,25.300,553.0000,-6.443021
37.900,25.300,554.0000,-5.454226
37.900,25.300,555.0000,-3.348856
37.900,25.300,556.0000,-12.177835
37.900,25.300,557.0000,1.653603
37.900,25.300,558.0000,10.230628
37.900,25.300,559.0000,-4.442981
37.900,25.300,560.0000,-4.137162
37.900,25.300,561.0000,10.026380
37.900,25.300,562.0000,0.773881
37.900,25.300,563.0000,3.226195
37.900,25.300,564.0000,-0.623579
37.900,25.300,565.0000,2.314167
37.900,25.300,566.0000,-9.093343
37.900,25.300,567.0000,-2.267622
37.900,25.300,568.0000,5.422803
37.900,25.300,569.0000,-1.220446
37.900,25.300,570.0000,-2.082462
37.900,25.300,571.0000,-3.695561
37.900,25.300,572.0000,-0.120479
37.900,25.300,573.0000,6.175080
37.900,25.300,574.0000,-2.029516
37.900,25.300,575.0000,-13.383447
37.900,25.300,576.0000,2.821528
37.900,25.300,577.0000,-1.451231
37.900,25.300,578.0000,4.454200
37.900,25.300,579.0000,9.053179
37.900,25.300,580.0000,0.617550
37.900,25.300,581.0000,5.148250
37.900,25.300,582.0000,3.096846
37.900,25.300,583.0000,8.248251
37.900,25.300,584.0000,3.098658
37.900,25.300,585.0000,-1.523985
37.900,25.300,586.0000,5.686549
37.900,25.300,587.0000,1.798259
37.900,25.300,588.0000,6.995185
37.900,25.300,589.0000,6.813754
37.900,25.300,590.0000,-3.083606
37.900,25.300,591.0000,-0.197382
37.900,25.300,592.0000,13.494402
37.900,25.300,593.0000,7.459017
37.900,25.300,594.0000,5.345624
37.900,25.300,595.0000,7.923024
37.900,25.300,596.0000,3.577884
37.900,25.300,597.0000,17.836170
37.900,25.300,598.0000,10.487794
37.900,25.300,599.0000,6.684109
37.900,25.300,600.0000,14.256976
37.900,25.300,601.0000,8.348561
37.900,25.300,602.0000,10.816003
37.900,25.300,603.0000,5.625024
37.900,25.300,604.0000,14.341031
37.900,25.300,605.0000,17.390093
37.900,25.300,606.0000,14.162211
37.900,25.300,607.0000,18.717569
37.900,25.300,608.0000,34.360518
37.900,25.300,609.0000,38.537589
37.900,25.300,610.0000,32.934085
37.900,25.300,611.0000,31.448704
37.900,25.300,612.0000,47.172523
37.900,25.300,613.0000,57.397938
37.900,25.300,614.0000,67.846876
37.900,25.300,615.0000,88.368415
37.900,25.300,616.0000,101.609840
37.900,25.300,617.0000,122.762716
37.900,25.300,618.0000,155.352502
37.900,25.300,619.0000,168.909150
37.900,25.300,620.0000,180.674017
37.900,25.300,621.0000,167.287722
37.900,25.300,622.0000,163.930477
37.900,25.300,623.0000,132.486362
37.900,25.300,624.0000,111.399095
37.900,25.300,625.0000,76.954022
37.900,25.300,626.0000,72.841411
37.900,25.300,627.0000,40.755542
37.900,25.300,628.0000,41.071366
37.900,25.300,629.0000,38.089897
37.900,25.300,630.0000,25.200550
37.900,25.300,631.0000,23.627687
37.900,25.300,632.0000,19.116396
37.900,25.300,633.0000,16.676107
37.900,25.300,634.0000,15.413344
37.900,25.300,635.0000,9.958446
37.900,25.300,636.0000,20.743921
37.900,25.300,637.0000,17.946506
37.900,25.300,638.0000,0.721649
37.900,25.300,639.0000,8.089060
37.900,25.300,640.0000,13.540712
37.900,25.300,641.0000,11.821261
37.900,25.300,642.0000,9.917925
37.900,25.300,643.0000,9.298283
37.900,25.300,644.0000,3.600752
37.900,25.300,645.0000,-5.118295
37.900,25.300,646.0000,0.232983
37.900,25.300,647.0000,13.946254
37.900,25.300,648.0000,-5.982019
37.900,25.300,649.0000,14.427657
37.900,25.300,650.0000,9.352392
37.900,25.300,651.0000,-4.364036
37.900,25.300,652.0000,-1.455380
37.900,25.300,653.0000,14.844919
37.900,25.300,654.0000,6.459433
37.900,25.300,655.0000,12.152690
37.900,25.300,656.0000,5.555665
37.900,25.300,657.0000,3.028283
37.900,25.300,658.0000,-4.981205
37.900,25.300,659.0000,1.268019
37.900,25.300,660.0000,7.493699
37.900,25.300,661.0000,-0.258498
37.900,25.300,662.0000,10.681756
37.900,25.300,663.0000,-6.045083
37.900,25.300,664.0000,10.211415
37.900,25.300,665.0000,2.498998
37.900,25.300,666.0000,-8.114921
37.900,25.300,667.0000,2.434180
37.900,25.300,668.0000,-2.491609
37.900,25.300,669.0000,-6.697513
37.900,25.300,670.0000,-2.020244
37.900,25.300,671.0000,6.027776
37.900,25.300,672.0000,3.597888
37.900,25.300,673.0000,0.269481
37.900,25.300,674.0000,13.032970
37.900,25.300,675.0000,11.378767
37.900,25.300,676.0000,0.599868
37.900,25.300,677.0000,-3.886575
37.900,25.300,678.0000,3.054650
37.900,25.300,679.0000,4.156869
37.900,25.300,680.0000,5.486747
37.900,25.300,681.0000,-0.309547
37.900,25.300,682.0000,2.325177
37.900,25.300,683.0000,6.164566
37.900,25.300,684.0000,-1.414427
37.900,25.300,685.0000,-1.825912
37.900,25.300,686.0000,9.370049
37.900,25.300,687.0000,0.478263
37.900,25.300,688.0000,1.108710
37.900,25.300,689.0000,3.130015
37.900,25.300,690.0000,3.968880
37.900,25.300,691.0000,0.953641
37.900,25.300,692.0000,-2.216592
37.900,25.300,693.0000,2.181579
37.900,25.300,694.0000,8.416140
37.900,25.300,695.0000,8.814570
37.900,25.300,696.0000,8.399200
37.900,25.300,697.0000,4.118637
37.900,25.300,698.0000,3.661914
37.900,25.300,699.0000,8.623752
37.900,25.300,700.0000,6.794627
37.900,25.300,701.0000,-0.396000
37.900,25.300,702.0000,0.078412
37.900,25.300,703.0000,2.337347
37.900,25.300,704.0000,1.789828
37.900,25.300,705.0000,7.926882
37.900,25.300,706.0000,-2.332604
37.900,25.300,707.0000,-6.085541
37.900,25.300,708.0000,-0.320823
37.900,25.300,709.0000,-5.417024
37.900,25.300,710.0000,12.419077
37.900,25.300,711.0000,-2.975561
37.900,25.300,712.0000,-2.674103
37.900,25.300,713.0000,-10.571240
37.900,25.300,714.0000,-3.692629
37.900,25.300,715.0000,-4.618142
37.900,25.300,716.0000,-4.251908
37.900,25.300,717.0000,9.287367
37.900,25.300,718.0000,5.077135
37.900,25.300,719.0000,7.735614
37.900,25.300,720.0000,5.462292
37.900,25.300,721.0000,-5.802801
37.900,25.300,722.0000,-2.515432
37.900,25.300,723.0000,2.212383
37.900,25.300,724.0000,2.064007
37.900,25.300,725.0000,15.785091
37.900,25.300,726.0000,-2.107235
37.900,25.300,727.0000,-0.774868
37.900,25.300,728.0000,-4.229639
37.900,25.300,729.0000,-3.343877
37.900,25.300,730.0000,1.286938
37.900,25.300,731.0000,-1.920814
37.900,25.300,732.0000,6.627286
37.900,25.300,733.0000,4.217770
37.900,25.300,734.0000,10.567545
37.900,25.300,735.0000,7.224658
37.900,25.300,736.0000,2.029847
37.900,25.300,737.0000,14.379417
37.900,25.300,738.0000,-1.577901
37.900,25.300,739.0000,0.977215
37.900,25.300,740.0000,3.582055
37.900,25.300,741.0000,-8.248726
37.900,25.300,742.0000,-4.218107
37.900,25.300,743.0000,-0.054387
37.900,25.300,744.0000,-0.691055
37.900,25.300,745.0000,5.285062
37.900,25.300,746.0000,6.889107
37.900,25.300,747.0000,-3.958644
37.900,25.300,748.0000,-3.543494
37.900,25.300,749.0000,3.486198
37.900,25.300,750.0000,3.492956
37.900,25.300,751.0000,-2.335936
37.900,25.300,752.0000,-6.673644
37.900,25.300,753.0000,-1.344009
37.900,25.300,754.0000,1.704863
37.900,25.300,755.0000,-0.073461
37.900,25.300,756.0000,18.941973
37.900,25.300,757.0000,6.936774
37.900,25.300,758.0000,12.886749
37.900,25.300,759.0000,6.460349
37.900,25.300,760.0000,2.684461
37.900,25.300,761.0000,12.284709
37.900,25.300,762.0000,8.381005
37.900,25.300,763.0000,-2.557984
37.900,25.300,764.0000,6.087502
37.900,25.300,765.0000,-2.396620
37.900,25.300,766.0000,7.605866
37.900,25.300,767.0000,-7.570072
37.900,25.300,768.0000,10.010144
37.900,25.300,769.0000,6.145980
37.900,25.300,770.0000,5.559517
37.900,25.300,771.0000,-2.367627
37.900,25.300,772.0000,7.137746
37.900,25.300,773.0000,-2.652151
37.900,25.300,774.0000,4.324108
37.900,25.300,775.0000,9.392184
37.900,25.300,776.0000,16.678034
37.900,25.300,777.0000,15.032417
37.900,25.300,778.0000,18.860534
37.900,25.300,779.0000,18.917015
37.900,25.300,780.0000,19.377086
37.900,25.300,781.0000,17.687921
37.900,25.300,782.0000,18.054435
37.900,25.300,783.0000,27.692972
37.900,25.300,784.0000,17.013170
37.900,25.300,785.0000,28.269736
37.900,25.300,786.0000,32.418823
37.900,25.300,787.0000,57.072956
37.900,25.300,788.0000,41.469862
37.900,25.300,789.0000,54.741446
37.900,25.300,790.0000,48.389619
37.900,25.300,791.0000,72.347664
37.900,25.300,792.0000,77.040063
37.900,25.300,793.0000,94.273657
37.900,25.300,794.0000,104.263442
37.900,25.300,795.0000,97.922690
37.900,25.300,796.0000,109.451135
37.900,25.300,797.0000,90.641515
37.900,25.300,798.0000,83.486634
37.900,25.300,799.0000,72.598732
37.900,25.300,800.0000,62.738315
37.900,25.300,801.0000,58.632020
37.900,25.300,802.0000,53.370244
37.900,25.300,803.0000,36.438877
37.900,25.300,804.0000,35.276950
37.900,25.300,805.0000,26.100714
37.900,25.300,806.0000,8.231037
37.900,25.300,807.0000,17.960354
37.900,25.300,808.0000,24.119291
37.900,25.300,809.0000,23.444053
37.900,25.300,810.0000,20.741474
37.900,25.300,811.0000,15.898853
37.900,25.300,812.0000,17.168738
37.900,25.300,813.0000,13.012226
37.900,25.300,814.0000,15.826522
37.900,25.300,815.0000,18.491919
37.900,25.300,816.0000,11.618128
37.900,25.300,817.0000,2.058085
37.900,25.300,818.0000,-2.530899
37.900,25.300,819.0000,8.627819
37.900,25.300,820.0000,13.187609
37.900,25.300,821.0000,2.769818
37.900,25.300,822.0000,12.904978
37.900,25.300,823.0000,2.081615
37.900,25.300,824.0000,2.145947
37.900,25.300,825.0000,10.961732
37.900,25.300,826.0000,8.968580
37.900,25.300,827.0000,-9.556990
37.900,25.300,828.0000,12.246450
37.900,25.300,829.0000,8.017455
37.900,25.300,830.0000,1.680390
37.900,25.300,831.0000,2.001831
37.900,25.300,832.0000,8.696599
37.900,25.300,833.0000,8.977049
37.900,25.300,834.0000,1.383997
37.900,25.300,835.0000,11.200201
37.900,25.300,836.0000,2.273704
37.900,25.300,837.0000,-0.058293
37.900,25.300,838.0000,-1.606472
37.900,25.300,839.0000,6.737601
37.900,25.300,840.0000,-7.011314
37.900,25.300,841.0000,13.157347
37.900,25.300,842.0000,10.209275
37.900,25.300,843.0000,-4.675272
37.900,25.300,844.0000,1.252650
37.900,25.300,845.0000,1.020376
37.900,25.300,846.0000,-1.883988
37.900,25.300,847.0000,13.772472
37.900,25.300,848.0000,6.849340
37.900,25.300,849.0000,13.204844
37.900,25.300,850.0000,0.952616
37.900,25.300,851.0000,-4.145645
37.900,25.300,852.0000,6.326863
37.900,25.300,853.0000,-2.712442
37.900,25.300,854.0000,0.354345
37.900,25.300,855.0000,-6.936569
37.900,25.300,856.0000,11.694588
37.900,25.300,857.0000,4.821689
37.900,25.300,858.0000,-1.934145
37.900,25.300,859.0000,-12.569887
37.900,25.300,860.0000,-9.481023
37.900,25.300,861.0000,6.829456
37.900,25.300,862.0000,0.303218
37.900,25.300,863.0000,-0.997096
37.900,25.300,864.0000,3.065339
37.900,25.300,865.0000,9.150802
37.900,25.300,866.0000,2.227200
37.900,25.300,867.0000,-0.128661
37.900,25.300,868.0000,6.831901
37.900,25.300,869.0000,-0.671746
37.900,25.300,870.0000,5.899403
37.900,25.300,871.0000,2.243256
37.900,25.300,872.0000,6.056659
37.900,25.300,873.0000,-1.918810
37.900,25.300,874.0000,-3.955705
37.900,25.300,875.0000,4.623719
37.900,25.300,876.0000,11.707021
37.900,25.300,877.0000,10.664550
37.900,25.300,878.0000,2.793727
37.900,25.300,879.0000,9.999785
37.900,25.300,880.0000,-7.743189
37.900,25.300,881.0000,-1.040766
37.900,25.300,882.0000,-2.514814
37.900,25.300,883.0000,-3.161958
37.900,25.300,884.0000,0.556112
37.900,25.300,885.0000,2.479078
37.900,25.300,886.0000,-3.230520
37.900,25.300,887.0000,-9.567617
37.900,25.300,888.0000,-3.305117
37.900,25.300,889.0000,-4.990488
37.900,25.300,890.0000,-3.715669
37.900,25.300,891.0000,0.117841
37.900,25.300,892.0000,-1.630515
37.900,25.300,893.0000,7.403517
37.900,25.300,894.0000,8.746125
37.900,25.300,895.0000,-4.970062
37.900,25.300,896.0000,5.605084
37.900,25.300,897.0000,0.755289
37.900,25.300,898.0000,-6.164535
37.900,25.300,899.0000,-0.735570
37.900,25.300,900.0000,5.244408
37.900,25.300,901.0000,-1.927714
37.900,25.300,902.0000,7.744513
37.900,25.300,903.0000,-2.851032
37.900,25.300,904.0000,1.843471
37.900,25.300,905.0000,2.545165
37.900,25.300,906.0000,-1.208791
37.900,25.300,907.0000,8.040958
37.900,25.300,908.0000,3.171266
37.900,25.300,909.0000,2.198671
37.900,25.300,910.0000,2.153376
37.900,25.300,911.0000,0.558889
37.900,25.300,912.0000,5.410467
37.900,25.300,913.0000,7.843830
37.900,25.300,914.0000,13.001686
37.900,25.300,915.0000,3.779483
37.900,25.300,916.0000,15.541818
37.900,25.300,917.0000,-1.085974
37.900,25.300,918.0000,5.566624
37.900,25.300,919.0000,-1.033906
37.900,25.300,920.0000,-5.665050
37.900,25.300,921.0000,-0.559445
37.900,25.300,922.0000,-3.458641
37.900,25.300,923.0000,3.315255
37.900,25.300,924.0000,4.608641
37.900,25.300,925.0000,3.362876
37.900,25.300,926.0000,9.993931
37.900,25.300,927.0000,7.952941
37.900,25.300,928.0000,-0.180142
37.900,25.300,929.0000,-2.145523
37.900,25.300,930.0000,13.496419
37.900,25.300,931.0000,8.504618
37.900,25.300,932.0000,-4.695561
37.900,25.300,933.0000,3.487099
37.900,25.300,934.0000,-7.160879
37.900,25.300,935.0000,-0.235242
37.900,25.300,936.0000,1.406932
37.900,25.300,937.0000,4.800617
37.900,25.300,938.0000,10.698161
37.900,25.300,939.0000,7.069362
37.900,25.300,940.0000,1.994762
37.900,25.300,941.0000,3.879171
37.900,25.300,942.0000,-4.069700
37.900,25.300,943.0000,-3.487453
37.900,25.300,944.0000,1.044302
37.900,25.300,945.0000,-9.644879
37.900,25.300,946.0000,-3.516073
37.900,25.300,947.0000,8.797203
37.900,25.300,948.0000,2.007284
37.900,25.300,949.0000,-2.017904
37.900,25.300,950.0000,15.555487
37.900,25.300,951.0000,12.211010
37.900,25.300,952.0000,5.619101
37.900,25.300,953.0000,0.078533
37.900,25.300,954.0000,2.474005
37.900,25.300,955.0000,0.426326
37.900,25.300,956.0000,3.896963
37.900,25.300,957.0000,10.951830
37.900,25.300,958.0000,-10.450381
37.900,25.300,959.0000,10.766507
37.900,25.300,960.0000,3.247209
37.900,25.300,961.0000,9.898556
37.900,25.300,962.0000,8.082487
37.900,25.300,963.0000,23.134354
37.900,25.300,964.0000,0.925859
37.900,25.300,965.0000,10.921330
37.900,25.300,966.0000,14.468024
37.900,25.300,967.0000,13.189869
37.900,25.300,968.0000,1.604570
37.900,25.300,969.0000,23.034830
37.900,25.300,970.0000,16.782788
37.900,25.300,971.0000,14.818832
37.900,25.300,972.0000,12.231114
37.900,25.300,973.0000,12.906069
37.900,25.300,974.0000,19.104586
37.900,25.300,975.0000,11.416264
37.900,25.300,976.0000,16.885334
37.900,25.300,977.0000,17.527624
37.900,25.300,978.0000,19.065069
37.900,25.300,979.0000,17.021671
37.900,25.300,980.0000,19.631250
37.900,25.300,981.0000,28.084274
37.900,25.300,982.0000,16.547745
37.900,25.300,983.0000,34.157169
37.900,25.300,984.0000,33.460192
37.900,25.300,985.0000,33.580527
37.900,25.300,986.0000,43.388392
37.900,25.300,987.0000,45.165891
37.900,25.300,988.0000,70.847855
37.900,25.300,989.0000,65.410537
37.900,25.300,990.0000,76.175806
37.900,25.300,991.0000,81.632571
37.900,25.300,992.0000,101.165979
37.900,25.300,993.0000,118.959693
37.900,25.300,994.0000,158.515365
37.900,25.300,995.0000,212.551920
37.900,25.300,996.0000,277.096066
37.900,25.300,997.0000,363.041357
37.900,25.300,998.0000,516.359787
37.900,25.300,999.0000,717.049421
37.900,25.300,1000.0000,938.692640
37.900,25.300,1001.0000,1035.949713
37.900,25.300,1002.0000,950.731917
37.900,25.300,1003.0000,725.758627
37.900,25.300,1004.0000,531.444262
37.900,25.300,1005.0000,385.471747
37.900,25.300,1006.0000,284.796880
37.900,25.300,1007.0000,225.736784
37.900,25.300,1008.0000,176.963561
37.900,25.300,1009.0000,124.317397
37.900,25.300,1010.0000,108.509077
37.900,25.300,1011.0000,87.305477
37.900,25.300,1012.0000,97.056685
37.900,25.300,1013.0000,74.985019
37.900,25.300,1014.0000,67.499557
37.900,25.300,1015.0000,58.906523
37.900,25.300,1016.0000,65.510502
37.900,25.300,1017.0000,62.078044
37.900,25.300,1018.0000,60.917421
37.900,25.300,1019.0000,55.106501
37.900,25.300,1020.0000,67.087133
37.900,25.300,1021.0000,60.272375
37.900,25.300,1022.0000,79.500952
37.900,25.300,1023.0000,76.813774
37.900,25.300,1024.0000,110.790518
37.900,25.300,1025.0000,131.011820
37.900,25.300,1026.0000,158.393387
37.900,25.300,1027.0000,206.155856
37.900,25.300,1028.0000,261.716037
37.900,25.300,1029.0000,333.287073
37.900,25.300,1030.0000,413.959755
37.900,25.300,1031.0000,442.566740
37.900,25.300,1032.0000,416.507952
37.900,25.300,1033.0000,343.374519
37.900,25.300,1034.0000,256.895158
37.900,25.300,1035.0000,193.295646
37.900,25.300,1036.0000,152.789946
37.900,25.300,1037.0000,122.327809
37.900,25.300,1038.0000,94.537939
37.900,25.300,1039.0000,78.334511
37.900,25.300,1040.0000,71.520434
37.900,25.300,1041.0000,52.587813
37.900,25.300,1042.0000,42.333928
37.900,25.300,1043.0000,42.783961
37.900,25.300,1044.0000,31.978013
37.900,25.300,1045.0000,36.723487
37.900,25.300,1046.0000,24.200145
37.900,25.300,1047.0000,28.480877
37.900,25.300,1048.0000,33.438666
37.900,25.300,1049.0000,11.027743
37.900,25.300,1050.0000,21.531521
37.900,25.300,1051.0000,16.435247
37.900,25.300,1052.0000,20.706499
37.900,25.300,1053.0000,16.591777
37.900,25.300,1054.0000,19.013897
37.900,25.300,1055.0000,11.637207
37.900,25.300,1056.0000,11.560510
37.900,25.300,1057.0000,21.202113
37.900,25.300,1058.0000,13.112489
37.900,25.300,1059.0000,3.507372
37.900,25.300,1060.0000,14.520937
37.900,25.300,1061.0000,5.510517
37.900,25.300,1062.0000,24.206056
37.900,25.300,1063.0000,7.863121
37.900,25.300,1064.0000,17.054020
37.900,25.300,1065.0000,6.853337
37.900,25.300,1066.0000,1.415154
37.900,25.300,1067.0000,9.916568
37.900,25.300,1068.0000,7.414949
37.900,25.300,1069.0000,4.076462
37.900,25.300,1070.0000,11.366225
37.900,25.300,1071.0000,11.174668
37.900,25.300,1072.0000,2.271324
37.900,25.300,1073.0000,10.351981
37.900,25.300,1074.0000,3.913926
37.900,25.300,1075.0000,7.258049
37.900,25.300,1076.0000,-1.595948
37.900,25.300,1077.0000,-0.401627
37.900,25.300,1078.0000,13.264536
37.900,25.300,1079.0000,16.304530
37.900,25.300,1080.0000,4.587083
37.900,25.300,1081.0000,0.562959
37.900,25.300,1082.0000,3.713309
37.900,25.300,1083.0000,5.835317
37.900,25.300,1084.0000,-1.627565
37.900,25.300,1085.0000,-2.864479
37.900,25.300,1086.0000,-3.947273
37.900,25.300,1087.0000,2.504112
37.900,25.300,1088.0000,8.253626
37.900,25.300,1089.0000,8.220056
37.900,25.300,1090.0000,0.972957
37.900,25.300,1091.0000,-9.340664
37.900,25.300,1092.0000,10.720852
37.900,25.300,1093.0000,6.056110
37.900,25.300,1094.0000,2.280155
37.900,25.300,1095.0000,4.982741
37.900,25.300,1096.0000,11.291774
37.900,25.300,1097.0000,5.452253
37.900,25.300,1098.0000,2.089418
37.900,25.300,1099.0000,-9.567179
37.900,25.300,1100.0000,5.431721
37.900,25.300,1101.0000,2.099798
37.900,25.300,1102.0000,10.653241
37.900,25.300,1103.0000,4.923890
37.900,25.300,1104.0000,-5.255611
37.900,25.300,1105.0000,2.271054
37.900,25.300,1106.0000,9.768850
37.900,25.300,1107.0000,-2.818921
37.900,25.300,1108.0000,-3.387208
37.900,25.300,1109.0000,4.089560
37.900,25.300,1110.0000,8.468266
37.900,25.300,1111.0000,14.364742
37.900,25.300,1112.0000,5.396751
37.900,25.300,1113.0000,5.226083
37.900,25.300,1114.0000,-2.175718
37.900,25.300,1115.0000,12.827926
37.900,25.300,1116.0000,-4.524825
37.900,25.300,1117.0000,-5.994524
37.900,25.300,1118.0000,-5.186840
37.900,25.300,1119.0000,3.225737
37.900,25.300,1120.0000,8.028737
37.900,25.300,1121.0000,-3.653283
37.900,25.300,1122.0000,5.185214
37.900,25.300,1123.0000,10.639398
37.900,25.300,1124.0000,5.085412
37.900,25.300,1125.0000,7.131724
37.900,25.300,1126.0000,11.456489
37.900,25.300,1127.0000,-3.011017
37.900,25.300,1128.0000,5.707879
37.900,25.300,1129.0000,3.649460
37.900,25.300,1130.0000,8.264162
37.900,25.300,1131.0000,16.061193
37.900,25.300,1132.0000,17.826035
37.900,25.300,1133.0000,1.399582
37.900,25.300,1134.0000,17.940182
37.900,25.300,1135.0000,19.056499
37.900,25.300,1136.0000,19.925971
37.900,25.300,1137.0000,16.754994
37.900,25.300,1138.0000,17.433923
37.900,25.300,1139.0000,11.091491
37.900,25.300,1140.0000,12.549734
37.900,25.300,1141.0000,25.962056
37.900,25.300,1142.0000,26.590553
37.900,25.300,1143.0000,31.725078
37.900,25.300,1144.0000,36.568521
37.900,25.300,1145.0000,24.723010
37.900,25.300,1146.0000,31.644762
37.900,25.300,1147.0000,37.026109
37.900,25.300,1148.0000,53.028793
37.900,25.300,1149.0000,62.276998
37.900,25.300,1150.0000,66.353614
37.900,25.300,1151.0000,85.185560
37.900,25.300,1152.0000,110.303991
37.900,25.300,1153.0000,133.898343
37.900,25.300,1154.0000,146.389358
37.900,25.300,1155.0000,153.420583
37.900,25.300,1156.0000,138.299543
37.900,25.300,1157.0000,128.196740
37.900,25.300,1158.0000,107.324603
37.900,25.300,1159.0000,87.058351
37.900,25.300,1160.0000,75.568133
37.900,25.300,1161.0000,67.859182
37.900,25.300,1162.0000,48.608204
37.900,25.300,1163.0000,39.819969
37.900,25.300,1164.0000,29.523618
37.900,25.300,1165.0000,44.485371
37.900,25.300,1166.0000,32.793933
37.900,25.300,1167.0000,19.453825
37.900,25.300,1168.0000,36.056052
37.900,25.300,1169.0000,28.706674
37.900,25.300,1170.0000,26.805448
37.900,25.300,1171.0000,37.732413
37.900,25.300,1172.0000,32.203006
37.900,25.300,1173.0000,32.954136
37.900,25.300,1174.0000,33.022302
37.900,25.300,1175.0000,38.899271
37.900,25.300,1176.0000,44.329757
37.900,25.300,1177.0000,56.792778
37.900,25.300,1178.0000,61.184420
37.900,25.300,1179.0000,71.899396
37.900,25.300,1180.0000,96.710952
37.900,25.300,1181.0000,113.184386
37.900,25.300,1182.0000,126.257409
37.900,25.300,1183.0000,138.682564
37.900,25.300,1184.0000,123.739550
37.900,25.300,1185.0000,101.325054
37.900,25.300,1186.0000,86.047014
37.900,25.300,1187.0000,73.085875
37.900,25.300,1188.0000,54.922135
37.900,25.300,1189.0000,39.989776
37.900,25.300,1190.0000,45.406149
37.900,25.300,1191.0000,24.003260
37.900,25.300,1192.0000,18.500844
37.900,25.300,1193.0000,30.116267
37.900,25.300,1194.0000,18.490281
37.900,25.300,1195.0000,17.043149
37.900,25.300,1196.0000,9.938221
37.900,25.300,1197.0000,14.441562
37.900,25.300,1198.0000,6.939805
37.900,25.300,1199.0000,14.099666
37.900,25.300,1200.0000,20.247617
37.900,25.300,1201.0000,3.362590
37.900,25.300,1202.0000,4.197530
37.900,25.300,1203.0000,9.059037
37.900,25.300,1204.0000,11.522154
37.900,25.300,1205.0000,19.150492
37.900,25.300,1206.0000,17.405632
37.900,25.300,1207.0000,6.306017
37.900,25.300,1208.0000,12.746153
37.900,25.300,1209.0000,0.896071
37.900,25.300,1210.0000,10.575374
37.900,25.300,1211.0000,5.714864
37.900,25.300,1212.0000,12.441755
37.900,25.300,1213.0000,1.283456
37.900,25.300,1214.0000,15.547923
37.900,25.300,1215.0000,4.152276
37.900,25.300,1216.0000,-7.604516
37.900,25.300,1217.0000,11.581393
37.900,25.300,1218.0000,4.744679
37.900,25.300,1219.0000,13.671213
37.900,25.300,1220.0000,7.647490
37.900,25.300,1221.0000,4.604536
37.900,25.300,1222.0000,9.682718
37.900,25.300,1223.0000,-1.203203
37.900,25.300,1224.0000,9.413627
37.900,25.300,1225.0000,1.675165
37.900,25.300,1226.0000,10.652936
37.900,25.300,1227.0000,-13.050078
37.900,25.300,1228.0000,-6.691098
37.900,25.300,1229.0000,9.175158
37.900,25.300,1230.0000,1.312368
37.900,25.300,1231.0000,2.049697
37.900,25.300,1232.0000,7.919901
37.900,25.300,1233.0000,11.978723
37.900,25.300,1234.0000,-0.024579
37.900,25.300,1235.0000,0.079215
37.900,25.300,1236.0000,7.803207
37.900,25.300,1237.0000,7.267405
37.900,25.300,1238.0000,5.139589
37.900,25.300,1239.0000,4.849993
37.900,25.300,1240.0000,11.064116
37.900,25.300,1241.0000,0.137459
37.900,25.300,1242.0000,-5.762190
37.900,25.300,1243.0000,3.094037
37.900,25.300,1244.0000,3.154816
37.900,25.300,1245.0000,-5.920502
37.900,25.300,1246.0000,-0.289020
37.900,25.300,1247.0000,-1.003868
37.900,25.300,1248.0000,-1.338579
37.900,25.300,1249.0000,-3.319194
37.900,25.300,1250.0000,8.208199
37.900,25.300,1251.0000,8.394176
37.900,25.300,1252.0000,-1.245339
37.900,25.300,1253.0000,-2.835465
37.900,25.300,1254.0000,-11.984517
37.900,25.300,1255.0000,-8.771764
37.900,25.300,1256.0000,-2.860791
37.900,25.300,1257.0000,-5.036635
37.900,25.300,1258.0000,-2.907754
37.900,25.300,1259.0000,0.555522
37.900,25.300,1260.0000,-5.758545
37.900,25.300,1261.0000,3.582037
37.900,25.300,1262.0000,-5.523205
37.900,25.300,1263.0000,3.222942
37.900,25.300,1264.0000,-4.559674
37.900,25.300,1265.0000,1.724736
37.900,25.300,1266.0000,-3.549966
37.900,25.300,1267.0000,9.664972
37.900,25.300,1268.0000,2.002564
37.900,25.300,1269.0000,-8.325989
37.900,25.300,1270.0000,-1.507037
37.900,25.300,1271.0000,5.519866
37.900,25.300,1272.0000,-0.953617
37.900,25.300,1273.0000,-0.770979
37.900,25.300,1274.0000,-4.292075
37.900,25.300,1275.0000,-0.235025
37.900,25.300,1276.0000,0.117731
37.900,25.300,1277.0000,6.971162
37.900,25.300,1278.0000,3.326996
37.900,25.300,1279.0000,4.050685
37.900,25.300,1280.0000,6.750472
37.900,25.300,1281.0000,10.407022
37.900,25.300,1282.0000,8.243412
37.900,25.300,1283.0000,15.236034
37.900,25.300,1284.0000,5.921044
37.900,25.300,1285.0000,4.153261
37.900,25.300,1286.0000,-11.971614
37.900,25.300,1287.0000,3.504639
37.900,25.300,1288.0000,10.141572
37.900,25.300,1289.0000,-6.160849
37.900,25.300,1290.0000,4.393314
37.900,25.300,1291.0000,5.077103
37.900,25.300,1292.0000,2.093228
37.900,25.300,1293.0000,-7.327887
37.900,25.300,1294.0000,4.993857
37.900,25.300,1295.0000,-1.249563
37.900,25.300,1296.0000,1.513976
37.900,25.300,1297.0000,4.332334
37.900,25.300,1298.0000,3.051627
37.900,25.300,1299.0000,1.527627
37.900,25.300,1300.0000,11.867843
37.900,25.300,1301.0000,10.795162
37.900,25.300,1302.0000,0.316349
37.900,25.300,1303.0000,0.153730
37.900,25.300,1304.0000,-3.980640
37.900,25.300,1305.0000,9.150236
37.900,25.300,1306.0000,2.676126
37.900,25.300,1307.0000,11.042394
37.900,25.300,1308.0000,1.106786
37.900,25.300,1309.0000,-1.025474
37.900,25.300,1310.0000,3.120409
37.900,25.300,1311.0000,3.082631
37.900,25.300,1312.0000,7.563719
37.900,25.300,1313.0000,-1.597733
37.900,25.300,1314.0000,-3.600720
37.900,25.300,1315.0000,1.860338
37.900,25.300,1316.0000,7.895439
37.900,25.300,1317.0000,7.183969
37.900,25.300,1318.0000,-13.698417
37.900,25.300,1319.0000,8.551857
37.900,25.300,1320.0000,8.871036
37.900,25.300,1321.0000,2.880752
37.900,25.300,1322.0000,-0.454549
37.900,25.300,1323.0000,-0.469950
37.900,25.300,1324.0000,8.686988
37.900,25.300,1325.0000,5.124671
37.900,25.300,1326.0000,7.905479
37.900,25.300,1327.0000,-3.817096
37.900,25.300,1328.0000,0.546839
37.900,25.300,1329.0000,8.654750
37.900,25.300,1330.0000,6.475413
37.900,25.300,1331.0000,-9.889099
37.900,25.300,1332.0000,-3.637705
37.900,25.300,1333.0000,4.596236
37.900,25.300,1334.0000,3.394935
37.900,25.300,1335.0000,6.064533
37.900,25.300,1336.0000,-1.307048
37.900,25.300,1337.0000,-8.678237
37.900,25.300,1338.0000,-16.807951
37.900,25.300,1339.0000,-1.892968
37.900,25.300,1340.0000,8.961820
37.900,25.300,1341.0000,-1.509799
37.900,25.300,1342.0000,-7.865795
37.900,25.300,1343.0000,-1.055182
37.900,25.300,1344.0000,6.302861
37.900,25.300,1345.0000,-7.497739
37.900,25.300,1346.0000,-0.587189
37.900,25.300,1347.0000,-18.993300
37.900,25.300,1348.0000,3.475858
37.900,25.300,1349.0000,3.457008
37.900,25.300,1350.0000,-10.963048
37.900,25.300,1351.0000,-1.881473
37.900,25.300,1352.0000,0.449026
37.900,25.300,1353.0000,-4.056554
37.900,25.300,1354.0000,-1.813602
37.900,25.300,1355.0000,8.968925
37.900,25.300,1356.0000,1.987174
37.900,25.300,1357.0000,17.660344
37.900,25.300,1358.0000,1.188882
37.900,25.300,1359.0000,7.034914
37.900,25.300,1360.0000,6.348203
37.900,25.300,1361.0000,7.715869
37.900,25.300,1362.0000,0.063064
37.900,25.300,1363.0000,0.404117
37.900,25.300,1364.0000,11.839893
37.900,25.300,1365.0000,1.393007
37.900,25.300,1366.0000,-10.748092
37.900,25.300,1367.0000,-3.834623
37.900,25.300,1368.0000,-5.612280
37.900,25.300,1369.0000,-1.648967
37.900,25.300,1370.0000,-9.345091
37.900,25.300,1371.0000,10.348304
37.900,25.300,1372.0000,-2.444745
37.900,25.300,1373.0000,-0.202668
37.900,25.300,1374.0000,-5.255104
37.900,25.300,1375.0000,-5.484187
37.900,25.300,1376.0000,-2.963088
37.900,25.300,1377.0000,1.776563
37.900,25.300,1378.0000,0.716897
37.900,25.300,1379.0000,-2.350321
37.900,25.300,1380.0000,0.852469
37.900,25.300,1381.0000,5.869671
37.900,25.300,1382.0000,14.687590
37.900,25.300,1383.0000,2.248182
37.900,25.300,1384.0000,-1.654510
37.900,25.300,1385.0000,-4.371987
37.900,25.300,1386.0000,0.231387
37.900,25.300,1387.0000,-0.718325
37.900,25.300,1388.0000,4.908313
37.900,25.300,1389.0000,5.644092
37.900,25.300,1390.0000,-2.113897
37.900,25.300,1391.0000,6.103450
37.900,25.300,1392.0000,1.455104
37.900,25.300,1393.0000,1.234677
37.900,25.300,1394.0000,-6.188408
37.900,25.300,1395.0000,15.782867
37.900,25.300,1396.0000,7.380651
37.900,25.300,1397.0000,-1.798632
37.900,25.300,1398.0000,12.841082
37.900,25.300,1399.0000,4.209252
37.900,25.300,1400.0000,-0.385188
37.900,25.300,1401.0000,0.194165
37.900,25.300,1402.0000,7.619264
37.900,25.300,1403.0000,10.400695
37.900,25.300,1404.0000,-0.706260
37.900,25.300,1405.0000,4.177228
37.900,25.300,1406.0000,11.870145
37.900,25.300,1407.0000,6.817816
37.900,25.300,1408.0000,16.778893
37.900,25.300,1409.0000,10.250054
37.900,25.300,1410.0000,-5.888455
37.900,25.300,1411.0000,9.834489
37.900,25.300,1412.0000,9.716312
37.900,25.300,1413.0000,2.107101
37.900,25.300,1414.0000,-0.932963
37.900,25.300,1415.0000,12.671739
37.900,25.300,1416.0000,14.331611
37.900,25.300,1417.0000,21.726230
37.900,25.300,1418.0000,11.299324
37.900,25.300,1419.0000,2.352926
37.900,25.300,1420.0000,5.601875
37.900,25.300,1421.0000,15.705021
37.900,25.300,1422.0000,13.433371
37.900,25.300,1423.0000,19.124845
37.900,25.300,1424.0000,11.877526
37.900,25.300,1425.0000,17.506675
37.900,25.300,1426.0000,17.898554
37.900,25.300,1427.0000,10.459727
37.900,25.300,1428.0000,16.002630
37.900,25.300,1429.0000,23.117129
37.900,25.300,1430.0000,20.151471
37.900,25.300,1431.0000,29.634514
37.900,25.300,1432.0000,37.957095
37.900,25.300,1433.0000,33.329444
37.900,25.300,1434.0000,40.664684
37.900,25.300,1435.0000,29.114644
37.900,25.300,1436.0000,40.408272
37.900,25.300,1437.0000,49.550693
37.900,25.300,1438.0000,60.340857
37.900,25.300,1439.0000,69.720342
37.900,25.300,1440.0000,75.766770
37.900,25.300,1441.0000,95.377165
37.900,25.300,1442.0000,99.979393
37.900,25.300,1443.0000,115.321369
37.900,25.300,1444.0000,142.220245
37.900,25.300,1445.0000,166.011237
37.900,25.300,1446.0000,170.306732
37.900,25.300,1447.0000,187.491597
37.900,25.300,1448.0000,214.405427
37.900,25.300,1449.0000,220.510149
37.900,25.300,1450.0000,221.399608
37.900,25.300,1451.0000,226.907186
37.900,25.300,1452.0000,214.815429
37.900,25.300,1453.0000,192.359983
37.900,25.300,1454.0000,173.343850
37.900,25.300,1455.0000,142.646077
37.900,25.300,1456.0000,128.081834
37.900,25.300,1457.0000,105.709028
37.900,25.300,1458.0000,99.852884
37.900,25.300,1459.0000,87.538058
37.900,25.300,1460.0000,64.189259
37.900,25.300,1461.0000,77.575259
37.900,25.300,1462.0000,62.025879
37.900,25.300,1463.0000,44.688066
37.900,25.300,1464.0000,37.820124
37.900,25.300,1465.0000,51.893916
37.900,25.300,1466.0000,40.677536
37.900,25.300,1467.0000,32.250000
37.900,25.300,1468.0000,21.718332
37.900,25.300,1469.0000,31.656203
37.900,25.300,1470.0000,25.976450
37.900,25.300,1471.0000,32.057845
37.900,25.300,1472.0000,20.675607
37.900,25.300,1473.0000,28.253104
37.900,25.300,1474.0000,23.829167
37.900,25.300,1475.0000,21.261815
37.900,25.300,1476.0000,16.243142
37.900,25.300,1477.0000,9.553881
37.900,25.300,1478.0000,27.414604
37.900,25.300,1479.0000,8.760304
37.900,25.300,1480.0000,19.765031
37.900,25.300,1481.0000,17.770265
37.900,25.300,1482.0000,5.476426
37.900,25.300,1483.0000,18.785585
37.900,25.300,1484.0000,21.277654
37.900,25.300,1485.0000,11.810480
37.900,25.300,1486.0000,3.966446
37.900,25.300,1487.0000,10.206050
37.900,25.300,1488.0000,3.653021
37.900,25.300,1489.0000,18.771606
37.900,25.300,1490.0000,13.872727
37.900,25.300,1491.0000,13.143185
37.900,25.300,1492.0000,6.844214
37.900,25.300,1493.0000,12.419231
37.900,25.300,1494.0000,6.233931
37.900,25.300,1495.0000,8.668489
37.900,25.300,1496.0000,3.110887
37.900,25.300,1497.0000,4.431170
37.900,25.300,1498.0000,9.276761
37.900,25.300,1499.0000,4.946203
37.900,25.300,1500.0000,12.332123
37.900,25.300,1501.0000,16.202439
37.900,25.300,1502.0000,-3.755922
37.900,25.300,1503.0000,10.208882
37.900,25.300,1504.0000,6.323366
37.900,25.300,1505.0000,3.330674
37.900,25.300,1506.0000,14.236654
37.900,25.300,1507.0000,10.996448
37.900,25.300,1508.0000,1.215466
37.900,25.300,1509.0000,0.388324
37.900,25.300,1510.0000,6.771881
37.900,25.300,1511.0000,-0.527801
37.900,25.300,1512.0000,2.298374
37.900,25.300,1513.0000,-5.395447
37.900,25.300,1514.0000,11.943674
37.900,25.300,1515.0000,2.733596
37.900,25.300,1516.0000,11.132460
37.900,25.300,1517.0000,-0.241664
37.900,25.300,1518.0000,-4.489984
37.900,25.300,1519.0000,11.669544
37.900,25.300,1520.0000,9.147759
37.900,25.300,1521.0000,5.124087
37.900,25.300,1522.0000,10.271721
37.900,25.300,1523.0000,3.263897
37.900,25.300,1524.0000,-0.467573
37.900,25.300,1525.0000,-5.064982
37.900,25.300,1526.0000,8.977457
37.900,25.300,1527.0000,18.456159
37.900,25.300,1528.0000,-2.314595
37.900,25.300,1529.0000,18.895038
37.900,25.300,1530.0000,16.138803
37.900,25.300,1531.0000,6.549215
37.900,25.300,1532.0000,2.967168
37.900,25.300,1533.0000,6.852216
37.900,25.300,1534.0000,4.027372
37.900,25.300,1535.0000,12.803040
37.900,25.300,1536.0000,6.919525
37.900,25.300,1537.0000,10.940613
37.900,25.300,1538.0000,-1.332998
37.900,25.300,1539.0000,3.160076
37.900,25.300,1540.0000,18.066449
37.900,25.300,1541.0000,21.768286
37.900,25.300,1542.0000,5.283370
37.900,25.300,1543.0000,12.547667
37.900,25.300,1544.0000,7.197872
37.900,25.300,1545.0000,11.234023
37.900,25.300,1546.0000,15.048281
37.900,25.300,1547.0000,12.205497
37.900,25.300,1548.0000,12.776015
37.900,25.300,1549.0000,3.797085
37.900,25.300,1550.0000,10.616462
37.900,25.300,1551.0000,4.212162
37.900,25.300,1552.0000,26.080425
37.900,25.300,1553.0000,6.551023
37.900,25.300,1554.0000,2.382432
37.900,25.300,1555.0000,18.324954
37.900,25.300,1556.0000,11.064127
37.900,25.300,1557.0000,23.519384
37.900,25.300,1558.0000,18.568001
37.900,25.300,1559.0000,-1.758981
37.900,25.300,1560.0000,8.543842
37.900,25.300,1561.0000,19.434936
37.900,25.300,1562.0000,19.366992
37.900,25.300,1563.0000,17.381087
37.900,25.300,1564.0000,19.055733
37.900,25.300,1565.0000,12.941845
37.900,25.300,1566.0000,22.739834
37.900,25.300,1567.0000,36.820775
37.900,25.300,1568.0000,24.956632
37.900,25.300,1569.0000,37.161516
37.900,25.300,1570.0000,38.225222
37.900,25.300,1571.0000,36.271474
37.900,25.300,1572.0000,41.183198
37.900,25.300,1573.0000,51.549325
37.900,25.300,1574.0000,57.289679
37.900,25.300,1575.0000,74.739521
37.900,25.300,1576.0000,83.280814
37.900,25.300,1577.0000,101.279927
37.900,25.300,1578.0000,115.225696
37.900,25.300,1579.0000,144.182883
37.900,25.300,1580.0000,174.425487
37.900,25.300,1581.0000,197.289073
37.900,25.300,1582.0000,222.410642
37.900,25.300,1583.0000,239.151771
37.900,25.300,1584.0000,222.999499
37.900,25.300,1585.0000,215.506001
37.900,25.300,1586.0000,185.355514
37.900,25.300,1587.0000,171.639177
37.900,25.300,1588.0000,150.024332
37.900,25.300,1589.0000,143.818796
37.900,25.300,1590.0000,134.974992
37.900,25.300,1591.0000,130.044376
37.900,25.300,1592.0000,140.491189
37.900,25.300,1593.0000,140.803417
37.900,25.300,1594.0000,166.524581
37.900,25.300,1595.0000,187.926532
37.900,25.300,1596.0000,221.370014
37.900,25.300,1597.0000,272.432774
37.900,25.300,1598.0000,350.730309
37.900,25.300,1599.0000,428.979564
37.900,25.300,1600.0000,539.802543
37.900,25.300,1601.0000,618.987493
37.900,25.300,1602.0000,655.839566
37.900,25.300,1603.0000,617.289065
37.900,25.300,1604.0000,523.903835
37.900,25.300,1605.0000,424.156174
37.900,25.300,1606.0000,329.164329
37.900,25.300,1607.0000,254.881458
37.900,25.300,1608.0000,200.140972
37.900,25.300,1609.0000,176.437620
37.900,25.300,1610.0000,135.878961
37.900,25.300,1611.0000,112.627763
37.900,25.300,1612.0000,106.413303
37.900,25.300,1613.0000,74.382764
37.900,25.300,1614.0000,65.328004
37.900,25.300,1615.0000,64.250826
37.900,25.300,1616.0000,57.631820
37.900,25.300,1617.0000,37.213463
37.900,25.300,1618.0000,44.181121
37.900,25.300,1619.0000,39.644602
37.900,25.300,1620.0000,32.327028
37.900,25.300,1621.0000,27.915247
37.900,25.300,1622.0000,19.871277
37.900,25.300,1623.0000,23.528424
37.900,25.300,1624.0000,26.202117
37.900,25.300,1625.0000,26.606780
37.900,25.300,1626.0000,18.680799
37.900,25.300,1627.0000,17.807669
37.900,25.300,1628.0000,19.088702
37.900,25.300,1629.0000,25.511102
37.900,25.300,1630.0000,5.301069
37.900,25.300,1631.0000,14.158911
37.900,25.300,1632.0000,11.330376
37.900,25.300,1633.0000,14.260512
37.900,25.300,1634.0000,19.106159
37.900,25.300,1635.0000,10.068500
37.900,25.300,1636.0000,10.292781
37.900,25.300,1637.0000,23.943940
37.900,25.300,1638.0000,13.194709
37.900,25.300,1639.0000,6.271969
37.900,25.300,1640.0000,3.977793
37.900,25.300,1641.0000,13.515412
37.900,25.300,1642.0000,-1.366662
37.900,25.300,1643.0000,1.581572
37.900,25.300,1644.0000,-1.172979
37.900,25.300,1645.0000,8.435701
37.900,25.300,1646.0000,7.712726
37.900,25.300,1647.0000,13.729906
37.900,25.300,1648.0000,-0.216551
37.900,25.300,1649.0000,8.086638
37.900,25.300,1650.0000,-2.223393
37.900,25.300,1651.0000,12.455622
37.900,25.300,1652.0000,9.203567
37.900,25.300,1653.0000,16.986152
37.900,25.300,1654.0000,10.096354
37.900,25.300,1655.0000,7.726870
37.900,25.300,1656.0000,1.104717
37.900,25.300,1657.0000,2.609777
37.900,25.300,1658.0000,11.877886
37.900,25.300,1659.0000,7.504763
37.900,25.300,1660.0000,8.872874
37.900,25.300,1661.0000,-2.917704
37.900,25.300,1662.0000,4.122154
37.900,25.300,1663.0000,-5.274085
37.900,25.300,1664.0000,-0.796696
37.900,25.300,1665.0000,5.014020
37.900,25.300,1666.0000,6.555805
37.900,25.300,1667.0000,-6.481181
37.900,25.300,1668.0000,0.471865
37.900,25.300,1669.0000,6.053867
37.900,25.300,1670.0000,-2.337696
37.900,25.300,1671.0000,-0.275250
37.900,25.300,1672.0000,7.870302
37.900,25.300,1673.0000,0.687242
37.900,25.300,1674.0000,13.680877
37.900,25.300,1675.0000,4.785707
37.900,25.300,1676.0000,9.952354
37.900,25.300,1677.0000,4.101329
37.900,25.300,1678.0000,-3.249280
37.900,25.300,1679.0000,6.828372
37.900,25.300,1680.0000,-5.502300
37.900,25.300,1681.0000,-0.487734
37.900,25.300,1682.0000,-2.701028
37.900,25.300,1683.0000,4.479912
37.900,25.300,1684.0000,9.569822
37.900,25.300,1685.0000,-5.878755
37.900,25.300,1686.0000,-0.173437
37.900,25.300,1687.0000,4.537861
37.900,25.300,1688.0000,-8.746107
37.900,25.300,1689.0000,-1.046338
37.900,25.300,1690.0000,9.101783
37.900,25.300,1691.0000,-2.547413
37.900,25.300,1692.0000,3.533056
37.900,25.300,1693.0000,3.741895
37.900,25.300,1694.0000,11.649591
37.900,25.300,1695.0000,0.231149
37.900,25.300,1696.0000,-5.475054
37.900,25.300,1697.0000,-3.014539
37.900,25.300,1698.0000,9.748159
37.900,25.300,1699.0000,1.579686
37.900,25.300,1700.0000,2.112199
37.900,25.300,1701.0000,2.399146
37.900,25.300,1702.0000,-1.111331
37.900,25.300,1703.0000,-4.947914
37.900,25.300,1704.0000,11.517736
37.900,25.300,1705.0000,2.812956
37.900,25.300,1706.0000,11.598088
37.900,25.300,1707.0000,-8.522997
37.900,25.300,1708.0000,9.505818
37.900,25.300,1709.0000,0.025819
37.900,25.300,1710.0000,1.727693
37.900,25.300,1711.0000,0.520580
37.900,25.300,1712.0000,-11.272015
37.900,25.300,1713.0000,-10.955204
37.900,25.300,1714.0000,5.069033
37.900,25.300,1715.0000,5.263641
37.900,25.300,1716.0000,6.237250
37.900,25.300,1717.0000,0.485014
37.900,25.300,1718.0000,-2.023137
37.900,25.300,1719.0000,1.591895
37.900,25.300,1720.0000,8.260713
37.900,25.300,1721.0000,7.488825
37.900,25.300,1722.0000,1.629820
37.900,25.300,1723.0000,5.894109
37.900,25.300,1724.0000,-0.909866
37.900,25.300,1725.0000,-5.106812
37.900,25.300,1726.0000,3.966616
37.900,25.300,1727.0000,0.741531
37.900,25.300,1728.0000,3.586190
37.900,25.300,1729.0000,0.509322
37.900,25.300,1730.0000,5.091613
37.900,25.300,1731.0000,-8.038307
37.900,25.300,1732.0000,2.307532
37.900,25.300,1733.0000,-5.630336
37.900,25.300,1734.0000,-5.447087
37.900,25.300,1735.0000,-9.815065
37.900,25.300,1736.0000,4.488866
37.900,25.300,1737.0000,-3.119358
37.900,25.300,1738.0000,1.947989
37.900,25.300,1739.0000,-0.982407
37.900,25.300,1740.0000,3.538645
37.900,25.300,1741.0000,1.468493
37.900,25.300,1742.0000,-1.949973
37.900,25.300,1743.0000,-3.104317
37.900,25.300,1744.0000,-1.093557
37.900,25.300,1745.0000,-4.735033
37.900,25.300,1746.0000,2.892011
37.900,25.300,1747.0000,4.362685
37.900,25.300,1748.0000,-2.151352
37.900,25.300,1749.0000,9.885034
37.900,25.300,1750.0000,8.589740
37.900,25.300,1751.0000,-4.179402
37.900,25.300,1752.0000,0.895212
37.900,25.300,1753.0000,11.305602
37.900,25.300,1754.0000,-9.903970
37.900,25.300,1755.0000,-0.857417
37.900,25.300,1756.0000,0.302109
37.900,25.300,1757.0000,6.964872
37.900,25.300,1758.0000,9.043517
37.900,25.300,1759.0000,9.601541
37.900,25.300,1760.0000,-3.732979
37.900,25.300,1761.0000,-3.424157
37.900,25.300,1762.0000,7.375943
37.900,25.300,1763.0000,-0.813069
37.900,25.300,1764.0000,2.889366
37.900,25.300,1765.0000,-5.825557
37.900,25.300,1766.0000,-1.184654
37.900,25.300,1767.0000,1.287173
37.900,25.300,1768.0000,11.998910
37.900,25.300,1769.0000,4.783144
37.900,25.300,1770.0000,-3.878155
37.900,25.300,1771.0000,4.772181
37.900,25.300,1772.0000,13.637758
37.900,25.300,1773.0000,-5.042179
37.900,25.300,1774.0000,1.352868
37.900,25.300,1775.0000,9.905784
37.900,25.300,1776.0000,-2.473561
37.900,25.300,1777.0000,4.005391
37.900,25.300,1778.0000,-2.116727
37.900,25.300,1779.0000,10.230797
37.900,25.300,1780.0000,7.312538
37.900,25.300,1781.0000,4.737044
37.900,25.300,1782.0000,-4.548893
37.900,25.300,1783.0000,1.202141
37.900,25.300,1784.0000,-2.385626
37.900,25.300,1785.0000,-3.627785
37.900,25.300,1786.0000,0.795762
37.900,25.300,1787.0000,4.234355
37.900,25.300,1788.0000,13.540399
37.900,25.300,1789.0000,-4.401253
37.900,25.300,1790.0000,3.039686
37.900,25.300,1791.0000,13.071508
37.900,25.300,1792.0000,0.272091
37.900,25.300,1793.0000,-1.880719
37.900,25.300,1794.0000,-7.119153
37.900,25.300,1795.0000,-11.993601
37.900,25.300,1796.0000,5.838061
37.900,25.300,1797.0000,4.708503
37.900,25.300,1798.0000,-4.333431
37.900,25.300,1799.0000,5.041231
37.900,25.300,1800.0000,14.517100
37.900,25.300,1801.0000,5.602737
37.900,25.300,1802.0000,-2.059478
37.900,25.300,1803.0000,-1.048871
37.900,25.300,1804.0000,0.847763
37.900,25.300,1805.0000,4.496239
37.900,25.300,1806.0000,-1.054048
37.900,25.300,1807.0000,3.626042
37.900,25.300,1808.0000,-3.222943
37.900,25.300,1809.0000,-2.340913
37.900,25.300,1810.0000,-2.088903
37.900,25.300,1811.0000,7.847705
37.900,25.300,1812.0000,4.962472
37.900,25.300,1813.0000,4.938760
37.900,25.300,1814.0000,-9.199984
37.900,25.300,1815.0000,1.625989
37.900,25.300,1816.0000,-11.987570
37.900,25.300,1817.0000,-0.082312
37.900,25.300,1818.0000,0.319763
37.900,25.300,1819.0000,3.085820
37.900,25.300,1820.0000,6.669345
37.900,25.300,1821.0000,-3.952368
37.900,25.300,1822.0000,-0.130998
37.900,25.300,1823.0000,-1.201211
37.900,25.300,1824.0000,1.978755
37.900,25.300,1825.0000,-6.650942
37.900,25.300,1826.0000,7.725754
37.900,25.300,1827.0000,-1.617238
37.900,25.300,1828.0000,-5.065915
37.900,25.300,1829.0000,-5.454967
37.900,25.300,1830.0000,6.372152
37.900,25.300,1831.0000,4.471131
37.900,25.300,1832.0000,6.432860
37.900,25.300,1833.0000,-21.763763
37.900,25.300,1834.0000,-9.639433
37.900,25.300,1835.0000,-7.263537
37.900,25.300,1836.0000,11.792235
37.900,25.300,1837.0000,-3.056448
37.900,25.300,1838.0000,7.167556
37.900,25.300,1839.0000,-4.768893
37.900,25.300,1840.0000,-10.740627
37.900,25.300,1841.0000,5.782113
37.900,25.300,1842.0000,4.065046
37.900,25.300,1843.0000,-6.162013
37.900,25.300,1844.0000,6.003661
37.900,25.300,1845.0000,8.164020
37.900,25.300,1846.0000,12.038468
37.900,25.300,1847.0000,-0.986423
37.900,25.300,1848.0000,14.958547
37.900,25.300,1849.0000,-8.249379
37.900,25.300,1850.0000,-9.732937
37.900,25.300,1851.0000,-6.431249
37.900,25.300,1852.0000,0.849311
37.900,25.300,1853.0000,3.705074
37.900,25.300,1854.0000,0.823744
37.900,25.300,1855.0000,2.541895
37.900,25.300,1856.0000,4.926851
37.900,25.300,1857.0000,-13.725314
37.900,25.300,1858.0000,-0.971348
37.900,25.300,1859.0000,-2.252172
37.900,25.300,1860.0000,-10.345273
37.900,25.300,1861.0000,4.861863
37.900,25.300,1862.0000,1.478531
37.900,25.300,1863.0000,-3.028003
37.900,25.300,1864.0000,11.989839
37.900,25.300,1865.0000,0.684916
37.900,25.300,1866.0000,-4.716093
37.900,25.300,1867.0000,10.731203
37.900,25.300,1868.0000,7.417015
37.900,25.300,1869.0000,4.243038
37.900,25.300,1870.0000,4.084219
37.900,25.300,1871.0000,-4.130983
37.900,25.300,1872.0000,1.125995
37.900,25.300,1873.0000,-8.351922
37.900,25.300,1874.0000,0.271634
37.900,25.300,1875.0000,-0.282699
37.900,25.300,1876.0000,3.101208
37.900,25.300,1877.0000,5.880042
37.900,25.300,1878.0000,10.604915
37.900,25.300,1879.0000,-3.218510
37.900,25.300,1880.0000,-7.478253
37.900,25.300,1881.0000,-0.687941
37.900,25.300,1882.0000,-8.679622
37.900,25.300,1883.0000,2.244059
37.900,25.300,1884.0000,-3.125437
37.900,25.300,1885.0000,5.021679
37.900,25.300,1886.0000,-5.082134
37.900,25.300,1887.0000,-7.921589
37.900,25.300,1888.0000,-9.739632
37.900,25.300,1889.0000,-4.105484
37.900,25.300,1890.0000,-1.211488
37.900,25.300,1891.0000,4.693395
37.900,25.300,1892.0000,-7.451872
37.900,25.300,1893.0000,-4.812512
37.900,25.300,1894.0000,5.401219
37.900,25.300,1895.0000,-0.492679
37.900,25.300,1896.0000,3.940070
37.900,25.300,1897.0000,2.223089
37.900,25.300,1898.0000,-2.993539
37.900,25.300,1899.0000,-1.934394
37.900,25.300,1900.0000,-9.869803
37.900,25.300,1901.0000,-3.803690
37.900,25.300,1902.0000,10.457751
37.900,25.300,1903.0000,-1.383581
37.900,25.300,1904.0000,9.018315
37.900,25.300,1905.0000,19.895143
37.900,25.300,1906.0000,-3.912375
37.900,25.300,1907.0000,-1.073260
37.900,25.300,1908.0000,2.790119
37.900,25.300,1909.0000,-3.563078
37.900,25.300,1910.0000,1.310583
37.900,25.300,1911.0000,-12.989898
37.900,25.300,1912.0000,6.147018
37.900,25.300,1913.0000,8.753800
37.900,25.300,1914.0000,-17.153333
37.900,25.300,1915.0000,2.952483
37.900,25.300,1916.0000,2.514953
37.900,25.300,1917.0000,-7.425948
37.900,25.300,1918.0000,1.404543
37.900,25.300,1919.0000,2.676916
37.900,25.300,1920.0000,-3.570492
37.900,25.300,1921.0000,8.723814
37.900,25.300,1922.0000,-5.932472
37.900,25.300,1923.0000,3.968994
37.900,25.300,1924.0000,-2.534715
37.900,25.300,1925.0000,-3.375958
37.900,25.300,1926.0000,10.002139
37.900,25.300,1927.0000,-4.467699
37.900,25.300,1928.0000,-4.646575
37.900,25.300,1929.0000,-2.990576
37.900,25.300,1930.0000,-6.357453
37.900,25.300,1931.0000,-10.924634
37.900,25.300,1932.0000,-4.755302
37.900,25.300,1933.0000,0.548695
37.900,25.300,1934.0000,-2.725970
37.900,25.300,1935.0000,1.131307
37.900,25.300,1936.0000,-7.767247
37.900,25.300,1937.0000,-3.922425
37.900,25.300,1938.0000,0.887655
37.900,25.300,1939.0000,-3.590198
37.900,25.300,1940.0000,-3.175975
37.900,25.300,1941.0000,-3.364513
37.900,25.300,1942.0000,-6.694110
37.900,25.300,1943.0000,-4.247050
37.900,25.300,1944.0000,-6.071344
37.900,25.300,1945.0000,-2.886798
37.900,25.300,1946.0000,-7.454951
37.900,25.300,1947.0000,-2.171774
37.900,25.300,1948.0000,-5.123634
37.900,25.300,1949.0000,2.448804
37.900,25.300,1950.0000,6.742824
37.900,25.300,1951.0000,-15.246978
37.900,25.300,1952.0000,0.241336
37.900,25.300,1953.0000,-1.080758
37.900,25.300,1954.0000,4.945988
37.900,25.300,1955.0000,-0.424971
37.900,25.300,1956.0000,-6.914836
37.900,25.300,1957.0000,0.618512
37.900,25.300,1958.0000,1.752139
37.900,25.300,1959.0000,-0.886661
37.900,25.300,1960.0000,1.181941
37.900,25.300,1961.0000,-9.418697
37.900,25.300,1962.0000,0.669607
37.900,25.300,1963.0000,-7.152329
37.900,25.300,1964.0000,-1.504032
37.900,25.300,1965.0000,-6.473520
37.900,25.300,1966.0000,0.471201
37.900,25.300,1967.0000,-6.434505
37.900,25.300,1968.0000,-0.352077
37.900,25.300,1969.0000,2.248088
37.900,25.300,1970.0000,-9.482781
37.900,25.300,1971.0000,4.733134
37.900,25.300,1972.0000,9.527958
37.900,25.300,1973.0000,5.236803
37.900,25.300,1974.0000,-6.882404
37.900,25.300,1975.0000,16.141876
37.900,25.300,1976.0000,-1.409840
37.900,25.300,1977.0000,-5.335296
37.900,25.300,1978.0000,0.758649
37.900,25.300,1979.0000,-2.953123
37.900,25.300,1980.0000,-0.480833
37.900,25.300,1981.0000,10.332211
37.900,25.300,1982.0000,7.996833
37.900,25.300,1983.0000,-1.089712
37.900,25.300,1984.0000,-0.335696
37.900,25.300,1985.0000,3.789387
37.900,25.300,1986.0000,0.587768
37.900,25.300,1987.0000,8.229586
37.900,25.300,1988.0000,-4.448269
37.900,25.300,1989.0000,-10.585126
37.900,25.300,1990.0000,-2.491387
37.900,25.300,1991.0000,5.554705
37.900,25.300,1992.0000,9.192692
37.900,25.300,1993.0000,2.477814
37.900,25.300,1994.0000,5.791413
37.900,25.300,1995.0000,9.961875
37.900,25.300,1996.0000,-5.563865
37.900,25.300,1997.0000,1.765632
37.900,25.300,1998.0000,2.568206
37.900,25.300,1999.0000,-0.258522
37.900,25.300,2000.0000,-8.955350
37.900,25.400,200.0000,5.941312
37.900,25.400,201.0000,-6.955358
37.900,25.400,202.0000,-1.590943
37.900,25.400,203.0000,3.402859
37.900,25.400,204.0000,-2.057005
37.900,25.400,205.0000,8.085923
37.900,25.400,206.0000,-3.027425
37.900,25.400,207.0000,-8.847005
37.900,25.400,208.0000,-6.329026
37.900,25.400,209.0000,-4.861670
37.900,25.400,210.0000,1.381538
37.900,25.400,211.0000,-8.913171
37.900,25.400,212.0000,-3.029435
37.900,25.400,213.0000,-1.627377
37.900,25.400,214.0000,9.760649
37.900,25.400,215.0000,3.030461
37.900,25.400,216.0000,7.162472
37.900,25.400,217.0000,-14.614588
37.900,25.400,218.0000,1.799780
37.900,25.400,219.0000,-0.265510
37.900,25.400,220.0000,0.782867
37.900,25.400,221.0000,6.431103
37.900,25.400,222.0000,-1.310547
37.900,25.400,223.0000,-1.951259
37.900,25.400,224.0000,-4.315153
37.900,25.400,225.0000,-3.247576
37.900,25.400,226.0000,2.451380
37.900,25.400,227.0000,-7.942055
37.900,25.400,228.0000,-4.016309
37.900,25.400,229.0000,-7.937260
37.900,25.400,230.0000,-0.509687
37.900,25.400,231.0000,6.064720
37.900,25.400,232.0000,1.072391
37.900,25.400,233.0000,5.746336
37.900,25.400,234.0000,-0.143333
37.900,25.400,235.0000,-2.210506
37.900,25.400,236.0000,-4.563260
37.900,25.400,237.0000,3.199751
37.900,25.400,238.0000,0.366028
37.900,25.400,239.0000,-0.178257
37.900,25.400,240.0000,0.788267
37.900,25.400,241.0000,4.223563
37.900,25.400,242.0000,-12.002423
37.900,25.400,243.0000,2.077986
37.900,25.400,244.0000,4.543411
37.900,25.400,245.0000,-3.661698
37.900,25.400,246.0000,-5.554201
37.900,25.400,247.0000,0.492365
37.900,25.400,248.0000,7.718311
37.900,25.400,249.0000,3.479766
37.900,25.400,250.0000,-8.948240
37.900,25.400,251.0000,9.317693
37.900,25.400,252.0000,3.372809
37.900,25.400,253.0000,-4.161085
37.900,25.400,254.0000,-9.999311
37.900,25.400,255.0000,-5.034201
37.900,25.400,256.0000,-3.971049
37.900,25.400,257.0000,12.785693
37.900,25.400,258.0000,0.335360
37.900,25.400,259.0000,-3.503681
37.900,25.400,260.0000,2.007543
37.900,25.400,261.0000,3.376518
37.900,25.400,262.0000,1.998309
37.900,25.400,263.0000,3.939639
37.900,25.400,264.0000,1.542403
37.900,25.400,265.0000,-1.891855
37.900,25.400,266.0000,9.559628
37.900,25.400,267.0000,-0.380851
37.900,25.400,268.0000,-9.907096
37.900,25.400,269.0000,-2.950986
37.900,25.400,270.0000,-15.123139
37.900,25.400,271.0000,-11.478862
37.900,25.400,272.0000,-22.730657
37.900,25.400,273.0000,2.091851
37.900,25.400,274.0000,4.429628
37.900,25.400,275.0000,7.448458
37.900,25.400,276.0000,-5.960752
37.900,25.400,277.0000,-8.504663
37.900,25.400,278.0000,0.993450
37.900,25.400,279.0000,1.937601
37.900,25.400,280.0000,-6.734194
37.900,25.400,281.0000,3.747920
37.900,25.400,282.0000,-5.101509
37.900,25.400,283.0000,-12.588414
37.900,25.400,284.0000,5.006131
37.900,25.400,285.0000,-4.007810
37.900,25.400,286.0000,3.215497
37.900,25.400,287.0000,3.766022
37.900,25.400,288.0000,-4.068002
37.900,25.400,289.0000,5.953519
37.900,25.400,290.0000,0.303308
37.900,25.400,291.0000,-0.976603
37.900,25.400,292.0000,0.185091
37.900,25.400,293.0000,-7.934389
37.900,25.400,294.0000,3.609713
37.900,25.400,295.0000,-1.104743
37.900,25.400,296.0000,3.912850
37.900,25.400,297.0000,-8.563037
37.900,25.400,298.0000,9.736800
37.900,25.400,299.0000,-8.423393
37.900,25.400,300.0000,0.746875
37.900,25.400,301.0000,5.467763
37.900,25.400,302.0000,-0.485345
37.900,25.400,303.0000,-1.712936
37.900,25.400,304.0000,-3.363168
37.900,25.400,305.0000,-7.763726
37.900,25.400,306.0000,-3.898974
37.900,25.400,307.0000,0.028128
37.900,25.400,308.0000,0.842082
37.900,25.400,309.0000,-2.392968
37.900,25.400,310.0000,-7.007439
37.900,25.400,311.0000,3.071987
37.900,25.400,312.0000,-7.219844
37.900,25.400,313.0000,4.046552
37.900,25.400,314.0000,-7.126027
37.900,25.400,315.0000,10.415058
37.900,25.400,316.0000,1.998502
37.900,25.400,317.0000,5.042959
37.900,25.400,318.0000,-6.620653
37.900,25.400,319.0000,11.097008
37.900,25.400,320.0000,3.933669
37.900,25.400,321.0000,-5.729206
37.900,25.400,322.0000,12.170909
37.900,25.400,323.0000,-3.126664
37.900,25.400,324.0000,3.006394
37.900,25.400,325.0000,-0.796201
37.900,25.400,326.0000,10.010908
37.900,25.400,327.0000,0.846356
37.900,25.400,328.0000,-5.639560
37.900,25.400,329.0000,7.208552
37.900,25.400,330.0000,1.031346
37.900,25.400,331.0000,3.631983
37.900,25.400,332.0000,-2.189740
37.900,25.400,333.0000,9.731507
37.900,25.400,334.0000,2.577125
37.900,25.400,335.0000,3.391241
37.900,25.400,336.0000,-6.304360
37.900,25.400,337.0000,-5.093239
37.900,25.400,338.0000,0.346265
37.900,25.400,339.0000,-8.771557
37.900,25.400,340.0000,-4.977377
37.900,25.400,341.0000,-2.599289
37.900,25.400,342.0000,-0.372991
37.900,25.400,343.0000,5.301681
37.900,25.400,344.0000,-0.352862
37.900,25.400,345.0000,0.319271
37.900,25.400,346.0000,-5.174961
37.900,25.400,347.0000,-0.027105
37.900,25.400,348.0000,2.723407
37.900,25.400,349.0000,-0.775717
37.900,25.400,350.0000,-9.333105
37.900,25.400,351.0000,2.401964
37.900,25.400,352.0000,8.647916
37.900,25.400,353.0000,1.682646
37.900,25.400,354.0000,-5.023033
37.900,25.400,355.0000,8.325784
37.900,25.400,356.0000,-3.537965
37.900,25.400,357.0000,8.671997
37.900,25.400,358.0000,-0.305708
37.900,25.400,359.0000,-0.075267
37.900,25.400,360.0000,-9.226309
37.900,25.400,361.0000,-2.257778
37.900,25.400,362.0000,-1.299643
37.900,25.400,363.0000,0.281299
37.900,25.400,364.0000,-3.674826
37.900,25.400,365.0000,-8.800547
37.900,25.400,366.0000,-14.244939
37.900,25.400,367.0000,0.479319
37.900,25.400,368.0000,9.241316
37.900,25.400,369.0000,12.212330
37.900,25.400,370.0000,-2.115782
37.900,25.400,371.0000,-11.584649
37.900,25.400,372.0000,6.812311
37.900,25.400,373.0000,1.238235
37.900,25.400,374.0000,2.645176
37.900,25.400,375.0000,-0.142496
37.900,25.400,376.0000,-6.885628
37.900,25.400,377.0000,12.705785
37.900,25.400,378.0000,0.627766
37.900,25.400,379.0000,-2.702558
37.900,25.400,380.0000,0.577042
37.900,25.400,381.0000,-0.567639
37.900,25.400,382.0000,7.575800
37.900,25.400,383.0000,7.314471
37.900,25.400,384.0000,-8.502128
37.900,25.400,385.0000,-0.637354
37.900,25.400,386.0000,-10.935460
37.900,25.400,387.0000,5.191120
37.900,25.400,388.0000,4.505555
37.900,25.400,389.0000,4.928713
37.900,25.400,390.0000,0.718491
37.900,25.400,391.0000,-0.663457
37.900,25.400,392.0000,-8.183568
37.900,25.400,393.0000,-1.068479
37.900,25.400,394.0000,8.338728
37.900,25.400,395.0000,-3.020584
37.900,25.400,396.0000,-1.869685
37.900,25.400,397.0000,-1.308439
37.900,25.400,398.0000,2.049270
37.900,25.400,399.0000,-4.963770
37.900,25.400,400.0000,-1.043034
37.900,25.400,401.0000,5.772220
37.900,25.400,402.0000,-1.041300
37.900,25.400,403.0000,-1.504362
37.900,25.400,404.0000,-3.193113
37.900,25.400,405.0000,3.172836
37.900,25.400,406.0000,9.181731
37.900,25.400,407.0000,-1.395403
37.900,25.400,408.0000,-7.221704
37.900,25.400,409.0000,0.148139
37.900,25.400,410.0000,1.578065
37.900,25.400,411.0000,-4.252959
37.900,25.400,412.0000,4.514424
37.900,25.400,413.0000,15.465475
37.900,25.400,414.0000,-1.968094
37.900,25.400,415.0000,2.353779
37.900,25.400,416.0000,-5.322956
37.900,25.400,417.0000,8.012906
37.900,25.400,418.0000,-0.915385
37.900,25.400,419.0000,-10.940892
37.900,25.400,420.0000,0.990584
37.900,25.400,421.0000,-0.299152
37.900,25.400,422.0000,1.759183
37.900,25.400,423.0000,-1.647595
37.900,25.400,424.0000,-3.877983
37.900,25.400,425.0000,1.063178
37.900,25.400,426.0000,2.569126
37.900,25.400,427.0000,1.733100
37.900,25.400,428.0000,-1.278481
37.900,25.400,429.0000,10.829154
37.900,25.400,430.0000,-1.114858
37.900,25.400,431.0000,-1.724844
37.900,25.400,432.0000,1.585156
37.900,25.400,433.0000,2.123726
37.900,25.400,434.0000,3.237675
37.900,25.400,435.0000,6.086779
37.900,25.400,436.0000,2.568346
37.900,25.400,437.0000,-6.390510
37.900,25.400,438.0000,-12.751441
37.900,25.400,439.0000,3.951454
37.900,25.400,440.0000,11.037541
37.900,25.400,441.0000,10.488399
37.900,25.400,442.0000,11.546375
37.900,25.400,443.0000,2.438684
37.900,25.400,444.0000,-6.672509
37.900,25.400,445.0000,-2.938931
37.900,25.400,446.0000,-22.795459
37.900,25.400,447.0000,-2.321593
37.900,25.400,448.0000,-3.533095
37.900,25.400,449.0000,3.355159
37.900,25.400,450.0000,-3.974591
37.900,25.400,451.0000,-4.070980
37.900,25.400,452.0000,3.690853
37.900,25.400,453.0000,1.539085
37.900,25.400,454.0000,-2.732950
37.900,25.400,455.0000,-5.667592
37.900,25.400,456.0000,0.517829
37.900,25.400,457.0000,1.765963
37.900,25.400,458.0000,-0.510023
37.900,25.400,459.0000,-9.870420
37.900,25.400,460.0000,14.438405
37.900,25.400,461.0000,-6.157241
37.900,25.400,462.0000,6.091373
37.900,25.400,463.0000,-11.905966
37.900,25.400,464.0000,-8.500390
37.900,25.400,465.0000,-6.557571
37.900,25.400,466.0000,-4.476230
37.900,25.400,467.0000,-7.701172
37.900,25.400,468.0000,5.063189
37.900,25.400,469.0000,1.534248
37.900,25.400,470.0000,4.969462
37.900,25.400,471.0000,-1.306211
37.900,25.400,472.0000,-3.100138
37.900,25.400,473.0000,-6.952902
37.900,25.400,474.0000,2.209368
37.900,25.400,475.0000,-0.695730
37.900,25.400,476.0000,0.632920
37.900,25.400,477.0000,1.246281
37.900,25.400,478.0000,12.843100
37.900,25.400,479.0000,5.454147
37.900,25.400,480.0000,6.074970
37.900,25.400,481.0000,0.747261
37.900,25.400,482.0000,3.001618
37.900,25.400,483.0000,-0.408049
37.900,25.400,484.0000,4.520177
37.900,25.400,485.0000,6.868607
37.900,25.400,486.0000,1.150828
37.900,25.400,487.0000,3.508113
37.900,25.400,488.0000,3.090578
37.900,25.400,489.0000,-14.869206
37.900,25.400,490.0000,8.152466
37.900,25.400,491.0000,2.165995
37.900,25.400,492.0000,-4.348910
37.900,25.400,493.0000,8.646139
37.900,25.400,494.0000,-5.013401
37.900,25.400,495.0000,-5.607980
37.900,25.400,496.0000,0.328946
37.900,25.400,497.0000,2.929120
37.900,25.400,498.0000,1.516475
37.900,25.400,499.0000,1.884632
37.900,25.400,500.0000,9.181337
37.900,25.400,501.0000,-0.636712
37.900,25.400,502.0000,-2.758985
37.900,25.400,503.0000,-6.095302
37.900,25.400,504.0000,-3.363293
37.900,25.400,505.0000,15.539731
37.900,25.400,506.0000,1.504390
37.900,25.400,507.0000,-3.459856
37.900,25.400,508.0000,-0.385701
37.900,25.400,509.0000,-4.315673
37.900,25.400,510.0000,-1.404377
37.900,25.400,511.0000,4.700874
37.900,25.400,512.0000,-1.767626
37.900,25.400,513.0000,-4.443938
37.900,25.400,514.0000,6.533296
37.900,25.400,515.0000,-6.850958
37.900,25.400,516.0000,2.387092
37.900,25.400,517.0000,-14.891804
37.900,25.400,518.0000,6.021087
37.900,25.400,519.0000,7.184393
37.900,25.400,520.0000,3.084606
37.900,25.400,521.0000,2.960712
37.900,25.400,522.0000,6.504544
37.900,25.400,523.0000,-4.832111
37.900,25.400,524.0000,7.083877
37.900,25.400,525.0000,-6.871403
37.900,25.400,526.0000,2.772550
37.900,25.400,527.0000,5.033073
37.900,25.400,528.0000,-7.681341
37.900,25.400,529.0000,-4.670836
37.900,25.400,530.0000,9.416327
37.900,25.400,531.0000,-5.446009
37.900,25.400,532.0000,-1.338882
37.900,25.400,533.0000,-4.323602
37.900,25.400,534.0000,2.435485
37.900,25.400,535.0000,3.896314
37.900,25.400,536.0000,-12.954602
37.900,25.400,537.0000,-6.018966
37.900,25.400,538.0000,-4.031021
37.900,25.400,539.0000,-8.495716
37.900,25.400,540.0000,-1.269107
37.900,25.400,541.0000,4.554467
37.900,25.400,542.0000,-1.848610
37.900,25.400,543.0000,6.048918
37.900,25.400,544.0000,6.494478
37.900,25.400,545.0000,3.788699
37.900,25.400,546.0000,-9.393697
37.900,25.400,547.0000,5.735506
37.900,25.400,548.0000,2.543112
37.900,25.400,549.0000,-3.460821
37.900,25.400,550.0000,-0.641863
37.900,25.400,551.0000,5.736011
37.900,25.400,552.0000,-0.484954
37.900,25.400,553.0000,-8.725597
37.900,25.400,554.0000,4.551896
37.900,25.400,555.0000,-2.751765
37.900,25.400,556.0000,-10.189503
37.900,25.400,557.0000,-3.464230
37.900,25.400,558.0000,4.468431
37.900,25.400,559.0000,-0.614749
37.900,25.400,560.0000,10.894699
37.900,25.400,561.0000,2.298512
37.900,25.400,562.0000,1.600040
37.900,25.400,563.0000,-5.535176
37.900,25.400,564.0000,3.018938
37.900,25.400,565.0000,2.281984
37.900,25.400,566.0000,-0.252270
37.900,25.400,567.0000,10.247461
37.900,25.400,568.0000,9.818923
37.900,25.400,569.0000,-5.860688
37.900,25.400,570.0000,11.676524
37.900,25.400,571.0000,0.702437
37.900,25.400,572.0000,13.054994
37.900,25.400,573.0000,17.687467
37.900,25.400,574.0000,6.770965
37.900,25.400,575.0000,10.537158
37.900,25.400,576.0000,1.909075
37.900,25.400,577.0000,3.202621
37.900,25.400,578.0000,-1.585639
37.900,25.400,579.0000,3.531282
37.900,25.400,580.0000,8.577284
37.900,25.400,581.0000,15.041813
37.900,25.400,582.0000,1.725250
37.900,25.400,583.0000,6.246845
37.900,25.400,584.0000,11.446831
37.900,25.400,585.0000,0.334292
37.900,25.400,586.0000,16.229701
37.900,25.400,587.0000,-5.913659
37.900,25.400,588.0000,-7.695208
37.900,25.400,589.0000,-3.758110
37.900,25.400,590.0000,8.098917
37.900,25.400,591.0000,9.005821
37.900,25.400,592.0000,1.573456
37.900,25.400,593.0000,27.128660
37.900,25.400,594.0000,14.830905
37.900,25.400,595.0000,17.534526
37.900,25.400,596.0000,12.691309
37.900,25.400,597.0000,11.757719
37.900,25.400,598.0000,11.406313
37.900,25.400,599.0000,11.965194
37.900,25.400,600.0000,18.231698
37.900,25.400,601.0000,25.668027
37.900,25.400,602.0000,4.390852
37.900,25.400,603.0000,5.746226
37.900,25.400,604.0000,7.427503
37.900,25.400,605.0000,15.640392
37.900,25.400,606.0000,27.036781
37.900,25.400,607.0000,18.548601
37.900,25.400,608.0000,30.689980
37.900,25.400,609.0000,31.344901
37.900,25.400,610.0000,35.814935
37.900,25.400,611.0000,42.265657
37.900,25.400,612.0000,45.717201
37.900,25.400,613.0000,56.030119
37.900,25.400,614.0000,76.278296
37.900,25.400,615.0000,81.502363
37.900,25.400,616.0000,106.808569
37.900,25.400,617.0000,136.571658
37.900,25.400,618.0000,161.041316
37.900,25.400,619.0000,188.410700
37.900,25.400,620.0000,203.272514
37.900,25.400,621.0000,187.926440
37.900,25.400,622.0000,159.989601
37.900,25.400,623.0000,149.331757
37.900,25.400,624.0000,117.251120
37.900,25.400,625.0000,87.559112
37.900,25.400,626.0000,69.878861
37.900,25.400,627.0000,55.811866
37.900,25.400,628.0000,52.485868
37.900,25.400,629.0000,43.567739
37.900,25.400,630.0000,29.967457
37.900,25.400,631.0000,21.663093
37.900,25.400,632.0000,34.615538
37.900,25.400,633.0000,21.088125
37.900,25.400,634.0000,18.157878
37.900,25.400,635.0000,15.714020
37.900,25.400,636.0000,17.696195
37.900,25.400,637.0000,18.204827
37.900,25.400,638.0000,2.998537
37.900,25.400,639.0000,5.578215
37.900,25.400,640.0000,10.491542
37.900,25.400,641.0000,10.188754
37.900,25.400,642.0000,0.516081
37.900,25.400,643.0000,15.421133
37.900,25.400,644.0000,9.354722
37.900,25.400,645.0000,0.749417
37.900,25.400,646.0000,5.576827
37.900,25.400,647.0000,8.521199
37.900,25.400,648.0000,9.126823
37.900,25.400,649.0000,1.548401
37.900,25.400,650.0000,3.265173
37.900,25.400,651.0000,26.831013
37.900,25.400,652.0000,3.582696
37.900,25.400,653.0000,2.850094
37.900,25.400,654.0000,17.634536
37.900,25.400,655.0000,11.480617
37.900,25.400,656.0000,0.651894
37.900,25.400,657.0000,6.141385
37.900,25.400,658.0000,-9.085831
37.900,25.400,659.0000,1.746668
37.900,25.400,660.0000,-1.232330
37.900,25.400,661.0000,5.116657
37.900,25.400,662.0000,-4.121963
37.900,25.400,663.0000,12.561804
37.900,25.400,664.0000,13.028019
37.900,25.400,665.0000,-1.612870
37.900,25.400,666.0000,-3.768838
37.900,25.400,667.0000,7.859404
37.900,25.400,668.0000,-1.009493
37.900,25.400,669.0000,-3.773629
37.900,25.400,670.0000,4.382807
37.900,25.400,671.0000,3.508474
37.900,25.400,672.0000,8.367713
37.900,25.400,673.0000,5.736442
37.900,25.400,674.0000,-3.520926
37.900,25.400,675.0000,-1.602775
37.900,25.400,676.0000,-0.151932
37.900,25.400,677.0000,-1.201574
37.900,25.400,678.0000,0.450881
37.900,25.400,679.0000,2.793107
37.900,25.400,680.0000,-5.101329
37.900,25.400,681.0000,13.930350
37.900,25.400,682.0000,4.423575
37.900,25.400,683.0000,9.850896
37.900,25.400,684.0000,3.585582
37.900,25.400,685.0000,-4.565539
37.900,25.400,686.0000,1.590579
37.900,25.400,687.0000,-1.627213
37.900,25.400,688.0000,-4.800287
37.900,25.400,689.0000,-3.574232
37.900,25.400,690.0000,5.112680
37.900,25.400,691.0000,0.121383
37.900,25.400,692.0000,-7.301210
37.900,25.400,693.0000,-3.342728
37.900,25.400,694.0000,-7.419458
37.900,25.400,695.0000,0.305920
37.900,25.400,696.0000,-14.383873
37.900,25.400,697.0000,-2.529769
37.900,25.400,698.0000,3.928953
37.900,25.400,699.0000,5.315106
37.900,25.400,700.0000,3.439406
37.900,25.400,701.0000,1.331315
37.900,25.400,702.0000,-3.845945
37.900,25.400,703.0000,-2.918120
37.900,25.400,704.0000,-2.516744
37.900,25.400,705.0000,11.566299
37.900,25.400,706.0000,-2.791846
37.900,25.400,707.0000,-2.064992
37.900,25.400,708.0000,4.979884
37.900,25.400,709.0000,4.990801
37.900,25.400,710.0000,6.570861
37.900,25.400,711.0000,5.843428
37.900,25.400,712.0000,-9.848271
37.900,25.400,713.0000,5.464409
37.900,25.400,714.0000,3.205979
37.900,25.400,715.0000,-3.791665
37.900,25.400,716.0000,2.314192
37.900,25.400,717.0000,4.140199
37.900,25.400,718.0000,-2.940991
37.900,25.400,719.0000,-0.073387
37.900,25.400,720.0000,-11.528189
37.900,25.400,721.0000,3.461380
37.900,25.400,722.0000,12.430203
37.900,25.400,723.0000,0.474248
37.900,25.400,724.0000,9.568677
37.900,25.400,725.0000,1.752502
37.900,25.400,726.0000,7.844045
37.900,25.400,727.0000,-6.581449
37.900,25.400,728.0000,-2.821178
37.900,25.400,729.0000,-10.964342
37.900,25.400,730.0000,7.043555
37.900,25.400,731.0000,2.513328
37.900,25.400,732.0000,-3.490911
37.900,25.400,733.0000,10.641698
37.900,25.400,734.0000,1.135080
37.900,25.400,735.0000,-10.987440
37.900,25.400,736.0000,7.110680
37.900,25.400,737.0000,5.905827
37.900,25.400,738.0000,-5.646817
37.900,25.400,739.0000,-10.481382
37.900,25.400,740.0000,2.158546
37.900,25.400,741.0000,11.205136
37.900,25.400,742.0000,18.694626
37.900,25.400,743.0000,3.852313
37.900,25.400,744.0000,-3.205831
37.900,25.400,745.0000,4.759068
37.900,25.400,746.0000,-3.408892
37.900,25.400,747.0000,1.882725
37.900,25.400,748.0000,3.959741
37.900,25.400,749.0000,-4.108374
37.900,25.400,750.0000,10.961665
37.900,25.400,751.0000,9.461857
37.900,25.400,752.0000,-0.706102
37.900,25.400,753.0000,-9.539515
37.900,25.400,754.0000,6.951836
37.900,25.400,755.0000,2.839267
37.900,25.400,756.0000,6.641659
37.900,25.400,757.0000,8.367986
37.900,25.400,758.0000,11.515703
37.900,25.400,759.0000,0.208936
37.900,25.400,760.0000,-7.256033
37.900,25.400,761.0000,8.972848
37.900,25.400,762.0000,13.466032
37.900,25.400,763.0000,3.381763
37.900,25.400,764.0000,2.073135
37.900,25.400,765.0000,17.877646
37.900,25.400,766.0000,8.327968
37.900,25.400,767.0000,9.239776
37.900,25.400,768.0000,3.085659
37.900,25.400,769.0000,11.385928
37.900,25.400,770.0000,0.811358
37.900,25.400,771.0000,-3.060276
37.900,25.400,772.0000,8.324433
37.900,25.400,773.0000,-5.406456
37.900,25.400,774.0000,8.482926
37.900,25.400,775.0000,9.316343
37.900,25.400,776.0000,8.557981
37.900,25.400,777.0000,15.718596
37.900,25.400,778.0000,14.382060
37.900,25.400,779.0000,0.792397
37.900,25.400,780.0000,19.763662
37.900,25.400,781.0000,13.737976
37.900,25.400,782.0000,31.992076
37.900,25.400,783.0000,26.085384
37.900,25.400,784.0000,20.613661
37.900,25.400,785.0000,31.640476
37.900,25.400,786.0000,33.183731
37.900,25.400,787.0000,34.179450
37.900,25.400,788.0000,43.983282
37.900,25.400,789.0000,54.564715
37.900,25.400,790.0000,64.013617
37.900,25.400,791.0000,79.743204
37.900,25.400,792.0000,91.703028
37.900,25.400,793.0000,104.232648
37.900,25.400,794.0000,103.803029
37.900,25.400,795.0000,118.019809
37.900,25.400,796.0000,108.325190
37.900,25.400,797.0000,106.545532
37.900,25.400,798.0000,98.406116
37.900,25.400,799.0000,78.035323
37.900,25.400,800.0000,61.598949
37.900,25.400,801.0000,61.987292
37.900,25.400,802.0000,38.409427
37.900,25.400,803.0000,40.895639
37.900,25.400,804.0000,39.517195
37.900,25.400,805.0000,30.827947
37.900,25.400,806.0000,26.052418
37.900,25.400,807.0000,17.302425
37.900,25.400,808.0000,24.494810
37.900,25.400,809.0000,23.942181
37.900,25.400,810.0000,8.940313
37.900,25.400,811.0000,2.155020
37.900,25.400,812.0000,17.782517
37.900,25.400,813.0000,23.149350
37.900,25.400,814.0000,5.529733
37.900,25.400,815.0000,3.387008
37.900,25.400,816.0000,4.393395
37.900,25.400,817.0000,7.527317
37.900,25.400,818.0000,4.539772
37.900,25.400,819.0000,2.989839
37.900,25.400,820.0000,2.228590
37.900,25.400,821.0000,9.583429
37.900,25.400,822.0000,8.089573
37.900,25.400,823.0000,1.144420
37.900,25.400,824.0000,-4.498399
37.900,25.400,825.0000,0.448010
37.900,25.400,826.0000,4.454767
37.900,25.400,827.0000,-9.919757
37.900,25.400,828.0000,0.079544
37.900,25.400,829.0000,7.765480
37.900,25.400,830.0000,8.061726
37.900,25.400,831.0000,0.994236
37.900,25.400,832.0000,3.841902
37.900,25.400,833.0000,-10.592913
37.900,25.400,834.0000,-2.901565
37.900,25.400,835.0000,-1.323061
37.900,25.400,836.0000,2.719666
37.900,25.400,837.0000,4.579238
37.900,25.400,838.0000,1.914311
37.900,25.400,839.0000,-6.476780
37.900,25.400,840.0000,20.085681
37.900,25.400,841.0000,-2.722470
37.900,25.400,842.0000,9.156373
37.900,25.400,843.0000,3.575678
37.900,25.400,844.0000,5.205738
37.900,25.400,845.0000,-0.041784
37.900,25.400,846.0000,-4.286937
37.900,25.400,847.0000,9.581890
37.900,25.400,848.0000,5.386454
37.900,25.400,849.0000,-4.972953
37.900,25.400,850.0000,3.126007
37.900,25.400,851.0000,8.939956
37.900,25.400,852.0000,1.119330
37.900,25.400,853.0000,3.670065
37.900,25.400,854.0000,-2.899851
37.900,25.400,855.0000,-5.514701
37.900,25.400,856.0000,4.134304
37.900,25.400,857.0000,0.523559
37.900,25.400,858.0000,-0.711080
37.900,25.400,859.0000,1.162327
37.900,25.400,860.0000,-9.829319
37.900,25.400,861.0000,4.996816
37.900,25.400,862.0000,-2.171908
37.900,25.400,863.0000,11.315416
37.900,25.400,864.0000,-0.288652
37.900,25.400,865.0000,3.962869
37.900,25.400,866.0000,5.439840
37.900,25.400,867.0000,3.348141
37.900,25.400,868.0000,0.068665
37.900,25.400,869.0000,2.403178
37.900,25.400,870.0000,6.910592
37.900,25.400,871.0000,-6.584877
37.900,25.400,872.0000,3.147132
37.900,25.400,873.0000,-0.636623
37.900,25.400,874.0000,1.126405
37.900,25.400,875.0000,-3.285538
37.900,25.400,876.0000,-2.480350
37.900,25.400,877.0000,0.032512
37.900,25.400,878.0000,-13.342386
37.900,25.400,879.0000,-2.943555
37.900,25.400,880.0000,6.762742
37.900,25.400,881.0000,-4.058354
37.900,25.400,882.0000,7.620222
37.900,25.400,883.0000,2.975479
37.900,25.400,884.0000,3.593906
37.900,25.400,885.0000,3.053544
37.900,25.400,886.0000,-8.681979
37.900,25.400,887.0000,1.420880
37.900,25.400,888.0000,2.540036
37.900,25.400,889.0000,-3.326086
37.900,25.400,890.0000,5.224814
37.900,25.400,891.0000,5.622145
37.900,25.400,892.0000,7.804472
37.900,25.400,893.0000,3.235803
37.900,25.400,894.0000,-0.004679
37.900,25.400,895.0000,1.639050
37.900,25.400,896.0000,9.443231
37.900,25.400,897.0000,-5.753621
37.900,25.400,898.0000,6.681830
37.900,25.400,899.0000,-7.955036
37.900,25.400,900.0000,7.086967
37.900,25.400,901.0000,-0.217111
37.900,25.400,902.0000,1.413190
37.900,25.400,903.0000,14.306212
37.900,25.400,904.0000,7.354524
37.900,25.400,905.0000,5.824164
37.900,25.400,906.0000,9.779798
37.900,25.400,907.0000,-5.606266
37.900,25.400,908.0000,0.471823
37.900,25.400,909.0000,6.303591
37.900,25.400,910.0000,4.925471
37.900,25.400,911.0000,6.463063
37.900,25.400,912.0000,0.831434
37.900,25.400,913.0000,-3.369266
37.900,25.400,914.0000,-8.016250
37.900,25.400,915.0000,-5.516599
37.900,25.400,916.0000,1.563592
37.900,25.400,917.0000,-3.059616
37.900,25.400,918.0000,1.224590
37.900,25.400,919.0000,-7.075416
37.900,25.400,920.0000,-5.658854
37.900,25.400,921.0000,-1.782190
37.900,25.400,922.0000,-3.125970
37.900,25.400,923.0000,-0.606847
37.900,25.400,924.0000,2.445729
37.900,25.400,925.0000,-16.561303
37.900,25.400,926.0000,0.152182
37.900,25.400,927.0000,2.332410
37.900,25.400,928.0000,5.330969
37.900,25.400,929.0000,-1.252794
37.900,25.400,930.0000,4.077433
37.900,25.400,931.0000,5.899793
37.900,25.400,932.0000,6.687964
37.900,25.400,933.0000,-0.356837
37.900,25.400,934.0000,7.088370
37.900,25.400,935.0000,-1.015144
37.900,25.400,936.0000,-4.114970
37.900,25.400,937.0000,8.713785
37.900,25.400,938.0000,1.077112
37.900,25.400,939.0000,-9.110391
37.900,25.400,940.0000,2.432682
37.900,25.400,941.0000,-0.030090
37.900,25.400,942.0000,-0.085292
37.900,25.400,943.0000,9.170392
37.900,25.400,944.0000,5.583127
37.900,25.400,945.0000,2.109603
37.900,25.400,946.0000,-2.280649
37.900,25.400,947.0000,6.599905
37.900,25.400,948.0000,1.622125
37.900,25.400,949.0000,-11.449251
37.900,25.400,950.0000,5.867766
37.900,25.400,951.0000,-5.174199
37.900,25.400,952.0000,9.698945
37.900,25.400,953.0000,4.574959
37.900,25.400,954.0000,-2.871146
37.900,25.400,955.0000,-1.487147
37.900,25.400,956.0000,6.467474
37.900,25.400,957.0000,4.921822
37.900,25.400,958.0000,10.207719
37.900,25.400,959.0000,16.000455
37.900,25.400,960.0000,2.853229
37.900,25.400,961.0000,5.027016
37.900,25.400,962.0000,7.251555
37.900,25.400,963.0000,5.443956
37.900,25.400,964.0000,2.222286
37.900,25.400,965.0000,9.079214
37.900,25.400,966.0000,9.929933
37.900,25.400,967.0000,17.328075
37.900,25.400,968.0000,14.105521
37.900,25.400,969.0000,0.184094
37.900,25.400,970.0000,15.821552
37.900,25.400,971.0000,18.833165
37.900,25.400,972.0000,17.673812
37.900,25.400,973.0000,11.585382
37.900,25.400,974.0000,21.862742
37.900,25.400,975.0000,22.087787
37.900,25.400,976.0000,15.530740
37.900,25.400,977.0000,22.015980
37.900,25.400,978.0000,19.380627
37.900,25.400,979.0000,20.898719
37.900,25.400,980.0000,23.811949
37.900,25.400,981.0000,33.373430
37.900,25.400,982.0000,18.974066
37.900,25.400,983.0000,25.708019
37.900,25.400,984.0000,36.888302
37.900,25.400,985.0000,40.171885
37.900,25.400,986.0000,46.648753
37.900,25.400,987.0000,61.188510
37.900,25.400,988.0000,55.282217
37.900,25.400,989.0000,64.635109
37.900,25.400,990.0000,86.106004
37.900,25.400,991.0000,93.847587
37.900,25.400,992.0000,120.374845
37.900,25.400,993.0000,143.941075
37.900,25.400,994.0000,159.597721
37.900,25.400,995.0000,224.348328
37.900,25.400,996.0000,288.014891
37.900,25.400,997.0000,408.850840
37.900,25.400,998.0000,552.680062
37.900,25.400,999.0000,766.426110
37.900,25.400,1000.0000,993.712893
37.900,25.400,1001.0000,1102.413190
37.900,25.400,1002.0000,989.339157
37.900,25.400,1003.0000,773.073654
37.900,25.400,1004.0000,559.619292
37.900,25.400,1005.0000,408.053087
37.900,25.400,1006.0000,297.904762
37.900,25.400,1007.0000,229.758747
37.900,25.400,1008.0000,169.326653
37.900,25.400,1009.0000,158.320135
37.900,25.400,1010.0000,119.417747
37.900,25.400,1011.0000,109.575766
37.900,25.400,1012.0000,91.521735
37.900,25.400,1013.0000,74.155464
37.900,25.400,1014.0000,71.060885
37.900,25.400,1015.0000,55.097173
37.900,25.400,1016.0000,71.811804
37.900,25.400,1017.0000,62.087977
37.900,25.400,1018.0000,59.840796
37.900,25.400,1019.0000,57.424568
37.900,25.400,1020.0000,65.904501
37.900,25.400,1021.0000,75.586404
37.900,25.400,1022.0000,74.911869
37.900,25.400,1023.0000,92.685163
37.900,25.400,1024.0000,109.412271
37.900,25.400,1025.0000,134.536982
37.900,25.400,1026.0000,176.031887
37.900,25.400,1027.0000,217.098124
37.900,25.400,1028.0000,271.949367
37.900,25.400,1029.0000,358.255714
37.900,25.400,1030.0000,439.182914
37.900,25.400,1031.0000,468.208421
37.900,25.400,1032.0000,433.789301
37.900,25.400,1033.0000,359.667427
37.900,25.400,1034.0000,278.291946
37.900,25.400,1035.0000,201.678012
37.900,25.400,1036.0000,158.105847
37.900,25.400,1037.0000,116.515804
37.900,25.400,1038.0000,95.782031
37.900,25.400,1039.0000,75.166069
37.900,25.400,1040.0000,57.733807
37.900,25.400,1041.0000,63.437251
37.900,25.400,1042.0000,43.841128
37.900,25.400,1043.0000,45.423650
37.900,25.400,1044.0000,45.142080
37.900,25.400,1045.0000,33.005446
37.900,25.400,1046.0000,29.133755
37.900,25.400,1047.0000,21.416827
37.900,25.400,1048.0000,25.499078
37.900,25.400,1049.0000,17.133035
37.900,25.400,1050.0000,14.775284
37.900,25.400,1051.0000,10.407971
37.900,25.400,1052.0000,15.940555
37.900,25.400,1053.0000,11.199696
37.900,25.400,1054.0000,15.925102
37.900,25.400,1055.0000,18.448116
37.900,25.400,1056.0000,8.600333
37.900,25.400,1057.0000,24.500479
37.900,25.400,1058.0000,26.060232
37.900,25.400,1059.0000,8.394389
37.900,25.400,1060.0000,11.913568
37.900,25.400,1061.0000,24.905352
37.900,25.400,1062.0000,16.273590
37.900,25.400,1063.0000,5.359235
37.900,25.400,1064.0000,2.297328
37.900,25.400,1065.0000,19.716318
37.900,25.400,1066.0000,6.649835
37.900,25.400,1067.0000,3.258057
37.900,25.400,1068.0000,4.032062
37.900,25.400,1069.0000,14.919696
37.900,25.400,1070.0000,8.829646
37.900,25.400,1071.0000,6.357864
37.900,25.400,1072.0000,-3.828627
37.900,25.400,1073.0000,10.011331
37.900,25.400,1074.0000,5.968012
37.900,25.400,1075.0000,0.161942
37.900,25.400,1076.0000,-7.118768
37.900,25.400,1077.0000,-3.907434
37.900,25.400,1078.0000,5.713822
37.900,25.400,1079.0000,-2.428797
37.900,25.400,1080.0000,-6.020465
37.900,25.400,1081.0000,10.680693
37.900,25.400,1082.0000,4.335415
37.900,25.400,1083.0000,1.401872
37.900,25.400,1084.0000,8.022789
37.900,25.400,1085.0000,-1.623200
37.900,25.400,1086.0000,6.963199
37.900,25.400,1087.0000,1.608088
37.900,25.400,1088.0000,7.132041
37.900,25.400,1089.0000,12.477179
37.900,25.400,1090.0000,9.758553
37.900,25.400,1091.0000,-0.564450
37.900,25.400,1092.0000,-1.970473
37.900,25.400,1093.0000,11.582576
37.900,25.400,1094.0000,1.240693
37.900,25.400,1095.0000,7.110223
37.900,25.400,1096.0000,6.766154
37.900,25.400,1097.0000,3.244192
37.900,25.400,1098.0000,14.594003
37.900,25.400,1099.0000,4.038120
37.900,25.400,1100.0000,1.517581
37.900,25.400,1101.0000,1.703977
37.900,25.400,1102.0000,4.747042
37.900,25.400,1103.0000,18.794167
37.900,25.400,1104.0000,0.989295
37.900,25.400,1105.0000,1.311924
37.900,25.400,1106.0000,0.331749
37.900,25.400,1107.0000,13.249693
37.900,25.400,1108.0000,8.904991
37.900,25.400,1109.0000,8.588570
37.900,25.400,1110.0000,3.774935
37.900,25.400,1111.0000,12.764589
37.900,25.400,1112.0000,16.302829
37.900,25.400,1113.0000,3.125086
37.900,25.400,1114.0000,3.061557
37.900,25.400,1115.0000,4.106342
37.900,25.400,1116.0000,-5.028919
37.900,25.400,1117.0000,-3.198228
37.900,25.400,1118.0000,10.040714
37.900,25.400,1119.0000,-8.535678
37.900,25.400,1120.0000,7.600033
37.900,25.400,1121.0000,2.289189
37.900,25.400,1122.0000,2.099671
37.900,25.400,1123.0000,5.868846
37.900,25.400,1124.0000,4.545298
37.900,25.400,1125.0000,6.770897
37.900,25.400,1126.0000,13.868227
37.900,25.400,1127.0000,18.631761
37.900,25.400,1128.0000,3.103703
37.900,25.400,1129.0000,4.510081
37.900,25.400,1130.0000,3.009893
37.900,25.400,1131.0000,13.716424
37.900,25.400,1132.0000,16.844746
37.900,25.400,1133.0000,12.889246
37.900,25.400,1134.0000,7.128235
37.900,25.400,1135.0000,18.727737
37.900,25.400,1136.0000,5.444802
37.900,25.400,1137.0000,16.238931
37.900,25.400,1138.0000,9.112584
37.900,25.400,1139.0000,18.672186
37.900,25.400,1140.0000,15.421803
37.900,25.400,1141.0000,15.299271
37.900,25.400,1142.0000,22.771152
37.900,25.400,1143.0000,31.375993
37.900,25.400,1144.0000,46.965939
37.900,25.400,1145.0000,25.028420
37.900,25.400,1146.0000,37.799229
37.900,25.400,1147.0000,44.341331
37.900,25.400,1148.0000,51.103606
37.900,25.400,1149.0000,67.014838
37.900,25.400,1150.0000,79.576390
37.900,25.400,1151.0000,93.541023
37.900,25.400,1152.0000,113.329705
37.900,25.400,1153.0000,141.632621
37.900,25.400,1154.0000,156.840637
37.900,25.400,1155.0000,150.746823
37.900,25.400,1156.0000,152.210893
37.900,25.400,1157.0000,131.400160
37.900,25.400,1158.0000,109.637436
37.900,25.400,1159.0000,96.663482
37.900,25.400,1160.0000,85.355340
37.900,25.400,1161.0000,69.744181
37.900,25.400,1162.0000,53.830803
37.900,25.400,1163.0000,55.971682
37.900,25.400,1164.0000,42.455825
37.900,25.400,1165.0000,46.228993
37.900,25.400,1166.0000,26.434427
37.900,25.400,1167.0000,30.958419
37.900,25.400,1168.0000,31.337547
37.900,25.400,1169.0000,26.792924
37.900,25.400,1170.0000,26.465306
37.900,25.400,1171.0000,32.842301
37.900,25.400,1172.0000,35.399819
37.900,25.400,1173.0000,29.484471
37.900,25.400,1174.0000,24.002984
37.900,25.400,1175.0000,35.604994
37.900,25.400,1176.0000,50.626206
37.900,25.400,1177.0000,62.994654
37.900,25.400,1178.0000,56.441675
37.900,25.400,1179.0000,84.616356
37.900,25.400,1180.0000,100.744183
37.900,25.400,1181.0000,117.631913
37.900,25.400,1182.0000,131.232504
37.900,25.400,1183.0000,128.346805
37.900,25.400,1184.0000,129.017515
37.900,25.400,1185.0000,122.038809
37.900,25.400,1186.0000,93.816212
37.900,25.400,1187.0000,80.786685
37.900,25.400,1188.0000,67.064998
37.900,25.400,1189.0000,53.110666
37.900,25.400,1190.0000,33.998163
37.900,25.400,1191.0000,28.910668
37.900,25.400,1192.0000,23.774338
37.900,25.400,1193.0000,26.003816
37.900,25.400,1194.0000,27.333060
37.900,25.400,1195.0000,23.958924
37.900,25.400,1196.0000,13.824900
37.900,25.400,1197.0000,17.097746
37.900,25.400,1198.0000,17.154208
37.900,25.400,1199.0000,22.432044
37.900,25.400,1200.0000,10.936043
37.900,25.400,1201.0000,9.950887
37.900,25.400,1202.0000,5.439018
37.900,25.400,1203.0000,5.715363
37.900,25.400,1204.0000,3.112684
37.900,25.400,1205.0000,2.633609
37.900,25.400,1206.0000,14.384644
37.900,25.400,1207.0000,-5.050905
37.900,25.400,1208.0000,16.035897
37.900,25.400,1209.0000,3.371936
37.900,25.400,1210.0000,-1.504430
37.900,25.400,1211.0000,13.540159
37.900,25.400,1212.0000,-2.178456
37.900,25.400,1213.0000,1.792050
37.900,25.400,1214.0000,-2.217881
37.900,25.400,1215.0000,5.940331
37.900,25.400,1216.0000,8.648193
37.900,25.400,1217.0000,7.513800
37.900,25.400,1218.0000,14.985410
37.900,25.400,1219.0000,8.863534
37.900,25.400,1220.0000,12.992484
37.900,25.400,1221.0000,6.371312
37.900,25.400,1222.0000,-1.287831
37.900,25.400,1223.0000,8.997204
37.900,25.400,1224.0000,2.018557
37.900,25.400,1225.0000,2.946295
37.900,25.400,1226.0000,0.882398
37.900,25.400,1227.0000,3.939326
37.900,25.400,1228.0000,4.213224
37.900,25.400,1229.0000,11.985959
37.900,25.400,1230.0000,10.788518
37.900,25.400,1231.0000,-0.290810
37.900,25.400,1232.0000,3.597862
37.900,25.400,1233.0000,4.239790
37.900,25.400,1234.0000,0.761203
37.900,25.400,1235.0000,9.675810
37.900,25.400,1236.0000,-8.272963
37.900,25.400,1237.0000,-3.429555
37.900,25.400,1238.0000,-1.882032
37.900,25.400,1239.0000,0.637115
37.900,25.400,1240.0000,-2.829879
37.900,25.400,1241.0000,-0.831506
37.900,25.400,1242.0000,5.932196
37.900,25.400,1243.0000,0.844484
37.900,25.400,1244.0000,-8.313332
37.900,25.400,1245.0000,-0.208664
37.900,25.400,1246.0000,-6.965627
37.900,25.400,1247.0000,-3.522571
37.900,25.400,1248.0000,4.034952
37.900,25.400,1249.0000,-6.630237
37.900,25.400,1250.0000,6.062922
37.900,25.400,1251.0000,-2.033849
37.900,25.400,1252.0000,-5.431356
37.900,25.400,1253.0000,9.083725
37.900,25.400,1254.0000,4.038552
37.900,25.400,1255.0000,6.695036
37.900,25.400,1256.0000,8.164450
37.900,25.400,1257.0000,-2.010972
37.900,25.400,1258.0000,9.234162
37.900,25.400,1259.0000,-2.604239
37.900,25.400,1260.0000,7.017475
37.900,25.400,1261.0000,-4.472745
37.900,25.400,1262.0000,3.404753
37.900,25.400,1263.0000,7.826868
37.900,25.400,1264.0000,-12.006945
37.900,25.400,1265.0000,-0.989269
37.900,25.400,1266.0000,-11.665644
37.900,25.400,1267.0000,-7.131172
37.900,25.400,1268.0000,-6.956779
37.900,25.400,1269.0000,1.574865
37.900,25.400,1270.0000,-6.252376
37.900,25.400,1271.0000,-2.356626
37.900,25.400,1272.0000,5.931931
37.900,25.400,1273.0000,2.438601
37.900,25.400,1274.0000,10.509113
37.900,25.400,1275.0000,-10.261334
37.900,25.400,1276.0000,4.685929
37.900,25.400,1277.0000,1.268077
37.900,25.400,1278.0000,1.549383
37.900,25.400,1279.0000,1.783693
37.900,25.400,1280.0000,-2.011299
37.900,25.400,1281.0000,-5.316524
37.900,25.400,1282.0000,-2.195720
37.900,25.400,1283.0000,5.454677
37.900,25.400,1284.0000,11.345510
37.900,25.400,1285.0000,3.927695
37.900,25.400,1286.0000,10.995761
37.900,25.400,1287.0000,10.832632
37.900,25.400,1288.0000,4.659205
37.900,25.400,1289.0000,-8.019944
37.900,25.400,1290.0000,12.839787
37.900,25.400,1291.0000,2.078962
37.900,25.400,1292.0000,-2.242578
37.900,25.400,1293.0000,-0.925401
37.900,25.400,1294.0000,4.533069
37.900,25.400,1295.0000,-4.445485
37.900,25.400,1296.0000,-12.212553
37.900,25.400,1297.0000,0.441828
37.900,25.400,1298.0000,-1.902740
37.900,25.400,1299.0000,7.590438
37.900,25.400,1300.0000,7.388182
37.900,25.400,1301.0000,-5.267398
37.900,25.400,1302.0000,4.882949
37.900,25.400,1303.0000,2.145021
37.900,25.400,1304.0000,7.025853
37.900,25.400,1305.0000,-15.024324
37.900,25.400,1306.0000,10.920006
37.900,25.400,1307.0000,-3.361093
37.900,25.400,1308.0000,13.223609
37.900,25.400,1309.0000,4.212487
37.900,25.400,1310.0000,6.035549
37.900,25.400,1311.0000,-4.584924
37.900,25.400,1312.0000,12.708505
37.900,25.400,1313.0000,8.042362
37.900,25.400,1314.0000,-0.945683
37.900,25.400,1315.0000,-3.497870
37.900,25.400,1316.0000,4.692217
37.900,25.400,1317.0000,1.704307
37.900,25.400,1318.0000,4.375257
37.900,25.400,1319.0000,4.125203
37.900,25.400,1320.0000,1.835329
37.900,25.400,1321.0000,6.649603
37.900,25.400,1322.0000,-0.258633
37.900,25.400,1323.0000,9.426715
37.900,25.400,1324.0000,0.196670
37.900,25.400,1325.0000,-5.127946
37.900,25.400,1326.0000,7.822067
37.900,25.400,1327.0000,5.815823
37.900,25.400,1328.0000,-6.447970
37.900,25.400,1329.0000,1.985427
37.900,25.400,1330.0000,5.748333
37.900,25.400,1331.0000,9.062133
37.900,25.400,1332.0000,2.672524
37.900,25.400,1333.0000,8.877886
37.900,25.400,1334.0000,-10.116826
37.900,25.400,1335.0000,-3.273070
37.900,25.400,1336.0000,-1.408339
37.900,25.400,1337.0000,-1.982130
37.900,25.400,1338.0000,-0.912089
37.900,25.400,1339.0000,5.232524
37.900,25.400,1340.0000,11.490156
37.900,25.400,1341.0000,-1.385029
37.900,25.400,1342.0000,0.153126
37.900,25.400,1343.0000,-0.892126
37.900,25.400,1344.0000,4.520666
37.900,25.400,1345.0000,2.872132
37.900,25.400,1346.0000,3.048783
37.900,25.400,1347.0000,3.599511
37.900,25.400,1348.0000,-1.178285
37.900,25.400,1349.0000,-6.679488
37.900,25.400,1350.0000,3.457032
37.900,25.400,1351.0000,8.242675
37.900,25.400,1352.0000,-2.799749
37.900,25.400,1353.0000,5.781832
37.900,25.400,1354.0000,3.062154
37.900,25.400,1355.0000,6.470229
37.900,25.400,1356.0000,-0.587569
37.900,25.400,1357.0000,2.309841
37.900,25.400,1358.0000,-0.318541
37.900,25.400,1359.0000,1.820141
37.900,25.400,1360.0000,8.929556
37.900,25.400,1361.0000,-3.439135
37.900,25.400,1362.0000,3.323528
37.900,25.400,1363.0000,5.189640
37.900,25.400,1364.0000,0.505519
37.900,25.400,1365.0000,-2.636991
37.900,25.400,1366.0000,-5.916629
37.900,25.400,1367.0000,7.543141
37.900,25.400,1368.0000,-3.288624
37.900,25.400,1369.0000,9.446994
37.900,25.400,1370.0000,10.378151
37.900,25.400,1371.0000,-5.626484
37.900,25.400,1372.0000,0.305481
37.900,25.400,1373.0000,3.524633
37.900,25.400,1374.0000,0.481180
37.900,25.400,1375.0000,-2.589770
37.900,25.400,1376.0000,7.869177
37.900,25.400,1377.0000,-7.896701
37.900,25.400,1378.0000,-0.601142
37.900,25.400,1379.0000,0.867595
37.900,25.400,1380.0000,-2.194126
37.900,25.400,1381.0000,5.236529
37.900,25.400,1382.0000,4.349558
37.900,25.400,1383.0000,10.767271
37.900,25.400,1384.0000,-6.226080
37.900,25.400,1385.0000,-3.154064
37.900,25.400,1386.0000,13.076057
37.900,25.400,1387.0000,0.140371
37.900,25.400,1388.0000,10.669774
37.900,25.400,1389.0000,9.911317
37.900,25.400,1390.0000,1.455201
37.900,25.400,1391.0000,5.516811
37.900,25.400,1392.0000,3.460765
37.900,25.400,1393.0000,5.454267
37.900,25.400,1394.0000,-5.073767
37.900,25.400,1395.0000,7.842547
37.900,25.400,1396.0000,11.160452
37.900,25.400,1397.0000,3.377394
37.900,25.400,1398.0000,4.957103
37.900,25.400,1399.0000,6.556541
37.900,25.400,1400.0000,3.310067
37.900,25.400,1401.0000,12.653556
37.900,25.400,1402.0000,4.810601
37.900,25.400,1403.0000,-1.264492
37.900,25.400,1404.0000,7.967976
37.900,25.400,1405.0000,-4.858669
37.900,25.400,1406.0000,8.148357
37.900,25.400,1407.0000,5.504331
37.900,25.400,1408.0000,11.569655
37.900,25.400,1409.0000,9.738728
37.900,25.400,1410.0000,17.072732
37.900,25.400,1411.0000,1.585953
37.900,25.400,1412.0000,11.170856
37.900,25.400,1413.0000,18.107219
37.900,25.400,1414.0000,3.796626
37.900,25.400,1415.0000,5.186751
37.900,25.400,1416.0000,8.793645
37.900,25.400,1417.0000,18.175613
37.900,25.400,1418.0000,4.139378
37.900,25.400,1419.0000,18.540931
37.900,25.400,1420.0000,7.123009
37.900,25.400,1421.0000,17.357245
37.900,25.400,1422.0000,5.843584
37.900,25.400,1423.0000,6.784944
37.900,25.400,1424.0000,15.384352
37.900,25.400,1425.0000,19.539811
37.900,25.400,1426.0000,19.075076
37.900,25.400,1427.0000,2.238036
37.900,25.400,1428.0000,14.938843
37.900,25.400,1429.0000,31.030655
37.900,25.400,1430.0000,29.214690
37.900,25.400,1431.0000,19.127839
37.900,25.400,1432.0000,26.370820
37.900,25.400,1433.0000,42.100924
37.900,25.400,1434.0000,45.308096
37.900,25.400,1435.0000,43.980138
37.900,25.400,1436.0000,57.424889
37.900,25.400,1437.0000,61.820682
37.900,25.400,1438.0000,49.874029
37.900,25.400,1439.0000,66.407876
37.900,25.400,1440.0000,77.224269
37.900,25.400,1441.0000,92.265398
37.900,25.400,1442.0000,105.954844
37.900,25.400,1443.0000,129.810866
37.900,25.400,1444.0000,134.049953
37.900,25.400,1445.0000,165.273395
37.900,25.400,1446.0000,182.204466
37.900,25.400,1447.0000,213.677456
37.900,25.400,1448.0000,215.175158
37.900,25.400,1449.0000,230.148404
37.900,25.400,1450.0000,239.760844
37.900,25.400,1451.0000,233.230790
37.900,25.400,1452.0000,216.503727
37.900,25.400,1453.0000,199.540441
37.900,25.400,1454.0000,180.582788
37.900,25.400,1455.0000,161.369238
37.900,25.400,1456.0000,150.988288
37.900,25.400,1457.0000,117.962530
37.900,25.400,1458.0000,109.585881
37.900,25.400,1459.0000,91.474652
37.900,25.400,1460.0000,84.380914
37.900,25.400,1461.0000,74.142920
37.900,25.400,1462.0000,49.884460
37.900,25.400,1463.0000,56.383476
37.900,25.400,1464.0000,49.069476
37.900,25.400,1465.0000,46.271128
37.900,25.400,1466.0000,37.611113
37.900,25.400,1467.0000,34.466058
37.900,25.400,1468.0000,43.400371
37.900,25.400,1469.0000,32.502704
37.900,25.400,1470.0000,16.461419
37.900,25.400,1471.0000,19.971182
37.900,25.400,1472.0000,25.323568
37.900,25.400,1473.0000,23.768266
37.900,25.400,1474.0000,26.799985
37.900,25.400,1475.0000,20.456465
37.900,25.400,1476.0000,15.432470
37.900,25.400,1477.0000,25.735969
37.900,25.400,1478.0000,25.222377
37.900,25.400,1479.0000,14.686623
37.900,25.400,1480.0000,3.279602
37.900,25.400,1481.0000,16.441009
37.900,25.400,1482.0000,25.730618
37.900,25.400,1483.0000,2.192428
37.900,25.400,1484.0000,11.242792
37.900,25.400,1485.0000,15.340386
37.900,25.400,1486.0000,3.953519
37.900,25.400,1487.0000,2.405085
37.900,25.400,1488.0000,0.127554
37.900,25.400,1489.0000,3.536941
37.900,25.400,1490.0000,5.854163
37.900,25.400,1491.0000,4.333616
37.900,25.400,1492.0000,0.042645
37.900,25.400,1493.0000,21.209317
37.900,25.400,1494.0000,12.316134
37.900,25.400,1495.0000,-4.482927
37.900,25.400,1496.0000,6.746673
37.900,25.400,1497.0000,10.015883
37.900,25.400,1498.0000,-8.994357
37.900,25.400,1499.0000,7.503372
37.900,25.400,1500.0000,-0.604279
37.900,25.400,1501.0000,11.529075
37.900,25.400,1502.0000,7.823553
37.900,25.400,1503.0000,7.906272
37.900,25.400,1504.0000,6.366450
37.900,25.400,1505.0000,5.332375
37.900,25.400,1506.0000,5.757819
37.900,25.400,1507.0000,15.174917
37.900,25.400,1508.0000,-1.893750
37.900,25.400,1509.0000,7.561830
37.900,25.400,1510.0000,9.244361
37.900,25.400,1511.0000,10.494884
37.900,25.400,1512.0000,3.895522
37.900,25.400,1513.0000,8.701874
37.900,25.400,1514.0000,9.087469
37.900,25.400,1515.0000,1.989261
37.900,25.400,1516.0000,13.259942
37.900,25.400,1517.0000,-2.100605
37.900,25.400,1518.0000,4.586981
37.900,25.400,1519.0000,2.737659
37.900,25.400,1520.0000,6.350065
37.900,25.400,1521.0000,-7.889974
37.900,25.400,1522.0000,11.018796
37.900,25.400,1523.0000,10.662921
37.900,25.400,1524.0000,9.342886
37.900,25.400,1525.0000,15.281546
37.900,25.400,1526.0000,2.066806
37.900,25.400,1527.0000,10.538716
37.900,25.400,1528.0000,6.827009
37.900,25.400,1529.0000,3.899295
37.900,25.400,1530.0000,9.326215
37.900,25.400,1531.0000,4.649043
37.900,25.400,1532.0000,-0.154673
37.900,25.400,1533.0000,1.114864
37.900,25.400,1534.0000,12.865583
37.900,25.400,1535.0000,1.694302
37.900,25.400,1536.0000,12.635009
37.900,25.400,1537.0000,4.852924
37.900,25.400,1538.0000,13.276447
37.900,25.400,1539.0000,2.227647
37.900,25.400,1540.0000,13.502406
37.900,25.400,1541.0000,5.109885
37.900,25.400,1542.0000,6.845529
37.900,25.400,1543.0000,7.389273
37.900,25.400,1544.0000,9.528148
37.900,25.400,1545.0000,7.178830
37.900,25.400,1546.0000,15.283336
37.900,25.400,1547.0000,4.329640
37.900,25.400,1548.0000,9.048721
37.900,25.400,1549.0000,9.738503
37.900,25.400,1550.0000,11.490992
37.900,25.400,1551.0000,11.308440
37.900,25.400,1552.0000,10.515013
37.900,25.400,1553.0000,12.152988
37.900,25.400,1554.0000,12.344601
37.900,25.400,1555.0000,12.438046
37.900,25.400,1556.0000,17.421991
37.900,25.400,1557.0000,14.025026
37.900,25.400,1558.0000,8.678981
37.900,25.400,1559.0000,19.101105
37.900,25.400,1560.0000,5.691499
37.900,25.400,1561.0000,19.898092
37.900,25.400,1562.0000,23.485658
37.900,25.400,1563.0000,19.475202
37.900,25.400,1564.0000,23.182444
37.900,25.400,1565.0000,36.264754
37.900,25.400,1566.0000,21.090052
37.900,25.400,1567.0000,26.083983
37.900,25.400,1568.0000,25.311158
37.900,25.400,1569.0000,35.472638
37.900,25.400,1570.0000,34.709444
37.900,25.400,1571.0000,36.729589
37.900,25.400,1572.0000,40.832776
37.900,25.400,1573.0000,57.061954
37.900,25.400,1574.0000,60.112777
37.900,25.400,1575.0000,73.644837
37.900,25.400,1576.0000,96.115278
37.900,25.400,1577.0000,110.716224
37.900,25.400,1578.0000,125.935856
37.900,25.400,1579.0000,148.875937
37.900,25.400,1580.0000,179.074109
37.900,25.400,1581.0000,208.321590
37.900,25.400,1582.0000,235.941880
37.900,25.400,1583.0000,242.726060
37.900,25.400,1584.0000,232.712257
37.900,25.400,1585.0000,230.216209
37.900,25.400,1586.0000,202.322068
37.900,25.400,1587.0000,177.810707
37.900,25.400,1588.0000,169.521885
37.900,25.400,1589.0000,151.213325
37.900,25.400,1590.0000,141.293471
37.900,25.400,1591.0000,142.387166
37.900,25.400,1592.0000,151.707356
37.900,25.400,1593.0000,153.341563
37.900,25.400,1594.0000,184.575740
37.900,25.400,1595.0000,191.840184
37.900,25.400,1596.0000,243.112259
37.900,25.400,1597.0000,289.396122
37.900,25.400,1598.0000,349.393216
37.900,25.400,1599.0000,460.839179
37.900,25.400,1600.0000,554.370413
37.900,25.400,1601.0000,658.473633
37.900,25.400,1602.0000,693.224317
37.900,25.400,1603.0000,658.345102
37.900,25.400,1604.0000,568.235092
37.900,25.400,1605.0000,444.418491
37.900,25.400,1606.0000,346.420887
37.900,25.400,1607.0000,260.556620
37.900,25.400,1608.0000,207.943206
37.900,25.400,1609.0000,173.473148
37.900,25.400,1610.0000,154.905507
37.900,25.400,1611.0000,122.992999
37.900,25.400,1612.0000,98.287655
37.900,25.400,1613.0000,92.042897
37.900,25.400,1614.0000,66.771709
37.900,25.400,1615.0000,70.356411
37.900,25.400,1616.0000,55.739403
37.900,25.400,1617.0000,57.605653
37.900,25.400,1618.0000,39.904270
37.900,25.400,1619.0000,36.273173
37.900,25.400,1620.0000,39.278768
37.900,25.400,1621.0000,36.991306
37.900,25.400,1622.0000,36.579076
37.900,25.400,1623.0000,26.886701
37.900,25.400,1624.0000,20.181209
37.900,25.400,1625.0000,25.748772
37.900,25.400,1626.0000,23.881247
37.900,25.400,1627.0000,20.694548
37.900,25.400,1628.0000,25.408802
37.900,25.400,1629.0000,16.333350
37.900,25.400,1630.0000,22.699158
37.900,25.400,1631.0000,19.296342
37.900,25.400,1632.0000,12.577747
37.900,25.400,1633.0000,14.462644
37.900,25.400,1634.0000,11.355581
37.900,25.400,1635.0000,0.812023
37.900,25.400,1636.0000,12.854895
37.900,25.400,1637.0000,-4.605206
37.900,25.400,1638.0000,7.362869
37.900,25.400,1639.0000,1.556517
37.900,25.400,1640.0000,4.103178
37.900,25.400,1641.0000,2.670028
37.900,25.400,1642.0000,12.360066
37.900,25.400,1643.0000,12.988295
37.900,25.400,1644.0000,5.209630
37.900,25.400,1645.0000,6.349869
37.900,25.400,1646.0000,19.472502
37.900,25.400,1647.0000,15.668186
37.900,25.400,1648.0000,5.786285
37.900,25.400,1649.0000,14.066703
37.900,25.400,1650.0000,4.926733
37.900,25.400,1651.0000,1.598398
37.900,25.400,1652.0000,2.705288
37.900,25.400,1653.0000,10.297347
37.900,25.400,1654.0000,9.768794
37.900,25.400,1655.0000,1.625488
37.900,25.400,1656.0000,13.154609
37.900,25.400,1657.0000,7.057254
37.900,25.400,1658.0000,-3.941808
37.900,25.400,1659.0000,10.282212
37.900,25.400,1660.0000,6.898176
37.900,25.400,1661.0000,3.351871
37.900,25.400,1662.0000,-0.118342
37.900,25.400,1663.0000,3.928156
37.900,25.400,1664.0000,3.295305
37.900,25.400,1665.0000,5.194880
37.900,25.400,1666.0000,-5.411116
37.900,25.400,1667.0000,1.315463
37.900,25.400,1668.0000,7.933952
37.900,25.400,1669.0000,3.395338
37.900,25.400,1670.0000,6.431328
37.900,25.400,1671.0000,-6.506417
37.900,25.400,1672.0000,13.158827
37.900,25.400,1673.0000,-7.777921
37.900,25.400,1674.0000,9.812863
37.900,25.400,1675.0000,4.481269
37.900,25.400,1676.0000,13.714311
37.900,25.400,1677.0000,12.254541
37.900,25.400,1678.0000,-2.026266
37.900,25.400,1679.0000,0.970901
37.900,25.400,1680.0000,-6.747269
37.900,25.400,1681.0000,-7.395437
37.900,25.400,1682.0000,-5.982070
37.900,25.400,1683.0000,6.543896
37.900,25.400,1684.0000,0.474286
37.900,25.400,1685.0000,1.993464
37.900,25.400,1686.0000,3.078823
37.900,25.400,1687.0000,10.099333
37.900,25.400,1688.0000,-1.999418
37.900,25.400,1689.0000,2.498112
37.900,25.400,1690.0000,1.137998
37.900,25.400,1691.0000,18.035277
37.900,25.400,1692.0000,10.400083
37.900,25.400,1693.0000,-3.559867
37.900,25.400,1694.0000,2.022159
37.900,25.400,1695.0000,2.864779
37.900,25.400,1696.0000,-2.704097
37.900,25.400,1697.0000,3.630479
37.900,25.400,1698.0000,0.387359
37.900,25.400,1699.0000,10.269028
37.900,25.400,1700.0000,-2.986381
37.900,25.400,1701.0000,5.420786
37.900,25.400,1702.0000,-3.887732
37.900,25.400,1703.0000,2.943309
37.900,25.400,1704.0000,7.223960
37.900,25.400,1705.0000,-2.987434
37.900,25.400,1706.0000,-6.077524
37.900,25.400,1707.0000,4.464582
37.900,25.400,1708.0000,9.334106
37.900,25.400,1709.0000,0.404918
37.900,25.400,1710.0000,-0.237705
37.900,25.400,1711.0000,-0.351713
37.900,25.400,1712.0000,-3.572682
37.900,25.400,1713.0000,13.074530
37.900,25.400,1714.0000,-5.972369
37.900,25.400,1715.0000,2.254117
37.900,25.400,1716.0000,7.020020
37.900,25.400,1717.0000,-4.518498
37.900,25.400,1718.0000,1.305456
37.900,25.400,1719.0000,8.639482
37.900,25.400,1720.0000,-0.579604
37.900,25.400,1721.0000,3.496665
37.900,25.400,1722.0000,15.763903
37.900,25.400,1723.0000,0.712521
37.900,25.400,1724.0000,-2.163936
37.900,25.400,1725.0000,-0.410707
37.900,25.400,1726.0000,3.144633
37.900,25.400,1727.0000,-0.612554
37.900,25.400,1728.0000,8.094110
37.900,25.400,1729.0000,-3.994697
37.900,25.400,1730.0000,-2.110751
37.900,25.400,1731.0000,4.190102
37.900,25.400,1732.0000,-1.762044
37.900,25.400,1733.0000,-4.604947
37.900,25.400,1734.0000,4.483461
37.900,25.400,1735.0000,13.123051
37.900,25.400,1736.0000,8.833467
37.900,25.400,1737.0000,-2.815008
37.900,25.400,1738.0000,-2.459216
37.900,25.400,1739.0000,-0.350685
37.900,25.400,1740.0000,-7.761198
37.900,25.400,1741.0000,8.156297
37.900,25.400,1742.0000,-3.439539
37.900,25.400,1743.0000,-4.253183
37.900,25.400,1744.0000,-1.637142
37.900,25.400,1745.0000,5.217291
37.900,25.400,1746.0000,1.689437
37.900,25.400,1747.0000,12.271345
37.900,25.400,1748.0000,2.262987
37.900,25.400,1749.0000,-6.680515
37.900,25.400,1750.0000,0.121872
37.900,25.400,1751.0000,2.379116
37.900,25.400,1752.0000,0.935390
37.900,25.400,1753.0000,5.112051
37.900,25.400,1754.0000,-7.349199
37.900,25.400,1755.0000,-1.645383
37.900,25.400,1756.0000,-8.450564
37.900,25.400,1757.0000,10.803917
37.900,25.400,1758.0000,-3.579914
37.900,25.400,1759.0000,-0.505056
37.900,25.400,1760.0000,0.580456
37.900,25.400,1761.0000,-3.028844
37.900,25.400,1762.0000,-2.648925
37.900,25.400,1763.0000,-6.724964
37.900,25.400,1764.0000,-4.891435
37.900,25.400,1765.0000,6.108297
37.900,25.400,1766.0000,10.881299
37.900,25.400,1767.0000,-3.210504
37.900,25.400,1768.0000,-2.609466
37.900,25.400,1769.0000,0.959715
37.900,25.400,1770.0000,-5.447787
37.900,25.400,1771.0000,-7.682487
37.900,25.400,1772.0000,-2.154747
37.900,25.400,1773.0000,7.310091
37.900,25.400,1774.0000,-1.558551
37.900,25.400,1775.0000,-9.225575
37.900,25.400,1776.0000,3.868340
37.900,25.400,1777.0000,3.288724
37.900,25.400,1778.0000,-1.452794
37.900,25.400,1779.0000,8.889878
37.900,25.400,1780.0000,-0.615781
37.900,25.400,1781.0000,7.694542
37.900,25.400,1782.0000,1.161254
37.900,25.400,1783.0000,1.930486
37.900,25.400,1784.0000,6.077377
37.900,25.400,1785.0000,-1.652116
37.900,25.400,1786.0000,-5.390941
37.900,25.400,1787.0000,-3.216844
37.900,25.400,1788.0000,-0.846530
37.900,25.400,1789.0000,-4.692796
37.900,25.400,1790.0000,8.165816
37.900,25.400,1791.0000,8.862303
37.900,25.400,1792.0000,1.881650
37.900,25.400,1793.0000,2.107533
37.900,25.400,1794.0000,4.904525
37.900,25.400,1795.0000,-1.357262
37.900,25.400,1796.0000,-1.593457
37.900,25.400,1797.0000,-0.890242
37.900,25.400,1798.0000,-2.567640
37.900,25.400,1799.0000,11.808706
37.900,25.400,1800.0000,5.525145
37.900,25.400,1801.0000,-10.197311
37.900,25.400,1802.0000,4.908808
37.900,25.400,1803.0000,1.070629
37.900,25.400,1804.0000,-15.320993
37.900,25.400,1805.0000,12.145945
37.900,25.400,1806.0000,2.199328
37.900,25.400,1807.0000,7.518431
37.900,25.400,1808.0000,-2.043578
37.900,25.400,1809.0000,4.814794
37.900,25.400,1810.0000,-0.656222
37.900,25.400,1811.0000,6.040081
37.900,25.400,1812.0000,-3.802693
37.900,25.400,1813.0000,-1.043085
37.900,25.400,1814.0000,0.655770
37.900,25.400,1815.0000,0.382871
37.900,25.400,1816.0000,7.427921
37.900,25.400,1817.0000,-4.562237
37.900,25.400,1818.0000,-0.671226
37.900,25.400,1819.0000,-9.133100
37.900,25.400,1820.0000,9.600279
37.900,25.400,1821.0000,1.263772
37.900,25.400,1822.0000,1.719336
37.900,25.400,1823.0000,12.658979
37.900,25.400,1824.0000,9.532622
37.900,25.400,1825.0000,9.905481
37.900,25.400,1826.0000,2.179751
37.900,25.400,1827.0000,1.067864
37.900,25.400,1828.0000,6.896553
37.900,25.400,1829.0000,7.465841
37.900,25.400,1830.0000,3.847724
37.900,25.400,1831.0000,-1.369475
37.900,25.400,1832.0000,-0.004235
37.900,25.400,1833.0000,7.360889
37.900,25.400,1834.0000,-9.808928
37.900,25.400,1835.0000,0.568340
37.900,25.400,1836.0000,-11.230356
37.900,25.400,1837.0000,7.464493
37.900,25.400,1838.0000,-4.029696
37.900,25.400,1839.0000,3.963212
37.900,25.400,1840.0000,5.062543
37.900,25.400,1841.0000,3.540642
37.900,25.400,1842.0000,3.035154
37.900,25.400,1843.0000,-4.686050
37.900,25.400,1844.0000,-2.113548
37.900,25.400,1845.0000,0.400472
37.900,25.400,1846.0000,-2.075423
37.900,25.400,1847.0000,2.097694
37.900,25.400,1848.0000,-2.632829
37.900,25.400,1849.0000,6.551984
37.900,25.400,1850.0000,-11.070757
37.900,25.400,1851.0000,-3.657114
37.900,25.400,1852.0000,6.674810
37.900,25.400,1853.0000,-1.776298
37.900,25.400,1854.0000,-0.983060
37.900,25.400,1855.0000,-2.068013
37.900,25.400,1856.0000,3.981411
37.900,25.400,1857.0000,-0.886955
37.900,25.400,1858.0000,11.163226
37.900,25.400,1859.0000,-4.483605
37.900,25.400,1860.0000,11.753302
37.900,25.400,1861.0000,-5.037099
37.900,25.400,1862.0000,-8.915697
37.900,25.400,1863.0000,-6.523750
37.900,25.400,1864.0000,2.241918
37.900,25.400,1865.0000,2.192669
37.900,25.400,1866.0000,8.088896
37.900,25.400,1867.0000,-4.991669
37.900,25.400,1868.0000,-1.565864
37.900,25.400,1869.0000,8.195857
37.900,25.400,1870.0000,-5.320280
37.900,25.400,1871.0000,1.982615
37.900,25.400,1872.0000,5.819629
37.900,25.400,1873.0000,-7.762040
37.900,25.400,1874.0000,-1.827745
37.900,25.400,1875.0000,-5.697895
37.900,25.400,1876.0000,-3.830884
37.900,25.400,1877.0000,-3.089809
37.900,25.400,1878.0000,0.625383
37.900,25.400,1879.0000,6.043603
37.900,25.400,1880.0000,-4.775912
37.900,25.400,1881.0000,-3.473035
37.900,25.400,1882.0000,1.043170
37.900,25.400,1883.0000,4.082936
37.900,25.400,1884.0000,-4.661500
37.900,25.400,1885.0000,0.808491
37.900,25.400,1886.0000,-1.456989
37.900,25.400,1887.0000,-6.366357
37.900,25.400,1888.0000,4.412470
37.900,25.400,1889.0000,-3.374076
37.900,25.400,1890.0000,1.531039
37.900,25.400,1891.0000,-5.106298
37.900,25.400,1892.0000,-6.469690
37.900,25.400,1893.0000,-10.422885
37.900,25.400,1894.0000,4.681903
37.900,25.400,1895.0000,-1.142318
37.900,25.400,1896.0000,-12.262636
37.900,25.400,1897.0000,8.565641
37.900,25.400,1898.0000,-0.028529
37.900,25.400,1899.0000,-2.006138
37.900,25.400,1900.0000,9.639071
37.900,25.400,1901.0000,7.223562
37.900,25.400,1902.0000,-10.278112
37.900,25.400,1903.0000,-3.466900
37.900,25.400,1904.0000,-3.310678
37.900,25.400,1905.0000,0.118487
37.900,25.400,1906.0000,10.372104
37.900,25.400,1907.0000,-7.322330
37.900,25.400,1908.0000,-8.873450
37.900,25.400,1909.0000,12.106162
37.900,25.400,1910.0000,1.802273
37.900,25.400,1911.0000,-11.438831
37.900,25.400,1912.0000,-8.790340
37.900,25.400,1913.0000,5.393870
37.900,25.400,1914.0000,-0.547256
37.900,25.400,1915.0000,-3.424956
37.900,25.400,1916.0000,-0.306670
37.900,25.400,1917.0000,-2.920567
37.900,25.400,1918.0000,-9.545766
37.900,25.400,1919.0000,0.732539
37.900,25.400,1920.0000,-0.682534
37.900,25.400,1921.0000,-5.645956
37.900,25.400,1922.0000,-15.256369
37.900,25.400,1923.0000,-3.380306
37.900,25.400,1924.0000,0.421709
37.900,25.400,1925.0000,-10.822886
37.900,25.400,1926.0000,-2.561207
37.900,25.400,1927.0000,-13.796939
37.900,25.400,1928.0000,12.232319
37.900,25.400,1929.0000,4.598791
37.900,25.400,1930.0000,-1.628242
37.900,25.400,1931.0000,-4.853236
37.900,25.400,1932.0000,-10.348973
37.900,25.400,1933.0000,-4.847262
37.900,25.400,1934.0000,4.021203
37.900,25.400,1935.0000,0.219920
37.900,25.400,1936.0000,9.591912
37.900,25.400,1937.0000,3.788222
37.900,25.400,1938.0000,-10.200078
37.900,25.400,1939.0000,-10.468881
37.900,25.400,1940.0000,8.171040
37.900,25.400,1941.0000,1.751279
37.900,25.400,1942.0000,-3.712447
37.900,25.400,1943.0000,1.104984
37.900,25.400,1944.0000,6.837902
37.900,25.400,1945.0000,0.188856
37.900,25.400,1946.0000,8.176689
37.900,25.400,1947.0000,3.859679
37.900,25.400,1948.0000,5.089452
37.900,25.400,1949.0000,-0.095126
37.900,25.400,1950.0000,-7.494523
37.900,25.400,1951.0000,-1.099955
37.900,25.400,1952.0000,-6.089322
37.900,25.400,1953.0000,4.088800
37.900,25.400,1954.0000,12.399740
37.900,25.400,1955.0000,8.930473
37.900,25.400,1956.0000,10.440520
37.900,25.400,1957.0000,-0.317536
37.900,25.400,1958.0000,7.329676
37.900,25.400,1959.0000,2.300799
37.900,25.400,1960.0000,3.316385
37.900,25.400,1961.0000,-3.213109
37.900,25.400,1962.0000,9.072338
37.900,25.400,1963.0000,9.748031
37.900,25.400,1964.0000,-11.154705
37.900,25.400,1965.0000,-0.265041
37.900,25.400,1966.0000,-7.300514
37.900,25.400,1967.0000,7.770780
37.900,25.400,1968.0000,-8.015095
37.900,25.400,1969.0000,-4.074381
37.900,25.400,1970.0000,-0.054404
37.900,25.400,1971.0000,5.535307
37.900,25.400,1972.0000,2.872955
37.900,25.400,1973.0000,-2.688349
37.900,25.400,1974.0000,3.316100
37.900,25.400,1975.0000,1.984610
37.900,25.400,1976.0000,-7.371118
37.900,25.400,1977.0000,9.578150
37.900,25.400,1978.0000,-6.599973
37.900,25.400,1979.0000,-1.679836
37.900,25.400,1980.0000,2.080055
37.900,25.400,1981.0000,2.017329
37.900,25.400,1982.0000,0.988267
37.900,25.400,1983.0000,3.141782
37.900,25.400,1984.0000,5.108044
37.900,25.400,1985.0000,4.243499
37.900,25.400,1986.0000,-2.718144
37.900,25.400,1987.0000,-1.854961
37.900,25.400,1988.0000,-11.431560
37.900,25.400,1989.0000,-15.437605
37.900,25.400,1990.0000,7.805831
37.900,25.400,1991.0000,-5.147946
37.900,25.400,1992.0000,5.505625
37.900,25.400,1993.0000,-3.797358
37.900,25.400,1994.0000,0.921088
37.900,25.400,1995.0000,-10.294721
37.900,25.400,1996.0000,-0.367089
37.900,25.400,1997.0000,-5.633097
37.900,25.400,1998.0000,5.684597
37.900,25.400,1999.0000,5.402161
37.900,25.400,2000.0000,-2.593639
38.000,25.200,200.0000,-6.007457
38.000,25.200,201.0000,8.383613
38.000,25.200,202.0000,-8.502504
38.000,25.200,203.0000,-3.302856
38.000,25.200,204.0000,2.259014
38.000,25.200,205.0000,-1.681946
38.000,25.200,206.0000,0.911112
38.000,25.200,207.0000,1.603173
38.000,25.200,208.0000,-4.297416
38.000,25.200,209.0000,-0.419039
38.000,25.200,210.0000,-4.504728
38.000,25.200,211.0000,-4.806050
38.000,25.200,212.0000,3.233719
38.000,25.200,213.0000,-5.146549
38.000,25.200,214.0000,3.507923
38.000,25.200,215.0000,2.935898
38.000,25.200,216.0000,-5.817383
38.000,25.200,217.0000,-6.775068
38.000,25.200,218.0000,-7.137345
38.000,25.200,219.0000,-8.626431
38.000,25.200,220.0000,9.836708
38.000,25.200,221.0000,-0.303169
38.000,25.200,222.0000,-2.020442
38.000,25.200,223.0000,-5.477850
38.000,25.200,224.0000,-0.061431
38.000,25.200,225.0000,-2.145493
38.000,25.200,226.0000,4.618416
38.000,25.200,227.0000,-8.752654
38.000,25.200,228.0000,-5.577692
38.000,25.200,229.0000,-0.351279
38.000,25.200,230.0000,0.770807
38.000,25.200,231.0000,3.310549
38.000,25.200,232.0000,10.266100
38.000,25.200,233.0000,15.954458
38.000,25.200,234.0000,3.872979
38.000,25.200,235.0000,-2.635580
38.000,25.200,236.0000,-0.054107
38.000,25.200,237.0000,1.731069
38.000,25.200,238.0000,15.709910
38.000,25.200,239.0000,5.583439
38.000,25.200,240.0000,1.124470
38.000,25.200,241.0000,5.028995
38.000,25.200,242.0000,9.396203
38.000,25.200,243.0000,-2.480012
38.000,25.200,244.0000,5.788448
38.000,25.200,245.0000,0.733286
38.000,25.200,246.0000,8.662499
38.000,25.200,247.0000,-4.540625
38.000,25.200,248.0000,-12.250158
38.000,25.200,249.0000,-15.489700
38.000,25.200,250.0000,-5.650832
38.000,25.200,251.0000,-2.163598
38.000,25.200,252.0000,5.700797
38.000,25.200,253.0000,-6.283387
38.000,25.200,254.0000,-0.333766
38.000,25.200,255.0000,5.662889
38.000,25.200,256.0000,-1.374791
38.000,25.200,257.0000,-3.799210
38.000,25.200,258.0000,-6.680315
38.000,25.200,259.0000,4.079100
38.000,25.200,260.0000,5.793410
38.000,25.200,261.0000,2.351532
38.000,25.200,262.0000,-0.443010
38.000,25.200,263.0000,-0.684128
38.000,25.200,264.0000,-3.078936
38.000,25.200,265.0000,5.113933
38.000,25.200,266.0000,-3.726125
38.000,25.200,267.0000,7.716677
38.000,25.200,268.0000,-5.020873
38.000,25.200,269.0000,-3.747752
38.000,25.200,270.0000,-7.967759
38.000,25.200,271.0000,5.943992
38.000,25.200,272.0000,-3.751857
38.000,25.200,273.0000,-11.027286
38.000,25.200,274.0000,9.441790
38.000,25.200,275.0000,-4.409205
38.000,25.200,276.0000,-3.214820
38.000,25.200,277.0000,-1.539862
38.000,25.200,278.0000,8.284133
38.000,25.200,279.0000,1.781334
38.000,25.200,280.0000,4.580328
38.000,25.200,281.0000,7.588162
38.000,25.200,282.0000,-10.141296
38.000,25.200,283.0000,-12.646709
38.000,25.200,284.0000,-4.086174
38.000,25.200,285.0000,-5.963591
38.000,25.200,286.0000,6.815294
38.000,25.200,287.0000,0.564585
38.000,25.200,288.0000,5.176480
38.000,25.200,289.0000,9.370429
38.000,25.200,290.0000,12.555951
38.000,25.200,291.0000,-3.825207
38.000,25.200,292.0000,7.795435
38.000,25.200,293.0000,-8.511019
38.000,25.200,294.0000,-0.685558
38.000,25.200,295.0000,-4.140855
38.000,25.200,296.0000,2.477368
38.000,25.200,297.0000,-3.290286
38.000,25.200,298.0000,-4.428269
38.000,25.200,299.0000,-4.377016
38.000,25.200,300.0000,-2.917269
38.000,25.200,301.0000,4.504413
38.000,25.200,302.0000,2.941383
38.000,25.200,303.0000,-0.576648
38.000,25.200,304.0000,-12.052518
38.000,25.200,305.0000,2.680822
38.000,25.200,306.0000,-2.469196
38.000,25.200,307.0000,3.943213
38.000,25.200,308.0000,1.577152
38.000,25.200,309.0000,3.159090
38.000,25.200,310.0000,10.159100
38.000,25.200,311.0000,5.149806
38.000,25.200,312.0000,-6.149017
38.000,25.200,313.0000,1.094504
38.000,25.200,314.0000,-1.932237
38.000,25.200,315.0000,7.459598
38.000,25.200,316.0000,-0.120012
38.000,25.200,317.0000,7.104578
38.000,25.200,318.0000,-0.450454
38.000,25.200,319.0000,-1.447247
38.000,25.200,320.0000,-3.390689
38.000,25.200,321.0000,5.556214
38.000,25.200,322.0000,-9.620418
38.000,25.200,323.0000,1.577464
38.000,25.200,324.0000,8.071405
38.000,25.200,325.0000,-9.511650
38.000,25.200,326.0000,3.064012
38.000,25.200,327.0000,-4.875779
38.000,25.200,328.0000,6.482043
38.000,25.200,329.0000,-3.802500
38.000,25.200,330.0000,2.520029
38.000,25.200,331.0000,-2.658525
38.000,25.200,332.0000,2.296162
38.000,25.200,333.0000,10.679177
38.000,25.200,334.0000,-12.707828
38.000,25.200,335.0000,5.224382
38.000,25.200,336.0000,-7.927547
38.000,25.200,337.0000,-5.989319
38.000,25.200,338.0000,9.192168
38.000,25.200,339.0000,-6.553771
38.000,25.200,340.0000,-6.670780
38.000,25.200,341.0000,3.634842
38.000,25.200,342.0000,-6.818649
38.000,25.200,343.0000,-9.915728
38.000,25.200,344.0000,-4.956084
38.000,25.200,345.0000,-2.392346
38.000,25.200,346.0000,-1.179810
38.000,25.200,347.0000,-11.405264
38.000,25.200,348.0000,-8.023546
38.000,25.200,349.0000,3.649780
38.000,25.200,350.0000,1.969469
38.000,25.200,351.0000,-3.118995
38.000,25.200,352.0000,0.067967
38.000,25.200,353.0000,-6.656688
38.000,25.200,354.0000,5.607504
38.000,25.200,355.0000,6.360304
38.000,25.200,356.0000,-8.868659
38.000,25.200,357.0000,-4.306170
38.000,25.200,358.0000,-4.061497
38.000,25.200,359.0000,-2.136503
38.000,25.200,360.0000,-4.174672
38.000,25.200,361.0000,-3.553329
38.000,25.200,362.0000,-2.817175
38.000,25.200,363.0000,0.900062
38.000,25.200,364.0000,7.923774
38.000,25.200,365.0000,-3.317406
38.000,25.200,366.0000,1.030661
38.000,25.200,367.0000,3.297867
38.000,25.200,368.0000,2.703523
38.000,25.200,369.0000,-6.893907
38.000,25.200,370.0000,8.664622
38.000,25.200,371.0000,-2.074306
38.000,25.200,372.0000,4.610164
38.000,25.200,373.0000,3.078199
38.000,25.200,374.0000,5.685108
38.000,25.200,375.0000,-11.042399
38.000,25.200,376.0000,0.429461
38.000,25.200,377.0000,-17.383759
38.000,25.200,378.0000,11.439356
38.000,25.200,379.0000,13.931163
38.000,25.200,380.0000,-1.141148
38.000,25.200,381.0000,4.113598
38.000,25.200,382.0000,0.192341
38.000,25.200,383.0000,-4.932403
38.000,25.200,384.0000,-4.921273
38.000,25.200,385.0000,4.520539
38.000,25.200,386.0000,6.247519
38.000,25.200,387.0000,14.246431
38.000,25.200,388.0000,3.744263
38.000,25.200,389.0000,-4.878034
38.000,25.200,390.0000,7.279962
38.000,25.200,391.0000,0.092449
38.000,25.200,392.0000,-6.001480
38.000,25.200,393.0000,-2.409942
38.000,25.200,394.0000,6.882442
38.000,25.200,395.0000,1.024069
38.000,25.200,396.0000,4.593490
38.000,25.200,397.0000,-12.878258
38.000,25.200,398.0000,-7.889907
38.000,25.200,399.0000,1.660322
38.000,25.200,400.0000,2.999277
38.000,25.200,401.0000,9.866378
38.000,25.200,402.0000,8.385639
38.000,25.200,403.0000,4.308121
38.000,25.200,404.0000,-5.477978
38.000,25.200,405.0000,1.060167
38.000,25.200,406.0000,9.861520
38.000,25.200,407.0000,1.932007
38.000,25.200,408.0000,-5.424210
38.000,25.200,409.0000,10.219635
38.000,25.200,410.0000,3.744238
38.000,25.200,411.0000,-1.706786
38.000,25.200,412.0000,-8.933829
38.000,25.200,413.0000,-5.194473
38.000,25.200,414.0000,-4.537541
38.000,25.200,415.0000,5.626257
38.000,25.200,416.0000,-2.798452
38.000,25.200,417.0000,0.669294
38.000,25.200,418.0000,2.849756
38.000,25.200,419.0000,2.987722
38.000,25.200,420.0000,-3.006435
38.000,25.200,421.0000,-0.980195
38.000,25.200,422.0000,0.289309
38.000,25.200,423.0000,6.592890
38.000,25.200,424.0000,6.139614
38.000,25.200,425.0000,4.220512
38.000,25.200,426.0000,-7.876147
38.000,25.200,427.0000,-3.226552
38.000,25.200,428.0000,-1.462794
38.000,25.200,429.0000,-6.986994
38.000,25.200,430.0000,-7.260449
38.000,25.200,431.0000,-2.493323
38.000,25.200,432.0000,3.207427
38.000,25.200,433.0000,-4.513188
38.000,25.200,434.0000,0.409724
38.000,25.200,435.0000,-6.253126
38.000,25.200,436.0000,13.150782
38.000,25.200,437.0000,-4.419761
38.000,25.200,438.0000,2.573744
38.000,25.200,439.0000,1.959895
38.000,25.200,440.0000,5.986404
38.000,25.200,441.0000,0.835785
38.000,25.200,442.0000,0.011098
38.000,25.200,443.0000,2.338734
38.000,25.200,444.0000,3.178181
38.000,25.200,445.0000,-7.183702
38.000,25.200,446.0000,-12.559849
38.000,25.200,447.0000,1.255157
38.000,25.200,448.0000,-3.656028
38.000,25.200,449.0000,7.480457
38.000,25.200,450.0000,1.057910
38.000,25.200,451.0000,-16.442952
38.000,25.200,452.0000,-8.804599
38.000,25.200,453.0000,-7.351741
38.000,25.200,454.0000,-0.359779
38.000,25.200,455.0000,5.534503
38.000,25.200,456.0000,-6.466918
38.000,25.200,457.0000,-1.983559
38.000,25.200,458.0000,0.490652
38.000,25.200,459.0000,1.258308
38.000,25.200,460.0000,5.179529
38.000,25.200,461.0000,-4.495049
38.000,25.200,462.0000,0.093896
38.000,25.200,463.0000,10.292374
38.000,25.200,464.0000,-4.129096
38.000,25.200,465.0000,0.581430
38.000,25.200,466.0000,-4.365580
38.000,25.200,467.0000,6.052051
38.000,25.200,468.0000,12.135216
38.000,25.200,469.0000,2.680476
38.000,25.200,470.0000,11.746537
38.000,25.200,471.0000,3.237104
38.000,25.200,472.0000,-10.586928
38.000,25.200,473.0000,-10.793670
38.000,25.200,474.0000,3.673273
38.000,25.200,475.0000,8.820666
38.000,25.200,476.0000,3.459996
38.000,25.200,477.0000,-5.379381
38.000,25.200,478.0000,-8.062450
38.000,25.200,479.0000,-8.399861
38.000,25.200,480.0000,-3.412347
38.000,25.200,481.0000,3.124247
38.000,25.200,482.0000,-2.075593
38.000,25.200,483.0000,-8.106115
38.000,25.200,484.0000,4.440072
38.000,25.200,485.0000,1.208929
38.000,25.200,486.0000,-1.231703
38.000,25.200,487.0000,-4.827255
38.000,25.200,488.0000,5.801376
38.000,25.200,489.0000,3.825334
38.000,25.200,490.0000,0.630982
38.000,25.200,491.0000,-1.923693
38.000,25.200,492.0000,3.951822
38.000,25.200,493.0000,8.427108
38.000,25.200,494.0000,7.613145
38.000,25.200,495.0000,-1.480980
38.000,25.200,496.0000,2.196418
38.000,25.200,497.0000,3.583473
38.000,25.200,498.0000,6.908717
38.000,25.200,499.0000,9.839640
38.000,25.200,500.0000,-4.354744
38.000,25.200,501.0000,-4.422610
38.000,25.200,502.0000,-2.406865
38.000,25.200,503.0000,0.452448
38.000,25.200,504.0000,5.305229
38.000,25.200,505.0000,10.325943
38.000,25.200,506.0000,2.357547
38.000,25.200,507.0000,4.710944
38.000,25.200,508.0000,-2.364619
38.000,25.200,509.0000,-1.653946
38.000,25.200,510.0000,-1.109241
38.000,25.200,511.0000,-3.210187
38.000,25.200,512.0000,-2.276462
38.000,25.200,513.0000,11.444730
38.000,25.200,514.0000,1.545683
38.000,25.200,515.0000,1.047782
38.000,25.200,516.0000,1.706372
38.000,25.200,517.0000,1.165063
38.000,25.200,518.0000,-5.188145
38.000,25.200,519.0000,7.062249
38.000,25.200,520.0000,-9.741779
38.000,25.200,521.0000,-0.038533
38.000,25.200,522.0000,3.278296
38.000,25.200,523.0000,4.671006
38.000,25.200,524.0000,2.667035
38.000,25.200,525.0000,-5.580802
38.000,25.200,526.0000,-1.864728
38.000,25.200,527.0000,-5.231571
38.000,25.200,528.0000,-8.605317
38.000,25.200,529.0000,1.379820
38.000,25.200,530.0000,3.085585
38.000,25.200,531.0000,-3.611357
38.000,25.200,532.0000,0.793261
38.000,25.200,533.0000,-4.448742
38.000,25.200,534.0000,-0.619294
38.000,25.200,535.0000,-2.318451
38.000,25.200,536.0000,17.382679
38.000,25.200,537.0000,7.860101
38.000,25.200,538.0000,2.600246
38.000,25.200,539.0000,4.189212
38.000,25.200,540.0000,13.247576
38.000,25.200,541.0000,14.605576
38.000,25.200,542.0000,-2.272490
38.000,25.200,543.0000,7.340816
38.000,25.200,544.0000,-7.757746
38.000,25.200,545.0000,4.410766
38.000,25.200,546.0000,2.309066
38.000,25.200,547.0000,0.481700
38.000,25.200,548.0000,-1.214678
38.000,25.200,549.0000,-7.042482
38.000,25.200,550.0000,-8.703976
38.000,25.200,551.0000,16.884852
38.000,25.200,552.0000,6.860615
38.000,25.200,553.0000,15.007091
38.000,25.200,554.0000,-2.984717
38.000,25.200,555.0000,-4.357003
38.000,25.200,556.0000,9.594799
38.000,25.200,557.0000,0.844848
38.000,25.200,558.0000,2.797094
38.000,25.200,559.0000,-0.384344
38.000,25.200,560.0000,4.582606
38.000,25.200,561.0000,3.197623
38.000,25.200,562.0000,10.760541
38.000,25.200,563.0000,2.862206
38.000,25.200,564.0000,-0.031880
38.000,25.200,565.0000,-3.647757
38.000,25.200,566.0000,9.787856
38.000,25.200,567.0000,-4.577368
38.000,25.200,568.0000,0.687699
38.000,25.200,569.0000,2.764742
38.000,25.200,570.0000,3.422347
38.000,25.200,571.0000,3.986289
38.000,25.200,572.0000,0.068739
38.000,25.200,573.0000,6.137689
38.000,25.200,574.0000,5.289086
38.000,25.200,575.0000,10.149104
38.000,25.200,576.0000,7.064446
38.000,25.200,577.0000,13.161663
38.000,25.200,578.0000,-1.863793
38.000,25.200,579.0000,1.018448
38.000,25.200,580.0000,1.359161
38.000,25.200,581.0000,2.365957
38.000,25.200,582.0000,10.233556
38.000,25.200,583.0000,12.539534
38.000,25.200,584.0000,-7.657672
38.000,25.200,585.0000,12.983404
38.000,25.200,586.0000,9.533718
38.000,25.200,587.0000,8.007026
38.000,25.200,588.0000,-1.881315
38.000,25.200,589.0000,6.541925
38.000,25.200,590.0000,15.667326
38.000,25.200,591.0000,9.274221
38.000,25.200,592.0000,14.908909
38.000,25.200,593.0000,5.856818
38.000,25.200,594.0000,8.606217
38.000,25.200,595.0000,3.456900
38.000,25.200,596.0000,4.232332
38.000,25.200,597.0000,10.077098
38.000,25.200,598.0000,17.160633
38.000,25.200,599.0000,11.811389
38.000,25.200,600.0000,8.833950
38.000,25.200,601.0000,14.268187
38.000,25.200,602.0000,15.029707
38.000,25.200,603.0000,15.194998
38.000,25.200,604.0000,24.357696
38.000,25.200,605.0000,2.291207
38.000,25.200,606.0000,19.188987
38.000,25.200,607.0000,39.337605
38.000,25.200,608.0000,17.445170
38.000,25.200,609.0000,35.181009
38.000,25.200,610.0000,42.779449
38.000,25.200,611.0000,30.876250
38.000,25.200,612.0000,50.269491
38.000,25.200,613.0000,67.558883
38.000,25.200,614.0000,72.221630
38.000,25.200,615.0000,91.257335
38.000,25.200,616.0000,113.629938
38.000,25.200,617.0000,138.421191
38.000,25.200,618.0000,179.739382
38.000,25.200,619.0000,211.884203
38.000,25.200,620.0000,216.007442
38.000,25.200,621.0000,204.818158
38.000,25.200,622.0000,190.898061
38.000,25.200,623.0000,138.517489
38.000,25.200,624.0000,120.210285
38.000,25.200,625.0000,92.345475
38.000,25.200,626.0000,74.456216
38.000,25.200,627.0000,67.348180
38.000,25.200,628.0000,44.503407
38.000,25.200,629.0000,51.143691
38.000,25.200,630.0000,35.374052
38.000,25.200,631.0000,37.930009
38.000,25.200,632.0000,19.488099
38.000,25.200,633.0000,32.916307
38.000,25.200,634.0000,18.470558
38.000,25.200,635.0000,29.395536
38.000,25.200,636.0000,5.871992
38.000,25.200,637.0000,12.768049
38.000,25.200,638.0000,13.998435
38.000,25.200,639.0000,15.703474
38.000,25.200,640.0000,5.818841
38.000,25.200,641.0000,9.731068
38.000,25.200,642.0000,8.455164
38.000,25.200,643.0000,4.899489
38.000,25.200,644.0000,4.224273
38.000,25.200,645.0000,4.973577
38.000,25.200,646.0000,7.454647
38.000,25.200,647.0000,8.547944
38.000,25.200,648.0000,-6.563466
38.000,25.200,649.0000,8.594059
38.000,25.200,650.0000,-5.667605
38.000,25.200,651.0000,10.264400
38.000,25.200,652.0000,11.224157
38.000,25.200,653.0000,0.250862
38.000,25.200,654.0000,-1.517127
38.000,25.200,655.0000,9.543964
38.000,25.200,656.0000,7.548238
38.000,25.200,657.0000,6.341827
38.000,25.200,658.0000,-6.111522
38.000,25.200,659.0000,-4.163915
38.000,25.200,660.0000,0.043613
38.000,25.200,661.0000,11.444078
38.000,25.200,662.0000,-8.281909
38.000,25.200,663.0000,1.853768
38.000,25.200,664.0000,-7.940051
38.000,25.200,665.0000,3.312694
38.000,25.200,666.0000,10.191980
38.000,25.200,667.0000,0.589101
38.000,25.200,668.0000,-5.029917
38.000,25.200,669.0000,7.901065
38.000,25.200,670.0000,6.769654
38.000,25.200,671.0000,-3.842958
38.000,25.200,672.0000,-14.592144
38.000,25.200,673.0000,0.675072
38.000,25.200,674.0000,-5.943533
38.000,25.200,675.0000,11.772654
38.000,25.200,676.0000,2.012117
38.000,25.200,677.0000,1.148736
38.000,25.200,678.0000,1.321639
38.000,25.200,679.0000,2.159372
38.000,25.200,680.0000,9.446237
38.000,25.200,681.0000,-1.825726
38.000,25.200,682.0000,8.059700
38.000,25.200,683.0000,2.895704
38.000,25.200,684.0000,-8.036560
38.000,25.200,685.0000,-3.503839
38.000,25.200,686.0000,-2.034618
38.000,25.200,687.0000,-2.527681
38.000,25.200,688.0000,-2.384030
38.000,25.200,689.0000,-2.513458
38.000,25.200,690.0000,-0.197760
38.000,25.200,691.0000,5.816427
38.000,25.200,692.0000,8.443080
38.000,25.200,693.0000,-3.199043
38.000,25.200,694.0000,4.473346
38.000,25.200,695.0000,-3.219952
38.000,25.200,696.0000,3.673051
38.000,25.200,697.0000,-0.390811
38.000,25.200,698.0000,-1.497405
38.000,25.200,699.0000,3.744993
38.000,25.200,700.0000,2.528848
38.000,25.200,701.0000,8.611874
38.000,25.200,702.0000,-2.170378
38.000,25.200,703.0000,-6.788538
38.000,25.200,704.0000,-1.936726
38.000,25.200,705.0000,-12.278734
38.000,25.200,706.0000,10.457237
38.000,25.200,707.0000,-7.391855
38.000,25.200,708.0000,-2.974869
38.000,25.200,709.0000,-0.021334
38.000,25.200,710.0000,6.320177
38.000,25.200,711.0000,-2.314459
38.000,25.200,712.0000,-0.902808
38.000,25.200,713.0000,2.886618
38.000,25.200,714.0000,1.105986
38.000,25.200,715.0000,-4.991795
38.000,25.200,716.0000,0.507409
38.000,25.200,717.0000,1.900356
38.000,25.200,718.0000,8.452512
38.000,25.200,719.0000,-0.739393
38.000,25.200,720.0000,1.220784
38.000,25.200,721.0000,-1.560751
38.000,25.200,722.0000,-2.898153
38.000,25.200,723.0000,-2.654778
38.000,25.200,724.0000,9.782746
38.000,25.200,725.0000,7.232726
38.000,25.200,726.0000,-4.342394
38.000,25.200,727.0000,2.684286
38.000,25.200,728.0000,6.546041
38.000,25.200,729.0000,-12.468637
38.000,25.200,730.0000,0.000385
38.000,25.200,731.0000,-0.998580
38.000,25.200,732.0000,4.523622
38.000,25.200,733.0000,-2.423565
38.000,25.200,734.0000,1.895272
38.000,25.200,735.0000,2.937049
38.000,25.200,736.0000,4.704100
38.000,25.200,737.0000,-0.275047
38.000,25.200,738.0000,0.702887
38.000,25.200,739.0000,2.530339
38.000,25.200,740.0000,-3.836653
38.000,25.200,741.0000,-0.796607
38.000,25.200,742.0000,-3.360566
38.000,25.200,743.0000,-6.874165
38.000,25.200,744.0000,1.038047
38.000,25.200,745.0000,-9.248561
38.000,25.200,746.0000,-5.435879
38.000,25.200,747.0000,5.024063
38.000,25.200,748.0000,5.072289
38.000,25.200,749.0000,5.643120
38.000,25.200,750.0000,-6.280147
38.000,25.200,751.0000,-9.589686
38.000,25.200,752.0000,3.427724
38.000,25.200,753.0000,-0.425937
38.000,25.200,754.0000,4.409985
38.000,25.200,755.0000,-8.026098
38.000,25.200,756.0000,3.245036
38.000,25.200,757.0000,2.272905
38.000,25.200,758.0000,-2.769155
38.000,25.200,759.0000,-5.392759
38.000,25.200,760.0000,6.686678
38.000,25.200,761.0000,1.148750
38.000,25.200,762.0000,5.483846
38.000,25.200,763.0000,10.168492
38.000,25.200,764.0000,1.039196
38.000,25.200,765.0000,-11.595216
38.000,25.200,766.0000,16.593864
38.000,25.200,767.0000,14.027781
38.000,25.200,768.0000,2.040365
38.000,25.200,769.0000,10.522118
38.000,25.200,770.0000,-0.984335
38.000,25.200,771.0000,4.869681
38.000,25.200,772.0000,4.200776
38.000,25.200,773.0000,1.126919
38.000,25.200,774.0000,5.368903
38.000,25.200,775.0000,11.844764
38.000,25.200,776.0000,5.823873
38.000,25.200,777.0000,19.212378
38.000,25.200,778.0000,12.057976
38.000,25.200,779.0000,17.144517
38.000,25.200,780.0000,15.810731
38.000,25.200,781.0000,21.902614
38.000,25.200,782.0000,19.137891
38.000,25.200,783.0000,20.430212
38.000,25.200,784.0000,26.669360
38.000,25.200,785.0000,27.577726
38.000,25.200,786.0000,29.722350
38.000,25.200,787.0000,38.261928
38.000,25.200,788.0000,53.988696
38.000,25.200,789.0000,54.808396
38.000,25.200,790.0000,78.751007
38.000,25.200,791.0000,87.883932
38.000,25.200,792.0000,93.167076
38.000,25.200,793.0000,111.483048
38.000,25.200,794.0000,116.865973
38.000,25.200,795.0000,114.165151
38.000,25.200,796.0000,130.485623
38.000,25.200,797.0000,113.335415
38.000,25.200,798.0000,98.522873
38.000,25.200,799.0000,83.195511
38.000,25.200,800.0000,68.307041
38.000,25.200,801.0000,54.551228
38.000,25.200,802.0000,55.393033
38.000,25.200,803.0000,35.574258
38.000,25.200,804.0000,39.807044
38.000,25.200,805.0000,30.718730
38.000,25.200,806.0000,30.835732
38.000,25.200,807.0000,23.631098
38.000,25.200,808.0000,14.957322
38.000,25.200,809.0000,18.269220
38.000,25.200,810.0000,9.172262
38.000,25.200,811.0000,13.344901
38.000,25.200,812.0000,17.508476
38.000,25.200,813.0000,14.437752
38.000,25.200,814.0000,12.873873
38.000,25.200,815.0000,6.951137
38.000,25.200,816.0000,7.175326
38.000,25.200,817.0000,7.974345
38.000,25.200,818.0000,10.161267
38.000,25.200,819.0000,0.240933
38.000,25.200,820.0000,13.961368
38.000,25.200,821.0000,7.806011
38.000,25.200,822.0000,12.103846
38.000,25.200,823.0000,4.274309
38.000,25.200,824.0000,6.996485
38.000,25.200,825.0000,-4.455236
38.000,25.200,826.0000,13.651812
38.000,25.200,827.0000,1.755737
38.000,25.200,828.0000,14.802325
38.000,25.200,829.0000,1.127713
38.000,25.200,830.0000,3.296114
38.000,25.200,831.0000,-3.094401
38.000,25.200,832.0000,-0.344096
38.000,25.200,833.0000,18.448559
38.000,25.200,834.0000,13.919634
38.000,25.200,835.0000,-0.321610
38.000,25.200,836.0000,7.918725
38.000,25.200,837.0000,8.302307
38.000,25.200,838.0000,-3.103505
38.000,25.200,839.0000,10.468334
38.000,25.200,840.0000,-11.304023
38.000,25.200,841.0000,8.796300
38.000,25.200,842.0000,-4.535382
38.000,25.200,843.0000,8.677506
38.000,25.200,844.0000,-4.499334
38.000,25.200,845.0000,3.034691
38.000,25.200,846.0000,6.440515
38.000,25.200,847.0000,2.232022
38.000,25.200,848.0000,3.501751
38.000,25.200,849.0000,-7.238610
38.000,25.200,850.0000,-10.218165
38.000,25.200,851.0000,1.236757
38.000,25.200,852.0000,-4.220066
38.000,25.200,853.0000,5.466776
38.000,25.200,854.0000,-1.337130
38.000,25.200,855.0000,4.599019
38.000,25.200,856.0000,8.943363
38.000,25.200,857.0000,11.314425
38.000,25.200,858.0000,-0.949544
38.000,25.200,859.0000,9.589225
38.000,25.200,860.0000,12.617058
38.000,25.200,861.0000,7.115718
38.000,25.200,862.0000,0.485205
38.000,25.200,863.0000,3.100589
38.000,25.200,864.0000,-1.369051
38.000,25.200,865.0000,6.980869
38.000,25.200,866.0000,3.904843
38.000,25.200,867.0000,5.269006
38.000,25.200,868.0000,4.347226
38.000,25.200,869.0000,4.053313
38.000,25.200,870.0000,-6.242440
38.000,25.200,871.0000,7.229421
38.000,25.200,872.0000,3.921846
38.000,25.200,873.0000,5.089433
38.000,25.200,874.0000,2.779675
38.000,25.200,875.0000,9.865584
38.000,25.200,876.0000,1.720307
38.000,25.200,877.0000,-6.074671
38.000,25.200,878.0000,5.524806
38.000,25.200,879.0000,-3.109678
38.000,25.200,880.0000,10.970985
38.000,25.200,881.0000,-3.198437
38.000,25.200,882.0000,2.976568
38.000,25.200,883.0000,2.095867
38.000,25.200,884.0000,0.779801
38.000,25.200,885.0000,-1.326852
38.000,25.200,886.0000,-0.376745
38.000,25.200,887.0000,6.123065
38.000,25.200,888.0000,-3.334742
38.000,25.200,889.0000,4.412510
38.000,25.200,890.0000,0.973844
38.000,25.200,891.0000,1.162144
38.000,25.200,892.0000,-0.652802
38.000,25.200,893.0000,4.028859
38.000,25.200,894.0000,-1.248573
38.000,25.200,895.0000,2.624273
38.000,25.200,896.0000,1.702992
38.000,25.200,897.0000,2.459006
38.000,25.200,898.0000,-1.327553
38.000,25.200,899.0000,4.824038
38.000,25.200,900.0000,-3.618071
38.000,25.200,901.0000,1.864895
38.000,25.200,902.0000,-4.278795
38.000,25.200,903.0000,12.957874
38.000,25.200,904.0000,-6.525908
38.000,25.200,905.0000,4.623617
38.000,25.200,906.0000,21.417141
38.000,25.200,907.0000,8.723708
38.000,25.200,908.0000,10.247295
38.000,25.200,909.0000,7.485296
38.000,25.200,910.0000,-2.723596
38.000,25.200,911.0000,3.675343
38.000,25.200,912.0000,3.455581
38.000,25.200,913.0000,13.952493
38.000,25.200,914.0000,5.913500
38.000,25.200,915.0000,-0.091660
38.000,25.200,916.0000,-4.864624
38.000,25.200,917.0000,9.740468
38.000,25.200,918.0000,1.850236
38.000,25.200,919.0000,0.820869
38.000,25.200,920.0000,-4.059664
38.000,25.200,921.0000,-6.208427
38.000,25.200,922.0000,5.722233
38.000,25.200,923.0000,0.876230
38.000,25.200,924.0000,4.278254
38.000,25.200,925.0000,3.439370
38.000,25.200,926.0000,1.893911
38.000,25.200,927.0000,0.108154
38.000,25.200,928.0000,0.178895
38.000,25.200,929.0000,3.400678
38.000,25.200,930.0000,6.559379
38.000,25.200,931.0000,5.178189
38.000,25.200,932.0000,-4.966485
38.000,25.200,933.0000,-4.132476
38.000,25.200,934.0000,6.660463
38.000,25.200,935.0000,0.083415
38.000,25.200,936.0000,19.831130
38.000,25.200,937.0000,2.632558
38.000,25.200,938.0000,-0.061355
38.000,25.200,939.0000,1.473254
38.000,25.200,940.0000,10.218530
38.000,25.200,941.0000,4.759873
38.000,25.200,942.0000,-3.617710
38.000,25.200,943.0000,13.622737
38.000,25.200,944.0000,6.160447
38.000,25.200,945.0000,14.237421
38.000,25.200,946.0000,16.797164
38.000,25.200,947.0000,5.856226
38.000,25.200,948.0000,9.940805
38.000,25.200,949.0000,5.399137
38.000,25.200,950.0000,-2.508845
38.000,25.200,951.0000,1.677560
38.000,25.200,952.0000,5.484612
38.000,25.200,953.0000,11.158720
38.000,25.200,954.0000,11.579318
38.000,25.200,955.0000,-0.995499
38.000,25.200,956.0000,0.011230
38.000,25.200,957.0000,4.915588
38.000,25.200,958.0000,10.540611
38.000,25.200,959.0000,17.053683
38.000,25.200,960.0000,-0.173439
38.000,25.200,961.0000,14.450547
38.000,25.200,962.0000,9.807925
38.000,25.200,963.0000,15.295139
38.000,25.200,964.0000,6.092243
38.000,25.200,965.0000,9.829367
38.000,25.200,966.0000,8.590827
38.000,25.200,967.0000,-1.513529
38.000,25.200,968.0000,10.627208
38.000,25.200,969.0000,9.948778
38.000,25.200,970.0000,14.524501
38.000,25.200,971.0000,21.731472
38.000,25.200,972.0000,9.048439
38.000,25.200,973.0000,21.160352
38.000,25.200,974.0000,19.951239
38.000,25.200,975.0000,11.751122
38.000,25.200,976.0000,17.645654
38.000,25.200,977.0000,21.236401
38.000,25.200,978.0000,24.973315
38.000,25.200,979.0000,22.992626
38.000,25.200,980.0000,23.655986
38.000,25.200,981.0000,39.117230
38.000,25.200,982.0000,25.551794
38.000,25.200,983.0000,25.905610
38.000,25.200,984.0000,42.935616
38.000,25.200,985.0000,46.222459
38.000,25.200,986.0000,51.699379
38.000,25.200,987.0000,50.092813
38.000,25.200,988.0000,61.379191
38.000,25.200,989.0000,70.653739
38.000,25.200,990.0000,73.254443
38.000,25.200,991.0000,103.651315
38.000,25.200,992.0000,121.373145
38.000,25.200,993.0000,149.698779
38.000,25.200,994.0000,180.073204
38.000,25.200,995.0000,237.158977
38.000,25.200,996.0000,312.455981
38.000,25.200,997.0000,425.904429
38.000,25.200,998.0000,580.936950
38.000,25.200,999.0000,803.631028
38.000,25.200,1000.0000,1049.683145
38.000,25.200,1001.0000,1165.919819
38.000,25.200,1002.0000,1038.648575
38.000,25.200,1003.0000,804.779716
38.000,25.200,1004.0000,585.232794
38.000,25.200,1005.0000,417.635999
38.000,25.200,1006.0000,325.505001
38.000,25.200,1007.0000,246.964653
38.000,25.200,1008.0000,190.183891
38.000,25.200,1009.0000,154.264476
38.000,25.200,1010.0000,135.458096
38.000,25.200,1011.0000,111.849632
38.000,25.200,1012.0000,107.903930
38.000,25.200,1013.0000,89.445748
38.000,25.200,1014.0000,78.176592
38.000,25.200,1015.0000,85.680760
38.000,25.200,1016.0000,72.931215
38.000,25.200,1017.0000,62.267409
38.000,25.200,1018.0000,63.161612
38.000,25.200,1019.0000,66.186603
38.000,25.200,1020.0000,80.168614
38.000,25.200,1021.0000,86.633941
38.000,25.200,1022.0000,92.932375
38.000,25.200,1023.0000,101.608621
38.000,25.200,1024.0000,121.362026
38.000,25.200,1025.0000,147.860859
38.000,25.200,1026.0000,171.758894
38.000,25.200,1027.0000,229.190829
38.000,25.200,1028.0000,298.430857
38.000,25.200,1029.0000,369.303449
38.000,25.200,1030.0000,463.160305
38.000,25.200,1031.0000,486.052101
38.000,25.200,1032.0000,459.188393
38.000,25.200,1033.0000,380.580987
38.000,25.200,1034.0000,295.742584
38.000,25.200,1035.0000,216.406541
38.000,25.200,1036.0000,168.202614
38.000,25.200,1037.0000,127.680362
38.000,25.200,1038.0000,89.808593
38.000,25.200,1039.0000,75.380335
38.000,25.200,1040.0000,77.555431
38.000,25.200,1041.0000,54.453515
38.000,25.200,1042.0000,56.986415
38.000,25.200,1043.0000,53.888361
38.000,25.200,1044.0000,47.930333
38.000,25.200,1045.0000,40.984336
38.000,25.200,1046.0000,31.663947
38.000,25.200,1047.0000,30.183970
38.000,25.200,1048.0000,17.726183
38.000,25.200,1049.0000,28.669236
38.000,25.200,1050.0000,33.838136
38.000,25.200,1051.0000,8.773397
38.000,25.200,1052.0000,23.102190
38.000,25.200,1053.0000,9.878068
38.000,25.200,1054.0000,11.666110
38.000,25.200,1055.0000,16.841852
38.000,25.200,1056.0000,3.375986
38.000,25.200,1057.0000,18.205182
38.000,25.200,1058.0000,5.717066
38.000,25.200,1059.0000,8.864242
38.000,25.200,1060.0000,11.729823
38.000,25.200,1061.0000,3.601837
38.000,25.200,1062.0000,14.118314
38.000,25.200,1063.0000,10.819156
38.000,25.200,1064.0000,2.901206
38.000,25.200,1065.0000,6.902292
38.000,25.200,1066.0000,7.206908
38.000,25.200,1067.0000,13.539563
38.000,25.200,1068.0000,-5.911557
38.000,25.200,1069.0000,6.529986
38.000,25.200,1070.0000,16.561273
38.000,25.200,1071.0000,15.809502
38.000,25.200,1072.0000,2.650072
38.000,25.200,1073.0000,5.407036
38.000,25.200,1074.0000,7.952404
38.000,25.200,1075.0000,1.875025
38.000,25.200,1076.0000,9.845094
38.000,25.200,1077.0000,5.395201
38.000,25.200,1078.0000,9.022346
38.000,25.200,1079.0000,5.769647
38.000,25.200,1080.0000,4.581292
38.000,25.200,1081.0000,-7.152611
38.000,25.200,1082.0000,1.495226
38.000,25.200,1083.0000,12.385419
38.000,25.200,1084.0000,-0.535676
38.000,25.200,1085.0000,1.956743
38.000,25.200,1086.0000,8.543393
38.000,25.200,1087.0000,-10.732067
38.000,25.200,1088.0000,1.311025
38.000,25.200,1089.0000,2.693529
38.000,25.200,1090.0000,4.771742
38.000,25.200,1091.0000,1.073591
38.000,25.200,1092.0000,5.906604
38.000,25.200,1093.0000,11.074065
38.000,25.200,1094.0000,14.947589
38.000,25.200,1095.0000,1.152823
38.000,25.200,1096.0000,3.489715
38.000,25.200,1097.0000,3.222434
38.000,25.200,1098.0000,8.800686
38.000,25.200,1099.0000,8.686357
38.000,25.200,1100.0000,-0.479015
38.000,25.200,1101.0000,13.253133
38.000,25.200,1102.0000,26.260711
38.000,25.200,1103.0000,5.357864
38.000,25.200,1104.0000,8.381416
38.000,25.200,1105.0000,2.894009
38.000,25.200,1106.0000,11.709054
38.000,25.200,1107.0000,4.727856
38.000,25.200,1108.0000,2.909383
38.000,25.200,1109.0000,5.921016
38.000,25.200,1110.0000,18.166018
38.000,25.200,1111.0000,4.739092
38.000,25.200,1112.0000,1.803184
38.000,25.200,1113.0000,0.923886
38.000,25.200,1114.0000,1.431673
38.000,25.200,1115.0000,3.839291
38.000,25.200,1116.0000,8.557501
38.000,25.200,1117.0000,18.128121
38.000,25.200,1118.0000,10.065644
38.000,25.200,1119.0000,4.068502
38.000,25.200,1120.0000,4.742193
38.000,25.200,1121.0000,4.122981
38.000,25.200,1122.0000,1.716658
38.000,25.200,1123.0000,13.618295
38.000,25.200,1124.0000,-4.934951
38.000,25.200,1125.0000,18.914449
38.000,25.200,1126.0000,11.226393
38.000,25.200,1127.0000,16.180113
38.000,25.200,1128.0000,-2.082854
38.000,25.200,1129.0000,6.178267
38.000,25.200,1130.0000,12.419552
38.000,25.200,1131.0000,15.148033
38.000,25.200,1132.0000,18.870803
38.000,25.200,1133.0000,12.296317
38.000,25.200,1134.0000,11.030077
38.000,25.200,1135.0000,0.708545
38.000,25.200,1136.0000,13.919854
38.000,25.200,1137.0000,17.954168
38.000,25.200,1138.0000,14.283588
38.000,25.200,1139.0000,17.778259
38.000,25.200,1140.0000,19.693149
38.000,25.200,1141.0000,24.888214
38.000,25.200,1142.0000,25.577114
38.000,25.200,1143.0000,29.603066
38.000,25.200,1144.0000,30.763003
38.000,25.200,1145.0000,41.250285
38.000,25.200,1146.0000,36.700615
38.000,25.200,1147.0000,49.254140
38.000,25.200,1148.0000,49.453377
38.000,25.200,1149.0000,69.570509
38.000,25.200,1150.0000,74.934248
38.000,25.200,1151.0000,103.741096
38.000,25.200,1152.0000,116.845314
38.000,25.200,1153.0000,142.487137
38.000,25.200,1154.0000,160.918184
38.000,25.200,1155.0000,167.684965
38.000,25.200,1156.0000,163.605523
38.000,25.200,1157.0000,143.545268
38.000,25.200,1158.0000,125.521436
38.000,25.200,1159.0000,108.235222
38.000,25.200,1160.0000,86.799718
38.000,25.200,1161.0000,72.871946
38.000,25.200,1162.0000,60.854256
38.000,25.200,1163.0000,53.640626
38.000,25.200,1164.0000,40.542402
38.000,25.200,1165.0000,34.164723
38.000,25.200,1166.0000,38.578640
38.000,25.200,1167.0000,28.036995
38.000,25.200,1168.0000,30.765146
38.000,25.200,1169.0000,25.321784
38.000,25.200,1170.0000,15.996963
38.000,25.200,1171.0000,28.907134
38.000,25.200,1172.0000,35.923262
38.000,25.200,1173.0000,27.502270
38.000,25.200,1174.0000,39.016340
38.000,25.200,1175.0000,45.868074
38.000,25.200,1176.0000,46.750807
38.000,25.200,1177.0000,48.795171
38.000,25.200,1178.0000,51.894574
38.000,25.200,1179.0000,82.544136
38.000,25.200,1180.0000,108.702760
38.000,25.200,1181.0000,120.798765
38.000,25.200,1182.0000,139.600532
38.000,25.200,1183.0000,139.134167
38.000,25.200,1184.0000,143.155096
38.000,25.200,1185.0000,115.050894
38.000,25.200,1186.0000,94.282577
38.000,25.200,1187.0000,80.526610
38.000,25.200,1188.0000,69.321478
38.000,25.200,1189.0000,54.215048
38.000,25.200,1190.0000,48.665923
38.000,25.200,1191.0000,34.394176
38.000,25.200,1192.0000,34.333767
38.000,25.200,1193.0000,22.558190
38.000,25.200,1194.0000,30.331638
38.000,25.200,1195.0000,35.176730
38.000,25.200,1196.0000,6.783457
38.000,25.200,1197.0000,7.211472
38.000,25.200,1198.0000,11.563135
38.000,25.200,1199.0000,19.295812
38.000,25.200,1200.0000,15.421483
38.000,25.200,1201.0000,7.855393
38.000,25.200,1202.0000,4.239637
38.000,25.200,1203.0000,2.424550
38.000,25.200,1204.0000,13.040724
38.000,25.200,1205.0000,8.180107
38.000,25.200,1206.0000,9.952338
38.000,25.200,1207.0000,15.818445
38.000,25.200,1208.0000,12.258138
38.000,25.200,1209.0000,-3.988688
38.000,25.200,1210.0000,6.291992
38.000,25.200,1211.0000,0.643319
38.000,25.200,1212.0000,10.342838
38.000,25.200,1213.0000,5.396185
38.000,25.200,1214.0000,10.360822
38.000,25.200,1215.0000,-1.417497
38.000,25.200,1216.0000,-2.189664
38.000,25.200,1217.0000,3.177719
38.000,25.200,1218.0000,7.261951
38.000,25.200,1219.0000,0.482700
38.000,25.200,1220.0000,11.705637
38.000,25.200,1221.0000,-2.063179
38.000,25.200,1222.0000,5.384001
38.000,25.200,1223.0000,-1.195982
38.000,25.200,1224.0000,15.567895
38.000,25.200,1225.0000,12.292472
38.000,25.200,1226.0000,0.239280
38.000,25.200,1227.0000,12.743700
38.000,25.200,1228.0000,-7.492828
38.000,25.200,1229.0000,3.606834
38.000,25.200,1230.0000,6.291660
38.000,25.200,1231.0000,9.795348
38.000,25.200,1232.0000,-8.608616
38.000,25.200,1233.0000,-1.113782
38.000,25.200,1234.0000,12.543320
38.000,25.200,1235.0000,3.227502
38.000,25.200,1236.0000,6.611317
38.000,25.200,1237.0000,0.780693
38.000,25.200,1238.0000,-0.626162
38.000,25.200,1239.0000,5.377907
38.000,25.200,1240.0000,-0.202394
38.000,25.200,1241.0000,-2.471816
38.000,25.200,1242.0000,5.743213
38.000,25.200,1243.0000,14.429904
38.000,25.200,1244.0000,3.661246
38.000,25.200,1245.0000,4.386956
38.000,25.200,1246.0000,4.430804
38.000,25.200,1247.0000,2.739703
38.000,25.200,1248.0000,-1.884904
38.000,25.200,1249.0000,-6.370454
38.000,25.200,1250.0000,7.017913
38.000,25.200,1251.0000,-5.888694
38.000,25.200,1252.0000,-3.354053
38.000,25.200,1253.0000,6.122860
38.000,25.200,1254.0000,8.070963
38.000,25.200,1255.0000,-6.530185
38.000,25.200,1256.0000,2.918003
38.000,25.200,1257.0000,-0.556661
38.000,25.200,1258.0000,2.363185
38.000,25.200,1259.0000,-4.788904
38.000,25.200,1260.0000,0.043911
38.000,25.200,1261.0000,-3.993449
38.000,25.200,1262.0000,5.259271
38.000,25.200,1263.0000,3.748773
38.000,25.200,1264.0000,7.605959
38.000,25.200,1265.0000,2.431790
38.000,25.200,1266.0000,6.871086
38.000,25.200,1267.0000,9.925974
38.000,25.200,1268.0000,-3.965622
38.000,25.200,1269.0000,5.805258
38.000,25.200,1270.0000,-3.366952
38.000,25.200,1271.0000,4.166222
38.000,25.200,1272.0000,1.828932
38.000,25.200,1273.0000,0.196557
38.000,25.200,1274.0000,-4.881772
38.000,25.200,1275.0000,-13.898514
38.000,25.200,1276.0000,-5.011258
38.000,25.200,1277.0000,-5.236095
38.000,25.200,1278.0000,11.329468
38.000,25.200,1279.0000,4.801956
38.000,25.200,1280.0000,-0.436370
38.000,25.200,1281.0000,1.049191
38.000,25.200,1282.0000,-2.591906
38.000,25.200,1283.0000,1.580493
38.000,25.200,1284.0000,8.648246
38.000,25.200,1285.0000,-7.942939
38.000,25.200,1286.0000,-1.257451
38.000,25.200,1287.0000,-5.107047
38.000,25.200,1288.0000,11.939940
38.000,25.200,1289.0000,-2.624040
38.000,25.200,1290.0000,-0.782023
38.000,25.200,1291.0000,3.386200
38.000,25.200,1292.0000,7.637490
38.000,25.200,1293.0000,0.825023
38.000,25.200,1294.0000,0.385776
38.000,25.200,1295.0000,-7.602136
38.000,25.200,1296.0000,1.482628
38.000,25.200,1297.0000,2.523765
38.000,25.200,1298.0000,3.196567
38.000,25.200,1299.0000,0.246873
38.000,25.200,1300.0000,6.824358
38.000,25.200,1301.0000,4.794278
38.000,25.200,1302.0000,6.551775
38.000,25.200,1303.0000,5.267083
38.000,25.200,1304.0000,1.998019
38.000,25.200,1305.0000,-6.077147
38.000,25.200,1306.0000,8.839474
38.000,25.200,1307.0000,-4.685243
38.000,25.200,1308.0000,7.519387
38.000,25.200,1309.0000,-0.542224
38.000,25.200,1310.0000,3.822897
38.000,25.200,1311.0000,3.491627
38.000,25.200,1312.0000,-2.497644
38.000,25.200,1313.0000,1.977683
38.000,25.200,1314.0000,1.342630
38.000,25.200,1315.0000,5.590309
38.000,25.200,1316.0000,7.007403
38.000,25.200,1317.0000,5.595184
38.000,25.200,1318.0000,4.820659
38.000,25.200,1319.0000,7.158716
38.000,25.200,1320.0000,-5.927308
38.000,25.200,1321.0000,-0.656279
38.000,25.200,1322.0000,6.732300
38.000,25.200,1323.0000,12.545421
38.000,25.200,1324.0000,-14.837924
38.000,25.200,1325.0000,4.567169
38.000,25.200,1326.0000,10.028138
38.000,25.200,1327.0000,2.723291
38.000,25.200,1328.0000,-2.534919
38.000,25.200,1329.0000,3.243050
38.000,25.200,1330.0000,-3.032752
38.000,25.200,1331.0000,-6.370222
38.000,25.200,1332.0000,1.052840
38.000,25.200,1333.0000,4.940905
38.000,25.200,1334.0000,3.756232
38.000,25.200,1335.0000,1.895274
38.000,25.200,1336.0000,-3.817689
38.000,25.200,1337.0000,9.088374
38.000,25.200,1338.0000,-2.183522
38.000,25.200,1339.0000,2.355056
38.000,25.200,1340.0000,2.454371
38.000,25.200,1341.0000,-0.114445
38.000,25.200,1342.0000,-1.562515
38.000,25.200,1343.0000,2.774597
38.000,25.200,1344.0000,10.813842
38.000,25.200,1345.0000,0.232953
38.000,25.200,1346.0000,5.093915
38.000,25.200,1347.0000,3.358119
38.000,25.200,1348.0000,-4.878495
38.000,25.200,1349.0000,6.391829
38.000,25.200,1350.0000,6.861721
38.000,25.200,1351.0000,-0.578937
38.000,25.200,1352.0000,1.283404
38.000,25.200,1353.0000,-7.029252
38.000,25.200,1354.0000,12.459116
38.000,25.200,1355.0000,8.269682
38.000,25.200,1356.0000,1.386904
38.000,25.200,1357.0000,0.867850
38.000,25.200,1358.0000,-2.235237
38.000,25.200,1359.0000,10.227798
38.000,25.200,1360.0000,1.079238
38.000,25.200,1361.0000,2.648407
38.000,25.200,1362.0000,-1.835116
38.000,25.200,1363.0000,-3.077742
38.000,25.200,1364.0000,-11.280582
38.000,25.200,1365.0000,2.618096
38.000,25.200,1366.0000,9.761911
38.000,25.200,1367.0000,-8.555216
38.000,25.200,1368.0000,-4.057833
38.000,25.200,1369.0000,-5.595178
38.000,25.200,1370.0000,14.693173
38.000,25.200,1371.0000,5.293566
38.000,25.200,1372.0000,1.497586
38.000,25.200,1373.0000,-4.247282
38.000,25.200,1374.0000,-2.308423
38.000,25.200,1375.0000,9.932963
38.000,25.200,1376.0000,0.527660
38.000,25.200,1377.0000,2.757955
38.000,25.200,1378.0000,7.434432
38.000,25.200,1379.0000,8.604690
38.000,25.200,1380.0000,3.557569
38.000,25.200,1381.0000,8.763675
38.000,25.200,1382.0000,16.618191
38.000,25.200,1383.0000,-0.692685
38.000,25.200,1384.0000,15.548612
38.000,25.200,1385.0000,0.142112
38.000,25.200,1386.0000,12.533322
38.000,25.200,1387.0000,5.303010
38.000,25.200,1388.0000,-2.297771
38.000,25.200,1389.0000,0.999715
38.000,25.200,1390.0000,0.114691
38.000,25.200,1391.0000,-2.830683
38.000,25.200,1392.0000,17.248675
38.000,25.200,1393.0000,6.621315
38.000,25.200,1394.0000,8.082556
38.000,25.200,1395.0000,8.591684
38.000,25.200,1396.0000,5.601903
38.000,25.200,1397.0000,8.766249
38.000,25.200,1398.0000,7.366474
38.000,25.200,1399.0000,-1.129298
38.000,25.200,1400.0000,3.914313
38.000,25.200,1401.0000,1.564011
38.000,25.200,1402.0000,6.937530
38.000,25.200,1403.0000,-1.344062
38.000,25.200,1404.0000,-0.670354
38.000,25.200,1405.0000,6.525015
38.000,25.200,1406.0000,12.640854
38.000,25.200,1407.0000,-6.485579
38.000,25.200,1408.0000,11.615969
38.000,25.200,1409.0000,4.306915
38.000,25.200,1410.0000,22.342152
38.000,25.200,1411.0000,19.162459
38.000,25.200,1412.0000,5.159819
38.000,25.200,1413.0000,8.188737
38.000,25.200,1414.0000,17.045260
38.000,25.200,1415.0000,3.410980
38.000,25.200,1416.0000,2.557561
38.000,25.200,1417.0000,0.996211
38.000,25.200,1418.0000,5.430800
38.000,25.200,1419.0000,12.762946
38.000,25.200,1420.0000,17.574783
38.000,25.200,1421.0000,22.539808
38.000,25.200,1422.0000,18.191364
38.000,25.200,1423.0000,17.502686
38.000,25.200,1424.0000,35.956140
38.000,25.200,1425.0000,18.202953
38.000,25.200,1426.0000,27.572829
38.000,25.200,1427.0000,27.416345
38.000,25.200,1428.0000,32.188108
38.000,25.200,1429.0000,37.706808
38.000,25.200,1430.0000,34.314755
38.000,25.200,1431.0000,28.379243
38.000,25.200,1432.0000,35.189243
38.000,25.200,1433.0000,38.415472
38.000,25.200,1434.0000,38.940051
38.000,25.200,1435.0000,46.209961
38.000,25.200,1436.0000,56.688443
38.000,25.200,1437.0000,70.512412
38.000,25.200,1438.0000,65.855658
38.000,25.200,1439.0000,72.347426
38.000,25.200,1440.0000,78.478675
38.000,25.200,1441.0000,98.557871
38.000,25.200,1442.0000,116.233264
38.000,25.200,1443.0000,123.665673
38.000,25.200,1444.0000,150.472448
38.000,25.200,1445.0000,175.831270
38.000,25.200,1446.0000,196.722380
38.000,25.200,1447.0000,220.462809
38.000,25.200,1448.0000,232.057539
38.000,25.200,1449.0000,246.739112
38.000,25.200,1450.0000,250.840586
38.000,25.200,1451.0000,253.642054
38.000,25.200,1452.0000,233.029012
38.000,25.200,1453.0000,210.573462
38.000,25.200,1454.0000,203.786008
38.000,25.200,1455.0000,174.553419
38.000,25.200,1456.0000,143.565355
38.000,25.200,1457.0000,133.404261
38.000,25.200,1458.0000,109.274272
38.000,25.200,1459.0000,94.171382
38.000,25.200,1460.0000,92.379555
38.000,25.200,1461.0000,78.732717
38.000,25.200,1462.0000,68.223895
38.000,25.200,1463.0000,60.096653
38.000,25.200,1464.0000,60.889481
38.000,25.200,1465.0000,49.539941
38.000,25.200,1466.0000,44.576342
38.000,25.200,1467.0000,36.351838
38.000,25.200,1468.0000,36.056134
38.000,25.200,1469.0000,28.576906
38.000,25.200,1470.0000,32.668257
38.000,25.200,1471.0000,22.426031
38.000,25.200,1472.0000,24.543995
38.000,25.200,1473.0000,23.660426
38.000,25.200,1474.0000,24.677947
38.000,25.200,1475.0000,20.533560
38.000,25.200,1476.0000,14.421657
38.000,25.200,1477.0000,16.688284
38.000,25.200,1478.0000,25.848144
38.000,25.200,1479.0000,20.489112
38.000,25.200,1480.0000,-1.045834
38.000,25.200,1481.0000,20.635446
38.000,25.200,1482.0000,10.861770
38.000,25.200,1483.0000,4.643058
38.000,25.200,1484.0000,5.793179
38.000,25.200,1485.0000,11.896093
38.000,25.200,1486.0000,19.647532
38.000,25.200,1487.0000,7.859563
38.000,25.200,1488.0000,13.246662
38.000,25.200,1489.0000,9.175087
38.000,25.200,1490.0000,9.847699
38.000,25.200,1491.0000,3.205979
38.000,25.200,1492.0000,1.590000
38.000,25.200,1493.0000,10.072586
38.000,25.200,1494.0000,8.076517
38.000,25.200,1495.0000,0.593001
38.000,25.200,1496.0000,3.292713
38.000,25.200,1497.0000,20.346909
38.000,25.200,1498.0000,9.903421
38.000,25.200,1499.0000,8.420218
38.000,25.200,1500.0000,11.138332
38.000,25.200,1501.0000,-2.428906
38.000,25.200,1502.0000,10.184328
38.000,25.200,1503.0000,7.240232
38.000,25.200,1504.0000,6.140975
38.000,25.200,1505.0000,0.759159
38.000,25.200,1506.0000,-2.960889
38.000,25.200,1507.0000,3.200636
38.000,25.200,1508.0000,6.907147
38.000,25.200,1509.0000,9.862088
38.000,25.200,1510.0000,8.395048
38.000,25.200,1511.0000,6.962307
38.000,25.200,1512.0000,11.816583
38.000,25.200,1513.0000,-6.661661
38.000,25.200,1514.0000,8.296779
38.000,25.200,1515.0000,0.549219
38.000,25.200,1516.0000,3.402413
38.000,25.200,1517.0000,-13.689852
38.000,25.200,1518.0000,12.005845
38.000,25.200,1519.0000,9.281118
38.000,25.200,1520.0000,2.693810
38.000,25.200,1521.0000,15.804317
38.000,25.200,1522.0000,3.521388
38.000,25.200,1523.0000,10.502269
38.000,25.200,1524.0000,4.370455
38.000,25.200,1525.0000,-2.208163
38.000,25.200,1526.0000,6.348968
38.000,25.200,1527.0000,13.539947
38.000,25.200,1528.0000,-4.189044
38.000,25.200,1529.0000,13.842079
38.000,25.200,1530.0000,6.644434
38.000,25.200,1531.0000,2.218114
38.000,25.200,1532.0000,1.905088
38.000,25.200,1533.0000,-0.162068
38.000,25.200,1534.0000,-3.807623
38.000,25.200,1535.0000,-4.301003
38.000,25.200,1536.0000,7.228591
38.000,25.200,1537.0000,10.487120
38.000,25.200,1538.0000,8.810614
38.000,25.200,1539.0000,9.722416
38.000,25.200,1540.0000,9.352459
38.000,25.200,1541.0000,12.370038
38.000,25.200,1542.0000,4.765010
38.000,25.200,1543.0000,1.923652
38.000,25.200,1544.0000,5.139262
38.000,25.200,1545.0000,5.024212
38.000,25.200,1546.0000,1.407427
38.000,25.200,1547.0000,8.028595
38.000,25.200,1548.0000,5.786866
38.000,25.200,1549.0000,7.604832
38.000,25.200,1550.0000,0.589082
38.000,25.200,1551.0000,12.899193
38.000,25.200,1552.0000,13.377690
38.000,25.200,1553.0000,4.237617
38.000,25.200,1554.0000,-1.508047
38.000,25.200,1555.0000,10.338311
38.000,25.200,1556.0000,25.785193
38.000,25.200,1557.0000,9.742775
38.000,25.200,1558.0000,15.632921
38.000,25.200,1559.0000,25.511234
38.000,25.200,1560.0000,15.414609
38.000,25.200,1561.0000,23.118973
38.000,25.200,1562.0000,26.526405
38.000,25.200,1563.0000,28.479509
38.000,25.200,1564.0000,26.224435
38.000,25.200,1565.0000,23.574946
38.000,25.200,1566.0000,33.023513
38.000,25.200,1567.0000,38.626791
38.000,25.200,1568.0000,43.748487
38.000,25.200,1569.0000,28.740832
38.000,25.200,1570.0000,44.887533
38.000,25.200,1571.0000,47.009278
38.000,25.200,1572.0000,47.978701
38.000,25.200,1573.0000,70.979778
38.000,25.200,1574.0000,72.108287
38.000,25.200,1575.0000,70.509513
38.000,25.200,1576.0000,102.765123
38.000,25.200,1577.0000,112.003102
38.000,25.200,1578.0000,144.376787
38.000,25.200,1579.0000,162.785127
38.000,25.200,1580.0000,201.662386
38.000,25.200,1581.0000,225.964237
38.000,25.200,1582.0000,248.264817
38.000,25.200,1583.0000,268.392330
38.000,25.200,1584.0000,249.036815
38.000,25.200,1585.0000,240.199056
38.000,25.200,1586.0000,203.386659
38.000,25.200,1587.0000,192.172826
38.000,25.200,1588.0000,176.949836
38.000,25.200,1589.0000,158.173109
38.000,25.200,1590.0000,151.039888
38.000,25.200,1591.0000,150.649394
38.000,25.200,1592.0000,152.675053
38.000,25.200,1593.0000,161.749777
38.000,25.200,1594.0000,190.469890
38.000,25.200,1595.0000,215.671707
38.000,25.200,1596.0000,255.795639
38.000,25.200,1597.0000,304.470791
38.000,25.200,1598.0000,382.238498
38.000,25.200,1599.0000,481.664070
38.000,25.200,1600.0000,593.868698
38.000,25.200,1601.0000,690.086944
38.000,25.200,1602.0000,727.839865
38.000,25.200,1603.0000,680.791062
38.000,25.200,1604.0000,588.446156
38.000,25.200,1605.0000,467.917880
38.000,25.200,1606.0000,363.996804
38.000,25.200,1607.0000,283.715601
38.000,25.200,1608.0000,234.711140
38.000,25.200,1609.0000,193.336672
38.000,25.200,1610.0000,147.448638
38.000,25.200,1611.0000,133.647681
38.000,25.200,1612.0000,112.724332
38.000,25.200,1613.0000,88.640232
38.000,25.200,1614.0000,84.419634
38.000,25.200,1615.0000,55.819545
38.000,25.200,1616.0000,59.165455
38.000,25.200,1617.0000,56.512910
38.000,25.200,1618.0000,55.871282
38.000,25.200,1619.0000,42.534888
38.000,25.200,1620.0000,43.037553
38.000,25.200,1621.0000,38.162545
38.000,25.200,1622.0000,38.132678
38.000,25.200,1623.0000,18.852991
38.000,25.200,1624.0000,22.068012
38.000,25.200,1625.0000,31.360704
38.000,25.200,1626.0000,24.477038
38.000,25.200,1627.0000,23.031814
38.000,25.200,1628.0000,11.757700
38.000,25.200,1629.0000,17.494683
38.000,25.200,1630.0000,15.753898
38.000,25.200,1631.0000,15.696949
38.000,25.200,1632.0000,21.009109
38.000,25.200,1633.0000,17.044094
38.000,25.200,1634.0000,4.474100
38.000,25.200,1635.0000,21.236509
38.000,25.200,1636.0000,14.179116
38.000,25.200,1637.0000,10.521673
38.000,25.200,1638.0000,9.720468
38.000,25.200,1639.0000,0.563271
38.000,25.200,1640.0000,-4.098113
38.000,25.200,1641.0000,7.425008
38.000,25.200,1642.0000,14.066297
38.000,25.200,1643.0000,14.840072
38.000,25.200,1644.0000,2.144101
38.000,25.200,1645.0000,9.406237
38.000,25.200,1646.0000,14.305434
38.000,25.200,1647.0000,4.130748
38.000,25.200,1648.0000,1.316073
38.000,25.200,1649.0000,4.400836
38.000,25.200,1650.0000,2.707686
38.000,25.200,1651.0000,2.221008
38.000,25.200,1652.0000,0.269374
38.000,25.200,1653.0000,11.869600
38.000,25.200,1654.0000,0.349688
38.000,25.200,1655.0000,-1.887110
38.000,25.200,1656.0000,2.971228
38.000,25.200,1657.0000,8.372200
38.000,25.200,1658.0000,4.430919
38.000,25.200,1659.0000,8.962794
38.000,25.200,1660.0000,10.338515
38.000,25.200,1661.0000,3.177375
38.000,25.200,1662.0000,-1.614235
38.000,25.200,1663.0000,2.575812
38.000,25.200,1664.0000,5.721167
38.000,25.200,1665.0000,-0.080408
38.000,25.200,1666.0000,5.232007
38.000,25.200,1667.0000,4.514141
38.000,25.200,1668.0000,4.041212
38.000,25.200,1669.0000,6.941454
38.000,25.200,1670.0000,3.576719
38.000,25.200,1671.0000,6.052343
38.000,25.200,1672.0000,2.411579
38.000,25.200,1673.0000,6.359222
38.000,25.200,1674.0000,8.412194
38.000,25.200,1675.0000,1.593950
38.000,25.200,1676.0000,2.683221
38.000,25.200,1677.0000,1.862570
38.000,25.200,1678.0000,0.030693
38.000,25.200,1679.0000,-1.124223
38.000,25.200,1680.0000,-8.750434
38.000,25.200,1681.0000,2.649602
38.000,25.200,1682.0000,-2.160061
38.000,25.200,1683.0000,1.986285
38.000,25.200,1684.0000,11.959722
38.000,25.200,1685.0000,-4.318179
38.000,25.200,1686.0000,14.087127
38.000,25.200,1687.0000,-3.831596
38.000,25.200,1688.0000,-0.128466
38.000,25.200,1689.0000,-5.011351
38.000,25.200,1690.0000,-2.997804
38.000,25.200,1691.0000,3.999312
38.000,25.200,1692.0000,-0.145929
38.000,25.200,1693.0000,10.733111
38.000,25.200,1694.0000,10.077432
38.000,25.200,1695.0000,-10.617099
38.000,25.200,1696.0000,5.223906
38.000,25.200,1697.0000,10.625735
38.000,25.200,1698.0000,4.836846
38.000,25.200,1699.0000,0.704538
38.000,25.200,1700.0000,12.976867
38.000,25.200,1701.0000,1.000694
38.000,25.200,1702.0000,2.301090
38.000,25.200,1703.0000,-6.917935
38.000,25.200,1704.0000,12.699139
38.000,25.200,1705.0000,-1.538672
38.000,25.200,1706.0000,10.647980
38.000,25.200,1707.0000,-2.124715
38.000,25.200,1708.0000,6.729600
38.000,25.200,1709.0000,-0.154850
38.000,25.200,1710.0000,-7.661346
38.000,25.200,1711.0000,-1.885260
38.000,25.200,1712.0000,-4.679988
38.000,25.200,1713.0000,10.982424
38.000,25.200,1714.0000,1.431688
38.000,25.200,1715.0000,-2.523528
38.000,25.200,1716.0000,0.362467
38.000,25.200,1717.0000,-6.098301
38.000,25.200,1718.0000,6.722068
38.000,25.200,1719.0000,-1.845767
38.000,25.200,1720.0000,-2.874945
38.000,25.200,1721.0000,4.216457
38.000,25.200,1722.0000,5.586825
38.000,25.200,1723.0000,-1.785480
38.000,25.200,1724.0000,0.729327
38.000,25.200,1725.0000,-0.078457
38.000,25.200,1726.0000,-6.289557
38.000,25.200,1727.0000,8.427356
38.000,25.200,1728.0000,-0.551224
38.000,25.200,1729.0000,-5.669437
38.000,25.200,1730.0000,-3.103234
38.000,25.200,1731.0000,10.344424
38.000,25.200,1732.0000,8.964604
38.000,25.200,1733.0000,-4.638807
38.000,25.200,1734.0000,3.857953
38.000,25.200,1735.0000,-0.883435
38.000,25.200,1736.0000,1.236340
38.000,25.200,1737.0000,1.142934
38.000,25.200,1738.0000,-0.682297
38.000,25.200,1739.0000,0.351188
38.000,25.200,1740.0000,-9.351675
38.000,25.200,1741.0000,8.847197
38.000,25.200,1742.0000,6.305805
38.000,25.200,1743.0000,-4.903929
38.000,25.200,1744.0000,-1.111905
38.000,25.200,1745.0000,10.282270
38.000,25.200,1746.0000,0.024696
38.000,25.200,1747.0000,-4.894535
38.000,25.200,1748.0000,5.507917
38.000,25.200,1749.0000,0.167231
38.000,25.200,1750.0000,-6.184712
38.000,25.200,1751.0000,-0.411425
38.000,25.200,1752.0000,-5.158613
38.000,25.200,1753.0000,16.286267
38.000,25.200,1754.0000,-0.768925
38.000,25.200,1755.0000,4.875270
38.000,25.200,1756.0000,3.207158
38.000,25.200,1757.0000,5.034989
38.000,25.200,1758.0000,-1.293013
38.000,25.200,1759.0000,0.619543
38.000,25.200,1760.0000,2.500456
38.000,25.200,1761.0000,-11.950073
38.000,25.200,1762.0000,-12.908626
38.000,25.200,1763.0000,3.792045
38.000,25.200,1764.0000,-1.298104
38.000,25.200,1765.0000,8.927376
38.000,25.200,1766.0000,-7.611492
38.000,25.200,1767.0000,0.267039
38.000,25.200,1768.0000,-11.415480
38.000,25.200,1769.0000,3.399725
38.000,25.200,1770.0000,1.063447
38.000,25.200,1771.0000,-4.828418
38.000,25.200,1772.0000,5.665791
38.000,25.200,1773.0000,6.856169
38.000,25.200,1774.0000,10.247741
38.000,25.200,1775.0000,7.568930
38.000,25.200,1776.0000,-0.764835
38.000,25.200,1777.0000,0.736208
38.000,25.200,1778.0000,-0.540734
38.000,25.200,1779.0000,0.016909
38.000,25.200,1780.0000,-4.278108
38.000,25.200,1781.0000,-5.993398
38.000,25.200,1782.0000,-6.233762
38.000,25.200,1783.0000,8.186735
38.000,25.200,1784.0000,7.744561
38.000,25.200,1785.0000,-2.502887
38.000,25.200,1786.0000,-3.125953
38.000,25.200,1787.0000,-2.999237
38.000,25.200,1788.0000,0.863104
38.000,25.200,1789.0000,-9.902447
38.000,25.200,1790.0000,-7.557618
38.000,25.200,1791.0000,2.020370
38.000,25.200,1792.0000,3.919698
38.000,25.200,1793.0000,-1.583745
38.000,25.200,1794.0000,1.992482
38.000,25.200,1795.0000,2.701565
38.000,25.200,1796.0000,-5.021026
38.000,25.200,1797.0000,-2.069271
38.000,25.200,1798.0000,16.508694
38.000,25.200,1799.0000,3.612164
38.000,25.200,1800.0000,2.789420
38.000,25.200,1801.0000,2.505243
38.000,25.200,1802.0000,2.854023
38.000,25.200,1803.0000,1.817641
38.000,25.200,1804.0000,2.702638
38.000,25.200,1805.0000,-5.665898
38.000,25.200,1806.0000,5.431743
38.000,25.200,1807.0000,-9.429690
38.000,25.200,1808.0000,-2.789318
38.000,25.200,1809.0000,-2.657820
38.000,25.200,1810.0000,2.567710
38.000,25.200,1811.0000,5.816195
38.000,25.200,1812.0000,4.451336
38.000,25.200,1813.0000,3.142690
38.000,25.200,1814.0000,-3.131122
38.000,25.200,1815.0000,4.166155
38.000,25.200,1816.0000,10.077135
38.000,25.200,1817.0000,-1.065293
38.000,25.200,1818.0000,-4.803391
38.000,25.200,1819.0000,2.602795
38.000,25.200,1820.0000,1.774616
38.000,25.200,1821.0000,9.107865
38.000,25.200,1822.0000,0.730239
38.000,25.200,1823.0000,-4.698977
38.000,25.200,1824.0000,1.655206
38.000,25.200,1825.0000,0.760412
38.000,25.200,1826.0000,0.253892
38.000,25.200,1827.0000,-1.193607
38.000,25.200,1828.0000,0.971235
38.000,25.200,1829.0000,1.471096
38.000,25.200,1830.0000,8.154308
38.000,25.200,1831.0000,-15.600933
38.000,25.200,1832.0000,-0.166464
38.000,25.200,1833.0000,-8.506531
38.000,25.200,1834.0000,5.906054
38.000,25.200,1835.0000,-5.624054
38.000,25.200,1836.0000,1.821260
38.000,25.200,1837.0000,2.416486
38.000,25.200,1838.0000,2.647006
38.000,25.200,1839.0000,10.833444
38.000,25.200,1840.0000,-0.995903
38.000,25.200,1841.0000,-5.033810
38.000,25.200,1842.0000,9.155258
38.000,25.200,1843.0000,-7.296741
38.000,25.200,1844.0000,12.141546
38.000,25.200,1845.0000,2.201847
38.000,25.200,1846.0000,2.026713
38.000,25.200,1847.0000,3.906969
38.000,25.200,1848.0000,-15.257883
38.000,25.200,1849.0000,-0.565323
38.000,25.200,1850.0000,2.478455
38.000,25.200,1851.0000,-10.702947
38.000,25.200,1852.0000,5.953328
38.000,25.200,1853.0000,-6.002750
38.000,25.200,1854.0000,13.861035
38.000,25.200,1855.0000,5.965461
38.000,25.200,1856.0000,0.129840
38.000,25.200,1857.0000,0.104913
38.000,25.200,1858.0000,-2.314998
38.000,25.200,1859.0000,-2.923681
38.000,25.200,1860.0000,-1.924165
38.000,25.200,1861.0000,1.206271
38.000,25.200,1862.0000,4.562530
38.000,25.200,1863.0000,5.365939
38.000,25.200,1864.0000,2.955654
38.000,25.200,1865.0000,-0.201850
38.000,25.200,1866.0000,-3.294986
38.000,25.200,1867.0000,-0.182920
38.000,25.200,1868.0000,7.479847
38.000,25.200,1869.0000,7.445448
38.000,25.200,1870.0000,-1.880743
38.000,25.200,1871.0000,3.816586
38.000,25.200,1872.0000,0.735552
38.000,25.200,1873.0000,-2.431133
38.000,25.200,1874.0000,-0.304308
38.000,25.200,1875.0000,4.193157
38.000,25.200,1876.0000,10.714525
38.000,25.200,1877.0000,-2.835009
38.000,25.200,1878.0000,-0.831879
38.000,25.200,1879.0000,-0.792684
38.000,25.200,1880.0000,10.756685
38.000,25.200,1881.0000,4.895499
38.000,25.200,1882.0000,-3.202450
38.000,25.200,1883.0000,7.373918
38.000,25.200,1884.0000,-2.293969
38.000,25.200,1885.0000,0.912108
38.000,25.200,1886.0000,-8.282900
38.000,25.200,1887.0000,-9.223370
38.000,25.200,1888.0000,3.621604
38.000,25.200,1889.0000,2.638533
38.000,25.200,1890.0000,12.796138
38.000,25.200,1891.0000,-4.539302
38.000,25.200,1892.0000,-8.979568
38.000,25.200,1893.0000,-3.652895
38.000,25.200,1894.0000,8.234961
38.000,25.200,1895.0000,12.884808
38.000,25.200,1896.0000,2.582454
38.000,25.200,1897.0000,-7.134102
38.000,25.200,1898.0000,-8.813393
38.000,25.200,1899.0000,5.856336
38.000,25.200,1900.0000,-7.467074
38.000,25.200,1901.0000,0.493086
38.000,25.200,1902.0000,-0.227537
38.000,25.200,1903.0000,1.128866
38.000,25.200,1904.0000,-6.061556
38.000,25.200,1905.0000,3.271414
38.000,25.200,1906.0000,3.343902
38.000,25.200,1907.0000,10.763953
38.000,25.200,1908.0000,0.151469
38.000,25.200,1909.0000,5.209570
38.000,25.200,1910.0000,-6.309044
38.000,25.200,1911.0000,-14.219158
38.000,25.200,1912.0000,-5.319381
38.000,25.200,1913.0000,-6.637510
38.000,25.200,1914.0000,8.787504
38.000,25.200,1915.0000,6.249441
38.000,25.200,1916.0000,-6.676671
38.000,25.200,1917.0000,-11.671188
38.000,25.200,1918.0000,6.823619
38.000,25.200,1919.0000,2.033651
38.000,25.200,1920.0000,-0.240132
38.000,25.200,1921.0000,-0.324774
38.000,25.200,1922.0000,-1.009326
38.000,25.200,1923.0000,-1.590094
38.000,25.200,1924.0000,-1.379561
38.000,25.200,1925.0000,-2.709363
38.000,25.200,1926.0000,-2.128701
38.000,25.200,1927.0000,2.620904
38.000,25.200,1928.0000,-14.565781
38.000,25.200,1929.0000,-8.404668
38.000,25.200,1930.0000,3.229544
38.000,25.200,1931.0000,2.978961
38.000,25.200,1932.0000,11.345620
38.000,25.200,1933.0000,-1.335198
38.000,25.200,1934.0000,-4.971737
38.000,25.200,1935.0000,0.004926
38.000,25.200,1936.0000,4.449809
38.000,25.200,1937.0000,1.808412
38.000,25.200,1938.0000,6.431566
38.000,25.200,1939.0000,3.700306
38.000,25.200,1940.0000,-7.559622
38.000,25.200,1941.0000,1.718097
38.000,25.200,1942.0000,-2.125236
38.000,25.200,1943.0000,7.611775
38.000,25.200,1944.0000,5.763910
38.000,25.200,1945.0000,14.424223
38.000,25.200,1946.0000,-3.405136
38.000,25.200,1947.0000,-5.093790
38.000,25.200,1948.0000,-11.237288
38.000,25.200,1949.0000,3.661317
38.000,25.200,1950.0000,-3.022961
38.000,25.200,1951.0000,-8.802287
38.000,25.200,1952.0000,0.256771
38.000,25.200,1953.0000,2.538491
38.000,25.200,1954.0000,-4.118106
38.000,25.200,1955.0000,6.772262
38.000,25.200,1956.0000,-0.689734
38.000,25.200,1957.0000,9.375815
38.000,25.200,1958.0000,1.616543
38.000,25.200,1959.0000,5.372584
38.000,25.200,1960.0000,-4.718157
38.000,25.200,1961.0000,-5.730860
38.000,25.200,1962.0000,-1.868633
38.000,25.200,1963.0000,-4.689456
38.000,25.200,1964.0000,1.160121
38.000,25.200,1965.0000,-0.875561
38.000,25.200,1966.0000,-8.643946
38.000,25.200,1967.0000,0.326417
38.000,25.200,1968.0000,7.425529
38.000,25.200,1969.0000,-4.841613
38.000,25.200,1970.0000,-2.272521
38.000,25.200,1971.0000,1.290294
38.000,25.200,1972.0000,-1.262084
38.000,25.200,1973.0000,4.341356
38.000,25.200,1974.0000,5.171829
38.000,25.200,1975.0000,1.362415
38.000,25.200,1976.0000,-4.377052
38.000,25.200,1977.0000,-9.635200
38.000,25.200,1978.0000,-3.694573
38.000,25.200,1979.0000,3.425940
38.000,25.200,1980.0000,-14.318653
38.000,25.200,1981.0000,0.779991
38.000,25.200,1982.0000,-5.781384
38.000,25.200,1983.0000,3.299253
38.000,25.200,1984.0000,-2.690551
38.000,25.200,1985.0000,-13.974842
38.000,25.200,1986.0000,1.644472
38.000,25.200,1987.0000,-6.980039
38.000,25.200,1988.0000,-1.525824
38.000,25.200,1989.0000,7.381903
38.000,25.200,1990.0000,6.727221
38.000,25.200,1991.0000,1.276819
38.000,25.200,1992.0000,-0.728874
38.000,25.200,1993.0000,-12.026488
38.000,25.200,1994.0000,-2.476917
38.000,25.200,1995.0000,-3.505826
38.000,25.200,1996.0000,4.553595
38.000,25.200,1997.0000,1.850685
38.000,25.200,1998.0000,1.496331
38.000,25.200,1999.0000,-0.144419
38.000,25.200,2000.0000,-9.262968
38.000,25.300,200.0000,-4.418009
38.000,25.300,201.0000,2.944523
38.000,25.300,202.0000,3.287008
38.000,25.300,203.0000,4.526350
38.000,25.300,204.0000,2.361199
38.000,25.300,205.0000,-12.519489
38.000,25.300,206.0000,-9.756002
38.000,25.300,207.0000,-4.540694
38.000,25.300,208.0000,-2.646430
38.000,25.300,209.0000,2.928579
38.000,25.300,210.0000,7.352460
38.000,25.300,211.0000,-9.520001
38.000,25.300,212.0000,9.891194
38.000,25.300,213.0000,-1.691259
38.000,25.300,214.0000,0.965225
38.000,25.300,215.0000,-0.039264
38.000,25.300,216.0000,8.803032
38.000,25.300,217.0000,5.398047
38.000,25.300,218.0000,2.628021
38.000,25.300,219.0000,-1.569776
38.000,25.300,220.0000,5.629503
38.000,25.300,221.0000,1.933357
38.000,25.300,222.0000,-7.992352
38.000,25.300,223.0000,1.939850
38.000,25.300,224.0000,-12.496059
38.000,25.300,225.0000,-1.522146
38.000,25.300,226.0000,-2.034669
38.000,25.300,227.0000,6.547841
38.000,25.300,228.0000,-8.691710
38.000,25.300,229.0000,-1.768623
38.000,25.300,230.0000,10.710195
38.000,25.300,231.0000,5.844558
38.000,25.300,232.0000,3.503263
38.000,25.300,233.0000,4.277793
38.000,25.300,234.0000,9.181401
38.000,25.300,235.0000,-3.829124
38.000,25.300,236.0000,-5.371895
38.000,25.300,237.0000,-3.350706
38.000,25.300,238.0000,11.289589
38.000,25.300,239.0000,14.585451
38.000,25.300,240.0000,5.309302
38.000,25.300,241.0000,-4.309543
38.000,25.300,242.0000,-4.591495
38.000,25.300,243.0000,-2.510929
38.000,25.300,244.0000,-5.342071
38.000,25.300,245.0000,6.340742
38.000,25.300,246.0000,-6.065172
38.000,25.300,247.0000,-3.599754
38.000,25.300,248.0000,-4.577902
38.000,25.300,249.0000,-6.083312
38.000,25.300,250.0000,-2.249165
38.000,25.300,251.0000,-1.251998
38.000,25.300,252.0000,-1.696626
38.000,25.300,253.0000,13.409105
38.000,25.300,254.0000,6.499709
38.000,25.300,255.0000,4.801416
38.000,25.300,256.0000,-4.561830
38.000,25.300,257.0000,-8.646359
38.000,25.300,258.0000,0.189961
38.000,25.300,259.0000,-0.908504
38.000,25.300,260.0000,-1.444882
38.000,25.300,261.0000,-2.941312
38.000,25.300,262.0000,-4.399054
38.000,25.300,263.0000,-1.447162
38.000,25.300,264.0000,3.368612
38.000,25.300,265.0000,6.982527
38.000,25.300,266.0000,5.021349
38.000,25.300,267.0000,4.985789
38.000,25.300,268.0000,-11.431992
38.000,25.300,269.0000,-5.189872
38.000,25.300,270.0000,-6.711157
38.000,25.300,271.0000,6.510884
38.000,25.300,272.0000,7.255227
38.000,25.300,273.0000,-6.344473
38.000,25.300,274.0000,2.486165
38.000,25.300,275.0000,-3.523171
38.000,25.300,276.0000,-4.074839
38.000,25.300,277.0000,5.697286
38.000,25.300,278.0000,-4.882178
38.000,25.300,279.0000,-0.833187
38.000,25.300,280.0000,-1.209068
38.000,25.300,281.0000,4.848454
38.000,25.300,282.0000,-8.389328
38.000,25.300,283.0000,-5.542887
38.000,25.300,284.0000,-3.936120
38.000,25.300,285.0000,-14.939422
38.000,25.300,286.0000,5.161018
38.000,25.300,287.0000,3.143809
38.000,25.300,288.0000,-1.671587
38.000,25.300,289.0000,-3.682369
38.000,25.300,290.0000,9.181978
38.000,25.300,291.0000,8.356546
38.000,25.300,292.0000,-0.480912
38.000,25.300,293.0000,-18.975568
38.000,25.300,294.0000,-9.525341
38.000,25.300,295.0000,-7.264753
38.000,25.300,296.0000,-6.239798
38.000,25.300,297.0000,0.585158
38.000,25.300,298.0000,-6.229682
38.000,25.300,299.0000,0.087422
38.000,25.300,300.0000,-1.633287
38.000,25.300,301.0000,-14.736176
38.000,25.300,302.0000,-4.478393
38.000,25.300,303.0000,7.298790
38.000,25.300,304.0000,-16.913916
38.000,25.300,305.0000,-4.102392
38.000,25.300,306.0000,0.661036
38.000,25.300,307.0000,-6.187591
38.000,25.300,308.0000,-10.669124
38.000,25.300,309.0000,-1.781032
38.000,25.300,310.0000,0.642478
38.000,25.300,311.0000,11.109126
38.000,25.300,312.0000,17.848950
38.000,25.300,313.0000,-8.344543
38.000,25.300,314.0000,1.622425
38.000,25.300,315.0000,5.677451
38.000,25.300,316.0000,6.941035
38.000,25.300,317.0000,-10.600464
38.000,25.300,318.0000,-4.736494
38.000,25.300,319.0000,-3.883150
38.000,25.300,320.0000,-3.595670
38.000,25.300,321.0000,-0.214152
38.000,25.300,322.0000,3.432953
38.000,25.300,323.0000,-9.033979
38.000,25.300,324.0000,-8.021299
38.000,25.300,325.0000,-0.119638
38.000,25.300,326.0000,8.308394
38.000,25.300,327.0000,6.303478
38.000,25.300,328.0000,-2.673098
38.000,25.300,329.0000,1.221730
38.000,25.300,330.0000,-8.243023
38.000,25.300,331.0000,5.113956
38.000,25.300,332.0000,0.806266
38.000,25.300,333.0000,-0.796143
38.000,25.300,334.0000,-0.281076
38.000,25.300,335.0000,-6.633671
38.000,25.300,336.0000,-8.909976
38.000,25.300,337.0000,4.922301
38.000,25.300,338.0000,6.310880
38.000,25.300,339.0000,-0.789654
38.000,25.300,340.0000,-2.908984
38.000,25.300,341.0000,5.040490
38.000,25.300,342.0000,-5.301325
38.000,25.300,343.0000,1.152329
38.000,25.300,344.0000,8.506270
38.000,25.300,345.0000,-6.643603
38.000,25.300,346.0000,10.055096
38.000,25.300,347.0000,4.096971
38.000,25.300,348.0000,2.507120
38.000,25.300,349.0000,5.555421
38.000,25.300,350.0000,1.049364
38.000,25.300,351.0000,3.840222
38.000,25.300,352.0000,0.597861
38.000,25.300,353.0000,-3.867067
38.000,25.300,354.0000,-3.781288
38.000,25.300,355.0000,-1.477917
38.000,25.300,356.0000,2.331034
38.000,25.300,357.0000,-4.365314
38.000,25.300,358.0000,-1.037139
38.000,25.300,359.0000,-3.407335
38.000,25.300,360.0000,4.647622
38.000,25.300,361.0000,-5.976312
38.000,25.300,362.0000,-2.162991
38.000,25.300,363.0000,-0.238600
38.000,25.300,364.0000,-0.341655
38.000,25.300,365.0000,6.059536
38.000,25.300,366.0000,2.204492
38.000,25.300,367.0000,9.608102
38.000,25.300,368.0000,5.064038
38.000,25.300,369.0000,-2.269814
38.000,25.300,370.0000,-4.459095
38.000,25.300,371.0000,3.761835
38.000,25.300,372.0000,-8.449978
38.000,25.300,373.0000,4.991230
38.000,25.300,374.0000,-4.934882
38.000,25.300,375.0000,0.021178
38.000,25.300,376.0000,7.157301
38.000,25.300,377.0000,9.516789
38.000,25.300,378.0000,-10.900054
38.000,25.300,379.0000,-10.276284
38.000,25.300,380.0000,-1.246822
38.000,25.300,381.0000,5.947986
38.000,25.300,382.0000,-0.827099
38.000,25.300,383.0000,-1.994268
38.000,25.300,384.0000,15.192439
38.000,25.300,385.0000,1.994337
38.000,25.300,386.0000,-0.878501
38.000,25.300,387.0000,-1.966245
38.000,25.300,388.0000,8.509446
38.000,25.300,389.0000,4.456587
38.000,25.300,390.0000,1.050948
38.000,25.300,391.0000,-9.818471
38.000,25.300,392.0000,1.435947
38.000,25.300,393.0000,-2.042014
38.000,25.300,394.0000,-2.768663
38.000,25.300,395.0000,2.092005
38.000,25.300,396.0000,-12.281814
38.000,25.300,397.0000,-1.934307
38.000,25.300,398.0000,9.444904
38.000,25.300,399.0000,-7.510671
38.000,25.300,400.0000,-0.655293
38.000,25.300,401.0000,-7.380720
38.000,25.300,402.0000,1.959411
38.000,25.300,403.0000,0.984197
38.000,25.300,404.0000,6.995840
38.000,25.300,405.0000,8.307607
38.000,25.300,406.0000,-3.626491
38.000,25.300,407.0000,3.153388
38.000,25.300,408.0000,-7.781761
38.000,25.300,409.0000,9.652555
38.000,25.300,410.0000,-10.150321
38.000,25.300,411.0000,0.078129
38.000,25.300,412.0000,-4.401891
38.000,25.300,413.0000,-5.794240
38.000,25.300,414.0000,-9.875500
38.000,25.300,415.0000,6.080391
38.000,25.300,416.0000,1.601416
38.000,25.300,417.0000,2.681615
38.000,25.300,418.0000,-8.571585
38.000,25.300,419.0000,8.101866
38.000,25.300,420.0000,9.301302
38.000,25.300,421.0000,-2.289169
38.000,25.300,422.0000,3.585580
38.000,25.300,423.0000,4.431379
38.000,25.300,424.0000,-11.901698
38.000,25.300,425.0000,-1.991203
38.000,25.300,426.0000,6.283930
38.000,25.300,427.0000,-3.592797
38.000,25.300,428.0000,-7.259762
38.000,25.300,429.0000,-4.613022
38.000,25.300,430.0000,-3.417616
38.000,25.300,431.0000,-6.195250
38.000,25.300,432.0000,-2.895101
38.000,25.300,433.0000,0.050138
38.000,25.300,434.0000,-8.759601
38.000,25.300,435.0000,-7.548729
38.000,25.300,436.0000,-3.499914
38.000,25.300,437.0000,8.075611
38.000,25.300,438.0000,-7.902919
38.000,25.300,439.0000,-9.003280
38.000,25.300,440.0000,5.322176
38.000,25.300,441.0000,1.330179
38.000,25.300,442.0000,-4.728845
38.000,25.300,443.0000,-0.349556
38.000,25.300,444.0000,-4.545354
38.000,25.300,445.0000,3.109726
38.000,25.300,446.0000,-0.105802
38.000,25.300,447.0000,-1.349477
38.000,25.300,448.0000,5.707662
38.000,25.300,449.0000,8.004984
38.000,25.300,450.0000,-0.942058
38.000,25.300,451.0000,3.104990
38.000,25.300,452.0000,-1.563308
38.000,25.300,453.0000,-3.911786
38.000,25.300,454.0000,-3.197990
38.000,25.300,455.0000,-0.326896
38.000,25.300,456.0000,7.616341
38.000,25.300,457.0000,2.783550
38.000,25.300,458.0000,5.670536
38.000,25.300,459.0000,0.668996
38.000,25.300,460.0000,-2.111209
38.000,25.300,461.0000,4.608580
38.000,25.300,462.0000,-2.317132
38.000,25.300,463.0000,-2.636396
38.000,25.300,464.0000,4.073992
38.000,25.300,465.0000,0.022975
38.000,25.300,466.0000,8.705261
38.000,25.300,467.0000,7.857090
38.000,25.300,468.0000,5.789045
38.000,25.300,469.0000,2.912959
38.000,25.300,470.0000,7.381785
38.000,25.300,471.0000,-2.273417
38.000,25.300,472.0000,0.103353
38.000,25.300,473.0000,3.986804
38.000,25.300,474.0000,4.479219
38.000,25.300,475.0000,-0.570429
38.000,25.300,476.0000,-2.469495
38.000,25.300,477.0000,4.739761
38.000,25.300,478.0000,9.781269
38.000,25.300,479.0000,1.912666
38.000,25.300,480.0000,-2.698837
38.000,25.300,481.0000,1.081102
38.000,25.300,482.0000,-2.373739
38.000,25.300,483.0000,4.648608
38.000,25.300,484.0000,1.052829
38.000,25.300,485.0000,-0.843316
38.000,25.300,486.0000,-0.494111
38.000,25.300,487.0000,11.203756
38.000,25.300,488.0000,-4.848678
38.000,25.300,489.0000,-0.199463
38.000,25.300,490.0000,10.760435
38.000,25.300,491.0000,5.970894
38.000,25.300,492.0000,3.946409
38.000,25.300,493.0000,-8.844726
38.000,25.300,494.0000,3.161277
38.000,25.300,495.0000,0.857803
38.000,25.300,496.0000,3.244519
38.000,25.300,497.0000,2.420460
38.000,25.300,498.0000,-1.404443
38.000,25.300,499.0000,3.052229
38.000,25.300,500.0000,2.386567
38.000,25.300,501.0000,-4.513040
38.000,25.300,502.0000,-3.528115
38.000,25.300,503.0000,-12.633355
38.000,25.300,504.0000,19.487065
38.000,25.300,505.0000,2.703493
38.000,25.300,506.0000,-6.547534
38.000,25.300,507.0000,4.424756
38.000,25.300,508.0000,-4.334152
38.000,25.300,509.0000,-7.077527
38.000,25.300,510.0000,-2.493281
38.000,25.300,511.0000,8.335947
38.000,25.300,512.0000,1.772148
38.000,25.300,513.0000,2.821389
38.000,25.300,514.0000,-5.580690
38.000,25.300,515.0000,6.242831
38.000,25.300,516.0000,6.986855
38.000,25.300,517.0000,-7.682791
38.000,25.300,518.0000,1.676141
38.000,25.300,519.0000,-4.946240
38.000,25.300,520.0000,5.354197
38.000,25.300,521.0000,10.113697
38.000,25.300,522.0000,2.567152
38.000,25.300,523.0000,23.080435
38.000,25.300,524.0000,-8.505849
38.000,25.300,525.0000,-0.777992
38.000,25.300,526.0000,7.844014
38.000,25.300,527.0000,2.427096
38.000,25.300,528.0000,5.026102
38.000,25.300,529.0000,8.246202
38.000,25.300,530.0000,-9.009962
38.000,25.300,531.0000,5.538594
38.000,25.300,532.0000,-0.793154
38.000,25.300,533.0000,-11.021432
38.000,25.300,534.0000,-7.916248
38.000,25.300,535.0000,6.502310
38.000,25.300,536.0000,5.869155
38.000,25.300,537.0000,1.262160
38.000,25.300,538.0000,-2.110643
38.000,25.300,539.0000,2.091457
38.000,25.300,540.0000,9.096101
38.000,25.300,541.0000,-1.512994
38.000,25.300,542.0000,-7.105574
38.000,25.300,543.0000,5.656056
38.000,25.300,544.0000,-11.043141
38.000,25.300,545.0000,2.134409
38.000,25.300,546.0000,-0.007065
38.000,25.300,547.0000,-15.723507
38.000,25.300,548.0000,0.371720
38.000,25.300,549.0000,9.670460
38.000,25.300,550.0000,5.268597
38.000,25.300,551.0000,-4.940601
38.000,25.300,552.0000,-0.775540
38.000,25.300,553.0000,-0.402507
38.000,25.300,554.0000,-10.723347
38.000,25.300,555.0000,3.378293
38.000,25.300,556.0000,-0.567854
38.000,25.300,557.0000,6.960545
38.000,25.300,558.0000,1.514160
38.000,25.300,559.0000,-5.743026
38.000,25.300,560.0000,-3.377513
38.000,25.300,561.0000,0.228242
38.000,25.300,562.0000,-5.122884
38.000,25.300,563.0000,-5.703021
38.000,25.300,564.0000,3.156642
38.000,25.300,565.0000,5.329797
38.000,25.300,566.0000,-5.544144
38.000,25.300,567.0000,0.300499
38.000,25.300,568.0000,5.634944
38.000,25.300,569.0000,1.044043
38.000,25.300,570.0000,2.448048
38.000,25.300,571.0000,9.913846
38.000,25.300,572.0000,-0.562344
38.000,25.300,573.0000,1.835173
38.000,25.300,574.0000,7.029050
38.000,25.300,575.0000,5.490958
38.000,25.300,576.0000,-6.544417
38.000,25.300,577.0000,18.359885
38.000,25.300,578.0000,4.050726
38.000,25.300,579.0000,3.203705
38.000,25.300,580.0000,6.952856
38.000,25.300,581.0000,-0.031177
38.000,25.300,582.0000,5.894562
38.000,25.300,583.0000,10.299668
38.000,25.300,584.0000,13.682259
38.000,25.300,585.0000,6.376754
38.000,25.300,586.0000,3.453542
38.000,25.300,587.0000,1.070660
38.000,25.300,588.0000,2.858391
38.000,25.300,589.0000,-1.769227
38.000,25.300,590.0000,3.478177
38.000,25.300,591.0000,8.231923
38.000,25.300,592.0000,-1.206996
38.000,25.300,593.0000,15.170676
38.000,25.300,594.0000,8.693605
38.000,25.300,595.0000,6.743476
38.000,25.300,596.0000,8.971259
38.000,25.300,597.0000,7.408053
38.000,25.300,598.0000,8.855594
38.000,25.300,599.0000,15.134928
38.000,25.300,600.0000,0.239161
38.000,25.300,601.0000,13.445289
38.000,25.300,602.0000,13.875997
38.000,25.300,603.0000,8.751873
38.000,25.300,604.0000,13.354268
38.000,25.300,605.0000,20.347640
38.000,25.300,606.0000,19.531372
38.000,25.300,607.0000,19.024373
38.000,25.300,608.0000,27.909852
38.000,25.300,609.0000,30.751009
38.000,25.300,610.0000,45.934187
38.000,25.300,611.0000,39.230468
38.000,25.300,612.0000,47.029224
38.000,25.300,613.0000,54.079925
38.000,25.300,614.0000,72.679066
38.000,25.300,615.0000,98.344023
38.000,25.300,616.0000,124.611241
38.000,25.300,617.0000,157.377651
38.000,25.300,618.0000,183.123854
38.000,25.300,619.0000,206.602288
38.000,25.300,620.0000,226.910715
38.000,25.300,621.0000,205.083364
38.000,25.300,622.0000,183.952657
38.000,25.300,623.0000,152.647053
38.000,25.300,624.0000,109.460655
38.000,25.300,625.0000,102.696992
38.000,25.300,626.0000,78.078292
38.000,25.300,627.0000,70.737156
38.000,25.300,628.0000,47.095672
38.000,25.300,629.0000,49.174203
38.000,25.300,630.0000,43.577146
38.000,25.300,631.0000,28.815663
38.000,25.300,632.0000,22.042687
38.000,25.300,633.0000,21.972345
38.000,25.300,634.0000,18.341429
38.000,25.300,635.0000,9.867370
38.000,25.300,636.0000,11.267336
38.000,25.300,637.0000,15.346334
38.000,25.300,638.0000,5.757308
38.000,25.300,639.0000,9.029818
38.000,25.300,640.0000,7.495757
38.000,25.300,641.0000,12.495454
38.000,25.300,642.0000,6.724305
38.000,25.300,643.0000,0.979698
38.000,25.300,644.0000,18.840734
38.000,25.300,645.0000,-0.025074
38.000,25.300,646.0000,-0.605295
38.000,25.300,647.0000,21.570059
38.000,25.300,648.0000,5.861166
38.000,25.300,649.0000,4.922088
38.000,25.300,650.0000,7.666842
38.000,25.300,651.0000,6.746139
38.000,25.300,652.0000,8.982103
38.000,25.300,653.0000,9.708633
38.000,25.300,654.0000,-1.856369
38.000,25.300,655.0000,6.705696
38.000,25.300,656.0000,1.055114
38.000,25.300,657.0000,11.883408
38.000,25.300,658.0000,-5.785963
38.000,25.300,659.0000,2.355069
38.000,25.300,660.0000,-0.666605
38.000,25.300,661.0000,-2.072245
38.000,25.300,662.0000,-2.168938
38.000,25.300,663.0000,8.995257
38.000,25.300,664.0000,4.655442
38.000,25.300,665.0000,0.136830
38.000,25.300,666.0000,-7.415108
38.000,25.300,667.0000,3.084591
38.000,25.300,668.0000,-7.961659
38.000,25.300,669.0000,9.301026
38.000,25.300,670.0000,-8.850343
38.000,25.300,671.0000,-6.061328
38.000,25.300,672.0000,-1.918745
38.000,25.300,673.0000,-4.393719
38.000,25.300,674.0000,-5.997513
38.000,25.300,675.0000,-4.874728
38.000,25.300,676.0000,8.292920
38.000,25.300,677.0000,-3.047042
38.000,25.300,678.0000,2.347122
38.000,25.300,679.0000,-1.439764
38.000,25.300,680.0000,5.484310
38.000,25.300,681.0000,3.246738
38.000,25.300,682.0000,8.322497
38.000,25.300,683.0000,3.947698
38.000,25.300,684.0000,10.882115
38.000,25.300,685.0000,8.337159
38.000,25.300,686.0000,1.938300
38.000,25.300,687.0000,-1.188231
38.000,25.300,688.0000,-1.835465
38.000,25.300,689.0000,-2.418106
38.000,25.300,690.0000,5.370332
38.000,25.300,691.0000,5.428041
38.000,25.300,692.0000,4.775601
38.000,25.300,693.0000,6.394379
38.000,25.300,694.0000,10.026568
38.000,25.300,695.0000,4.648089
38.000,25.300,696.0000,-8.586664
38.000,25.300,697.0000,-4.918070
38.000,25.300,698.0000,7.138214
38.000,25.300,699.0000,3.995330
38.000,25.300,700.0000,6.910078
38.000,25.300,701.0000,-2.531637
38.000,25.300,702.0000,-6.939184
38.000,25.300,703.0000,4.761461
38.000,25.300,704.0000,-0.688678
38.000,25.300,705.0000,0.880256
38.000,25.300,706.0000,10.173143
38.000,25.300,707.0000,-3.328847
38.000,25.300,708.0000,1.939730
38.000,25.300,709.0000,-1.900039
38.000,25.300,710.0000,-15.092896
38.000,25.300,711.0000,4.112655
38.000,25.300,712.0000,8.886397
38.000,25.300,713.0000,2.884836
38.000,25.300,714.0000,2.601526
38.000,25.300,715.0000,9.393857
38.000,25.300,716.0000,-2.408977
38.000,25.300,717.0000,14.904259
38.000,25.300,718.0000,4.664795
38.000,25.300,719.0000,6.708769
38.000,25.300,720.0000,2.052938
38.000,25.300,721.0000,6.256361
38.000,25.300,722.0000,8.628571
38.000,25.300,723.0000,-10.397908
38.000,25.300,724.0000,-4.476615
38.000,25.300,725.0000,5.724857
38.000,25.300,726.0000,1.474900
38.000,25.300,727.0000,19.032620
38.000,25.300,728.0000,7.233713
38.000,25.300,729.0000,4.134806
38.000,25.300,730.0000,7.995032
38.000,25.300,731.0000,-1.777046
38.000,25.300,732.0000,8.509021
38.000,25.300,733.0000,3.148429
38.000,25.300,734.0000,-7.918226
38.000,25.300,735.0000,1.784054
38.000,25.300,736.0000,3.444112
38.000,25.300,737.0000,-3.803129
38.000,25.300,738.0000,9.213203
38.000,25.300,739.0000,-8.849763
38.000,25.300,740.0000,5.682227
38.000,25.300,741.0000,-1.855618
38.000,25.300,742.0000,10.485885
38.000,25.300,743.0000,4.475406
38.000,25.300,744.0000,13.918986
38.000,25.300,745.0000,8.994007
38.000,25.300,746.0000,1.770355
38.000,25.300,747.0000,-6.149969
38.000,25.300,748.0000,9.107547
38.000,25.300,749.0000,-8.010396
38.000,25.300,750.0000,-0.826657
38.000,25.300,751.0000,5.445322
38.000,25.300,752.0000,-2.645951
38.000,25.300,753.0000,-5.692248
38.000,25.300,754.0000,9.833379
38.000,25.300,755.0000,-1.885231
38.000,25.300,756.0000,10.347261
38.000,25.300,757.0000,3.767541
38.000,25.300,758.0000,2.904846
38.000,25.300,759.0000,9.426181
38.000,25.300,760.0000,3.560275
38.000,25.300,761.0000,-7.355983
38.000,25.300,762.0000,6.734662
38.000,25.300,763.0000,13.600146
38.000,25.300,764.0000,7.173862
38.000,25.300,765.0000,11.286995
38.000,25.300,766.0000,1.506431
38.000,25.300,767.0000,5.621702
38.000,25.300,768.0000,2.618938
38.000,25.300,769.0000,-1.295779
38.000,25.300,770.0000,16.082855
38.000,25.300,771.0000,10.325882
38.000,25.300,772.0000,17.255079
38.000,25.300,773.0000,14.168658
38.000,25.300,774.0000,-1.387294
38.000,25.300,775.0000,7.761417
38.000,25.300,776.0000,15.020667
38.000,25.300,777.0000,4.588468
38.000,25.300,778.0000,11.755259
38.000,25.300,779.0000,11.784556
38.000,25.300,780.0000,10.683841
38.000,25.300,781.0000,13.092157
38.000,25.300,782.0000,29.179140
38.000,25.300,783.0000,30.879802
38.000,25.300,784.0000,26.844620
38.000,25.300,785.0000,34.619791
38.000,25.300,786.0000,36.522120
38.000,25.300,787.0000,42.578688
38.000,25.300,788.0000,50.309553
38.000,25.300,789.0000,62.108268
38.000,25.300,790.0000,76.646871
38.000,25.300,791.0000,93.307136
38.000,25.300,792.0000,95.528391
38.000,25.300,793.0000,103.348145
38.000,25.300,794.0000,109.538796
38.000,25.300,795.0000,111.461968
38.000,25.300,796.0000,113.432175
38.000,25.300,797.0000,105.356751
38.000,25.300,798.0000,96.523728
38.000,25.300,799.0000,85.701503
38.000,25.300,800.0000,68.859072
38.000,25.300,801.0000,64.554476
38.000,25.300,802.0000,56.845838
38.000,25.300,803.0000,51.543094
38.000,25.300,804.0000,32.932389
38.000,25.300,805.0000,39.859333
38.000,25.300,806.0000,31.513410
38.000,25.300,807.0000,24.589553
38.000,25.300,808.0000,33.869537
38.000,25.300,809.0000,24.020400
38.000,25.300,810.0000,10.110048
38.000,25.300,811.0000,25.525770
38.000,25.300,812.0000,27.732144
38.000,25.300,813.0000,13.280835
38.000,25.300,814.0000,5.903932
38.000,25.300,815.0000,13.706054
38.000,25.300,816.0000,8.298481
38.000,25.300,817.0000,20.948575
38.000,25.300,818.0000,-1.560745
38.000,25.300,819.0000,5.164860
38.000,25.300,820.0000,6.476028
38.000,25.300,821.0000,12.831703
38.000,25.300,822.0000,-0.815938
38.000,25.300,823.0000,6.385311
38.000,25.300,824.0000,2.731961
38.000,25.300,825.0000,13.400459
38.000,25.300,826.0000,4.952613
38.000,25.300,827.0000,16.546937
38.000,25.300,828.0000,8.900222
38.000,25.300,829.0000,8.234127
38.000,25.300,830.0000,-1.390209
38.000,25.300,831.0000,7.526176
38.000,25.300,832.0000,4.941063
38.000,25.300,833.0000,0.003767
38.000,25.300,834.0000,-4.532468
38.000,25.300,835.0000,-7.008075
38.000,25.300,836.0000,-1.646805
38.000,25.300,837.0000,-4.708133
38.000,25.300,838.0000,17.803698
38.000,25.300,839.0000,8.034877
38.000,25.300,840.0000,0.040905
38.000,25.300,841.0000,3.976708
38.000,25.300,842.0000,10.920728
38.000,25.300,843.0000,13.803244
38.000,25.300,844.0000,1.447174
38.000,25.300,845.0000,5.649997
38.000,25.300,846.0000,3.752184
38.000,25.300,847.0000,-2.984039
38.000,25.300,848.0000,2.067582
38.000,25.300,849.0000,5.170522
38.000,25.300,850.0000,6.370065
38.000,25.300,851.0000,-2.960243
38.000,25.300,852.0000,1.315058
38.000,25.300,853.0000,8.605664
38.000,25.300,854.0000,4.912775
38.000,25.300,855.0000,2.972187
38.000,25.300,856.0000,4.478750
38.000,25.300,857.0000,3.090009
38.000,25.300,858.0000,1.992925
38.000,25.300,859.0000,3.631136
38.000,25.300,860.0000,-3.297261
38.000,25.300,861.0000,-5.934469
38.000,25.300,862.0000,-2.077351
38.000,25.300,863.0000,-4.706316
38.000,25.300,864.0000,-7.924750
38.000,25.300,865.0000,0.700740
38.000,25.300,866.0000,5.642652
38.000,25.300,867.0000,-2.498333
38.000,25.300,868.0000,1.516281
38.000,25.300,869.0000,6.187520
38.000,25.300,870.0000,6.214662
38.000,25.300,871.0000,-1.592984
38.000,25.300,872.0000,-2.224438
38.000,25.300,873.0000,6.568921
38.000,25.300,874.0000,10.039863
38.000,25.300,875.0000,-5.179571
38.000,25.300,876.0000,-3.164835
38.000,25.300,877.0000,6.943230
38.000,25.300,878.0000,8.830501
38.000,25.300,879.0000,5.475387
38.000,25.300,880.0000,0.836697
38.000,25.300,881.0000,2.570516
38.000,25.300,882.0000,11.207219
38.000,25.300,883.0000,3.717879
38.000,25.300,884.0000,-0.119126
38.000,25.300,885.0000,1.517910
38.000,25.300,886.0000,1.970603
38.000,25.300,887.0000,-3.380197
38.000,25.300,888.0000,3.378600
38.000,25.300,889.0000,11.569127
38.000,25.300,890.0000,6.090207
38.000,25.300,891.0000,3.809987
38.000,25.300,892.0000,-5.191378
38.000,25.300,893.0000,0.157980
38.000,25.300,894.0000,2.448538
38.000,25.300,895.0000,2.364458
38.000,25.300,896.0000,0.071584
38.000,25.300,897.0000,12.690883
38.000,25.300,898.0000,-4.289480
38.000,25.300,899.0000,3.846850
38.000,25.300,900.0000,6.643666
38.000,25.300,901.0000,-7.954877
38.000,25.300,902.0000,0.810607
38.000,25.300,903.0000,-1.133714
38.000,25.300,904.0000,6.171592
38.000,25.300,905.0000,-2.206433
38.000,25.300,906.0000,7.085197
38.000,25.300,907.0000,5.839359
38.000,25.300,908.0000,11.052330
38.000,25.300,909.0000,3.115126
38.000,25.300,910.0000,3.969074
38.000,25.300,911.0000,-0.821468
38.000,25.300,912.0000,-2.788266
38.000,25.300,913.0000,-5.303650
38.000,25.300,914.0000,-6.114819
38.000,25.300,915.0000,-1.434396
38.000,25.300,916.0000,11.077351
38.000,25.300,917.0000,4.529373
38.000,25.300,918.0000,9.249048
38.000,25.300,919.0000,-6.743726
38.000,25.300,920.0000,1.261711
38.000,25.300,921.0000,4.289688
38.000,25.300,922.0000,2.962265
38.000,25.300,923.0000,-1.055299
38.000,25.300,924.0000,9.999683
38.000,25.300,925.0000,0.828966
38.000,25.300,926.0000,4.951164
38.000,25.300,927.0000,6.777600
38.000,25.300,928.0000,5.071677
38.000,25.300,929.0000,2.464546
38.000,25.300,930.0000,2.079247
38.000,25.300,931.0000,-10.112081
38.000,25.300,932.0000,-0.702558
38.000,25.300,933.0000,8.070078
38.000,25.300,934.0000,12.310947
38.000,25.300,935.0000,3.136506
38.000,25.300,936.0000,-8.283320
38.000,25.300,937.0000,5.515273
38.000,25.300,938.0000,1.525139
38.000,25.300,939.0000,8.301027
38.000,25.300,940.0000,11.461674
38.000,25.300,941.0000,-2.181579
38.000,25.300,942.0000,7.855273
38.000,25.300,943.0000,19.440903
38.000,25.300,944.0000,5.432793
38.000,25.300,945.0000,7.306933
38.000,25.300,946.0000,5.412653
38.000,25.300,947.0000,9.974168
38.000,25.300,948.0000,-4.236159
38.000,25.300,949.0000,11.993739
38.000,25.300,950.0000,0.619861
38.000,25.300,951.0000,11.673722
38.000,25.300,952.0000,-3.309536
38.000,25.300,953.0000,5.274483
38.000,25.300,954.0000,1.963269
38.000,25.300,955.0000,12.679075
38.000,25.300,956.0000,2.399990
38.000,25.300,957.0000,8.111486
38.000,25.300,958.0000,2.170446
38.000,25.300,959.0000,4.897944
38.000,25.300,960.0000,3.166065
38.000,25.300,961.0000,11.575249
38.000,25.300,962.0000,1.964039
38.000,25.300,963.0000,-1.362927
38.000,25.300,964.0000,13.535614
38.000,25.300,965.0000,5.958804
38.000,25.300,966.0000,14.552350
38.000,25.300,967.0000,8.870032
38.000,25.300,968.0000,10.468469
38.000,25.300,969.0000,17.169266
38.000,25.300,970.0000,24.789913
38.000,25.300,971.0000,8.384765
38.000,25.300,972.0000,14.711194
38.000,25.300,973.0000,15.734808
38.000,25.300,974.0000,10.119417
38.000,25.300,975.0000,18.262760
38.000,25.300,976.0000,30.719753
38.000,25.300,977.0000,22.345525
38.000,25.300,978.0000,36.823427
38.000,25.300,979.0000,28.488561
38.000,25.300,980.0000,32.115860
38.000,25.300,981.0000,35.704108
38.000,25.300,982.0000,38.636075
38.000,25.300,983.0000,30.513412
38.000,25.300,984.0000,37.674715
38.000,25.300,985.0000,50.572154
38.000,25.300,986.0000,54.084397
38.000,25.300,987.0000,60.766525
38.000,25.300,988.0000,60.778534
38.000,25.300,989.0000,66.562458
38.000,25.300,990.0000,95.792213
38.000,25.300,991.0000,92.755182
38.000,25.300,992.0000,133.833943
38.000,25.300,993.0000,158.919445
38.000,25.300,994.0000,202.332059
38.000,25.300,995.0000,253.367691
38.000,25.300,996.0000,332.092781
38.000,25.300,997.0000,439.210977
38.000,25.300,998.0000,603.622864
38.000,25.300,999.0000,850.167461
38.000,25.300,1000.0000,1097.546382
38.000,25.300,1001.0000,1222.636649
38.000,25.300,1002.0000,1100.515569
38.000,25.300,1003.0000,851.390281
38.000,25.300,1004.0000,622.095875
38.000,25.300,1005.0000,446.499747
38.000,25.300,1006.0000,332.917156
38.000,25.300,1007.0000,248.274130
38.000,25.300,1008.0000,191.764116
38.000,25.300,1009.0000,167.294848
38.000,25.300,1010.0000,132.272768
38.000,25.300,1011.0000,123.196418
38.000,25.300,1012.0000,112.339946
38.000,25.300,1013.0000,94.593976
38.000,25.300,1014.0000,80.933733
38.000,25.300,1015.0000,79.375626
38.000,25.300,1016.0000,75.287229
38.000,25.300,1017.0000,69.485422
38.000,25.300,1018.0000,71.777150
38.000,25.300,1019.0000,75.335140
38.000,25.300,1020.0000,78.419374
38.000,25.300,1021.0000,92.037109
38.000,25.300,1022.0000,87.962078
38.000,25.300,1023.0000,105.997275
38.000,25.300,1024.0000,118.865142
38.000,25.300,1025.0000,153.335449
38.000,25.300,1026.0000,181.718923
38.000,25.300,1027.0000,242.435517
38.000,25.300,1028.0000,289.037277
38.000,25.300,1029.0000,396.487615
38.000,25.300,1030.0000,482.804413
38.000,25.300,1031.0000,526.432886
38.000,25.300,1032.0000,472.781830
38.000,25.300,1033.0000,394.318793
38.000,25.300,1034.0000,302.271467
38.000,25.300,1035.0000,226.894814
38.000,25.300,1036.0000,168.507823
38.000,25.300,1037.0000,137.425020
38.000,25.300,1038.0000,114.512831
38.000,25.300,1039.0000,96.852052
38.000,25.300,1040.0000,64.460152
38.000,25.300,1041.0000,68.453420
38.000,25.300,1042.0000,55.992732
38.000,25.300,1043.0000,43.722269
38.000,25.300,1044.0000,50.717486
38.000,25.300,1045.0000,37.483821
38.000,25.300,1046.0000,19.855533
38.000,25.300,1047.0000,25.942507
38.000,25.300,1048.0000,22.693765
38.000,25.300,1049.0000,29.451960
38.000,25.300,1050.0000,21.231813
38.000,25.300,1051.0000,15.794516
38.000,25.300,1052.0000,9.282498
38.000,25.300,1053.0000,12.586477
38.000,25.300,1054.0000,4.652199
38.000,25.300,1055.0000,10.806999
38.000,25.300,1056.0000,9.335667
38.000,25.300,1057.0000,20.618566
38.000,25.300,1058.0000,11.343114
38.000,25.300,1059.0000,5.279286
38.000,25.300,1060.0000,21.849189
38.000,25.300,1061.0000,2.383561
38.000,25.300,1062.0000,20.454270
38.000,25.300,1063.0000,5.866055
38.000,25.300,1064.0000,1.602073
38.000,25.300,1065.0000,17.173255
38.000,25.300,1066.0000,15.332257
38.000,25.300,1067.0000,19.194221
38.000,25.300,1068.0000,13.753666
38.000,25.300,1069.0000,7.605848
38.000,25.300,1070.0000,15.491418
38.000,25.300,1071.0000,5.889841
38.000,25.300,1072.0000,7.526889
38.000,25.300,1073.0000,7.429458
38.000,25.300,1074.0000,0.940637
38.000,25.300,1075.0000,9.635801
38.000,25.300,1076.0000,7.569621
38.000,25.300,1077.0000,-4.297557
38.000,25.300,1078.0000,0.662142
38.000,25.300,1079.0000,8.410113
38.000,25.300,1080.0000,-3.114905
38.000,25.300,1081.0000,0.634294
38.000,25.300,1082.0000,12.223138
38.000,25.300,1083.0000,8.965710
38.000,25.300,1084.0000,4.421747
38.000,25.300,1085.0000,11.681454
38.000,25.300,1086.0000,6.279888
38.000,25.300,1087.0000,7.862928
38.000,25.300,1088.0000,-2.172529
38.000,25.300,1089.0000,-5.335073
38.000,25.300,1090.0000,-4.808841
38.000,25.300,1091.0000,7.593939
38.000,25.300,1092.0000,9.489327
38.000,25.300,1093.0000,6.014684
38.000,25.300,1094.0000,7.886034
38.000,25.300,1095.0000,-1.030833
38.000,25.300,1096.0000,12.380946
38.000,25.300,1097.0000,-0.370871
38.000,25.300,1098.0000,6.772701
38.000,25.300,1099.0000,7.343897
38.000,25.300,1100.0000,6.900190
38.000,25.300,1101.0000,10.477621
38.000,25.300,1102.0000,-10.729480
38.000,25.300,1103.0000,3.939080
38.000,25.300,1104.0000,-7.559164
38.000,25.300,1105.0000,17.721419
38.000,25.300,1106.0000,20.641100
38.000,25.300,1107.0000,13.163779
38.000,25.300,1108.0000,-1.089472
38.000,25.300,1109.0000,4.766079
38.000,25.300,1110.0000,4.080750
38.000,25.300,1111.0000,0.174122
38.000,25.300,1112.0000,7.423678
38.000,25.300,1113.0000,10.684846
38.000,25.300,1114.0000,2.413918
38.000,25.300,1115.0000,3.171205
38.000,25.300,1116.0000,-1.846425
38.000,25.300,1117.0000,8.192000
38.000,25.300,1118.0000,10.263849
38.000,25.300,1119.0000,17.414084
38.000,25.300,1120.0000,0.431492
38.000,25.300,1121.0000,-0.030420
38.000,25.300,1122.0000,-0.098007
38.000,25.300,1123.0000,-0.182192
38.000,25.300,1124.0000,5.349497
38.000,25.300,1125.0000,10.141058
38.000,25.300,1126.0000,4.933920
38.000,25.300,1127.0000,-13.793253
38.000,25.300,1128.0000,16.650788
38.000,25.300,1129.0000,9.425049
38.000,25.300,1130.0000,10.913635
38.000,25.300,1131.0000,7.087453
38.000,25.300,1132.0000,1.449862
38.000,25.300,1133.0000,4.273841
38.000,25.300,1134.0000,24.700650
38.000,25.300,1135.0000,14.249276
38.000,25.300,1136.0000,1.238852
38.000,25.300,1137.0000,2.375514
38.000,25.300,1138.0000,15.607687
38.000,25.300,1139.0000,12.905005
38.000,25.300,1140.0000,12.864954
38.000,25.300,1141.0000,15.489758
38.000,25.300,1142.0000,33.861788
38.000,25.300,1143.0000,28.610871
38.000,25.300,1144.0000,21.061152
38.000,25.300,1145.0000,36.517877
38.000,25.300,1146.0000,54.637951
38.000,25.300,1147.0000,62.867927
38.000,25.300,1148.0000,59.450816
38.000,25.300,1149.0000,72.300564
38.000,25.300,1150.0000,91.320062
38.000,25.300,1151.0000,96.773314
38.000,25.300,1152.0000,131.720850
38.000,25.300,1153.0000,145.847021
38.000,25.300,1154.0000,163.518889
38.000,25.300,1155.0000,176.350788
38.000,25.300,1156.0000,161.738195
38.000,25.300,1157.0000,156.737843
38.000,25.300,1158.0000,126.535295
38.000,25.300,1159.0000,109.701791
38.000,25.300,1160.0000,87.855899
38.000,25.300,1161.0000,69.558566
38.000,25.300,1162.0000,65.778372
38.000,25.300,1163.0000,63.804976
38.000,25.300,1164.0000,52.314243
38.000,25.300,1165.0000,53.807366
38.000,25.300,1166.0000,45.840488
38.000,25.300,1167.0000,32.402032
38.000,25.300,1168.0000,33.153376
38.000,25.300,1169.0000,39.668387
38.000,25.300,1170.0000,21.330386
38.000,25.300,1171.0000,29.405245
38.000,25.300,1172.0000,33.922631
38.000,25.300,1173.0000,32.326493
38.000,25.300,1174.0000,49.055910
38.000,25.300,1175.0000,37.273043
38.000,25.300,1176.0000,65.203200
38.000,25.300,1177.0000,61.925418
38.000,25.300,1178.0000,58.730767
38.000,25.300,1179.0000,78.447245
38.000,25.300,1180.0000,112.042208
38.000,25.300,1181.0000,124.058117
38.000,25.300,1182.0000,138.811552
38.000,25.300,1183.0000,159.503018
38.000,25.300,1184.0000,143.899960
38.000,25.300,1185.0000,128.500914
38.000,25.300,1186.0000,101.128685
38.000,25.300,1187.0000,80.749178
38.000,25.300,1188.0000,74.249724
38.000,25.300,1189.0000,51.040414
38.000,25.300,1190.0000,43.856311
38.000,25.300,1191.0000,47.982491
38.000,25.300,1192.0000,28.572838
38.000,25.300,1193.0000,26.966556
38.000,25.300,1194.0000,20.538902
38.000,25.300,1195.0000,23.444435
38.000,25.300,1196.0000,23.391585
38.000,25.300,1197.0000,21.889617
38.000,25.300,1198.0000,17.618200
38.000,25.300,1199.0000,14.748919
38.000,25.300,1200.0000,24.912187
38.000,25.300,1201.0000,20.037784
38.000,25.300,1202.0000,9.976898
38.000,25.300,1203.0000,6.485236
38.000,25.300,1204.0000,8.860921
38.000,25.300,1205.0000,12.850180
38.000,25.300,1206.0000,7.847733
38.000,25.300,1207.0000,-0.019228
38.000,25.300,1208.0000,2.222022
38.000,25.300,1209.0000,7.336518
38.000,25.300,1210.0000,6.421489
38.000,25.300,1211.0000,9.977323
38.000,25.300,1212.0000,8.566488
38.000,25.300,1213.0000,-6.851371
38.000,25.300,1214.0000,-9.103554
38.000,25.300,1215.0000,9.825022
38.000,25.300,1216.0000,-1.212070
38.000,25.300,1217.0000,15.706896
38.000,25.300,1218.0000,8.130443
38.000,25.300,1219.0000,3.147763
38.000,25.300,1220.0000,7.100713
38.000,25.300,1221.0000,5.753829
38.000,25.300,1222.0000,-7.874398
38.000,25.300,1223.0000,7.600156
38.000,25.300,1224.0000,2.176862
38.000,25.300,1225.0000,11.354777
38.000,25.300,1226.0000,2.573417
38.000,25.300,1227.0000,4.130679
38.000,25.300,1228.0000,0.959912
38.000,25.300,1229.0000,3.340810
38.000,25.300,1230.0000,17.437061
38.000,25.300,1231.0000,-5.275722
38.000,25.300,1232.0000,5.844227
38.000,25.300,1233.0000,2.194704
38.000,25.300,1234.0000,0.128807
38.000,25.300,1235.0000,8.795790
38.000,25.300,1236.0000,-1.504523
38.000,25.300,1237.0000,1.582503
38.000,25.300,1238.0000,2.979763
38.000,25.300,1239.0000,2.539769
38.000,25.300,1240.0000,0.043692
38.000,25.300,1241.0000,-10.323309
38.000,25.300,1242.0000,6.861901
38.000,25.300,1243.0000,-7.494137
38.000,25.300,1244.0000,8.877174
38.000,25.300,1245.0000,8.618608
38.000,25.300,1246.0000,4.517545
38.000,25.300,1247.0000,-0.637070
38.000,25.300,1248.0000,-4.820595
38.000,25.300,1249.0000,8.399744
38.000,25.300,1250.0000,-0.984349
38.000,25.300,1251.0000,0.897147
38.000,25.300,1252.0000,6.990036
38.000,25.300,1253.0000,-1.778775
38.000,25.300,1254.0000,-3.035021
38.000,25.300,1255.0000,9.252224
38.000,25.300,1256.0000,2.202685
38.000,25.300,1257.0000,-6.968216
38.000,25.300,1258.0000,4.630113
38.000,25.300,1259.0000,5.121997
38.000,25.300,1260.0000,3.090143
38.000,25.300,1261.0000,-3.070278
38.000,25.300,1262.0000,8.684900
38.000,25.300,1263.0000,-5.688093
38.000,25.300,1264.0000,-3.588450
38.000,25.300,1265.0000,-4.850863
38.000,25.300,1266.0000,-12.642066
38.000,25.300,1267.0000,0.097671
38.000,25.300,1268.0000,-3.786944
38.000,25.300,1269.0000,6.191637
38.000,25.300,1270.0000,-5.239917
38.000,25.300,1271.0000,10.334911
38.000,25.300,1272.0000,2.155500
38.000,25.300,1273.0000,9.855497
38.000,25.300,1274.0000,6.623173
38.000,25.300,1275.0000,-3.528577
38.000,25.300,1276.0000,-3.986350
38.000,25.300,1277.0000,6.395134
38.000,25.300,1278.0000,1.723561
38.000,25.300,1279.0000,4.823006
38.000,25.300,1280.0000,8.720500
38.000,25.300,1281.0000,-1.158107
38.000,25.300,1282.0000,-1.765270
38.000,25.300,1283.0000,0.889511
38.000,25.300,1284.0000,5.795975
38.000,25.300,1285.0000,0.289831
38.000,25.300,1286.0000,-6.575665
38.000,25.300,1287.0000,-1.047838
38.000,25.300,1288.0000,-2.256621
38.000,25.300,1289.0000,-3.001903
38.000,25.300,1290.0000,-2.676900
38.000,25.300,1291.0000,2.229928
38.000,25.300,1292.0000,7.278264
38.000,25.300,1293.0000,-5.058734
38.000,25.300,1294.0000,-3.189021
38.000,25.300,1295.0000,-6.268228
38.000,25.300,1296.0000,-4.674053
38.000,25.300,1297.0000,-0.729410
38.000,25.300,1298.0000,-1.476132
38.000,25.300,1299.0000,-2.100866
38.000,25.300,1300.0000,-5.118600
38.000,25.300,1301.0000,-0.886649
38.000,25.300,1302.0000,-11.381276
38.000,25.300,1303.0000,0.576614
38.000,25.300,1304.0000,8.447743
38.000,25.300,1305.0000,6.195151
38.000,25.300,1306.0000,6.065197
38.000,25.300,1307.0000,9.097904
38.000,25.300,1308.0000,8.659388
38.000,25.300,1309.0000,-5.235773
38.000,25.300,1310.0000,4.469939
38.000,25.300,1311.0000,-8.764984
38.000,25.300,1312.0000,6.923312
38.000,25.300,1313.0000,16.121201
38.000,25.300,1314.0000,1.463099
38.000,25.300,1315.0000,-8.647242
38.000,25.300,1316.0000,3.182321
38.000,25.300,1317.0000,0.371517
38.000,25.300,1318.0000,-7.771604
38.000,25.300,1319.0000,3.250766
38.000,25.300,1320.0000,8.836039
38.000,25.300,1321.0000,5.002610
38.000,25.300,1322.0000,-0.254611
38.000,25.300,1323.0000,4.965910
38.000,25.300,1324.0000,0.552302
38.000,25.300,1325.0000,4.016479
38.000,25.300,1326.0000,1.351261
38.000,25.300,1327.0000,-1.899777
38.000,25.300,1328.0000,8.818545
38.000,25.300,1329.0000,6.597020
38.000,25.300,1330.0000,12.117348
38.000,25.300,1331.0000,15.717937
38.000,25.300,1332.0000,4.314057
38.000,25.300,1333.0000,9.328828
38.000,25.300,1334.0000,-8.890886
38.000,25.300,1335.0000,-2.899303
38.000,25.300,1336.0000,10.855768
38.000,25.300,1337.0000,-2.924948
38.000,25.300,1338.0000,7.178405
38.000,25.300,1339.0000,10.037748
38.000,25.300,1340.0000,-15.264710
38.000,25.300,1341.0000,11.964324
38.000,25.300,1342.0000,-3.658529
38.000,25.300,1343.0000,7.824536
38.000,25.300,1344.0000,-5.066074
38.000,25.300,1345.0000,-3.467528
38.000,25.300,1346.0000,1.729393
38.000,25.300,1347.0000,-6.281375
38.000,25.300,1348.0000,7.965479
38.000,25.300,1349.0000,5.504083
38.000,25.300,1350.0000,12.367489
38.000,25.300,1351.0000,0.948291
38.000,25.300,1352.0000,-5.487147
38.000,25.300,1353.0000,12.495980
38.000,25.300,1354.0000,-0.381725
38.000,25.300,1355.0000,2.136305
38.000,25.300,1356.0000,4.189061
38.000,25.300,1357.0000,2.500125
38.000,25.300,1358.0000,-3.062221
38.000,25.300,1359.0000,4.760574
38.000,25.300,1360.0000,2.218161
38.000,25.300,1361.0000,6.094474
38.000,25.300,1362.0000,5.499344
38.000,25.300,1363.0000,1.355814
38.000,25.300,1364.0000,-4.484185
38.000,25.300,1365.0000,5.455653
38.000,25.300,1366.0000,-12.792855
38.000,25.300,1367.0000,-4.673519
38.000,25.300,1368.0000,-6.750499
38.000,25.300,1369.0000,4.013637
38.000,25.300,1370.0000,1.020063
38.000,25.300,1371.0000,0.284874
38.000,25.300,1372.0000,-7.156241
38.000,25.300,1373.0000,7.340287
38.000,25.300,1374.0000,12.847145
38.000,25.300,1375.0000,4.978162
38.000,25.300,1376.0000,-1.746455
38.000,25.300,1377.0000,8.134678
38.000,25.300,1378.0000,-0.716662
38.000,25.300,1379.0000,4.306166
38.000,25.300,1380.0000,-10.577311
38.000,25.300,1381.0000,6.184415
38.000,25.300,1382.0000,2.806286
38.000,25.300,1383.0000,1.879541
38.000,25.300,1384.0000,-4.147740
38.000,25.300,1385.0000,5.996705
38.000,25.300,1386.0000,0.943863
38.000,25.300,1387.0000,4.775456
38.000,25.300,1388.0000,4.259041
38.000,25.300,1389.0000,3.496348
38.000,25.300,1390.0000,1.400512
38.000,25.300,1391.0000,8.657632
38.000,25.300,1392.0000,-9.533765
38.000,25.300,1393.0000,13.766080
38.000,25.300,1394.0000,-0.328983
38.000,25.300,1395.0000,-8.738636
38.000,25.300,1396.0000,0.051337
38.000,25.300,1397.0000,5.985746
38.000,25.300,1398.0000,-5.018626
38.000,25.300,1399.0000,-3.807131
38.000,25.300,1400.0000,-5.112875
38.000,25.300,1401.0000,0.121189
38.000,25.300,1402.0000,10.701165
38.000,25.300,1403.0000,18.564369
38.000,25.300,1404.0000,-2.045975
38.000,25.300,1405.0000,12.739000
38.000,25.300,1406.0000,3.685839
38.000,25.300,1407.0000,18.573552
38.000,25.300,1408.0000,2.040928
38.000,25.300,1409.0000,16.352607
38.000,25.300,1410.0000,8.628421
38.000,25.300,1411.0000,12.606963
38.000,25.300,1412.0000,4.207080
38.000,25.300,1413.0000,8.239442
38.000,25.300,1414.0000,15.746109
38.000,25.300,1415.0000,5.146055
38.000,25.300,1416.0000,11.270701
38.000,25.300,1417.0000,19.638495
38.000,25.300,1418.0000,2.666028
38.000,25.300,1419.0000,9.825819
38.000,25.300,1420.0000,18.886000
38.000,25.300,1421.0000,13.178809
38.000,25.300,1422.0000,18.716968
38.000,25.300,1423.0000,12.715597
38.000,25.300,1424.0000,13.363089
38.000,25.300,1425.0000,16.565735
38.000,25.300,1426.0000,28.744290
38.000,25.300,1427.0000,26.460875
38.000,25.300,1428.0000,20.034299
38.000,25.300,1429.0000,29.486646
38.000,25.300,1430.0000,35.997957
38.000,25.300,1431.0000,29.065932
38.000,25.300,1432.0000,31.141810
38.000,25.300,1433.0000,35.835375
38.000,25.300,1434.0000,33.926673
38.000,25.300,1435.0000,39.554526
38.000,25.300,1436.0000,51.208807
38.000,25.300,1437.0000,60.111396
38.000,25.300,1438.0000,65.993144
38.000,25.300,1439.0000,62.518608
38.000,25.300,1440.0000,90.046300
38.000,25.300,1441.0000,102.934480
38.000,25.300,1442.0000,117.943446
38.000,25.300,1443.0000,143.224140
38.000,25.300,1444.0000,147.656764
38.000,25.300,1445.0000,184.513772
38.000,25.300,1446.0000,205.386145
38.000,25.300,1447.0000,226.034053
38.000,25.300,1448.0000,250.868667
38.000,25.300,1449.0000,267.779702
38.000,25.300,1450.0000,260.234431
38.000,25.300,1451.0000,267.972987
38.000,25.300,1452.0000,237.812553
38.000,25.300,1453.0000,224.874750
38.000,25.300,1454.0000,203.884901
38.000,25.300,1455.0000,171.281508
38.000,25.300,1456.0000,168.413017
38.000,25.300,1457.0000,131.436702
38.000,25.300,1458.0000,116.375378
38.000,25.300,1459.0000,99.334777
38.000,25.300,1460.0000,90.897904
38.000,25.300,1461.0000,80.506443
38.000,25.300,1462.0000,73.373940
38.000,25.300,1463.0000,50.156220
38.000,25.300,1464.0000,62.427833
38.000,25.300,1465.0000,40.762602
38.000,25.300,1466.0000,40.462762
38.000,25.300,1467.0000,33.919354
38.000,25.300,1468.0000,37.424523
38.000,25.300,1469.0000,38.975831
38.000,25.300,1470.0000,36.865583
38.000,25.300,1471.0000,31.032478
38.000,25.300,1472.0000,34.550360
38.000,25.300,1473.0000,28.865976
38.000,25.300,1474.0000,28.794950
38.000,25.300,1475.0000,20.140063
38.000,25.300,1476.0000,27.240142
38.000,25.300,1477.0000,20.274598
38.000,25.300,1478.0000,16.451823
38.000,25.300,1479.0000,16.950407
38.000,25.300,1480.0000,8.220768
38.000,25.300,1481.0000,28.142462
38.000,25.300,1482.0000,19.287388
38.000,25.300,1483.0000,19.199720
38.000,25.300,1484.0000,5.092353
38.000,25.300,1485.0000,12.962616
38.000,25.300,1486.0000,5.330208
38.000,25.300,1487.0000,17.429416
38.000,25.300,1488.0000,18.846564
38.000,25.300,1489.0000,22.931196
38.000,25.300,1490.0000,14.368558
38.000,25.300,1491.0000,15.953506
38.000,25.300,1492.0000,13.572221
38.000,25.300,1493.0000,10.364444
38.000,25.300,1494.0000,8.617141
38.000,25.300,1495.0000,12.876683
38.000,25.300,1496.0000,4.889916
38.000,25.300,1497.0000,6.056520
38.000,25.300,1498.0000,4.978891
38.000,25.300,1499.0000,9.838204
38.000,25.300,1500.0000,8.327702
38.000,25.300,1501.0000,1.519384
38.000,25.300,1502.0000,0.723012
38.000,25.300,1503.0000,-2.024415
38.000,25.300,1504.0000,1.655243
38.000,25.300,1505.0000,4.232867
38.000,25.300,1506.0000,1.185425
38.000,25.300,1507.0000,5.118839
38.000,25.300,1508.0000,1.985009
38.000,25.300,1509.0000,9.007107
38.000,25.300,1510.0000,13.013828
38.000,25.300,1511.0000,-2.881780
38.000,25.300,1512.0000,6.966273
38.000,25.300,1513.0000,8.317775
38.000,25.300,1514.0000,15.591739
38.000,25.300,1515.0000,-0.012879
38.000,25.300,1516.0000,6.174460
38.000,25.300,1517.0000,-2.749285
38.000,25.300,1518.0000,9.683544
38.000,25.300,1519.0000,6.624666
38.000,25.300,1520.0000,16.069797
38.000,25.300,1521.0000,6.545881
38.000,25.300,1522.0000,11.440858
38.000,25.300,1523.0000,9.009580
38.000,25.300,1524.0000,-8.356624
38.000,25.300,1525.0000,8.216360
38.000,25.300,1526.0000,15.052862
38.000,25.300,1527.0000,7.389316
38.000,25.300,1528.0000,9.869456
38.000,25.300,1529.0000,12.103293
38.000,25.300,1530.0000,9.077946
38.000,25.300,1531.0000,10.767008
38.000,25.300,1532.0000,10.685465
38.000,25.300,1533.0000,2.133151
38.000,25.300,1534.0000,-0.440928
38.000,25.300,1535.0000,9.079487
38.000,25.300,1536.0000,11.649559
38.000,25.300,1537.0000,9.030005
38.000,25.300,1538.0000,14.856108
38.000,25.300,1539.0000,16.361454
38.000,25.300,1540.0000,5.751938
38.000,25.300,1541.0000,16.820463
38.000,25.300,1542.0000,16.008493
38.000,25.300,1543.0000,16.705121
38.000,25.300,1544.0000,12.195258
38.000,25.300,1545.0000,7.284392
38.000,25.300,1546.0000,0.595203
38.000,25.300,1547.0000,6.696914
38.000,25.300,1548.0000,8.676169
38.000,25.300,1549.0000,11.407222
38.000,25.300,1550.0000,11.442017
38.000,25.300,1551.0000,13.208661
38.000,25.300,1552.0000,8.082151
38.000,25.300,1553.0000,17.372035
38.000,25.300,1554.0000,15.479948
38.000,25.300,1555.0000,9.032946
38.000,25.300,1556.0000,15.129259
38.000,25.300,1557.0000,15.566768
38.000,25.300,1558.0000,14.980503
38.000,25.300,1559.0000,21.613468
38.000,25.300,1560.0000,15.646064
38.000,25.300,1561.0000,21.558484
38.000,25.300,1562.0000,19.081658
38.000,25.300,1563.0000,23.237599
38.000,25.300,1564.0000,24.670132
38.000,25.300,1565.0000,30.447394
38.000,25.300,1566.0000,37.298524
38.000,25.300,1567.0000,30.179971
38.000,25.300,1568.0000,39.325115
38.000,25.300,1569.0000,33.780304
38.000,25.300,1570.0000,36.163039
38.000,25.300,1571.0000,61.119175
38.000,25.300,1572.0000,59.172130
38.000,25.300,1573.0000,57.461712
38.000,25.300,1574.0000,71.147833
38.000,25.300,1575.0000,74.991857
38.000,25.300,1576.0000,99.354537
38.000,25.300,1577.0000,130.642864
38.000,25.300,1578.0000,147.754729
38.000,25.300,1579.0000,171.966943
38.000,25.300,1580.0000,194.611496
38.000,25.300,1581.0000,238.854907
38.000,25.300,1582.0000,260.430755
38.000,25.300,1583.0000,276.652818
38.000,25.300,1584.0000,271.667346
38.000,25.300,1585.0000,250.259176
38.000,25.300,1586.0000,219.585215
38.000,25.300,1587.0000,203.422408
38.000,25.300,1588.0000,189.774904
38.000,25.300,1589.0000,161.097322
38.000,25.300,1590.0000,148.876929
38.000,25.300,1591.0000,155.578993
38.000,25.300,1592.0000,158.697648
38.000,25.300,1593.0000,188.264695
38.000,25.300,1594.0000,187.605483
38.000,25.300,1595.0000,229.721218
38.000,25.300,1596.0000,273.961024
38.000,25.300,1597.0000,319.343264
38.000,25.300,1598.0000,414.511830
38.000,25.300,1599.0000,504.761180
38.000,25.300,1600.0000,620.341776
38.000,25.300,1601.0000,733.131173
38.000,25.300,1602.0000,765.005339
38.000,25.300,1603.0000,738.310720
38.000,25.300,1604.0000,622.105865
38.000,25.300,1605.0000,495.864765
38.000,25.300,1606.0000,385.766205
38.000,25.300,1607.0000,313.844898
38.000,25.300,1608.0000,245.406944
38.000,25.300,1609.0000,194.712349
38.000,25.300,1610.0000,167.346578
38.000,25.300,1611.0000,133.466320
38.000,25.300,1612.0000,108.758298
38.000,25.300,1613.0000,90.346237
38.000,25.300,1614.0000,77.416072
38.000,25.300,1615.0000,71.191165
38.000,25.300,1616.0000,57.465936
38.000,25.300,1617.0000,63.970069
38.000,25.300,1618.0000,52.888681
38.000,25.300,1619.0000,58.805780
38.000,25.300,1620.0000,41.222753
38.000,25.300,1621.0000,41.220305
38.000,25.300,1622.0000,27.881582
38.000,25.300,1623.0000,24.036923
38.000,25.300,1624.0000,25.326510
38.000,25.300,1625.0000,35.038584
38.000,25.300,1626.0000,29.754235
38.000,25.300,1627.0000,18.002055
38.000,25.300,1628.0000,17.353043
38.000,25.300,1629.0000,28.367050
38.000,25.300,1630.0000,12.437647
38.000,25.300,1631.0000,6.679827
38.000,25.300,1632.0000,19.568712
38.000,25.300,1633.0000,16.111462
38.000,25.300,1634.0000,24.367751
38.000,25.300,1635.0000,17.787904
38.000,25.300,1636.0000,21.047803
38.000,25.300,1637.0000,10.920054
38.000,25.300,1638.0000,8.981218
38.000,25.300,1639.0000,0.940552
38.000,25.300,1640.0000,16.126311
38.000,25.300,1641.0000,-1.070687
38.000,25.300,1642.0000,5.910122
38.000,25.300,1643.0000,9.876351
38.000,25.300,1644.0000,2.637615
38.000,25.300,1645.0000,5.674915
38.000,25.300,1646.0000,5.201952
38.000,25.300,1647.0000,7.905901
38.000,25.300,1648.0000,20.126074
38.000,25.300,1649.0000,2.335959
38.000,25.300,1650.0000,11.423881
38.000,25.300,1651.0000,5.749548
38.000,25.300,1652.0000,14.321080
38.000,25.300,1653.0000,2.160332
38.000,25.300,1654.0000,6.276327
38.000,25.300,1655.0000,-6.997595
38.000,25.300,1656.0000,4.130377
38.000,25.300,1657.0000,3.483598
38.000,25.300,1658.0000,5.866919
38.000,25.300,1659.0000,-3.365945
38.000,25.300,1660.0000,13.184063
38.000,25.300,1661.0000,6.597139
38.000,25.300,1662.0000,9.942366
38.000,25.300,1663.0000,10.417605
38.000,25.300,1664.0000,6.679747
38.000,25.300,1665.0000,6.344778
38.000,25.300,1666.0000,4.059281
38.000,25.300,1667.0000,4.209197
38.000,25.300,1668.0000,2.828813
38.000,25.300,1669.0000,16.433211
38.000,25.300,1670.0000,5.436218
38.000,25.300,1671.0000,4.940102
38.000,25.300,1672.0000,-1.244851
38.000,25.300,1673.0000,28.094994
38.000,25.300,1674.0000,-8.195372
38.000,25.300,1675.0000,-7.864742
38.000,25.300,1676.0000,-6.414469
38.000,25.300,1677.0000,3.417320
38.000,25.300,1678.0000,7.723976
38.000,25.300,1679.0000,-0.952203
38.000,25.300,1680.0000,5.250974
38.000,25.300,1681.0000,-6.492760
38.000,25.300,1682.0000,1.020794
38.000,25.300,1683.0000,0.806424
38.000,25.300,1684.0000,-2.946986
38.000,25.300,1685.0000,0.575771
38.000,25.300,1686.0000,0.068742
38.000,25.300,1687.0000,-1.904531
38.000,25.300,1688.0000,-4.202444
38.000,25.300,1689.0000,-2.638103
38.000,25.300,1690.0000,4.456854
38.000,25.300,1691.0000,0.831166
38.000,25.300,1692.0000,3.320903
38.000,25.300,1693.0000,3.258709
38.000,25.300,1694.0000,-6.196942
38.000,25.300,1695.0000,9.985394
38.000,25.300,1696.0000,4.252770
38.000,25.300,1697.0000,-2.960921
38.000,25.300,1698.0000,-12.352371
38.000,25.300,1699.0000,-10.182116
38.000,25.300,1700.0000,1.389823
38.000,25.300,1701.0000,6.891943
38.000,25.300,1702.0000,2.855396
38.000,25.300,1703.0000,4.323774
38.000,25.300,1704.0000,6.382260
38.000,25.300,1705.0000,-1.031742
38.000,25.300,1706.0000,3.846808
38.000,25.300,1707.0000,-5.089970
38.000,25.300,1708.0000,-1.132804
38.000,25.300,1709.0000,9.507918
38.000,25.300,1710.0000,7.834940
38.000,25.300,1711.0000,12.392514
38.000,25.300,1712.0000,2.383224
38.000,25.300,1713.0000,0.299368
38.000,25.300,1714.0000,-2.696398
38.000,25.300,1715.0000,-6.343886
38.000,25.300,1716.0000,8.746471
38.000,25.300,1717.0000,-2.272147
38.000,25.300,1718.0000,12.622296
38.000,25.300,1719.0000,6.745451
38.000,25.300,1720.0000,-2.231657
38.000,25.300,1721.0000,13.914072
38.000,25.300,1722.0000,5.014711
38.000,25.300,1723.0000,8.016939
38.000,25.300,1724.0000,2.051905
38.000,25.300,1725.0000,8.688630
38.000,25.300,1726.0000,-2.746385
38.000,25.300,1727.0000,-8.288146
38.000,25.300,1728.0000,6.658167
38.000,25.300,1729.0000,4.648974
38.000,25.300,1730.0000,-5.926980
38.000,25.300,1731.0000,-8.392385
38.000,25.300,1732.0000,1.893986
38.000,25.300,1733.0000,0.605299
38.000,25.300,1734.0000,2.093213
38.000,25.300,1735.0000,-1.635165
38.000,25.300,1736.0000,3.434880
38.000,25.300,1737.0000,-7.894153
38.000,25.300,1738.0000,-1.647443
38.000,25.300,1739.0000,-1.151718
38.000,25.300,1740.0000,4.971482
38.000,25.300,1741.0000,-12.931770
38.000,25.300,1742.0000,-1.345232
38.000,25.300,1743.0000,1.780999
38.000,25.300,1744.0000,8.750113
38.000,25.300,1745.0000,-0.383669
38.000,25.300,1746.0000,5.413464
38.000,25.300,1747.0000,-8.021047
38.000,25.300,1748.0000,10.267927
38.000,25.300,1749.0000,-4.550632
38.000,25.300,1750.0000,1.548199
38.000,25.300,1751.0000,7.118285
38.000,25.300,1752.0000,-2.165850
38.000,25.300,1753.0000,0.482388
38.000,25.300,1754.0000,-0.980642
38.000,25.300,1755.0000,-3.466919
38.000,25.300,1756.0000,-5.955490
38.000,25.300,1757.0000,-6.258563
38.000,25.300,1758.0000,-2.398750
38.000,25.300,1759.0000,-13.940036
38.000,25.300,1760.0000,-0.666867
38.000,25.300,1761.0000,1.682021
38.000,25.300,1762.0000,1.595757
38.000,25.300,1763.0000,-9.729581
38.000,25.300,1764.0000,11.268557
38.000,25.300,1765.0000,-5.926256
38.000,25.300,1766.0000,10.054272
38.000,25.300,1767.0000,4.171167
38.000,25.300,1768.0000,12.288277
38.000,25.300,1769.0000,4.516383
38.000,25.300,1770.0000,2.493787
38.000,25.300,1771.0000,-1.714785
38.000,25.300,1772.0000,14.397784
38.000,25.300,1773.0000,5.293655
38.000,25.300,1774.0000,10.106639
38.000,25.300,1775.0000,1.810033
38.000,25.300,1776.0000,4.304190
38.000,25.300,1777.0000,3.647571
38.000,25.300,1778.0000,2.811608
38.000,25.300,1779.0000,6.225088
38.000,25.300,1780.0000,-4.298166
38.000,25.300,1781.0000,-0.653221
38.000,25.300,1782.0000,-3.325795
38.000,25.300,1783.0000,9.540689
38.000,25.300,1784.0000,2.983538
38.000,25.300,1785.0000,-0.377123
38.000,25.300,1786.0000,3.641637
38.000,25.300,1787.0000,3.115731
38.000,25.300,1788.0000,-4.445069
38.000,25.300,1789.0000,-9.485990
38.000,25.300,1790.0000,0.653136
38.000,25.300,1791.0000,-2.582247
38.000,25.300,1792.0000,0.739365
38.000,25.300,1793.0000,1.268916
38.000,25.300,1794.0000,4.560947
38.000,25.300,1795.0000,-5.940479
38.000,25.300,1796.0000,5.597024
38.000,25.300,1797.0000,-7.504723
38.000,25.300,1798.0000,9.659803
38.000,25.300,1799.0000,-5.378582
38.000,25.300,1800.0000,6.159456
38.000,25.300,1801.0000,9.002158
38.000,25.300,1802.0000,-4.530774
38.000,25.300,1803.0000,-0.806267
38.000,25.300,1804.0000,-4.234257
38.000,25.300,1805.0000,-0.894050
38.000,25.300,1806.0000,5.338809
38.000,25.300,1807.0000,-12.944766
38.000,25.300,1808.0000,-7.542928
38.000,25.300,1809.0000,3.714399
38.000,25.300,1810.0000,3.388217
38.000,25.300,1811.0000,8.638522
38.000,25.300,1812.0000,0.760508
38.000,25.300,1813.0000,0.778165
38.000,25.300,1814.0000,-0.590973
38.000,25.300,1815.0000,3.387677
38.000,25.300,1816.0000,-2.822422
38.000,25.300,1817.0000,-1.300850
38.000,25.300,1818.0000,-3.172926
38.000,25.300,1819.0000,-0.620026
38.000,25.300,1820.0000,8.409867
38.000,25.300,1821.0000,-1.858557
38.000,25.300,1822.0000,-7.225325
38.000,25.300,1823.0000,-7.507140
38.000,25.300,1824.0000,12.651186
38.000,25.300,1825.0000,-7.119660
38.000,25.300,1826.0000,1.473471
38.000,25.300,1827.0000,-9.202946
38.000,25.300,1828.0000,6.166442
38.000,25.300,1829.0000,-0.690474
38.000,25.300,1830.0000,-11.243124
38.000,25.300,1831.0000,-1.469381
38.000,25.300,1832.0000,5.514830
38.000,25.300,1833.0000,2.571276
38.000,25.300,1834.0000,-2.450297
38.000,25.300,1835.0000,-4.832100
38.000,25.300,1836.0000,5.999182
38.000,25.300,1837.0000,-1.749890
38.000,25.300,1838.0000,7.837985
38.000,25.300,1839.0000,5.885136
38.000,25.300,1840.0000,11.685622
38.000,25.300,1841.0000,-9.561579
38.000,25.300,1842.0000,3.755414
38.000,25.300,1843.0000,-1.906304
38.000,25.300,1844.0000,-7.560851
38.000,25.300,1845.0000,10.972807
38.000,25.300,1846.0000,5.991054
38.000,25.300,1847.0000,-1.483049
38.000,25.300,1848.0000,6.765516
38.000,25.300,1849.0000,-5.003807
38.000,25.300,1850.0000,11.651492
38.000,25.300,1851.0000,1.106789
38.000,25.300,1852.0000,1.011036
38.000,25.300,1853.0000,-13.841188
38.000,25.300,1854.0000,3.529528
38.000,25.300,1855.0000,5.096696
38.000,25.300,1856.0000,1.310387
38.000,25.300,1857.0000,-7.221117
38.000,25.300,1858.0000,8.010394
38.000,25.300,1859.0000,-7.734606
38.000,25.300,1860.0000,3.707635
38.000,25.300,1861.0000,-9.323821
38.000,25.300,1862.0000,-3.575856
38.000,25.300,1863.0000,5.498167
38.000,25.300,1864.0000,-12.613486
38.000,25.300,1865.0000,4.286171
38.000,25.300,1866.0000,13.309990
38.000,25.300,1867.0000,0.111872
38.000,25.300,1868.0000,-10.397009
38.000,25.300,1869.0000,0.901106
38.000,25.300,1870.0000,8.138388
38.000,25.300,1871.0000,5.804024
38.000,25.300,1872.0000,-3.450352
38.000,25.300,1873.0000,1.831201
38.000,25.300,1874.0000,-5.437037
38.000,25.300,1875.0000,-11.565992
38.000,25.300,1876.0000,8.336227
38.000,25.300,1877.0000,-12.639703
38.000,25.300,1878.0000,-6.638904
38.000,25.300,1879.0000,11.224848
38.000,25.300,1880.0000,5.113177
38.000,25.300,1881.0000,10.257137
38.000,25.300,1882.0000,0.424447
38.000,25.300,1883.0000,-0.422562
38.000,25.300,1884.0000,-8.972889
38.000,25.300,1885.0000,12.598613
38.000,25.300,1886.0000,5.315017
38.000,25.300,1887.0000,-10.721164
38.000,25.300,1888.0000,12.807985
38.000,25.300,1889.0000,-1.962719
38.000,25.300,1890.0000,-5.305430
38.000,25.300,1891.0000,-1.189173
38.000,25.300,1892.0000,-3.958581
38.000,25.300,1893.0000,-0.908195
38.000,25.300,1894.0000,-0.198248
38.000,25.300,1895.0000,0.638277
38.000,25.300,1896.0000,-2.392834
38.000,25.300,1897.0000,2.366407
38.000,25.300,1898.0000,6.697839
38.000,25.300,1899.0000,4.127798
38.000,25.300,1900.0000,-3.282473
38.000,25.300,1901.0000,0.260543
38.000,25.300,1902.0000,3.935066
38.000,25.300,1903.0000,4.458232
38.000,25.300,1904.0000,-6.592411
38.000,25.300,1905.0000,6.082795
38.000,25.300,1906.0000,2.639354
38.000,25.300,1907.0000,7.351585
38.000,25.300,1908.0000,-8.412850
38.000,25.300,1909.0000,8.697437
38.000,25.300,1910.0000,10.383079
38.000,25.300,1911.0000,-4.690431
38.000,25.300,1912.0000,-2.571760
38.000,25.300,1913.0000,-7.805823
38.000,25.300,1914.0000,-4.467664
38.000,25.300,1915.0000,3.876514
38.000,25.300,1916.0000,0.672041
38.000,25.300,1917.0000,5.317410
38.000,25.300,1918.0000,18.290232
38.000,25.300,1919.0000,-4.791516
38.000,25.300,1920.0000,-0.958973
38.000,25.300,1921.0000,5.395985
38.000,25.300,1922.0000,-7.857033
38.000,25.300,1923.0000,11.259325
38.000,25.300,1924.0000,4.180579
38.000,25.300,1925.0000,0.616780
38.000,25.300,1926.0000,2.988324
38.000,25.300,1927.0000,2.839408
38.000,25.300,1928.0000,1.413049
38.000,25.300,1929.0000,-2.497926
38.000,25.300,1930.0000,6.731057
38.000,25.300,1931.0000,-5.799536
38.000,25.300,1932.0000,4.212981
38.000,25.300,1933.0000,-5.655494
38.000,25.300,1934.0000,3.462857
38.000,25.300,1935.0000,-12.808617
38.000,25.300,1936.0000,2.228991
38.000,25.300,1937.0000,0.736430
38.000,25.300,1938.0000,-7.296346
38.000,25.300,1939.0000,-6.175759
38.000,25.300,1940.0000,-1.887575
38.000,25.300,1941.0000,5.022327
38.000,25.300,1942.0000,-10.746105
38.000,25.300,1943.0000,5.761585
38.000,25.300,1944.0000,4.966877
38.000,25.300,1945.0000,-10.822827
38.000,25.300,1946.0000,2.614459
38.000,25.300,1947.0000,-0.956787
38.000,25.300,1948.0000,0.895816
38.000,25.300,1949.0000,17.837973
38.000,25.300,1950.0000,6.876303
38.000,25.300,1951.0000,-12.880907
38.000,25.300,1952.0000,-6.131782
38.000,25.300,1953.0000,6.620760
38.000,25.300,1954.0000,5.453525
38.000,25.300,1955.0000,4.772189
38.000,25.300,1956.0000,2.292835
38.000,25.300,1957.0000,6.263048
38.000,25.300,1958.0000,-5.103162
38.000,25.300,1959.0000,-10.659065
38.000,25.300,1960.0000,-1.873860
38.000,25.300,1961.0000,2.329969
38.000,25.300,1962.0000,-2.453236
38.000,25.300,1963.0000,-1.666255
38.000,25.300,1964.0000,1.711793
38.000,25.300,1965.0000,-2.422478
38.000,25.300,1966.0000,-2.653494
38.000,25.300,1967.0000,-1.130949
38.000,25.300,1968.0000,-0.399318
38.000,25.300,1969.0000,5.435614
38.000,25.300,1970.0000,-15.016267
38.000,25.300,1971.0000,-1.137838
38.000,25.300,1972.0000,-4.231260
38.000,25.300,1973.0000,-5.150574
38.000,25.300,1974.0000,-0.164318
38.000,25.300,1975.0000,-6.476044
38.000,25.300,1976.0000,-0.214685
38.000,25.300,1977.0000,7.276910
38.000,25.300,1978.0000,0.144617
38.000,25.300,1979.0000,-0.655006
38.000,25.300,1980.0000,1.035114
38.000,25.300,1981.0000,-0.934660
38.000,25.300,1982.0000,5.404193
38.000,25.300,1983.0000,-2.376501
38.000,25.300,1984.0000,7.866185
38.000,25.300,1985.0000,6.470770
38.000,25.300,1986.0000,12.412395
38.000,25.300,1987.0000,-10.184522
38.000,25.300,1988.0000,-4.842051
38.000,25.300,1989.0000,-4.600143
38.000,25.300,1990.0000,0.326732
38.000,25.300,1991.0000,-0.376370
38.000,25.300,1992.0000,10.770170
38.000,25.300,1993.0000,5.577340
38.000,25.300,1994.0000,4.839742
38.000,25.300,1995.0000,-6.215159
38.000,25.300,1996.0000,6.756071
38.000,25.300,1997.0000,3.875708
38.000,25.300,1998.0000,1.656946
38.000,25.300,1999.0000,5.364189
38.000,25.300,2000.0000,-5.663045
38.000,25.400,200.0000,2.858024
38.000,25.400,201.0000,0.948707
38.000,25.400,202.0000,-4.125799
38.000,25.400,203.0000,1.596528
38.000,25.400,204.0000,21.534984
38.000,25.400,205.0000,-8.341092
38.000,25.400,206.0000,6.331726
38.000,25.400,207.0000,0.501042
38.000,25.400,208.0000,3.536929
38.000,25.400,209.0000,7.896985
38.000,25.400,210.0000,1.207692
38.000,25.400,211.0000,-0.447463
38.000,25.400,212.0000,7.452026
38.000,25.400,213.0000,-1.335526
38.000,25.400,214.0000,-6.182762
38.000,25.400,215.0000,6.860103
38.000,25.400,216.0000,-1.621965
38.000,25.400,217.0000,10.375884
38.000,25.400,218.0000,5.950543
38.000,25.400,219.0000,6.620332
38.000,25.400,220.0000,-0.758945
38.000,25.400,221.0000,-4.415573
38.000,25.400,222.0000,2.430628
38.000,25.400,223.0000,1.111178
38.000,25.400,224.0000,3.987343
38.000,25.400,225.0000,1.342529
38.000,25.400,226.0000,1.795536
38.000,25.400,227.0000,4.331034
38.000,25.400,228.0000,-1.489811
38.000,25.400,229.0000,-3.256349
38.000,25.400,230.0000,0.380730
38.000,25.400,231.0000,2.968107
38.000,25.400,232.0000,0.673428
38.000,25.400,233.0000,9.266389
38.000,25.400,234.0000,-9.696640
38.000,25.400,235.0000,-3.777597
38.000,25.400,236.0000,5.792376
38.000,25.400,237.0000,-5.194635
38.000,25.400,238.0000,12.777000
38.000,25.400,239.0000,4.280498
38.000,25.400,240.0000,-2.490669
38.000,25.400,241.0000,1.276979
38.000,25.400,242.0000,-2.348812
38.000,25.400,243.0000,5.926778
38.000,25.400,244.0000,1.572145
38.000,25.400,245.0000,-7.836964
38.000,25.400,246.0000,4.014098
38.000,25.400,247.0000,2.004135
38.000,25.400,248.0000,2.754411
38.000,25.400,249.0000,2.291741
38.000,25.400,250.0000,7.833816
38.000,25.400,251.0000,7.892232
38.000,25.400,252.0000,-5.487225
38.000,25.400,253.0000,0.045184
38.000,25.400,254.0000,5.663090
38.000,25.400,255.0000,-9.071947
38.000,25.400,256.0000,3.884471
38.000,25.400,257.0000,1.547430
38.000,25.400,258.0000,-6.529272
38.000,25.400,259.0000,4.416168
38.000,25.400,260.0000,6.529372
38.000,25.400,261.0000,-1.084011
38.000,25.400,262.0000,-1.045359
38.000,25.400,263.0000,5.748688
38.000,25.400,264.0000,-3.447872
38.000,25.400,265.0000,2.143641
38.000,25.400,266.0000,-8.358118
38.000,25.400,267.0000,-3.641535
38.000,25.400,268.0000,-4.855672
38.000,25.400,269.0000,2.518873
38.000,25.400,270.0000,-2.390567
38.000,25.400,271.0000,-1.616758
38.000,25.400,272.0000,-2.579250
38.000,25.400,273.0000,-7.468355
38.000,25.400,274.0000,-5.359312
38.000,25.400,275.0000,11.652884
38.000,25.400,276.0000,-4.839466
38.000,25.400,277.0000,0.794161
38.000,25.400,278.0000,-14.671758
38.000,25.400,279.0000,3.217238
38.000,25.400,280.0000,10.084140
38.000,25.400,281.0000,-2.168688
38.000,25.400,282.0000,9.891495
38.000,25.400,283.0000,7.933172
38.000,25.400,284.0000,-0.020385
38.000,25.400,285.0000,-5.944130
38.000,25.400,286.0000,-1.559919
38.000,25.400,287.0000,0.082368
38.000,25.400,288.0000,-0.826089
38.000,25.400,289.0000,-5.805860
38.000,25.400,290.0000,3.312806
38.000,25.400,291.0000,-4.321591
38.000,25.400,292.0000,3.412303
38.000,25.400,293.0000,-2.888855
38.000,25.400,294.0000,-0.262541
38.000,25.400,295.0000,-2.668085
38.000,25.400,296.0000,0.679871
38.000,25.400,297.0000,-5.555316
38.000,25.400,298.0000,5.604382
38.000,25.400,299.0000,3.449034
38.000,25.400,300.0000,4.040123
38.000,25.400,301.0000,-4.661300
38.000,25.400,302.0000,4.624368
38.000,25.400,303.0000,4.564719
38.000,25.400,304.0000,-3.245332
38.000,25.400,305.0000,-3.149441
38.000,25.400,306.0000,-20.257018
38.000,25.400,307.0000,4.519742
38.000,25.400,308.0000,15.475347
38.000,25.400,309.0000,3.354213
38.000,25.400,310.0000,-2.400813
38.000,25.400,311.0000,13.529055
38.000,25.400,312.0000,15.664367
38.000,25.400,313.0000,-6.913002
38.000,25.400,314.0000,-2.570362
38.000,25.400,315.0000,0.543723
38.000,25.400,316.0000,10.944278
38.000,25.400,317.0000,4.407551
38.000,25.400,318.0000,3.421164
38.000,25.400,319.0000,5.076513
38.000,25.400,320.0000,4.184542
38.000,25.400,321.0000,-8.582170
38.000,25.400,322.0000,3.790648
38.000,25.400,323.0000,-4.287901
38.000,25.400,324.0000,5.074033
38.000,25.400,325.0000,4.667628
38.000,25.400,326.0000,-11.417247
38.000,25.400,327.0000,-9.447948
38.000,25.400,328.0000,-1.823749
38.000,25.400,329.0000,-2.095710
38.000,25.400,330.0000,-2.522568
38.000,25.400,331.0000,4.113982
38.000,25.400,332.0000,3.412879
38.000,25.400,333.0000,8.248687
38.000,25.400,334.0000,-1.887627
38.000,25.400,335.0000,-1.019132
38.000,25.400,336.0000,6.920969
38.000,25.400,337.0000,-5.511510
38.000,25.400,338.0000,7.561933
38.000,25.400,339.0000,-8.884075
38.000,25.400,340.0000,5.117582
38.000,25.400,341.0000,0.546053
38.000,25.400,342.0000,-7.109077
38.000,25.400,343.0000,3.181926
38.000,25.400,344.0000,-1.024750
38.000,25.400,345.0000,-1.504523
38.000,25.400,346.0000,-10.198382
38.000,25.400,347.0000,-1.087587
38.000,25.400,348.0000,-0.219621
38.000,25.400,349.0000,3.808033
38.000,25.400,350.0000,-6.152481
38.000,25.400,351.0000,-0.570924
38.000,25.400,352.0000,-1.427864
38.000,25.400,353.0000,-1.429829
38.000,25.400,354.0000,9.621143
38.000,25.400,355.0000,10.924387
38.000,25.400,356.0000,-2.302365
38.000,25.400,357.0000,4.546080
38.000,25.400,358.0000,-5.367496
38.000,25.400,359.0000,-4.961691
38.000,25.400,360.0000,-0.723220
38.000,25.400,361.0000,-1.107449
38.000,25.400,362.0000,2.551194
38.000,25.400,363.0000,1.760420
38.000,25.400,364.0000,-6.472501
38.000,25.400,365.0000,-5.545255
38.000,25.400,366.0000,-2.343405
38.000,25.400,367.0000,-1.368889
38.000,25.400,368.0000,4.117804
38.000,25.400,369.0000,-6.985146
38.000,25.400,370.0000,-22.305478
38.000,25.400,371.0000,7.759289
38.000,25.400,372.0000,6.335757
38.000,25.400,373.0000,0.895488
38.000,25.400,374.0000,12.604676
38.000,25.400,375.0000,-8.083522
38.000,25.400,376.0000,-1.481759
38.000,25.400,377.0000,2.945398
38.000,25.400,378.0000,-2.751810
38.000,25.400,379.0000,2.520682
38.000,25.400,380.0000,2.134926
38.000,25.400,381.0000,7.454262
38.000,25.400,382.0000,-7.249713
38.000,25.400,383.0000,6.037662
38.000,25.400,384.0000,3.247292
38.000,25.400,385.0000,-1.918696
38.000,25.400,386.0000,1.821975
38.000,25.400,387.0000,-5.888727
38.000,25.400,388.0000,-11.932716
38.000,25.400,389.0000,1.861181
38.000,25.400,390.0000,-5.454076
38.000,25.400,391.0000,-3.394754
38.000,25.400,392.0000,11.069576
38.000,25.400,393.0000,-3.295725
38.000,25.400,394.0000,-1.530760
38.000,25.400,395.0000,3.892693
38.000,25.400,396.0000,1.978669
38.000,25.400,397.0000,-0.618226
38.000,25.400,398.0000,5.714185
38.000,25.400,399.0000,-1.999608
38.000,25.400,400.0000,-12.108429
38.000,25.400,401.0000,3.133248
38.000,25.400,402.0000,-5.989015
38.000,25.400,403.0000,3.998876
38.000,25.400,404.0000,-2.188710
38.000,25.400,405.0000,-14.320031
38.000,25.400,406.0000,3.000581
38.000,25.400,407.0000,6.897978
38.000,25.400,408.0000,-4.352207
38.000,25.400,409.0000,-3.159768
38.000,25.400,410.0000,2.394923
38.000,25.400,411.0000,0.708381
38.000,25.400,412.0000,5.294166
38.000,25.400,413.0000,0.029932
38.000,25.400,414.0000,-2.825963
38.000,25.400,415.0000,6.389226
38.000,25.400,416.0000,0.314635
38.000,25.400,417.0000,-2.668307
38.000,25.400,418.0000,1.796060
38.000,25.400,419.0000,1.769450
38.000,25.400,420.0000,-5.780225
38.000,25.400,421.0000,-1.780349
38.000,25.400,422.0000,1.834898
38.000,25.400,423.0000,0.899954
38.000,25.400,424.0000,3.572779
38.000,25.400,425.0000,0.343385
38.000,25.400,426.0000,-0.436231
38.000,25.400,427.0000,-7.292334
38.000,25.400,428.0000,6.407389
38.000,25.400,429.0000,-7.934763
38.000,25.400,430.0000,5.923152
38.000,25.400,431.0000,2.065267
38.000,25.400,432.0000,-7.927086
38.000,25.400,433.0000,4.529805
38.000,25.400,434.0000,-2.531710
38.000,25.400,435.0000,3.275704
38.000,25.400,436.0000,-3.961474
38.000,25.400,437.0000,2.138155
38.000,25.400,438.0000,6.671648
38.000,25.400,439.0000,5.416791
38.000,25.400,440.0000,-1.404296
38.000,25.400,441.0000,0.400684
38.000,25.400,442.0000,-4.726835
38.000,25.400,443.0000,2.069176
38.000,25.400,444.0000,-4.769262
38.000,25.400,445.0000,6.017357
38.000,25.400,446.0000,0.623170
38.000,25.400,447.0000,0.002200
38.000,25.400,448.0000,1.988678
38.000,25.400,449.0000,0.844758
38.000,25.400,450.0000,-7.320442
38.000,25.400,451.0000,2.606109
38.000,25.400,452.0000,-1.256966
38.000,25.400,453.0000,5.958334
38.000,25.400,454.0000,4.152086
38.000,25.400,455.0000,-3.269532
38.000,25.400,456.0000,-7.689071
38.000,25.400,457.0000,-1.172861
38.000,25.400,458.0000,-6.291629
38.000,25.400,459.0000,-0.850874
38.000,25.400,460.0000,1.990458
38.000,25.400,461.0000,6.576241
38.000,25.400,462.0000,-9.360153
38.000,25.400,463.0000,-4.555426
38.000,25.400,464.0000,0.075805
38.000,25.400,465.0000,10.857551
38.000,25.400,466.0000,-2.400755
38.000,25.400,467.0000,3.014378
38.000,25.400,468.0000,1.459999
38.000,25.400,469.0000,2.802900
38.000,25.400,470.0000,-0.531561
38.000,25.400,471.0000,5.078666
38.000,25.400,472.0000,-5.345662
38.000,25.400,473.0000,-4.201847
38.000,25.400,474.0000,-4.812935
38.000,25.400,475.0000,-4.234402
38.000,25.400,476.0000,3.721339
38.000,25.400,477.0000,-5.358714
38.000,25.400,478.0000,5.302933
38.000,25.400,479.0000,-0.353870
38.000,25.400,480.0000,-5.794687
38.000,25.400,481.0000,-4.044171
38.000,25.400,482.0000,3.090901
38.000,25.400,483.0000,-2.510929
38.000,25.400,484.0000,-1.099659
38.000,25.400,485.0000,4.661994
38.000,25.400,486.0000,8.821565
38.000,25.400,487.0000,-4.055111
38.000,25.400,488.0000,-2.239731
38.000,25.400,489.0000,-1.879212
38.000,25.400,490.0000,-2.965144
38.000,25.400,491.0000,2.359819
38.000,25.400,492.0000,3.980069
38.000,25.400,493.0000,-3.079326
38.000,25.400,494.0000,9.747752
38.000,25.400,495.0000,3.453377
38.000,25.400,496.0000,3.353246
38.000,25.400,497.0000,-12.375006
38.000,25.400,498.0000,-1.585444
38.000,25.400,499.0000,0.790163
38.000,25.400,500.0000,12.509518
38.000,25.400,501.0000,5.429116
38.000,25.400,502.0000,1.149027
38.000,25.400,503.0000,-1.832439
38.000,25.400,504.0000,4.090639
38.000,25.400,505.0000,-4.545918
38.000,25.400,506.0000,-17.302104
38.000,25.400,507.0000,0.602513
38.000,25.400,508.0000,-5.812670
38.000,25.400,509.0000,0.387594
38.000,25.400,510.0000,-1.425884
38.000,25.400,511.0000,-9.418414
38.000,25.400,512.0000,6.323734
38.000,25.400,513.0000,-1.093100
38.000,25.400,514.0000,-10.599273
38.000,25.400,515.0000,3.579894
38.000,25.400,516.0000,-2.841064
38.000,25.400,517.0000,0.878753
38.000,25.400,518.0000,-1.411333
38.000,25.400,519.0000,-0.378811
38.000,25.400,520.0000,8.284460
38.000,25.400,521.0000,6.059172
38.000,25.400,522.0000,-16.925588
38.000,25.400,523.0000,4.305232
38.000,25.400,524.0000,1.176870
38.000,25.400,525.0000,-5.712979
38.000,25.400,526.0000,-5.147387
38.000,25.400,527.0000,-1.450308
38.000,25.400,528.0000,5.332498
38.000,25.400,529.0000,7.006315
38.000,25.400,530.0000,-1.931219
38.000,25.400,531.0000,6.023054
38.000,25.400,532.0000,-12.028406
38.000,25.400,533.0000,9.617041
38.000,25.400,534.0000,8.368434
38.000,25.400,535.0000,-1.365505
38.000,25.400,536.0000,11.816666
38.000,25.400,537.0000,-0.002192
38.000,25.400,538.0000,3.911514
38.000,25.400,539.0000,-0.312321
38.000,25.400,540.0000,0.015502
38.000,25.400,541.0000,-3.206119
38.000,25.400,542.0000,-3.752074
38.000,25.400,543.0000,9.970916
38.000,25.400,544.0000,-1.368517
38.000,25.400,545.0000,3.655366
38.000,25.400,546.0000,-3.385497
38.000,25.400,547.0000,-0.943924
38.000,25.400,548.0000,3.123729
38.000,25.400,549.0000,9.764731
38.000,25.400,550.0000,-0.100266
38.000,25.400,551.0000,4.179510
38.000,25.400,552.0000,5.178293
38.000,25.400,553.0000,4.548429
38.000,25.400,554.0000,0.939169
38.000,25.400,555.0000,-2.724513
38.000,25.400,556.0000,1.254449
38.000,25.400,557.0000,-2.945481
38.000,25.400,558.0000,-2.408368
38.000,25.400,559.0000,2.190770
38.000,25.400,560.0000,3.211093
38.000,25.400,561.0000,-1.355855
38.000,25.400,562.0000,-2.466559
38.000,25.400,563.0000,6.093830
38.000,25.400,564.0000,2.682054
38.000,25.400,565.0000,0.480236
38.000,25.400,566.0000,-0.252661
38.000,25.400,567.0000,-3.110336
38.000,25.400,568.0000,-0.418912
38.000,25.400,569.0000,5.483403
38.000,25.400,570.0000,5.993270
38.000,25.400,571.0000,4.114170
38.000,25.400,572.0000,3.617928
38.000,25.400,573.0000,6.130306
38.000,25.400,574.0000,9.560550
38.000,25.400,575.0000,1.101393
38.000,25.400,576.0000,5.275431
38.000,25.400,577.0000,-1.584334
38.000,25.400,578.0000,10.142504
38.000,25.400,579.0000,2.152140
38.000,25.400,580.0000,3.849345
38.000,25.400,581.0000,4.119383
38.000,25.400,582.0000,-3.772356
38.000,25.400,583.0000,-1.976603
38.000,25.400,584.0000,8.257539
38.000,25.400,585.0000,5.097274
38.000,25.400,586.0000,-5.956889
38.000,25.400,587.0000,3.058281
38.000,25.400,588.0000,-3.152697
38.000,25.400,589.0000,1.272022
38.000,25.400,590.0000,0.833001
38.000,25.400,591.0000,9.290153
38.000,25.400,592.0000,-2.086756
38.000,25.400,593.0000,0.476978
38.000,25.400,594.0000,2.663487
38.000,25.400,595.0000,6.614436
38.000,25.400,596.0000,13.737087
38.000,25.400,597.0000,0.363132
38.000,25.400,598.0000,1.435240
38.000,25.400,599.0000,13.347232
38.000,25.400,600.0000,5.573209
38.000,25.400,601.0000,5.525398
38.000,25.400,602.0000,8.500569
38.000,25.400,603.0000,5.576533
38.000,25.400,604.0000,16.673115
38.000,25.400,605.0000,16.916161
38.000,25.400,606.0000,24.799426
38.000,25.400,607.0000,22.340262
38.000,25.400,608.0000,23.016520
38.000,25.400,609.0000,28.031526
38.000,25.400,610.0000,37.853028
38.000,25.400,611.0000,42.312186
38.000,25.400,612.0000,49.083980
38.000,25.400,613.0000,74.718625
38.000,25.400,614.0000,88.819706
38.000,25.400,615.0000,99.805091
38.000,25.400,616.0000,125.855131
38.000,25.400,617.0000,160.167514
38.000,25.400,618.0000,196.136035
38.000,25.400,619.0000,219.875176
38.000,25.400,620.0000,225.531961
38.000,25.400,621.0000,217.634391
38.000,25.400,622.0000,187.922748
38.000,25.400,623.0000,159.876617
38.000,25.400,624.0000,129.198284
38.000,25.400,625.0000,102.235634
38.000,25.400,626.0000,92.795688
38.000,25.400,627.0000,74.368981
38.000,25.400,628.0000,55.128102
38.000,25.400,629.0000,35.502719
38.000,25.400,630.0000,41.446619
38.000,25.400,631.0000,31.478833
38.000,25.400,632.0000,30.998648
38.000,25.400,633.0000,17.198856
38.000,25.400,634.0000,19.497857
38.000,25.400,635.0000,20.117706
38.000,25.400,636.0000,18.677475
38.000,25.400,637.0000,14.798080
38.000,25.400,638.0000,13.168390
38.000,25.400,639.0000,14.171130
38.000,25.400,640.0000,15.776693
38.000,25.400,641.0000,7.126119
38.000,25.400,642.0000,15.628614
38.000,25.400,643.0000,5.980894
38.000,25.400,644.0000,-8.821976
38.000,25.400,645.0000,6.398675
38.000,25.400,646.0000,11.097448
38.000,25.400,647.0000,9.832736
38.000,25.400,648.0000,17.578002
38.000,25.400,649.0000,-5.986617
38.000,25.400,650.0000,-7.320918
38.000,25.400,651.0000,5.884034
38.000,25.400,652.0000,4.151202
38.000,25.400,653.0000,-3.859830
38.000,25.400,654.0000,4.802110
38.000,25.400,655.0000,2.310272
38.000,25.400,656.0000,-3.417521
38.000,25.400,657.0000,1.102354
38.000,25.400,658.0000,6.853723
38.000,25.400,659.0000,6.617342
38.000,25.400,660.0000,9.556835
38.000,25.400,661.0000,7.589445
38.000,25.400,662.0000,-6.695573
38.000,25.400,663.0000,-3.252603
38.000,25.400,664.0000,2.612459
38.000,25.400,665.0000,-0.795780
38.000,25.400,666.0000,1.668903
38.000,25.400,667.0000,4.214234
38.000,25.400,668.0000,-6.188515
38.000,25.400,669.0000,-3.519293
38.000,25.400,670.0000,-0.218678
38.000,25.400,671.0000,-3.123785
38.000,25.400,672.0000,-9.728582
38.000,25.400,673.0000,9.193497
38.000,25.400,674.0000,-0.773911
38.000,25.400,675.0000,12.845473
38.000,25.400,676.0000,6.975682
38.000,25.400,677.0000,4.519562
38.000,25.400,678.0000,-2.126147
38.000,25.400,679.0000,7.109991
38.000,25.400,680.0000,4.005141
38.000,25.400,681.0000,-1.668498
38.000,25.400,682.0000,12.794508
38.000,25.400,683.0000,-1.585468
38.000,25.400,684.0000,0.538823
38.000,25.400,685.0000,7.490110
38.000,25.400,686.0000,-1.422029
38.000,25.400,687.0000,1.262200
38.000,25.400,688.0000,1.065544
38.000,25.400,689.0000,-4.549510
38.000,25.400,690.0000,14.383377
38.000,25.400,691.0000,2.999172
38.000,25.400,692.0000,1.633245
38.000,25.400,693.0000,1.935743
38.000,25.400,694.0000,11.354102
38.000,25.400,695.0000,-1.065817
38.000,25.400,696.0000,8.637940
38.000,25.400,697.0000,-2.393321
38.000,25.400,698.0000,5.555924
38.000,25.400,699.0000,0.397729
38.000,25.400,700.0000,4.985508
38.000,25.400,701.0000,2.543465
38.000,25.400,702.0000,-4.817842
38.000,25.400,703.0000,0.542203
38.000,25.400,704.0000,1.633215
38.000,25.400,705.0000,1.226929
38.000,25.400,706.0000,2.794709
38.000,25.400,707.0000,-6.357715
38.000,25.400,708.0000,4.178387
38.000,25.400,709.0000,8.285136
38.000,25.400,710.0000,-1.193687
38.000,25.400,711.0000,3.372070
38.000,25.400,712.0000,5.700486
38.000,25.400,713.0000,-4.380646
38.000,25.400,714.0000,-6.367050
38.000,25.400,715.0000,9.310668
38.000,25.400,716.0000,4.312246
38.000,25.400,717.0000,-2.196265
38.000,25.400,718.0000,-4.945978
38.000,25.400,719.0000,0.277224
38.000,25.400,720.0000,0.101859
38.000,25.400,721.0000,10.584790
38.000,25.400,722.0000,-6.545022
38.000,25.400,723.0000,7.663812
38.000,25.400,724.0000,7.625281
38.000,25.400,725.0000,1.964666
38.000,25.400,726.0000,1.720080
38.000,25.400,727.0000,-5.152458
38.000,25.400,728.0000,2.058672
38.000,25.400,729.0000,-9.225297
38.000,25.400,730.0000,6.667649
38.000,25.400,731.0000,5.365144
38.000,25.400,732.0000,0.063060
38.000,25.400,733.0000,7.777738
38.000,25.400,734.0000,-3.957321
38.000,25.400,735.0000,3.479540
38.000,25.400,736.0000,-4.159350
38.000,25.400,737.0000,-4.789287
38.000,25.400,738.0000,-1.172873
38.000,25.400,739.0000,8.117857
38.000,25.400,740.0000,0.888244
38.000,25.400,741.0000,2.994147
38.000,25.400,742.0000,11.843858
38.000,25.400,743.0000,0.117808
38.000,25.400,744.0000,-0.679786
38.000,25.400,745.0000,4.535073
38.000,25.400,746.0000,-1.848987
38.000,25.400,747.0000,-2.375567
38.000,25.400,748.0000,2.640744
38.000,25.400,749.0000,8.678810
38.000,25.400,750.0000,13.581765
38.000,25.400,751.0000,-4.926414
38.000,25.400,752.0000,9.675175
38.000,25.400,753.0000,3.763833
38.000,25.400,754.0000,5.662419
38.000,25.400,755.0000,3.031420
38.000,25.400,756.0000,5.835836
38.000,25.400,757.0000,13.074222
38.000,25.400,758.0000,3.515670
38.000,25.400,759.0000,-14.611056
38.000,25.400,760.0000,16.808028
38.000,25.400,761.0000,16.937062
38.000,25.400,762.0000,5.855838
38.000,25.400,763.0000,8.920723
38.000,25.400,764.0000,9.481247
38.000,25.400,765.0000,6.035945
38.000,25.400,766.0000,-0.114101
38.000,25.400,767.0000,0.555656
38.000,25.400,768.0000,8.606044
38.000,25.400,769.0000,12.422710
38.000,25.400,770.0000,14.088222
38.000,25.400,771.0000,3.654659
38.000,25.400,772.0000,6.539109
38.000,25.400,773.0000,26.748287
38.000,25.400,774.0000,11.351053
38.000,25.400,775.0000,4.853787
38.000,25.400,776.0000,13.716273
38.000,25.400,777.0000,24.588124
38.000,25.400,778.0000,16.480287
38.000,25.400,779.0000,17.011014
38.000,25.400,780.0000,18.783241
38.000,25.400,781.0000,24.169471
38.000,25.400,782.0000,16.436510
38.000,25.400,783.0000,18.990933
38.000,25.400,784.0000,25.235652
38.000,25.400,785.0000,36.877420
38.000,25.400,786.0000,48.202264
38.000,25.400,787.0000,48.819316
38.000,25.400,788.0000,65.944014
38.000,25.400,789.0000,65.083921
38.000,25.400,790.0000,73.455679
38.000,25.400,791.0000,86.900174
38.000,25.400,792.0000,107.288672
38.000,25.400,793.0000,117.725798
38.000,25.400,794.0000,127.810081
38.000,25.400,795.0000,123.390530
38.000,25.400,796.0000,120.025188
38.000,25.400,797.0000,118.147849
38.000,25.400,798.0000,105.756819
38.000,25.400,799.0000,88.535659
38.000,25.400,800.0000,62.660499
38.000,25.400,801.0000,60.085041
38.000,25.400,802.0000,43.680504
38.000,25.400,803.0000,46.239128
38.000,25.400,804.0000,36.503886
38.000,25.400,805.0000,38.694243
38.000,25.400,806.0000,37.182998
38.000,25.400,807.0000,28.899429
38.000,25.400,808.0000,23.864283
38.000,25.400,809.0000,22.356791
38.000,25.400,810.0000,25.683775
38.000,25.400,811.0000,18.646044
38.000,25.400,812.0000,12.671083
38.000,25.400,813.0000,21.385789
38.000,25.400,814.0000,10.521672
38.000,25.400,815.0000,15.832970
38.000,25.400,816.0000,7.008795
38.000,25.400,817.0000,5.897271
38.000,25.400,818.0000,6.934261
38.000,25.400,819.0000,9.341360
38.000,25.400,820.0000,6.137811
38.000,25.400,821.0000,11.140012
38.000,25.400,822.0000,16.166907
38.000,25.400,823.0000,2.620275
38.000,25.400,824.0000,13.344404
38.000,25.400,825.0000,6.792966
38.000,25.400,826.0000,-0.232996
38.000,25.400,827.0000,7.648420
38.000,25.400,828.0000,0.816062
38.000,25.400,829.0000,7.140503
38.000,25.400,830.0000,6.055968
38.000,25.400,831.0000,11.895834
38.000,25.400,832.0000,-8.744641
38.000,25.400,833.0000,13.597174
38.000,25.400,834.0000,9.132866
38.000,25.400,835.0000,7.010333
38.000,25.400,836.0000,-9.013320
38.000,25.400,837.0000,10.105835
38.000,25.400,838.0000,2.895609
38.000,25.400,839.0000,12.636629
38.000,25.400,840.0000,4.966983
38.000,25.400,841.0000,7.098907
38.000,25.400,842.0000,5.771076
38.000,25.400,843.0000,0.872343
38.000,25.400,844.0000,8.117534
38.000,25.400,845.0000,17.037124
38.000,25.400,846.0000,-7.633307
38.000,25.400,847.0000,-3.690626
38.000,25.400,848.0000,5.962572
38.000,25.400,849.0000,10.868829
38.000,25.400,850.0000,-5.528673
38.000,25.400,851.0000,0.325421
38.000,25.400,852.0000,-5.746080
38.000,25.400,853.0000,6.921141
38.000,25.400,854.0000,-2.310687
38.000,25.400,855.0000,2.952502
38.000,25.400,856.0000,-10.319833
38.000,25.400,857.0000,6.998190
38.000,25.400,858.0000,-12.025715
38.000,25.400,859.0000,1.370601
38.000,25.400,860.0000,-2.655185
38.000,25.400,861.0000,-3.789112
38.000,25.400,862.0000,6.323817
38.000,25.400,863.0000,4.872315
38.000,25.400,864.0000,5.063231
38.000,25.400,865.0000,-3.097540
38.000,25.400,866.0000,11.215782
38.000,25.400,867.0000,-0.243451
38.000,25.400,868.0000,-6.468004
38.000,25.400,869.0000,-2.551948
38.000,25.400,870.0000,5.566263
38.000,25.400,871.0000,0.810696
38.000,25.400,872.0000,2.908745
38.000,25.400,873.0000,-0.147803
38.000,25.400,874.0000,-2.419684
38.000,25.400,875.0000,7.456207
38.000,25.400,876.0000,0.154949
38.000,25.400,877.0000,0.576533
38.000,25.400,878.0000,10.825757
38.000,25.400,879.0000,8.644097
38.000,25.400,880.0000,0.104984
38.000,25.400,881.0000,14.857517
38.000,25.400,882.0000,6.143989
38.000,25.400,883.0000,-5.323784
38.000,25.400,884.0000,19.399690
38.000,25.400,885.0000,-10.720455
38.000,25.400,886.0000,-3.675016
38.000,25.400,887.0000,-9.854616
38.000,25.400,888.0000,-0.641647
38.000,25.400,889.0000,1.085797
38.000,25.400,890.0000,2.991031
38.000,25.400,891.0000,6.365252
38.000,25.400,892.0000,4.852703
38.000,25.400,893.0000,9.075782
38.000,25.400,894.0000,-2.062364
38.000,25.400,895.0000,1.626306
38.000,25.400,896.0000,-1.523264
38.000,25.400,897.0000,9.278970
38.000,25.400,898.0000,7.861098
38.000,25.400,899.0000,2.907444
38.000,25.400,900.0000,9.164362
38.000,25.400,901.0000,8.660908
38.000,25.400,902.0000,8.639620
38.000,25.400,903.0000,-3.261152
38.000,25.400,904.0000,6.381045
38.000,25.400,905.0000,13.611284
38.000,25.400,906.0000,10.018717
38.000,25.400,907.0000,9.299594
38.000,25.400,908.0000,8.525692
38.000,25.400,909.0000,13.172391
38.000,25.400,910.0000,4.440443
38.000,25.400,911.0000,0.403711
38.000,25.400,912.0000,2.613508
38.000,25.400,913.0000,6.695799
38.000,25.400,914.0000,-0.156244
38.000,25.400,915.0000,-7.018443
38.000,25.400,916.0000,8.066953
38.000,25.400,917.0000,5.570601
38.000,25.400,918.0000,1.775369
38.000,25.400,919.0000,-1.254289
38.000,25.400,920.0000,-1.580559
38.000,25.400,921.0000,10.424840
38.000,25.400,922.0000,3.324318
38.000,25.400,923.0000,-1.722683
38.000,25.400,924.0000,3.745100
38.000,25.400,925.0000,4.315950
38.000,25.400,926.0000,8.895754
38.000,25.400,927.0000,17.308430
38.000,25.400,928.0000,-4.493008
38.000,25.400,929.0000,15.658932
38.000,25.400,930.0000,3.948920
38.000,25.400,931.0000,3.543443
38.000,25.400,932.0000,-1.452022
38.000,25.400,933.0000,-5.317373
38.000,25.400,934.0000,3.760532
38.000,25.400,935.0000,-6.646023
38.000,25.400,936.0000,5.494055
38.000,25.400,937.0000,-3.704430
38.000,25.400,938.0000,-0.471067
38.000,25.400,939.0000,5.540810
38.000,25.400,940.0000,3.357294
38.000,25.400,941.0000,5.497379
38.000,25.400,942.0000,0.025220
38.000,25.400,943.0000,0.667181
38.000,25.400,944.0000,7.463000
38.000,25.400,945.0000,11.249460
38.000,25.400,946.0000,1.437614
38.000,25.400,947.0000,1.142863
38.000,25.400,948.0000,3.930935
38.000,25.400,949.0000,6.314190
38.000,25.400,950.0000,-8.094506
38.000,25.400,951.0000,0.871722
38.000,25.400,952.0000,3.745865
38.000,25.400,953.0000,2.189673
38.000,25.400,954.0000,7.293494
38.000,25.400,955.0000,2.172760
38.000,25.400,956.0000,4.396669
38.000,25.400,957.0000,7.582479
38.000,25.400,958.0000,0.509119
38.000,25.400,959.0000,-6.257884
38.000,25.400,960.0000,1.711351
38.000,25.400,961.0000,8.358060
38.000,25.400,962.0000,2.273789
38.000,25.400,963.0000,4.038428
38.000,25.400,964.0000,6.226162
38.000,25.400,965.0000,11.615389
38.000,25.400,966.0000,10.470072
38.000,25.400,967.0000,13.787894
38.000,25.400,968.0000,2.825001
38.000,25.400,969.0000,7.184784
38.000,25.400,970.0000,17.483030
38.000,25.400,971.0000,16.090395
38.000,25.400,972.0000,24.737198
38.000,25.400,973.0000,19.658689
38.000,25.400,974.0000,4.418692
38.000,25.400,975.0000,23.378002
38.000,25.400,976.0000,21.138699
38.000,25.400,977.0000,13.009123
38.000,25.400,978.0000,25.224153
38.000,25.400,979.0000,29.387122
38.000,25.400,980.0000,28.672416
38.000,25.400,981.0000,29.836814
38.000,25.400,982.0000,33.580238
38.000,25.400,983.0000,36.266961
38.000,25.400,984.0000,41.954789
38.000,25.400,985.0000,43.904393
38.000,25.400,986.0000,53.191518
38.000,25.400,987.0000,57.984895
38.000,25.400,988.0000,64.696711
38.000,25.400,989.0000,79.355832
38.000,25.400,990.0000,96.872794
38.000,25.400,991.0000,104.239061
38.000,25.400,992.0000,128.122251
38.000,25.400,993.0000,165.252043
38.000,25.400,994.0000,206.251973
38.000,25.400,995.0000,275.017291
38.000,25.400,996.0000,340.478080
38.000,25.400,997.0000,465.062830
38.000,25.400,998.0000,659.067264
38.000,25.400,999.0000,895.612484
38.000,25.400,1000.0000,1153.229065
38.000,25.400,1001.0000,1283.020717
38.000,25.400,1002.0000,1160.375316
38.000,25.400,1003.0000,885.195597
38.000,25.400,1004.0000,653.090993
38.000,25.400,1005.0000,464.195477
38.000,25.400,1006.0000,352.343745
38.000,25.400,1007.0000,270.979287
38.000,25.400,1008.0000,211.584278
38.000,25.400,1009.0000,161.880397
38.000,25.400,1010.0000,147.084939
38.000,25.400,1011.0000,114.299254
38.000,25.400,1012.0000,113.203455
38.000,25.400,1013.0000,94.920714
38.000,25.400,1014.0000,96.858190
38.000,25.400,1015.0000,77.026336
38.000,25.400,1016.0000,73.427910
38.000,25.400,1017.0000,63.306736
38.000,25.400,1018.0000,72.856341
38.000,25.400,1019.0000,79.507080
38.000,25.400,1020.0000,84.553187
38.000,25.400,1021.0000,81.886456
38.000,25.400,1022.0000,99.853319
38.000,25.400,1023.0000,103.836109
38.000,25.400,1024.0000,124.045651
38.000,25.400,1025.0000,159.928256
38.000,25.400,1026.0000,205.736367
38.000,25.400,1027.0000,254.905753
38.000,25.400,1028.0000,317.306452
38.000,25.400,1029.0000,416.551010
38.000,25.400,1030.0000,499.161937
38.000,25.400,1031.0000,554.062566
38.000,25.400,1032.0000,518.924350
38.000,25.400,1033.0000,418.008146
38.000,25.400,1034.0000,318.362608
38.000,25.400,1035.0000,244.282055
38.000,25.400,1036.0000,184.880079
38.000,25.400,1037.0000,148.288387
38.000,25.400,1038.0000,120.879986
38.000,25.400,1039.0000,99.293432
38.000,25.400,1040.0000,75.609848
38.000,25.400,1041.0000,79.798603
38.000,25.400,1042.0000,51.248271
38.000,25.400,1043.0000,53.677860
38.000,25.400,1044.0000,54.588084
38.000,25.400,1045.0000,31.404925
38.000,25.400,1046.0000,24.823029
38.000,25.400,1047.0000,26.531068
38.000,25.400,1048.0000,17.573322
38.000,25.400,1049.0000,16.416853
38.000,25.400,1050.0000,21.809984
38.000,25.400,1051.0000,19.389334
38.000,25.400,1052.0000,9.670514
38.000,25.400,1053.0000,18.120977
38.000,25.400,1054.0000,17.072518
38.000,25.400,1055.0000,9.561633
38.000,25.400,1056.0000,20.826451
38.000,25.400,1057.0000,17.073695
38.000,25.400,1058.0000,7.001755
38.000,25.400,1059.0000,2.556552
38.000,25.400,1060.0000,12.608326
38.000,25.400,1061.0000,9.589485
38.000,25.400,1062.0000,15.180436
38.000,25.400,1063.0000,5.193459
38.000,25.400,1064.0000,11.151037
38.000,25.400,1065.0000,13.987511
38.000,25.400,1066.0000,2.889467
38.000,25.400,1067.0000,13.334819
38.000,25.400,1068.0000,10.324798
38.000,25.400,1069.0000,7.227121
38.000,25.400,1070.0000,4.763022
38.000,25.400,1071.0000,3.671974
38.000,25.400,1072.0000,5.403573
38.000,25.400,1073.0000,4.837364
38.000,25.400,1074.0000,13.954229
38.000,25.400,1075.0000,6.693718
38.000,25.400,1076.0000,-3.139208
38.000,25.400,1077.0000,-6.696009
38.000,25.400,1078.0000,-2.574104
38.000,25.400,1079.0000,-3.738477
38.000,25.400,1080.0000,15.093523
38.000,25.400,1081.0000,-1.164713
38.000,25.400,1082.0000,4.452364
38.000,25.400,1083.0000,2.652090
38.000,25.400,1084.0000,9.944831
38.000,25.400,1085.0000,5.722972
38.000,25.400,1086.0000,-0.016386
38.000,25.400,1087.0000,15.555454
38.000,25.400,1088.0000,7.281238
38.000,25.400,1089.0000,4.453656
38.000,25.400,1090.0000,-3.605213
38.000,25.400,1091.0000,3.383234
38.000,25.400,1092.0000,7.866254
38.000,25.400,1093.0000,10.704560
38.000,25.400,1094.0000,12.405668
38.000,25.400,1095.0000,5.346570
38.000,25.400,1096.0000,3.447727
38.000,25.400,1097.0000,-10.740931
38.000,25.400,1098.0000,9.461844
38.000,25.400,1099.0000,-4.617507
38.000,25.400,1100.0000,5.929801
38.000,25.400,1101.0000,-3.110723
38.000,25.400,1102.0000,1.776173
38.000,25.400,1103.0000,-0.189597
38.000,25.400,1104.0000,0.649400
38.000,25.400,1105.0000,3.341190
38.000,25.400,1106.0000,0.465987
38.000,25.400,1107.0000,11.860673
38.000,25.400,1108.0000,5.293561
38.000,25.400,1109.0000,8.314205
38.000,25.400,1110.0000,9.077294
38.000,25.400,1111.0000,1.042475
38.000,25.400,1112.0000,6.751376
38.000,25.400,1113.0000,-3.486220
38.000,25.400,1114.0000,-3.228883
38.000,25.400,1115.0000,6.515931
38.000,25.400,1116.0000,21.612597
38.000,25.400,1117.0000,7.625452
38.000,25.400,1118.0000,10.575656
38.000,25.400,1119.0000,10.298042
38.000,25.400,1120.0000,12.607986
38.000,25.400,1121.0000,5.251435
38.000,25.400,1122.0000,6.860849
38.000,25.400,1123.0000,7.227022
38.000,25.400,1124.0000,6.197243
38.000,25.400,1125.0000,7.375392
38.000,25.400,1126.0000,7.749451
38.000,25.400,1127.0000,16.891763
38.000,25.400,1128.0000,3.102641
38.000,25.400,1129.0000,4.234621
38.000,25.400,1130.0000,3.123757
38.000,25.400,1131.0000,-0.537563
38.000,25.400,1132.0000,16.897863
38.000,25.400,1133.0000,6.409174
38.000,25.400,1134.0000,15.819655
38.000,25.400,1135.0000,16.330615
38.000,25.400,1136.0000,14.275483
38.000,25.400,1137.0000,7.452993
38.000,25.400,1138.0000,16.689626
38.000,25.400,1139.0000,21.300163
38.000,25.400,1140.0000,21.903812
38.000,25.400,1141.0000,26.818961
38.000,25.400,1142.0000,29.777919
38.000,25.400,1143.0000,35.005596
38.000,25.400,1144.0000,39.205970
38.000,25.400,1145.0000,30.579509
38.000,25.400,1146.0000,51.483438
38.000,25.400,1147.0000,62.279858
38.000,25.400,1148.0000,65.830721
38.000,25.400,1149.0000,80.428331
38.000,25.400,1150.0000,93.897114
38.000,25.400,1151.0000,107.049458
38.000,25.400,1152.0000,137.595087
38.000,25.400,1153.0000,150.448008
38.000,25.400,1154.0000,175.289704
38.000,25.400,1155.0000,189.070906
38.000,25.400,1156.0000,181.112334
38.000,25.400,1157.0000,160.750423
38.000,25.400,1158.0000,132.805453
38.000,25.400,1159.0000,118.340371
38.000,25.400,1160.0000,97.706172
38.000,25.400,1161.0000,80.093481
38.000,25.400,1162.0000,70.547696
38.000,25.400,1163.0000,60.061387
38.000,25.400,1164.0000,62.893408
38.000,25.400,1165.0000,44.953743
38.000,25.400,1166.0000,38.804474
38.000,25.400,1167.0000,22.042096
38.000,25.400,1168.0000,26.719310
38.000,25.400,1169.0000,47.147595
38.000,25.400,1170.0000,22.233954
38.000,25.400,1171.0000,29.396973
38.000,25.400,1172.0000,38.983649
38.000,25.400,1173.0000,44.763517
38.000,25.400,1174.0000,32.119796
38.000,25.400,1175.0000,47.454221
38.000,25.400,1176.0000,60.553104
38.000,25.400,1177.0000,62.799027
38.000,25.400,1178.0000,76.264635
38.000,25.400,1179.0000,98.393682
38.000,25.400,1180.0000,114.137076
38.000,25.400,1181.0000,137.809780
38.000,25.400,1182.0000,151.300601
38.000,25.400,1183.0000,148.090152
38.000,25.400,1184.0000,134.736814
38.000,25.400,1185.0000,116.598869
38.000,25.400,1186.0000,119.720343
38.000,25.400,1187.0000,83.909200
38.000,25.400,1188.0000,78.030830
38.000,25.400,1189.0000,64.177877
38.000,25.400,1190.0000,54.696313
38.000,25.400,1191.0000,52.427246
38.000,25.400,1192.0000,36.600852
38.000,25.400,1193.0000,29.994146
38.000,25.400,1194.0000,28.907523
38.000,25.400,1195.0000,17.684124
38.000,25.400,1196.0000,18.103076
38.000,25.400,1197.0000,26.904615
38.000,25.400,1198.0000,24.500861
38.000,25.400,1199.0000,18.367511
38.000,25.400,1200.0000,14.252152
38.000,25.400,1201.0000,10.636837
38.000,25.400,1202.0000,10.609375
38.000,25.400,1203.0000,4.466303
38.000,25.400,1204.0000,9.078463
38.000,25.400,1205.0000,13.824335
38.000,25.400,1206.0000,15.969274
38.000,25.400,1207.0000,15.534556
38.000,25.400,1208.0000,8.219323
38.000,25.400,1209.0000,10.997162
38.000,25.400,1210.0000,2.327635
38.000,25.400,1211.0000,0.483210
38.000,25.400,1212.0000,6.994147
38.000,25.400,1213.0000,16.167356
38.000,25.400,1214.0000,11.904723
38.000,25.400,1215.0000,14.672947
38.000,25.400,1216.0000,9.747765
38.000,25.400,1217.0000,1.909976
38.000,25.400,1218.0000,-0.526119
38.000,25.400,1219.0000,0.620981
38.000,25.400,1220.0000,2.164725
38.000,25.400,1221.0000,7.430260
38.000,25.400,1222.0000,9.153670
38.000,25.400,1223.0000,10.289334
38.000,25.400,1224.0000,13.461023
38.000,25.400,1225.0000,-5.667952
38.000,25.400,1226.0000,18.666543
38.000,25.400,1227.0000,17.649323
38.000,25.400,1228.0000,3.686886
38.000,25.400,1229.0000,2.055481
38.000,25.400,1230.0000,1.362779
38.000,25.400,1231.0000,7.574233
38.000,25.400,1232.0000,-10.212591
38.000,25.400,1233.0000,-0.022136
38.000,25.400,1234.0000,6.117383
38.000,25.400,1235.0000,-2.619743
38.000,25.400,1236.0000,7.473911
38.000,25.400,1237.0000,7.416079
38.000,25.400,1238.0000,1.553090
38.000,25.400,1239.0000,1.897042
38.000,25.400,1240.0000,7.194974
38.000,25.400,1241.0000,4.728372
38.000,25.400,1242.0000,3.074365
38.000,25.400,1243.0000,5.721747
38.000,25.400,1244.0000,12.274429
38.000,25.400,1245.0000,-6.389935
38.000,25.400,1246.0000,4.022223
38.000,25.400,1247.0000,-0.122554
38.000,25.400,1248.0000,2.259882
38.000,25.400,1249.0000,8.254906
38.000,25.400,1250.0000,4.789310
38.000,25.400,1251.0000,5.999925
38.000,25.400,1252.0000,1.674033
38.000,25.400,1253.0000,0.080244
38.000,25.400,1254.0000,-2.780060
38.000,25.400,1255.0000,-6.399814
38.000,25.400,1256.0000,3.986944
38.000,25.400,1257.0000,1.626980
38.000,25.400,1258.0000,1.681996
38.000,25.400,1259.0000,4.944697
38.000,25.400,1260.0000,-4.545044
38.000,25.400,1261.0000,-4.381642
38.000,25.400,1262.0000,6.456242
38.000,25.400,1263.0000,-1.721882
38.000,25.400,1264.0000,0.836486
38.000,25.400,1265.0000,2.156047
38.000,25.400,1266.0000,11.152047
38.000,25.400,1267.0000,6.993734
38.000,25.400,1268.0000,0.504394
38.000,25.400,1269.0000,6.454062
38.000,25.400,1270.0000,-6.904803
38.000,25.400,1271.0000,-1.769836
38.000,25.400,1272.0000,4.745889
38.000,25.400,1273.0000,0.482513
38.000,25.400,1274.0000,-7.349729
38.000,25.400,1275.0000,-1.828761
38.000,25.400,1276.0000,4.693387
38.000,25.400,1277.0000,1.493552
38.000,25.400,1278.0000,-6.168718
38.000,25.400,1279.0000,-6.429550
38.000,25.400,1280.0000,2.440969
38.000,25.400,1281.0000,8.155205
38.000,25.400,1282.0000,-1.792521
38.000,25.400,1283.0000,-5.007979
38.000,25.400,1284.0000,0.610370
38.000,25.400,1285.0000,-0.121259
38.000,25.400,1286.0000,8.172504
38.000,25.400,1287.0000,1.165708
38.000,25.400,1288.0000,2.115385
38.000,25.400,1289.0000,-3.830533
38.000,25.400,1290.0000,7.125518
38.000,25.400,1291.0000,-7.901778
38.000,25.400,1292.0000,4.647240
38.000,25.400,1293.0000,14.760041
38.000,25.400,1294.0000,-2.804321
38.000,25.400,1295.0000,1.752042
38.000,25.400,1296.0000,-7.543104
38.000,25.400,1297.0000,-1.143487
38.000,25.400,1298.0000,-0.618274
38.000,25.400,1299.0000,-0.141294
38.000,25.400,1300.0000,2.301328
38.000,25.400,1301.0000,3.635441
38.000,25.400,1302.0000,-12.944979
38.000,25.400,1303.0000,-7.620842
38.000,25.400,1304.0000,-4.642684
38.000,25.400,1305.0000,-10.230594
38.000,25.400,1306.0000,0.877817
38.000,25.400,1307.0000,4.617350
38.000,25.400,1308.0000,7.909443
38.000,25.400,1309.0000,9.725593
38.000,25.400,1310.0000,-2.174281
38.000,25.400,1311.0000,3.280649
38.000,25.400,1312.0000,0.179558
38.000,25.400,1313.0000,-5.793387
38.000,25.400,1314.0000,3.857461
38.000,25.400,1315.0000,4.415840
38.000,25.400,1316.0000,1.522599
38.000,25.400,1317.0000,0.684640
38.000,25.400,1318.0000,-4.614030
38.000,25.400,1319.0000,1.773862
38.000,25.400,1320.0000,6.292455
38.000,25.400,1321.0000,-6.347230
38.000,25.400,1322.0000,20.266160
38.000,25.400,1323.0000,-5.341067
38.000,25.400,1324.0000,-1.848910
38.000,25.400,1325.0000,1.828303
38.000,25.400,1326.0000,8.306097
38.000,25.400,1327.0000,10.477150
38.000,25.400,1328.0000,3.452943
38.000,25.400,1329.0000,-1.503697
38.000,25.400,1330.0000,16.494841
38.000,25.400,1331.0000,1.081839
38.000,25.400,1332.0000,3.272244
38.000,25.400,1333.0000,5.707968
38.000,25.400,1334.0000,-2.642960
38.000,25.400,1335.0000,-2.926541
38.000,25.400,1336.0000,-7.178543
38.000,25.400,1337.0000,-0.171852
38.000,25.400,1338.0000,0.810057
38.000,25.400,1339.0000,6.985841
38.000,25.400,1340.0000,3.806909
38.000,25.400,1341.0000,4.513452
38.000,25.400,1342.0000,4.174613
38.000,25.400,1343.0000,-0.332194
38.000,25.400,1344.0000,4.431405
38.000,25.400,1345.0000,0.061067
38.000,25.400,1346.0000,4.630017
38.000,25.400,1347.0000,-0.104980
38.000,25.400,1348.0000,-3.475436
38.000,25.400,1349.0000,-0.012226
38.000,25.400,1350.0000,-0.153532
38.000,25.400,1351.0000,-4.173165
38.000,25.400,1352.0000,4.643126
38.000,25.400,1353.0000,7.930532
38.000,25.400,1354.0000,0.834162
38.000,25.400,1355.0000,1.576393
38.000,25.400,1356.0000,0.818403
38.000,25.400,1357.0000,-2.909939
38.000,25.400,1358.0000,1.433992
38.000,25.400,1359.0000,5.204968
38.000,25.400,1360.0000,9.242528
38.000,25.400,1361.0000,6.727730
38.000,25.400,1362.0000,-1.501149
38.000,25.400,1363.0000,0.035360
38.000,25.400,1364.0000,-0.401877
38.000,25.400,1365.0000,4.812758
38.000,25.400,1366.0000,5.087553
38.000,25.400,1367.0000,-1.975754
38.000,25.400,1368.0000,4.926827
38.000,25.400,1369.0000,1.333026
38.000,25.400,1370.0000,12.013288
38.000,25.400,1371.0000,-1.447233
38.000,25.400,1372.0000,12.820751
38.000,25.400,1373.0000,-2.086343
38.000,25.400,1374.0000,-3.061062
38.000,25.400,1375.0000,-3.572272
38.000,25.400,1376.0000,10.671205
38.000,25.400,1377.0000,5.501656
38.000,25.400,1378.0000,-0.505790
38.000,25.400,1379.0000,8.283283
38.000,25.400,1380.0000,4.607772
38.000,25.400,1381.0000,-7.590363
38.000,25.400,1382.0000,4.161393
38.000,25.400,1383.0000,-0.614268
38.000,25.400,1384.0000,3.830652
38.000,25.400,1385.0000,-4.769870
38.000,25.400,1386.0000,12.308552
38.000,25.400,1387.0000,4.139953
38.000,25.400,1388.0000,4.144362
38.000,25.400,1389.0000,-1.124845
38.000,25.400,1390.0000,-6.212050
38.000,25.400,1391.0000,13.699642
38.000,25.400,1392.0000,5.873474
38.000,25.400,1393.0000,11.879516
38.000,25.400,1394.0000,3.679302
38.000,25.400,1395.0000,7.298011
38.000,25.400,1396.0000,6.597806
38.000,25.400,1397.0000,1.221967
38.000,25.400,1398.0000,-4.761835
38.000,25.400,1399.0000,10.183935
38.000,25.400,1400.0000,8.121703
38.000,25.400,1401.0000,3.126379
38.000,25.400,1402.0000,5.297266
38.000,25.400,1403.0000,3.667260
38.000,25.400,1404.0000,3.410809
38.000,25.400,1405.0000,7.224434
38.000,25.400,1406.0000,5.709138
38.000,25.400,1407.0000,5.289857
38.000,25.400,1408.0000,4.382261
38.000,25.400,1409.0000,2.562258
38.000,25.400,1410.0000,7.697837
38.000,25.400,1411.0000,17.025805
38.000,25.400,1412.0000,13.080031
38.000,25.400,1413.0000,3.215525
38.000,25.400,1414.0000,11.713865
38.000,25.400,1415.0000,12.908354
38.000,25.400,1416.0000,22.399878
38.000,25.400,1417.0000,4.022219
38.000,25.400,1418.0000,11.754014
38.000,25.400,1419.0000,4.900651
38.000,25.400,1420.0000,11.631958
38.000,25.400,1421.0000,23.626617
38.000,25.400,1422.0000,16.252349
38.000,25.400,1423.0000,24.665379
38.000,25.400,1424.0000,24.355917
38.000,25.400,1425.0000,12.403111
38.000,25.400,1426.0000,13.262026
38.000,25.400,1427.0000,30.224644
38.000,25.400,1428.0000,31.846799
38.000,25.400,1429.0000,26.122148
38.000,25.400,1430.0000,32.327975
38.000,25.400,1431.0000,36.879394
38.000,25.400,1432.0000,44.820330
38.000,25.400,1433.0000,36.128654
38.000,25.400,1434.0000,35.353090
38.000,25.400,1435.0000,46.276396
38.000,25.400,1436.0000,52.135277
38.000,25.400,1437.0000,64.818641
38.000,25.400,1438.0000,79.664246
38.000,25.400,1439.0000,90.418257
38.000,25.400,1440.0000,85.531990
38.000,25.400,1441.0000,115.563662
38.000,25.400,1442.0000,123.731008
38.000,25.400,1443.0000,139.005227
38.000,25.400,1444.0000,172.160113
38.000,25.400,1445.0000,184.846834
38.000,25.400,1446.0000,210.295009
38.000,25.400,1447.0000,231.579929
38.000,25.400,1448.0000,264.166037
38.000,25.400,1449.0000,274.541911
38.000,25.400,1450.0000,275.711790
38.000,25.400,1451.0000,272.059028
38.000,25.400,1452.0000,263.172644
38.000,25.400,1453.0000,251.257072
38.000,25.400,1454.0000,206.723902
38.000,25.400,1455.0000,186.761439
38.000,25.400,1456.0000,165.844306
38.000,25.400,1457.0000,142.897123
38.000,25.400,1458.0000,122.886217
38.000,25.400,1459.0000,97.763248
38.000,25.400,1460.0000,86.091879
38.000,25.400,1461.0000,79.209782
38.000,25.400,1462.0000,71.930196
38.000,25.400,1463.0000,72.920800
38.000,25.400,1464.0000,73.993720
38.000,25.400,1465.0000,47.357736
38.000,25.400,1466.0000,47.704602
38.000,25.400,1467.0000,37.957292
38.000,25.400,1468.0000,46.822303
38.000,25.400,1469.0000,29.539505
38.000,25.400,1470.0000,36.200428
38.000,25.400,1471.0000,23.907325
38.000,25.400,1472.0000,27.881661
38.000,25.400,1473.0000,25.674881
38.000,25.400,1474.0000,25.883942
38.000,25.400,1475.0000,16.595435
38.000,25.400,1476.0000,25.310550
38.000,25.400,1477.0000,22.150566
38.000,25.400,1478.0000,20.894836
38.000,25.400,1479.0000,12.642323
38.000,25.400,1480.0000,13.431045
38.000,25.400,1481.0000,17.575044
38.000,25.400,1482.0000,18.297684
38.000,25.400,1483.0000,9.610759
38.000,25.400,1484.0000,7.880469
38.000,25.400,1485.0000,9.815219
38.000,25.400,1486.0000,5.300980
38.000,25.400,1487.0000,10.326709
38.000,25.400,1488.0000,2.725546
38.000,25.400,1489.0000,9.102025
38.000,25.400,1490.0000,11.675008
38.000,25.400,1491.0000,23.306555
38.000,25.400,1492.0000,14.225732
38.000,25.400,1493.0000,0.810993
38.000,25.400,1494.0000,12.921509
38.000,25.400,1495.0000,13.116666
38.000,25.400,1496.0000,4.169348
38.000,25.400,1497.0000,7.008635
38.000,25.400,1498.0000,8.054794
38.000,25.400,1499.0000,9.424903
38.000,25.400,1500.0000,8.091058
38.000,25.400,1501.0000,15.749888
38.000,25.400,1502.0000,14.266349
38.000,25.400,1503.0000,11.840142
38.000,25.400,1504.0000,6.880762
38.000,25.400,1505.0000,-0.954559
38.000,25.400,1506.0000,7.761265
38.000,25.400,1507.0000,9.438282
38.000,25.400,1508.0000,12.541103
38.000,25.400,1509.0000,4.273728
38.000,25.400,1510.0000,4.242303
38.000,25.400,1511.0000,4.460164
38.000,25.400,1512.0000,11.196035
38.000,25.400,1513.0000,3.139386
38.000,25.400,1514.0000,11.325926
38.000,25.400,1515.0000,8.182595
38.000,25.400,1516.0000,9.062386
38.000,25.400,1517.0000,-0.015929
38.000,25.400,1518.0000,7.073154
38.000,25.400,1519.0000,9.228686
38.000,25.400,1520.0000,6.605888
38.000,25.400,1521.0000,-2.679773
38.000,25.400,1522.0000,2.760796
38.000,25.400,1523.0000,12.351486
38.000,25.400,1524.0000,0.541012
38.000,25.400,1525.0000,14.153422
38.000,25.400,1526.0000,8.673051
38.000,25.400,1527.0000,-0.046284
38.000,25.400,1528.0000,0.728169
38.000,25.400,1529.0000,1.417307
38.000,25.400,1530.0000,3.357943
38.000,25.400,1531.0000,5.277949
38.000,25.400,1532.0000,6.846292
38.000,25.400,1533.0000,3.573998
38.000,25.400,1534.0000,6.187801
38.000,25.400,1535.0000,8.182148
38.000,25.400,1536.0000,11.299033
38.000,25.400,1537.0000,15.795164
38.000,25.400,1538.0000,1.255125
38.000,25.400,1539.0000,5.720169
38.000,25.400,1540.0000,7.064575
38.000,25.400,1541.0000,10.925408
38.000,25.400,1542.0000,4.489739
38.000,25.400,1543.0000,1.520717
38.000,25.400,1544.0000,13.847112
38.000,25.400,1545.0000,5.930572
38.000,25.400,1546.0000,22.143264
38.000,25.400,1547.0000,14.795425
38.000,25.400,1548.0000,7.478923
38.000,25.400,1549.0000,9.905950
38.000,25.400,1550.0000,16.554283
38.000,25.400,1551.0000,18.109332
38.000,25.400,1552.0000,3.327319
38.000,25.400,1553.0000,7.416221
38.000,25.400,1554.0000,9.159096
38.000,25.400,1555.0000,18.865185
38.000,25.400,1556.0000,7.566156
38.000,25.400,1557.0000,16.042028
38.000,25.400,1558.0000,19.917502
38.000,25.400,1559.0000,24.067780
38.000,25.400,1560.0000,22.665138
38.000,25.400,1561.0000,13.057927
38.000,25.400,1562.0000,20.566127
38.000,25.400,1563.0000,26.042852
38.000,25.400,1564.0000,36.712198
38.000,25.400,1565.0000,30.750653
38.000,25.400,1566.0000,29.480320
38.000,25.400,1567.0000,39.139482
38.000,25.400,1568.0000,43.459065
38.000,25.400,1569.0000,35.903811
38.000,25.400,1570.0000,41.417495
38.000,25.400,1571.0000,48.879365
38.000,25.400,1572.0000,62.880763
38.000,25.400,1573.0000,64.357048
38.000,25.400,1574.0000,72.199461
38.000,25.400,1575.0000,84.205757
38.000,25.400,1576.0000,95.284969
38.000,25.400,1577.0000,116.675215
38.000,25.400,1578.0000,154.115398
38.000,25.400,1579.0000,178.231823
38.000,25.400,1580.0000,218.821145
38.000,25.400,1581.0000,247.558172
38.000,25.400,1582.0000,271.990216
38.000,25.400,1583.0000,278.895537
38.000,25.400,1584.0000,280.001540
38.000,25.400,1585.0000,271.329881
38.000,25.400,1586.0000,232.211580
38.000,25.400,1587.0000,208.719934
38.000,25.400,1588.0000,183.785161
38.000,25.400,1589.0000,169.073266
38.000,25.400,1590.0000,167.618155
38.000,25.400,1591.0000,167.560477
38.000,25.400,1592.0000,167.582425
38.000,25.400,1593.0000,193.955956
38.000,25.400,1594.0000,199.267994
38.000,25.400,1595.0000,236.758332
38.000,25.400,1596.0000,276.561189
38.000,25.400,1597.0000,338.532835
38.000,25.400,1598.0000,415.052672
38.000,25.400,1599.0000,529.588664
38.000,25.400,1600.0000,657.799817
38.000,25.400,1601.0000,762.296609
38.000,25.400,1602.0000,813.902545
38.000,25.400,1603.0000,760.738028
38.000,25.400,1604.0000,645.935870
38.000,25.400,1605.0000,525.866235
38.000,25.400,1606.0000,410.773056
38.000,25.400,1607.0000,311.509616
38.000,25.400,1608.0000,258.444311
38.000,25.400,1609.0000,212.882782
38.000,25.400,1610.0000,161.812064
38.000,25.400,1611.0000,126.658223
38.000,25.400,1612.0000,109.929564
38.000,25.400,1613.0000,91.228710
38.000,25.400,1614.0000,88.415095
38.000,25.400,1615.0000,68.716079
38.000,25.400,1616.0000,70.405248
38.000,25.400,1617.0000,60.657590
38.000,25.400,1618.0000,45.136648
38.000,25.400,1619.0000,57.242706
38.000,25.400,1620.0000,37.599014
38.000,25.400,1621.0000,29.693368
38.000,25.400,1622.0000,38.392059
38.000,25.400,1623.0000,31.191200
38.000,25.400,1624.0000,29.879688
38.000,25.400,1625.0000,32.130964
38.000,25.400,1626.0000,31.416148
38.000,25.400,1627.0000,39.178107
38.000,25.400,1628.0000,25.805423
38.000,25.400,1629.0000,18.838593
38.000,25.400,1630.0000,20.727357
38.000,25.400,1631.0000,26.875469
38.000,25.400,1632.0000,14.533144
38.000,25.400,1633.0000,13.302381
38.000,25.400,1634.0000,10.362789
38.000,25.400,1635.0000,17.271703
38.000,25.400,1636.0000,22.147438
38.000,25.400,1637.0000,14.587232
38.000,25.400,1638.0000,13.205830
38.000,25.400,1639.0000,6.307001
38.000,25.400,1640.0000,12.954718
38.000,25.400,1641.0000,10.256258
38.000,25.400,1642.0000,15.076711
38.000,25.400,1643.0000,5.064482
38.000,25.400,1644.0000,10.455515
38.000,25.400,1645.0000,3.035904
38.000,25.400,1646.0000,3.304186
38.000,25.400,1647.0000,10.074305
38.000,25.400,1648.0000,16.126374
38.000,25.400,1649.0000,6.398865
38.000,25.400,1650.0000,3.884663
38.000,25.400,1651.0000,14.331094
38.000,25.400,1652.0000,4.943716
38.000,25.400,1653.0000,4.473233
38.000,25.400,1654.0000,1.728172
38.000,25.400,1655.0000,11.448001
38.000,25.400,1656.0000,0.565384
38.000,25.400,1657.0000,-3.489962
38.000,25.400,1658.0000,4.105519
38.000,25.400,1659.0000,1.693882
38.000,25.400,1660.0000,5.474599
38.000,25.400,1661.0000,3.734089
38.000,25.400,1662.0000,10.005298
38.000,25.400,1663.0000,7.566654
38.000,25.400,1664.0000,3.493023
38.000,25.400,1665.0000,4.736247
38.000,25.400,1666.0000,1.106291
38.000,25.400,1667.0000,1.670557
38.000,25.400,1668.0000,17.529704
38.000,25.400,1669.0000,-2.494655
38.000,25.400,1670.0000,-12.347220
38.000,25.400,1671.0000,-12.908628
38.000,25.400,1672.0000,11.857678
38.000,25.400,1673.0000,2.184923
38.000,25.400,1674.0000,16.180744
38.000,25.400,1675.0000,-0.289246
38.000,25.400,1676.0000,11.894788
38.000,25.400,1677.0000,-1.160885
38.000,25.400,1678.0000,0.468395
38.000,25.400,1679.0000,1.552851
38.000,25.400,1680.0000,11.501839
38.000,25.400,1681.0000,-6.839920
38.000,25.400,1682.0000,-2.748736
38.000,25.400,1683.0000,10.149110
38.000,25.400,1684.0000,7.012620
38.000,25.400,1685.0000,-3.438920
38.000,25.400,1686.0000,0.692695
38.000,25.400,1687.0000,2.484745
38.000,25.400,1688.0000,6.474433
38.000,25.400,1689.0000,7.799464
38.000,25.400,1690.0000,4.472649
38.000,25.400,1691.0000,5.658550
38.000,25.400,1692.0000,7.127409
38.000,25.400,1693.0000,-1.263089
38.000,25.400,1694.0000,4.292405
38.000,25.400,1695.0000,15.909473
38.000,25.400,1696.0000,8.945299
38.000,25.400,1697.0000,-4.269741
38.000,25.400,1698.0000,3.084929
38.000,25.400,1699.0000,-12.105524
38.000,25.400,1700.0000,5.438125
38.000,25.400,1701.0000,-1.887674
38.000,25.400,1702.0000,-2.779681
38.000,25.400,1703.0000,-2.380656
38.000,25.400,1704.0000,5.003733
38.000,25.400,1705.0000,6.961535
38.000,25.400,1706.0000,-2.748196
38.000,25.400,1707.0000,1.702236
38.000,25.400,1708.0000,-3.056762
38.000,25.400,1709.0000,-4.813035
38.000,25.400,1710.0000,3.544049
38.000,25.400,1711.0000,2.247237
38.000,25.400,1712.0000,15.420608
38.000,25.400,1713.0000,7.795266
38.000,25.400,1714.0000,9.315994
38.000,25.400,1715.0000,2.164196
38.000,25.400,1716.0000,-1.124125
38.000,25.400,1717.0000,9.052070
38.000,25.400,1718.0000,-1.001679
38.000,25.400,1719.0000,3.900377
38.000,25.400,1720.0000,2.624938
38.000,25.400,1721.0000,9.138563
38.000,25.400,1722.0000,8.154357
38.000,25.400,1723.0000,4.579572
38.000,25.400,1724.0000,3.266359
38.000,25.400,1725.0000,3.302719
38.000,25.400,1726.0000,-6.029276
38.000,25.400,1727.0000,-2.684794
38.000,25.400,1728.0000,-1.829852
38.000,25.400,1729.0000,4.451393
38.000,25.400,1730.0000,3.131961
38.000,25.400,1731.0000,6.520128
38.000,25.400,1732.0000,0.069940
38.000,25.400,1733.0000,3.454321
38.000,25.400,1734.0000,-0.076393
38.000,25.400,1735.0000,5.121262
38.000,25.400,1736.0000,0.152450
38.000,25.400,1737.0000,7.816690
38.000,25.400,1738.0000,9.943632
38.000,25.400,1739.0000,9.407132
38.000,25.400,1740.0000,-2.831906
38.000,25.400,1741.0000,4.095218
38.000,25.400,1742.0000,4.773399
38.000,25.400,1743.0000,-11.383136
38.000,25.400,1744.0000,8.809127
38.000,25.400,1745.0000,-0.159890
38.000,25.400,1746.0000,2.847558
38.000,25.400,1747.0000,4.186929
38.000,25.400,1748.0000,0.550375
38.000,25.400,1749.0000,2.557689
38.000,25.400,1750.0000,4.976076
38.000,25.400,1751.0000,3.243272
38.000,25.400,1752.0000,7.599737
38.000,25.400,1753.0000,-3.144318
38.000,25.400,1754.0000,7.208243
38.000,25.400,1755.0000,2.546997
38.000,25.400,1756.0000,-1.224318
38.000,25.400,1757.0000,1.395854
38.000,25.400,1758.0000,-6.724919
38.000,25.400,1759.0000,-6.145111
38.000,25.400,1760.0000,-14.167014
38.000,25.400,1761.0000,10.438756
38.000,25.400,1762.0000,-0.138059
38.000,25.400,1763.0000,-9.549179
38.000,25.400,1764.0000,11.395731
38.000,25.400,1765.0000,3.495002
38.000,25.400,1766.0000,4.909829
38.000,25.400,1767.0000,10.837398
38.000,25.400,1768.0000,3.996946
38.000,25.400,1769.0000,-3.377648
38.000,25.400,1770.0000,4.751613
38.000,25.400,1771.0000,-9.568488
38.000,25.400,1772.0000,0.585558
38.000,25.400,1773.0000,-2.430910
38.000,25.400,1774.0000,2.741075
38.000,25.400,1775.0000,10.272546
38.000,25.400,1776.0000,-10.457631
38.000,25.400,1777.0000,3.689290
38.000,25.400,1778.0000,3.892128
38.000,25.400,1779.0000,2.536250
38.000,25.400,1780.0000,7.972899
38.000,25.400,1781.0000,3.233790
38.000,25.400,1782.0000,0.250330
38.000,25.400,1783.0000,-2.936557
38.000,25.400,1784.0000,9.398389
38.000,25.400,1785.0000,5.605546
38.000,25.400,1786.0000,0.171618
38.000,25.400,1787.0000,2.422016
38.000,25.400,1788.0000,1.840239
38.000,25.400,1789.0000,2.617081
38.000,25.400,1790.0000,1.257435
38.000,25.400,1791.0000,-0.734700
38.000,25.400,1792.0000,2.838621
38.000,25.400,1793.0000,3.174414
38.000,25.400,1794.0000,11.025753
38.000,25.400,1795.0000,-1.720618
38.000,25.400,1796.0000,6.674823
38.000,25.400,1797.0000,8.623740
38.000,25.400,1798.0000,2.832245
38.000,25.400,1799.0000,-7.685017
38.000,25.400,1800.0000,-3.891660
38.000,25.400,1801.0000,4.015024
38.000,25.400,1802.0000,-1.243517
38.000,25.400,1803.0000,3.328132
38.000,25.400,1804.0000,-1.269758
38.000,25.400,1805.0000,-3.086406
38.000,25.400,1806.0000,1.003245
38.000,25.400,1807.0000,-6.736369
38.000,25.400,1808.0000,-1.508046
38.000,25.400,1809.0000,-2.438084
38.000,25.400,1810.0000,0.775633
38.000,25.400,1811.0000,-5.952415
38.000,25.400,1812.0000,2.164842
38.000,25.400,1813.0000,2.375053
38.000,25.400,1814.0000,-10.899020
38.000,25.400,1815.0000,3.821715
38.000,25.400,1816.0000,-12.568753
38.000,25.400,1817.0000,10.011701
38.000,25.400,1818.0000,0.375007
38.000,25.400,1819.0000,11.088276
38.000,25.400,1820.0000,-2.034194
38.000,25.400,1821.0000,13.055046
38.000,25.400,1822.0000,12.031481
38.000,25.400,1823.0000,6.425646
38.000,25.400,1824.0000,7.493911
38.000,25.400,1825.0000,-0.873062
38.000,25.400,1826.0000,5.079216
38.000,25.400,1827.0000,-13.249042
38.000,25.400,1828.0000,-2.914986
38.000,25.400,1829.0000,6.321114
38.000,25.400,1830.0000,-14.928592
38.000,25.400,1831.0000,4.964323
38.000,25.400,1832.0000,-0.803894
38.000,25.400,1833.0000,-1.686346
38.000,25.400,1834.0000,1.999924
38.000,25.400,1835.0000,11.054362
38.000,25.400,1836.0000,3.544530
38.000,25.400,1837.0000,-10.882770
38.000,25.400,1838.0000,7.688445
38.000,25.400,1839.0000,-0.165437
38.000,25.400,1840.0000,-1.425339
38.000,25.400,1841.0000,5.601439
38.000,25.400,1842.0000,3.077548
38.000,25.400,1843.0000,-0.334606
38.000,25.400,1844.0000,-2.713161
38.000,25.400,1845.0000,-3.677245
38.000,25.400,1846.0000,8.660309
38.000,25.400,1847.0000,-2.278686
38.000,25.400,1848.0000,8.156995
38.000,25.400,1849.0000,6.401939
38.000,25.400,1850.0000,-3.807177
38.000,25.400,1851.0000,-1.853815
38.000,25.400,1852.0000,-5.611298
38.000,25.400,1853.0000,0.141766
38.000,25.400,1854.0000,3.240749
38.000,25.400,1855.0000,-1.818020
38.000,25.400,1856.0000,5.037369
38.000,25.400,1857.0000,-2.852999
38.000,25.400,1858.0000,-1.831256
38.000,25.400,1859.0000,4.118744
38.000,25.400,1860.0000,-3.428132
38.000,25.400,1861.0000,6.034927
38.000,25.400,1862.0000,-13.806353
38.000,25.400,1863.0000,6.792924
38.000,25.400,1864.0000,9.643736
38.000,25.400,1865.0000,-0.374644
38.000,25.400,1866.0000,-2.901669
38.000,25.400,1867.0000,-3.130031
38.000,25.400,1868.0000,-3.320587
38.000,25.400,1869.0000,-0.808326
38.000,25.400,1870.0000,-6.896503
38.000,25.400,1871.0000,4.842349
38.000,25.400,1872.0000,-3.999644
38.000,25.400,1873.0000,-9.865902
38.000,25.400,1874.0000,-4.097427
38.000,25.400,1875.0000,9.400028
38.000,25.400,1876.0000,5.800396
38.000,25.400,1877.0000,-3.426672
38.000,25.400,1878.0000,2.749099
38.000,25.400,1879.0000,10.662408
38.000,25.400,1880.0000,8.405349
38.000,25.400,1881.0000,11.857511
38.000,25.400,1882.0000,-4.843110
38.000,25.400,1883.0000,5.364995
38.000,25.400,1884.0000,5.802741
38.000,25.400,1885.0000,-4.153354
38.000,25.400,1886.0000,12.432332
38.000,25.400,1887.0000,5.818934
38.000,25.400,1888.0000,5.714556
38.000,25.400,1889.0000,4.800606
38.000,25.400,1890.0000,-4.969739
38.000,25.400,1891.0000,-6.541995
38.000,25.400,1892.0000,-2.986809
38.000,25.400,1893.0000,6.638488
38.000,25.400,1894.0000,-1.170558
38.000,25.400,1895.0000,-5.175005
38.000,25.400,1896.0000,-5.191710
38.000,25.400,1897.0000,5.850443
38.000,25.400,1898.0000,-1.914023
38.000,25.400,1899.0000,-4.662914
38.000,25.400,1900.0000,-2.937712
38.000,25.400,1901.0000,6.189994
38.000,25.400,1902.0000,1.475572
38.000,25.400,1903.0000,-8.985402
38.000,25.400,1904.0000,5.255670
38.000,25.400,1905.0000,-5.416245
38.000,25.400,1906.0000,4.715882
38.000,25.400,1907.0000,10.595558
38.000,25.400,1908.0000,-1.642218
38.000,25.400,1909.0000,3.663231
38.000,25.400,1910.0000,-5.915696
38.000,25.400,1911.0000,5.390495
38.000,25.400,1912.0000,-4.502239
38.000,25.400,1913.0000,5.154881
38.000,25.400,1914.0000,-0.966666
38.000,25.400,1915.0000,-14.044088
38.000,25.400,1916.0000,-5.485078
38.000,25.400,1917.0000,0.796919
38.000,25.400,1918.0000,-1.136987
38.000,25.400,1919.0000,-4.430211
38.000,25.400,1920.0000,-2.582502
38.000,25.400,1921.0000,0.029584
38.000,25.400,1922.0000,-7.625564
38.000,25.400,1923.0000,-5.883405
38.000,25.400,1924.0000,1.657862
38.000,25.400,1925.0000,-3.341813
38.000,25.400,1926.0000,-1.649655
38.000,25.400,1927.0000,-2.844898
38.000,25.400,1928.0000,-0.209538
38.000,25.400,1929.0000,6.551741
38.000,25.400,1930.0000,10.538007
38.000,25.400,1931.0000,1.990440
38.000,25.400,1932.0000,0.884570
38.000,25.400,1933.0000,5.199104
38.000,25.400,1934.0000,-0.466347
38.000,25.400,1935.0000,-3.909701
38.000,25.400,1936.0000,0.482760
38.000,25.400,1937.0000,-7.475942
38.000,25.400,1938.0000,-11.917244
38.000,25.400,1939.0000,-0.144776
38.000,25.400,1940.0000,5.247305
38.000,25.400,1941.0000,6.867458
38.000,25.400,1942.0000,-3.350093
38.000,25.400,1943.0000,2.004616
38.000,25.400,1944.0000,7.170396
38.000,25.400,1945.0000,0.683580
38.000,25.400,1946.0000,-1.075577
38.000,25.400,1947.0000,2.150222
38.000,25.400,1948.0000,-10.389706
38.000,25.400,1949.0000,-0.277036
38.000,25.400,1950.0000,5.971906
38.000,25.400,1951.0000,-3.108410
38.000,25.400,1952.0000,-1.941891
38.000,25.400,1953.0000,-5.448584
38.000,25.400,1954.0000,-10.218080
38.000,25.400,1955.0000,6.476108
38.000,25.400,1956.0000,-10.380571
38.000,25.400,1957.0000,1.251966
38.000,25.400,1958.0000,-7.790655
38.000,25.400,1959.0000,6.235703
38.000,25.400,1960.0000,6.765568
38.000,25.400,1961.0000,9.169144
38.000,25.400,1962.0000,-1.127938
38.000,25.400,1963.0000,3.040755
38.000,25.400,1964.0000,1.013287
38.000,25.400,1965.0000,6.845603
38.000,25.400,1966.0000,6.596725
38.000,25.400,1967.0000,-5.755874
38.000,25.400,1968.0000,-4.138633
38.000,25.400,1969.0000,-2.239117
38.000,25.400,1970.0000,-1.224088
38.000,25.400,1971.0000,12.968802
38.000,25.400,1972.0000,12.875790
38.000,25.400,1973.0000,2.038427
38.000,25.400,1974.0000,4.816897
38.000,25.400,1975.0000,-3.437867
38.000,25.400,1976.0000,-14.683816
38.000,25.400,1977.0000,-16.376661
38.000,25.400,1978.0000,-1.445202
38.000,25.400,1979.0000,4.694035
38.000,25.400,1980.0000,7.677461
38.000,25.400,1981.0000,3.035567
38.000,25.400,1982.0000,8.198357
38.000,25.400,1983.0000,-8.213356
38.000,25.400,1984.0000,-2.230187
38.000,25.400,1985.0000,8.803318
38.000,25.400,1986.0000,0.469318
38.000,25.400,1987.0000,-5.986495
38.000,25.400,1988.0000,3.962218
38.000,25.400,1989.0000,-3.521074
38.000,25.400,1990.0000,6.499697
38.000,25.400,1991.0000,9.322214
38.000,25.400,1992.0000,4.743057
38.000,25.400,1993.0000,-4.466863
38.000,25.400,1994.0000,1.018316
38.000,25.400,1995.0000,-1.953094
38.000,25.400,1996.0000,-4.648651
38.000,25.400,1997.0000,-9.896535
38.000,25.400,1998.0000,14.045943
38.000,25.400,1999.0000,4.717500
38.000,25.400,2000.0000,-5.611646
