x,y,raman_shift_cm-1,intensity
37.800,25.200,200.0000,-3.498772
37.800,25.200,201.0000,-0.503277
37.800,25.200,202.0000,-6.079487
37.800,25.200,203.0000,7.418918
37.800,25.200,204.0000,-3.212005
37.800,25.200,205.0000,-2.626714
37.800,25.200,206.0000,9.070880
37.800,25.200,207.0000,-8.571251
37.800,25.200,208.0000,3.635778
37.800,25.200,209.0000,-4.980059
37.800,25.200,210.0000,5.088510
37.800,25.200,211.0000,-11.327662
37.800,25.200,212.0000,4.481566
37.800,25.200,213.0000,-6.300092
37.800,25.200,214.0000,13.512351
37.800,25.200,215.0000,0.273509
37.800,25.200,216.0000,-4.128255
37.800,25.200,217.0000,5.719756
37.800,25.200,218.0000,-0.958078
37.800,25.200,219.0000,-1.205031
37.800,25.200,220.0000,4.957403
37.800,25.200,221.0000,-2.555358
37.800,25.200,222.0000,-4.640913
37.800,25.200,223.0000,-2.885274
37.800,25.200,224.0000,-12.376077
37.800,25.200,225.0000,4.732221
37.800,25.200,226.0000,5.775640
37.800,25.200,227.0000,-7.692354
37.800,25.200,228.0000,-11.430800
37.800,25.200,229.0000,1.892117
37.800,25.200,230.0000,-8.423186
37.800,25.200,231.0000,-7.887648
37.800,25.200,232.0000,3.465512
37.800,25.200,233.0000,2.074496
37.800,25.200,234.0000,9.837435
37.800,25.200,235.0000,-8.041601
37.800,25.200,236.0000,10.274682
37.800,25.200,237.0000,-1.048049
37.800,25.200,238.0000,-3.495096
37.800,25.200,239.0000,-5.163443
37.800,25.200,240.0000,7.406713
37.800,25.200,241.0000,-7.548149
37.800,25.200,242.0000,-5.075154
37.800,25.200,243.0000,11.026196
37.800,25.200,244.0000,-6.745517
37.800,25.200,245.0000,-9.222259
37.800,25.200,246.0000,-9.731763
37.800,25.200,247.0000,2.122745
37.800,25.200,248.0000,6.165800
37.800,25.200,249.0000,-0.984646
37.800,25.200,250.0000,-3.305996
37.800,25.200,251.0000,11.046590
37.800,25.200,252.0000,1.667113
37.800,25.200,253.0000,-1.546562
37.800,25.200,254.0000,1.347034
37.800,25.200,255.0000,-0.359154
37.800,25.200,256.0000,0.098752
37.800,25.200,257.0000,6.107587
37.800,25.200,258.0000,-1.584485
37.800,25.200,259.0000,1.752906
37.800,25.200,260.0000,-3.894646
37.800,25.200,261.0000,-4.179554
37.800,25.200,262.0000,7.719923
37.800,25.200,263.0000,-2.979616
37.800,25.200,264.0000,-4.820436
37.800,25.200,265.0000,-7.404535
37.800,25.200,266.0000,-3.422466
37.800,25.200,267.0000,-2.651182
37.800,25.200,268.0000,1.323344
37.800,25.200,269.0000,-3.115210
37.800,25.200,270.0000,1.176984
37.800,25.200,271.0000,9.797756
37.800,25.200,272.0000,-2.994169
37.800,25.200,273.0000,-7.609675
37.800,25.200,274.0000,-1.791464
37.800,25.200,275.0000,16.852769
37.800,25.200,276.0000,-1.408863
37.800,25.200,277.0000,3.893844
37.800,25.200,278.0000,2.116784
37.800,25.200,279.0000,-3.949225
37.800,25.200,280.0000,-1.675702
37.800,25.200,281.0000,2.281779
37.800,25.200,282.0000,-2.369373
37.800,25.200,283.0000,1.968768
37.800,25.200,284.0000,-2.744273
37.800,25.200,285.0000,-12.883726
37.800,25.200,286.0000,7.488040
37.800,25.200,287.0000,-2.800922
37.800,25.200,288.0000,6.149764
37.800,25.200,289.0000,1.696428
37.800,25.200,290.0000,-6.522768
37.800,25.200,291.0000,0.715388
37.800,25.200,292.0000,-3.429564
37.800,25.200,293.0000,-0.608318
37.800,25.200,294.0000,0.651540
37.800,25.200,295.0000,-3.324536
37.800,25.200,296.0000,14.883098
37.800,25.200,297.0000,-10.478782
37.800,25.200,298.0000,4.069822
37.800,25.200,299.0000,-3.386848
37.800,25.200,300.0000,-0.618521
37.800,25.200,301.0000,-12.818748
37.800,25.200,302.0000,5.756414
37.800,25.200,303.0000,-4.833738
37.800,25.200,304.0000,-10.680008
37.800,25.200,305.0000,-2.767627
37.800,25.200,306.0000,-7.280415
37.800,25.200,307.0000,-4.033545
37.800,25.200,308.0000,-5.383360
37.800,25.200,309.0000,-10.884566
37.800,25.200,310.0000,-6.398035
37.800,25.200,311.0000,-2.558329
37.800,25.200,312.0000,1.377106
37.800,25.200,313.0000,-1.638392
37.800,25.200,314.0000,5.540647
37.800,25.200,315.0000,-9.162550
37.800,25.200,316.0000,-2.718701
37.800,25.200,317.0000,-13.182690
37.800,25.200,318.0000,8.400875
37.800,25.200,319.0000,3.653588
37.800,25.200,320.0000,12.685335
37.800,25.200,321.0000,9.902051
37.800,25.200,322.0000,4.867653
37.800,25.200,323.0000,2.614196
37.800,25.200,324.0000,-5.284283
37.800,25.200,325.0000,-7.079260
37.800,25.200,326.0000,-14.931745
37.800,25.200,327.0000,-6.534580
37.800,25.200,328.0000,-7.721970
37.800,25.200,329.0000,-1.972895
37.800,25.200,330.0000,5.578789
37.800,25.200,331.0000,-6.986124
37.800,25.200,332.0000,3.717816
37.800,25.200,333.0000,1.933299
37.800,25.200,334.0000,-0.613199
37.800,25.200,335.0000,4.677292
37.800,25.200,336.0000,0.223811
37.800,25.200,337.0000,-9.812805
37.800,25.200,338.0000,-1.208081
37.800,25.200,339.0000,7.720381
37.800,25.200,340.0000,4.978518
37.800,25.200,341.0000,-11.985376
37.800,25.200,342.0000,0.570202
37.800,25.200,343.0000,-9.812497
37.800,25.200,344.0000,0.999811
37.800,25.200,345.0000,5.109053
37.800,25.200,346.0000,-6.339789
37.800,25.200,347.0000,-3.077255
37.800,25.200,348.0000,-7.079299
37.800,25.200,349.0000,-10.909393
37.800,25.200,350.0000,4.373393
37.800,25.200,351.0000,6.431815
37.800,25.200,352.0000,8.240846
37.800,25.200,353.0000,0.064644
37.800,25.200,354.0000,-2.277094
37.800,25.200,355.0000,-7.858024
37.800,25.200,356.0000,-11.106910
37.800,25.200,357.0000,-2.960403
37.800,25.200,358.0000,-7.309497
37.800,25.200,359.0000,-4.263528
37.800,25.200,360.0000,4.311482
37.800,25.200,361.0000,-7.759252
37.800,25.200,362.0000,-12.772078
37.800,25.200,363.0000,5.327645
37.800,25.200,364.0000,2.725729
37.800,25.200,365.0000,0.303158
37.800,25.200,366.0000,-7.514191
37.800,25.200,367.0000,-2.279831
37.800,25.200,368.0000,8.857441
37.800,25.200,369.0000,4.141442
37.800,25.200,370.0000,-4.316598
37.800,25.200,371.0000,2.749850
37.800,25.200,372.0000,-1.868609
37.800,25.200,373.0000,-5.575948
37.800,25.200,374.0000,-7.434905
37.800,25.200,375.0000,6.594939
37.800,25.200,376.0000,5.550933
37.800,25.200,377.0000,-3.611243
37.800,25.200,378.0000,-3.031599
37.800,25.200,379.0000,-1.493944
37.800,25.200,380.0000,8.068082
37.800,25.200,381.0000,-4.122711
37.800,25.200,382.0000,6.815180
37.800,25.200,383.0000,12.055445
37.800,25.200,384.0000,-11.442710
37.800,25.200,385.0000,-6.528371
37.800,25.200,386.0000,1.604498
37.800,25.200,387.0000,-9.554810
37.800,25.200,388.0000,-4.014874
37.800,25.200,389.0000,2.404157
37.800,25.200,390.0000,-0.230653
37.800,25.200,391.0000,-6.435696
37.800,25.200,392.0000,-8.634732
37.800,25.200,393.0000,4.461849
37.800,25.200,394.0000,2.899431
37.800,25.200,395.0000,-3.982876
37.800,25.200,396.0000,-5.807786
37.800,25.200,397.0000,2.866790
37.800,25.200,398.0000,6.461856
37.800,25.200,399.0000,-0.344925
37.800,25.200,400.0000,8.348899
37.800,25.200,401.0000,-8.784289
37.800,25.200,402.0000,-5.188883
37.800,25.200,403.0000,6.563651
37.800,25.200,404.0000,-12.645065
37.800,25.200,405.0000,0.444560
37.800,25.200,406.0000,9.292297
37.800,25.200,407.0000,-7.469874
37.800,25.200,408.0000,4.343072
37.800,25.200,409.0000,5.467210
37.800,25.200,410.0000,9.038916
37.800,25.200,411.0000,4.795597
37.800,25.200,412.0000,2.298045
37.800,25.200,413.0000,-3.570303
37.800,25.200,414.0000,-0.397211
37.800,25.200,415.0000,0.586615
37.800,25.200,416.0000,1.106559
37.800,25.200,417.0000,7.700735
37.800,25.200,418.0000,-0.985724
37.800,25.200,419.0000,-0.087184
37.800,25.200,420.0000,5.429571
37.800,25.200,421.0000,8.307604
37.800,25.200,422.0000,-1.021459
37.800,25.200,423.0000,4.939669
37.800,25.200,424.0000,-0.915887
37.800,25.200,425.0000,5.602803
37.800,25.200,426.0000,3.636074
37.800,25.200,427.0000,6.735141
37.800,25.200,428.0000,5.299141
37.800,25.200,429.0000,-3.077856
37.800,25.200,430.0000,0.468612
37.800,25.200,431.0000,5.977636
37.800,25.200,432.0000,11.089011
37.800,25.200,433.0000,2.826451
37.800,25.200,434.0000,7.205908
37.800,25.200,435.0000,10.618901
37.800,25.200,436.0000,-2.465312
37.800,25.200,437.0000,-2.699345
37.800,25.200,438.0000,3.790826
37.800,25.200,439.0000,0.604389
37.800,25.200,440.0000,-3.181363
37.800,25.200,441.0000,-2.279501
37.800,25.200,442.0000,-6.295501
37.800,25.200,443.0000,4.884135
37.800,25.200,444.0000,1.339937
37.800,25.200,445.0000,1.723535
37.800,25.200,446.0000,-6.255267
37.800,25.200,447.0000,-15.399627
37.800,25.200,448.0000,-3.409935
37.800,25.200,449.0000,2.363914
37.800,25.200,450.0000,3.227028
37.800,25.200,451.0000,7.407823
37.800,25.200,452.0000,-2.096553
37.800,25.200,453.0000,-9.967010
37.800,25.200,454.0000,10.417730
37.800,25.200,455.0000,5.637169
37.800,25.200,456.0000,-5.199334
37.800,25.200,457.0000,3.439841
37.800,25.200,458.0000,-9.260211
37.800,25.200,459.0000,-4.823683
37.800,25.200,460.0000,0.906899
37.800,25.200,461.0000,0.087787
37.800,25.200,462.0000,-12.082426
37.800,25.200,463.0000,-7.684365
37.800,25.200,464.0000,9.526281
37.800,25.200,465.0000,6.324651
37.800,25.200,466.0000,-6.504403
37.800,25.200,467.0000,-6.182636
37.800,25.200,468.0000,12.582207
37.800,25.200,469.0000,-4.166616
37.800,25.200,470.0000,4.766878
37.800,25.200,471.0000,1.495938
37.800,25.200,472.0000,2.624429
37.800,25.200,473.0000,7.450077
37.800,25.200,474.0000,6.346073
37.800,25.200,475.0000,2.947831
37.800,25.200,476.0000,4.080485
37.800,25.200,477.0000,1.696896
37.800,25.200,478.0000,9.529262
37.800,25.200,479.0000,-0.644970
37.800,25.200,480.0000,-3.301347
37.800,25.200,481.0000,4.884599
37.800,25.200,482.0000,2.724555
37.800,25.200,483.0000,-4.897179
37.800,25.200,484.0000,-8.246329
37.800,25.200,485.0000,-4.712047
37.800,25.200,486.0000,4.085438
37.800,25.200,487.0000,6.752047
37.800,25.200,488.0000,-7.639591
37.800,25.200,489.0000,0.148567
37.800,25.200,490.0000,1.856495
37.800,25.200,491.0000,-7.666638
37.800,25.200,492.0000,-6.041914
37.800,25.200,493.0000,-6.726802
37.800,25.200,494.0000,-2.562673
37.800,25.200,495.0000,-14.236652
37.800,25.200,496.0000,-0.645223
37.800,25.200,497.0000,2.545264
37.800,25.200,498.0000,-0.451273
37.800,25.200,499.0000,0.736148
37.800,25.200,500.0000,0.592529
37.800,25.200,501.0000,1.261666
37.800,25.200,502.0000,-0.327769
37.800,25.200,503.0000,4.841560
37.800,25.200,504.0000,1.636334
37.800,25.200,505.0000,5.888729
37.800,25.200,506.0000,-4.994736
37.800,25.200,507.0000,-9.070781
37.800,25.200,508.0000,9.035759
37.800,25.200,509.0000,3.784300
37.800,25.200,510.0000,-1.650856
37.800,25.200,511.0000,-6.967056
37.800,25.200,512.0000,2.054640
37.800,25.200,513.0000,-3.333946
37.800,25.200,514.0000,-8.780798
37.800,25.200,515.0000,-11.419450
37.800,25.200,516.0000,-3.939890
37.800,25.200,517.0000,-2.574164
37.800,25.200,518.0000,5.547295
37.800,25.200,519.0000,7.394889
37.800,25.200,520.0000,-3.672253
37.800,25.200,521.0000,6.435981
37.800,25.200,522.0000,-2.200855
37.800,25.200,523.0000,-2.647929
37.800,25.200,524.0000,-2.331429
37.800,25.200,525.0000,0.393319
37.800,25.200,526.0000,0.464354
37.800,25.200,527.0000,7.913562
37.800,25.200,528.0000,-3.992753
37.800,25.200,529.0000,-8.049812
37.800,25.200,530.0000,-0.828350
37.800,25.200,531.0000,2.290346
37.800,25.200,532.0000,-0.514694
37.800,25.200,533.0000,4.453252
37.800,25.200,534.0000,7.825990
37.800,25.200,535.0000,-2.615814
37.800,25.200,536.0000,-4.259239
37.800,25.200,537.0000,-9.844275
37.800,25.200,538.0000,2.050181
37.800,25.200,539.0000,3.084441
37.800,25.200,540.0000,-3.159724
37.800,25.200,541.0000,7.781622
37.800,25.200,542.0000,1.538609
37.800,25.200,543.0000,-0.946110
37.800,25.200,544.0000,8.439843
37.800,25.200,545.0000,1.959430
37.800,25.200,546.0000,3.276418
37.800,25.200,547.0000,3.516942
37.800,25.200,548.0000,0.686140
37.800,25.200,549.0000,5.159551
37.800,25.200,550.0000,-5.205043
37.800,25.200,551.0000,-1.027160
37.800,25.200,552.0000,5.452848
37.800,25.200,553.0000,-9.974303
37.800,25.200,554.0000,0.622319
37.800,25.200,555.0000,16.503729
37.800,25.200,556.0000,-4.052238
37.800,25.200,557.0000,-5.720731
37.800,25.200,558.0000,1.548268
37.800,25.200,559.0000,-2.612912
37.800,25.200,560.0000,-1.912445
37.800,25.200,561.0000,9.142166
37.800,25.200,562.0000,-0.279850
37.800,25.200,563.0000,-0.584701
37.800,25.200,564.0000,2.064426
37.800,25.200,565.0000,-5.824724
37.800,25.200,566.0000,10.724264
37.800,25.200,567.0000,0.248401
37.800,25.200,568.0000,0.059187
37.800,25.200,569.0000,-11.195640
37.800,25.200,570.0000,-2.693721
37.800,25.200,571.0000,1.923956
37.800,25.200,572.0000,-10.658865
37.800,25.200,573.0000,0.881721
37.800,25.200,574.0000,-4.176431
37.800,25.200,575.0000,3.857808
37.800,25.200,576.0000,9.784044
37.800,25.200,577.0000,-3.836165
37.800,25.200,578.0000,-7.629045
37.800,25.200,579.0000,11.625215
37.800,25.200,580.0000,7.792298
37.800,25.200,581.0000,-5.638094
37.800,25.200,582.0000,3.539226
37.800,25.200,583.0000,-0.509618
37.800,25.200,584.0000,1.688904
37.800,25.200,585.0000,2.047688
37.800,25.200,586.0000,-0.512312
37.800,25.200,587.0000,11.449229
37.800,25.200,588.0000,12.435787
37.800,25.200,589.0000,-4.221870
37.800,25.200,590.0000,-4.783497
37.800,25.200,591.0000,-6.671720
37.800,25.200,592.0000,5.282084
37.800,25.200,593.0000,-2.230394
37.800,25.200,594.0000,-4.118152
37.800,25.200,595.0000,10.602714
37.800,25.200,596.0000,-7.448172
37.800,25.200,597.0000,5.283071
37.800,25.200,598.0000,3.202153
37.800,25.200,599.0000,-9.017933
37.800,25.200,600.0000,9.737422
37.800,25.200,601.0000,-0.299015
37.800,25.200,602.0000,2.425743
37.800,25.200,603.0000,14.165105
37.800,25.200,604.0000,3.534989
37.800,25.200,605.0000,0.102211
37.800,25.200,606.0000,7.534057
37.800,25.200,607.0000,8.007637
37.800,25.200,608.0000,0.738079
37.800,25.200,609.0000,6.553193
37.800,25.200,610.0000,1.164937
37.800,25.200,611.0000,-0.139789
37.800,25.200,612.0000,2.692268
37.800,25.200,613.0000,8.083908
37.800,25.200,614.0000,0.290266
37.800,25.200,615.0000,3.659148
37.800,25.200,616.0000,4.770556
37.800,25.200,617.0000,13.376787
37.800,25.200,618.0000,4.343981
37.800,25.200,619.0000,22.334294
37.800,25.200,620.0000,15.127798
37.800,25.200,621.0000,8.113011
37.800,25.200,622.0000,11.773607
37.800,25.200,623.0000,16.354591
37.800,25.200,624.0000,7.706857
37.800,25.200,625.0000,4.176058
37.800,25.200,626.0000,-0.180216
37.800,25.200,627.0000,-1.338289
37.800,25.200,628.0000,-10.014303
37.800,25.200,629.0000,-1.635537
37.800,25.200,630.0000,12.113103
37.800,25.200,631.0000,-8.054362
37.800,25.200,632.0000,2.737238
37.800,25.200,633.0000,-9.954236
37.800,25.200,634.0000,-0.021870
37.800,25.200,635.0000,3.222575
37.800,25.200,636.0000,12.645291
37.800,25.200,637.0000,3.900529
37.800,25.200,638.0000,-8.995511
37.800,25.200,639.0000,3.744378
37.800,25.200,640.0000,1.541671
37.800,25.200,641.0000,-2.496671
37.800,25.200,642.0000,3.425976
37.800,25.200,643.0000,-2.621309
37.800,25.200,644.0000,1.223432
37.800,25.200,645.0000,-0.615042
37.800,25.200,646.0000,-0.137891
37.800,25.200,647.0000,3.125847
37.800,25.200,648.0000,2.253431
37.800,25.200,649.0000,0.132260
37.800,25.200,650.0000,4.810263
37.800,25.200,651.0000,15.504817
37.800,25.200,652.0000,10.638818
37.800,25.200,653.0000,1.742925
37.800,25.200,654.0000,-0.343753
37.800,25.200,655.0000,9.358293
37.800,25.200,656.0000,2.378753
37.800,25.200,657.0000,-2.722133
37.800,25.200,658.0000,2.509764
37.800,25.200,659.0000,1.671683
37.800,25.200,660.0000,5.999256
37.800,25.200,661.0000,-10.616037
37.800,25.200,662.0000,3.639355
37.800,25.200,663.0000,3.169953
37.800,25.200,664.0000,-4.399347
37.800,25.200,665.0000,2.309398
37.800,25.200,666.0000,6.618136
37.800,25.200,667.0000,-4.842444
37.800,25.200,668.0000,-0.147163
37.800,25.200,669.0000,11.219521
37.800,25.200,670.0000,-3.138988
37.800,25.200,671.0000,2.142178
37.800,25.200,672.0000,2.765029
37.800,25.200,673.0000,-5.495707
37.800,25.200,674.0000,4.071983
37.800,25.200,675.0000,3.006988
37.800,25.200,676.0000,-2.083570
37.800,25.200,677.0000,15.041995
37.800,25.200,678.0000,-4.542365
37.800,25.200,679.0000,6.219609
37.800,25.200,680.0000,-6.058491
37.800,25.200,681.0000,-2.266857
37.800,25.200,682.0000,0.158879
37.800,25.200,683.0000,3.595879
37.800,25.200,684.0000,3.541972
37.800,25.200,685.0000,7.029867
37.800,25.200,686.0000,6.795813
37.800,25.200,687.0000,-0.780969
37.800,25.200,688.0000,9.606283
37.800,25.200,689.0000,-4.487399
37.800,25.200,690.0000,-1.118651
37.800,25.200,691.0000,4.681261
37.800,25.200,692.0000,3.853683
37.800,25.200,693.0000,3.245700
37.800,25.200,694.0000,7.563568
37.800,25.200,695.0000,5.828019
37.800,25.200,696.0000,-6.087978
37.800,25.200,697.0000,-9.714944
37.800,25.200,698.0000,0.738047
37.800,25.200,699.0000,10.087563
37.800,25.200,700.0000,-4.465932
37.800,25.200,701.0000,-1.208733
37.800,25.200,702.0000,11.085118
37.800,25.200,703.0000,-2.782999
37.800,25.200,704.0000,6.133750
37.800,25.200,705.0000,-0.299890
37.800,25.200,706.0000,3.338322
37.800,25.200,707.0000,-1.687642
37.800,25.200,708.0000,1.286084
37.800,25.200,709.0000,-2.319898
37.800,25.200,710.0000,10.196909
37.800,25.200,711.0000,-2.605073
37.800,25.200,712.0000,3.032226
37.800,25.200,713.0000,-5.891383
37.800,25.200,714.0000,0.608142
37.800,25.200,715.0000,-0.921278
37.800,25.200,716.0000,6.061066
37.800,25.200,717.0000,-1.319524
37.800,25.200,718.0000,5.883007
37.800,25.200,719.0000,-1.061064
37.800,25.200,720.0000,-2.487992
37.800,25.200,721.0000,-1.240195
37.800,25.200,722.0000,4.291231
37.800,25.200,723.0000,12.817081
37.800,25.200,724.0000,9.912648
37.800,25.200,725.0000,2.248348
37.800,25.200,726.0000,3.841418
37.800,25.200,727.0000,3.429382
37.800,25.200,728.0000,3.997579
37.800,25.200,729.0000,7.307319
37.800,25.200,730.0000,-1.541115
37.800,25.200,731.0000,-2.646407
37.800,25.200,732.0000,-1.562975
37.800,25.200,733.0000,0.147826
37.800,25.200,734.0000,6.628469
37.800,25.200,735.0000,2.643602
37.800,25.200,736.0000,-3.794960
37.800,25.200,737.0000,-6.190312
37.800,25.200,738.0000,10.426317
37.800,25.200,739.0000,0.797250
37.800,25.200,740.0000,0.338278
37.800,25.200,741.0000,-1.362230
37.800,25.200,742.0000,5.064209
37.800,25.200,743.0000,1.256953
37.800,25.200,744.0000,7.126654
37.800,25.200,745.0000,-0.173177
37.800,25.200,746.0000,1.933871
37.800,25.200,747.0000,3.836907
37.800,25.200,748.0000,4.236866
37.800,25.200,749.0000,4.024862
37.800,25.200,750.0000,10.130410
37.800,25.200,751.0000,1.992236
37.800,25.200,752.0000,1.667228
37.800,25.200,753.0000,0.747712
37.800,25.200,754.0000,-6.655906
37.800,25.200,755.0000,1.322284
37.800,25.200,756.0000,-12.157333
37.800,25.200,757.0000,4.440815
37.800,25.200,758.0000,-12.416108
37.800,25.200,759.0000,-1.168915
37.800,25.200,760.0000,-8.456956
37.800,25.200,761.0000,-7.163621
37.800,25.200,762.0000,4.330522
37.800,25.200,763.0000,-11.901915
37.800,25.200,764.0000,-10.786201
37.800,25.200,765.0000,5.633955
37.800,25.200,766.0000,7.560321
37.800,25.200,767.0000,-4.753792
37.800,25.200,768.0000,-5.621542
37.800,25.200,769.0000,6.990353
37.800,25.200,770.0000,-5.106334
37.800,25.200,771.0000,-14.008678
37.800,25.200,772.0000,1.189412
37.800,25.200,773.0000,0.718086
37.800,25.200,774.0000,-0.155957
37.800,25.200,775.0000,2.575305
37.800,25.200,776.0000,6.949208
37.800,25.200,777.0000,1.711663
37.800,25.200,778.0000,-8.490431
37.800,25.200,779.0000,7.594024
37.800,25.200,780.0000,16.311846
37.800,25.200,781.0000,3.031047
37.800,25.200,782.0000,6.141581
37.800,25.200,783.0000,3.156922
37.800,25.200,784.0000,-1.052827
37.800,25.200,785.0000,6.917250
37.800,25.200,786.0000,3.964098
37.800,25.200,787.0000,3.472159
37.800,25.200,788.0000,5.828279
37.800,25.200,789.0000,12.822438
37.800,25.200,790.0000,-0.189250
37.800,25.200,791.0000,-1.294638
37.800,25.200,792.0000,3.446976
37.800,25.200,793.0000,0.286012
37.800,25.200,794.0000,-3.532589
37.800,25.200,795.0000,10.015613
37.800,25.200,796.0000,10.425291
37.800,25.200,797.0000,-0.562967
37.800,25.200,798.0000,6.870479
37.800,25.200,799.0000,6.124970
37.800,25.200,800.0000,4.170850
37.800,25.200,801.0000,-8.122135
37.800,25.200,802.0000,-1.446531
37.800,25.200,803.0000,-0.067543
37.800,25.200,804.0000,-1.914348
37.800,25.200,805.0000,8.189021
37.800,25.200,806.0000,-0.967492
37.800,25.200,807.0000,-4.946552
37.800,25.200,808.0000,1.090827
37.800,25.200,809.0000,-2.062847
37.800,25.200,810.0000,-0.824440
37.800,25.200,811.0000,-4.748176
37.800,25.200,812.0000,-7.288639
37.800,25.200,813.0000,-2.917929
37.800,25.200,814.0000,-5.008491
37.800,25.200,815.0000,-4.724389
37.800,25.200,816.0000,5.866542
37.800,25.200,817.0000,-1.553552
37.800,25.200,818.0000,9.660205
37.800,25.200,819.0000,-3.758635
37.800,25.200,820.0000,3.677214
37.800,25.200,821.0000,0.877591
37.800,25.200,822.0000,-1.492830
37.800,25.200,823.0000,-7.547567
37.800,25.200,824.0000,-7.766078
37.800,25.200,825.0000,7.562091
37.800,25.200,826.0000,-0.940691
37.800,25.200,827.0000,5.424821
37.800,25.200,828.0000,-1.791589
37.800,25.200,829.0000,2.761956
37.800,25.200,830.0000,-3.764033
37.800,25.200,831.0000,5.427175
37.800,25.200,832.0000,-2.030853
37.800,25.200,833.0000,-2.449648
37.800,25.200,834.0000,2.134232
37.800,25.200,835.0000,-2.932381
37.800,25.200,836.0000,-1.366033
37.800,25.200,837.0000,-17.813415
37.800,25.200,838.0000,-14.899678
37.800,25.200,839.0000,-1.275710
37.800,25.200,840.0000,-0.405303
37.800,25.200,841.0000,-7.222695
37.800,25.200,842.0000,6.186886
37.800,25.200,843.0000,-3.634770
37.800,25.200,844.0000,-0.527321
37.800,25.200,845.0000,5.053709
37.800,25.200,846.0000,-7.087691
37.800,25.200,847.0000,6.951976
37.800,25.200,848.0000,-5.585669
37.800,25.200,849.0000,-0.945613
37.800,25.200,850.0000,1.305995
37.800,25.200,851.0000,-0.369721
37.800,25.200,852.0000,-1.203776
37.800,25.200,853.0000,7.561528
37.800,25.200,854.0000,0.234390
37.800,25.200,855.0000,9.780619
37.800,25.200,856.0000,11.918845
37.800,25.200,857.0000,-10.570821
37.800,25.200,858.0000,-1.307142
37.800,25.200,859.0000,-5.407761
37.800,25.200,860.0000,5.995102
37.800,25.200,861.0000,-5.623535
37.800,25.200,862.0000,-4.870376
37.800,25.200,863.0000,-2.008752
37.800,25.200,864.0000,11.726758
37.800,25.200,865.0000,13.425541
37.800,25.200,866.0000,-4.187889
37.800,25.200,867.0000,-14.456729
37.800,25.200,868.0000,-1.155398
37.800,25.200,869.0000,-0.343767
37.800,25.200,870.0000,-6.075425
37.800,25.200,871.0000,-0.896580
37.800,25.200,872.0000,-5.897137
37.800,25.200,873.0000,-0.003481
37.800,25.200,874.0000,-4.805748
37.800,25.200,875.0000,0.947439
37.800,25.200,876.0000,-10.308603
37.800,25.200,877.0000,-0.286619
37.800,25.200,878.0000,5.890963
37.800,25.200,879.0000,-2.337196
37.800,25.200,880.0000,15.223483
37.800,25.200,881.0000,8.549867
37.800,25.200,882.0000,3.000893
37.800,25.200,883.0000,11.140474
37.800,25.200,884.0000,-3.229876
37.800,25.200,885.0000,10.904021
37.800,25.200,886.0000,3.357230
37.800,25.200,887.0000,-6.050438
37.800,25.200,888.0000,8.963415
37.800,25.200,889.0000,-3.862189
37.800,25.200,890.0000,-0.679507
37.800,25.200,891.0000,12.067152
37.800,25.200,892.0000,8.226536
37.800,25.200,893.0000,-0.069828
37.800,25.200,894.0000,9.803681
37.800,25.200,895.0000,3.888193
37.800,25.200,896.0000,1.090000
37.800,25.200,897.0000,-8.627027
37.800,25.200,898.0000,3.490031
37.800,25.200,899.0000,-1.475657
37.800,25.200,900.0000,-1.700420
37.800,25.200,901.0000,-10.337338
37.800,25.200,902.0000,14.341880
37.800,25.200,903.0000,1.054627
37.800,25.200,904.0000,0.465656
37.800,25.200,905.0000,-2.832633
37.800,25.200,906.0000,2.218896
37.800,25.200,907.0000,-5.162843
37.800,25.200,908.0000,-4.766964
37.800,25.200,909.0000,-1.178233
37.800,25.200,910.0000,-0.815930
37.800,25.200,911.0000,-2.743237
37.800,25.200,912.0000,-6.041060
37.800,25.200,913.0000,4.791794
37.800,25.200,914.0000,1.801956
37.800,25.200,915.0000,-4.079501
37.800,25.200,916.0000,6.459516
37.800,25.200,917.0000,8.338333
37.800,25.200,918.0000,0.755933
37.800,25.200,919.0000,14.871869
37.800,25.200,920.0000,-4.691093
37.800,25.200,921.0000,-4.504149
37.800,25.200,922.0000,4.608561
37.800,25.200,923.0000,2.252007
37.800,25.200,924.0000,5.129706
37.800,25.200,925.0000,8.308605
37.800,25.200,926.0000,7.708391
37.800,25.200,927.0000,10.345963
37.800,25.200,928.0000,-0.262901
37.800,25.200,929.0000,-9.836915
37.800,25.200,930.0000,2.228949
37.800,25.200,931.0000,1.804790
37.800,25.200,932.0000,3.474056
37.800,25.200,933.0000,-3.619320
37.800,25.200,934.0000,3.836316
37.800,25.200,935.0000,-11.699333
37.800,25.200,936.0000,-2.245901
37.800,25.200,937.0000,0.895928
37.800,25.200,938.0000,7.328683
37.800,25.200,939.0000,-3.844183
37.800,25.200,940.0000,6.265287
37.800,25.200,941.0000,1.128903
37.800,25.200,942.0000,-9.610423
37.800,25.200,943.0000,3.166959
37.800,25.200,944.0000,-3.850063
37.800,25.200,945.0000,-1.487959
37.800,25.200,946.0000,5.330442
37.800,25.200,947.0000,2.569731
37.800,25.200,948.0000,-8.820359
37.800,25.200,949.0000,-0.298299
37.800,25.200,950.0000,-0.897448
37.800,25.200,951.0000,6.413036
37.800,25.200,952.0000,-5.708812
37.800,25.200,953.0000,7.426918
37.800,25.200,954.0000,-1.958557
37.800,25.200,955.0000,3.313465
37.800,25.200,956.0000,-3.525555
37.800,25.200,957.0000,-0.226812
37.800,25.200,958.0000,0.971287
37.800,25.200,959.0000,-2.095540
37.800,25.200,960.0000,7.834221
37.800,25.200,961.0000,1.274434
37.800,25.200,962.0000,9.152992
37.800,25.200,963.0000,0.914592
37.800,25.200,964.0000,-2.778518
37.800,25.200,965.0000,13.074832
37.800,25.200,966.0000,-6.587329
37.800,25.200,967.0000,-2.208296
37.800,25.200,968.0000,-0.724678
37.800,25.200,969.0000,4.143566
37.800,25.200,970.0000,-1.033946
37.800,25.200,971.0000,-0.079855
37.800,25.200,972.0000,-9.005142
37.800,25.200,973.0000,-6.796816
37.800,25.200,974.0000,-4.781702
37.800,25.200,975.0000,-9.560652
37.800,25.200,976.0000,5.802771
37.800,25.200,977.0000,-5.811199
37.800,25.200,978.0000,12.668299
37.800,25.200,979.0000,-4.221268
37.800,25.200,980.0000,-8.435143
37.800,25.200,981.0000,7.796069
37.800,25.200,982.0000,-0.729157
37.800,25.200,983.0000,12.158312
37.800,25.200,984.0000,0.983673
37.800,25.200,985.0000,6.879795
37.800,25.200,986.0000,10.691863
37.800,25.200,987.0000,9.206721
37.800,25.200,988.0000,5.941131
37.800,25.200,989.0000,-4.211965
37.800,25.200,990.0000,8.083986
37.800,25.200,991.0000,2.470442
37.800,25.200,992.0000,4.300899
37.800,25.200,993.0000,3.054328
37.800,25.200,994.0000,10.367244
37.800,25.200,995.0000,12.813987
37.800,25.200,996.0000,12.490231
37.800,25.200,997.0000,19.558154
37.800,25.200,998.0000,26.918622
37.800,25.200,999.0000,44.448263
37.800,25.200,1000.0000,60.673977
37.800,25.200,1001.0000,59.042732
37.800,25.200,1002.0000,51.627880
37.800,25.200,1003.0000,42.647121
37.800,25.200,1004.0000,33.948288
37.800,25.200,1005.0000,23.443412
37.800,25.200,1006.0000,20.221076
37.800,25.200,1007.0000,10.487540
37.800,25.200,1008.0000,17.082890
37.800,25.200,1009.0000,11.546740
37.800,25.200,1010.0000,1.471815
37.800,25.200,1011.0000,3.543406
37.800,25.200,1012.0000,7.993769
37.800,25.200,1013.0000,4.747175
37.800,25.200,1014.0000,4.728361
37.800,25.200,1015.0000,13.516775
37.800,25.200,1016.0000,8.454874
37.800,25.200,1017.0000,6.749884
37.800,25.200,1018.0000,4.808953
37.800,25.200,1019.0000,10.326735
37.800,25.200,1020.0000,-0.163524
37.800,25.200,1021.0000,0.244265
37.800,25.200,1022.0000,6.000007
37.800,25.200,1023.0000,3.171554
37.800,25.200,1024.0000,5.335685
37.800,25.200,1025.0000,12.100270
37.800,25.200,1026.0000,9.603272
37.800,25.200,1027.0000,18.911195
37.800,25.200,1028.0000,11.626534
37.800,25.200,1029.0000,23.226167
37.800,25.200,1030.0000,16.709405
37.800,25.200,1031.0000,23.775385
37.800,25.200,1032.0000,32.428116
37.800,25.200,1033.0000,13.056810
37.800,25.200,1034.0000,11.332430
37.800,25.200,1035.0000,2.521101
37.800,25.200,1036.0000,15.386958
37.800,25.200,1037.0000,1.057449
37.800,25.200,1038.0000,6.043473
37.800,25.200,1039.0000,5.930006
37.800,25.200,1040.0000,15.513216
37.800,25.200,1041.0000,9.865568
37.800,25.200,1042.0000,0.214930
37.800,25.200,1043.0000,0.892925
37.800,25.200,1044.0000,5.171464
37.800,25.200,1045.0000,7.301970
37.800,25.200,1046.0000,4.194484
37.800,25.200,1047.0000,3.099988
37.800,25.200,1048.0000,-11.159646
37.800,25.200,1049.0000,14.254939
37.800,25.200,1050.0000,7.447245
37.800,25.200,1051.0000,-18.221763
37.800,25.200,1052.0000,2.701316
37.800,25.200,1053.0000,0.600686
37.800,25.200,1054.0000,-5.421991
37.800,25.200,1055.0000,6.078655
37.800,25.200,1056.0000,-1.038242
37.800,25.200,1057.0000,2.131317
37.800,25.200,1058.0000,-0.742976
37.800,25.200,1059.0000,-2.276216
37.800,25.200,1060.0000,-4.353285
37.800,25.200,1061.0000,0.672868
37.800,25.200,1062.0000,11.762302
37.800,25.200,1063.0000,-3.985914
37.800,25.200,1064.0000,8.573443
37.800,25.200,1065.0000,-0.987698
37.800,25.200,1066.0000,5.485919
37.800,25.200,1067.0000,-2.367063
37.800,25.200,1068.0000,13.773272
37.800,25.200,1069.0000,1.290164
37.800,25.200,1070.0000,0.700558
37.800,25.200,1071.0000,-9.092917
37.800,25.200,1072.0000,-6.404024
37.800,25.200,1073.0000,0.599822
37.800,25.200,1074.0000,2.466394
37.800,25.200,1075.0000,-5.578762
37.800,25.200,1076.0000,5.020099
37.800,25.200,1077.0000,0.013378
37.800,25.200,1078.0000,-0.073671
37.800,25.200,1079.0000,9.401128
37.800,25.200,1080.0000,-14.431121
37.800,25.200,1081.0000,-0.442480
37.800,25.200,1082.0000,1.404145
37.800,25.200,1083.0000,-4.480513
37.800,25.200,1084.0000,-9.537281
37.800,25.200,1085.0000,-2.010455
37.800,25.200,1086.0000,-5.787669
37.800,25.200,1087.0000,7.541357
37.800,25.200,1088.0000,-3.138011
37.800,25.200,1089.0000,-2.734159
37.800,25.200,1090.0000,-1.712877
37.800,25.200,1091.0000,-3.464806
37.800,25.200,1092.0000,-0.788551
37.800,25.200,1093.0000,-3.828539
37.800,25.200,1094.0000,-6.707237
37.800,25.200,1095.0000,5.331415
37.800,25.200,1096.0000,-3.303191
37.800,25.200,1097.0000,-2.138265
37.800,25.200,1098.0000,2.752380
37.800,25.200,1099.0000,-3.477091
37.800,25.200,1100.0000,-9.806201
37.800,25.200,1101.0000,-10.595748
37.800,25.200,1102.0000,-10.575653
37.800,25.200,1103.0000,10.542027
37.800,25.200,1104.0000,6.561611
37.800,25.200,1105.0000,-2.199847
37.800,25.200,1106.0000,-3.821943
37.800,25.200,1107.0000,-1.056217
37.800,25.200,1108.0000,1.879730
37.800,25.200,1109.0000,-9.236948
37.800,25.200,1110.0000,5.562254
37.800,25.200,1111.0000,15.470804
37.800,25.200,1112.0000,-10.314808
37.800,25.200,1113.0000,3.345045
37.800,25.200,1114.0000,-2.315727
37.800,25.200,1115.0000,-1.037812
37.800,25.200,1116.0000,1.787995
37.800,25.200,1117.0000,3.188006
37.800,25.200,1118.0000,-6.224365
37.800,25.200,1119.0000,-0.194961
37.800,25.200,1120.0000,5.791124
37.800,25.200,1121.0000,5.397882
37.800,25.200,1122.0000,3.327635
37.800,25.200,1123.0000,8.189308
37.800,25.200,1124.0000,7.608505
37.800,25.200,1125.0000,-0.574659
37.800,25.200,1126.0000,8.556167
37.800,25.200,1127.0000,7.537419
37.800,25.200,1128.0000,-6.523890
37.800,25.200,1129.0000,5.638302
37.800,25.200,1130.0000,8.744434
37.800,25.200,1131.0000,5.791789
37.800,25.200,1132.0000,5.156533
37.800,25.200,1133.0000,0.629642
37.800,25.200,1134.0000,-8.130761
37.800,25.200,1135.0000,-5.465498
37.800,25.200,1136.0000,4.331744
37.800,25.200,1137.0000,-4.466776
37.800,25.200,1138.0000,8.652620
37.800,25.200,1139.0000,10.371612
37.800,25.200,1140.0000,3.159218
37.800,25.200,1141.0000,7.010019
37.800,25.200,1142.0000,4.359861
37.800,25.200,1143.0000,-13.433931
37.800,25.200,1144.0000,-4.066753
37.800,25.200,1145.0000,-6.482062
37.800,25.200,1146.0000,2.987587
37.800,25.200,1147.0000,-8.844203
37.800,25.200,1148.0000,5.498652
37.800,25.200,1149.0000,6.099641
37.800,25.200,1150.0000,6.027855
37.800,25.200,1151.0000,2.365062
37.800,25.200,1152.0000,6.034196
37.800,25.200,1153.0000,6.167075
37.800,25.200,1154.0000,7.749302
37.800,25.200,1155.0000,2.431073
37.800,25.200,1156.0000,15.154761
37.800,25.200,1157.0000,1.493718
37.800,25.200,1158.0000,12.504033
37.800,25.200,1159.0000,7.744723
37.800,25.200,1160.0000,5.171730
37.800,25.200,1161.0000,1.671267
37.800,25.200,1162.0000,-6.012639
37.800,25.200,1163.0000,0.131374
37.800,25.200,1164.0000,5.583304
37.800,25.200,1165.0000,-8.406698
37.800,25.200,1166.0000,-4.690279
37.800,25.200,1167.0000,2.671986
37.800,25.200,1168.0000,5.735545
37.800,25.200,1169.0000,1.612540
37.800,25.200,1170.0000,14.090523
37.800,25.200,1171.0000,2.815587
37.800,25.200,1172.0000,6.516273
37.800,25.200,1173.0000,-4.751203
37.800,25.200,1174.0000,11.639515
37.800,25.200,1175.0000,-2.557258
37.800,25.200,1176.0000,-10.868664
37.800,25.200,1177.0000,5.830779
37.800,25.200,1178.0000,4.511613
37.800,25.200,1179.0000,4.136898
37.800,25.200,1180.0000,0.839754
37.800,25.200,1181.0000,2.197167
37.800,25.200,1182.0000,8.020274
37.800,25.200,1183.0000,8.291707
37.800,25.200,1184.0000,8.035022
37.800,25.200,1185.0000,4.773358
37.800,25.200,1186.0000,4.594993
37.800,25.200,1187.0000,10.524425
37.800,25.200,1188.0000,-4.779329
37.800,25.200,1189.0000,-1.071602
37.800,25.200,1190.0000,-8.052559
37.800,25.200,1191.0000,9.432464
37.800,25.200,1192.0000,1.099870
37.800,25.200,1193.0000,-7.868340
37.800,25.200,1194.0000,2.471904
37.800,25.200,1195.0000,-0.640910
37.800,25.200,1196.0000,-6.812236
37.800,25.200,1197.0000,-5.655243
37.800,25.200,1198.0000,10.005621
37.800,25.200,1199.0000,-7.620722
37.800,25.200,1200.0000,6.016014
37.800,25.200,1201.0000,10.115766
37.800,25.200,1202.0000,-6.922711
37.800,25.200,1203.0000,-5.189560
37.800,25.200,1204.0000,-2.212202
37.800,25.200,1205.0000,-3.623496
37.800,25.200,1206.0000,9.378553
37.800,25.200,1207.0000,1.442504
37.800,25.200,1208.0000,-0.149959
37.800,25.200,1209.0000,-7.477970
37.800,25.200,1210.0000,10.863851
37.800,25.200,1211.0000,-1.889601
37.800,25.200,1212.0000,-4.718465
37.800,25.200,1213.0000,-7.090132
37.800,25.200,1214.0000,9.653698
37.800,25.200,1215.0000,12.871285
37.800,25.200,1216.0000,-4.303698
37.800,25.200,1217.0000,7.413767
37.800,25.200,1218.0000,-0.888490
37.800,25.200,1219.0000,4.660341
37.800,25.200,1220.0000,11.501525
37.800,25.200,1221.0000,1.146990
37.800,25.200,1222.0000,6.320366
37.800,25.200,1223.0000,5.353180
37.800,25.200,1224.0000,7.244140
37.800,25.200,1225.0000,-2.282615
37.800,25.200,1226.0000,4.250454
37.800,25.200,1227.0000,-3.675487
37.800,25.200,1228.0000,-1.019751
37.800,25.200,1229.0000,-4.458673
37.800,25.200,1230.0000,-1.848523
37.800,25.200,1231.0000,4.967076
37.800,25.200,1232.0000,-2.664321
37.800,25.200,1233.0000,-14.932553
37.800,25.200,1234.0000,9.098135
37.800,25.200,1235.0000,-8.068940
37.800,25.200,1236.0000,0.476736
37.800,25.200,1237.0000,-1.296815
37.800,25.200,1238.0000,-1.227280
37.800,25.200,1239.0000,0.026595
37.800,25.200,1240.0000,-12.640653
37.800,25.200,1241.0000,-10.817925
37.800,25.200,1242.0000,-0.240904
37.800,25.200,1243.0000,-2.787841
37.800,25.200,1244.0000,3.037991
37.800,25.200,1245.0000,-6.375961
37.800,25.200,1246.0000,-1.348158
37.800,25.200,1247.0000,-9.043853
37.800,25.200,1248.0000,3.725274
37.800,25.200,1249.0000,-6.972443
37.800,25.200,1250.0000,12.735193
37.800,25.200,1251.0000,-0.600948
37.800,25.200,1252.0000,-2.066491
37.800,25.200,1253.0000,2.638368
37.800,25.200,1254.0000,6.394457
37.800,25.200,1255.0000,-6.857129
37.800,25.200,1256.0000,4.831371
37.800,25.200,1257.0000,5.548281
37.800,25.200,1258.0000,-1.079745
37.800,25.200,1259.0000,-7.170702
37.800,25.200,1260.0000,4.816252
37.800,25.200,1261.0000,6.115770
37.800,25.200,1262.0000,0.566151
37.800,25.200,1263.0000,2.936315
37.800,25.200,1264.0000,-2.379591
37.800,25.200,1265.0000,-4.933366
37.800,25.200,1266.0000,-1.855260
37.800,25.200,1267.0000,0.199788
37.800,25.200,1268.0000,9.600924
37.800,25.200,1269.0000,3.895717
37.800,25.200,1270.0000,8.638056
37.800,25.200,1271.0000,1.912034
37.800,25.200,1272.0000,-0.107017
37.800,25.200,1273.0000,11.679603
37.800,25.200,1274.0000,2.153413
37.800,25.200,1275.0000,16.368762
37.800,25.200,1276.0000,8.098566
37.800,25.200,1277.0000,-4.833279
37.800,25.200,1278.0000,0.189683
37.800,25.200,1279.0000,-9.676204
37.800,25.200,1280.0000,2.339883
37.800,25.200,1281.0000,7.711613
37.800,25.200,1282.0000,-4.644355
37.800,25.200,1283.0000,8.259730
37.800,25.200,1284.0000,13.951021
37.800,25.200,1285.0000,-0.967223
37.800,25.200,1286.0000,9.968436
37.800,25.200,1287.0000,-10.708160
37.800,25.200,1288.0000,-1.308461
37.800,25.200,1289.0000,0.121973
37.800,25.200,1290.0000,1.169403
37.800,25.200,1291.0000,-6.072449
37.800,25.200,1292.0000,-12.660514
37.800,25.200,1293.0000,-1.662965
37.800,25.200,1294.0000,-3.073544
37.800,25.200,1295.0000,10.379052
37.800,25.200,1296.0000,0.363266
37.800,25.200,1297.0000,2.138677
37.800,25.200,1298.0000,1.432054
37.800,25.200,1299.0000,0.594903
37.800,25.200,1300.0000,-0.447872
37.800,25.200,1301.0000,5.777299
37.800,25.200,1302.0000,1.109129
37.800,25.200,1303.0000,-8.922648
37.800,25.200,1304.0000,-5.502829
37.800,25.200,1305.0000,1.108226
37.800,25.200,1306.0000,-9.833937
37.800,25.200,1307.0000,-2.481402
37.800,25.200,1308.0000,-1.921682
37.800,25.200,1309.0000,-6.043685
37.800,25.200,1310.0000,-1.724878
37.800,25.200,1311.0000,-2.823456
37.800,25.200,1312.0000,10.118903
37.800,25.200,1313.0000,-3.569780
37.800,25.200,1314.0000,-4.086042
37.800,25.200,1315.0000,4.878191
37.800,25.200,1316.0000,-0.199540
37.800,25.200,1317.0000,10.765820
37.800,25.200,1318.0000,-14.369005
37.800,25.200,1319.0000,-2.382577
37.800,25.200,1320.0000,-4.045975
37.800,25.200,1321.0000,0.699323
37.800,25.200,1322.0000,4.844527
37.800,25.200,1323.0000,-4.115298
37.800,25.200,1324.0000,1.122136
37.800,25.200,1325.0000,6.766538
37.800,25.200,1326.0000,2.313373
37.800,25.200,1327.0000,5.091860
37.800,25.200,1328.0000,-8.490432
37.800,25.200,1329.0000,5.311493
37.800,25.200,1330.0000,2.168794
37.800,25.200,1331.0000,-3.565815
37.800,25.200,1332.0000,0.624886
37.800,25.200,1333.0000,-14.137915
37.800,25.200,1334.0000,-1.381789
37.800,25.200,1335.0000,13.977136
37.800,25.200,1336.0000,6.995138
37.800,25.200,1337.0000,-1.942122
37.800,25.200,1338.0000,-1.570624
37.800,25.200,1339.0000,3.264381
37.800,25.200,1340.0000,-0.604868
37.800,25.200,1341.0000,4.131630
37.800,25.200,1342.0000,-5.140060
37.800,25.200,1343.0000,-6.016112
37.800,25.200,1344.0000,-9.061045
37.800,25.200,1345.0000,14.825248
37.800,25.200,1346.0000,3.630161
37.800,25.200,1347.0000,-5.014904
37.800,25.200,1348.0000,-2.004211
37.800,25.200,1349.0000,-10.538983
37.800,25.200,1350.0000,1.391497
37.800,25.200,1351.0000,-12.171548
37.800,25.200,1352.0000,-1.490726
37.800,25.200,1353.0000,-3.451991
37.800,25.200,1354.0000,4.726899
37.800,25.200,1355.0000,1.513529
37.800,25.200,1356.0000,10.470945
37.800,25.200,1357.0000,4.732648
37.800,25.200,1358.0000,-4.747859
37.800,25.200,1359.0000,1.246678
37.800,25.200,1360.0000,4.949251
37.800,25.200,1361.0000,-3.947547
37.800,25.200,1362.0000,17.293904
37.800,25.200,1363.0000,2.183278
37.800,25.200,1364.0000,6.447715
37.800,25.200,1365.0000,8.126397
37.800,25.200,1366.0000,0.403805
37.800,25.200,1367.0000,-1.968051
37.800,25.200,1368.0000,-2.090900
37.800,25.200,1369.0000,-1.047648
37.800,25.200,1370.0000,-5.435586
37.800,25.200,1371.0000,9.899822
37.800,25.200,1372.0000,9.936386
37.800,25.200,1373.0000,8.265093
37.800,25.200,1374.0000,-6.047365
37.800,25.200,1375.0000,2.936224
37.800,25.200,1376.0000,9.959764
37.800,25.200,1377.0000,7.968671
37.800,25.200,1378.0000,-5.624321
37.800,25.200,1379.0000,6.842715
37.800,25.200,1380.0000,6.307128
37.800,25.200,1381.0000,-1.534330
37.800,25.200,1382.0000,-14.129251
37.800,25.200,1383.0000,-9.330039
37.800,25.200,1384.0000,0.849331
37.800,25.200,1385.0000,0.685239
37.800,25.200,1386.0000,7.602029
37.800,25.200,1387.0000,-1.110632
37.800,25.200,1388.0000,4.100174
37.800,25.200,1389.0000,10.867068
37.800,25.200,1390.0000,-0.415895
37.800,25.200,1391.0000,1.080349
37.800,25.200,1392.0000,-2.286305
37.800,25.200,1393.0000,3.114772
37.800,25.200,1394.0000,-8.132788
37.800,25.200,1395.0000,-2.190183
37.800,25.200,1396.0000,-14.233810
37.800,25.200,1397.0000,15.865488
37.800,25.200,1398.0000,-0.757988
37.800,25.200,1399.0000,-2.265397
37.800,25.200,1400.0000,-3.169813
37.800,25.200,1401.0000,0.435640
37.800,25.200,1402.0000,-4.590434
37.800,25.200,1403.0000,11.609011
37.800,25.200,1404.0000,11.044408
37.800,25.200,1405.0000,-2.009379
37.800,25.200,1406.0000,2.131860
37.800,25.200,1407.0000,1.593564
37.800,25.200,1408.0000,-5.684803
37.800,25.200,1409.0000,13.043500
37.800,25.200,1410.0000,-2.337641
37.800,25.200,1411.0000,-8.064700
37.800,25.200,1412.0000,-12.017798
37.800,25.200,1413.0000,-7.110042
37.800,25.200,1414.0000,-2.122248
37.800,25.200,1415.0000,-3.391112
37.800,25.200,1416.0000,-2.114825
37.800,25.200,1417.0000,0.161126
37.800,25.200,1418.0000,-6.632406
37.800,25.200,1419.0000,-3.438764
37.800,25.200,1420.0000,2.475040
37.800,25.200,1421.0000,6.094718
37.800,25.200,1422.0000,2.980651
37.800,25.200,1423.0000,-0.789201
37.800,25.200,1424.0000,1.926713
37.800,25.200,1425.0000,-3.630642
37.800,25.200,1426.0000,-3.045315
37.800,25.200,1427.0000,5.536010
37.800,25.200,1428.0000,-9.483451
37.800,25.200,1429.0000,-10.520989
37.800,25.200,1430.0000,-7.433794
37.800,25.200,1431.0000,9.246379
37.800,25.200,1432.0000,-1.049130
37.800,25.200,1433.0000,-5.911794
37.800,25.200,1434.0000,3.790081
37.800,25.200,1435.0000,2.457663
37.800,25.200,1436.0000,-3.981526
37.800,25.200,1437.0000,-0.079160
37.800,25.200,1438.0000,3.091850
37.800,25.200,1439.0000,0.631292
37.800,25.200,1440.0000,-2.596652
37.800,25.200,1441.0000,2.530992
37.800,25.200,1442.0000,16.040955
37.800,25.200,1443.0000,12.659869
37.800,25.200,1444.0000,3.540869
37.800,25.200,1445.0000,6.985869
37.800,25.200,1446.0000,6.695040
37.800,25.200,1447.0000,5.811689
37.800,25.200,1448.0000,10.705606
37.800,25.200,1449.0000,9.501521
37.800,25.200,1450.0000,9.377816
37.800,25.200,1451.0000,20.764954
37.800,25.200,1452.0000,22.042473
37.800,25.200,1453.0000,9.932718
37.800,25.200,1454.0000,16.526530
37.800,25.200,1455.0000,2.963367
37.800,25.200,1456.0000,0.932345
37.800,25.200,1457.0000,8.332493
37.800,25.200,1458.0000,4.742156
37.800,25.200,1459.0000,3.440172
37.800,25.200,1460.0000,9.565713
37.800,25.200,1461.0000,6.587336
37.800,25.200,1462.0000,-5.512111
37.800,25.200,1463.0000,4.626135
37.800,25.200,1464.0000,5.390782
37.800,25.200,1465.0000,-0.820707
37.800,25.200,1466.0000,-2.438766
37.800,25.200,1467.0000,-2.451931
37.800,25.200,1468.0000,8.294434
37.800,25.200,1469.0000,8.043652
37.800,25.200,1470.0000,0.367995
37.800,25.200,1471.0000,3.840821
37.800,25.200,1472.0000,-4.727705
37.800,25.200,1473.0000,-4.814969
37.800,25.200,1474.0000,13.440973
37.800,25.200,1475.0000,6.082935
37.800,25.200,1476.0000,3.117837
37.800,25.200,1477.0000,-1.089657
37.800,25.200,1478.0000,1.556243
37.800,25.200,1479.0000,-2.599359
37.800,25.200,1480.0000,3.905886
37.800,25.200,1481.0000,-7.403040
37.800,25.200,1482.0000,4.451867
37.800,25.200,1483.0000,7.397405
37.800,25.200,1484.0000,-5.000753
37.800,25.200,1485.0000,17.913050
37.800,25.200,1486.0000,9.874193
37.800,25.200,1487.0000,-1.571072
37.800,25.200,1488.0000,1.234225
37.800,25.200,1489.0000,1.146242
37.800,25.200,1490.0000,4.790214
37.800,25.200,1491.0000,2.224126
37.800,25.200,1492.0000,8.014026
37.800,25.200,1493.0000,5.509080
37.800,25.200,1494.0000,-4.661869
37.800,25.200,1495.0000,4.941740
37.800,25.200,1496.0000,-3.471934
37.800,25.200,1497.0000,15.316848
37.800,25.200,1498.0000,11.727883
37.800,25.200,1499.0000,-2.276402
37.800,25.200,1500.0000,-0.654834
37.800,25.200,1501.0000,-2.647238
37.800,25.200,1502.0000,1.074674
37.800,25.200,1503.0000,-2.317232
37.800,25.200,1504.0000,-10.071786
37.800,25.200,1505.0000,7.918717
37.800,25.200,1506.0000,5.363749
37.800,25.200,1507.0000,-10.281302
37.800,25.200,1508.0000,7.398479
37.800,25.200,1509.0000,4.633430
37.800,25.200,1510.0000,-3.706797
37.800,25.200,1511.0000,2.717413
37.800,25.200,1512.0000,-0.664263
37.800,25.200,1513.0000,-0.943062
37.800,25.200,1514.0000,-3.657944
37.800,25.200,1515.0000,-0.705624
37.800,25.200,1516.0000,8.609746
37.800,25.200,1517.0000,-1.597922
37.800,25.200,1518.0000,-6.805247
37.800,25.200,1519.0000,-3.683322
37.800,25.200,1520.0000,8.029995
37.800,25.200,1521.0000,8.711032
37.800,25.200,1522.0000,3.513160
37.800,25.200,1523.0000,-3.527471
37.800,25.200,1524.0000,3.969952
37.800,25.200,1525.0000,-10.445203
37.800,25.200,1526.0000,-3.482237
37.800,25.200,1527.0000,-1.685029
37.800,25.200,1528.0000,2.370788
37.800,25.200,1529.0000,-6.866597
37.800,25.200,1530.0000,5.124204
37.800,25.200,1531.0000,4.874077
37.800,25.200,1532.0000,-0.572955
37.800,25.200,1533.0000,-7.578726
37.800,25.200,1534.0000,-0.282214
37.800,25.200,1535.0000,-1.138979
37.800,25.200,1536.0000,-1.282312
37.800,25.200,1537.0000,-0.938815
37.800,25.200,1538.0000,-6.590323
37.800,25.200,1539.0000,-14.710780
37.800,25.200,1540.0000,-2.038655
37.800,25.200,1541.0000,3.273645
37.800,25.200,1542.0000,0.920887
37.800,25.200,1543.0000,-6.024088
37.800,25.200,1544.0000,-0.383869
37.800,25.200,1545.0000,3.948103
37.800,25.200,1546.0000,1.830252
37.800,25.200,1547.0000,2.380059
37.800,25.200,1548.0000,-2.947690
37.800,25.200,1549.0000,20.644193
37.800,25.200,1550.0000,-3.766256
37.800,25.200,1551.0000,4.692847
37.800,25.200,1552.0000,-2.617419
37.800,25.200,1553.0000,8.062666
37.800,25.200,1554.0000,1.177384
37.800,25.200,1555.0000,1.910673
37.800,25.200,1556.0000,-4.296507
37.800,25.200,1557.0000,-5.594841
37.800,25.200,1558.0000,1.592246
37.800,25.200,1559.0000,3.587997
37.800,25.200,1560.0000,-3.072128
37.800,25.200,1561.0000,-0.460309
37.800,25.200,1562.0000,2.842631
37.800,25.200,1563.0000,0.930246
37.800,25.200,1564.0000,2.008144
37.800,25.200,1565.0000,4.295753
37.800,25.200,1566.0000,1.187297
37.800,25.200,1567.0000,0.234230
37.800,25.200,1568.0000,0.255854
37.800,25.200,1569.0000,8.215560
37.800,25.200,1570.0000,-7.272287
37.800,25.200,1571.0000,4.250339
37.800,25.200,1572.0000,0.111398
37.800,25.200,1573.0000,2.730064
37.800,25.200,1574.0000,10.395350
37.800,25.200,1575.0000,8.129853
37.800,25.200,1576.0000,3.550279
37.800,25.200,1577.0000,-0.493896
37.800,25.200,1578.0000,9.566589
37.800,25.200,1579.0000,6.461857
37.800,25.200,1580.0000,7.509047
37.800,25.200,1581.0000,4.149164
37.800,25.200,1582.0000,6.377116
37.800,25.200,1583.0000,4.289742
37.800,25.200,1584.0000,16.368886
37.800,25.200,1585.0000,6.178815
37.800,25.200,1586.0000,15.948769
37.800,25.200,1587.0000,15.493706
37.800,25.200,1588.0000,6.930334
37.800,25.200,1589.0000,9.052284
37.800,25.200,1590.0000,8.171566
37.800,25.200,1591.0000,2.884126
37.800,25.200,1592.0000,8.809357
37.800,25.200,1593.0000,3.893508
37.800,25.200,1594.0000,6.254745
37.800,25.200,1595.0000,5.241710
37.800,25.200,1596.0000,17.194545
37.800,25.200,1597.0000,16.797146
37.800,25.200,1598.0000,17.060995
37.800,25.200,1599.0000,32.132601
37.800,25.200,1600.0000,36.955917
37.800,25.200,1601.0000,32.565000
37.800,25.200,1602.0000,34.642095
37.800,25.200,1603.0000,33.250869
37.800,25.200,1604.0000,42.847728
37.800,25.200,1605.0000,31.482357
37.800,25.200,1606.0000,13.231599
37.800,25.200,1607.0000,11.470038
37.800,25.200,1608.0000,16.928072
37.800,25.200,1609.0000,10.963037
37.800,25.200,1610.0000,4.605119
37.800,25.200,1611.0000,2.576159
37.800,25.200,1612.0000,2.000916
37.800,25.200,1613.0000,4.684742
37.800,25.200,1614.0000,4.927180
37.800,25.200,1615.0000,0.299172
37.800,25.200,1616.0000,-3.859066
37.800,25.200,1617.0000,4.612038
37.800,25.200,1618.0000,0.907752
37.800,25.200,1619.0000,-6.529840
37.800,25.200,1620.0000,2.338490
37.800,25.200,1621.0000,15.268671
37.800,25.200,1622.0000,2.340081
37.800,25.200,1623.0000,10.377280
37.800,25.200,1624.0000,4.825685
37.800,25.200,1625.0000,10.359715
37.800,25.200,1626.0000,-9.308901
37.800,25.200,1627.0000,-0.570798
37.800,25.200,1628.0000,-2.656745
37.800,25.200,1629.0000,5.053822
37.800,25.200,1630.0000,-5.004663
37.800,25.200,1631.0000,1.718204
37.800,25.200,1632.0000,2.339653
37.800,25.200,1633.0000,7.860500
37.800,25.200,1634.0000,-2.070671
37.800,25.200,1635.0000,0.694885
37.800,25.200,1636.0000,-0.172693
37.800,25.200,1637.0000,6.775084
37.800,25.200,1638.0000,1.351198
37.800,25.200,1639.0000,-8.554305
37.800,25.200,1640.0000,15.027637
37.800,25.200,1641.0000,5.287017
37.800,25.200,1642.0000,1.503999
37.800,25.200,1643.0000,2.395764
37.800,25.200,1644.0000,-7.991237
37.800,25.200,1645.0000,4.398787
37.800,25.200,1646.0000,-7.670726
37.800,25.200,1647.0000,2.997962
37.800,25.200,1648.0000,-2.284233
37.800,25.200,1649.0000,-3.559006
37.800,25.200,1650.0000,1.924951
37.800,25.200,1651.0000,-2.191683
37.800,25.200,1652.0000,0.407341
37.800,25.200,1653.0000,-1.050413
37.800,25.200,1654.0000,0.500448
37.800,25.200,1655.0000,-1.316833
37.800,25.200,1656.0000,11.101019
37.800,25.200,1657.0000,-1.778917
37.800,25.200,1658.0000,8.063711
37.800,25.200,1659.0000,10.382381
37.800,25.200,1660.0000,-5.781685
37.800,25.200,1661.0000,-1.872115
37.800,25.200,1662.0000,0.381593
37.800,25.200,1663.0000,-3.460220
37.800,25.200,1664.0000,3.364194
37.800,25.200,1665.0000,3.028772
37.800,25.200,1666.0000,7.628793
37.800,25.200,1667.0000,7.202775
37.800,25.200,1668.0000,4.504351
37.800,25.200,1669.0000,2.197244
37.800,25.200,1670.0000,-1.781916
37.800,25.200,1671.0000,10.928747
37.800,25.200,1672.0000,-7.971675
37.800,25.200,1673.0000,8.739914
37.800,25.200,1674.0000,2.570966
37.800,25.200,1675.0000,1.469441
37.800,25.200,1676.0000,-2.288441
37.800,25.200,1677.0000,-0.106132
37.800,25.200,1678.0000,5.089840
37.800,25.200,1679.0000,2.576734
37.800,25.200,1680.0000,9.521831
37.800,25.200,1681.0000,5.181219
37.800,25.200,1682.0000,3.401607
37.800,25.200,1683.0000,-1.188370
37.800,25.200,1684.0000,8.219139
37.800,25.200,1685.0000,4.625914
37.800,25.200,1686.0000,3.309841
37.800,25.200,1687.0000,0.983342
37.800,25.200,1688.0000,-3.274914
37.800,25.200,1689.0000,-4.270938
37.800,25.200,1690.0000,8.575168
37.800,25.200,1691.0000,-4.597130
37.800,25.200,1692.0000,0.327521
37.800,25.200,1693.0000,-17.164874
37.800,25.200,1694.0000,2.617204
37.800,25.200,1695.0000,0.838752
37.800,25.200,1696.0000,-4.444141
37.800,25.200,1697.0000,5.111200
37.800,25.200,1698.0000,-10.736588
37.800,25.200,1699.0000,1.314410
37.800,25.200,1700.0000,1.011466
37.800,25.200,1701.0000,5.893338
37.800,25.200,1702.0000,11.369037
37.800,25.200,1703.0000,-5.018432
37.800,25.200,1704.0000,-3.772673
37.800,25.200,1705.0000,8.218762
37.800,25.200,1706.0000,-5.073355
37.800,25.200,1707.0000,5.177204
37.800,25.200,1708.0000,1.869928
37.800,25.200,1709.0000,2.078276
37.800,25.200,1710.0000,-7.854696
37.800,25.200,1711.0000,-4.799450
37.800,25.200,1712.0000,2.450480
37.800,25.200,1713.0000,-9.265174
37.800,25.200,1714.0000,8.985857
37.800,25.200,1715.0000,11.243401
37.800,25.200,1716.0000,13.552577
37.800,25.200,1717.0000,17.646948
37.800,25.200,1718.0000,-1.051143
37.800,25.200,1719.0000,11.354054
37.800,25.200,1720.0000,-2.570690
37.800,25.200,1721.0000,-2.758141
37.800,25.200,1722.0000,8.928784
37.800,25.200,1723.0000,-8.861897
37.800,25.200,1724.0000,-2.144038
37.800,25.200,1725.0000,-3.638945
37.800,25.200,1726.0000,-9.294539
37.800,25.200,1727.0000,6.072189
37.800,25.200,1728.0000,-3.800844
37.800,25.200,1729.0000,-3.404926
37.800,25.200,1730.0000,-7.239818
37.800,25.200,1731.0000,1.942727
37.800,25.200,1732.0000,4.368373
37.800,25.200,1733.0000,3.346532
37.800,25.200,1734.0000,3.534484
37.800,25.200,1735.0000,-0.833965
37.800,25.200,1736.0000,0.303522
37.800,25.200,1737.0000,-8.227940
37.800,25.200,1738.0000,-3.162242
37.800,25.200,1739.0000,-0.814716
37.800,25.200,1740.0000,2.302667
37.800,25.200,1741.0000,-7.485078
37.800,25.200,1742.0000,10.131782
37.800,25.200,1743.0000,10.738457
37.800,25.200,1744.0000,-11.814826
37.800,25.200,1745.0000,11.295211
37.800,25.200,1746.0000,5.251943
37.800,25.200,1747.0000,2.010146
37.800,25.200,1748.0000,-12.398810
37.800,25.200,1749.0000,-11.634307
37.800,25.200,1750.0000,-5.155905
37.800,25.200,1751.0000,-12.431236
37.800,25.200,1752.0000,-4.049107
37.800,25.200,1753.0000,-1.170011
37.800,25.200,1754.0000,-7.104669
37.800,25.200,1755.0000,-5.154349
37.800,25.200,1756.0000,12.641199
37.800,25.200,1757.0000,2.407588
37.800,25.200,1758.0000,-4.728650
37.800,25.200,1759.0000,0.730952
37.800,25.200,1760.0000,3.454524
37.800,25.200,1761.0000,3.711643
37.800,25.200,1762.0000,-6.842239
37.800,25.200,1763.0000,6.574007
37.800,25.200,1764.0000,-1.754152
37.800,25.200,1765.0000,3.242769
37.800,25.200,1766.0000,3.785840
37.800,25.200,1767.0000,-2.362261
37.800,25.200,1768.0000,-4.564177
37.800,25.200,1769.0000,1.650355
37.800,25.200,1770.0000,2.937140
37.800,25.200,1771.0000,8.830027
37.800,25.200,1772.0000,1.000560
37.800,25.200,1773.0000,6.321974
37.800,25.200,1774.0000,2.497504
37.800,25.200,1775.0000,-1.087701
37.800,25.200,1776.0000,1.374895
37.800,25.200,1777.0000,5.846796
37.800,25.200,1778.0000,5.127056
37.800,25.200,1779.0000,3.221745
37.800,25.200,1780.0000,1.141273
37.800,25.200,1781.0000,3.481420
37.800,25.200,1782.0000,3.906748
37.800,25.200,1783.0000,6.218585
37.800,25.200,1784.0000,0.406187
37.800,25.200,1785.0000,-1.143243
37.800,25.200,1786.0000,6.049463
37.800,25.200,1787.0000,6.477156
37.800,25.200,1788.0000,-5.248719
37.800,25.200,1789.0000,-3.566747
37.800,25.200,1790.0000,7.363888
37.800,25.200,1791.0000,6.592467
37.800,25.200,1792.0000,-7.045760
37.800,25.200,1793.0000,1.387599
37.800,25.200,1794.0000,-6.472606
37.800,25.200,1795.0000,1.367262
37.800,25.200,1796.0000,-1.793863
37.800,25.200,1797.0000,-3.515108
37.800,25.200,1798.0000,-0.864241
37.800,25.200,1799.0000,1.903126
37.800,25.200,1800.0000,0.192724
37.800,25.200,1801.0000,-1.519084
37.800,25.200,1802.0000,2.244075
37.800,25.200,1803.0000,-2.497742
37.800,25.200,1804.0000,4.079833
37.800,25.200,1805.0000,-0.881372
37.800,25.200,1806.0000,1.996425
37.800,25.200,1807.0000,5.229462
37.800,25.200,1808.0000,-0.738326
37.800,25.200,1809.0000,-1.707722
37.800,25.200,1810.0000,-4.917925
37.800,25.200,1811.0000,-5.678411
37.800,25.200,1812.0000,6.427725
37.800,25.200,1813.0000,2.161401
37.800,25.200,1814.0000,7.215167
37.800,25.200,1815.0000,4.402919
37.800,25.200,1816.0000,5.225026
37.800,25.200,1817.0000,-0.962903
37.800,25.200,1818.0000,4.073555
37.800,25.200,1819.0000,-12.004210
37.800,25.200,1820.0000,-1.361685
37.800,25.200,1821.0000,15.352355
37.800,25.200,1822.0000,4.251724
37.800,25.200,1823.0000,4.336510
37.800,25.200,1824.0000,0.917702
37.800,25.200,1825.0000,1.211529
37.800,25.200,1826.0000,2.334363
37.800,25.200,1827.0000,1.152092
37.800,25.200,1828.0000,-10.154435
37.800,25.200,1829.0000,2.709968
37.800,25.200,1830.0000,-7.864817
37.800,25.200,1831.0000,1.034606
37.800,25.200,1832.0000,-1.144464
37.800,25.200,1833.0000,-1.494645
37.800,25.200,1834.0000,1.998760
37.800,25.200,1835.0000,-4.960143
37.800,25.200,1836.0000,13.516776
37.800,25.200,1837.0000,-7.182498
37.800,25.200,1838.0000,-3.624648
37.800,25.200,1839.0000,1.874924
37.800,25.200,1840.0000,-1.511775
37.800,25.200,1841.0000,-7.841026
37.800,25.200,1842.0000,-2.583188
37.800,25.200,1843.0000,10.717828
37.800,25.200,1844.0000,-9.363301
37.800,25.200,1845.0000,0.018606
37.800,25.200,1846.0000,9.127001
37.800,25.200,1847.0000,1.835552
37.800,25.200,1848.0000,13.890024
37.800,25.200,1849.0000,5.943774
37.800,25.200,1850.0000,-2.993958
37.800,25.200,1851.0000,-4.880734
37.800,25.200,1852.0000,-4.396511
37.800,25.200,1853.0000,11.554652
37.800,25.200,1854.0000,4.737955
37.800,25.200,1855.0000,-3.161965
37.800,25.200,1856.0000,-5.354780
37.800,25.200,1857.0000,1.745192
37.800,25.200,1858.0000,1.161912
37.800,25.200,1859.0000,12.399093
37.800,25.200,1860.0000,-3.793089
37.800,25.200,1861.0000,-8.449277
37.800,25.200,1862.0000,-4.633567
37.800,25.200,1863.0000,-6.004388
37.800,25.200,1864.0000,14.592278
37.800,25.200,1865.0000,-3.474151
37.800,25.200,1866.0000,-0.014621
37.800,25.200,1867.0000,4.399938
37.800,25.200,1868.0000,-5.911442
37.800,25.200,1869.0000,-1.385174
37.800,25.200,1870.0000,-8.028283
37.800,25.200,1871.0000,3.425392
37.800,25.200,1872.0000,-10.026703
37.800,25.200,1873.0000,4.157388
37.800,25.200,1874.0000,-8.547114
37.800,25.200,1875.0000,-2.264087
37.800,25.200,1876.0000,5.776888
37.800,25.200,1877.0000,1.883227
37.800,25.200,1878.0000,6.763635
37.800,25.200,1879.0000,-0.245862
37.800,25.200,1880.0000,-0.544254
37.800,25.200,1881.0000,2.096557
37.800,25.200,1882.0000,14.881798
37.800,25.200,1883.0000,-2.853825
37.800,25.200,1884.0000,7.806953
37.800,25.200,1885.0000,-5.810773
37.800,25.200,1886.0000,1.727817
37.800,25.200,1887.0000,2.945354
37.800,25.200,1888.0000,-5.648689
37.800,25.200,1889.0000,7.970974
37.800,25.200,1890.0000,4.830640
37.800,25.200,1891.0000,-0.479486
37.800,25.200,1892.0000,-12.042096
37.800,25.200,1893.0000,-0.443588
37.800,25.200,1894.0000,9.099224
37.800,25.200,1895.0000,-6.061188
37.800,25.200,1896.0000,1.130999
37.800,25.200,1897.0000,-0.352957
37.800,25.200,1898.0000,7.536287
37.800,25.200,1899.0000,-1.554163
37.800,25.200,1900.0000,3.105735
37.800,25.200,1901.0000,-3.005682
37.800,25.200,1902.0000,-8.433834
37.800,25.200,1903.0000,-8.910972
37.800,25.200,1904.0000,-6.401599
37.800,25.200,1905.0000,-2.515693
37.800,25.200,1906.0000,6.770293
37.800,25.200,1907.0000,-5.659802
37.800,25.200,1908.0000,2.155283
37.800,25.200,1909.0000,1.498011
37.800,25.200,1910.0000,-5.197208
37.800,25.200,1911.0000,-8.851539
37.800,25.200,1912.0000,-2.324694
37.800,25.200,1913.0000,3.096513
37.800,25.200,1914.0000,1.016342
37.800,25.200,1915.0000,-6.287409
37.800,25.200,1916.0000,-8.014085
37.800,25.200,1917.0000,-3.697084
37.800,25.200,1918.0000,1.093226
37.800,25.200,1919.0000,0.816958
37.800,25.200,1920.0000,-11.204221
37.800,25.200,1921.0000,-11.102170
37.800,25.200,1922.0000,2.501222
37.800,25.200,1923.0000,-13.237753
37.800,25.200,1924.0000,-1.979238
37.800,25.200,1925.0000,6.907745
37.800,25.200,1926.0000,2.965661
37.800,25.200,1927.0000,-8.515641
37.800,25.200,1928.0000,-1.158953
37.800,25.200,1929.0000,-9.899711
37.800,25.200,1930.0000,-1.319160
37.800,25.200,1931.0000,-4.882599
37.800,25.200,1932.0000,5.693566
37.800,25.200,1933.0000,5.897018
37.800,25.200,1934.0000,-11.264968
37.800,25.200,1935.0000,5.718627
37.800,25.200,1936.0000,0.460573
37.800,25.200,1937.0000,4.867077
37.800,25.200,1938.0000,-11.911225
37.800,25.200,1939.0000,-0.227985
37.800,25.200,1940.0000,-8.648018
37.800,25.200,1941.0000,-9.657949
37.800,25.200,1942.0000,1.834397
37.800,25.200,1943.0000,-11.804463
37.800,25.200,1944.0000,2.787121
37.800,25.200,1945.0000,-3.444622
37.800,25.200,1946.0000,12.918285
37.800,25.200,1947.0000,-6.814206
37.800,25.200,1948.0000,2.391254
37.800,25.200,1949.0000,-2.504836
37.800,25.200,1950.0000,-1.722971
37.800,25.200,1951.0000,-0.858836
37.800,25.200,1952.0000,-0.616500
37.800,25.200,1953.0000,-0.862710
37.800,25.200,1954.0000,6.483907
37.800,25.200,1955.0000,2.989322
37.800,25.200,1956.0000,6.659034
37.800,25.200,1957.0000,-1.369718
37.800,25.200,1958.0000,-1.411761
37.800,25.200,1959.0000,-8.541995
37.800,25.200,1960.0000,0.176586
37.800,25.200,1961.0000,4.088221
37.800,25.200,1962.0000,-15.558852
37.800,25.200,1963.0000,-3.777234
37.800,25.200,1964.0000,-8.450596
37.800,25.200,1965.0000,-8.979501
37.800,25.200,1966.0000,5.009935
37.800,25.200,1967.0000,-6.610397
37.800,25.200,1968.0000,-3.005724
37.800,25.200,1969.0000,-8.725920
37.800,25.200,1970.0000,-3.149746
37.800,25.200,1971.0000,0.608123
37.800,25.200,1972.0000,-6.231161
37.800,25.200,1973.0000,2.997352
37.800,25.200,1974.0000,-2.200985
37.800,25.200,1975.0000,-10.183719
37.800,25.200,1976.0000,7.516799
37.800,25.200,1977.0000,3.417342
37.800,25.200,1978.0000,5.995769
37.800,25.200,1979.0000,1.320836
37.800,25.200,1980.0000,9.383242
37.800,25.200,1981.0000,10.301461
37.800,25.200,1982.0000,-5.416082
37.800,25.200,1983.0000,-6.311802
37.800,25.200,1984.0000,8.619219
37.800,25.200,1985.0000,3.554137
37.800,25.200,1986.0000,-4.343416
37.800,25.200,1987.0000,6.943183
37.800,25.200,1988.0000,-1.783035
37.800,25.200,1989.0000,8.346386
37.800,25.200,1990.0000,-10.124130
37.800,25.200,1991.0000,-0.263456
37.800,25.200,1992.0000,3.551163
37.800,25.200,1993.0000,-3.738556
37.800,25.200,1994.0000,-0.193172
37.800,25.200,1995.0000,-1.545323
37.800,25.200,1996.0000,6.332546
37.800,25.200,1997.0000,1.746294
37.800,25.200,1998.0000,2.685254
37.800,25.200,1999.0000,-4.563022
37.800,25.200,2000.0000,-10.693402
37.800,25.300,200.0000,-0.839344
37.800,25.300,201.0000,2.860501
37.800,25.300,202.0000,7.471156
37.800,25.300,203.0000,-1.711202
37.800,25.300,204.0000,5.673198
37.800,25.300,205.0000,-7.114507
37.800,25.300,206.0000,9.601703
37.800,25.300,207.0000,-7.566775
37.800,25.300,208.0000,-1.292328
37.800,25.300,209.0000,12.064182
37.800,25.300,210.0000,-5.146916
37.800,25.300,211.0000,2.692844
37.800,25.300,212.0000,2.190193
37.800,25.300,213.0000,-3.438690
37.800,25.300,214.0000,-0.138295
37.800,25.300,215.0000,-0.711728
37.800,25.300,216.0000,5.911511
37.800,25.300,217.0000,12.072051
37.800,25.300,218.0000,-6.326929
37.800,25.300,219.0000,5.241551
37.800,25.300,220.0000,11.072555
37.800,25.300,221.0000,10.911576
37.800,25.300,222.0000,-2.120055
37.800,25.300,223.0000,-7.446223
37.800,25.300,224.0000,0.026590
37.800,25.300,225.0000,-0.247197
37.800,25.300,226.0000,-3.992224
37.800,25.300,227.0000,4.050079
37.800,25.300,228.0000,-5.743951
37.800,25.300,229.0000,2.294776
37.800,25.300,230.0000,-3.844399
37.800,25.300,231.0000,-2.731033
37.800,25.300,232.0000,-1.854036
37.800,25.300,233.0000,-6.957232
37.800,25.300,234.0000,-2.618156
37.800,25.300,235.0000,-2.258614
37.800,25.300,236.0000,-0.932533
37.800,25.300,237.0000,-2.034328
37.800,25.300,238.0000,3.851082
37.800,25.300,239.0000,2.474326
37.800,25.300,240.0000,-4.792872
37.800,25.300,241.0000,3.173632
37.800,25.300,242.0000,-3.056025
37.800,25.300,243.0000,-1.090939
37.800,25.300,244.0000,2.992143
37.800,25.300,245.0000,4.123742
37.800,25.300,246.0000,0.777804
37.800,25.300,247.0000,-1.553957
37.800,25.300,248.0000,6.930408
37.800,25.300,249.0000,7.711429
37.800,25.300,250.0000,7.281293
37.800,25.300,251.0000,1.769766
37.800,25.300,252.0000,-2.441205
37.800,25.300,253.0000,6.195413
37.800,25.300,254.0000,9.098255
37.800,25.300,255.0000,1.534115
37.800,25.300,256.0000,-3.170473
37.800,25.300,257.0000,0.791519
37.800,25.300,258.0000,-2.140317
37.800,25.300,259.0000,-2.655449
37.800,25.300,260.0000,8.949891
37.800,25.300,261.0000,-0.702293
37.800,25.300,262.0000,-3.418844
37.800,25.300,263.0000,0.393828
37.800,25.300,264.0000,-3.329289
37.800,25.300,265.0000,4.882745
37.800,25.300,266.0000,-3.652512
37.800,25.300,267.0000,-2.527844
37.800,25.300,268.0000,6.483214
37.800,25.300,269.0000,-9.773534
37.800,25.300,270.0000,-3.266241
37.800,25.300,271.0000,1.363141
37.800,25.300,272.0000,-12.090228
37.800,25.300,273.0000,2.390059
37.800,25.300,274.0000,-3.950411
37.800,25.300,275.0000,-4.403825
37.800,25.300,276.0000,1.330975
37.800,25.300,277.0000,3.535684
37.800,25.300,278.0000,-4.875610
37.800,25.300,279.0000,1.188196
37.800,25.300,280.0000,-4.974181
37.800,25.300,281.0000,-0.878117
37.800,25.300,282.0000,-1.799281
37.800,25.300,283.0000,-5.884562
37.800,25.300,284.0000,-8.292455
37.800,25.300,285.0000,6.363734
37.800,25.300,286.0000,0.138387
37.800,25.300,287.0000,1.483791
37.800,25.300,288.0000,-0.386177
37.800,25.300,289.0000,2.866633
37.800,25.300,290.0000,1.461739
37.800,25.300,291.0000,-0.599442
37.800,25.300,292.0000,-8.844813
37.800,25.300,293.0000,-1.184873
37.800,25.300,294.0000,4.311550
37.800,25.300,295.0000,-9.816812
37.800,25.300,296.0000,-2.890730
37.800,25.300,297.0000,-2.822949
37.800,25.300,298.0000,-10.835146
37.800,25.300,299.0000,5.685461
37.800,25.300,300.0000,-10.059056
37.800,25.300,301.0000,3.794595
37.800,25.300,302.0000,-2.656778
37.800,25.300,303.0000,-4.094782
37.800,25.300,304.0000,2.258851
37.800,25.300,305.0000,6.146800
37.800,25.300,306.0000,-2.929750
37.800,25.300,307.0000,2.037346
37.800,25.300,308.0000,-0.868775
37.800,25.300,309.0000,-8.462731
37.800,25.300,310.0000,-4.076587
37.800,25.300,311.0000,-0.609472
37.800,25.300,312.0000,-3.871175
37.800,25.300,313.0000,-8.851296
37.800,25.300,314.0000,-10.842470
37.800,25.300,315.0000,2.190224
37.800,25.300,316.0000,0.422078
37.800,25.300,317.0000,8.692320
37.800,25.300,318.0000,-0.929359
37.800,25.300,319.0000,-5.197425
37.800,25.300,320.0000,0.585015
37.800,25.300,321.0000,2.056748
37.800,25.300,322.0000,-1.257638
37.800,25.300,323.0000,-0.569308
37.800,25.300,324.0000,0.769698
37.800,25.300,325.0000,-2.067605
37.800,25.300,326.0000,4.318718
37.800,25.300,327.0000,14.188705
37.800,25.300,328.0000,-2.240895
37.800,25.300,329.0000,-10.982281
37.800,25.300,330.0000,-3.580679
37.800,25.300,331.0000,-2.229577
37.800,25.300,332.0000,4.500419
37.800,25.300,333.0000,-2.438030
37.800,25.300,334.0000,4.863350
37.800,25.300,335.0000,-1.326309
37.800,25.300,336.0000,-0.109944
37.800,25.300,337.0000,-2.167824
37.800,25.300,338.0000,0.170656
37.800,25.300,339.0000,0.392633
37.800,25.300,340.0000,-0.013943
37.800,25.300,341.0000,2.484793
37.800,25.300,342.0000,-6.460448
37.800,25.300,343.0000,9.625723
37.800,25.300,344.0000,-0.093227
37.800,25.300,345.0000,-10.542428
37.800,25.300,346.0000,-0.189291
37.800,25.300,347.0000,8.950706
37.800,25.300,348.0000,0.696774
37.800,25.300,349.0000,-4.731574
37.800,25.300,350.0000,0.626775
37.800,25.300,351.0000,1.656274
37.800,25.300,352.0000,-0.035647
37.800,25.300,353.0000,-0.734603
37.800,25.300,354.0000,6.093164
37.800,25.300,355.0000,-2.771778
37.800,25.300,356.0000,-9.502012
37.800,25.300,357.0000,-8.557118
37.800,25.300,358.0000,0.137688
37.800,25.300,359.0000,-0.602378
37.800,25.300,360.0000,-3.259310
37.800,25.300,361.0000,10.571037
37.800,25.300,362.0000,0.365566
37.800,25.300,363.0000,6.975537
37.800,25.300,364.0000,1.745106
37.800,25.300,365.0000,-2.198634
37.800,25.300,366.0000,-4.055384
37.800,25.300,367.0000,-10.525317
37.800,25.300,368.0000,-12.456197
37.800,25.300,369.0000,-0.520260
37.800,25.300,370.0000,-6.648640
37.800,25.300,371.0000,-9.529574
37.800,25.300,372.0000,-4.195366
37.800,25.300,373.0000,4.250266
37.800,25.300,374.0000,-4.762584
37.800,25.300,375.0000,-0.053873
37.800,25.300,376.0000,3.646108
37.800,25.300,377.0000,3.631727
37.800,25.300,378.0000,-0.061501
37.800,25.300,379.0000,-2.263725
37.800,25.300,380.0000,-5.504910
37.800,25.300,381.0000,-11.420807
37.800,25.300,382.0000,-17.728749
37.800,25.300,383.0000,-11.468833
37.800,25.300,384.0000,2.237529
37.800,25.300,385.0000,0.289987
37.800,25.300,386.0000,-7.483095
37.800,25.300,387.0000,12.841015
37.800,25.300,388.0000,3.824434
37.800,25.300,389.0000,4.872477
37.800,25.300,390.0000,-11.896910
37.800,25.300,391.0000,7.658188
37.800,25.300,392.0000,-9.948411
37.800,25.300,393.0000,-1.907605
37.800,25.300,394.0000,-3.234709
37.800,25.300,395.0000,-1.651125
37.800,25.300,396.0000,-1.233530
37.800,25.300,397.0000,-0.745388
37.800,25.300,398.0000,6.984945
37.800,25.300,399.0000,-0.465730
37.800,25.300,400.0000,4.399010
37.800,25.300,401.0000,1.893288
37.800,25.300,402.0000,-7.135991
37.800,25.300,403.0000,-0.905931
37.800,25.300,404.0000,-3.672174
37.800,25.300,405.0000,7.285040
37.800,25.300,406.0000,4.239138
37.800,25.300,407.0000,1.863445
37.800,25.300,408.0000,5.639183
37.800,25.300,409.0000,-1.212467
37.800,25.300,410.0000,-0.183127
37.800,25.300,411.0000,-11.271965
37.800,25.300,412.0000,1.338339
37.800,25.300,413.0000,-0.812992
37.800,25.300,414.0000,3.037042
37.800,25.300,415.0000,4.064310
37.800,25.300,416.0000,-2.442864
37.800,25.300,417.0000,2.911013
37.800,25.300,418.0000,-1.223165
37.800,25.300,419.0000,3.489429
37.800,25.300,420.0000,5.889387
37.800,25.300,421.0000,8.851150
37.800,25.300,422.0000,6.492914
37.800,25.300,423.0000,-9.025593
37.800,25.300,424.0000,-0.069162
37.800,25.300,425.0000,7.207463
37.800,25.300,426.0000,-7.972233
37.800,25.300,427.0000,-1.524643
37.800,25.300,428.0000,-1.746473
37.800,25.300,429.0000,4.896492
37.800,25.300,430.0000,-2.130144
37.800,25.300,431.0000,1.028263
37.800,25.300,432.0000,1.421132
37.800,25.300,433.0000,-2.933516
37.800,25.300,434.0000,3.641749
37.800,25.300,435.0000,-0.600375
37.800,25.300,436.0000,14.039119
37.800,25.300,437.0000,-5.222594
37.800,25.300,438.0000,4.979732
37.800,25.300,439.0000,2.458882
37.800,25.300,440.0000,-2.431810
37.800,25.300,441.0000,-7.712894
37.800,25.300,442.0000,-9.242586
37.800,25.300,443.0000,4.852368
37.800,25.300,444.0000,0.752505
37.800,25.300,445.0000,3.490625
37.800,25.300,446.0000,-1.110403
37.800,25.300,447.0000,4.705671
37.800,25.300,448.0000,-6.132539
37.800,25.300,449.0000,-4.911719
37.800,25.300,450.0000,-1.269598
37.800,25.300,451.0000,2.817580
37.800,25.300,452.0000,13.573451
37.800,25.300,453.0000,4.786827
37.800,25.300,454.0000,-3.304110
37.800,25.300,455.0000,-2.617690
37.800,25.300,456.0000,-0.260124
37.800,25.300,457.0000,-6.000629
37.800,25.300,458.0000,-4.783211
37.800,25.300,459.0000,-8.789206
37.800,25.300,460.0000,-2.547342
37.800,25.300,461.0000,-2.894787
37.800,25.300,462.0000,6.492719
37.800,25.300,463.0000,6.558102
37.800,25.300,464.0000,-12.491998
37.800,25.300,465.0000,8.762185
37.800,25.300,466.0000,6.045899
37.800,25.300,467.0000,4.159140
37.800,25.300,468.0000,-5.442901
37.800,25.300,469.0000,-1.448917
37.800,25.300,470.0000,-8.991124
37.800,25.300,471.0000,6.049549
37.800,25.300,472.0000,7.193529
37.800,25.300,473.0000,11.653131
37.800,25.300,474.0000,7.931187
37.800,25.300,475.0000,-4.259715
37.800,25.300,476.0000,-8.830123
37.800,25.300,477.0000,-8.562520
37.800,25.300,478.0000,-4.377059
37.800,25.300,479.0000,4.458303
37.800,25.300,480.0000,-1.107059
37.800,25.300,481.0000,-6.486887
37.800,25.300,482.0000,12.252562
37.800,25.300,483.0000,-8.906413
37.800,25.300,484.0000,6.911282
37.800,25.300,485.0000,-4.451733
37.800,25.300,486.0000,5.423327
37.800,25.300,487.0000,-5.551283
37.800,25.300,488.0000,-7.832198
37.800,25.300,489.0000,-3.862653
37.800,25.300,490.0000,-1.726882
37.800,25.300,491.0000,4.636915
37.800,25.300,492.0000,-3.189403
37.800,25.300,493.0000,-3.119212
37.800,25.300,494.0000,6.708507
37.800,25.300,495.0000,10.278351
37.800,25.300,496.0000,1.529763
37.800,25.300,497.0000,1.262749
37.800,25.300,498.0000,-5.836377
37.800,25.300,499.0000,-0.216774
37.800,25.300,500.0000,0.920999
37.800,25.300,501.0000,-3.669575
37.800,25.300,502.0000,5.695708
37.800,25.300,503.0000,6.694254
37.800,25.300,504.0000,-1.996967
37.800,25.300,505.0000,1.618618
37.800,25.300,506.0000,-2.041667
37.800,25.300,507.0000,-10.455089
37.800,25.300,508.0000,9.455991
37.800,25.300,509.0000,-1.027240
37.800,25.300,510.0000,4.003819
37.800,25.300,511.0000,0.986673
37.800,25.300,512.0000,4.713562
37.800,25.300,513.0000,1.669664
37.800,25.300,514.0000,-6.790308
37.800,25.300,515.0000,3.796863
37.800,25.300,516.0000,-0.080806
37.800,25.300,517.0000,1.011767
37.800,25.300,518.0000,-3.570010
37.800,25.300,519.0000,-2.015472
37.800,25.300,520.0000,-1.188318
37.800,25.300,521.0000,1.968605
37.800,25.300,522.0000,1.234595
37.800,25.300,523.0000,-12.112971
37.800,25.300,524.0000,-2.221682
37.800,25.300,525.0000,-0.211903
37.800,25.300,526.0000,-12.588879
37.800,25.300,527.0000,-5.251994
37.800,25.300,528.0000,2.703445
37.800,25.300,529.0000,-5.975452
37.800,25.300,530.0000,-4.329551
37.800,25.300,531.0000,8.787943
37.800,25.300,532.0000,0.807840
37.800,25.300,533.0000,-1.404894
37.800,25.300,534.0000,-0.828885
37.800,25.300,535.0000,0.032003
37.800,25.300,536.0000,1.780601
37.800,25.300,537.0000,-4.006893
37.800,25.300,538.0000,3.461235
37.800,25.300,539.0000,1.399555
37.800,25.300,540.0000,2.000652
37.800,25.300,541.0000,-4.813155
37.800,25.300,542.0000,1.927238
37.800,25.300,543.0000,-1.068182
37.800,25.300,544.0000,7.159593
37.800,25.300,545.0000,3.941848
37.800,25.300,546.0000,9.408465
37.800,25.300,547.0000,0.537672
37.800,25.300,548.0000,-4.364145
37.800,25.300,549.0000,1.817727
37.800,25.300,550.0000,1.280584
37.800,25.300,551.0000,-9.036396
37.800,25.300,552.0000,-5.245500
37.800,25.300,553.0000,0.990034
37.800,25.300,554.0000,1.565286
37.800,25.300,555.0000,12.121348
37.800,25.300,556.0000,2.249730
37.800,25.300,557.0000,-9.492916
37.800,25.300,558.0000,2.280549
37.800,25.300,559.0000,2.719610
37.800,25.300,560.0000,-7.849603
37.800,25.300,561.0000,-6.482747
37.800,25.300,562.0000,7.692132
37.800,25.300,563.0000,12.527906
37.800,25.300,564.0000,-7.725457
37.800,25.300,565.0000,2.028431
37.800,25.300,566.0000,-2.558087
37.800,25.300,567.0000,1.878652
37.800,25.300,568.0000,3.024753
37.800,25.300,569.0000,-5.882901
37.800,25.300,570.0000,-0.305183
37.800,25.300,571.0000,0.603136
37.800,25.300,572.0000,-11.518232
37.800,25.300,573.0000,6.439886
37.800,25.300,574.0000,-6.096819
37.800,25.300,575.0000,10.772253
37.800,25.300,576.0000,-2.209827
37.800,25.300,577.0000,14.096652
37.800,25.300,578.0000,2.192330
37.800,25.300,579.0000,-4.280683
37.800,25.300,580.0000,4.530113
37.800,25.300,581.0000,12.903780
37.800,25.300,582.0000,-4.381013
37.800,25.300,583.0000,-4.727136
37.800,25.300,584.0000,-4.248875
37.800,25.300,585.0000,2.349102
37.800,25.300,586.0000,8.401672
37.800,25.300,587.0000,-0.958080
37.800,25.300,588.0000,-5.494469
37.800,25.300,589.0000,8.259496
37.800,25.300,590.0000,11.656559
37.800,25.300,591.0000,2.424282
37.800,25.300,592.0000,11.413476
37.800,25.300,593.0000,2.021737
37.800,25.300,594.0000,4.290110
37.800,25.300,595.0000,11.792390
37.800,25.300,596.0000,5.132419
37.800,25.300,597.0000,10.470734
37.800,25.300,598.0000,17.357125
37.800,25.300,599.0000,-0.971881
37.800,25.300,600.0000,15.532345
37.800,25.300,601.0000,15.563554
37.800,25.300,602.0000,19.385028
37.800,25.300,603.0000,12.961925
37.800,25.300,604.0000,19.802637
37.800,25.300,605.0000,22.910696
37.800,25.300,606.0000,11.954163
37.800,25.300,607.0000,10.638235
37.800,25.300,608.0000,29.457655
37.800,25.300,609.0000,18.764972
37.800,25.300,610.0000,33.001951
37.800,25.300,611.0000,32.108321
37.800,25.300,612.0000,38.671250
37.800,25.300,613.0000,53.312518
37.800,25.300,614.0000,54.218466
37.800,25.300,615.0000,73.388468
37.800,25.300,616.0000,92.607862
37.800,25.300,617.0000,108.370939
37.800,25.300,618.0000,128.083359
37.800,25.300,619.0000,148.913894
37.800,25.300,620.0000,163.818351
37.800,25.300,621.0000,148.728488
37.800,25.300,622.0000,145.341414
37.800,25.300,623.0000,101.469210
37.800,25.300,624.0000,89.329680
37.800,25.300,625.0000,73.661278
37.800,25.300,626.0000,58.411224
37.800,25.300,627.0000,53.089395
37.800,25.300,628.0000,42.098046
37.800,25.300,629.0000,43.798037
37.800,25.300,630.0000,29.538681
37.800,25.300,631.0000,26.696697
37.800,25.300,632.0000,22.240075
37.800,25.300,633.0000,22.733522
37.800,25.300,634.0000,18.788586
37.800,25.300,635.0000,4.352405
37.800,25.300,636.0000,17.948433
37.800,25.300,637.0000,9.306062
37.800,25.300,638.0000,11.290597
37.800,25.300,639.0000,9.949869
37.800,25.300,640.0000,16.700920
37.800,25.300,641.0000,5.911102
37.800,25.300,642.0000,12.057355
37.800,25.300,643.0000,10.333072
37.800,25.300,644.0000,6.246054
37.800,25.300,645.0000,5.423816
37.800,25.300,646.0000,12.130394
37.800,25.300,647.0000,0.434140
37.800,25.300,648.0000,2.362210
37.800,25.300,649.0000,-0.390225
37.800,25.300,650.0000,6.079833
37.800,25.300,651.0000,2.613140
37.800,25.300,652.0000,-0.136138
37.800,25.300,653.0000,8.019987
37.800,25.300,654.0000,7.818471
37.800,25.300,655.0000,-3.216590
37.800,25.300,656.0000,7.619618
37.800,25.300,657.0000,13.449985
37.800,25.300,658.0000,-1.793868
37.800,25.300,659.0000,-0.878759
37.800,25.300,660.0000,8.871877
37.800,25.300,661.0000,-2.367576
37.800,25.300,662.0000,-1.021712
37.800,25.300,663.0000,14.877210
37.800,25.300,664.0000,2.825610
37.800,25.300,665.0000,1.811879
37.800,25.300,666.0000,-1.236416
37.800,25.300,667.0000,5.081555
37.800,25.300,668.0000,2.122253
37.800,25.300,669.0000,10.711889
37.800,25.300,670.0000,-2.799876
37.800,25.300,671.0000,-7.366173
37.800,25.300,672.0000,2.911070
37.800,25.300,673.0000,-5.463032
37.800,25.300,674.0000,5.273784
37.800,25.300,675.0000,0.522292
37.800,25.300,676.0000,0.145241
37.800,25.300,677.0000,-3.934836
37.800,25.300,678.0000,5.053952
37.800,25.300,679.0000,5.622389
37.800,25.300,680.0000,3.446960
37.800,25.300,681.0000,-0.794546
37.800,25.300,682.0000,1.132927
37.800,25.300,683.0000,1.067538
37.800,25.300,684.0000,-7.831898
37.800,25.300,685.0000,-0.309618
37.800,25.300,686.0000,-2.309546
37.800,25.300,687.0000,-2.496508
37.800,25.300,688.0000,3.599776
37.800,25.300,689.0000,3.055230
37.800,25.300,690.0000,10.818601
37.800,25.300,691.0000,9.394406
37.800,25.300,692.0000,2.902092
37.800,25.300,693.0000,-0.077253
37.800,25.300,694.0000,-6.562865
37.800,25.300,695.0000,-0.845889
37.800,25.300,696.0000,5.074108
37.800,25.300,697.0000,5.303581
37.800,25.300,698.0000,-4.164291
37.800,25.300,699.0000,-2.553464
37.800,25.300,700.0000,5.120311
37.800,25.300,701.0000,-6.719846
37.800,25.300,702.0000,1.876811
37.800,25.300,703.0000,10.003351
37.800,25.300,704.0000,6.399473
37.800,25.300,705.0000,5.308109
37.800,25.300,706.0000,3.748246
37.800,25.300,707.0000,-16.430233
37.800,25.300,708.0000,2.913964
37.800,25.300,709.0000,4.285593
37.800,25.300,710.0000,-6.262454
37.800,25.300,711.0000,4.900351
37.800,25.300,712.0000,2.727577
37.800,25.300,713.0000,-7.965451
37.800,25.300,714.0000,-5.207691
37.800,25.300,715.0000,-1.939244
37.800,25.300,716.0000,7.598601
37.800,25.300,717.0000,6.209164
37.800,25.300,718.0000,9.520678
37.800,25.300,719.0000,5.445100
37.800,25.300,720.0000,1.146248
37.800,25.300,721.0000,-2.542670
37.800,25.300,722.0000,-3.593603
37.800,25.300,723.0000,-2.716912
37.800,25.300,724.0000,-5.846835
37.800,25.300,725.0000,0.792805
37.800,25.300,726.0000,3.850820
37.800,25.300,727.0000,12.865502
37.800,25.300,728.0000,2.231717
37.800,25.300,729.0000,4.303984
37.800,25.300,730.0000,-2.474717
37.800,25.300,731.0000,-7.517330
37.800,25.300,732.0000,9.683844
37.800,25.300,733.0000,7.783168
37.800,25.300,734.0000,-8.694788
37.800,25.300,735.0000,-9.812059
37.800,25.300,736.0000,6.636744
37.800,25.300,737.0000,-1.662250
37.800,25.300,738.0000,6.115205
37.800,25.300,739.0000,9.316132
37.800,25.300,740.0000,6.744417
37.800,25.300,741.0000,1.356501
37.800,25.300,742.0000,-0.898702
37.800,25.300,743.0000,1.410745
37.800,25.300,744.0000,-11.704827
37.800,25.300,745.0000,5.710728
37.800,25.300,746.0000,15.400507
37.800,25.300,747.0000,1.895969
37.800,25.300,748.0000,3.893759
37.800,25.300,749.0000,-0.426706
37.800,25.300,750.0000,0.862447
37.800,25.300,751.0000,13.087498
37.800,25.300,752.0000,-1.553058
37.800,25.300,753.0000,5.628932
37.800,25.300,754.0000,21.857364
37.800,25.300,755.0000,5.984746
37.800,25.300,756.0000,4.397640
37.800,25.300,757.0000,-4.937631
37.800,25.300,758.0000,17.186589
37.800,25.300,759.0000,9.143378
37.800,25.300,760.0000,4.806156
37.800,25.300,761.0000,6.990657
37.800,25.300,762.0000,-7.828517
37.800,25.300,763.0000,1.948042
37.800,25.300,764.0000,-4.896718
37.800,25.300,765.0000,5.002218
37.800,25.300,766.0000,-1.942037
37.800,25.300,767.0000,-12.647467
37.800,25.300,768.0000,-1.521486
37.800,25.300,769.0000,9.913862
37.800,25.300,770.0000,-8.380525
37.800,25.300,771.0000,8.362119
37.800,25.300,772.0000,11.159603
37.800,25.300,773.0000,13.754788
37.800,25.300,774.0000,4.743516
37.800,25.300,775.0000,21.848117
37.800,25.300,776.0000,5.764798
37.800,25.300,777.0000,13.733718
37.800,25.300,778.0000,-5.326962
37.800,25.300,779.0000,22.035484
37.800,25.300,780.0000,15.280161
37.800,25.300,781.0000,22.500560
37.800,25.300,782.0000,14.295041
37.800,25.300,783.0000,24.925362
37.800,25.300,784.0000,11.184450
37.800,25.300,785.0000,28.550896
37.800,25.300,786.0000,16.655102
37.800,25.300,787.0000,29.672692
37.800,25.300,788.0000,46.155572
37.800,25.300,789.0000,46.105628
37.800,25.300,790.0000,52.865543
37.800,25.300,791.0000,71.123670
37.800,25.300,792.0000,69.572791
37.800,25.300,793.0000,79.351085
37.800,25.300,794.0000,73.662665
37.800,25.300,795.0000,95.552901
37.800,25.300,796.0000,99.608308
37.800,25.300,797.0000,88.039189
37.800,25.300,798.0000,82.898667
37.800,25.300,799.0000,61.025029
37.800,25.300,800.0000,51.151431
37.800,25.300,801.0000,46.222396
37.800,25.300,802.0000,38.217380
37.800,25.300,803.0000,22.485110
37.800,25.300,804.0000,24.173507
37.800,25.300,805.0000,25.661952
37.800,25.300,806.0000,20.796166
37.800,25.300,807.0000,20.759735
37.800,25.300,808.0000,10.820088
37.800,25.300,809.0000,1.397562
37.800,25.300,810.0000,13.961682
37.800,25.300,811.0000,17.719336
37.800,25.300,812.0000,9.126043
37.800,25.300,813.0000,9.022867
37.800,25.300,814.0000,0.638236
37.800,25.300,815.0000,14.036192
37.800,25.300,816.0000,9.173391
37.800,25.300,817.0000,4.058477
37.800,25.300,818.0000,2.750296
37.800,25.300,819.0000,5.204529
37.800,25.300,820.0000,3.925821
37.800,25.300,821.0000,-0.903151
37.800,25.300,822.0000,0.120318
37.800,25.300,823.0000,-1.022961
37.800,25.300,824.0000,7.729468
37.800,25.300,825.0000,7.162142
37.800,25.300,826.0000,4.228565
37.800,25.300,827.0000,0.447514
37.800,25.300,828.0000,13.762966
37.800,25.300,829.0000,-2.702155
37.800,25.300,830.0000,0.211699
37.800,25.300,831.0000,4.666518
37.800,25.300,832.0000,1.496848
37.800,25.300,833.0000,10.897322
37.800,25.300,834.0000,4.161387
37.800,25.300,835.0000,2.220643
37.800,25.300,836.0000,6.038233
37.800,25.300,837.0000,5.952641
37.800,25.300,838.0000,4.956908
37.800,25.300,839.0000,1.681275
37.800,25.300,840.0000,3.547155
37.800,25.300,841.0000,-2.757369
37.800,25.300,842.0000,-1.242859
37.800,25.300,843.0000,8.265750
37.800,25.300,844.0000,5.012176
37.800,25.300,845.0000,-7.229430
37.800,25.300,846.0000,-1.646530
37.800,25.300,847.0000,5.179900
37.800,25.300,848.0000,11.455845
37.800,25.300,849.0000,5.584366
37.800,25.300,850.0000,1.631947
37.800,25.300,851.0000,5.599124
37.800,25.300,852.0000,1.247182
37.800,25.300,853.0000,-0.230367
37.800,25.300,854.0000,7.202832
37.800,25.300,855.0000,1.689505
37.800,25.300,856.0000,-2.250821
37.800,25.300,857.0000,12.300902
37.800,25.300,858.0000,1.365817
37.800,25.300,859.0000,-3.123011
37.800,25.300,860.0000,5.244556
37.800,25.300,861.0000,-3.705410
37.800,25.300,862.0000,-1.033841
37.800,25.300,863.0000,3.587956
37.800,25.300,864.0000,1.159462
37.800,25.300,865.0000,4.750292
37.800,25.300,866.0000,9.918565
37.800,25.300,867.0000,3.800942
37.800,25.300,868.0000,9.170624
37.800,25.300,869.0000,-15.564839
37.800,25.300,870.0000,5.909076
37.800,25.300,871.0000,8.589442
37.800,25.300,872.0000,-1.561059
37.800,25.300,873.0000,4.769779
37.800,25.300,874.0000,1.231419
37.800,25.300,875.0000,4.496153
37.800,25.300,876.0000,7.970887
37.800,25.300,877.0000,-5.797176
37.800,25.300,878.0000,6.799228
37.800,25.300,879.0000,2.997687
37.800,25.300,880.0000,-2.591400
37.800,25.300,881.0000,-2.886873
37.800,25.300,882.0000,8.213997
37.800,25.300,883.0000,-2.475317
37.800,25.300,884.0000,3.419702
37.800,25.300,885.0000,10.065051
37.800,25.300,886.0000,-12.060523
37.800,25.300,887.0000,-2.488881
37.800,25.300,888.0000,-4.816321
37.800,25.300,889.0000,-7.484447
37.800,25.300,890.0000,5.869998
37.800,25.300,891.0000,12.394923
37.800,25.300,892.0000,14.832354
37.800,25.300,893.0000,-1.064283
37.800,25.300,894.0000,5.232695
37.800,25.300,895.0000,1.435376
37.800,25.300,896.0000,10.858176
37.800,25.300,897.0000,7.176874
37.800,25.300,898.0000,12.762059
37.800,25.300,899.0000,-0.466394
37.800,25.300,900.0000,0.579402
37.800,25.300,901.0000,-2.070521
37.800,25.300,902.0000,2.271295
37.800,25.300,903.0000,3.872336
37.800,25.300,904.0000,-2.301781
37.800,25.300,905.0000,-3.834703
37.800,25.300,906.0000,-2.092542
37.800,25.300,907.0000,7.147902
37.800,25.300,908.0000,0.891191
37.800,25.300,909.0000,6.485642
37.800,25.300,910.0000,-8.227835
37.800,25.300,911.0000,3.852256
37.800,25.300,912.0000,-0.002178
37.800,25.300,913.0000,-3.714780
37.800,25.300,914.0000,5.100199
37.800,25.300,915.0000,-3.099383
37.800,25.300,916.0000,6.879893
37.800,25.300,917.0000,2.851141
37.800,25.300,918.0000,1.721033
37.800,25.300,919.0000,2.460288
37.800,25.300,920.0000,-2.137783
37.800,25.300,921.0000,13.136761
37.800,25.300,922.0000,-9.364208
37.800,25.300,923.0000,4.304795
37.800,25.300,924.0000,-5.870222
37.800,25.300,925.0000,4.726072
37.800,25.300,926.0000,0.004255
37.800,25.300,927.0000,4.060849
37.800,25.300,928.0000,-9.426489
37.800,25.300,929.0000,-5.152482
37.800,25.300,930.0000,-0.217256
37.800,25.300,931.0000,-3.997858
37.800,25.300,932.0000,-8.541671
37.800,25.300,933.0000,0.969132
37.800,25.300,934.0000,0.315695
37.800,25.300,935.0000,0.454106
37.800,25.300,936.0000,4.850488
37.800,25.300,937.0000,4.597850
37.800,25.300,938.0000,-1.330875
37.800,25.300,939.0000,-4.832254
37.800,25.300,940.0000,7.875194
37.800,25.300,941.0000,0.790564
37.800,25.300,942.0000,-5.426919
37.800,25.300,943.0000,0.574106
37.800,25.300,944.0000,0.800001
37.800,25.300,945.0000,2.187951
37.800,25.300,946.0000,12.219867
37.800,25.300,947.0000,2.158703
37.800,25.300,948.0000,8.440750
37.800,25.300,949.0000,-9.367226
37.800,25.300,950.0000,12.447508
37.800,25.300,951.0000,-3.518917
37.800,25.300,952.0000,1.313445
37.800,25.300,953.0000,18.461522
37.800,25.300,954.0000,10.596286
37.800,25.300,955.0000,6.165116
37.800,25.300,956.0000,4.202524
37.800,25.300,957.0000,0.655789
37.800,25.300,958.0000,3.718725
37.800,25.300,959.0000,5.730775
37.800,25.300,960.0000,11.451894
37.800,25.300,961.0000,14.580401
37.800,25.300,962.0000,-3.349848
37.800,25.300,963.0000,3.886660
37.800,25.300,964.0000,0.469147
37.800,25.300,965.0000,6.708523
37.800,25.300,966.0000,6.075032
37.800,25.300,967.0000,5.527835
37.800,25.300,968.0000,11.974650
37.800,25.300,969.0000,10.320023
37.800,25.300,970.0000,10.276744
37.800,25.300,971.0000,5.900432
37.800,25.300,972.0000,11.017166
37.800,25.300,973.0000,21.925365
37.800,25.300,974.0000,8.427743
37.800,25.300,975.0000,13.636574
37.800,25.300,976.0000,22.188608
37.800,25.300,977.0000,9.786143
37.800,25.300,978.0000,16.395764
37.800,25.300,979.0000,15.131627
37.800,25.300,980.0000,28.337612
37.800,25.300,981.0000,27.960566
37.800,25.300,982.0000,32.090448
37.800,25.300,983.0000,19.394135
37.800,25.300,984.0000,31.154869
37.800,25.300,985.0000,19.586475
37.800,25.300,986.0000,40.358726
37.800,25.300,987.0000,35.104059
37.800,25.300,988.0000,47.424210
37.800,25.300,989.0000,61.297917
37.800,25.300,990.0000,71.566346
37.800,25.300,991.0000,81.961117
37.800,25.300,992.0000,94.376184
37.800,25.300,993.0000,124.533905
37.800,25.300,994.0000,142.154653
37.800,25.300,995.0000,188.837678
37.800,25.300,996.0000,231.324896
37.800,25.300,997.0000,323.177609
37.800,25.300,998.0000,446.174407
37.800,25.300,999.0000,628.331353
37.800,25.300,1000.0000,805.106086
37.800,25.300,1001.0000,896.719506
37.800,25.300,1002.0000,808.385444
37.800,25.300,1003.0000,634.999749
37.800,25.300,1004.0000,456.546785
37.800,25.300,1005.0000,324.680513
37.800,25.300,1006.0000,243.014124
37.800,25.300,1007.0000,182.083758
37.800,25.300,1008.0000,147.515274
37.800,25.300,1009.0000,106.382999
37.800,25.300,1010.0000,101.926543
37.800,25.300,1011.0000,82.341333
37.800,25.300,1012.0000,75.613205
37.800,25.300,1013.0000,77.141850
37.800,25.300,1014.0000,68.760161
37.800,25.300,1015.0000,64.824250
37.800,25.300,1016.0000,50.407007
37.800,25.300,1017.0000,53.386718
37.800,25.300,1018.0000,44.020107
37.800,25.300,1019.0000,52.523598
37.800,25.300,1020.0000,59.339996
37.800,25.300,1021.0000,63.324491
37.800,25.300,1022.0000,71.264851
37.800,25.300,1023.0000,78.894435
37.800,25.300,1024.0000,94.296567
37.800,25.300,1025.0000,102.927765
37.800,25.300,1026.0000,143.263702
37.800,25.300,1027.0000,171.684085
37.800,25.300,1028.0000,212.354889
37.800,25.300,1029.0000,295.172174
37.800,25.300,1030.0000,353.010404
37.800,25.300,1031.0000,373.170973
37.800,25.300,1032.0000,363.285974
37.800,25.300,1033.0000,301.613341
37.800,25.300,1034.0000,224.551585
37.800,25.300,1035.0000,170.966139
37.800,25.300,1036.0000,129.351517
37.800,25.300,1037.0000,101.698657
37.800,25.300,1038.0000,79.856235
37.800,25.300,1039.0000,72.776530
37.800,25.300,1040.0000,55.565488
37.800,25.300,1041.0000,47.948274
37.800,25.300,1042.0000,46.975758
37.800,25.300,1043.0000,41.189705
37.800,25.300,1044.0000,16.626911
37.800,25.300,1045.0000,33.426697
37.800,25.300,1046.0000,18.202301
37.800,25.300,1047.0000,19.115670
37.800,25.300,1048.0000,24.857367
37.800,25.300,1049.0000,27.172711
37.800,25.300,1050.0000,21.216558
37.800,25.300,1051.0000,12.571233
37.800,25.300,1052.0000,17.231661
37.800,25.300,1053.0000,20.146253
37.800,25.300,1054.0000,13.729994
37.800,25.300,1055.0000,15.797443
37.800,25.300,1056.0000,4.826120
37.800,25.300,1057.0000,5.597912
37.800,25.300,1058.0000,11.312897
37.800,25.300,1059.0000,-2.552004
37.800,25.300,1060.0000,5.107127
37.800,25.300,1061.0000,12.333195
37.800,25.300,1062.0000,8.826263
37.800,25.300,1063.0000,9.914773
37.800,25.300,1064.0000,20.164993
37.800,25.300,1065.0000,2.775639
37.800,25.300,1066.0000,9.093912
37.800,25.300,1067.0000,4.204855
37.800,25.300,1068.0000,1.286551
37.800,25.300,1069.0000,9.293520
37.800,25.300,1070.0000,0.155175
37.800,25.300,1071.0000,2.018986
37.800,25.300,1072.0000,11.647689
37.800,25.300,1073.0000,12.537796
37.800,25.300,1074.0000,7.120529
37.800,25.300,1075.0000,-6.096914
37.800,25.300,1076.0000,3.670781
37.800,25.300,1077.0000,16.053618
37.800,25.300,1078.0000,-1.038015
37.800,25.300,1079.0000,6.524015
37.800,25.300,1080.0000,13.185500
37.800,25.300,1081.0000,0.245254
37.800,25.300,1082.0000,5.514872
37.800,25.300,1083.0000,8.331607
37.800,25.300,1084.0000,5.947551
37.800,25.300,1085.0000,1.101437
37.800,25.300,1086.0000,4.528533
37.800,25.300,1087.0000,-6.766870
37.800,25.300,1088.0000,2.872004
37.800,25.300,1089.0000,1.852535
37.800,25.300,1090.0000,5.425423
37.800,25.300,1091.0000,6.835291
37.800,25.300,1092.0000,-4.471048
37.800,25.300,1093.0000,4.917855
37.800,25.300,1094.0000,0.051494
37.800,25.300,1095.0000,3.756189
37.800,25.300,1096.0000,-6.634130
37.800,25.300,1097.0000,11.571903
37.800,25.300,1098.0000,-2.245122
37.800,25.300,1099.0000,2.863274
37.800,25.300,1100.0000,2.062079
37.800,25.300,1101.0000,7.066539
37.800,25.300,1102.0000,3.432009
37.800,25.300,1103.0000,11.657096
37.800,25.300,1104.0000,-1.547720
37.800,25.300,1105.0000,-2.319253
37.800,25.300,1106.0000,-3.602837
37.800,25.300,1107.0000,8.435799
37.800,25.300,1108.0000,11.363433
37.800,25.300,1109.0000,-2.117359
37.800,25.300,1110.0000,2.530263
37.800,25.300,1111.0000,4.986663
37.800,25.300,1112.0000,10.023296
37.800,25.300,1113.0000,4.017344
37.800,25.300,1114.0000,20.158357
37.800,25.300,1115.0000,0.229530
37.800,25.300,1116.0000,4.176325
37.800,25.300,1117.0000,7.871725
37.800,25.300,1118.0000,1.579514
37.800,25.300,1119.0000,8.148913
37.800,25.300,1120.0000,5.613209
37.800,25.300,1121.0000,13.418578
37.800,25.300,1122.0000,9.508338
37.800,25.300,1123.0000,6.367202
37.800,25.300,1124.0000,7.139402
37.800,25.300,1125.0000,7.281931
37.800,25.300,1126.0000,9.484262
37.800,25.300,1127.0000,16.031480
37.800,25.300,1128.0000,0.636290
37.800,25.300,1129.0000,13.021170
37.800,25.300,1130.0000,4.883486
37.800,25.300,1131.0000,-7.252721
37.800,25.300,1132.0000,4.732459
37.800,25.300,1133.0000,8.544484
37.800,25.300,1134.0000,8.588074
37.800,25.300,1135.0000,10.266689
37.800,25.300,1136.0000,12.866359
37.800,25.300,1137.0000,13.300410
37.800,25.300,1138.0000,20.448833
37.800,25.300,1139.0000,12.206041
37.800,25.300,1140.0000,17.811803
37.800,25.300,1141.0000,14.134912
37.800,25.300,1142.0000,27.717734
37.800,25.300,1143.0000,12.562699
37.800,25.300,1144.0000,31.960467
37.800,25.300,1145.0000,15.758542
37.800,25.300,1146.0000,42.481281
37.800,25.300,1147.0000,41.082229
37.800,25.300,1148.0000,42.722166
37.800,25.300,1149.0000,71.845531
37.800,25.300,1150.0000,72.140819
37.800,25.300,1151.0000,77.447322
37.800,25.300,1152.0000,105.209102
37.800,25.300,1153.0000,111.696641
37.800,25.300,1154.0000,115.542253
37.800,25.300,1155.0000,122.637408
37.800,25.300,1156.0000,118.829590
37.800,25.300,1157.0000,98.639764
37.800,25.300,1158.0000,89.304281
37.800,25.300,1159.0000,82.285831
37.800,25.300,1160.0000,65.576436
37.800,25.300,1161.0000,61.545620
37.800,25.300,1162.0000,48.250498
37.800,25.300,1163.0000,44.613481
37.800,25.300,1164.0000,31.393918
37.800,25.300,1165.0000,38.604728
37.800,25.300,1166.0000,34.750886
37.800,25.300,1167.0000,18.107047
37.800,25.300,1168.0000,27.939839
37.800,25.300,1169.0000,29.750929
37.800,25.300,1170.0000,23.938414
37.800,25.300,1171.0000,16.004290
37.800,25.300,1172.0000,28.838079
37.800,25.300,1173.0000,26.153016
37.800,25.300,1174.0000,36.063177
37.800,25.300,1175.0000,23.947268
37.800,25.300,1176.0000,30.658868
37.800,25.300,1177.0000,43.251988
37.800,25.300,1178.0000,56.117585
37.800,25.300,1179.0000,67.178877
37.800,25.300,1180.0000,80.743120
37.800,25.300,1181.0000,106.555383
37.800,25.300,1182.0000,107.958889
37.800,25.300,1183.0000,106.115051
37.800,25.300,1184.0000,123.877926
37.800,25.300,1185.0000,88.997155
37.800,25.300,1186.0000,73.078096
37.800,25.300,1187.0000,68.846658
37.800,25.300,1188.0000,60.912662
37.800,25.300,1189.0000,42.602668
37.800,25.300,1190.0000,38.997483
37.800,25.300,1191.0000,37.074021
37.800,25.300,1192.0000,18.201006
37.800,25.300,1193.0000,32.441408
37.800,25.300,1194.0000,10.054136
37.800,25.300,1195.0000,19.004206
37.800,25.300,1196.0000,19.598341
37.800,25.300,1197.0000,22.893755
37.800,25.300,1198.0000,15.960354
37.800,25.300,1199.0000,12.093155
37.800,25.300,1200.0000,1.905245
37.800,25.300,1201.0000,14.991305
37.800,25.300,1202.0000,6.512535
37.800,25.300,1203.0000,4.355808
37.800,25.300,1204.0000,-3.933629
37.800,25.300,1205.0000,17.170629
37.800,25.300,1206.0000,12.025252
37.800,25.300,1207.0000,-5.943238
37.800,25.300,1208.0000,3.618701
37.800,25.300,1209.0000,0.142083
37.800,25.300,1210.0000,-3.597626
37.800,25.300,1211.0000,1.208195
37.800,25.300,1212.0000,6.539657
37.800,25.300,1213.0000,10.065002
37.800,25.300,1214.0000,-0.288998
37.800,25.300,1215.0000,0.451692
37.800,25.300,1216.0000,4.476375
37.800,25.300,1217.0000,-4.200320
37.800,25.300,1218.0000,3.815718
37.800,25.300,1219.0000,1.346795
37.800,25.300,1220.0000,-1.079512
37.800,25.300,1221.0000,4.384737
37.800,25.300,1222.0000,0.458764
37.800,25.300,1223.0000,-1.424144
37.800,25.300,1224.0000,-2.681937
37.800,25.300,1225.0000,5.088841
37.800,25.300,1226.0000,-4.870170
37.800,25.300,1227.0000,3.172231
37.800,25.300,1228.0000,-0.319302
37.800,25.300,1229.0000,1.578293
37.800,25.300,1230.0000,4.896356
37.800,25.300,1231.0000,1.756471
37.800,25.300,1232.0000,-6.172669
37.800,25.300,1233.0000,5.600578
37.800,25.300,1234.0000,-3.901251
37.800,25.300,1235.0000,9.161462
37.800,25.300,1236.0000,-0.786573
37.800,25.300,1237.0000,-5.939516
37.800,25.300,1238.0000,11.018914
37.800,25.300,1239.0000,8.655055
37.800,25.300,1240.0000,8.563264
37.800,25.300,1241.0000,7.620701
37.800,25.300,1242.0000,-2.783465
37.800,25.300,1243.0000,-0.261221
37.800,25.300,1244.0000,3.601256
37.800,25.300,1245.0000,3.516950
37.800,25.300,1246.0000,8.317977
37.800,25.300,1247.0000,-3.207218
37.800,25.300,1248.0000,-5.768050
37.800,25.300,1249.0000,5.418379
37.800,25.300,1250.0000,-0.051153
37.800,25.300,1251.0000,-8.105866
37.800,25.300,1252.0000,-0.052958
37.800,25.300,1253.0000,-2.060909
37.800,25.300,1254.0000,-0.253531
37.800,25.300,1255.0000,6.632447
37.800,25.300,1256.0000,3.630612
37.800,25.300,1257.0000,-6.571599
37.800,25.300,1258.0000,-7.864227
37.800,25.300,1259.0000,13.503967
37.800,25.300,1260.0000,-3.424575
37.800,25.300,1261.0000,3.483359
37.800,25.300,1262.0000,2.194824
37.800,25.300,1263.0000,-8.407804
37.800,25.300,1264.0000,-5.959138
37.800,25.300,1265.0000,0.390472
37.800,25.300,1266.0000,7.776734
37.800,25.300,1267.0000,12.557682
37.800,25.300,1268.0000,-3.882673
37.800,25.300,1269.0000,0.835722
37.800,25.300,1270.0000,3.027198
37.800,25.300,1271.0000,2.686748
37.800,25.300,1272.0000,-4.622959
37.800,25.300,1273.0000,-2.802822
37.800,25.300,1274.0000,7.052075
37.800,25.300,1275.0000,2.278896
37.800,25.300,1276.0000,1.354539
37.800,25.300,1277.0000,-5.142251
37.800,25.300,1278.0000,5.860111
37.800,25.300,1279.0000,2.042565
37.800,25.300,1280.0000,2.827348
37.800,25.300,1281.0000,-2.751338
37.800,25.300,1282.0000,8.146783
37.800,25.300,1283.0000,-3.426618
37.800,25.300,1284.0000,5.618630
37.800,25.300,1285.0000,3.491828
37.800,25.300,1286.0000,-13.036821
37.800,25.300,1287.0000,-1.116579
37.800,25.300,1288.0000,1.202901
37.800,25.300,1289.0000,3.330161
37.800,25.300,1290.0000,2.805444
37.800,25.300,1291.0000,3.673200
37.800,25.300,1292.0000,5.427131
37.800,25.300,1293.0000,8.333541
37.800,25.300,1294.0000,5.695356
37.800,25.300,1295.0000,6.653413
37.800,25.300,1296.0000,-13.533799
37.800,25.300,1297.0000,9.630881
37.800,25.300,1298.0000,-9.717825
37.800,25.300,1299.0000,-3.968885
37.800,25.300,1300.0000,1.331146
37.800,25.300,1301.0000,2.950870
37.800,25.300,1302.0000,-8.106102
37.800,25.300,1303.0000,-3.661254
37.800,25.300,1304.0000,16.871306
37.800,25.300,1305.0000,7.551811
37.800,25.300,1306.0000,-0.054190
37.800,25.300,1307.0000,-0.519930
37.800,25.300,1308.0000,-0.292292
37.800,25.300,1309.0000,3.308172
37.800,25.300,1310.0000,-2.757332
37.800,25.300,1311.0000,5.342004
37.800,25.300,1312.0000,-4.366881
37.800,25.300,1313.0000,5.669984
37.800,25.300,1314.0000,-3.483180
37.800,25.300,1315.0000,-4.803698
37.800,25.300,1316.0000,3.746466
37.800,25.300,1317.0000,-1.599349
37.800,25.300,1318.0000,4.088973
37.800,25.300,1319.0000,-10.573289
37.800,25.300,1320.0000,10.652440
37.800,25.300,1321.0000,1.555647
37.800,25.300,1322.0000,-7.153457
37.800,25.300,1323.0000,12.639245
37.800,25.300,1324.0000,-4.396750
37.800,25.300,1325.0000,-4.511857
37.800,25.300,1326.0000,11.201657
37.800,25.300,1327.0000,-2.822854
37.800,25.300,1328.0000,3.832273
37.800,25.300,1329.0000,12.797761
37.800,25.300,1330.0000,-11.415598
37.800,25.300,1331.0000,11.361516
37.800,25.300,1332.0000,1.043544
37.800,25.300,1333.0000,-5.714271
37.800,25.300,1334.0000,-4.081316
37.800,25.300,1335.0000,3.883594
37.800,25.300,1336.0000,-6.999734
37.800,25.300,1337.0000,4.101904
37.800,25.300,1338.0000,3.496485
37.800,25.300,1339.0000,-1.157092
37.800,25.300,1340.0000,-4.365316
37.800,25.300,1341.0000,4.563460
37.800,25.300,1342.0000,1.538088
37.800,25.300,1343.0000,0.157993
37.800,25.300,1344.0000,-4.792158
37.800,25.300,1345.0000,0.495765
37.800,25.300,1346.0000,1.403411
37.800,25.300,1347.0000,1.218299
37.800,25.300,1348.0000,6.765243
37.800,25.300,1349.0000,10.061975
37.800,25.300,1350.0000,-12.653099
37.800,25.300,1351.0000,1.892159
37.800,25.300,1352.0000,5.326318
37.800,25.300,1353.0000,5.089218
37.800,25.300,1354.0000,-0.415291
37.800,25.300,1355.0000,-4.056317
37.800,25.300,1356.0000,-9.100498
37.800,25.300,1357.0000,-2.071177
37.800,25.300,1358.0000,11.273714
37.800,25.300,1359.0000,1.464666
37.800,25.300,1360.0000,1.125267
37.800,25.300,1361.0000,11.120170
37.800,25.300,1362.0000,13.066682
37.800,25.300,1363.0000,-2.093322
37.800,25.300,1364.0000,-3.694896
37.800,25.300,1365.0000,7.165902
37.800,25.300,1366.0000,3.426763
37.800,25.300,1367.0000,1.988648
37.800,25.300,1368.0000,-7.987026
37.800,25.300,1369.0000,-0.821651
37.800,25.300,1370.0000,7.803900
37.800,25.300,1371.0000,0.957952
37.800,25.300,1372.0000,0.479751
37.800,25.300,1373.0000,9.436156
37.800,25.300,1374.0000,-6.705980
37.800,25.300,1375.0000,-2.315644
37.800,25.300,1376.0000,-6.273681
37.800,25.300,1377.0000,-10.801082
37.800,25.300,1378.0000,-2.247643
37.800,25.300,1379.0000,1.030665
37.800,25.300,1380.0000,-8.998549
37.800,25.300,1381.0000,7.583999
37.800,25.300,1382.0000,-7.906945
37.800,25.300,1383.0000,-2.992009
37.800,25.300,1384.0000,12.418299
37.800,25.300,1385.0000,7.647321
37.800,25.300,1386.0000,6.247199
37.800,25.300,1387.0000,10.716509
37.800,25.300,1388.0000,-4.030845
37.800,25.300,1389.0000,9.371112
37.800,25.300,1390.0000,9.633026
37.800,25.300,1391.0000,1.298692
37.800,25.300,1392.0000,1.144922
37.800,25.300,1393.0000,13.656149
37.800,25.300,1394.0000,1.592541
37.800,25.300,1395.0000,9.211389
37.800,25.300,1396.0000,4.251618
37.800,25.300,1397.0000,-0.117479
37.800,25.300,1398.0000,5.255364
37.800,25.300,1399.0000,-1.115984
37.800,25.300,1400.0000,13.377513
37.800,25.300,1401.0000,8.333476
37.800,25.300,1402.0000,-0.446802
37.800,25.300,1403.0000,0.184527
37.800,25.300,1404.0000,2.714555
37.800,25.300,1405.0000,7.978715
37.800,25.300,1406.0000,7.056705
37.800,25.300,1407.0000,1.055428
37.800,25.300,1408.0000,2.451358
37.800,25.300,1409.0000,9.505226
37.800,25.300,1410.0000,11.310662
37.800,25.300,1411.0000,6.484068
37.800,25.300,1412.0000,2.477555
37.800,25.300,1413.0000,5.320479
37.800,25.300,1414.0000,0.799576
37.800,25.300,1415.0000,20.089944
37.800,25.300,1416.0000,7.610778
37.800,25.300,1417.0000,3.069213
37.800,25.300,1418.0000,11.250930
37.800,25.300,1419.0000,19.358703
37.800,25.300,1420.0000,15.806612
37.800,25.300,1421.0000,8.501547
37.800,25.300,1422.0000,15.772724
37.800,25.300,1423.0000,16.267457
37.800,25.300,1424.0000,18.959921
37.800,25.300,1425.0000,18.576286
37.800,25.300,1426.0000,19.650884
37.800,25.300,1427.0000,9.823035
37.800,25.300,1428.0000,21.535564
37.800,25.300,1429.0000,25.373043
37.800,25.300,1430.0000,13.199166
37.800,25.300,1431.0000,21.860001
37.800,25.300,1432.0000,21.132308
37.800,25.300,1433.0000,24.865589
37.800,25.300,1434.0000,23.684083
37.800,25.300,1435.0000,39.749188
37.800,25.300,1436.0000,34.047935
37.800,25.300,1437.0000,33.610154
37.800,25.300,1438.0000,47.703673
37.800,25.300,1439.0000,58.972733
37.800,25.300,1440.0000,73.211003
37.800,25.300,1441.0000,69.692083
37.800,25.300,1442.0000,94.320476
37.800,25.300,1443.0000,94.464471
37.800,25.300,1444.0000,111.080926
37.800,25.300,1445.0000,133.631737
37.800,25.300,1446.0000,147.414954
37.800,25.300,1447.0000,165.113694
37.800,25.300,1448.0000,178.199539
37.800,25.300,1449.0000,196.283813
37.800,25.300,1450.0000,200.794762
37.800,25.300,1451.0000,193.120931
37.800,25.300,1452.0000,179.920363
37.800,25.300,1453.0000,176.217079
37.800,25.300,1454.0000,144.529574
37.800,25.300,1455.0000,127.504640
37.800,25.300,1456.0000,120.889906
37.800,25.300,1457.0000,98.633164
37.800,25.300,1458.0000,95.471357
37.800,25.300,1459.0000,67.987151
37.800,25.300,1460.0000,48.660717
37.800,25.300,1461.0000,60.599825
37.800,25.300,1462.0000,46.705328
37.800,25.300,1463.0000,44.890397
37.800,25.300,1464.0000,41.765116
37.800,25.300,1465.0000,28.801113
37.800,25.300,1466.0000,30.956289
37.800,25.300,1467.0000,21.390536
37.800,25.300,1468.0000,25.341450
37.800,25.300,1469.0000,18.853947
37.800,25.300,1470.0000,31.728205
37.800,25.300,1471.0000,18.290274
37.800,25.300,1472.0000,9.809909
37.800,25.300,1473.0000,16.693416
37.800,25.300,1474.0000,15.474791
37.800,25.300,1475.0000,2.635266
37.800,25.300,1476.0000,16.052801
37.800,25.300,1477.0000,14.531786
37.800,25.300,1478.0000,23.193486
37.800,25.300,1479.0000,16.929202
37.800,25.300,1480.0000,7.095494
37.800,25.300,1481.0000,15.844502
37.800,25.300,1482.0000,1.550571
37.800,25.300,1483.0000,-1.732996
37.800,25.300,1484.0000,14.890604
37.800,25.300,1485.0000,8.272403
37.800,25.300,1486.0000,8.239676
37.800,25.300,1487.0000,4.244491
37.800,25.300,1488.0000,14.908861
37.800,25.300,1489.0000,4.589585
37.800,25.300,1490.0000,-1.890658
37.800,25.300,1491.0000,-3.679723
37.800,25.300,1492.0000,1.740610
37.800,25.300,1493.0000,8.919432
37.800,25.300,1494.0000,7.680333
37.800,25.300,1495.0000,5.432584
37.800,25.300,1496.0000,13.209879
37.800,25.300,1497.0000,10.599326
37.800,25.300,1498.0000,8.397255
37.800,25.300,1499.0000,-6.671581
37.800,25.300,1500.0000,3.918717
37.800,25.300,1501.0000,8.813221
37.800,25.300,1502.0000,3.939379
37.800,25.300,1503.0000,1.794938
37.800,25.300,1504.0000,8.621113
37.800,25.300,1505.0000,-2.418429
37.800,25.300,1506.0000,12.864230
37.800,25.300,1507.0000,9.951482
37.800,25.300,1508.0000,1.570087
37.800,25.300,1509.0000,11.533728
37.800,25.300,1510.0000,5.203486
37.800,25.300,1511.0000,-0.839253
37.800,25.300,1512.0000,3.298925
37.800,25.300,1513.0000,2.807055
37.800,25.300,1514.0000,2.702019
37.800,25.300,1515.0000,-3.928140
37.800,25.300,1516.0000,15.518517
37.800,25.300,1517.0000,12.512698
37.800,25.300,1518.0000,13.376184
37.800,25.300,1519.0000,4.737168
37.800,25.300,1520.0000,-0.658439
37.800,25.300,1521.0000,6.609062
37.800,25.300,1522.0000,4.256674
37.800,25.300,1523.0000,-6.001285
37.800,25.300,1524.0000,6.430960
37.800,25.300,1525.0000,7.406206
37.800,25.300,1526.0000,6.646978
37.800,25.300,1527.0000,-1.212504
37.800,25.300,1528.0000,-2.586072
37.800,25.300,1529.0000,3.306121
37.800,25.300,1530.0000,6.990543
37.800,25.300,1531.0000,-0.595919
37.800,25.300,1532.0000,6.910852
37.800,25.300,1533.0000,-0.811132
37.800,25.300,1534.0000,3.506812
37.800,25.300,1535.0000,5.062484
37.800,25.300,1536.0000,14.542594
37.800,25.300,1537.0000,-0.714921
37.800,25.300,1538.0000,-0.283534
37.800,25.300,1539.0000,-1.018330
37.800,25.300,1540.0000,7.928379
37.800,25.300,1541.0000,6.288926
37.800,25.300,1542.0000,11.822842
37.800,25.300,1543.0000,1.977061
37.800,25.300,1544.0000,-3.401935
37.800,25.300,1545.0000,2.595593
37.800,25.300,1546.0000,18.039514
37.800,25.300,1547.0000,7.994275
37.800,25.300,1548.0000,2.468058
37.800,25.300,1549.0000,15.852574
37.800,25.300,1550.0000,8.342615
37.800,25.300,1551.0000,18.110367
37.800,25.300,1552.0000,2.006284
37.800,25.300,1553.0000,0.203095
37.800,25.300,1554.0000,7.838283
37.800,25.300,1555.0000,20.817316
37.800,25.300,1556.0000,12.436680
37.800,25.300,1557.0000,17.987189
37.800,25.300,1558.0000,18.149764
37.800,25.300,1559.0000,23.821290
37.800,25.300,1560.0000,7.277948
37.800,25.300,1561.0000,23.767636
37.800,25.300,1562.0000,7.716235
37.800,25.300,1563.0000,13.561053
37.800,25.300,1564.0000,18.391876
37.800,25.300,1565.0000,25.929503
37.800,25.300,1566.0000,17.766444
37.800,25.300,1567.0000,42.107898
37.800,25.300,1568.0000,26.848300
37.800,25.300,1569.0000,27.232931
37.800,25.300,1570.0000,37.972825
37.800,25.300,1571.0000,38.894997
37.800,25.300,1572.0000,43.871119
37.800,25.300,1573.0000,53.994638
37.800,25.300,1574.0000,55.613228
37.800,25.300,1575.0000,64.556053
37.800,25.300,1576.0000,66.681481
37.800,25.300,1577.0000,94.484013
37.800,25.300,1578.0000,101.676107
37.800,25.300,1579.0000,126.158893
37.800,25.300,1580.0000,144.723748
37.800,25.300,1581.0000,181.425203
37.800,25.300,1582.0000,196.560811
37.800,25.300,1583.0000,196.497187
37.800,25.300,1584.0000,209.089838
37.800,25.300,1585.0000,182.301157
37.800,25.300,1586.0000,165.203396
37.800,25.300,1587.0000,143.380632
37.800,25.300,1588.0000,123.861325
37.800,25.300,1589.0000,122.883314
37.800,25.300,1590.0000,125.341041
37.800,25.300,1591.0000,112.511518
37.800,25.300,1592.0000,113.287927
37.800,25.300,1593.0000,128.411685
37.800,25.300,1594.0000,155.465062
37.800,25.300,1595.0000,164.176144
37.800,25.300,1596.0000,202.749487
37.800,25.300,1597.0000,237.417521
37.800,25.300,1598.0000,294.020810
37.800,25.300,1599.0000,372.825955
37.800,25.300,1600.0000,467.339198
37.800,25.300,1601.0000,548.535608
37.800,25.300,1602.0000,564.773886
37.800,25.300,1603.0000,540.226406
37.800,25.300,1604.0000,456.583552
37.800,25.300,1605.0000,364.303530
37.800,25.300,1606.0000,289.557796
37.800,25.300,1607.0000,222.876701
37.800,25.300,1608.0000,180.343682
37.800,25.300,1609.0000,150.820352
37.800,25.300,1610.0000,117.444625
37.800,25.300,1611.0000,103.671932
37.800,25.300,1612.0000,78.075834
37.800,25.300,1613.0000,64.091924
37.800,25.300,1614.0000,63.174052
37.800,25.300,1615.0000,55.948343
37.800,25.300,1616.0000,43.883097
37.800,25.300,1617.0000,50.465338
37.800,25.300,1618.0000,27.194314
37.800,25.300,1619.0000,30.212928
37.800,25.300,1620.0000,37.823703
37.800,25.300,1621.0000,19.345997
37.800,25.300,1622.0000,17.115795
37.800,25.300,1623.0000,13.232038
37.800,25.300,1624.0000,3.234556
37.800,25.300,1625.0000,33.043151
37.800,25.300,1626.0000,27.259531
37.800,25.300,1627.0000,19.149417
37.800,25.300,1628.0000,12.315025
37.800,25.300,1629.0000,17.035398
37.800,25.300,1630.0000,16.614013
37.800,25.300,1631.0000,15.713730
37.800,25.300,1632.0000,11.279936
37.800,25.300,1633.0000,18.847147
37.800,25.300,1634.0000,6.765595
37.800,25.300,1635.0000,17.233472
37.800,25.300,1636.0000,8.655260
37.800,25.300,1637.0000,12.056518
37.800,25.300,1638.0000,-2.353293
37.800,25.300,1639.0000,13.815680
37.800,25.300,1640.0000,5.649310
37.800,25.300,1641.0000,4.504102
37.800,25.300,1642.0000,-1.882114
37.800,25.300,1643.0000,2.035163
37.800,25.300,1644.0000,-5.804171
37.800,25.300,1645.0000,-3.836111
37.800,25.300,1646.0000,-0.172294
37.800,25.300,1647.0000,5.698932
37.800,25.300,1648.0000,11.369111
37.800,25.300,1649.0000,1.337068
37.800,25.300,1650.0000,10.818643
37.800,25.300,1651.0000,10.322691
37.800,25.300,1652.0000,12.589089
37.800,25.300,1653.0000,4.366746
37.800,25.300,1654.0000,11.168558
37.800,25.300,1655.0000,-6.259823
37.800,25.300,1656.0000,6.706192
37.800,25.300,1657.0000,9.754093
37.800,25.300,1658.0000,7.313788
37.800,25.300,1659.0000,12.847852
37.800,25.300,1660.0000,12.552028
37.800,25.300,1661.0000,4.276609
37.800,25.300,1662.0000,6.835615
37.800,25.300,1663.0000,4.982305
37.800,25.300,1664.0000,-7.088130
37.800,25.300,1665.0000,5.226970
37.800,25.300,1666.0000,-8.318490
37.800,25.300,1667.0000,9.871523
37.800,25.300,1668.0000,-3.033373
37.800,25.300,1669.0000,1.971620
37.800,25.300,1670.0000,-1.888072
37.800,25.300,1671.0000,0.528024
37.800,25.300,1672.0000,7.006939
37.800,25.300,1673.0000,7.937523
37.800,25.300,1674.0000,1.444250
37.800,25.300,1675.0000,6.372282
37.800,25.300,1676.0000,6.181399
37.800,25.300,1677.0000,-3.171233
37.800,25.300,1678.0000,5.623185
37.800,25.300,1679.0000,3.526775
37.800,25.300,1680.0000,-5.069293
37.800,25.300,1681.0000,-2.978738
37.800,25.300,1682.0000,5.441338
37.800,25.300,1683.0000,-10.305091
37.800,25.300,1684.0000,-5.724263
37.800,25.300,1685.0000,-8.127909
37.800,25.300,1686.0000,4.721375
37.800,25.300,1687.0000,9.393516
37.800,25.300,1688.0000,4.150637
37.800,25.300,1689.0000,3.799921
37.800,25.300,1690.0000,-3.396458
37.800,25.300,1691.0000,-7.944540
37.800,25.300,1692.0000,-4.621428
37.800,25.300,1693.0000,3.292321
37.800,25.300,1694.0000,6.401850
37.800,25.300,1695.0000,-0.134489
37.800,25.300,1696.0000,1.048458
37.800,25.300,1697.0000,0.363683
37.800,25.300,1698.0000,-5.727866
37.800,25.300,1699.0000,-2.043164
37.800,25.300,1700.0000,-1.134925
37.800,25.300,1701.0000,-0.365331
37.800,25.300,1702.0000,2.167120
37.800,25.300,1703.0000,-16.074659
37.800,25.300,1704.0000,0.755773
37.800,25.300,1705.0000,-4.511800
37.800,25.300,1706.0000,5.972710
37.800,25.300,1707.0000,4.560507
37.800,25.300,1708.0000,-2.678362
37.800,25.300,1709.0000,-6.555724
37.800,25.300,1710.0000,6.984033
37.800,25.300,1711.0000,-2.703629
37.800,25.300,1712.0000,-6.191797
37.800,25.300,1713.0000,0.191952
37.800,25.300,1714.0000,0.544470
37.800,25.300,1715.0000,-1.832990
37.800,25.300,1716.0000,-0.938160
37.800,25.300,1717.0000,-5.068524
37.800,25.300,1718.0000,0.722611
37.800,25.300,1719.0000,0.992029
37.800,25.300,1720.0000,-0.344196
37.800,25.300,1721.0000,-3.848687
37.800,25.300,1722.0000,7.652279
37.800,25.300,1723.0000,-0.439751
37.800,25.300,1724.0000,-4.914721
37.800,25.300,1725.0000,-13.083119
37.800,25.300,1726.0000,-3.936731
37.800,25.300,1727.0000,3.351617
37.800,25.300,1728.0000,0.914637
37.800,25.300,1729.0000,9.887992
37.800,25.300,1730.0000,2.881078
37.800,25.300,1731.0000,1.769843
37.800,25.300,1732.0000,-13.566444
37.800,25.300,1733.0000,0.202426
37.800,25.300,1734.0000,1.141630
37.800,25.300,1735.0000,2.150796
37.800,25.300,1736.0000,3.647498
37.800,25.300,1737.0000,-2.001062
37.800,25.300,1738.0000,4.358280
37.800,25.300,1739.0000,7.638197
37.800,25.300,1740.0000,-1.650945
37.800,25.300,1741.0000,11.355543
37.800,25.300,1742.0000,16.155155
37.800,25.300,1743.0000,-3.720042
37.800,25.300,1744.0000,6.986475
37.800,25.300,1745.0000,5.852609
37.800,25.300,1746.0000,-2.279936
37.800,25.300,1747.0000,6.757842
37.800,25.300,1748.0000,-2.520726
37.800,25.300,1749.0000,-3.860253
37.800,25.300,1750.0000,-9.778619
37.800,25.300,1751.0000,1.970661
37.800,25.300,1752.0000,-6.641299
37.800,25.300,1753.0000,-4.407263
37.800,25.300,1754.0000,0.894268
37.800,25.300,1755.0000,-3.533760
37.800,25.300,1756.0000,0.246628
37.800,25.300,1757.0000,8.719899
37.800,25.300,1758.0000,10.454867
37.800,25.300,1759.0000,1.685156
37.800,25.300,1760.0000,0.823522
37.800,25.300,1761.0000,-0.242314
37.800,25.300,1762.0000,7.036088
37.800,25.300,1763.0000,-0.964726
37.800,25.300,1764.0000,-0.613677
37.800,25.300,1765.0000,-7.345588
37.800,25.300,1766.0000,0.657368
37.800,25.300,1767.0000,0.162381
37.800,25.300,1768.0000,-8.698010
37.800,25.300,1769.0000,-0.723426
37.800,25.300,1770.0000,5.402796
37.800,25.300,1771.0000,7.162527
37.800,25.300,1772.0000,3.432074
37.800,25.300,1773.0000,12.329369
37.800,25.300,1774.0000,-1.225918
37.800,25.300,1775.0000,8.843528
37.800,25.300,1776.0000,-12.043937
37.800,25.300,1777.0000,2.402309
37.800,25.300,1778.0000,3.339631
37.800,25.300,1779.0000,0.299203
37.800,25.300,1780.0000,8.367720
37.800,25.300,1781.0000,3.449276
37.800,25.300,1782.0000,-2.576991
37.800,25.300,1783.0000,-7.512877
37.800,25.300,1784.0000,1.192617
37.800,25.300,1785.0000,2.984153
37.800,25.300,1786.0000,1.349112
37.800,25.300,1787.0000,-0.817106
37.800,25.300,1788.0000,5.782988
37.800,25.300,1789.0000,14.519443
37.800,25.300,1790.0000,-6.150714
37.800,25.300,1791.0000,-12.914394
37.800,25.300,1792.0000,-1.693011
37.800,25.300,1793.0000,9.708465
37.800,25.300,1794.0000,-9.005796
37.800,25.300,1795.0000,-0.152322
37.800,25.300,1796.0000,1.454662
37.800,25.300,1797.0000,-0.404911
37.800,25.300,1798.0000,0.641589
37.800,25.300,1799.0000,3.288737
37.800,25.300,1800.0000,8.210922
37.800,25.300,1801.0000,1.995687
37.800,25.300,1802.0000,3.449252
37.800,25.300,1803.0000,4.592407
37.800,25.300,1804.0000,7.890198
37.800,25.300,1805.0000,0.268882
37.800,25.300,1806.0000,0.714575
37.800,25.300,1807.0000,-1.312624
37.800,25.300,1808.0000,4.754206
37.800,25.300,1809.0000,-3.615400
37.800,25.300,1810.0000,0.664628
37.800,25.300,1811.0000,6.918434
37.800,25.300,1812.0000,8.808308
37.800,25.300,1813.0000,1.370126
37.800,25.300,1814.0000,1.711446
37.800,25.300,1815.0000,3.018917
37.800,25.300,1816.0000,0.768990
37.800,25.300,1817.0000,6.820172
37.800,25.300,1818.0000,-0.074430
37.800,25.300,1819.0000,-5.947594
37.800,25.300,1820.0000,-2.317528
37.800,25.300,1821.0000,-0.818444
37.800,25.300,1822.0000,1.246837
37.800,25.300,1823.0000,0.427663
37.800,25.300,1824.0000,2.891667
37.800,25.300,1825.0000,-7.916225
37.800,25.300,1826.0000,-3.664942
37.800,25.300,1827.0000,3.987423
37.800,25.300,1828.0000,-0.228925
37.800,25.300,1829.0000,2.740076
37.800,25.300,1830.0000,-7.628715
37.800,25.300,1831.0000,8.866548
37.800,25.300,1832.0000,-0.060810
37.800,25.300,1833.0000,-2.925082
37.800,25.300,1834.0000,1.681652
37.800,25.300,1835.0000,7.558301
37.800,25.300,1836.0000,2.164988
37.800,25.300,1837.0000,-5.516764
37.800,25.300,1838.0000,-3.059635
37.800,25.300,1839.0000,-2.301199
37.800,25.300,1840.0000,5.084945
37.800,25.300,1841.0000,4.087094
37.800,25.300,1842.0000,9.863333
37.800,25.300,1843.0000,-0.167824
37.800,25.300,1844.0000,4.354090
37.800,25.300,1845.0000,-1.060712
37.800,25.300,1846.0000,10.259933
37.800,25.300,1847.0000,5.003105
37.800,25.300,1848.0000,-10.879738
37.800,25.300,1849.0000,4.196272
37.800,25.300,1850.0000,3.415910
37.800,25.300,1851.0000,-6.898262
37.800,25.300,1852.0000,9.542882
37.800,25.300,1853.0000,-0.228472
37.800,25.300,1854.0000,4.164662
37.800,25.300,1855.0000,4.728683
37.800,25.300,1856.0000,10.127439
37.800,25.300,1857.0000,2.940132
37.800,25.300,1858.0000,5.941504
37.800,25.300,1859.0000,10.525259
37.800,25.300,1860.0000,6.281025
37.800,25.300,1861.0000,1.149689
37.800,25.300,1862.0000,-0.463929
37.800,25.300,1863.0000,-4.110198
37.800,25.300,1864.0000,-3.344817
37.800,25.300,1865.0000,-11.019133
37.800,25.300,1866.0000,8.542804
37.800,25.300,1867.0000,4.502318
37.800,25.300,1868.0000,-6.181410
37.800,25.300,1869.0000,-0.718891
37.800,25.300,1870.0000,0.830886
37.800,25.300,1871.0000,-3.068762
37.800,25.300,1872.0000,0.453480
37.800,25.300,1873.0000,-5.120144
37.800,25.300,1874.0000,9.698835
37.800,25.300,1875.0000,-9.981783
37.800,25.300,1876.0000,14.020018
37.800,25.300,1877.0000,5.523989
37.800,25.300,1878.0000,10.023957
37.800,25.300,1879.0000,2.453356
37.800,25.300,1880.0000,14.967299
37.800,25.300,1881.0000,0.683872
37.800,25.300,1882.0000,-3.269413
37.800,25.300,1883.0000,9.595906
37.800,25.300,1884.0000,5.406453
37.800,25.300,1885.0000,9.216280
37.800,25.300,1886.0000,0.042565
37.800,25.300,1887.0000,1.331726
37.800,25.300,1888.0000,8.362415
37.800,25.300,1889.0000,-13.814595
37.800,25.300,1890.0000,-5.923499
37.800,25.300,1891.0000,8.504251
37.800,25.300,1892.0000,0.045650
37.800,25.300,1893.0000,-0.139192
37.800,25.300,1894.0000,10.379201
37.800,25.300,1895.0000,-7.027704
37.800,25.300,1896.0000,-5.916073
37.800,25.300,1897.0000,10.156133
37.800,25.300,1898.0000,4.575384
37.800,25.300,1899.0000,-5.270630
37.800,25.300,1900.0000,6.699341
37.800,25.300,1901.0000,3.696185
37.800,25.300,1902.0000,-2.569948
37.800,25.300,1903.0000,-1.255509
37.800,25.300,1904.0000,4.091667
37.800,25.300,1905.0000,-2.771959
37.800,25.300,1906.0000,-8.859748
37.800,25.300,1907.0000,3.401359
37.800,25.300,1908.0000,2.820187
37.800,25.300,1909.0000,1.266751
37.800,25.300,1910.0000,4.746328
37.800,25.300,1911.0000,0.074791
37.800,25.300,1912.0000,14.621083
37.800,25.300,1913.0000,0.009823
37.800,25.300,1914.0000,0.441482
37.800,25.300,1915.0000,7.300879
37.800,25.300,1916.0000,-3.311835
37.800,25.300,1917.0000,-6.473372
37.800,25.300,1918.0000,10.544068
37.800,25.300,1919.0000,1.339453
37.800,25.300,1920.0000,-5.476070
37.800,25.300,1921.0000,-5.146509
37.800,25.300,1922.0000,2.422961
37.800,25.300,1923.0000,2.143803
37.800,25.300,1924.0000,8.284291
37.800,25.300,1925.0000,2.811433
37.800,25.300,1926.0000,0.227831
37.800,25.300,1927.0000,-0.898587
37.800,25.300,1928.0000,-0.948002
37.800,25.300,1929.0000,3.865779
37.800,25.300,1930.0000,-1.808190
37.800,25.300,1931.0000,3.441097
37.800,25.300,1932.0000,-2.373093
37.800,25.300,1933.0000,1.311713
37.800,25.300,1934.0000,-0.559545
37.800,25.300,1935.0000,-1.253232
37.800,25.300,1936.0000,-4.251601
37.800,25.300,1937.0000,4.822781
37.800,25.300,1938.0000,1.867137
37.800,25.300,1939.0000,-3.639303
37.800,25.300,1940.0000,8.189565
37.800,25.300,1941.0000,-10.874280
37.800,25.300,1942.0000,2.739196
37.800,25.300,1943.0000,2.069476
37.800,25.300,1944.0000,15.393004
37.800,25.300,1945.0000,-1.882754
37.800,25.300,1946.0000,-6.958867
37.800,25.300,1947.0000,-3.904411
37.800,25.300,1948.0000,5.093138
37.800,25.300,1949.0000,10.312473
37.800,25.300,1950.0000,9.879488
37.800,25.300,1951.0000,-1.236656
37.800,25.300,1952.0000,9.729000
37.800,25.300,1953.0000,0.718313
37.800,25.300,1954.0000,2.195567
37.800,25.300,1955.0000,-8.785806
37.800,25.300,1956.0000,-8.233883
37.800,25.300,1957.0000,-15.890683
37.800,25.300,1958.0000,-6.328544
37.800,25.300,1959.0000,-3.046579
37.800,25.300,1960.0000,0.264293
37.800,25.300,1961.0000,4.243127
37.800,25.300,1962.0000,6.362530
37.800,25.300,1963.0000,-14.586394
37.800,25.300,1964.0000,1.545955
37.800,25.300,1965.0000,0.824944
37.800,25.300,1966.0000,7.968960
37.800,25.300,1967.0000,4.075279
37.800,25.300,1968.0000,4.382279
37.800,25.300,1969.0000,-2.182906
37.800,25.300,1970.0000,-10.276653
37.800,25.300,1971.0000,-12.591744
37.800,25.300,1972.0000,3.004665
37.800,25.300,1973.0000,0.264343
37.800,25.300,1974.0000,1.143620
37.800,25.300,1975.0000,6.510829
37.800,25.300,1976.0000,-1.767543
37.800,25.300,1977.0000,-9.175383
37.800,25.300,1978.0000,3.721634
37.800,25.300,1979.0000,2.882550
37.800,25.300,1980.0000,-1.909118
37.800,25.300,1981.0000,3.553826
37.800,25.300,1982.0000,1.286906
37.800,25.300,1983.0000,-2.084700
37.800,25.300,1984.0000,-5.990256
37.800,25.300,1985.0000,1.678544
37.800,25.300,1986.0000,-10.258043
37.800,25.300,1987.0000,-1.196521
37.800,25.300,1988.0000,-8.624639
37.800,25.300,1989.0000,-2.144071
37.800,25.300,1990.0000,1.959374
37.800,25.300,1991.0000,7.688165
37.800,25.300,1992.0000,-4.407243
37.800,25.300,1993.0000,2.110036
37.800,25.300,1994.0000,-1.953435
37.800,25.300,1995.0000,-7.219675
37.800,25.300,1996.0000,0.666559
37.800,25.300,1997.0000,1.921500
37.800,25.300,1998.0000,-12.026315
37.800,25.300,1999.0000,-0.475181
37.800,25.300,2000.0000,-1.378598
37.800,25.400,200.0000,-9.290428
37.800,25.400,201.0000,-14.831718
37.800,25.400,202.0000,-8.351614
37.800,25.400,203.0000,3.088686
37.800,25.400,204.0000,4.673435
37.800,25.400,205.0000,0.313829
37.800,25.400,206.0000,-4.348899
37.800,25.400,207.0000,-0.446402
37.800,25.400,208.0000,-3.795192
37.800,25.400,209.0000,-2.784998
37.800,25.400,210.0000,-2.973528
37.800,25.400,211.0000,2.591502
37.800,25.400,212.0000,-2.219853
37.800,25.400,213.0000,8.757420
37.800,25.400,214.0000,-3.158782
37.800,25.400,215.0000,8.842794
37.800,25.400,216.0000,3.387420
37.800,25.400,217.0000,-1.522105
37.800,25.400,218.0000,9.153557
37.800,25.400,219.0000,12.474676
37.800,25.400,220.0000,-2.678438
37.800,25.400,221.0000,6.208855
37.800,25.400,222.0000,-0.941174
37.800,25.400,223.0000,-2.478773
37.800,25.400,224.0000,11.872252
37.800,25.400,225.0000,-1.586179
37.800,25.400,226.0000,0.347429
37.800,25.400,227.0000,1.512568
37.800,25.400,228.0000,-4.693369
37.800,25.400,229.0000,8.140700
37.800,25.400,230.0000,-7.734711
37.800,25.400,231.0000,18.227146
37.800,25.400,232.0000,4.281567
37.800,25.400,233.0000,5.198300
37.800,25.400,234.0000,-1.812412
37.800,25.400,235.0000,-5.364696
37.800,25.400,236.0000,-3.376644
37.800,25.400,237.0000,-4.062015
37.800,25.400,238.0000,3.241696
37.800,25.400,239.0000,7.336621
37.800,25.400,240.0000,-0.654382
37.800,25.400,241.0000,9.144155
37.800,25.400,242.0000,-7.905482
37.800,25.400,243.0000,-5.587159
37.800,25.400,244.0000,-8.292367
37.800,25.400,245.0000,5.794358
37.800,25.400,246.0000,4.815786
37.800,25.400,247.0000,-8.749860
37.800,25.400,248.0000,3.162948
37.800,25.400,249.0000,-9.352339
37.800,25.400,250.0000,6.007649
37.800,25.400,251.0000,-0.091128
37.800,25.400,252.0000,9.782367
37.800,25.400,253.0000,-7.747089
37.800,25.400,254.0000,10.176638
37.800,25.400,255.0000,-11.185998
37.800,25.400,256.0000,-3.972506
37.800,25.400,257.0000,4.658753
37.800,25.400,258.0000,-1.551150
37.800,25.400,259.0000,-3.414213
37.800,25.400,260.0000,-6.522216
37.800,25.400,261.0000,-3.459139
37.800,25.400,262.0000,-0.499663
37.800,25.400,263.0000,3.417031
37.800,25.400,264.0000,5.194282
37.800,25.400,265.0000,4.478331
37.800,25.400,266.0000,-3.748095
37.800,25.400,267.0000,2.430515
37.800,25.400,268.0000,-5.379400
37.800,25.400,269.0000,-6.442719
37.800,25.400,270.0000,-0.314688
37.800,25.400,271.0000,2.623956
37.800,25.400,272.0000,2.391848
37.800,25.400,273.0000,3.039446
37.800,25.400,274.0000,-2.702146
37.800,25.400,275.0000,-1.759263
37.800,25.400,276.0000,-0.840511
37.800,25.400,277.0000,3.940081
37.800,25.400,278.0000,-5.544069
37.800,25.400,279.0000,-2.230981
37.800,25.400,280.0000,-0.363807
37.800,25.400,281.0000,7.803730
37.800,25.400,282.0000,0.990126
37.800,25.400,283.0000,5.642341
37.800,25.400,284.0000,-2.615439
37.800,25.400,285.0000,-2.299200
37.800,25.400,286.0000,1.123645
37.800,25.400,287.0000,-1.336290
37.800,25.400,288.0000,-4.076247
37.800,25.400,289.0000,-9.148949
37.800,25.400,290.0000,1.332016
37.800,25.400,291.0000,-9.107713
37.800,25.400,292.0000,1.306886
37.800,25.400,293.0000,0.466974
37.800,25.400,294.0000,6.727191
37.800,25.400,295.0000,11.641525
37.800,25.400,296.0000,1.520245
37.800,25.400,297.0000,4.704722
37.800,25.400,298.0000,4.693398
37.800,25.400,299.0000,-5.189072
37.800,25.400,300.0000,2.729435
37.800,25.400,301.0000,-6.292965
37.800,25.400,302.0000,12.541442
37.800,25.400,303.0000,0.470808
37.800,25.400,304.0000,12.342655
37.800,25.400,305.0000,6.420916
37.800,25.400,306.0000,3.636062
37.800,25.400,307.0000,0.638357
37.800,25.400,308.0000,3.072646
37.800,25.400,309.0000,-0.758749
37.800,25.400,310.0000,-5.019966
37.800,25.400,311.0000,-2.066054
37.800,25.400,312.0000,3.417446
37.800,25.400,313.0000,-14.775458
37.800,25.400,314.0000,-1.903649
37.800,25.400,315.0000,9.215709
37.800,25.400,316.0000,-7.993124
37.800,25.400,317.0000,3.082378
37.800,25.400,318.0000,-9.640709
37.800,25.400,319.0000,7.664534
37.800,25.400,320.0000,0.632989
37.800,25.400,321.0000,11.034070
37.800,25.400,322.0000,-0.641441
37.800,25.400,323.0000,13.189720
37.800,25.400,324.0000,2.345283
37.800,25.400,325.0000,0.978452
37.800,25.400,326.0000,8.283927
37.800,25.400,327.0000,6.662708
37.800,25.400,328.0000,6.197024
37.800,25.400,329.0000,-2.567985
37.800,25.400,330.0000,-0.203540
37.800,25.400,331.0000,0.751371
37.800,25.400,332.0000,3.808185
37.800,25.400,333.0000,1.320221
37.800,25.400,334.0000,1.927728
37.800,25.400,335.0000,-0.069644
37.800,25.400,336.0000,-5.240880
37.800,25.400,337.0000,10.849404
37.800,25.400,338.0000,12.177045
37.800,25.400,339.0000,-7.552808
37.800,25.400,340.0000,1.251901
37.800,25.400,341.0000,-2.283851
37.800,25.400,342.0000,-10.607405
37.800,25.400,343.0000,-5.181877
37.800,25.400,344.0000,3.392561
37.800,25.400,345.0000,-3.266073
37.800,25.400,346.0000,-0.107065
37.800,25.400,347.0000,2.870163
37.800,25.400,348.0000,3.102740
37.800,25.400,349.0000,1.326023
37.800,25.400,350.0000,-2.185958
37.800,25.400,351.0000,-2.446727
37.800,25.400,352.0000,1.372137
37.800,25.400,353.0000,-4.760935
37.800,25.400,354.0000,-1.185332
37.800,25.400,355.0000,1.292105
37.800,25.400,356.0000,3.057024
37.800,25.400,357.0000,-0.531819
37.800,25.400,358.0000,7.615281
37.800,25.400,359.0000,-11.953376
37.800,25.400,360.0000,1.647549
37.800,25.400,361.0000,9.918714
37.800,25.400,362.0000,-6.260515
37.800,25.400,363.0000,6.041511
37.800,25.400,364.0000,-8.494863
37.800,25.400,365.0000,-6.668953
37.800,25.400,366.0000,2.715387
37.800,25.400,367.0000,6.380438
37.800,25.400,368.0000,0.781712
37.800,25.400,369.0000,8.089707
37.800,25.400,370.0000,-4.701183
37.800,25.400,371.0000,3.499220
37.800,25.400,372.0000,-3.575842
37.800,25.400,373.0000,9.063065
37.800,25.400,374.0000,2.073181
37.800,25.400,375.0000,-4.454849
37.800,25.400,376.0000,4.732154
37.800,25.400,377.0000,-10.760780
37.800,25.400,378.0000,-0.229417
37.800,25.400,379.0000,4.760647
37.800,25.400,380.0000,0.363682
37.800,25.400,381.0000,-1.282206
37.800,25.400,382.0000,-9.249235
37.800,25.400,383.0000,-16.737305
37.800,25.400,384.0000,11.360981
37.800,25.400,385.0000,1.159276
37.800,25.400,386.0000,-6.129209
37.800,25.400,387.0000,1.059078
37.800,25.400,388.0000,-5.433223
37.800,25.400,389.0000,-2.073664
37.800,25.400,390.0000,7.850802
37.800,25.400,391.0000,-2.644113
37.800,25.400,392.0000,4.175445
37.800,25.400,393.0000,10.812315
37.800,25.400,394.0000,5.524105
37.800,25.400,395.0000,-11.340785
37.800,25.400,396.0000,14.606784
37.800,25.400,397.0000,-9.684600
37.800,25.400,398.0000,-3.486184
37.800,25.400,399.0000,-0.845225
37.800,25.400,400.0000,1.041274
37.800,25.400,401.0000,1.230700
37.800,25.400,402.0000,-6.041854
37.800,25.400,403.0000,2.555371
37.800,25.400,404.0000,4.536634
37.800,25.400,405.0000,1.884937
37.800,25.400,406.0000,-4.427140
37.800,25.400,407.0000,-0.269746
37.800,25.400,408.0000,-3.531744
37.800,25.400,409.0000,2.699631
37.800,25.400,410.0000,-1.045064
37.800,25.400,411.0000,-7.145136
37.800,25.400,412.0000,6.809892
37.800,25.400,413.0000,3.831060
37.800,25.400,414.0000,3.876555
37.800,25.400,415.0000,1.225039
37.800,25.400,416.0000,0.717375
37.800,25.400,417.0000,3.247018
37.800,25.400,418.0000,-7.911041
37.800,25.400,419.0000,7.463124
37.800,25.400,420.0000,7.642424
37.800,25.400,421.0000,7.858305
37.800,25.400,422.0000,-5.262431
37.800,25.400,423.0000,-1.354436
37.800,25.400,424.0000,-0.868593
37.800,25.400,425.0000,-7.037324
37.800,25.400,426.0000,13.200448
37.800,25.400,427.0000,8.930520
37.800,25.400,428.0000,-14.368125
37.800,25.400,429.0000,6.203421
37.800,25.400,430.0000,-3.740138
37.800,25.400,431.0000,-1.111657
37.800,25.400,432.0000,8.374191
37.800,25.400,433.0000,3.078903
37.800,25.400,434.0000,5.813984
37.800,25.400,435.0000,-4.862938
37.800,25.400,436.0000,5.445941
37.800,25.400,437.0000,5.032504
37.800,25.400,438.0000,1.053843
37.800,25.400,439.0000,2.521553
37.800,25.400,440.0000,-2.020787
37.800,25.400,441.0000,3.750096
37.800,25.400,442.0000,3.234827
37.800,25.400,443.0000,-4.482639
37.800,25.400,444.0000,-5.982148
37.800,25.400,445.0000,-5.499885
37.800,25.400,446.0000,-10.170722
37.800,25.400,447.0000,4.394326
37.800,25.400,448.0000,-1.041530
37.800,25.400,449.0000,6.018324
37.800,25.400,450.0000,-1.012713
37.800,25.400,451.0000,-5.973813
37.800,25.400,452.0000,12.618364
37.800,25.400,453.0000,-2.840455
37.800,25.400,454.0000,-4.643640
37.800,25.400,455.0000,6.099170
37.800,25.400,456.0000,-8.976261
37.800,25.400,457.0000,4.199373
37.800,25.400,458.0000,-0.019661
37.800,25.400,459.0000,-6.273055
37.800,25.400,460.0000,11.028728
37.800,25.400,461.0000,7.275303
37.800,25.400,462.0000,-3.358363
37.800,25.400,463.0000,2.786547
37.800,25.400,464.0000,3.094159
37.800,25.400,465.0000,-0.828034
37.800,25.400,466.0000,3.643495
37.800,25.400,467.0000,2.671948
37.800,25.400,468.0000,5.415358
37.800,25.400,469.0000,7.346467
37.800,25.400,470.0000,8.169270
37.800,25.400,471.0000,4.013610
37.800,25.400,472.0000,-3.065793
37.800,25.400,473.0000,-5.428864
37.800,25.400,474.0000,1.740634
37.800,25.400,475.0000,12.436329
37.800,25.400,476.0000,-1.287576
37.800,25.400,477.0000,-0.937483
37.800,25.400,478.0000,-9.242483
37.800,25.400,479.0000,-0.232805
37.800,25.400,480.0000,3.975623
37.800,25.400,481.0000,-0.814339
37.800,25.400,482.0000,-1.404795
37.800,25.400,483.0000,10.183019
37.800,25.400,484.0000,1.358713
37.800,25.400,485.0000,-6.987675
37.800,25.400,486.0000,-6.242317
37.800,25.400,487.0000,2.303137
37.800,25.400,488.0000,-1.850765
37.800,25.400,489.0000,11.237890
37.800,25.400,490.0000,-3.178433
37.800,25.400,491.0000,3.039727
37.800,25.400,492.0000,-8.307537
37.800,25.400,493.0000,-6.307599
37.800,25.400,494.0000,4.410988
37.800,25.400,495.0000,8.294733
37.800,25.400,496.0000,-9.092808
37.800,25.400,497.0000,2.026331
37.800,25.400,498.0000,0.995482
37.800,25.400,499.0000,-13.512776
37.800,25.400,500.0000,3.813043
37.800,25.400,501.0000,0.430837
37.800,25.400,502.0000,5.270667
37.800,25.400,503.0000,2.976504
37.800,25.400,504.0000,4.991543
37.800,25.400,505.0000,0.134549
37.800,25.400,506.0000,5.055551
37.800,25.400,507.0000,12.516719
37.800,25.400,508.0000,5.109750
37.800,25.400,509.0000,-2.484896
37.800,25.400,510.0000,-2.029994
37.800,25.400,511.0000,-0.142997
37.800,25.400,512.0000,3.002688
37.800,25.400,513.0000,-0.436183
37.800,25.400,514.0000,-0.281816
37.800,25.400,515.0000,5.097041
37.800,25.400,516.0000,-5.706005
37.800,25.400,517.0000,3.227654
37.800,25.400,518.0000,-2.534139
37.800,25.400,519.0000,-4.586431
37.800,25.400,520.0000,13.605678
37.800,25.400,521.0000,1.756555
37.800,25.400,522.0000,-9.024124
37.800,25.400,523.0000,7.666842
37.800,25.400,524.0000,-5.905717
37.800,25.400,525.0000,-2.373875
37.800,25.400,526.0000,-8.295835
37.800,25.400,527.0000,0.977810
37.800,25.400,528.0000,8.836714
37.800,25.400,529.0000,-9.103511
37.800,25.400,530.0000,1.334657
37.800,25.400,531.0000,0.707424
37.800,25.400,532.0000,6.506114
37.800,25.400,533.0000,-1.489255
37.800,25.400,534.0000,-2.243056
37.800,25.400,535.0000,4.666634
37.800,25.400,536.0000,6.787353
37.800,25.400,537.0000,4.958190
37.800,25.400,538.0000,11.516605
37.800,25.400,539.0000,0.771338
37.800,25.400,540.0000,-8.127225
37.800,25.400,541.0000,-5.177908
37.800,25.400,542.0000,-4.539325
37.800,25.400,543.0000,-1.566550
37.800,25.400,544.0000,5.597353
37.800,25.400,545.0000,5.393706
37.800,25.400,546.0000,4.806461
37.800,25.400,547.0000,14.794947
37.800,25.400,548.0000,2.441973
37.800,25.400,549.0000,2.173152
37.800,25.400,550.0000,6.459099
37.800,25.400,551.0000,10.119490
37.800,25.400,552.0000,-1.391764
37.800,25.400,553.0000,2.278268
37.800,25.400,554.0000,-0.738318
37.800,25.400,555.0000,-3.133487
37.800,25.400,556.0000,8.981247
37.800,25.400,557.0000,-3.465770
37.800,25.400,558.0000,-1.989765
37.800,25.400,559.0000,1.079114
37.800,25.400,560.0000,-9.290373
37.800,25.400,561.0000,5.716152
37.800,25.400,562.0000,3.372061
37.800,25.400,563.0000,-3.473483
37.800,25.400,564.0000,9.912809
37.800,25.400,565.0000,-3.859657
37.800,25.400,566.0000,-1.886966
37.800,25.400,567.0000,4.554189
37.800,25.400,568.0000,-2.878902
37.800,25.400,569.0000,3.258160
37.800,25.400,570.0000,0.901958
37.800,25.400,571.0000,4.105819
37.800,25.400,572.0000,6.269511
37.800,25.400,573.0000,5.378350
37.800,25.400,574.0000,2.251498
37.800,25.400,575.0000,-1.339370
37.800,25.400,576.0000,-9.967303
37.800,25.400,577.0000,10.856825
37.800,25.400,578.0000,4.223319
37.800,25.400,579.0000,11.419053
37.800,25.400,580.0000,0.301551
37.800,25.400,581.0000,10.554158
37.800,25.400,582.0000,-0.527782
37.800,25.400,583.0000,1.424751
37.800,25.400,584.0000,6.047787
37.800,25.400,585.0000,8.313490
37.800,25.400,586.0000,0.224106
37.800,25.400,587.0000,-6.595256
37.800,25.400,588.0000,1.720905
37.800,25.400,589.0000,1.963758
37.800,25.400,590.0000,6.561837
37.800,25.400,591.0000,6.920792
37.800,25.400,592.0000,3.498618
37.800,25.400,593.0000,10.783822
37.800,25.400,594.0000,-1.135603
37.800,25.400,595.0000,9.124574
37.800,25.400,596.0000,0.026912
37.800,25.400,597.0000,13.979646
37.800,25.400,598.0000,7.515611
37.800,25.400,599.0000,2.341174
37.800,25.400,600.0000,9.957982
37.800,25.400,601.0000,13.488002
37.800,25.400,602.0000,13.179875
37.800,25.400,603.0000,28.698858
37.800,25.400,604.0000,6.495974
37.800,25.400,605.0000,18.354662
37.800,25.400,606.0000,15.427846
37.800,25.400,607.0000,18.335347
37.800,25.400,608.0000,20.935454
37.800,25.400,609.0000,20.524736
37.800,25.400,610.0000,21.329318
37.800,25.400,611.0000,25.720089
37.800,25.400,612.0000,52.282506
37.800,25.400,613.0000,44.287639
37.800,25.400,614.0000,59.914976
37.800,25.400,615.0000,71.026141
37.800,25.400,616.0000,87.863085
37.800,25.400,617.0000,112.917189
37.800,25.400,618.0000,133.751705
37.800,25.400,619.0000,156.065873
37.800,25.400,620.0000,159.460990
37.800,25.400,621.0000,153.939342
37.800,25.400,622.0000,141.262560
37.800,25.400,623.0000,119.378320
37.800,25.400,624.0000,94.025365
37.800,25.400,625.0000,65.480113
37.800,25.400,626.0000,61.670476
37.800,25.400,627.0000,39.849577
37.800,25.400,628.0000,25.120508
37.800,25.400,629.0000,33.538327
37.800,25.400,630.0000,25.586598
37.800,25.400,631.0000,21.264705
37.800,25.400,632.0000,13.449815
37.800,25.400,633.0000,11.566593
37.800,25.400,634.0000,4.637645
37.800,25.400,635.0000,14.194114
37.800,25.400,636.0000,9.849641
37.800,25.400,637.0000,1.318785
37.800,25.400,638.0000,16.238080
37.800,25.400,639.0000,11.066608
37.800,25.400,640.0000,3.222803
37.800,25.400,641.0000,6.758553
37.800,25.400,642.0000,4.601283
37.800,25.400,643.0000,8.724760
37.800,25.400,644.0000,-2.687520
37.800,25.400,645.0000,5.930544
37.800,25.400,646.0000,-2.873950
37.800,25.400,647.0000,-1.000380
37.800,25.400,648.0000,17.117784
37.800,25.400,649.0000,-2.719275
37.800,25.400,650.0000,4.463283
37.800,25.400,651.0000,7.429731
37.800,25.400,652.0000,-2.306693
37.800,25.400,653.0000,7.399496
37.800,25.400,654.0000,6.739947
37.800,25.400,655.0000,3.889654
37.800,25.400,656.0000,4.904610
37.800,25.400,657.0000,9.175735
37.800,25.400,658.0000,0.600954
37.800,25.400,659.0000,2.186767
37.800,25.400,660.0000,6.695883
37.800,25.400,661.0000,2.534291
37.800,25.400,662.0000,12.038685
37.800,25.400,663.0000,-4.288143
37.800,25.400,664.0000,4.451402
37.800,25.400,665.0000,-3.752733
37.800,25.400,666.0000,11.979414
37.800,25.400,667.0000,-0.975240
37.800,25.400,668.0000,1.119742
37.800,25.400,669.0000,2.847203
37.800,25.400,670.0000,1.224116
37.800,25.400,671.0000,0.965123
37.800,25.400,672.0000,4.929229
37.800,25.400,673.0000,1.186519
37.800,25.400,674.0000,10.315271
37.800,25.400,675.0000,-0.745509
37.800,25.400,676.0000,-0.792895
37.800,25.400,677.0000,2.655189
37.800,25.400,678.0000,-0.207154
37.800,25.400,679.0000,-8.153578
37.800,25.400,680.0000,4.224545
37.800,25.400,681.0000,-6.040353
37.800,25.400,682.0000,12.540784
37.800,25.400,683.0000,2.855054
37.800,25.400,684.0000,-1.229163
37.800,25.400,685.0000,-0.690698
37.800,25.400,686.0000,-7.240073
37.800,25.400,687.0000,8.452161
37.800,25.400,688.0000,12.155970
37.800,25.400,689.0000,-3.203560
37.800,25.400,690.0000,-5.804753
37.800,25.400,691.0000,-6.551577
37.800,25.400,692.0000,5.080215
37.800,25.400,693.0000,-7.827159
37.800,25.400,694.0000,4.167081
37.800,25.400,695.0000,7.062665
37.800,25.400,696.0000,4.186292
37.800,25.400,697.0000,11.791326
37.800,25.400,698.0000,-0.515884
37.800,25.400,699.0000,15.399212
37.800,25.400,700.0000,2.195698
37.800,25.400,701.0000,1.455247
37.800,25.400,702.0000,5.135594
37.800,25.400,703.0000,1.180230
37.800,25.400,704.0000,10.954273
37.800,25.400,705.0000,0.686279
37.800,25.400,706.0000,4.350921
37.800,25.400,707.0000,7.183985
37.800,25.400,708.0000,5.147889
37.800,25.400,709.0000,4.967365
37.800,25.400,710.0000,-9.519441
37.800,25.400,711.0000,11.085462
37.800,25.400,712.0000,3.014980
37.800,25.400,713.0000,8.053474
37.800,25.400,714.0000,2.353413
37.800,25.400,715.0000,5.144691
37.800,25.400,716.0000,3.742151
37.800,25.400,717.0000,7.863594
37.800,25.400,718.0000,5.975328
37.800,25.400,719.0000,-2.367065
37.800,25.400,720.0000,-5.201251
37.800,25.400,721.0000,3.334641
37.800,25.400,722.0000,0.281051
37.800,25.400,723.0000,6.099982
37.800,25.400,724.0000,-4.103713
37.800,25.400,725.0000,-0.561102
37.800,25.400,726.0000,-7.352822
37.800,25.400,727.0000,7.087041
37.800,25.400,728.0000,-5.637574
37.800,25.400,729.0000,10.684773
37.800,25.400,730.0000,0.973219
37.800,25.400,731.0000,1.135359
37.800,25.400,732.0000,0.963464
37.800,25.400,733.0000,-3.459973
37.800,25.400,734.0000,-0.247988
37.800,25.400,735.0000,1.775770
37.800,25.400,736.0000,4.390353
37.800,25.400,737.0000,8.866511
37.800,25.400,738.0000,-5.724747
37.800,25.400,739.0000,-0.201039
37.800,25.400,740.0000,-2.645674
37.800,25.400,741.0000,-3.865620
37.800,25.400,742.0000,3.923505
37.800,25.400,743.0000,0.234151
37.800,25.400,744.0000,2.442434
37.800,25.400,745.0000,9.329264
37.800,25.400,746.0000,5.787282
37.800,25.400,747.0000,8.079552
37.800,25.400,748.0000,6.154725
37.800,25.400,749.0000,2.325426
37.800,25.400,750.0000,12.733335
37.800,25.400,751.0000,7.646613
37.800,25.400,752.0000,2.273127
37.800,25.400,753.0000,2.105259
37.800,25.400,754.0000,3.933974
37.800,25.400,755.0000,0.068366
37.800,25.400,756.0000,-5.584359
37.800,25.400,757.0000,5.762465
37.800,25.400,758.0000,2.961310
37.800,25.400,759.0000,-7.024368
37.800,25.400,760.0000,-6.237275
37.800,25.400,761.0000,-2.621458
37.800,25.400,762.0000,-5.215691
37.800,25.400,763.0000,-5.418239
37.800,25.400,764.0000,-9.067695
37.800,25.400,765.0000,-4.587112
37.800,25.400,766.0000,6.093249
37.800,25.400,767.0000,6.251785
37.800,25.400,768.0000,-3.546438
37.800,25.400,769.0000,2.586606
37.800,25.400,770.0000,2.404638
37.800,25.400,771.0000,7.938996
37.800,25.400,772.0000,2.629788
37.800,25.400,773.0000,0.610379
37.800,25.400,774.0000,3.851536
37.800,25.400,775.0000,8.853042
37.800,25.400,776.0000,9.728947
37.800,25.400,777.0000,13.410139
37.800,25.400,778.0000,17.366800
37.800,25.400,779.0000,10.043896
37.800,25.400,780.0000,16.250874
37.800,25.400,781.0000,11.223001
37.800,25.400,782.0000,13.460602
37.800,25.400,783.0000,13.681634
37.800,25.400,784.0000,15.601450
37.800,25.400,785.0000,26.706062
37.800,25.400,786.0000,27.203463
37.800,25.400,787.0000,36.996517
37.800,25.400,788.0000,36.396785
37.800,25.400,789.0000,44.446271
37.800,25.400,790.0000,68.425287
37.800,25.400,791.0000,68.376207
37.800,25.400,792.0000,79.798770
37.800,25.400,793.0000,82.714029
37.800,25.400,794.0000,96.874302
37.800,25.400,795.0000,89.917884
37.800,25.400,796.0000,87.928257
37.800,25.400,797.0000,86.857326
37.800,25.400,798.0000,72.568030
37.800,25.400,799.0000,57.380445
37.800,25.400,800.0000,51.899331
37.800,25.400,801.0000,39.206768
37.800,25.400,802.0000,30.754921
37.800,25.400,803.0000,35.309670
37.800,25.400,804.0000,30.797259
37.800,25.400,805.0000,26.470575
37.800,25.400,806.0000,18.130417
37.800,25.400,807.0000,19.627014
37.800,25.400,808.0000,18.856853
37.800,25.400,809.0000,27.897611
37.800,25.400,810.0000,9.242922
37.800,25.400,811.0000,8.904010
37.800,25.400,812.0000,7.327507
37.800,25.400,813.0000,11.130625
37.800,25.400,814.0000,9.040428
37.800,25.400,815.0000,16.545479
37.800,25.400,816.0000,-1.451198
37.800,25.400,817.0000,16.244770
37.800,25.400,818.0000,13.250311
37.800,25.400,819.0000,4.751203
37.800,25.400,820.0000,12.277150
37.800,25.400,821.0000,-8.568870
37.800,25.400,822.0000,6.246260
37.800,25.400,823.0000,10.151404
37.800,25.400,824.0000,6.589700
37.800,25.400,825.0000,1.436587
37.800,25.400,826.0000,0.075950
37.800,25.400,827.0000,8.692574
37.800,25.400,828.0000,-6.150069
37.800,25.400,829.0000,2.035723
37.800,25.400,830.0000,4.303687
37.800,25.400,831.0000,0.445018
37.800,25.400,832.0000,-0.010255
37.800,25.400,833.0000,3.157508
37.800,25.400,834.0000,-3.424978
37.800,25.400,835.0000,7.652322
37.800,25.400,836.0000,4.535138
37.800,25.400,837.0000,9.060696
37.800,25.400,838.0000,5.144493
37.800,25.400,839.0000,-1.669589
37.800,25.400,840.0000,1.358556
37.800,25.400,841.0000,-5.649914
37.800,25.400,842.0000,16.738621
37.800,25.400,843.0000,-4.982480
37.800,25.400,844.0000,14.425895
37.800,25.400,845.0000,3.561829
37.800,25.400,846.0000,0.107992
37.800,25.400,847.0000,6.853700
37.800,25.400,848.0000,7.738948
37.800,25.400,849.0000,-7.873614
37.800,25.400,850.0000,-3.979802
37.800,25.400,851.0000,-4.018141
37.800,25.400,852.0000,-6.686912
37.800,25.400,853.0000,-2.856733
37.800,25.400,854.0000,9.616854
37.800,25.400,855.0000,-3.597030
37.800,25.400,856.0000,-0.828391
37.800,25.400,857.0000,-4.752867
37.800,25.400,858.0000,2.505708
37.800,25.400,859.0000,0.160480
37.800,25.400,860.0000,-1.590113
37.800,25.400,861.0000,-9.992920
37.800,25.400,862.0000,-3.451885
37.800,25.400,863.0000,-1.653362
37.800,25.400,864.0000,8.967693
37.800,25.400,865.0000,6.732320
37.800,25.400,866.0000,-0.692598
37.800,25.400,867.0000,5.881388
37.800,25.400,868.0000,9.177375
37.800,25.400,869.0000,6.333994
37.800,25.400,870.0000,1.096087
37.800,25.400,871.0000,-7.648727
37.800,25.400,872.0000,-8.549097
37.800,25.400,873.0000,1.525066
37.800,25.400,874.0000,-2.653212
37.800,25.400,875.0000,-1.411118
37.800,25.400,876.0000,-0.079887
37.800,25.400,877.0000,0.962724
37.800,25.400,878.0000,6.437396
37.800,25.400,879.0000,4.470067
37.800,25.400,880.0000,-8.521139
37.800,25.400,881.0000,-0.831558
37.800,25.400,882.0000,-4.022673
37.800,25.400,883.0000,-2.697358
37.800,25.400,884.0000,-5.102019
37.800,25.400,885.0000,-4.455643
37.800,25.400,886.0000,-6.541422
37.800,25.400,887.0000,-4.805741
37.800,25.400,888.0000,-1.063633
37.800,25.400,889.0000,-1.774435
37.800,25.400,890.0000,-6.781978
37.800,25.400,891.0000,2.535971
37.800,25.400,892.0000,10.204187
37.800,25.400,893.0000,-1.713988
37.800,25.400,894.0000,-7.803084
37.800,25.400,895.0000,0.699382
37.800,25.400,896.0000,4.411458
37.800,25.400,897.0000,0.722311
37.800,25.400,898.0000,8.671967
37.800,25.400,899.0000,0.171635
37.800,25.400,900.0000,-6.077014
37.800,25.400,901.0000,0.904157
37.800,25.400,902.0000,3.395630
37.800,25.400,903.0000,-1.245952
37.800,25.400,904.0000,-3.741939
37.800,25.400,905.0000,8.230917
37.800,25.400,906.0000,-4.655582
37.800,25.400,907.0000,4.802372
37.800,25.400,908.0000,12.716896
37.800,25.400,909.0000,-2.529870
37.800,25.400,910.0000,-8.460594
37.800,25.400,911.0000,12.068703
37.800,25.400,912.0000,8.389930
37.800,25.400,913.0000,14.389657
37.800,25.400,914.0000,-2.694325
37.800,25.400,915.0000,-2.233951
37.800,25.400,916.0000,3.748595
37.800,25.400,917.0000,-8.763634
37.800,25.400,918.0000,6.062469
37.800,25.400,919.0000,12.555273
37.800,25.400,920.0000,-0.820431
37.800,25.400,921.0000,-4.062153
37.800,25.400,922.0000,4.662520
37.800,25.400,923.0000,5.764854
37.800,25.400,924.0000,-3.731124
37.800,25.400,925.0000,10.427344
37.800,25.400,926.0000,-2.709480
37.800,25.400,927.0000,-0.336180
37.800,25.400,928.0000,-6.261679
37.800,25.400,929.0000,0.997784
37.800,25.400,930.0000,9.594694
37.800,25.400,931.0000,-5.425630
37.800,25.400,932.0000,0.820126
37.800,25.400,933.0000,-6.130824
37.800,25.400,934.0000,4.211515
37.800,25.400,935.0000,12.199547
37.800,25.400,936.0000,2.141629
37.800,25.400,937.0000,-14.832269
37.800,25.400,938.0000,5.616784
37.800,25.400,939.0000,-5.667832
37.800,25.400,940.0000,-5.349711
37.800,25.400,941.0000,-0.309228
37.800,25.400,942.0000,6.600961
37.800,25.400,943.0000,-3.216277
37.800,25.400,944.0000,-1.198401
37.800,25.400,945.0000,1.208763
37.800,25.400,946.0000,2.943449
37.800,25.400,947.0000,6.048927
37.800,25.400,948.0000,1.362041
37.800,25.400,949.0000,8.089971
37.800,25.400,950.0000,4.263380
37.800,25.400,951.0000,-3.455955
37.800,25.400,952.0000,14.224805
37.800,25.400,953.0000,-0.840179
37.800,25.400,954.0000,12.737949
37.800,25.400,955.0000,4.749130
37.800,25.400,956.0000,8.201723
37.800,25.400,957.0000,2.215637
37.800,25.400,958.0000,2.857078
37.800,25.400,959.0000,2.989427
37.800,25.400,960.0000,12.637283
37.800,25.400,961.0000,7.287980
37.800,25.400,962.0000,4.093545
37.800,25.400,963.0000,11.412303
37.800,25.400,964.0000,11.754034
37.800,25.400,965.0000,16.783649
37.800,25.400,966.0000,15.571889
37.800,25.400,967.0000,6.074101
37.800,25.400,968.0000,13.652848
37.800,25.400,969.0000,10.576600
37.800,25.400,970.0000,4.419101
37.800,25.400,971.0000,24.553585
37.800,25.400,972.0000,15.439100
37.800,25.400,973.0000,12.161559
37.800,25.400,974.0000,11.393024
37.800,25.400,975.0000,17.175412
37.800,25.400,976.0000,10.040139
37.800,25.400,977.0000,7.836510
37.800,25.400,978.0000,25.153546
37.800,25.400,979.0000,15.716686
37.800,25.400,980.0000,28.082468
37.800,25.400,981.0000,31.835512
37.800,25.400,982.0000,22.499237
37.800,25.400,983.0000,31.854386
37.800,25.400,984.0000,20.765389
37.800,25.400,985.0000,33.421264
37.800,25.400,986.0000,33.887164
37.800,25.400,987.0000,44.685787
37.800,25.400,988.0000,47.302105
37.800,25.400,989.0000,56.541245
37.800,25.400,990.0000,68.947228
37.800,25.400,991.0000,71.731215
37.800,25.400,992.0000,89.765545
37.800,25.400,993.0000,118.835068
37.800,25.400,994.0000,143.039161
37.800,25.400,995.0000,181.511872
37.800,25.400,996.0000,244.739930
37.800,25.400,997.0000,321.807630
37.800,25.400,998.0000,451.338946
37.800,25.400,999.0000,623.210708
37.800,25.400,1000.0000,801.840873
37.800,25.400,1001.0000,898.270632
37.800,25.400,1002.0000,803.000396
37.800,25.400,1003.0000,620.936354
37.800,25.400,1004.0000,461.204352
37.800,25.400,1005.0000,331.740755
37.800,25.400,1006.0000,245.122427
37.800,25.400,1007.0000,186.796589
37.800,25.400,1008.0000,151.678947
37.800,25.400,1009.0000,124.426236
37.800,25.400,1010.0000,100.871700
37.800,25.400,1011.0000,90.548635
37.800,25.400,1012.0000,71.206194
37.800,25.400,1013.0000,79.251920
37.800,25.400,1014.0000,57.420100
37.800,25.400,1015.0000,59.442461
37.800,25.400,1016.0000,70.097860
37.800,25.400,1017.0000,62.163614
37.800,25.400,1018.0000,60.482091
37.800,25.400,1019.0000,60.703330
37.800,25.400,1020.0000,49.370941
37.800,25.400,1021.0000,73.639554
37.800,25.400,1022.0000,53.370282
37.800,25.400,1023.0000,80.065376
37.800,25.400,1024.0000,93.875870
37.800,25.400,1025.0000,111.370789
37.800,25.400,1026.0000,140.368109
37.800,25.400,1027.0000,176.975854
37.800,25.400,1028.0000,235.054072
37.800,25.400,1029.0000,290.314825
37.800,25.400,1030.0000,363.744824
37.800,25.400,1031.0000,394.368076
37.800,25.400,1032.0000,359.512620
37.800,25.400,1033.0000,292.625076
37.800,25.400,1034.0000,220.918561
37.800,25.400,1035.0000,175.258606
37.800,25.400,1036.0000,133.306808
37.800,25.400,1037.0000,104.618535
37.800,25.400,1038.0000,88.805164
37.800,25.400,1039.0000,74.488180
37.800,25.400,1040.0000,57.583934
37.800,25.400,1041.0000,46.542402
37.800,25.400,1042.0000,33.704040
37.800,25.400,1043.0000,39.684426
37.800,25.400,1044.0000,18.105713
37.800,25.400,1045.0000,32.150298
37.800,25.400,1046.0000,25.472266
37.800,25.400,1047.0000,21.312779
37.800,25.400,1048.0000,18.989208
37.800,25.400,1049.0000,17.285974
37.800,25.400,1050.0000,15.120329
37.800,25.400,1051.0000,7.678250
37.800,25.400,1052.0000,16.177057
37.800,25.400,1053.0000,8.891556
37.800,25.400,1054.0000,11.628997
37.800,25.400,1055.0000,8.341207
37.800,25.400,1056.0000,18.689945
37.800,25.400,1057.0000,-5.744260
37.800,25.400,1058.0000,11.035549
37.800,25.400,1059.0000,9.308941
37.800,25.400,1060.0000,5.266108
37.800,25.400,1061.0000,12.949285
37.800,25.400,1062.0000,8.679425
37.800,25.400,1063.0000,4.433384
37.800,25.400,1064.0000,10.659024
37.800,25.400,1065.0000,1.647103
37.800,25.400,1066.0000,5.677931
37.800,25.400,1067.0000,7.599163
37.800,25.400,1068.0000,7.387028
37.800,25.400,1069.0000,-3.913871
37.800,25.400,1070.0000,6.803853
37.800,25.400,1071.0000,10.175859
37.800,25.400,1072.0000,7.517271
37.800,25.400,1073.0000,4.495757
37.800,25.400,1074.0000,5.860876
37.800,25.400,1075.0000,-1.002918
37.800,25.400,1076.0000,7.492715
37.800,25.400,1077.0000,9.250713
37.800,25.400,1078.0000,4.801847
37.800,25.400,1079.0000,4.215092
37.800,25.400,1080.0000,-11.134040
37.800,25.400,1081.0000,8.669685
37.800,25.400,1082.0000,7.367938
37.800,25.400,1083.0000,0.547017
37.800,25.400,1084.0000,2.939836
37.800,25.400,1085.0000,12.896291
37.800,25.400,1086.0000,-2.757650
37.800,25.400,1087.0000,9.456877
37.800,25.400,1088.0000,3.293706
37.800,25.400,1089.0000,1.033610
37.800,25.400,1090.0000,12.685920
37.800,25.400,1091.0000,4.676038
37.800,25.400,1092.0000,5.432098
37.800,25.400,1093.0000,8.811463
37.800,25.400,1094.0000,-2.888521
37.800,25.400,1095.0000,0.637528
37.800,25.400,1096.0000,-1.959604
37.800,25.400,1097.0000,8.621273
37.800,25.400,1098.0000,10.621821
37.800,25.400,1099.0000,0.877272
37.800,25.400,1100.0000,21.799582
37.800,25.400,1101.0000,1.285269
37.800,25.400,1102.0000,-0.431150
37.800,25.400,1103.0000,-7.088084
37.800,25.400,1104.0000,6.042856
37.800,25.400,1105.0000,-0.240805
37.800,25.400,1106.0000,9.641847
37.800,25.400,1107.0000,7.624286
37.800,25.400,1108.0000,7.599304
37.800,25.400,1109.0000,4.015174
37.800,25.400,1110.0000,-3.843630
37.800,25.400,1111.0000,-3.380029
37.800,25.400,1112.0000,7.749420
37.800,25.400,1113.0000,3.007565
37.800,25.400,1114.0000,-4.689628
37.800,25.400,1115.0000,8.062924
37.800,25.400,1116.0000,10.143171
37.800,25.400,1117.0000,17.827445
37.800,25.400,1118.0000,16.196676
37.800,25.400,1119.0000,14.483041
37.800,25.400,1120.0000,9.576979
37.800,25.400,1121.0000,9.658072
37.800,25.400,1122.0000,7.169884
37.800,25.400,1123.0000,7.034845
37.800,25.400,1124.0000,3.434740
37.800,25.400,1125.0000,4.259509
37.800,25.400,1126.0000,3.736132
37.800,25.400,1127.0000,0.604561
37.800,25.400,1128.0000,-3.005581
37.800,25.400,1129.0000,9.225535
37.800,25.400,1130.0000,20.578926
37.800,25.400,1131.0000,2.706931
37.800,25.400,1132.0000,6.742436
37.800,25.400,1133.0000,4.144043
37.800,25.400,1134.0000,2.862565
37.800,25.400,1135.0000,9.770167
37.800,25.400,1136.0000,10.513713
37.800,25.400,1137.0000,16.890163
37.800,25.400,1138.0000,17.205003
37.800,25.400,1139.0000,8.928248
37.800,25.400,1140.0000,16.692420
37.800,25.400,1141.0000,22.159702
37.800,25.400,1142.0000,6.781857
37.800,25.400,1143.0000,15.566706
37.800,25.400,1144.0000,4.049301
37.800,25.400,1145.0000,14.935306
37.800,25.400,1146.0000,44.591183
37.800,25.400,1147.0000,34.584851
37.800,25.400,1148.0000,37.068986
37.800,25.400,1149.0000,47.775681
37.800,25.400,1150.0000,64.322860
37.800,25.400,1151.0000,82.598027
37.800,25.400,1152.0000,88.716564
37.800,25.400,1153.0000,118.666973
37.800,25.400,1154.0000,118.836316
37.800,25.400,1155.0000,122.578499
37.800,25.400,1156.0000,134.139174
37.800,25.400,1157.0000,106.479377
37.800,25.400,1158.0000,101.800597
37.800,25.400,1159.0000,88.973970
37.800,25.400,1160.0000,68.189492
37.800,25.400,1161.0000,47.580169
37.800,25.400,1162.0000,52.186139
37.800,25.400,1163.0000,45.014260
37.800,25.400,1164.0000,31.576838
37.800,25.400,1165.0000,30.487673
37.800,25.400,1166.0000,29.131777
37.800,25.400,1167.0000,31.741782
37.800,25.400,1168.0000,18.799176
37.800,25.400,1169.0000,26.673675
37.800,25.400,1170.0000,28.248453
37.800,25.400,1171.0000,25.745388
37.800,25.400,1172.0000,34.977098
37.800,25.400,1173.0000,27.317652
37.800,25.400,1174.0000,27.042715
37.800,25.400,1175.0000,36.121070
37.800,25.400,1176.0000,35.782697
37.800,25.400,1177.0000,43.248239
37.800,25.400,1178.0000,53.759194
37.800,25.400,1179.0000,56.534802
37.800,25.400,1180.0000,79.072918
37.800,25.400,1181.0000,87.692461
37.800,25.400,1182.0000,105.278045
37.800,25.400,1183.0000,121.930938
37.800,25.400,1184.0000,105.986783
37.800,25.400,1185.0000,89.408461
37.800,25.400,1186.0000,84.856292
37.800,25.400,1187.0000,81.542020
37.800,25.400,1188.0000,43.732260
37.800,25.400,1189.0000,40.760831
37.800,25.400,1190.0000,31.278040
37.800,25.400,1191.0000,29.801421
37.800,25.400,1192.0000,34.430977
37.800,25.400,1193.0000,23.131830
37.800,25.400,1194.0000,14.492427
37.800,25.400,1195.0000,18.549361
37.800,25.400,1196.0000,7.756618
37.800,25.400,1197.0000,19.133742
37.800,25.400,1198.0000,7.186337
37.800,25.400,1199.0000,0.936156
37.800,25.400,1200.0000,14.134694
37.800,25.400,1201.0000,22.975916
37.800,25.400,1202.0000,5.924961
37.800,25.400,1203.0000,1.387903
37.800,25.400,1204.0000,-7.696000
37.800,25.400,1205.0000,8.083817
37.800,25.400,1206.0000,1.162935
37.800,25.400,1207.0000,-3.592107
37.800,25.400,1208.0000,1.068644
37.800,25.400,1209.0000,-8.346468
37.800,25.400,1210.0000,6.484167
37.800,25.400,1211.0000,3.429927
37.800,25.400,1212.0000,0.908090
37.800,25.400,1213.0000,5.248326
37.800,25.400,1214.0000,11.023720
37.800,25.400,1215.0000,4.386725
37.800,25.400,1216.0000,16.310767
37.800,25.400,1217.0000,14.144369
37.800,25.400,1218.0000,6.733323
37.800,25.400,1219.0000,2.470056
37.800,25.400,1220.0000,13.821028
37.800,25.400,1221.0000,3.122476
37.800,25.400,1222.0000,-2.226145
37.800,25.400,1223.0000,-0.089451
37.800,25.400,1224.0000,3.109585
37.800,25.400,1225.0000,-0.623591
37.800,25.400,1226.0000,4.622812
37.800,25.400,1227.0000,10.317969
37.800,25.400,1228.0000,9.930487
37.800,25.400,1229.0000,3.185013
37.800,25.400,1230.0000,1.840820
37.800,25.400,1231.0000,6.627454
37.800,25.400,1232.0000,13.412015
37.800,25.400,1233.0000,-1.129558
37.800,25.400,1234.0000,7.853796
37.800,25.400,1235.0000,0.143574
37.800,25.400,1236.0000,-3.429731
37.800,25.400,1237.0000,-4.692085
37.800,25.400,1238.0000,7.649974
37.800,25.400,1239.0000,-4.504535
37.800,25.400,1240.0000,5.474188
37.800,25.400,1241.0000,0.690001
37.800,25.400,1242.0000,-5.428898
37.800,25.400,1243.0000,2.868989
37.800,25.400,1244.0000,11.462313
37.800,25.400,1245.0000,5.786655
37.800,25.400,1246.0000,6.214792
37.800,25.400,1247.0000,11.383054
37.800,25.400,1248.0000,-5.020592
37.800,25.400,1249.0000,-2.368083
37.800,25.400,1250.0000,4.958767
37.800,25.400,1251.0000,-1.899858
37.800,25.400,1252.0000,-3.553635
37.800,25.400,1253.0000,-1.810385
37.800,25.400,1254.0000,-12.898882
37.800,25.400,1255.0000,5.300154
37.800,25.400,1256.0000,0.179274
37.800,25.400,1257.0000,0.325630
37.800,25.400,1258.0000,-4.684461
37.800,25.400,1259.0000,9.457463
37.800,25.400,1260.0000,7.670034
37.800,25.400,1261.0000,-2.141311
37.800,25.400,1262.0000,3.167293
37.800,25.400,1263.0000,7.379091
37.800,25.400,1264.0000,-1.691731
37.800,25.400,1265.0000,-4.062339
37.800,25.400,1266.0000,-0.816127
37.800,25.400,1267.0000,-1.553766
37.800,25.400,1268.0000,6.942991
37.800,25.400,1269.0000,-0.654614
37.800,25.400,1270.0000,-5.063813
37.800,25.400,1271.0000,2.603482
37.800,25.400,1272.0000,11.080274
37.800,25.400,1273.0000,5.902187
37.800,25.400,1274.0000,-1.464572
37.800,25.400,1275.0000,11.413765
37.800,25.400,1276.0000,-7.156450
37.800,25.400,1277.0000,-1.753956
37.800,25.400,1278.0000,-0.364075
37.800,25.400,1279.0000,-4.155323
37.800,25.400,1280.0000,-4.198874
37.800,25.400,1281.0000,-2.466060
37.800,25.400,1282.0000,-15.893517
37.800,25.400,1283.0000,1.331382
37.800,25.400,1284.0000,16.037820
37.800,25.400,1285.0000,-3.948008
37.800,25.400,1286.0000,8.692938
37.800,25.400,1287.0000,-3.532597
37.800,25.400,1288.0000,1.625505
37.800,25.400,1289.0000,-2.932643
37.800,25.400,1290.0000,1.342963
37.800,25.400,1291.0000,-4.258621
37.800,25.400,1292.0000,-6.025523
37.800,25.400,1293.0000,0.303932
37.800,25.400,1294.0000,-3.274582
37.800,25.400,1295.0000,-7.232582
37.800,25.400,1296.0000,9.458610
37.800,25.400,1297.0000,-1.715748
37.800,25.400,1298.0000,-3.689612
37.800,25.400,1299.0000,6.108038
37.800,25.400,1300.0000,11.565512
37.800,25.400,1301.0000,2.392517
37.800,25.400,1302.0000,11.287616
37.800,25.400,1303.0000,11.582023
37.800,25.400,1304.0000,1.648904
37.800,25.400,1305.0000,-5.785315
37.800,25.400,1306.0000,-2.458068
37.800,25.400,1307.0000,2.918031
37.800,25.400,1308.0000,-0.049319
37.800,25.400,1309.0000,5.579829
37.800,25.400,1310.0000,4.341174
37.800,25.400,1311.0000,4.877093
37.800,25.400,1312.0000,10.284473
37.800,25.400,1313.0000,2.418630
37.800,25.400,1314.0000,3.423021
37.800,25.400,1315.0000,3.544526
37.800,25.400,1316.0000,11.788011
37.800,25.400,1317.0000,9.848289
37.800,25.400,1318.0000,3.955353
37.800,25.400,1319.0000,2.814358
37.800,25.400,1320.0000,-3.114944
37.800,25.400,1321.0000,-3.317983
37.800,25.400,1322.0000,6.469740
37.800,25.400,1323.0000,6.997142
37.800,25.400,1324.0000,-5.335254
37.800,25.400,1325.0000,-7.399730
37.800,25.400,1326.0000,-0.202985
37.800,25.400,1327.0000,4.519585
37.800,25.400,1328.0000,9.959212
37.800,25.400,1329.0000,-2.913590
37.800,25.400,1330.0000,-4.575069
37.800,25.400,1331.0000,1.120636
37.800,25.400,1332.0000,-1.054279
37.800,25.400,1333.0000,3.884642
37.800,25.400,1334.0000,0.612864
37.800,25.400,1335.0000,4.188631
37.800,25.400,1336.0000,-1.033286
37.800,25.400,1337.0000,10.749906
37.800,25.400,1338.0000,4.902194
37.800,25.400,1339.0000,-4.447766
37.800,25.400,1340.0000,1.694310
37.800,25.400,1341.0000,9.798703
37.800,25.400,1342.0000,-0.405817
37.800,25.400,1343.0000,3.914580
37.800,25.400,1344.0000,2.582300
37.800,25.400,1345.0000,-0.941202
37.800,25.400,1346.0000,3.654367
37.800,25.400,1347.0000,1.279902
37.800,25.400,1348.0000,-5.262598
37.800,25.400,1349.0000,6.241634
37.800,25.400,1350.0000,5.155607
37.800,25.400,1351.0000,3.845820
37.800,25.400,1352.0000,1.612960
37.800,25.400,1353.0000,9.703616
37.800,25.400,1354.0000,2.894681
37.800,25.400,1355.0000,-0.863552
37.800,25.400,1356.0000,-1.772562
37.800,25.400,1357.0000,3.917496
37.800,25.400,1358.0000,5.752586
37.800,25.400,1359.0000,2.334215
37.800,25.400,1360.0000,0.498575
37.800,25.400,1361.0000,6.461428
37.800,25.400,1362.0000,-11.981424
37.800,25.400,1363.0000,-3.908708
37.800,25.400,1364.0000,1.553912
37.800,25.400,1365.0000,12.585861
37.800,25.400,1366.0000,8.196545
37.800,25.400,1367.0000,6.780945
37.800,25.400,1368.0000,0.210651
37.800,25.400,1369.0000,16.560817
37.800,25.400,1370.0000,7.175021
37.800,25.400,1371.0000,2.407628
37.800,25.400,1372.0000,5.933416
37.800,25.400,1373.0000,-1.070447
37.800,25.400,1374.0000,-2.119219
37.800,25.400,1375.0000,9.132478
37.800,25.400,1376.0000,0.152947
37.800,25.400,1377.0000,2.636423
37.800,25.400,1378.0000,7.463740
37.800,25.400,1379.0000,12.317449
37.800,25.400,1380.0000,-1.908056
37.800,25.400,1381.0000,3.031429
37.800,25.400,1382.0000,-8.237223
37.800,25.400,1383.0000,6.384665
37.800,25.400,1384.0000,-1.031358
37.800,25.400,1385.0000,-5.848124
37.800,25.400,1386.0000,-1.193982
37.800,25.400,1387.0000,-1.562732
37.800,25.400,1388.0000,2.420491
37.800,25.400,1389.0000,12.954657
37.800,25.400,1390.0000,7.084691
37.800,25.400,1391.0000,2.581561
37.800,25.400,1392.0000,1.477410
37.800,25.400,1393.0000,1.805341
37.800,25.400,1394.0000,0.222632
37.800,25.400,1395.0000,5.484649
37.800,25.400,1396.0000,1.128627
37.800,25.400,1397.0000,2.974119
37.800,25.400,1398.0000,-0.622973
37.800,25.400,1399.0000,0.293467
37.800,25.400,1400.0000,3.753918
37.800,25.400,1401.0000,3.452338
37.800,25.400,1402.0000,15.906715
37.800,25.400,1403.0000,8.515115
37.800,25.400,1404.0000,4.300753
37.800,25.400,1405.0000,5.256636
37.800,25.400,1406.0000,5.028071
37.800,25.400,1407.0000,2.352856
37.800,25.400,1408.0000,-6.921668
37.800,25.400,1409.0000,-2.689440
37.800,25.400,1410.0000,1.014387
37.800,25.400,1411.0000,5.549890
37.800,25.400,1412.0000,20.399820
37.800,25.400,1413.0000,17.676531
37.800,25.400,1414.0000,8.130947
37.800,25.400,1415.0000,5.871662
37.800,25.400,1416.0000,-0.932386
37.800,25.400,1417.0000,3.202859
37.800,25.400,1418.0000,11.589176
37.800,25.400,1419.0000,4.070997
37.800,25.400,1420.0000,3.357786
37.800,25.400,1421.0000,10.496343
37.800,25.400,1422.0000,18.419421
37.800,25.400,1423.0000,9.489569
37.800,25.400,1424.0000,12.222046
37.800,25.400,1425.0000,20.456389
37.800,25.400,1426.0000,10.871006
37.800,25.400,1427.0000,24.494937
37.800,25.400,1428.0000,18.662740
37.800,25.400,1429.0000,19.231594
37.800,25.400,1430.0000,24.563995
37.800,25.400,1431.0000,28.867131
37.800,25.400,1432.0000,25.299802
37.800,25.400,1433.0000,45.680222
37.800,25.400,1434.0000,38.265727
37.800,25.400,1435.0000,47.900253
37.800,25.400,1436.0000,42.696938
37.800,25.400,1437.0000,46.596664
37.800,25.400,1438.0000,50.996559
37.800,25.400,1439.0000,55.477566
37.800,25.400,1440.0000,75.266278
37.800,25.400,1441.0000,82.197799
37.800,25.400,1442.0000,80.238217
37.800,25.400,1443.0000,88.736899
37.800,25.400,1444.0000,126.448053
37.800,25.400,1445.0000,140.592633
37.800,25.400,1446.0000,147.611827
37.800,25.400,1447.0000,170.010604
37.800,25.400,1448.0000,176.942459
37.800,25.400,1449.0000,190.811239
37.800,25.400,1450.0000,206.234226
37.800,25.400,1451.0000,185.959321
37.800,25.400,1452.0000,183.314403
37.800,25.400,1453.0000,167.602816
37.800,25.400,1454.0000,154.059370
37.800,25.400,1455.0000,142.444233
37.800,25.400,1456.0000,117.392005
37.800,25.400,1457.0000,89.706125
37.800,25.400,1458.0000,86.407566
37.800,25.400,1459.0000,72.772227
37.800,25.400,1460.0000,64.111874
37.800,25.400,1461.0000,55.968863
37.800,25.400,1462.0000,53.757079
37.800,25.400,1463.0000,48.668486
37.800,25.400,1464.0000,39.178228
37.800,25.400,1465.0000,37.407877
37.800,25.400,1466.0000,33.550405
37.800,25.400,1467.0000,28.734510
37.800,25.400,1468.0000,35.920480
37.800,25.400,1469.0000,28.258015
37.800,25.400,1470.0000,28.418166
37.800,25.400,1471.0000,26.563732
37.800,25.400,1472.0000,17.626541
37.800,25.400,1473.0000,16.761086
37.800,25.400,1474.0000,3.225267
37.800,25.400,1475.0000,19.353027
37.800,25.400,1476.0000,12.464482
37.800,25.400,1477.0000,6.276620
37.800,25.400,1478.0000,16.798205
37.800,25.400,1479.0000,5.909343
37.800,25.400,1480.0000,11.290862
37.800,25.400,1481.0000,13.992071
37.800,25.400,1482.0000,13.209134
37.800,25.400,1483.0000,10.834999
37.800,25.400,1484.0000,13.162082
37.800,25.400,1485.0000,18.310928
37.800,25.400,1486.0000,17.587689
37.800,25.400,1487.0000,2.550611
37.800,25.400,1488.0000,14.482078
37.800,25.400,1489.0000,6.596294
37.800,25.400,1490.0000,10.449630
37.800,25.400,1491.0000,12.404651
37.800,25.400,1492.0000,22.826388
37.800,25.400,1493.0000,-3.891634
37.800,25.400,1494.0000,7.197359
37.800,25.400,1495.0000,0.787229
37.800,25.400,1496.0000,11.446989
37.800,25.400,1497.0000,1.111457
37.800,25.400,1498.0000,11.270970
37.800,25.400,1499.0000,4.899126
37.800,25.400,1500.0000,10.360710
37.800,25.400,1501.0000,-3.948148
37.800,25.400,1502.0000,1.430254
37.800,25.400,1503.0000,-3.122636
37.800,25.400,1504.0000,7.559602
37.800,25.400,1505.0000,17.386965
37.800,25.400,1506.0000,8.151399
37.800,25.400,1507.0000,12.195177
37.800,25.400,1508.0000,4.846107
37.800,25.400,1509.0000,-1.717898
37.800,25.400,1510.0000,3.877855
37.800,25.400,1511.0000,0.055266
37.800,25.400,1512.0000,1.257027
37.800,25.400,1513.0000,5.971029
37.800,25.400,1514.0000,18.694485
37.800,25.400,1515.0000,3.041857
37.800,25.400,1516.0000,15.417175
37.800,25.400,1517.0000,-1.766830
37.800,25.400,1518.0000,12.905336
37.800,25.400,1519.0000,8.051873
37.800,25.400,1520.0000,1.279515
37.800,25.400,1521.0000,14.139240
37.800,25.400,1522.0000,-6.216638
37.800,25.400,1523.0000,-7.833156
37.800,25.400,1524.0000,6.778299
37.800,25.400,1525.0000,1.653598
37.800,25.400,1526.0000,2.034258
37.800,25.400,1527.0000,3.477333
37.800,25.400,1528.0000,9.934392
37.800,25.400,1529.0000,6.675779
37.800,25.400,1530.0000,8.289243
37.800,25.400,1531.0000,4.474870
37.800,25.400,1532.0000,10.892104
37.800,25.400,1533.0000,8.782541
37.800,25.400,1534.0000,8.001694
37.800,25.400,1535.0000,4.765197
37.800,25.400,1536.0000,16.837133
37.800,25.400,1537.0000,7.628993
37.800,25.400,1538.0000,-0.406123
37.800,25.400,1539.0000,5.137204
37.800,25.400,1540.0000,-5.687049
37.800,25.400,1541.0000,5.022181
37.800,25.400,1542.0000,7.952365
37.800,25.400,1543.0000,-0.692167
37.800,25.400,1544.0000,14.504129
37.800,25.400,1545.0000,8.287207
37.800,25.400,1546.0000,4.505818
37.800,25.400,1547.0000,3.532772
37.800,25.400,1548.0000,7.275980
37.800,25.400,1549.0000,18.285929
37.800,25.400,1550.0000,13.702969
37.800,25.400,1551.0000,18.631337
37.800,25.400,1552.0000,-1.025110
37.800,25.400,1553.0000,6.912579
37.800,25.400,1554.0000,9.076327
37.800,25.400,1555.0000,12.674447
37.800,25.400,1556.0000,9.569412
37.800,25.400,1557.0000,10.971813
37.800,25.400,1558.0000,15.800868
37.800,25.400,1559.0000,20.830910
37.800,25.400,1560.0000,14.346178
37.800,25.400,1561.0000,14.567578
37.800,25.400,1562.0000,14.736118
37.800,25.400,1563.0000,16.784512
37.800,25.400,1564.0000,22.413120
37.800,25.400,1565.0000,24.374770
37.800,25.400,1566.0000,14.494235
37.800,25.400,1567.0000,14.229429
37.800,25.400,1568.0000,23.035643
37.800,25.400,1569.0000,35.256039
37.800,25.400,1570.0000,29.392951
37.800,25.400,1571.0000,45.817805
37.800,25.400,1572.0000,49.200268
37.800,25.400,1573.0000,45.458618
37.800,25.400,1574.0000,58.040983
37.800,25.400,1575.0000,67.906042
37.800,25.400,1576.0000,74.159453
37.800,25.400,1577.0000,87.581724
37.800,25.400,1578.0000,101.256900
37.800,25.400,1579.0000,120.808590
37.800,25.400,1580.0000,153.919285
37.800,25.400,1581.0000,174.618759
37.800,25.400,1582.0000,188.560391
37.800,25.400,1583.0000,202.155633
37.800,25.400,1584.0000,201.409365
37.800,25.400,1585.0000,181.593951
37.800,25.400,1586.0000,154.020968
37.800,25.400,1587.0000,145.510707
37.800,25.400,1588.0000,140.902080
37.800,25.400,1589.0000,131.475491
37.800,25.400,1590.0000,110.319564
37.800,25.400,1591.0000,111.509473
37.800,25.400,1592.0000,124.118306
37.800,25.400,1593.0000,125.068868
37.800,25.400,1594.0000,136.472608
37.800,25.400,1595.0000,165.765085
37.800,25.400,1596.0000,194.041262
37.800,25.400,1597.0000,241.411540
37.800,25.400,1598.0000,296.464758
37.800,25.400,1599.0000,369.939635
37.800,25.400,1600.0000,449.039750
37.800,25.400,1601.0000,532.326477
37.800,25.400,1602.0000,568.334686
37.800,25.400,1603.0000,530.016242
37.800,25.400,1604.0000,457.914971
37.800,25.400,1605.0000,355.051781
37.800,25.400,1606.0000,280.331855
37.800,25.400,1607.0000,213.170551
37.800,25.400,1608.0000,174.078205
37.800,25.400,1609.0000,138.919142
37.800,25.400,1610.0000,115.998617
37.800,25.400,1611.0000,96.829700
37.800,25.400,1612.0000,78.307102
37.800,25.400,1613.0000,75.680606
37.800,25.400,1614.0000,62.235223
37.800,25.400,1615.0000,51.500256
37.800,25.400,1616.0000,48.615420
37.800,25.400,1617.0000,32.259935
37.800,25.400,1618.0000,32.586440
37.800,25.400,1619.0000,32.292798
37.800,25.400,1620.0000,33.881831
37.800,25.400,1621.0000,29.297002
37.800,25.400,1622.0000,30.879624
37.800,25.400,1623.0000,20.982944
37.800,25.400,1624.0000,26.523034
37.800,25.400,1625.0000,29.604349
37.800,25.400,1626.0000,15.060302
37.800,25.400,1627.0000,14.888724
37.800,25.400,1628.0000,12.133871
37.800,25.400,1629.0000,21.782457
37.800,25.400,1630.0000,17.502280
37.800,25.400,1631.0000,8.532772
37.800,25.400,1632.0000,3.161703
37.800,25.400,1633.0000,10.435166
37.800,25.400,1634.0000,5.982847
37.800,25.400,1635.0000,8.417861
37.800,25.400,1636.0000,-1.105998
37.800,25.400,1637.0000,4.082452
37.800,25.400,1638.0000,6.007598
37.800,25.400,1639.0000,7.230842
37.800,25.400,1640.0000,1.156615
37.800,25.400,1641.0000,7.396564
37.800,25.400,1642.0000,9.637902
37.800,25.400,1643.0000,13.918765
37.800,25.400,1644.0000,11.870651
37.800,25.400,1645.0000,-0.285156
37.800,25.400,1646.0000,-7.277317
37.800,25.400,1647.0000,2.259942
37.800,25.400,1648.0000,7.154030
37.800,25.400,1649.0000,-3.929687
37.800,25.400,1650.0000,12.608183
37.800,25.400,1651.0000,2.803381
37.800,25.400,1652.0000,2.589869
37.800,25.400,1653.0000,8.957420
37.800,25.400,1654.0000,3.432088
37.800,25.400,1655.0000,-0.155326
37.800,25.400,1656.0000,11.558733
37.800,25.400,1657.0000,3.253997
37.800,25.400,1658.0000,8.547381
37.800,25.400,1659.0000,7.008209
37.800,25.400,1660.0000,3.608235
37.800,25.400,1661.0000,-1.949360
37.800,25.400,1662.0000,5.715946
37.800,25.400,1663.0000,1.307437
37.800,25.400,1664.0000,4.905441
37.800,25.400,1665.0000,-0.922613
37.800,25.400,1666.0000,6.740200
37.800,25.400,1667.0000,7.450637
37.800,25.400,1668.0000,7.010486
37.800,25.400,1669.0000,1.709158
37.800,25.400,1670.0000,2.020133
37.800,25.400,1671.0000,0.805923
37.800,25.400,1672.0000,1.158867
37.800,25.400,1673.0000,-6.497250
37.800,25.400,1674.0000,-5.722940
37.800,25.400,1675.0000,1.959853
37.800,25.400,1676.0000,6.028098
37.800,25.400,1677.0000,2.949091
37.800,25.400,1678.0000,19.401023
37.800,25.400,1679.0000,1.617414
37.800,25.400,1680.0000,2.866587
37.800,25.400,1681.0000,-4.942816
37.800,25.400,1682.0000,-12.481324
37.800,25.400,1683.0000,-7.531032
37.800,25.400,1684.0000,7.965866
37.800,25.400,1685.0000,3.219422
37.800,25.400,1686.0000,4.525799
37.800,25.400,1687.0000,-1.618789
37.800,25.400,1688.0000,1.811030
37.800,25.400,1689.0000,-6.295864
37.800,25.400,1690.0000,-7.118381
37.800,25.400,1691.0000,1.801569
37.800,25.400,1692.0000,9.250908
37.800,25.400,1693.0000,2.702445
37.800,25.400,1694.0000,-8.062234
37.800,25.400,1695.0000,12.847723
37.800,25.400,1696.0000,0.416000
37.800,25.400,1697.0000,-1.977731
37.800,25.400,1698.0000,3.981588
37.800,25.400,1699.0000,-2.559590
37.800,25.400,1700.0000,-0.358732
37.800,25.400,1701.0000,-3.069736
37.800,25.400,1702.0000,8.877434
37.800,25.400,1703.0000,-4.574095
37.800,25.400,1704.0000,5.386112
37.800,25.400,1705.0000,2.059497
37.800,25.400,1706.0000,10.097246
37.800,25.400,1707.0000,-0.851504
37.800,25.400,1708.0000,10.074679
37.800,25.400,1709.0000,1.003604
37.800,25.400,1710.0000,8.998690
37.800,25.400,1711.0000,1.367361
37.800,25.400,1712.0000,3.116672
37.800,25.400,1713.0000,2.112027
37.800,25.400,1714.0000,9.682125
37.800,25.400,1715.0000,4.743043
37.800,25.400,1716.0000,9.799344
37.800,25.400,1717.0000,4.635542
37.800,25.400,1718.0000,5.298263
37.800,25.400,1719.0000,-4.345612
37.800,25.400,1720.0000,5.561030
37.800,25.400,1721.0000,6.682112
37.800,25.400,1722.0000,-7.574117
37.800,25.400,1723.0000,8.506607
37.800,25.400,1724.0000,7.572977
37.800,25.400,1725.0000,-9.190323
37.800,25.400,1726.0000,-2.261078
37.800,25.400,1727.0000,3.568194
37.800,25.400,1728.0000,-0.393141
37.800,25.400,1729.0000,-2.706084
37.800,25.400,1730.0000,-3.974331
37.800,25.400,1731.0000,-8.951965
37.800,25.400,1732.0000,0.382014
37.800,25.400,1733.0000,-4.155303
37.800,25.400,1734.0000,10.858750
37.800,25.400,1735.0000,0.174965
37.800,25.400,1736.0000,-1.898332
37.800,25.400,1737.0000,5.850395
37.800,25.400,1738.0000,0.642022
37.800,25.400,1739.0000,1.544531
37.800,25.400,1740.0000,7.802644
37.800,25.400,1741.0000,3.741731
37.800,25.400,1742.0000,-6.248772
37.800,25.400,1743.0000,4.033804
37.800,25.400,1744.0000,3.675527
37.800,25.400,1745.0000,-0.099256
37.800,25.400,1746.0000,0.517712
37.800,25.400,1747.0000,-4.002025
37.800,25.400,1748.0000,7.599330
37.800,25.400,1749.0000,1.431042
37.800,25.400,1750.0000,-5.677810
37.800,25.400,1751.0000,5.406481
37.800,25.400,1752.0000,-4.213498
37.800,25.400,1753.0000,5.844995
37.800,25.400,1754.0000,3.938213
37.800,25.400,1755.0000,-7.460966
37.800,25.400,1756.0000,0.644642
37.800,25.400,1757.0000,3.580576
37.800,25.400,1758.0000,2.977022
37.800,25.400,1759.0000,-10.696477
37.800,25.400,1760.0000,-8.536729
37.800,25.400,1761.0000,4.487473
37.800,25.400,1762.0000,-1.840103
37.800,25.400,1763.0000,6.445366
37.800,25.400,1764.0000,-3.330595
37.800,25.400,1765.0000,-5.526022
37.800,25.400,1766.0000,-0.976979
37.800,25.400,1767.0000,0.113381
37.800,25.400,1768.0000,-6.138284
37.800,25.400,1769.0000,-1.093362
37.800,25.400,1770.0000,-4.689753
37.800,25.400,1771.0000,15.298752
37.800,25.400,1772.0000,-12.207162
37.800,25.400,1773.0000,-3.154083
37.800,25.400,1774.0000,-5.273096
37.800,25.400,1775.0000,-7.226201
37.800,25.400,1776.0000,7.354307
37.800,25.400,1777.0000,-8.639208
37.800,25.400,1778.0000,0.585908
37.800,25.400,1779.0000,4.877202
37.800,25.400,1780.0000,-9.700684
37.800,25.400,1781.0000,-4.554256
37.800,25.400,1782.0000,7.906791
37.800,25.400,1783.0000,9.382474
37.800,25.400,1784.0000,3.193445
37.800,25.400,1785.0000,6.983799
37.800,25.400,1786.0000,-3.516883
37.800,25.400,1787.0000,6.969795
37.800,25.400,1788.0000,-13.661240
37.800,25.400,1789.0000,1.094751
37.800,25.400,1790.0000,4.347218
37.800,25.400,1791.0000,-9.738260
37.800,25.400,1792.0000,-1.235732
37.800,25.400,1793.0000,3.109462
37.800,25.400,1794.0000,1.160408
37.800,25.400,1795.0000,1.973417
37.800,25.400,1796.0000,-9.971975
37.800,25.400,1797.0000,-6.251639
37.800,25.400,1798.0000,-10.442213
37.800,25.400,1799.0000,-7.615632
37.800,25.400,1800.0000,2.707432
37.800,25.400,1801.0000,4.165306
37.800,25.400,1802.0000,9.681812
37.800,25.400,1803.0000,7.083295
37.800,25.400,1804.0000,7.716155
37.800,25.400,1805.0000,-6.139694
37.800,25.400,1806.0000,-7.062260
37.800,25.400,1807.0000,-6.403037
37.800,25.400,1808.0000,-7.739632
37.800,25.400,1809.0000,1.439327
37.800,25.400,1810.0000,-0.179921
37.800,25.400,1811.0000,4.628341
37.800,25.400,1812.0000,-6.367582
37.800,25.400,1813.0000,-4.963843
37.800,25.400,1814.0000,-1.832183
37.800,25.400,1815.0000,6.880844
37.800,25.400,1816.0000,1.520784
37.800,25.400,1817.0000,-8.144939
37.800,25.400,1818.0000,2.486192
37.800,25.400,1819.0000,-4.382023
37.800,25.400,1820.0000,1.650860
37.800,25.400,1821.0000,-1.426020
37.800,25.400,1822.0000,6.275961
37.800,25.400,1823.0000,-0.446213
37.800,25.400,1824.0000,2.380626
37.800,25.400,1825.0000,6.634040
37.800,25.400,1826.0000,-5.032066
37.800,25.400,1827.0000,-6.909474
37.800,25.400,1828.0000,3.263470
37.800,25.400,1829.0000,9.369314
37.800,25.400,1830.0000,-4.325265
37.800,25.400,1831.0000,-1.686480
37.800,25.400,1832.0000,10.750956
37.800,25.400,1833.0000,-4.221547
37.800,25.400,1834.0000,2.015100
37.800,25.400,1835.0000,3.020621
37.800,25.400,1836.0000,8.577179
37.800,25.400,1837.0000,0.605058
37.800,25.400,1838.0000,4.401127
37.800,25.400,1839.0000,4.412172
37.800,25.400,1840.0000,5.567005
37.800,25.400,1841.0000,1.799004
37.800,25.400,1842.0000,-5.798834
37.800,25.400,1843.0000,-5.556127
37.800,25.400,1844.0000,0.408146
37.800,25.400,1845.0000,4.808949
37.800,25.400,1846.0000,-0.740315
37.800,25.400,1847.0000,-6.791558
37.800,25.400,1848.0000,-5.215043
37.800,25.400,1849.0000,7.524313
37.800,25.400,1850.0000,1.687732
37.800,25.400,1851.0000,4.014278
37.800,25.400,1852.0000,9.419621
37.800,25.400,1853.0000,-10.227008
37.800,25.400,1854.0000,-4.681004
37.800,25.400,1855.0000,7.262760
37.800,25.400,1856.0000,-2.792999
37.800,25.400,1857.0000,-5.382819
37.800,25.400,1858.0000,-1.110509
37.800,25.400,1859.0000,-1.663147
37.800,25.400,1860.0000,-2.488031
37.800,25.400,1861.0000,9.513910
37.800,25.400,1862.0000,-6.307335
37.800,25.400,1863.0000,5.230192
37.800,25.400,1864.0000,-18.430232
37.800,25.400,1865.0000,1.721009
37.800,25.400,1866.0000,-1.625523
37.800,25.400,1867.0000,3.381202
37.800,25.400,1868.0000,8.292103
37.800,25.400,1869.0000,-8.017393
37.800,25.400,1870.0000,2.121071
37.800,25.400,1871.0000,-18.349587
37.800,25.400,1872.0000,-3.085989
37.800,25.400,1873.0000,-5.391306
37.800,25.400,1874.0000,-5.548074
37.800,25.400,1875.0000,-0.889925
37.800,25.400,1876.0000,-0.662215
37.800,25.400,1877.0000,-6.601897
37.800,25.400,1878.0000,-0.220576
37.800,25.400,1879.0000,-4.487063
37.800,25.400,1880.0000,-0.557876
37.800,25.400,1881.0000,-5.240978
37.800,25.400,1882.0000,-15.769212
37.800,25.400,1883.0000,3.564342
37.800,25.400,1884.0000,6.932524
37.800,25.400,1885.0000,2.140403
37.800,25.400,1886.0000,0.930720
37.800,25.400,1887.0000,2.396817
37.800,25.400,1888.0000,5.835975
37.800,25.400,1889.0000,-8.253362
37.800,25.400,1890.0000,-5.480745
37.800,25.400,1891.0000,2.135887
37.800,25.400,1892.0000,-2.724782
37.800,25.400,1893.0000,10.534689
37.800,25.400,1894.0000,2.810867
37.800,25.400,1895.0000,-4.066070
37.800,25.400,1896.0000,0.065135
37.800,25.400,1897.0000,0.946860
37.800,25.400,1898.0000,-1.117468
37.800,25.400,1899.0000,5.495012
37.800,25.400,1900.0000,-6.558875
37.800,25.400,1901.0000,11.063548
37.800,25.400,1902.0000,-1.114438
37.800,25.400,1903.0000,-9.062628
37.800,25.400,1904.0000,-0.238004
37.800,25.400,1905.0000,0.416055
37.800,25.400,1906.0000,-2.200421
37.800,25.400,1907.0000,-6.431794
37.800,25.400,1908.0000,6.014264
37.800,25.400,1909.0000,-4.868708
37.800,25.400,1910.0000,0.057382
37.800,25.400,1911.0000,-2.117840
37.800,25.400,1912.0000,5.150808
37.800,25.400,1913.0000,7.950186
37.800,25.400,1914.0000,4.064429
37.800,25.400,1915.0000,-7.424163
37.800,25.400,1916.0000,7.202103
37.800,25.400,1917.0000,-9.345135
37.800,25.400,1918.0000,-5.304945
37.800,25.400,1919.0000,6.384441
37.800,25.400,1920.0000,11.943237
37.800,25.400,1921.0000,-1.185064
37.800,25.400,1922.0000,4.938539
37.800,25.400,1923.0000,-0.118926
37.800,25.400,1924.0000,7.378964
37.800,25.400,1925.0000,2.755358
37.800,25.400,1926.0000,-1.556003
37.800,25.400,1927.0000,2.792159
37.800,25.400,1928.0000,3.664758
37.800,25.400,1929.0000,3.952166
37.800,25.400,1930.0000,-8.838129
37.800,25.400,1931.0000,10.521830
37.800,25.400,1932.0000,3.362336
37.800,25.400,1933.0000,6.158542
37.800,25.400,1934.0000,-12.452970
37.800,25.400,1935.0000,-7.326319
37.800,25.400,1936.0000,-9.867742
37.800,25.400,1937.0000,-10.602802
37.800,25.400,1938.0000,6.514020
37.800,25.400,1939.0000,2.335512
37.800,25.400,1940.0000,8.043010
37.800,25.400,1941.0000,3.456993
37.800,25.400,1942.0000,-3.150670
37.800,25.400,1943.0000,-3.478469
37.800,25.400,1944.0000,2.800931
37.800,25.400,1945.0000,-3.872588
37.800,25.400,1946.0000,-5.669709
37.800,25.400,1947.0000,-5.063932
37.800,25.400,1948.0000,-0.535669
37.800,25.400,1949.0000,13.477945
37.800,25.400,1950.0000,-4.476277
37.800,25.400,1951.0000,12.645856
37.800,25.400,1952.0000,-2.878000
37.800,25.400,1953.0000,8.459275
37.800,25.400,1954.0000,3.564645
37.800,25.400,1955.0000,5.354264
37.800,25.400,1956.0000,2.403633
37.800,25.400,1957.0000,-4.273879
37.800,25.400,1958.0000,-11.030787
37.800,25.400,1959.0000,-8.996629
37.800,25.400,1960.0000,2.411158
37.800,25.400,1961.0000,-0.447330
37.800,25.400,1962.0000,-4.766947
37.800,25.400,1963.0000,1.610731
37.800,25.400,1964.0000,1.546804
37.800,25.400,1965.0000,10.356195
37.800,25.400,1966.0000,2.184711
37.800,25.400,1967.0000,-3.848555
37.800,25.400,1968.0000,3.970777
37.800,25.400,1969.0000,0.530769
37.800,25.400,1970.0000,0.762230
37.800,25.400,1971.0000,8.687878
37.800,25.400,1972.0000,-11.729385
37.800,25.400,1973.0000,1.713048
37.800,25.400,1974.0000,5.026065
37.800,25.400,1975.0000,-3.886229
37.800,25.400,1976.0000,-7.164833
37.800,25.400,1977.0000,6.683952
37.800,25.400,1978.0000,4.297167
37.800,25.400,1979.0000,-5.349682
37.800,25.400,1980.0000,0.275942
37.800,25.400,1981.0000,0.545940
37.800,25.400,1982.0000,2.155703
37.800,25.400,1983.0000,-0.333276
37.800,25.400,1984.0000,14.644547
37.800,25.400,1985.0000,1.337504
37.800,25.400,1986.0000,2.843457
37.800,25.400,1987.0000,-8.071815
37.800,25.400,1988.0000,1.838198
37.800,25.400,1989.0000,2.806942
37.800,25.400,1990.0000,-10.270039
37.800,25.400,1991.0000,2.265185
37.800,25.400,1992.0000,-2.570062
37.800,25.400,1993.0000,12.493269
37.800,25.400,1994.0000,-1.226680
37.800,25.400,1995.0000,6.191316
37.800,25.400,1996.0000,4.187901
37.800,25.400,1997.0000,2.616538
37.800,25.400,1998.0000,-7.910206
37.800,25.400,1999.0000,4.518263
37.800,25.400,2000.0000,-1.183355
37.900,25.200,200.0000,-5.512512
37.900,25.200,201.0000,-8.022106
37.900,25.200,202.0000,5.471556
37.900,25.200,203.0000,-1.585299
37.900,25.200,204.0000,-3.285662
37.900,25.200,205.0000,-8.688257
37.900,25.200,206.0000,2.579927
37.900,25.200,207.0000,-3.855858
37.900,25.200,208.0000,-14.583862
37.900,25.200,209.0000,-2.524724
37.900,25.200,210.0000,-4.301830
37.900,25.200,211.0000,4.813756
37.900,25.200,212.0000,1.752463
37.900,25.200,213.0000,-6.189057
37.900,25.200,214.0000,2.040883
37.900,25.200,215.0000,3.844357
37.900,25.200,216.0000,-1.039029
37.900,25.200,217.0000,2.057541
37.900,25.200,218.0000,-0.445434
37.900,25.200,219.0000,-3.177627
37.900,25.200,220.0000,-0.498974
37.900,25.200,221.0000,-4.718366
37.900,25.200,222.0000,-1.802251
37.900,25.200,223.0000,-4.804902
37.900,25.200,224.0000,-8.081068
37.900,25.200,225.0000,5.872928
37.900,25.200,226.0000,-1.088973
37.900,25.200,227.0000,0.958919
37.900,25.200,228.0000,6.437549
37.900,25.200,229.0000,4.600094
37.900,25.200,230.0000,3.821582
37.900,25.200,231.0000,6.300605
37.900,25.200,232.0000,-6.249801
37.900,25.200,233.0000,-2.488259
37.900,25.200,234.0000,9.620768
37.900,25.200,235.0000,2.063474
37.900,25.200,236.0000,-4.033872
37.900,25.200,237.0000,-0.731562
37.900,25.200,238.0000,-5.511838
37.900,25.200,239.0000,-5.345011
37.900,25.200,240.0000,8.958317
37.900,25.200,241.0000,-13.887615
37.900,25.200,242.0000,-2.675040
37.900,25.200,243.0000,-1.927657
37.900,25.200,244.0000,-4.979651
37.900,25.200,245.0000,0.187699
37.900,25.200,246.0000,-3.145412
37.900,25.200,247.0000,-4.094940
37.900,25.200,248.0000,-2.711261
37.900,25.200,249.0000,10.667541
37.900,25.200,250.0000,-4.256229
37.900,25.200,251.0000,1.842088
37.900,25.200,252.0000,-5.083730
37.900,25.200,253.0000,-8.296572
37.900,25.200,254.0000,-6.169648
37.900,25.200,255.0000,4.416562
37.900,25.200,256.0000,4.416872
37.900,25.200,257.0000,-2.180122
37.900,25.200,258.0000,0.710774
37.900,25.200,259.0000,-3.559282
37.900,25.200,260.0000,12.287259
37.900,25.200,261.0000,-0.434345
37.900,25.200,262.0000,6.440120
37.900,25.200,263.0000,11.847457
37.900,25.200,264.0000,3.532985
37.900,25.200,265.0000,0.531041
37.900,25.200,266.0000,3.778535
37.900,25.200,267.0000,0.352121
37.900,25.200,268.0000,1.003156
37.900,25.200,269.0000,5.660223
37.900,25.200,270.0000,7.761624
37.900,25.200,271.0000,9.722837
37.900,25.200,272.0000,-7.634202
37.900,25.200,273.0000,-8.389397
37.900,25.200,274.0000,6.364709
37.900,25.200,275.0000,-7.232125
37.900,25.200,276.0000,3.121866
37.900,25.200,277.0000,5.444308
37.900,25.200,278.0000,6.066970
37.900,25.200,279.0000,3.932312
37.900,25.200,280.0000,0.892887
37.900,25.200,281.0000,-0.082609
37.900,25.200,282.0000,3.541656
37.900,25.200,283.0000,-2.765964
37.900,25.200,284.0000,1.879750
37.900,25.200,285.0000,2.636430
37.900,25.200,286.0000,-3.203299
37.900,25.200,287.0000,-2.335351
37.900,25.200,288.0000,-1.174881
37.900,25.200,289.0000,8.161443
37.900,25.200,290.0000,1.894638
37.900,25.200,291.0000,-0.423768
37.900,25.200,292.0000,-1.733811
37.900,25.200,293.0000,-5.054412
37.900,25.200,294.0000,5.380896
37.900,25.200,295.0000,-1.693946
37.900,25.200,296.0000,5.311084
37.900,25.200,297.0000,-1.724936
37.900,25.200,298.0000,-8.433964
37.900,25.200,299.0000,-6.858086
37.900,25.200,300.0000,-1.412567
37.900,25.200,301.0000,-0.047071
37.900,25.200,302.0000,5.393133
37.900,25.200,303.0000,-8.379953
37.900,25.200,304.0000,-4.516984
37.900,25.200,305.0000,1.035546
37.900,25.200,306.0000,2.679278
37.900,25.200,307.0000,-4.005373
37.900,25.200,308.0000,-0.945116
37.900,25.200,309.0000,3.998946
37.900,25.200,310.0000,-11.942928
37.900,25.200,311.0000,-11.436469
37.900,25.200,312.0000,7.382410
37.900,25.200,313.0000,-4.720203
37.900,25.200,314.0000,2.361825
37.900,25.200,315.0000,-7.014958
37.900,25.200,316.0000,-1.680780
37.900,25.200,317.0000,9.366788
37.900,25.200,318.0000,-7.707657
37.900,25.200,319.0000,-4.768590
37.900,25.200,320.0000,-3.359568
37.900,25.200,321.0000,4.894299
37.900,25.200,322.0000,-14.964752
37.900,25.200,323.0000,5.362124
37.900,25.200,324.0000,2.727136
37.900,25.200,325.0000,-7.625206
37.900,25.200,326.0000,6.205602
37.900,25.200,327.0000,9.550580
37.900,25.200,328.0000,2.217043
37.900,25.200,329.0000,4.698212
37.900,25.200,330.0000,0.734456
37.900,25.200,331.0000,-1.495228
37.900,25.200,332.0000,-11.432276
37.900,25.200,333.0000,5.099603
37.900,25.200,334.0000,8.902753
37.900,25.200,335.0000,-0.631904
37.900,25.200,336.0000,1.283534
37.900,25.200,337.0000,3.261847
37.900,25.200,338.0000,6.055696
37.900,25.200,339.0000,7.854229
37.900,25.200,340.0000,7.117365
37.900,25.200,341.0000,0.179383
37.900,25.200,342.0000,0.005136
37.900,25.200,343.0000,2.016041
37.900,25.200,344.0000,0.696842
37.900,25.200,345.0000,-8.005000
37.900,25.200,346.0000,7.864118
37.900,25.200,347.0000,-5.349097
37.900,25.200,348.0000,-0.359792
37.900,25.200,349.0000,-3.706526
37.900,25.200,350.0000,3.936387
37.900,25.200,351.0000,5.131910
37.900,25.200,352.0000,6.569579
37.900,25.200,353.0000,3.090967
37.900,25.200,354.0000,0.738035
37.900,25.200,355.0000,-0.381697
37.900,25.200,356.0000,-0.203380
37.900,25.200,357.0000,-2.695940
37.900,25.200,358.0000,-2.395317
37.900,25.200,359.0000,8.942069
37.900,25.200,360.0000,-3.516140
37.900,25.200,361.0000,10.008174
37.900,25.200,362.0000,-4.319236
37.900,25.200,363.0000,4.311163
37.900,25.200,364.0000,7.825746
37.900,25.200,365.0000,-6.304966
37.900,25.200,366.0000,0.690235
37.900,25.200,367.0000,1.267825
37.900,25.200,368.0000,1.351617
37.900,25.200,369.0000,-1.891908
37.900,25.200,370.0000,-0.077674
37.900,25.200,371.0000,-10.604443
37.900,25.200,372.0000,-4.018359
37.900,25.200,373.0000,-0.293911
37.900,25.200,374.0000,-2.206846
37.900,25.200,375.0000,1.659858
37.900,25.200,376.0000,-11.936398
37.900,25.200,377.0000,-5.737786
37.900,25.200,378.0000,0.115785
37.900,25.200,379.0000,-2.615442
37.900,25.200,380.0000,6.933793
37.900,25.200,381.0000,7.094071
37.900,25.200,382.0000,-4.619035
37.900,25.200,383.0000,-9.903673
37.900,25.200,384.0000,-3.470993
37.900,25.200,385.0000,9.005561
37.900,25.200,386.0000,2.771857
37.900,25.200,387.0000,8.375003
37.900,25.200,388.0000,9.102642
37.900,25.200,389.0000,0.706056
37.900,25.200,390.0000,-1.246766
37.900,25.200,391.0000,2.472807
37.900,25.200,392.0000,1.221272
37.900,25.200,393.0000,-0.540433
37.900,25.200,394.0000,-3.903460
37.900,25.200,395.0000,11.705585
37.900,25.200,396.0000,0.809304
37.900,25.200,397.0000,-6.878047
37.900,25.200,398.0000,11.283445
37.900,25.200,399.0000,-8.845640
37.900,25.200,400.0000,-1.640059
37.900,25.200,401.0000,3.958423
37.900,25.200,402.0000,-6.686798
37.900,25.200,403.0000,-3.512596
37.900,25.200,404.0000,8.976865
37.900,25.200,405.0000,-5.770399
37.900,25.200,406.0000,-4.429524
37.900,25.200,407.0000,11.393125
37.900,25.200,408.0000,-5.223290
37.900,25.200,409.0000,-11.828434
37.900,25.200,410.0000,-1.231056
37.900,25.200,411.0000,-3.291967
37.900,25.200,412.0000,0.246465
37.900,25.200,413.0000,-5.477558
37.900,25.200,414.0000,-8.817130
37.900,25.200,415.0000,4.561106
37.900,25.200,416.0000,4.159116
37.900,25.200,417.0000,-3.126942
37.900,25.200,418.0000,2.805581
37.900,25.200,419.0000,-0.579275
37.900,25.200,420.0000,-2.794457
37.900,25.200,421.0000,-5.474937
37.900,25.200,422.0000,6.637211
37.900,25.200,423.0000,8.522646
37.900,25.200,424.0000,6.262945
37.900,25.200,425.0000,-1.549688
37.900,25.200,426.0000,-1.471576
37.900,25.200,427.0000,8.965302
37.900,25.200,428.0000,-11.340427
37.900,25.200,429.0000,0.976637
37.900,25.200,430.0000,4.532813
37.900,25.200,431.0000,-2.576787
37.900,25.200,432.0000,-3.230134
37.900,25.200,433.0000,-6.169082
37.900,25.200,434.0000,-7.342180
37.900,25.200,435.0000,0.998374
37.900,25.200,436.0000,6.693660
37.900,25.200,437.0000,-8.129381
37.900,25.200,438.0000,-2.880832
37.900,25.200,439.0000,4.538745
37.900,25.200,440.0000,-4.238894
37.900,25.200,441.0000,-3.687558
37.900,25.200,442.0000,-1.570043
37.900,25.200,443.0000,3.260608
37.900,25.200,444.0000,8.985889
37.900,25.200,445.0000,11.436362
37.900,25.200,446.0000,-1.453274
37.900,25.200,447.0000,-6.098590
37.900,25.200,448.0000,2.740399
37.900,25.200,449.0000,-5.087110
37.900,25.200,450.0000,5.130628
37.900,25.200,451.0000,8.597128
37.900,25.200,452.0000,4.612002
37.900,25.200,453.0000,8.366804
37.900,25.200,454.0000,10.072167
37.900,25.200,455.0000,0.765016
37.900,25.200,456.0000,-5.276698
37.900,25.200,457.0000,-2.518671
37.900,25.200,458.0000,3.524223
37.900,25.200,459.0000,0.057701
37.900,25.200,460.0000,-7.466598
37.900,25.200,461.0000,4.192890
37.900,25.200,462.0000,-13.754093
37.900,25.200,463.0000,3.075613
37.900,25.200,464.0000,8.670752
37.900,25.200,465.0000,-2.429693
37.900,25.200,466.0000,11.584628
37.900,25.200,467.0000,-22.657129
37.900,25.200,468.0000,-1.103190
37.900,25.200,469.0000,0.976548
37.900,25.200,470.0000,-2.901761
37.900,25.200,471.0000,3.441874
37.900,25.200,472.0000,-0.745201
37.900,25.200,473.0000,-2.293057
37.900,25.200,474.0000,2.605179
37.900,25.200,475.0000,6.452731
37.900,25.200,476.0000,3.180237
37.900,25.200,477.0000,-3.596376
37.900,25.200,478.0000,6.199366
37.900,25.200,479.0000,8.776729
37.900,25.200,480.0000,4.294948
37.900,25.200,481.0000,2.217909
37.900,25.200,482.0000,5.095152
37.900,25.200,483.0000,2.255311
37.900,25.200,484.0000,-7.763193
37.900,25.200,485.0000,5.207069
37.900,25.200,486.0000,6.131829
37.900,25.200,487.0000,9.377115
37.900,25.200,488.0000,-2.820852
37.900,25.200,489.0000,-2.473342
37.900,25.200,490.0000,14.574620
37.900,25.200,491.0000,0.579839
37.900,25.200,492.0000,-12.767323
37.900,25.200,493.0000,6.298228
37.900,25.200,494.0000,-0.554134
37.900,25.200,495.0000,6.798015
37.900,25.200,496.0000,-0.118643
37.900,25.200,497.0000,5.315706
37.900,25.200,498.0000,-9.397696
37.900,25.200,499.0000,-4.781390
37.900,25.200,500.0000,-4.905714
37.900,25.200,501.0000,-14.115988
37.900,25.200,502.0000,-12.725992
37.900,25.200,503.0000,-5.838421
37.900,25.200,504.0000,3.062298
37.900,25.200,505.0000,-5.262678
37.900,25.200,506.0000,-1.557406
37.900,25.200,507.0000,-6.309197
37.900,25.200,508.0000,-0.916715
37.900,25.200,509.0000,4.834347
37.900,25.200,510.0000,-11.649224
37.900,25.200,511.0000,1.012797
37.900,25.200,512.0000,13.310467
37.900,25.200,513.0000,-5.224000
37.900,25.200,514.0000,2.230918
37.900,25.200,515.0000,4.122815
37.900,25.200,516.0000,-10.661966
37.900,25.200,517.0000,1.091497
37.900,25.200,518.0000,0.750202
37.900,25.200,519.0000,-1.146384
37.900,25.200,520.0000,-1.505701
37.900,25.200,521.0000,-1.077776
37.900,25.200,522.0000,5.595148
37.900,25.200,523.0000,0.178528
37.900,25.200,524.0000,10.658153
37.900,25.200,525.0000,8.002094
37.900,25.200,526.0000,8.804783
37.900,25.200,527.0000,0.757066
37.900,25.200,528.0000,5.881377
37.900,25.200,529.0000,-11.641871
37.900,25.200,530.0000,-6.859112
37.900,25.200,531.0000,5.491966
37.900,25.200,532.0000,2.316386
37.900,25.200,533.0000,3.963600
37.900,25.200,534.0000,-5.435751
37.900,25.200,535.0000,-0.877142
37.900,25.200,536.0000,-5.247649
37.900,25.200,537.0000,-1.809333
37.900,25.200,538.0000,-5.778582
37.900,25.200,539.0000,-3.191006
37.900,25.200,540.0000,-14.689309
37.900,25.200,541.0000,-0.663313
37.900,25.200,542.0000,-2.776314
37.900,25.200,543.0000,-3.696305
37.900,25.200,544.0000,2.866983
37.900,25.200,545.0000,-15.538399
37.900,25.200,546.0000,-7.446461
37.900,25.200,547.0000,0.425714
37.900,25.200,548.0000,-6.780328
37.900,25.200,549.0000,-3.973352
37.900,25.200,550.0000,7.573359
37.900,25.200,551.0000,10.071615
37.900,25.200,552.0000,-3.223333
37.900,25.200,553.0000,-5.546883
37.900,25.200,554.0000,5.003044
37.900,25.200,555.0000,-2.607958
37.900,25.200,556.0000,6.343563
37.900,25.200,557.0000,-0.324328
37.900,25.200,558.0000,-5.873214
37.900,25.200,559.0000,9.718449
37.900,25.200,560.0000,-6.393073
37.900,25.200,561.0000,-6.702152
37.900,25.200,562.0000,3.746867
37.900,25.200,563.0000,2.135694
37.900,25.200,564.0000,-3.749177
37.900,25.200,565.0000,6.845775
37.900,25.200,566.0000,10.084504
37.900,25.200,567.0000,-7.162626
37.900,25.200,568.0000,6.901344
37.900,25.200,569.0000,3.454027
37.900,25.200,570.0000,-6.155360
37.900,25.200,571.0000,6.113233
37.900,25.200,572.0000,10.924624
37.900,25.200,573.0000,8.517862
37.900,25.200,574.0000,-4.046136
37.900,25.200,575.0000,9.003240
37.900,25.200,576.0000,-8.075649
37.900,25.200,577.0000,-6.039598
37.900,25.200,578.0000,9.954376
37.900,25.200,579.0000,-2.108521
37.900,25.200,580.0000,2.300424
37.900,25.200,581.0000,7.301396
37.900,25.200,582.0000,-6.086317
37.900,25.200,583.0000,9.187259
37.900,25.200,584.0000,2.946973
37.900,25.200,585.0000,5.318567
37.900,25.200,586.0000,-2.298530
37.900,25.200,587.0000,-0.410128
37.900,25.200,588.0000,0.009783
37.900,25.200,589.0000,-1.000817
37.900,25.200,590.0000,0.339097
37.900,25.200,591.0000,3.408413
37.900,25.200,592.0000,4.674563
37.900,25.200,593.0000,7.418345
37.900,25.200,594.0000,-4.288994
37.900,25.200,595.0000,10.803718
37.900,25.200,596.0000,4.141853
37.900,25.200,597.0000,10.136594
37.900,25.200,598.0000,7.195913
37.900,25.200,599.0000,11.665990
37.900,25.200,600.0000,12.737029
37.900,25.200,601.0000,10.407615
37.900,25.200,602.0000,12.652465
37.900,25.200,603.0000,21.542874
37.900,25.200,604.0000,4.558985
37.900,25.200,605.0000,3.834205
37.900,25.200,606.0000,19.144957
37.900,25.200,607.0000,13.515897
37.900,25.200,608.0000,13.086280
37.900,25.200,609.0000,32.915031
37.900,25.200,610.0000,19.146954
37.900,25.200,611.0000,27.873547
37.900,25.200,612.0000,31.317980
37.900,25.200,613.0000,48.579483
37.900,25.200,614.0000,51.961936
37.900,25.200,615.0000,74.450178
37.900,25.200,616.0000,96.829662
37.900,25.200,617.0000,103.667767
37.900,25.200,618.0000,137.901603
37.900,25.200,619.0000,159.940840
37.900,25.200,620.0000,157.235824
37.900,25.200,621.0000,161.177083
37.900,25.200,622.0000,124.011567
37.900,25.200,623.0000,115.877377
37.900,25.200,624.0000,91.656135
37.900,25.200,625.0000,72.048316
37.900,25.200,626.0000,69.068266
37.900,25.200,627.0000,52.261351
37.900,25.200,628.0000,38.119319
37.900,25.200,629.0000,28.789247
37.900,25.200,630.0000,23.006307
37.900,25.200,631.0000,20.985632
37.900,25.200,632.0000,17.953815
37.900,25.200,633.0000,13.913203
37.900,25.200,634.0000,20.901035
37.900,25.200,635.0000,20.594589
37.900,25.200,636.0000,11.699229
37.900,25.200,637.0000,13.754497
37.900,25.200,638.0000,9.249014
37.900,25.200,639.0000,1.195765
37.900,25.200,640.0000,4.338969
37.900,25.200,641.0000,15.213825
37.900,25.200,642.0000,5.776892
37.900,25.200,643.0000,5.855876
37.900,25.200,644.0000,12.175177
37.900,25.200,645.0000,6.939752
37.900,25.200,646.0000,5.930090
37.900,25.200,647.0000,10.321063
37.900,25.200,648.0000,0.470568
37.900,25.200,649.0000,6.362440
37.900,25.200,650.0000,-0.153129
37.900,25.200,651.0000,11.878544
37.900,25.200,652.0000,1.928164
37.900,25.200,653.0000,-0.697295
37.900,25.200,654.0000,9.643672
37.900,25.200,655.0000,12.391424
37.900,25.200,656.0000,-7.346645
37.900,25.200,657.0000,-7.436699
37.900,25.200,658.0000,6.426377
37.900,25.200,659.0000,0.330643
37.900,25.200,660.0000,3.864375
37.900,25.200,661.0000,1.728486
37.900,25.200,662.0000,11.078567
37.900,25.200,663.0000,0.231286
37.900,25.200,664.0000,-2.420307
37.900,25.200,665.0000,6.465838
37.900,25.200,666.0000,13.291192
37.900,25.200,667.0000,-5.347285
37.900,25.200,668.0000,0.157321
37.900,25.200,669.0000,4.156943
37.900,25.200,670.0000,1.190533
37.900,25.200,671.0000,0.182486
37.900,25.200,672.0000,2.281460
37.900,25.200,673.0000,3.459128
37.900,25.200,674.0000,8.082135
37.900,25.200,675.0000,5.878200
37.900,25.200,676.0000,10.395545
37.900,25.200,677.0000,7.742533
37.900,25.200,678.0000,-1.508197
37.900,25.200,679.0000,3.110513
37.900,25.200,680.0000,3.449889
37.900,25.200,681.0000,1.621065
37.900,25.200,682.0000,-0.219071
37.900,25.200,683.0000,-8.089732
37.900,25.200,684.0000,-15.313317
37.900,25.200,685.0000,-3.828570
37.900,25.200,686.0000,-6.969393
37.900,25.200,687.0000,-1.034846
37.900,25.200,688.0000,5.465460
37.900,25.200,689.0000,3.979520
37.900,25.200,690.0000,7.738696
37.900,25.200,691.0000,-6.687231
37.900,25.200,692.0000,-1.063980
37.900,25.200,693.0000,-8.615877
37.900,25.200,694.0000,2.605140
37.900,25.200,695.0000,5.422704
37.900,25.200,696.0000,-2.198128
37.900,25.200,697.0000,-3.019654
37.900,25.200,698.0000,-8.637280
37.900,25.200,699.0000,-0.273642
37.900,25.200,700.0000,11.946457
37.900,25.200,701.0000,-6.135888
37.900,25.200,702.0000,8.951028
37.900,25.200,703.0000,1.117672
37.900,25.200,704.0000,4.025171
37.900,25.200,705.0000,6.209797
37.900,25.200,706.0000,-0.413153
37.900,25.200,707.0000,6.065645
37.900,25.200,708.0000,6.243523
37.900,25.200,709.0000,-6.276563
37.900,25.200,710.0000,8.382259
37.900,25.200,711.0000,1.645104
37.900,25.200,712.0000,0.355275
37.900,25.200,713.0000,15.713432
37.900,25.200,714.0000,0.653451
37.900,25.200,715.0000,6.208866
37.900,25.200,716.0000,6.073024
37.900,25.200,717.0000,-3.031554
37.900,25.200,718.0000,1.961099
37.900,25.200,719.0000,-6.538492
37.900,25.200,720.0000,-7.208530
37.900,25.200,721.0000,1.489047
37.900,25.200,722.0000,3.530870
37.900,25.200,723.0000,-1.523951
37.900,25.200,724.0000,12.882930
37.900,25.200,725.0000,5.568065
37.900,25.200,726.0000,-9.381424
37.900,25.200,727.0000,6.784016
37.900,25.200,728.0000,-15.105578
37.900,25.200,729.0000,1.364378
37.900,25.200,730.0000,-1.223798
37.900,25.200,731.0000,-3.144166
37.900,25.200,732.0000,-4.392953
37.900,25.200,733.0000,-0.330112
37.900,25.200,734.0000,13.318141
37.900,25.200,735.0000,4.090613
37.900,25.200,736.0000,-0.695407
37.900,25.200,737.0000,-8.439518
37.900,25.200,738.0000,-11.461506
37.900,25.200,739.0000,-3.592411
37.900,25.200,740.0000,5.871373
37.900,25.200,741.0000,8.423854
37.900,25.200,742.0000,-7.452676
37.900,25.200,743.0000,6.364102
37.900,25.200,744.0000,4.505589
37.900,25.200,745.0000,-1.950193
37.900,25.200,746.0000,6.423015
37.900,25.200,747.0000,-1.604267
37.900,25.200,748.0000,4.664601
37.900,25.200,749.0000,2.586292
37.900,25.200,750.0000,11.790418
37.900,25.200,751.0000,-7.258969
37.900,25.200,752.0000,1.443343
37.900,25.200,753.0000,-9.077632
37.900,25.200,754.0000,2.609927
37.900,25.200,755.0000,-4.724319
37.900,25.200,756.0000,10.665782
37.900,25.200,757.0000,8.585321
37.900,25.200,758.0000,13.032427
37.900,25.200,759.0000,9.699014
37.900,25.200,760.0000,-5.545347
37.900,25.200,761.0000,8.434594
37.900,25.200,762.0000,11.657166
37.900,25.200,763.0000,1.751843
37.900,25.200,764.0000,12.098605
37.900,25.200,765.0000,3.831233
37.900,25.200,766.0000,-3.931052
37.900,25.200,767.0000,3.057436
37.900,25.200,768.0000,10.222673
37.900,25.200,769.0000,0.232148
37.900,25.200,770.0000,-1.561733
37.900,25.200,771.0000,3.713099
37.900,25.200,772.0000,4.543208
37.900,25.200,773.0000,12.924528
37.900,25.200,774.0000,12.914785
37.900,25.200,775.0000,2.034631
37.900,25.200,776.0000,1.971270
37.900,25.200,777.0000,-1.756856
37.900,25.200,778.0000,10.434816
37.900,25.200,779.0000,11.256602
37.900,25.200,780.0000,26.356985
37.900,25.200,781.0000,9.083174
37.900,25.200,782.0000,21.087148
37.900,25.200,783.0000,8.271974
37.900,25.200,784.0000,22.108439
37.900,25.200,785.0000,33.216321
37.900,25.200,786.0000,23.256671
37.900,25.200,787.0000,43.673952
37.900,25.200,788.0000,26.151978
37.900,25.200,789.0000,40.009419
37.900,25.200,790.0000,66.491381
37.900,25.200,791.0000,69.893234
37.900,25.200,792.0000,71.653682
37.900,25.200,793.0000,88.416965
37.900,25.200,794.0000,92.700011
37.900,25.200,795.0000,87.700876
37.900,25.200,796.0000,93.176529
37.900,25.200,797.0000,79.670668
37.900,25.200,798.0000,61.840810
37.900,25.200,799.0000,55.753402
37.900,25.200,800.0000,56.811602
37.900,25.200,801.0000,46.825576
37.900,25.200,802.0000,29.343909
37.900,25.200,803.0000,35.135134
37.900,25.200,804.0000,15.567432
37.900,25.200,805.0000,26.987371
37.900,25.200,806.0000,28.886803
37.900,25.200,807.0000,24.731930
37.900,25.200,808.0000,24.893126
37.900,25.200,809.0000,22.228394
37.900,25.200,810.0000,19.605508
37.900,25.200,811.0000,18.181779
37.900,25.200,812.0000,6.025446
37.900,25.200,813.0000,6.893535
37.900,25.200,814.0000,5.677401
37.900,25.200,815.0000,5.671710
37.900,25.200,816.0000,3.997385
37.900,25.200,817.0000,12.838540
37.900,25.200,818.0000,9.844357
37.900,25.200,819.0000,6.400929
37.900,25.200,820.0000,2.703940
37.900,25.200,821.0000,-6.130877
37.900,25.200,822.0000,8.310898
37.900,25.200,823.0000,6.318014
37.900,25.200,824.0000,5.324436
37.900,25.200,825.0000,-6.073639
37.900,25.200,826.0000,7.265927
37.900,25.200,827.0000,1.060226
37.900,25.200,828.0000,6.618881
37.900,25.200,829.0000,7.251366
37.900,25.200,830.0000,-6.074044
37.900,25.200,831.0000,8.409130
37.900,25.200,832.0000,0.754405
37.900,25.200,833.0000,4.678704
37.900,25.200,834.0000,-7.001702
37.900,25.200,835.0000,18.931483
37.900,25.200,836.0000,0.812849
37.900,25.200,837.0000,3.419316
37.900,25.200,838.0000,1.544878
37.900,25.200,839.0000,2.318803
37.900,25.200,840.0000,5.206526
37.900,25.200,841.0000,10.015451
37.900,25.200,842.0000,-1.592661
37.900,25.200,843.0000,8.679432
37.900,25.200,844.0000,4.117440
37.900,25.200,845.0000,-7.449350
37.900,25.200,846.0000,2.602589
37.900,25.200,847.0000,-4.301150
37.900,25.200,848.0000,2.459844
37.900,25.200,849.0000,-5.390596
37.900,25.200,850.0000,-14.639740
37.900,25.200,851.0000,0.561818
37.900,25.200,852.0000,-5.553012
37.900,25.200,853.0000,-2.190827
37.900,25.200,854.0000,-7.500980
37.900,25.200,855.0000,-6.862625
37.900,25.200,856.0000,10.693587
37.900,25.200,857.0000,-9.195807
37.900,25.200,858.0000,4.776291
37.900,25.200,859.0000,4.877191
37.900,25.200,860.0000,0.215524
37.900,25.200,861.0000,-0.219539
37.900,25.200,862.0000,-3.880003
37.900,25.200,863.0000,-11.261503
37.900,25.200,864.0000,7.955549
37.900,25.200,865.0000,-11.463478
37.900,25.200,866.0000,-3.930210
37.900,25.200,867.0000,1.844248
37.900,25.200,868.0000,-4.997896
37.900,25.200,869.0000,-4.517203
37.900,25.200,870.0000,0.065740
37.900,25.200,871.0000,-3.791204
37.900,25.200,872.0000,-2.961896
37.900,25.200,873.0000,-8.317698
37.900,25.200,874.0000,-1.477047
37.900,25.200,875.0000,-6.210765
37.900,25.200,876.0000,-8.750189
37.900,25.200,877.0000,-9.493179
37.900,25.200,878.0000,-6.201890
37.900,25.200,879.0000,4.866024
37.900,25.200,880.0000,6.784082
37.900,25.200,881.0000,-3.496947
37.900,25.200,882.0000,3.219530
37.900,25.200,883.0000,8.772166
37.900,25.200,884.0000,-7.936101
37.900,25.200,885.0000,9.409599
37.900,25.200,886.0000,8.932857
37.900,25.200,887.0000,-0.641700
37.900,25.200,888.0000,-2.507689
37.900,25.200,889.0000,4.836949
37.900,25.200,890.0000,3.243882
37.900,25.200,891.0000,-1.648893
37.900,25.200,892.0000,-2.011211
37.900,25.200,893.0000,3.864224
37.900,25.200,894.0000,3.481035
37.900,25.200,895.0000,-9.993907
37.900,25.200,896.0000,5.692194
37.900,25.200,897.0000,-5.341060
37.900,25.200,898.0000,5.731347
37.900,25.200,899.0000,7.243618
37.900,25.200,900.0000,1.890496
37.900,25.200,901.0000,4.736475
37.900,25.200,902.0000,7.869756
37.900,25.200,903.0000,7.227809
37.900,25.200,904.0000,-6.107938
37.900,25.200,905.0000,-3.111994
37.900,25.200,906.0000,-5.832701
37.900,25.200,907.0000,14.512957
37.900,25.200,908.0000,4.588669
37.900,25.200,909.0000,1.777079
37.900,25.200,910.0000,-0.812168
37.900,25.200,911.0000,8.485758
37.900,25.200,912.0000,-3.346845
37.900,25.200,913.0000,9.248252
37.900,25.200,914.0000,-2.219608
37.900,25.200,915.0000,2.765888
37.900,25.200,916.0000,-6.184827
37.900,25.200,917.0000,-6.308864
37.900,25.200,918.0000,-0.186802
37.900,25.200,919.0000,-1.350731
37.900,25.200,920.0000,1.044157
37.900,25.200,921.0000,9.852944
37.900,25.200,922.0000,1.874028
37.900,25.200,923.0000,-1.727700
37.900,25.200,924.0000,11.572509
37.900,25.200,925.0000,1.869790
37.900,25.200,926.0000,0.180147
37.900,25.200,927.0000,12.839577
37.900,25.200,928.0000,-2.561528
37.900,25.200,929.0000,-1.008631
37.900,25.200,930.0000,10.189502
37.900,25.200,931.0000,13.459871
37.900,25.200,932.0000,8.668080
37.900,25.200,933.0000,2.018521
37.900,25.200,934.0000,4.440674
37.900,25.200,935.0000,-2.046367
37.900,25.200,936.0000,8.679091
37.900,25.200,937.0000,4.668695
37.900,25.200,938.0000,1.756022
37.900,25.200,939.0000,-0.014585
37.900,25.200,940.0000,6.264688
37.900,25.200,941.0000,-1.547485
37.900,25.200,942.0000,5.711295
37.900,25.200,943.0000,-0.958234
37.900,25.200,944.0000,1.594904
37.900,25.200,945.0000,-6.727811
37.900,25.200,946.0000,2.717307
37.900,25.200,947.0000,-5.476012
37.900,25.200,948.0000,13.693825
37.900,25.200,949.0000,1.683621
37.900,25.200,950.0000,-6.294526
37.900,25.200,951.0000,10.819417
37.900,25.200,952.0000,1.048171
37.900,25.200,953.0000,5.890212
37.900,25.200,954.0000,-2.109419
37.900,25.200,955.0000,6.707293
37.900,25.200,956.0000,4.895889
37.900,25.200,957.0000,6.808556
37.900,25.200,958.0000,-4.130401
37.900,25.200,959.0000,-1.358836
37.900,25.200,960.0000,9.067257
37.900,25.200,961.0000,-7.561829
37.900,25.200,962.0000,8.582621
37.900,25.200,963.0000,9.862037
37.900,25.200,964.0000,8.663152
37.900,25.200,965.0000,1.672875
37.900,25.200,966.0000,4.099778
37.900,25.200,967.0000,10.254409
37.900,25.200,968.0000,10.467075
37.900,25.200,969.0000,14.960689
37.900,25.200,970.0000,18.128275
37.900,25.200,971.0000,18.962155
37.900,25.200,972.0000,14.344589
37.900,25.200,973.0000,6.244743
37.900,25.200,974.0000,9.306938
37.900,25.200,975.0000,14.687789
37.900,25.200,976.0000,8.997497
37.900,25.200,977.0000,18.378621
37.900,25.200,978.0000,25.383791
37.900,25.200,979.0000,13.236612
37.900,25.200,980.0000,23.457035
37.900,25.200,981.0000,24.930561
37.900,25.200,982.0000,21.220318
37.900,25.200,983.0000,21.270855
37.900,25.200,984.0000,35.158932
37.900,25.200,985.0000,29.129735
37.900,25.200,986.0000,26.014139
37.900,25.200,987.0000,37.230528
37.900,25.200,988.0000,46.799185
37.900,25.200,989.0000,61.747737
37.900,25.200,990.0000,62.257844
37.900,25.200,991.0000,75.296188
37.900,25.200,992.0000,87.954863
37.900,25.200,993.0000,123.122782
37.900,25.200,994.0000,149.397908
37.900,25.200,995.0000,180.998919
37.900,25.200,996.0000,242.201289
37.900,25.200,997.0000,333.158984
37.900,25.200,998.0000,447.670420
37.900,25.200,999.0000,621.524334
37.900,25.200,1000.0000,820.695998
37.900,25.200,1001.0000,893.922796
37.900,25.200,1002.0000,808.123828
37.900,25.200,1003.0000,628.030994
37.900,25.200,1004.0000,457.008919
37.900,25.200,1005.0000,322.285498
37.900,25.200,1006.0000,238.869830
37.900,25.200,1007.0000,179.588369
37.900,25.200,1008.0000,145.094876
37.900,25.200,1009.0000,125.408480
37.900,25.200,1010.0000,101.995452
37.900,25.200,1011.0000,84.294530
37.900,25.200,1012.0000,75.528973
37.900,25.200,1013.0000,58.526719
37.900,25.200,1014.0000,63.821691
37.900,25.200,1015.0000,64.733404
37.900,25.200,1016.0000,54.254621
37.900,25.200,1017.0000,56.221676
37.900,25.200,1018.0000,59.250882
37.900,25.200,1019.0000,52.440827
37.900,25.200,1020.0000,58.385366
37.900,25.200,1021.0000,63.730321
37.900,25.200,1022.0000,67.844093
37.900,25.200,1023.0000,74.491145
37.900,25.200,1024.0000,86.837104
37.900,25.200,1025.0000,103.455907
37.900,25.200,1026.0000,129.492673
37.900,25.200,1027.0000,173.696159
37.900,25.200,1028.0000,228.694742
37.900,25.200,1029.0000,300.339045
37.900,25.200,1030.0000,361.991158
37.900,25.200,1031.0000,379.972631
37.900,25.200,1032.0000,359.678904
37.900,25.200,1033.0000,288.303656
37.900,25.200,1034.0000,228.535986
37.900,25.200,1035.0000,167.844467
37.900,25.200,1036.0000,130.531567
37.900,25.200,1037.0000,108.910175
37.900,25.200,1038.0000,89.530750
37.900,25.200,1039.0000,65.232157
37.900,25.200,1040.0000,50.572235
37.900,25.200,1041.0000,44.542774
37.900,25.200,1042.0000,34.037916
37.900,25.200,1043.0000,33.372143
37.900,25.200,1044.0000,25.699166
37.900,25.200,1045.0000,28.614255
37.900,25.200,1046.0000,23.656080
37.900,25.200,1047.0000,15.802728
37.900,25.200,1048.0000,15.913716
37.900,25.200,1049.0000,18.299909
37.900,25.200,1050.0000,24.610941
37.900,25.200,1051.0000,15.285024
37.900,25.200,1052.0000,4.146932
37.900,25.200,1053.0000,8.714932
37.900,25.200,1054.0000,6.756231
37.900,25.200,1055.0000,16.419025
37.900,25.200,1056.0000,22.623315
37.900,25.200,1057.0000,6.607020
37.900,25.200,1058.0000,7.094126
37.900,25.200,1059.0000,10.589328
37.900,25.200,1060.0000,4.162250
37.900,25.200,1061.0000,10.918191
37.900,25.200,1062.0000,2.788869
37.900,25.200,1063.0000,15.031391
37.900,25.200,1064.0000,0.968700
37.900,25.200,1065.0000,14.240421
37.900,25.200,1066.0000,10.267146
37.900,25.200,1067.0000,5.498425
37.900,25.200,1068.0000,-6.060358
37.900,25.200,1069.0000,-6.074737
37.900,25.200,1070.0000,12.150714
37.900,25.200,1071.0000,7.071244
37.900,25.200,1072.0000,4.470799
37.900,25.200,1073.0000,12.386090
37.900,25.200,1074.0000,8.696692
37.900,25.200,1075.0000,20.043778
37.900,25.200,1076.0000,10.848326
37.900,25.200,1077.0000,15.033244
37.900,25.200,1078.0000,15.555792
37.900,25.200,1079.0000,1.191036
37.900,25.200,1080.0000,6.337202
37.900,25.200,1081.0000,2.950202
37.900,25.200,1082.0000,3.182621
37.900,25.200,1083.0000,3.214626
37.900,25.200,1084.0000,7.268447
37.900,25.200,1085.0000,6.653276
37.900,25.200,1086.0000,-1.742663
37.900,25.200,1087.0000,-6.411264
37.900,25.200,1088.0000,5.638595
37.900,25.200,1089.0000,6.386230
37.900,25.200,1090.0000,10.305301
37.900,25.200,1091.0000,1.855849
37.900,25.200,1092.0000,2.292808
37.900,25.200,1093.0000,5.374725
37.900,25.200,1094.0000,3.620345
37.900,25.200,1095.0000,9.163958
37.900,25.200,1096.0000,3.099008
37.900,25.200,1097.0000,-9.622301
37.900,25.200,1098.0000,-5.981038
37.900,25.200,1099.0000,-0.754087
37.900,25.200,1100.0000,0.235251
37.900,25.200,1101.0000,10.971267
37.900,25.200,1102.0000,8.971511
37.900,25.200,1103.0000,7.006721
37.900,25.200,1104.0000,1.288510
37.900,25.200,1105.0000,-2.619350
37.900,25.200,1106.0000,1.392492
37.900,25.200,1107.0000,8.587405
37.900,25.200,1108.0000,9.074989
37.900,25.200,1109.0000,-0.780428
37.900,25.200,1110.0000,13.648005
37.900,25.200,1111.0000,11.489167
37.900,25.200,1112.0000,7.515404
37.900,25.200,1113.0000,2.384900
37.900,25.200,1114.0000,5.614291
37.900,25.200,1115.0000,0.786480
37.900,25.200,1116.0000,-3.717127
37.900,25.200,1117.0000,9.591225
37.900,25.200,1118.0000,6.676632
37.900,25.200,1119.0000,2.024126
37.900,25.200,1120.0000,6.292670
37.900,25.200,1121.0000,-5.304967
37.900,25.200,1122.0000,-3.112791
37.900,25.200,1123.0000,8.339979
37.900,25.200,1124.0000,-3.359503
37.900,25.200,1125.0000,3.361656
37.900,25.200,1126.0000,7.017325
37.900,25.200,1127.0000,11.738832
37.900,25.200,1128.0000,15.780206
37.900,25.200,1129.0000,-1.795424
37.900,25.200,1130.0000,17.798681
37.900,25.200,1131.0000,-1.306057
37.900,25.200,1132.0000,3.204999
37.900,25.200,1133.0000,8.204089
37.900,25.200,1134.0000,5.493105
37.900,25.200,1135.0000,4.036840
37.900,25.200,1136.0000,11.770887
37.900,25.200,1137.0000,20.728020
37.900,25.200,1138.0000,16.303712
37.900,25.200,1139.0000,26.217413
37.900,25.200,1140.0000,6.973248
37.900,25.200,1141.0000,28.721953
37.900,25.200,1142.0000,18.294701
37.900,25.200,1143.0000,15.032310
37.900,25.200,1144.0000,22.380469
37.900,25.200,1145.0000,32.120857
37.900,25.200,1146.0000,31.555691
37.900,25.200,1147.0000,36.480608
37.900,25.200,1148.0000,47.131764
37.900,25.200,1149.0000,42.361839
37.900,25.200,1150.0000,71.713012
37.900,25.200,1151.0000,85.557405
37.900,25.200,1152.0000,92.109278
37.900,25.200,1153.0000,107.994246
37.900,25.200,1154.0000,125.175914
37.900,25.200,1155.0000,121.201716
37.900,25.200,1156.0000,129.507194
37.900,25.200,1157.0000,111.992950
37.900,25.200,1158.0000,98.751172
37.900,25.200,1159.0000,82.376000
37.900,25.200,1160.0000,59.427982
37.900,25.200,1161.0000,65.657102
37.900,25.200,1162.0000,45.874648
37.900,25.200,1163.0000,41.874543
37.900,25.200,1164.0000,27.965925
37.900,25.200,1165.0000,34.583197
37.900,25.200,1166.0000,36.135830
37.900,25.200,1167.0000,31.031574
37.900,25.200,1168.0000,26.255094
37.900,25.200,1169.0000,33.496668
37.900,25.200,1170.0000,25.932694
37.900,25.200,1171.0000,14.847721
37.900,25.200,1172.0000,25.118597
37.900,25.200,1173.0000,30.587253
37.900,25.200,1174.0000,26.578652
37.900,25.200,1175.0000,33.625122
37.900,25.200,1176.0000,34.910458
37.900,25.200,1177.0000,44.001339
37.900,25.200,1178.0000,46.446160
37.900,25.200,1179.0000,62.033032
37.900,25.200,1180.0000,68.202788
37.900,25.200,1181.0000,101.267017
37.900,25.200,1182.0000,99.810111
37.900,25.200,1183.0000,113.643853
37.900,25.200,1184.0000,101.858658
37.900,25.200,1185.0000,92.409140
37.900,25.200,1186.0000,74.598874
37.900,25.200,1187.0000,60.931556
37.900,25.200,1188.0000,58.289232
37.900,25.200,1189.0000,41.387885
37.900,25.200,1190.0000,41.895094
37.900,25.200,1191.0000,37.215679
37.900,25.200,1192.0000,28.497386
37.900,25.200,1193.0000,30.204133
37.900,25.200,1194.0000,17.524638
37.900,25.200,1195.0000,19.559443
37.900,25.200,1196.0000,10.688109
37.900,25.200,1197.0000,8.993222
37.900,25.200,1198.0000,12.577780
37.900,25.200,1199.0000,9.207299
37.900,25.200,1200.0000,0.709332
37.900,25.200,1201.0000,15.521266
37.900,25.200,1202.0000,16.222670
37.900,25.200,1203.0000,5.737833
37.900,25.200,1204.0000,21.734217
37.900,25.200,1205.0000,8.335334
37.900,25.200,1206.0000,14.498348
37.900,25.200,1207.0000,12.027428
37.900,25.200,1208.0000,4.313912
37.900,25.200,1209.0000,10.340456
37.900,25.200,1210.0000,6.063869
37.900,25.200,1211.0000,6.237771
37.900,25.200,1212.0000,13.433216
37.900,25.200,1213.0000,8.298054
37.900,25.200,1214.0000,-3.304178
37.900,25.200,1215.0000,10.343318
37.900,25.200,1216.0000,-8.248504
37.900,25.200,1217.0000,2.421413
37.900,25.200,1218.0000,7.786967
37.900,25.200,1219.0000,7.907456
37.900,25.200,1220.0000,3.246321
37.900,25.200,1221.0000,-1.700327
37.900,25.200,1222.0000,1.171441
37.900,25.200,1223.0000,2.697201
37.900,25.200,1224.0000,11.802268
37.900,25.200,1225.0000,6.436461
37.900,25.200,1226.0000,12.129810
37.900,25.200,1227.0000,1.551107
37.900,25.200,1228.0000,-4.783978
37.900,25.200,1229.0000,-5.607140
37.900,25.200,1230.0000,5.291235
37.900,25.200,1231.0000,-7.134541
37.900,25.200,1232.0000,15.712631
37.900,25.200,1233.0000,8.179136
37.900,25.200,1234.0000,12.586440
37.900,25.200,1235.0000,3.542379
37.900,25.200,1236.0000,-1.568356
37.900,25.200,1237.0000,-2.283404
37.900,25.200,1238.0000,7.756847
37.900,25.200,1239.0000,0.172898
37.900,25.200,1240.0000,6.708595
37.900,25.200,1241.0000,1.321931
37.900,25.200,1242.0000,5.840191
37.900,25.200,1243.0000,3.494922
37.900,25.200,1244.0000,1.850193
37.900,25.200,1245.0000,-6.159551
37.900,25.200,1246.0000,4.084095
37.900,25.200,1247.0000,-8.167029
37.900,25.200,1248.0000,-0.940762
37.900,25.200,1249.0000,4.001544
37.900,25.200,1250.0000,-3.875495
37.900,25.200,1251.0000,2.007306
37.900,25.200,1252.0000,1.624575
37.900,25.200,1253.0000,6.341803
37.900,25.200,1254.0000,-1.730675
37.900,25.200,1255.0000,-0.057944
37.900,25.200,1256.0000,-1.984154
37.900,25.200,1257.0000,9.466795
37.900,25.200,1258.0000,-0.094559
37.900,25.200,1259.0000,9.458686
37.900,25.200,1260.0000,7.025220
37.900,25.200,1261.0000,11.035904
37.900,25.200,1262.0000,9.032489
37.900,25.200,1263.0000,6.296619
37.900,25.200,1264.0000,3.215114
37.900,25.200,1265.0000,-3.224401
37.900,25.200,1266.0000,3.482201
37.900,25.200,1267.0000,4.395181
37.900,25.200,1268.0000,-15.310770
37.900,25.200,1269.0000,-8.235600
37.900,25.200,1270.0000,-2.825761
37.900,25.200,1271.0000,3.271536
37.900,25.200,1272.0000,1.934845
37.900,25.200,1273.0000,-12.835934
37.900,25.200,1274.0000,10.155051
37.900,25.200,1275.0000,7.084238
37.900,25.200,1276.0000,0.648561
37.900,25.200,1277.0000,-2.149739
37.900,25.200,1278.0000,-3.723607
37.900,25.200,1279.0000,6.602260
37.900,25.200,1280.0000,10.572157
37.900,25.200,1281.0000,11.589935
37.900,25.200,1282.0000,0.309403
37.900,25.200,1283.0000,-0.754483
37.900,25.200,1284.0000,0.023772
37.900,25.200,1285.0000,2.079753
37.900,25.200,1286.0000,3.242162
37.900,25.200,1287.0000,6.894608
37.900,25.200,1288.0000,1.542509
37.900,25.200,1289.0000,4.353641
37.900,25.200,1290.0000,10.754496
37.900,25.200,1291.0000,7.831082
37.900,25.200,1292.0000,4.707053
37.900,25.200,1293.0000,3.607670
37.900,25.200,1294.0000,-1.566643
37.900,25.200,1295.0000,4.876464
37.900,25.200,1296.0000,-6.407297
37.900,25.200,1297.0000,-3.611017
37.900,25.200,1298.0000,14.603875
37.900,25.200,1299.0000,3.059707
37.900,25.200,1300.0000,7.336752
37.900,25.200,1301.0000,0.568051
37.900,25.200,1302.0000,2.410084
37.900,25.200,1303.0000,1.755929
37.900,25.200,1304.0000,3.217123
37.900,25.200,1305.0000,2.043613
37.900,25.200,1306.0000,-7.333486
37.900,25.200,1307.0000,4.359242
37.900,25.200,1308.0000,-10.166446
37.900,25.200,1309.0000,2.846951
37.900,25.200,1310.0000,1.641614
37.900,25.200,1311.0000,-4.807075
37.900,25.200,1312.0000,6.153826
37.900,25.200,1313.0000,-2.847720
37.900,25.200,1314.0000,3.717630
37.900,25.200,1315.0000,1.645024
37.900,25.200,1316.0000,-1.968390
37.900,25.200,1317.0000,2.611945
37.900,25.200,1318.0000,5.033114
37.900,25.200,1319.0000,2.269734
37.900,25.200,1320.0000,-3.042339
37.900,25.200,1321.0000,4.212012
37.900,25.200,1322.0000,11.038725
37.900,25.200,1323.0000,5.670146
37.900,25.200,1324.0000,3.288442
37.900,25.200,1325.0000,1.287347
37.900,25.200,1326.0000,-2.594205
37.900,25.200,1327.0000,-3.996670
37.900,25.200,1328.0000,5.917570
37.900,25.200,1329.0000,-2.242175
37.900,25.200,1330.0000,2.497621
37.900,25.200,1331.0000,-0.855408
37.900,25.200,1332.0000,-0.631731
37.900,25.200,1333.0000,2.046030
37.900,25.200,1334.0000,5.531140
37.900,25.200,1335.0000,3.097771
37.900,25.200,1336.0000,6.916009
37.900,25.200,1337.0000,-1.735274
37.900,25.200,1338.0000,-2.339062
37.900,25.200,1339.0000,9.435132
37.900,25.200,1340.0000,2.414507
37.900,25.200,1341.0000,5.582672
37.900,25.200,1342.0000,0.304157
37.900,25.200,1343.0000,4.666779
37.900,25.200,1344.0000,0.353718
37.900,25.200,1345.0000,5.362433
37.900,25.200,1346.0000,-0.744770
37.900,25.200,1347.0000,4.033155
37.900,25.200,1348.0000,2.871368
37.900,25.200,1349.0000,-0.143820
37.900,25.200,1350.0000,3.225627
37.900,25.200,1351.0000,-4.937668
37.900,25.200,1352.0000,7.716027
37.900,25.200,1353.0000,-5.964288
37.900,25.200,1354.0000,1.318713
37.900,25.200,1355.0000,9.705897
37.900,25.200,1356.0000,-8.254475
37.900,25.200,1357.0000,4.200185
37.900,25.200,1358.0000,7.548030
37.900,25.200,1359.0000,10.932470
37.900,25.200,1360.0000,0.329175
37.900,25.200,1361.0000,4.792663
37.900,25.200,1362.0000,-0.127151
37.900,25.200,1363.0000,6.251253
37.900,25.200,1364.0000,11.989011
37.900,25.200,1365.0000,1.450657
37.900,25.200,1366.0000,-3.112942
37.900,25.200,1367.0000,0.466687
37.900,25.200,1368.0000,11.132468
37.900,25.200,1369.0000,0.476554
37.900,25.200,1370.0000,-7.855680
37.900,25.200,1371.0000,-1.343467
37.900,25.200,1372.0000,5.405623
37.900,25.200,1373.0000,8.676538
37.900,25.200,1374.0000,-2.445713
37.900,25.200,1375.0000,8.678967
37.900,25.200,1376.0000,0.779114
37.900,25.200,1377.0000,-4.763812
37.900,25.200,1378.0000,8.131834
37.900,25.200,1379.0000,25.162661
37.900,25.200,1380.0000,7.232702
37.900,25.200,1381.0000,8.747411
37.900,25.200,1382.0000,2.783161
37.900,25.200,1383.0000,9.317730
37.900,25.200,1384.0000,5.047412
37.900,25.200,1385.0000,5.734578
37.900,25.200,1386.0000,1.769854
37.900,25.200,1387.0000,5.776293
37.900,25.200,1388.0000,9.311456
37.900,25.200,1389.0000,-6.544999
37.900,25.200,1390.0000,5.760912
37.900,25.200,1391.0000,-1.933758
37.900,25.200,1392.0000,-0.547317
37.900,25.200,1393.0000,0.514916
37.900,25.200,1394.0000,-2.007653
37.900,25.200,1395.0000,6.827555
37.900,25.200,1396.0000,11.000770
37.900,25.200,1397.0000,9.233710
37.900,25.200,1398.0000,0.265469
37.900,25.200,1399.0000,7.434898
37.900,25.200,1400.0000,-0.329030
37.900,25.200,1401.0000,11.870839
37.900,25.200,1402.0000,7.518421
37.900,25.200,1403.0000,8.487978
37.900,25.200,1404.0000,11.245440
37.900,25.200,1405.0000,13.214548
37.900,25.200,1406.0000,-1.826470
37.900,25.200,1407.0000,-0.115900
37.900,25.200,1408.0000,4.783601
37.900,25.200,1409.0000,7.743842
37.900,25.200,1410.0000,0.916610
37.900,25.200,1411.0000,3.902417
37.900,25.200,1412.0000,9.577677
37.900,25.200,1413.0000,-2.414055
37.900,25.200,1414.0000,13.793200
37.900,25.200,1415.0000,5.821849
37.900,25.200,1416.0000,8.556924
37.900,25.200,1417.0000,-0.972495
37.900,25.200,1418.0000,11.772153
37.900,25.200,1419.0000,11.538315
37.900,25.200,1420.0000,12.213097
37.900,25.200,1421.0000,11.943510
37.900,25.200,1422.0000,12.736784
37.900,25.200,1423.0000,15.886789
37.900,25.200,1424.0000,21.907788
37.900,25.200,1425.0000,9.981005
37.900,25.200,1426.0000,28.220440
37.900,25.200,1427.0000,10.856718
37.900,25.200,1428.0000,22.022847
37.900,25.200,1429.0000,14.921006
37.900,25.200,1430.0000,22.257682
37.900,25.200,1431.0000,25.369875
37.900,25.200,1432.0000,25.902007
37.900,25.200,1433.0000,31.863755
37.900,25.200,1434.0000,33.774043
37.900,25.200,1435.0000,30.798431
37.900,25.200,1436.0000,39.201065
37.900,25.200,1437.0000,40.859234
37.900,25.200,1438.0000,45.050557
37.900,25.200,1439.0000,50.550164
37.900,25.200,1440.0000,63.634490
37.900,25.200,1441.0000,71.892459
37.900,25.200,1442.0000,83.244764
37.900,25.200,1443.0000,94.776726
37.900,25.200,1444.0000,120.915267
37.900,25.200,1445.0000,131.747106
37.900,25.200,1446.0000,148.386117
37.900,25.200,1447.0000,163.396659
37.900,25.200,1448.0000,177.942980
37.900,25.200,1449.0000,192.585437
37.900,25.200,1450.0000,191.432812
37.900,25.200,1451.0000,190.825953
37.900,25.200,1452.0000,183.250311
37.900,25.200,1453.0000,170.807542
37.900,25.200,1454.0000,148.507149
37.900,25.200,1455.0000,121.325229
37.900,25.200,1456.0000,113.065935
37.900,25.200,1457.0000,110.211789
37.900,25.200,1458.0000,94.696845
37.900,25.200,1459.0000,76.479467
37.900,25.200,1460.0000,65.920730
37.900,25.200,1461.0000,52.270188
37.900,25.200,1462.0000,46.441765
37.900,25.200,1463.0000,50.506787
37.900,25.200,1464.0000,34.066818
37.900,25.200,1465.0000,39.596121
37.900,25.200,1466.0000,23.306906
37.900,25.200,1467.0000,23.936391
37.900,25.200,1468.0000,19.244242
37.900,25.200,1469.0000,21.540686
37.900,25.200,1470.0000,29.336903
37.900,25.200,1471.0000,26.070679
37.900,25.200,1472.0000,22.630054
37.900,25.200,1473.0000,21.705297
37.900,25.200,1474.0000,16.580053
37.900,25.200,1475.0000,29.388578
37.900,25.200,1476.0000,13.532670
37.900,25.200,1477.0000,22.735584
37.900,25.200,1478.0000,3.948249
37.900,25.200,1479.0000,10.699070
37.900,25.200,1480.0000,8.005319
37.900,25.200,1481.0000,13.149544
37.900,25.200,1482.0000,7.757110
37.900,25.200,1483.0000,3.645647
37.900,25.200,1484.0000,8.102296
37.900,25.200,1485.0000,2.129691
37.900,25.200,1486.0000,18.906353
37.900,25.200,1487.0000,3.936626
37.900,25.200,1488.0000,-0.842784
37.900,25.200,1489.0000,15.078328
37.900,25.200,1490.0000,7.337942
37.900,25.200,1491.0000,-0.998109
37.900,25.200,1492.0000,11.787191
37.900,25.200,1493.0000,1.008889
37.900,25.200,1494.0000,2.078315
37.900,25.200,1495.0000,-0.817053
37.900,25.200,1496.0000,8.053782
37.900,25.200,1497.0000,2.822471
37.900,25.200,1498.0000,1.938596
37.900,25.200,1499.0000,8.901141
37.900,25.200,1500.0000,-2.787185
37.900,25.200,1501.0000,15.260204
37.900,25.200,1502.0000,-1.401101
37.900,25.200,1503.0000,11.029105
37.900,25.200,1504.0000,2.803576
37.900,25.200,1505.0000,15.205415
37.900,25.200,1506.0000,-3.271786
37.900,25.200,1507.0000,9.487726
37.900,25.200,1508.0000,18.377876
37.900,25.200,1509.0000,-0.440313
37.900,25.200,1510.0000,1.725038
37.900,25.200,1511.0000,7.626154
37.900,25.200,1512.0000,3.484585
37.900,25.200,1513.0000,7.788532
37.900,25.200,1514.0000,11.320900
37.900,25.200,1515.0000,-3.045570
37.900,25.200,1516.0000,6.276354
37.900,25.200,1517.0000,11.588967
37.900,25.200,1518.0000,1.249008
37.900,25.200,1519.0000,5.899083
37.900,25.200,1520.0000,6.669549
37.900,25.200,1521.0000,10.077310
37.900,25.200,1522.0000,9.059845
37.900,25.200,1523.0000,8.961250
37.900,25.200,1524.0000,9.534491
37.900,25.200,1525.0000,-3.281523
37.900,25.200,1526.0000,8.083585
37.900,25.200,1527.0000,1.517449
37.900,25.200,1528.0000,9.923460
37.900,25.200,1529.0000,-4.958728
37.900,25.200,1530.0000,6.874589
37.900,25.200,1531.0000,15.361626
37.900,25.200,1532.0000,6.518017
37.900,25.200,1533.0000,6.216916
37.900,25.200,1534.0000,1.766145
37.900,25.200,1535.0000,0.400442
37.900,25.200,1536.0000,11.605452
37.900,25.200,1537.0000,10.299309
37.900,25.200,1538.0000,10.473596
37.900,25.200,1539.0000,3.603575
37.900,25.200,1540.0000,8.154835
37.900,25.200,1541.0000,8.776956
37.900,25.200,1542.0000,3.974535
37.900,25.200,1543.0000,12.854478
37.900,25.200,1544.0000,15.312332
37.900,25.200,1545.0000,8.318170
37.900,25.200,1546.0000,11.344695
37.900,25.200,1547.0000,1.978287
37.900,25.200,1548.0000,9.398779
37.900,25.200,1549.0000,15.315567
37.900,25.200,1550.0000,21.740963
37.900,25.200,1551.0000,15.276067
37.900,25.200,1552.0000,8.317919
37.900,25.200,1553.0000,14.018075
37.900,25.200,1554.0000,4.613429
37.900,25.200,1555.0000,3.800108
37.900,25.200,1556.0000,16.172777
37.900,25.200,1557.0000,12.748226
37.900,25.200,1558.0000,10.032967
37.900,25.200,1559.0000,18.090055
37.900,25.200,1560.0000,10.623130
37.900,25.200,1561.0000,8.135819
37.900,25.200,1562.0000,17.771584
37.900,25.200,1563.0000,18.890432
37.900,25.200,1564.0000,19.849223
37.900,25.200,1565.0000,21.968909
37.900,25.200,1566.0000,19.628555
37.900,25.200,1567.0000,15.567755
37.900,25.200,1568.0000,20.825590
37.900,25.200,1569.0000,22.585196
37.900,25.200,1570.0000,36.391259
37.900,25.200,1571.0000,44.632736
37.900,25.200,1572.0000,40.383612
37.900,25.200,1573.0000,41.275966
37.900,25.200,1574.0000,43.522065
37.900,25.200,1575.0000,57.290237
37.900,25.200,1576.0000,67.673311
37.900,25.200,1577.0000,84.816023
37.900,25.200,1578.0000,95.804799
37.900,25.200,1579.0000,116.897916
37.900,25.200,1580.0000,160.733054
37.900,25.200,1581.0000,170.800977
37.900,25.200,1582.0000,185.804340
37.900,25.200,1583.0000,207.171956
37.900,25.200,1584.0000,195.567704
37.900,25.200,1585.0000,180.210459
37.900,25.200,1586.0000,161.855542
37.900,25.200,1587.0000,144.433160
37.900,25.200,1588.0000,130.034408
37.900,25.200,1589.0000,121.259761
37.900,25.200,1590.0000,118.914956
37.900,25.200,1591.0000,122.994983
37.900,25.200,1592.0000,117.740008
37.900,25.200,1593.0000,131.389840
37.900,25.200,1594.0000,138.122551
37.900,25.200,1595.0000,166.323781
37.900,25.200,1596.0000,191.969769
37.900,25.200,1597.0000,238.905690
37.900,25.200,1598.0000,302.680538
37.900,25.200,1599.0000,366.878011
37.900,25.200,1600.0000,463.429281
37.900,25.200,1601.0000,534.126766
37.900,25.200,1602.0000,556.669000
37.900,25.200,1603.0000,527.169279
37.900,25.200,1604.0000,452.252662
37.900,25.200,1605.0000,371.394300
37.900,25.200,1606.0000,285.658612
37.900,25.200,1607.0000,226.156803
37.900,25.200,1608.0000,171.642710
37.900,25.200,1609.0000,139.571361
37.900,25.200,1610.0000,118.619465
37.900,25.200,1611.0000,91.545376
37.900,25.200,1612.0000,70.448580
37.900,25.200,1613.0000,62.734486
37.900,25.200,1614.0000,60.387980
37.900,25.200,1615.0000,65.389947
37.900,25.200,1616.0000,41.254083
37.900,25.200,1617.0000,39.395178
37.900,25.200,1618.0000,36.351177
37.900,25.200,1619.0000,39.587935
37.900,25.200,1620.0000,24.765072
37.900,25.200,1621.0000,20.112315
37.900,25.200,1622.0000,27.465833
37.900,25.200,1623.0000,23.222900
37.900,25.200,1624.0000,21.959001
37.900,25.200,1625.0000,12.311069
37.900,25.200,1626.0000,19.978847
37.900,25.200,1627.0000,9.514476
37.900,25.200,1628.0000,20.915981
37.900,25.200,1629.0000,18.831949
37.900,25.200,1630.0000,18.410684
37.900,25.200,1631.0000,12.854016
37.900,25.200,1632.0000,10.550024
37.900,25.200,1633.0000,4.084433
37.900,25.200,1634.0000,10.635818
37.900,25.200,1635.0000,20.495330
37.900,25.200,1636.0000,4.026605
37.900,25.200,1637.0000,6.218608
37.900,25.200,1638.0000,11.061886
37.900,25.200,1639.0000,-10.209789
37.900,25.200,1640.0000,20.177209
37.900,25.200,1641.0000,17.936064
37.900,25.200,1642.0000,4.053685
37.900,25.200,1643.0000,-2.192022
37.900,25.200,1644.0000,7.529526
37.900,25.200,1645.0000,-0.726027
37.900,25.200,1646.0000,7.899148
37.900,25.200,1647.0000,8.113972
37.900,25.200,1648.0000,3.284843
37.900,25.200,1649.0000,4.686780
37.900,25.200,1650.0000,19.893119
37.900,25.200,1651.0000,4.512321
37.900,25.200,1652.0000,0.766645
37.900,25.200,1653.0000,2.979688
37.900,25.200,1654.0000,8.713484
37.900,25.200,1655.0000,1.503706
37.900,25.200,1656.0000,13.225367
37.900,25.200,1657.0000,0.122091
37.900,25.200,1658.0000,4.768444
37.900,25.200,1659.0000,3.531722
37.900,25.200,1660.0000,6.611587
37.900,25.200,1661.0000,-3.516688
37.900,25.200,1662.0000,6.588187
37.900,25.200,1663.0000,5.875071
37.900,25.200,1664.0000,12.731858
37.900,25.200,1665.0000,8.386032
37.900,25.200,1666.0000,11.816988
37.900,25.200,1667.0000,-4.504945
37.900,25.200,1668.0000,7.327678
37.900,25.200,1669.0000,5.848683
37.900,25.200,1670.0000,5.624302
37.900,25.200,1671.0000,0.690363
37.900,25.200,1672.0000,1.458008
37.900,25.200,1673.0000,7.383178
37.900,25.200,1674.0000,-3.562326
37.900,25.200,1675.0000,12.070954
37.900,25.200,1676.0000,-9.630631
37.900,25.200,1677.0000,9.431511
37.900,25.200,1678.0000,-1.777772
37.900,25.200,1679.0000,11.587997
37.900,25.200,1680.0000,3.472733
37.900,25.200,1681.0000,1.414373
37.900,25.200,1682.0000,5.553752
37.900,25.200,1683.0000,0.072898
37.900,25.200,1684.0000,6.305773
37.900,25.200,1685.0000,3.781373
37.900,25.200,1686.0000,-0.769382
37.900,25.200,1687.0000,1.599581
37.900,25.200,1688.0000,-0.671537
37.900,25.200,1689.0000,-13.099582
37.900,25.200,1690.0000,4.775989
37.900,25.200,1691.0000,-12.943159
37.900,25.200,1692.0000,-4.781423
37.900,25.200,1693.0000,3.760280
37.900,25.200,1694.0000,7.688890
37.900,25.200,1695.0000,5.486854
37.900,25.200,1696.0000,12.005014
37.900,25.200,1697.0000,8.345633
37.900,25.200,1698.0000,4.002269
37.900,25.200,1699.0000,14.145647
37.900,25.200,1700.0000,-2.622027
37.900,25.200,1701.0000,12.775593
37.900,25.200,1702.0000,-3.327715
37.900,25.200,1703.0000,5.145676
37.900,25.200,1704.0000,1.650195
37.900,25.200,1705.0000,6.154834
37.900,25.200,1706.0000,-3.005681
37.900,25.200,1707.0000,-6.292327
37.900,25.200,1708.0000,-5.902169
37.900,25.200,1709.0000,1.606895
37.900,25.200,1710.0000,-3.608336
37.900,25.200,1711.0000,8.687763
37.900,25.200,1712.0000,-0.333619
37.900,25.200,1713.0000,6.154038
37.900,25.200,1714.0000,0.309479
37.900,25.200,1715.0000,0.049099
37.900,25.200,1716.0000,0.819520
37.900,25.200,1717.0000,-6.922944
37.900,25.200,1718.0000,-9.258844
37.900,25.200,1719.0000,-5.817832
37.900,25.200,1720.0000,3.538243
37.900,25.200,1721.0000,2.829595
37.900,25.200,1722.0000,-0.392363
37.900,25.200,1723.0000,2.075847
37.900,25.200,1724.0000,-2.270909
37.900,25.200,1725.0000,-6.073236
37.900,25.200,1726.0000,8.346844
37.900,25.200,1727.0000,-10.259719
37.900,25.200,1728.0000,-9.541037
37.900,25.200,1729.0000,0.257421
37.900,25.200,1730.0000,-2.805079
37.900,25.200,1731.0000,-11.282774
37.900,25.200,1732.0000,10.760608
37.900,25.200,1733.0000,-3.016493
37.900,25.200,1734.0000,4.055340
37.900,25.200,1735.0000,-0.844888
37.900,25.200,1736.0000,0.791554
37.900,25.200,1737.0000,-5.202394
37.900,25.200,1738.0000,-6.702939
37.900,25.200,1739.0000,-2.636633
37.900,25.200,1740.0000,5.491888
37.900,25.200,1741.0000,-0.649128
37.900,25.200,1742.0000,-10.200232
37.900,25.200,1743.0000,-1.141346
37.900,25.200,1744.0000,0.169290
37.900,25.200,1745.0000,0.366927
37.900,25.200,1746.0000,13.180763
37.900,25.200,1747.0000,9.086827
37.900,25.200,1748.0000,2.003200
37.900,25.200,1749.0000,-1.425553
37.900,25.200,1750.0000,-2.701029
37.900,25.200,1751.0000,-2.870108
37.900,25.200,1752.0000,-9.096966
37.900,25.200,1753.0000,5.819682
37.900,25.200,1754.0000,3.605405
37.900,25.200,1755.0000,4.096621
37.900,25.200,1756.0000,-4.416919
37.900,25.200,1757.0000,-3.879170
37.900,25.200,1758.0000,13.319265
37.900,25.200,1759.0000,0.173405
37.900,25.200,1760.0000,9.052354
37.900,25.200,1761.0000,4.518815
37.900,25.200,1762.0000,-3.950241
37.900,25.200,1763.0000,3.968736
37.900,25.200,1764.0000,-1.842372
37.900,25.200,1765.0000,-2.282483
37.900,25.200,1766.0000,-1.220450
37.900,25.200,1767.0000,4.876055
37.900,25.200,1768.0000,3.439738
37.900,25.200,1769.0000,-0.397781
37.900,25.200,1770.0000,-8.770255
37.900,25.200,1771.0000,5.432533
37.900,25.200,1772.0000,10.815536
37.900,25.200,1773.0000,1.083564
37.900,25.200,1774.0000,-8.874605
37.900,25.200,1775.0000,-6.777328
37.900,25.200,1776.0000,4.410724
37.900,25.200,1777.0000,12.561593
37.900,25.200,1778.0000,3.774419
37.900,25.200,1779.0000,-4.107787
37.900,25.200,1780.0000,3.057147
37.900,25.200,1781.0000,-5.141651
37.900,25.200,1782.0000,-3.318802
37.900,25.200,1783.0000,7.896070
37.900,25.200,1784.0000,3.311805
37.900,25.200,1785.0000,4.459047
37.900,25.200,1786.0000,-1.228808
37.900,25.200,1787.0000,6.020788
37.900,25.200,1788.0000,8.042183
37.900,25.200,1789.0000,-1.290605
37.900,25.200,1790.0000,-0.930577
37.900,25.200,1791.0000,9.142286
37.900,25.200,1792.0000,3.218946
37.900,25.200,1793.0000,0.509353
37.900,25.200,1794.0000,2.263572
37.900,25.200,1795.0000,9.153128
37.900,25.200,1796.0000,-4.236298
37.900,25.200,1797.0000,8.314698
37.900,25.200,1798.0000,-6.580400
37.900,25.200,1799.0000,-3.687767
37.900,25.200,1800.0000,8.014191
37.900,25.200,1801.0000,-3.900533
37.900,25.200,1802.0000,11.417839
37.900,25.200,1803.0000,2.903246
37.900,25.200,1804.0000,-15.630443
37.900,25.200,1805.0000,-5.115338
37.900,25.200,1806.0000,-4.324334
37.900,25.200,1807.0000,-4.279519
37.900,25.200,1808.0000,3.296277
37.900,25.200,1809.0000,-5.829548
37.900,25.200,1810.0000,0.951371
37.900,25.200,1811.0000,2.247452
37.900,25.200,1812.0000,-2.510682
37.900,25.200,1813.0000,-6.564261
37.900,25.200,1814.0000,-9.797877
37.900,25.200,1815.0000,-4.326313
37.900,25.200,1816.0000,8.705411
37.900,25.200,1817.0000,-7.493259
37.900,25.200,1818.0000,1.682959
37.900,25.200,1819.0000,5.742846
37.900,25.200,1820.0000,-4.357827
37.900,25.200,1821.0000,9.377426
37.900,25.200,1822.0000,-3.907292
37.900,25.200,1823.0000,10.112980
37.900,25.200,1824.0000,1.077168
37.900,25.200,1825.0000,-4.575996
37.900,25.200,1826.0000,-9.076027
37.900,25.200,1827.0000,-9.315054
37.900,25.200,1828.0000,5.947623
37.900,25.200,1829.0000,-1.241313
37.900,25.200,1830.0000,4.323136
37.900,25.200,1831.0000,14.276522
37.900,25.200,1832.0000,14.548029
37.900,25.200,1833.0000,4.476824
37.900,25.200,1834.0000,-1.117343
37.900,25.200,1835.0000,3.910681
37.900,25.200,1836.0000,-4.663841
37.900,25.200,1837.0000,-3.519121
37.900,25.200,1838.0000,-11.072295
37.900,25.200,1839.0000,0.661954
37.900,25.200,1840.0000,6.251684
37.900,25.200,1841.0000,7.634630
37.900,25.200,1842.0000,-5.975343
37.900,25.200,1843.0000,3.079085
37.900,25.200,1844.0000,-12.445824
37.900,25.200,1845.0000,4.180437
37.900,25.200,1846.0000,-1.119059
37.900,25.200,1847.0000,0.558240
37.900,25.200,1848.0000,-3.122361
37.900,25.200,1849.0000,3.038923
37.900,25.200,1850.0000,1.369556
37.900,25.200,1851.0000,0.760929
37.900,25.200,1852.0000,2.769711
37.900,25.200,1853.0000,-4.319886
37.900,25.200,1854.0000,8.765880
37.900,25.200,1855.0000,2.865942
37.900,25.200,1856.0000,-1.234023
37.900,25.200,1857.0000,1.647358
37.900,25.200,1858.0000,6.934363
37.900,25.200,1859.0000,2.650453
37.900,25.200,1860.0000,-4.539115
37.900,25.200,1861.0000,10.365352
37.900,25.200,1862.0000,10.246214
37.900,25.200,1863.0000,-9.495323
37.900,25.200,1864.0000,8.246290
37.900,25.200,1865.0000,-4.303639
37.900,25.200,1866.0000,-8.150097
37.900,25.200,1867.0000,-7.723808
37.900,25.200,1868.0000,-8.303932
37.900,25.200,1869.0000,3.021191
37.900,25.200,1870.0000,-3.917240
37.900,25.200,1871.0000,1.255464
37.900,25.200,1872.0000,-0.338967
37.900,25.200,1873.0000,-2.409329
37.900,25.200,1874.0000,-0.371820
37.900,25.200,1875.0000,10.714494
37.900,25.200,1876.0000,-6.906323
37.900,25.200,1877.0000,-0.092428
37.900,25.200,1878.0000,8.901339
37.900,25.200,1879.0000,-5.460531
37.900,25.200,1880.0000,0.533463
37.900,25.200,1881.0000,4.355834
37.900,25.200,1882.0000,6.945948
37.900,25.200,1883.0000,6.525798
37.900,25.200,1884.0000,11.249018
37.900,25.200,1885.0000,-7.237543
37.900,25.200,1886.0000,-11.325625
37.900,25.200,1887.0000,-12.908159
37.900,25.200,1888.0000,10.025739
37.900,25.200,1889.0000,6.557442
37.900,25.200,1890.0000,6.673385
37.900,25.200,1891.0000,-1.356787
37.900,25.200,1892.0000,12.906830
37.900,25.200,1893.0000,-7.535790
37.900,25.200,1894.0000,3.311366
37.900,25.200,1895.0000,1.265567
37.900,25.200,1896.0000,-1.432330
37.900,25.200,1897.0000,-16.885663
37.900,25.200,1898.0000,-5.292592
37.900,25.200,1899.0000,5.256438
37.900,25.200,1900.0000,1.760870
37.900,25.200,1901.0000,2.565074
37.900,25.200,1902.0000,4.567441
37.900,25.200,1903.0000,10.122748
37.900,25.200,1904.0000,6.194150
37.900,25.200,1905.0000,1.940269
37.900,25.200,1906.0000,3.257599
37.900,25.200,1907.0000,0.684518
37.900,25.200,1908.0000,6.776468
37.900,25.200,1909.0000,1.992488
37.900,25.200,1910.0000,11.048770
37.900,25.200,1911.0000,4.534018
37.900,25.200,1912.0000,-12.820839
37.900,25.200,1913.0000,-2.118154
37.900,25.200,1914.0000,13.679132
37.900,25.200,1915.0000,-1.263467
37.900,25.200,1916.0000,7.313386
37.900,25.200,1917.0000,-3.368319
37.900,25.200,1918.0000,4.723317
37.900,25.200,1919.0000,-0.893778
37.900,25.200,1920.0000,-0.689956
37.900,25.200,1921.0000,1.481354
37.900,25.200,1922.0000,5.050344
37.900,25.200,1923.0000,-0.199468
37.900,25.200,1924.0000,-0.007326
37.900,25.200,1925.0000,1.579519
37.900,25.200,1926.0000,-5.417243
37.900,25.200,1927.0000,6.049549
37.900,25.200,1928.0000,-4.919173
37.900,25.200,1929.0000,-7.177677
37.900,25.200,1930.0000,5.540136
37.900,25.200,1931.0000,1.086819
37.900,25.200,1932.0000,-2.945659
37.900,25.200,1933.0000,6.029031
37.900,25.200,1934.0000,-3.844166
37.900,25.200,1935.0000,-4.366226
37.900,25.200,1936.0000,8.951132
37.900,25.200,1937.0000,-6.989979
37.900,25.200,1938.0000,-5.696576
37.900,25.200,1939.0000,5.203891
37.900,25.200,1940.0000,-5.320501
37.900,25.200,1941.0000,-4.645778
37.900,25.200,1942.0000,-7.158015
37.900,25.200,1943.0000,-12.323334
37.900,25.200,1944.0000,-6.529143
37.900,25.200,1945.0000,1.648644
37.900,25.200,1946.0000,-5.846171
37.900,25.200,1947.0000,14.627324
37.900,25.200,1948.0000,2.654216
37.900,25.200,1949.0000,7.372869
37.900,25.200,1950.0000,1.520912
37.900,25.200,1951.0000,-13.696823
37.900,25.200,1952.0000,2.926251
37.900,25.200,1953.0000,11.929744
37.900,25.200,1954.0000,-0.478457
37.900,25.200,1955.0000,-2.487104
37.900,25.200,1956.0000,6.710451
37.900,25.200,1957.0000,-6.460005
37.900,25.200,1958.0000,-4.554302
37.900,25.200,1959.0000,1.131924
37.900,25.200,1960.0000,4.862498
37.900,25.200,1961.0000,6.731575
37.900,25.200,1962.0000,-5.275379
37.900,25.200,1963.0000,1.898651
37.900,25.200,1964.0000,3.558947
37.900,25.200,1965.0000,17.326722
37.900,25.200,1966.0000,3.881538
37.900,25.200,1967.0000,-11.249523
37.900,25.200,1968.0000,3.832053
37.900,25.200,1969.0000,7.296831
37.900,25.200,1970.0000,-2.248656
37.900,25.200,1971.0000,-4.191249
37.900,25.200,1972.0000,-4.499642
37.900,25.200,1973.0000,-3.170585
37.900,25.200,1974.0000,-0.670587
37.900,25.200,1975.0000,-9.219827
37.900,25.200,1976.0000,10.568962
37.900,25.200,1977.0000,-3.521533
37.900,25.200,1978.0000,4.019049
37.900,25.200,1979.0000,-0.942391
37.900,25.200,1980.0000,1.095958
37.900,25.200,1981.0000,2.919991
37.900,25.200,1982.0000,-6.853849
37.900,25.200,1983.0000,1.407345
37.900,25.200,1984.0000,-2.214803
37.900,25.200,1985.0000,-4.144637
37.900,25.200,1986.0000,-1.696961
37.900,25.200,1987.0000,8.365753
37.900,25.200,1988.0000,1.999130
37.900,25.200,1989.0000,12.424716
37.900,25.200,1990.0000,-7.588943
37.900,25.200,1991.0000,7.194236
37.900,25.200,1992.0000,4.762830
37.900,25.200,1993.0000,-0.589151
37.900,25.200,1994.0000,-1.343602
37.900,25.200,1995.0000,9.162049
37.900,25.200,1996.0000,5.019532
37.900,25.200,1997.0000,4.912443
37.900,25.200,1998.0000,1.724911
37.900,25.200,1999.0000,-1.687469
37.900,25.200,2000.0000,4.155006
37.900,25.300,200.0000,1.586989
37.900,25.300,201.0000,-3.370110
37.900,25.300,202.0000,-6.184730
37.900,25.300,203.0000,3.635950
37.900,25.300,204.0000,-2.299270
37.900,25.300,205.0000,-3.153796
37.900,25.300,206.0000,-4.395092
37.900,25.300,207.0000,0.984601
37.900,25.300,208.0000,-2.915521
37.900,25.300,209.0000,7.587305
37.900,25.300,210.0000,-3.520459
37.900,25.300,211.0000,2.468928
37.900,25.300,212.0000,-5.699509
37.900,25.300,213.0000,-3.086898
37.900,25.300,214.0000,10.901323
37.900,25.300,215.0000,-0.687406
37.900,25.300,216.0000,-1.161505
37.900,25.300,217.0000,-0.533112
37.900,25.300,218.0000,8.053822
37.900,25.300,219.0000,-1.168941
37.900,25.300,220.0000,-10.436227
37.900,25.300,221.0000,9.979606
37.900,25.300,222.0000,13.756082
37.900,25.300,223.0000,-0.647672
37.900,25.300,224.0000,-7.567795
37.900,25.300,225.0000,-4.234294
37.900,25.300,226.0000,4.940388
37.900,25.300,227.0000,4.934349
37.900,25.300,228.0000,-8.926577
37.900,25.300,229.0000,-0.059046
37.900,25.300,230.0000,5.591906
37.900,25.300,231.0000,-2.618384
37.900,25.300,232.0000,-0.200054
37.900,25.300,233.0000,1.026694
37.900,25.300,234.0000,3.189528
37.900,25.300,235.0000,-6.324863
37.900,25.300,236.0000,8.720195
37.900,25.300,237.0000,2.622723
37.900,25.300,238.0000,5.952439
37.900,25.300,239.0000,-2.056394
37.900,25.300,240.0000,-3.576738
37.900,25.300,241.0000,17.041606
37.900,25.300,242.0000,-3.706367
37.900,25.300,243.0000,-0.910156
37.900,25.300,244.0000,-3.694386
37.900,25.300,245.0000,-11.477913
37.900,25.300,246.0000,-5.081332
37.900,25.300,247.0000,-4.911626
37.900,25.300,248.0000,8.132492
37.900,25.300,249.0000,7.861096
37.900,25.300,250.0000,-4.981284
37.900,25.300,251.0000,5.463682
37.900,25.300,252.0000,1.851211
37.900,25.300,253.0000,-3.471536
37.900,25.300,254.0000,0.200524
37.900,25.300,255.0000,-4.215058
37.900,25.300,256.0000,-0.331247
37.900,25.300,257.0000,8.682725
37.900,25.300,258.0000,2.262908
37.900,25.300,259.0000,-0.859477
37.900,25.300,260.0000,7.215681
37.900,25.300,261.0000,-7.984708
37.900,25.300,262.0000,1.476416
37.900,25.300,263.0000,-2.398697
37.900,25.300,264.0000,4.124759
37.900,25.300,265.0000,-3.811473
37.900,25.300,266.0000,-2.916815
37.900,25.300,267.0000,1.452983
37.900,25.300,268.0000,-1.009265
37.900,25.300,269.0000,-0.658713
37.900,25.300,270.0000,0.693734
37.900,25.300,271.0000,1.373462
37.900,25.300,272.0000,2.328658
37.900,25.300,273.0000,3.613552
37.900,25.300,274.0000,-6.161568
37.900,25.300,275.0000,-4.920571
37.900,25.300,276.0000,5.159611
37.900,25.300,277.0000,7.452766
37.900,25.300,278.0000,-8.286539
37.900,25.300,279.0000,1.116346
37.900,25.300,280.0000,9.131442
37.900,25.300,281.0000,1.265695
37.900,25.300,282.0000,-1.857333
37.900,25.300,283.0000,-2.393598
37.900,25.300,284.0000,6.673326
37.900,25.300,285.0000,-0.136362
37.900,25.300,286.0000,-8.804872
37.900,25.300,287.0000,2.038652
37.900,25.300,288.0000,6.067426
37.900,25.300,289.0000,7.598144
37.900,25.300,290.0000,4.838765
37.900,25.300,291.0000,0.115958
37.900,25.300,292.0000,7.120974
37.900,25.300,293.0000,-3.569001
37.900,25.300,294.0000,10.780058
37.900,25.300,295.0000,4.606674
37.900,25.300,296.0000,4.228551
37.900,25.300,297.0000,4.832682
37.900,25.300,298.0000,2.454298
37.900,25.300,299.0000,-9.004362
37.900,25.300,300.0000,-0.010242
37.900,25.300,301.0000,9.132714
37.900,25.300,302.0000,-2.363021
37.900,25.300,303.0000,0.416910
37.900,25.300,304.0000,-3.857470
37.900,25.300,305.0000,-5.707441
37.900,25.300,306.0000,7.187553
37.900,25.300,307.0000,-2.439692
37.900,25.300,308.0000,10.879084
37.900,25.300,309.0000,3.041937
37.900,25.300,310.0000,10.291051
37.900,25.300,311.0000,3.017636
37.900,25.300,312.0000,1.282635
37.900,25.300,313.0000,8.070562
37.900,25.300,314.0000,1.578392
37.900,25.300,315.0000,3.200268
37.900,25.300,316.0000,2.839638
37.900,25.300,317.0000,-9.476909
37.900,25.300,318.0000,-5.725105
37.900,25.300,319.0000,4.695066
37.900,25.300,320.0000,3.267793
37.900,25.300,321.0000,1.101378
37.900,25.300,322.0000,-0.610495
37.900,25.300,323.0000,0.900339
37.900,25.300,324.0000,2.890036
37.900,25.300,325.0000,-2.397400
37.900,25.300,326.0000,-1.592143
37.900,25.300,327.0000,-1.389167
37.900,25.300,328.0000,-10.866422
37.900,25.300,329.0000,1.209662
37.900,25.300,330.0000,-2.696158
37.900,25.300,331.0000,-7.648675
37.900,25.300,332.0000,-0.709005
37.900,25.300,333.0000,-2.418934
37.900,25.300,334.0000,-6.642191
37.900,25.300,335.0000,4.388092
37.900,25.300,336.0000,-5.579217
37.900,25.300,337.0000,-7.382399
37.900,25.300,338.0000,-0.032484
37.900,25.300,339.0000,-7.017688
37.900,25.300,340.0000,-0.206162
37.900,25.300,341.0000,-3.582297
37.900,25.300,342.0000,2.630037
37.900,25.300,343.0000,-8.356692
37.900,25.300,344.0000,4.523126
37.900,25.300,345.0000,2.828713
37.900,25.300,346.0000,6.101358
37.900,25.300,347.0000,2.450390
37.900,25.300,348.0000,1.006458
37.900,25.300,349.0000,-12.687108
37.900,25.300,350.0000,-5.112948
37.900,25.300,351.0000,-6.503781
37.900,25.300,352.0000,0.299305
37.900,25.300,353.0000,0.409810
37.900,25.300,354.0000,7.978901
37.900,25.300,355.0000,2.791712
37.900,25.300,356.0000,0.093011
37.900,25.300,357.0000,-1.523596
37.900,25.300,358.0000,-0.137567
37.900,25.300,359.0000,0.703383
37.900,25.300,360.0000,-0.315134
37.900,25.300,361.0000,-8.345630
37.900,25.300,362.0000,4.324828
37.900,25.300,363.0000,-2.279232
37.900,25.300,364.0000,-1.840317
37.900,25.300,365.0000,-1.140826
37.900,25.300,366.0000,-2.523583
37.900,25.300,367.0000,7.537016
37.900,25.300,368.0000,-3.107533
37.900,25.300,369.0000,4.960169
37.900,25.300,370.0000,-9.302469
37.900,25.300,371.0000,0.357739
37.900,25.300,372.0000,5.932343
37.900,25.300,373.0000,-16.383719
37.900,25.300,374.0000,-13.752314
37.900,25.300,375.0000,-1.799217
37.900,25.300,376.0000,-1.442924
37.900,25.300,377.0000,-1.309457
37.900,25.300,378.0000,7.763682
37.900,25.300,379.0000,0.749142
37.900,25.300,380.0000,11.934609
37.900,25.300,381.0000,-4.196151
37.900,25.300,382.0000,6.713566
37.900,25.300,383.0000,2.679116
37.900,25.300,384.0000,-0.187930
37.900,25.300,385.0000,-7.553505
37.900,25.300,386.0000,-4.977888
37.900,25.300,387.0000,2.415361
37.900,25.300,388.0000,-9.844532
37.900,25.300,389.0000,6.745556
37.900,25.300,390.0000,-4.031373
37.900,25.300,391.0000,0.558014
37.900,25.300,392.0000,3.557714
37.900,25.300,393.0000,3.585336
37.900,25.300,394.0000,0.098808
37.900,25.300,395.0000,6.509663
37.900,25.300,396.0000,3.084451
37.900,25.300,397.0000,-0.108896
37.900,25.300,398.0000,-0.217253
37.900,25.300,399.0000,5.626322
37.900,25.300,400.0000,1.801813
37.900,25.300,401.0000,-3.906789
37.900,25.300,402.0000,-5.176751
37.900,25.300,403.0000,3.661985
37.900,25.300,404.0000,14.274756
37.900,25.300,405.0000,-2.874790
37.900,25.300,406.0000,0.865477
37.900,25.300,407.0000,6.470880
37.900,25.300,408.0000,8.021517
37.900,25.300,409.0000,6.278419
37.900,25.300,410.0000,2.854161
37.900,25.300,411.0000,2.254361
37.900,25.300,412.0000,-11.652922
37.900,25.300,413.0000,-2.649812
37.900,25.300,414.0000,10.368283
37.900,25.300,415.0000,-4.567210
37.900,25.300,416.0000,10.643092
37.900,25.300,417.0000,16.089609
37.900,25.300,418.0000,0.526187
37.900,25.300,419.0000,-0.865577
37.900,25.300,420.0000,7.856303
37.900,25.300,421.0000,8.634018
37.900,25.300,422.0000,2.941895
37.900,25.300,423.0000,6.746372
37.900,25.300,424.0000,1.983722
37.900,25.300,425.0000,0.719964
37.900,25.300,426.0000,-5.683407
37.900,25.300,427.0000,-7.802645
37.900,25.300,428.0000,-5.139649
37.900,25.300,429.0000,-2.530987
37.900,25.300,430.0000,-0.960459
37.900,25.300,431.0000,-1.297799
37.900,25.300,432.0000,5.860716
37.900,25.300,433.0000,-3.256012
37.900,25.300,434.0000,-1.028837
37.900,25.300,435.0000,-9.651138
37.900,25.300,436.0000,7.902646
37.900,25.300,437.0000,13.734363
37.900,25.300,438.0000,5.340118
37.900,25.300,439.0000,6.949240
37.900,25.300,440.0000,-3.936963
37.900,25.300,441.0000,3.845399
37.900,25.300,442.0000,3.885631
37.900,25.300,443.0000,-2.122539
37.900,25.300,444.0000,-0.701800
37.900,25.300,445.0000,10.944973
37.900,25.300,446.0000,-4.894603
37.900,25.300,447.0000,1.169315
37.900,25.300,448.0000,-5.986704
37.900,25.300,449.0000,-9.326372
37.900,25.300,450.0000,16.764872
37.900,25.300,451.0000,10.269632
37.900,25.300,452.0000,3.774048
37.900,25.300,453.0000,14.463219
37.900,25.300,454.0000,10.500202
37.900,25.300,455.0000,-0.020052
37.900,25.300,456.0000,-3.987909
37.900,25.300,457.0000,1.317302
37.900,25.300,458.0000,-12.339677
37.900,25.300,459.0000,6.464164
37.900,25.300,460.0000,3.758174
37.900,25.300,461.0000,-0.717225
37.900,25.300,462.0000,3.129387
37.900,25.300,463.0000,8.133554
37.900,25.300,464.0000,10.076844
37.900,25.300,465.0000,4.829664
37.900,25.300,466.0000,8.155828
37.900,25.300,467.0000,-0.817988
37.900,25.300,468.0000,6.264049
37.900,25.300,469.0000,-4.326932
37.900,25.300,470.0000,0.285778
37.900,25.300,471.0000,-1.284901
37.900,25.300,472.0000,-2.544446
37.900,25.300,473.0000,3.873286
37.900,25.300,474.0000,9.937138
37.900,25.300,475.0000,-17.536875
37.900,25.300,476.0000,2.246486
37.900,25.300,477.0000,11.379108
37.900,25.300,478.0000,8.056016
37.900,25.300,479.0000,4.440555
37.900,25.300,480.0000,-3.139275
37.900,25.300,481.0000,-3.419797
37.900,25.300,482.0000,-3.917758
37.900,25.300,483.0000,4.412147
37.900,25.300,484.0000,-1.748173
37.900,25.300,485.0000,1.013003
37.900,25.300,486.0000,-5.837443
37.900,25.300,487.0000,0.538525
37.900,25.300,488.0000,-0.670598
37.900,25.300,489.0000,-1.223798
37.900,25.300,490.0000,-0.403800
37.900,25.300,491.0000,-1.978569
37.900,25.300,492.0000,3.132404
37.900,25.300,493.0000,6.169384
37.900,25.300,494.0000,-9.790985
37.900,25.300,495.0000,-8.183338
37.900,25.300,496.0000,-1.391740
37.900,25.300,497.0000,14.462970
37.900,25.300,498.0000,6.190227
37.900,25.300,499.0000,-3.725105
37.900,25.300,500.0000,10.947551
37.900,25.300,501.0000,0.026549
37.900,25.300,502.0000,7.817604
37.900,25.300,503.0000,-10.823925
37.900,25.300,504.0000,2.662240
37.900,25.300,505.0000,-1.655842
37.900,25.300,506.0000,3.790775
37.900,25.300,507.0000,-1.276000
37.900,25.300,508.0000,5.519749
37.900,25.300,509.0000,4.747765
37.900,25.300,510.0000,-0.432180
37.900,25.300,511.0000,0.784500
37.900,25.300,512.0000,7.280906
37.900,25.300,513.0000,1.302202
37.900,25.300,514.0000,-6.135432
37.900,25.300,515.0000,1.024847
37.900,25.300,516.0000,-3.512742
37.900,25.300,517.0000,0.575546
37.900,25.300,518.0000,-0.617899
37.900,25.300,519.0000,-4.397851
37.900,25.300,520.0000,-8.361422
37.900,25.300,521.0000,8.214353
37.900,25.300,522.0000,13.091664
37.900,25.300,523.0000,3.178742
37.900,25.300,524.0000,-15.949627
37.900,25.300,525.0000,12.571898
37.900,25.300,526.0000,6.373706
37.900,25.300,527.0000,0.783326
37.900,25.300,528.0000,6.282691
37.900,25.300,529.0000,-0.140813
37.900,25.300,530.0000,-12.615071
37.900,25.300,531.0000,3.679660
37.900,25.300,532.0000,-8.000025
37.900,25.300,533.0000,16.923241
37.900,25.300,534.0000,5.124647
37.900,25.300,535.0000,0.004540
37.900,25.300,536.0000,4.070309
37.900,25.300,537.0000,3.716100
37.900,25.300,538.0000,-0.839373
37.900,25.300,539.0000,-4.718455
37.900,25.300,540.0000,-3.637417
37.900,25.300,541.0000,-0.438887
37.900,25.300,542.0000,-6.538802
37.900,25.300,543.0000,-0.046008
37.900,25.300,544.0000,5.499927
37.900,25.300,545.0000,2.273885
37.900,25.300,546.0000,-1.321082
37.900,25.300,547.0000,7.747789
37.900,25.300,548.0000,1.729439
37.900,25.300,549.0000,7.755679
37.900,25.300,550.0000,4.195422
37.900,25.300,551.0000,3.944778
37.900,25.300,552.0000,5.905955
37.900,25.300,553.0000,5.084859
37.900,25.300,554.0000,-1.150256
37.900,25.300,555.0000,9.328117
37.900,25.300,556.0000,-5.197839
37.900,25.300,557.0000,-10.301969
37.900,25.300,558.0000,10.854720
37.900,25.300,559.0000,-2.232007
37.900,25.300,560.0000,-3.791651
37.900,25.300,561.0000,8.918942
37.900,25.300,562.0000,4.491645
37.900,25.300,563.0000,3.259953
37.900,25.300,564.0000,-14.057479
37.900,25.300,565.0000,6.074485
37.900,25.300,566.0000,1.644077
37.900,25.300,567.0000,1.175406
37.900,25.300,568.0000,2.127535
37.900,25.300,569.0000,4.175974
37.900,25.300,570.0000,11.564871
37.900,25.300,571.0000,-9.448409
37.900,25.300,572.0000,6.999591
37.900,25.300,573.0000,4.139060
37.900,25.300,574.0000,-0.470147
37.900,25.300,575.0000,3.778640
37.900,25.300,576.0000,8.272547
37.900,25.300,577.0000,2.566580
37.900,25.300,578.0000,-0.376775
37.900,25.300,579.0000,-6.761864
37.900,25.300,580.0000,-1.721533
37.900,25.300,581.0000,3.631820
37.900,25.300,582.0000,16.961596
37.900,25.300,583.0000,0.217733
37.900,25.300,584.0000,3.738611
37.900,25.300,585.0000,0.792567
37.900,25.300,586.0000,7.577636
37.900,25.300,587.0000,0.490093
37.900,25.300,588.0000,4.601165
37.900,25.300,589.0000,-4.090548
37.900,25.300,590.0000,7.263585
37.900,25.300,591.0000,-11.876038
37.900,25.300,592.0000,8.056970
37.900,25.300,593.0000,-0.592163
37.900,25.300,594.0000,6.228673
37.900,25.300,595.0000,13.938807
37.900,25.300,596.0000,3.422936
37.900,25.300,597.0000,3.669637
37.900,25.300,598.0000,10.353081
37.900,25.300,599.0000,8.889919
37.900,25.300,600.0000,-5.170274
37.900,25.300,601.0000,14.731997
37.900,25.300,602.0000,8.526542
37.900,25.300,603.0000,10.893624
37.900,25.300,604.0000,14.440997
37.900,25.300,605.0000,15.606017
37.900,25.300,606.0000,2.970282
37.900,25.300,607.0000,13.986781
37.900,25.300,608.0000,19.164432
37.900,25.300,609.0000,8.927402
37.900,25.300,610.0000,27.593619
37.900,25.300,611.0000,24.635249
37.900,25.300,612.0000,38.771634
37.900,25.300,613.0000,40.899195
37.900,25.300,614.0000,70.708248
37.900,25.300,615.0000,73.398593
37.900,25.300,616.0000,89.938235
37.900,25.300,617.0000,106.820016
37.900,25.300,618.0000,141.264277
37.900,25.300,619.0000,149.217952
37.900,25.300,620.0000,151.876995
37.900,25.300,621.0000,153.051213
37.900,25.300,622.0000,138.896624
37.900,25.300,623.0000,104.274929
37.900,25.300,624.0000,85.118959
37.900,25.300,625.0000,70.389000
37.900,25.300,626.0000,53.319539
37.900,25.300,627.0000,52.339788
37.900,25.300,628.0000,41.374137
37.900,25.300,629.0000,30.664736
37.900,25.300,630.0000,34.744658
37.900,25.300,631.0000,19.950559
37.900,25.300,632.0000,10.710097
37.900,25.300,633.0000,15.684240
37.900,25.300,634.0000,23.234339
37.900,25.300,635.0000,13.545117
37.900,25.300,636.0000,13.712501
37.900,25.300,637.0000,8.016947
37.900,25.300,638.0000,10.428008
37.900,25.300,639.0000,7.523239
37.900,25.300,640.0000,13.531424
37.900,25.300,641.0000,9.390911
37.900,25.300,642.0000,13.166705
37.900,25.300,643.0000,-1.394467
37.900,25.300,644.0000,-5.335223
37.900,25.300,645.0000,2.069660
37.900,25.300,646.0000,-6.037819
37.900,25.300,647.0000,14.038186
37.900,25.300,648.0000,-1.587499
37.900,25.300,649.0000,0.083094
37.900,25.300,650.0000,8.848658
37.900,25.300,651.0000,-0.714112
37.900,25.300,652.0000,3.582032
37.900,25.300,653.0000,11.047654
37.900,25.300,654.0000,5.143834
37.900,25.300,655.0000,3.624656
37.900,25.300,656.0000,2.335664
37.900,25.300,657.0000,7.794572
37.900,25.300,658.0000,4.942209
37.900,25.300,659.0000,8.338939
37.900,25.300,660.0000,0.333731
37.900,25.300,661.0000,-1.412431
37.900,25.300,662.0000,11.093995
37.900,25.300,663.0000,-1.810081
37.900,25.300,664.0000,-6.153607
37.900,25.300,665.0000,18.894315
37.900,25.300,666.0000,12.973416
37.900,25.300,667.0000,-1.687739
37.900,25.300,668.0000,3.985040
37.900,25.300,669.0000,-7.233038
37.900,25.300,670.0000,0.167651
37.900,25.300,671.0000,-2.533253
37.900,25.300,672.0000,-0.735271
37.900,25.300,673.0000,2.821468
37.900,25.300,674.0000,2.904649
37.900,25.300,675.0000,-7.956349
37.900,25.300,676.0000,6.548541
37.900,25.300,677.0000,8.474898
37.900,25.300,678.0000,-7.130400
37.900,25.300,679.0000,3.996897
37.900,25.300,680.0000,-10.837643
37.900,25.300,681.0000,-5.395926
37.900,25.300,682.0000,-0.591046
37.900,25.300,683.0000,-5.167438
37.900,25.300,684.0000,6.085713
37.900,25.300,685.0000,7.267155
37.900,25.300,686.0000,6.837108
37.900,25.300,687.0000,-9.222534
37.900,25.300,688.0000,7.900398
37.900,25.300,689.0000,5.423967
37.900,25.300,690.0000,1.611061
37.900,25.300,691.0000,-4.133256
37.900,25.300,692.0000,0.569731
37.900,25.300,693.0000,-7.387531
37.900,25.300,694.0000,15.477459
37.900,25.300,695.0000,11.507959
37.900,25.300,696.0000,-2.383570
37.900,25.300,697.0000,2.668163
37.900,25.300,698.0000,1.130753
37.900,25.300,699.0000,5.704081
37.900,25.300,700.0000,-8.168020
37.900,25.300,701.0000,7.059877
37.900,25.300,702.0000,2.129791
37.900,25.300,703.0000,-0.230119
37.900,25.300,704.0000,-1.853248
37.900,25.300,705.0000,4.692538
37.900,25.300,706.0000,0.263233
37.900,25.300,707.0000,-4.285603
37.900,25.300,708.0000,9.018240
37.900,25.300,709.0000,2.686965
37.900,25.300,710.0000,14.029340
37.900,25.300,711.0000,-1.136665
37.900,25.300,712.0000,-1.306613
37.900,25.300,713.0000,-11.228235
37.900,25.300,714.0000,-6.348961
37.900,25.300,715.0000,3.932472
37.900,25.300,716.0000,-0.712489
37.900,25.300,717.0000,11.340752
37.900,25.300,718.0000,-1.466647
37.900,25.300,719.0000,3.011128
37.900,25.300,720.0000,4.311251
37.900,25.300,721.0000,2.297182
37.900,25.300,722.0000,-5.925327
37.900,25.300,723.0000,-13.407742
37.900,25.300,724.0000,3.552939
37.900,25.300,725.0000,10.883861
37.900,25.300,726.0000,9.848057
37.900,25.300,727.0000,12.387949
37.900,25.300,728.0000,5.217658
37.900,25.300,729.0000,17.231303
37.900,25.300,730.0000,-2.911836
37.900,25.300,731.0000,9.213828
37.900,25.300,732.0000,3.773788
37.900,25.300,733.0000,6.835244
37.900,25.300,734.0000,-12.566200
37.900,25.300,735.0000,4.863098
37.900,25.300,736.0000,2.932544
37.900,25.300,737.0000,1.509442
37.900,25.300,738.0000,1.813698
37.900,25.300,739.0000,1.713052
37.900,25.300,740.0000,-10.252739
37.900,25.300,741.0000,15.472970
37.900,25.300,742.0000,2.809244
37.900,25.300,743.0000,6.034302
37.900,25.300,744.0000,10.275400
37.900,25.300,745.0000,-0.501797
37.900,25.300,746.0000,-2.885623
37.900,25.300,747.0000,5.004639
37.900,25.300,748.0000,-1.384388
37.900,25.300,749.0000,-6.123241
37.900,25.300,750.0000,6.755598
37.900,25.300,751.0000,3.881321
37.900,25.300,752.0000,-3.228907
37.900,25.300,753.0000,-4.457672
37.900,25.300,754.0000,2.284535
37.900,25.300,755.0000,7.586563
37.900,25.300,756.0000,-9.573048
37.900,25.300,757.0000,15.352075
37.900,25.300,758.0000,4.578709
37.900,25.300,759.0000,-0.559880
37.900,25.300,760.0000,-2.518341
37.900,25.300,761.0000,0.261860
37.900,25.300,762.0000,3.820330
37.900,25.300,763.0000,7.129412
37.900,25.300,764.0000,5.002630
37.900,25.300,765.0000,0.330902
37.900,25.300,766.0000,9.670808
37.900,25.300,767.0000,9.184397
37.900,25.300,768.0000,1.892220
37.900,25.300,769.0000,-5.449791
37.900,25.300,770.0000,4.964294
37.900,25.300,771.0000,9.940242
37.900,25.300,772.0000,3.621924
37.900,25.300,773.0000,6.970038
37.900,25.300,774.0000,4.420019
37.900,25.300,775.0000,2.106404
37.900,25.300,776.0000,1.912866
37.900,25.300,777.0000,9.053652
37.900,25.300,778.0000,14.069725
37.900,25.300,779.0000,5.790839
37.900,25.300,780.0000,15.600037
37.900,25.300,781.0000,0.065231
37.900,25.300,782.0000,12.628336
37.900,25.300,783.0000,18.088644
37.900,25.300,784.0000,21.290229
37.900,25.300,785.0000,23.849359
37.900,25.300,786.0000,34.969725
37.900,25.300,787.0000,31.024319
37.900,25.300,788.0000,43.294903
37.900,25.300,789.0000,33.944999
37.900,25.300,790.0000,55.760415
37.900,25.300,791.0000,63.714880
37.900,25.300,792.0000,57.878186
37.900,25.300,793.0000,82.994227
37.900,25.300,794.0000,89.647523
37.900,25.300,795.0000,94.651796
37.900,25.300,796.0000,94.405880
37.900,25.300,797.0000,69.644806
37.900,25.300,798.0000,65.225134
37.900,25.300,799.0000,71.063850
37.900,25.300,800.0000,47.538141
37.900,25.300,801.0000,54.402238
37.900,25.300,802.0000,38.422716
37.900,25.300,803.0000,30.049862
37.900,25.300,804.0000,27.176744
37.900,25.300,805.0000,35.576259
37.900,25.300,806.0000,16.241529
37.900,25.300,807.0000,13.139890
37.900,25.300,808.0000,23.627430
37.900,25.300,809.0000,1.178623
37.900,25.300,810.0000,19.545222
37.900,25.300,811.0000,14.516256
37.900,25.300,812.0000,16.852698
37.900,25.300,813.0000,9.032787
37.900,25.300,814.0000,7.644236
37.900,25.300,815.0000,9.967929
37.900,25.300,816.0000,-6.541675
37.900,25.300,817.0000,4.946308
37.900,25.300,818.0000,2.156072
37.900,25.300,819.0000,7.954212
37.900,25.300,820.0000,5.651059
37.900,25.300,821.0000,2.813531
37.900,25.300,822.0000,10.621715
37.900,25.300,823.0000,3.435782
37.900,25.300,824.0000,10.449431
37.900,25.300,825.0000,0.842635
37.900,25.300,826.0000,-0.165230
37.900,25.300,827.0000,3.283873
37.900,25.300,828.0000,7.546919
37.900,25.300,829.0000,11.245294
37.900,25.300,830.0000,3.143483
37.900,25.300,831.0000,1.575913
37.900,25.300,832.0000,-0.045091
37.900,25.300,833.0000,4.028600
37.900,25.300,834.0000,4.888965
37.900,25.300,835.0000,4.597005
37.900,25.300,836.0000,5.268409
37.900,25.300,837.0000,8.501464
37.900,25.300,838.0000,-2.276525
37.900,25.300,839.0000,5.933843
37.900,25.300,840.0000,6.400685
37.900,25.300,841.0000,1.792360
37.900,25.300,842.0000,-0.153980
37.900,25.300,843.0000,5.067235
37.900,25.300,844.0000,-1.399409
37.900,25.300,845.0000,0.518606
37.900,25.300,846.0000,-1.129727
37.900,25.300,847.0000,-3.025498
37.900,25.300,848.0000,5.260823
37.900,25.300,849.0000,1.440895
37.900,25.300,850.0000,2.180163
37.900,25.300,851.0000,-0.302184
37.900,25.300,852.0000,5.160301
37.900,25.300,853.0000,9.332294
37.900,25.300,854.0000,-4.974549
37.900,25.300,855.0000,7.413727
37.900,25.300,856.0000,-1.435931
37.900,25.300,857.0000,-4.112189
37.900,25.300,858.0000,-2.865575
37.900,25.300,859.0000,4.882899
37.900,25.300,860.0000,3.068096
37.900,25.300,861.0000,3.916874
37.900,25.300,862.0000,-13.077048
37.900,25.300,863.0000,-3.819706
37.900,25.300,864.0000,-8.031413
37.900,25.300,865.0000,-1.904117
37.900,25.300,866.0000,5.659394
37.900,25.300,867.0000,6.136224
37.900,25.300,868.0000,-2.715943
37.900,25.300,869.0000,-7.219099
37.900,25.300,870.0000,1.668985
37.900,25.300,871.0000,2.849803
37.900,25.300,872.0000,-5.032365
37.900,25.300,873.0000,-0.534139
37.900,25.300,874.0000,-0.428928
37.900,25.300,875.0000,-2.653307
37.900,25.300,876.0000,1.332971
37.900,25.300,877.0000,4.773372
37.900,25.300,878.0000,8.895248
37.900,25.300,879.0000,10.192421
37.900,25.300,880.0000,-5.283270
37.900,25.300,881.0000,-3.451266
37.900,25.300,882.0000,-1.725483
37.900,25.300,883.0000,3.553501
37.900,25.300,884.0000,3.241500
37.900,25.300,885.0000,-1.840377
37.900,25.300,886.0000,5.333912
37.900,25.300,887.0000,5.440991
37.900,25.300,888.0000,1.206254
37.900,25.300,889.0000,0.087446
37.900,25.300,890.0000,-2.123455
37.900,25.300,891.0000,-1.332457
37.900,25.300,892.0000,5.722574
37.900,25.300,893.0000,12.735484
37.900,25.300,894.0000,0.729609
37.900,25.300,895.0000,0.679278
37.900,25.300,896.0000,11.782837
37.900,25.300,897.0000,-8.707321
37.900,25.300,898.0000,-8.319103
37.900,25.300,899.0000,3.735982
37.900,25.300,900.0000,4.790755
37.900,25.300,901.0000,1.893366
37.900,25.300,902.0000,3.210211
37.900,25.300,903.0000,-0.679076
37.900,25.300,904.0000,1.164817
37.900,25.300,905.0000,-11.210988
37.900,25.300,906.0000,-2.708812
37.900,25.300,907.0000,-2.900836
37.900,25.300,908.0000,-6.932850
37.900,25.300,909.0000,4.123616
37.900,25.300,910.0000,3.467469
37.900,25.300,911.0000,5.377348
37.900,25.300,912.0000,1.487163
37.900,25.300,913.0000,-6.380385
37.900,25.300,914.0000,7.063268
37.900,25.300,915.0000,-1.065206
37.900,25.300,916.0000,13.620510
37.900,25.300,917.0000,7.037876
37.900,25.300,918.0000,6.295330
37.900,25.300,919.0000,-9.368088
37.900,25.300,920.0000,5.029203
37.900,25.300,921.0000,-6.397153
37.900,25.300,922.0000,-3.022945
37.900,25.300,923.0000,-4.580530
37.900,25.300,924.0000,6.022926
37.900,25.300,925.0000,7.729738
37.900,25.300,926.0000,-7.277244
37.900,25.300,927.0000,-2.673077
37.900,25.300,928.0000,3.174008
37.900,25.300,929.0000,7.302179
37.900,25.300,930.0000,-0.256197
37.900,25.300,931.0000,4.724879
37.900,25.300,932.0000,7.384146
37.900,25.300,933.0000,4.353561
37.900,25.300,934.0000,3.472992
37.900,25.300,935.0000,-0.787018
37.900,25.300,936.0000,-1.354159
37.900,25.300,937.0000,10.463225
37.900,25.300,938.0000,-6.190400
37.900,25.300,939.0000,5.502961
37.900,25.300,940.0000,-2.318428
37.900,25.300,941.0000,1.998268
37.900,25.300,942.0000,2.198843
37.900,25.300,943.0000,4.771750
37.900,25.300,944.0000,-0.301646
37.900,25.300,945.0000,0.234752
37.900,25.300,946.0000,7.682000
37.900,25.300,947.0000,-1.087026
37.900,25.300,948.0000,5.827752
37.900,25.300,949.0000,3.876867
37.900,25.300,950.0000,13.351536
37.900,25.300,951.0000,5.758259
37.900,25.300,952.0000,-1.608992
37.900,25.300,953.0000,2.478514
37.900,25.300,954.0000,15.059950
37.900,25.300,955.0000,7.450074
37.900,25.300,956.0000,5.978671
37.900,25.300,957.0000,2.350169
37.900,25.300,958.0000,-2.149776
37.900,25.300,959.0000,8.301301
37.900,25.300,960.0000,6.042215
37.900,25.300,961.0000,19.020029
37.900,25.300,962.0000,26.000090
37.900,25.300,963.0000,3.469783
37.900,25.300,964.0000,14.467727
37.900,25.300,965.0000,1.732585
37.900,25.300,966.0000,9.423274
37.900,25.300,967.0000,8.692970
37.900,25.300,968.0000,7.373864
37.900,25.300,969.0000,14.158260
37.900,25.300,970.0000,15.709614
37.900,25.300,971.0000,-2.828600
37.900,25.300,972.0000,8.537896
37.900,25.300,973.0000,12.232808
37.900,25.300,974.0000,2.552924
37.900,25.300,975.0000,22.932068
37.900,25.300,976.0000,13.359511
37.900,25.300,977.0000,27.873558
37.900,25.300,978.0000,9.823745
37.900,25.300,979.0000,25.484976
37.900,25.300,980.0000,20.441668
37.900,25.300,981.0000,23.969090
37.900,25.300,982.0000,30.652086
37.900,25.300,983.0000,31.979634
37.900,25.300,984.0000,22.809233
37.900,25.300,985.0000,32.053965
37.900,25.300,986.0000,29.888054
37.900,25.300,987.0000,36.243167
37.900,25.300,988.0000,53.671411
37.900,25.300,989.0000,52.234643
37.900,25.300,990.0000,67.975361
37.900,25.300,991.0000,73.333104
37.900,25.300,992.0000,102.408198
37.900,25.300,993.0000,114.697655
37.900,25.300,994.0000,149.530402
37.900,25.300,995.0000,178.624241
37.900,25.300,996.0000,235.319889
37.900,25.300,997.0000,340.024963
37.900,25.300,998.0000,450.376981
37.900,25.300,999.0000,616.515386
37.900,25.300,1000.0000,801.502576
37.900,25.300,1001.0000,898.562742
37.900,25.300,1002.0000,811.226332
37.900,25.300,1003.0000,635.862917
37.900,25.300,1004.0000,442.979669
37.900,25.300,1005.0000,331.519557
37.900,25.300,1006.0000,243.339651
37.900,25.300,1007.0000,184.447875
37.900,25.300,1008.0000,135.203119
37.900,25.300,1009.0000,121.773815
37.900,25.300,1010.0000,92.394343
37.900,25.300,1011.0000,90.809738
37.900,25.300,1012.0000,76.544196
37.900,25.300,1013.0000,62.667052
37.900,25.300,1014.0000,69.512641
37.900,25.300,1015.0000,51.457065
37.900,25.300,1016.0000,46.538263
37.900,25.300,1017.0000,48.106352
37.900,25.300,1018.0000,49.668787
37.900,25.300,1019.0000,52.564570
37.900,25.300,1020.0000,64.230478
37.900,25.300,1021.0000,67.624085
37.900,25.300,1022.0000,72.107396
37.900,25.300,1023.0000,81.694228
37.900,25.300,1024.0000,92.407022
37.900,25.300,1025.0000,105.746005
37.900,25.300,1026.0000,142.749470
37.900,25.300,1027.0000,177.815192
37.900,25.300,1028.0000,226.813029
37.900,25.300,1029.0000,298.725080
37.900,25.300,1030.0000,358.488508
37.900,25.300,1031.0000,387.250967
37.900,25.300,1032.0000,349.120582
37.900,25.300,1033.0000,289.627556
37.900,25.300,1034.0000,227.542443
37.900,25.300,1035.0000,171.109415
37.900,25.300,1036.0000,134.983687
37.900,25.300,1037.0000,105.853574
37.900,25.300,1038.0000,82.401457
37.900,25.300,1039.0000,71.323746
37.900,25.300,1040.0000,46.193641
37.900,25.300,1041.0000,45.088543
37.900,25.300,1042.0000,37.733366
37.900,25.300,1043.0000,33.030949
37.900,25.300,1044.0000,25.170143
37.900,25.300,1045.0000,19.667803
37.900,25.300,1046.0000,29.416886
37.900,25.300,1047.0000,34.471897
37.900,25.300,1048.0000,17.038586
37.900,25.300,1049.0000,24.869594
37.900,25.300,1050.0000,14.933492
37.900,25.300,1051.0000,12.219014
37.900,25.300,1052.0000,21.498935
37.900,25.300,1053.0000,12.280212
37.900,25.300,1054.0000,14.523713
37.900,25.300,1055.0000,1.188690
37.900,25.300,1056.0000,3.020546
37.900,25.300,1057.0000,9.464717
37.900,25.300,1058.0000,2.989210
37.900,25.300,1059.0000,11.841114
37.900,25.300,1060.0000,19.903599
37.900,25.300,1061.0000,11.770207
37.900,25.300,1062.0000,10.059241
37.900,25.300,1063.0000,2.693841
37.900,25.300,1064.0000,1.853329
37.900,25.300,1065.0000,9.386289
37.900,25.300,1066.0000,15.468164
37.900,25.300,1067.0000,6.250645
37.900,25.300,1068.0000,5.159087
37.900,25.300,1069.0000,5.732126
37.900,25.300,1070.0000,2.419799
37.900,25.300,1071.0000,6.599181
37.900,25.300,1072.0000,11.861179
37.900,25.300,1073.0000,9.723360
37.900,25.300,1074.0000,4.361128
37.900,25.300,1075.0000,11.986559
37.900,25.300,1076.0000,6.827829
37.900,25.300,1077.0000,-1.154995
37.900,25.300,1078.0000,6.634978
37.900,25.300,1079.0000,9.864643
37.900,25.300,1080.0000,11.817675
37.900,25.300,1081.0000,14.296544
37.900,25.300,1082.0000,4.183000
37.900,25.300,1083.0000,7.852155
37.900,25.300,1084.0000,4.685521
37.900,25.300,1085.0000,4.427865
37.900,25.300,1086.0000,7.646815
37.900,25.300,1087.0000,13.433153
37.900,25.300,1088.0000,-5.331232
37.900,25.300,1089.0000,1.204157
37.900,25.300,1090.0000,9.973204
37.900,25.300,1091.0000,5.685174
37.900,25.300,1092.0000,-2.704628
37.900,25.300,1093.0000,-1.370857
37.900,25.300,1094.0000,-1.346026
37.900,25.300,1095.0000,6.919383
37.900,25.300,1096.0000,2.705093
37.900,25.300,1097.0000,3.674294
37.900,25.300,1098.0000,-3.286078
37.900,25.300,1099.0000,5.311552
37.900,25.300,1100.0000,16.233793
37.900,25.300,1101.0000,10.294079
37.900,25.300,1102.0000,1.289040
37.900,25.300,1103.0000,2.436260
37.900,25.300,1104.0000,-1.875900
37.900,25.300,1105.0000,4.491242
37.900,25.300,1106.0000,8.029526
37.900,25.300,1107.0000,8.050694
37.900,25.300,1108.0000,10.176224
37.900,25.300,1109.0000,-3.272181
37.900,25.300,1110.0000,4.671333
37.900,25.300,1111.0000,10.052797
37.900,25.300,1112.0000,-8.632445
37.900,25.300,1113.0000,-2.450127
37.900,25.300,1114.0000,2.761448
37.900,25.300,1115.0000,7.635224
37.900,25.300,1116.0000,11.403623
37.900,25.300,1117.0000,13.062450
37.900,25.300,1118.0000,9.967633
37.900,25.300,1119.0000,6.046933
37.900,25.300,1120.0000,-0.074280
37.900,25.300,1121.0000,4.158511
37.900,25.300,1122.0000,3.934084
37.900,25.300,1123.0000,12.021529
37.900,25.300,1124.0000,2.310199
37.900,25.300,1125.0000,6.449171
37.900,25.300,1126.0000,16.353720
37.900,25.300,1127.0000,3.045161
37.900,25.300,1128.0000,4.359025
37.900,25.300,1129.0000,-3.406065
37.900,25.300,1130.0000,5.591439
37.900,25.300,1131.0000,7.957973
37.900,25.300,1132.0000,-0.256066
37.900,25.300,1133.0000,11.349827
37.900,25.300,1134.0000,0.401903
37.900,25.300,1135.0000,11.091232
37.900,25.300,1136.0000,11.754910
37.900,25.300,1137.0000,11.093278
37.900,25.300,1138.0000,7.419103
37.900,25.300,1139.0000,17.766858
37.900,25.300,1140.0000,13.762071
37.900,25.300,1141.0000,12.690852
37.900,25.300,1142.0000,16.920242
37.900,25.300,1143.0000,15.168074
37.900,25.300,1144.0000,26.135614
37.900,25.300,1145.0000,31.378038
37.900,25.300,1146.0000,32.337597
37.900,25.300,1147.0000,35.580761
37.900,25.300,1148.0000,47.064693
37.900,25.300,1149.0000,49.477165
37.900,25.300,1150.0000,65.450758
37.900,25.300,1151.0000,64.328612
37.900,25.300,1152.0000,95.691812
37.900,25.300,1153.0000,113.321084
37.900,25.300,1154.0000,131.438075
37.900,25.300,1155.0000,137.026227
37.900,25.300,1156.0000,118.405864
37.900,25.300,1157.0000,106.760741
37.900,25.300,1158.0000,95.010778
37.900,25.300,1159.0000,81.323330
37.900,25.300,1160.0000,60.392916
37.900,25.300,1161.0000,64.970037
37.900,25.300,1162.0000,53.721086
37.900,25.300,1163.0000,46.310062
37.900,25.300,1164.0000,38.703827
37.900,25.300,1165.0000,27.003071
37.900,25.300,1166.0000,35.977064
37.900,25.300,1167.0000,24.308671
37.900,25.300,1168.0000,25.508208
37.900,25.300,1169.0000,32.883327
37.900,25.300,1170.0000,32.493746
37.900,25.300,1171.0000,18.687083
37.900,25.300,1172.0000,22.505497
37.900,25.300,1173.0000,21.416062
37.900,25.300,1174.0000,27.945401
37.900,25.300,1175.0000,34.028905
37.900,25.300,1176.0000,37.157676
37.900,25.300,1177.0000,38.516839
37.900,25.300,1178.0000,57.158030
37.900,25.300,1179.0000,67.550709
37.900,25.300,1180.0000,88.659669
37.900,25.300,1181.0000,107.298724
37.900,25.300,1182.0000,109.510699
37.900,25.300,1183.0000,110.809748
37.900,25.300,1184.0000,103.452564
37.900,25.300,1185.0000,98.129025
37.900,25.300,1186.0000,70.131909
37.900,25.300,1187.0000,65.824209
37.900,25.300,1188.0000,56.196801
37.900,25.300,1189.0000,38.580641
37.900,25.300,1190.0000,37.723379
37.900,25.300,1191.0000,23.826449
37.900,25.300,1192.0000,9.684343
37.900,25.300,1193.0000,18.231476
37.900,25.300,1194.0000,10.929350
37.900,25.300,1195.0000,12.038643
37.900,25.300,1196.0000,13.986587
37.900,25.300,1197.0000,21.018288
37.900,25.300,1198.0000,19.968867
37.900,25.300,1199.0000,6.611427
37.900,25.300,1200.0000,1.143994
37.900,25.300,1201.0000,7.634224
37.900,25.300,1202.0000,7.320480
37.900,25.300,1203.0000,7.622307
37.900,25.300,1204.0000,15.036901
37.900,25.300,1205.0000,1.888242
37.900,25.300,1206.0000,-2.888766
37.900,25.300,1207.0000,6.638415
37.900,25.300,1208.0000,2.856101
37.900,25.300,1209.0000,12.970533
37.900,25.300,1210.0000,-6.246491
37.900,25.300,1211.0000,-11.613900
37.900,25.300,1212.0000,12.090255
37.900,25.300,1213.0000,12.643523
37.900,25.300,1214.0000,5.998337
37.900,25.300,1215.0000,2.999728
37.900,25.300,1216.0000,4.246731
37.900,25.300,1217.0000,-0.173495
37.900,25.300,1218.0000,4.607577
37.900,25.300,1219.0000,-2.992748
37.900,25.300,1220.0000,4.942173
37.900,25.300,1221.0000,-6.123196
37.900,25.300,1222.0000,-1.847868
37.900,25.300,1223.0000,3.953125
37.900,25.300,1224.0000,8.000785
37.900,25.300,1225.0000,6.166313
37.900,25.300,1226.0000,10.831385
37.900,25.300,1227.0000,-2.338435
37.900,25.300,1228.0000,4.599867
37.900,25.300,1229.0000,-2.541680
37.900,25.300,1230.0000,-0.921022
37.900,25.300,1231.0000,1.351865
37.900,25.300,1232.0000,-4.008697
37.900,25.300,1233.0000,-0.938591
37.900,25.300,1234.0000,8.521368
37.900,25.300,1235.0000,2.537245
37.900,25.300,1236.0000,5.947089
37.900,25.300,1237.0000,-0.215509
37.900,25.300,1238.0000,0.219301
37.900,25.300,1239.0000,13.847775
37.900,25.300,1240.0000,-1.118906
37.900,25.300,1241.0000,3.925757
37.900,25.300,1242.0000,8.095181
37.900,25.300,1243.0000,0.293144
37.900,25.300,1244.0000,0.100776
37.900,25.300,1245.0000,-8.923901
37.900,25.300,1246.0000,10.030798
37.900,25.300,1247.0000,1.854117
37.900,25.300,1248.0000,6.879185
37.900,25.300,1249.0000,13.532479
37.900,25.300,1250.0000,0.679901
37.900,25.300,1251.0000,2.994476
37.900,25.300,1252.0000,6.541488
37.900,25.300,1253.0000,14.760249
37.900,25.300,1254.0000,0.292596
37.900,25.300,1255.0000,2.090628
37.900,25.300,1256.0000,-0.981162
37.900,25.300,1257.0000,-8.741839
37.900,25.300,1258.0000,7.145370
37.900,25.300,1259.0000,-4.779113
37.900,25.300,1260.0000,0.653577
37.900,25.300,1261.0000,11.708954
37.900,25.300,1262.0000,-5.232224
37.900,25.300,1263.0000,8.250859
37.900,25.300,1264.0000,1.132598
37.900,25.300,1265.0000,0.643041
37.900,25.300,1266.0000,2.248053
37.900,25.300,1267.0000,1.594779
37.900,25.300,1268.0000,3.090910
37.900,25.300,1269.0000,6.810018
37.900,25.300,1270.0000,-2.476604
37.900,25.300,1271.0000,1.396439
37.900,25.300,1272.0000,-2.821733
37.900,25.300,1273.0000,4.991706
37.900,25.300,1274.0000,4.638389
37.900,25.300,1275.0000,8.376065
37.900,25.300,1276.0000,0.199872
37.900,25.300,1277.0000,-2.594154
37.900,25.300,1278.0000,-3.881193
37.900,25.300,1279.0000,1.660393
37.900,25.300,1280.0000,8.886115
37.900,25.300,1281.0000,1.816817
37.900,25.300,1282.0000,5.147852
37.900,25.300,1283.0000,-1.068852
37.900,25.300,1284.0000,9.006632
37.900,25.300,1285.0000,9.416929
37.900,25.300,1286.0000,-0.535690
37.900,25.300,1287.0000,4.000768
37.900,25.300,1288.0000,5.734938
37.900,25.300,1289.0000,-5.478083
37.900,25.300,1290.0000,-11.917578
37.900,25.300,1291.0000,-2.072665
37.900,25.300,1292.0000,2.874646
37.900,25.300,1293.0000,7.032081
37.900,25.300,1294.0000,9.157040
37.900,25.300,1295.0000,-4.696983
37.900,25.300,1296.0000,-3.821273
37.900,25.300,1297.0000,22.279723
37.900,25.300,1298.0000,0.657869
37.900,25.300,1299.0000,4.083694
37.900,25.300,1300.0000,6.597210
37.900,25.300,1301.0000,14.191581
37.900,25.300,1302.0000,-6.319048
37.900,25.300,1303.0000,5.590359
37.900,25.300,1304.0000,2.468253
37.900,25.300,1305.0000,5.443946
37.900,25.300,1306.0000,-3.746390
37.900,25.300,1307.0000,-6.444118
37.900,25.300,1308.0000,-1.659578
37.900,25.300,1309.0000,4.240706
37.900,25.300,1310.0000,-5.730006
37.900,25.300,1311.0000,0.713855
37.900,25.300,1312.0000,-2.380902
37.900,25.300,1313.0000,-2.465438
37.900,25.300,1314.0000,4.937815
37.900,25.300,1315.0000,2.765303
37.900,25.300,1316.0000,6.159580
37.900,25.300,1317.0000,-0.076900
37.900,25.300,1318.0000,3.298195
37.900,25.300,1319.0000,-0.366611
37.900,25.300,1320.0000,7.650336
37.900,25.300,1321.0000,8.937335
37.900,25.300,1322.0000,-1.629238
37.900,25.300,1323.0000,5.035846
37.900,25.300,1324.0000,7.056169
37.900,25.300,1325.0000,-6.396639
37.900,25.300,1326.0000,5.780723
37.900,25.300,1327.0000,8.284828
37.900,25.300,1328.0000,-1.878868
37.900,25.300,1329.0000,-4.067298
37.900,25.300,1330.0000,-3.088618
37.900,25.300,1331.0000,-10.023772
37.900,25.300,1332.0000,4.231443
37.900,25.300,1333.0000,2.633089
37.900,25.300,1334.0000,6.563527
37.900,25.300,1335.0000,-9.184509
37.900,25.300,1336.0000,5.967831
37.900,25.300,1337.0000,-1.667127
37.900,25.300,1338.0000,1.232710
37.900,25.300,1339.0000,9.242899
37.900,25.300,1340.0000,10.828716
37.900,25.300,1341.0000,-4.270002
37.900,25.300,1342.0000,10.514447
37.900,25.300,1343.0000,16.745773
37.900,25.300,1344.0000,10.474783
37.900,25.300,1345.0000,-7.068253
37.900,25.300,1346.0000,-0.314800
37.900,25.300,1347.0000,-2.545491
37.900,25.300,1348.0000,-6.035091
37.900,25.300,1349.0000,-3.595900
37.900,25.300,1350.0000,5.479711
37.900,25.300,1351.0000,3.843640
37.900,25.300,1352.0000,-1.586062
37.900,25.300,1353.0000,-1.769246
37.900,25.300,1354.0000,-11.714377
37.900,25.300,1355.0000,-13.092626
37.900,25.300,1356.0000,1.649434
37.900,25.300,1357.0000,-3.310105
37.900,25.300,1358.0000,7.341798
37.900,25.300,1359.0000,-2.390168
37.900,25.300,1360.0000,-2.691438
37.900,25.300,1361.0000,2.970441
37.900,25.300,1362.0000,3.709986
37.900,25.300,1363.0000,-0.307162
37.900,25.300,1364.0000,-0.760335
37.900,25.300,1365.0000,4.999520
37.900,25.300,1366.0000,1.928653
37.900,25.300,1367.0000,-0.505614
37.900,25.300,1368.0000,9.435498
37.900,25.300,1369.0000,4.410696
37.900,25.300,1370.0000,0.340454
37.900,25.300,1371.0000,-3.255177
37.900,25.300,1372.0000,-0.468332
37.900,25.300,1373.0000,4.047778
37.900,25.300,1374.0000,-3.307752
37.900,25.300,1375.0000,3.638691
37.900,25.300,1376.0000,-5.049164
37.900,25.300,1377.0000,12.722399
37.900,25.300,1378.0000,1.844707
37.900,25.300,1379.0000,-1.530583
37.900,25.300,1380.0000,4.079557
37.900,25.300,1381.0000,3.893992
37.900,25.300,1382.0000,-4.345313
37.900,25.300,1383.0000,3.890119
37.900,25.300,1384.0000,-1.678257
37.900,25.300,1385.0000,1.033815
37.900,25.300,1386.0000,-6.656779
37.900,25.300,1387.0000,3.935480
37.900,25.300,1388.0000,6.951764
37.900,25.300,1389.0000,-8.841413
37.900,25.300,1390.0000,4.003288
37.900,25.300,1391.0000,-6.852914
37.900,25.300,1392.0000,-1.802507
37.900,25.300,1393.0000,4.847921
37.900,25.300,1394.0000,4.503733
37.900,25.300,1395.0000,-0.986540
37.900,25.300,1396.0000,7.165385
37.900,25.300,1397.0000,2.782379
37.900,25.300,1398.0000,6.643798
37.900,25.300,1399.0000,13.987899
37.900,25.300,1400.0000,-3.638475
37.900,25.300,1401.0000,13.946798
37.900,25.300,1402.0000,-2.789190
37.900,25.300,1403.0000,3.832231
37.900,25.300,1404.0000,1.720381
37.900,25.300,1405.0000,-2.875682
37.900,25.300,1406.0000,2.891497
37.900,25.300,1407.0000,-6.752596
37.900,25.300,1408.0000,7.877426
37.900,25.300,1409.0000,-0.560822
37.900,25.300,1410.0000,15.708894
37.900,25.300,1411.0000,4.083595
37.900,25.300,1412.0000,8.849215
37.900,25.300,1413.0000,4.466493
37.900,25.300,1414.0000,7.608740
37.900,25.300,1415.0000,-1.087676
37.900,25.300,1416.0000,15.354575
37.900,25.300,1417.0000,10.284591
37.900,25.300,1418.0000,16.708436
37.900,25.300,1419.0000,18.775811
37.900,25.300,1420.0000,12.704375
37.900,25.300,1421.0000,9.168070
37.900,25.300,1422.0000,15.126118
37.900,25.300,1423.0000,19.470263
37.900,25.300,1424.0000,15.798726
37.900,25.300,1425.0000,13.594088
37.900,25.300,1426.0000,21.113090
37.900,25.300,1427.0000,19.165360
37.900,25.300,1428.0000,14.074604
37.900,25.300,1429.0000,22.703707
37.900,25.300,1430.0000,20.121727
37.900,25.300,1431.0000,18.960031
37.900,25.300,1432.0000,24.013919
37.900,25.300,1433.0000,35.403622
37.900,25.300,1434.0000,32.157745
37.900,25.300,1435.0000,42.925356
37.900,25.300,1436.0000,31.806577
37.900,25.300,1437.0000,29.535324
37.900,25.300,1438.0000,49.051064
37.900,25.300,1439.0000,59.340721
37.900,25.300,1440.0000,70.528533
37.900,25.300,1441.0000,78.453112
37.900,25.300,1442.0000,88.626968
37.900,25.300,1443.0000,101.197105
37.900,25.300,1444.0000,117.997078
37.900,25.300,1445.0000,141.075390
37.900,25.300,1446.0000,143.063118
37.900,25.300,1447.0000,171.768520
37.900,25.300,1448.0000,182.451305
37.900,25.300,1449.0000,195.161501
37.900,25.300,1450.0000,189.191787
37.900,25.300,1451.0000,188.608958
37.900,25.300,1452.0000,187.435974
37.900,25.300,1453.0000,168.823658
37.900,25.300,1454.0000,153.061475
37.900,25.300,1455.0000,136.811415
37.900,25.300,1456.0000,121.156173
37.900,25.300,1457.0000,93.276045
37.900,25.300,1458.0000,86.610628
37.900,25.300,1459.0000,75.932140
37.900,25.300,1460.0000,69.429839
37.900,25.300,1461.0000,43.324689
37.900,25.300,1462.0000,46.881532
37.900,25.300,1463.0000,43.584503
37.900,25.300,1464.0000,45.501082
37.900,25.300,1465.0000,30.691909
37.900,25.300,1466.0000,40.981112
37.900,25.300,1467.0000,24.055979
37.900,25.300,1468.0000,16.285259
37.900,25.300,1469.0000,19.479668
37.900,25.300,1470.0000,25.121940
37.900,25.300,1471.0000,25.722217
37.900,25.300,1472.0000,14.386855
37.900,25.300,1473.0000,26.180213
37.900,25.300,1474.0000,16.926303
37.900,25.300,1475.0000,14.313798
37.900,25.300,1476.0000,10.627275
37.900,25.300,1477.0000,5.271072
37.900,25.300,1478.0000,7.734698
37.900,25.300,1479.0000,5.215837
37.900,25.300,1480.0000,11.600575
37.900,25.300,1481.0000,16.136834
37.900,25.300,1482.0000,1.386444
37.900,25.300,1483.0000,3.668165
37.900,25.300,1484.0000,16.470361
37.900,25.300,1485.0000,7.954742
37.900,25.300,1486.0000,4.123701
37.900,25.300,1487.0000,4.952018
37.900,25.300,1488.0000,5.204374
37.900,25.300,1489.0000,8.397771
37.900,25.300,1490.0000,13.553162
37.900,25.300,1491.0000,2.365402
37.900,25.300,1492.0000,8.760620
37.900,25.300,1493.0000,1.753299
37.900,25.300,1494.0000,2.754167
37.900,25.300,1495.0000,16.005275
37.900,25.300,1496.0000,10.711681
37.900,25.300,1497.0000,9.584562
37.900,25.300,1498.0000,2.873877
37.900,25.300,1499.0000,12.693883
37.900,25.300,1500.0000,9.075209
37.900,25.300,1501.0000,-7.112470
37.900,25.300,1502.0000,5.941645
37.900,25.300,1503.0000,2.138259
37.900,25.300,1504.0000,0.665084
37.900,25.300,1505.0000,4.039799
37.900,25.300,1506.0000,-3.153959
37.900,25.300,1507.0000,5.738588
37.900,25.300,1508.0000,1.665326
37.900,25.300,1509.0000,4.065655
37.900,25.300,1510.0000,11.149254
37.900,25.300,1511.0000,9.153969
37.900,25.300,1512.0000,7.041536
37.900,25.300,1513.0000,9.548016
37.900,25.300,1514.0000,6.989366
37.900,25.300,1515.0000,3.069722
37.900,25.300,1516.0000,8.209781
37.900,25.300,1517.0000,5.838691
37.900,25.300,1518.0000,1.908658
37.900,25.300,1519.0000,3.451561
37.900,25.300,1520.0000,-1.354646
37.900,25.300,1521.0000,3.321037
37.900,25.300,1522.0000,18.158077
37.900,25.300,1523.0000,21.195015
37.900,25.300,1524.0000,3.304308
37.900,25.300,1525.0000,4.892377
37.900,25.300,1526.0000,-3.624323
37.900,25.300,1527.0000,6.623441
37.900,25.300,1528.0000,5.679279
37.900,25.300,1529.0000,13.426936
37.900,25.300,1530.0000,2.333295
37.900,25.300,1531.0000,5.611506
37.900,25.300,1532.0000,-4.321892
37.900,25.300,1533.0000,7.737888
37.900,25.300,1534.0000,12.085003
37.900,25.300,1535.0000,5.705225
37.900,25.300,1536.0000,-5.102666
37.900,25.300,1537.0000,11.144574
37.900,25.300,1538.0000,8.028076
37.900,25.300,1539.0000,5.907754
37.900,25.300,1540.0000,7.836797
37.900,25.300,1541.0000,2.125607
37.900,25.300,1542.0000,8.672766
37.900,25.300,1543.0000,9.091363
37.900,25.300,1544.0000,17.138274
37.900,25.300,1545.0000,-6.488516
37.900,25.300,1546.0000,-3.462874
37.900,25.300,1547.0000,-6.726564
37.900,25.300,1548.0000,14.874021
37.900,25.300,1549.0000,13.547899
37.900,25.300,1550.0000,9.261394
37.900,25.300,1551.0000,14.581447
37.900,25.300,1552.0000,-2.743629
37.900,25.300,1553.0000,8.609954
37.900,25.300,1554.0000,5.549917
37.900,25.300,1555.0000,17.310674
37.900,25.300,1556.0000,9.392777
37.900,25.300,1557.0000,9.261746
37.900,25.300,1558.0000,25.138123
37.900,25.300,1559.0000,10.994924
37.900,25.300,1560.0000,21.211254
37.900,25.300,1561.0000,10.341586
37.900,25.300,1562.0000,17.513964
37.900,25.300,1563.0000,20.149378
37.900,25.300,1564.0000,24.009103
37.900,25.300,1565.0000,18.910973
37.900,25.300,1566.0000,25.107878
37.900,25.300,1567.0000,21.889347
37.900,25.300,1568.0000,26.905621
37.900,25.300,1569.0000,27.007885
37.900,25.300,1570.0000,27.186949
37.900,25.300,1571.0000,31.214182
37.900,25.300,1572.0000,42.173634
37.900,25.300,1573.0000,44.604699
37.900,25.300,1574.0000,56.157511
37.900,25.300,1575.0000,58.876952
37.900,25.300,1576.0000,63.611087
37.900,25.300,1577.0000,96.657107
37.900,25.300,1578.0000,106.877275
37.900,25.300,1579.0000,123.201664
37.900,25.300,1580.0000,153.281840
37.900,25.300,1581.0000,166.565382
37.900,25.300,1582.0000,191.357335
37.900,25.300,1583.0000,208.030650
37.900,25.300,1584.0000,201.738676
37.900,25.300,1585.0000,185.127890
37.900,25.300,1586.0000,154.914199
37.900,25.300,1587.0000,148.132489
37.900,25.300,1588.0000,144.235640
37.900,25.300,1589.0000,117.271298
37.900,25.300,1590.0000,111.997308
37.900,25.300,1591.0000,121.656612
37.900,25.300,1592.0000,121.560746
37.900,25.300,1593.0000,140.787099
37.900,25.300,1594.0000,146.655720
37.900,25.300,1595.0000,165.625090
37.900,25.300,1596.0000,199.743632
37.900,25.300,1597.0000,241.030180
37.900,25.300,1598.0000,298.673898
37.900,25.300,1599.0000,368.867547
37.900,25.300,1600.0000,462.621754
37.900,25.300,1601.0000,529.542735
37.900,25.300,1602.0000,560.452105
37.900,25.300,1603.0000,530.025521
37.900,25.300,1604.0000,444.474109
37.900,25.300,1605.0000,362.438962
37.900,25.300,1606.0000,278.801987
37.900,25.300,1607.0000,223.206396
37.900,25.300,1608.0000,178.802133
37.900,25.300,1609.0000,150.773281
37.900,25.300,1610.0000,111.617668
37.900,25.300,1611.0000,107.867124
37.900,25.300,1612.0000,79.764537
37.900,25.300,1613.0000,70.941960
37.900,25.300,1614.0000,55.693274
37.900,25.300,1615.0000,52.528904
37.900,25.300,1616.0000,47.052376
37.900,25.300,1617.0000,47.932503
37.900,25.300,1618.0000,32.541895
37.900,25.300,1619.0000,42.063832
37.900,25.300,1620.0000,29.875994
37.900,25.300,1621.0000,30.618419
37.900,25.300,1622.0000,27.349497
37.900,25.300,1623.0000,2.995472
37.900,25.300,1624.0000,13.328461
37.900,25.300,1625.0000,20.005782
37.900,25.300,1626.0000,19.195096
37.900,25.300,1627.0000,8.491869
37.900,25.300,1628.0000,17.021517
37.900,25.300,1629.0000,10.255053
37.900,25.300,1630.0000,5.054717
37.900,25.300,1631.0000,14.512942
37.900,25.300,1632.0000,14.312700
37.900,25.300,1633.0000,12.656318
37.900,25.300,1634.0000,-1.622555
37.900,25.300,1635.0000,12.552004
37.900,25.300,1636.0000,7.341043
37.900,25.300,1637.0000,5.187428
37.900,25.300,1638.0000,6.046020
37.900,25.300,1639.0000,15.298480
37.900,25.300,1640.0000,11.273477
37.900,25.300,1641.0000,10.047637
37.900,25.300,1642.0000,6.641552
37.900,25.300,1643.0000,2.486986
37.900,25.300,1644.0000,4.428516
37.900,25.300,1645.0000,-1.618339
37.900,25.300,1646.0000,-2.500848
37.900,25.300,1647.0000,7.578341
37.900,25.300,1648.0000,11.944472
37.900,25.300,1649.0000,1.857521
37.900,25.300,1650.0000,-6.458205
37.900,25.300,1651.0000,0.163109
37.900,25.300,1652.0000,0.279966
37.900,25.300,1653.0000,4.205957
37.900,25.300,1654.0000,12.095703
37.900,25.300,1655.0000,-3.196879
37.900,25.300,1656.0000,0.067933
37.900,25.300,1657.0000,-4.498136
37.900,25.300,1658.0000,3.488574
37.900,25.300,1659.0000,2.506875
37.900,25.300,1660.0000,3.765558
37.900,25.300,1661.0000,1.377718
37.900,25.300,1662.0000,9.513986
37.900,25.300,1663.0000,2.866563
37.900,25.300,1664.0000,1.656435
37.900,25.300,1665.0000,12.892900
37.900,25.300,1666.0000,-4.318113
37.900,25.300,1667.0000,3.084124
37.900,25.300,1668.0000,-6.436063
37.900,25.300,1669.0000,4.847436
37.900,25.300,1670.0000,8.851279
37.900,25.300,1671.0000,8.065304
37.900,25.300,1672.0000,0.930020
37.900,25.300,1673.0000,11.437381
37.900,25.300,1674.0000,2.565581
37.900,25.300,1675.0000,-11.596864
37.900,25.300,1676.0000,11.720703
37.900,25.300,1677.0000,-0.863644
37.900,25.300,1678.0000,1.399610
37.900,25.300,1679.0000,8.691642
37.900,25.300,1680.0000,2.715439
37.900,25.300,1681.0000,2.703277
37.900,25.300,1682.0000,-4.050678
37.900,25.300,1683.0000,0.055291
37.900,25.300,1684.0000,-14.264954
37.900,25.300,1685.0000,1.461131
37.900,25.300,1686.0000,-3.722620
37.900,25.300,1687.0000,-2.450556
37.900,25.300,1688.0000,0.610763
37.900,25.300,1689.0000,1.113963
37.900,25.300,1690.0000,12.723094
37.900,25.300,1691.0000,4.107354
37.900,25.300,1692.0000,7.326504
37.900,25.300,1693.0000,8.085086
37.900,25.300,1694.0000,1.565440
37.900,25.300,1695.0000,1.384516
37.900,25.300,1696.0000,1.302358
37.900,25.300,1697.0000,-3.624864
37.900,25.300,1698.0000,2.958799
37.900,25.300,1699.0000,-3.545637
37.900,25.300,1700.0000,-7.735314
37.900,25.300,1701.0000,0.790463
37.900,25.300,1702.0000,-5.205974
37.900,25.300,1703.0000,0.504805
37.900,25.300,1704.0000,7.607950
37.900,25.300,1705.0000,4.211886
37.900,25.300,1706.0000,2.035861
37.900,25.300,1707.0000,4.240000
37.900,25.300,1708.0000,-9.234696
37.900,25.300,1709.0000,-1.495572
37.900,25.300,1710.0000,5.222815
37.900,25.300,1711.0000,16.673268
37.900,25.300,1712.0000,-2.412578
37.900,25.300,1713.0000,-4.371133
37.900,25.300,1714.0000,3.007912
37.900,25.300,1715.0000,13.699237
37.900,25.300,1716.0000,0.740730
37.900,25.300,1717.0000,0.083957
37.900,25.300,1718.0000,1.864643
37.900,25.300,1719.0000,4.680111
37.900,25.300,1720.0000,-2.976418
37.900,25.300,1721.0000,3.760164
37.900,25.300,1722.0000,6.999909
37.900,25.300,1723.0000,-4.041835
37.900,25.300,1724.0000,5.310290
37.900,25.300,1725.0000,-5.259223
37.900,25.300,1726.0000,10.883823
37.900,25.300,1727.0000,-2.635163
37.900,25.300,1728.0000,6.799411
37.900,25.300,1729.0000,-3.936639
37.900,25.300,1730.0000,4.357509
37.900,25.300,1731.0000,-4.598108
37.900,25.300,1732.0000,7.353083
37.900,25.300,1733.0000,1.075922
37.900,25.300,1734.0000,1.630810
37.900,25.300,1735.0000,2.013283
37.900,25.300,1736.0000,-7.238192
37.900,25.300,1737.0000,-6.502008
37.900,25.300,1738.0000,-14.436635
37.900,25.300,1739.0000,-5.166217
37.900,25.300,1740.0000,3.932361
37.900,25.300,1741.0000,-5.303113
37.900,25.300,1742.0000,-0.913440
37.900,25.300,1743.0000,-14.720860
37.900,25.300,1744.0000,6.886020
37.900,25.300,1745.0000,-2.157772
37.900,25.300,1746.0000,0.628558
37.900,25.300,1747.0000,-13.685215
37.900,25.300,1748.0000,3.392851
37.900,25.300,1749.0000,-7.011499
37.900,25.300,1750.0000,4.743681
37.900,25.300,1751.0000,1.924387
37.900,25.300,1752.0000,-0.086187
37.900,25.300,1753.0000,4.194329
37.900,25.300,1754.0000,0.580603
37.900,25.300,1755.0000,1.937541
37.900,25.300,1756.0000,-5.424895
37.900,25.300,1757.0000,5.903270
37.900,25.300,1758.0000,1.770284
37.900,25.300,1759.0000,-5.098524
37.900,25.300,1760.0000,-12.823328
37.900,25.300,1761.0000,-5.006153
37.900,25.300,1762.0000,1.192404
37.900,25.300,1763.0000,8.063022
37.900,25.300,1764.0000,12.629148
37.900,25.300,1765.0000,0.419705
37.900,25.300,1766.0000,7.045788
37.900,25.300,1767.0000,3.927232
37.900,25.300,1768.0000,-1.867646
37.900,25.300,1769.0000,1.179627
37.900,25.300,1770.0000,15.954530
37.900,25.300,1771.0000,9.713110
37.900,25.300,1772.0000,-7.770741
37.900,25.300,1773.0000,3.769681
37.900,25.300,1774.0000,4.918566
37.900,25.300,1775.0000,-1.583248
37.900,25.300,1776.0000,-1.246373
37.900,25.300,1777.0000,-0.621833
37.900,25.300,1778.0000,0.902973
37.900,25.300,1779.0000,-0.000294
37.900,25.300,1780.0000,0.138063
37.900,25.300,1781.0000,-2.734358
37.900,25.300,1782.0000,11.345088
37.900,25.300,1783.0000,1.074769
37.900,25.300,1784.0000,0.941468
37.900,25.300,1785.0000,-2.707094
37.900,25.300,1786.0000,-2.742008
37.900,25.300,1787.0000,5.692853
37.900,25.300,1788.0000,0.208506
37.900,25.300,1789.0000,3.063082
37.900,25.300,1790.0000,-0.657990
37.900,25.300,1791.0000,10.470053
37.900,25.300,1792.0000,5.393786
37.900,25.300,1793.0000,5.660950
37.900,25.300,1794.0000,13.964387
37.900,25.300,1795.0000,4.329560
37.900,25.300,1796.0000,-3.519103
37.900,25.300,1797.0000,3.955213
37.900,25.300,1798.0000,-2.015524
37.900,25.300,1799.0000,-10.676509
37.900,25.300,1800.0000,2.093426
37.900,25.300,1801.0000,-5.492974
37.900,25.300,1802.0000,9.144732
37.900,25.300,1803.0000,0.370633
37.900,25.300,1804.0000,-1.380635
37.900,25.300,1805.0000,-9.162282
37.900,25.300,1806.0000,1.321168
37.900,25.300,1807.0000,-5.111238
37.900,25.300,1808.0000,-3.943260
37.900,25.300,1809.0000,10.856732
37.900,25.300,1810.0000,11.364238
37.900,25.300,1811.0000,7.320706
37.900,25.300,1812.0000,-14.047968
37.900,25.300,1813.0000,4.433081
37.900,25.300,1814.0000,0.208273
37.900,25.300,1815.0000,-4.152557
37.900,25.300,1816.0000,3.024974
37.900,25.300,1817.0000,0.232874
37.900,25.300,1818.0000,2.286323
37.900,25.300,1819.0000,-2.426102
37.900,25.300,1820.0000,-5.619622
37.900,25.300,1821.0000,1.114770
37.900,25.300,1822.0000,0.237675
37.900,25.300,1823.0000,-3.322336
37.900,25.300,1824.0000,7.174887
37.900,25.300,1825.0000,-4.076842
37.900,25.300,1826.0000,-3.571445
37.900,25.300,1827.0000,-1.355437
37.900,25.300,1828.0000,0.741519
37.900,25.300,1829.0000,5.789108
37.900,25.300,1830.0000,-5.369195
37.900,25.300,1831.0000,8.930960
37.900,25.300,1832.0000,7.672694
37.900,25.300,1833.0000,3.884696
37.900,25.300,1834.0000,-0.793220
37.900,25.300,1835.0000,5.400584
37.900,25.300,1836.0000,-4.425252
37.900,25.300,1837.0000,-2.656269
37.900,25.300,1838.0000,-11.485008
37.900,25.300,1839.0000,-0.589312
37.900,25.300,1840.0000,-0.003541
37.900,25.300,1841.0000,-5.254214
37.900,25.300,1842.0000,-6.960000
37.900,25.300,1843.0000,1.232572
37.900,25.300,1844.0000,12.082499
37.900,25.300,1845.0000,-0.889678
37.900,25.300,1846.0000,-0.394880
37.900,25.300,1847.0000,2.029642
37.900,25.300,1848.0000,6.722662
37.900,25.300,1849.0000,3.005417
37.900,25.300,1850.0000,-1.183311
37.900,25.300,1851.0000,-6.762323
37.900,25.300,1852.0000,-5.906021
37.900,25.300,1853.0000,1.317977
37.900,25.300,1854.0000,-0.931566
37.900,25.300,1855.0000,13.801867
37.900,25.300,1856.0000,-5.032955
37.900,25.300,1857.0000,-8.388457
37.900,25.300,1858.0000,-1.933820
37.900,25.300,1859.0000,-1.559249
37.900,25.300,1860.0000,4.126050
37.900,25.300,1861.0000,-3.304415
37.900,25.300,1862.0000,-4.699944
37.900,25.300,1863.0000,2.008175
37.900,25.300,1864.0000,11.163954
37.900,25.300,1865.0000,0.371794
37.900,25.300,1866.0000,-7.601680
37.900,25.300,1867.0000,-5.425521
37.900,25.300,1868.0000,1.691124
37.900,25.300,1869.0000,-1.597817
37.900,25.300,1870.0000,8.475642
37.900,25.300,1871.0000,1.637223
37.900,25.300,1872.0000,3.409101
37.900,25.300,1873.0000,-1.486779
37.900,25.300,1874.0000,-5.938247
37.900,25.300,1875.0000,0.151370
37.900,25.300,1876.0000,-10.381932
37.900,25.300,1877.0000,4.179377
37.900,25.300,1878.0000,3.825844
37.900,25.300,1879.0000,7.247124
37.900,25.300,1880.0000,-5.196377
37.900,25.300,1881.0000,0.005225
37.900,25.300,1882.0000,-2.665019
37.900,25.300,1883.0000,3.604140
37.900,25.300,1884.0000,13.566616
37.900,25.300,1885.0000,-6.834748
37.900,25.300,1886.0000,-8.801402
37.900,25.300,1887.0000,3.415536
37.900,25.300,1888.0000,-5.077567
37.900,25.300,1889.0000,0.374996
37.900,25.300,1890.0000,0.518512
37.900,25.300,1891.0000,3.529483
37.900,25.300,1892.0000,0.468240
37.900,25.300,1893.0000,-1.877836
37.900,25.300,1894.0000,-3.813567
37.900,25.300,1895.0000,-6.393104
37.900,25.300,1896.0000,0.280909
37.900,25.300,1897.0000,6.231828
37.900,25.300,1898.0000,7.015182
37.900,25.300,1899.0000,4.303045
37.900,25.300,1900.0000,12.222877
37.900,25.300,1901.0000,4.915339
37.900,25.300,1902.0000,-3.708490
37.900,25.300,1903.0000,1.655364
37.900,25.300,1904.0000,-3.396989
37.900,25.300,1905.0000,0.995977
37.900,25.300,1906.0000,8.971031
37.900,25.300,1907.0000,-3.042735
37.900,25.300,1908.0000,6.275391
37.900,25.300,1909.0000,3.500983
37.900,25.300,1910.0000,2.955355
37.900,25.300,1911.0000,-3.926994
37.900,25.300,1912.0000,-0.693856
37.900,25.300,1913.0000,2.784190
37.900,25.300,1914.0000,-3.391933
37.900,25.300,1915.0000,-4.978680
37.900,25.300,1916.0000,2.331480
37.900,25.300,1917.0000,0.756373
37.900,25.300,1918.0000,1.110368
37.900,25.300,1919.0000,-3.888841
37.900,25.300,1920.0000,-10.045369
37.900,25.300,1921.0000,-0.563473
37.900,25.300,1922.0000,-2.885442
37.900,25.300,1923.0000,0.263154
37.900,25.300,1924.0000,-1.280306
37.900,25.300,1925.0000,5.268780
37.900,25.300,1926.0000,2.446903
37.900,25.300,1927.0000,13.362297
37.900,25.300,1928.0000,-9.266993
37.900,25.300,1929.0000,-7.340898
37.900,25.300,1930.0000,-7.877734
37.900,25.300,1931.0000,0.542777
37.900,25.300,1932.0000,1.868287
37.900,25.300,1933.0000,-4.847854
37.900,25.300,1934.0000,3.540905
37.900,25.300,1935.0000,0.442831
37.900,25.300,1936.0000,-7.048139
37.900,25.300,1937.0000,-8.903263
37.900,25.300,1938.0000,13.245822
37.900,25.300,1939.0000,-5.978620
37.900,25.300,1940.0000,-7.781706
37.900,25.300,1941.0000,-1.611510
37.900,25.300,1942.0000,-5.854662
37.900,25.300,1943.0000,-1.945742
37.900,25.300,1944.0000,-4.905428
37.900,25.300,1945.0000,-3.465952
37.900,25.300,1946.0000,9.307370
37.900,25.300,1947.0000,-9.758230
37.900,25.300,1948.0000,7.555231
37.900,25.300,1949.0000,-6.546613
37.900,25.300,1950.0000,6.756797
37.900,25.300,1951.0000,-6.141573
37.900,25.300,1952.0000,2.573755
37.900,25.300,1953.0000,-1.146302
37.900,25.300,1954.0000,7.371559
37.900,25.300,1955.0000,1.851761
37.900,25.300,1956.0000,-12.244764
37.900,25.300,1957.0000,-5.544574
37.900,25.300,1958.0000,-12.103345
37.900,25.300,1959.0000,-3.730643
37.900,25.300,1960.0000,7.636015
37.900,25.300,1961.0000,-3.953287
37.900,25.300,1962.0000,-9.471004
37.900,25.300,1963.0000,-1.639515
37.900,25.300,1964.0000,6.022228
37.900,25.300,1965.0000,-8.082035
37.900,25.300,1966.0000,-4.936935
37.900,25.300,1967.0000,1.169998
37.900,25.300,1968.0000,-11.259683
37.900,25.300,1969.0000,-1.452664
37.900,25.300,1970.0000,-4.967070
37.900,25.300,1971.0000,3.404424
37.900,25.300,1972.0000,-2.503559
37.900,25.300,1973.0000,-3.837415
37.900,25.300,1974.0000,-0.447517
37.900,25.300,1975.0000,10.796820
37.900,25.300,1976.0000,7.136696
37.900,25.300,1977.0000,6.594424
37.900,25.300,1978.0000,-3.113230
37.900,25.300,1979.0000,2.977705
37.900,25.300,1980.0000,-4.973517
37.900,25.300,1981.0000,-3.446298
37.900,25.300,1982.0000,-0.178034
37.900,25.300,1983.0000,2.720553
37.900,25.300,1984.0000,2.127709
37.900,25.300,1985.0000,2.626229
37.900,25.300,1986.0000,-6.935177
37.900,25.300,1987.0000,-2.978307
37.900,25.300,1988.0000,1.809948
37.900,25.300,1989.0000,9.322528
37.900,25.300,1990.0000,0.726588
37.900,25.300,1991.0000,11.201610
37.900,25.300,1992.0000,12.130984
37.900,25.300,1993.0000,4.175796
37.900,25.300,1994.0000,0.387410
37.900,25.300,1995.0000,-0.296025
37.900,25.300,1996.0000,-0.376810
37.900,25.300,1997.0000,-3.235650
37.900,25.300,1998.0000,-1.267464
37.900,25.300,1999.0000,-2.253841
37.900,25.300,2000.0000,1.232833
37.900,25.400,200.0000,9.176915
37.900,25.400,201.0000,2.000139
37.900,25.400,202.0000,-0.206108
37.900,25.400,203.0000,-2.733843
37.900,25.400,204.0000,2.314224
37.900,25.400,205.0000,5.160752
37.900,25.400,206.0000,1.668380
37.900,25.400,207.0000,-6.338450
37.900,25.400,208.0000,-1.455271
37.900,25.400,209.0000,6.782891
37.900,25.400,210.0000,-1.568138
37.900,25.400,211.0000,-5.958881
37.900,25.400,212.0000,-3.419672
37.900,25.400,213.0000,-0.811262
37.900,25.400,214.0000,7.429519
37.900,25.400,215.0000,-1.334499
37.900,25.400,216.0000,-5.828779
37.900,25.400,217.0000,-6.755065
37.900,25.400,218.0000,4.364407
37.900,25.400,219.0000,-0.558273
37.900,25.400,220.0000,-2.010261
37.900,25.400,221.0000,0.604319
37.900,25.400,222.0000,-4.114757
37.900,25.400,223.0000,-0.668554
37.900,25.400,224.0000,-7.443000
37.900,25.400,225.0000,-1.175892
37.900,25.400,226.0000,-3.913346
37.900,25.400,227.0000,9.566675
37.900,25.400,228.0000,0.354710
37.900,25.400,229.0000,9.783415
37.900,25.400,230.0000,-3.618606
37.900,25.400,231.0000,1.561645
37.900,25.400,232.0000,2.858236
37.900,25.400,233.0000,-3.199229
37.900,25.400,234.0000,-7.882387
37.900,25.400,235.0000,-8.563673
37.900,25.400,236.0000,-8.132905
37.900,25.400,237.0000,4.562603
37.900,25.400,238.0000,-11.927357
37.900,25.400,239.0000,-4.168662
37.900,25.400,240.0000,-4.467298
37.900,25.400,241.0000,1.929934
37.900,25.400,242.0000,2.670503
37.900,25.400,243.0000,0.549983
37.900,25.400,244.0000,-2.761383
37.900,25.400,245.0000,7.970421
37.900,25.400,246.0000,-0.017157
37.900,25.400,247.0000,-8.996726
37.900,25.400,248.0000,4.110670
37.900,25.400,249.0000,-4.826059
37.900,25.400,250.0000,1.849371
37.900,25.400,251.0000,5.533360
37.900,25.400,252.0000,2.184049
37.900,25.400,253.0000,-7.298993
37.900,25.400,254.0000,3.734734
37.900,25.400,255.0000,-6.955596
37.900,25.400,256.0000,4.649959
37.900,25.400,257.0000,4.088774
37.900,25.400,258.0000,5.551064
37.900,25.400,259.0000,-2.690193
37.900,25.400,260.0000,3.972113
37.900,25.400,261.0000,8.066478
37.900,25.400,262.0000,7.227383
37.900,25.400,263.0000,5.634742
37.900,25.400,264.0000,9.617152
37.900,25.400,265.0000,-11.155820
37.900,25.400,266.0000,-2.821540
37.900,25.400,267.0000,6.161005
37.900,25.400,268.0000,-1.232721
37.900,25.400,269.0000,-1.845511
37.900,25.400,270.0000,7.940675
37.900,25.400,271.0000,-4.232537
37.900,25.400,272.0000,1.277449
37.900,25.400,273.0000,-6.486678
37.900,25.400,274.0000,2.817813
37.900,25.400,275.0000,-3.906103
37.900,25.400,276.0000,-3.873549
37.900,25.400,277.0000,0.911680
37.900,25.400,278.0000,-3.214346
37.900,25.400,279.0000,-4.703809
37.900,25.400,280.0000,3.206264
37.900,25.400,281.0000,7.134189
37.900,25.400,282.0000,-2.273286
37.900,25.400,283.0000,11.613997
37.900,25.400,284.0000,4.954120
37.900,25.400,285.0000,-4.292488
37.900,25.400,286.0000,-1.861432
37.900,25.400,287.0000,-9.520451
37.900,25.400,288.0000,-3.268858
37.900,25.400,289.0000,-12.136795
37.900,25.400,290.0000,-4.854910
37.900,25.400,291.0000,1.529208
37.900,25.400,292.0000,-2.941831
37.900,25.400,293.0000,-9.310408
37.900,25.400,294.0000,-7.652357
37.900,25.400,295.0000,7.717932
37.900,25.400,296.0000,1.507300
37.900,25.400,297.0000,-2.053600
37.900,25.400,298.0000,0.261741
37.900,25.400,299.0000,0.119167
37.900,25.400,300.0000,-9.747662
37.900,25.400,301.0000,-7.923276
37.900,25.400,302.0000,0.098648
37.900,25.400,303.0000,-3.707281
37.900,25.400,304.0000,-4.639071
37.900,25.400,305.0000,8.535393
37.900,25.400,306.0000,-0.621508
37.900,25.400,307.0000,1.860481
37.900,25.400,308.0000,6.221723
37.900,25.400,309.0000,7.311832
37.900,25.400,310.0000,-0.226067
37.900,25.400,311.0000,9.733653
37.900,25.400,312.0000,-3.448012
37.900,25.400,313.0000,-13.353373
37.900,25.400,314.0000,5.757962
37.900,25.400,315.0000,-2.713447
37.900,25.400,316.0000,-1.651611
37.900,25.400,317.0000,0.700192
37.900,25.400,318.0000,0.263110
37.900,25.400,319.0000,7.093391
37.900,25.400,320.0000,-2.430583
37.900,25.400,321.0000,-7.400936
37.900,25.400,322.0000,0.345690
37.900,25.400,323.0000,-12.456160
37.900,25.400,324.0000,-1.965366
37.900,25.400,325.0000,-3.282653
37.900,25.400,326.0000,3.555134
37.900,25.400,327.0000,-4.063137
37.900,25.400,328.0000,0.407264
37.900,25.400,329.0000,-3.315278
37.900,25.400,330.0000,10.295383
37.900,25.400,331.0000,0.614424
37.900,25.400,332.0000,-2.477664
37.900,25.400,333.0000,4.188614
37.900,25.400,334.0000,16.771053
37.900,25.400,335.0000,-5.462385
37.900,25.400,336.0000,6.403210
37.900,25.400,337.0000,7.257507
37.900,25.400,338.0000,-4.863290
37.900,25.400,339.0000,4.842011
37.900,25.400,340.0000,-4.351123
37.900,25.400,341.0000,-2.787163
37.900,25.400,342.0000,-5.002556
37.900,25.400,343.0000,2.927460
37.900,25.400,344.0000,8.497236
37.900,25.400,345.0000,-1.156903
37.900,25.400,346.0000,-4.271707
37.900,25.400,347.0000,1.652039
37.900,25.400,348.0000,5.668086
37.900,25.400,349.0000,1.563979
37.900,25.400,350.0000,-2.508154
37.900,25.400,351.0000,6.032965
37.900,25.400,352.0000,-6.857961
37.900,25.400,353.0000,11.289416
37.900,25.400,354.0000,4.489043
37.900,25.400,355.0000,6.289792
37.900,25.400,356.0000,2.723337
37.900,25.400,357.0000,9.928945
37.900,25.400,358.0000,-5.056278
37.900,25.400,359.0000,5.318352
37.900,25.400,360.0000,-11.804779
37.900,25.400,361.0000,13.228473
37.900,25.400,362.0000,2.427754
37.900,25.400,363.0000,-3.111436
37.900,25.400,364.0000,2.222978
37.900,25.400,365.0000,-10.964307
37.900,25.400,366.0000,-6.044348
37.900,25.400,367.0000,-2.255812
37.900,25.400,368.0000,8.212793
37.900,25.400,369.0000,-4.644518
37.900,25.400,370.0000,1.279268
37.900,25.400,371.0000,-7.439284
37.900,25.400,372.0000,6.517769
37.900,25.400,373.0000,-3.052068
37.900,25.400,374.0000,0.771262
37.900,25.400,375.0000,13.502143
37.900,25.400,376.0000,-1.073079
37.900,25.400,377.0000,-5.125046
37.900,25.400,378.0000,-7.311746
37.900,25.400,379.0000,1.206894
37.900,25.400,380.0000,-1.110647
37.900,25.400,381.0000,-3.456517
37.900,25.400,382.0000,-5.560187
37.900,25.400,383.0000,1.678729
37.900,25.400,384.0000,2.941097
37.900,25.400,385.0000,-1.807657
37.900,25.400,386.0000,3.891661
37.900,25.400,387.0000,6.423820
37.900,25.400,388.0000,7.605518
37.900,25.400,389.0000,-4.585581
37.900,25.400,390.0000,6.020867
37.900,25.400,391.0000,-10.230814
37.900,25.400,392.0000,-13.393419
37.900,25.400,393.0000,3.479266
37.900,25.400,394.0000,7.625646
37.900,25.400,395.0000,-4.872550
37.900,25.400,396.0000,-0.403112
37.900,25.400,397.0000,-4.345334
37.900,25.400,398.0000,0.738173
37.900,25.400,399.0000,-6.435797
37.900,25.400,400.0000,-8.911322
37.900,25.400,401.0000,8.758339
37.900,25.400,402.0000,-10.838787
37.900,25.400,403.0000,-2.295343
37.900,25.400,404.0000,8.229983
37.900,25.400,405.0000,-6.496311
37.900,25.400,406.0000,4.962971
37.900,25.400,407.0000,5.160861
37.900,25.400,408.0000,8.964236
37.900,25.400,409.0000,-2.429289
37.900,25.400,410.0000,3.775945
37.900,25.400,411.0000,9.038805
37.900,25.400,412.0000,0.983910
37.900,25.400,413.0000,4.286247
37.900,25.400,414.0000,0.514049
37.900,25.400,415.0000,1.394593
37.900,25.400,416.0000,-9.144474
37.900,25.400,417.0000,0.417591
37.900,25.400,418.0000,-3.397324
37.900,25.400,419.0000,12.218436
37.900,25.400,420.0000,1.633819
37.900,25.400,421.0000,-10.910385
37.900,25.400,422.0000,5.758346
37.900,25.400,423.0000,-13.698701
37.900,25.400,424.0000,7.022582
37.900,25.400,425.0000,-4.480628
37.900,25.400,426.0000,5.629549
37.900,25.400,427.0000,-7.635123
37.900,25.400,428.0000,-8.258112
37.900,25.400,429.0000,9.251667
37.900,25.400,430.0000,-2.629626
37.900,25.400,431.0000,-6.598548
37.900,25.400,432.0000,1.467012
37.900,25.400,433.0000,-4.390136
37.900,25.400,434.0000,-3.533385
37.900,25.400,435.0000,-5.804157
37.900,25.400,436.0000,0.959491
37.900,25.400,437.0000,-0.417444
37.900,25.400,438.0000,-7.002855
37.900,25.400,439.0000,0.391399
37.900,25.400,440.0000,-8.481750
37.900,25.400,441.0000,-0.481879
37.900,25.400,442.0000,-7.110714
37.900,25.400,443.0000,-1.245043
37.900,25.400,444.0000,3.226323
37.900,25.400,445.0000,0.884864
37.900,25.400,446.0000,1.696052
37.900,25.400,447.0000,0.923217
37.900,25.400,448.0000,10.958641
37.900,25.400,449.0000,-10.343983
37.900,25.400,450.0000,-2.376143
37.900,25.400,451.0000,-0.728473
37.900,25.400,452.0000,9.020944
37.900,25.400,453.0000,-10.886764
37.900,25.400,454.0000,-2.058827
37.900,25.400,455.0000,-6.394918
37.900,25.400,456.0000,0.319286
37.900,25.400,457.0000,-3.230345
37.900,25.400,458.0000,6.803337
37.900,25.400,459.0000,-9.135422
37.900,25.400,460.0000,-5.032242
37.900,25.400,461.0000,-4.170510
37.900,25.400,462.0000,13.322372
37.900,25.400,463.0000,-1.383960
37.900,25.400,464.0000,8.050455
37.900,25.400,465.0000,6.770195
37.900,25.400,466.0000,8.775214
37.900,25.400,467.0000,4.740833
37.900,25.400,468.0000,-1.018225
37.900,25.400,469.0000,-5.515852
37.900,25.400,470.0000,5.730338
37.900,25.400,471.0000,-6.584914
37.900,25.400,472.0000,0.432170
37.900,25.400,473.0000,-8.017889
37.900,25.400,474.0000,3.603651
37.900,25.400,475.0000,7.055029
37.900,25.400,476.0000,4.880797
37.900,25.400,477.0000,5.146246
37.900,25.400,478.0000,0.527637
37.900,25.400,479.0000,-0.560747
37.900,25.400,480.0000,-3.918363
37.900,25.400,481.0000,-7.231630
37.900,25.400,482.0000,3.378209
37.900,25.400,483.0000,-3.430218
37.900,25.400,484.0000,0.954014
37.900,25.400,485.0000,6.466041
37.900,25.400,486.0000,1.321867
37.900,25.400,487.0000,11.599814
37.900,25.400,488.0000,1.973144
37.900,25.400,489.0000,5.776353
37.900,25.400,490.0000,-0.407332
37.900,25.400,491.0000,-1.790559
37.900,25.400,492.0000,3.283857
37.900,25.400,493.0000,1.712552
37.900,25.400,494.0000,4.975604
37.900,25.400,495.0000,9.739490
37.900,25.400,496.0000,2.893099
37.900,25.400,497.0000,-0.353260
37.900,25.400,498.0000,5.386115
37.900,25.400,499.0000,8.182112
37.900,25.400,500.0000,6.483224
37.900,25.400,501.0000,2.054616
37.900,25.400,502.0000,6.875317
37.900,25.400,503.0000,-4.654662
37.900,25.400,504.0000,-0.724209
37.900,25.400,505.0000,-2.967303
37.900,25.400,506.0000,0.271173
37.900,25.400,507.0000,-4.941210
37.900,25.400,508.0000,5.780552
37.900,25.400,509.0000,1.328692
37.900,25.400,510.0000,1.217841
37.900,25.400,511.0000,0.897559
37.900,25.400,512.0000,1.986101
37.900,25.400,513.0000,5.729575
37.900,25.400,514.0000,-5.083415
37.900,25.400,515.0000,-5.596882
37.900,25.400,516.0000,-2.652075
37.900,25.400,517.0000,5.495231
37.900,25.400,518.0000,3.451807
37.900,25.400,519.0000,5.551846
37.900,25.400,520.0000,12.318022
37.900,25.400,521.0000,-7.686682
37.900,25.400,522.0000,2.221419
37.900,25.400,523.0000,-3.376097
37.900,25.400,524.0000,3.178420
37.900,25.400,525.0000,-1.701507
37.900,25.400,526.0000,5.406435
37.900,25.400,527.0000,-3.477490
37.900,25.400,528.0000,-15.297349
37.900,25.400,529.0000,5.367041
37.900,25.400,530.0000,5.688558
37.900,25.400,531.0000,2.142115
37.900,25.400,532.0000,-4.166684
37.900,25.400,533.0000,8.074985
37.900,25.400,534.0000,-1.392260
37.900,25.400,535.0000,-0.465557
37.900,25.400,536.0000,2.632086
37.900,25.400,537.0000,-2.046855
37.900,25.400,538.0000,12.540855
37.900,25.400,539.0000,-1.907966
37.900,25.400,540.0000,7.836473
37.900,25.400,541.0000,-7.655756
37.900,25.400,542.0000,3.945450
37.900,25.400,543.0000,1.691753
37.900,25.400,544.0000,-8.891133
37.900,25.400,545.0000,-4.374757
37.900,25.400,546.0000,4.285211
37.900,25.400,547.0000,13.162882
37.900,25.400,548.0000,-9.939673
37.900,25.400,549.0000,-1.877792
37.900,25.400,550.0000,6.391275
37.900,25.400,551.0000,-0.905618
37.900,25.400,552.0000,-2.740585
37.900,25.400,553.0000,1.583770
37.900,25.400,554.0000,-6.803559
37.900,25.400,555.0000,-3.175879
37.900,25.400,556.0000,-8.589619
37.900,25.400,557.0000,1.263636
37.900,25.400,558.0000,7.909417
37.900,25.400,559.0000,-1.009845
37.900,25.400,560.0000,-11.106506
37.900,25.400,561.0000,4.953706
37.900,25.400,562.0000,2.977600
37.900,25.400,563.0000,1.269195
37.900,25.400,564.0000,2.370206
37.900,25.400,565.0000,5.066824
37.900,25.400,566.0000,7.323541
37.900,25.400,567.0000,13.897952
37.900,25.400,568.0000,-4.437718
37.900,25.400,569.0000,2.483178
37.900,25.400,570.0000,12.745864
37.900,25.400,571.0000,4.413450
37.900,25.400,572.0000,-2.463288
37.900,25.400,573.0000,0.597193
37.900,25.400,574.0000,5.069300
37.900,25.400,575.0000,9.653521
37.900,25.400,576.0000,-0.648725
37.900,25.400,577.0000,11.486412
37.900,25.400,578.0000,-9.318229
37.900,25.400,579.0000,14.653765
37.900,25.400,580.0000,-1.912017
37.900,25.400,581.0000,2.213478
37.900,25.400,582.0000,2.545394
37.900,25.400,583.0000,-2.741711
37.900,25.400,584.0000,3.796518
37.900,25.400,585.0000,-0.733299
37.900,25.400,586.0000,3.570089
37.900,25.400,587.0000,1.845241
37.900,25.400,588.0000,5.163884
37.900,25.400,589.0000,-3.612943
37.900,25.400,590.0000,-3.506430
37.900,25.400,591.0000,1.961633
37.900,25.400,592.0000,10.777416
37.900,25.400,593.0000,-1.514654
37.900,25.400,594.0000,8.900542
37.900,25.400,595.0000,-2.432459
37.900,25.400,596.0000,7.240693
37.900,25.400,597.0000,12.785871
37.900,25.400,598.0000,4.528334
37.900,25.400,599.0000,5.942424
37.900,25.400,600.0000,8.769875
37.900,25.400,601.0000,0.884940
37.900,25.400,602.0000,-0.357441
37.900,25.400,603.0000,11.016185
37.900,25.400,604.0000,9.811227
37.900,25.400,605.0000,13.111547
37.900,25.400,606.0000,10.940243
37.900,25.400,607.0000,27.479341
37.900,25.400,608.0000,16.751508
37.900,25.400,609.0000,20.981991
37.900,25.400,610.0000,34.159902
37.900,25.400,611.0000,30.751875
37.900,25.400,612.0000,22.528980
37.900,25.400,613.0000,34.854293
37.900,25.400,614.0000,52.407544
37.900,25.400,615.0000,72.350626
37.900,25.400,616.0000,98.433622
37.900,25.400,617.0000,108.239713
37.900,25.400,618.0000,124.712431
37.900,25.400,619.0000,159.583304
37.900,25.400,620.0000,156.208801
37.900,25.400,621.0000,145.700622
37.900,25.400,622.0000,133.465375
37.900,25.400,623.0000,106.904002
37.900,25.400,624.0000,76.459456
37.900,25.400,625.0000,62.789186
37.900,25.400,626.0000,59.378845
37.900,25.400,627.0000,43.762589
37.900,25.400,628.0000,28.459885
37.900,25.400,629.0000,30.818315
37.900,25.400,630.0000,20.061753
37.900,25.400,631.0000,16.295263
37.900,25.400,632.0000,12.447667
37.900,25.400,633.0000,14.714264
37.900,25.400,634.0000,22.052179
37.900,25.400,635.0000,13.148525
37.900,25.400,636.0000,9.494946
37.900,25.400,637.0000,9.011787
37.900,25.400,638.0000,13.525224
37.900,25.400,639.0000,18.218014
37.900,25.400,640.0000,0.585815
37.900,25.400,641.0000,2.114741
37.900,25.400,642.0000,12.517084
37.900,25.400,643.0000,9.551842
37.900,25.400,644.0000,5.747996
37.900,25.400,645.0000,9.490707
37.900,25.400,646.0000,1.788050
37.900,25.400,647.0000,10.724275
37.900,25.400,648.0000,17.671343
37.900,25.400,649.0000,4.365963
37.900,25.400,650.0000,20.629028
37.900,25.400,651.0000,-2.358090
37.900,25.400,652.0000,3.923676
37.900,25.400,653.0000,-1.688069
37.900,25.400,654.0000,5.949236
37.900,25.400,655.0000,2.665525
37.900,25.400,656.0000,-4.586271
37.900,25.400,657.0000,13.484909
37.900,25.400,658.0000,0.396878
37.900,25.400,659.0000,3.770874
37.900,25.400,660.0000,-3.803052
37.900,25.400,661.0000,0.434018
37.900,25.400,662.0000,-1.271698
37.900,25.400,663.0000,12.811697
37.900,25.400,664.0000,1.378145
37.900,25.400,665.0000,0.341949
37.900,25.400,666.0000,-8.291769
37.900,25.400,667.0000,-1.106202
37.900,25.400,668.0000,-6.474948
37.900,25.400,669.0000,5.718153
37.900,25.400,670.0000,-1.447554
37.900,25.400,671.0000,2.348548
37.900,25.400,672.0000,6.239785
37.900,25.400,673.0000,-6.978733
37.900,25.400,674.0000,3.735145
37.900,25.400,675.0000,4.127267
37.900,25.400,676.0000,3.035534
37.900,25.400,677.0000,-4.471889
37.900,25.400,678.0000,-1.703344
37.900,25.400,679.0000,-1.290589
37.900,25.400,680.0000,12.974885
37.900,25.400,681.0000,4.580721
37.900,25.400,682.0000,4.138252
37.900,25.400,683.0000,-1.524548
37.900,25.400,684.0000,0.944130
37.900,25.400,685.0000,-6.436109
37.900,25.400,686.0000,-2.475015
37.900,25.400,687.0000,-6.656865
37.900,25.400,688.0000,6.784229
37.900,25.400,689.0000,0.740110
37.900,25.400,690.0000,2.995012
37.900,25.400,691.0000,14.636486
37.900,25.400,692.0000,10.314955
37.900,25.400,693.0000,3.731075
37.900,25.400,694.0000,0.186007
37.900,25.400,695.0000,3.440968
37.900,25.400,696.0000,1.639136
37.900,25.400,697.0000,-2.470775
37.900,25.400,698.0000,14.307502
37.900,25.400,699.0000,-10.026055
37.900,25.400,700.0000,1.865111
37.900,25.400,701.0000,12.026181
37.900,25.400,702.0000,3.582778
37.900,25.400,703.0000,-14.961557
37.900,25.400,704.0000,-4.961866
37.900,25.400,705.0000,1.019004
37.900,25.400,706.0000,0.453386
37.900,25.400,707.0000,16.344320
37.900,25.400,708.0000,3.647590
37.900,25.400,709.0000,1.886218
37.900,25.400,710.0000,1.057269
37.900,25.400,711.0000,-1.560025
37.900,25.400,712.0000,6.359054
37.900,25.400,713.0000,5.983004
37.900,25.400,714.0000,1.612007
37.900,25.400,715.0000,0.856736
37.900,25.400,716.0000,3.430138
37.900,25.400,717.0000,-7.015686
37.900,25.400,718.0000,-9.807993
37.900,25.400,719.0000,4.850338
37.900,25.400,720.0000,-4.901760
37.900,25.400,721.0000,-10.079880
37.900,25.400,722.0000,-6.349481
37.900,25.400,723.0000,7.768944
37.900,25.400,724.0000,-1.073235
37.900,25.400,725.0000,12.634291
37.900,25.400,726.0000,3.436825
37.900,25.400,727.0000,-8.090739
37.900,25.400,728.0000,-6.280423
37.900,25.400,729.0000,-7.919993
37.900,25.400,730.0000,-8.104228
37.900,25.400,731.0000,-4.598293
37.900,25.400,732.0000,-5.246760
37.900,25.400,733.0000,-0.834136
37.900,25.400,734.0000,-0.754351
37.900,25.400,735.0000,-0.340975
37.900,25.400,736.0000,-2.381546
37.900,25.400,737.0000,0.080822
37.900,25.400,738.0000,7.935282
37.900,25.400,739.0000,-1.831027
37.900,25.400,740.0000,10.223123
37.900,25.400,741.0000,-3.019709
37.900,25.400,742.0000,2.579413
37.900,25.400,743.0000,6.009403
37.900,25.400,744.0000,-4.627026
37.900,25.400,745.0000,-0.905189
37.900,25.400,746.0000,-6.670400
37.900,25.400,747.0000,-0.616114
37.900,25.400,748.0000,9.469442
37.900,25.400,749.0000,9.856498
37.900,25.400,750.0000,-1.046346
37.900,25.400,751.0000,7.069577
37.900,25.400,752.0000,4.916789
37.900,25.400,753.0000,-3.140605
37.900,25.400,754.0000,-0.533035
37.900,25.400,755.0000,3.866370
37.900,25.400,756.0000,1.898812
37.900,25.400,757.0000,8.037434
37.900,25.400,758.0000,5.954457
37.900,25.400,759.0000,-0.819462
37.900,25.400,760.0000,1.976212
37.900,25.400,761.0000,8.924350
37.900,25.400,762.0000,-8.385121
37.900,25.400,763.0000,-0.998775
37.900,25.400,764.0000,2.899687
37.900,25.400,765.0000,-1.892738
37.900,25.400,766.0000,-4.465748
37.900,25.400,767.0000,8.133331
37.900,25.400,768.0000,8.934439
37.900,25.400,769.0000,10.076904
37.900,25.400,770.0000,4.469900
37.900,25.400,771.0000,9.186197
37.900,25.400,772.0000,7.148341
37.900,25.400,773.0000,4.772335
37.900,25.400,774.0000,2.833776
37.900,25.400,775.0000,1.735031
37.900,25.400,776.0000,2.751130
37.900,25.400,777.0000,8.325670
37.900,25.400,778.0000,7.934046
37.900,25.400,779.0000,6.418156
37.900,25.400,780.0000,9.021137
37.900,25.400,781.0000,26.277392
37.900,25.400,782.0000,15.034124
37.900,25.400,783.0000,23.878518
37.900,25.400,784.0000,19.629573
37.900,25.400,785.0000,22.480547
37.900,25.400,786.0000,16.494622
37.900,25.400,787.0000,39.760852
37.900,25.400,788.0000,35.629613
37.900,25.400,789.0000,50.647738
37.900,25.400,790.0000,54.124673
37.900,25.400,791.0000,72.025805
37.900,25.400,792.0000,66.617637
37.900,25.400,793.0000,77.578860
37.900,25.400,794.0000,89.792722
37.900,25.400,795.0000,81.834400
37.900,25.400,796.0000,83.548736
37.900,25.400,797.0000,90.990060
37.900,25.400,798.0000,73.561272
37.900,25.400,799.0000,60.722950
37.900,25.400,800.0000,59.218417
37.900,25.400,801.0000,41.442085
37.900,25.400,802.0000,36.339371
37.900,25.400,803.0000,26.071813
37.900,25.400,804.0000,31.713868
37.900,25.400,805.0000,24.744937
37.900,25.400,806.0000,29.493055
37.900,25.400,807.0000,12.355176
37.900,25.400,808.0000,2.112406
37.900,25.400,809.0000,0.796825
37.900,25.400,810.0000,15.745327
37.900,25.400,811.0000,18.802368
37.900,25.400,812.0000,12.576423
37.900,25.400,813.0000,3.461795
37.900,25.400,814.0000,11.212092
37.900,25.400,815.0000,9.313440
37.900,25.400,816.0000,5.411040
37.900,25.400,817.0000,2.323631
37.900,25.400,818.0000,13.802654
37.900,25.400,819.0000,8.604147
37.900,25.400,820.0000,6.928497
37.900,25.400,821.0000,1.701049
37.900,25.400,822.0000,11.268311
37.900,25.400,823.0000,11.605099
37.900,25.400,824.0000,0.407135
37.900,25.400,825.0000,-0.170761
37.900,25.400,826.0000,8.909309
37.900,25.400,827.0000,-3.069758
37.900,25.400,828.0000,-0.059985
37.900,25.400,829.0000,3.720079
37.900,25.400,830.0000,7.435528
37.900,25.400,831.0000,2.632548
37.900,25.400,832.0000,5.764640
37.900,25.400,833.0000,-0.377185
37.900,25.400,834.0000,9.187905
37.900,25.400,835.0000,3.946401
37.900,25.400,836.0000,4.205199
37.900,25.400,837.0000,-2.570304
37.900,25.400,838.0000,-2.874039
37.900,25.400,839.0000,5.687335
37.900,25.400,840.0000,1.435941
37.900,25.400,841.0000,4.524431
37.900,25.400,842.0000,-1.890905
37.900,25.400,843.0000,6.307632
37.900,25.400,844.0000,0.489774
37.900,25.400,845.0000,7.553102
37.900,25.400,846.0000,7.949249
37.900,25.400,847.0000,3.366357
37.900,25.400,848.0000,7.023108
37.900,25.400,849.0000,-3.997213
37.900,25.400,850.0000,7.429583
37.900,25.400,851.0000,5.756499
37.900,25.400,852.0000,9.827282
37.900,25.400,853.0000,-2.103335
37.900,25.400,854.0000,-1.764515
37.900,25.400,855.0000,-2.524871
37.900,25.400,856.0000,-4.846627
37.900,25.400,857.0000,7.588561
37.900,25.400,858.0000,5.954140
37.900,25.400,859.0000,-2.067114
37.900,25.400,860.0000,7.219372
37.900,25.400,861.0000,3.527459
37.900,25.400,862.0000,-0.564641
37.900,25.400,863.0000,-4.254127
37.900,25.400,864.0000,-10.698032
37.900,25.400,865.0000,3.307598
37.900,25.400,866.0000,7.940726
37.900,25.400,867.0000,-1.045671
37.900,25.400,868.0000,6.511240
37.900,25.400,869.0000,4.374896
37.900,25.400,870.0000,2.211038
37.900,25.400,871.0000,-2.668094
37.900,25.400,872.0000,-2.728009
37.900,25.400,873.0000,7.178674
37.900,25.400,874.0000,-1.880912
37.900,25.400,875.0000,2.661027
37.900,25.400,876.0000,-1.636225
37.900,25.400,877.0000,1.092047
37.900,25.400,878.0000,-13.950563
37.900,25.400,879.0000,-5.658766
37.900,25.400,880.0000,-6.409935
37.900,25.400,881.0000,-1.252817
37.900,25.400,882.0000,-4.970634
37.900,25.400,883.0000,-4.190199
37.900,25.400,884.0000,-1.289583
37.900,25.400,885.0000,-3.136064
37.900,25.400,886.0000,-5.003189
37.900,25.400,887.0000,9.682147
37.900,25.400,888.0000,-2.467140
37.900,25.400,889.0000,-1.642713
37.900,25.400,890.0000,8.337569
37.900,25.400,891.0000,7.140045
37.900,25.400,892.0000,4.475009
37.900,25.400,893.0000,5.209335
37.900,25.400,894.0000,-6.772813
37.900,25.400,895.0000,12.076298
37.900,25.400,896.0000,6.965847
37.900,25.400,897.0000,12.565002
37.900,25.400,898.0000,16.201768
37.900,25.400,899.0000,5.463770
37.900,25.400,900.0000,3.873497
37.900,25.400,901.0000,4.137131
37.900,25.400,902.0000,-2.596209
37.900,25.400,903.0000,-0.296961
37.900,25.400,904.0000,-2.332447
37.900,25.400,905.0000,2.420590
37.900,25.400,906.0000,-4.969335
37.900,25.400,907.0000,1.807471
37.900,25.400,908.0000,2.010537
37.900,25.400,909.0000,-8.370617
37.900,25.400,910.0000,4.446147
37.900,25.400,911.0000,-4.491684
37.900,25.400,912.0000,1.188345
37.900,25.400,913.0000,-6.257725
37.900,25.400,914.0000,8.459741
37.900,25.400,915.0000,1.952241
37.900,25.400,916.0000,-3.450338
37.900,25.400,917.0000,-3.659045
37.900,25.400,918.0000,2.140926
37.900,25.400,919.0000,9.557511
37.900,25.400,920.0000,-9.285403
37.900,25.400,921.0000,3.400920
37.900,25.400,922.0000,11.196614
37.900,25.400,923.0000,9.990952
37.900,25.400,924.0000,8.285794
37.900,25.400,925.0000,7.051746
37.900,25.400,926.0000,10.797925
37.900,25.400,927.0000,2.854282
37.900,25.400,928.0000,2.666191
37.900,25.400,929.0000,4.793332
37.900,25.400,930.0000,8.527984
37.900,25.400,931.0000,6.634648
37.900,25.400,932.0000,1.716856
37.900,25.400,933.0000,-0.991554
37.900,25.400,934.0000,3.059052
37.900,25.400,935.0000,6.189526
37.900,25.400,936.0000,12.346508
37.900,25.400,937.0000,4.439163
37.900,25.400,938.0000,3.813170
37.900,25.400,939.0000,13.058913
37.900,25.400,940.0000,3.487619
37.900,25.400,941.0000,2.696903
37.900,25.400,942.0000,14.278935
37.900,25.400,943.0000,3.115077
37.900,25.400,944.0000,3.642747
37.900,25.400,945.0000,13.511573
37.900,25.400,946.0000,4.340894
37.900,25.400,947.0000,10.714973
37.900,25.400,948.0000,-0.207468
37.900,25.400,949.0000,16.774970
37.900,25.400,950.0000,8.043296
37.900,25.400,951.0000,4.403210
37.900,25.400,952.0000,-8.059683
37.900,25.400,953.0000,-9.604797
37.900,25.400,954.0000,14.029679
37.900,25.400,955.0000,6.008169
37.900,25.400,956.0000,11.289201
37.900,25.400,957.0000,-8.032104
37.900,25.400,958.0000,10.507589
37.900,25.400,959.0000,4.916397
37.900,25.400,960.0000,9.154898
37.900,25.400,961.0000,0.914020
37.900,25.400,962.0000,15.849982
37.900,25.400,963.0000,16.451058
37.900,25.400,964.0000,5.841558
37.900,25.400,965.0000,6.607183
37.900,25.400,966.0000,1.453282
37.900,25.400,967.0000,10.995347
37.900,25.400,968.0000,11.662678
37.900,25.400,969.0000,22.076814
37.900,25.400,970.0000,8.179224
37.900,25.400,971.0000,12.456532
37.900,25.400,972.0000,18.694787
37.900,25.400,973.0000,16.891305
37.900,25.400,974.0000,13.933001
37.900,25.400,975.0000,16.149699
37.900,25.400,976.0000,8.370759
37.900,25.400,977.0000,15.442635
37.900,25.400,978.0000,18.120355
37.900,25.400,979.0000,7.887240
37.900,25.400,980.0000,16.592197
37.900,25.400,981.0000,16.737081
37.900,25.400,982.0000,9.603493
37.900,25.400,983.0000,22.984407
37.900,25.400,984.0000,40.348422
37.900,25.400,985.0000,27.808922
37.900,25.400,986.0000,30.752074
37.900,25.400,987.0000,35.938402
37.900,25.400,988.0000,40.982357
37.900,25.400,989.0000,48.172953
37.900,25.400,990.0000,57.918575
37.900,25.400,991.0000,83.377246
37.900,25.400,992.0000,96.698540
37.900,25.400,993.0000,104.103031
37.900,25.400,994.0000,145.112913
37.900,25.400,995.0000,186.672497
37.900,25.400,996.0000,236.943474
37.900,25.400,997.0000,317.905242
37.900,25.400,998.0000,441.694116
37.900,25.400,999.0000,630.714143
37.900,25.400,1000.0000,814.033998
37.900,25.400,1001.0000,903.712167
37.900,25.400,1002.0000,811.542005
37.900,25.400,1003.0000,624.529520
37.900,25.400,1004.0000,449.647425
37.900,25.400,1005.0000,327.131245
37.900,25.400,1006.0000,238.875570
37.900,25.400,1007.0000,185.133121
37.900,25.400,1008.0000,141.182732
37.900,25.400,1009.0000,115.939164
37.900,25.400,1010.0000,98.331741
37.900,25.400,1011.0000,69.513554
37.900,25.400,1012.0000,70.593706
37.900,25.400,1013.0000,55.073515
37.900,25.400,1014.0000,72.639159
37.900,25.400,1015.0000,60.902931
37.900,25.400,1016.0000,66.543921
37.900,25.400,1017.0000,40.010338
37.900,25.400,1018.0000,43.082630
37.900,25.400,1019.0000,50.189686
37.900,25.400,1020.0000,62.030694
37.900,25.400,1021.0000,54.148901
37.900,25.400,1022.0000,78.559983
37.900,25.400,1023.0000,82.552957
37.900,25.400,1024.0000,91.512475
37.900,25.400,1025.0000,108.264231
37.900,25.400,1026.0000,133.913827
37.900,25.400,1027.0000,157.865258
37.900,25.400,1028.0000,220.337718
37.900,25.400,1029.0000,290.859815
37.900,25.400,1030.0000,358.234707
37.900,25.400,1031.0000,392.694578
37.900,25.400,1032.0000,351.785433
37.900,25.400,1033.0000,291.760766
37.900,25.400,1034.0000,220.470701
37.900,25.400,1035.0000,171.156791
37.900,25.400,1036.0000,147.086528
37.900,25.400,1037.0000,100.448517
37.900,25.400,1038.0000,80.067322
37.900,25.400,1039.0000,73.364906
37.900,25.400,1040.0000,62.406055
37.900,25.400,1041.0000,50.049480
37.900,25.400,1042.0000,47.835654
37.900,25.400,1043.0000,35.162484
37.900,25.400,1044.0000,29.572374
37.900,25.400,1045.0000,21.817668
37.900,25.400,1046.0000,18.915206
37.900,25.400,1047.0000,14.097510
37.900,25.400,1048.0000,26.425714
37.900,25.400,1049.0000,16.240779
37.900,25.400,1050.0000,1.226260
37.900,25.400,1051.0000,1.119388
37.900,25.400,1052.0000,4.235364
37.900,25.400,1053.0000,17.978913
37.900,25.400,1054.0000,14.449613
37.900,25.400,1055.0000,4.537833
37.900,25.400,1056.0000,12.337334
37.900,25.400,1057.0000,20.470691
37.900,25.400,1058.0000,18.097141
37.900,25.400,1059.0000,19.190055
37.900,25.400,1060.0000,8.874444
37.900,25.400,1061.0000,18.406888
37.900,25.400,1062.0000,5.952970
37.900,25.400,1063.0000,4.739446
37.900,25.400,1064.0000,4.551752
37.900,25.400,1065.0000,-1.029443
37.900,25.400,1066.0000,0.662638
37.900,25.400,1067.0000,3.157004
37.900,25.400,1068.0000,-1.821946
37.900,25.400,1069.0000,0.854850
37.900,25.400,1070.0000,-0.519550
37.900,25.400,1071.0000,-1.714722
37.900,25.400,1072.0000,6.027568
37.900,25.400,1073.0000,7.504463
37.900,25.400,1074.0000,2.537865
37.900,25.400,1075.0000,2.312552
37.900,25.400,1076.0000,10.096457
37.900,25.400,1077.0000,2.225442
37.900,25.400,1078.0000,13.327955
37.900,25.400,1079.0000,6.168506
37.900,25.400,1080.0000,-0.644006
37.900,25.400,1081.0000,-5.695210
37.900,25.400,1082.0000,2.047537
37.900,25.400,1083.0000,7.525767
37.900,25.400,1084.0000,5.500299
37.900,25.400,1085.0000,10.840857
37.900,25.400,1086.0000,6.885050
37.900,25.400,1087.0000,-0.300358
37.900,25.400,1088.0000,1.024475
37.900,25.400,1089.0000,-2.930843
37.900,25.400,1090.0000,5.116123
37.900,25.400,1091.0000,4.011389
37.900,25.400,1092.0000,13.604676
37.900,25.400,1093.0000,9.653721
37.900,25.400,1094.0000,0.141426
37.900,25.400,1095.0000,12.359033
37.900,25.400,1096.0000,2.920616
37.900,25.400,1097.0000,7.318644
37.900,25.400,1098.0000,-3.898794
37.900,25.400,1099.0000,6.265832
37.900,25.400,1100.0000,6.059475
37.900,25.400,1101.0000,-0.701879
37.900,25.400,1102.0000,-2.232715
37.900,25.400,1103.0000,4.469343
37.900,25.400,1104.0000,3.808298
37.900,25.400,1105.0000,2.458116
37.900,25.400,1106.0000,8.517355
37.900,25.400,1107.0000,1.729339
37.900,25.400,1108.0000,3.437550
37.900,25.400,1109.0000,9.722260
37.900,25.400,1110.0000,-4.768492
37.900,25.400,1111.0000,-3.165800
37.900,25.400,1112.0000,4.063652
37.900,25.400,1113.0000,4.316980
37.900,25.400,1114.0000,16.802003
37.900,25.400,1115.0000,7.912367
37.900,25.400,1116.0000,13.620267
37.900,25.400,1117.0000,-3.962024
37.900,25.400,1118.0000,4.006093
37.900,25.400,1119.0000,0.945622
37.900,25.400,1120.0000,1.310550
37.900,25.400,1121.0000,11.130705
37.900,25.400,1122.0000,0.531707
37.900,25.400,1123.0000,0.981009
37.900,25.400,1124.0000,2.631507
37.900,25.400,1125.0000,1.052879
37.900,25.400,1126.0000,7.594210
37.900,25.400,1127.0000,9.584553
37.900,25.400,1128.0000,-2.943561
37.900,25.400,1129.0000,4.524223
37.900,25.400,1130.0000,1.253154
37.900,25.400,1131.0000,9.241426
37.900,25.400,1132.0000,12.810223
37.900,25.400,1133.0000,12.158737
37.900,25.400,1134.0000,13.312622
37.900,25.400,1135.0000,11.601021
37.900,25.400,1136.0000,22.973996
37.900,25.400,1137.0000,5.255528
37.900,25.400,1138.0000,2.220579
37.900,25.400,1139.0000,13.149236
37.900,25.400,1140.0000,12.291991
37.900,25.400,1141.0000,12.425568
37.900,25.400,1142.0000,19.237322
37.900,25.400,1143.0000,21.925776
37.900,25.400,1144.0000,25.785609
37.900,25.400,1145.0000,34.994412
37.900,25.400,1146.0000,17.543495
37.900,25.400,1147.0000,45.165453
37.900,25.400,1148.0000,38.531254
37.900,25.400,1149.0000,60.966457
37.900,25.400,1150.0000,61.438757
37.900,25.400,1151.0000,80.756884
37.900,25.400,1152.0000,86.346441
37.900,25.400,1153.0000,112.542616
37.900,25.400,1154.0000,122.457305
37.900,25.400,1155.0000,143.189326
37.900,25.400,1156.0000,123.209785
37.900,25.400,1157.0000,109.804963
37.900,25.400,1158.0000,97.413268
37.900,25.400,1159.0000,77.714733
37.900,25.400,1160.0000,65.637274
37.900,25.400,1161.0000,58.275371
37.900,25.400,1162.0000,36.025938
37.900,25.400,1163.0000,36.694654
37.900,25.400,1164.0000,39.274805
37.900,25.400,1165.0000,26.624674
37.900,25.400,1166.0000,27.129277
37.900,25.400,1167.0000,30.241165
37.900,25.400,1168.0000,29.400606
37.900,25.400,1169.0000,10.890322
37.900,25.400,1170.0000,28.924005
37.900,25.400,1171.0000,27.970054
37.900,25.400,1172.0000,25.111580
37.900,25.400,1173.0000,25.883322
37.900,25.400,1174.0000,16.351334
37.900,25.400,1175.0000,33.304979
37.900,25.400,1176.0000,35.008051
37.900,25.400,1177.0000,44.896996
37.900,25.400,1178.0000,51.908824
37.900,25.400,1179.0000,67.114661
37.900,25.400,1180.0000,80.553716
37.900,25.400,1181.0000,89.364122
37.900,25.400,1182.0000,89.194912
37.900,25.400,1183.0000,112.240566
37.900,25.400,1184.0000,99.482917
37.900,25.400,1185.0000,101.710237
37.900,25.400,1186.0000,72.949197
37.900,25.400,1187.0000,63.155005
37.900,25.400,1188.0000,51.627983
37.900,25.400,1189.0000,47.278339
37.900,25.400,1190.0000,43.836936
37.900,25.400,1191.0000,30.434962
37.900,25.400,1192.0000,16.395536
37.900,25.400,1193.0000,22.403015
37.900,25.400,1194.0000,23.081066
37.900,25.400,1195.0000,14.647911
37.900,25.400,1196.0000,22.778527
37.900,25.400,1197.0000,13.981585
37.900,25.400,1198.0000,8.008372
37.900,25.400,1199.0000,11.677027
37.900,25.400,1200.0000,7.281095
37.900,25.400,1201.0000,8.347716
37.900,25.400,1202.0000,7.624541
37.900,25.400,1203.0000,3.946927
37.900,25.400,1204.0000,16.369310
37.900,25.400,1205.0000,3.897798
37.900,25.400,1206.0000,8.409739
37.900,25.400,1207.0000,2.595826
37.900,25.400,1208.0000,9.322598
37.900,25.400,1209.0000,5.565005
37.900,25.400,1210.0000,3.083948
37.900,25.400,1211.0000,2.176456
37.900,25.400,1212.0000,7.128783
37.900,25.400,1213.0000,0.853589
37.900,25.400,1214.0000,10.068427
37.900,25.400,1215.0000,1.571945
37.900,25.400,1216.0000,6.144484
37.900,25.400,1217.0000,-0.065419
37.900,25.400,1218.0000,-4.594812
37.900,25.400,1219.0000,2.128717
37.900,25.400,1220.0000,-6.810093
37.900,25.400,1221.0000,5.667338
37.900,25.400,1222.0000,-2.284958
37.900,25.400,1223.0000,0.554351
37.900,25.400,1224.0000,10.245007
37.900,25.400,1225.0000,1.029442
37.900,25.400,1226.0000,4.953666
37.900,25.400,1227.0000,2.356292
37.900,25.400,1228.0000,2.545081
37.900,25.400,1229.0000,-1.664816
37.900,25.400,1230.0000,3.440470
37.900,25.400,1231.0000,0.371435
37.900,25.400,1232.0000,13.899296
37.900,25.400,1233.0000,-14.430363
37.900,25.400,1234.0000,-7.392875
37.900,25.400,1235.0000,5.948417
37.900,25.400,1236.0000,2.446328
37.900,25.400,1237.0000,1.760174
37.900,25.400,1238.0000,5.988367
37.900,25.400,1239.0000,5.311788
37.900,25.400,1240.0000,2.146164
37.900,25.400,1241.0000,-7.216895
37.900,25.400,1242.0000,-3.196920
37.900,25.400,1243.0000,7.815711
37.900,25.400,1244.0000,10.707170
37.900,25.400,1245.0000,3.152261
37.900,25.400,1246.0000,-2.115007
37.900,25.400,1247.0000,5.544073
37.900,25.400,1248.0000,9.677617
37.900,25.400,1249.0000,8.130767
37.900,25.400,1250.0000,2.317261
37.900,25.400,1251.0000,0.954529
37.900,25.400,1252.0000,6.654343
37.900,25.400,1253.0000,-0.759597
37.900,25.400,1254.0000,-7.126064
37.900,25.400,1255.0000,12.818092
37.900,25.400,1256.0000,10.954234
37.900,25.400,1257.0000,-3.552209
37.900,25.400,1258.0000,2.330054
37.900,25.400,1259.0000,10.397076
37.900,25.400,1260.0000,-4.285416
37.900,25.400,1261.0000,2.028060
37.900,25.400,1262.0000,2.068399
37.900,25.400,1263.0000,-2.791485
37.900,25.400,1264.0000,-4.888029
37.900,25.400,1265.0000,-9.017528
37.900,25.400,1266.0000,-8.141744
37.900,25.400,1267.0000,1.956715
37.900,25.400,1268.0000,0.472747
37.900,25.400,1269.0000,-7.101987
37.900,25.400,1270.0000,3.628051
37.900,25.400,1271.0000,-3.100065
37.900,25.400,1272.0000,-7.466818
37.900,25.400,1273.0000,-5.615612
37.900,25.400,1274.0000,8.049730
37.900,25.400,1275.0000,1.333778
37.900,25.400,1276.0000,-1.674696
37.900,25.400,1277.0000,-2.089180
37.900,25.400,1278.0000,7.369923
37.900,25.400,1279.0000,11.148909
37.900,25.400,1280.0000,-5.654476
37.900,25.400,1281.0000,7.573308
37.900,25.400,1282.0000,3.155151
37.900,25.400,1283.0000,0.502527
37.900,25.400,1284.0000,-0.983061
37.900,25.400,1285.0000,-4.529946
37.900,25.400,1286.0000,11.594477
37.900,25.400,1287.0000,-0.355920
37.900,25.400,1288.0000,-5.160209
37.900,25.400,1289.0000,3.224787
37.900,25.400,1290.0000,7.165139
37.900,25.400,1291.0000,-8.137276
37.900,25.400,1292.0000,-7.257993
37.900,25.400,1293.0000,-6.086598
37.900,25.400,1294.0000,6.155823
37.900,25.400,1295.0000,3.778195
37.900,25.400,1296.0000,-6.876013
37.900,25.400,1297.0000,3.106609
37.900,25.400,1298.0000,4.768407
37.900,25.400,1299.0000,-0.276719
37.900,25.400,1300.0000,3.584102
37.900,25.400,1301.0000,1.831127
37.900,25.400,1302.0000,7.799985
37.900,25.400,1303.0000,6.974463
37.900,25.400,1304.0000,0.480075
37.900,25.400,1305.0000,-8.413674
37.900,25.400,1306.0000,-3.980533
37.900,25.400,1307.0000,2.845039
37.900,25.400,1308.0000,-12.342296
37.900,25.400,1309.0000,-10.123175
37.900,25.400,1310.0000,0.567689
37.900,25.400,1311.0000,-5.607974
37.900,25.400,1312.0000,-1.491180
37.900,25.400,1313.0000,17.318056
37.900,25.400,1314.0000,-2.255857
37.900,25.400,1315.0000,-2.770368
37.900,25.400,1316.0000,1.126709
37.900,25.400,1317.0000,4.111272
37.900,25.400,1318.0000,-4.039804
37.900,25.400,1319.0000,7.653337
37.900,25.400,1320.0000,1.712368
37.900,25.400,1321.0000,-1.084695
37.900,25.400,1322.0000,-7.695674
37.900,25.400,1323.0000,3.866856
37.900,25.400,1324.0000,3.822354
37.900,25.400,1325.0000,0.811524
37.900,25.400,1326.0000,-13.042073
37.900,25.400,1327.0000,1.349492
37.900,25.400,1328.0000,7.230549
37.900,25.400,1329.0000,10.984629
37.900,25.400,1330.0000,-0.200752
37.900,25.400,1331.0000,2.669496
37.900,25.400,1332.0000,2.106307
37.900,25.400,1333.0000,-5.663764
37.900,25.400,1334.0000,4.375111
37.900,25.400,1335.0000,2.365119
37.900,25.400,1336.0000,3.869521
37.900,25.400,1337.0000,0.229140
37.900,25.400,1338.0000,3.053830
37.900,25.400,1339.0000,2.188658
37.900,25.400,1340.0000,2.493505
37.900,25.400,1341.0000,2.590814
37.900,25.400,1342.0000,-8.876846
37.900,25.400,1343.0000,4.913463
37.900,25.400,1344.0000,7.242484
37.900,25.400,1345.0000,-2.654596
37.900,25.400,1346.0000,3.609182
37.900,25.400,1347.0000,1.328926
37.900,25.400,1348.0000,-0.063478
37.900,25.400,1349.0000,5.264654
37.900,25.400,1350.0000,-6.468441
37.900,25.400,1351.0000,5.689990
37.900,25.400,1352.0000,4.662708
37.900,25.400,1353.0000,5.807803
37.900,25.400,1354.0000,1.564865
37.900,25.400,1355.0000,6.738254
37.900,25.400,1356.0000,2.600637
37.900,25.400,1357.0000,-4.025657
37.900,25.400,1358.0000,8.173946
37.900,25.400,1359.0000,9.018385
37.900,25.400,1360.0000,5.959504
37.900,25.400,1361.0000,-2.814567
37.900,25.400,1362.0000,0.378479
37.900,25.400,1363.0000,1.078813
37.900,25.400,1364.0000,2.711852
37.900,25.400,1365.0000,-6.064341
37.900,25.400,1366.0000,7.982840
37.900,25.400,1367.0000,8.028514
37.900,25.400,1368.0000,3.925939
37.900,25.400,1369.0000,-9.978379
37.900,25.400,1370.0000,-1.104284
37.900,25.400,1371.0000,-2.410230
37.900,25.400,1372.0000,9.888279
37.900,25.400,1373.0000,6.459880
37.900,25.400,1374.0000,11.752391
37.900,25.400,1375.0000,-0.908033
37.900,25.400,1376.0000,6.060821
37.900,25.400,1377.0000,-7.387064
37.900,25.400,1378.0000,-5.028756
37.900,25.400,1379.0000,-6.028181
37.900,25.400,1380.0000,-5.292221
37.900,25.400,1381.0000,7.719254
37.900,25.400,1382.0000,-2.935540
37.900,25.400,1383.0000,0.571563
37.900,25.400,1384.0000,8.920263
37.900,25.400,1385.0000,7.199019
37.900,25.400,1386.0000,6.677154
37.900,25.400,1387.0000,0.019151
37.900,25.400,1388.0000,8.475145
37.900,25.400,1389.0000,1.464992
37.900,25.400,1390.0000,-2.794813
37.900,25.400,1391.0000,-4.458094
37.900,25.400,1392.0000,3.514865
37.900,25.400,1393.0000,-8.134286
37.900,25.400,1394.0000,8.011736
37.900,25.400,1395.0000,4.642279
37.900,25.400,1396.0000,7.701234
37.900,25.400,1397.0000,4.570790
37.900,25.400,1398.0000,0.226505
37.900,25.400,1399.0000,5.473342
37.900,25.400,1400.0000,-1.999656
37.900,25.400,1401.0000,-2.853630
37.900,25.400,1402.0000,7.941188
37.900,25.400,1403.0000,-3.390385
37.900,25.400,1404.0000,9.342845
37.900,25.400,1405.0000,4.943897
37.900,25.400,1406.0000,-0.063167
37.900,25.400,1407.0000,10.894635
37.900,25.400,1408.0000,5.541049
37.900,25.400,1409.0000,6.709947
37.900,25.400,1410.0000,8.425548
37.900,25.400,1411.0000,12.734251
37.900,25.400,1412.0000,16.977539
37.900,25.400,1413.0000,11.151153
37.900,25.400,1414.0000,4.146668
37.900,25.400,1415.0000,6.912802
37.900,25.400,1416.0000,6.979346
37.900,25.400,1417.0000,14.321962
37.900,25.400,1418.0000,2.014846
37.900,25.400,1419.0000,-5.106080
37.900,25.400,1420.0000,6.638457
37.900,25.400,1421.0000,0.704983
37.900,25.400,1422.0000,11.212830
37.900,25.400,1423.0000,11.523479
37.900,25.400,1424.0000,5.263252
37.900,25.400,1425.0000,8.806437
37.900,25.400,1426.0000,9.557086
37.900,25.400,1427.0000,13.767487
37.900,25.400,1428.0000,26.243898
37.900,25.400,1429.0000,15.274864
37.900,25.400,1430.0000,22.671097
37.900,25.400,1431.0000,21.913391
37.900,25.400,1432.0000,19.981225
37.900,25.400,1433.0000,33.372337
37.900,25.400,1434.0000,23.089247
37.900,25.400,1435.0000,32.598417
37.900,25.400,1436.0000,30.939547
37.900,25.400,1437.0000,51.843555
37.900,25.400,1438.0000,60.096403
37.900,25.400,1439.0000,56.872358
37.900,25.400,1440.0000,73.851853
37.900,25.400,1441.0000,73.643027
37.900,25.400,1442.0000,99.442100
37.900,25.400,1443.0000,90.381655
37.900,25.400,1444.0000,120.960491
37.900,25.400,1445.0000,133.518364
37.900,25.400,1446.0000,142.403052
37.900,25.400,1447.0000,173.055380
37.900,25.400,1448.0000,176.559783
37.900,25.400,1449.0000,195.002274
37.900,25.400,1450.0000,194.354761
37.900,25.400,1451.0000,194.911907
37.900,25.400,1452.0000,187.177461
37.900,25.400,1453.0000,165.536394
37.900,25.400,1454.0000,152.255714
37.900,25.400,1455.0000,130.701286
37.900,25.400,1456.0000,112.908428
37.900,25.400,1457.0000,95.942395
37.900,25.400,1458.0000,88.348997
37.900,25.400,1459.0000,72.997685
37.900,25.400,1460.0000,77.781652
37.900,25.400,1461.0000,61.901247
37.900,25.400,1462.0000,47.263653
37.900,25.400,1463.0000,47.379599
37.900,25.400,1464.0000,37.781794
37.900,25.400,1465.0000,44.274108
37.900,25.400,1466.0000,37.121592
37.900,25.400,1467.0000,27.841702
37.900,25.400,1468.0000,30.536225
37.900,25.400,1469.0000,23.750962
37.900,25.400,1470.0000,32.003678
37.900,25.400,1471.0000,24.003751
37.900,25.400,1472.0000,17.079356
37.900,25.400,1473.0000,25.317054
37.900,25.400,1474.0000,11.493170
37.900,25.400,1475.0000,13.516107
37.900,25.400,1476.0000,5.470523
37.900,25.400,1477.0000,8.006446
37.900,25.400,1478.0000,11.245821
37.900,25.400,1479.0000,10.356631
37.900,25.400,1480.0000,17.423601
37.900,25.400,1481.0000,6.611907
37.900,25.400,1482.0000,6.927456
37.900,25.400,1483.0000,14.225142
37.900,25.400,1484.0000,3.965699
37.900,25.400,1485.0000,15.809719
37.900,25.400,1486.0000,18.652965
37.900,25.400,1487.0000,-9.259388
37.900,25.400,1488.0000,6.347644
37.900,25.400,1489.0000,-0.795169
37.900,25.400,1490.0000,7.678127
37.900,25.400,1491.0000,15.328666
37.900,25.400,1492.0000,9.267455
37.900,25.400,1493.0000,16.045449
37.900,25.400,1494.0000,4.722646
37.900,25.400,1495.0000,-4.139116
37.900,25.400,1496.0000,7.605102
37.900,25.400,1497.0000,6.913979
37.900,25.400,1498.0000,-2.364285
37.900,25.400,1499.0000,9.246766
37.900,25.400,1500.0000,-5.560362
37.900,25.400,1501.0000,4.645609
37.900,25.400,1502.0000,5.254566
37.900,25.400,1503.0000,2.153021
37.900,25.400,1504.0000,12.077120
37.900,25.400,1505.0000,14.767485
37.900,25.400,1506.0000,5.896444
37.900,25.400,1507.0000,-4.997790
37.900,25.400,1508.0000,0.048129
37.900,25.400,1509.0000,1.797621
37.900,25.400,1510.0000,1.127259
37.900,25.400,1511.0000,6.013869
37.900,25.400,1512.0000,12.309611
37.900,25.400,1513.0000,13.815927
37.900,25.400,1514.0000,11.772536
37.900,25.400,1515.0000,10.117522
37.900,25.400,1516.0000,-3.665163
37.900,25.400,1517.0000,16.067453
37.900,25.400,1518.0000,-0.454902
37.900,25.400,1519.0000,0.490104
37.900,25.400,1520.0000,-1.743503
37.900,25.400,1521.0000,9.488687
37.900,25.400,1522.0000,6.723209
37.900,25.400,1523.0000,-2.275635
37.900,25.400,1524.0000,10.712132
37.900,25.400,1525.0000,2.256823
37.900,25.400,1526.0000,-0.017381
37.900,25.400,1527.0000,5.050295
37.900,25.400,1528.0000,-0.773914
37.900,25.400,1529.0000,8.142113
37.900,25.400,1530.0000,8.182119
37.900,25.400,1531.0000,-3.018948
37.900,25.400,1532.0000,7.338746
37.900,25.400,1533.0000,-1.844521
37.900,25.400,1534.0000,5.599828
37.900,25.400,1535.0000,10.464776
37.900,25.400,1536.0000,6.012238
37.900,25.400,1537.0000,3.637403
37.900,25.400,1538.0000,16.146426
37.900,25.400,1539.0000,8.244367
37.900,25.400,1540.0000,14.716506
37.900,25.400,1541.0000,15.030479
37.900,25.400,1542.0000,0.567047
37.900,25.400,1543.0000,8.954974
37.900,25.400,1544.0000,16.395580
37.900,25.400,1545.0000,7.536174
37.900,25.400,1546.0000,-4.940254
37.900,25.400,1547.0000,1.835193
37.900,25.400,1548.0000,3.891587
37.900,25.400,1549.0000,7.997445
37.900,25.400,1550.0000,1.892646
37.900,25.400,1551.0000,8.950926
37.900,25.400,1552.0000,5.969904
37.900,25.400,1553.0000,7.499483
37.900,25.400,1554.0000,4.742558
37.900,25.400,1555.0000,10.818510
37.900,25.400,1556.0000,10.004591
37.900,25.400,1557.0000,-2.380491
37.900,25.400,1558.0000,11.968329
37.900,25.400,1559.0000,9.387549
37.900,25.400,1560.0000,7.768437
37.900,25.400,1561.0000,25.930846
37.900,25.400,1562.0000,19.188484
37.900,25.400,1563.0000,22.395538
37.900,25.400,1564.0000,19.261907
37.900,25.400,1565.0000,13.826514
37.900,25.400,1566.0000,22.827400
37.900,25.400,1567.0000,32.050155
37.900,25.400,1568.0000,35.509524
37.900,25.400,1569.0000,20.953792
37.900,25.400,1570.0000,44.921472
37.900,25.400,1571.0000,32.047303
37.900,25.400,1572.0000,39.681396
37.900,25.400,1573.0000,52.530314
37.900,25.400,1574.0000,55.351983
37.900,25.400,1575.0000,63.184312
37.900,25.400,1576.0000,92.456539
37.900,25.400,1577.0000,89.008470
37.900,25.400,1578.0000,98.600805
37.900,25.400,1579.0000,121.861226
37.900,25.400,1580.0000,159.751992
37.900,25.400,1581.0000,173.535764
37.900,25.400,1582.0000,193.814209
37.900,25.400,1583.0000,196.644533
37.900,25.400,1584.0000,193.511647
37.900,25.400,1585.0000,186.931323
37.900,25.400,1586.0000,168.394967
37.900,25.400,1587.0000,138.878881
37.900,25.400,1588.0000,133.589121
37.900,25.400,1589.0000,126.384100
37.900,25.400,1590.0000,111.191200
37.900,25.400,1591.0000,119.482448
37.900,25.400,1592.0000,123.431909
37.900,25.400,1593.0000,136.075537
37.900,25.400,1594.0000,148.807228
37.900,25.400,1595.0000,158.716071
37.900,25.400,1596.0000,199.693259
37.900,25.400,1597.0000,230.544136
37.900,25.400,1598.0000,284.329647
37.900,25.400,1599.0000,373.844672
37.900,25.400,1600.0000,457.821217
37.900,25.400,1601.0000,541.177662
37.900,25.400,1602.0000,566.814393
37.900,25.400,1603.0000,528.685834
37.900,25.400,1604.0000,455.046512
37.900,25.400,1605.0000,364.117115
37.900,25.400,1606.0000,289.277805
37.900,25.400,1607.0000,230.174105
37.900,25.400,1608.0000,171.106521
37.900,25.400,1609.0000,136.656823
37.900,25.400,1610.0000,122.418762
37.900,25.400,1611.0000,104.049044
37.900,25.400,1612.0000,73.383007
37.900,25.400,1613.0000,57.397635
37.900,25.400,1614.0000,56.459902
37.900,25.400,1615.0000,57.404598
37.900,25.400,1616.0000,45.006946
37.900,25.400,1617.0000,40.544894
37.900,25.400,1618.0000,41.634819
37.900,25.400,1619.0000,31.278673
37.900,25.400,1620.0000,23.433261
37.900,25.400,1621.0000,24.000685
37.900,25.400,1622.0000,12.074814
37.900,25.400,1623.0000,27.102161
37.900,25.400,1624.0000,16.352090
37.900,25.400,1625.0000,25.795022
37.900,25.400,1626.0000,29.059241
37.900,25.400,1627.0000,16.311407
37.900,25.400,1628.0000,15.060046
37.900,25.400,1629.0000,16.146686
37.900,25.400,1630.0000,19.719539
37.900,25.400,1631.0000,10.667815
37.900,25.400,1632.0000,1.855743
37.900,25.400,1633.0000,3.528632
37.900,25.400,1634.0000,11.395312
37.900,25.400,1635.0000,15.398438
37.900,25.400,1636.0000,16.076350
37.900,25.400,1637.0000,16.308861
37.900,25.400,1638.0000,14.047222
37.900,25.400,1639.0000,6.135761
37.900,25.400,1640.0000,15.636979
37.900,25.400,1641.0000,13.145759
37.900,25.400,1642.0000,15.654302
37.900,25.400,1643.0000,1.677541
37.900,25.400,1644.0000,1.477494
37.900,25.400,1645.0000,5.926710
37.900,25.400,1646.0000,8.130436
37.900,25.400,1647.0000,6.908344
37.900,25.400,1648.0000,6.202369
37.900,25.400,1649.0000,3.327932
37.900,25.400,1650.0000,1.382338
37.900,25.400,1651.0000,-1.390044
37.900,25.400,1652.0000,2.986331
37.900,25.400,1653.0000,-1.438489
37.900,25.400,1654.0000,1.765737
37.900,25.400,1655.0000,7.627667
37.900,25.400,1656.0000,3.262192
37.900,25.400,1657.0000,4.285815
37.900,25.400,1658.0000,7.227246
37.900,25.400,1659.0000,5.391242
37.900,25.400,1660.0000,9.008164
37.900,25.400,1661.0000,5.903636
37.900,25.400,1662.0000,-0.742993
37.900,25.400,1663.0000,-1.432750
37.900,25.400,1664.0000,5.845135
37.900,25.400,1665.0000,5.547500
37.900,25.400,1666.0000,2.191241
37.900,25.400,1667.0000,-1.607529
37.900,25.400,1668.0000,2.005875
37.900,25.400,1669.0000,-4.257138
37.900,25.400,1670.0000,8.552936
37.900,25.400,1671.0000,-2.300885
37.900,25.400,1672.0000,2.982129
37.900,25.400,1673.0000,-1.481550
37.900,25.400,1674.0000,-0.788507
37.900,25.400,1675.0000,0.196511
37.900,25.400,1676.0000,10.990851
37.900,25.400,1677.0000,0.129293
37.900,25.400,1678.0000,-5.846521
37.900,25.400,1679.0000,5.039659
37.900,25.400,1680.0000,6.577648
37.900,25.400,1681.0000,9.583256
37.900,25.400,1682.0000,2.014463
37.900,25.400,1683.0000,6.492177
37.900,25.400,1684.0000,7.425412
37.900,25.400,1685.0000,1.775678
37.900,25.400,1686.0000,-2.723458
37.900,25.400,1687.0000,4.414331
37.900,25.400,1688.0000,-0.350929
37.900,25.400,1689.0000,5.796469
37.900,25.400,1690.0000,-1.234577
37.900,25.400,1691.0000,-1.334607
37.900,25.400,1692.0000,-1.233295
37.900,25.400,1693.0000,-1.215845
37.900,25.400,1694.0000,2.474010
37.900,25.400,1695.0000,0.530296
37.900,25.400,1696.0000,5.889660
37.900,25.400,1697.0000,-3.837239
37.900,25.400,1698.0000,0.361230
37.900,25.400,1699.0000,-6.922794
37.900,25.400,1700.0000,-5.796010
37.900,25.400,1701.0000,8.536015
37.900,25.400,1702.0000,-5.067674
37.900,25.400,1703.0000,-10.695881
37.900,25.400,1704.0000,-8.330711
37.900,25.400,1705.0000,8.471100
37.900,25.400,1706.0000,13.466000
37.900,25.400,1707.0000,-0.123551
37.900,25.400,1708.0000,5.675821
37.900,25.400,1709.0000,2.096277
37.900,25.400,1710.0000,0.639510
37.900,25.400,1711.0000,-3.053244
37.900,25.400,1712.0000,-1.074727
37.900,25.400,1713.0000,-0.313160
37.900,25.400,1714.0000,-5.801461
37.900,25.400,1715.0000,-5.473728
37.900,25.400,1716.0000,5.229261
37.900,25.400,1717.0000,-1.026098
37.900,25.400,1718.0000,-4.414427
37.900,25.400,1719.0000,0.507225
37.900,25.400,1720.0000,6.560850
37.900,25.400,1721.0000,-3.846655
37.900,25.400,1722.0000,9.124018
37.900,25.400,1723.0000,-0.591297
37.900,25.400,1724.0000,-3.012840
37.900,25.400,1725.0000,4.973156
37.900,25.400,1726.0000,-9.783112
37.900,25.400,1727.0000,11.482292
37.900,25.400,1728.0000,-7.457707
37.900,25.400,1729.0000,1.988521
37.900,25.400,1730.0000,-5.731339
37.900,25.400,1731.0000,1.508586
37.900,25.400,1732.0000,7.845997
37.900,25.400,1733.0000,-4.258660
37.900,25.400,1734.0000,-3.258921
37.900,25.400,1735.0000,-6.706664
37.900,25.400,1736.0000,-5.726439
37.900,25.400,1737.0000,-3.145827
37.900,25.400,1738.0000,-0.202756
37.900,25.400,1739.0000,-3.109273
37.900,25.400,1740.0000,-3.075847
37.900,25.400,1741.0000,-4.046271
37.900,25.400,1742.0000,-8.641773
37.900,25.400,1743.0000,6.618652
37.900,25.400,1744.0000,2.625217
37.900,25.400,1745.0000,-0.909144
37.900,25.400,1746.0000,5.765583
37.900,25.400,1747.0000,2.032871
37.900,25.400,1748.0000,0.495025
37.900,25.400,1749.0000,5.267067
37.900,25.400,1750.0000,0.587604
37.900,25.400,1751.0000,-2.302314
37.900,25.400,1752.0000,-13.646573
37.900,25.400,1753.0000,-0.183549
37.900,25.400,1754.0000,11.031256
37.900,25.400,1755.0000,1.498435
37.900,25.400,1756.0000,-2.926007
37.900,25.400,1757.0000,-1.195726
37.900,25.400,1758.0000,-2.728634
37.900,25.400,1759.0000,8.564492
37.900,25.400,1760.0000,-0.235416
37.900,25.400,1761.0000,7.076976
37.900,25.400,1762.0000,-0.883776
37.900,25.400,1763.0000,-6.328157
37.900,25.400,1764.0000,6.447997
37.900,25.400,1765.0000,-7.403132
37.900,25.400,1766.0000,-0.911476
37.900,25.400,1767.0000,-6.116049
37.900,25.400,1768.0000,-5.914319
37.900,25.400,1769.0000,4.796840
37.900,25.400,1770.0000,-0.430683
37.900,25.400,1771.0000,4.541624
37.900,25.400,1772.0000,-7.024451
37.900,25.400,1773.0000,1.073647
37.900,25.400,1774.0000,10.664943
37.900,25.400,1775.0000,-4.765130
37.900,25.400,1776.0000,-1.748302
37.900,25.400,1777.0000,-0.934006
37.900,25.400,1778.0000,3.330938
37.900,25.400,1779.0000,-2.435447
37.900,25.400,1780.0000,-9.905474
37.900,25.400,1781.0000,8.840701
37.900,25.400,1782.0000,12.112587
37.900,25.400,1783.0000,-4.269618
37.900,25.400,1784.0000,-4.214283
37.900,25.400,1785.0000,16.681619
37.900,25.400,1786.0000,-5.156179
37.900,25.400,1787.0000,6.589056
37.900,25.400,1788.0000,-9.545973
37.900,25.400,1789.0000,2.770280
37.900,25.400,1790.0000,-0.781817
37.900,25.400,1791.0000,-3.438512
37.900,25.400,1792.0000,8.835157
37.900,25.400,1793.0000,4.452492
37.900,25.400,1794.0000,9.762496
37.900,25.400,1795.0000,-2.407116
37.900,25.400,1796.0000,-5.693427
37.900,25.400,1797.0000,-1.054704
37.900,25.400,1798.0000,1.420781
37.900,25.400,1799.0000,8.586115
37.900,25.400,1800.0000,-0.349380
37.900,25.400,1801.0000,7.032468
37.900,25.400,1802.0000,-6.705246
37.900,25.400,1803.0000,2.088034
37.900,25.400,1804.0000,-8.548842
37.900,25.400,1805.0000,6.505157
37.900,25.400,1806.0000,-4.618715
37.900,25.400,1807.0000,5.287611
37.900,25.400,1808.0000,9.810634
37.900,25.400,1809.0000,3.118060
37.900,25.400,1810.0000,-6.315197
37.900,25.400,1811.0000,-1.842451
37.900,25.400,1812.0000,-1.795736
37.900,25.400,1813.0000,-0.567699
37.900,25.400,1814.0000,6.211825
37.900,25.400,1815.0000,-9.460528
37.900,25.400,1816.0000,10.733145
37.900,25.400,1817.0000,5.564793
37.900,25.400,1818.0000,-0.972479
37.900,25.400,1819.0000,1.330653
37.900,25.400,1820.0000,12.803750
37.900,25.400,1821.0000,-3.719655
37.900,25.400,1822.0000,0.909593
37.900,25.400,1823.0000,9.078385
37.900,25.400,1824.0000,-6.732646
37.900,25.400,1825.0000,12.459851
37.900,25.400,1826.0000,2.280897
37.900,25.400,1827.0000,2.733379
37.900,25.400,1828.0000,4.579469
37.900,25.400,1829.0000,-10.696431
37.900,25.400,1830.0000,-4.128265
37.900,25.400,1831.0000,-15.299034
37.900,25.400,1832.0000,3.758777
37.900,25.400,1833.0000,2.003958
37.900,25.400,1834.0000,0.064343
37.900,25.400,1835.0000,-5.746361
37.900,25.400,1836.0000,-6.128852
37.900,25.400,1837.0000,3.156530
37.900,25.400,1838.0000,1.662904
37.900,25.400,1839.0000,11.008432
37.900,25.400,1840.0000,-11.482197
37.900,25.400,1841.0000,1.118514
37.900,25.400,1842.0000,4.324885
37.900,25.400,1843.0000,5.038890
37.900,25.400,1844.0000,-11.778524
37.900,25.400,1845.0000,-2.518675
37.900,25.400,1846.0000,-4.476687
37.900,25.400,1847.0000,4.211110
37.900,25.400,1848.0000,-13.366372
37.900,25.400,1849.0000,5.196553
37.900,25.400,1850.0000,2.554728
37.900,25.400,1851.0000,-6.357850
37.900,25.400,1852.0000,-6.183091
37.900,25.400,1853.0000,-2.920189
37.900,25.400,1854.0000,19.624122
37.900,25.400,1855.0000,0.155037
37.900,25.400,1856.0000,-4.641533
37.900,25.400,1857.0000,0.581655
37.900,25.400,1858.0000,-1.636069
37.900,25.400,1859.0000,-0.152998
37.900,25.400,1860.0000,-0.773147
37.900,25.400,1861.0000,2.363953
37.900,25.400,1862.0000,-1.739949
37.900,25.400,1863.0000,-3.327152
37.900,25.400,1864.0000,4.553264
37.900,25.400,1865.0000,0.881006
37.900,25.400,1866.0000,8.648204
37.900,25.400,1867.0000,-0.806510
37.900,25.400,1868.0000,-2.927717
37.900,25.400,1869.0000,-12.379488
37.900,25.400,1870.0000,7.694881
37.900,25.400,1871.0000,2.379158
37.900,25.400,1872.0000,5.347636
37.900,25.400,1873.0000,1.424278
37.900,25.400,1874.0000,-10.620671
37.900,25.400,1875.0000,-1.654728
37.900,25.400,1876.0000,-6.568289
37.900,25.400,1877.0000,-0.807822
37.900,25.400,1878.0000,5.920675
37.900,25.400,1879.0000,-3.252890
37.900,25.400,1880.0000,7.201561
37.900,25.400,1881.0000,5.497812
37.900,25.400,1882.0000,0.047196
37.900,25.400,1883.0000,3.828501
37.900,25.400,1884.0000,-2.143210
37.900,25.400,1885.0000,6.930617
37.900,25.400,1886.0000,1.646149
37.900,25.400,1887.0000,-1.067206
37.900,25.400,1888.0000,-1.538354
37.900,25.400,1889.0000,-1.394901
37.900,25.400,1890.0000,1.650876
37.900,25.400,1891.0000,3.175279
37.900,25.400,1892.0000,-0.989298
37.900,25.400,1893.0000,5.682640
37.900,25.400,1894.0000,1.020919
37.900,25.400,1895.0000,-6.482818
37.900,25.400,1896.0000,-1.088418
37.900,25.400,1897.0000,-4.391620
37.900,25.400,1898.0000,14.952785
37.900,25.400,1899.0000,1.387701
37.900,25.400,1900.0000,-9.641122
37.900,25.400,1901.0000,-1.560652
37.900,25.400,1902.0000,7.809246
37.900,25.400,1903.0000,-5.711185
37.900,25.400,1904.0000,3.594306
37.900,25.400,1905.0000,-10.199107
37.900,25.400,1906.0000,3.771476
37.900,25.400,1907.0000,-1.127175
37.900,25.400,1908.0000,-8.032567
37.900,25.400,1909.0000,1.786274
37.900,25.400,1910.0000,7.364000
37.900,25.400,1911.0000,2.520166
37.900,25.400,1912.0000,7.013101
37.900,25.400,1913.0000,-4.501933
37.900,25.400,1914.0000,0.531274
37.900,25.400,1915.0000,10.719774
37.900,25.400,1916.0000,-7.602682
37.900,25.400,1917.0000,-0.146549
37.900,25.400,1918.0000,-3.516802
37.900,25.400,1919.0000,15.262540
37.900,25.400,1920.0000,-2.333049
37.900,25.400,1921.0000,3.913191
37.900,25.400,1922.0000,4.556494
37.900,25.400,1923.0000,-3.568906
37.900,25.400,1924.0000,-6.295645
37.900,25.400,1925.0000,-7.597718
37.900,25.400,1926.0000,7.254678
37.900,25.400,1927.0000,-1.059539
37.900,25.400,1928.0000,-5.208341
37.900,25.400,1929.0000,-6.439083
37.900,25.400,1930.0000,0.968850
37.900,25.400,1931.0000,11.508580
37.900,25.400,1932.0000,0.329845
37.900,25.400,1933.0000,7.714120
37.900,25.400,1934.0000,7.753227
37.900,25.400,1935.0000,-6.716057
37.900,25.400,1936.0000,5.062798
37.900,25.400,1937.0000,4.108274
37.900,25.400,1938.0000,1.634413
37.900,25.400,1939.0000,-0.739488
37.900,25.400,1940.0000,1.287098
37.900,25.400,1941.0000,12.131471
37.900,25.400,1942.0000,7.327082
37.900,25.400,1943.0000,-1.372257
37.900,25.400,1944.0000,-5.537776
37.900,25.400,1945.0000,-5.679476
37.900,25.400,1946.0000,-5.327281
37.900,25.400,1947.0000,-4.160955
37.900,25.400,1948.0000,2.303767
37.900,25.400,1949.0000,0.702686
37.900,25.400,1950.0000,-5.714203
37.900,25.400,1951.0000,6.318663
37.900,25.400,1952.0000,-6.492311
37.900,25.400,1953.0000,4.306767
37.900,25.400,1954.0000,-3.485389
37.900,25.400,1955.0000,-2.924745
37.900,25.400,1956.0000,-0.463639
37.900,25.400,1957.0000,-3.569521
37.900,25.400,1958.0000,15.370853
37.900,25.400,1959.0000,0.991590
37.900,25.400,1960.0000,-0.151598
37.900,25.400,1961.0000,-10.949165
37.900,25.400,1962.0000,-5.961563
37.900,25.400,1963.0000,1.021630
37.900,25.400,1964.0000,2.314243
37.900,25.400,1965.0000,-4.115648
37.900,25.400,1966.0000,-1.960331
37.900,25.400,1967.0000,-6.497381
37.900,25.400,1968.0000,-0.457097
37.900,25.400,1969.0000,-4.772145
37.900,25.400,1970.0000,5.901668
37.900,25.400,1971.0000,-3.129666
37.900,25.400,1972.0000,5.168392
37.900,25.400,1973.0000,-0.100909
37.900,25.400,1974.0000,-2.631666
37.900,25.400,1975.0000,-3.117073
37.900,25.400,1976.0000,4.334943
37.900,25.400,1977.0000,-8.195897
37.900,25.400,1978.0000,3.548204
37.900,25.400,1979.0000,10.225244
37.900,25.400,1980.0000,1.957028
37.900,25.400,1981.0000,-2.061381
37.900,25.400,1982.0000,-10.969702
37.900,25.400,1983.0000,6.589753
37.900,25.400,1984.0000,-4.543440
37.900,25.400,1985.0000,3.462164
37.900,25.400,1986.0000,1.251237
37.900,25.400,1987.0000,4.227247
37.900,25.400,1988.0000,-1.681258
37.900,25.400,1989.0000,-0.218581
37.900,25.400,1990.0000,8.723814
37.900,25.400,1991.0000,4.565093
37.900,25.400,1992.0000,-9.052054
37.900,25.400,1993.0000,-3.055523
37.900,25.400,1994.0000,-0.115832
37.900,25.400,1995.0000,7.863130
37.900,25.400,1996.0000,1.519266
37.900,25.400,1997.0000,7.075903
37.900,25.400,1998.0000,-8.880250
37.900,25.400,1999.0000,-9.983691
37.900,25.400,2000.0000,1.672752
38.000,25.200,200.0000,3.141905
38.000,25.200,201.0000,-14.220028
38.000,25.200,202.0000,3.589879
38.000,25.200,203.0000,9.843817
38.000,25.200,204.0000,-4.879544
38.000,25.200,205.0000,9.238399
38.000,25.200,206.0000,-0.557053
38.000,25.200,207.0000,-0.422888
38.000,25.200,208.0000,4.517589
38.000,25.200,209.0000,10.705096
38.000,25.200,210.0000,4.868158
38.000,25.200,211.0000,-3.766307
38.000,25.200,212.0000,-0.856863
38.000,25.200,213.0000,2.172563
38.000,25.200,214.0000,10.475304
38.000,25.200,215.0000,-7.356202
38.000,25.200,216.0000,-1.374429
38.000,25.200,217.0000,3.317885
38.000,25.200,218.0000,0.071501
38.000,25.200,219.0000,0.949135
38.000,25.200,220.0000,5.897189
38.000,25.200,221.0000,6.174258
38.000,25.200,222.0000,-3.699975
38.000,25.200,223.0000,-6.793350
38.000,25.200,224.0000,-2.616938
38.000,25.200,225.0000,-1.173854
38.000,25.200,226.0000,2.119242
38.000,25.200,227.0000,-7.344556
38.000,25.200,228.0000,-6.666739
38.000,25.200,229.0000,16.702156
38.000,25.200,230.0000,-4.015379
38.000,25.200,231.0000,3.752468
38.000,25.200,232.0000,-3.844811
38.000,25.200,233.0000,4.553067
38.000,25.200,234.0000,-1.088261
38.000,25.200,235.0000,-2.794774
38.000,25.200,236.0000,6.524656
38.000,25.200,237.0000,-0.965851
38.000,25.200,238.0000,2.083857
38.000,25.200,239.0000,1.785458
38.000,25.200,240.0000,-3.372953
38.000,25.200,241.0000,0.671578
38.000,25.200,242.0000,-11.519428
38.000,25.200,243.0000,-5.222480
38.000,25.200,244.0000,-2.300078
38.000,25.200,245.0000,-10.399442
38.000,25.200,246.0000,1.410302
38.000,25.200,247.0000,1.690518
38.000,25.200,248.0000,-1.828582
38.000,25.200,249.0000,-5.905405
38.000,25.200,250.0000,-7.415075
38.000,25.200,251.0000,2.861299
38.000,25.200,252.0000,2.774412
38.000,25.200,253.0000,5.044387
38.000,25.200,254.0000,-1.029737
38.000,25.200,255.0000,-5.644742
38.000,25.200,256.0000,-5.226337
38.000,25.200,257.0000,4.287356
38.000,25.200,258.0000,4.017729
38.000,25.200,259.0000,5.461772
38.000,25.200,260.0000,1.836267
38.000,25.200,261.0000,-4.920334
38.000,25.200,262.0000,9.898947
38.000,25.200,263.0000,8.297024
38.000,25.200,264.0000,5.257165
38.000,25.200,265.0000,-0.392384
38.000,25.200,266.0000,-9.174830
38.000,25.200,267.0000,6.166007
38.000,25.200,268.0000,-5.323595
38.000,25.200,269.0000,5.669745
38.000,25.200,270.0000,-9.369602
38.000,25.200,271.0000,4.960020
38.000,25.200,272.0000,-1.069940
38.000,25.200,273.0000,-3.191122
38.000,25.200,274.0000,-10.023812
38.000,25.200,275.0000,2.900796
38.000,25.200,276.0000,4.878852
38.000,25.200,277.0000,4.250826
38.000,25.200,278.0000,9.888586
38.000,25.200,279.0000,10.202929
38.000,25.200,280.0000,14.225364
38.000,25.200,281.0000,5.834710
38.000,25.200,282.0000,4.452940
38.000,25.200,283.0000,-1.433267
38.000,25.200,284.0000,-2.560529
38.000,25.200,285.0000,-3.817804
38.000,25.200,286.0000,10.377608
38.000,25.200,287.0000,3.221657
38.000,25.200,288.0000,-1.487639
38.000,25.200,289.0000,-2.624821
38.000,25.200,290.0000,4.421871
38.000,25.200,291.0000,1.098642
38.000,25.200,292.0000,-6.896140
38.000,25.200,293.0000,4.514271
38.000,25.200,294.0000,9.419094
38.000,25.200,295.0000,-8.917083
38.000,25.200,296.0000,-4.918507
38.000,25.200,297.0000,-4.643264
38.000,25.200,298.0000,2.715534
38.000,25.200,299.0000,-1.028109
38.000,25.200,300.0000,2.866063
38.000,25.200,301.0000,2.497183
38.000,25.200,302.0000,3.819007
38.000,25.200,303.0000,-5.161231
38.000,25.200,304.0000,-0.983822
38.000,25.200,305.0000,0.414824
38.000,25.200,306.0000,1.491269
38.000,25.200,307.0000,-4.626410
38.000,25.200,308.0000,3.369224
38.000,25.200,309.0000,3.315194
38.000,25.200,310.0000,6.094200
38.000,25.200,311.0000,0.257390
38.000,25.200,312.0000,12.970495
38.000,25.200,313.0000,-1.235229
38.000,25.200,314.0000,6.675726
38.000,25.200,315.0000,-1.789771
38.000,25.200,316.0000,9.361244
38.000,25.200,317.0000,-0.524877
38.000,25.200,318.0000,2.201327
38.000,25.200,319.0000,1.855395
38.000,25.200,320.0000,6.949999
38.000,25.200,321.0000,-3.754015
38.000,25.200,322.0000,-6.322366
38.000,25.200,323.0000,4.560770
38.000,25.200,324.0000,6.810593
38.000,25.200,325.0000,0.983244
38.000,25.200,326.0000,-2.724737
38.000,25.200,327.0000,-10.015219
38.000,25.200,328.0000,9.338961
38.000,25.200,329.0000,-18.117447
38.000,25.200,330.0000,-7.739560
38.000,25.200,331.0000,-0.280491
38.000,25.200,332.0000,3.127293
38.000,25.200,333.0000,7.333846
38.000,25.200,334.0000,7.309278
38.000,25.200,335.0000,0.336055
38.000,25.200,336.0000,-7.689482
38.000,25.200,337.0000,0.652968
38.000,25.200,338.0000,2.881260
38.000,25.200,339.0000,4.374360
38.000,25.200,340.0000,4.680361
38.000,25.200,341.0000,3.681618
38.000,25.200,342.0000,6.876607
38.000,25.200,343.0000,2.362112
38.000,25.200,344.0000,-2.843981
38.000,25.200,345.0000,0.601558
38.000,25.200,346.0000,-0.830760
38.000,25.200,347.0000,4.945308
38.000,25.200,348.0000,6.694194
38.000,25.200,349.0000,8.526601
38.000,25.200,350.0000,7.634924
38.000,25.200,351.0000,-1.111785
38.000,25.200,352.0000,5.022269
38.000,25.200,353.0000,-12.729586
38.000,25.200,354.0000,4.763100
38.000,25.200,355.0000,-8.663326
38.000,25.200,356.0000,-4.273507
38.000,25.200,357.0000,8.234323
38.000,25.200,358.0000,9.687202
38.000,25.200,359.0000,-1.802845
38.000,25.200,360.0000,8.737983
38.000,25.200,361.0000,-4.277804
38.000,25.200,362.0000,-13.420765
38.000,25.200,363.0000,5.446664
38.000,25.200,364.0000,-7.003818
38.000,25.200,365.0000,-7.856310
38.000,25.200,366.0000,-1.823202
38.000,25.200,367.0000,2.701889
38.000,25.200,368.0000,-6.612573
38.000,25.200,369.0000,-7.935465
38.000,25.200,370.0000,3.165639
38.000,25.200,371.0000,-5.682945
38.000,25.200,372.0000,10.192942
38.000,25.200,373.0000,6.755647
38.000,25.200,374.0000,-3.702254
38.000,25.200,375.0000,-1.819536
38.000,25.200,376.0000,2.699475
38.000,25.200,377.0000,4.663301
38.000,25.200,378.0000,9.686970
38.000,25.200,379.0000,7.920031
38.000,25.200,380.0000,0.741972
38.000,25.200,381.0000,2.041178
38.000,25.200,382.0000,-1.506303
38.000,25.200,383.0000,6.304832
38.000,25.200,384.0000,1.913190
38.000,25.200,385.0000,6.043875
38.000,25.200,386.0000,-9.526327
38.000,25.200,387.0000,-4.913240
38.000,25.200,388.0000,-6.185237
38.000,25.200,389.0000,-3.830825
38.000,25.200,390.0000,2.604282
38.000,25.200,391.0000,3.669006
38.000,25.200,392.0000,7.559531
38.000,25.200,393.0000,-9.824643
38.000,25.200,394.0000,14.591880
38.000,25.200,395.0000,0.781257
38.000,25.200,396.0000,3.775905
38.000,25.200,397.0000,-7.389866
38.000,25.200,398.0000,-7.015945
38.000,25.200,399.0000,-3.882340
38.000,25.200,400.0000,1.662580
38.000,25.200,401.0000,-3.606426
38.000,25.200,402.0000,-8.859040
38.000,25.200,403.0000,-10.318298
38.000,25.200,404.0000,1.818146
38.000,25.200,405.0000,-11.162526
38.000,25.200,406.0000,-3.316404
38.000,25.200,407.0000,-6.644297
38.000,25.200,408.0000,9.833227
38.000,25.200,409.0000,2.822469
38.000,25.200,410.0000,-4.892263
38.000,25.200,411.0000,4.340317
38.000,25.200,412.0000,12.255513
38.000,25.200,413.0000,-6.324463
38.000,25.200,414.0000,4.311620
38.000,25.200,415.0000,-2.735934
38.000,25.200,416.0000,8.158276
38.000,25.200,417.0000,-5.012701
38.000,25.200,418.0000,0.046244
38.000,25.200,419.0000,-9.404283
38.000,25.200,420.0000,3.926877
38.000,25.200,421.0000,-4.174279
38.000,25.200,422.0000,6.318871
38.000,25.200,423.0000,-3.199274
38.000,25.200,424.0000,4.327097
38.000,25.200,425.0000,5.860032
38.000,25.200,426.0000,2.934728
38.000,25.200,427.0000,-2.586434
38.000,25.200,428.0000,0.573204
38.000,25.200,429.0000,5.395369
38.000,25.200,430.0000,-0.080511
38.000,25.200,431.0000,-10.823372
38.000,25.200,432.0000,6.847037
38.000,25.200,433.0000,-6.529721
38.000,25.200,434.0000,8.518834
38.000,25.200,435.0000,-3.233266
38.000,25.200,436.0000,-0.115245
38.000,25.200,437.0000,0.294610
38.000,25.200,438.0000,-2.425836
38.000,25.200,439.0000,4.119345
38.000,25.200,440.0000,-5.315769
38.000,25.200,441.0000,3.643842
38.000,25.200,442.0000,3.396558
38.000,25.200,443.0000,0.182826
38.000,25.200,444.0000,-8.508538
38.000,25.200,445.0000,3.182057
38.000,25.200,446.0000,3.539136
38.000,25.200,447.0000,-5.804252
38.000,25.200,448.0000,10.432437
38.000,25.200,449.0000,-8.497735
38.000,25.200,450.0000,3.575841
38.000,25.200,451.0000,10.937994
38.000,25.200,452.0000,4.682698
38.000,25.200,453.0000,1.684213
38.000,25.200,454.0000,3.514418
38.000,25.200,455.0000,4.808920
38.000,25.200,456.0000,7.402605
38.000,25.200,457.0000,-6.391001
38.000,25.200,458.0000,-6.125562
38.000,25.200,459.0000,-1.978502
38.000,25.200,460.0000,-11.411011
38.000,25.200,461.0000,-1.969042
38.000,25.200,462.0000,-5.552045
38.000,25.200,463.0000,-5.002859
38.000,25.200,464.0000,4.286729
38.000,25.200,465.0000,10.293860
38.000,25.200,466.0000,5.509133
38.000,25.200,467.0000,-3.879304
38.000,25.200,468.0000,9.013544
38.000,25.200,469.0000,3.279300
38.000,25.200,470.0000,5.053671
38.000,25.200,471.0000,-2.609925
38.000,25.200,472.0000,-10.382356
38.000,25.200,473.0000,3.333994
38.000,25.200,474.0000,-4.300344
38.000,25.200,475.0000,7.114353
38.000,25.200,476.0000,6.296517
38.000,25.200,477.0000,-1.553772
38.000,25.200,478.0000,-13.932421
38.000,25.200,479.0000,2.841620
38.000,25.200,480.0000,-2.823978
38.000,25.200,481.0000,-6.675775
38.000,25.200,482.0000,-2.626464
38.000,25.200,483.0000,-1.226097
38.000,25.200,484.0000,-0.472684
38.000,25.200,485.0000,1.748075
38.000,25.200,486.0000,-2.494408
38.000,25.200,487.0000,-11.379273
38.000,25.200,488.0000,5.031949
38.000,25.200,489.0000,9.404671
38.000,25.200,490.0000,2.162368
38.000,25.200,491.0000,-1.180561
38.000,25.200,492.0000,5.112984
38.000,25.200,493.0000,1.856033
38.000,25.200,494.0000,-3.757670
38.000,25.200,495.0000,-2.968085
38.000,25.200,496.0000,2.491798
38.000,25.200,497.0000,-6.707136
38.000,25.200,498.0000,-0.539323
38.000,25.200,499.0000,-11.333965
38.000,25.200,500.0000,6.282149
38.000,25.200,501.0000,4.145757
38.000,25.200,502.0000,0.577860
38.000,25.200,503.0000,3.997055
38.000,25.200,504.0000,4.744266
38.000,25.200,505.0000,-1.925590
38.000,25.200,506.0000,-4.793061
38.000,25.200,507.0000,-1.716240
38.000,25.200,508.0000,0.017060
38.000,25.200,509.0000,5.761727
38.000,25.200,510.0000,2.163915
38.000,25.200,511.0000,-0.889467
38.000,25.200,512.0000,2.889846
38.000,25.200,513.0000,8.810187
38.000,25.200,514.0000,9.044371
38.000,25.200,515.0000,2.906226
38.000,25.200,516.0000,-6.899543
38.000,25.200,517.0000,0.947835
38.000,25.200,518.0000,15.790024
38.000,25.200,519.0000,11.641716
38.000,25.200,520.0000,-0.363086
38.000,25.200,521.0000,-1.951464
38.000,25.200,522.0000,-6.858473
38.000,25.200,523.0000,-0.660969
38.000,25.200,524.0000,-6.426194
38.000,25.200,525.0000,1.031852
38.000,25.200,526.0000,7.434551
38.000,25.200,527.0000,-3.649690
38.000,25.200,528.0000,-6.270020
38.000,25.200,529.0000,5.880363
38.000,25.200,530.0000,4.416226
38.000,25.200,531.0000,7.026959
38.000,25.200,532.0000,-5.521319
38.000,25.200,533.0000,4.568053
38.000,25.200,534.0000,1.870630
38.000,25.200,535.0000,0.658362
38.000,25.200,536.0000,-4.997095
38.000,25.200,537.0000,5.345162
38.000,25.200,538.0000,0.615151
38.000,25.200,539.0000,-2.901546
38.000,25.200,540.0000,12.948854
38.000,25.200,541.0000,5.444597
38.000,25.200,542.0000,7.478946
38.000,25.200,543.0000,4.583995
38.000,25.200,544.0000,1.676958
38.000,25.200,545.0000,4.521019
38.000,25.200,546.0000,-8.861143
38.000,25.200,547.0000,1.735689
38.000,25.200,548.0000,-0.131733
38.000,25.200,549.0000,-0.749469
38.000,25.200,550.0000,2.595331
38.000,25.200,551.0000,-0.683994
38.000,25.200,552.0000,1.189801
38.000,25.200,553.0000,-9.349774
38.000,25.200,554.0000,5.258093
38.000,25.200,555.0000,4.819425
38.000,25.200,556.0000,9.941165
38.000,25.200,557.0000,-3.152583
38.000,25.200,558.0000,-2.326264
38.000,25.200,559.0000,-5.033743
38.000,25.200,560.0000,-9.643096
38.000,25.200,561.0000,2.328292
38.000,25.200,562.0000,0.260163
38.000,25.200,563.0000,7.392656
38.000,25.200,564.0000,3.707431
38.000,25.200,565.0000,-9.185391
38.000,25.200,566.0000,2.980158
38.000,25.200,567.0000,0.779780
38.000,25.200,568.0000,0.832034
38.000,25.200,569.0000,-5.630085
38.000,25.200,570.0000,-6.809987
38.000,25.200,571.0000,5.490509
38.000,25.200,572.0000,8.020302
38.000,25.200,573.0000,2.631590
38.000,25.200,574.0000,0.874296
38.000,25.200,575.0000,-0.020452
38.000,25.200,576.0000,1.769675
38.000,25.200,577.0000,11.305524
38.000,25.200,578.0000,-3.394895
38.000,25.200,579.0000,10.283131
38.000,25.200,580.0000,5.320974
38.000,25.200,581.0000,-2.152865
38.000,25.200,582.0000,1.458763
38.000,25.200,583.0000,3.488460
38.000,25.200,584.0000,-4.485161
38.000,25.200,585.0000,-5.371996
38.000,25.200,586.0000,7.877338
38.000,25.200,587.0000,11.454535
38.000,25.200,588.0000,2.645812
38.000,25.200,589.0000,7.252048
38.000,25.200,590.0000,5.771788
38.000,25.200,591.0000,5.262808
38.000,25.200,592.0000,-0.530212
38.000,25.200,593.0000,6.926581
38.000,25.200,594.0000,5.677324
38.000,25.200,595.0000,11.020061
38.000,25.200,596.0000,6.267807
38.000,25.200,597.0000,6.362022
38.000,25.200,598.0000,-0.339792
38.000,25.200,599.0000,16.751754
38.000,25.200,600.0000,8.266143
38.000,25.200,601.0000,7.587096
38.000,25.200,602.0000,6.871136
38.000,25.200,603.0000,19.651464
38.000,25.200,604.0000,19.943922
38.000,25.200,605.0000,8.862201
38.000,25.200,606.0000,17.175994
38.000,25.200,607.0000,23.819707
38.000,25.200,608.0000,21.836920
38.000,25.200,609.0000,22.898696
38.000,25.200,610.0000,37.392474
38.000,25.200,611.0000,29.005894
38.000,25.200,612.0000,32.249628
38.000,25.200,613.0000,48.686222
38.000,25.200,614.0000,52.460115
38.000,25.200,615.0000,67.525270
38.000,25.200,616.0000,87.178508
38.000,25.200,617.0000,101.613100
38.000,25.200,618.0000,139.246150
38.000,25.200,619.0000,147.160868
38.000,25.200,620.0000,166.832426
38.000,25.200,621.0000,150.589967
38.000,25.200,622.0000,136.173997
38.000,25.200,623.0000,108.332797
38.000,25.200,624.0000,89.987955
38.000,25.200,625.0000,63.702096
38.000,25.200,626.0000,60.243771
38.000,25.200,627.0000,36.666989
38.000,25.200,628.0000,29.767677
38.000,25.200,629.0000,38.277053
38.000,25.200,630.0000,23.048058
38.000,25.200,631.0000,21.734249
38.000,25.200,632.0000,20.119930
38.000,25.200,633.0000,23.088501
38.000,25.200,634.0000,5.218302
38.000,25.200,635.0000,8.491670
38.000,25.200,636.0000,11.773188
38.000,25.200,637.0000,10.114206
38.000,25.200,638.0000,9.984654
38.000,25.200,639.0000,6.781326
38.000,25.200,640.0000,24.693589
38.000,25.200,641.0000,5.258645
38.000,25.200,642.0000,1.383855
38.000,25.200,643.0000,10.319304
38.000,25.200,644.0000,16.172849
38.000,25.200,645.0000,-5.103860
38.000,25.200,646.0000,11.095209
38.000,25.200,647.0000,5.041239
38.000,25.200,648.0000,9.580221
38.000,25.200,649.0000,14.180878
38.000,25.200,650.0000,6.637452
38.000,25.200,651.0000,1.705168
38.000,25.200,652.0000,0.007991
38.000,25.200,653.0000,0.404869
38.000,25.200,654.0000,-0.026689
38.000,25.200,655.0000,1.185146
38.000,25.200,656.0000,-3.201489
38.000,25.200,657.0000,-0.701562
38.000,25.200,658.0000,4.592584
38.000,25.200,659.0000,11.270816
38.000,25.200,660.0000,1.016359
38.000,25.200,661.0000,4.955754
38.000,25.200,662.0000,5.063228
38.000,25.200,663.0000,-2.839491
38.000,25.200,664.0000,-8.132927
38.000,25.200,665.0000,1.638174
38.000,25.200,666.0000,-7.811665
38.000,25.200,667.0000,-0.663388
38.000,25.200,668.0000,-3.212331
38.000,25.200,669.0000,9.185260
38.000,25.200,670.0000,1.494831
38.000,25.200,671.0000,-1.026636
38.000,25.200,672.0000,-5.740115
38.000,25.200,673.0000,-7.146196
38.000,25.200,674.0000,5.042181
38.000,25.200,675.0000,5.457860
38.000,25.200,676.0000,-4.429107
38.000,25.200,677.0000,5.781757
38.000,25.200,678.0000,-0.065355
38.000,25.200,679.0000,-1.886123
38.000,25.200,680.0000,-3.944097
38.000,25.200,681.0000,-3.338196
38.000,25.200,682.0000,-2.709765
38.000,25.200,683.0000,1.732891
38.000,25.200,684.0000,-0.171668
38.000,25.200,685.0000,-6.212477
38.000,25.200,686.0000,5.032512
38.000,25.200,687.0000,1.880605
38.000,25.200,688.0000,-0.626090
38.000,25.200,689.0000,10.159646
38.000,25.200,690.0000,-12.001246
38.000,25.200,691.0000,5.800465
38.000,25.200,692.0000,13.881832
38.000,25.200,693.0000,1.359989
38.000,25.200,694.0000,-1.525128
38.000,25.200,695.0000,-3.462385
38.000,25.200,696.0000,-7.082868
38.000,25.200,697.0000,1.264586
38.000,25.200,698.0000,9.864299
38.000,25.200,699.0000,10.277779
38.000,25.200,700.0000,-0.033112
38.000,25.200,701.0000,-6.245943
38.000,25.200,702.0000,1.160021
38.000,25.200,703.0000,-0.547793
38.000,25.200,704.0000,6.920158
38.000,25.200,705.0000,-5.698389
38.000,25.200,706.0000,-1.053608
38.000,25.200,707.0000,3.866543
38.000,25.200,708.0000,0.330383
38.000,25.200,709.0000,-2.194978
38.000,25.200,710.0000,-5.983465
38.000,25.200,711.0000,-1.509861
38.000,25.200,712.0000,-1.270611
38.000,25.200,713.0000,-5.111608
38.000,25.200,714.0000,1.731757
38.000,25.200,715.0000,9.176193
38.000,25.200,716.0000,14.551299
38.000,25.200,717.0000,-3.514027
38.000,25.200,718.0000,-3.042300
38.000,25.200,719.0000,-15.143324
38.000,25.200,720.0000,6.720282
38.000,25.200,721.0000,-3.346762
38.000,25.200,722.0000,-6.345973
38.000,25.200,723.0000,-5.939554
38.000,25.200,724.0000,-0.176217
38.000,25.200,725.0000,14.591166
38.000,25.200,726.0000,8.339038
38.000,25.200,727.0000,-3.620868
38.000,25.200,728.0000,8.543838
38.000,25.200,729.0000,-7.425649
38.000,25.200,730.0000,-3.681572
38.000,25.200,731.0000,2.477978
38.000,25.200,732.0000,-0.539394
38.000,25.200,733.0000,0.140392
38.000,25.200,734.0000,-5.775893
38.000,25.200,735.0000,-4.349659
38.000,25.200,736.0000,-7.221935
38.000,25.200,737.0000,10.124881
38.000,25.200,738.0000,14.630065
38.000,25.200,739.0000,1.058492
38.000,25.200,740.0000,-1.745476
38.000,25.200,741.0000,-0.763834
38.000,25.200,742.0000,-9.510417
38.000,25.200,743.0000,4.631622
38.000,25.200,744.0000,-3.703428
38.000,25.200,745.0000,-5.658756
38.000,25.200,746.0000,-10.931346
38.000,25.200,747.0000,13.340766
38.000,25.200,748.0000,-1.804241
38.000,25.200,749.0000,2.224699
38.000,25.200,750.0000,6.299375
38.000,25.200,751.0000,4.447657
38.000,25.200,752.0000,2.345624
38.000,25.200,753.0000,-2.057942
38.000,25.200,754.0000,8.319079
38.000,25.200,755.0000,-7.769982
38.000,25.200,756.0000,18.177232
38.000,25.200,757.0000,-7.076912
38.000,25.200,758.0000,4.559072
38.000,25.200,759.0000,17.146734
38.000,25.200,760.0000,5.696032
38.000,25.200,761.0000,-6.766393
38.000,25.200,762.0000,-6.767896
38.000,25.200,763.0000,4.624925
38.000,25.200,764.0000,-1.752884
38.000,25.200,765.0000,12.515687
38.000,25.200,766.0000,6.940965
38.000,25.200,767.0000,-9.307612
38.000,25.200,768.0000,-4.420206
38.000,25.200,769.0000,4.445586
38.000,25.200,770.0000,3.041427
38.000,25.200,771.0000,9.511153
38.000,25.200,772.0000,13.998712
38.000,25.200,773.0000,2.689451
38.000,25.200,774.0000,-2.672909
38.000,25.200,775.0000,-9.402649
38.000,25.200,776.0000,1.180204
38.000,25.200,777.0000,5.438803
38.000,25.200,778.0000,10.504278
38.000,25.200,779.0000,6.558321
38.000,25.200,780.0000,13.786592
38.000,25.200,781.0000,17.387461
38.000,25.200,782.0000,22.737024
38.000,25.200,783.0000,9.823735
38.000,25.200,784.0000,22.752685
38.000,25.200,785.0000,29.812722
38.000,25.200,786.0000,42.019964
38.000,25.200,787.0000,21.126016
38.000,25.200,788.0000,36.618065
38.000,25.200,789.0000,51.402903
38.000,25.200,790.0000,58.086094
38.000,25.200,791.0000,62.097324
38.000,25.200,792.0000,58.802977
38.000,25.200,793.0000,75.231482
38.000,25.200,794.0000,89.001440
38.000,25.200,795.0000,80.133370
38.000,25.200,796.0000,80.267234
38.000,25.200,797.0000,83.275625
38.000,25.200,798.0000,66.622147
38.000,25.200,799.0000,63.093205
38.000,25.200,800.0000,54.728493
38.000,25.200,801.0000,46.242440
38.000,25.200,802.0000,32.587406
38.000,25.200,803.0000,31.810607
38.000,25.200,804.0000,28.225567
38.000,25.200,805.0000,19.690787
38.000,25.200,806.0000,18.251483
38.000,25.200,807.0000,16.022545
38.000,25.200,808.0000,25.440243
38.000,25.200,809.0000,11.778078
38.000,25.200,810.0000,15.519611
38.000,25.200,811.0000,12.830616
38.000,25.200,812.0000,8.476547
38.000,25.200,813.0000,17.331509
38.000,25.200,814.0000,16.205396
38.000,25.200,815.0000,10.826222
38.000,25.200,816.0000,3.993071
38.000,25.200,817.0000,1.744800
38.000,25.200,818.0000,14.818733
38.000,25.200,819.0000,8.543534
38.000,25.200,820.0000,12.081492
38.000,25.200,821.0000,2.390307
38.000,25.200,822.0000,21.010602
38.000,25.200,823.0000,10.205542
38.000,25.200,824.0000,3.486844
38.000,25.200,825.0000,2.076394
38.000,25.200,826.0000,11.390847
38.000,25.200,827.0000,1.966827
38.000,25.200,828.0000,-12.058643
38.000,25.200,829.0000,8.405129
38.000,25.200,830.0000,5.893793
38.000,25.200,831.0000,-1.738076
38.000,25.200,832.0000,7.555688
38.000,25.200,833.0000,4.929535
38.000,25.200,834.0000,-4.981213
38.000,25.200,835.0000,-4.761880
38.000,25.200,836.0000,-3.304077
38.000,25.200,837.0000,-1.754231
38.000,25.200,838.0000,4.108496
38.000,25.200,839.0000,4.415062
38.000,25.200,840.0000,2.024385
38.000,25.200,841.0000,5.061804
38.000,25.200,842.0000,1.038327
38.000,25.200,843.0000,11.496803
38.000,25.200,844.0000,0.807457
38.000,25.200,845.0000,-1.226900
38.000,25.200,846.0000,3.649906
38.000,25.200,847.0000,1.990681
38.000,25.200,848.0000,-2.423938
38.000,25.200,849.0000,4.219638
38.000,25.200,850.0000,-3.096455
38.000,25.200,851.0000,2.265268
38.000,25.200,852.0000,2.738660
38.000,25.200,853.0000,0.754364
38.000,25.200,854.0000,-0.572447
38.000,25.200,855.0000,-4.093564
38.000,25.200,856.0000,8.843661
38.000,25.200,857.0000,2.312031
38.000,25.200,858.0000,6.962852
38.000,25.200,859.0000,4.773612
38.000,25.200,860.0000,-0.478483
38.000,25.200,861.0000,2.373937
38.000,25.200,862.0000,0.511348
38.000,25.200,863.0000,-4.316279
38.000,25.200,864.0000,5.890367
38.000,25.200,865.0000,-0.941746
38.000,25.200,866.0000,1.668185
38.000,25.200,867.0000,2.439728
38.000,25.200,868.0000,4.995156
38.000,25.200,869.0000,-0.495049
38.000,25.200,870.0000,-4.128884
38.000,25.200,871.0000,9.527874
38.000,25.200,872.0000,0.961926
38.000,25.200,873.0000,4.447480
38.000,25.200,874.0000,7.701136
38.000,25.200,875.0000,-0.339982
38.000,25.200,876.0000,7.360917
38.000,25.200,877.0000,-3.941137
38.000,25.200,878.0000,-3.484170
38.000,25.200,879.0000,5.054188
38.000,25.200,880.0000,4.006826
38.000,25.200,881.0000,-4.785831
38.000,25.200,882.0000,2.168933
38.000,25.200,883.0000,5.083365
38.000,25.200,884.0000,5.045068
38.000,25.200,885.0000,6.906277
38.000,25.200,886.0000,0.409047
38.000,25.200,887.0000,2.193469
38.000,25.200,888.0000,-3.477640
38.000,25.200,889.0000,1.527249
38.000,25.200,890.0000,-0.479928
38.000,25.200,891.0000,2.337840
38.000,25.200,892.0000,4.849996
38.000,25.200,893.0000,1.408121
38.000,25.200,894.0000,2.004187
38.000,25.200,895.0000,5.047875
38.000,25.200,896.0000,-4.283242
38.000,25.200,897.0000,13.357043
38.000,25.200,898.0000,4.788442
38.000,25.200,899.0000,-4.866707
38.000,25.200,900.0000,1.753428
38.000,25.200,901.0000,-4.985781
38.000,25.200,902.0000,6.112379
38.000,25.200,903.0000,1.375902
38.000,25.200,904.0000,6.543828
38.000,25.200,905.0000,-0.670184
38.000,25.200,906.0000,2.122595
38.000,25.200,907.0000,7.767974
38.000,25.200,908.0000,8.083799
38.000,25.200,909.0000,1.392197
38.000,25.200,910.0000,7.856993
38.000,25.200,911.0000,20.786760
38.000,25.200,912.0000,-0.822711
38.000,25.200,913.0000,1.219705
38.000,25.200,914.0000,12.360467
38.000,25.200,915.0000,-1.366090
38.000,25.200,916.0000,-0.946167
38.000,25.200,917.0000,2.180809
38.000,25.200,918.0000,6.070454
38.000,25.200,919.0000,1.509454
38.000,25.200,920.0000,3.103428
38.000,25.200,921.0000,1.223690
38.000,25.200,922.0000,9.088907
38.000,25.200,923.0000,-3.655214
38.000,25.200,924.0000,14.850355
38.000,25.200,925.0000,10.454237
38.000,25.200,926.0000,7.167550
38.000,25.200,927.0000,1.686491
38.000,25.200,928.0000,-1.443399
38.000,25.200,929.0000,4.221481
38.000,25.200,930.0000,10.432120
38.000,25.200,931.0000,-6.579975
38.000,25.200,932.0000,13.515822
38.000,25.200,933.0000,5.080040
38.000,25.200,934.0000,5.596751
38.000,25.200,935.0000,0.126832
38.000,25.200,936.0000,6.008306
38.000,25.200,937.0000,4.500340
38.000,25.200,938.0000,-2.381564
38.000,25.200,939.0000,0.712620
38.000,25.200,940.0000,7.762597
38.000,25.200,941.0000,11.720926
38.000,25.200,942.0000,-2.225769
38.000,25.200,943.0000,0.989682
38.000,25.200,944.0000,10.379321
38.000,25.200,945.0000,7.287670
38.000,25.200,946.0000,7.183963
38.000,25.200,947.0000,3.329863
38.000,25.200,948.0000,0.888899
38.000,25.200,949.0000,8.701439
38.000,25.200,950.0000,9.427833
38.000,25.200,951.0000,5.563321
38.000,25.200,952.0000,-2.278047
38.000,25.200,953.0000,8.114651
38.000,25.200,954.0000,7.788736
38.000,25.200,955.0000,14.734632
38.000,25.200,956.0000,-3.677849
38.000,25.200,957.0000,4.945508
38.000,25.200,958.0000,3.958297
38.000,25.200,959.0000,12.692339
38.000,25.200,960.0000,1.950328
38.000,25.200,961.0000,5.966199
38.000,25.200,962.0000,18.024446
38.000,25.200,963.0000,7.615640
38.000,25.200,964.0000,3.929091
38.000,25.200,965.0000,3.745312
38.000,25.200,966.0000,12.405457
38.000,25.200,967.0000,10.045508
38.000,25.200,968.0000,4.017959
38.000,25.200,969.0000,10.726889
38.000,25.200,970.0000,9.209771
38.000,25.200,971.0000,8.878050
38.000,25.200,972.0000,13.972623
38.000,25.200,973.0000,11.405384
38.000,25.200,974.0000,1.133972
38.000,25.200,975.0000,24.876020
38.000,25.200,976.0000,16.782104
38.000,25.200,977.0000,16.460827
38.000,25.200,978.0000,24.053442
38.000,25.200,979.0000,16.477482
38.000,25.200,980.0000,23.288963
38.000,25.200,981.0000,24.975094
38.000,25.200,982.0000,22.372646
38.000,25.200,983.0000,26.509263
38.000,25.200,984.0000,30.359271
38.000,25.200,985.0000,42.469729
38.000,25.200,986.0000,39.501812
38.000,25.200,987.0000,41.830758
38.000,25.200,988.0000,55.533878
38.000,25.200,989.0000,62.739352
38.000,25.200,990.0000,82.305517
38.000,25.200,991.0000,82.373546
38.000,25.200,992.0000,98.073143
38.000,25.200,993.0000,116.095655
38.000,25.200,994.0000,150.742800
38.000,25.200,995.0000,164.698551
38.000,25.200,996.0000,240.011628
38.000,25.200,997.0000,328.037167
38.000,25.200,998.0000,463.555159
38.000,25.200,999.0000,620.879142
38.000,25.200,1000.0000,817.803953
38.000,25.200,1001.0000,902.077577
38.000,25.200,1002.0000,808.091824
38.000,25.200,1003.0000,636.871313
38.000,25.200,1004.0000,449.739550
38.000,25.200,1005.0000,340.529826
38.000,25.200,1006.0000,236.747434
38.000,25.200,1007.0000,178.223619
38.000,25.200,1008.0000,138.745808
38.000,25.200,1009.0000,123.909941
38.000,25.200,1010.0000,97.937423
38.000,25.200,1011.0000,87.370000
38.000,25.200,1012.0000,75.949671
38.000,25.200,1013.0000,74.352086
38.000,25.200,1014.0000,61.557371
38.000,25.200,1015.0000,59.498072
38.000,25.200,1016.0000,66.279464
38.000,25.200,1017.0000,63.203332
38.000,25.200,1018.0000,51.501549
38.000,25.200,1019.0000,58.713836
38.000,25.200,1020.0000,46.301741
38.000,25.200,1021.0000,55.021465
38.000,25.200,1022.0000,67.125933
38.000,25.200,1023.0000,62.247270
38.000,25.200,1024.0000,89.504788
38.000,25.200,1025.0000,111.828878
38.000,25.200,1026.0000,138.161609
38.000,25.200,1027.0000,169.982443
38.000,25.200,1028.0000,227.040944
38.000,25.200,1029.0000,301.862971
38.000,25.200,1030.0000,353.726210
38.000,25.200,1031.0000,376.443162
38.000,25.200,1032.0000,362.972093
38.000,25.200,1033.0000,295.190241
38.000,25.200,1034.0000,225.132843
38.000,25.200,1035.0000,158.054501
38.000,25.200,1036.0000,140.475865
38.000,25.200,1037.0000,107.131767
38.000,25.200,1038.0000,94.509729
38.000,25.200,1039.0000,68.308284
38.000,25.200,1040.0000,48.351201
38.000,25.200,1041.0000,60.887999
38.000,25.200,1042.0000,42.674342
38.000,25.200,1043.0000,35.114077
38.000,25.200,1044.0000,36.658022
38.000,25.200,1045.0000,23.897274
38.000,25.200,1046.0000,26.743986
38.000,25.200,1047.0000,23.245489
38.000,25.200,1048.0000,23.013197
38.000,25.200,1049.0000,11.751583
38.000,25.200,1050.0000,5.335602
38.000,25.200,1051.0000,11.434600
38.000,25.200,1052.0000,16.510604
38.000,25.200,1053.0000,17.296534
38.000,25.200,1054.0000,9.833042
38.000,25.200,1055.0000,1.686420
38.000,25.200,1056.0000,16.419721
38.000,25.200,1057.0000,9.088789
38.000,25.200,1058.0000,10.666682
38.000,25.200,1059.0000,9.110314
38.000,25.200,1060.0000,8.880937
38.000,25.200,1061.0000,-1.586130
38.000,25.200,1062.0000,15.942533
38.000,25.200,1063.0000,6.761101
38.000,25.200,1064.0000,11.704723
38.000,25.200,1065.0000,-4.361566
38.000,25.200,1066.0000,-2.546174
38.000,25.200,1067.0000,12.964450
38.000,25.200,1068.0000,-7.472530
38.000,25.200,1069.0000,2.644905
38.000,25.200,1070.0000,8.289055
38.000,25.200,1071.0000,11.076582
38.000,25.200,1072.0000,0.974581
38.000,25.200,1073.0000,12.430771
38.000,25.200,1074.0000,9.591369
38.000,25.200,1075.0000,2.662984
38.000,25.200,1076.0000,2.104173
38.000,25.200,1077.0000,-1.427053
38.000,25.200,1078.0000,-4.919240
38.000,25.200,1079.0000,5.755009
38.000,25.200,1080.0000,-1.293255
38.000,25.200,1081.0000,10.251401
38.000,25.200,1082.0000,8.017582
38.000,25.200,1083.0000,1.417521
38.000,25.200,1084.0000,-0.050193
38.000,25.200,1085.0000,6.519546
38.000,25.200,1086.0000,8.589298
38.000,25.200,1087.0000,5.644698
38.000,25.200,1088.0000,5.898485
38.000,25.200,1089.0000,11.130856
38.000,25.200,1090.0000,11.221499
38.000,25.200,1091.0000,-6.326863
38.000,25.200,1092.0000,7.211063
38.000,25.200,1093.0000,12.393909
38.000,25.200,1094.0000,-1.446122
38.000,25.200,1095.0000,9.151966
38.000,25.200,1096.0000,5.786401
38.000,25.200,1097.0000,6.437637
38.000,25.200,1098.0000,3.422509
38.000,25.200,1099.0000,7.710847
38.000,25.200,1100.0000,-2.590262
38.000,25.200,1101.0000,-1.717518
38.000,25.200,1102.0000,0.159481
38.000,25.200,1103.0000,1.597374
38.000,25.200,1104.0000,-6.306945
38.000,25.200,1105.0000,0.973555
38.000,25.200,1106.0000,2.986212
38.000,25.200,1107.0000,3.027219
38.000,25.200,1108.0000,0.358001
38.000,25.200,1109.0000,0.665444
38.000,25.200,1110.0000,-1.432631
38.000,25.200,1111.0000,4.577154
38.000,25.200,1112.0000,-4.757194
38.000,25.200,1113.0000,0.994654
38.000,25.200,1114.0000,0.105284
38.000,25.200,1115.0000,-2.916871
38.000,25.200,1116.0000,7.317210
38.000,25.200,1117.0000,-3.962742
38.000,25.200,1118.0000,-5.176082
38.000,25.200,1119.0000,5.319469
38.000,25.200,1120.0000,-0.598316
38.000,25.200,1121.0000,6.012635
38.000,25.200,1122.0000,1.488601
38.000,25.200,1123.0000,2.654273
38.000,25.200,1124.0000,6.897763
38.000,25.200,1125.0000,8.292659
38.000,25.200,1126.0000,15.216538
38.000,25.200,1127.0000,0.339295
38.000,25.200,1128.0000,17.766952
38.000,25.200,1129.0000,13.166014
38.000,25.200,1130.0000,6.041170
38.000,25.200,1131.0000,7.105423
38.000,25.200,1132.0000,-5.652827
38.000,25.200,1133.0000,6.977514
38.000,25.200,1134.0000,15.000578
38.000,25.200,1135.0000,9.420316
38.000,25.200,1136.0000,0.022706
38.000,25.200,1137.0000,16.596770
38.000,25.200,1138.0000,18.903217
38.000,25.200,1139.0000,18.920312
38.000,25.200,1140.0000,15.566905
38.000,25.200,1141.0000,29.349631
38.000,25.200,1142.0000,11.852501
38.000,25.200,1143.0000,20.761037
38.000,25.200,1144.0000,19.321178
38.000,25.200,1145.0000,24.090453
38.000,25.200,1146.0000,17.204776
38.000,25.200,1147.0000,39.006076
38.000,25.200,1148.0000,55.082700
38.000,25.200,1149.0000,58.299088
38.000,25.200,1150.0000,59.978863
38.000,25.200,1151.0000,85.118335
38.000,25.200,1152.0000,91.413451
38.000,25.200,1153.0000,118.999104
38.000,25.200,1154.0000,123.233037
38.000,25.200,1155.0000,124.201635
38.000,25.200,1156.0000,127.847233
38.000,25.200,1157.0000,118.119850
38.000,25.200,1158.0000,78.879406
38.000,25.200,1159.0000,82.421299
38.000,25.200,1160.0000,66.307049
38.000,25.200,1161.0000,56.979393
38.000,25.200,1162.0000,40.852610
38.000,25.200,1163.0000,41.172814
38.000,25.200,1164.0000,30.583035
38.000,25.200,1165.0000,38.360926
38.000,25.200,1166.0000,24.763276
38.000,25.200,1167.0000,27.405885
38.000,25.200,1168.0000,25.273941
38.000,25.200,1169.0000,29.931637
38.000,25.200,1170.0000,38.168815
38.000,25.200,1171.0000,30.319914
38.000,25.200,1172.0000,37.479843
38.000,25.200,1173.0000,44.127455
38.000,25.200,1174.0000,28.827669
38.000,25.200,1175.0000,32.674010
38.000,25.200,1176.0000,38.323510
38.000,25.200,1177.0000,49.725923
38.000,25.200,1178.0000,51.678775
38.000,25.200,1179.0000,80.567068
38.000,25.200,1180.0000,72.436595
38.000,25.200,1181.0000,104.060962
38.000,25.200,1182.0000,110.069420
38.000,25.200,1183.0000,107.826948
38.000,25.200,1184.0000,104.317526
38.000,25.200,1185.0000,83.874664
38.000,25.200,1186.0000,76.864246
38.000,25.200,1187.0000,66.658262
38.000,25.200,1188.0000,54.009140
38.000,25.200,1189.0000,33.973221
38.000,25.200,1190.0000,38.762803
38.000,25.200,1191.0000,30.876163
38.000,25.200,1192.0000,28.256029
38.000,25.200,1193.0000,15.689414
38.000,25.200,1194.0000,21.640169
38.000,25.200,1195.0000,13.924579
38.000,25.200,1196.0000,12.982654
38.000,25.200,1197.0000,13.641146
38.000,25.200,1198.0000,4.185694
38.000,25.200,1199.0000,18.909602
38.000,25.200,1200.0000,3.967028
38.000,25.200,1201.0000,-3.283617
38.000,25.200,1202.0000,7.611411
38.000,25.200,1203.0000,11.783011
38.000,25.200,1204.0000,11.668834
38.000,25.200,1205.0000,6.173029
38.000,25.200,1206.0000,4.907917
38.000,25.200,1207.0000,1.196384
38.000,25.200,1208.0000,8.427823
38.000,25.200,1209.0000,-4.832528
38.000,25.200,1210.0000,-0.035824
38.000,25.200,1211.0000,7.821855
38.000,25.200,1212.0000,-0.235259
38.000,25.200,1213.0000,1.931692
38.000,25.200,1214.0000,7.025599
38.000,25.200,1215.0000,8.315444
38.000,25.200,1216.0000,14.470908
38.000,25.200,1217.0000,4.137953
38.000,25.200,1218.0000,-1.901481
38.000,25.200,1219.0000,7.079782
38.000,25.200,1220.0000,6.460655
38.000,25.200,1221.0000,-2.858353
38.000,25.200,1222.0000,0.129002
38.000,25.200,1223.0000,-6.644323
38.000,25.200,1224.0000,-6.041197
38.000,25.200,1225.0000,-10.293695
38.000,25.200,1226.0000,8.188209
38.000,25.200,1227.0000,-3.500070
38.000,25.200,1228.0000,1.062907
38.000,25.200,1229.0000,-3.244180
38.000,25.200,1230.0000,3.000741
38.000,25.200,1231.0000,2.863304
38.000,25.200,1232.0000,0.123782
38.000,25.200,1233.0000,-1.252880
38.000,25.200,1234.0000,-4.308677
38.000,25.200,1235.0000,3.517901
38.000,25.200,1236.0000,1.503884
38.000,25.200,1237.0000,0.729871
38.000,25.200,1238.0000,-1.870588
38.000,25.200,1239.0000,5.059401
38.000,25.200,1240.0000,-6.295929
38.000,25.200,1241.0000,2.437994
38.000,25.200,1242.0000,12.387509
38.000,25.200,1243.0000,-5.874078
38.000,25.200,1244.0000,7.655939
38.000,25.200,1245.0000,11.455164
38.000,25.200,1246.0000,10.710886
38.000,25.200,1247.0000,-5.473018
38.000,25.200,1248.0000,0.223614
38.000,25.200,1249.0000,-3.780254
38.000,25.200,1250.0000,-1.713674
38.000,25.200,1251.0000,-5.205787
38.000,25.200,1252.0000,-15.233078
38.000,25.200,1253.0000,0.833228
38.000,25.200,1254.0000,10.501209
38.000,25.200,1255.0000,1.740215
38.000,25.200,1256.0000,-2.883464
38.000,25.200,1257.0000,-6.920706
38.000,25.200,1258.0000,7.306758
38.000,25.200,1259.0000,-5.292702
38.000,25.200,1260.0000,6.752210
38.000,25.200,1261.0000,8.137554
38.000,25.200,1262.0000,-6.726998
38.000,25.200,1263.0000,2.707209
38.000,25.200,1264.0000,2.498559
38.000,25.200,1265.0000,1.388122
38.000,25.200,1266.0000,-5.508954
38.000,25.200,1267.0000,7.129717
38.000,25.200,1268.0000,-1.200614
38.000,25.200,1269.0000,2.452847
38.000,25.200,1270.0000,-2.437799
38.000,25.200,1271.0000,4.163748
38.000,25.200,1272.0000,-3.075620
38.000,25.200,1273.0000,4.978374
38.000,25.200,1274.0000,0.970334
38.000,25.200,1275.0000,-5.178962
38.000,25.200,1276.0000,0.628064
38.000,25.200,1277.0000,-9.329405
38.000,25.200,1278.0000,3.404505
38.000,25.200,1279.0000,-1.597627
38.000,25.200,1280.0000,1.491286
38.000,25.200,1281.0000,4.108479
38.000,25.200,1282.0000,5.374282
38.000,25.200,1283.0000,13.077194
38.000,25.200,1284.0000,5.126421
38.000,25.200,1285.0000,-7.772116
38.000,25.200,1286.0000,-1.719749
38.000,25.200,1287.0000,10.231781
38.000,25.200,1288.0000,-5.192249
38.000,25.200,1289.0000,8.409863
38.000,25.200,1290.0000,4.664308
38.000,25.200,1291.0000,0.070890
38.000,25.200,1292.0000,8.359645
38.000,25.200,1293.0000,1.380372
38.000,25.200,1294.0000,4.750236
38.000,25.200,1295.0000,-4.029092
38.000,25.200,1296.0000,5.536223
38.000,25.200,1297.0000,-6.989863
38.000,25.200,1298.0000,13.765457
38.000,25.200,1299.0000,0.345556
38.000,25.200,1300.0000,2.588621
38.000,25.200,1301.0000,-7.135294
38.000,25.200,1302.0000,6.133639
38.000,25.200,1303.0000,-2.472166
38.000,25.200,1304.0000,-10.569329
38.000,25.200,1305.0000,-1.131775
38.000,25.200,1306.0000,-8.847734
38.000,25.200,1307.0000,9.391150
38.000,25.200,1308.0000,2.825738
38.000,25.200,1309.0000,-3.394070
38.000,25.200,1310.0000,11.105369
38.000,25.200,1311.0000,8.971142
38.000,25.200,1312.0000,-10.416195
38.000,25.200,1313.0000,1.335040
38.000,25.200,1314.0000,16.816510
38.000,25.200,1315.0000,3.962919
38.000,25.200,1316.0000,-3.917869
38.000,25.200,1317.0000,-3.453697
38.000,25.200,1318.0000,-0.840819
38.000,25.200,1319.0000,-7.087582
38.000,25.200,1320.0000,9.457258
38.000,25.200,1321.0000,1.320205
38.000,25.200,1322.0000,4.646426
38.000,25.200,1323.0000,-1.640092
38.000,25.200,1324.0000,0.551928
38.000,25.200,1325.0000,7.498570
38.000,25.200,1326.0000,4.608276
38.000,25.200,1327.0000,-0.782818
38.000,25.200,1328.0000,-9.413255
38.000,25.200,1329.0000,-3.697518
38.000,25.200,1330.0000,-0.609634
38.000,25.200,1331.0000,3.895836
38.000,25.200,1332.0000,-5.210708
38.000,25.200,1333.0000,1.459150
38.000,25.200,1334.0000,-2.229458
38.000,25.200,1335.0000,11.615706
38.000,25.200,1336.0000,4.573795
38.000,25.200,1337.0000,5.990753
38.000,25.200,1338.0000,17.133820
38.000,25.200,1339.0000,-13.651744
38.000,25.200,1340.0000,-9.534598
38.000,25.200,1341.0000,-7.860386
38.000,25.200,1342.0000,12.347359
38.000,25.200,1343.0000,4.131419
38.000,25.200,1344.0000,-2.834617
38.000,25.200,1345.0000,-4.748738
38.000,25.200,1346.0000,2.085339
38.000,25.200,1347.0000,-3.629441
38.000,25.200,1348.0000,-1.653091
38.000,25.200,1349.0000,-1.274142
38.000,25.200,1350.0000,-0.444404
38.000,25.200,1351.0000,1.691094
38.000,25.200,1352.0000,-5.207682
38.000,25.200,1353.0000,-0.115956
38.000,25.200,1354.0000,-11.777060
38.000,25.200,1355.0000,7.588463
38.000,25.200,1356.0000,3.801744
38.000,25.200,1357.0000,3.903453
38.000,25.200,1358.0000,8.113127
38.000,25.200,1359.0000,4.021155
38.000,25.200,1360.0000,-5.342392
38.000,25.200,1361.0000,0.579864
38.000,25.200,1362.0000,-1.052963
38.000,25.200,1363.0000,12.407469
38.000,25.200,1364.0000,-1.523181
38.000,25.200,1365.0000,0.811432
38.000,25.200,1366.0000,10.301100
38.000,25.200,1367.0000,5.804639
38.000,25.200,1368.0000,-11.193858
38.000,25.200,1369.0000,11.589797
38.000,25.200,1370.0000,-0.282058
38.000,25.200,1371.0000,-0.463946
38.000,25.200,1372.0000,2.054033
38.000,25.200,1373.0000,11.407655
38.000,25.200,1374.0000,-6.341150
38.000,25.200,1375.0000,-3.621250
38.000,25.200,1376.0000,-3.915124
38.000,25.200,1377.0000,2.473875
38.000,25.200,1378.0000,0.391972
38.000,25.200,1379.0000,1.336727
38.000,25.200,1380.0000,-6.471057
38.000,25.200,1381.0000,4.643752
38.000,25.200,1382.0000,13.211209
38.000,25.200,1383.0000,3.019692
38.000,25.200,1384.0000,4.657108
38.000,25.200,1385.0000,13.834154
38.000,25.200,1386.0000,9.239224
38.000,25.200,1387.0000,9.298226
38.000,25.200,1388.0000,-5.827791
38.000,25.200,1389.0000,-8.090503
38.000,25.200,1390.0000,-4.745478
38.000,25.200,1391.0000,8.480582
38.000,25.200,1392.0000,-5.949392
38.000,25.200,1393.0000,-8.606099
38.000,25.200,1394.0000,0.537740
38.000,25.200,1395.0000,3.880065
38.000,25.200,1396.0000,6.150748
38.000,25.200,1397.0000,3.210397
38.000,25.200,1398.0000,14.233687
38.000,25.200,1399.0000,7.977666
38.000,25.200,1400.0000,-1.471546
38.000,25.200,1401.0000,7.735253
38.000,25.200,1402.0000,4.473157
38.000,25.200,1403.0000,1.807127
38.000,25.200,1404.0000,3.747336
38.000,25.200,1405.0000,14.064291
38.000,25.200,1406.0000,5.829213
38.000,25.200,1407.0000,10.267524
38.000,25.200,1408.0000,8.339133
38.000,25.200,1409.0000,6.866001
38.000,25.200,1410.0000,2.551018
38.000,25.200,1411.0000,-0.872968
38.000,25.200,1412.0000,6.937912
38.000,25.200,1413.0000,10.044487
38.000,25.200,1414.0000,5.531641
38.000,25.200,1415.0000,-1.594306
38.000,25.200,1416.0000,6.010422
38.000,25.200,1417.0000,2.380649
38.000,25.200,1418.0000,9.866773
38.000,25.200,1419.0000,8.830990
38.000,25.200,1420.0000,-2.641205
38.000,25.200,1421.0000,8.660850
38.000,25.200,1422.0000,18.303521
38.000,25.200,1423.0000,20.394125
38.000,25.200,1424.0000,16.343420
38.000,25.200,1425.0000,23.749866
38.000,25.200,1426.0000,14.014011
38.000,25.200,1427.0000,18.150864
38.000,25.200,1428.0000,10.715547
38.000,25.200,1429.0000,20.777140
38.000,25.200,1430.0000,18.559660
38.000,25.200,1431.0000,31.913861
38.000,25.200,1432.0000,29.704997
38.000,25.200,1433.0000,25.794003
38.000,25.200,1434.0000,22.922448
38.000,25.200,1435.0000,40.854352
38.000,25.200,1436.0000,30.788114
38.000,25.200,1437.0000,51.238868
38.000,25.200,1438.0000,55.953564
38.000,25.200,1439.0000,63.955923
38.000,25.200,1440.0000,67.242150
38.000,25.200,1441.0000,84.456061
38.000,25.200,1442.0000,83.511665
38.000,25.200,1443.0000,98.886440
38.000,25.200,1444.0000,120.566150
38.000,25.200,1445.0000,127.381158
38.000,25.200,1446.0000,146.561520
38.000,25.200,1447.0000,163.518151
38.000,25.200,1448.0000,193.175002
38.000,25.200,1449.0000,200.720573
38.000,25.200,1450.0000,193.058912
38.000,25.200,1451.0000,175.978613
38.000,25.200,1452.0000,176.874189
38.000,25.200,1453.0000,168.302978
38.000,25.200,1454.0000,142.816997
38.000,25.200,1455.0000,123.807725
38.000,25.200,1456.0000,110.916851
38.000,25.200,1457.0000,92.690509
38.000,25.200,1458.0000,89.866131
38.000,25.200,1459.0000,74.893678
38.000,25.200,1460.0000,71.032544
38.000,25.200,1461.0000,46.248550
38.000,25.200,1462.0000,51.049962
38.000,25.200,1463.0000,50.342997
38.000,25.200,1464.0000,33.330576
38.000,25.200,1465.0000,37.378211
38.000,25.200,1466.0000,37.928218
38.000,25.200,1467.0000,23.013330
38.000,25.200,1468.0000,31.956129
38.000,25.200,1469.0000,24.434856
38.000,25.200,1470.0000,29.261687
38.000,25.200,1471.0000,20.117655
38.000,25.200,1472.0000,16.870586
38.000,25.200,1473.0000,26.457483
38.000,25.200,1474.0000,22.425185
38.000,25.200,1475.0000,12.681539
38.000,25.200,1476.0000,13.267519
38.000,25.200,1477.0000,17.326063
38.000,25.200,1478.0000,19.334257
38.000,25.200,1479.0000,15.724493
38.000,25.200,1480.0000,14.600352
38.000,25.200,1481.0000,14.311499
38.000,25.200,1482.0000,27.021040
38.000,25.200,1483.0000,2.732669
38.000,25.200,1484.0000,6.973093
38.000,25.200,1485.0000,3.403171
38.000,25.200,1486.0000,2.506982
38.000,25.200,1487.0000,17.383258
38.000,25.200,1488.0000,6.817893
38.000,25.200,1489.0000,1.365625
38.000,25.200,1490.0000,4.513410
38.000,25.200,1491.0000,2.319245
38.000,25.200,1492.0000,-0.948954
38.000,25.200,1493.0000,13.443140
38.000,25.200,1494.0000,13.667540
38.000,25.200,1495.0000,6.458334
38.000,25.200,1496.0000,-3.835801
38.000,25.200,1497.0000,12.431326
38.000,25.200,1498.0000,11.657734
38.000,25.200,1499.0000,-0.707345
38.000,25.200,1500.0000,-2.736238
38.000,25.200,1501.0000,-1.622826
38.000,25.200,1502.0000,-2.889558
38.000,25.200,1503.0000,9.243125
38.000,25.200,1504.0000,-8.286971
38.000,25.200,1505.0000,5.012783
38.000,25.200,1506.0000,10.365355
38.000,25.200,1507.0000,12.994837
38.000,25.200,1508.0000,9.587185
38.000,25.200,1509.0000,4.560611
38.000,25.200,1510.0000,-1.168962
38.000,25.200,1511.0000,6.225240
38.000,25.200,1512.0000,2.277698
38.000,25.200,1513.0000,5.487329
38.000,25.200,1514.0000,5.502604
38.000,25.200,1515.0000,-2.588340
38.000,25.200,1516.0000,14.564486
38.000,25.200,1517.0000,-4.887579
38.000,25.200,1518.0000,3.074426
38.000,25.200,1519.0000,1.503721
38.000,25.200,1520.0000,14.322552
38.000,25.200,1521.0000,6.169855
38.000,25.200,1522.0000,8.885530
38.000,25.200,1523.0000,1.559379
38.000,25.200,1524.0000,8.102311
38.000,25.200,1525.0000,0.659422
38.000,25.200,1526.0000,-3.283403
38.000,25.200,1527.0000,11.741796
38.000,25.200,1528.0000,-2.615466
38.000,25.200,1529.0000,3.072215
38.000,25.200,1530.0000,4.404468
38.000,25.200,1531.0000,0.027902
38.000,25.200,1532.0000,-9.397958
38.000,25.200,1533.0000,10.249316
38.000,25.200,1534.0000,4.493403
38.000,25.200,1535.0000,1.911978
38.000,25.200,1536.0000,4.849204
38.000,25.200,1537.0000,6.705336
38.000,25.200,1538.0000,10.644795
38.000,25.200,1539.0000,10.625749
38.000,25.200,1540.0000,-2.850458
38.000,25.200,1541.0000,-5.838528
38.000,25.200,1542.0000,6.127722
38.000,25.200,1543.0000,13.620347
38.000,25.200,1544.0000,2.593746
38.000,25.200,1545.0000,-5.195505
38.000,25.200,1546.0000,15.757933
38.000,25.200,1547.0000,18.694508
38.000,25.200,1548.0000,11.013757
38.000,25.200,1549.0000,6.837295
38.000,25.200,1550.0000,13.707389
38.000,25.200,1551.0000,0.546164
38.000,25.200,1552.0000,8.999955
38.000,25.200,1553.0000,19.305174
38.000,25.200,1554.0000,-2.801478
38.000,25.200,1555.0000,20.771165
38.000,25.200,1556.0000,4.346772
38.000,25.200,1557.0000,8.647141
38.000,25.200,1558.0000,7.059009
38.000,25.200,1559.0000,13.857742
38.000,25.200,1560.0000,19.567022
38.000,25.200,1561.0000,15.065747
38.000,25.200,1562.0000,16.582867
38.000,25.200,1563.0000,14.803679
38.000,25.200,1564.0000,7.535749
38.000,25.200,1565.0000,22.310398
38.000,25.200,1566.0000,21.823220
38.000,25.200,1567.0000,13.766487
38.000,25.200,1568.0000,16.248140
38.000,25.200,1569.0000,35.747998
38.000,25.200,1570.0000,34.893323
38.000,25.200,1571.0000,51.597321
38.000,25.200,1572.0000,56.079413
38.000,25.200,1573.0000,39.237846
38.000,25.200,1574.0000,61.512397
38.000,25.200,1575.0000,59.277255
38.000,25.200,1576.0000,72.767852
38.000,25.200,1577.0000,89.399163
38.000,25.200,1578.0000,106.152605
38.000,25.200,1579.0000,127.363276
38.000,25.200,1580.0000,145.397475
38.000,25.200,1581.0000,177.053219
38.000,25.200,1582.0000,193.591129
38.000,25.200,1583.0000,209.260761
38.000,25.200,1584.0000,190.242172
38.000,25.200,1585.0000,181.444306
38.000,25.200,1586.0000,161.906533
38.000,25.200,1587.0000,150.851744
38.000,25.200,1588.0000,129.708667
38.000,25.200,1589.0000,125.964653
38.000,25.200,1590.0000,116.012410
38.000,25.200,1591.0000,126.402555
38.000,25.200,1592.0000,113.263340
38.000,25.200,1593.0000,132.705979
38.000,25.200,1594.0000,154.667803
38.000,25.200,1595.0000,168.026350
38.000,25.200,1596.0000,199.208464
38.000,25.200,1597.0000,236.566445
38.000,25.200,1598.0000,304.764328
38.000,25.200,1599.0000,363.016214
38.000,25.200,1600.0000,453.210809
38.000,25.200,1601.0000,533.180711
38.000,25.200,1602.0000,566.136160
38.000,25.200,1603.0000,537.292043
38.000,25.200,1604.0000,457.882687
38.000,25.200,1605.0000,358.929154
38.000,25.200,1606.0000,288.260524
38.000,25.200,1607.0000,224.228012
38.000,25.200,1608.0000,182.313889
38.000,25.200,1609.0000,143.543579
38.000,25.200,1610.0000,118.750801
38.000,25.200,1611.0000,89.114915
38.000,25.200,1612.0000,94.288221
38.000,25.200,1613.0000,69.264248
38.000,25.200,1614.0000,54.776112
38.000,25.200,1615.0000,53.614273
38.000,25.200,1616.0000,50.093838
38.000,25.200,1617.0000,42.107966
38.000,25.200,1618.0000,33.953039
38.000,25.200,1619.0000,44.422865
38.000,25.200,1620.0000,26.532595
38.000,25.200,1621.0000,29.323246
38.000,25.200,1622.0000,30.011964
38.000,25.200,1623.0000,20.769643
38.000,25.200,1624.0000,17.552363
38.000,25.200,1625.0000,12.543134
38.000,25.200,1626.0000,12.333508
38.000,25.200,1627.0000,10.693323
38.000,25.200,1628.0000,20.206701
38.000,25.200,1629.0000,10.967322
38.000,25.200,1630.0000,15.839065
38.000,25.200,1631.0000,17.874786
38.000,25.200,1632.0000,9.533399
38.000,25.200,1633.0000,9.205995
38.000,25.200,1634.0000,10.966555
38.000,25.200,1635.0000,18.735810
38.000,25.200,1636.0000,5.969261
38.000,25.200,1637.0000,17.461516
38.000,25.200,1638.0000,6.362302
38.000,25.200,1639.0000,1.809112
38.000,25.200,1640.0000,1.959684
38.000,25.200,1641.0000,-1.668291
38.000,25.200,1642.0000,-9.427230
38.000,25.200,1643.0000,0.908571
38.000,25.200,1644.0000,1.784510
38.000,25.200,1645.0000,5.385345
38.000,25.200,1646.0000,-1.078784
38.000,25.200,1647.0000,5.761202
38.000,25.200,1648.0000,7.399680
38.000,25.200,1649.0000,12.688599
38.000,25.200,1650.0000,11.563357
38.000,25.200,1651.0000,0.370276
38.000,25.200,1652.0000,10.566496
38.000,25.200,1653.0000,4.324706
38.000,25.200,1654.0000,10.430364
38.000,25.200,1655.0000,-6.005401
38.000,25.200,1656.0000,12.013276
38.000,25.200,1657.0000,10.796954
38.000,25.200,1658.0000,-1.568823
38.000,25.200,1659.0000,5.995043
38.000,25.200,1660.0000,2.039822
38.000,25.200,1661.0000,5.414464
38.000,25.200,1662.0000,-4.046901
38.000,25.200,1663.0000,5.853788
38.000,25.200,1664.0000,11.512569
38.000,25.200,1665.0000,6.614270
38.000,25.200,1666.0000,17.266675
38.000,25.200,1667.0000,2.389909
38.000,25.200,1668.0000,5.696066
38.000,25.200,1669.0000,-9.104840
38.000,25.200,1670.0000,-1.110109
38.000,25.200,1671.0000,1.730241
38.000,25.200,1672.0000,13.475994
38.000,25.200,1673.0000,-0.440140
38.000,25.200,1674.0000,7.469611
38.000,25.200,1675.0000,9.954231
38.000,25.200,1676.0000,1.049230
38.000,25.200,1677.0000,4.712776
38.000,25.200,1678.0000,-0.718052
38.000,25.200,1679.0000,-6.546176
38.000,25.200,1680.0000,-1.988986
38.000,25.200,1681.0000,6.254017
38.000,25.200,1682.0000,2.395212
38.000,25.200,1683.0000,0.133923
38.000,25.200,1684.0000,0.286591
38.000,25.200,1685.0000,-1.400648
38.000,25.200,1686.0000,3.945160
38.000,25.200,1687.0000,-16.544563
38.000,25.200,1688.0000,3.084559
38.000,25.200,1689.0000,8.526978
38.000,25.200,1690.0000,-0.134518
38.000,25.200,1691.0000,-2.313350
38.000,25.200,1692.0000,1.031517
38.000,25.200,1693.0000,-6.122620
38.000,25.200,1694.0000,1.933307
38.000,25.200,1695.0000,-10.921353
38.000,25.200,1696.0000,-2.049194
38.000,25.200,1697.0000,-3.451570
38.000,25.200,1698.0000,-4.477233
38.000,25.200,1699.0000,-2.120902
38.000,25.200,1700.0000,-1.746412
38.000,25.200,1701.0000,-10.791331
38.000,25.200,1702.0000,3.167826
38.000,25.200,1703.0000,6.180236
38.000,25.200,1704.0000,-3.363082
38.000,25.200,1705.0000,-0.007884
38.000,25.200,1706.0000,-4.991287
38.000,25.200,1707.0000,0.527165
38.000,25.200,1708.0000,7.049440
38.000,25.200,1709.0000,-2.700960
38.000,25.200,1710.0000,-3.422085
38.000,25.200,1711.0000,0.890397
38.000,25.200,1712.0000,2.600126
38.000,25.200,1713.0000,3.459621
38.000,25.200,1714.0000,-3.244010
38.000,25.200,1715.0000,-8.740354
38.000,25.200,1716.0000,0.561001
38.000,25.200,1717.0000,8.117161
38.000,25.200,1718.0000,-0.341064
38.000,25.200,1719.0000,6.361601
38.000,25.200,1720.0000,1.036136
38.000,25.200,1721.0000,5.562448
38.000,25.200,1722.0000,1.971492
38.000,25.200,1723.0000,2.932994
38.000,25.200,1724.0000,-1.567304
38.000,25.200,1725.0000,2.747391
38.000,25.200,1726.0000,-1.086068
38.000,25.200,1727.0000,4.381193
38.000,25.200,1728.0000,10.544481
38.000,25.200,1729.0000,-0.403008
38.000,25.200,1730.0000,0.012688
38.000,25.200,1731.0000,6.544343
38.000,25.200,1732.0000,11.659503
38.000,25.200,1733.0000,1.547282
38.000,25.200,1734.0000,-2.435435
38.000,25.200,1735.0000,0.864879
38.000,25.200,1736.0000,-10.372730
38.000,25.200,1737.0000,0.793047
38.000,25.200,1738.0000,6.372288
38.000,25.200,1739.0000,-4.021194
38.000,25.200,1740.0000,6.098824
38.000,25.200,1741.0000,1.457386
38.000,25.200,1742.0000,-4.848766
38.000,25.200,1743.0000,-2.397394
38.000,25.200,1744.0000,0.875525
38.000,25.200,1745.0000,-4.693380
38.000,25.200,1746.0000,-3.274225
38.000,25.200,1747.0000,2.463536
38.000,25.200,1748.0000,5.482917
38.000,25.200,1749.0000,-4.633302
38.000,25.200,1750.0000,4.227462
38.000,25.200,1751.0000,0.923732
38.000,25.200,1752.0000,-4.974716
38.000,25.200,1753.0000,-2.726190
38.000,25.200,1754.0000,-8.106380
38.000,25.200,1755.0000,-10.588672
38.000,25.200,1756.0000,9.178630
38.000,25.200,1757.0000,-7.565169
38.000,25.200,1758.0000,2.408753
38.000,25.200,1759.0000,8.614080
38.000,25.200,1760.0000,-0.489978
38.000,25.200,1761.0000,10.979203
38.000,25.200,1762.0000,9.359746
38.000,25.200,1763.0000,5.317837
38.000,25.200,1764.0000,9.278992
38.000,25.200,1765.0000,4.346449
38.000,25.200,1766.0000,-0.044055
38.000,25.200,1767.0000,5.811812
38.000,25.200,1768.0000,-1.037025
38.000,25.200,1769.0000,4.869494
38.000,25.200,1770.0000,0.107188
38.000,25.200,1771.0000,-7.399510
38.000,25.200,1772.0000,3.243631
38.000,25.200,1773.0000,-4.093038
38.000,25.200,1774.0000,-3.245960
38.000,25.200,1775.0000,5.101003
38.000,25.200,1776.0000,-1.686419
38.000,25.200,1777.0000,-3.152046
38.000,25.200,1778.0000,6.707296
38.000,25.200,1779.0000,-8.065066
38.000,25.200,1780.0000,7.441524
38.000,25.200,1781.0000,-6.665981
38.000,25.200,1782.0000,4.216445
38.000,25.200,1783.0000,-1.636193
38.000,25.200,1784.0000,8.061063
38.000,25.200,1785.0000,-4.076533
38.000,25.200,1786.0000,-1.908458
38.000,25.200,1787.0000,-4.107638
38.000,25.200,1788.0000,-0.262519
38.000,25.200,1789.0000,-4.819651
38.000,25.200,1790.0000,-3.166917
38.000,25.200,1791.0000,0.991072
38.000,25.200,1792.0000,0.547411
38.000,25.200,1793.0000,0.411656
38.000,25.200,1794.0000,15.579371
38.000,25.200,1795.0000,3.482167
38.000,25.200,1796.0000,13.042053
38.000,25.200,1797.0000,-7.996995
38.000,25.200,1798.0000,-4.057035
38.000,25.200,1799.0000,0.085536
38.000,25.200,1800.0000,12.907952
38.000,25.200,1801.0000,3.684120
38.000,25.200,1802.0000,9.241004
38.000,25.200,1803.0000,2.527885
38.000,25.200,1804.0000,6.876369
38.000,25.200,1805.0000,-1.325256
38.000,25.200,1806.0000,-0.589521
38.000,25.200,1807.0000,-2.968523
38.000,25.200,1808.0000,-4.623273
38.000,25.200,1809.0000,-7.405067
38.000,25.200,1810.0000,-2.638698
38.000,25.200,1811.0000,3.377975
38.000,25.200,1812.0000,5.781583
38.000,25.200,1813.0000,7.988013
38.000,25.200,1814.0000,-7.603333
38.000,25.200,1815.0000,4.236551
38.000,25.200,1816.0000,-0.094409
38.000,25.200,1817.0000,-9.211427
38.000,25.200,1818.0000,3.434744
38.000,25.200,1819.0000,-10.149496
38.000,25.200,1820.0000,6.418536
38.000,25.200,1821.0000,-0.439797
38.000,25.200,1822.0000,1.140856
38.000,25.200,1823.0000,5.000890
38.000,25.200,1824.0000,5.000839
38.000,25.200,1825.0000,7.236975
38.000,25.200,1826.0000,-1.210860
38.000,25.200,1827.0000,15.158278
38.000,25.200,1828.0000,-6.640229
38.000,25.200,1829.0000,2.302100
38.000,25.200,1830.0000,-5.813470
38.000,25.200,1831.0000,-0.750112
38.000,25.200,1832.0000,-6.555258
38.000,25.200,1833.0000,-0.171401
38.000,25.200,1834.0000,9.468824
38.000,25.200,1835.0000,-5.763035
38.000,25.200,1836.0000,8.836768
38.000,25.200,1837.0000,7.891089
38.000,25.200,1838.0000,2.562845
38.000,25.200,1839.0000,-10.434737
38.000,25.200,1840.0000,3.263632
38.000,25.200,1841.0000,-4.447688
38.000,25.200,1842.0000,7.106159
38.000,25.200,1843.0000,6.489804
38.000,25.200,1844.0000,-3.494397
38.000,25.200,1845.0000,-3.151904
38.000,25.200,1846.0000,-1.664904
38.000,25.200,1847.0000,-1.169419
38.000,25.200,1848.0000,0.183402
38.000,25.200,1849.0000,4.412892
38.000,25.200,1850.0000,-1.452700
38.000,25.200,1851.0000,4.191151
38.000,25.200,1852.0000,-5.183138
38.000,25.200,1853.0000,5.214121
38.000,25.200,1854.0000,-1.323196
38.000,25.200,1855.0000,8.307522
38.000,25.200,1856.0000,-7.461794
38.000,25.200,1857.0000,9.983810
38.000,25.200,1858.0000,8.796739
38.000,25.200,1859.0000,7.568237
38.000,25.200,1860.0000,-1.891467
38.000,25.200,1861.0000,1.414932
38.000,25.200,1862.0000,1.239084
38.000,25.200,1863.0000,6.762564
38.000,25.200,1864.0000,-2.522294
38.000,25.200,1865.0000,-4.530650
38.000,25.200,1866.0000,3.527131
38.000,25.200,1867.0000,1.977377
38.000,25.200,1868.0000,3.396737
38.000,25.200,1869.0000,7.623328
38.000,25.200,1870.0000,-2.681572
38.000,25.200,1871.0000,7.125443
38.000,25.200,1872.0000,-0.778135
38.000,25.200,1873.0000,5.718626
38.000,25.200,1874.0000,-2.649571
38.000,25.200,1875.0000,5.747987
38.000,25.200,1876.0000,-12.321432
38.000,25.200,1877.0000,5.982268
38.000,25.200,1878.0000,-3.654819
38.000,25.200,1879.0000,6.276762
38.000,25.200,1880.0000,0.327890
38.000,25.200,1881.0000,1.743416
38.000,25.200,1882.0000,-9.782777
38.000,25.200,1883.0000,-10.341900
38.000,25.200,1884.0000,-0.178112
38.000,25.200,1885.0000,-2.088434
38.000,25.200,1886.0000,-8.627202
38.000,25.200,1887.0000,3.647472
38.000,25.200,1888.0000,3.317263
38.000,25.200,1889.0000,-4.261832
38.000,25.200,1890.0000,-8.046934
38.000,25.200,1891.0000,10.421687
38.000,25.200,1892.0000,-1.281995
38.000,25.200,1893.0000,-1.994437
38.000,25.200,1894.0000,1.433219
38.000,25.200,1895.0000,-13.387330
38.000,25.200,1896.0000,1.949376
38.000,25.200,1897.0000,-13.323874
38.000,25.200,1898.0000,9.216113
38.000,25.200,1899.0000,-2.927570
38.000,25.200,1900.0000,2.129452
38.000,25.200,1901.0000,-7.019779
38.000,25.200,1902.0000,1.344010
38.000,25.200,1903.0000,-2.919695
38.000,25.200,1904.0000,-2.038934
38.000,25.200,1905.0000,-0.289022
38.000,25.200,1906.0000,2.730990
38.000,25.200,1907.0000,3.701709
38.000,25.200,1908.0000,4.144511
38.000,25.200,1909.0000,6.615194
38.000,25.200,1910.0000,-0.155024
38.000,25.200,1911.0000,-0.132283
38.000,25.200,1912.0000,-5.371773
38.000,25.200,1913.0000,-2.145097
38.000,25.200,1914.0000,3.011899
38.000,25.200,1915.0000,-6.711370
38.000,25.200,1916.0000,1.552928
38.000,25.200,1917.0000,3.396029
38.000,25.200,1918.0000,-3.293964
38.000,25.200,1919.0000,-5.119616
38.000,25.200,1920.0000,-14.359973
38.000,25.200,1921.0000,4.546622
38.000,25.200,1922.0000,-2.520417
38.000,25.200,1923.0000,6.017052
38.000,25.200,1924.0000,-4.895208
38.000,25.200,1925.0000,-0.697495
38.000,25.200,1926.0000,-2.807960
38.000,25.200,1927.0000,7.745722
38.000,25.200,1928.0000,-7.978318
38.000,25.200,1929.0000,7.394771
38.000,25.200,1930.0000,-2.536442
38.000,25.200,1931.0000,-0.432538
38.000,25.200,1932.0000,-3.273487
38.000,25.200,1933.0000,4.076019
38.000,25.200,1934.0000,-4.307101
38.000,25.200,1935.0000,-3.608916
38.000,25.200,1936.0000,-3.690245
38.000,25.200,1937.0000,1.261174
38.000,25.200,1938.0000,4.759688
38.000,25.200,1939.0000,3.958083
38.000,25.200,1940.0000,7.049190
38.000,25.200,1941.0000,5.850399
38.000,25.200,1942.0000,0.731869
38.000,25.200,1943.0000,9.469323
38.000,25.200,1944.0000,4.110364
38.000,25.200,1945.0000,-5.098156
38.000,25.200,1946.0000,-6.339070
38.000,25.200,1947.0000,0.361915
38.000,25.200,1948.0000,2.407837
38.000,25.200,1949.0000,-1.116967
38.000,25.200,1950.0000,4.358197
38.000,25.200,1951.0000,3.583010
38.000,25.200,1952.0000,-2.476729
38.000,25.200,1953.0000,-1.298907
38.000,25.200,1954.0000,4.990135
38.000,25.200,1955.0000,3.471513
38.000,25.200,1956.0000,4.591284
38.000,25.200,1957.0000,10.321904
38.000,25.200,1958.0000,8.212556
38.000,25.200,1959.0000,9.721082
38.000,25.200,1960.0000,-1.604314
38.000,25.200,1961.0000,10.930934
38.000,25.200,1962.0000,0.544285
38.000,25.200,1963.0000,-7.806488
38.000,25.200,1964.0000,0.961600
38.000,25.200,1965.0000,2.213997
38.000,25.200,1966.0000,5.362435
38.000,25.200,1967.0000,-3.475702
38.000,25.200,1968.0000,6.054456
38.000,25.200,1969.0000,0.722372
38.000,25.200,1970.0000,-3.377291
38.000,25.200,1971.0000,4.023336
38.000,25.200,1972.0000,3.553269
38.000,25.200,1973.0000,-11.797940
38.000,25.200,1974.0000,-6.103125
38.000,25.200,1975.0000,5.985530
38.000,25.200,1976.0000,2.449142
38.000,25.200,1977.0000,5.666418
38.000,25.200,1978.0000,0.072440
38.000,25.200,1979.0000,-6.145110
38.000,25.200,1980.0000,0.407000
38.000,25.200,1981.0000,-4.016797
38.000,25.200,1982.0000,-1.723315
38.000,25.200,1983.0000,2.476047
38.000,25.200,1984.0000,-11.221287
38.000,25.200,1985.0000,-2.327285
38.000,25.200,1986.0000,-0.056759
38.000,25.200,1987.0000,15.359614
38.000,25.200,1988.0000,-3.839141
38.000,25.200,1989.0000,-7.258523
38.000,25.200,1990.0000,2.471732
38.000,25.200,1991.0000,-8.277780
38.000,25.200,1992.0000,-7.477764
38.000,25.200,1993.0000,-0.593794
38.000,25.200,1994.0000,-2.326163
38.000,25.200,1995.0000,-0.227719
38.000,25.200,1996.0000,-12.685859
38.000,25.200,1997.0000,-1.481422
38.000,25.200,1998.0000,-0.806634
38.000,25.200,1999.0000,-4.500897
38.000,25.200,2000.0000,2.770556
38.000,25.300,200.0000,6.140929
38.000,25.300,201.0000,-3.211454
38.000,25.300,202.0000,-1.446663
38.000,25.300,203.0000,-3.802148
38.000,25.300,204.0000,-8.217557
38.000,25.300,205.0000,5.063974
38.000,25.300,206.0000,-6.253502
38.000,25.300,207.0000,-2.732777
38.000,25.300,208.0000,-7.139397
38.000,25.300,209.0000,0.050569
38.000,25.300,210.0000,-0.502227
38.000,25.300,211.0000,1.316038
38.000,25.300,212.0000,6.738604
38.000,25.300,213.0000,-4.902874
38.000,25.300,214.0000,2.823372
38.000,25.300,215.0000,3.275782
38.000,25.300,216.0000,3.580400
38.000,25.300,217.0000,1.904586
38.000,25.300,218.0000,4.204045
38.000,25.300,219.0000,-0.636247
38.000,25.300,220.0000,-1.649065
38.000,25.300,221.0000,6.107671
38.000,25.300,222.0000,7.074084
38.000,25.300,223.0000,-3.345025
38.000,25.300,224.0000,-13.580889
38.000,25.300,225.0000,3.294243
38.000,25.300,226.0000,4.236242
38.000,25.300,227.0000,9.449680
38.000,25.300,228.0000,8.332167
38.000,25.300,229.0000,1.959050
38.000,25.300,230.0000,12.284727
38.000,25.300,231.0000,7.835178
38.000,25.300,232.0000,-3.059672
38.000,25.300,233.0000,-12.931853
38.000,25.300,234.0000,5.958260
38.000,25.300,235.0000,-3.394416
38.000,25.300,236.0000,1.026200
38.000,25.300,237.0000,0.507500
38.000,25.300,238.0000,0.620210
38.000,25.300,239.0000,-17.035145
38.000,25.300,240.0000,-5.520007
38.000,25.300,241.0000,-1.809446
38.000,25.300,242.0000,-1.603819
38.000,25.300,243.0000,-6.323841
38.000,25.300,244.0000,3.949384
38.000,25.300,245.0000,-4.029005
38.000,25.300,246.0000,-10.272206
38.000,25.300,247.0000,-3.984228
38.000,25.300,248.0000,-1.192419
38.000,25.300,249.0000,-0.101026
38.000,25.300,250.0000,-1.219070
38.000,25.300,251.0000,6.400580
38.000,25.300,252.0000,-2.719519
38.000,25.300,253.0000,1.649246
38.000,25.300,254.0000,3.019260
38.000,25.300,255.0000,-1.570046
38.000,25.300,256.0000,5.058995
38.000,25.300,257.0000,0.179467
38.000,25.300,258.0000,10.489342
38.000,25.300,259.0000,-1.327074
38.000,25.300,260.0000,-3.903443
38.000,25.300,261.0000,-3.425977
38.000,25.300,262.0000,2.648526
38.000,25.300,263.0000,4.538641
38.000,25.300,264.0000,2.306961
38.000,25.300,265.0000,-2.651454
38.000,25.300,266.0000,2.438378
38.000,25.300,267.0000,-4.669351
38.000,25.300,268.0000,-10.064497
38.000,25.300,269.0000,-2.105936
38.000,25.300,270.0000,-0.494173
38.000,25.300,271.0000,4.498842
38.000,25.300,272.0000,0.150950
38.000,25.300,273.0000,13.417794
38.000,25.300,274.0000,-2.699777
38.000,25.300,275.0000,2.306080
38.000,25.300,276.0000,7.856068
38.000,25.300,277.0000,2.290285
38.000,25.300,278.0000,-1.824112
38.000,25.300,279.0000,11.295173
38.000,25.300,280.0000,1.031992
38.000,25.300,281.0000,4.370962
38.000,25.300,282.0000,3.540947
38.000,25.300,283.0000,-3.705629
38.000,25.300,284.0000,3.048952
38.000,25.300,285.0000,-5.636717
38.000,25.300,286.0000,5.359117
38.000,25.300,287.0000,2.062463
38.000,25.300,288.0000,2.645059
38.000,25.300,289.0000,2.050758
38.000,25.300,290.0000,-8.472762
38.000,25.300,291.0000,6.454576
38.000,25.300,292.0000,-5.848741
38.000,25.300,293.0000,7.564970
38.000,25.300,294.0000,10.802463
38.000,25.300,295.0000,2.609172
38.000,25.300,296.0000,6.924590
38.000,25.300,297.0000,8.939240
38.000,25.300,298.0000,-6.271546
38.000,25.300,299.0000,-0.637104
38.000,25.300,300.0000,-5.157780
38.000,25.300,301.0000,-4.490069
38.000,25.300,302.0000,-6.329478
38.000,25.300,303.0000,5.253521
38.000,25.300,304.0000,-3.830775
38.000,25.300,305.0000,-1.243230
38.000,25.300,306.0000,-1.558929
38.000,25.300,307.0000,1.723149
38.000,25.300,308.0000,4.537042
38.000,25.300,309.0000,0.992958
38.000,25.300,310.0000,7.849385
38.000,25.300,311.0000,-8.303428
38.000,25.300,312.0000,2.894674
38.000,25.300,313.0000,7.241962
38.000,25.300,314.0000,-10.295430
38.000,25.300,315.0000,-3.866448
38.000,25.300,316.0000,10.550649
38.000,25.300,317.0000,5.410733
38.000,25.300,318.0000,-0.922336
38.000,25.300,319.0000,-6.300340
38.000,25.300,320.0000,-1.664167
38.000,25.300,321.0000,1.591893
38.000,25.300,322.0000,9.282969
38.000,25.300,323.0000,-10.107269
38.000,25.300,324.0000,7.932699
38.000,25.300,325.0000,-1.822411
38.000,25.300,326.0000,1.787167
38.000,25.300,327.0000,-0.343398
38.000,25.300,328.0000,-9.526327
38.000,25.300,329.0000,3.056657
38.000,25.300,330.0000,-11.786529
38.000,25.300,331.0000,3.074657
38.000,25.300,332.0000,1.753673
38.000,25.300,333.0000,-0.141638
38.000,25.300,334.0000,-0.572233
38.000,25.300,335.0000,4.137184
38.000,25.300,336.0000,-3.949972
38.000,25.300,337.0000,-9.820934
38.000,25.300,338.0000,-0.319195
38.000,25.300,339.0000,2.091149
38.000,25.300,340.0000,1.309987
38.000,25.300,341.0000,-7.587769
38.000,25.300,342.0000,-3.939533
38.000,25.300,343.0000,1.004703
38.000,25.300,344.0000,-0.055390
38.000,25.300,345.0000,5.322539
38.000,25.300,346.0000,-4.049771
38.000,25.300,347.0000,1.663218
38.000,25.300,348.0000,0.352693
38.000,25.300,349.0000,-1.749746
38.000,25.300,350.0000,-9.659128
38.000,25.300,351.0000,-3.169765
38.000,25.300,352.0000,-4.263282
38.000,25.300,353.0000,-1.368071
38.000,25.300,354.0000,5.052099
38.000,25.300,355.0000,-7.465166
38.000,25.300,356.0000,-3.823405
38.000,25.300,357.0000,0.457680
38.000,25.300,358.0000,7.434708
38.000,25.300,359.0000,-1.726054
38.000,25.300,360.0000,-13.523300
38.000,25.300,361.0000,5.424301
38.000,25.300,362.0000,1.340591
38.000,25.300,363.0000,-1.908729
38.000,25.300,364.0000,4.226641
38.000,25.300,365.0000,-3.892100
38.000,25.300,366.0000,7.699549
38.000,25.300,367.0000,-1.050672
38.000,25.300,368.0000,-7.992135
38.000,25.300,369.0000,4.236339
38.000,25.300,370.0000,-4.885784
38.000,25.300,371.0000,8.926912
38.000,25.300,372.0000,3.805841
38.000,25.300,373.0000,-2.823168
38.000,25.300,374.0000,-4.044716
38.000,25.300,375.0000,-8.373456
38.000,25.300,376.0000,2.264138
38.000,25.300,377.0000,-3.398791
38.000,25.300,378.0000,-3.499956
38.000,25.300,379.0000,-10.036758
38.000,25.300,380.0000,12.465690
38.000,25.300,381.0000,-4.190487
38.000,25.300,382.0000,-4.072352
38.000,25.300,383.0000,3.263234
38.000,25.300,384.0000,-1.548457
38.000,25.300,385.0000,3.969062
38.000,25.300,386.0000,-2.952891
38.000,25.300,387.0000,-0.250867
38.000,25.300,388.0000,-1.404508
38.000,25.300,389.0000,0.975906
38.000,25.300,390.0000,0.536863
38.000,25.300,391.0000,8.463338
38.000,25.300,392.0000,4.232463
38.000,25.300,393.0000,-2.675339
38.000,25.300,394.0000,5.941010
38.000,25.300,395.0000,3.342988
38.000,25.300,396.0000,3.079052
38.000,25.300,397.0000,0.681421
38.000,25.300,398.0000,-8.642560
38.000,25.300,399.0000,2.224595
38.000,25.300,400.0000,4.856650
38.000,25.300,401.0000,7.379306
38.000,25.300,402.0000,14.583862
38.000,25.300,403.0000,-5.529918
38.000,25.300,404.0000,0.536840
38.000,25.300,405.0000,6.858622
38.000,25.300,406.0000,-8.635230
38.000,25.300,407.0000,-6.072858
38.000,25.300,408.0000,-3.944198
38.000,25.300,409.0000,5.917124
38.000,25.300,410.0000,4.209525
38.000,25.300,411.0000,0.936959
38.000,25.300,412.0000,-0.694060
38.000,25.300,413.0000,0.092659
38.000,25.300,414.0000,9.288261
38.000,25.300,415.0000,4.617773
38.000,25.300,416.0000,-2.437192
38.000,25.300,417.0000,5.483666
38.000,25.300,418.0000,-6.225479
38.000,25.300,419.0000,8.996674
38.000,25.300,420.0000,-8.266830
38.000,25.300,421.0000,-5.117479
38.000,25.300,422.0000,9.436942
38.000,25.300,423.0000,-10.627730
38.000,25.300,424.0000,-2.575136
38.000,25.300,425.0000,-3.053819
38.000,25.300,426.0000,10.308501
38.000,25.300,427.0000,-12.374273
38.000,25.300,428.0000,-9.469577
38.000,25.300,429.0000,11.742094
38.000,25.300,430.0000,-11.471028
38.000,25.300,431.0000,2.088770
38.000,25.300,432.0000,2.686211
38.000,25.300,433.0000,-1.432336
38.000,25.300,434.0000,-5.753422
38.000,25.300,435.0000,0.016395
38.000,25.300,436.0000,6.577301
38.000,25.300,437.0000,7.624119
38.000,25.300,438.0000,2.184342
38.000,25.300,439.0000,-12.099535
38.000,25.300,440.0000,14.086332
38.000,25.300,441.0000,1.222833
38.000,25.300,442.0000,5.379663
38.000,25.300,443.0000,-1.918910
38.000,25.300,444.0000,-8.500207
38.000,25.300,445.0000,-2.035987
38.000,25.300,446.0000,12.733172
38.000,25.300,447.0000,-6.790768
38.000,25.300,448.0000,-10.425881
38.000,25.300,449.0000,-3.000284
38.000,25.300,450.0000,3.396968
38.000,25.300,451.0000,-6.626333
38.000,25.300,452.0000,-2.486132
38.000,25.300,453.0000,-0.237257
38.000,25.300,454.0000,-3.380648
38.000,25.300,455.0000,-6.896683
38.000,25.300,456.0000,-0.815774
38.000,25.300,457.0000,8.288613
38.000,25.300,458.0000,1.822813
38.000,25.300,459.0000,-2.012881
38.000,25.300,460.0000,0.985598
38.000,25.300,461.0000,-5.098101
38.000,25.300,462.0000,-1.614033
38.000,25.300,463.0000,-3.531152
38.000,25.300,464.0000,1.880034
38.000,25.300,465.0000,0.366180
38.000,25.300,466.0000,4.644609
38.000,25.300,467.0000,13.439867
38.000,25.300,468.0000,9.617889
38.000,25.300,469.0000,-4.381896
38.000,25.300,470.0000,11.719048
38.000,25.300,471.0000,0.872819
38.000,25.300,472.0000,3.353695
38.000,25.300,473.0000,-4.786288
38.000,25.300,474.0000,-0.257546
38.000,25.300,475.0000,6.221284
38.000,25.300,476.0000,0.840471
38.000,25.300,477.0000,-4.811083
38.000,25.300,478.0000,5.923960
38.000,25.300,479.0000,2.481798
38.000,25.300,480.0000,2.312965
38.000,25.300,481.0000,4.682742
38.000,25.300,482.0000,-15.371824
38.000,25.300,483.0000,6.849046
38.000,25.300,484.0000,-1.656914
38.000,25.300,485.0000,-1.072484
38.000,25.300,486.0000,12.713965
38.000,25.300,487.0000,-0.568977
38.000,25.300,488.0000,-1.282123
38.000,25.300,489.0000,1.609242
38.000,25.300,490.0000,1.703867
38.000,25.300,491.0000,-9.375149
38.000,25.300,492.0000,4.507696
38.000,25.300,493.0000,-5.419496
38.000,25.300,494.0000,-1.420252
38.000,25.300,495.0000,4.308442
38.000,25.300,496.0000,-5.160049
38.000,25.300,497.0000,2.853326
38.000,25.300,498.0000,-12.057140
38.000,25.300,499.0000,2.543852
38.000,25.300,500.0000,1.943141
38.000,25.300,501.0000,-8.724349
38.000,25.300,502.0000,5.639127
38.000,25.300,503.0000,-2.293196
38.000,25.300,504.0000,-2.437419
38.000,25.300,505.0000,-1.580503
38.000,25.300,506.0000,13.878652
38.000,25.300,507.0000,-5.462964
38.000,25.300,508.0000,-2.328090
38.000,25.300,509.0000,-1.275248
38.000,25.300,510.0000,-0.648153
38.000,25.300,511.0000,-3.022489
38.000,25.300,512.0000,3.788757
38.000,25.300,513.0000,-2.901922
38.000,25.300,514.0000,5.316573
38.000,25.300,515.0000,7.792781
38.000,25.300,516.0000,-0.183616
38.000,25.300,517.0000,4.789631
38.000,25.300,518.0000,1.446637
38.000,25.300,519.0000,-0.990468
38.000,25.300,520.0000,6.778153
38.000,25.300,521.0000,-18.915309
38.000,25.300,522.0000,2.928384
38.000,25.300,523.0000,-4.205195
38.000,25.300,524.0000,4.027475
38.000,25.300,525.0000,-2.475258
38.000,25.300,526.0000,-0.384247
38.000,25.300,527.0000,-8.897650
38.000,25.300,528.0000,-6.560645
38.000,25.300,529.0000,-4.456370
38.000,25.300,530.0000,6.874386
38.000,25.300,531.0000,0.810343
38.000,25.300,532.0000,8.897225
38.000,25.300,533.0000,-7.735450
38.000,25.300,534.0000,9.255141
38.000,25.300,535.0000,-2.599302
38.000,25.300,536.0000,-2.658502
38.000,25.300,537.0000,-2.081617
38.000,25.300,538.0000,2.257935
38.000,25.300,539.0000,3.340077
38.000,25.300,540.0000,9.686272
38.000,25.300,541.0000,-10.076654
38.000,25.300,542.0000,4.868380
38.000,25.300,543.0000,-1.287442
38.000,25.300,544.0000,-7.955518
38.000,25.300,545.0000,0.432545
38.000,25.300,546.0000,-4.991565
38.000,25.300,547.0000,0.802426
38.000,25.300,548.0000,-9.048678
38.000,25.300,549.0000,-1.909819
38.000,25.300,550.0000,-5.385546
38.000,25.300,551.0000,1.174097
38.000,25.300,552.0000,-6.930573
38.000,25.300,553.0000,1.071458
38.000,25.300,554.0000,-0.405855
38.000,25.300,555.0000,-2.098448
38.000,25.300,556.0000,-7.470562
38.000,25.300,557.0000,-2.594098
38.000,25.300,558.0000,-3.027060
38.000,25.300,559.0000,-3.008065
38.000,25.300,560.0000,4.598591
38.000,25.300,561.0000,13.882545
38.000,25.300,562.0000,-1.251675
38.000,25.300,563.0000,8.609487
38.000,25.300,564.0000,-1.475934
38.000,25.300,565.0000,-2.441593
38.000,25.300,566.0000,9.118091
38.000,25.300,567.0000,-4.890470
38.000,25.300,568.0000,-9.052552
38.000,25.300,569.0000,6.911701
38.000,25.300,570.0000,16.618936
38.000,25.300,571.0000,-2.151491
38.000,25.300,572.0000,-3.713761
38.000,25.300,573.0000,2.956248
38.000,25.300,574.0000,-6.558021
38.000,25.300,575.0000,5.446400
38.000,25.300,576.0000,4.756551
38.000,25.300,577.0000,0.737713
38.000,25.300,578.0000,3.152927
38.000,25.300,579.0000,3.243624
38.000,25.300,580.0000,4.154712
38.000,25.300,581.0000,-5.038854
38.000,25.300,582.0000,-3.468503
38.000,25.300,583.0000,1.103077
38.000,25.300,584.0000,-7.425995
38.000,25.300,585.0000,-10.956614
38.000,25.300,586.0000,0.357349
38.000,25.300,587.0000,1.596676
38.000,25.300,588.0000,0.399845
38.000,25.300,589.0000,9.293163
38.000,25.300,590.0000,14.943040
38.000,25.300,591.0000,-2.274849
38.000,25.300,592.0000,-1.270003
38.000,25.300,593.0000,10.104044
38.000,25.300,594.0000,-5.360777
38.000,25.300,595.0000,4.299317
38.000,25.300,596.0000,2.898115
38.000,25.300,597.0000,15.518434
38.000,25.300,598.0000,12.088326
38.000,25.300,599.0000,9.093645
38.000,25.300,600.0000,14.105420
38.000,25.300,601.0000,-2.330883
38.000,25.300,602.0000,7.036660
38.000,25.300,603.0000,2.857946
38.000,25.300,604.0000,9.020100
38.000,25.300,605.0000,13.289793
38.000,25.300,606.0000,20.474201
38.000,25.300,607.0000,20.793107
38.000,25.300,608.0000,17.609635
38.000,25.300,609.0000,25.743430
38.000,25.300,610.0000,27.638381
38.000,25.300,611.0000,19.554468
38.000,25.300,612.0000,26.929499
38.000,25.300,613.0000,47.278904
38.000,25.300,614.0000,57.690545
38.000,25.300,615.0000,72.640961
38.000,25.300,616.0000,103.914738
38.000,25.300,617.0000,103.121594
38.000,25.300,618.0000,139.852926
38.000,25.300,619.0000,158.761382
38.000,25.300,620.0000,165.806336
38.000,25.300,621.0000,146.301797
38.000,25.300,622.0000,132.658459
38.000,25.300,623.0000,115.156571
38.000,25.300,624.0000,88.556994
38.000,25.300,625.0000,57.118262
38.000,25.300,626.0000,49.899822
38.000,25.300,627.0000,48.642066
38.000,25.300,628.0000,32.751287
38.000,25.300,629.0000,38.821349
38.000,25.300,630.0000,22.477435
38.000,25.300,631.0000,10.258247
38.000,25.300,632.0000,20.903644
38.000,25.300,633.0000,20.324789
38.000,25.300,634.0000,1.897099
38.000,25.300,635.0000,18.266706
38.000,25.300,636.0000,16.680137
38.000,25.300,637.0000,4.295734
38.000,25.300,638.0000,0.214849
38.000,25.300,639.0000,2.378125
38.000,25.300,640.0000,12.000761
38.000,25.300,641.0000,6.606495
38.000,25.300,642.0000,10.066840
38.000,25.300,643.0000,8.973670
38.000,25.300,644.0000,11.387314
38.000,25.300,645.0000,12.645856
38.000,25.300,646.0000,3.613127
38.000,25.300,647.0000,0.802059
38.000,25.300,648.0000,2.676948
38.000,25.300,649.0000,6.028345
38.000,25.300,650.0000,9.186771
38.000,25.300,651.0000,4.947325
38.000,25.300,652.0000,5.635968
38.000,25.300,653.0000,5.048928
38.000,25.300,654.0000,10.072895
38.000,25.300,655.0000,2.193034
38.000,25.300,656.0000,5.560564
38.000,25.300,657.0000,-0.528874
38.000,25.300,658.0000,13.864566
38.000,25.300,659.0000,-5.604546
38.000,25.300,660.0000,2.616072
38.000,25.300,661.0000,-6.319451
38.000,25.300,662.0000,4.652348
38.000,25.300,663.0000,2.189658
38.000,25.300,664.0000,-2.828736
38.000,25.300,665.0000,-6.255391
38.000,25.300,666.0000,7.839873
38.000,25.300,667.0000,8.345068
38.000,25.300,668.0000,3.634220
38.000,25.300,669.0000,-0.800354
38.000,25.300,670.0000,1.155639
38.000,25.300,671.0000,-3.566139
38.000,25.300,672.0000,2.280275
38.000,25.300,673.0000,8.279364
38.000,25.300,674.0000,4.701472
38.000,25.300,675.0000,0.000763
38.000,25.300,676.0000,-0.235592
38.000,25.300,677.0000,4.258499
38.000,25.300,678.0000,3.279142
38.000,25.300,679.0000,-5.058984
38.000,25.300,680.0000,-3.905021
38.000,25.300,681.0000,-2.398866
38.000,25.300,682.0000,-1.123122
38.000,25.300,683.0000,-10.190651
38.000,25.300,684.0000,-1.797229
38.000,25.300,685.0000,5.197497
38.000,25.300,686.0000,-1.100693
38.000,25.300,687.0000,2.124620
38.000,25.300,688.0000,0.396918
38.000,25.300,689.0000,2.507163
38.000,25.300,690.0000,11.123600
38.000,25.300,691.0000,2.345960
38.000,25.300,692.0000,12.792620
38.000,25.300,693.0000,-2.847568
38.000,25.300,694.0000,1.074247
38.000,25.300,695.0000,-4.840850
38.000,25.300,696.0000,0.107361
38.000,25.300,697.0000,0.656463
38.000,25.300,698.0000,5.359267
38.000,25.300,699.0000,-7.942713
38.000,25.300,700.0000,-1.234942
38.000,25.300,701.0000,-4.333760
38.000,25.300,702.0000,-0.133162
38.000,25.300,703.0000,-1.595826
38.000,25.300,704.0000,-0.795821
38.000,25.300,705.0000,7.608378
38.000,25.300,706.0000,6.470643
38.000,25.300,707.0000,13.134731
38.000,25.300,708.0000,9.700557
38.000,25.300,709.0000,6.535487
38.000,25.300,710.0000,-4.853775
38.000,25.300,711.0000,10.867900
38.000,25.300,712.0000,0.963400
38.000,25.300,713.0000,-4.572266
38.000,25.300,714.0000,0.643355
38.000,25.300,715.0000,11.947018
38.000,25.300,716.0000,-1.976221
38.000,25.300,717.0000,3.239442
38.000,25.300,718.0000,-3.479684
38.000,25.300,719.0000,3.350360
38.000,25.300,720.0000,-3.403071
38.000,25.300,721.0000,-13.221306
38.000,25.300,722.0000,-1.118468
38.000,25.300,723.0000,2.937309
38.000,25.300,724.0000,6.068657
38.000,25.300,725.0000,-1.101023
38.000,25.300,726.0000,-7.448279
38.000,25.300,727.0000,5.377478
38.000,25.300,728.0000,3.292732
38.000,25.300,729.0000,-5.161346
38.000,25.300,730.0000,-12.651266
38.000,25.300,731.0000,8.846983
38.000,25.300,732.0000,-6.588415
38.000,25.300,733.0000,6.495389
38.000,25.300,734.0000,1.670098
38.000,25.300,735.0000,-1.101299
38.000,25.300,736.0000,2.797766
38.000,25.300,737.0000,-12.903786
38.000,25.300,738.0000,4.538108
38.000,25.300,739.0000,0.908631
38.000,25.300,740.0000,2.547181
38.000,25.300,741.0000,7.768643
38.000,25.300,742.0000,9.199379
38.000,25.300,743.0000,-0.230518
38.000,25.300,744.0000,-7.926971
38.000,25.300,745.0000,5.838837
38.000,25.300,746.0000,14.703853
38.000,25.300,747.0000,3.953221
38.000,25.300,748.0000,3.024557
38.000,25.300,749.0000,7.801215
38.000,25.300,750.0000,1.838394
38.000,25.300,751.0000,5.614606
38.000,25.300,752.0000,-4.945873
38.000,25.300,753.0000,0.350611
38.000,25.300,754.0000,6.114382
38.000,25.300,755.0000,-1.996793
38.000,25.300,756.0000,4.539101
38.000,25.300,757.0000,0.265447
38.000,25.300,758.0000,-0.172798
38.000,25.300,759.0000,0.473436
38.000,25.300,760.0000,1.360573
38.000,25.300,761.0000,3.767104
38.000,25.300,762.0000,-0.096825
38.000,25.300,763.0000,7.101698
38.000,25.300,764.0000,-6.404585
38.000,25.300,765.0000,-2.951446
38.000,25.300,766.0000,4.541088
38.000,25.300,767.0000,-0.859812
38.000,25.300,768.0000,7.652965
38.000,25.300,769.0000,14.442726
38.000,25.300,770.0000,-0.811914
38.000,25.300,771.0000,0.337112
38.000,25.300,772.0000,-8.401699
38.000,25.300,773.0000,5.619154
38.000,25.300,774.0000,-0.301970
38.000,25.300,775.0000,16.288871
38.000,25.300,776.0000,4.383347
38.000,25.300,777.0000,6.693469
38.000,25.300,778.0000,14.745180
38.000,25.300,779.0000,22.086349
38.000,25.300,780.0000,11.896166
38.000,25.300,781.0000,18.403108
38.000,25.300,782.0000,18.002163
38.000,25.300,783.0000,11.492833
38.000,25.300,784.0000,26.461487
38.000,25.300,785.0000,27.287916
38.000,25.300,786.0000,22.843918
38.000,25.300,787.0000,36.576233
38.000,25.300,788.0000,39.318440
38.000,25.300,789.0000,45.589898
38.000,25.300,790.0000,52.532456
38.000,25.300,791.0000,68.741729
38.000,25.300,792.0000,64.359704
38.000,25.300,793.0000,69.495882
38.000,25.300,794.0000,75.144554
38.000,25.300,795.0000,89.020059
38.000,25.300,796.0000,86.993173
38.000,25.300,797.0000,74.496013
38.000,25.300,798.0000,75.899890
38.000,25.300,799.0000,63.588546
38.000,25.300,800.0000,51.009718
38.000,25.300,801.0000,47.080855
38.000,25.300,802.0000,36.737404
38.000,25.300,803.0000,37.492853
38.000,25.300,804.0000,32.491036
38.000,25.300,805.0000,29.531737
38.000,25.300,806.0000,26.954653
38.000,25.300,807.0000,12.917950
38.000,25.300,808.0000,22.750175
38.000,25.300,809.0000,8.539364
38.000,25.300,810.0000,13.591383
38.000,25.300,811.0000,-8.250156
38.000,25.300,812.0000,9.419123
38.000,25.300,813.0000,14.863535
38.000,25.300,814.0000,1.367872
38.000,25.300,815.0000,12.557840
38.000,25.300,816.0000,11.785093
38.000,25.300,817.0000,5.161546
38.000,25.300,818.0000,17.488230
38.000,25.300,819.0000,-0.824584
38.000,25.300,820.0000,5.232517
38.000,25.300,821.0000,4.607305
38.000,25.300,822.0000,11.665659
38.000,25.300,823.0000,27.522879
38.000,25.300,824.0000,-0.213123
38.000,25.300,825.0000,12.137200
38.000,25.300,826.0000,9.896570
38.000,25.300,827.0000,4.249910
38.000,25.300,828.0000,-2.896385
38.000,25.300,829.0000,4.702250
38.000,25.300,830.0000,1.449873
38.000,25.300,831.0000,4.589941
38.000,25.300,832.0000,8.428946
38.000,25.300,833.0000,1.585514
38.000,25.300,834.0000,-0.788657
38.000,25.300,835.0000,3.163676
38.000,25.300,836.0000,1.306886
38.000,25.300,837.0000,5.761707
38.000,25.300,838.0000,0.252146
38.000,25.300,839.0000,1.585332
38.000,25.300,840.0000,1.024065
38.000,25.300,841.0000,-2.417180
38.000,25.300,842.0000,10.598102
38.000,25.300,843.0000,9.724373
38.000,25.300,844.0000,-0.026960
38.000,25.300,845.0000,-3.829235
38.000,25.300,846.0000,-4.956786
38.000,25.300,847.0000,-9.377544
38.000,25.300,848.0000,5.418342
38.000,25.300,849.0000,2.993212
38.000,25.300,850.0000,5.902015
38.000,25.300,851.0000,-1.015973
38.000,25.300,852.0000,7.147567
38.000,25.300,853.0000,-5.277506
38.000,25.300,854.0000,-4.939787
38.000,25.300,855.0000,8.031068
38.000,25.300,856.0000,-2.076546
38.000,25.300,857.0000,-1.770148
38.000,25.300,858.0000,4.604163
38.000,25.300,859.0000,-2.032142
38.000,25.300,860.0000,-3.293493
38.000,25.300,861.0000,1.195841
38.000,25.300,862.0000,-7.062222
38.000,25.300,863.0000,-5.419731
38.000,25.300,864.0000,16.168271
38.000,25.300,865.0000,0.097056
38.000,25.300,866.0000,3.641085
38.000,25.300,867.0000,1.684616
38.000,25.300,868.0000,4.710943
38.000,25.300,869.0000,13.034926
38.000,25.300,870.0000,1.197212
38.000,25.300,871.0000,8.785561
38.000,25.300,872.0000,4.657135
38.000,25.300,873.0000,7.467854
38.000,25.300,874.0000,6.396219
38.000,25.300,875.0000,8.605106
38.000,25.300,876.0000,3.758134
38.000,25.300,877.0000,-12.625092
38.000,25.300,878.0000,-0.218205
38.000,25.300,879.0000,7.826304
38.000,25.300,880.0000,-0.558247
38.000,25.300,881.0000,-1.090457
38.000,25.300,882.0000,0.785381
38.000,25.300,883.0000,8.038097
38.000,25.300,884.0000,-2.332242
38.000,25.300,885.0000,3.007046
38.000,25.300,886.0000,3.530339
38.000,25.300,887.0000,-0.574876
38.000,25.300,888.0000,-0.832450
38.000,25.300,889.0000,8.366459
38.000,25.300,890.0000,1.367628
38.000,25.300,891.0000,-9.006169
38.000,25.300,892.0000,-11.284132
38.000,25.300,893.0000,1.897736
38.000,25.300,894.0000,-9.217911
38.000,25.300,895.0000,0.303476
38.000,25.300,896.0000,1.261019
38.000,25.300,897.0000,11.833198
38.000,25.300,898.0000,-4.098672
38.000,25.300,899.0000,8.844362
38.000,25.300,900.0000,-8.723918
38.000,25.300,901.0000,1.499031
38.000,25.300,902.0000,-1.737073
38.000,25.300,903.0000,-9.925565
38.000,25.300,904.0000,-1.108894
38.000,25.300,905.0000,6.028967
38.000,25.300,906.0000,-5.503529
38.000,25.300,907.0000,6.199906
38.000,25.300,908.0000,11.844619
38.000,25.300,909.0000,14.396831
38.000,25.300,910.0000,-3.662085
38.000,25.300,911.0000,-16.364130
38.000,25.300,912.0000,3.027403
38.000,25.300,913.0000,7.533335
38.000,25.300,914.0000,-2.677033
38.000,25.300,915.0000,1.027325
38.000,25.300,916.0000,-2.674647
38.000,25.300,917.0000,-0.352872
38.000,25.300,918.0000,-0.216558
38.000,25.300,919.0000,-6.942058
38.000,25.300,920.0000,7.764885
38.000,25.300,921.0000,-6.494081
38.000,25.300,922.0000,-4.881673
38.000,25.300,923.0000,-4.673599
38.000,25.300,924.0000,1.722736
38.000,25.300,925.0000,5.071040
38.000,25.300,926.0000,9.392474
38.000,25.300,927.0000,0.562073
38.000,25.300,928.0000,-3.661571
38.000,25.300,929.0000,6.556813
38.000,25.300,930.0000,2.922892
38.000,25.300,931.0000,5.138253
38.000,25.300,932.0000,2.159135
38.000,25.300,933.0000,3.722783
38.000,25.300,934.0000,9.763120
38.000,25.300,935.0000,0.034760
38.000,25.300,936.0000,5.323002
38.000,25.300,937.0000,4.791759
38.000,25.300,938.0000,13.597434
38.000,25.300,939.0000,5.475518
38.000,25.300,940.0000,8.836242
38.000,25.300,941.0000,2.895463
38.000,25.300,942.0000,1.552212
38.000,25.300,943.0000,2.661273
38.000,25.300,944.0000,-2.207237
38.000,25.300,945.0000,4.487890
38.000,25.300,946.0000,-8.364378
38.000,25.300,947.0000,24.636742
38.000,25.300,948.0000,0.612342
38.000,25.300,949.0000,6.800830
38.000,25.300,950.0000,11.285513
38.000,25.300,951.0000,2.662525
38.000,25.300,952.0000,9.101512
38.000,25.300,953.0000,9.296443
38.000,25.300,954.0000,-6.796160
38.000,25.300,955.0000,8.431252
38.000,25.300,956.0000,13.015590
38.000,25.300,957.0000,4.692834
38.000,25.300,958.0000,13.020157
38.000,25.300,959.0000,9.784641
38.000,25.300,960.0000,2.196272
38.000,25.300,961.0000,-6.877289
38.000,25.300,962.0000,-3.805189
38.000,25.300,963.0000,2.542569
38.000,25.300,964.0000,3.348651
38.000,25.300,965.0000,13.086934
38.000,25.300,966.0000,3.885928
38.000,25.300,967.0000,10.576163
38.000,25.300,968.0000,2.658831
38.000,25.300,969.0000,4.846444
38.000,25.300,970.0000,11.376343
38.000,25.300,971.0000,8.590143
38.000,25.300,972.0000,15.660274
38.000,25.300,973.0000,8.233488
38.000,25.300,974.0000,4.600260
38.000,25.300,975.0000,4.946439
38.000,25.300,976.0000,6.745729
38.000,25.300,977.0000,27.460509
38.000,25.300,978.0000,15.918587
38.000,25.300,979.0000,23.605025
38.000,25.300,980.0000,30.504551
38.000,25.300,981.0000,23.365558
38.000,25.300,982.0000,24.713215
38.000,25.300,983.0000,18.036343
38.000,25.300,984.0000,20.994869
38.000,25.300,985.0000,40.499779
38.000,25.300,986.0000,52.093377
38.000,25.300,987.0000,44.082838
38.000,25.300,988.0000,62.736157
38.000,25.300,989.0000,52.841638
38.000,25.300,990.0000,64.954250
38.000,25.300,991.0000,75.538624
38.000,25.300,992.0000,92.297831
38.000,25.300,993.0000,113.110496
38.000,25.300,994.0000,141.413793
38.000,25.300,995.0000,182.385225
38.000,25.300,996.0000,241.725830
38.000,25.300,997.0000,329.981538
38.000,25.300,998.0000,449.112278
38.000,25.300,999.0000,632.103592
38.000,25.300,1000.0000,796.764455
38.000,25.300,1001.0000,910.306129
38.000,25.300,1002.0000,814.822498
38.000,25.300,1003.0000,612.820110
38.000,25.300,1004.0000,460.242696
38.000,25.300,1005.0000,330.330539
38.000,25.300,1006.0000,252.624721
38.000,25.300,1007.0000,189.916208
38.000,25.300,1008.0000,150.023879
38.000,25.300,1009.0000,122.990929
38.000,25.300,1010.0000,103.291019
38.000,25.300,1011.0000,75.050896
38.000,25.300,1012.0000,62.586182
38.000,25.300,1013.0000,72.289139
38.000,25.300,1014.0000,61.569901
38.000,25.300,1015.0000,62.116412
38.000,25.300,1016.0000,52.622735
38.000,25.300,1017.0000,49.087361
38.000,25.300,1018.0000,57.800370
38.000,25.300,1019.0000,61.724420
38.000,25.300,1020.0000,53.740873
38.000,25.300,1021.0000,57.977408
38.000,25.300,1022.0000,73.171870
38.000,25.300,1023.0000,74.393167
38.000,25.300,1024.0000,97.051950
38.000,25.300,1025.0000,116.605374
38.000,25.300,1026.0000,142.135434
38.000,25.300,1027.0000,179.019751
38.000,25.300,1028.0000,228.852196
38.000,25.300,1029.0000,297.542953
38.000,25.300,1030.0000,368.555498
38.000,25.300,1031.0000,384.096975
38.000,25.300,1032.0000,355.384821
38.000,25.300,1033.0000,289.767456
38.000,25.300,1034.0000,223.922888
38.000,25.300,1035.0000,176.485625
38.000,25.300,1036.0000,135.612847
38.000,25.300,1037.0000,100.176757
38.000,25.300,1038.0000,79.895239
38.000,25.300,1039.0000,67.530239
38.000,25.300,1040.0000,55.443973
38.000,25.300,1041.0000,44.064920
38.000,25.300,1042.0000,38.196504
38.000,25.300,1043.0000,33.042808
38.000,25.300,1044.0000,25.628016
38.000,25.300,1045.0000,21.119402
38.000,25.300,1046.0000,35.783628
38.000,25.300,1047.0000,27.214836
38.000,25.300,1048.0000,11.115681
38.000,25.300,1049.0000,6.557095
38.000,25.300,1050.0000,20.013653
38.000,25.300,1051.0000,10.420118
38.000,25.300,1052.0000,17.636270
38.000,25.300,1053.0000,10.984380
38.000,25.300,1054.0000,13.376104
38.000,25.300,1055.0000,12.652698
38.000,25.300,1056.0000,3.628486
38.000,25.300,1057.0000,9.780632
38.000,25.300,1058.0000,4.476690
38.000,25.300,1059.0000,3.901762
38.000,25.300,1060.0000,13.660350
38.000,25.300,1061.0000,11.420866
38.000,25.300,1062.0000,9.741745
38.000,25.300,1063.0000,11.969981
38.000,25.300,1064.0000,17.895249
38.000,25.300,1065.0000,2.728647
38.000,25.300,1066.0000,10.718848
38.000,25.300,1067.0000,6.023004
38.000,25.300,1068.0000,4.494279
38.000,25.300,1069.0000,6.148552
38.000,25.300,1070.0000,-0.231233
38.000,25.300,1071.0000,3.879491
38.000,25.300,1072.0000,0.113189
38.000,25.300,1073.0000,2.682233
38.000,25.300,1074.0000,15.653023
38.000,25.300,1075.0000,-1.726221
38.000,25.300,1076.0000,3.938167
38.000,25.300,1077.0000,10.741468
38.000,25.300,1078.0000,-1.485914
38.000,25.300,1079.0000,21.527979
38.000,25.300,1080.0000,5.341919
38.000,25.300,1081.0000,-5.453490
38.000,25.300,1082.0000,3.493673
38.000,25.300,1083.0000,0.259713
38.000,25.300,1084.0000,1.608171
38.000,25.300,1085.0000,7.377146
38.000,25.300,1086.0000,2.203814
38.000,25.300,1087.0000,9.361866
38.000,25.300,1088.0000,10.931194
38.000,25.300,1089.0000,6.620929
38.000,25.300,1090.0000,4.757958
38.000,25.300,1091.0000,-6.917168
38.000,25.300,1092.0000,21.713507
38.000,25.300,1093.0000,-1.391394
38.000,25.300,1094.0000,0.659639
38.000,25.300,1095.0000,1.110417
38.000,25.300,1096.0000,5.385683
38.000,25.300,1097.0000,6.312942
38.000,25.300,1098.0000,4.140184
38.000,25.300,1099.0000,-4.682269
38.000,25.300,1100.0000,6.115861
38.000,25.300,1101.0000,0.695050
38.000,25.300,1102.0000,22.015058
38.000,25.300,1103.0000,-2.876755
38.000,25.300,1104.0000,6.137163
38.000,25.300,1105.0000,-1.197564
38.000,25.300,1106.0000,-0.886450
38.000,25.300,1107.0000,-0.358740
38.000,25.300,1108.0000,6.362263
38.000,25.300,1109.0000,15.200534
38.000,25.300,1110.0000,-0.153933
38.000,25.300,1111.0000,4.239487
38.000,25.300,1112.0000,2.547838
38.000,25.300,1113.0000,0.227476
38.000,25.300,1114.0000,10.596692
38.000,25.300,1115.0000,0.755400
38.000,25.300,1116.0000,-1.007728
38.000,25.300,1117.0000,-4.337238
38.000,25.300,1118.0000,8.887192
38.000,25.300,1119.0000,13.291284
38.000,25.300,1120.0000,1.389173
38.000,25.300,1121.0000,0.529880
38.000,25.300,1122.0000,5.661093
38.000,25.300,1123.0000,5.262344
38.000,25.300,1124.0000,6.620732
38.000,25.300,1125.0000,19.639074
38.000,25.300,1126.0000,14.654256
38.000,25.300,1127.0000,8.714558
38.000,25.300,1128.0000,19.137064
38.000,25.300,1129.0000,12.612731
38.000,25.300,1130.0000,11.416269
38.000,25.300,1131.0000,-4.759444
38.000,25.300,1132.0000,2.352300
38.000,25.300,1133.0000,5.585196
38.000,25.300,1134.0000,-2.193562
38.000,25.300,1135.0000,11.153311
38.000,25.300,1136.0000,8.119896
38.000,25.300,1137.0000,12.938867
38.000,25.300,1138.0000,11.639065
38.000,25.300,1139.0000,-0.126550
38.000,25.300,1140.0000,17.070091
38.000,25.300,1141.0000,18.203966
38.000,25.300,1142.0000,17.430820
38.000,25.300,1143.0000,21.296992
38.000,25.300,1144.0000,23.582129
38.000,25.300,1145.0000,26.718016
38.000,25.300,1146.0000,39.203208
38.000,25.300,1147.0000,35.268721
38.000,25.300,1148.0000,39.956404
38.000,25.300,1149.0000,52.884483
38.000,25.300,1150.0000,63.150825
38.000,25.300,1151.0000,70.582826
38.000,25.300,1152.0000,102.053322
38.000,25.300,1153.0000,116.704212
38.000,25.300,1154.0000,117.690255
38.000,25.300,1155.0000,127.259777
38.000,25.300,1156.0000,115.711287
38.000,25.300,1157.0000,112.864210
38.000,25.300,1158.0000,92.660575
38.000,25.300,1159.0000,75.427040
38.000,25.300,1160.0000,72.876133
38.000,25.300,1161.0000,54.613109
38.000,25.300,1162.0000,60.504655
38.000,25.300,1163.0000,46.671649
38.000,25.300,1164.0000,32.368657
38.000,25.300,1165.0000,29.519564
38.000,25.300,1166.0000,24.505292
38.000,25.300,1167.0000,36.551477
38.000,25.300,1168.0000,32.381321
38.000,25.300,1169.0000,30.944463
38.000,25.300,1170.0000,35.659712
38.000,25.300,1171.0000,27.803567
38.000,25.300,1172.0000,18.417892
38.000,25.300,1173.0000,27.373494
38.000,25.300,1174.0000,35.068366
38.000,25.300,1175.0000,36.063659
38.000,25.300,1176.0000,39.435380
38.000,25.300,1177.0000,41.859073
38.000,25.300,1178.0000,43.159585
38.000,25.300,1179.0000,69.840936
38.000,25.300,1180.0000,70.847377
38.000,25.300,1181.0000,96.911733
38.000,25.300,1182.0000,116.605042
38.000,25.300,1183.0000,113.084763
38.000,25.300,1184.0000,97.158758
38.000,25.300,1185.0000,91.561821
38.000,25.300,1186.0000,78.287687
38.000,25.300,1187.0000,64.410506
38.000,25.300,1188.0000,45.405816
38.000,25.300,1189.0000,37.929389
38.000,25.300,1190.0000,35.389219
38.000,25.300,1191.0000,38.370350
38.000,25.300,1192.0000,28.509058
38.000,25.300,1193.0000,25.505600
38.000,25.300,1194.0000,29.663991
38.000,25.300,1195.0000,16.276254
38.000,25.300,1196.0000,14.560587
38.000,25.300,1197.0000,17.908888
38.000,25.300,1198.0000,2.539513
38.000,25.300,1199.0000,9.754741
38.000,25.300,1200.0000,1.860242
38.000,25.300,1201.0000,-1.524426
38.000,25.300,1202.0000,-1.016199
38.000,25.300,1203.0000,5.080108
38.000,25.300,1204.0000,11.203355
38.000,25.300,1205.0000,0.238120
38.000,25.300,1206.0000,5.464336
38.000,25.300,1207.0000,5.261914
38.000,25.300,1208.0000,6.989518
38.000,25.300,1209.0000,7.739354
38.000,25.300,1210.0000,-1.783510
38.000,25.300,1211.0000,8.094662
38.000,25.300,1212.0000,0.831431
38.000,25.300,1213.0000,4.079130
38.000,25.300,1214.0000,2.291244
38.000,25.300,1215.0000,6.364979
38.000,25.300,1216.0000,-0.226607
38.000,25.300,1217.0000,5.868079
38.000,25.300,1218.0000,11.799406
38.000,25.300,1219.0000,2.791001
38.000,25.300,1220.0000,4.773084
38.000,25.300,1221.0000,5.653244
38.000,25.300,1222.0000,8.479404
38.000,25.300,1223.0000,-8.380392
38.000,25.300,1224.0000,13.797512
38.000,25.300,1225.0000,6.894778
38.000,25.300,1226.0000,6.120955
38.000,25.300,1227.0000,8.862850
38.000,25.300,1228.0000,-5.559187
38.000,25.300,1229.0000,2.610715
38.000,25.300,1230.0000,-4.282094
38.000,25.300,1231.0000,-3.558666
38.000,25.300,1232.0000,-2.448387
38.000,25.300,1233.0000,-4.959982
38.000,25.300,1234.0000,-10.558511
38.000,25.300,1235.0000,4.319466
38.000,25.300,1236.0000,-6.226910
38.000,25.300,1237.0000,6.509701
38.000,25.300,1238.0000,-7.012586
38.000,25.300,1239.0000,3.660571
38.000,25.300,1240.0000,-3.023269
38.000,25.300,1241.0000,3.333002
38.000,25.300,1242.0000,6.040101
38.000,25.300,1243.0000,-0.726793
38.000,25.300,1244.0000,9.734745
38.000,25.300,1245.0000,13.229177
38.000,25.300,1246.0000,0.649985
38.000,25.300,1247.0000,-8.763542
38.000,25.300,1248.0000,7.196459
38.000,25.300,1249.0000,0.869014
38.000,25.300,1250.0000,1.141324
38.000,25.300,1251.0000,4.898270
38.000,25.300,1252.0000,9.016273
38.000,25.300,1253.0000,6.922130
38.000,25.300,1254.0000,1.641716
38.000,25.300,1255.0000,-5.501173
38.000,25.300,1256.0000,0.599085
38.000,25.300,1257.0000,-2.859193
38.000,25.300,1258.0000,-1.540384
38.000,25.300,1259.0000,6.974048
38.000,25.300,1260.0000,4.389785
38.000,25.300,1261.0000,2.710458
38.000,25.300,1262.0000,-5.942080
38.000,25.300,1263.0000,-4.484564
38.000,25.300,1264.0000,3.194691
38.000,25.300,1265.0000,-11.187925
38.000,25.300,1266.0000,18.053021
38.000,25.300,1267.0000,7.230834
38.000,25.300,1268.0000,5.549689
38.000,25.300,1269.0000,-5.189817
38.000,25.300,1270.0000,4.465093
38.000,25.300,1271.0000,1.871926
38.000,25.300,1272.0000,0.115335
38.000,25.300,1273.0000,-0.094485
38.000,25.300,1274.0000,3.978369
38.000,25.300,1275.0000,-1.334348
38.000,25.300,1276.0000,2.759158
38.000,25.300,1277.0000,5.972935
38.000,25.300,1278.0000,6.139541
38.000,25.300,1279.0000,-13.139419
38.000,25.300,1280.0000,-0.098508
38.000,25.300,1281.0000,8.158905
38.000,25.300,1282.0000,5.259802
38.000,25.300,1283.0000,2.769891
38.000,25.300,1284.0000,-1.767963
38.000,25.300,1285.0000,6.665242
38.000,25.300,1286.0000,1.887544
38.000,25.300,1287.0000,8.953685
38.000,25.300,1288.0000,-5.290637
38.000,25.300,1289.0000,-2.164307
38.000,25.300,1290.0000,17.744045
38.000,25.300,1291.0000,-10.389343
38.000,25.300,1292.0000,3.990482
38.000,25.300,1293.0000,-8.439722
38.000,25.300,1294.0000,3.471692
38.000,25.300,1295.0000,-1.270025
38.000,25.300,1296.0000,-5.629952
38.000,25.300,1297.0000,-1.273211
38.000,25.300,1298.0000,-2.789820
38.000,25.300,1299.0000,-0.196757
38.000,25.300,1300.0000,-0.446052
38.000,25.300,1301.0000,-7.813293
38.000,25.300,1302.0000,5.043881
38.000,25.300,1303.0000,0.867997
38.000,25.300,1304.0000,-0.190372
38.000,25.300,1305.0000,-8.217765
38.000,25.300,1306.0000,-0.620982
38.000,25.300,1307.0000,0.774692
38.000,25.300,1308.0000,2.037178
38.000,25.300,1309.0000,-0.679496
38.000,25.300,1310.0000,1.978148
38.000,25.300,1311.0000,11.847348
38.000,25.300,1312.0000,9.061139
38.000,25.300,1313.0000,-2.038928
38.000,25.300,1314.0000,5.849485
38.000,25.300,1315.0000,-3.461538
38.000,25.300,1316.0000,1.639064
38.000,25.300,1317.0000,5.991967
38.000,25.300,1318.0000,2.780824
38.000,25.300,1319.0000,-9.783947
38.000,25.300,1320.0000,-3.064698
38.000,25.300,1321.0000,4.216037
38.000,25.300,1322.0000,-0.646513
38.000,25.300,1323.0000,5.551500
38.000,25.300,1324.0000,-1.465381
38.000,25.300,1325.0000,-3.299836
38.000,25.300,1326.0000,8.099287
38.000,25.300,1327.0000,-0.746549
38.000,25.300,1328.0000,8.984529
38.000,25.300,1329.0000,-3.066375
38.000,25.300,1330.0000,2.903908
38.000,25.300,1331.0000,3.528243
38.000,25.300,1332.0000,-11.827205
38.000,25.300,1333.0000,1.091539
38.000,25.300,1334.0000,13.185214
38.000,25.300,1335.0000,5.523416
38.000,25.300,1336.0000,-4.101999
38.000,25.300,1337.0000,-11.118346
38.000,25.300,1338.0000,-1.909171
38.000,25.300,1339.0000,-9.402494
38.000,25.300,1340.0000,5.537623
38.000,25.300,1341.0000,-9.375599
38.000,25.300,1342.0000,-0.111347
38.000,25.300,1343.0000,-1.318249
38.000,25.300,1344.0000,5.731121
38.000,25.300,1345.0000,3.383383
38.000,25.300,1346.0000,-4.023223
38.000,25.300,1347.0000,-5.841053
38.000,25.300,1348.0000,8.203919
38.000,25.300,1349.0000,-1.125808
38.000,25.300,1350.0000,4.190950
38.000,25.300,1351.0000,-1.789707
38.000,25.300,1352.0000,3.408358
38.000,25.300,1353.0000,-4.866906
38.000,25.300,1354.0000,3.080450
38.000,25.300,1355.0000,-0.669150
38.000,25.300,1356.0000,1.533043
38.000,25.300,1357.0000,15.674361
38.000,25.300,1358.0000,-1.994334
38.000,25.300,1359.0000,-11.006386
38.000,25.300,1360.0000,5.563438
38.000,25.300,1361.0000,-0.691919
38.000,25.300,1362.0000,-3.128903
38.000,25.300,1363.0000,-1.289023
38.000,25.300,1364.0000,-1.629410
38.000,25.300,1365.0000,1.745401
38.000,25.300,1366.0000,2.501158
38.000,25.300,1367.0000,7.657222
38.000,25.300,1368.0000,6.654011
38.000,25.300,1369.0000,-1.887293
38.000,25.300,1370.0000,0.298825
38.000,25.300,1371.0000,14.848231
38.000,25.300,1372.0000,9.113692
38.000,25.300,1373.0000,7.849890
38.000,25.300,1374.0000,-3.147417
38.000,25.300,1375.0000,-10.770555
38.000,25.300,1376.0000,2.965578
38.000,25.300,1377.0000,-11.080417
38.000,25.300,1378.0000,10.856970
38.000,25.300,1379.0000,5.265913
38.000,25.300,1380.0000,19.985529
38.000,25.300,1381.0000,7.057623
38.000,25.300,1382.0000,19.765065
38.000,25.300,1383.0000,-5.956201
38.000,25.300,1384.0000,5.613859
38.000,25.300,1385.0000,3.907296
38.000,25.300,1386.0000,-0.119383
38.000,25.300,1387.0000,-1.318004
38.000,25.300,1388.0000,3.913146
38.000,25.300,1389.0000,4.695514
38.000,25.300,1390.0000,12.488747
38.000,25.300,1391.0000,8.211379
38.000,25.300,1392.0000,13.328592
38.000,25.300,1393.0000,-0.048422
38.000,25.300,1394.0000,3.632927
38.000,25.300,1395.0000,-12.242751
38.000,25.300,1396.0000,8.791534
38.000,25.300,1397.0000,6.734916
38.000,25.300,1398.0000,3.370805
38.000,25.300,1399.0000,4.003446
38.000,25.300,1400.0000,7.090935
38.000,25.300,1401.0000,-5.527415
38.000,25.300,1402.0000,2.979921
38.000,25.300,1403.0000,-13.261121
38.000,25.300,1404.0000,-2.180818
38.000,25.300,1405.0000,2.567744
38.000,25.300,1406.0000,-1.342865
38.000,25.300,1407.0000,8.155781
38.000,25.300,1408.0000,12.753897
38.000,25.300,1409.0000,5.150947
38.000,25.300,1410.0000,16.654709
38.000,25.300,1411.0000,5.133402
38.000,25.300,1412.0000,2.671343
38.000,25.300,1413.0000,-3.020884
38.000,25.300,1414.0000,1.092657
38.000,25.300,1415.0000,12.441829
38.000,25.300,1416.0000,9.970884
38.000,25.300,1417.0000,6.500309
38.000,25.300,1418.0000,13.834864
38.000,25.300,1419.0000,-2.246160
38.000,25.300,1420.0000,3.117309
38.000,25.300,1421.0000,13.381417
38.000,25.300,1422.0000,3.066975
38.000,25.300,1423.0000,13.584178
38.000,25.300,1424.0000,8.020226
38.000,25.300,1425.0000,10.358294
38.000,25.300,1426.0000,21.632578
38.000,25.300,1427.0000,15.893999
38.000,25.300,1428.0000,18.064776
38.000,25.300,1429.0000,27.032440
38.000,25.300,1430.0000,26.337752
38.000,25.300,1431.0000,27.164486
38.000,25.300,1432.0000,21.382935
38.000,25.300,1433.0000,35.477059
38.000,25.300,1434.0000,24.385337
38.000,25.300,1435.0000,31.659948
38.000,25.300,1436.0000,39.647142
38.000,25.300,1437.0000,49.491927
38.000,25.300,1438.0000,40.464864
38.000,25.300,1439.0000,61.512440
38.000,25.300,1440.0000,66.263848
38.000,25.300,1441.0000,78.126309
38.000,25.300,1442.0000,95.192998
38.000,25.300,1443.0000,96.867078
38.000,25.300,1444.0000,116.286776
38.000,25.300,1445.0000,130.061669
38.000,25.300,1446.0000,149.590643
38.000,25.300,1447.0000,154.369955
38.000,25.300,1448.0000,185.624167
38.000,25.300,1449.0000,190.474671
38.000,25.300,1450.0000,198.935790
38.000,25.300,1451.0000,188.159000
38.000,25.300,1452.0000,177.517720
38.000,25.300,1453.0000,171.787043
38.000,25.300,1454.0000,145.788860
38.000,25.300,1455.0000,139.306408
38.000,25.300,1456.0000,112.606084
38.000,25.300,1457.0000,91.289165
38.000,25.300,1458.0000,88.521089
38.000,25.300,1459.0000,78.724544
38.000,25.300,1460.0000,69.026761
38.000,25.300,1461.0000,54.418779
38.000,25.300,1462.0000,31.309626
38.000,25.300,1463.0000,49.525491
38.000,25.300,1464.0000,39.121442
38.000,25.300,1465.0000,36.955513
38.000,25.300,1466.0000,30.220447
38.000,25.300,1467.0000,30.207583
38.000,25.300,1468.0000,34.709909
38.000,25.300,1469.0000,24.225852
38.000,25.300,1470.0000,25.238219
38.000,25.300,1471.0000,9.779961
38.000,25.300,1472.0000,13.025029
38.000,25.300,1473.0000,20.705905
38.000,25.300,1474.0000,10.735663
38.000,25.300,1475.0000,16.629956
38.000,25.300,1476.0000,10.208179
38.000,25.300,1477.0000,22.596412
38.000,25.300,1478.0000,-3.564594
38.000,25.300,1479.0000,11.185154
38.000,25.300,1480.0000,13.806682
38.000,25.300,1481.0000,15.365837
38.000,25.300,1482.0000,12.956265
38.000,25.300,1483.0000,11.163633
38.000,25.300,1484.0000,16.065010
38.000,25.300,1485.0000,7.318117
38.000,25.300,1486.0000,11.297970
38.000,25.300,1487.0000,-0.330854
38.000,25.300,1488.0000,2.567691
38.000,25.300,1489.0000,7.804611
38.000,25.300,1490.0000,-4.456720
38.000,25.300,1491.0000,6.971745
38.000,25.300,1492.0000,2.760306
38.000,25.300,1493.0000,8.440285
38.000,25.300,1494.0000,8.688645
38.000,25.300,1495.0000,-2.193678
38.000,25.300,1496.0000,8.129300
38.000,25.300,1497.0000,14.344021
38.000,25.300,1498.0000,0.175987
38.000,25.300,1499.0000,5.517201
38.000,25.300,1500.0000,4.282132
38.000,25.300,1501.0000,1.831720
38.000,25.300,1502.0000,2.521443
38.000,25.300,1503.0000,6.957761
38.000,25.300,1504.0000,7.494516
38.000,25.300,1505.0000,10.176314
38.000,25.300,1506.0000,1.995668
38.000,25.300,1507.0000,-2.135608
38.000,25.300,1508.0000,11.947368
38.000,25.300,1509.0000,2.584716
38.000,25.300,1510.0000,-4.661950
38.000,25.300,1511.0000,6.659676
38.000,25.300,1512.0000,2.232928
38.000,25.300,1513.0000,4.159627
38.000,25.300,1514.0000,5.063721
38.000,25.300,1515.0000,6.189418
38.000,25.300,1516.0000,-6.531844
38.000,25.300,1517.0000,10.618568
38.000,25.300,1518.0000,-4.167737
38.000,25.300,1519.0000,8.427682
38.000,25.300,1520.0000,7.252765
38.000,25.300,1521.0000,2.775672
38.000,25.300,1522.0000,1.572460
38.000,25.300,1523.0000,-7.343568
38.000,25.300,1524.0000,0.644740
38.000,25.300,1525.0000,7.412016
38.000,25.300,1526.0000,-0.817999
38.000,25.300,1527.0000,6.906209
38.000,25.300,1528.0000,7.739231
38.000,25.300,1529.0000,5.139556
38.000,25.300,1530.0000,4.106908
38.000,25.300,1531.0000,9.783729
38.000,25.300,1532.0000,-8.782565
38.000,25.300,1533.0000,7.288808
38.000,25.300,1534.0000,-0.244025
38.000,25.300,1535.0000,2.000120
38.000,25.300,1536.0000,1.456153
38.000,25.300,1537.0000,9.194827
38.000,25.300,1538.0000,2.702105
38.000,25.300,1539.0000,11.282725
38.000,25.300,1540.0000,0.017720
38.000,25.300,1541.0000,4.942671
38.000,25.300,1542.0000,2.281854
38.000,25.300,1543.0000,7.229772
38.000,25.300,1544.0000,19.055457
38.000,25.300,1545.0000,6.623946
38.000,25.300,1546.0000,-0.662720
38.000,25.300,1547.0000,4.430048
38.000,25.300,1548.0000,6.165097
38.000,25.300,1549.0000,14.463165
38.000,25.300,1550.0000,0.238292
38.000,25.300,1551.0000,10.682012
38.000,25.300,1552.0000,7.594359
38.000,25.300,1553.0000,16.045827
38.000,25.300,1554.0000,11.167459
38.000,25.300,1555.0000,11.267981
38.000,25.300,1556.0000,14.939672
38.000,25.300,1557.0000,10.484761
38.000,25.300,1558.0000,12.228594
38.000,25.300,1559.0000,10.803144
38.000,25.300,1560.0000,20.899228
38.000,25.300,1561.0000,28.044262
38.000,25.300,1562.0000,6.935562
38.000,25.300,1563.0000,24.270709
38.000,25.300,1564.0000,19.840888
38.000,25.300,1565.0000,11.867228
38.000,25.300,1566.0000,14.868364
38.000,25.300,1567.0000,21.087243
38.000,25.300,1568.0000,26.234726
38.000,25.300,1569.0000,32.453924
38.000,25.300,1570.0000,40.033571
38.000,25.300,1571.0000,30.214740
38.000,25.300,1572.0000,37.817400
38.000,25.300,1573.0000,54.615654
38.000,25.300,1574.0000,46.246343
38.000,25.300,1575.0000,55.969626
38.000,25.300,1576.0000,80.111627
38.000,25.300,1577.0000,100.141342
38.000,25.300,1578.0000,102.399023
38.000,25.300,1579.0000,137.722628
38.000,25.300,1580.0000,151.550136
38.000,25.300,1581.0000,177.477452
38.000,25.300,1582.0000,197.691936
38.000,25.300,1583.0000,201.465118
38.000,25.300,1584.0000,202.827763
38.000,25.300,1585.0000,179.989759
38.000,25.300,1586.0000,168.157625
38.000,25.300,1587.0000,151.509997
38.000,25.300,1588.0000,137.863301
38.000,25.300,1589.0000,104.122127
38.000,25.300,1590.0000,118.815264
38.000,25.300,1591.0000,117.432492
38.000,25.300,1592.0000,118.870691
38.000,25.300,1593.0000,122.193408
38.000,25.300,1594.0000,134.348685
38.000,25.300,1595.0000,167.200284
38.000,25.300,1596.0000,198.962355
38.000,25.300,1597.0000,237.493470
38.000,25.300,1598.0000,294.130031
38.000,25.300,1599.0000,362.481046
38.000,25.300,1600.0000,455.907211
38.000,25.300,1601.0000,521.006520
38.000,25.300,1602.0000,560.767076
38.000,25.300,1603.0000,523.423443
38.000,25.300,1604.0000,446.733873
38.000,25.300,1605.0000,366.041455
38.000,25.300,1606.0000,277.600320
38.000,25.300,1607.0000,228.480838
38.000,25.300,1608.0000,172.803292
38.000,25.300,1609.0000,142.482381
38.000,25.300,1610.0000,112.837034
38.000,25.300,1611.0000,85.058286
38.000,25.300,1612.0000,85.913577
38.000,25.300,1613.0000,80.575705
38.000,25.300,1614.0000,61.341266
38.000,25.300,1615.0000,56.292444
38.000,25.300,1616.0000,46.716408
38.000,25.300,1617.0000,40.146123
38.000,25.300,1618.0000,27.336753
38.000,25.300,1619.0000,34.704258
38.000,25.300,1620.0000,23.880454
38.000,25.300,1621.0000,24.249079
38.000,25.300,1622.0000,39.385890
38.000,25.300,1623.0000,30.491737
38.000,25.300,1624.0000,30.273502
38.000,25.300,1625.0000,17.317806
38.000,25.300,1626.0000,22.962735
38.000,25.300,1627.0000,8.688913
38.000,25.300,1628.0000,10.856199
38.000,25.300,1629.0000,9.826095
38.000,25.300,1630.0000,22.287197
38.000,25.300,1631.0000,11.762446
38.000,25.300,1632.0000,-0.737992
38.000,25.300,1633.0000,11.184640
38.000,25.300,1634.0000,8.190459
38.000,25.300,1635.0000,5.319459
38.000,25.300,1636.0000,0.639536
38.000,25.300,1637.0000,14.492241
38.000,25.300,1638.0000,24.983471
38.000,25.300,1639.0000,16.732355
38.000,25.300,1640.0000,3.084734
38.000,25.300,1641.0000,7.811974
38.000,25.300,1642.0000,9.300109
38.000,25.300,1643.0000,4.964633
38.000,25.300,1644.0000,8.465445
38.000,25.300,1645.0000,-0.179285
38.000,25.300,1646.0000,5.670218
38.000,25.300,1647.0000,1.640225
38.000,25.300,1648.0000,11.966022
38.000,25.300,1649.0000,12.816047
38.000,25.300,1650.0000,11.449548
38.000,25.300,1651.0000,2.105068
38.000,25.300,1652.0000,8.197147
38.000,25.300,1653.0000,8.911158
38.000,25.300,1654.0000,7.418662
38.000,25.300,1655.0000,20.122934
38.000,25.300,1656.0000,9.204384
38.000,25.300,1657.0000,2.602453
38.000,25.300,1658.0000,0.877086
38.000,25.300,1659.0000,-0.472133
38.000,25.300,1660.0000,-3.412349
38.000,25.300,1661.0000,4.065071
38.000,25.300,1662.0000,-2.997866
38.000,25.300,1663.0000,8.265525
38.000,25.300,1664.0000,2.727974
38.000,25.300,1665.0000,13.356173
38.000,25.300,1666.0000,-4.084297
38.000,25.300,1667.0000,7.525010
38.000,25.300,1668.0000,-0.185526
38.000,25.300,1669.0000,-12.595337
38.000,25.300,1670.0000,4.850898
38.000,25.300,1671.0000,-4.805667
38.000,25.300,1672.0000,0.718130
38.000,25.300,1673.0000,3.395283
38.000,25.300,1674.0000,0.501135
38.000,25.300,1675.0000,4.243310
38.000,25.300,1676.0000,-5.185943
38.000,25.300,1677.0000,-6.513956
38.000,25.300,1678.0000,-0.115990
38.000,25.300,1679.0000,-5.104262
38.000,25.300,1680.0000,-9.103213
38.000,25.300,1681.0000,8.353161
38.000,25.300,1682.0000,1.507291
38.000,25.300,1683.0000,3.418835
38.000,25.300,1684.0000,-7.061688
38.000,25.300,1685.0000,3.231634
38.000,25.300,1686.0000,3.262897
38.000,25.300,1687.0000,0.946950
38.000,25.300,1688.0000,1.516578
38.000,25.300,1689.0000,-0.850253
38.000,25.300,1690.0000,0.141488
38.000,25.300,1691.0000,6.286846
38.000,25.300,1692.0000,0.321725
38.000,25.300,1693.0000,6.965412
38.000,25.300,1694.0000,-5.385990
38.000,25.300,1695.0000,-1.073051
38.000,25.300,1696.0000,0.374592
38.000,25.300,1697.0000,4.567714
38.000,25.300,1698.0000,3.454087
38.000,25.300,1699.0000,0.433097
38.000,25.300,1700.0000,3.076828
38.000,25.300,1701.0000,0.788012
38.000,25.300,1702.0000,2.856357
38.000,25.300,1703.0000,6.696981
38.000,25.300,1704.0000,2.676308
38.000,25.300,1705.0000,-1.626487
38.000,25.300,1706.0000,4.532752
38.000,25.300,1707.0000,2.226954
38.000,25.300,1708.0000,6.733063
38.000,25.300,1709.0000,9.378355
38.000,25.300,1710.0000,-15.299563
38.000,25.300,1711.0000,2.717386
38.000,25.300,1712.0000,-5.312408
38.000,25.300,1713.0000,3.086292
38.000,25.300,1714.0000,2.073828
38.000,25.300,1715.0000,-6.904762
38.000,25.300,1716.0000,-2.889694
38.000,25.300,1717.0000,2.380336
38.000,25.300,1718.0000,-0.909769
38.000,25.300,1719.0000,7.764677
38.000,25.300,1720.0000,-4.079736
38.000,25.300,1721.0000,-4.642633
38.000,25.300,1722.0000,-6.321001
38.000,25.300,1723.0000,-10.914299
38.000,25.300,1724.0000,-14.568316
38.000,25.300,1725.0000,3.051018
38.000,25.300,1726.0000,1.895440
38.000,25.300,1727.0000,1.757117
38.000,25.300,1728.0000,-2.925255
38.000,25.300,1729.0000,9.818226
38.000,25.300,1730.0000,2.356307
38.000,25.300,1731.0000,-6.577899
38.000,25.300,1732.0000,-3.972766
38.000,25.300,1733.0000,-4.016315
38.000,25.300,1734.0000,3.450281
38.000,25.300,1735.0000,-8.026766
38.000,25.300,1736.0000,-3.578866
38.000,25.300,1737.0000,1.377466
38.000,25.300,1738.0000,-4.385348
38.000,25.300,1739.0000,1.219063
38.000,25.300,1740.0000,-9.473321
38.000,25.300,1741.0000,-5.179009
38.000,25.300,1742.0000,1.536560
38.000,25.300,1743.0000,-4.546371
38.000,25.300,1744.0000,-2.008765
38.000,25.300,1745.0000,1.737635
38.000,25.300,1746.0000,8.040244
38.000,25.300,1747.0000,-6.852599
38.000,25.300,1748.0000,6.251222
38.000,25.300,1749.0000,2.820366
38.000,25.300,1750.0000,-7.771622
38.000,25.300,1751.0000,-0.643597
38.000,25.300,1752.0000,11.061036
38.000,25.300,1753.0000,-3.998225
38.000,25.300,1754.0000,0.759961
38.000,25.300,1755.0000,7.131934
38.000,25.300,1756.0000,0.463044
38.000,25.300,1757.0000,14.763918
38.000,25.300,1758.0000,6.090696
38.000,25.300,1759.0000,-2.244901
38.000,25.300,1760.0000,6.604533
38.000,25.300,1761.0000,-5.096301
38.000,25.300,1762.0000,-2.562633
38.000,25.300,1763.0000,-0.330565
38.000,25.300,1764.0000,-4.344770
38.000,25.300,1765.0000,11.249009
38.000,25.300,1766.0000,-4.196531
38.000,25.300,1767.0000,-5.174192
38.000,25.300,1768.0000,0.815668
38.000,25.300,1769.0000,2.639265
38.000,25.300,1770.0000,8.237318
38.000,25.300,1771.0000,0.458955
38.000,25.300,1772.0000,4.612079
38.000,25.300,1773.0000,-9.101589
38.000,25.300,1774.0000,-8.831199
38.000,25.300,1775.0000,-7.757912
38.000,25.300,1776.0000,4.722158
38.000,25.300,1777.0000,9.812712
38.000,25.300,1778.0000,-1.055264
38.000,25.300,1779.0000,7.465880
38.000,25.300,1780.0000,6.837664
38.000,25.300,1781.0000,2.304185
38.000,25.300,1782.0000,1.070320
38.000,25.300,1783.0000,-1.941618
38.000,25.300,1784.0000,0.754761
38.000,25.300,1785.0000,1.622172
38.000,25.300,1786.0000,1.669291
38.000,25.300,1787.0000,10.149015
38.000,25.300,1788.0000,-5.663359
38.000,25.300,1789.0000,4.862308
38.000,25.300,1790.0000,1.921087
38.000,25.300,1791.0000,2.329958
38.000,25.300,1792.0000,-4.778756
38.000,25.300,1793.0000,-0.956954
38.000,25.300,1794.0000,-1.397197
38.000,25.300,1795.0000,-10.335612
38.000,25.300,1796.0000,8.470293
38.000,25.300,1797.0000,2.389037
38.000,25.300,1798.0000,-13.227236
38.000,25.300,1799.0000,14.348312
38.000,25.300,1800.0000,-13.867686
38.000,25.300,1801.0000,-12.846622
38.000,25.300,1802.0000,10.430576
38.000,25.300,1803.0000,2.343411
38.000,25.300,1804.0000,-9.932387
38.000,25.300,1805.0000,2.867168
38.000,25.300,1806.0000,3.045834
38.000,25.300,1807.0000,1.930964
38.000,25.300,1808.0000,-0.858006
38.000,25.300,1809.0000,0.074856
38.000,25.300,1810.0000,1.844475
38.000,25.300,1811.0000,4.193814
38.000,25.300,1812.0000,4.458443
38.000,25.300,1813.0000,-1.902653
38.000,25.300,1814.0000,-5.330345
38.000,25.300,1815.0000,7.232057
38.000,25.300,1816.0000,1.541120
38.000,25.300,1817.0000,-6.826068
38.000,25.300,1818.0000,3.730589
38.000,25.300,1819.0000,-1.745879
38.000,25.300,1820.0000,-7.785622
38.000,25.300,1821.0000,-8.134101
38.000,25.300,1822.0000,4.945161
38.000,25.300,1823.0000,3.722253
38.000,25.300,1824.0000,-1.802855
38.000,25.300,1825.0000,-5.688692
38.000,25.300,1826.0000,-5.532472
38.000,25.300,1827.0000,1.564031
38.000,25.300,1828.0000,-2.042666
38.000,25.300,1829.0000,-6.318575
38.000,25.300,1830.0000,7.008817
38.000,25.300,1831.0000,-0.253367
38.000,25.300,1832.0000,-0.104366
38.000,25.300,1833.0000,-7.577119
38.000,25.300,1834.0000,1.401750
38.000,25.300,1835.0000,3.603213
38.000,25.300,1836.0000,-1.312887
38.000,25.300,1837.0000,-0.878741
38.000,25.300,1838.0000,-1.119727
38.000,25.300,1839.0000,-7.088217
38.000,25.300,1840.0000,-6.750345
38.000,25.300,1841.0000,3.538043
38.000,25.300,1842.0000,-1.679445
38.000,25.300,1843.0000,2.705041
38.000,25.300,1844.0000,-3.700462
38.000,25.300,1845.0000,6.347941
38.000,25.300,1846.0000,9.806715
38.000,25.300,1847.0000,7.764717
38.000,25.300,1848.0000,10.791284
38.000,25.300,1849.0000,5.741621
38.000,25.300,1850.0000,-1.755422
38.000,25.300,1851.0000,-1.909856
38.000,25.300,1852.0000,-1.799101
38.000,25.300,1853.0000,-2.346653
38.000,25.300,1854.0000,-8.630015
38.000,25.300,1855.0000,-6.737669
38.000,25.300,1856.0000,-10.476539
38.000,25.300,1857.0000,12.722031
38.000,25.300,1858.0000,6.333047
38.000,25.300,1859.0000,4.220061
38.000,25.300,1860.0000,-3.488572
38.000,25.300,1861.0000,7.105611
38.000,25.300,1862.0000,4.182887
38.000,25.300,1863.0000,2.446893
38.000,25.300,1864.0000,-5.241928
38.000,25.300,1865.0000,-3.291580
38.000,25.300,1866.0000,-2.002524
38.000,25.300,1867.0000,1.874235
38.000,25.300,1868.0000,2.511146
38.000,25.300,1869.0000,-3.148569
38.000,25.300,1870.0000,9.995718
38.000,25.300,1871.0000,9.961817
38.000,25.300,1872.0000,3.611469
38.000,25.300,1873.0000,1.394537
38.000,25.300,1874.0000,7.037335
38.000,25.300,1875.0000,-0.710071
38.000,25.300,1876.0000,0.089255
38.000,25.300,1877.0000,-7.839191
38.000,25.300,1878.0000,1.573805
38.000,25.300,1879.0000,10.508737
38.000,25.300,1880.0000,-8.078198
38.000,25.300,1881.0000,3.696949
38.000,25.300,1882.0000,-4.081552
38.000,25.300,1883.0000,5.217442
38.000,25.300,1884.0000,12.137520
38.000,25.300,1885.0000,1.173012
38.000,25.300,1886.0000,11.538872
38.000,25.300,1887.0000,4.357613
38.000,25.300,1888.0000,-5.751085
38.000,25.300,1889.0000,2.563505
38.000,25.300,1890.0000,3.303314
38.000,25.300,1891.0000,-8.973947
38.000,25.300,1892.0000,1.400410
38.000,25.300,1893.0000,9.318771
38.000,25.300,1894.0000,-4.701494
38.000,25.300,1895.0000,1.583852
38.000,25.300,1896.0000,-0.150469
38.000,25.300,1897.0000,-4.063036
38.000,25.300,1898.0000,-1.464391
38.000,25.300,1899.0000,-4.312687
38.000,25.300,1900.0000,2.652179
38.000,25.300,1901.0000,2.966246
38.000,25.300,1902.0000,1.960815
38.000,25.300,1903.0000,7.038606
38.000,25.300,1904.0000,0.666092
38.000,25.300,1905.0000,-4.392790
38.000,25.300,1906.0000,9.131141
38.000,25.300,1907.0000,0.844592
38.000,25.300,1908.0000,4.549027
38.000,25.300,1909.0000,-12.569398
38.000,25.300,1910.0000,-3.666406
38.000,25.300,1911.0000,6.690294
38.000,25.300,1912.0000,7.209726
38.000,25.300,1913.0000,-2.128349
38.000,25.300,1914.0000,10.638303
38.000,25.300,1915.0000,7.782038
38.000,25.300,1916.0000,-2.840196
38.000,25.300,1917.0000,-3.637333
38.000,25.300,1918.0000,-0.043489
38.000,25.300,1919.0000,-6.096787
38.000,25.300,1920.0000,6.401955
38.000,25.300,1921.0000,2.152732
38.000,25.300,1922.0000,-12.719023
38.000,25.300,1923.0000,10.903327
38.000,25.300,1924.0000,-3.068273
38.000,25.300,1925.0000,0.889493
38.000,25.300,1926.0000,-7.569123
38.000,25.300,1927.0000,-0.242811
38.000,25.300,1928.0000,0.116499
38.000,25.300,1929.0000,5.791316
38.000,25.300,1930.0000,0.244159
38.000,25.300,1931.0000,0.870708
38.000,25.300,1932.0000,-0.116975
38.000,25.300,1933.0000,-6.516484
38.000,25.300,1934.0000,-2.721959
38.000,25.300,1935.0000,8.203832
38.000,25.300,1936.0000,-5.060909
38.000,25.300,1937.0000,6.517577
38.000,25.300,1938.0000,1.050212
38.000,25.300,1939.0000,-5.585328
38.000,25.300,1940.0000,7.572261
38.000,25.300,1941.0000,4.090558
38.000,25.300,1942.0000,0.449470
38.000,25.300,1943.0000,-0.179129
38.000,25.300,1944.0000,3.272158
38.000,25.300,1945.0000,-2.677764
38.000,25.300,1946.0000,10.238346
38.000,25.300,1947.0000,0.388196
38.000,25.300,1948.0000,-6.250439
38.000,25.300,1949.0000,-0.841887
38.000,25.300,1950.0000,-19.719474
38.000,25.300,1951.0000,6.853152
38.000,25.300,1952.0000,7.473194
38.000,25.300,1953.0000,1.443044
38.000,25.300,1954.0000,-2.143726
38.000,25.300,1955.0000,-0.561603
38.000,25.300,1956.0000,-7.963964
38.000,25.300,1957.0000,0.849371
38.000,25.300,1958.0000,8.799149
38.000,25.300,1959.0000,-1.491128
38.000,25.300,1960.0000,15.101437
38.000,25.300,1961.0000,-9.017618
38.000,25.300,1962.0000,-1.575104
38.000,25.300,1963.0000,-0.012160
38.000,25.300,1964.0000,2.795825
38.000,25.300,1965.0000,10.805788
38.000,25.300,1966.0000,0.042138
38.000,25.300,1967.0000,6.304907
38.000,25.300,1968.0000,-12.785198
38.000,25.300,1969.0000,-4.736897
38.000,25.300,1970.0000,-0.498008
38.000,25.300,1971.0000,4.796167
38.000,25.300,1972.0000,-6.262484
38.000,25.300,1973.0000,-7.354684
38.000,25.300,1974.0000,-3.505328
38.000,25.300,1975.0000,-5.917735
38.000,25.300,1976.0000,-1.748521
38.000,25.300,1977.0000,-8.576711
38.000,25.300,1978.0000,-4.614151
38.000,25.300,1979.0000,4.945219
38.000,25.300,1980.0000,-3.499056
38.000,25.300,1981.0000,-3.585291
38.000,25.300,1982.0000,9.577394
38.000,25.300,1983.0000,-1.573202
38.000,25.300,1984.0000,6.319282
38.000,25.300,1985.0000,-0.350786
38.000,25.300,1986.0000,-2.572496
38.000,25.300,1987.0000,-1.021016
38.000,25.300,1988.0000,0.528042
38.000,25.300,1989.0000,-6.963491
38.000,25.300,1990.0000,2.903639
38.000,25.300,1991.0000,2.882793
38.000,25.300,1992.0000,-1.730371
38.000,25.300,1993.0000,-3.793521
38.000,25.300,1994.0000,8.649120
38.000,25.300,1995.0000,-0.676381
38.000,25.300,1996.0000,-0.751267
38.000,25.300,1997.0000,-0.673860
38.000,25.300,1998.0000,-13.561700
38.000,25.300,1999.0000,2.482477
38.000,25.300,2000.0000,-5.309933
38.000,25.400,200.0000,-3.931301
38.000,25.400,201.0000,-5.663030
38.000,25.400,202.0000,-4.241776
38.000,25.400,203.0000,-5.581424
38.000,25.400,204.0000,1.315619
38.000,25.400,205.0000,4.827738
38.000,25.400,206.0000,2.763876
38.000,25.400,207.0000,-0.529326
38.000,25.400,208.0000,7.162007
38.000,25.400,209.0000,14.547529
38.000,25.400,210.0000,1.907383
38.000,25.400,211.0000,4.630171
38.000,25.400,212.0000,-0.249649
38.000,25.400,213.0000,-0.067811
38.000,25.400,214.0000,3.081603
38.000,25.400,215.0000,2.879680
38.000,25.400,216.0000,6.283604
38.000,25.400,217.0000,9.465133
38.000,25.400,218.0000,-7.126423
38.000,25.400,219.0000,2.499379
38.000,25.400,220.0000,1.717333
38.000,25.400,221.0000,4.754861
38.000,25.400,222.0000,-10.542979
38.000,25.400,223.0000,8.348053
38.000,25.400,224.0000,-8.018271
38.000,25.400,225.0000,8.360800
38.000,25.400,226.0000,8.382677
38.000,25.400,227.0000,-1.241032
38.000,25.400,228.0000,8.244352
38.000,25.400,229.0000,-7.626183
38.000,25.400,230.0000,5.451657
38.000,25.400,231.0000,2.021873
38.000,25.400,232.0000,-3.367362
38.000,25.400,233.0000,-10.428679
38.000,25.400,234.0000,-4.758177
38.000,25.400,235.0000,9.025354
38.000,25.400,236.0000,-6.964245
38.000,25.400,237.0000,2.527416
38.000,25.400,238.0000,4.587373
38.000,25.400,239.0000,10.385816
38.000,25.400,240.0000,-4.148600
38.000,25.400,241.0000,8.586670
38.000,25.400,242.0000,4.185362
38.000,25.400,243.0000,6.608663
38.000,25.400,244.0000,9.974000
38.000,25.400,245.0000,11.622821
38.000,25.400,246.0000,0.251132
38.000,25.400,247.0000,-4.548383
38.000,25.400,248.0000,5.971220
38.000,25.400,249.0000,0.736983
38.000,25.400,250.0000,-0.803633
38.000,25.400,251.0000,-9.609746
38.000,25.400,252.0000,-6.362463
38.000,25.400,253.0000,1.954296
38.000,25.400,254.0000,-1.254596
38.000,25.400,255.0000,-3.442622
38.000,25.400,256.0000,-6.165210
38.000,25.400,257.0000,-0.418166
38.000,25.400,258.0000,-10.747388
38.000,25.400,259.0000,-2.650640
38.000,25.400,260.0000,3.875383
38.000,25.400,261.0000,7.727424
38.000,25.400,262.0000,7.893892
38.000,25.400,263.0000,2.635877
38.000,25.400,264.0000,-5.811609
38.000,25.400,265.0000,-4.592025
38.000,25.400,266.0000,-11.331110
38.000,25.400,267.0000,-5.822957
38.000,25.400,268.0000,7.840239
38.000,25.400,269.0000,-8.362331
38.000,25.400,270.0000,4.795081
38.000,25.400,271.0000,3.771871
38.000,25.400,272.0000,9.802634
38.000,25.400,273.0000,0.078208
38.000,25.400,274.0000,9.462651
38.000,25.400,275.0000,-5.719516
38.000,25.400,276.0000,0.444262
38.000,25.400,277.0000,5.090819
38.000,25.400,278.0000,10.022998
38.000,25.400,279.0000,-7.629138
38.000,25.400,280.0000,5.786550
38.000,25.400,281.0000,4.650705
38.000,25.400,282.0000,6.496207
38.000,25.400,283.0000,1.661954
38.000,25.400,284.0000,-8.368280
38.000,25.400,285.0000,-4.493992
38.000,25.400,286.0000,0.547741
38.000,25.400,287.0000,2.214998
38.000,25.400,288.0000,-13.256028
38.000,25.400,289.0000,-1.176064
38.000,25.400,290.0000,3.042570
38.000,25.400,291.0000,-2.504495
38.000,25.400,292.0000,7.422708
38.000,25.400,293.0000,-5.456106
38.000,25.400,294.0000,15.697034
38.000,25.400,295.0000,-5.067384
38.000,25.400,296.0000,-3.657253
38.000,25.400,297.0000,4.912766
38.000,25.400,298.0000,8.561128
38.000,25.400,299.0000,-3.286871
38.000,25.400,300.0000,-1.517240
38.000,25.400,301.0000,-2.980335
38.000,25.400,302.0000,-6.781202
38.000,25.400,303.0000,-8.132663
38.000,25.400,304.0000,7.723541
38.000,25.400,305.0000,9.320428
38.000,25.400,306.0000,-10.188248
38.000,25.400,307.0000,-5.544108
38.000,25.400,308.0000,-9.417020
38.000,25.400,309.0000,-1.047635
38.000,25.400,310.0000,0.038881
38.000,25.400,311.0000,8.590098
38.000,25.400,312.0000,5.057847
38.000,25.400,313.0000,-4.559155
38.000,25.400,314.0000,4.342646
38.000,25.400,315.0000,3.978633
38.000,25.400,316.0000,7.627953
38.000,25.400,317.0000,-3.694374
38.000,25.400,318.0000,-3.374036
38.000,25.400,319.0000,0.622808
38.000,25.400,320.0000,-7.123245
38.000,25.400,321.0000,9.138261
38.000,25.400,322.0000,1.713686
38.000,25.400,323.0000,3.742692
38.000,25.400,324.0000,-0.563379
38.000,25.400,325.0000,-3.927237
38.000,25.400,326.0000,1.224175
38.000,25.400,327.0000,3.588732
38.000,25.400,328.0000,-6.815544
38.000,25.400,329.0000,1.851806
38.000,25.400,330.0000,-5.221498
38.000,25.400,331.0000,3.201221
38.000,25.400,332.0000,2.252605
38.000,25.400,333.0000,-12.058419
38.000,25.400,334.0000,17.605061
38.000,25.400,335.0000,-8.407459
38.000,25.400,336.0000,0.945250
38.000,25.400,337.0000,3.859464
38.000,25.400,338.0000,-3.483255
38.000,25.400,339.0000,-0.717186
38.000,25.400,340.0000,-0.598213
38.000,25.400,341.0000,6.829659
38.000,25.400,342.0000,-4.108788
38.000,25.400,343.0000,-2.338848
38.000,25.400,344.0000,-10.733290
38.000,25.400,345.0000,4.850035
38.000,25.400,346.0000,8.434057
38.000,25.400,347.0000,4.393534
38.000,25.400,348.0000,-3.506773
38.000,25.400,349.0000,2.515577
38.000,25.400,350.0000,-1.442010
38.000,25.400,351.0000,-1.575477
38.000,25.400,352.0000,-2.737099
38.000,25.400,353.0000,-1.570906
38.000,25.400,354.0000,6.686381
38.000,25.400,355.0000,-8.955162
38.000,25.400,356.0000,4.443494
38.000,25.400,357.0000,-1.731074
38.000,25.400,358.0000,6.406468
38.000,25.400,359.0000,10.756406
38.000,25.400,360.0000,-3.900308
38.000,25.400,361.0000,3.022886
38.000,25.400,362.0000,-3.934675
38.000,25.400,363.0000,3.852512
38.000,25.400,364.0000,-6.804666
38.000,25.400,365.0000,-2.931721
38.000,25.400,366.0000,-2.171900
38.000,25.400,367.0000,2.331455
38.000,25.400,368.0000,-3.462626
38.000,25.400,369.0000,-0.612790
38.000,25.400,370.0000,2.583485
38.000,25.400,371.0000,10.731437
38.000,25.400,372.0000,-8.625393
38.000,25.400,373.0000,-0.957647
38.000,25.400,374.0000,4.945034
38.000,25.400,375.0000,2.703440
38.000,25.400,376.0000,4.869415
38.000,25.400,377.0000,10.352174
38.000,25.400,378.0000,2.108678
38.000,25.400,379.0000,4.709526
38.000,25.400,380.0000,10.179433
38.000,25.400,381.0000,4.370201
38.000,25.400,382.0000,6.128914
38.000,25.400,383.0000,5.665123
38.000,25.400,384.0000,0.106049
38.000,25.400,385.0000,2.346929
38.000,25.400,386.0000,4.439146
38.000,25.400,387.0000,-6.265109
38.000,25.400,388.0000,-4.560326
38.000,25.400,389.0000,-8.806595
38.000,25.400,390.0000,-5.007424
38.000,25.400,391.0000,1.852650
38.000,25.400,392.0000,7.495601
38.000,25.400,393.0000,-3.737410
38.000,25.400,394.0000,1.687558
38.000,25.400,395.0000,7.515264
38.000,25.400,396.0000,-6.506821
38.000,25.400,397.0000,6.809511
38.000,25.400,398.0000,0.725233
38.000,25.400,399.0000,1.207376
38.000,25.400,400.0000,-7.099697
38.000,25.400,401.0000,-2.375634
38.000,25.400,402.0000,7.485630
38.000,25.400,403.0000,-2.051192
38.000,25.400,404.0000,2.495497
38.000,25.400,405.0000,0.277739
38.000,25.400,406.0000,-1.001173
38.000,25.400,407.0000,-7.635207
38.000,25.400,408.0000,-3.333353
38.000,25.400,409.0000,-8.834384
38.000,25.400,410.0000,9.835358
38.000,25.400,411.0000,8.909605
38.000,25.400,412.0000,2.147379
38.000,25.400,413.0000,-1.980713
38.000,25.400,414.0000,-3.768958
38.000,25.400,415.0000,-3.435768
38.000,25.400,416.0000,3.689009
38.000,25.400,417.0000,-21.853768
38.000,25.400,418.0000,-0.010851
38.000,25.400,419.0000,0.414141
38.000,25.400,420.0000,11.670395
38.000,25.400,421.0000,-4.850672
38.000,25.400,422.0000,-3.401494
38.000,25.400,423.0000,1.048532
38.000,25.400,424.0000,-2.334583
38.000,25.400,425.0000,-5.024184
38.000,25.400,426.0000,4.832647
38.000,25.400,427.0000,1.315192
38.000,25.400,428.0000,-2.506757
38.000,25.400,429.0000,-0.750652
38.000,25.400,430.0000,1.536715
38.000,25.400,431.0000,-2.359806
38.000,25.400,432.0000,-0.913527
38.000,25.400,433.0000,-1.451643
38.000,25.400,434.0000,-4.578209
38.000,25.400,435.0000,1.496371
38.000,25.400,436.0000,-3.968903
38.000,25.400,437.0000,-1.461921
38.000,25.400,438.0000,-5.883179
38.000,25.400,439.0000,6.102352
38.000,25.400,440.0000,-5.537601
38.000,25.400,441.0000,9.966556
38.000,25.400,442.0000,2.553268
38.000,25.400,443.0000,-1.883551
38.000,25.400,444.0000,-4.403410
38.000,25.400,445.0000,-5.694579
38.000,25.400,446.0000,4.561786
38.000,25.400,447.0000,3.790804
38.000,25.400,448.0000,7.232815
38.000,25.400,449.0000,4.584556
38.000,25.400,450.0000,9.962735
38.000,25.400,451.0000,3.019954
38.000,25.400,452.0000,3.692736
38.000,25.400,453.0000,4.041256
38.000,25.400,454.0000,0.207987
38.000,25.400,455.0000,-6.585056
38.000,25.400,456.0000,-9.772794
38.000,25.400,457.0000,13.299113
38.000,25.400,458.0000,-1.757926
38.000,25.400,459.0000,2.615532
38.000,25.400,460.0000,-3.315522
38.000,25.400,461.0000,2.675411
38.000,25.400,462.0000,-1.035573
38.000,25.400,463.0000,1.519296
38.000,25.400,464.0000,-2.006313
38.000,25.400,465.0000,-1.517625
38.000,25.400,466.0000,-2.981794
38.000,25.400,467.0000,-1.619448
38.000,25.400,468.0000,4.184064
38.000,25.400,469.0000,-0.139060
38.000,25.400,470.0000,-5.409610
38.000,25.400,471.0000,-7.137947
38.000,25.400,472.0000,-2.003309
38.000,25.400,473.0000,1.269606
38.000,25.400,474.0000,4.741150
38.000,25.400,475.0000,-5.829311
38.000,25.400,476.0000,1.588337
38.000,25.400,477.0000,1.433498
38.000,25.400,478.0000,0.358339
38.000,25.400,479.0000,0.824654
38.000,25.400,480.0000,5.170630
38.000,25.400,481.0000,-0.437188
38.000,25.400,482.0000,3.738116
38.000,25.400,483.0000,-3.377650
38.000,25.400,484.0000,-9.196276
38.000,25.400,485.0000,-0.841545
38.000,25.400,486.0000,-8.110751
38.000,25.400,487.0000,-5.918277
38.000,25.400,488.0000,-8.653446
38.000,25.400,489.0000,-0.216800
38.000,25.400,490.0000,10.737760
38.000,25.400,491.0000,-8.861606
38.000,25.400,492.0000,-0.945620
38.000,25.400,493.0000,-0.717051
38.000,25.400,494.0000,-2.022140
38.000,25.400,495.0000,-3.064241
38.000,25.400,496.0000,-1.698399
38.000,25.400,497.0000,-2.000503
38.000,25.400,498.0000,14.172853
38.000,25.400,499.0000,5.174871
38.000,25.400,500.0000,-7.202462
38.000,25.400,501.0000,4.358734
38.000,25.400,502.0000,7.076103
38.000,25.400,503.0000,-0.173026
38.000,25.400,504.0000,-3.586995
38.000,25.400,505.0000,5.795195
38.000,25.400,506.0000,-2.338808
38.000,25.400,507.0000,0.754395
38.000,25.400,508.0000,7.559915
38.000,25.400,509.0000,2.858446
38.000,25.400,510.0000,-6.547771
38.000,25.400,511.0000,5.663626
38.000,25.400,512.0000,-2.338590
38.000,25.400,513.0000,8.964315
38.000,25.400,514.0000,-5.349734
38.000,25.400,515.0000,1.603631
38.000,25.400,516.0000,5.366719
38.000,25.400,517.0000,8.706876
38.000,25.400,518.0000,-3.055302
38.000,25.400,519.0000,-2.618216
38.000,25.400,520.0000,-0.711038
38.000,25.400,521.0000,-0.684419
38.000,25.400,522.0000,-16.308004
38.000,25.400,523.0000,2.794361
38.000,25.400,524.0000,-5.920154
38.000,25.400,525.0000,-9.337721
38.000,25.400,526.0000,7.961313
38.000,25.400,527.0000,-0.878694
38.000,25.400,528.0000,-4.679821
38.000,25.400,529.0000,-6.558424
38.000,25.400,530.0000,-7.855859
38.000,25.400,531.0000,12.096888
38.000,25.400,532.0000,-0.389402
38.000,25.400,533.0000,-6.489995
38.000,25.400,534.0000,7.204329
38.000,25.400,535.0000,-6.124056
38.000,25.400,536.0000,-6.973093
38.000,25.400,537.0000,4.102923
38.000,25.400,538.0000,-1.310665
38.000,25.400,539.0000,-0.945065
38.000,25.400,540.0000,-2.848036
38.000,25.400,541.0000,-4.146322
38.000,25.400,542.0000,-7.529373
38.000,25.400,543.0000,1.251446
38.000,25.400,544.0000,-0.500636
38.000,25.400,545.0000,0.070339
38.000,25.400,546.0000,5.653756
38.000,25.400,547.0000,6.265489
38.000,25.400,548.0000,5.994330
38.000,25.400,549.0000,-6.657136
38.000,25.400,550.0000,-7.073823
38.000,25.400,551.0000,-16.217845
38.000,25.400,552.0000,2.615855
38.000,25.400,553.0000,4.040460
38.000,25.400,554.0000,-6.177769
38.000,25.400,555.0000,3.251111
38.000,25.400,556.0000,7.104668
38.000,25.400,557.0000,0.803576
38.000,25.400,558.0000,8.012416
38.000,25.400,559.0000,6.072358
38.000,25.400,560.0000,-0.239047
38.000,25.400,561.0000,-1.607003
38.000,25.400,562.0000,10.711469
38.000,25.400,563.0000,-4.860945
38.000,25.400,564.0000,-9.046554
38.000,25.400,565.0000,-7.152861
38.000,25.400,566.0000,-4.608330
38.000,25.400,567.0000,5.885125
38.000,25.400,568.0000,-8.816871
38.000,25.400,569.0000,7.167810
38.000,25.400,570.0000,-8.175416
38.000,25.400,571.0000,-2.581339
38.000,25.400,572.0000,1.972264
38.000,25.400,573.0000,-5.522485
38.000,25.400,574.0000,0.160679
38.000,25.400,575.0000,7.918822
38.000,25.400,576.0000,9.605797
38.000,25.400,577.0000,0.458280
38.000,25.400,578.0000,-1.082674
38.000,25.400,579.0000,8.835657
38.000,25.400,580.0000,4.103169
38.000,25.400,581.0000,-6.253413
38.000,25.400,582.0000,2.950354
38.000,25.400,583.0000,8.654782
38.000,25.400,584.0000,-7.401615
38.000,25.400,585.0000,-8.678816
38.000,25.400,586.0000,-1.690270
38.000,25.400,587.0000,6.217101
38.000,25.400,588.0000,6.235004
38.000,25.400,589.0000,-1.296528
38.000,25.400,590.0000,-9.428367
38.000,25.400,591.0000,1.385692
38.000,25.400,592.0000,-0.321933
38.000,25.400,593.0000,6.798277
38.000,25.400,594.0000,-2.782261
38.000,25.400,595.0000,-1.544395
38.000,25.400,596.0000,-7.793263
38.000,25.400,597.0000,-4.269066
38.000,25.400,598.0000,2.822417
38.000,25.400,599.0000,6.144155
38.000,25.400,600.0000,-0.961818
38.000,25.400,601.0000,-3.852213
38.000,25.400,602.0000,6.778605
38.000,25.400,603.0000,2.834568
38.000,25.400,604.0000,-1.545304
38.000,25.400,605.0000,-4.090880
38.000,25.400,606.0000,-1.194328
38.000,25.400,607.0000,5.998843
38.000,25.400,608.0000,7.214591
38.000,25.400,609.0000,-4.618703
38.000,25.400,610.0000,-2.563819
38.000,25.400,611.0000,-1.676643
38.000,25.400,612.0000,-5.326340
38.000,25.400,613.0000,4.006692
38.000,25.400,614.0000,14.338781
38.000,25.400,615.0000,-4.815456
38.000,25.400,616.0000,3.620412
38.000,25.400,617.0000,9.289203
38.000,25.400,618.0000,8.444777
38.000,25.400,619.0000,0.332255
38.000,25.400,620.0000,13.594306
38.000,25.400,621.0000,11.069692
38.000,25.400,622.0000,24.014938
38.000,25.400,623.0000,13.930745
38.000,25.400,624.0000,2.117438
38.000,25.400,625.0000,2.691638
38.000,25.400,626.0000,8.583218
38.000,25.400,627.0000,-4.357682
38.000,25.400,628.0000,-4.312476
38.000,25.400,629.0000,1.526283
38.000,25.400,630.0000,-3.522115
38.000,25.400,631.0000,-9.323517
38.000,25.400,632.0000,13.738914
38.000,25.400,633.0000,8.084339
38.000,25.400,634.0000,10.809244
38.000,25.400,635.0000,1.226528
38.000,25.400,636.0000,-5.546393
38.000,25.400,637.0000,3.891796
38.000,25.400,638.0000,-6.371818
38.000,25.400,639.0000,-7.572414
38.000,25.400,640.0000,-14.116197
38.000,25.400,641.0000,0.901449
38.000,25.400,642.0000,5.280546
38.000,25.400,643.0000,11.098911
38.000,25.400,644.0000,2.313923
38.000,25.400,645.0000,-12.329414
38.000,25.400,646.0000,-5.783390
38.000,25.400,647.0000,-2.987603
38.000,25.400,648.0000,2.229364
38.000,25.400,649.0000,-2.367408
38.000,25.400,650.0000,0.155000
38.000,25.400,651.0000,3.074885
38.000,25.400,652.0000,-1.317197
38.000,25.400,653.0000,3.407165
38.000,25.400,654.0000,-8.162644
38.000,25.400,655.0000,5.868817
38.000,25.400,656.0000,5.395440
38.000,25.400,657.0000,-11.076375
38.000,25.400,658.0000,3.456167
38.000,25.400,659.0000,-9.671725
38.000,25.400,660.0000,5.041534
38.000,25.400,661.0000,-6.552539
38.000,25.400,662.0000,14.003476
38.000,25.400,663.0000,-3.468290
38.000,25.400,664.0000,-1.923316
38.000,25.400,665.0000,-11.039336
38.000,25.400,666.0000,3.557601
38.000,25.400,667.0000,-8.739960
38.000,25.400,668.0000,3.378836
38.000,25.400,669.0000,0.292741
38.000,25.400,670.0000,8.290916
38.000,25.400,671.0000,2.204238
38.000,25.400,672.0000,1.054832
38.000,25.400,673.0000,10.139607
38.000,25.400,674.0000,0.932527
38.000,25.400,675.0000,2.232328
38.000,25.400,676.0000,-3.573487
38.000,25.400,677.0000,-3.428847
38.000,25.400,678.0000,-4.011498
38.000,25.400,679.0000,7.037256
38.000,25.400,680.0000,5.156909
38.000,25.400,681.0000,6.909260
38.000,25.400,682.0000,8.390175
38.000,25.400,683.0000,-3.365573
38.000,25.400,684.0000,-0.576165
38.000,25.400,685.0000,-8.365073
38.000,25.400,686.0000,2.904390
38.000,25.400,687.0000,0.571688
38.000,25.400,688.0000,-1.520783
38.000,25.400,689.0000,-6.048812
38.000,25.400,690.0000,-3.836949
38.000,25.400,691.0000,-1.579541
38.000,25.400,692.0000,-7.941866
38.000,25.400,693.0000,4.303878
38.000,25.400,694.0000,-4.125267
38.000,25.400,695.0000,3.564557
38.000,25.400,696.0000,-10.698421
38.000,25.400,697.0000,-3.982861
38.000,25.400,698.0000,-7.856729
38.000,25.400,699.0000,-7.240700
38.000,25.400,700.0000,-0.678583
38.000,25.400,701.0000,4.200090
38.000,25.400,702.0000,-6.469207
38.000,25.400,703.0000,-6.359398
38.000,25.400,704.0000,0.652696
38.000,25.400,705.0000,-3.487467
38.000,25.400,706.0000,-6.967879
38.000,25.400,707.0000,0.110631
38.000,25.400,708.0000,-4.265747
38.000,25.400,709.0000,-2.052918
38.000,25.400,710.0000,-5.076566
38.000,25.400,711.0000,-7.263358
38.000,25.400,712.0000,0.147934
38.000,25.400,713.0000,5.245747
38.000,25.400,714.0000,2.633782
38.000,25.400,715.0000,-16.038733
38.000,25.400,716.0000,-1.934178
38.000,25.400,717.0000,-4.596445
38.000,25.400,718.0000,3.439206
38.000,25.400,719.0000,0.095422
38.000,25.400,720.0000,-4.484287
38.000,25.400,721.0000,-3.639293
38.000,25.400,722.0000,-1.888784
38.000,25.400,723.0000,-5.222153
38.000,25.400,724.0000,-2.888068
38.000,25.400,725.0000,11.083303
38.000,25.400,726.0000,-1.532827
38.000,25.400,727.0000,-5.869504
38.000,25.400,728.0000,-5.634117
38.000,25.400,729.0000,-3.008368
38.000,25.400,730.0000,8.520051
38.000,25.400,731.0000,4.939936
38.000,25.400,732.0000,-2.968746
38.000,25.400,733.0000,-5.922185
38.000,25.400,734.0000,0.648863
38.000,25.400,735.0000,6.012648
38.000,25.400,736.0000,-5.131607
38.000,25.400,737.0000,8.439217
38.000,25.400,738.0000,14.833120
38.000,25.400,739.0000,-3.985526
38.000,25.400,740.0000,-3.849147
38.000,25.400,741.0000,4.299184
38.000,25.400,742.0000,3.219235
38.000,25.400,743.0000,10.821912
38.000,25.400,744.0000,1.101671
38.000,25.400,745.0000,-3.555452
38.000,25.400,746.0000,-0.758053
38.000,25.400,747.0000,-7.824459
38.000,25.400,748.0000,-3.825694
38.000,25.400,749.0000,5.788856
38.000,25.400,750.0000,4.614199
38.000,25.400,751.0000,1.242395
38.000,25.400,752.0000,-3.108083
38.000,25.400,753.0000,-2.083931
38.000,25.400,754.0000,3.092073
38.000,25.400,755.0000,5.608589
38.000,25.400,756.0000,2.238172
38.000,25.400,757.0000,-4.595261
38.000,25.400,758.0000,-2.989019
38.000,25.400,759.0000,-2.985451
38.000,25.400,760.0000,0.564390
38.000,25.400,761.0000,-3.003095
38.000,25.400,762.0000,4.080120
38.000,25.400,763.0000,4.715982
38.000,25.400,764.0000,4.602952
38.000,25.400,765.0000,-4.543811
38.000,25.400,766.0000,6.455081
38.000,25.400,767.0000,-2.300941
38.000,25.400,768.0000,-2.543187
38.000,25.400,769.0000,-10.323259
38.000,25.400,770.0000,5.722978
38.000,25.400,771.0000,-4.219101
38.000,25.400,772.0000,-5.318058
38.000,25.400,773.0000,-1.368616
38.000,25.400,774.0000,4.978411
38.000,25.400,775.0000,2.540137
38.000,25.400,776.0000,-11.908553
38.000,25.400,777.0000,5.199440
38.000,25.400,778.0000,-0.370226
38.000,25.400,779.0000,0.744620
38.000,25.400,780.0000,12.795653
38.000,25.400,781.0000,-5.919758
38.000,25.400,782.0000,-1.841701
38.000,25.400,783.0000,6.552524
38.000,25.400,784.0000,8.981297
38.000,25.400,785.0000,-3.888873
38.000,25.400,786.0000,-3.211686
38.000,25.400,787.0000,4.860813
38.000,25.400,788.0000,0.397953
38.000,25.400,789.0000,10.849690
38.000,25.400,790.0000,-2.048945
38.000,25.400,791.0000,8.362201
38.000,25.400,792.0000,2.718994
38.000,25.400,793.0000,5.656253
38.000,25.400,794.0000,4.613036
38.000,25.400,795.0000,6.168992
38.000,25.400,796.0000,13.729884
38.000,25.400,797.0000,13.274872
38.000,25.400,798.0000,6.127194
38.000,25.400,799.0000,11.456490
38.000,25.400,800.0000,8.089325
38.000,25.400,801.0000,0.834882
38.000,25.400,802.0000,-0.756700
38.000,25.400,803.0000,-10.330934
38.000,25.400,804.0000,-1.141967
38.000,25.400,805.0000,5.650563
38.000,25.400,806.0000,4.993308
38.000,25.400,807.0000,-6.795580
38.000,25.400,808.0000,-2.368304
38.000,25.400,809.0000,3.287312
38.000,25.400,810.0000,-3.836565
38.000,25.400,811.0000,13.235207
38.000,25.400,812.0000,-3.129151
38.000,25.400,813.0000,7.696473
38.000,25.400,814.0000,-7.675201
38.000,25.400,815.0000,9.438109
38.000,25.400,816.0000,4.150787
38.000,25.400,817.0000,1.294147
38.000,25.400,818.0000,9.296267
38.000,25.400,819.0000,-7.475354
38.000,25.400,820.0000,-5.121745
38.000,25.400,821.0000,4.542629
38.000,25.400,822.0000,5.282009
38.000,25.400,823.0000,-2.426563
38.000,25.400,824.0000,0.550392
38.000,25.400,825.0000,2.983900
38.000,25.400,826.0000,3.687803
38.000,25.400,827.0000,-1.397819
38.000,25.400,828.0000,1.225208
38.000,25.400,829.0000,-3.355551
38.000,25.400,830.0000,-6.395838
38.000,25.400,831.0000,-0.938955
38.000,25.400,832.0000,-1.176003
38.000,25.400,833.0000,1.811533
38.000,25.400,834.0000,-7.871369
38.000,25.400,835.0000,5.166197
38.000,25.400,836.0000,8.469184
38.000,25.400,837.0000,10.361450
38.000,25.400,838.0000,2.656851
38.000,25.400,839.0000,7.296085
38.000,25.400,840.0000,-3.313577
38.000,25.400,841.0000,-7.042967
38.000,25.400,842.0000,3.527385
38.000,25.400,843.0000,-4.582620
38.000,25.400,844.0000,-3.063472
38.000,25.400,845.0000,0.192793
38.000,25.400,846.0000,1.558054
38.000,25.400,847.0000,0.303524
38.000,25.400,848.0000,3.535033
38.000,25.400,849.0000,-6.502947
38.000,25.400,850.0000,5.668344
38.000,25.400,851.0000,-0.675546
38.000,25.400,852.0000,-1.970445
38.000,25.400,853.0000,-9.150065
38.000,25.400,854.0000,14.271907
38.000,25.400,855.0000,3.234822
38.000,25.400,856.0000,10.000701
38.000,25.400,857.0000,0.380649
38.000,25.400,858.0000,2.778018
38.000,25.400,859.0000,-8.127467
38.000,25.400,860.0000,-2.962913
38.000,25.400,861.0000,10.500016
38.000,25.400,862.0000,-4.740710
38.000,25.400,863.0000,-5.401273
38.000,25.400,864.0000,-6.273329
38.000,25.400,865.0000,0.136315
38.000,25.400,866.0000,5.539118
38.000,25.400,867.0000,-5.157118
38.000,25.400,868.0000,12.992088
38.000,25.400,869.0000,-4.299324
38.000,25.400,870.0000,-2.313550
38.000,25.400,871.0000,-2.715331
38.000,25.400,872.0000,2.117512
38.000,25.400,873.0000,9.132156
38.000,25.400,874.0000,2.915094
38.000,25.400,875.0000,-0.949026
38.000,25.400,876.0000,-3.899132
38.000,25.400,877.0000,-5.597084
38.000,25.400,878.0000,-4.561495
38.000,25.400,879.0000,6.517705
38.000,25.400,880.0000,-1.616075
38.000,25.400,881.0000,1.401887
38.000,25.400,882.0000,-0.499350
38.000,25.400,883.0000,-9.099758
38.000,25.400,884.0000,3.098437
38.000,25.400,885.0000,7.285877
38.000,25.400,886.0000,-11.720789
38.000,25.400,887.0000,4.560119
38.000,25.400,888.0000,-7.283966
38.000,25.400,889.0000,9.435664
38.000,25.400,890.0000,9.843944
38.000,25.400,891.0000,-2.100164
38.000,25.400,892.0000,-0.289057
38.000,25.400,893.0000,7.192446
38.000,25.400,894.0000,-8.064262
38.000,25.400,895.0000,2.890125
38.000,25.400,896.0000,2.131621
38.000,25.400,897.0000,-1.559201
38.000,25.400,898.0000,-4.487061
38.000,25.400,899.0000,-11.611797
38.000,25.400,900.0000,-8.375064
38.000,25.400,901.0000,-1.193281
38.000,25.400,902.0000,-11.120908
38.000,25.400,903.0000,-1.561421
38.000,25.400,904.0000,1.660463
38.000,25.400,905.0000,-2.603275
38.000,25.400,906.0000,9.279753
38.000,25.400,907.0000,-2.405262
38.000,25.400,908.0000,4.696826
38.000,25.400,909.0000,-3.848350
38.000,25.400,910.0000,-3.854355
38.000,25.400,911.0000,-11.201382
38.000,25.400,912.0000,-4.246162
38.000,25.400,913.0000,-0.670167
38.000,25.400,914.0000,3.551932
38.000,25.400,915.0000,1.785642
38.000,25.400,916.0000,0.276576
38.000,25.400,917.0000,-0.303974
38.000,25.400,918.0000,5.709510
38.000,25.400,919.0000,0.703719
38.000,25.400,920.0000,-0.823344
38.000,25.400,921.0000,-4.086895
38.000,25.400,922.0000,2.577558
38.000,25.400,923.0000,-1.795485
38.000,25.400,924.0000,0.513625
38.000,25.400,925.0000,8.011352
38.000,25.400,926.0000,-10.244428
38.000,25.400,927.0000,-6.177733
38.000,25.400,928.0000,5.017538
38.000,25.400,929.0000,4.227595
38.000,25.400,930.0000,-2.758066
38.000,25.400,931.0000,1.265158
38.000,25.400,932.0000,-10.570092
38.000,25.400,933.0000,8.107590
38.000,25.400,934.0000,1.375306
38.000,25.400,935.0000,6.451683
38.000,25.400,936.0000,-0.164658
38.000,25.400,937.0000,3.684308
38.000,25.400,938.0000,-12.839701
38.000,25.400,939.0000,5.337661
38.000,25.400,940.0000,-16.245857
38.000,25.400,941.0000,0.765928
38.000,25.400,942.0000,5.072686
38.000,25.400,943.0000,2.710857
38.000,25.400,944.0000,4.663480
38.000,25.400,945.0000,1.269890
38.000,25.400,946.0000,15.186343
38.000,25.400,947.0000,4.102337
38.000,25.400,948.0000,-2.400291
38.000,25.400,949.0000,-10.376859
38.000,25.400,950.0000,0.678199
38.000,25.400,951.0000,5.265696
38.000,25.400,952.0000,3.130417
38.000,25.400,953.0000,3.842405
38.000,25.400,954.0000,17.646089
38.000,25.400,955.0000,4.442511
38.000,25.400,956.0000,2.227338
38.000,25.400,957.0000,9.488524
38.000,25.400,958.0000,-1.385465
38.000,25.400,959.0000,-3.629555
38.000,25.400,960.0000,1.494941
38.000,25.400,961.0000,1.702841
38.000,25.400,962.0000,4.583382
38.000,25.400,963.0000,1.199348
38.000,25.400,964.0000,4.709588
38.000,25.400,965.0000,10.666732
38.000,25.400,966.0000,0.945202
38.000,25.400,967.0000,-1.997367
38.000,25.400,968.0000,8.742991
38.000,25.400,969.0000,3.844267
38.000,25.400,970.0000,6.063121
38.000,25.400,971.0000,1.340106
38.000,25.400,972.0000,-9.219974
38.000,25.400,973.0000,2.670958
38.000,25.400,974.0000,-3.060712
38.000,25.400,975.0000,0.332463
38.000,25.400,976.0000,-3.760096
38.000,25.400,977.0000,3.695510
38.000,25.400,978.0000,-1.493402
38.000,25.400,979.0000,-1.069435
38.000,25.400,980.0000,-2.536352
38.000,25.400,981.0000,-0.377171
38.000,25.400,982.0000,6.833942
38.000,25.400,983.0000,-4.993638
38.000,25.400,984.0000,-7.582610
38.000,25.400,985.0000,0.764416
38.000,25.400,986.0000,5.057076
38.000,25.400,987.0000,7.344864
38.000,25.400,988.0000,6.402738
38.000,25.400,989.0000,-1.465825
38.000,25.400,990.0000,3.395614
38.000,25.400,991.0000,9.886248
38.000,25.400,992.0000,-2.418101
38.000,25.400,993.0000,-1.353070
38.000,25.400,994.0000,5.789037
38.000,25.400,995.0000,23.818801
38.000,25.400,996.0000,13.784251
38.000,25.400,997.0000,26.157775
38.000,25.400,998.0000,31.781817
38.000,25.400,999.0000,37.867589
38.000,25.400,1000.0000,69.775909
38.000,25.400,1001.0000,62.215040
38.000,25.400,1002.0000,63.804467
38.000,25.400,1003.0000,50.218050
38.000,25.400,1004.0000,31.999743
38.000,25.400,1005.0000,16.818089
38.000,25.400,1006.0000,15.999655
38.000,25.400,1007.0000,19.268672
38.000,25.400,1008.0000,14.469029
38.000,25.400,1009.0000,4.326370
38.000,25.400,1010.0000,-2.489727
38.000,25.400,1011.0000,4.193020
38.000,25.400,1012.0000,14.376374
38.000,25.400,1013.0000,-3.840814
38.000,25.400,1014.0000,-5.255116
38.000,25.400,1015.0000,8.267797
38.000,25.400,1016.0000,-1.619905
38.000,25.400,1017.0000,6.826830
38.000,25.400,1018.0000,5.338097
38.000,25.400,1019.0000,-1.122033
38.000,25.400,1020.0000,8.317382
38.000,25.400,1021.0000,5.182293
38.000,25.400,1022.0000,9.291662
38.000,25.400,1023.0000,8.282914
38.000,25.400,1024.0000,1.187902
38.000,25.400,1025.0000,3.748479
38.000,25.400,1026.0000,16.382420
38.000,25.400,1027.0000,18.915674
38.000,25.400,1028.0000,11.672634
38.000,25.400,1029.0000,19.052832
38.000,25.400,1030.0000,21.493529
38.000,25.400,1031.0000,26.493714
38.000,25.400,1032.0000,28.818814
38.000,25.400,1033.0000,20.475884
38.000,25.400,1034.0000,7.117134
38.000,25.400,1035.0000,6.347986
38.000,25.400,1036.0000,4.618429
38.000,25.400,1037.0000,2.524068
38.000,25.400,1038.0000,-3.835814
38.000,25.400,1039.0000,6.560968
38.000,25.400,1040.0000,10.682776
38.000,25.400,1041.0000,11.907075
38.000,25.400,1042.0000,3.261985
38.000,25.400,1043.0000,-4.488256
38.000,25.400,1044.0000,0.624278
38.000,25.400,1045.0000,-0.789000
38.000,25.400,1046.0000,1.874761
38.000,25.400,1047.0000,-2.574234
38.000,25.400,1048.0000,-3.841403
38.000,25.400,1049.0000,-9.216288
38.000,25.400,1050.0000,14.501228
38.000,25.400,1051.0000,-4.486077
38.000,25.400,1052.0000,1.794057
38.000,25.400,1053.0000,-1.021275
38.000,25.400,1054.0000,4.419893
38.000,25.400,1055.0000,-3.726818
38.000,25.400,1056.0000,-9.973473
38.000,25.400,1057.0000,4.531971
38.000,25.400,1058.0000,12.667663
38.000,25.400,1059.0000,4.630873
38.000,25.400,1060.0000,-7.136906
38.000,25.400,1061.0000,5.273052
38.000,25.400,1062.0000,-5.864925
38.000,25.400,1063.0000,-1.840090
38.000,25.400,1064.0000,-4.163137
38.000,25.400,1065.0000,-5.502481
38.000,25.400,1066.0000,6.755105
38.000,25.400,1067.0000,-1.654939
38.000,25.400,1068.0000,-0.772753
38.000,25.400,1069.0000,4.584461
38.000,25.400,1070.0000,0.914022
38.000,25.400,1071.0000,-3.680897
38.000,25.400,1072.0000,-5.994857
38.000,25.400,1073.0000,1.658050
38.000,25.400,1074.0000,3.105753
38.000,25.400,1075.0000,1.601356
38.000,25.400,1076.0000,-7.607476
38.000,25.400,1077.0000,-3.285565
38.000,25.400,1078.0000,1.243825
38.000,25.400,1079.0000,-6.394828
38.000,25.400,1080.0000,-0.088071
38.000,25.400,1081.0000,4.446574
38.000,25.400,1082.0000,8.324593
38.000,25.400,1083.0000,2.111237
38.000,25.400,1084.0000,-3.836590
38.000,25.400,1085.0000,-6.919201
38.000,25.400,1086.0000,-9.510184
38.000,25.400,1087.0000,-4.735879
38.000,25.400,1088.0000,0.990117
38.000,25.400,1089.0000,5.266080
38.000,25.400,1090.0000,0.263351
38.000,25.400,1091.0000,2.043543
38.000,25.400,1092.0000,-0.164618
38.000,25.400,1093.0000,4.755493
38.000,25.400,1094.0000,-4.462840
38.000,25.400,1095.0000,-4.164754
38.000,25.400,1096.0000,-2.406577
38.000,25.400,1097.0000,-0.460193
38.000,25.400,1098.0000,-3.077411
38.000,25.400,1099.0000,-2.201090
38.000,25.400,1100.0000,-2.648519
38.000,25.400,1101.0000,0.169927
38.000,25.400,1102.0000,-0.938875
38.000,25.400,1103.0000,0.365136
38.000,25.400,1104.0000,11.818546
38.000,25.400,1105.0000,2.771268
38.000,25.400,1106.0000,-2.617639
38.000,25.400,1107.0000,-10.597187
38.000,25.400,1108.0000,-2.798694
38.000,25.400,1109.0000,1.484391
38.000,25.400,1110.0000,12.453147
38.000,25.400,1111.0000,5.494833
38.000,25.400,1112.0000,14.087600
38.000,25.400,1113.0000,-4.581517
38.000,25.400,1114.0000,4.201367
38.000,25.400,1115.0000,-4.599167
38.000,25.400,1116.0000,-3.736940
38.000,25.400,1117.0000,12.609119
38.000,25.400,1118.0000,5.961705
38.000,25.400,1119.0000,-0.443542
38.000,25.400,1120.0000,3.240153
38.000,25.400,1121.0000,2.349755
38.000,25.400,1122.0000,-4.223272
38.000,25.400,1123.0000,-3.000175
38.000,25.400,1124.0000,2.090153
38.000,25.400,1125.0000,-1.481376
38.000,25.400,1126.0000,-3.847825
38.000,25.400,1127.0000,-10.994511
38.000,25.400,1128.0000,-1.546379
38.000,25.400,1129.0000,8.305853
38.000,25.400,1130.0000,-7.104114
38.000,25.400,1131.0000,7.449248
38.000,25.400,1132.0000,-4.262633
38.000,25.400,1133.0000,-2.729692
38.000,25.400,1134.0000,5.187427
38.000,25.400,1135.0000,6.154839
38.000,25.400,1136.0000,-10.770355
38.000,25.400,1137.0000,-17.089791
38.000,25.400,1138.0000,1.698421
38.000,25.400,1139.0000,5.182767
38.000,25.400,1140.0000,14.808651
38.000,25.400,1141.0000,4.484898
38.000,25.400,1142.0000,1.215772
38.000,25.400,1143.0000,5.006681
38.000,25.400,1144.0000,3.792880
38.000,25.400,1145.0000,-4.374544
38.000,25.400,1146.0000,16.786751
38.000,25.400,1147.0000,-3.000276
38.000,25.400,1148.0000,-1.249265
38.000,25.400,1149.0000,4.763825
38.000,25.400,1150.0000,-2.079979
38.000,25.400,1151.0000,4.645696
38.000,25.400,1152.0000,1.211171
38.000,25.400,1153.0000,-4.081704
38.000,25.400,1154.0000,6.311277
38.000,25.400,1155.0000,20.196311
38.000,25.400,1156.0000,0.505899
38.000,25.400,1157.0000,6.734732
38.000,25.400,1158.0000,13.844533
38.000,25.400,1159.0000,7.250359
38.000,25.400,1160.0000,1.094937
38.000,25.400,1161.0000,2.523763
38.000,25.400,1162.0000,0.562819
38.000,25.400,1163.0000,4.972479
38.000,25.400,1164.0000,1.630838
38.000,25.400,1165.0000,10.771814
38.000,25.400,1166.0000,-3.950275
38.000,25.400,1167.0000,0.989537
38.000,25.400,1168.0000,-3.409247
38.000,25.400,1169.0000,-13.597576
38.000,25.400,1170.0000,1.228107
38.000,25.400,1171.0000,0.021960
38.000,25.400,1172.0000,1.842931
38.000,25.400,1173.0000,-4.276655
38.000,25.400,1174.0000,-2.451299
38.000,25.400,1175.0000,1.907626
38.000,25.400,1176.0000,-2.912914
38.000,25.400,1177.0000,5.701647
38.000,25.400,1178.0000,7.518684
38.000,25.400,1179.0000,-1.679405
38.000,25.400,1180.0000,7.131841
38.000,25.400,1181.0000,11.399582
38.000,25.400,1182.0000,-2.964911
38.000,25.400,1183.0000,0.367004
38.000,25.400,1184.0000,8.155438
38.000,25.400,1185.0000,2.414790
38.000,25.400,1186.0000,0.592924
38.000,25.400,1187.0000,4.390969
38.000,25.400,1188.0000,1.443697
38.000,25.400,1189.0000,10.358555
38.000,25.400,1190.0000,-3.752240
38.000,25.400,1191.0000,-7.924836
38.000,25.400,1192.0000,3.609526
38.000,25.400,1193.0000,6.867651
38.000,25.400,1194.0000,0.124109
38.000,25.400,1195.0000,-0.775466
38.000,25.400,1196.0000,0.362970
38.000,25.400,1197.0000,5.045616
38.000,25.400,1198.0000,1.442728
38.000,25.400,1199.0000,1.408885
38.000,25.400,1200.0000,11.319881
38.000,25.400,1201.0000,-0.703156
38.000,25.400,1202.0000,3.130540
38.000,25.400,1203.0000,-6.331661
38.000,25.400,1204.0000,-2.873473
38.000,25.400,1205.0000,0.771111
38.000,25.400,1206.0000,4.447817
38.000,25.400,1207.0000,3.791157
38.000,25.400,1208.0000,0.555435
38.000,25.400,1209.0000,4.147210
38.000,25.400,1210.0000,-4.183201
38.000,25.400,1211.0000,4.965219
38.000,25.400,1212.0000,6.502898
38.000,25.400,1213.0000,4.039123
38.000,25.400,1214.0000,-1.269815
38.000,25.400,1215.0000,-1.959328
38.000,25.400,1216.0000,4.880930
38.000,25.400,1217.0000,6.626036
38.000,25.400,1218.0000,-11.208897
38.000,25.400,1219.0000,-2.246940
38.000,25.400,1220.0000,-3.763689
38.000,25.400,1221.0000,6.337403
38.000,25.400,1222.0000,10.610367
38.000,25.400,1223.0000,-0.738886
38.000,25.400,1224.0000,1.191791
38.000,25.400,1225.0000,2.263228
38.000,25.400,1226.0000,6.935931
38.000,25.400,1227.0000,3.617171
38.000,25.400,1228.0000,1.561554
38.000,25.400,1229.0000,-7.015277
38.000,25.400,1230.0000,-13.523778
38.000,25.400,1231.0000,-7.015779
38.000,25.400,1232.0000,-8.219774
38.000,25.400,1233.0000,4.970805
38.000,25.400,1234.0000,6.031065
38.000,25.400,1235.0000,-2.692970
38.000,25.400,1236.0000,-6.458692
38.000,25.400,1237.0000,11.539934
38.000,25.400,1238.0000,6.963737
38.000,25.400,1239.0000,9.032427
38.000,25.400,1240.0000,-4.948270
38.000,25.400,1241.0000,-1.820518
38.000,25.400,1242.0000,0.129201
38.000,25.400,1243.0000,9.909663
38.000,25.400,1244.0000,0.116318
38.000,25.400,1245.0000,5.907543
38.000,25.400,1246.0000,5.026620
38.000,25.400,1247.0000,2.869415
38.000,25.400,1248.0000,0.215369
38.000,25.400,1249.0000,-9.825398
38.000,25.400,1250.0000,-6.911761
38.000,25.400,1251.0000,-4.091832
38.000,25.400,1252.0000,10.427211
38.000,25.400,1253.0000,11.859516
38.000,25.400,1254.0000,-5.621548
38.000,25.400,1255.0000,-5.895133
38.000,25.400,1256.0000,-2.762416
38.000,25.400,1257.0000,-0.348468
38.000,25.400,1258.0000,-1.419541
38.000,25.400,1259.0000,-1.178152
38.000,25.400,1260.0000,-11.288135
38.000,25.400,1261.0000,7.616640
38.000,25.400,1262.0000,0.280588
38.000,25.400,1263.0000,1.579027
38.000,25.400,1264.0000,-0.490789
38.000,25.400,1265.0000,1.530975
38.000,25.400,1266.0000,5.942429
38.000,25.400,1267.0000,2.489219
38.000,25.400,1268.0000,0.841723
38.000,25.400,1269.0000,10.175835
38.000,25.400,1270.0000,2.276533
38.000,25.400,1271.0000,-6.161119
38.000,25.400,1272.0000,-6.365918
38.000,25.400,1273.0000,-1.756023
38.000,25.400,1274.0000,1.031665
38.000,25.400,1275.0000,-6.296037
38.000,25.400,1276.0000,5.671375
38.000,25.400,1277.0000,3.327168
38.000,25.400,1278.0000,-14.523426
38.000,25.400,1279.0000,-9.708747
38.000,25.400,1280.0000,12.143779
38.000,25.400,1281.0000,-0.572008
38.000,25.400,1282.0000,-1.947175
38.000,25.400,1283.0000,2.575899
38.000,25.400,1284.0000,0.643757
38.000,25.400,1285.0000,3.631161
38.000,25.400,1286.0000,-9.150668
38.000,25.400,1287.0000,1.316209
38.000,25.400,1288.0000,6.655242
38.000,25.400,1289.0000,5.867869
38.000,25.400,1290.0000,-3.040105
38.000,25.400,1291.0000,-13.844759
38.000,25.400,1292.0000,1.874123
38.000,25.400,1293.0000,-4.641776
38.000,25.400,1294.0000,2.293541
38.000,25.400,1295.0000,4.795520
38.000,25.400,1296.0000,10.097360
38.000,25.400,1297.0000,0.870874
38.000,25.400,1298.0000,-7.123500
38.000,25.400,1299.0000,-4.778252
38.000,25.400,1300.0000,-1.527694
38.000,25.400,1301.0000,0.166263
38.000,25.400,1302.0000,3.548219
38.000,25.400,1303.0000,-4.358478
38.000,25.400,1304.0000,-1.877406
38.000,25.400,1305.0000,3.581313
38.000,25.400,1306.0000,3.094655
38.000,25.400,1307.0000,-4.347276
38.000,25.400,1308.0000,6.085068
38.000,25.400,1309.0000,-6.404606
38.000,25.400,1310.0000,5.049830
38.000,25.400,1311.0000,7.001975
38.000,25.400,1312.0000,1.277798
38.000,25.400,1313.0000,-6.497246
38.000,25.400,1314.0000,1.606001
38.000,25.400,1315.0000,2.877201
38.000,25.400,1316.0000,-2.985251
38.000,25.400,1317.0000,-2.042075
38.000,25.400,1318.0000,5.334682
38.000,25.400,1319.0000,7.504043
38.000,25.400,1320.0000,-4.113793
38.000,25.400,1321.0000,12.509015
38.000,25.400,1322.0000,-0.570978
38.000,25.400,1323.0000,-4.365267
38.000,25.400,1324.0000,2.940758
38.000,25.400,1325.0000,15.250800
38.000,25.400,1326.0000,-3.433224
38.000,25.400,1327.0000,-5.151920
38.000,25.400,1328.0000,-2.469073
38.000,25.400,1329.0000,3.918136
38.000,25.400,1330.0000,5.476956
38.000,25.400,1331.0000,9.299378
38.000,25.400,1332.0000,1.841511
38.000,25.400,1333.0000,-2.697604
38.000,25.400,1334.0000,1.260695
38.000,25.400,1335.0000,10.109531
38.000,25.400,1336.0000,-2.518476
38.000,25.400,1337.0000,-5.296197
38.000,25.400,1338.0000,-3.525706
38.000,25.400,1339.0000,4.348963
38.000,25.400,1340.0000,2.855181
38.000,25.400,1341.0000,11.616506
38.000,25.400,1342.0000,7.095143
38.000,25.400,1343.0000,-3.426607
38.000,25.400,1344.0000,5.749448
38.000,25.400,1345.0000,0.379446
38.000,25.400,1346.0000,-4.172839
38.000,25.400,1347.0000,-1.412419
38.000,25.400,1348.0000,2.178815
38.000,25.400,1349.0000,7.787377
38.000,25.400,1350.0000,-1.439839
38.000,25.400,1351.0000,-4.773648
38.000,25.400,1352.0000,2.077515
38.000,25.400,1353.0000,-1.095704
38.000,25.400,1354.0000,-1.140668
38.000,25.400,1355.0000,-3.013505
38.000,25.400,1356.0000,-0.318172
38.000,25.400,1357.0000,3.615766
38.000,25.400,1358.0000,3.037392
38.000,25.400,1359.0000,-1.623140
38.000,25.400,1360.0000,0.453399
38.000,25.400,1361.0000,3.397085
38.000,25.400,1362.0000,5.232733
38.000,25.400,1363.0000,0.014443
38.000,25.400,1364.0000,-0.886666
38.000,25.400,1365.0000,7.454936
38.000,25.400,1366.0000,-0.339857
38.000,25.400,1367.0000,3.710424
38.000,25.400,1368.0000,-8.263758
38.000,25.400,1369.0000,6.297687
38.000,25.400,1370.0000,3.459423
38.000,25.400,1371.0000,8.665818
38.000,25.400,1372.0000,-9.195228
38.000,25.400,1373.0000,0.514627
38.000,25.400,1374.0000,3.713236
38.000,25.400,1375.0000,-4.463916
38.000,25.400,1376.0000,-1.266189
38.000,25.400,1377.0000,6.244797
38.000,25.400,1378.0000,-4.981336
38.000,25.400,1379.0000,-12.184841
38.000,25.400,1380.0000,-5.029798
38.000,25.400,1381.0000,-1.268915
38.000,25.400,1382.0000,9.039430
38.000,25.400,1383.0000,-13.505111
38.000,25.400,1384.0000,-1.449596
38.000,25.400,1385.0000,-0.260103
38.000,25.400,1386.0000,-2.178342
38.000,25.400,1387.0000,-0.897191
38.000,25.400,1388.0000,-5.148697
38.000,25.400,1389.0000,5.461760
38.000,25.400,1390.0000,5.007139
38.000,25.400,1391.0000,0.955519
38.000,25.400,1392.0000,-3.694434
38.000,25.400,1393.0000,11.830928
38.000,25.400,1394.0000,-1.560252
38.000,25.400,1395.0000,-2.594347
38.000,25.400,1396.0000,-0.262916
38.000,25.400,1397.0000,-0.821227
38.000,25.400,1398.0000,0.968928
38.000,25.400,1399.0000,-0.542329
38.000,25.400,1400.0000,-5.115647
38.000,25.400,1401.0000,1.459180
38.000,25.400,1402.0000,2.097799
38.000,25.400,1403.0000,0.279833
38.000,25.400,1404.0000,9.118047
38.000,25.400,1405.0000,4.473281
38.000,25.400,1406.0000,-0.597241
38.000,25.400,1407.0000,7.192686
38.000,25.400,1408.0000,-0.089369
38.000,25.400,1409.0000,-1.615869
38.000,25.400,1410.0000,2.321414
38.000,25.400,1411.0000,-3.645277
38.000,25.400,1412.0000,-7.630581
38.000,25.400,1413.0000,-2.912575
38.000,25.400,1414.0000,1.498272
38.000,25.400,1415.0000,-3.231461
38.000,25.400,1416.0000,1.583632
38.000,25.400,1417.0000,15.768571
38.000,25.400,1418.0000,-1.466327
38.000,25.400,1419.0000,-6.883425
38.000,25.400,1420.0000,10.826628
38.000,25.400,1421.0000,10.761946
38.000,25.400,1422.0000,2.285023
38.000,25.400,1423.0000,-9.313915
38.000,25.400,1424.0000,-2.690739
38.000,25.400,1425.0000,0.490347
38.000,25.400,1426.0000,0.317073
38.000,25.400,1427.0000,-8.392574
38.000,25.400,1428.0000,13.437387
38.000,25.400,1429.0000,7.653422
38.000,25.400,1430.0000,0.959422
38.000,25.400,1431.0000,-0.270516
38.000,25.400,1432.0000,-4.113839
38.000,25.400,1433.0000,12.337282
38.000,25.400,1434.0000,2.475705
38.000,25.400,1435.0000,-6.943342
38.000,25.400,1436.0000,0.494653
38.000,25.400,1437.0000,0.104462
38.000,25.400,1438.0000,-8.774639
38.000,25.400,1439.0000,0.533034
38.000,25.400,1440.0000,6.810027
38.000,25.400,1441.0000,6.133487
38.000,25.400,1442.0000,9.259388
38.000,25.400,1443.0000,-0.865505
38.000,25.400,1444.0000,-0.107634
38.000,25.400,1445.0000,5.206086
38.000,25.400,1446.0000,5.816437
38.000,25.400,1447.0000,-0.543281
38.000,25.400,1448.0000,11.049413
38.000,25.400,1449.0000,15.798772
38.000,25.400,1450.0000,7.117461
38.000,25.400,1451.0000,6.584773
38.000,25.400,1452.0000,7.176078
38.000,25.400,1453.0000,10.688966
38.000,25.400,1454.0000,2.622245
38.000,25.400,1455.0000,10.682979
38.000,25.400,1456.0000,24.240628
38.000,25.400,1457.0000,6.435930
38.000,25.400,1458.0000,5.653719
38.000,25.400,1459.0000,1.310807
38.000,25.400,1460.0000,8.466385
38.000,25.400,1461.0000,10.200589
38.000,25.400,1462.0000,5.633287
38.000,25.400,1463.0000,10.348426
38.000,25.400,1464.0000,-1.591817
38.000,25.400,1465.0000,-3.615650
38.000,25.400,1466.0000,1.340367
38.000,25.400,1467.0000,-11.254128
38.000,25.400,1468.0000,-0.651980
38.000,25.400,1469.0000,-8.518692
38.000,25.400,1470.0000,-1.535167
38.000,25.400,1471.0000,-2.268279
38.000,25.400,1472.0000,4.297855
38.000,25.400,1473.0000,5.277875
38.000,25.400,1474.0000,-3.196586
38.000,25.400,1475.0000,3.827555
38.000,25.400,1476.0000,13.400764
38.000,25.400,1477.0000,-5.239871
38.000,25.400,1478.0000,9.409963
38.000,25.400,1479.0000,-9.578538
38.000,25.400,1480.0000,3.938982
38.000,25.400,1481.0000,-5.788905
38.000,25.400,1482.0000,2.350843
38.000,25.400,1483.0000,-4.574655
38.000,25.400,1484.0000,-7.169839
38.000,25.400,1485.0000,9.209882
38.000,25.400,1486.0000,5.073536
38.000,25.400,1487.0000,-4.213195
38.000,25.400,1488.0000,-0.537659
38.000,25.400,1489.0000,0.520076
38.000,25.400,1490.0000,0.190571
38.000,25.400,1491.0000,-1.936968
38.000,25.400,1492.0000,-2.270476
38.000,25.400,1493.0000,1.101224
38.000,25.400,1494.0000,8.862358
38.000,25.400,1495.0000,-1.767903
38.000,25.400,1496.0000,1.808983
38.000,25.400,1497.0000,0.205925
38.000,25.400,1498.0000,-2.717936
38.000,25.400,1499.0000,3.250257
38.000,25.400,1500.0000,-3.445707
38.000,25.400,1501.0000,-4.788890
38.000,25.400,1502.0000,-6.166394
38.000,25.400,1503.0000,-0.605892
38.000,25.400,1504.0000,6.349292
38.000,25.400,1505.0000,-3.988020
38.000,25.400,1506.0000,-21.748263
38.000,25.400,1507.0000,-10.379326
38.000,25.400,1508.0000,-5.212353
38.000,25.400,1509.0000,12.132678
38.000,25.400,1510.0000,0.051648
38.000,25.400,1511.0000,2.899157
38.000,25.400,1512.0000,4.752084
38.000,25.400,1513.0000,7.650593
38.000,25.400,1514.0000,-3.796396
38.000,25.400,1515.0000,-8.239039
38.000,25.400,1516.0000,-2.860935
38.000,25.400,1517.0000,10.766155
38.000,25.400,1518.0000,1.683672
38.000,25.400,1519.0000,-6.557061
38.000,25.400,1520.0000,0.179258
38.000,25.400,1521.0000,12.963471
38.000,25.400,1522.0000,4.284432
38.000,25.400,1523.0000,0.957651
38.000,25.400,1524.0000,-11.152490
38.000,25.400,1525.0000,-3.736678
38.000,25.400,1526.0000,-2.614473
38.000,25.400,1527.0000,-0.785795
38.000,25.400,1528.0000,4.136162
38.000,25.400,1529.0000,7.722709
38.000,25.400,1530.0000,-6.914897
38.000,25.400,1531.0000,3.238500
38.000,25.400,1532.0000,-0.656095
38.000,25.400,1533.0000,5.997010
38.000,25.400,1534.0000,2.052456
38.000,25.400,1535.0000,12.769271
38.000,25.400,1536.0000,-4.394727
38.000,25.400,1537.0000,1.149613
38.000,25.400,1538.0000,5.227782
38.000,25.400,1539.0000,3.313179
38.000,25.400,1540.0000,1.532211
38.000,25.400,1541.0000,1.396247
38.000,25.400,1542.0000,1.398936
38.000,25.400,1543.0000,5.100531
38.000,25.400,1544.0000,5.282481
38.000,25.400,1545.0000,-4.855020
38.000,25.400,1546.0000,2.682362
38.000,25.400,1547.0000,-7.255185
38.000,25.400,1548.0000,-1.323366
38.000,25.400,1549.0000,4.149335
38.000,25.400,1550.0000,-1.017582
38.000,25.400,1551.0000,2.764294
38.000,25.400,1552.0000,10.936375
38.000,25.400,1553.0000,-1.835287
38.000,25.400,1554.0000,-1.220573
38.000,25.400,1555.0000,8.695864
38.000,25.400,1556.0000,-6.361852
38.000,25.400,1557.0000,0.518728
38.000,25.400,1558.0000,1.923886
38.000,25.400,1559.0000,10.973781
38.000,25.400,1560.0000,-4.778105
38.000,25.400,1561.0000,-1.543088
38.000,25.400,1562.0000,2.810327
38.000,25.400,1563.0000,3.808911
38.000,25.400,1564.0000,8.934072
38.000,25.400,1565.0000,1.024248
38.000,25.400,1566.0000,-0.382484
38.000,25.400,1567.0000,0.286333
38.000,25.400,1568.0000,7.906033
38.000,25.400,1569.0000,2.726525
38.000,25.400,1570.0000,-1.992751
38.000,25.400,1571.0000,-4.931039
38.000,25.400,1572.0000,1.033666
38.000,25.400,1573.0000,-8.170425
38.000,25.400,1574.0000,6.805078
38.000,25.400,1575.0000,15.669010
38.000,25.400,1576.0000,5.102273
38.000,25.400,1577.0000,14.462588
38.000,25.400,1578.0000,1.993037
38.000,25.400,1579.0000,-2.078744
38.000,25.400,1580.0000,4.013769
38.000,25.400,1581.0000,6.965790
38.000,25.400,1582.0000,16.127937
38.000,25.400,1583.0000,13.941715
38.000,25.400,1584.0000,17.330543
38.000,25.400,1585.0000,23.091527
38.000,25.400,1586.0000,9.396735
38.000,25.400,1587.0000,11.625460
38.000,25.400,1588.0000,11.803998
38.000,25.400,1589.0000,-3.105049
38.000,25.400,1590.0000,15.589254
38.000,25.400,1591.0000,1.933735
38.000,25.400,1592.0000,5.163265
38.000,25.400,1593.0000,3.218774
38.000,25.400,1594.0000,6.122981
38.000,25.400,1595.0000,-4.926390
38.000,25.400,1596.0000,20.802213
38.000,25.400,1597.0000,22.571472
38.000,25.400,1598.0000,21.184544
38.000,25.400,1599.0000,37.289442
38.000,25.400,1600.0000,28.782496
38.000,25.400,1601.0000,46.312719
38.000,25.400,1602.0000,40.065052
38.000,25.400,1603.0000,29.323675
38.000,25.400,1604.0000,28.995992
38.000,25.400,1605.0000,24.351587
38.000,25.400,1606.0000,16.120870
38.000,25.400,1607.0000,12.865529
38.000,25.400,1608.0000,13.754766
38.000,25.400,1609.0000,5.816412
38.000,25.400,1610.0000,7.885846
38.000,25.400,1611.0000,0.063156
38.000,25.400,1612.0000,6.979007
38.000,25.400,1613.0000,-1.984880
38.000,25.400,1614.0000,9.274815
38.000,25.400,1615.0000,1.316594
38.000,25.400,1616.0000,3.349879
38.000,25.400,1617.0000,-3.716396
38.000,25.400,1618.0000,3.686934
38.000,25.400,1619.0000,-2.481003
38.000,25.400,1620.0000,-5.718648
38.000,25.400,1621.0000,2.705243
38.000,25.400,1622.0000,3.724661
38.000,25.400,1623.0000,-1.900818
38.000,25.400,1624.0000,5.106290
38.000,25.400,1625.0000,12.363624
38.000,25.400,1626.0000,9.634014
38.000,25.400,1627.0000,4.266919
38.000,25.400,1628.0000,0.766154
38.000,25.400,1629.0000,12.402455
38.000,25.400,1630.0000,2.610167
38.000,25.400,1631.0000,-1.186518
38.000,25.400,1632.0000,3.376642
38.000,25.400,1633.0000,-9.617638
38.000,25.400,1634.0000,-9.363244
38.000,25.400,1635.0000,-0.228984
38.000,25.400,1636.0000,-7.721743
38.000,25.400,1637.0000,2.311552
38.000,25.400,1638.0000,2.557238
38.000,25.400,1639.0000,-1.555191
38.000,25.400,1640.0000,7.550119
38.000,25.400,1641.0000,-8.535493
38.000,25.400,1642.0000,-6.706638
38.000,25.400,1643.0000,5.085468
38.000,25.400,1644.0000,-2.537932
38.000,25.400,1645.0000,-3.311060
38.000,25.400,1646.0000,10.316604
38.000,25.400,1647.0000,-2.361552
38.000,25.400,1648.0000,-11.523376
38.000,25.400,1649.0000,0.919546
38.000,25.400,1650.0000,-10.585171
38.000,25.400,1651.0000,-10.665130
38.000,25.400,1652.0000,4.701247
38.000,25.400,1653.0000,6.211374
38.000,25.400,1654.0000,5.408943
38.000,25.400,1655.0000,2.537049
38.000,25.400,1656.0000,1.694603
38.000,25.400,1657.0000,-3.793940
38.000,25.400,1658.0000,-8.288918
38.000,25.400,1659.0000,4.407576
38.000,25.400,1660.0000,-1.126888
38.000,25.400,1661.0000,-0.904273
38.000,25.400,1662.0000,1.824264
38.000,25.400,1663.0000,-5.730654
38.000,25.400,1664.0000,-0.747897
38.000,25.400,1665.0000,-1.078806
38.000,25.400,1666.0000,8.029537
38.000,25.400,1667.0000,-0.897024
38.000,25.400,1668.0000,-5.099706
38.000,25.400,1669.0000,-3.347959
38.000,25.400,1670.0000,1.336868
38.000,25.400,1671.0000,-5.232474
38.000,25.400,1672.0000,0.671426
38.000,25.400,1673.0000,-3.945094
38.000,25.400,1674.0000,8.625524
38.000,25.400,1675.0000,3.865122
38.000,25.400,1676.0000,-0.147691
38.000,25.400,1677.0000,-4.168706
38.000,25.400,1678.0000,-1.720097
38.000,25.400,1679.0000,1.800803
38.000,25.400,1680.0000,-1.082692
38.000,25.400,1681.0000,1.926739
38.000,25.400,1682.0000,-10.656902
38.000,25.400,1683.0000,5.199290
38.000,25.400,1684.0000,-0.134111
38.000,25.400,1685.0000,5.367148
38.000,25.400,1686.0000,-6.758684
38.000,25.400,1687.0000,3.543812
38.000,25.400,1688.0000,-0.639752
38.000,25.400,1689.0000,7.380774
38.000,25.400,1690.0000,-0.099059
38.000,25.400,1691.0000,-3.009183
38.000,25.400,1692.0000,10.596886
38.000,25.400,1693.0000,-0.963601
38.000,25.400,1694.0000,-8.747143
38.000,25.400,1695.0000,2.210987
38.000,25.400,1696.0000,-5.712525
38.000,25.400,1697.0000,-5.008151
38.000,25.400,1698.0000,4.417629
38.000,25.400,1699.0000,4.006128
38.000,25.400,1700.0000,3.989418
38.000,25.400,1701.0000,-2.588192
38.000,25.400,1702.0000,0.448357
38.000,25.400,1703.0000,6.719764
38.000,25.400,1704.0000,-0.910190
38.000,25.400,1705.0000,-2.087252
38.000,25.400,1706.0000,-0.172284
38.000,25.400,1707.0000,3.673271
38.000,25.400,1708.0000,-11.288589
38.000,25.400,1709.0000,1.863792
38.000,25.400,1710.0000,4.485217
38.000,25.400,1711.0000,9.582584
38.000,25.400,1712.0000,-13.249896
38.000,25.400,1713.0000,0.399194
38.000,25.400,1714.0000,2.920320
38.000,25.400,1715.0000,7.066430
38.000,25.400,1716.0000,-2.894345
38.000,25.400,1717.0000,-0.542598
38.000,25.400,1718.0000,8.122534
38.000,25.400,1719.0000,-3.012497
38.000,25.400,1720.0000,0.902431
38.000,25.400,1721.0000,-10.854642
38.000,25.400,1722.0000,-0.218955
38.000,25.400,1723.0000,-4.982380
38.000,25.400,1724.0000,5.437953
38.000,25.400,1725.0000,-8.402255
38.000,25.400,1726.0000,-7.384925
38.000,25.400,1727.0000,4.570591
38.000,25.400,1728.0000,-1.836165
38.000,25.400,1729.0000,-8.756806
38.000,25.400,1730.0000,-0.053154
38.000,25.400,1731.0000,-0.782613
38.000,25.400,1732.0000,-2.587625
38.000,25.400,1733.0000,-9.882084
38.000,25.400,1734.0000,12.730984
38.000,25.400,1735.0000,-2.043910
38.000,25.400,1736.0000,2.127998
38.000,25.400,1737.0000,8.745221
38.000,25.400,1738.0000,-2.632097
38.000,25.400,1739.0000,8.320251
38.000,25.400,1740.0000,0.301667
38.000,25.400,1741.0000,9.823564
38.000,25.400,1742.0000,2.428262
38.000,25.400,1743.0000,-1.560446
38.000,25.400,1744.0000,-8.528725
38.000,25.400,1745.0000,-7.862426
38.000,25.400,1746.0000,4.080548
38.000,25.400,1747.0000,-2.281245
38.000,25.400,1748.0000,7.849132
38.000,25.400,1749.0000,2.124127
38.000,25.400,1750.0000,5.675723
38.000,25.400,1751.0000,2.843325
38.000,25.400,1752.0000,-2.138369
38.000,25.400,1753.0000,9.902850
38.000,25.400,1754.0000,-2.100542
38.000,25.400,1755.0000,1.683654
38.000,25.400,1756.0000,3.057828
38.000,25.400,1757.0000,-5.005783
38.000,25.400,1758.0000,4.567080
38.000,25.400,1759.0000,4.205093
38.000,25.400,1760.0000,-6.047214
38.000,25.400,1761.0000,2.821111
38.000,25.400,1762.0000,7.029026
38.000,25.400,1763.0000,3.631479
38.000,25.400,1764.0000,6.897801
38.000,25.400,1765.0000,-6.191161
38.000,25.400,1766.0000,7.552800
38.000,25.400,1767.0000,7.264333
38.000,25.400,1768.0000,-2.722792
38.000,25.400,1769.0000,5.480985
38.000,25.400,1770.0000,-2.733707
38.000,25.400,1771.0000,1.097054
38.000,25.400,1772.0000,-0.052029
38.000,25.400,1773.0000,5.233126
38.000,25.400,1774.0000,-1.932197
38.000,25.400,1775.0000,4.995324
38.000,25.400,1776.0000,5.500721
38.000,25.400,1777.0000,-6.244165
38.000,25.400,1778.0000,-7.727280
38.000,25.400,1779.0000,-9.673775
38.000,25.400,1780.0000,-6.536767
38.000,25.400,1781.0000,-2.972292
38.000,25.400,1782.0000,11.698193
38.000,25.400,1783.0000,-5.452393
38.000,25.400,1784.0000,4.306387
38.000,25.400,1785.0000,0.827973
38.000,25.400,1786.0000,5.199998
38.000,25.400,1787.0000,-6.311139
38.000,25.400,1788.0000,4.304721
38.000,25.400,1789.0000,-6.216810
38.000,25.400,1790.0000,-4.141732
38.000,25.400,1791.0000,-2.442566
38.000,25.400,1792.0000,-1.785446
38.000,25.400,1793.0000,4.869604
38.000,25.400,1794.0000,-4.083900
38.000,25.400,1795.0000,1.084384
38.000,25.400,1796.0000,0.898665
38.000,25.400,1797.0000,5.063907
38.000,25.400,1798.0000,-6.151419
38.000,25.400,1799.0000,12.894844
38.000,25.400,1800.0000,3.484745
38.000,25.400,1801.0000,-2.505024
38.000,25.400,1802.0000,-0.144174
38.000,25.400,1803.0000,-2.641617
38.000,25.400,1804.0000,-9.392351
38.000,25.400,1805.0000,-7.800067
38.000,25.400,1806.0000,-5.871613
38.000,25.400,1807.0000,-11.235723
38.000,25.400,1808.0000,-2.068077
38.000,25.400,1809.0000,5.575981
38.000,25.400,1810.0000,1.072514
38.000,25.400,1811.0000,1.488872
38.000,25.400,1812.0000,1.125100
38.000,25.400,1813.0000,-4.132420
38.000,25.400,1814.0000,2.441047
38.000,25.400,1815.0000,8.256821
38.000,25.400,1816.0000,-12.092018
38.000,25.400,1817.0000,-4.466002
38.000,25.400,1818.0000,5.283513
38.000,25.400,1819.0000,9.129660
38.000,25.400,1820.0000,1.704271
38.000,25.400,1821.0000,0.664803
38.000,25.400,1822.0000,0.186118
38.000,25.400,1823.0000,9.290862
38.000,25.400,1824.0000,4.128440
38.000,25.400,1825.0000,-1.175593
38.000,25.400,1826.0000,-4.673324
38.000,25.400,1827.0000,-4.907683
38.000,25.400,1828.0000,-2.536995
38.000,25.400,1829.0000,-11.366507
38.000,25.400,1830.0000,-1.447189
38.000,25.400,1831.0000,-3.363551
38.000,25.400,1832.0000,-1.591344
38.000,25.400,1833.0000,6.762876
38.000,25.400,1834.0000,-4.691198
38.000,25.400,1835.0000,-5.473437
38.000,25.400,1836.0000,-15.648142
38.000,25.400,1837.0000,4.462710
38.000,25.400,1838.0000,2.727464
38.000,25.400,1839.0000,-4.422671
38.000,25.400,1840.0000,2.584454
38.000,25.400,1841.0000,-0.198659
38.000,25.400,1842.0000,0.327007
38.000,25.400,1843.0000,-0.383576
38.000,25.400,1844.0000,-0.654833
38.000,25.400,1845.0000,1.279093
38.000,25.400,1846.0000,-2.671311
38.000,25.400,1847.0000,-6.550675
38.000,25.400,1848.0000,-14.566153
38.000,25.400,1849.0000,1.168935
38.000,25.400,1850.0000,0.781885
38.000,25.400,1851.0000,-5.767308
38.000,25.400,1852.0000,4.044804
38.000,25.400,1853.0000,0.665176
38.000,25.400,1854.0000,12.208230
38.000,25.400,1855.0000,-0.865012
38.000,25.400,1856.0000,-4.009087
38.000,25.400,1857.0000,-3.220309
38.000,25.400,1858.0000,-4.385130
38.000,25.400,1859.0000,-0.138186
38.000,25.400,1860.0000,-7.388900
38.000,25.400,1861.0000,-6.734294
38.000,25.400,1862.0000,0.727391
38.000,25.400,1863.0000,-11.249210
38.000,25.400,1864.0000,5.506845
38.000,25.400,1865.0000,0.135364
38.000,25.400,1866.0000,-1.698664
38.000,25.400,1867.0000,-7.467641
38.000,25.400,1868.0000,4.845316
38.000,25.400,1869.0000,6.283300
38.000,25.400,1870.0000,1.407553
38.000,25.400,1871.0000,0.250579
38.000,25.400,1872.0000,-1.359366
38.000,25.400,1873.0000,8.589340
38.000,25.400,1874.0000,-9.566706
38.000,25.400,1875.0000,3.435068
38.000,25.400,1876.0000,2.473991
38.000,25.400,1877.0000,2.080551
38.000,25.400,1878.0000,-1.344297
38.000,25.400,1879.0000,-5.783363
38.000,25.400,1880.0000,4.041858
38.000,25.400,1881.0000,-0.724495
38.000,25.400,1882.0000,2.229440
38.000,25.400,1883.0000,-7.289736
38.000,25.400,1884.0000,-4.335225
38.000,25.400,1885.0000,3.910055
38.000,25.400,1886.0000,2.243558
38.000,25.400,1887.0000,1.570081
38.000,25.400,1888.0000,14.286211
38.000,25.400,1889.0000,3.837850
38.000,25.400,1890.0000,-5.990213
38.000,25.400,1891.0000,6.658751
38.000,25.400,1892.0000,6.890094
38.000,25.400,1893.0000,-0.723378
38.000,25.400,1894.0000,-6.611895
38.000,25.400,1895.0000,-2.949695
38.000,25.400,1896.0000,2.629108
38.000,25.400,1897.0000,5.599157
38.000,25.400,1898.0000,-3.285359
38.000,25.400,1899.0000,-1.001618
38.000,25.400,1900.0000,-4.733222
38.000,25.400,1901.0000,2.931745
38.000,25.400,1902.0000,-4.350830
38.000,25.400,1903.0000,2.948293
38.000,25.400,1904.0000,-5.555552
38.000,25.400,1905.0000,5.694675
38.000,25.400,1906.0000,11.011273
38.000,25.400,1907.0000,4.844267
38.000,25.400,1908.0000,-4.816809
38.000,25.400,1909.0000,12.950696
38.000,25.400,1910.0000,-0.573126
38.000,25.400,1911.0000,-4.703285
38.000,25.400,1912.0000,8.820035
38.000,25.400,1913.0000,-8.225880
38.000,25.400,1914.0000,-1.367836
38.000,25.400,1915.0000,-0.719333
38.000,25.400,1916.0000,3.300956
38.000,25.400,1917.0000,-3.654841
38.000,25.400,1918.0000,1.366984
38.000,25.400,1919.0000,6.974679
38.000,25.400,1920.0000,-0.134575
38.000,25.400,1921.0000,-17.198528
38.000,25.400,1922.0000,4.059389
38.000,25.400,1923.0000,5.488493
38.000,25.400,1924.0000,-4.183220
38.000,25.400,1925.0000,3.129175
38.000,25.400,1926.0000,1.759714
38.000,25.400,1927.0000,8.058100
38.000,25.400,1928.0000,0.743243
38.000,25.400,1929.0000,2.896425
38.000,25.400,1930.0000,1.834627
38.000,25.400,1931.0000,-0.340388
38.000,25.400,1932.0000,-6.699843
38.000,25.400,1933.0000,9.511684
38.000,25.400,1934.0000,-7.092448
38.000,25.400,1935.0000,-3.270118
38.000,25.400,1936.0000,-9.639505
38.000,25.400,1937.0000,0.002607
38.000,25.400,1938.0000,-2.933717
38.000,25.400,1939.0000,1.254739
38.000,25.400,1940.0000,2.620400
38.000,25.400,1941.0000,3.976359
38.000,25.400,1942.0000,-1.096106
38.000,25.400,1943.0000,4.545528
38.000,25.400,1944.0000,-6.111624
38.000,25.400,1945.0000,-5.151454
38.000,25.400,1946.0000,-2.208952
38.000,25.400,1947.0000,6.955540
38.000,25.400,1948.0000,-1.302511
38.000,25.400,1949.0000,1.560019
38.000,25.400,1950.0000,1.111294
38.000,25.400,1951.0000,3.698184
38.000,25.400,1952.0000,-2.832263
38.000,25.400,1953.0000,-1.736683
38.000,25.400,1954.0000,-6.234596
38.000,25.400,1955.0000,-0.375818
38.000,25.400,1956.0000,-7.604173
38.000,25.400,1957.0000,-5.377246
38.000,25.400,1958.0000,-8.059276
38.000,25.400,1959.0000,-2.477245
38.000,25.400,1960.0000,7.195127
38.000,25.400,1961.0000,-8.353358
38.000,25.400,1962.0000,0.173955
38.000,25.400,1963.0000,1.918076
38.000,25.400,1964.0000,0.542460
38.000,25.400,1965.0000,-5.241493
38.000,25.400,1966.0000,3.623588
38.000,25.400,1967.0000,0.849870
38.000,25.400,1968.0000,9.285240
38.000,25.400,1969.0000,3.580453
38.000,25.400,1970.0000,9.809093
38.000,25.400,1971.0000,-4.756778
38.000,25.400,1972.0000,1.411986
38.000,25.400,1973.0000,-3.200675
38.000,25.400,1974.0000,6.537497
38.000,25.400,1975.0000,-1.254026
38.000,25.400,1976.0000,6.721706
38.000,25.400,1977.0000,10.717254
38.000,25.400,1978.0000,-5.423512
38.000,25.400,1979.0000,-6.216265
38.000,25.400,1980.0000,-5.284114
38.000,25.400,1981.0000,3.206486
38.000,25.400,1982.0000,8.344468
38.000,25.400,1983.0000,1.049649
38.000,25.400,1984.0000,-4.068796
38.000,25.400,1985.0000,4.575557
38.000,25.400,1986.0000,-9.782932
38.000,25.400,1987.0000,25.183175
38.000,25.400,1988.0000,6.789823
38.000,25.400,1989.0000,1.147763
38.000,25.400,1990.0000,-0.902332
38.000,25.400,1991.0000,0.389706
38.000,25.400,1992.0000,3.105407
38.000,25.400,1993.0000,-8.521491
38.000,25.400,1994.0000,4.559702
38.000,25.400,1995.0000,-1.659290
38.000,25.400,1996.0000,1.255196
38.000,25.400,1997.0000,-3.379562
38.000,25.400,1998.0000,-0.569578
38.000,25.400,1999.0000,-1.796972
38.000,25.400,2000.0000,-3.635623
