x,y,raman_shift_cm-1,intensity
37.800,25.200,200.0000,7.087972
37.800,25.200,201.0000,4.633029
37.800,25.200,202.0000,7.827759
37.800,25.200,203.0000,7.804529
37.800,25.200,204.0000,0.305474
37.800,25.200,205.0000,9.564800
37.800,25.200,206.0000,-5.573849
37.800,25.200,207.0000,5.929413
37.800,25.200,208.0000,-1.644315
37.800,25.200,209.0000,1.196205
37.800,25.200,210.0000,9.484592
37.800,25.200,211.0000,-5.769420
37.800,25.200,212.0000,0.610136
37.800,25.200,213.0000,2.549106
37.800,25.200,214.0000,1.508274
37.800,25.200,215.0000,6.522340
37.800,25.200,216.0000,-5.406170
37.800,25.200,217.0000,5.252709
37.800,25.200,218.0000,2.431831
37.800,25.200,219.0000,5.093887
37.800,25.200,220.0000,1.202339
37.800,25.200,221.0000,7.496106
37.800,25.200,222.0000,8.017545
37.800,25.200,223.0000,7.071557
37.800,25.200,224.0000,-0.315276
37.800,25.200,225.0000,-1.533688
37.800,25.200,226.0000,-2.961522
37.800,25.200,227.0000,1.277244
37.800,25.200,228.0000,2.118962
37.800,25.200,229.0000,-2.893103
37.800,25.200,230.0000,-2.780112
37.800,25.200,231.0000,-9.726047
37.800,25.200,232.0000,4.538790
37.800,25.200,233.0000,-4.472914
37.800,25.200,234.0000,1.171693
37.800,25.200,235.0000,16.332104
37.800,25.200,236.0000,-2.536345
37.800,25.200,237.0000,7.152305
37.800,25.200,238.0000,0.169767
37.800,25.200,239.0000,8.260265
37.800,25.200,240.0000,11.144725
37.800,25.200,241.0000,1.915734
37.800,25.200,242.0000,-7.407798
37.800,25.200,243.0000,-4.128314
37.800,25.200,244.0000,11.746448
37.800,25.200,245.0000,4.214205
37.800,25.200,246.0000,15.029134
37.800,25.200,247.0000,7.008899
37.800,25.200,248.0000,-5.837750
37.800,25.200,249.0000,3.064318
37.800,25.200,250.0000,19.952491
37.800,25.200,251.0000,-5.168061
37.800,25.200,252.0000,1.167554
37.800,25.200,253.0000,4.256839
37.800,25.200,254.0000,4.720458
37.800,25.200,255.0000,9.409706
37.800,25.200,256.0000,9.462546
37.800,25.200,257.0000,-0.592097
37.800,25.200,258.0000,3.575739
37.800,25.200,259.0000,0.199675
37.800,25.200,260.0000,-6.559848
37.800,25.200,261.0000,-4.860634
37.800,25.200,262.0000,-15.807070
37.800,25.200,263.0000,-6.142674
37.800,25.200,264.0000,-1.913696
37.800,25.200,265.0000,7.057762
37.800,25.200,266.0000,-5.443236
37.800,25.200,267.0000,0.817112
37.800,25.200,268.0000,3.411834
37.800,25.200,269.0000,2.141833
37.800,25.200,270.0000,-7.509939
37.800,25.200,271.0000,-2.320945
37.800,25.200,272.0000,-3.258734
37.800,25.200,273.0000,-4.028121
37.800,25.200,274.0000,11.707442
37.800,25.200,275.0000,7.061337
37.800,25.200,276.0000,1.070373
37.800,25.200,277.0000,3.319605
37.800,25.200,278.0000,-2.726777
37.800,25.200,279.0000,-0.179289
37.800,25.200,280.0000,-5.084795
37.800,25.200,281.0000,-3.784330
37.800,25.200,282.0000,-0.291833
37.800,25.200,283.0000,4.281679
37.800,25.200,284.0000,2.657438
37.800,25.200,285.0000,-5.414938
37.800,25.200,286.0000,-0.624391
37.800,25.200,287.0000,-1.299980
37.800,25.200,288.0000,-2.639566
37.800,25.200,289.0000,-12.744737
37.800,25.200,290.0000,11.993628
37.800,25.200,291.0000,4.312104
37.800,25.200,292.0000,-3.476503
37.800,25.200,293.0000,-4.077909
37.800,25.200,294.0000,-6.747915
37.800,25.200,295.0000,-0.281438
37.800,25.200,296.0000,0.580949
37.800,25.200,297.0000,-6.255886
37.800,25.200,298.0000,3.228247
37.800,25.200,299.0000,-10.395720
37.800,25.200,300.0000,-5.775926
37.800,25.200,301.0000,12.152023
37.800,25.200,302.0000,-5.132925
37.800,25.200,303.0000,-5.191906
37.800,25.200,304.0000,-4.103988
37.800,25.200,305.0000,6.190332
37.800,25.200,306.0000,0.242050
37.800,25.200,307.0000,0.560464
37.800,25.200,308.0000,-0.381283
37.800,25.200,309.0000,-0.182251
37.800,25.200,310.0000,-1.785961
37.800,25.200,311.0000,5.165450
37.800,25.200,312.0000,-1.515448
37.800,25.200,313.0000,-2.566914
37.800,25.200,314.0000,0.609190
37.800,25.200,315.0000,-4.330473
37.800,25.200,316.0000,-1.778471
37.800,25.200,317.0000,-1.757371
37.800,25.200,318.0000,4.624456
37.800,25.200,319.0000,3.741463
37.800,25.200,320.0000,1.121298
37.800,25.200,321.0000,-0.585641
37.800,25.200,322.0000,2.977702
37.800,25.200,323.0000,6.302355
37.800,25.200,324.0000,3.476363
37.800,25.200,325.0000,-4.551801
37.800,25.200,326.0000,0.422068
37.800,25.200,327.0000,4.248012
37.800,25.200,328.0000,-8.605110
37.800,25.200,329.0000,-8.367863
37.800,25.200,330.0000,2.465985
37.800,25.200,331.0000,-0.576166
37.800,25.200,332.0000,-12.299734
37.800,25.200,333.0000,-3.159602
37.800,25.200,334.0000,7.119995
37.800,25.200,335.0000,-0.898797
37.800,25.200,336.0000,-0.404759
37.800,25.200,337.0000,-5.373034
37.800,25.200,338.0000,-5.047703
37.800,25.200,339.0000,5.561217
37.800,25.200,340.0000,3.932389
37.800,25.200,341.0000,-5.249685
37.800,25.200,342.0000,-1.882677
37.800,25.200,343.0000,-7.851832
37.800,25.200,344.0000,-6.136659
37.800,25.200,345.0000,-0.086447
37.800,25.200,346.0000,-2.799348
37.800,25.200,347.0000,-5.540868
37.800,25.200,348.0000,-6.379731
37.800,25.200,349.0000,2.039884
37.800,25.200,350.0000,-7.538164
37.800,25.200,351.0000,-4.475220
37.800,25.200,352.0000,-3.403628
37.800,25.200,353.0000,-6.520587
37.800,25.200,354.0000,-5.664562
37.800,25.200,355.0000,-8.735044
37.800,25.200,356.0000,9.997068
37.800,25.200,357.0000,4.006052
37.800,25.200,358.0000,-5.058560
37.800,25.200,359.0000,-1.811937
37.800,25.200,360.0000,0.736044
37.800,25.200,361.0000,2.520520
37.800,25.200,362.0000,2.478962
37.800,25.200,363.0000,-2.565260
37.800,25.200,364.0000,-2.965610
37.800,25.200,365.0000,3.950981
37.800,25.200,366.0000,5.697254
37.800,25.200,367.0000,-0.416263
37.800,25.200,368.0000,-7.525033
37.800,25.200,369.0000,-3.535403
37.800,25.200,370.0000,-1.884701
37.800,25.200,371.0000,2.034766
37.800,25.200,372.0000,3.861117
37.800,25.200,373.0000,-3.258396
37.800,25.200,374.0000,13.408411
37.800,25.200,375.0000,13.692921
37.800,25.200,376.0000,-5.283586
37.800,25.200,377.0000,-0.046475
37.800,25.200,378.0000,7.611236
37.800,25.200,379.0000,2.499147
37.800,25.200,380.0000,-10.447139
37.800,25.200,381.0000,1.872157
37.800,25.200,382.0000,-6.583888
37.800,25.200,383.0000,2.852576
37.800,25.200,384.0000,13.258308
37.800,25.200,385.0000,3.164747
37.800,25.200,386.0000,-10.765426
37.800,25.200,387.0000,10.803828
37.800,25.200,388.0000,-2.261449
37.800,25.200,389.0000,4.627096
37.800,25.200,390.0000,-2.607860
37.800,25.200,391.0000,1.515491
37.800,25.200,392.0000,9.884190
37.800,25.200,393.0000,-9.692577
37.800,25.200,394.0000,6.239115
37.800,25.200,395.0000,0.183455
37.800,25.200,396.0000,3.328349
37.800,25.200,397.0000,-3.529280
37.800,25.200,398.0000,-6.192560
37.800,25.200,399.0000,6.986883
37.800,25.200,400.0000,4.221931
37.800,25.200,401.0000,-1.236212
37.800,25.200,402.0000,-3.908703
37.800,25.200,403.0000,-5.783755
37.800,25.200,404.0000,-2.993776
37.800,25.200,405.0000,-0.946098
37.800,25.200,406.0000,-7.230046
37.800,25.200,407.0000,-5.957168
37.800,25.200,408.0000,10.088423
37.800,25.200,409.0000,-1.129973
37.800,25.200,410.0000,-0.607298
37.800,25.200,411.0000,9.616496
37.800,25.200,412.0000,5.272697
37.800,25.200,413.0000,6.199807
37.800,25.200,414.0000,-8.932885
37.800,25.200,415.0000,4.138033
37.800,25.200,416.0000,8.615510
37.800,25.200,417.0000,3.703007
37.800,25.200,418.0000,6.213960
37.800,25.200,419.0000,-3.827756
37.800,25.200,420.0000,3.832924
37.800,25.200,421.0000,-0.755223
37.800,25.200,422.0000,10.199882
37.800,25.200,423.0000,-0.053489
37.800,25.200,424.0000,6.206577
37.800,25.200,425.0000,-4.199531
37.800,25.200,426.0000,1.190961
37.800,25.200,427.0000,-8.370415
37.800,25.200,428.0000,-0.779176
37.800,25.200,429.0000,-4.030681
37.800,25.200,430.0000,-4.600768
37.800,25.200,431.0000,11.591240
37.800,25.200,432.0000,0.972593
37.800,25.200,433.0000,1.574234
37.800,25.200,434.0000,6.943204
37.800,25.200,435.0000,-0.533549
37.800,25.200,436.0000,-10.478409
37.800,25.200,437.0000,-12.401089
37.800,25.200,438.0000,-5.739145
37.800,25.200,439.0000,-0.607123
37.800,25.200,440.0000,-13.163056
37.800,25.200,441.0000,2.116815
37.800,25.200,442.0000,-1.626215
37.800,25.200,443.0000,-6.643158
37.800,25.200,444.0000,-15.453968
37.800,25.200,445.0000,-3.758346
37.800,25.200,446.0000,-3.310551
37.800,25.200,447.0000,3.793738
37.800,25.200,448.0000,6.116017
37.800,25.200,449.0000,-3.846178
37.800,25.200,450.0000,2.526932
37.800,25.200,451.0000,-1.743762
37.800,25.200,452.0000,3.635309
37.800,25.200,453.0000,4.320022
37.800,25.200,454.0000,4.159996
37.800,25.200,455.0000,5.309799
37.800,25.200,456.0000,-2.690573
37.800,25.200,457.0000,8.458717
37.800,25.200,458.0000,-5.267905
37.800,25.200,459.0000,13.703918
37.800,25.200,460.0000,7.147494
37.800,25.200,461.0000,-0.696497
37.800,25.200,462.0000,0.389228
37.800,25.200,463.0000,0.603804
37.800,25.200,464.0000,1.380032
37.800,25.200,465.0000,-7.795199
37.800,25.200,466.0000,-5.155661
37.800,25.200,467.0000,5.451681
37.800,25.200,468.0000,6.974483
37.800,25.200,469.0000,-10.102643
37.800,25.200,470.0000,-3.637412
37.800,25.200,471.0000,-1.050723
37.800,25.200,472.0000,3.733192
37.800,25.200,473.0000,3.292821
37.800,25.200,474.0000,-13.214792
37.800,25.200,475.0000,8.467075
37.800,25.200,476.0000,-8.344467
37.800,25.200,477.0000,-11.912399
37.800,25.200,478.0000,9.386513
37.800,25.200,479.0000,7.657351
37.800,25.200,480.0000,-1.168238
37.800,25.200,481.0000,-7.439637
37.800,25.200,482.0000,6.809527
37.800,25.200,483.0000,-8.564129
37.800,25.200,484.0000,7.303982
37.800,25.200,485.0000,3.902357
37.800,25.200,486.0000,-8.830144
37.800,25.200,487.0000,-1.852561
37.800,25.200,488.0000,-4.475440
37.800,25.200,489.0000,3.976700
37.800,25.200,490.0000,6.919221
37.800,25.200,491.0000,7.418187
37.800,25.200,492.0000,-6.842482
37.800,25.200,493.0000,0.875389
37.800,25.200,494.0000,-10.027369
37.800,25.200,495.0000,1.004866
37.800,25.200,496.0000,-7.533362
37.800,25.200,497.0000,-2.376783
37.800,25.200,498.0000,-6.048652
37.800,25.200,499.0000,11.735848
37.800,25.200,500.0000,6.028010
37.800,25.200,501.0000,5.803101
37.800,25.200,502.0000,10.600121
37.800,25.200,503.0000,3.876635
37.800,25.200,504.0000,0.844221
37.800,25.200,505.0000,7.903714
37.800,25.200,506.0000,1.017637
37.800,25.200,507.0000,-14.685524
37.800,25.200,508.0000,0.626982
37.800,25.200,509.0000,5.739025
37.800,25.200,510.0000,0.356873
37.800,25.200,511.0000,-9.299550
37.800,25.200,512.0000,1.428516
37.800,25.200,513.0000,1.980415
37.800,25.200,514.0000,-6.315439
37.800,25.200,515.0000,-0.793836
37.800,25.200,516.0000,3.609589
37.800,25.200,517.0000,0.009777
37.800,25.200,518.0000,0.164643
37.800,25.200,519.0000,-4.985870
37.800,25.200,520.0000,-5.051436
37.800,25.200,521.0000,-5.018504
37.800,25.200,522.0000,10.195731
37.800,25.200,523.0000,0.638210
37.800,25.200,524.0000,7.009404
37.800,25.200,525.0000,2.601909
37.800,25.200,526.0000,-6.336728
37.800,25.200,527.0000,0.298086
37.800,25.200,528.0000,-0.276311
37.800,25.200,529.0000,8.851016
37.800,25.200,530.0000,-7.238897
37.800,25.200,531.0000,-1.757338
37.800,25.200,532.0000,-6.644870
37.800,25.200,533.0000,-4.934890
37.800,25.200,534.0000,-3.861451
37.800,25.200,535.0000,-10.508493
37.800,25.200,536.0000,-2.845272
37.800,25.200,537.0000,3.795136
37.800,25.200,538.0000,6.003241
37.800,25.200,539.0000,2.281233
37.800,25.200,540.0000,1.038064
37.800,25.200,541.0000,9.728224
37.800,25.200,542.0000,7.024975
37.800,25.200,543.0000,0.659367
37.800,25.200,544.0000,-3.303541
37.800,25.200,545.0000,-4.131074
37.800,25.200,546.0000,-6.598433
37.800,25.200,547.0000,-4.074220
37.800,25.200,548.0000,3.437730
37.800,25.200,549.0000,4.113908
37.800,25.200,550.0000,3.759201
37.800,25.200,551.0000,8.690951
37.800,25.200,552.0000,-9.371146
37.800,25.200,553.0000,4.442609
37.800,25.200,554.0000,3.583408
37.800,25.200,555.0000,-5.639994
37.800,25.200,556.0000,2.651137
37.800,25.200,557.0000,-2.994353
37.800,25.200,558.0000,-8.789482
37.800,25.200,559.0000,3.745515
37.800,25.200,560.0000,2.196158
37.800,25.200,561.0000,8.837434
37.800,25.200,562.0000,-6.344357
37.800,25.200,563.0000,4.801187
37.800,25.200,564.0000,1.016531
37.800,25.200,565.0000,-4.475696
37.800,25.200,566.0000,-6.407707
37.800,25.200,567.0000,9.519960
37.800,25.200,568.0000,4.795833
37.800,25.200,569.0000,0.620001
37.800,25.200,570.0000,-9.240104
37.800,25.200,571.0000,1.200527
37.800,25.200,572.0000,5.240414
37.800,25.200,573.0000,4.092773
37.800,25.200,574.0000,-3.498051
37.800,25.200,575.0000,0.122749
37.800,25.200,576.0000,1.708948
37.800,25.200,577.0000,2.706214
37.800,25.200,578.0000,-3.084131
37.800,25.200,579.0000,-0.567297
37.800,25.200,580.0000,2.282829
37.800,25.200,581.0000,4.062444
37.800,25.200,582.0000,-0.577687
37.800,25.200,583.0000,-13.075212
37.800,25.200,584.0000,4.512216
37.800,25.200,585.0000,8.769615
37.800,25.200,586.0000,6.092005
37.800,25.200,587.0000,2.348538
37.800,25.200,588.0000,-1.947300
37.800,25.200,589.0000,0.491940
37.800,25.200,590.0000,6.881056
37.800,25.200,591.0000,2.774026
37.800,25.200,592.0000,1.094408
37.800,25.200,593.0000,-0.940169
37.800,25.200,594.0000,1.543298
37.800,25.200,595.0000,5.618483
37.800,25.200,596.0000,-1.891683
37.800,25.200,597.0000,22.286811
37.800,25.200,598.0000,17.101754
37.800,25.200,599.0000,1.642323
37.800,25.200,600.0000,10.749163
37.800,25.200,601.0000,5.787552
37.800,25.200,602.0000,6.810494
37.800,25.200,603.0000,16.528890
37.800,25.200,604.0000,19.878011
37.800,25.200,605.0000,13.456727
37.800,25.200,606.0000,2.217333
37.800,25.200,607.0000,18.284594
37.800,25.200,608.0000,31.461828
37.800,25.200,609.0000,15.085259
37.800,25.200,610.0000,26.129580
37.800,25.200,611.0000,24.758304
37.800,25.200,612.0000,36.646522
37.800,25.200,613.0000,45.347353
37.800,25.200,614.0000,62.476317
37.800,25.200,615.0000,75.357610
37.800,25.200,616.0000,77.689187
37.800,25.200,617.0000,112.356798
37.800,25.200,618.0000,133.434496
37.800,25.200,619.0000,143.451078
37.800,25.200,620.0000,160.972085
37.800,25.200,621.0000,159.497228
37.800,25.200,622.0000,137.836396
37.800,25.200,623.0000,109.345095
37.800,25.200,624.0000,85.490820
37.800,25.200,625.0000,69.146445
37.800,25.200,626.0000,64.000990
37.800,25.200,627.0000,44.908126
37.800,25.200,628.0000,43.112328
37.800,25.200,629.0000,30.415811
37.800,25.200,630.0000,30.500687
37.800,25.200,631.0000,24.561939
37.800,25.200,632.0000,20.983613
37.800,25.200,633.0000,17.517820
37.800,25.200,634.0000,18.101996
37.800,25.200,635.0000,9.571653
37.800,25.200,636.0000,10.542661
37.800,25.200,637.0000,3.681430
37.800,25.200,638.0000,15.629199
37.800,25.200,639.0000,7.418390
37.800,25.200,640.0000,8.532588
37.800,25.200,641.0000,11.531065
37.800,25.200,642.0000,16.729492
37.800,25.200,643.0000,6.031431
37.800,25.200,644.0000,10.879655
37.800,25.200,645.0000,11.046951
37.800,25.200,646.0000,8.525650
37.800,25.200,647.0000,6.200317
37.800,25.200,648.0000,6.421252
37.800,25.200,649.0000,-11.884729
37.800,25.200,650.0000,-0.281746
37.800,25.200,651.0000,9.847378
37.800,25.200,652.0000,11.496738
37.800,25.200,653.0000,-12.109003
37.800,25.200,654.0000,13.701786
37.800,25.200,655.0000,4.574055
37.800,25.200,656.0000,-0.835245
37.800,25.200,657.0000,0.402087
37.800,25.200,658.0000,6.167876
37.800,25.200,659.0000,-7.148002
37.800,25.200,660.0000,-14.360063
37.800,25.200,661.0000,-4.131093
37.800,25.200,662.0000,1.012582
37.800,25.200,663.0000,8.154107
37.800,25.200,664.0000,-0.509344
37.800,25.200,665.0000,4.629657
37.800,25.200,666.0000,-2.190021
37.800,25.200,667.0000,-1.682347
37.800,25.200,668.0000,-0.164961
37.800,25.200,669.0000,4.708580
37.800,25.200,670.0000,17.276773
37.800,25.200,671.0000,1.051466
37.800,25.200,672.0000,-15.604046
37.800,25.200,673.0000,2.684716
37.800,25.200,674.0000,3.235215
37.800,25.200,675.0000,-0.984598
37.800,25.200,676.0000,5.929472
37.800,25.200,677.0000,-3.622429
37.800,25.200,678.0000,4.446624
37.800,25.200,679.0000,16.701771
37.800,25.200,680.0000,7.027596
37.800,25.200,681.0000,-10.507238
37.800,25.200,682.0000,9.095392
37.800,25.200,683.0000,2.040720
37.800,25.200,684.0000,10.477978
37.800,25.200,685.0000,0.260000
37.800,25.200,686.0000,-3.069424
37.800,25.200,687.0000,5.251097
37.800,25.200,688.0000,-3.632930
37.800,25.200,689.0000,-4.463037
37.800,25.200,690.0000,11.825946
37.800,25.200,691.0000,-1.089856
37.800,25.200,692.0000,2.473335
37.800,25.200,693.0000,-0.072167
37.800,25.200,694.0000,-14.402685
37.800,25.200,695.0000,-1.473991
37.800,25.200,696.0000,-3.940366
37.800,25.200,697.0000,-0.199585
37.800,25.200,698.0000,-7.877869
37.800,25.200,699.0000,-1.092822
37.800,25.200,700.0000,-4.846591
37.800,25.200,701.0000,10.746073
37.800,25.200,702.0000,2.734574
37.800,25.200,703.0000,4.139505
37.800,25.200,704.0000,4.813721
37.800,25.200,705.0000,6.391329
37.800,25.200,706.0000,-5.308365
37.800,25.200,707.0000,0.970127
37.800,25.200,708.0000,8.095680
37.800,25.200,709.0000,6.813072
37.800,25.200,710.0000,-6.628232
37.800,25.200,711.0000,3.391441
37.800,25.200,712.0000,-1.824025
37.800,25.200,713.0000,0.788832
37.800,25.200,714.0000,-14.396977
37.800,25.200,715.0000,-3.599346
37.800,25.200,716.0000,-1.004978
37.800,25.200,717.0000,11.877549
37.800,25.200,718.0000,5.361913
37.800,25.200,719.0000,9.996608
37.800,25.200,720.0000,3.926615
37.800,25.200,721.0000,1.132310
37.800,25.200,722.0000,4.475915
37.800,25.200,723.0000,2.161586
37.800,25.200,724.0000,-6.365655
37.800,25.200,725.0000,-4.885690
37.800,25.200,726.0000,7.812979
37.800,25.200,727.0000,10.350565
37.800,25.200,728.0000,-2.300638
37.800,25.200,729.0000,7.070907
37.800,25.200,730.0000,3.685165
37.800,25.200,731.0000,1.347686
37.800,25.200,732.0000,3.628035
37.800,25.200,733.0000,8.164805
37.800,25.200,734.0000,4.291622
37.800,25.200,735.0000,8.697205
37.800,25.200,736.0000,3.048613
37.800,25.200,737.0000,1.484292
37.800,25.200,738.0000,4.332733
37.800,25.200,739.0000,-2.478769
37.800,25.200,740.0000,6.483038
37.800,25.200,741.0000,10.275539
37.800,25.200,742.0000,-4.574887
37.800,25.200,743.0000,2.139766
37.800,25.200,744.0000,-0.305478
37.800,25.200,745.0000,7.098971
37.800,25.200,746.0000,2.164097
37.800,25.200,747.0000,5.138188
37.800,25.200,748.0000,4.614941
37.800,25.200,749.0000,1.076787
37.800,25.200,750.0000,-6.299524
37.800,25.200,751.0000,2.192640
37.800,25.200,752.0000,7.693874
37.800,25.200,753.0000,-1.798167
37.800,25.200,754.0000,1.872556
37.800,25.200,755.0000,-1.490836
37.800,25.200,756.0000,6.896034
37.800,25.200,757.0000,0.754605
37.800,25.200,758.0000,-3.245884
37.800,25.200,759.0000,5.420546
37.800,25.200,760.0000,15.262124
37.800,25.200,761.0000,-3.753966
37.800,25.200,762.0000,3.677155
37.800,25.200,763.0000,1.549102
37.800,25.200,764.0000,11.778540
37.800,25.200,765.0000,2.929839
37.800,25.200,766.0000,5.340859
37.800,25.200,767.0000,10.981964
37.800,25.200,768.0000,10.603420
37.800,25.200,769.0000,4.577392
37.800,25.200,770.0000,14.756074
37.800,25.200,771.0000,18.346671
37.800,25.200,772.0000,1.462197
37.800,25.200,773.0000,7.372646
37.800,25.200,774.0000,6.119520
37.800,25.200,775.0000,9.392402
37.800,25.200,776.0000,8.905236
37.800,25.200,777.0000,14.101777
37.800,25.200,778.0000,15.220125
37.800,25.200,779.0000,13.480724
37.800,25.200,780.0000,22.188639
37.800,25.200,781.0000,21.120346
37.800,25.200,782.0000,16.414684
37.800,25.200,783.0000,21.349941
37.800,25.200,784.0000,22.412005
37.800,25.200,785.0000,20.028104
37.800,25.200,786.0000,17.325511
37.800,25.200,787.0000,23.938138
37.800,25.200,788.0000,47.790671
37.800,25.200,789.0000,53.657661
37.800,25.200,790.0000,62.559710
37.800,25.200,791.0000,67.993515
37.800,25.200,792.0000,67.468751
37.800,25.200,793.0000,65.797216
37.800,25.200,794.0000,84.448774
37.800,25.200,795.0000,93.020227
37.800,25.200,796.0000,98.830646
37.800,25.200,797.0000,86.404328
37.800,25.200,798.0000,84.793964
37.800,25.200,799.0000,62.061779
37.800,25.200,800.0000,50.234542
37.800,25.200,801.0000,41.005778
37.800,25.200,802.0000,28.757810
37.800,25.200,803.0000,41.656626
37.800,25.200,804.0000,33.220083
37.800,25.200,805.0000,33.902700
37.800,25.200,806.0000,17.451181
37.800,25.200,807.0000,6.938713
37.800,25.200,808.0000,14.060551
37.800,25.200,809.0000,17.990234
37.800,25.200,810.0000,0.260290
37.800,25.200,811.0000,5.223285
37.800,25.200,812.0000,-3.857460
37.800,25.200,813.0000,5.522053
37.800,25.200,814.0000,0.994415
37.800,25.200,815.0000,8.482519
37.800,25.200,816.0000,12.421573
37.800,25.200,817.0000,-4.054640
37.800,25.200,818.0000,13.304029
37.800,25.200,819.0000,5.722451
37.800,25.200,820.0000,5.219717
37.800,25.200,821.0000,3.945154
37.800,25.200,822.0000,3.847621
37.800,25.200,823.0000,8.346119
37.800,25.200,824.0000,0.256878
37.800,25.200,825.0000,9.779261
37.800,25.200,826.0000,-7.294044
37.800,25.200,827.0000,4.899225
37.800,25.200,828.0000,6.370657
37.800,25.200,829.0000,1.697823
37.800,25.200,830.0000,7.806910
37.800,25.200,831.0000,4.995590
37.800,25.200,832.0000,-1.774438
37.800,25.200,833.0000,-7.082552
37.800,25.200,834.0000,3.495322
37.800,25.200,835.0000,4.003997
37.800,25.200,836.0000,-6.280431
37.800,25.200,837.0000,1.701838
37.800,25.200,838.0000,2.821493
37.800,25.200,839.0000,-5.002323
37.800,25.200,840.0000,-9.641321
37.800,25.200,841.0000,0.407873
37.800,25.200,842.0000,-0.221702
37.800,25.200,843.0000,6.001597
37.800,25.200,844.0000,9.312676
37.800,25.200,845.0000,22.393403
37.800,25.200,846.0000,-9.228307
37.800,25.200,847.0000,-4.789192
37.800,25.200,848.0000,3.665368
37.800,25.200,849.0000,5.827886
37.800,25.200,850.0000,6.533910
37.800,25.200,851.0000,-12.596372
37.800,25.200,852.0000,5.670949
37.800,25.200,853.0000,-0.835217
37.800,25.200,854.0000,-1.412083
37.800,25.200,855.0000,-1.693186
37.800,25.200,856.0000,2.724804
37.800,25.200,857.0000,5.915145
37.800,25.200,858.0000,3.672366
37.800,25.200,859.0000,8.573584
37.800,25.200,860.0000,5.555117
37.800,25.200,861.0000,-3.245749
37.800,25.200,862.0000,3.538369
37.800,25.200,863.0000,11.652556
37.800,25.200,864.0000,1.364952
37.800,25.200,865.0000,2.204682
37.800,25.200,866.0000,8.894533
37.800,25.200,867.0000,-1.229548
37.800,25.200,868.0000,-0.067164
37.800,25.200,869.0000,-0.363902
37.800,25.200,870.0000,-9.975616
37.800,25.200,871.0000,-3.375605
37.800,25.200,872.0000,-6.664047
37.800,25.200,873.0000,-5.659461
37.800,25.200,874.0000,5.924117
37.800,25.200,875.0000,-4.489710
37.800,25.200,876.0000,0.999205
37.800,25.200,877.0000,-3.443178
37.800,25.200,878.0000,-6.372492
37.800,25.200,879.0000,3.250924
37.800,25.200,880.0000,-2.125527
37.800,25.200,881.0000,-0.293779
37.800,25.200,882.0000,13.036042
37.800,25.200,883.0000,-7.342405
37.800,25.200,884.0000,6.982521
37.800,25.200,885.0000,0.272005
37.800,25.200,886.0000,12.096097
37.800,25.200,887.0000,-3.621320
37.800,25.200,888.0000,0.314581
37.800,25.200,889.0000,-3.654862
37.800,25.200,890.0000,-5.380498
37.800,25.200,891.0000,5.914160
37.800,25.200,892.0000,13.286261
37.800,25.200,893.0000,2.379447
37.800,25.200,894.0000,1.574878
37.800,25.200,895.0000,-0.051282
37.800,25.200,896.0000,4.809401
37.800,25.200,897.0000,5.588456
37.800,25.200,898.0000,0.042527
37.800,25.200,899.0000,0.716975
37.800,25.200,900.0000,1.837278
37.800,25.200,901.0000,-1.253356
37.800,25.200,902.0000,-2.101783
37.800,25.200,903.0000,-1.961193
37.800,25.200,904.0000,-1.358656
37.800,25.200,905.0000,3.833505
37.800,25.200,906.0000,18.240207
37.800,25.200,907.0000,11.911123
37.800,25.200,908.0000,-2.204164
37.800,25.200,909.0000,6.483168
37.800,25.200,910.0000,6.712997
37.800,25.200,911.0000,13.130533
37.800,25.200,912.0000,-2.933828
37.800,25.200,913.0000,-11.308457
37.800,25.200,914.0000,-4.712441
37.800,25.200,915.0000,-1.152077
37.800,25.200,916.0000,5.360753
37.800,25.200,917.0000,11.735812
37.800,25.200,918.0000,-0.541997
37.800,25.200,919.0000,-0.208728
37.800,25.200,920.0000,3.151822
37.800,25.200,921.0000,-5.351750
37.800,25.200,922.0000,10.498340
37.800,25.200,923.0000,-3.567650
37.800,25.200,924.0000,6.246418
37.800,25.200,925.0000,5.019965
37.800,25.200,926.0000,3.937767
37.800,25.200,927.0000,7.531871
37.800,25.200,928.0000,-6.488256
37.800,25.200,929.0000,-3.191022
37.800,25.200,930.0000,1.635490
37.800,25.200,931.0000,0.000221
37.800,25.200,932.0000,5.599947
37.800,25.200,933.0000,0.717507
37.800,25.200,934.0000,-5.986965
37.800,25.200,935.0000,4.711662
37.800,25.200,936.0000,-0.938885
37.800,25.200,937.0000,4.106666
37.800,25.200,938.0000,-5.065770
37.800,25.200,939.0000,6.540179
37.800,25.200,940.0000,-0.841410
37.800,25.200,941.0000,-0.218550
37.800,25.200,942.0000,-2.765020
37.800,25.200,943.0000,11.696031
37.800,25.200,944.0000,3.040594
37.800,25.200,945.0000,-4.621859
37.800,25.200,946.0000,15.223776
37.800,25.200,947.0000,1.645974
37.800,25.200,948.0000,9.282682
37.800,25.200,949.0000,-0.124635
37.800,25.200,950.0000,-3.062500
37.800,25.200,951.0000,-1.802621
37.800,25.200,952.0000,-5.363209
37.800,25.200,953.0000,4.812048
37.800,25.200,954.0000,0.287088
37.800,25.200,955.0000,-5.296525
37.800,25.200,956.0000,-0.934082
37.800,25.200,957.0000,0.900978
37.800,25.200,958.0000,16.610967
37.800,25.200,959.0000,-0.923455
37.800,25.200,960.0000,3.270986
37.800,25.200,961.0000,5.439960
37.800,25.200,962.0000,6.705865
37.800,25.200,963.0000,13.874540
37.800,25.200,964.0000,8.592291
37.800,25.200,965.0000,8.222892
37.800,25.200,966.0000,10.739920
37.800,25.200,967.0000,10.720785
37.800,25.200,968.0000,0.339074
37.800,25.200,969.0000,20.848506
37.800,25.200,970.0000,11.368486
37.800,25.200,971.0000,12.940135
37.800,25.200,972.0000,15.346601
37.800,25.200,973.0000,-0.489925
37.800,25.200,974.0000,8.626562
37.800,25.200,975.0000,9.298611
37.800,25.200,976.0000,10.644930
37.800,25.200,977.0000,16.870906
37.800,25.200,978.0000,4.961977
37.800,25.200,979.0000,21.035015
37.800,25.200,980.0000,10.451601
37.800,25.200,981.0000,25.380973
37.800,25.200,982.0000,21.518289
37.800,25.200,983.0000,29.430988
37.800,25.200,984.0000,20.910502
37.800,25.200,985.0000,42.875127
37.800,25.200,986.0000,41.957221
37.800,25.200,987.0000,36.087952
37.800,25.200,988.0000,37.701775
37.800,25.200,989.0000,54.696065
37.800,25.200,990.0000,60.885198
37.800,25.200,991.0000,83.472499
37.800,25.200,992.0000,90.868376
37.800,25.200,993.0000,108.956717
37.800,25.200,994.0000,154.919603
37.800,25.200,995.0000,186.063629
37.800,25.200,996.0000,242.394926
37.800,25.200,997.0000,328.358380
37.800,25.200,998.0000,451.132356
37.800,25.200,999.0000,622.245686
37.800,25.200,1000.0000,803.785633
37.800,25.200,1001.0000,899.079739
37.800,25.200,1002.0000,810.158755
37.800,25.200,1003.0000,618.605865
37.800,25.200,1004.0000,463.366636
37.800,25.200,1005.0000,332.294584
37.800,25.200,1006.0000,240.500124
37.800,25.200,1007.0000,181.205251
37.800,25.200,1008.0000,148.550529
37.800,25.200,1009.0000,122.537681
37.800,25.200,1010.0000,113.383190
37.800,25.200,1011.0000,80.534766
37.800,25.200,1012.0000,77.837244
37.800,25.200,1013.0000,66.911297
37.800,25.200,1014.0000,50.506717
37.800,25.200,1015.0000,48.112362
37.800,25.200,1016.0000,54.971171
37.800,25.200,1017.0000,45.016949
37.800,25.200,1018.0000,61.643095
37.800,25.200,1019.0000,46.399924
37.800,25.200,1020.0000,54.743724
37.800,25.200,1021.0000,54.725424
37.800,25.200,1022.0000,63.499251
37.800,25.200,1023.0000,69.848805
37.800,25.200,1024.0000,86.090048
37.800,25.200,1025.0000,111.559837
37.800,25.200,1026.0000,141.436583
37.800,25.200,1027.0000,183.705526
37.800,25.200,1028.0000,223.689038
37.800,25.200,1029.0000,293.779424
37.800,25.200,1030.0000,353.474489
37.800,25.200,1031.0000,399.495133
37.800,25.200,1032.0000,351.055393
37.800,25.200,1033.0000,288.301420
37.800,25.200,1034.0000,228.260737
37.800,25.200,1035.0000,173.258838
37.800,25.200,1036.0000,121.062386
37.800,25.200,1037.0000,98.556264
37.800,25.200,1038.0000,84.160114
37.800,25.200,1039.0000,67.781712
37.800,25.200,1040.0000,63.418428
37.800,25.200,1041.0000,43.828871
37.800,25.200,1042.0000,34.640944
37.800,25.200,1043.0000,31.052042
37.800,25.200,1044.0000,24.212324
37.800,25.200,1045.0000,35.527144
37.800,25.200,1046.0000,38.524031
37.800,25.200,1047.0000,13.958225
37.800,25.200,1048.0000,23.750559
37.800,25.200,1049.0000,13.299157
37.800,25.200,1050.0000,20.764477
37.800,25.200,1051.0000,26.145948
37.800,25.200,1052.0000,18.751936
37.800,25.200,1053.0000,2.968417
37.800,25.200,1054.0000,16.873208
37.800,25.200,1055.0000,6.956857
37.800,25.200,1056.0000,20.182512
37.800,25.200,1057.0000,1.830517
37.800,25.200,1058.0000,12.012812
37.800,25.200,1059.0000,11.414222
37.800,25.200,1060.0000,16.632988
37.800,25.200,1061.0000,1.536373
37.800,25.200,1062.0000,9.317624
37.800,25.200,1063.0000,7.140096
37.800,25.200,1064.0000,7.525354
37.800,25.200,1065.0000,6.637591
37.800,25.200,1066.0000,-6.924353
37.800,25.200,1067.0000,15.513914
37.800,25.200,1068.0000,2.691506
37.800,25.200,1069.0000,10.634397
37.800,25.200,1070.0000,-2.737120
37.800,25.200,1071.0000,2.281888
37.800,25.200,1072.0000,-2.609400
37.800,25.200,1073.0000,-13.317910
37.800,25.200,1074.0000,-2.039562
37.800,25.200,1075.0000,13.641265
37.800,25.200,1076.0000,15.308071
37.800,25.200,1077.0000,5.033250
37.800,25.200,1078.0000,14.009682
37.800,25.200,1079.0000,10.029105
37.800,25.200,1080.0000,0.281005
37.800,25.200,1081.0000,4.851420
37.800,25.200,1082.0000,7.228002
37.800,25.200,1083.0000,7.380044
37.800,25.200,1084.0000,-0.737675
37.800,25.200,1085.0000,11.899071
37.800,25.200,1086.0000,11.089450
37.800,25.200,1087.0000,3.738933
37.800,25.200,1088.0000,-0.862922
37.800,25.200,1089.0000,5.854328
37.800,25.200,1090.0000,7.991139
37.800,25.200,1091.0000,8.095082
37.800,25.200,1092.0000,-2.731584
37.800,25.200,1093.0000,9.630375
37.800,25.200,1094.0000,3.991362
37.800,25.200,1095.0000,-1.046773
37.800,25.200,1096.0000,15.930280
37.800,25.200,1097.0000,14.233336
37.800,25.200,1098.0000,-2.654281
37.800,25.200,1099.0000,4.518961
37.800,25.200,1100.0000,-1.515301
37.800,25.200,1101.0000,8.642879
37.800,25.200,1102.0000,-1.709258
37.800,25.200,1103.0000,11.359050
37.800,25.200,1104.0000,11.828019
37.800,25.200,1105.0000,9.415900
37.800,25.200,1106.0000,-8.338319
37.800,25.200,1107.0000,3.588198
37.800,25.200,1108.0000,4.465838
37.800,25.200,1109.0000,3.823805
37.800,25.200,1110.0000,6.629643
37.800,25.200,1111.0000,0.489865
37.800,25.200,1112.0000,4.947743
37.800,25.200,1113.0000,-4.101264
37.800,25.200,1114.0000,12.294456
37.800,25.200,1115.0000,4.425374
37.800,25.200,1116.0000,10.727238
37.800,25.200,1117.0000,4.045945
37.800,25.200,1118.0000,1.507109
37.800,25.200,1119.0000,-2.424994
37.800,25.200,1120.0000,-4.009526
37.800,25.200,1121.0000,2.635186
37.800,25.200,1122.0000,-1.364922
37.800,25.200,1123.0000,9.604250
37.800,25.200,1124.0000,-4.390684
37.800,25.200,1125.0000,12.202693
37.800,25.200,1126.0000,-1.174355
37.800,25.200,1127.0000,9.886658
37.800,25.200,1128.0000,4.139865
37.800,25.200,1129.0000,0.200770
37.800,25.200,1130.0000,0.157256
37.800,25.200,1131.0000,6.151297
37.800,25.200,1132.0000,2.095112
37.800,25.200,1133.0000,7.679310
37.800,25.200,1134.0000,-11.371103
37.800,25.200,1135.0000,3.987036
37.800,25.200,1136.0000,12.321577
37.800,25.200,1137.0000,8.572337
37.800,25.200,1138.0000,13.235971
37.800,25.200,1139.0000,5.372781
37.800,25.200,1140.0000,11.681510
37.800,25.200,1141.0000,15.164704
37.800,25.200,1142.0000,17.681516
37.800,25.200,1143.0000,21.609565
37.800,25.200,1144.0000,15.106414
37.800,25.200,1145.0000,22.004487
37.800,25.200,1146.0000,36.339992
37.800,25.200,1147.0000,38.908128
37.800,25.200,1148.0000,48.942892
37.800,25.200,1149.0000,47.589026
37.800,25.200,1150.0000,63.544499
37.800,25.200,1151.0000,86.472153
37.800,25.200,1152.0000,95.921357
37.800,25.200,1153.0000,110.145019
37.800,25.200,1154.0000,128.269035
37.800,25.200,1155.0000,131.743443
37.800,25.200,1156.0000,116.135372
37.800,25.200,1157.0000,114.988281
37.800,25.200,1158.0000,92.716343
37.800,25.200,1159.0000,78.487596
37.800,25.200,1160.0000,64.047328
37.800,25.200,1161.0000,41.662435
37.800,25.200,1162.0000,48.123493
37.800,25.200,1163.0000,52.739481
37.800,25.200,1164.0000,33.254344
37.800,25.200,1165.0000,33.145884
37.800,25.200,1166.0000,20.799847
37.800,25.200,1167.0000,16.179043
37.800,25.200,1168.0000,30.560157
37.800,25.200,1169.0000,26.573228
37.800,25.200,1170.0000,31.738068
37.800,25.200,1171.0000,25.855230
37.800,25.200,1172.0000,20.301027
37.800,25.200,1173.0000,22.502094
37.800,25.200,1174.0000,31.684215
37.800,25.200,1175.0000,24.506806
37.800,25.200,1176.0000,45.935921
37.800,25.200,1177.0000,34.080886
37.800,25.200,1178.0000,57.717299
37.800,25.200,1179.0000,69.516481
37.800,25.200,1180.0000,83.105991
37.800,25.200,1181.0000,102.505911
37.800,25.200,1182.0000,120.335765
37.800,25.200,1183.0000,108.018577
37.800,25.200,1184.0000,106.424369
37.800,25.200,1185.0000,98.808018
37.800,25.200,1186.0000,75.035933
37.800,25.200,1187.0000,68.428729
37.800,25.200,1188.0000,47.159230
37.800,25.200,1189.0000,43.099293
37.800,25.200,1190.0000,40.514157
37.800,25.200,1191.0000,24.997400
37.800,25.200,1192.0000,29.656911
37.800,25.200,1193.0000,28.961219
37.800,25.200,1194.0000,23.198905
37.800,25.200,1195.0000,20.671922
37.800,25.200,1196.0000,16.067889
37.800,25.200,1197.0000,12.679844
37.800,25.200,1198.0000,8.000100
37.800,25.200,1199.0000,10.271086
37.800,25.200,1200.0000,4.845057
37.800,25.200,1201.0000,8.955918
37.800,25.200,1202.0000,8.606146
37.800,25.200,1203.0000,11.332217
37.800,25.200,1204.0000,5.581063
37.800,25.200,1205.0000,3.057949
37.800,25.200,1206.0000,5.819183
37.800,25.200,1207.0000,-1.444210
37.800,25.200,1208.0000,-3.402999
37.800,25.200,1209.0000,4.118922
37.800,25.200,1210.0000,-9.828684
37.800,25.200,1211.0000,6.943617
37.800,25.200,1212.0000,1.114246
37.800,25.200,1213.0000,13.578805
37.800,25.200,1214.0000,-0.368529
37.800,25.200,1215.0000,1.000847
37.800,25.200,1216.0000,-5.283264
37.800,25.200,1217.0000,8.376871
37.800,25.200,1218.0000,2.175746
37.800,25.200,1219.0000,6.323862
37.800,25.200,1220.0000,8.662460
37.800,25.200,1221.0000,5.906333
37.800,25.200,1222.0000,-6.437381
37.800,25.200,1223.0000,-2.431976
37.800,25.200,1224.0000,3.401346
37.800,25.200,1225.0000,-0.937287
37.800,25.200,1226.0000,9.014357
37.800,25.200,1227.0000,6.296926
37.800,25.200,1228.0000,5.774100
37.800,25.200,1229.0000,2.275773
37.800,25.200,1230.0000,4.966604
37.800,25.200,1231.0000,5.230287
37.800,25.200,1232.0000,-1.857373
37.800,25.200,1233.0000,-2.267892
37.800,25.200,1234.0000,-1.320957
37.800,25.200,1235.0000,8.503387
37.800,25.200,1236.0000,-1.195076
37.800,25.200,1237.0000,1.575862
37.800,25.200,1238.0000,14.388328
37.800,25.200,1239.0000,2.327703
37.800,25.200,1240.0000,-8.903040
37.800,25.200,1241.0000,-0.651155
37.800,25.200,1242.0000,3.865813
37.800,25.200,1243.0000,2.221631
37.800,25.200,1244.0000,0.407273
37.800,25.200,1245.0000,18.317048
37.800,25.200,1246.0000,-3.946465
37.800,25.200,1247.0000,12.377516
37.800,25.200,1248.0000,7.120482
37.800,25.200,1249.0000,-4.060887
37.800,25.200,1250.0000,6.372476
37.800,25.200,1251.0000,1.852458
37.800,25.200,1252.0000,-7.421631
37.800,25.200,1253.0000,7.880777
37.800,25.200,1254.0000,3.102977
37.800,25.200,1255.0000,-0.515589
37.800,25.200,1256.0000,12.020819
37.800,25.200,1257.0000,11.230654
37.800,25.200,1258.0000,8.372492
37.800,25.200,1259.0000,6.775010
37.800,25.200,1260.0000,-0.509087
37.800,25.200,1261.0000,-0.773538
37.800,25.200,1262.0000,6.156167
37.800,25.200,1263.0000,-2.591061
37.800,25.200,1264.0000,2.344786
37.800,25.200,1265.0000,-3.990164
37.800,25.200,1266.0000,-2.403506
37.800,25.200,1267.0000,9.668491
37.800,25.200,1268.0000,4.832104
37.800,25.200,1269.0000,16.179016
37.800,25.200,1270.0000,-0.934717
37.800,25.200,1271.0000,3.241583
37.800,25.200,1272.0000,9.294881
37.800,25.200,1273.0000,-0.790691
37.800,25.200,1274.0000,-0.740425
37.800,25.200,1275.0000,0.499003
37.800,25.200,1276.0000,7.481010
37.800,25.200,1277.0000,2.421337
37.800,25.200,1278.0000,1.539837
37.800,25.200,1279.0000,4.125107
37.800,25.200,1280.0000,1.527913
37.800,25.200,1281.0000,-4.958556
37.800,25.200,1282.0000,6.739820
37.800,25.200,1283.0000,7.735540
37.800,25.200,1284.0000,1.058935
37.800,25.200,1285.0000,5.010588
37.800,25.200,1286.0000,-0.839907
37.800,25.200,1287.0000,-6.883698
37.800,25.200,1288.0000,4.247469
37.800,25.200,1289.0000,3.336183
37.800,25.200,1290.0000,-0.439618
37.800,25.200,1291.0000,3.678224
37.800,25.200,1292.0000,0.881988
37.800,25.200,1293.0000,8.260627
37.800,25.200,1294.0000,5.601400
37.800,25.200,1295.0000,-2.067686
37.800,25.200,1296.0000,-6.745214
37.800,25.200,1297.0000,-4.316605
37.800,25.200,1298.0000,0.674897
37.800,25.200,1299.0000,7.094785
37.800,25.200,1300.0000,11.991948
37.800,25.200,1301.0000,-4.420619
37.800,25.200,1302.0000,1.177398
37.800,25.200,1303.0000,-3.796647
37.800,25.200,1304.0000,-11.843284
37.800,25.200,1305.0000,-8.112216
37.800,25.200,1306.0000,0.246290
37.800,25.200,1307.0000,12.593317
37.800,25.200,1308.0000,-8.880127
37.800,25.200,1309.0000,-2.095028
37.800,25.200,1310.0000,5.699912
37.800,25.200,1311.0000,-4.687072
37.800,25.200,1312.0000,-7.184614
37.800,25.200,1313.0000,3.615409
37.800,25.200,1314.0000,4.962821
37.800,25.200,1315.0000,-6.240755
37.800,25.200,1316.0000,-7.304168
37.800,25.200,1317.0000,-0.605277
37.800,25.200,1318.0000,10.677510
37.800,25.200,1319.0000,6.074494
37.800,25.200,1320.0000,-8.243763
37.800,25.200,1321.0000,-4.408570
37.800,25.200,1322.0000,1.912819
37.800,25.200,1323.0000,1.149711
37.800,25.200,1324.0000,8.147927
37.800,25.200,1325.0000,4.689390
37.800,25.200,1326.0000,1.004778
37.800,25.200,1327.0000,7.521210
37.800,25.200,1328.0000,-4.491936
37.800,25.200,1329.0000,3.378625
37.800,25.200,1330.0000,-7.440552
37.800,25.200,1331.0000,3.681838
37.800,25.200,1332.0000,-5.516200
37.800,25.200,1333.0000,6.616464
37.800,25.200,1334.0000,-4.086450
37.800,25.200,1335.0000,7.205220
37.800,25.200,1336.0000,-1.298893
37.800,25.200,1337.0000,-2.749853
37.800,25.200,1338.0000,-3.851412
37.800,25.200,1339.0000,-6.727768
37.800,25.200,1340.0000,13.442728
37.800,25.200,1341.0000,8.920003
37.800,25.200,1342.0000,-1.082647
37.800,25.200,1343.0000,2.532395
37.800,25.200,1344.0000,1.865227
37.800,25.200,1345.0000,1.006770
37.800,25.200,1346.0000,-5.836404
37.800,25.200,1347.0000,4.177310
37.800,25.200,1348.0000,3.595640
37.800,25.200,1349.0000,4.581080
37.800,25.200,1350.0000,-1.452901
37.800,25.200,1351.0000,3.763063
37.800,25.200,1352.0000,-8.218869
37.800,25.200,1353.0000,10.669566
37.800,25.200,1354.0000,0.311702
37.800,25.200,1355.0000,7.183789
37.800,25.200,1356.0000,0.856589
37.800,25.200,1357.0000,-2.121500
37.800,25.200,1358.0000,-6.182229
37.800,25.200,1359.0000,-4.507697
37.800,25.200,1360.0000,-0.454828
37.800,25.200,1361.0000,3.538639
37.800,25.200,1362.0000,2.573678
37.800,25.200,1363.0000,-1.971610
37.800,25.200,1364.0000,-8.157070
37.800,25.200,1365.0000,8.497044
37.800,25.200,1366.0000,-7.798281
37.800,25.200,1367.0000,1.922545
37.800,25.200,1368.0000,-3.802966
37.800,25.200,1369.0000,-4.333867
37.800,25.200,1370.0000,-0.506873
37.800,25.200,1371.0000,-5.843000
37.800,25.200,1372.0000,9.636967
37.800,25.200,1373.0000,4.830924
37.800,25.200,1374.0000,9.626407
37.800,25.200,1375.0000,-10.281343
37.800,25.200,1376.0000,-4.589470
37.800,25.200,1377.0000,10.025131
37.800,25.200,1378.0000,9.948839
37.800,25.200,1379.0000,-5.847500
37.800,25.200,1380.0000,4.793003
37.800,25.200,1381.0000,11.441986
37.800,25.200,1382.0000,-2.812092
37.800,25.200,1383.0000,-4.437009
37.800,25.200,1384.0000,8.648267
37.800,25.200,1385.0000,5.489556
37.800,25.200,1386.0000,-1.003909
37.800,25.200,1387.0000,-1.473935
37.800,25.200,1388.0000,-0.297435
37.800,25.200,1389.0000,5.493750
37.800,25.200,1390.0000,-1.678858
37.800,25.200,1391.0000,-6.183979
37.800,25.200,1392.0000,8.752888
37.800,25.200,1393.0000,0.954197
37.800,25.200,1394.0000,3.051571
37.800,25.200,1395.0000,-3.218940
37.800,25.200,1396.0000,2.761912
37.800,25.200,1397.0000,-3.449631
37.800,25.200,1398.0000,-4.322669
37.800,25.200,1399.0000,5.034747
37.800,25.200,1400.0000,-1.796219
37.800,25.200,1401.0000,10.317434
37.800,25.200,1402.0000,6.112395
37.800,25.200,1403.0000,-5.005384
37.800,25.200,1404.0000,4.973498
37.800,25.200,1405.0000,3.912302
37.800,25.200,1406.0000,4.600280
37.800,25.200,1407.0000,11.404259
37.800,25.200,1408.0000,7.831924
37.800,25.200,1409.0000,6.661625
37.800,25.200,1410.0000,15.099842
37.800,25.200,1411.0000,8.173854
37.800,25.200,1412.0000,3.515583
37.800,25.200,1413.0000,9.101194
37.800,25.200,1414.0000,0.219487
37.800,25.200,1415.0000,9.708226
37.800,25.200,1416.0000,-2.525687
37.800,25.200,1417.0000,9.555302
37.800,25.200,1418.0000,16.221839
37.800,25.200,1419.0000,5.437143
37.800,25.200,1420.0000,16.608412
37.800,25.200,1421.0000,14.800259
37.800,25.200,1422.0000,12.787699
37.800,25.200,1423.0000,14.082969
37.800,25.200,1424.0000,8.383564
37.800,25.200,1425.0000,11.698519
37.800,25.200,1426.0000,9.791812
37.800,25.200,1427.0000,12.495255
37.800,25.200,1428.0000,22.427998
37.800,25.200,1429.0000,18.754999
37.800,25.200,1430.0000,15.208203
37.800,25.200,1431.0000,24.985849
37.800,25.200,1432.0000,32.068948
37.800,25.200,1433.0000,24.038571
37.800,25.200,1434.0000,34.660905
37.800,25.200,1435.0000,38.309104
37.800,25.200,1436.0000,48.876133
37.800,25.200,1437.0000,40.005472
37.800,25.200,1438.0000,41.644793
37.800,25.200,1439.0000,62.000707
37.800,25.200,1440.0000,64.075066
37.800,25.200,1441.0000,63.721161
37.800,25.200,1442.0000,84.021249
37.800,25.200,1443.0000,99.265118
37.800,25.200,1444.0000,122.549741
37.800,25.200,1445.0000,136.774312
37.800,25.200,1446.0000,157.369828
37.800,25.200,1447.0000,163.602323
37.800,25.200,1448.0000,186.846372
37.800,25.200,1449.0000,202.642015
37.800,25.200,1450.0000,195.983552
37.800,25.200,1451.0000,202.082427
37.800,25.200,1452.0000,191.178525
37.800,25.200,1453.0000,164.095376
37.800,25.200,1454.0000,149.107538
37.800,25.200,1455.0000,131.770464
37.800,25.200,1456.0000,123.288123
37.800,25.200,1457.0000,93.696651
37.800,25.200,1458.0000,81.575699
37.800,25.200,1459.0000,75.796917
37.800,25.200,1460.0000,67.836132
37.800,25.200,1461.0000,62.805166
37.800,25.200,1462.0000,49.856547
37.800,25.200,1463.0000,37.418532
37.800,25.200,1464.0000,39.025448
37.800,25.200,1465.0000,30.967065
37.800,25.200,1466.0000,32.279762
37.800,25.200,1467.0000,28.873814
37.800,25.200,1468.0000,26.075651
37.800,25.200,1469.0000,17.334794
37.800,25.200,1470.0000,32.405504
37.800,25.200,1471.0000,26.139813
37.800,25.200,1472.0000,17.127393
37.800,25.200,1473.0000,30.306028
37.800,25.200,1474.0000,26.030913
37.800,25.200,1475.0000,5.153372
37.800,25.200,1476.0000,27.079242
37.800,25.200,1477.0000,21.245788
37.800,25.200,1478.0000,17.798567
37.800,25.200,1479.0000,13.571769
37.800,25.200,1480.0000,10.219370
37.800,25.200,1481.0000,5.649161
37.800,25.200,1482.0000,4.557981
37.800,25.200,1483.0000,12.716034
37.800,25.200,1484.0000,7.500800
37.800,25.200,1485.0000,9.066034
37.800,25.200,1486.0000,-0.767431
37.800,25.200,1487.0000,7.702326
37.800,25.200,1488.0000,5.723243
37.800,25.200,1489.0000,-3.995337
37.800,25.200,1490.0000,0.707988
37.800,25.200,1491.0000,0.615153
37.800,25.200,1492.0000,6.072856
37.800,25.200,1493.0000,4.098677
37.800,25.200,1494.0000,9.545572
37.800,25.200,1495.0000,8.372395
37.800,25.200,1496.0000,6.523562
37.800,25.200,1497.0000,11.987840
37.800,25.200,1498.0000,6.846670
37.800,25.200,1499.0000,-4.946890
37.800,25.200,1500.0000,4.410476
37.800,25.200,1501.0000,6.567158
37.800,25.200,1502.0000,0.545733
37.800,25.200,1503.0000,-3.292442
37.800,25.200,1504.0000,-0.304824
37.800,25.200,1505.0000,3.999046
37.800,25.200,1506.0000,2.979139
37.800,25.200,1507.0000,13.250344
37.800,25.200,1508.0000,-0.915600
37.800,25.200,1509.0000,3.995522
37.800,25.200,1510.0000,-3.211455
37.800,25.200,1511.0000,0.463015
37.800,25.200,1512.0000,6.305424
37.800,25.200,1513.0000,4.636701
37.800,25.200,1514.0000,2.075794
37.800,25.200,1515.0000,1.569743
37.800,25.200,1516.0000,7.801421
37.800,25.200,1517.0000,14.681692
37.800,25.200,1518.0000,0.828512
37.800,25.200,1519.0000,0.963317
37.800,25.200,1520.0000,-6.264839
37.800,25.200,1521.0000,4.757327
37.800,25.200,1522.0000,13.327941
37.800,25.200,1523.0000,7.472657
37.800,25.200,1524.0000,5.376861
37.800,25.200,1525.0000,5.327381
37.800,25.200,1526.0000,12.511988
37.800,25.200,1527.0000,8.964304
37.800,25.200,1528.0000,-4.615900
37.800,25.200,1529.0000,4.414675
37.800,25.200,1530.0000,0.618331
37.800,25.200,1531.0000,9.767621
37.800,25.200,1532.0000,-1.734696
37.800,25.200,1533.0000,-4.931871
37.800,25.200,1534.0000,8.705145
37.800,25.200,1535.0000,9.504500
37.800,25.200,1536.0000,3.800639
37.800,25.200,1537.0000,3.081811
37.800,25.200,1538.0000,5.683361
37.800,25.200,1539.0000,3.272752
37.800,25.200,1540.0000,16.399304
37.800,25.200,1541.0000,0.796787
37.800,25.200,1542.0000,7.231170
37.800,25.200,1543.0000,8.048765
37.800,25.200,1544.0000,4.767801
37.800,25.200,1545.0000,5.807359
37.800,25.200,1546.0000,3.319688
37.800,25.200,1547.0000,13.877296
37.800,25.200,1548.0000,7.648384
37.800,25.200,1549.0000,9.218319
37.800,25.200,1550.0000,11.201861
37.800,25.200,1551.0000,2.882563
37.800,25.200,1552.0000,12.023805
37.800,25.200,1553.0000,17.279134
37.800,25.200,1554.0000,17.874228
37.800,25.200,1555.0000,11.684159
37.800,25.200,1556.0000,18.565217
37.800,25.200,1557.0000,5.370704
37.800,25.200,1558.0000,6.877883
37.800,25.200,1559.0000,13.611206
37.800,25.200,1560.0000,10.745600
37.800,25.200,1561.0000,24.129626
37.800,25.200,1562.0000,18.968374
37.800,25.200,1563.0000,7.650808
37.800,25.200,1564.0000,15.166511
37.800,25.200,1565.0000,22.657888
37.800,25.200,1566.0000,23.716111
37.800,25.200,1567.0000,27.460361
37.800,25.200,1568.0000,27.915927
37.800,25.200,1569.0000,36.710811
37.800,25.200,1570.0000,26.317191
37.800,25.200,1571.0000,32.196292
37.800,25.200,1572.0000,40.867030
37.800,25.200,1573.0000,58.620384
37.800,25.200,1574.0000,54.274804
37.800,25.200,1575.0000,67.345844
37.800,25.200,1576.0000,81.294322
37.800,25.200,1577.0000,80.353112
37.800,25.200,1578.0000,108.282280
37.800,25.200,1579.0000,126.314116
37.800,25.200,1580.0000,139.240170
37.800,25.200,1581.0000,178.358177
37.800,25.200,1582.0000,197.843409
37.800,25.200,1583.0000,203.776518
37.800,25.200,1584.0000,192.765718
37.800,25.200,1585.0000,178.045713
37.800,25.200,1586.0000,164.958954
37.800,25.200,1587.0000,157.862991
37.800,25.200,1588.0000,126.371205
37.800,25.200,1589.0000,116.642206
37.800,25.200,1590.0000,115.679657
37.800,25.200,1591.0000,104.064048
37.800,25.200,1592.0000,124.840922
37.800,25.200,1593.0000,132.992391
37.800,25.200,1594.0000,150.381190
37.800,25.200,1595.0000,159.087414
37.800,25.200,1596.0000,189.076663
37.800,25.200,1597.0000,233.117498
37.800,25.200,1598.0000,293.747410
37.800,25.200,1599.0000,368.572334
37.800,25.200,1600.0000,453.699123
37.800,25.200,1601.0000,540.323008
37.800,25.200,1602.0000,557.167102
37.800,25.200,1603.0000,524.552633
37.800,25.200,1604.0000,457.105224
37.800,25.200,1605.0000,365.151162
37.800,25.200,1606.0000,289.557096
37.800,25.200,1607.0000,233.107130
37.800,25.200,1608.0000,183.544094
37.800,25.200,1609.0000,148.521151
37.800,25.200,1610.0000,117.302605
37.800,25.200,1611.0000,96.989244
37.800,25.200,1612.0000,75.348728
37.800,25.200,1613.0000,70.712385
37.800,25.200,1614.0000,55.621234
37.800,25.200,1615.0000,50.148788
37.800,25.200,1616.0000,42.942753
37.800,25.200,1617.0000,34.904297
37.800,25.200,1618.0000,37.858982
37.800,25.200,1619.0000,42.710266
37.800,25.200,1620.0000,36.231048
37.800,25.200,1621.0000,22.139413
37.800,25.200,1622.0000,26.752180
37.800,25.200,1623.0000,14.999180
37.800,25.200,1624.0000,22.246072
37.800,25.200,1625.0000,22.150703
37.800,25.200,1626.0000,17.750118
37.800,25.200,1627.0000,24.375072
37.800,25.200,1628.0000,21.254417
37.800,25.200,1629.0000,21.372158
37.800,25.200,1630.0000,8.540613
37.800,25.200,1631.0000,19.657953
37.800,25.200,1632.0000,5.670327
37.800,25.200,1633.0000,8.725008
37.800,25.200,1634.0000,15.760823
37.800,25.200,1635.0000,18.071392
37.800,25.200,1636.0000,6.470732
37.800,25.200,1637.0000,11.120083
37.800,25.200,1638.0000,11.710942
37.800,25.200,1639.0000,5.202193
37.800,25.200,1640.0000,9.454985
37.800,25.200,1641.0000,12.459097
37.800,25.200,1642.0000,11.737453
37.800,25.200,1643.0000,7.587572
37.800,25.200,1644.0000,8.862082
37.800,25.200,1645.0000,7.429490
37.800,25.200,1646.0000,9.255598
37.800,25.200,1647.0000,-4.113100
37.800,25.200,1648.0000,-0.303664
37.800,25.200,1649.0000,3.407414
37.800,25.200,1650.0000,9.220084
37.800,25.200,1651.0000,1.304011
37.800,25.200,1652.0000,16.899570
37.800,25.200,1653.0000,11.266834
37.800,25.200,1654.0000,6.454452
37.800,25.200,1655.0000,3.189970
37.800,25.200,1656.0000,9.289880
37.800,25.200,1657.0000,0.012401
37.800,25.200,1658.0000,1.034395
37.800,25.200,1659.0000,3.512760
37.800,25.200,1660.0000,-7.402071
37.800,25.200,1661.0000,12.264544
37.800,25.200,1662.0000,13.358309
37.800,25.200,1663.0000,6.342096
37.800,25.200,1664.0000,6.248459
37.800,25.200,1665.0000,5.653097
37.800,25.200,1666.0000,9.347324
37.800,25.200,1667.0000,11.219707
37.800,25.200,1668.0000,11.920740
37.800,25.200,1669.0000,-1.105005
37.800,25.200,1670.0000,7.496559
37.800,25.200,1671.0000,-8.740929
37.800,25.200,1672.0000,9.359498
37.800,25.200,1673.0000,-9.314943
37.800,25.200,1674.0000,3.992968
37.800,25.200,1675.0000,7.947142
37.800,25.200,1676.0000,1.457747
37.800,25.200,1677.0000,5.506403
37.800,25.200,1678.0000,9.522651
37.800,25.200,1679.0000,-0.487248
37.800,25.200,1680.0000,-1.946936
37.800,25.200,1681.0000,-3.888097
37.800,25.200,1682.0000,7.051195
37.800,25.200,1683.0000,11.797722
37.800,25.200,1684.0000,6.068399
37.800,25.200,1685.0000,-3.564076
37.800,25.200,1686.0000,0.361580
37.800,25.200,1687.0000,-2.803127
37.800,25.200,1688.0000,-4.880215
37.800,25.200,1689.0000,-4.067434
37.800,25.200,1690.0000,-8.239172
37.800,25.200,1691.0000,5.747250
37.800,25.200,1692.0000,0.558211
37.800,25.200,1693.0000,2.244548
37.800,25.200,1694.0000,-6.545658
37.800,25.200,1695.0000,-3.590892
37.800,25.200,1696.0000,0.041654
37.800,25.200,1697.0000,4.837319
37.800,25.200,1698.0000,3.858707
37.800,25.200,1699.0000,10.037822
37.800,25.200,1700.0000,5.484771
37.800,25.200,1701.0000,-0.583476
37.800,25.200,1702.0000,11.990446
37.800,25.200,1703.0000,-4.120279
37.800,25.200,1704.0000,8.114225
37.800,25.200,1705.0000,-5.149930
37.800,25.200,1706.0000,-4.353327
37.800,25.200,1707.0000,7.480006
37.800,25.200,1708.0000,6.641156
37.800,25.200,1709.0000,-3.821298
37.800,25.200,1710.0000,-3.814553
37.800,25.200,1711.0000,5.512027
37.800,25.200,1712.0000,9.617411
37.800,25.200,1713.0000,-4.752703
37.800,25.200,1714.0000,6.365673
37.800,25.200,1715.0000,-5.420492
37.800,25.200,1716.0000,-3.359296
37.800,25.200,1717.0000,2.407504
37.800,25.200,1718.0000,4.708086
37.800,25.200,1719.0000,12.454723
37.800,25.200,1720.0000,-0.486942
37.800,25.200,1721.0000,-4.366129
37.800,25.200,1722.0000,-4.410445
37.800,25.200,1723.0000,-0.014351
37.800,25.200,1724.0000,4.135730
37.800,25.200,1725.0000,-6.691693
37.800,25.200,1726.0000,0.448178
37.800,25.200,1727.0000,0.564658
37.800,25.200,1728.0000,-4.744536
37.800,25.200,1729.0000,-1.727980
37.800,25.200,1730.0000,-3.547340
37.800,25.200,1731.0000,6.387009
37.800,25.200,1732.0000,-8.388861
37.800,25.200,1733.0000,9.194859
37.800,25.200,1734.0000,17.784233
37.800,25.200,1735.0000,14.182385
37.800,25.200,1736.0000,1.055071
37.800,25.200,1737.0000,4.194569
37.800,25.200,1738.0000,-0.768642
37.800,25.200,1739.0000,-8.063866
37.800,25.200,1740.0000,-1.324105
37.800,25.200,1741.0000,-5.161535
37.800,25.200,1742.0000,7.656451
37.800,25.200,1743.0000,2.925931
37.800,25.200,1744.0000,-8.484668
37.800,25.200,1745.0000,11.548925
37.800,25.200,1746.0000,2.801755
37.800,25.200,1747.0000,6.144377
37.800,25.200,1748.0000,-1.064656
37.800,25.200,1749.0000,-0.094110
37.800,25.200,1750.0000,5.343026
37.800,25.200,1751.0000,9.018619
37.800,25.200,1752.0000,4.754011
37.800,25.200,1753.0000,2.468212
37.800,25.200,1754.0000,-3.821405
37.800,25.200,1755.0000,5.761590
37.800,25.200,1756.0000,-1.033978
37.800,25.200,1757.0000,8.460134
37.800,25.200,1758.0000,14.106441
37.800,25.200,1759.0000,-5.962105
37.800,25.200,1760.0000,4.353324
37.800,25.200,1761.0000,1.152470
37.800,25.200,1762.0000,6.281345
37.800,25.200,1763.0000,1.514292
37.800,25.200,1764.0000,8.087607
37.800,25.200,1765.0000,6.582274
37.800,25.200,1766.0000,-7.340271
37.800,25.200,1767.0000,1.421038
37.800,25.200,1768.0000,-1.943573
37.800,25.200,1769.0000,7.421692
37.800,25.200,1770.0000,-3.346622
37.800,25.200,1771.0000,0.712332
37.800,25.200,1772.0000,2.845745
37.800,25.200,1773.0000,-7.512827
37.800,25.200,1774.0000,0.590020
37.800,25.200,1775.0000,-5.889112
37.800,25.200,1776.0000,3.750055
37.800,25.200,1777.0000,-3.085050
37.800,25.200,1778.0000,0.122315
37.800,25.200,1779.0000,6.271168
37.800,25.200,1780.0000,-5.819298
37.800,25.200,1781.0000,2.529160
37.800,25.200,1782.0000,-6.921500
37.800,25.200,1783.0000,6.696024
37.800,25.200,1784.0000,6.450557
37.800,25.200,1785.0000,5.782629
37.800,25.200,1786.0000,-1.341330
37.800,25.200,1787.0000,-4.299926
37.800,25.200,1788.0000,-5.891671
37.800,25.200,1789.0000,-3.502804
37.800,25.200,1790.0000,-5.543227
37.800,25.200,1791.0000,17.290612
37.800,25.200,1792.0000,-4.557713
37.800,25.200,1793.0000,8.375846
37.800,25.200,1794.0000,-9.107623
37.800,25.200,1795.0000,19.927538
37.800,25.200,1796.0000,-7.310824
37.800,25.200,1797.0000,2.155818
37.800,25.200,1798.0000,8.428467
37.800,25.200,1799.0000,3.995980
37.800,25.200,1800.0000,-2.986212
37.800,25.200,1801.0000,2.970679
37.800,25.200,1802.0000,-0.934407
37.800,25.200,1803.0000,9.847588
37.800,25.200,1804.0000,8.394683
37.800,25.200,1805.0000,-9.142936
37.800,25.200,1806.0000,11.476833
37.800,25.200,1807.0000,1.616017
37.800,25.200,1808.0000,-6.539895
37.800,25.200,1809.0000,-0.118912
37.800,25.200,1810.0000,0.384130
37.800,25.200,1811.0000,2.161981
37.800,25.200,1812.0000,7.733410
37.800,25.200,1813.0000,-4.001284
37.800,25.200,1814.0000,3.815896
37.800,25.200,1815.0000,0.075948
37.800,25.200,1816.0000,-3.344863
37.800,25.200,1817.0000,2.670078
37.800,25.200,1818.0000,5.543358
37.800,25.200,1819.0000,4.012687
37.800,25.200,1820.0000,3.571673
37.800,25.200,1821.0000,-18.622325
37.800,25.200,1822.0000,16.575288
37.800,25.200,1823.0000,-7.138890
37.800,25.200,1824.0000,5.162293
37.800,25.200,1825.0000,2.714746
37.800,25.200,1826.0000,3.645427
37.800,25.200,1827.0000,3.633293
37.800,25.200,1828.0000,5.700567
37.800,25.200,1829.0000,9.603956
37.800,25.200,1830.0000,-0.147351
37.800,25.200,1831.0000,0.858932
37.800,25.200,1832.0000,4.521346
37.800,25.200,1833.0000,-5.225981
37.800,25.200,1834.0000,-0.087553
37.800,25.200,1835.0000,1.560040
37.800,25.200,1836.0000,5.993384
37.800,25.200,1837.0000,-4.539344
37.800,25.200,1838.0000,-5.773576
37.800,25.200,1839.0000,2.830721
37.800,25.200,1840.0000,4.543231
37.800,25.200,1841.0000,-2.380673
37.800,25.200,1842.0000,-14.541453
37.800,25.200,1843.0000,0.998769
37.800,25.200,1844.0000,0.328963
37.800,25.200,1845.0000,-5.627554
37.800,25.200,1846.0000,0.050674
37.800,25.200,1847.0000,7.801628
37.800,25.200,1848.0000,-9.935972
37.800,25.200,1849.0000,4.850587
37.800,25.200,1850.0000,1.406739
37.800,25.200,1851.0000,6.316941
37.800,25.200,1852.0000,1.945344
37.800,25.200,1853.0000,2.149198
37.800,25.200,1854.0000,-0.493780
37.800,25.200,1855.0000,0.907578
37.800,25.200,1856.0000,1.550467
37.800,25.200,1857.0000,1.597362
37.800,25.200,1858.0000,-5.495765
37.800,25.200,1859.0000,-0.920191
37.800,25.200,1860.0000,1.821630
37.800,25.200,1861.0000,-4.891018
37.800,25.200,1862.0000,3.070116
37.800,25.200,1863.0000,10.577239
37.800,25.200,1864.0000,-3.731668
37.800,25.200,1865.0000,-2.099977
37.800,25.200,1866.0000,8.425424
37.800,25.200,1867.0000,-2.528343
37.800,25.200,1868.0000,5.590545
37.800,25.200,1869.0000,3.847483
37.800,25.200,1870.0000,-7.266958
37.800,25.200,1871.0000,5.275496
37.800,25.200,1872.0000,7.185992
37.800,25.200,1873.0000,7.334525
37.800,25.200,1874.0000,-8.103389
37.800,25.200,1875.0000,-2.199098
37.800,25.200,1876.0000,-11.767468
37.800,25.200,1877.0000,1.168092
37.800,25.200,1878.0000,-9.328461
37.800,25.200,1879.0000,5.116560
37.800,25.200,1880.0000,-3.932012
37.800,25.200,1881.0000,-6.372680
37.800,25.200,1882.0000,-9.453074
37.800,25.200,1883.0000,5.645660
37.800,25.200,1884.0000,4.544404
37.800,25.200,1885.0000,1.789083
37.800,25.200,1886.0000,1.993982
37.800,25.200,1887.0000,8.035449
37.800,25.200,1888.0000,3.172457
37.800,25.200,1889.0000,10.336818
37.800,25.200,1890.0000,-2.803120
37.800,25.200,1891.0000,-3.252441
37.800,25.200,1892.0000,-0.402027
37.800,25.200,1893.0000,-8.300275
37.800,25.200,1894.0000,-11.718030
37.800,25.200,1895.0000,3.491439
37.800,25.200,1896.0000,-4.344099
37.800,25.200,1897.0000,-4.676873
37.800,25.200,1898.0000,-0.202884
37.800,25.200,1899.0000,-9.789207
37.800,25.200,1900.0000,-4.301730
37.800,25.200,1901.0000,7.724867
37.800,25.200,1902.0000,2.658782
37.800,25.200,1903.0000,7.134250
37.800,25.200,1904.0000,4.504822
37.800,25.200,1905.0000,-2.964424
37.800,25.200,1906.0000,4.746603
37.800,25.200,1907.0000,-7.284255
37.800,25.200,1908.0000,-5.687785
37.800,25.200,1909.0000,-0.855475
37.800,25.200,1910.0000,4.478364
37.800,25.200,1911.0000,-3.880783
37.800,25.200,1912.0000,-0.451914
37.800,25.200,1913.0000,8.845998
37.800,25.200,1914.0000,3.694808
37.800,25.200,1915.0000,0.467534
37.800,25.200,1916.0000,3.148491
37.800,25.200,1917.0000,-7.646036
37.800,25.200,1918.0000,-10.853170
37.800,25.200,1919.0000,1.629226
37.800,25.200,1920.0000,-8.321844
37.800,25.200,1921.0000,0.748156
37.800,25.200,1922.0000,3.452945
37.800,25.200,1923.0000,0.648463
37.800,25.200,1924.0000,-3.896334
37.800,25.200,1925.0000,4.605578
37.800,25.200,1926.0000,2.796896
37.800,25.200,1927.0000,0.670514
37.800,25.200,1928.0000,-5.796392
37.800,25.200,1929.0000,3.458051
37.800,25.200,1930.0000,4.109530
37.800,25.200,1931.0000,0.989125
37.800,25.200,1932.0000,-8.249928
37.800,25.200,1933.0000,5.157508
37.800,25.200,1934.0000,1.176845
37.800,25.200,1935.0000,5.391092
37.800,25.200,1936.0000,-1.820771
37.800,25.200,1937.0000,15.932694
37.800,25.200,1938.0000,8.823809
37.800,25.200,1939.0000,-1.721993
37.800,25.200,1940.0000,-3.073910
37.800,25.200,1941.0000,2.928971
37.800,25.200,1942.0000,8.273306
37.800,25.200,1943.0000,10.725049
37.800,25.200,1944.0000,6.900251
37.800,25.200,1945.0000,5.666779
37.800,25.200,1946.0000,10.726650
37.800,25.200,1947.0000,-4.085155
37.800,25.200,1948.0000,-2.677652
37.800,25.200,1949.0000,0.365553
37.800,25.200,1950.0000,-4.440908
37.800,25.200,1951.0000,1.313671
37.800,25.200,1952.0000,-16.052645
37.800,25.200,1953.0000,3.016341
37.800,25.200,1954.0000,1.049390
37.800,25.200,1955.0000,1.769461
37.800,25.200,1956.0000,10.028750
37.800,25.200,1957.0000,1.849316
37.800,25.200,1958.0000,4.329223
37.800,25.200,1959.0000,-2.179424
37.800,25.200,1960.0000,5.275970
37.800,25.200,1961.0000,2.379433
37.800,25.200,1962.0000,9.643174
37.800,25.200,1963.0000,7.758568
37.800,25.200,1964.0000,2.506970
37.800,25.200,1965.0000,-7.326686
37.800,25.200,1966.0000,4.664039
37.800,25.200,1967.0000,0.560853
37.800,25.200,1968.0000,-4.087818
37.800,25.200,1969.0000,4.323769
37.800,25.200,1970.0000,-1.269646
37.800,25.200,1971.0000,-4.786503
37.800,25.200,1972.0000,-0.392028
37.800,25.200,1973.0000,-4.751620
37.800,25.200,1974.0000,-5.841176
37.800,25.200,1975.0000,-9.106101
37.800,25.200,1976.0000,-5.037384
37.800,25.200,1977.0000,7.496064
37.800,25.200,1978.0000,5.283554
37.800,25.200,1979.0000,-2.281705
37.800,25.200,1980.0000,8.004903
37.800,25.200,1981.0000,-0.221169
37.800,25.200,1982.0000,0.070493
37.800,25.200,1983.0000,-1.305896
37.800,25.200,1984.0000,9.689440
37.800,25.200,1985.0000,3.902949
37.800,25.200,1986.0000,4.793775
37.800,25.200,1987.0000,8.977369
37.800,25.200,1988.0000,2.239461
37.800,25.200,1989.0000,-0.360961
37.800,25.200,1990.0000,3.012359
37.800,25.200,1991.0000,-8.065560
37.800,25.200,1992.0000,7.223844
37.800,25.200,1993.0000,-0.032702
37.800,25.200,1994.0000,-5.849588
37.800,25.200,1995.0000,3.424676
37.800,25.200,1996.0000,-1.281063
37.800,25.200,1997.0000,2.844117
37.800,25.200,1998.0000,1.502959
37.800,25.200,1999.0000,-4.204710
37.800,25.200,2000.0000,-7.833665
37.800,25.300,200.0000,-10.968729
37.800,25.300,201.0000,3.302452
37.800,25.300,202.0000,-5.383217
37.800,25.300,203.0000,4.929887
37.800,25.300,204.0000,5.413895
37.800,25.300,205.0000,6.928985
37.800,25.300,206.0000,-6.791904
37.800,25.300,207.0000,4.441082
37.800,25.300,208.0000,-5.512915
37.800,25.300,209.0000,-6.528217
37.800,25.300,210.0000,4.964469
37.800,25.300,211.0000,-5.042522
37.800,25.300,212.0000,9.907407
37.800,25.300,213.0000,5.191848
37.800,25.300,214.0000,-8.259994
37.800,25.300,215.0000,7.960791
37.800,25.300,216.0000,-0.742692
37.800,25.300,217.0000,8.497593
37.800,25.300,218.0000,2.603450
37.800,25.300,219.0000,8.000669
37.800,25.300,220.0000,-9.042030
37.800,25.300,221.0000,5.343953
37.800,25.300,222.0000,-2.439455
37.800,25.300,223.0000,2.811496
37.800,25.300,224.0000,-6.518675
37.800,25.300,225.0000,-8.369047
37.800,25.300,226.0000,0.200620
37.800,25.300,227.0000,-8.435819
37.800,25.300,228.0000,-0.077797
37.800,25.300,229.0000,6.370894
37.800,25.300,230.0000,-2.819493
37.800,25.300,231.0000,-7.319836
37.800,25.300,232.0000,5.275141
37.800,25.300,233.0000,1.112987
37.800,25.300,234.0000,-3.570781
37.800,25.300,235.0000,-0.363556
37.800,25.300,236.0000,4.445013
37.800,25.300,237.0000,0.372800
37.800,25.300,238.0000,-3.507688
37.800,25.300,239.0000,-4.416658
37.800,25.300,240.0000,4.359727
37.800,25.300,241.0000,-4.317071
37.800,25.300,242.0000,-1.970181
37.800,25.300,243.0000,-10.198615
37.800,25.300,244.0000,8.373227
37.800,25.300,245.0000,-8.098334
37.800,25.300,246.0000,3.338833
37.800,25.300,247.0000,-0.836661
37.800,25.300,248.0000,3.376783
37.800,25.300,249.0000,-18.756920
37.800,25.300,250.0000,-3.307994
37.800,25.300,251.0000,10.190053
37.800,25.300,252.0000,-9.211697
37.800,25.300,253.0000,1.355956
37.800,25.300,254.0000,5.079359
37.800,25.300,255.0000,11.430047
37.800,25.300,256.0000,5.180083
37.800,25.300,257.0000,11.334736
37.800,25.300,258.0000,1.338539
37.800,25.300,259.0000,-3.467149
37.800,25.300,260.0000,-5.201772
37.800,25.300,261.0000,5.922557
37.800,25.300,262.0000,-2.314603
37.800,25.300,263.0000,-0.680221
37.800,25.300,264.0000,-0.400846
37.800,25.300,265.0000,1.380719
37.800,25.300,266.0000,-11.247256
37.800,25.300,267.0000,0.210868
37.800,25.300,268.0000,6.177529
37.800,25.300,269.0000,-0.999301
37.800,25.300,270.0000,7.619234
37.800,25.300,271.0000,7.394575
37.800,25.300,272.0000,-6.537157
37.800,25.300,273.0000,-3.835550
37.800,25.300,274.0000,-7.098422
37.800,25.300,275.0000,-1.236222
37.800,25.300,276.0000,1.192567
37.800,25.300,277.0000,-1.686058
37.800,25.300,278.0000,-1.882642
37.800,25.300,279.0000,0.137623
37.800,25.300,280.0000,1.057175
37.800,25.300,281.0000,-3.352304
37.800,25.300,282.0000,5.581034
37.800,25.300,283.0000,7.986374
37.800,25.300,284.0000,-0.732628
37.800,25.300,285.0000,-8.387175
37.800,25.300,286.0000,0.182183
37.800,25.300,287.0000,-0.274293
37.800,25.300,288.0000,-6.216682
37.800,25.300,289.0000,0.432657
37.800,25.300,290.0000,6.162479
37.800,25.300,291.0000,-2.639533
37.800,25.300,292.0000,0.815447
37.800,25.300,293.0000,3.571862
37.800,25.300,294.0000,5.322204
37.800,25.300,295.0000,-2.078403
37.800,25.300,296.0000,-0.210599
37.800,25.300,297.0000,5.207753
37.800,25.300,298.0000,1.105182
37.800,25.300,299.0000,-2.099920
37.800,25.300,300.0000,9.250594
37.800,25.300,301.0000,7.253146
37.800,25.300,302.0000,-4.420176
37.800,25.300,303.0000,-14.898113
37.800,25.300,304.0000,0.959922
37.800,25.300,305.0000,8.291475
37.800,25.300,306.0000,-10.128099
37.800,25.300,307.0000,6.816055
37.800,25.300,308.0000,10.352339
37.800,25.300,309.0000,-0.495949
37.800,25.300,310.0000,-11.033531
37.800,25.300,311.0000,2.811282
37.800,25.300,312.0000,1.341569
37.800,25.300,313.0000,-7.956632
37.800,25.300,314.0000,4.193943
37.800,25.300,315.0000,-5.734772
37.800,25.300,316.0000,-0.132602
37.800,25.300,317.0000,-17.975812
37.800,25.300,318.0000,9.458319
37.800,25.300,319.0000,5.716554
37.800,25.300,320.0000,-0.798157
37.800,25.300,321.0000,-5.096042
37.800,25.300,322.0000,0.666988
37.800,25.300,323.0000,-2.811253
37.800,25.300,324.0000,-10.797474
37.800,25.300,325.0000,3.713333
37.800,25.300,326.0000,-10.643488
37.800,25.300,327.0000,9.644607
37.800,25.300,328.0000,1.286652
37.800,25.300,329.0000,-2.714074
37.800,25.300,330.0000,-3.772780
37.800,25.300,331.0000,21.280343
37.800,25.300,332.0000,-2.512300
37.800,25.300,333.0000,-0.055509
37.800,25.300,334.0000,-4.608956
37.800,25.300,335.0000,1.943144
37.800,25.300,336.0000,-0.827601
37.800,25.300,337.0000,-1.237111
37.800,25.300,338.0000,0.765332
37.800,25.300,339.0000,1.407948
37.800,25.300,340.0000,0.887846
37.800,25.300,341.0000,-3.774126
37.800,25.300,342.0000,-7.805217
37.800,25.300,343.0000,4.013813
37.800,25.300,344.0000,-5.886072
37.800,25.300,345.0000,4.428364
37.800,25.300,346.0000,5.351109
37.800,25.300,347.0000,-1.312327
37.800,25.300,348.0000,3.618345
37.800,25.300,349.0000,5.839384
37.800,25.300,350.0000,-3.194895
37.800,25.300,351.0000,3.626835
37.800,25.300,352.0000,-3.234591
37.800,25.300,353.0000,6.319000
37.800,25.300,354.0000,-0.550082
37.800,25.300,355.0000,5.762629
37.800,25.300,356.0000,-4.863216
37.800,25.300,357.0000,-9.443386
37.800,25.300,358.0000,8.331602
37.800,25.300,359.0000,4.392868
37.800,25.300,360.0000,9.907124
37.800,25.300,361.0000,9.759976
37.800,25.300,362.0000,-7.639730
37.800,25.300,363.0000,-4.305752
37.800,25.300,364.0000,9.927007
37.800,25.300,365.0000,5.609973
37.800,25.300,366.0000,-3.031117
37.800,25.300,367.0000,-7.928859
37.800,25.300,368.0000,-5.766376
37.800,25.300,369.0000,1.235035
37.800,25.300,370.0000,11.225494
37.800,25.300,371.0000,-6.793006
37.800,25.300,372.0000,-8.063990
37.800,25.300,373.0000,-5.726974
37.800,25.300,374.0000,-5.794259
37.800,25.300,375.0000,-10.485799
37.800,25.300,376.0000,9.000339
37.800,25.300,377.0000,-4.668322
37.800,25.300,378.0000,5.580231
37.800,25.300,379.0000,7.200913
37.800,25.300,380.0000,-4.302323
37.800,25.300,381.0000,6.643129
37.800,25.300,382.0000,-2.935388
37.800,25.300,383.0000,2.940662
37.800,25.300,384.0000,2.460963
37.800,25.300,385.0000,-11.062068
37.800,25.300,386.0000,-8.666365
37.800,25.300,387.0000,3.536403
37.800,25.300,388.0000,-0.584003
37.800,25.300,389.0000,-9.474040
37.800,25.300,390.0000,-1.024475
37.800,25.300,391.0000,2.425851
37.800,25.300,392.0000,1.127569
37.800,25.300,393.0000,0.870294
37.800,25.300,394.0000,-10.220001
37.800,25.300,395.0000,2.020588
37.800,25.300,396.0000,8.275400
37.800,25.300,397.0000,1.568173
37.800,25.300,398.0000,-1.321935
37.800,25.300,399.0000,7.119378
37.800,25.300,400.0000,-0.911129
37.800,25.300,401.0000,-4.343990
37.800,25.300,402.0000,-6.689998
37.800,25.300,403.0000,-8.070596
37.800,25.300,404.0000,-12.239271
37.800,25.300,405.0000,-4.258134
37.800,25.300,406.0000,-5.727959
37.800,25.300,407.0000,4.541155
37.800,25.300,408.0000,-5.697617
37.800,25.300,409.0000,0.823545
37.800,25.300,410.0000,6.023334
37.800,25.300,411.0000,0.041994
37.800,25.300,412.0000,-6.069754
37.800,25.300,413.0000,8.714557
37.800,25.300,414.0000,-3.608234
37.800,25.300,415.0000,1.021620
37.800,25.300,416.0000,7.203960
37.800,25.300,417.0000,-10.460228
37.800,25.300,418.0000,1.820812
37.800,25.300,419.0000,0.981850
37.800,25.300,420.0000,9.292328
37.800,25.300,421.0000,-2.789448
37.800,25.300,422.0000,-2.660536
37.800,25.300,423.0000,-6.482226
37.800,25.300,424.0000,-0.678096
37.800,25.300,425.0000,-1.427843
37.800,25.300,426.0000,7.840819
37.800,25.300,427.0000,-2.324738
37.800,25.300,428.0000,-3.775360
37.800,25.300,429.0000,-11.957054
37.800,25.300,430.0000,1.303937
37.800,25.300,431.0000,-8.204171
37.800,25.300,432.0000,-4.980079
37.800,25.300,433.0000,4.112975
37.800,25.300,434.0000,0.469079
37.800,25.300,435.0000,8.068502
37.800,25.300,436.0000,7.991051
37.800,25.300,437.0000,-0.242212
37.800,25.300,438.0000,13.707983
37.800,25.300,439.0000,-4.488320
37.800,25.300,440.0000,-6.116100
37.800,25.300,441.0000,-0.285159
37.800,25.300,442.0000,2.128003
37.800,25.300,443.0000,-10.229409
37.800,25.300,444.0000,0.436290
37.800,25.300,445.0000,-0.125402
37.800,25.300,446.0000,-7.689427
37.800,25.300,447.0000,-9.337081
37.800,25.300,448.0000,5.087347
37.800,25.300,449.0000,5.976530
37.800,25.300,450.0000,5.471088
37.800,25.300,451.0000,8.498074
37.800,25.300,452.0000,-0.407413
37.800,25.300,453.0000,-10.945227
37.800,25.300,454.0000,1.066036
37.800,25.300,455.0000,-0.952217
37.800,25.300,456.0000,3.218491
37.800,25.300,457.0000,-2.681321
37.800,25.300,458.0000,-1.379585
37.800,25.300,459.0000,1.609357
37.800,25.300,460.0000,-8.259697
37.800,25.300,461.0000,2.814821
37.800,25.300,462.0000,6.036475
37.800,25.300,463.0000,-0.629099
37.800,25.300,464.0000,-2.662518
37.800,25.300,465.0000,5.294518
37.800,25.300,466.0000,13.473705
37.800,25.300,467.0000,3.965104
37.800,25.300,468.0000,11.413301
37.800,25.300,469.0000,6.586098
37.800,25.300,470.0000,1.314970
37.800,25.300,471.0000,4.927124
37.800,25.300,472.0000,4.887453
37.800,25.300,473.0000,0.010260
37.800,25.300,474.0000,-5.242179
37.800,25.300,475.0000,8.404440
37.800,25.300,476.0000,-3.836473
37.800,25.300,477.0000,-9.137029
37.800,25.300,478.0000,-2.523789
37.800,25.300,479.0000,-3.746410
37.800,25.300,480.0000,12.540713
37.800,25.300,481.0000,4.248142
37.800,25.300,482.0000,-8.926836
37.800,25.300,483.0000,8.462062
37.800,25.300,484.0000,-5.620739
37.800,25.300,485.0000,-1.109470
37.800,25.300,486.0000,-0.184906
37.800,25.300,487.0000,-0.534994
37.800,25.300,488.0000,12.311884
37.800,25.300,489.0000,-3.182068
37.800,25.300,490.0000,4.836848
37.800,25.300,491.0000,-11.583189
37.800,25.300,492.0000,4.296218
37.800,25.300,493.0000,8.967817
37.800,25.300,494.0000,4.774107
37.800,25.300,495.0000,-5.373983
37.800,25.300,496.0000,-2.500066
37.800,25.300,497.0000,-0.300121
37.800,25.300,498.0000,-1.082713
37.800,25.300,499.0000,5.336176
37.800,25.300,500.0000,4.482990
37.800,25.300,501.0000,4.202079
37.800,25.300,502.0000,5.042357
37.800,25.300,503.0000,4.320684
37.800,25.300,504.0000,-6.263594
37.800,25.300,505.0000,-11.781143
37.800,25.300,506.0000,4.692972
37.800,25.300,507.0000,0.198634
37.800,25.300,508.0000,-1.136803
37.800,25.300,509.0000,7.060173
37.800,25.300,510.0000,-1.835514
37.800,25.300,511.0000,-4.648080
37.800,25.300,512.0000,10.775642
37.800,25.300,513.0000,4.874624
37.800,25.300,514.0000,5.417311
37.800,25.300,515.0000,-0.027752
37.800,25.300,516.0000,3.180484
37.800,25.300,517.0000,5.096877
37.800,25.300,518.0000,-8.139482
37.800,25.300,519.0000,-5.718885
37.800,25.300,520.0000,12.613738
37.800,25.300,521.0000,-3.300120
37.800,25.300,522.0000,-1.044509
37.800,25.300,523.0000,6.260638
37.800,25.300,524.0000,-3.715427
37.800,25.300,525.0000,-5.120112
37.800,25.300,526.0000,-1.456918
37.800,25.300,527.0000,0.021253
37.800,25.300,528.0000,-9.524037
37.800,25.300,529.0000,-11.795759
37.800,25.300,530.0000,-7.212529
37.800,25.300,531.0000,1.884276
37.800,25.300,532.0000,-13.537564
37.800,25.300,533.0000,8.829431
37.800,25.300,534.0000,-0.578309
37.800,25.300,535.0000,6.102233
37.800,25.300,536.0000,9.154745
37.800,25.300,537.0000,-0.023589
37.800,25.300,538.0000,-1.733633
37.800,25.300,539.0000,-12.580114
37.800,25.300,540.0000,8.858520
37.800,25.300,541.0000,12.023855
37.800,25.300,542.0000,4.226027
37.800,25.300,543.0000,6.685527
37.800,25.300,544.0000,1.040091
37.800,25.300,545.0000,-8.393113
37.800,25.300,546.0000,-15.999784
37.800,25.300,547.0000,3.622796
37.800,25.300,548.0000,-3.277765
37.800,25.300,549.0000,-5.109895
37.800,25.300,550.0000,-1.908055
37.800,25.300,551.0000,-2.332747
37.800,25.300,552.0000,3.982970
37.800,25.300,553.0000,11.045301
37.800,25.300,554.0000,-1.307796
37.800,25.300,555.0000,3.576187
37.800,25.300,556.0000,2.159512
37.800,25.300,557.0000,7.193074
37.800,25.300,558.0000,-4.638317
37.800,25.300,559.0000,6.694856
37.800,25.300,560.0000,-0.652468
37.800,25.300,561.0000,3.289994
37.800,25.300,562.0000,2.281185
37.800,25.300,563.0000,5.695388
37.800,25.300,564.0000,-5.375746
37.800,25.300,565.0000,3.247710
37.800,25.300,566.0000,-13.719841
37.800,25.300,567.0000,-3.001277
37.800,25.300,568.0000,-4.935212
37.800,25.300,569.0000,-5.695735
37.800,25.300,570.0000,1.718915
37.800,25.300,571.0000,3.098350
37.800,25.300,572.0000,12.758437
37.800,25.300,573.0000,1.920248
37.800,25.300,574.0000,-5.679236
37.800,25.300,575.0000,-3.055308
37.800,25.300,576.0000,-12.991760
37.800,25.300,577.0000,-3.584172
37.800,25.300,578.0000,0.628891
37.800,25.300,579.0000,8.829181
37.800,25.300,580.0000,5.570043
37.800,25.300,581.0000,8.621320
37.800,25.300,582.0000,-2.933006
37.800,25.300,583.0000,8.434650
37.800,25.300,584.0000,7.420301
37.800,25.300,585.0000,0.928985
37.800,25.300,586.0000,6.827364
37.800,25.300,587.0000,9.730561
37.800,25.300,588.0000,-0.508136
37.800,25.300,589.0000,10.272555
37.800,25.300,590.0000,14.608433
37.800,25.300,591.0000,-10.295961
37.800,25.300,592.0000,12.235394
37.800,25.300,593.0000,-0.287698
37.800,25.300,594.0000,23.194041
37.800,25.300,595.0000,1.740840
37.800,25.300,596.0000,10.852783
37.800,25.300,597.0000,1.288119
37.800,25.300,598.0000,9.939653
37.800,25.300,599.0000,-0.466542
37.800,25.300,600.0000,-8.845521
37.800,25.300,601.0000,2.900426
37.800,25.300,602.0000,9.322921
37.800,25.300,603.0000,14.596237
37.800,25.300,604.0000,21.787304
37.800,25.300,605.0000,7.579693
37.800,25.300,606.0000,13.103949
37.800,25.300,607.0000,12.233649
37.800,25.300,608.0000,12.815550
37.800,25.300,609.0000,27.834341
37.800,25.300,610.0000,37.301513
37.800,25.300,611.0000,37.126868
37.800,25.300,612.0000,39.778593
37.800,25.300,613.0000,38.691308
37.800,25.300,614.0000,54.799846
37.800,25.300,615.0000,76.200991
37.800,25.300,616.0000,89.642862
37.800,25.300,617.0000,110.856931
37.800,25.300,618.0000,128.671776
37.800,25.300,619.0000,148.824236
37.800,25.300,620.0000,151.409187
37.800,25.300,621.0000,153.564471
37.800,25.300,622.0000,135.183166
37.800,25.300,623.0000,108.176325
37.800,25.300,624.0000,92.530044
37.800,25.300,625.0000,65.297179
37.800,25.300,626.0000,53.826590
37.800,25.300,627.0000,49.230961
37.800,25.300,628.0000,31.987644
37.800,25.300,629.0000,32.976429
37.800,25.300,630.0000,25.794416
37.800,25.300,631.0000,20.752946
37.800,25.300,632.0000,23.005352
37.800,25.300,633.0000,4.092241
37.800,25.300,634.0000,20.210234
37.800,25.300,635.0000,19.895702
37.800,25.300,636.0000,10.071195
37.800,25.300,637.0000,13.114368
37.800,25.300,638.0000,7.107674
37.800,25.300,639.0000,14.688298
37.800,25.300,640.0000,14.007977
37.800,25.300,641.0000,5.113294
37.800,25.300,642.0000,5.640308
37.800,25.300,643.0000,-2.546954
37.800,25.300,644.0000,3.615133
37.800,25.300,645.0000,5.040217
37.800,25.300,646.0000,10.857069
37.800,25.300,647.0000,-4.795478
37.800,25.300,648.0000,12.821519
37.800,25.300,649.0000,0.498868
37.800,25.300,650.0000,8.431852
37.800,25.300,651.0000,13.901845
37.800,25.300,652.0000,5.595037
37.800,25.300,653.0000,0.428883
37.800,25.300,654.0000,13.183230
37.800,25.300,655.0000,4.481279
37.800,25.300,656.0000,5.563778
37.800,25.300,657.0000,7.491401
37.800,25.300,658.0000,5.456966
37.800,25.300,659.0000,4.547622
37.800,25.300,660.0000,-0.369857
37.800,25.300,661.0000,13.595699
37.800,25.300,662.0000,-2.678617
37.800,25.300,663.0000,1.379231
37.800,25.300,664.0000,4.945640
37.800,25.300,665.0000,15.016656
37.800,25.300,666.0000,2.982148
37.800,25.300,667.0000,3.535833
37.800,25.300,668.0000,10.576114
37.800,25.300,669.0000,3.071475
37.800,25.300,670.0000,0.526173
37.800,25.300,671.0000,2.975897
37.800,25.300,672.0000,10.617652
37.800,25.300,673.0000,11.278320
37.800,25.300,674.0000,3.056725
37.800,25.300,675.0000,-7.785279
37.800,25.300,676.0000,3.738896
37.800,25.300,677.0000,-0.466986
37.800,25.300,678.0000,-8.434585
37.800,25.300,679.0000,4.564928
37.800,25.300,680.0000,-1.946440
37.800,25.300,681.0000,4.537400
37.800,25.300,682.0000,6.264945
37.800,25.300,683.0000,-10.216736
37.800,25.300,684.0000,1.507506
37.800,25.300,685.0000,-9.147306
37.800,25.300,686.0000,-10.745532
37.800,25.300,687.0000,3.606394
37.800,25.300,688.0000,0.228566
37.800,25.300,689.0000,3.191890
37.800,25.300,690.0000,-6.738327
37.800,25.300,691.0000,-3.121865
37.800,25.300,692.0000,3.020262
37.800,25.300,693.0000,5.803249
37.800,25.300,694.0000,0.910222
37.800,25.300,695.0000,4.355709
37.800,25.300,696.0000,-8.786569
37.800,25.300,697.0000,-3.033577
37.800,25.300,698.0000,-6.819897
37.800,25.300,699.0000,6.496926
37.800,25.300,700.0000,7.023822
37.800,25.300,701.0000,-1.193647
37.800,25.300,702.0000,-7.914826
37.800,25.300,703.0000,-3.817723
37.800,25.300,704.0000,-7.519984
37.800,25.300,705.0000,9.392759
37.800,25.300,706.0000,18.281786
37.800,25.300,707.0000,-1.796923
37.800,25.300,708.0000,-3.818130
37.800,25.300,709.0000,4.328788
37.800,25.300,710.0000,-0.528755
37.800,25.300,711.0000,-9.031686
37.800,25.300,712.0000,-0.160690
37.800,25.300,713.0000,6.518104
37.800,25.300,714.0000,0.879691
37.800,25.300,715.0000,-0.025226
37.800,25.300,716.0000,-5.527305
37.800,25.300,717.0000,1.149414
37.800,25.300,718.0000,-8.641318
37.800,25.300,719.0000,6.400145
37.800,25.300,720.0000,-5.655501
37.800,25.300,721.0000,-2.480727
37.800,25.300,722.0000,-6.747029
37.800,25.300,723.0000,-2.442663
37.800,25.300,724.0000,0.726962
37.800,25.300,725.0000,3.533112
37.800,25.300,726.0000,-5.293044
37.800,25.300,727.0000,4.350012
37.800,25.300,728.0000,-3.817976
37.800,25.300,729.0000,11.101620
37.800,25.300,730.0000,-1.794238
37.800,25.300,731.0000,-0.820734
37.800,25.300,732.0000,3.096095
37.800,25.300,733.0000,11.971178
37.800,25.300,734.0000,-7.550874
37.800,25.300,735.0000,4.413230
37.800,25.300,736.0000,-10.194970
37.800,25.300,737.0000,7.429187
37.800,25.300,738.0000,3.882910
37.800,25.300,739.0000,8.324768
37.800,25.300,740.0000,-8.954960
37.800,25.300,741.0000,3.995964
37.800,25.300,742.0000,6.413299
37.800,25.300,743.0000,0.459703
37.800,25.300,744.0000,10.004015
37.800,25.300,745.0000,-2.327188
37.800,25.300,746.0000,-6.567739
37.800,25.300,747.0000,-6.394298
37.800,25.300,748.0000,7.129214
37.800,25.300,749.0000,11.151104
37.800,25.300,750.0000,1.351513
37.800,25.300,751.0000,4.941301
37.800,25.300,752.0000,0.947190
37.800,25.300,753.0000,2.741931
37.800,25.300,754.0000,1.053482
37.800,25.300,755.0000,-1.621384
37.800,25.300,756.0000,1.334215
37.800,25.300,757.0000,-6.937620
37.800,25.300,758.0000,9.273918
37.800,25.300,759.0000,6.138378
37.800,25.300,760.0000,0.487382
37.800,25.300,761.0000,-4.509313
37.800,25.300,762.0000,9.763508
37.800,25.300,763.0000,3.312077
37.800,25.300,764.0000,0.530582
37.800,25.300,765.0000,-6.538736
37.800,25.300,766.0000,10.255843
37.800,25.300,767.0000,10.349748
37.800,25.300,768.0000,-1.117369
37.800,25.300,769.0000,-2.532385
37.800,25.300,770.0000,7.885788
37.800,25.300,771.0000,5.838397
37.800,25.300,772.0000,5.010229
37.800,25.300,773.0000,9.826501
37.800,25.300,774.0000,5.157750
37.800,25.300,775.0000,10.463049
37.800,25.300,776.0000,10.229723
37.800,25.300,777.0000,6.770617
37.800,25.300,778.0000,16.249891
37.800,25.300,779.0000,9.100355
37.800,25.300,780.0000,13.294032
37.800,25.300,781.0000,13.008489
37.800,25.300,782.0000,27.367789
37.800,25.300,783.0000,14.184325
37.800,25.300,784.0000,25.795611
37.800,25.300,785.0000,18.299480
37.800,25.300,786.0000,27.356036
37.800,25.300,787.0000,29.168510
37.800,25.300,788.0000,37.490555
37.800,25.300,789.0000,48.347175
37.800,25.300,790.0000,51.686653
37.800,25.300,791.0000,63.259792
37.800,25.300,792.0000,55.823516
37.800,25.300,793.0000,78.703012
37.800,25.300,794.0000,98.300421
37.800,25.300,795.0000,90.341751
37.800,25.300,796.0000,85.984067
37.800,25.300,797.0000,91.492681
37.800,25.300,798.0000,76.361812
37.800,25.300,799.0000,72.317139
37.800,25.300,800.0000,52.837830
37.800,25.300,801.0000,38.251850
37.800,25.300,802.0000,36.262348
37.800,25.300,803.0000,15.736370
37.800,25.300,804.0000,35.338419
37.800,25.300,805.0000,20.570080
37.800,25.300,806.0000,19.928666
37.800,25.300,807.0000,17.565767
37.800,25.300,808.0000,29.333475
37.800,25.300,809.0000,16.789882
37.800,25.300,810.0000,9.757650
37.800,25.300,811.0000,12.106208
37.800,25.300,812.0000,13.755159
37.800,25.300,813.0000,6.722375
37.800,25.300,814.0000,21.327146
37.800,25.300,815.0000,12.888998
37.800,25.300,816.0000,9.032253
37.800,25.300,817.0000,8.623550
37.800,25.300,818.0000,3.768333
37.800,25.300,819.0000,14.653956
37.800,25.300,820.0000,6.974657
37.800,25.300,821.0000,3.283638
37.800,25.300,822.0000,8.667836
37.800,25.300,823.0000,0.780220
37.800,25.300,824.0000,6.988070
37.800,25.300,825.0000,-3.058450
37.800,25.300,826.0000,7.760544
37.800,25.300,827.0000,6.251055
37.800,25.300,828.0000,-5.224160
37.800,25.300,829.0000,12.088626
37.800,25.300,830.0000,1.064253
37.800,25.300,831.0000,9.702815
37.800,25.300,832.0000,7.899103
37.800,25.300,833.0000,15.476012
37.800,25.300,834.0000,-3.842828
37.800,25.300,835.0000,3.613155
37.800,25.300,836.0000,7.817994
37.800,25.300,837.0000,-1.597250
37.800,25.300,838.0000,-1.568931
37.800,25.300,839.0000,7.375288
37.800,25.300,840.0000,7.210426
37.800,25.300,841.0000,-0.297185
37.800,25.300,842.0000,2.595228
37.800,25.300,843.0000,2.466291
37.800,25.300,844.0000,3.526392
37.800,25.300,845.0000,-6.014143
37.800,25.300,846.0000,2.719542
37.800,25.300,847.0000,-1.595009
37.800,25.300,848.0000,7.349245
37.800,25.300,849.0000,-4.038370
37.800,25.300,850.0000,7.607509
37.800,25.300,851.0000,-10.368829
37.800,25.300,852.0000,3.171907
37.800,25.300,853.0000,3.651730
37.800,25.300,854.0000,3.743352
37.800,25.300,855.0000,2.028080
37.800,25.300,856.0000,14.510737
37.800,25.300,857.0000,6.388070
37.800,25.300,858.0000,-8.104424
37.800,25.300,859.0000,-1.856139
37.800,25.300,860.0000,8.047746
37.800,25.300,861.0000,12.286883
37.800,25.300,862.0000,-3.171631
37.800,25.300,863.0000,7.886639
37.800,25.300,864.0000,-2.406588
37.800,25.300,865.0000,-1.252722
37.800,25.300,866.0000,6.170759
37.800,25.300,867.0000,3.863452
37.800,25.300,868.0000,-1.628979
37.800,25.300,869.0000,6.808330
37.800,25.300,870.0000,-5.258595
37.800,25.300,871.0000,-10.179975
37.800,25.300,872.0000,-8.394045
37.800,25.300,873.0000,-3.250180
37.800,25.300,874.0000,-10.541518
37.800,25.300,875.0000,4.844763
37.800,25.300,876.0000,-3.651611
37.800,25.300,877.0000,4.669454
37.800,25.300,878.0000,10.701735
37.800,25.300,879.0000,-8.360430
37.800,25.300,880.0000,-1.240143
37.800,25.300,881.0000,6.244128
37.800,25.300,882.0000,7.365208
37.800,25.300,883.0000,4.256862
37.800,25.300,884.0000,6.980935
37.800,25.300,885.0000,-2.754944
37.800,25.300,886.0000,4.258895
37.800,25.300,887.0000,-12.042463
37.800,25.300,888.0000,12.075666
37.800,25.300,889.0000,1.909350
37.800,25.300,890.0000,6.317103
37.800,25.300,891.0000,-3.226721
37.800,25.300,892.0000,2.770211
37.800,25.300,893.0000,-2.552915
37.800,25.300,894.0000,7.181425
37.800,25.300,895.0000,-5.424337
37.800,25.300,896.0000,-4.281664
37.800,25.300,897.0000,3.380439
37.800,25.300,898.0000,-6.842845
37.800,25.300,899.0000,5.915718
37.800,25.300,900.0000,-0.006179
37.800,25.300,901.0000,4.766848
37.800,25.300,902.0000,1.460995
37.800,25.300,903.0000,-0.214497
37.800,25.300,904.0000,3.112600
37.800,25.300,905.0000,-1.647695
37.800,25.300,906.0000,4.804868
37.800,25.300,907.0000,5.549693
37.800,25.300,908.0000,8.308070
37.800,25.300,909.0000,4.690395
37.800,25.300,910.0000,4.883165
37.800,25.300,911.0000,4.612639
37.800,25.300,912.0000,0.475588
37.800,25.300,913.0000,2.810806
37.800,25.300,914.0000,10.423022
37.800,25.300,915.0000,6.828831
37.800,25.300,916.0000,3.306449
37.800,25.300,917.0000,8.988469
37.800,25.300,918.0000,2.435377
37.800,25.300,919.0000,2.525614
37.800,25.300,920.0000,5.202464
37.800,25.300,921.0000,5.003727
37.800,25.300,922.0000,-1.414295
37.800,25.300,923.0000,-1.998631
37.800,25.300,924.0000,-3.317490
37.800,25.300,925.0000,-6.609609
37.800,25.300,926.0000,-7.975337
37.800,25.300,927.0000,9.233971
37.800,25.300,928.0000,11.474121
37.800,25.300,929.0000,15.170165
37.800,25.300,930.0000,7.448995
37.800,25.300,931.0000,-5.797442
37.800,25.300,932.0000,-2.429838
37.800,25.300,933.0000,-4.901686
37.800,25.300,934.0000,3.073250
37.800,25.300,935.0000,7.810640
37.800,25.300,936.0000,2.753570
37.800,25.300,937.0000,-0.463770
37.800,25.300,938.0000,-2.884512
37.800,25.300,939.0000,-3.138619
37.800,25.300,940.0000,9.118729
37.800,25.300,941.0000,5.224390
37.800,25.300,942.0000,-1.251081
37.800,25.300,943.0000,-5.041650
37.800,25.300,944.0000,-12.472284
37.800,25.300,945.0000,-9.096893
37.800,25.300,946.0000,0.222668
37.800,25.300,947.0000,-3.227111
37.800,25.300,948.0000,12.439613
37.800,25.300,949.0000,2.408542
37.800,25.300,950.0000,3.838831
37.800,25.300,951.0000,-4.990791
37.800,25.300,952.0000,3.873700
37.800,25.300,953.0000,1.035319
37.800,25.300,954.0000,12.001026
37.800,25.300,955.0000,-1.110838
37.800,25.300,956.0000,-5.578945
37.800,25.300,957.0000,10.410373
37.800,25.300,958.0000,-5.514681
37.800,25.300,959.0000,6.989292
37.800,25.300,960.0000,-1.242348
37.800,25.300,961.0000,13.856245
37.800,25.300,962.0000,5.279743
37.800,25.300,963.0000,21.967779
37.800,25.300,964.0000,2.158235
37.800,25.300,965.0000,9.819219
37.800,25.300,966.0000,0.150228
37.800,25.300,967.0000,6.565953
37.800,25.300,968.0000,6.962249
37.800,25.300,969.0000,10.540527
37.800,25.300,970.0000,13.801760
37.800,25.300,971.0000,15.682092
37.800,25.300,972.0000,15.211723
37.800,25.300,973.0000,1.862117
37.800,25.300,974.0000,3.242102
37.800,25.300,975.0000,11.365091
37.800,25.300,976.0000,15.124439
37.800,25.300,977.0000,15.125451
37.800,25.300,978.0000,20.393875
37.800,25.300,979.0000,14.904130
37.800,25.300,980.0000,18.222719
37.800,25.300,981.0000,24.504695
37.800,25.300,982.0000,22.473174
37.800,25.300,983.0000,39.945491
37.800,25.300,984.0000,32.783631
37.800,25.300,985.0000,29.823050
37.800,25.300,986.0000,46.251086
37.800,25.300,987.0000,43.017839
37.800,25.300,988.0000,38.054395
37.800,25.300,989.0000,55.966070
37.800,25.300,990.0000,65.621647
37.800,25.300,991.0000,75.706931
37.800,25.300,992.0000,100.090805
37.800,25.300,993.0000,125.771872
37.800,25.300,994.0000,131.208639
37.800,25.300,995.0000,184.372211
37.800,25.300,996.0000,245.744535
37.800,25.300,997.0000,321.128914
37.800,25.300,998.0000,455.121792
37.800,25.300,999.0000,618.707492
37.800,25.300,1000.0000,820.292900
37.800,25.300,1001.0000,905.369863
37.800,25.300,1002.0000,813.336773
37.800,25.300,1003.0000,626.645295
37.800,25.300,1004.0000,450.877307
37.800,25.300,1005.0000,318.563962
37.800,25.300,1006.0000,240.683029
37.800,25.300,1007.0000,191.375109
37.800,25.300,1008.0000,139.182641
37.800,25.300,1009.0000,123.142946
37.800,25.300,1010.0000,100.485415
37.800,25.300,1011.0000,79.346201
37.800,25.300,1012.0000,82.933269
37.800,25.300,1013.0000,66.410321
37.800,25.300,1014.0000,55.639095
37.800,25.300,1015.0000,65.736356
37.800,25.300,1016.0000,62.927342
37.800,25.300,1017.0000,60.624180
37.800,25.300,1018.0000,58.702541
37.800,25.300,1019.0000,50.426432
37.800,25.300,1020.0000,54.613312
37.800,25.300,1021.0000,56.119191
37.800,25.300,1022.0000,75.079574
37.800,25.300,1023.0000,79.645840
37.800,25.300,1024.0000,95.916480
37.800,25.300,1025.0000,96.679990
37.800,25.300,1026.0000,137.254642
37.800,25.300,1027.0000,178.293550
37.800,25.300,1028.0000,229.881717
37.800,25.300,1029.0000,297.249933
37.800,25.300,1030.0000,361.412617
37.800,25.300,1031.0000,379.403155
37.800,25.300,1032.0000,346.895933
37.800,25.300,1033.0000,294.176904
37.800,25.300,1034.0000,228.203661
37.800,25.300,1035.0000,176.630489
37.800,25.300,1036.0000,138.592761
37.800,25.300,1037.0000,96.969885
37.800,25.300,1038.0000,85.136750
37.800,25.300,1039.0000,70.127333
37.800,25.300,1040.0000,66.812007
37.800,25.300,1041.0000,37.765933
37.800,25.300,1042.0000,38.990009
37.800,25.300,1043.0000,40.962162
37.800,25.300,1044.0000,25.776434
37.800,25.300,1045.0000,30.256031
37.800,25.300,1046.0000,31.696386
37.800,25.300,1047.0000,30.497977
37.800,25.300,1048.0000,10.394242
37.800,25.300,1049.0000,12.644042
37.800,25.300,1050.0000,2.542491
37.800,25.300,1051.0000,9.310202
37.800,25.300,1052.0000,13.871423
37.800,25.300,1053.0000,7.198906
37.800,25.300,1054.0000,17.660259
37.800,25.300,1055.0000,13.053285
37.800,25.300,1056.0000,15.142128
37.800,25.300,1057.0000,-1.055574
37.800,25.300,1058.0000,14.649869
37.800,25.300,1059.0000,16.521925
37.800,25.300,1060.0000,6.445776
37.800,25.300,1061.0000,10.754660
37.800,25.300,1062.0000,6.423577
37.800,25.300,1063.0000,11.797681
37.800,25.300,1064.0000,8.033459
37.800,25.300,1065.0000,6.442648
37.800,25.300,1066.0000,4.289417
37.800,25.300,1067.0000,1.365156
37.800,25.300,1068.0000,9.464618
37.800,25.300,1069.0000,15.350394
37.800,25.300,1070.0000,-3.824764
37.800,25.300,1071.0000,7.466500
37.800,25.300,1072.0000,7.970025
37.800,25.300,1073.0000,6.382982
37.800,25.300,1074.0000,-2.897376
37.800,25.300,1075.0000,4.849782
37.800,25.300,1076.0000,-6.209305
37.800,25.300,1077.0000,9.027188
37.800,25.300,1078.0000,4.782818
37.800,25.300,1079.0000,9.313078
37.800,25.300,1080.0000,-5.349032
37.800,25.300,1081.0000,8.093755
37.800,25.300,1082.0000,4.164389
37.800,25.300,1083.0000,9.096633
37.800,25.300,1084.0000,-7.757640
37.800,25.300,1085.0000,-2.497717
37.800,25.300,1086.0000,3.106094
37.800,25.300,1087.0000,4.834147
37.800,25.300,1088.0000,1.174333
37.800,25.300,1089.0000,4.152173
37.800,25.300,1090.0000,1.029301
37.800,25.300,1091.0000,1.648299
37.800,25.300,1092.0000,3.025725
37.800,25.300,1093.0000,-3.365257
37.800,25.300,1094.0000,14.683217
37.800,25.300,1095.0000,5.542267
37.800,25.300,1096.0000,9.126095
37.800,25.300,1097.0000,-4.923863
37.800,25.300,1098.0000,1.557069
37.800,25.300,1099.0000,-16.569380
37.800,25.300,1100.0000,7.227132
37.800,25.300,1101.0000,-1.620775
37.800,25.300,1102.0000,-1.384098
37.800,25.300,1103.0000,3.680849
37.800,25.300,1104.0000,-8.438599
37.800,25.300,1105.0000,-2.812359
37.800,25.300,1106.0000,0.359340
37.800,25.300,1107.0000,8.494643
37.800,25.300,1108.0000,8.401119
37.800,25.300,1109.0000,8.946216
37.800,25.300,1110.0000,4.318478
37.800,25.300,1111.0000,-3.528975
37.800,25.300,1112.0000,0.834083
37.800,25.300,1113.0000,9.349759
37.800,25.300,1114.0000,-1.325269
37.800,25.300,1115.0000,10.963274
37.800,25.300,1116.0000,4.919155
37.800,25.300,1117.0000,3.468021
37.800,25.300,1118.0000,16.971182
37.800,25.300,1119.0000,10.929778
37.800,25.300,1120.0000,5.900096
37.800,25.300,1121.0000,2.271075
37.800,25.300,1122.0000,5.973623
37.800,25.300,1123.0000,3.346016
37.800,25.300,1124.0000,14.894835
37.800,25.300,1125.0000,9.009890
37.800,25.300,1126.0000,-5.095427
37.800,25.300,1127.0000,-0.085938
37.800,25.300,1128.0000,-2.465952
37.800,25.300,1129.0000,6.056341
37.800,25.300,1130.0000,4.298374
37.800,25.300,1131.0000,13.078670
37.800,25.300,1132.0000,8.098658
37.800,25.300,1133.0000,12.334160
37.800,25.300,1134.0000,8.385099
37.800,25.300,1135.0000,9.043965
37.800,25.300,1136.0000,16.355126
37.800,25.300,1137.0000,4.032893
37.800,25.300,1138.0000,-4.756315
37.800,25.300,1139.0000,5.443934
37.800,25.300,1140.0000,7.488368
37.800,25.300,1141.0000,0.113989
37.800,25.300,1142.0000,13.098318
37.800,25.300,1143.0000,19.941097
37.800,25.300,1144.0000,24.303739
37.800,25.300,1145.0000,22.546906
37.800,25.300,1146.0000,34.254722
37.800,25.300,1147.0000,43.423958
37.800,25.300,1148.0000,47.799661
37.800,25.300,1149.0000,59.918496
37.800,25.300,1150.0000,59.788122
37.800,25.300,1151.0000,81.227338
37.800,25.300,1152.0000,105.847136
37.800,25.300,1153.0000,112.863832
37.800,25.300,1154.0000,128.748575
37.800,25.300,1155.0000,122.441609
37.800,25.300,1156.0000,131.457415
37.800,25.300,1157.0000,109.746117
37.800,25.300,1158.0000,92.092537
37.800,25.300,1159.0000,79.576501
37.800,25.300,1160.0000,65.482020
37.800,25.300,1161.0000,50.855648
37.800,25.300,1162.0000,44.675255
37.800,25.300,1163.0000,42.029893
37.800,25.300,1164.0000,41.218478
37.800,25.300,1165.0000,29.103597
37.800,25.300,1166.0000,34.253465
37.800,25.300,1167.0000,22.629907
37.800,25.300,1168.0000,31.090095
37.800,25.300,1169.0000,30.556578
37.800,25.300,1170.0000,29.471166
37.800,25.300,1171.0000,28.985286
37.800,25.300,1172.0000,23.268391
37.800,25.300,1173.0000,24.945399
37.800,25.300,1174.0000,27.361290
37.800,25.300,1175.0000,38.877130
37.800,25.300,1176.0000,39.546414
37.800,25.300,1177.0000,46.382330
37.800,25.300,1178.0000,50.589491
37.800,25.300,1179.0000,64.281559
37.800,25.300,1180.0000,72.425933
37.800,25.300,1181.0000,96.532164
37.800,25.300,1182.0000,94.831063
37.800,25.300,1183.0000,109.461551
37.800,25.300,1184.0000,94.939747
37.800,25.300,1185.0000,85.471663
37.800,25.300,1186.0000,80.337616
37.800,25.300,1187.0000,55.604576
37.800,25.300,1188.0000,49.931055
37.800,25.300,1189.0000,36.745445
37.800,25.300,1190.0000,26.280905
37.800,25.300,1191.0000,39.392222
37.800,25.300,1192.0000,30.876307
37.800,25.300,1193.0000,23.268299
37.800,25.300,1194.0000,22.489199
37.800,25.300,1195.0000,24.046292
37.800,25.300,1196.0000,21.752595
37.800,25.300,1197.0000,-0.912543
37.800,25.300,1198.0000,7.994969
37.800,25.300,1199.0000,-0.682448
37.800,25.300,1200.0000,9.152072
37.800,25.300,1201.0000,2.371574
37.800,25.300,1202.0000,6.645779
37.800,25.300,1203.0000,-5.315677
37.800,25.300,1204.0000,2.474685
37.800,25.300,1205.0000,-0.942881
37.800,25.300,1206.0000,14.330835
37.800,25.300,1207.0000,13.551218
37.800,25.300,1208.0000,3.468568
37.800,25.300,1209.0000,2.711681
37.800,25.300,1210.0000,6.301043
37.800,25.300,1211.0000,2.949949
37.800,25.300,1212.0000,1.392619
37.800,25.300,1213.0000,11.736405
37.800,25.300,1214.0000,4.909795
37.800,25.300,1215.0000,15.617684
37.800,25.300,1216.0000,1.900356
37.800,25.300,1217.0000,1.441012
37.800,25.300,1218.0000,4.362307
37.800,25.300,1219.0000,9.706647
37.800,25.300,1220.0000,13.951553
37.800,25.300,1221.0000,3.391106
37.800,25.300,1222.0000,-5.767861
37.800,25.300,1223.0000,-6.451991
37.800,25.300,1224.0000,-1.262030
37.800,25.300,1225.0000,3.932049
37.800,25.300,1226.0000,-1.984381
37.800,25.300,1227.0000,12.323408
37.800,25.300,1228.0000,3.265608
37.800,25.300,1229.0000,-7.987223
37.800,25.300,1230.0000,-0.541684
37.800,25.300,1231.0000,6.026181
37.800,25.300,1232.0000,-3.626153
37.800,25.300,1233.0000,-9.993304
37.800,25.300,1234.0000,3.827904
37.800,25.300,1235.0000,10.388352
37.800,25.300,1236.0000,-1.389739
37.800,25.300,1237.0000,7.389253
37.800,25.300,1238.0000,13.997238
37.800,25.300,1239.0000,4.764051
37.800,25.300,1240.0000,-0.509705
37.800,25.300,1241.0000,1.811282
37.800,25.300,1242.0000,-4.442745
37.800,25.300,1243.0000,9.875655
37.800,25.300,1244.0000,7.488150
37.800,25.300,1245.0000,5.134361
37.800,25.300,1246.0000,-0.029668
37.800,25.300,1247.0000,13.953183
37.800,25.300,1248.0000,6.100586
37.800,25.300,1249.0000,6.055115
37.800,25.300,1250.0000,0.017209
37.800,25.300,1251.0000,9.633909
37.800,25.300,1252.0000,11.493321
37.800,25.300,1253.0000,0.570721
37.800,25.300,1254.0000,-5.445981
37.800,25.300,1255.0000,-0.917145
37.800,25.300,1256.0000,9.103056
37.800,25.300,1257.0000,3.485987
37.800,25.300,1258.0000,-2.861634
37.800,25.300,1259.0000,9.689368
37.800,25.300,1260.0000,-10.286612
37.800,25.300,1261.0000,2.382413
37.800,25.300,1262.0000,3.914831
37.800,25.300,1263.0000,-15.541790
37.800,25.300,1264.0000,-4.369841
37.800,25.300,1265.0000,-2.521192
37.800,25.300,1266.0000,8.221230
37.800,25.300,1267.0000,-4.759580
37.800,25.300,1268.0000,7.871017
37.800,25.300,1269.0000,6.586980
37.800,25.300,1270.0000,9.866060
37.800,25.300,1271.0000,-5.524500
37.800,25.300,1272.0000,0.907232
37.800,25.300,1273.0000,-1.125846
37.800,25.300,1274.0000,1.646684
37.800,25.300,1275.0000,-5.714250
37.800,25.300,1276.0000,5.551011
37.800,25.300,1277.0000,1.326455
37.800,25.300,1278.0000,-0.806491
37.800,25.300,1279.0000,3.205412
37.800,25.300,1280.0000,-9.754991
37.800,25.300,1281.0000,-2.072742
37.800,25.300,1282.0000,2.925403
37.800,25.300,1283.0000,2.197758
37.800,25.300,1284.0000,9.372381
37.800,25.300,1285.0000,0.865513
37.800,25.300,1286.0000,0.408930
37.800,25.300,1287.0000,-1.517092
37.800,25.300,1288.0000,5.515092
37.800,25.300,1289.0000,-6.873451
37.800,25.300,1290.0000,13.095870
37.800,25.300,1291.0000,1.356477
37.800,25.300,1292.0000,4.462880
37.800,25.300,1293.0000,0.674222
37.800,25.300,1294.0000,-4.403366
37.800,25.300,1295.0000,7.807920
37.800,25.300,1296.0000,3.701891
37.800,25.300,1297.0000,3.689576
37.800,25.300,1298.0000,3.908567
37.800,25.300,1299.0000,4.097043
37.800,25.300,1300.0000,5.319906
37.800,25.300,1301.0000,-2.385657
37.800,25.300,1302.0000,2.163013
37.800,25.300,1303.0000,1.848608
37.800,25.300,1304.0000,-8.282487
37.800,25.300,1305.0000,-3.471034
37.800,25.300,1306.0000,5.885897
37.800,25.300,1307.0000,4.230552
37.800,25.300,1308.0000,4.223655
37.800,25.300,1309.0000,11.367894
37.800,25.300,1310.0000,-2.295463
37.800,25.300,1311.0000,3.016816
37.800,25.300,1312.0000,-3.995609
37.800,25.300,1313.0000,0.944432
37.800,25.300,1314.0000,13.184385
37.800,25.300,1315.0000,-9.145725
37.800,25.300,1316.0000,7.491309
37.800,25.300,1317.0000,3.319886
37.800,25.300,1318.0000,0.151369
37.800,25.300,1319.0000,-12.412174
37.800,25.300,1320.0000,2.838562
37.800,25.300,1321.0000,-2.898507
37.800,25.300,1322.0000,8.220526
37.800,25.300,1323.0000,9.290476
37.800,25.300,1324.0000,3.622051
37.800,25.300,1325.0000,4.454714
37.800,25.300,1326.0000,-9.922292
37.800,25.300,1327.0000,11.388935
37.800,25.300,1328.0000,6.436475
37.800,25.300,1329.0000,7.619483
37.800,25.300,1330.0000,2.480738
37.800,25.300,1331.0000,3.615538
37.800,25.300,1332.0000,-12.308764
37.800,25.300,1333.0000,-5.751242
37.800,25.300,1334.0000,9.839478
37.800,25.300,1335.0000,-1.770499
37.800,25.300,1336.0000,8.024296
37.800,25.300,1337.0000,0.959470
37.800,25.300,1338.0000,6.488359
37.800,25.300,1339.0000,4.197248
37.800,25.300,1340.0000,-8.575754
37.800,25.300,1341.0000,4.339107
37.800,25.300,1342.0000,-6.544522
37.800,25.300,1343.0000,-0.240030
37.800,25.300,1344.0000,-5.160603
37.800,25.300,1345.0000,6.875896
37.800,25.300,1346.0000,11.362454
37.800,25.300,1347.0000,5.084808
37.800,25.300,1348.0000,1.625448
37.800,25.300,1349.0000,-6.365426
37.800,25.300,1350.0000,-4.995676
37.800,25.300,1351.0000,-3.789721
37.800,25.300,1352.0000,3.907544
37.800,25.300,1353.0000,3.626326
37.800,25.300,1354.0000,2.097088
37.800,25.300,1355.0000,-0.502882
37.800,25.300,1356.0000,4.020969
37.800,25.300,1357.0000,13.486186
37.800,25.300,1358.0000,-5.515581
37.800,25.300,1359.0000,0.304430
37.800,25.300,1360.0000,6.259653
37.800,25.300,1361.0000,3.280483
37.800,25.300,1362.0000,1.995345
37.800,25.300,1363.0000,-2.857220
37.800,25.300,1364.0000,2.712609
37.800,25.300,1365.0000,10.375783
37.800,25.300,1366.0000,-1.786338
37.800,25.300,1367.0000,6.180954
37.800,25.300,1368.0000,11.258926
37.800,25.300,1369.0000,-5.169432
37.800,25.300,1370.0000,-1.929241
37.800,25.300,1371.0000,1.891201
37.800,25.300,1372.0000,7.777595
37.800,25.300,1373.0000,4.102253
37.800,25.300,1374.0000,-5.339690
37.800,25.300,1375.0000,4.850937
37.800,25.300,1376.0000,14.979696
37.800,25.300,1377.0000,8.603787
37.800,25.300,1378.0000,-9.461980
37.800,25.300,1379.0000,0.736993
37.800,25.300,1380.0000,0.380639
37.800,25.300,1381.0000,-0.174111
37.800,25.300,1382.0000,5.033047
37.800,25.300,1383.0000,0.692771
37.800,25.300,1384.0000,1.459719
37.800,25.300,1385.0000,-13.054840
37.800,25.300,1386.0000,-3.203871
37.800,25.300,1387.0000,2.968327
37.800,25.300,1388.0000,-7.663047
37.800,25.300,1389.0000,1.630940
37.800,25.300,1390.0000,9.665343
37.800,25.300,1391.0000,7.182470
37.800,25.300,1392.0000,0.764449
37.800,25.300,1393.0000,6.866708
37.800,25.300,1394.0000,9.887297
37.800,25.300,1395.0000,7.505235
37.800,25.300,1396.0000,9.704282
37.800,25.300,1397.0000,-11.505695
37.800,25.300,1398.0000,0.346476
37.800,25.300,1399.0000,2.611530
37.800,25.300,1400.0000,7.416166
37.800,25.300,1401.0000,-0.385537
37.800,25.300,1402.0000,-1.933388
37.800,25.300,1403.0000,4.995219
37.800,25.300,1404.0000,-2.505108
37.800,25.300,1405.0000,0.458005
37.800,25.300,1406.0000,17.538118
37.800,25.300,1407.0000,-1.568362
37.800,25.300,1408.0000,10.459276
37.800,25.300,1409.0000,3.806568
37.800,25.300,1410.0000,6.229921
37.800,25.300,1411.0000,7.335271
37.800,25.300,1412.0000,14.170667
37.800,25.300,1413.0000,10.432158
37.800,25.300,1414.0000,13.341124
37.800,25.300,1415.0000,9.491492
37.800,25.300,1416.0000,11.374953
37.800,25.300,1417.0000,5.063943
37.800,25.300,1418.0000,15.795340
37.800,25.300,1419.0000,3.512342
37.800,25.300,1420.0000,9.654390
37.800,25.300,1421.0000,24.460857
37.800,25.300,1422.0000,16.038775
37.800,25.300,1423.0000,9.858296
37.800,25.300,1424.0000,11.237819
37.800,25.300,1425.0000,28.630864
37.800,25.300,1426.0000,15.994451
37.800,25.300,1427.0000,11.337190
37.800,25.300,1428.0000,17.485865
37.800,25.300,1429.0000,22.731398
37.800,25.300,1430.0000,26.677375
37.800,25.300,1431.0000,25.464959
37.800,25.300,1432.0000,22.955089
37.800,25.300,1433.0000,20.357462
37.800,25.300,1434.0000,32.184432
37.800,25.300,1435.0000,34.254946
37.800,25.300,1436.0000,38.323977
37.800,25.300,1437.0000,46.943907
37.800,25.300,1438.0000,46.081367
37.800,25.300,1439.0000,60.877336
37.800,25.300,1440.0000,56.787023
37.800,25.300,1441.0000,65.331728
37.800,25.300,1442.0000,85.368906
37.800,25.300,1443.0000,93.385450
37.800,25.300,1444.0000,121.209902
37.800,25.300,1445.0000,129.146159
37.800,25.300,1446.0000,158.859722
37.800,25.300,1447.0000,172.296085
37.800,25.300,1448.0000,185.010234
37.800,25.300,1449.0000,199.661170
37.800,25.300,1450.0000,198.003625
37.800,25.300,1451.0000,190.045803
37.800,25.300,1452.0000,176.942217
37.800,25.300,1453.0000,158.123678
37.800,25.300,1454.0000,163.201607
37.800,25.300,1455.0000,135.642609
37.800,25.300,1456.0000,108.619765
37.800,25.300,1457.0000,95.553257
37.800,25.300,1458.0000,80.364824
37.800,25.300,1459.0000,70.446752
37.800,25.300,1460.0000,70.663265
37.800,25.300,1461.0000,57.996117
37.800,25.300,1462.0000,42.493167
37.800,25.300,1463.0000,43.139265
37.800,25.300,1464.0000,42.188017
37.800,25.300,1465.0000,45.693001
37.800,25.300,1466.0000,34.751390
37.800,25.300,1467.0000,29.854094
37.800,25.300,1468.0000,23.083278
37.800,25.300,1469.0000,27.893266
37.800,25.300,1470.0000,28.342316
37.800,25.300,1471.0000,29.980395
37.800,25.300,1472.0000,14.524747
37.800,25.300,1473.0000,4.290497
37.800,25.300,1474.0000,15.437866
37.800,25.300,1475.0000,24.066429
37.800,25.300,1476.0000,2.771724
37.800,25.300,1477.0000,7.881754
37.800,25.300,1478.0000,30.269315
37.800,25.300,1479.0000,12.939798
37.800,25.300,1480.0000,7.803685
37.800,25.300,1481.0000,9.046332
37.800,25.300,1482.0000,-0.526132
37.800,25.300,1483.0000,12.472533
37.800,25.300,1484.0000,12.725435
37.800,25.300,1485.0000,13.806216
37.800,25.300,1486.0000,7.912010
37.800,25.300,1487.0000,8.532935
37.800,25.300,1488.0000,10.260646
37.800,25.300,1489.0000,11.162241
37.800,25.300,1490.0000,4.808951
37.800,25.300,1491.0000,4.991445
37.800,25.300,1492.0000,13.018079
37.800,25.300,1493.0000,-0.708403
37.800,25.300,1494.0000,22.001229
37.800,25.300,1495.0000,0.772429
37.800,25.300,1496.0000,7.656921
37.800,25.300,1497.0000,-0.137834
37.800,25.300,1498.0000,3.191432
37.800,25.300,1499.0000,11.319851
37.800,25.300,1500.0000,-1.243520
37.800,25.300,1501.0000,8.325559
37.800,25.300,1502.0000,-0.337304
37.800,25.300,1503.0000,-1.960485
37.800,25.300,1504.0000,4.322292
37.800,25.300,1505.0000,0.866291
37.800,25.300,1506.0000,14.647533
37.800,25.300,1507.0000,0.572425
37.800,25.300,1508.0000,0.450895
37.800,25.300,1509.0000,9.096686
37.800,25.300,1510.0000,6.183349
37.800,25.300,1511.0000,16.306530
37.800,25.300,1512.0000,8.648947
37.800,25.300,1513.0000,-5.828688
37.800,25.300,1514.0000,6.435839
37.800,25.300,1515.0000,6.412992
37.800,25.300,1516.0000,-0.870298
37.800,25.300,1517.0000,1.467201
37.800,25.300,1518.0000,-6.812120
37.800,25.300,1519.0000,9.680768
37.800,25.300,1520.0000,4.878693
37.800,25.300,1521.0000,1.641301
37.800,25.300,1522.0000,6.492577
37.800,25.300,1523.0000,0.275287
37.800,25.300,1524.0000,-1.740874
37.800,25.300,1525.0000,2.942140
37.800,25.300,1526.0000,3.614578
37.800,25.300,1527.0000,1.351043
37.800,25.300,1528.0000,13.434349
37.800,25.300,1529.0000,4.906672
37.800,25.300,1530.0000,2.972680
37.800,25.300,1531.0000,12.026416
37.800,25.300,1532.0000,-0.548400
37.800,25.300,1533.0000,13.227329
37.800,25.300,1534.0000,12.969323
37.800,25.300,1535.0000,3.396693
37.800,25.300,1536.0000,2.725075
37.800,25.300,1537.0000,-4.027905
37.800,25.300,1538.0000,2.063722
37.800,25.300,1539.0000,4.338855
37.800,25.300,1540.0000,12.858976
37.800,25.300,1541.0000,-2.996899
37.800,25.300,1542.0000,10.371529
37.800,25.300,1543.0000,6.249720
37.800,25.300,1544.0000,0.121627
37.800,25.300,1545.0000,11.762051
37.800,25.300,1546.0000,10.346974
37.800,25.300,1547.0000,8.761559
37.800,25.300,1548.0000,5.888205
37.800,25.300,1549.0000,15.053336
37.800,25.300,1550.0000,14.254796
37.800,25.300,1551.0000,13.648632
37.800,25.300,1552.0000,10.154957
37.800,25.300,1553.0000,-6.324661
37.800,25.300,1554.0000,20.620577
37.800,25.300,1555.0000,10.730636
37.800,25.300,1556.0000,5.329226
37.800,25.300,1557.0000,7.961132
37.800,25.300,1558.0000,15.277849
37.800,25.300,1559.0000,7.594170
37.800,25.300,1560.0000,13.353963
37.800,25.300,1561.0000,13.437163
37.800,25.300,1562.0000,11.844581
37.800,25.300,1563.0000,11.846804
37.800,25.300,1564.0000,15.937576
37.800,25.300,1565.0000,9.928751
37.800,25.300,1566.0000,16.485753
37.800,25.300,1567.0000,16.957170
37.800,25.300,1568.0000,36.830565
37.800,25.300,1569.0000,30.267485
37.800,25.300,1570.0000,24.864937
37.800,25.300,1571.0000,20.031047
37.800,25.300,1572.0000,40.746142
37.800,25.300,1573.0000,45.403082
37.800,25.300,1574.0000,51.166688
37.800,25.300,1575.0000,59.800284
37.800,25.300,1576.0000,77.434614
37.800,25.300,1577.0000,90.960056
37.800,25.300,1578.0000,111.368156
37.800,25.300,1579.0000,126.341467
37.800,25.300,1580.0000,147.597681
37.800,25.300,1581.0000,174.323249
37.800,25.300,1582.0000,200.567494
37.800,25.300,1583.0000,200.167726
37.800,25.300,1584.0000,198.422776
37.800,25.300,1585.0000,190.207452
37.800,25.300,1586.0000,164.653166
37.800,25.300,1587.0000,159.442369
37.800,25.300,1588.0000,138.346905
37.800,25.300,1589.0000,108.152646
37.800,25.300,1590.0000,116.901292
37.800,25.300,1591.0000,116.764112
37.800,25.300,1592.0000,121.658908
37.800,25.300,1593.0000,122.713075
37.800,25.300,1594.0000,147.624906
37.800,25.300,1595.0000,167.194629
37.800,25.300,1596.0000,193.020888
37.800,25.300,1597.0000,229.880279
37.800,25.300,1598.0000,296.521970
37.800,25.300,1599.0000,362.010722
37.800,25.300,1600.0000,457.476543
37.800,25.300,1601.0000,527.483736
37.800,25.300,1602.0000,569.976337
37.800,25.300,1603.0000,545.239304
37.800,25.300,1604.0000,445.885449
37.800,25.300,1605.0000,365.604745
37.800,25.300,1606.0000,288.528046
37.800,25.300,1607.0000,228.091595
37.800,25.300,1608.0000,187.047001
37.800,25.300,1609.0000,146.558269
37.800,25.300,1610.0000,109.994544
37.800,25.300,1611.0000,85.111159
37.800,25.300,1612.0000,76.204774
37.800,25.300,1613.0000,75.343069
37.800,25.300,1614.0000,54.293043
37.800,25.300,1615.0000,51.713740
37.800,25.300,1616.0000,43.814743
37.800,25.300,1617.0000,40.763217
37.800,25.300,1618.0000,30.836011
37.800,25.300,1619.0000,34.272232
37.800,25.300,1620.0000,30.751606
37.800,25.300,1621.0000,29.535497
37.800,25.300,1622.0000,25.821514
37.800,25.300,1623.0000,28.821976
37.800,25.300,1624.0000,10.670387
37.800,25.300,1625.0000,17.077515
37.800,25.300,1626.0000,21.552336
37.800,25.300,1627.0000,17.178387
37.800,25.300,1628.0000,17.195851
37.800,25.300,1629.0000,21.727792
37.800,25.300,1630.0000,14.380906
37.800,25.300,1631.0000,18.301021
37.800,25.300,1632.0000,11.614267
37.800,25.300,1633.0000,8.530193
37.800,25.300,1634.0000,6.252326
37.800,25.300,1635.0000,11.688487
37.800,25.300,1636.0000,1.703068
37.800,25.300,1637.0000,3.874913
37.800,25.300,1638.0000,1.513001
37.800,25.300,1639.0000,22.514468
37.800,25.300,1640.0000,-0.025034
37.800,25.300,1641.0000,2.447784
37.800,25.300,1642.0000,4.888983
37.800,25.300,1643.0000,-0.400906
37.800,25.300,1644.0000,14.459395
37.800,25.300,1645.0000,9.374747
37.800,25.300,1646.0000,4.152018
37.800,25.300,1647.0000,4.414630
37.800,25.300,1648.0000,8.196864
37.800,25.300,1649.0000,4.269728
37.800,25.300,1650.0000,-2.827318
37.800,25.300,1651.0000,4.770441
37.800,25.300,1652.0000,15.470347
37.800,25.300,1653.0000,2.507766
37.800,25.300,1654.0000,-1.499771
37.800,25.300,1655.0000,-1.041189
37.800,25.300,1656.0000,8.125453
37.800,25.300,1657.0000,11.678859
37.800,25.300,1658.0000,16.377407
37.800,25.300,1659.0000,12.084431
37.800,25.300,1660.0000,11.883156
37.800,25.300,1661.0000,3.794148
37.800,25.300,1662.0000,0.031349
37.800,25.300,1663.0000,9.346926
37.800,25.300,1664.0000,3.651506
37.800,25.300,1665.0000,-5.697840
37.800,25.300,1666.0000,-3.164353
37.800,25.300,1667.0000,-2.164113
37.800,25.300,1668.0000,7.027958
37.800,25.300,1669.0000,7.904451
37.800,25.300,1670.0000,-5.610082
37.800,25.300,1671.0000,-1.915294
37.800,25.300,1672.0000,-6.652994
37.800,25.300,1673.0000,5.094021
37.800,25.300,1674.0000,-4.466705
37.800,25.300,1675.0000,0.007737
37.800,25.300,1676.0000,4.059979
37.800,25.300,1677.0000,9.967007
37.800,25.300,1678.0000,8.229583
37.800,25.300,1679.0000,-2.153171
37.800,25.300,1680.0000,2.986314
37.800,25.300,1681.0000,-0.840372
37.800,25.300,1682.0000,7.126347
37.800,25.300,1683.0000,-4.698986
37.800,25.300,1684.0000,2.870139
37.800,25.300,1685.0000,3.880023
37.800,25.300,1686.0000,-1.072884
37.800,25.300,1687.0000,-0.498539
37.800,25.300,1688.0000,0.435851
37.800,25.300,1689.0000,-3.737065
37.800,25.300,1690.0000,10.432847
37.800,25.300,1691.0000,1.113376
37.800,25.300,1692.0000,0.601408
37.800,25.300,1693.0000,-0.627615
37.800,25.300,1694.0000,-3.222700
37.800,25.300,1695.0000,-3.375503
37.800,25.300,1696.0000,-1.008471
37.800,25.300,1697.0000,3.072876
37.800,25.300,1698.0000,0.037670
37.800,25.300,1699.0000,3.165917
37.800,25.300,1700.0000,8.799831
37.800,25.300,1701.0000,-3.593129
37.800,25.300,1702.0000,-3.539631
37.800,25.300,1703.0000,6.847447
37.800,25.300,1704.0000,3.087787
37.800,25.300,1705.0000,5.572182
37.800,25.300,1706.0000,7.341239
37.800,25.300,1707.0000,-0.078428
37.800,25.300,1708.0000,2.744419
37.800,25.300,1709.0000,6.527217
37.800,25.300,1710.0000,-10.287933
37.800,25.300,1711.0000,-1.900603
37.800,25.300,1712.0000,-9.070294
37.800,25.300,1713.0000,-4.494433
37.800,25.300,1714.0000,-5.396927
37.800,25.300,1715.0000,-8.373376
37.800,25.300,1716.0000,14.117385
37.800,25.300,1717.0000,6.549845
37.800,25.300,1718.0000,6.496408
37.800,25.300,1719.0000,-9.239119
37.800,25.300,1720.0000,-2.697521
37.800,25.300,1721.0000,-2.148237
37.800,25.300,1722.0000,-3.329178
37.800,25.300,1723.0000,-1.642706
37.800,25.300,1724.0000,2.398213
37.800,25.300,1725.0000,19.470273
37.800,25.300,1726.0000,0.297897
37.800,25.300,1727.0000,-4.914236
37.800,25.300,1728.0000,8.805029
37.800,25.300,1729.0000,-2.222523
37.800,25.300,1730.0000,13.100574
37.800,25.300,1731.0000,-8.901074
37.800,25.300,1732.0000,6.794217
37.800,25.300,1733.0000,10.210689
37.800,25.300,1734.0000,-8.761328
37.800,25.300,1735.0000,0.769176
37.800,25.300,1736.0000,-0.976531
37.800,25.300,1737.0000,12.192933
37.800,25.300,1738.0000,7.632516
37.800,25.300,1739.0000,-5.873769
37.800,25.300,1740.0000,9.687623
37.800,25.300,1741.0000,-2.165413
37.800,25.300,1742.0000,4.955450
37.800,25.300,1743.0000,4.191041
37.800,25.300,1744.0000,-0.751571
37.800,25.300,1745.0000,1.672986
37.800,25.300,1746.0000,5.570460
37.800,25.300,1747.0000,0.848486
37.800,25.300,1748.0000,-4.587938
37.800,25.300,1749.0000,2.806321
37.800,25.300,1750.0000,3.887975
37.800,25.300,1751.0000,-1.270594
37.800,25.300,1752.0000,-1.398625
37.800,25.300,1753.0000,-3.494898
37.800,25.300,1754.0000,-5.985647
37.800,25.300,1755.0000,-8.569136
37.800,25.300,1756.0000,11.392324
37.800,25.300,1757.0000,8.352674
37.800,25.300,1758.0000,-2.646645
37.800,25.300,1759.0000,-0.132328
37.800,25.300,1760.0000,10.228161
37.800,25.300,1761.0000,-5.989325
37.800,25.300,1762.0000,-2.132917
37.800,25.300,1763.0000,7.402684
37.800,25.300,1764.0000,7.834899
37.800,25.300,1765.0000,-2.503284
37.800,25.300,1766.0000,-0.638346
37.800,25.300,1767.0000,6.476679
37.800,25.300,1768.0000,3.349766
37.800,25.300,1769.0000,0.888362
37.800,25.300,1770.0000,4.006967
37.800,25.300,1771.0000,0.876924
37.800,25.300,1772.0000,-4.585583
37.800,25.300,1773.0000,5.696891
37.800,25.300,1774.0000,6.022393
37.800,25.300,1775.0000,-16.099618
37.800,25.300,1776.0000,-3.329862
37.800,25.300,1777.0000,-1.096661
37.800,25.300,1778.0000,4.703375
37.800,25.300,1779.0000,-13.602173
37.800,25.300,1780.0000,-1.443035
37.800,25.300,1781.0000,8.136936
37.800,25.300,1782.0000,-10.151202
37.800,25.300,1783.0000,7.102796
37.800,25.300,1784.0000,6.460806
37.800,25.300,1785.0000,-0.899523
37.800,25.300,1786.0000,-0.285355
37.800,25.300,1787.0000,-3.017265
37.800,25.300,1788.0000,1.626204
37.800,25.300,1789.0000,-4.745235
37.800,25.300,1790.0000,11.303833
37.800,25.300,1791.0000,1.615663
37.800,25.300,1792.0000,1.545190
37.800,25.300,1793.0000,-7.901382
37.800,25.300,1794.0000,3.501788
37.800,25.300,1795.0000,7.399387
37.800,25.300,1796.0000,-9.026254
37.800,25.300,1797.0000,-4.693309
37.800,25.300,1798.0000,-4.331573
37.800,25.300,1799.0000,6.469648
37.800,25.300,1800.0000,-1.728156
37.800,25.300,1801.0000,-2.277205
37.800,25.300,1802.0000,5.142984
37.800,25.300,1803.0000,-5.645521
37.800,25.300,1804.0000,3.126012
37.800,25.300,1805.0000,-2.021087
37.800,25.300,1806.0000,17.948905
37.800,25.300,1807.0000,6.936693
37.800,25.300,1808.0000,2.106347
37.800,25.300,1809.0000,-8.044089
37.800,25.300,1810.0000,-3.025784
37.800,25.300,1811.0000,-3.449898
37.800,25.300,1812.0000,-1.128886
37.800,25.300,1813.0000,5.334444
37.800,25.300,1814.0000,-0.012147
37.800,25.300,1815.0000,-1.881784
37.800,25.300,1816.0000,-9.524759
37.800,25.300,1817.0000,-2.437246
37.800,25.300,1818.0000,2.484959
37.800,25.300,1819.0000,-0.793762
37.800,25.300,1820.0000,2.268278
37.800,25.300,1821.0000,-1.906328
37.800,25.300,1822.0000,-6.970229
37.800,25.300,1823.0000,-3.385021
37.800,25.300,1824.0000,-8.133045
37.800,25.300,1825.0000,5.354648
37.800,25.300,1826.0000,2.522300
37.800,25.300,1827.0000,0.829486
37.800,25.300,1828.0000,-8.120349
37.800,25.300,1829.0000,-9.137859
37.800,25.300,1830.0000,8.734129
37.800,25.300,1831.0000,6.720396
37.800,25.300,1832.0000,-1.992132
37.800,25.300,1833.0000,-5.344836
37.800,25.300,1834.0000,-4.045363
37.800,25.300,1835.0000,-0.599717
37.800,25.300,1836.0000,4.679014
37.800,25.300,1837.0000,-1.194594
37.800,25.300,1838.0000,2.332341
37.800,25.300,1839.0000,1.921059
37.800,25.300,1840.0000,-11.727905
37.800,25.300,1841.0000,-2.028872
37.800,25.300,1842.0000,-4.537214
37.800,25.300,1843.0000,4.007438
37.800,25.300,1844.0000,10.707047
37.800,25.300,1845.0000,4.474853
37.800,25.300,1846.0000,1.296061
37.800,25.300,1847.0000,-3.696820
37.800,25.300,1848.0000,-0.629798
37.800,25.300,1849.0000,-2.082014
37.800,25.300,1850.0000,-6.548265
37.800,25.300,1851.0000,-4.320511
37.800,25.300,1852.0000,8.356553
37.800,25.300,1853.0000,-2.288867
37.800,25.300,1854.0000,-1.668078
37.800,25.300,1855.0000,-2.595314
37.800,25.300,1856.0000,8.587552
37.800,25.300,1857.0000,10.149935
37.800,25.300,1858.0000,-0.640292
37.800,25.300,1859.0000,-1.055186
37.800,25.300,1860.0000,-9.062250
37.800,25.300,1861.0000,-13.146464
37.800,25.300,1862.0000,6.722450
37.800,25.300,1863.0000,-1.657453
37.800,25.300,1864.0000,-2.004825
37.800,25.300,1865.0000,-0.675096
37.800,25.300,1866.0000,-3.399118
37.800,25.300,1867.0000,-3.701094
37.800,25.300,1868.0000,-3.447242
37.800,25.300,1869.0000,7.293640
37.800,25.300,1870.0000,-4.135945
37.800,25.300,1871.0000,5.695833
37.800,25.300,1872.0000,3.288302
37.800,25.300,1873.0000,10.739531
37.800,25.300,1874.0000,3.148691
37.800,25.300,1875.0000,1.058383
37.800,25.300,1876.0000,5.090818
37.800,25.300,1877.0000,0.960594
37.800,25.300,1878.0000,-1.430841
37.800,25.300,1879.0000,3.336104
37.800,25.300,1880.0000,5.514142
37.800,25.300,1881.0000,-3.097391
37.800,25.300,1882.0000,0.842088
37.800,25.300,1883.0000,3.278197
37.800,25.300,1884.0000,11.218832
37.800,25.300,1885.0000,7.709808
37.800,25.300,1886.0000,0.222416
37.800,25.300,1887.0000,-4.678795
37.800,25.300,1888.0000,-3.582090
37.800,25.300,1889.0000,8.971392
37.800,25.300,1890.0000,-9.527743
37.800,25.300,1891.0000,8.916094
37.800,25.300,1892.0000,-2.221925
37.800,25.300,1893.0000,1.040680
37.800,25.300,1894.0000,-8.981096
37.800,25.300,1895.0000,5.663778
37.800,25.300,1896.0000,-1.096580
37.800,25.300,1897.0000,4.134572
37.800,25.300,1898.0000,-7.164081
37.800,25.300,1899.0000,9.276167
37.800,25.300,1900.0000,2.845874
37.800,25.300,1901.0000,-15.884650
37.800,25.300,1902.0000,8.695298
37.800,25.300,1903.0000,-8.509153
37.800,25.300,1904.0000,-2.016938
37.800,25.300,1905.0000,10.019796
37.800,25.300,1906.0000,-6.739268
37.800,25.300,1907.0000,14.340040
37.800,25.300,1908.0000,3.712499
37.800,25.300,1909.0000,2.000247
37.800,25.300,1910.0000,-5.952755
37.800,25.300,1911.0000,2.193942
37.800,25.300,1912.0000,-1.683105
37.800,25.300,1913.0000,9.100748
37.800,25.300,1914.0000,1.923564
37.800,25.300,1915.0000,11.993716
37.800,25.300,1916.0000,0.427575
37.800,25.300,1917.0000,12.038179
37.800,25.300,1918.0000,-4.045566
37.800,25.300,1919.0000,5.666670
37.800,25.300,1920.0000,3.043446
37.800,25.300,1921.0000,-9.059376
37.800,25.300,1922.0000,-1.014902
37.800,25.300,1923.0000,-4.236593
37.800,25.300,1924.0000,-8.630495
37.800,25.300,1925.0000,3.405971
37.800,25.300,1926.0000,-8.308323
37.800,25.300,1927.0000,-0.199235
37.800,25.300,1928.0000,-6.796465
37.800,25.300,1929.0000,-0.260046
37.800,25.300,1930.0000,-1.160665
37.800,25.300,1931.0000,9.191830
37.800,25.300,1932.0000,1.593583
37.800,25.300,1933.0000,2.350825
37.800,25.300,1934.0000,-3.191330
37.800,25.300,1935.0000,-6.980150
37.800,25.300,1936.0000,4.299233
37.800,25.300,1937.0000,8.216164
37.800,25.300,1938.0000,-0.721157
37.800,25.300,1939.0000,-6.306725
37.800,25.300,1940.0000,1.635797
37.800,25.300,1941.0000,-6.359239
37.800,25.300,1942.0000,-0.057445
37.800,25.300,1943.0000,6.120883
37.800,25.300,1944.0000,-5.774470
37.800,25.300,1945.0000,1.843240
37.800,25.300,1946.0000,-12.705567
37.800,25.300,1947.0000,8.844352
37.800,25.300,1948.0000,-5.664982
37.800,25.300,1949.0000,8.173794
37.800,25.300,1950.0000,-5.056564
37.800,25.300,1951.0000,3.389470
37.800,25.300,1952.0000,-2.818508
37.800,25.300,1953.0000,-2.697896
37.800,25.300,1954.0000,-0.471998
37.800,25.300,1955.0000,-4.658317
37.800,25.300,1956.0000,3.588257
37.800,25.300,1957.0000,3.219149
37.800,25.300,1958.0000,1.886500
37.800,25.300,1959.0000,0.652407
37.800,25.300,1960.0000,5.428009
37.800,25.300,1961.0000,4.619552
37.800,25.300,1962.0000,-0.830503
37.800,25.300,1963.0000,2.312868
37.800,25.300,1964.0000,-1.660327
37.800,25.300,1965.0000,0.901062
37.800,25.300,1966.0000,-6.575881
37.800,25.300,1967.0000,-3.915076
37.800,25.300,1968.0000,-1.398283
37.800,25.300,1969.0000,1.506242
37.800,25.300,1970.0000,-5.627343
37.800,25.300,1971.0000,-0.085370
37.800,25.300,1972.0000,2.094826
37.800,25.300,1973.0000,4.367606
37.800,25.300,1974.0000,-0.157875
37.800,25.300,1975.0000,1.283520
37.800,25.300,1976.0000,0.860907
37.800,25.300,1977.0000,3.848497
37.800,25.300,1978.0000,5.439459
37.800,25.300,1979.0000,-3.059464
37.800,25.300,1980.0000,-4.171073
37.800,25.300,1981.0000,-1.311656
37.800,25.300,1982.0000,0.032431
37.800,25.300,1983.0000,-9.180286
37.800,25.300,1984.0000,-1.700999
37.800,25.300,1985.0000,8.545960
37.800,25.300,1986.0000,-3.936322
37.800,25.300,1987.0000,-0.910109
37.800,25.300,1988.0000,11.438190
37.800,25.300,1989.0000,-4.041229
37.800,25.300,1990.0000,-4.982709
37.800,25.300,1991.0000,-5.011725
37.800,25.300,1992.0000,-1.640563
37.800,25.300,1993.0000,8.025208
37.800,25.300,1994.0000,-4.685626
37.800,25.300,1995.0000,0.373983
37.800,25.300,1996.0000,1.024975
37.800,25.300,1997.0000,-1.201977
37.800,25.300,1998.0000,2.769385
37.800,25.300,1999.0000,-9.970963
37.800,25.300,2000.0000,2.631098
37.800,25.400,200.0000,2.217086
37.800,25.400,201.0000,-6.449685
37.800,25.400,202.0000,2.008636
37.800,25.400,203.0000,-2.145168
37.800,25.400,204.0000,-9.040798
37.800,25.400,205.0000,-2.249367
37.800,25.400,206.0000,-7.057712
37.800,25.400,207.0000,-5.504123
37.800,25.400,208.0000,-13.393485
37.800,25.400,209.0000,-3.229600
37.800,25.400,210.0000,8.205563
37.800,25.400,211.0000,-2.145210
37.800,25.400,212.0000,0.351180
37.800,25.400,213.0000,-2.371069
37.800,25.400,214.0000,4.115186
37.800,25.400,215.0000,2.822114
37.800,25.400,216.0000,3.435176
37.800,25.400,217.0000,-0.136461
37.800,25.400,218.0000,5.602372
37.800,25.400,219.0000,8.296213
37.800,25.400,220.0000,5.556170
37.800,25.400,221.0000,12.791647
37.800,25.400,222.0000,1.172161
37.800,25.400,223.0000,1.565697
37.800,25.400,224.0000,-0.869974
37.800,25.400,225.0000,-3.012612
37.800,25.400,226.0000,1.058683
37.800,25.400,227.0000,2.060647
37.800,25.400,228.0000,1.828226
37.800,25.400,229.0000,-2.511189
37.800,25.400,230.0000,-3.835605
37.800,25.400,231.0000,-5.422199
37.800,25.400,232.0000,-0.479557
37.800,25.400,233.0000,4.228893
37.800,25.400,234.0000,-1.368782
37.800,25.400,235.0000,-1.217105
37.800,25.400,236.0000,8.122526
37.800,25.400,237.0000,-13.667857
37.800,25.400,238.0000,-8.574876
37.800,25.400,239.0000,-2.114372
37.800,25.400,240.0000,-6.408159
37.800,25.400,241.0000,5.447920
37.800,25.400,242.0000,3.898220
37.800,25.400,243.0000,0.786752
37.800,25.400,244.0000,6.259818
37.800,25.400,245.0000,-0.211248
37.800,25.400,246.0000,3.298765
37.800,25.400,247.0000,-8.295216
37.800,25.400,248.0000,6.747668
37.800,25.400,249.0000,-2.136747
37.800,25.400,250.0000,0.980490
37.800,25.400,251.0000,-4.436721
37.800,25.400,252.0000,4.132356
37.800,25.400,253.0000,9.872008
37.800,25.400,254.0000,7.108930
37.800,25.400,255.0000,7.948713
37.800,25.400,256.0000,4.518883
37.800,25.400,257.0000,9.732175
37.800,25.400,258.0000,-0.404377
37.800,25.400,259.0000,-1.084243
37.800,25.400,260.0000,11.412908
37.800,25.400,261.0000,-6.103414
37.800,25.400,262.0000,-3.626063
37.800,25.400,263.0000,6.267930
37.800,25.400,264.0000,-0.212014
37.800,25.400,265.0000,14.518037
37.800,25.400,266.0000,3.958159
37.800,25.400,267.0000,5.926787
37.800,25.400,268.0000,-7.130703
37.800,25.400,269.0000,-12.043873
37.800,25.400,270.0000,3.985723
37.800,25.400,271.0000,0.203038
37.800,25.400,272.0000,-11.351118
37.800,25.400,273.0000,0.242448
37.800,25.400,274.0000,4.535441
37.800,25.400,275.0000,3.205865
37.800,25.400,276.0000,1.048719
37.800,25.400,277.0000,4.535015
37.800,25.400,278.0000,-1.943254
37.800,25.400,279.0000,1.405729
37.800,25.400,280.0000,-3.880869
37.800,25.400,281.0000,5.292567
37.800,25.400,282.0000,-8.854189
37.800,25.400,283.0000,9.522305
37.800,25.400,284.0000,6.512054
37.800,25.400,285.0000,-0.529795
37.800,25.400,286.0000,4.820300
37.800,25.400,287.0000,10.863877
37.800,25.400,288.0000,11.109508
37.800,25.400,289.0000,2.117482
37.800,25.400,290.0000,-6.481743
37.800,25.400,291.0000,0.082103
37.800,25.400,292.0000,7.348165
37.800,25.400,293.0000,1.532875
37.800,25.400,294.0000,3.746871
37.800,25.400,295.0000,3.045590
37.800,25.400,296.0000,-1.439282
37.800,25.400,297.0000,-2.304811
37.800,25.400,298.0000,4.257537
37.800,25.400,299.0000,0.495238
37.800,25.400,300.0000,1.372821
37.800,25.400,301.0000,4.203893
37.800,25.400,302.0000,2.220941
37.800,25.400,303.0000,-4.087017
37.800,25.400,304.0000,-6.004941
37.800,25.400,305.0000,-10.529199
37.800,25.400,306.0000,5.411051
37.800,25.400,307.0000,2.222768
37.800,25.400,308.0000,-0.660707
37.800,25.400,309.0000,1.658155
37.800,25.400,310.0000,6.115165
37.800,25.400,311.0000,-4.904528
37.800,25.400,312.0000,3.897052
37.800,25.400,313.0000,3.735837
37.800,25.400,314.0000,-2.693919
37.800,25.400,315.0000,-6.856202
37.800,25.400,316.0000,2.348137
37.800,25.400,317.0000,-3.980917
37.800,25.400,318.0000,1.058831
37.800,25.400,319.0000,-1.361953
37.800,25.400,320.0000,-1.498404
37.800,25.400,321.0000,2.929866
37.800,25.400,322.0000,-0.433649
37.800,25.400,323.0000,4.661160
37.800,25.400,324.0000,-0.290152
37.800,25.400,325.0000,2.817206
37.800,25.400,326.0000,-3.751017
37.800,25.400,327.0000,9.275487
37.800,25.400,328.0000,5.985007
37.800,25.400,329.0000,-6.399756
37.800,25.400,330.0000,-1.253818
37.800,25.400,331.0000,-3.776524
37.800,25.400,332.0000,-7.334503
37.800,25.400,333.0000,-4.433872
37.800,25.400,334.0000,0.708025
37.800,25.400,335.0000,-3.240079
37.800,25.400,336.0000,3.290971
37.800,25.400,337.0000,3.466819
37.800,25.400,338.0000,-8.945857
37.800,25.400,339.0000,7.505373
37.800,25.400,340.0000,2.652578
37.800,25.400,341.0000,-3.972962
37.800,25.400,342.0000,-13.143733
37.800,25.400,343.0000,3.295979
37.800,25.400,344.0000,5.606967
37.800,25.400,345.0000,3.555233
37.800,25.400,346.0000,-1.834823
37.800,25.400,347.0000,-4.897653
37.800,25.400,348.0000,-3.129090
37.800,25.400,349.0000,11.522993
37.800,25.400,350.0000,-8.576713
37.800,25.400,351.0000,4.444709
37.800,25.400,352.0000,6.860051
37.800,25.400,353.0000,0.970211
37.800,25.400,354.0000,-3.718981
37.800,25.400,355.0000,3.555137
37.800,25.400,356.0000,2.706880
37.800,25.400,357.0000,10.644274
37.800,25.400,358.0000,0.768953
37.800,25.400,359.0000,4.030027
37.800,25.400,360.0000,0.520892
37.800,25.400,361.0000,-6.328555
37.800,25.400,362.0000,5.741855
37.800,25.400,363.0000,-8.899718
37.800,25.400,364.0000,8.096744
37.800,25.400,365.0000,6.367927
37.800,25.400,366.0000,7.515467
37.800,25.400,367.0000,4.001140
37.800,25.400,368.0000,-8.253612
37.800,25.400,369.0000,-9.233108
37.800,25.400,370.0000,1.934486
37.800,25.400,371.0000,18.495730
37.800,25.400,372.0000,3.367703
37.800,25.400,373.0000,-2.152763
37.800,25.400,374.0000,-2.679295
37.800,25.400,375.0000,3.623296
37.800,25.400,376.0000,-6.157309
37.800,25.400,377.0000,1.056508
37.800,25.400,378.0000,-14.666045
37.800,25.400,379.0000,6.414462
37.800,25.400,380.0000,-3.906786
37.800,25.400,381.0000,10.840082
37.800,25.400,382.0000,-0.293093
37.800,25.400,383.0000,0.828509
37.800,25.400,384.0000,-4.843844
37.800,25.400,385.0000,-1.736523
37.800,25.400,386.0000,-6.568107
37.800,25.400,387.0000,-9.117749
37.800,25.400,388.0000,3.359040
37.800,25.400,389.0000,-4.077148
37.800,25.400,390.0000,0.935023
37.800,25.400,391.0000,-1.050396
37.800,25.400,392.0000,11.228804
37.800,25.400,393.0000,0.205679
37.800,25.400,394.0000,4.554273
37.800,25.400,395.0000,-4.642927
37.800,25.400,396.0000,-4.364827
37.800,25.400,397.0000,-2.039671
37.800,25.400,398.0000,11.428276
37.800,25.400,399.0000,5.492686
37.800,25.400,400.0000,13.373781
37.800,25.400,401.0000,12.822314
37.800,25.400,402.0000,11.088599
37.800,25.400,403.0000,9.592528
37.800,25.400,404.0000,-0.339854
37.800,25.400,405.0000,9.353349
37.800,25.400,406.0000,6.017370
37.800,25.400,407.0000,4.331955
37.800,25.400,408.0000,-1.655395
37.800,25.400,409.0000,-1.586703
37.800,25.400,410.0000,-3.571066
37.800,25.400,411.0000,6.002727
37.800,25.400,412.0000,11.550706
37.800,25.400,413.0000,2.155532
37.800,25.400,414.0000,0.798259
37.800,25.400,415.0000,3.281766
37.800,25.400,416.0000,3.667970
37.800,25.400,417.0000,-16.863762
37.800,25.400,418.0000,-1.033468
37.800,25.400,419.0000,-2.223244
37.800,25.400,420.0000,2.625879
37.800,25.400,421.0000,-3.804045
37.800,25.400,422.0000,0.293378
37.800,25.400,423.0000,-6.109194
37.800,25.400,424.0000,-2.558130
37.800,25.400,425.0000,8.294399
37.800,25.400,426.0000,0.050025
37.800,25.400,427.0000,-15.216631
37.800,25.400,428.0000,9.694542
37.800,25.400,429.0000,-10.910869
37.800,25.400,430.0000,-7.762286
37.800,25.400,431.0000,6.192931
37.800,25.400,432.0000,-6.924399
37.800,25.400,433.0000,2.002456
37.800,25.400,434.0000,-10.076087
37.800,25.400,435.0000,2.416893
37.800,25.400,436.0000,4.841369
37.800,25.400,437.0000,-7.494527
37.800,25.400,438.0000,-0.096893
37.800,25.400,439.0000,-5.133982
37.800,25.400,440.0000,-4.214370
37.800,25.400,441.0000,-2.562057
37.800,25.400,442.0000,4.592967
37.800,25.400,443.0000,-6.893187
37.800,25.400,444.0000,-2.291343
37.800,25.400,445.0000,-6.692030
37.800,25.400,446.0000,2.448355
37.800,25.400,447.0000,0.664192
37.800,25.400,448.0000,2.078111
37.800,25.400,449.0000,5.082534
37.800,25.400,450.0000,-5.642416
37.800,25.400,451.0000,7.671152
37.800,25.400,452.0000,-6.094129
37.800,25.400,453.0000,-0.827286
37.800,25.400,454.0000,-2.231999
37.800,25.400,455.0000,-0.908411
37.800,25.400,456.0000,-4.143457
37.800,25.400,457.0000,9.026339
37.800,25.400,458.0000,1.358465
37.800,25.400,459.0000,4.741467
37.800,25.400,460.0000,8.097186
37.800,25.400,461.0000,-5.179252
37.800,25.400,462.0000,-0.798578
37.800,25.400,463.0000,2.990924
37.800,25.400,464.0000,1.175754
37.800,25.400,465.0000,4.523593
37.800,25.400,466.0000,-0.957903
37.800,25.400,467.0000,13.763223
37.800,25.400,468.0000,1.603830
37.800,25.400,469.0000,-10.513224
37.800,25.400,470.0000,2.825837
37.800,25.400,471.0000,-0.185008
37.800,25.400,472.0000,-1.023898
37.800,25.400,473.0000,9.220214
37.800,25.400,474.0000,3.285783
37.800,25.400,475.0000,8.534949
37.800,25.400,476.0000,3.118884
37.800,25.400,477.0000,-3.941949
37.800,25.400,478.0000,12.711988
37.800,25.400,479.0000,2.671449
37.800,25.400,480.0000,8.142448
37.800,25.400,481.0000,10.864128
37.800,25.400,482.0000,4.882145
37.800,25.400,483.0000,3.167624
37.800,25.400,484.0000,-3.486731
37.800,25.400,485.0000,0.980723
37.800,25.400,486.0000,-14.310069
37.800,25.400,487.0000,-3.199087
37.800,25.400,488.0000,-1.769071
37.800,25.400,489.0000,-3.366734
37.800,25.400,490.0000,1.736491
37.800,25.400,491.0000,4.258257
37.800,25.400,492.0000,-0.159800
37.800,25.400,493.0000,6.642982
37.800,25.400,494.0000,8.691069
37.800,25.400,495.0000,2.889571
37.800,25.400,496.0000,8.369135
37.800,25.400,497.0000,-7.590145
37.800,25.400,498.0000,-2.630555
37.800,25.400,499.0000,-12.141749
37.800,25.400,500.0000,-1.714475
37.800,25.400,501.0000,-3.299299
37.800,25.400,502.0000,2.008726
37.800,25.400,503.0000,2.948260
37.800,25.400,504.0000,-4.657112
37.800,25.400,505.0000,8.034078
37.800,25.400,506.0000,10.855949
37.800,25.400,507.0000,0.443365
37.800,25.400,508.0000,6.219070
37.800,25.400,509.0000,-5.632730
37.800,25.400,510.0000,-0.248229
37.800,25.400,511.0000,4.543987
37.800,25.400,512.0000,1.312020
37.800,25.400,513.0000,12.383619
37.800,25.400,514.0000,-7.904522
37.800,25.400,515.0000,6.252982
37.800,25.400,516.0000,4.285810
37.800,25.400,517.0000,-0.729088
37.800,25.400,518.0000,5.739372
37.800,25.400,519.0000,4.974740
37.800,25.400,520.0000,3.752123
37.800,25.400,521.0000,8.134829
37.800,25.400,522.0000,-5.141334
37.800,25.400,523.0000,3.497983
37.800,25.400,524.0000,1.063767
37.800,25.400,525.0000,-13.573054
37.800,25.400,526.0000,3.192434
37.800,25.400,527.0000,5.162109
37.800,25.400,528.0000,-1.296478
37.800,25.400,529.0000,-5.739088
37.800,25.400,530.0000,3.307605
37.800,25.400,531.0000,3.765920
37.800,25.400,532.0000,0.476693
37.800,25.400,533.0000,-7.430904
37.800,25.400,534.0000,-6.023619
37.800,25.400,535.0000,-7.702839
37.800,25.400,536.0000,2.203036
37.800,25.400,537.0000,4.840419
37.800,25.400,538.0000,11.686271
37.800,25.400,539.0000,1.839205
37.800,25.400,540.0000,7.323211
37.800,25.400,541.0000,8.867163
37.800,25.400,542.0000,-1.760222
37.800,25.400,543.0000,6.664318
37.800,25.400,544.0000,1.321579
37.800,25.400,545.0000,-3.629450
37.800,25.400,546.0000,1.371304
37.800,25.400,547.0000,5.280099
37.800,25.400,548.0000,1.845210
37.800,25.400,549.0000,3.126161
37.800,25.400,550.0000,-5.212401
37.800,25.400,551.0000,-12.830154
37.800,25.400,552.0000,5.389980
37.800,25.400,553.0000,-2.228095
37.800,25.400,554.0000,9.146012
37.800,25.400,555.0000,12.078339
37.800,25.400,556.0000,4.066566
37.800,25.400,557.0000,-3.181479
37.800,25.400,558.0000,-3.504943
37.800,25.400,559.0000,5.027861
37.800,25.400,560.0000,-6.262321
37.800,25.400,561.0000,7.483432
37.800,25.400,562.0000,14.786098
37.800,25.400,563.0000,3.317948
37.800,25.400,564.0000,15.026423
37.800,25.400,565.0000,4.107838
37.800,25.400,566.0000,2.813664
37.800,25.400,567.0000,3.119136
37.800,25.400,568.0000,-2.400779
37.800,25.400,569.0000,-3.708979
37.800,25.400,570.0000,0.313907
37.800,25.400,571.0000,-1.291914
37.800,25.400,572.0000,10.955640
37.800,25.400,573.0000,7.088409
37.800,25.400,574.0000,4.155012
37.800,25.400,575.0000,10.396155
37.800,25.400,576.0000,9.832625
37.800,25.400,577.0000,17.879514
37.800,25.400,578.0000,6.575632
37.800,25.400,579.0000,6.465282
37.800,25.400,580.0000,4.301969
37.800,25.400,581.0000,13.978355
37.800,25.400,582.0000,10.026455
37.800,25.400,583.0000,14.132694
37.800,25.400,584.0000,4.136221
37.800,25.400,585.0000,24.801361
37.800,25.400,586.0000,19.774981
37.800,25.400,587.0000,13.778262
37.800,25.400,588.0000,28.036846
37.800,25.400,589.0000,28.978533
37.800,25.400,590.0000,41.784793
37.800,25.400,591.0000,37.976749
37.800,25.400,592.0000,47.878609
37.800,25.400,593.0000,63.247677
37.800,25.400,594.0000,84.436906
37.800,25.400,595.0000,89.474492
37.800,25.400,596.0000,106.210030
37.800,25.400,597.0000,135.276662
37.800,25.400,598.0000,160.819245
37.800,25.400,599.0000,179.170773
37.800,25.400,600.0000,205.983777
37.800,25.400,601.0000,214.504713
37.800,25.400,602.0000,205.904782
37.800,25.400,603.0000,183.562116
37.800,25.400,604.0000,160.512398
37.800,25.400,605.0000,134.340759
37.800,25.400,606.0000,104.552249
37.800,25.400,607.0000,87.752710
37.800,25.400,608.0000,72.728167
37.800,25.400,609.0000,76.061924
37.800,25.400,610.0000,56.715197
37.800,25.400,611.0000,45.375266
37.800,25.400,612.0000,37.892120
37.800,25.400,613.0000,30.842450
37.800,25.400,614.0000,21.001889
37.800,25.400,615.0000,26.338278
37.800,25.400,616.0000,32.826245
37.800,25.400,617.0000,13.628261
37.800,25.400,618.0000,27.410060
37.800,25.400,619.0000,22.608458
37.800,25.400,620.0000,18.135527
37.800,25.400,621.0000,13.260267
37.800,25.400,622.0000,11.496137
37.800,25.400,623.0000,12.866250
37.800,25.400,624.0000,7.832055
37.800,25.400,625.0000,13.878573
37.800,25.400,626.0000,16.140398
37.800,25.400,627.0000,0.582579
37.800,25.400,628.0000,16.663474
37.800,25.400,629.0000,11.398279
37.800,25.400,630.0000,9.297516
37.800,25.400,631.0000,0.903044
37.800,25.400,632.0000,11.320421
37.800,25.400,633.0000,10.496448
37.800,25.400,634.0000,14.285050
37.800,25.400,635.0000,3.600483
37.800,25.400,636.0000,15.229525
37.800,25.400,637.0000,-7.941659
37.800,25.400,638.0000,4.097965
37.800,25.400,639.0000,-5.302626
37.800,25.400,640.0000,2.413171
37.800,25.400,641.0000,4.139929
37.800,25.400,642.0000,0.687390
37.800,25.400,643.0000,0.668832
37.800,25.400,644.0000,5.741487
37.800,25.400,645.0000,1.139149
37.800,25.400,646.0000,10.389428
37.800,25.400,647.0000,5.730809
37.800,25.400,648.0000,-2.832317
37.800,25.400,649.0000,4.958356
37.800,25.400,650.0000,9.652439
37.800,25.400,651.0000,6.780735
37.800,25.400,652.0000,8.462504
37.800,25.400,653.0000,2.986850
37.800,25.400,654.0000,6.622904
37.800,25.400,655.0000,-6.484605
37.800,25.400,656.0000,3.049078
37.800,25.400,657.0000,-1.837080
37.800,25.400,658.0000,-5.941815
37.800,25.400,659.0000,-2.378857
37.800,25.400,660.0000,4.670512
37.800,25.400,661.0000,10.277483
37.800,25.400,662.0000,9.336831
37.800,25.400,663.0000,2.620800
37.800,25.400,664.0000,-0.412317
37.800,25.400,665.0000,13.920691
37.800,25.400,666.0000,9.800299
37.800,25.400,667.0000,-2.123891
37.800,25.400,668.0000,4.254875
37.800,25.400,669.0000,21.259208
37.800,25.400,670.0000,1.333417
37.800,25.400,671.0000,4.016154
37.800,25.400,672.0000,7.458128
37.800,25.400,673.0000,-7.323061
37.800,25.400,674.0000,-2.401497
37.800,25.400,675.0000,-0.069914
37.800,25.400,676.0000,4.576626
37.800,25.400,677.0000,-12.557543
37.800,25.400,678.0000,9.163264
37.800,25.400,679.0000,5.196632
37.800,25.400,680.0000,12.668178
37.800,25.400,681.0000,-4.211644
37.800,25.400,682.0000,9.435914
37.800,25.400,683.0000,0.317435
37.800,25.400,684.0000,3.189492
37.800,25.400,685.0000,1.525593
37.800,25.400,686.0000,4.299275
37.800,25.400,687.0000,-0.682292
37.800,25.400,688.0000,5.379072
37.800,25.400,689.0000,-4.843212
37.800,25.400,690.0000,3.038169
37.800,25.400,691.0000,-1.462983
37.800,25.400,692.0000,-0.084401
37.800,25.400,693.0000,-1.758803
37.800,25.400,694.0000,-6.768181
37.800,25.400,695.0000,2.570553
37.800,25.400,696.0000,2.713486
37.800,25.400,697.0000,4.883499
37.800,25.400,698.0000,-2.379937
37.800,25.400,699.0000,4.868569
37.800,25.400,700.0000,6.274727
37.800,25.400,701.0000,13.580185
37.800,25.400,702.0000,-8.588425
37.800,25.400,703.0000,-1.835688
37.800,25.400,704.0000,1.415828
37.800,25.400,705.0000,0.583645
37.800,25.400,706.0000,-9.058200
37.800,25.400,707.0000,9.224985
37.800,25.400,708.0000,-4.375309
37.800,25.400,709.0000,-0.847401
37.800,25.400,710.0000,-4.939102
37.800,25.400,711.0000,-8.295335
37.800,25.400,712.0000,3.139428
37.800,25.400,713.0000,10.692935
37.800,25.400,714.0000,3.860885
37.800,25.400,715.0000,4.213018
37.800,25.400,716.0000,6.489467
37.800,25.400,717.0000,6.744882
37.800,25.400,718.0000,-4.431818
37.800,25.400,719.0000,-0.916020
37.800,25.400,720.0000,3.249606
37.800,25.400,721.0000,4.521232
37.800,25.400,722.0000,8.660523
37.800,25.400,723.0000,7.243368
37.800,25.400,724.0000,4.709030
37.800,25.400,725.0000,5.598433
37.800,25.400,726.0000,11.835062
37.800,25.400,727.0000,6.253418
37.800,25.400,728.0000,5.235231
37.800,25.400,729.0000,2.849886
37.800,25.400,730.0000,-3.925660
37.800,25.400,731.0000,1.439101
37.800,25.400,732.0000,2.011636
37.800,25.400,733.0000,9.314970
37.800,25.400,734.0000,3.199482
37.800,25.400,735.0000,3.550954
37.800,25.400,736.0000,3.639075
37.800,25.400,737.0000,10.256373
37.800,25.400,738.0000,5.228204
37.800,25.400,739.0000,-1.798664
37.800,25.400,740.0000,15.823707
37.800,25.400,741.0000,0.741124
37.800,25.400,742.0000,14.555717
37.800,25.400,743.0000,-5.594881
37.800,25.400,744.0000,5.222859
37.800,25.400,745.0000,1.133195
37.800,25.400,746.0000,13.885691
37.800,25.400,747.0000,0.768826
37.800,25.400,748.0000,0.532098
37.800,25.400,749.0000,-8.585452
37.800,25.400,750.0000,0.829046
37.800,25.400,751.0000,14.732317
37.800,25.400,752.0000,14.969969
37.800,25.400,753.0000,13.379598
37.800,25.400,754.0000,8.176995
37.800,25.400,755.0000,4.211522
37.800,25.400,756.0000,-3.340485
37.800,25.400,757.0000,-3.709817
37.800,25.400,758.0000,7.020562
37.800,25.400,759.0000,-0.995929
37.800,25.400,760.0000,1.132007
37.800,25.400,761.0000,2.958536
37.800,25.400,762.0000,12.485910
37.800,25.400,763.0000,1.868288
37.800,25.400,764.0000,3.455818
37.800,25.400,765.0000,16.771749
37.800,25.400,766.0000,-1.836584
37.800,25.400,767.0000,16.454643
37.800,25.400,768.0000,-0.584722
37.800,25.400,769.0000,0.282592
37.800,25.400,770.0000,4.363289
37.800,25.400,771.0000,8.979874
37.800,25.400,772.0000,-4.469922
37.800,25.400,773.0000,2.924742
37.800,25.400,774.0000,13.233500
37.800,25.400,775.0000,24.215611
37.800,25.400,776.0000,25.586693
37.800,25.400,777.0000,18.581316
37.800,25.400,778.0000,19.619668
37.800,25.400,779.0000,14.695158
37.800,25.400,780.0000,27.111993
37.800,25.400,781.0000,13.625657
37.800,25.400,782.0000,23.940553
37.800,25.400,783.0000,28.130779
37.800,25.400,784.0000,24.347995
37.800,25.400,785.0000,26.125115
37.800,25.400,786.0000,31.019213
37.800,25.400,787.0000,42.908746
37.800,25.400,788.0000,29.274904
37.800,25.400,789.0000,34.476313
37.800,25.400,790.0000,38.784464
37.800,25.400,791.0000,35.006688
37.800,25.400,792.0000,52.105527
37.800,25.400,793.0000,41.480650
37.800,25.400,794.0000,56.946203
37.800,25.400,795.0000,67.796360
37.800,25.400,796.0000,66.543937
37.800,25.400,797.0000,82.420431
37.800,25.400,798.0000,92.953538
37.800,25.400,799.0000,101.407457
37.800,25.400,800.0000,110.592159
37.800,25.400,801.0000,138.289707
37.800,25.400,802.0000,146.560377
37.800,25.400,803.0000,192.640703
37.800,25.400,804.0000,222.613030
37.800,25.400,805.0000,258.218271
37.800,25.400,806.0000,334.306694
37.800,25.400,807.0000,405.854431
37.800,25.400,808.0000,504.121220
37.800,25.400,809.0000,628.345508
37.800,25.400,810.0000,754.010692
37.800,25.400,811.0000,855.813491
37.800,25.400,812.0000,901.027171
37.800,25.400,813.0000,865.677051
37.800,25.400,814.0000,740.299889
37.800,25.400,815.0000,629.045296
37.800,25.400,816.0000,504.409970
37.800,25.400,817.0000,401.921796
37.800,25.400,818.0000,329.159984
37.800,25.400,819.0000,261.544449
37.800,25.400,820.0000,221.176937
37.800,25.400,821.0000,178.978478
37.800,25.400,822.0000,147.897697
37.800,25.400,823.0000,137.023938
37.800,25.400,824.0000,107.170390
37.800,25.400,825.0000,89.300213
37.800,25.400,826.0000,83.297355
37.800,25.400,827.0000,76.466441
37.800,25.400,828.0000,54.917824
37.800,25.400,829.0000,50.649276
37.800,25.400,830.0000,44.222451
37.800,25.400,831.0000,45.793491
37.800,25.400,832.0000,45.038888
37.800,25.400,833.0000,50.054571
37.800,25.400,834.0000,43.865696
37.800,25.400,835.0000,38.815658
37.800,25.400,836.0000,24.402896
37.800,25.400,837.0000,34.638983
37.800,25.400,838.0000,33.008071
37.800,25.400,839.0000,29.513586
37.800,25.400,840.0000,30.431636
37.800,25.400,841.0000,17.120244
37.800,25.400,842.0000,13.149349
37.800,25.400,843.0000,23.683532
37.800,25.400,844.0000,24.009192
37.800,25.400,845.0000,15.497371
37.800,25.400,846.0000,10.081675
37.800,25.400,847.0000,15.069180
37.800,25.400,848.0000,17.374409
37.800,25.400,849.0000,15.956099
37.800,25.400,850.0000,30.203814
37.800,25.400,851.0000,10.567899
37.800,25.400,852.0000,11.948547
37.800,25.400,853.0000,18.616570
37.800,25.400,854.0000,11.930943
37.800,25.400,855.0000,19.453104
37.800,25.400,856.0000,7.128819
37.800,25.400,857.0000,0.497723
37.800,25.400,858.0000,8.642821
37.800,25.400,859.0000,17.725311
37.800,25.400,860.0000,15.840263
37.800,25.400,861.0000,9.776286
37.800,25.400,862.0000,17.886659
37.800,25.400,863.0000,0.280644
37.800,25.400,864.0000,16.302146
37.800,25.400,865.0000,9.691295
37.800,25.400,866.0000,8.183801
37.800,25.400,867.0000,2.994514
37.800,25.400,868.0000,5.153910
37.800,25.400,869.0000,18.996235
37.800,25.400,870.0000,6.648659
37.800,25.400,871.0000,10.444056
37.800,25.400,872.0000,8.236593
37.800,25.400,873.0000,14.064734
37.800,25.400,874.0000,10.480430
37.800,25.400,875.0000,12.280862
37.800,25.400,876.0000,1.953459
37.800,25.400,877.0000,13.638032
37.800,25.400,878.0000,3.594870
37.800,25.400,879.0000,14.061063
37.800,25.400,880.0000,3.959847
37.800,25.400,881.0000,4.154552
37.800,25.400,882.0000,4.581796
37.800,25.400,883.0000,12.101801
37.800,25.400,884.0000,6.855221
37.800,25.400,885.0000,7.846887
37.800,25.400,886.0000,-2.167879
37.800,25.400,887.0000,11.319571
37.800,25.400,888.0000,11.014887
37.800,25.400,889.0000,8.262406
37.800,25.400,890.0000,2.756248
37.800,25.400,891.0000,0.940109
37.800,25.400,892.0000,1.169696
37.800,25.400,893.0000,6.466797
37.800,25.400,894.0000,2.218440
37.800,25.400,895.0000,15.944678
37.800,25.400,896.0000,5.697147
37.800,25.400,897.0000,1.275406
37.800,25.400,898.0000,-0.067982
37.800,25.400,899.0000,0.128029
37.800,25.400,900.0000,15.984295
37.800,25.400,901.0000,8.369589
37.800,25.400,902.0000,11.744759
37.800,25.400,903.0000,15.809342
37.800,25.400,904.0000,3.203472
37.800,25.400,905.0000,6.087603
37.800,25.400,906.0000,11.625171
37.800,25.400,907.0000,5.534542
37.800,25.400,908.0000,3.545799
37.800,25.400,909.0000,0.453343
37.800,25.400,910.0000,0.173247
37.800,25.400,911.0000,-0.070299
37.800,25.400,912.0000,4.923990
37.800,25.400,913.0000,4.880705
37.800,25.400,914.0000,7.011386
37.800,25.400,915.0000,-0.540180
37.800,25.400,916.0000,-1.844588
37.800,25.400,917.0000,5.056987
37.800,25.400,918.0000,10.914684
37.800,25.400,919.0000,5.566230
37.800,25.400,920.0000,-8.130502
37.800,25.400,921.0000,-4.969922
37.800,25.400,922.0000,3.165415
37.800,25.400,923.0000,-1.114556
37.800,25.400,924.0000,1.068240
37.800,25.400,925.0000,6.003265
37.800,25.400,926.0000,11.195772
37.800,25.400,927.0000,5.082914
37.800,25.400,928.0000,-8.264937
37.800,25.400,929.0000,20.424743
37.800,25.400,930.0000,1.202071
37.800,25.400,931.0000,6.544459
37.800,25.400,932.0000,9.654577
37.800,25.400,933.0000,14.578848
37.800,25.400,934.0000,14.006465
37.800,25.400,935.0000,18.970550
37.800,25.400,936.0000,12.907332
37.800,25.400,937.0000,5.911790
37.800,25.400,938.0000,7.557490
37.800,25.400,939.0000,4.445351
37.800,25.400,940.0000,5.443857
37.800,25.400,941.0000,5.888671
37.800,25.400,942.0000,14.594912
37.800,25.400,943.0000,14.778239
37.800,25.400,944.0000,15.635436
37.800,25.400,945.0000,21.971208
37.800,25.400,946.0000,25.124896
37.800,25.400,947.0000,22.290068
37.800,25.400,948.0000,24.243442
37.800,25.400,949.0000,27.769477
37.800,25.400,950.0000,19.233058
37.800,25.400,951.0000,32.374854
37.800,25.400,952.0000,37.924818
37.800,25.400,953.0000,29.766922
37.800,25.400,954.0000,36.314285
37.800,25.400,955.0000,55.853132
37.800,25.400,956.0000,46.636204
37.800,25.400,957.0000,62.349193
37.800,25.400,958.0000,76.794574
37.800,25.400,959.0000,95.434683
37.800,25.400,960.0000,110.845420
37.800,25.400,961.0000,129.912399
37.800,25.400,962.0000,161.466057
37.800,25.400,963.0000,197.754263
37.800,25.400,964.0000,239.760803
37.800,25.400,965.0000,268.413554
37.800,25.400,966.0000,275.057555
37.800,25.400,967.0000,274.092504
37.800,25.400,968.0000,247.998293
37.800,25.400,969.0000,205.703360
37.800,25.400,970.0000,168.478030
37.800,25.400,971.0000,143.982963
37.800,25.400,972.0000,96.492820
37.800,25.400,973.0000,80.667331
37.800,25.400,974.0000,71.393694
37.800,25.400,975.0000,58.683765
37.800,25.400,976.0000,52.981415
37.800,25.400,977.0000,41.397673
37.800,25.400,978.0000,43.115636
37.800,25.400,979.0000,42.347899
37.800,25.400,980.0000,32.313106
37.800,25.400,981.0000,31.088597
37.800,25.400,982.0000,20.131992
37.800,25.400,983.0000,20.209077
37.800,25.400,984.0000,11.047525
37.800,25.400,985.0000,9.720862
37.800,25.400,986.0000,16.489099
37.800,25.400,987.0000,24.649722
37.800,25.400,988.0000,15.769046
37.800,25.400,989.0000,18.609363
37.800,25.400,990.0000,5.769590
37.800,25.400,991.0000,18.502702
37.800,25.400,992.0000,16.789034
37.800,25.400,993.0000,13.350564
37.800,25.400,994.0000,6.955757
37.800,25.400,995.0000,14.545991
37.800,25.400,996.0000,6.725016
37.800,25.400,997.0000,9.192246
37.800,25.400,998.0000,5.053515
37.800,25.400,999.0000,5.682506
37.800,25.400,1000.0000,2.744994
37.800,25.400,1001.0000,5.633379
37.800,25.400,1002.0000,8.968600
37.800,25.400,1003.0000,1.578645
37.800,25.400,1004.0000,-3.315433
37.800,25.400,1005.0000,11.308763
37.800,25.400,1006.0000,5.171195
37.800,25.400,1007.0000,6.596337
37.800,25.400,1008.0000,-0.043977
37.800,25.400,1009.0000,5.420225
37.800,25.400,1010.0000,6.737435
37.800,25.400,1011.0000,11.630626
37.800,25.400,1012.0000,3.692761
37.800,25.400,1013.0000,12.749494
37.800,25.400,1014.0000,10.029176
37.800,25.400,1015.0000,4.077748
37.800,25.400,1016.0000,4.222233
37.800,25.400,1017.0000,4.206150
37.800,25.400,1018.0000,-2.690715
37.800,25.400,1019.0000,6.091654
37.800,25.400,1020.0000,5.967996
37.800,25.400,1021.0000,8.087518
37.800,25.400,1022.0000,-3.838616
37.800,25.400,1023.0000,-3.521699
37.800,25.400,1024.0000,5.866538
37.800,25.400,1025.0000,10.220670
37.800,25.400,1026.0000,13.240004
37.800,25.400,1027.0000,1.737124
37.800,25.400,1028.0000,4.136997
37.800,25.400,1029.0000,1.121845
37.800,25.400,1030.0000,10.957871
37.800,25.400,1031.0000,13.672146
37.800,25.400,1032.0000,0.131200
37.800,25.400,1033.0000,-6.235372
37.800,25.400,1034.0000,-3.291930
37.800,25.400,1035.0000,3.535905
37.800,25.400,1036.0000,0.180993
37.800,25.400,1037.0000,-4.988944
37.800,25.400,1038.0000,6.231933
37.800,25.400,1039.0000,11.946007
37.800,25.400,1040.0000,3.722234
37.800,25.400,1041.0000,0.816862
37.800,25.400,1042.0000,5.842961
37.800,25.400,1043.0000,9.133946
37.800,25.400,1044.0000,1.535025
37.800,25.400,1045.0000,-3.411416
37.800,25.400,1046.0000,2.333206
37.800,25.400,1047.0000,-1.619439
37.800,25.400,1048.0000,4.572659
37.800,25.400,1049.0000,9.987519
37.800,25.400,1050.0000,0.375563
37.800,25.400,1051.0000,11.910170
37.800,25.400,1052.0000,2.572797
37.800,25.400,1053.0000,-15.393184
37.800,25.400,1054.0000,2.437695
37.800,25.400,1055.0000,11.610858
37.800,25.400,1056.0000,4.191055
37.800,25.400,1057.0000,-0.462089
37.800,25.400,1058.0000,4.102629
37.800,25.400,1059.0000,5.073847
37.800,25.400,1060.0000,9.140149
37.800,25.400,1061.0000,5.712362
37.800,25.400,1062.0000,15.662758
37.800,25.400,1063.0000,0.549747
37.800,25.400,1064.0000,3.982121
37.800,25.400,1065.0000,-8.447744
37.800,25.400,1066.0000,9.960026
37.800,25.400,1067.0000,5.853803
37.800,25.400,1068.0000,1.790918
37.800,25.400,1069.0000,-0.964864
37.800,25.400,1070.0000,5.098340
37.800,25.400,1071.0000,2.564166
37.800,25.400,1072.0000,-6.006076
37.800,25.400,1073.0000,8.886041
37.800,25.400,1074.0000,3.934763
37.800,25.400,1075.0000,5.134768
37.800,25.400,1076.0000,2.594688
37.800,25.400,1077.0000,5.578578
37.800,25.400,1078.0000,1.519113
37.800,25.400,1079.0000,8.517551
37.800,25.400,1080.0000,5.313036
37.800,25.400,1081.0000,7.789423
37.800,25.400,1082.0000,5.185484
37.800,25.400,1083.0000,5.948707
37.800,25.400,1084.0000,3.115596
37.800,25.400,1085.0000,5.393234
37.800,25.400,1086.0000,7.631434
37.800,25.400,1087.0000,0.887130
37.800,25.400,1088.0000,4.190681
37.800,25.400,1089.0000,13.719642
37.800,25.400,1090.0000,19.844287
37.800,25.400,1091.0000,4.189903
37.800,25.400,1092.0000,9.454954
37.800,25.400,1093.0000,9.941151
37.800,25.400,1094.0000,12.480352
37.800,25.400,1095.0000,7.766980
37.800,25.400,1096.0000,25.210781
37.800,25.400,1097.0000,17.473999
37.800,25.400,1098.0000,13.178787
37.800,25.400,1099.0000,12.530319
37.800,25.400,1100.0000,19.591753
37.800,25.400,1101.0000,24.344081
37.800,25.400,1102.0000,20.012951
37.800,25.400,1103.0000,12.533990
37.800,25.400,1104.0000,30.645995
37.800,25.400,1105.0000,26.854000
37.800,25.400,1106.0000,29.025354
37.800,25.400,1107.0000,35.249837
37.800,25.400,1108.0000,33.447431
37.800,25.400,1109.0000,31.542093
37.800,25.400,1110.0000,54.237957
37.800,25.400,1111.0000,58.836856
37.800,25.400,1112.0000,63.759587
37.800,25.400,1113.0000,63.541351
37.800,25.400,1114.0000,70.709811
37.800,25.400,1115.0000,89.198377
37.800,25.400,1116.0000,105.962105
37.800,25.400,1117.0000,133.094590
37.800,25.400,1118.0000,172.807868
37.800,25.400,1119.0000,202.277310
37.800,25.400,1120.0000,225.801181
37.800,25.400,1121.0000,248.220170
37.800,25.400,1122.0000,250.319634
37.800,25.400,1123.0000,251.721571
37.800,25.400,1124.0000,228.923641
37.800,25.400,1125.0000,192.885160
37.800,25.400,1126.0000,158.214180
37.800,25.400,1127.0000,148.195350
37.800,25.400,1128.0000,120.254018
37.800,25.400,1129.0000,107.420416
37.800,25.400,1130.0000,88.773987
37.800,25.400,1131.0000,81.576203
37.800,25.400,1132.0000,65.472750
37.800,25.400,1133.0000,54.708709
37.800,25.400,1134.0000,50.966273
37.800,25.400,1135.0000,32.841728
37.800,25.400,1136.0000,38.543701
37.800,25.400,1137.0000,40.730893
37.800,25.400,1138.0000,35.788438
37.800,25.400,1139.0000,33.715049
37.800,25.400,1140.0000,29.605640
37.800,25.400,1141.0000,28.758253
37.800,25.400,1142.0000,26.387245
37.800,25.400,1143.0000,27.452053
37.800,25.400,1144.0000,16.471212
37.800,25.400,1145.0000,11.452879
37.800,25.400,1146.0000,21.371205
37.800,25.400,1147.0000,23.977582
37.800,25.400,1148.0000,16.500385
37.800,25.400,1149.0000,13.024183
37.800,25.400,1150.0000,9.887129
37.800,25.400,1151.0000,13.975201
37.800,25.400,1152.0000,13.767795
37.800,25.400,1153.0000,23.671894
37.800,25.400,1154.0000,17.899631
37.800,25.400,1155.0000,17.263657
37.800,25.400,1156.0000,22.230730
37.800,25.400,1157.0000,16.122411
37.800,25.400,1158.0000,20.882902
37.800,25.400,1159.0000,13.290586
37.800,25.400,1160.0000,17.945718
37.800,25.400,1161.0000,13.783034
37.800,25.400,1162.0000,22.841343
37.800,25.400,1163.0000,23.593590
37.800,25.400,1164.0000,16.276932
37.800,25.400,1165.0000,21.377084
37.800,25.400,1166.0000,24.462675
37.800,25.400,1167.0000,24.644682
37.800,25.400,1168.0000,25.696732
37.800,25.400,1169.0000,28.298031
37.800,25.400,1170.0000,35.669345
37.800,25.400,1171.0000,33.373448
37.800,25.400,1172.0000,35.810832
37.800,25.400,1173.0000,39.707391
37.800,25.400,1174.0000,40.350153
37.800,25.400,1175.0000,46.105907
37.800,25.400,1176.0000,54.284797
37.800,25.400,1177.0000,79.797830
37.800,25.400,1178.0000,64.994712
37.800,25.400,1179.0000,92.944267
37.800,25.400,1180.0000,101.270321
37.800,25.400,1181.0000,119.143664
37.800,25.400,1182.0000,148.519210
37.800,25.400,1183.0000,169.266222
37.800,25.400,1184.0000,206.615676
37.800,25.400,1185.0000,242.315327
37.800,25.400,1186.0000,277.947149
37.800,25.400,1187.0000,292.347523
37.800,25.400,1188.0000,307.478553
37.800,25.400,1189.0000,295.899896
37.800,25.400,1190.0000,269.474066
37.800,25.400,1191.0000,235.231617
37.800,25.400,1192.0000,203.195245
37.800,25.400,1193.0000,166.604014
37.800,25.400,1194.0000,141.588790
37.800,25.400,1195.0000,107.764991
37.800,25.400,1196.0000,114.543546
37.800,25.400,1197.0000,73.074249
37.800,25.400,1198.0000,76.875540
37.800,25.400,1199.0000,60.570096
37.800,25.400,1200.0000,48.413331
37.800,25.400,1201.0000,59.839721
37.800,25.400,1202.0000,46.115869
37.800,25.400,1203.0000,41.361469
37.800,25.400,1204.0000,43.238935
37.800,25.400,1205.0000,26.472976
37.800,25.400,1206.0000,32.070646
37.800,25.400,1207.0000,28.231571
37.800,25.400,1208.0000,24.297714
37.800,25.400,1209.0000,25.002172
37.800,25.400,1210.0000,11.676362
37.800,25.400,1211.0000,17.577037
37.800,25.400,1212.0000,22.661230
37.800,25.400,1213.0000,12.637780
37.800,25.400,1214.0000,18.385056
37.800,25.400,1215.0000,5.825841
37.800,25.400,1216.0000,20.913119
37.800,25.400,1217.0000,15.874808
37.800,25.400,1218.0000,16.896134
37.800,25.400,1219.0000,12.435366
37.800,25.400,1220.0000,-3.957374
37.800,25.400,1221.0000,11.352115
37.800,25.400,1222.0000,10.397815
37.800,25.400,1223.0000,2.260944
37.800,25.400,1224.0000,14.755073
37.800,25.400,1225.0000,-0.349565
37.800,25.400,1226.0000,6.203705
37.800,25.400,1227.0000,3.619703
37.800,25.400,1228.0000,6.597669
37.800,25.400,1229.0000,5.285910
37.800,25.400,1230.0000,7.261689
37.800,25.400,1231.0000,15.830283
37.800,25.400,1232.0000,7.953493
37.800,25.400,1233.0000,3.574327
37.800,25.400,1234.0000,7.144689
37.800,25.400,1235.0000,11.549017
37.800,25.400,1236.0000,6.317545
37.800,25.400,1237.0000,-1.476562
37.800,25.400,1238.0000,2.591965
37.800,25.400,1239.0000,12.072020
37.800,25.400,1240.0000,9.205572
37.800,25.400,1241.0000,0.790973
37.800,25.400,1242.0000,10.781449
37.800,25.400,1243.0000,1.618797
37.800,25.400,1244.0000,8.617088
37.800,25.400,1245.0000,2.656085
37.800,25.400,1246.0000,-3.014708
37.800,25.400,1247.0000,-3.980629
37.800,25.400,1248.0000,1.189351
37.800,25.400,1249.0000,11.891506
37.800,25.400,1250.0000,8.970264
37.800,25.400,1251.0000,5.936015
37.800,25.400,1252.0000,2.448566
37.800,25.400,1253.0000,-2.226278
37.800,25.400,1254.0000,2.364159
37.800,25.400,1255.0000,4.369217
37.800,25.400,1256.0000,6.574913
37.800,25.400,1257.0000,2.153747
37.800,25.400,1258.0000,-7.193831
37.800,25.400,1259.0000,7.962815
37.800,25.400,1260.0000,8.484476
37.800,25.400,1261.0000,4.348002
37.800,25.400,1262.0000,0.633597
37.800,25.400,1263.0000,-2.620332
37.800,25.400,1264.0000,4.182907
37.800,25.400,1265.0000,10.650670
37.800,25.400,1266.0000,15.292084
37.800,25.400,1267.0000,12.450910
37.800,25.400,1268.0000,-1.961700
37.800,25.400,1269.0000,-10.425687
37.800,25.400,1270.0000,-0.915074
37.800,25.400,1271.0000,2.702237
37.800,25.400,1272.0000,-4.280124
37.800,25.400,1273.0000,1.203344
37.800,25.400,1274.0000,11.430089
37.800,25.400,1275.0000,1.800775
37.800,25.400,1276.0000,1.039710
37.800,25.400,1277.0000,-0.479863
37.800,25.400,1278.0000,-10.657893
37.800,25.400,1279.0000,9.857982
37.800,25.400,1280.0000,2.451102
37.800,25.400,1281.0000,3.425617
37.800,25.400,1282.0000,-2.277468
37.800,25.400,1283.0000,-14.662436
37.800,25.400,1284.0000,-3.041199
37.800,25.400,1285.0000,6.369835
37.800,25.400,1286.0000,3.668660
37.800,25.400,1287.0000,-8.133074
37.800,25.400,1288.0000,14.115733
37.800,25.400,1289.0000,-3.999374
37.800,25.400,1290.0000,2.625887
37.800,25.400,1291.0000,13.193718
37.800,25.400,1292.0000,-3.332779
37.800,25.400,1293.0000,-1.889214
37.800,25.400,1294.0000,0.576379
37.800,25.400,1295.0000,7.082964
37.800,25.400,1296.0000,-1.755306
37.800,25.400,1297.0000,6.343383
37.800,25.400,1298.0000,12.263825
37.800,25.400,1299.0000,4.101005
37.800,25.400,1300.0000,6.718157
37.800,25.400,1301.0000,0.615909
37.800,25.400,1302.0000,-1.419737
37.800,25.400,1303.0000,-1.516159
37.800,25.400,1304.0000,1.753081
37.800,25.400,1305.0000,3.407763
37.800,25.400,1306.0000,-1.163588
37.800,25.400,1307.0000,6.393349
37.800,25.400,1308.0000,4.447491
37.800,25.400,1309.0000,-4.071155
37.800,25.400,1310.0000,-8.367929
37.800,25.400,1311.0000,5.942570
37.800,25.400,1312.0000,-2.885569
37.800,25.400,1313.0000,3.429568
37.800,25.400,1314.0000,0.942910
37.800,25.400,1315.0000,-1.860308
37.800,25.400,1316.0000,4.193420
37.800,25.400,1317.0000,9.449100
37.800,25.400,1318.0000,11.285961
37.800,25.400,1319.0000,-6.657270
37.800,25.400,1320.0000,7.337665
37.800,25.400,1321.0000,-3.815796
37.800,25.400,1322.0000,-3.339798
37.800,25.400,1323.0000,7.376457
37.800,25.400,1324.0000,4.283274
37.800,25.400,1325.0000,7.872043
37.800,25.400,1326.0000,1.360273
37.800,25.400,1327.0000,-0.759147
37.800,25.400,1328.0000,-10.423575
37.800,25.400,1329.0000,5.994625
37.800,25.400,1330.0000,-3.882440
37.800,25.400,1331.0000,7.810965
37.800,25.400,1332.0000,5.266568
37.800,25.400,1333.0000,12.297775
37.800,25.400,1334.0000,4.582288
37.800,25.400,1335.0000,-6.765893
37.800,25.400,1336.0000,2.745961
37.800,25.400,1337.0000,3.868640
37.800,25.400,1338.0000,3.653052
37.800,25.400,1339.0000,2.942766
37.800,25.400,1340.0000,1.430015
37.800,25.400,1341.0000,11.158045
37.800,25.400,1342.0000,-4.945359
37.800,25.400,1343.0000,-1.392053
37.800,25.400,1344.0000,15.052730
37.800,25.400,1345.0000,8.469563
37.800,25.400,1346.0000,5.420933
37.800,25.400,1347.0000,5.885238
37.800,25.400,1348.0000,4.548407
37.800,25.400,1349.0000,0.406606
37.800,25.400,1350.0000,5.872260
37.800,25.400,1351.0000,7.255124
37.800,25.400,1352.0000,12.314479
37.800,25.400,1353.0000,-0.919554
37.800,25.400,1354.0000,4.552417
37.800,25.400,1355.0000,6.519172
37.800,25.400,1356.0000,0.756116
37.800,25.400,1357.0000,-5.220618
37.800,25.400,1358.0000,1.007225
37.800,25.400,1359.0000,-1.394385
37.800,25.400,1360.0000,10.014031
37.800,25.400,1361.0000,7.489585
37.800,25.400,1362.0000,-4.189658
37.800,25.400,1363.0000,7.087596
37.800,25.400,1364.0000,11.910189
37.800,25.400,1365.0000,9.116076
37.800,25.400,1366.0000,-10.723102
37.800,25.400,1367.0000,8.695410
37.800,25.400,1368.0000,0.034993
37.800,25.400,1369.0000,-1.104731
37.800,25.400,1370.0000,7.630383
37.800,25.400,1371.0000,15.350802
37.800,25.400,1372.0000,13.687123
37.800,25.400,1373.0000,14.629744
37.800,25.400,1374.0000,1.916382
37.800,25.400,1375.0000,9.510489
37.800,25.400,1376.0000,10.139856
37.800,25.400,1377.0000,-4.858802
37.800,25.400,1378.0000,3.439897
37.800,25.400,1379.0000,-0.553387
37.800,25.400,1380.0000,5.255708
37.800,25.400,1381.0000,6.117923
37.800,25.400,1382.0000,3.447119
37.800,25.400,1383.0000,5.384017
37.800,25.400,1384.0000,7.408176
37.800,25.400,1385.0000,13.434824
37.800,25.400,1386.0000,11.289090
37.800,25.400,1387.0000,10.904805
37.800,25.400,1388.0000,12.291984
37.800,25.400,1389.0000,12.705093
37.800,25.400,1390.0000,8.794645
37.800,25.400,1391.0000,9.967643
37.800,25.400,1392.0000,-2.232063
37.800,25.400,1393.0000,6.113879
37.800,25.400,1394.0000,11.413655
37.800,25.400,1395.0000,9.012773
37.800,25.400,1396.0000,2.932730
37.800,25.400,1397.0000,17.378832
37.800,25.400,1398.0000,8.419567
37.800,25.400,1399.0000,28.104728
37.800,25.400,1400.0000,1.213956
37.800,25.400,1401.0000,18.780156
37.800,25.400,1402.0000,6.156253
37.800,25.400,1403.0000,4.070167
37.800,25.400,1404.0000,13.685799
37.800,25.400,1405.0000,9.643671
37.800,25.400,1406.0000,6.602313
37.800,25.400,1407.0000,11.819521
37.800,25.400,1408.0000,16.632485
37.800,25.400,1409.0000,23.872640
37.800,25.400,1410.0000,19.779351
37.800,25.400,1411.0000,11.285666
37.800,25.400,1412.0000,20.312837
37.800,25.400,1413.0000,18.830296
37.800,25.400,1414.0000,24.771857
37.800,25.400,1415.0000,15.380077
37.800,25.400,1416.0000,17.791136
37.800,25.400,1417.0000,34.423567
37.800,25.400,1418.0000,21.785392
37.800,25.400,1419.0000,33.830330
37.800,25.400,1420.0000,34.624441
37.800,25.400,1421.0000,27.417718
37.800,25.400,1422.0000,33.015656
37.800,25.400,1423.0000,28.967707
37.800,25.400,1424.0000,30.246412
37.800,25.400,1425.0000,49.860248
37.800,25.400,1426.0000,38.808073
37.800,25.400,1427.0000,33.251615
37.800,25.400,1428.0000,54.154828
37.800,25.400,1429.0000,56.827111
37.800,25.400,1430.0000,63.912997
37.800,25.400,1431.0000,74.394530
37.800,25.400,1432.0000,64.950938
37.800,25.400,1433.0000,79.198827
37.800,25.400,1434.0000,81.955735
37.800,25.400,1435.0000,93.577882
37.800,25.400,1436.0000,102.338864
37.800,25.400,1437.0000,122.781040
37.800,25.400,1438.0000,142.620595
37.800,25.400,1439.0000,159.152594
37.800,25.400,1440.0000,175.449342
37.800,25.400,1441.0000,207.412142
37.800,25.400,1442.0000,244.139595
37.800,25.400,1443.0000,266.744380
37.800,25.400,1444.0000,308.050485
37.800,25.400,1445.0000,354.504303
37.800,25.400,1446.0000,408.245418
37.800,25.400,1447.0000,464.200618
37.800,25.400,1448.0000,483.993422
37.800,25.400,1449.0000,523.601582
37.800,25.400,1450.0000,551.094131
37.800,25.400,1451.0000,534.889469
37.800,25.400,1452.0000,499.475601
37.800,25.400,1453.0000,460.019840
37.800,25.400,1454.0000,404.839702
37.800,25.400,1455.0000,357.178042
37.800,25.400,1456.0000,316.846017
37.800,25.400,1457.0000,271.137782
37.800,25.400,1458.0000,229.120998
37.800,25.400,1459.0000,203.939582
37.800,25.400,1460.0000,172.735956
37.800,25.400,1461.0000,149.099939
37.800,25.400,1462.0000,134.691793
37.800,25.400,1463.0000,131.050415
37.800,25.400,1464.0000,100.907282
37.800,25.400,1465.0000,107.539550
37.800,25.400,1466.0000,84.844449
37.800,25.400,1467.0000,91.392886
37.800,25.400,1468.0000,79.621270
37.800,25.400,1469.0000,59.508917
37.800,25.400,1470.0000,63.697910
37.800,25.400,1471.0000,57.368185
37.800,25.400,1472.0000,41.935479
37.800,25.400,1473.0000,45.506433
37.800,25.400,1474.0000,38.108881
37.800,25.400,1475.0000,47.605245
37.800,25.400,1476.0000,40.830469
37.800,25.400,1477.0000,44.711468
37.800,25.400,1478.0000,26.741500
37.800,25.400,1479.0000,32.215046
37.800,25.400,1480.0000,32.636704
37.800,25.400,1481.0000,18.195882
37.800,25.400,1482.0000,39.111125
37.800,25.400,1483.0000,26.580312
37.800,25.400,1484.0000,17.471872
37.800,25.400,1485.0000,14.269101
37.800,25.400,1486.0000,21.065638
37.800,25.400,1487.0000,20.347620
37.800,25.400,1488.0000,16.044781
37.800,25.400,1489.0000,19.888640
37.800,25.400,1490.0000,24.019926
37.800,25.400,1491.0000,18.840291
37.800,25.400,1492.0000,22.666690
37.800,25.400,1493.0000,20.227667
37.800,25.400,1494.0000,2.550756
37.800,25.400,1495.0000,18.266677
37.800,25.400,1496.0000,10.136722
37.800,25.400,1497.0000,6.163317
37.800,25.400,1498.0000,7.110291
37.800,25.400,1499.0000,15.424093
37.800,25.400,1500.0000,4.024792
37.800,25.400,1501.0000,0.491357
37.800,25.400,1502.0000,3.846363
37.800,25.400,1503.0000,17.737307
37.800,25.400,1504.0000,8.237640
37.800,25.400,1505.0000,14.315948
37.800,25.400,1506.0000,14.172425
37.800,25.400,1507.0000,17.058725
37.800,25.400,1508.0000,13.334416
37.800,25.400,1509.0000,7.976171
37.800,25.400,1510.0000,-1.958120
37.800,25.400,1511.0000,13.894591
37.800,25.400,1512.0000,1.274342
37.800,25.400,1513.0000,11.888532
37.800,25.400,1514.0000,5.289602
37.800,25.400,1515.0000,10.008030
37.800,25.400,1516.0000,6.736022
37.800,25.400,1517.0000,7.891229
37.800,25.400,1518.0000,1.821533
37.800,25.400,1519.0000,15.945467
37.800,25.400,1520.0000,1.664060
37.800,25.400,1521.0000,5.283995
37.800,25.400,1522.0000,-1.466744
37.800,25.400,1523.0000,21.419030
37.800,25.400,1524.0000,4.090689
37.800,25.400,1525.0000,0.371756
37.800,25.400,1526.0000,4.968242
37.800,25.400,1527.0000,3.056465
37.800,25.400,1528.0000,5.721294
37.800,25.400,1529.0000,-1.867740
37.800,25.400,1530.0000,7.196759
37.800,25.400,1531.0000,4.744086
37.800,25.400,1532.0000,2.332566
37.800,25.400,1533.0000,3.201708
37.800,25.400,1534.0000,4.655211
37.800,25.400,1535.0000,8.894996
37.800,25.400,1536.0000,3.272181
37.800,25.400,1537.0000,-3.685741
37.800,25.400,1538.0000,-0.813434
37.800,25.400,1539.0000,8.722064
37.800,25.400,1540.0000,3.463106
37.800,25.400,1541.0000,5.701302
37.800,25.400,1542.0000,6.274882
37.800,25.400,1543.0000,9.151803
37.800,25.400,1544.0000,0.663122
37.800,25.400,1545.0000,3.633452
37.800,25.400,1546.0000,-0.528330
37.800,25.400,1547.0000,2.131601
37.800,25.400,1548.0000,0.381768
37.800,25.400,1549.0000,4.710862
37.800,25.400,1550.0000,-3.140542
37.800,25.400,1551.0000,6.320341
37.800,25.400,1552.0000,-5.616490
37.800,25.400,1553.0000,2.535988
37.800,25.400,1554.0000,0.854080
37.800,25.400,1555.0000,0.537571
37.800,25.400,1556.0000,7.530438
37.800,25.400,1557.0000,-3.172578
37.800,25.400,1558.0000,-2.258572
37.800,25.400,1559.0000,-9.281462
37.800,25.400,1560.0000,-2.189882
37.800,25.400,1561.0000,2.728197
37.800,25.400,1562.0000,-0.011983
37.800,25.400,1563.0000,-1.051424
37.800,25.400,1564.0000,-0.027276
37.800,25.400,1565.0000,15.184374
37.800,25.400,1566.0000,-4.024076
37.800,25.400,1567.0000,-5.312527
37.800,25.400,1568.0000,-5.075768
37.800,25.400,1569.0000,-0.768403
37.800,25.400,1570.0000,-4.590603
37.800,25.400,1571.0000,3.309390
37.800,25.400,1572.0000,3.230959
37.800,25.400,1573.0000,17.955447
37.800,25.400,1574.0000,-0.009608
37.800,25.400,1575.0000,-3.848370
37.800,25.400,1576.0000,4.529140
37.800,25.400,1577.0000,7.444841
37.800,25.400,1578.0000,-8.525642
37.800,25.400,1579.0000,11.828181
37.800,25.400,1580.0000,7.147725
37.800,25.400,1581.0000,12.553243
37.800,25.400,1582.0000,5.115615
37.800,25.400,1583.0000,0.140083
37.800,25.400,1584.0000,-0.716266
37.800,25.400,1585.0000,-11.111264
37.800,25.400,1586.0000,15.367861
37.800,25.400,1587.0000,3.487557
37.800,25.400,1588.0000,0.040085
37.800,25.400,1589.0000,-7.906337
37.800,25.400,1590.0000,4.469204
37.800,25.400,1591.0000,6.353244
37.800,25.400,1592.0000,-0.234507
37.800,25.400,1593.0000,-6.380965
37.800,25.400,1594.0000,-5.050364
37.800,25.400,1595.0000,-10.228133
37.800,25.400,1596.0000,-9.517708
37.800,25.400,1597.0000,3.450914
37.800,25.400,1598.0000,13.981447
37.800,25.400,1599.0000,11.628504
37.800,25.400,1600.0000,-4.162611
37.800,25.400,1601.0000,2.871252
37.800,25.400,1602.0000,4.428018
37.800,25.400,1603.0000,-0.927415
37.800,25.400,1604.0000,-9.772368
37.800,25.400,1605.0000,-4.676877
37.800,25.400,1606.0000,1.292958
37.800,25.400,1607.0000,-8.677890
37.800,25.400,1608.0000,-0.505441
37.800,25.400,1609.0000,6.043534
37.800,25.400,1610.0000,3.519104
37.800,25.400,1611.0000,7.674339
37.800,25.400,1612.0000,6.229073
37.800,25.400,1613.0000,4.026493
37.800,25.400,1614.0000,2.280895
37.800,25.400,1615.0000,4.419034
37.800,25.400,1616.0000,-0.628294
37.800,25.400,1617.0000,-7.035653
37.800,25.400,1618.0000,12.843718
37.800,25.400,1619.0000,-4.142597
37.800,25.400,1620.0000,3.053202
37.800,25.400,1621.0000,-8.515514
37.800,25.400,1622.0000,3.243406
37.800,25.400,1623.0000,7.811457
37.800,25.400,1624.0000,4.844606
37.800,25.400,1625.0000,-1.698675
37.800,25.400,1626.0000,-7.557139
37.800,25.400,1627.0000,1.954006
37.800,25.400,1628.0000,7.394207
37.800,25.400,1629.0000,6.322178
37.800,25.400,1630.0000,2.443809
37.800,25.400,1631.0000,-0.001506
37.800,25.400,1632.0000,-2.955515
37.800,25.400,1633.0000,1.386573
37.800,25.400,1634.0000,-3.128258
37.800,25.400,1635.0000,-4.275400
37.800,25.400,1636.0000,11.081545
37.800,25.400,1637.0000,-1.754352
37.800,25.400,1638.0000,6.290335
37.800,25.400,1639.0000,12.024556
37.800,25.400,1640.0000,1.839357
37.800,25.400,1641.0000,7.284860
37.800,25.400,1642.0000,-1.378259
37.800,25.400,1643.0000,2.849671
37.800,25.400,1644.0000,4.144038
37.800,25.400,1645.0000,9.356524
37.800,25.400,1646.0000,-2.866781
37.800,25.400,1647.0000,-1.797887
37.800,25.400,1648.0000,3.014465
37.800,25.400,1649.0000,7.092151
37.800,25.400,1650.0000,0.814335
37.800,25.400,1651.0000,-10.299278
37.800,25.400,1652.0000,1.718549
37.800,25.400,1653.0000,19.221503
37.800,25.400,1654.0000,7.693540
37.800,25.400,1655.0000,10.885730
37.800,25.400,1656.0000,6.374979
37.800,25.400,1657.0000,-6.339838
37.800,25.400,1658.0000,-4.297544
37.800,25.400,1659.0000,-0.503660
37.800,25.400,1660.0000,2.581180
37.800,25.400,1661.0000,-0.234065
37.800,25.400,1662.0000,5.214382
37.800,25.400,1663.0000,4.574302
37.800,25.400,1664.0000,11.262963
37.800,25.400,1665.0000,12.766233
37.800,25.400,1666.0000,8.490293
37.800,25.400,1667.0000,11.128069
37.800,25.400,1668.0000,7.442389
37.800,25.400,1669.0000,10.206119
37.800,25.400,1670.0000,-5.583707
37.800,25.400,1671.0000,-4.374511
37.800,25.400,1672.0000,5.247593
37.800,25.400,1673.0000,8.330362
37.800,25.400,1674.0000,9.502785
37.800,25.400,1675.0000,11.089301
37.800,25.400,1676.0000,7.537844
37.800,25.400,1677.0000,10.528169
37.800,25.400,1678.0000,8.121273
37.800,25.400,1679.0000,0.903886
37.800,25.400,1680.0000,8.890604
37.800,25.400,1681.0000,5.525564
37.800,25.400,1682.0000,5.799608
37.800,25.400,1683.0000,0.065516
37.800,25.400,1684.0000,2.961844
37.800,25.400,1685.0000,11.821647
37.800,25.400,1686.0000,3.456107
37.800,25.400,1687.0000,11.483668
37.800,25.400,1688.0000,8.818173
37.800,25.400,1689.0000,12.020911
37.800,25.400,1690.0000,10.810498
37.800,25.400,1691.0000,12.737199
37.800,25.400,1692.0000,10.934842
37.800,25.400,1693.0000,4.718505
37.800,25.400,1694.0000,9.048347
37.800,25.400,1695.0000,15.597073
37.800,25.400,1696.0000,12.650173
37.800,25.400,1697.0000,14.450758
37.800,25.400,1698.0000,19.041829
37.800,25.400,1699.0000,20.318483
37.800,25.400,1700.0000,25.669592
37.800,25.400,1701.0000,24.967258
37.800,25.400,1702.0000,17.498180
37.800,25.400,1703.0000,31.498186
37.800,25.400,1704.0000,18.387192
37.800,25.400,1705.0000,24.163943
37.800,25.400,1706.0000,24.216821
37.800,25.400,1707.0000,33.134755
37.800,25.400,1708.0000,29.729629
37.800,25.400,1709.0000,47.814312
37.800,25.400,1710.0000,47.447594
37.800,25.400,1711.0000,41.707921
37.800,25.400,1712.0000,59.812502
37.800,25.400,1713.0000,72.497290
37.800,25.400,1714.0000,65.180574
37.800,25.400,1715.0000,80.127087
37.800,25.400,1716.0000,79.080086
37.800,25.400,1717.0000,89.307786
37.800,25.400,1718.0000,105.440418
37.800,25.400,1719.0000,126.389768
37.800,25.400,1720.0000,139.653150
37.800,25.400,1721.0000,159.752878
37.800,25.400,1722.0000,171.815854
37.800,25.400,1723.0000,198.110571
37.800,25.400,1724.0000,236.837834
37.800,25.400,1725.0000,278.630636
37.800,25.400,1726.0000,311.650318
37.800,25.400,1727.0000,339.373065
37.800,25.400,1728.0000,391.275666
37.800,25.400,1729.0000,395.010997
37.800,25.400,1730.0000,407.871920
37.800,25.400,1731.0000,403.291709
37.800,25.400,1732.0000,383.234177
37.800,25.400,1733.0000,338.599579
37.800,25.400,1734.0000,320.020257
37.800,25.400,1735.0000,263.451325
37.800,25.400,1736.0000,245.212520
37.800,25.400,1737.0000,201.985563
37.800,25.400,1738.0000,189.311184
37.800,25.400,1739.0000,156.831830
37.800,25.400,1740.0000,135.519659
37.800,25.400,1741.0000,119.863013
37.800,25.400,1742.0000,98.354422
37.800,25.400,1743.0000,89.051064
37.800,25.400,1744.0000,86.625290
37.800,25.400,1745.0000,68.308252
37.800,25.400,1746.0000,72.221220
37.800,25.400,1747.0000,47.519675
37.800,25.400,1748.0000,54.092530
37.800,25.400,1749.0000,51.055343
37.800,25.400,1750.0000,44.798191
37.800,25.400,1751.0000,45.171062
37.800,25.400,1752.0000,29.822419
37.800,25.400,1753.0000,34.844143
37.800,25.400,1754.0000,36.209258
37.800,25.400,1755.0000,39.431155
37.800,25.400,1756.0000,30.283520
37.800,25.400,1757.0000,27.990086
37.800,25.400,1758.0000,26.480516
37.800,25.400,1759.0000,14.831862
37.800,25.400,1760.0000,13.515992
37.800,25.400,1761.0000,16.672281
37.800,25.400,1762.0000,21.337836
37.800,25.400,1763.0000,14.127057
37.800,25.400,1764.0000,9.462253
37.800,25.400,1765.0000,21.521571
37.800,25.400,1766.0000,14.421932
37.800,25.400,1767.0000,14.815705
37.800,25.400,1768.0000,8.868211
37.800,25.400,1769.0000,13.682989
37.800,25.400,1770.0000,11.853485
37.800,25.400,1771.0000,2.115492
37.800,25.400,1772.0000,16.170062
37.800,25.400,1773.0000,21.282987
37.800,25.400,1774.0000,12.122342
37.800,25.400,1775.0000,14.073335
37.800,25.400,1776.0000,4.463648
37.800,25.400,1777.0000,11.552336
37.800,25.400,1778.0000,9.095772
37.800,25.400,1779.0000,-2.584797
37.800,25.400,1780.0000,-0.435614
37.800,25.400,1781.0000,5.506274
37.800,25.400,1782.0000,3.773169
37.800,25.400,1783.0000,14.441433
37.800,25.400,1784.0000,7.802366
37.800,25.400,1785.0000,10.590203
37.800,25.400,1786.0000,0.019670
37.800,25.400,1787.0000,-4.781520
37.800,25.400,1788.0000,5.430039
37.800,25.400,1789.0000,4.627921
37.800,25.400,1790.0000,10.013862
37.800,25.400,1791.0000,9.496519
37.800,25.400,1792.0000,-8.195393
37.800,25.400,1793.0000,-2.942325
37.800,25.400,1794.0000,3.362372
37.800,25.400,1795.0000,7.684783
37.800,25.400,1796.0000,7.173001
37.800,25.400,1797.0000,-10.502845
37.800,25.400,1798.0000,6.655275
37.800,25.400,1799.0000,-3.497420
37.800,25.400,1800.0000,-14.413778
37.800,25.400,1801.0000,11.152804
37.800,25.400,1802.0000,1.143433
37.800,25.400,1803.0000,10.591481
37.800,25.400,1804.0000,4.303970
37.800,25.400,1805.0000,-1.507316
37.800,25.400,1806.0000,8.691433
37.800,25.400,1807.0000,5.248442
37.800,25.400,1808.0000,8.236301
37.800,25.400,1809.0000,7.288560
37.800,25.400,1810.0000,1.722593
37.800,25.400,1811.0000,8.016141
37.800,25.400,1812.0000,5.723997
37.800,25.400,1813.0000,0.290408
37.800,25.400,1814.0000,-0.427805
37.800,25.400,1815.0000,-3.698693
37.800,25.400,1816.0000,6.559655
37.800,25.400,1817.0000,5.292404
37.800,25.400,1818.0000,5.069441
37.800,25.400,1819.0000,-11.650350
37.800,25.400,1820.0000,12.083599
37.800,25.400,1821.0000,3.421927
37.800,25.400,1822.0000,1.879784
37.800,25.400,1823.0000,12.482527
37.800,25.400,1824.0000,-4.803442
37.800,25.400,1825.0000,3.880050
37.800,25.400,1826.0000,3.690172
37.800,25.400,1827.0000,9.432896
37.800,25.400,1828.0000,2.071924
37.800,25.400,1829.0000,3.614752
37.800,25.400,1830.0000,-4.666020
37.800,25.400,1831.0000,-0.574184
37.800,25.400,1832.0000,5.300073
37.800,25.400,1833.0000,1.524459
37.800,25.400,1834.0000,4.651599
37.800,25.400,1835.0000,3.553433
37.800,25.400,1836.0000,0.914756
37.800,25.400,1837.0000,10.147180
37.800,25.400,1838.0000,4.567296
37.800,25.400,1839.0000,-9.884434
37.800,25.400,1840.0000,-6.896018
37.800,25.400,1841.0000,12.264034
37.800,25.400,1842.0000,1.231484
37.800,25.400,1843.0000,5.460793
37.800,25.400,1844.0000,2.535474
37.800,25.400,1845.0000,-3.606202
37.800,25.400,1846.0000,2.993865
37.800,25.400,1847.0000,3.600903
37.800,25.400,1848.0000,9.447271
37.800,25.400,1849.0000,-3.841759
37.800,25.400,1850.0000,-1.226918
37.800,25.400,1851.0000,2.283006
37.800,25.400,1852.0000,-10.347003
37.800,25.400,1853.0000,0.814739
37.800,25.400,1854.0000,3.625920
37.800,25.400,1855.0000,11.336072
37.800,25.400,1856.0000,-6.372904
37.800,25.400,1857.0000,-8.696528
37.800,25.400,1858.0000,-6.445965
37.800,25.400,1859.0000,6.498621
37.800,25.400,1860.0000,-10.630199
37.800,25.400,1861.0000,4.803027
37.800,25.400,1862.0000,7.356443
37.800,25.400,1863.0000,1.880951
37.800,25.400,1864.0000,12.038444
37.800,25.400,1865.0000,4.379937
37.800,25.400,1866.0000,-5.841893
37.800,25.400,1867.0000,2.371152
37.800,25.400,1868.0000,0.893749
37.800,25.400,1869.0000,-10.318283
37.800,25.400,1870.0000,-0.392231
37.800,25.400,1871.0000,2.128366
37.800,25.400,1872.0000,-9.342791
37.800,25.400,1873.0000,10.878565
37.800,25.400,1874.0000,0.072912
37.800,25.400,1875.0000,-2.792596
37.800,25.400,1876.0000,-4.889593
37.800,25.400,1877.0000,7.520472
37.800,25.400,1878.0000,2.744857
37.800,25.400,1879.0000,2.353791
37.800,25.400,1880.0000,2.015552
37.800,25.400,1881.0000,3.382329
37.800,25.400,1882.0000,1.157166
37.800,25.400,1883.0000,3.600111
37.800,25.400,1884.0000,1.132865
37.800,25.400,1885.0000,-11.308559
37.800,25.400,1886.0000,7.798408
37.800,25.400,1887.0000,8.211387
37.800,25.400,1888.0000,-7.273345
37.800,25.400,1889.0000,-1.249650
37.800,25.400,1890.0000,0.740801
37.800,25.400,1891.0000,-2.902803
37.800,25.400,1892.0000,4.949537
37.800,25.400,1893.0000,6.227137
37.800,25.400,1894.0000,6.168291
37.800,25.400,1895.0000,2.244623
37.800,25.400,1896.0000,5.912781
37.800,25.400,1897.0000,3.085556
37.800,25.400,1898.0000,-8.197581
37.800,25.400,1899.0000,-11.799166
37.800,25.400,1900.0000,-24.785286
37.800,25.400,1901.0000,-5.080529
37.800,25.400,1902.0000,4.653548
37.800,25.400,1903.0000,-6.629100
37.800,25.400,1904.0000,-7.349205
37.800,25.400,1905.0000,-1.386130
37.800,25.400,1906.0000,-1.763507
37.800,25.400,1907.0000,-5.975366
37.800,25.400,1908.0000,4.963400
37.800,25.400,1909.0000,-7.281999
37.800,25.400,1910.0000,-1.685187
37.800,25.400,1911.0000,5.701485
37.800,25.400,1912.0000,10.331166
37.800,25.400,1913.0000,-5.377197
37.800,25.400,1914.0000,1.323480
37.800,25.400,1915.0000,2.952175
37.800,25.400,1916.0000,7.929954
37.800,25.400,1917.0000,-0.296945
37.800,25.400,1918.0000,12.843107
37.800,25.400,1919.0000,0.066820
37.800,25.400,1920.0000,8.382061
37.800,25.400,1921.0000,7.075389
37.800,25.400,1922.0000,14.925656
37.800,25.400,1923.0000,5.884110
37.800,25.400,1924.0000,-10.945790
37.800,25.400,1925.0000,1.007791
37.800,25.400,1926.0000,10.423141
37.800,25.400,1927.0000,-3.805034
37.800,25.400,1928.0000,8.878151
37.800,25.400,1929.0000,12.963510
37.800,25.400,1930.0000,-0.809408
37.800,25.400,1931.0000,6.022727
37.800,25.400,1932.0000,2.008366
37.800,25.400,1933.0000,4.787335
37.800,25.400,1934.0000,-2.846603
37.800,25.400,1935.0000,0.550220
37.800,25.400,1936.0000,-1.398000
37.800,25.400,1937.0000,1.582341
37.800,25.400,1938.0000,2.383534
37.800,25.400,1939.0000,0.175214
37.800,25.400,1940.0000,7.985786
37.800,25.400,1941.0000,2.952427
37.800,25.400,1942.0000,-9.743255
37.800,25.400,1943.0000,-3.769221
37.800,25.400,1944.0000,3.686487
37.800,25.400,1945.0000,0.666953
37.800,25.400,1946.0000,0.787368
37.800,25.400,1947.0000,8.899673
37.800,25.400,1948.0000,8.755893
37.800,25.400,1949.0000,-0.429266
37.800,25.400,1950.0000,-4.575261
37.800,25.400,1951.0000,13.381759
37.800,25.400,1952.0000,5.449251
37.800,25.400,1953.0000,3.101820
37.800,25.400,1954.0000,-5.786792
37.800,25.400,1955.0000,10.626123
37.800,25.400,1956.0000,-11.097532
37.800,25.400,1957.0000,7.960128
37.800,25.400,1958.0000,9.436239
37.800,25.400,1959.0000,9.662645
37.800,25.400,1960.0000,-5.282224
37.800,25.400,1961.0000,-1.021348
37.800,25.400,1962.0000,4.371398
37.800,25.400,1963.0000,2.060309
37.800,25.400,1964.0000,-13.499770
37.800,25.400,1965.0000,-2.755663
37.800,25.400,1966.0000,-0.191573
37.800,25.400,1967.0000,4.826390
37.800,25.400,1968.0000,1.916464
37.800,25.400,1969.0000,-2.218317
37.800,25.400,1970.0000,9.227307
37.800,25.400,1971.0000,4.209128
37.800,25.400,1972.0000,5.811009
37.800,25.400,1973.0000,-2.314788
37.800,25.400,1974.0000,4.445149
37.800,25.400,1975.0000,-6.431341
37.800,25.400,1976.0000,7.278199
37.800,25.400,1977.0000,-6.904463
37.800,25.400,1978.0000,5.047896
37.800,25.400,1979.0000,9.961611
37.800,25.400,1980.0000,-0.900039
37.800,25.400,1981.0000,4.840699
37.800,25.400,1982.0000,19.798181
37.800,25.400,1983.0000,0.408508
37.800,25.400,1984.0000,-7.341737
37.800,25.400,1985.0000,-8.171186
37.800,25.400,1986.0000,8.223877
37.800,25.400,1987.0000,0.049201
37.800,25.400,1988.0000,-1.025177
37.800,25.400,1989.0000,-1.786084
37.800,25.400,1990.0000,-2.564267
37.800,25.400,1991.0000,6.046063
37.800,25.400,1992.0000,3.739326
37.800,25.400,1993.0000,-3.790447
37.800,25.400,1994.0000,3.439388
37.800,25.400,1995.0000,-0.902928
37.800,25.400,1996.0000,10.031067
37.800,25.400,1997.0000,-1.441640
37.800,25.400,1998.0000,17.370881
37.800,25.400,1999.0000,-0.712501
37.800,25.400,2000.0000,-3.356571
37.900,25.200,200.0000,-6.882679
37.900,25.200,201.0000,16.680370
37.900,25.200,202.0000,-5.148459
37.900,25.200,203.0000,-3.143429
37.900,25.200,204.0000,-7.967479
37.900,25.200,205.0000,8.214559
37.900,25.200,206.0000,-3.431597
37.900,25.200,207.0000,7.248770
37.900,25.200,208.0000,7.273596
37.900,25.200,209.0000,-7.352065
37.900,25.200,210.0000,-3.466815
37.900,25.200,211.0000,-11.466148
37.900,25.200,212.0000,-20.328718
37.900,25.200,213.0000,14.291888
37.900,25.200,214.0000,-3.931145
37.900,25.200,215.0000,-0.909808
37.900,25.200,216.0000,0.008241
37.900,25.200,217.0000,1.668473
37.900,25.200,218.0000,1.655629
37.900,25.200,219.0000,11.875871
37.900,25.200,220.0000,-1.941279
37.900,25.200,221.0000,1.832103
37.900,25.200,222.0000,-2.244574
37.900,25.200,223.0000,-1.407157
37.900,25.200,224.0000,3.356260
37.900,25.200,225.0000,-7.303784
37.900,25.200,226.0000,1.293256
37.900,25.200,227.0000,1.975354
37.900,25.200,228.0000,-6.056134
37.900,25.200,229.0000,-3.874742
37.900,25.200,230.0000,4.320095
37.900,25.200,231.0000,-6.425701
37.900,25.200,232.0000,-3.407898
37.900,25.200,233.0000,0.990894
37.900,25.200,234.0000,16.987664
37.900,25.200,235.0000,-0.659560
37.900,25.200,236.0000,-11.344876
37.900,25.200,237.0000,4.675369
37.900,25.200,238.0000,-10.137806
37.900,25.200,239.0000,-2.970456
37.900,25.200,240.0000,10.190637
37.900,25.200,241.0000,2.109460
37.900,25.200,242.0000,2.749965
37.900,25.200,243.0000,-6.088064
37.900,25.200,244.0000,-1.525609
37.900,25.200,245.0000,-2.977578
37.900,25.200,246.0000,-2.997576
37.900,25.200,247.0000,-1.886191
37.900,25.200,248.0000,1.546946
37.900,25.200,249.0000,2.342342
37.900,25.200,250.0000,-9.180748
37.900,25.200,251.0000,4.574786
37.900,25.200,252.0000,-11.168625
37.900,25.200,253.0000,-2.363374
37.900,25.200,254.0000,-4.755646
37.900,25.200,255.0000,-4.672940
37.900,25.200,256.0000,-6.772502
37.900,25.200,257.0000,10.051525
37.900,25.200,258.0000,-2.638689
37.900,25.200,259.0000,-4.750254
37.900,25.200,260.0000,2.440080
37.900,25.200,261.0000,6.743219
37.900,25.200,262.0000,17.118450
37.900,25.200,263.0000,8.531663
37.900,25.200,264.0000,-0.126921
37.900,25.200,265.0000,13.230242
37.900,25.200,266.0000,2.105860
37.900,25.200,267.0000,2.920087
37.900,25.200,268.0000,-2.641574
37.900,25.200,269.0000,-4.382134
37.900,25.200,270.0000,-10.061275
37.900,25.200,271.0000,10.025344
37.900,25.200,272.0000,-3.325619
37.900,25.200,273.0000,5.494441
37.900,25.200,274.0000,5.040910
37.900,25.200,275.0000,-4.023070
37.900,25.200,276.0000,3.217913
37.900,25.200,277.0000,-4.098618
37.900,25.200,278.0000,12.718703
37.900,25.200,279.0000,8.378457
37.900,25.200,280.0000,1.263004
37.900,25.200,281.0000,-4.827560
37.900,25.200,282.0000,4.207007
37.900,25.200,283.0000,2.589097
37.900,25.200,284.0000,-2.227497
37.900,25.200,285.0000,5.595149
37.900,25.200,286.0000,-1.175138
37.900,25.200,287.0000,-5.479628
37.900,25.200,288.0000,-0.928803
37.900,25.200,289.0000,1.633407
37.900,25.200,290.0000,12.132917
37.900,25.200,291.0000,-1.779895
37.900,25.200,292.0000,-4.069650
37.900,25.200,293.0000,-1.763394
37.900,25.200,294.0000,-1.306112
37.900,25.200,295.0000,-16.679350
37.900,25.200,296.0000,-8.094765
37.900,25.200,297.0000,-5.089202
37.900,25.200,298.0000,-0.233481
37.900,25.200,299.0000,-11.022631
37.900,25.200,300.0000,1.643081
37.900,25.200,301.0000,0.971832
37.900,25.200,302.0000,-3.878760
37.900,25.200,303.0000,11.797204
37.900,25.200,304.0000,8.263967
37.900,25.200,305.0000,1.416877
37.900,25.200,306.0000,-0.672637
37.900,25.200,307.0000,-4.048481
37.900,25.200,308.0000,-5.275282
37.900,25.200,309.0000,-7.729321
37.900,25.200,310.0000,-3.205785
37.900,25.200,311.0000,6.032938
37.900,25.200,312.0000,-9.573130
37.900,25.200,313.0000,-21.428535
37.900,25.200,314.0000,-0.668243
37.900,25.200,315.0000,1.485284
37.900,25.200,316.0000,3.697833
37.900,25.200,317.0000,-0.944548
37.900,25.200,318.0000,-1.420258
37.900,25.200,319.0000,1.413568
37.900,25.200,320.0000,-3.809181
37.900,25.200,321.0000,-0.780112
37.900,25.200,322.0000,4.329042
37.900,25.200,323.0000,0.348662
37.900,25.200,324.0000,-7.097937
37.900,25.200,325.0000,5.071707
37.900,25.200,326.0000,-6.973144
37.900,25.200,327.0000,-4.461274
37.900,25.200,328.0000,1.031721
37.900,25.200,329.0000,0.853379
37.900,25.200,330.0000,0.376339
37.900,25.200,331.0000,0.866141
37.900,25.200,332.0000,4.076393
37.900,25.200,333.0000,2.357492
37.900,25.200,334.0000,-1.130188
37.900,25.200,335.0000,4.243569
37.900,25.200,336.0000,-1.112395
37.900,25.200,337.0000,7.794827
37.900,25.200,338.0000,1.752722
37.900,25.200,339.0000,-5.082963
37.900,25.200,340.0000,2.363117
37.900,25.200,341.0000,6.228604
37.900,25.200,342.0000,0.410368
37.900,25.200,343.0000,-10.595346
37.900,25.200,344.0000,0.411264
37.900,25.200,345.0000,3.454307
37.900,25.200,346.0000,3.112649
37.900,25.200,347.0000,-5.498217
37.900,25.200,348.0000,6.584012
37.900,25.200,349.0000,1.020336
37.900,25.200,350.0000,-3.388142
37.900,25.200,351.0000,8.608408
37.900,25.200,352.0000,11.182654
37.900,25.200,353.0000,0.373479
37.900,25.200,354.0000,-0.485143
37.900,25.200,355.0000,-2.324674
37.900,25.200,356.0000,-4.425157
37.900,25.200,357.0000,5.657982
37.900,25.200,358.0000,-0.175375
37.900,25.200,359.0000,2.112266
37.900,25.200,360.0000,2.478375
37.900,25.200,361.0000,7.592442
37.900,25.200,362.0000,-1.387405
37.900,25.200,363.0000,1.645598
37.900,25.200,364.0000,7.234958
37.900,25.200,365.0000,-1.084473
37.900,25.200,366.0000,-4.842308
37.900,25.200,367.0000,6.642481
37.900,25.200,368.0000,-2.106914
37.900,25.200,369.0000,4.609023
37.900,25.200,370.0000,1.205319
37.900,25.200,371.0000,-0.703625
37.900,25.200,372.0000,-7.516991
37.900,25.200,373.0000,-1.796978
37.900,25.200,374.0000,-2.986904
37.900,25.200,375.0000,0.946019
37.900,25.200,376.0000,0.789316
37.900,25.200,377.0000,-4.184278
37.900,25.200,378.0000,-0.885527
37.900,25.200,379.0000,2.914274
37.900,25.200,380.0000,-4.156734
37.900,25.200,381.0000,8.028579
37.900,25.200,382.0000,4.324400
37.900,25.200,383.0000,-0.161004
37.900,25.200,384.0000,10.975386
37.900,25.200,385.0000,4.953612
37.900,25.200,386.0000,1.336478
37.900,25.200,387.0000,-2.473773
37.900,25.200,388.0000,-2.355048
37.900,25.200,389.0000,-0.715445
37.900,25.200,390.0000,0.546987
37.900,25.200,391.0000,4.841947
37.900,25.200,392.0000,-3.653684
37.900,25.200,393.0000,2.783880
37.900,25.200,394.0000,0.440304
37.900,25.200,395.0000,-0.682304
37.900,25.200,396.0000,3.131147
37.900,25.200,397.0000,-10.422017
37.900,25.200,398.0000,1.515253
37.900,25.200,399.0000,5.637913
37.900,25.200,400.0000,7.579956
37.900,25.200,401.0000,-4.391748
37.900,25.200,402.0000,9.939992
37.900,25.200,403.0000,-2.112962
37.900,25.200,404.0000,3.593754
37.900,25.200,405.0000,-3.367863
37.900,25.200,406.0000,9.059283
37.900,25.200,407.0000,-1.838742
37.900,25.200,408.0000,5.876734
37.900,25.200,409.0000,8.164193
37.900,25.200,410.0000,14.639677
37.900,25.200,411.0000,5.113655
37.900,25.200,412.0000,0.890643
37.900,25.200,413.0000,-2.125526
37.900,25.200,414.0000,4.807574
37.900,25.200,415.0000,2.062910
37.900,25.200,416.0000,2.012400
37.900,25.200,417.0000,-9.319940
37.900,25.200,418.0000,-1.167365
37.900,25.200,419.0000,9.486186
37.900,25.200,420.0000,0.932444
37.900,25.200,421.0000,-3.062416
37.900,25.200,422.0000,0.073144
37.900,25.200,423.0000,-4.735416
37.900,25.200,424.0000,-2.201222
37.900,25.200,425.0000,-3.122486
37.900,25.200,426.0000,2.166826
37.900,25.200,427.0000,1.501391
37.900,25.200,428.0000,-5.105874
37.900,25.200,429.0000,1.033102
37.900,25.200,430.0000,7.019448
37.900,25.200,431.0000,1.446103
37.900,25.200,432.0000,-3.104246
37.900,25.200,433.0000,8.420609
37.900,25.200,434.0000,5.715817
37.900,25.200,435.0000,-1.778941
37.900,25.200,436.0000,-2.017862
37.900,25.200,437.0000,-5.422258
37.900,25.200,438.0000,-6.047161
37.900,25.200,439.0000,-2.537428
37.900,25.200,440.0000,-5.299034
37.900,25.200,441.0000,7.587538
37.900,25.200,442.0000,6.403611
37.900,25.200,443.0000,6.753721
37.900,25.200,444.0000,1.602563
37.900,25.200,445.0000,-12.143195
37.900,25.200,446.0000,1.265987
37.900,25.200,447.0000,-1.876999
37.900,25.200,448.0000,4.707749
37.900,25.200,449.0000,2.606890
37.900,25.200,450.0000,2.653943
37.900,25.200,451.0000,-4.332303
37.900,25.200,452.0000,1.745562
37.900,25.200,453.0000,-7.010473
37.900,25.200,454.0000,-0.685300
37.900,25.200,455.0000,-0.562703
37.900,25.200,456.0000,7.255954
37.900,25.200,457.0000,1.895720
37.900,25.200,458.0000,3.419121
37.900,25.200,459.0000,5.113268
37.900,25.200,460.0000,5.677482
37.900,25.200,461.0000,-1.049604
37.900,25.200,462.0000,4.543951
37.900,25.200,463.0000,4.580900
37.900,25.200,464.0000,4.345154
37.900,25.200,465.0000,-4.247655
37.900,25.200,466.0000,-16.094784
37.900,25.200,467.0000,-6.609331
37.900,25.200,468.0000,-4.785774
37.900,25.200,469.0000,4.241660
37.900,25.200,470.0000,-2.816168
37.900,25.200,471.0000,2.213584
37.900,25.200,472.0000,5.608226
37.900,25.200,473.0000,-2.642231
37.900,25.200,474.0000,6.971899
37.900,25.200,475.0000,-6.646675
37.900,25.200,476.0000,2.479741
37.900,25.200,477.0000,-4.944616
37.900,25.200,478.0000,12.833154
37.900,25.200,479.0000,13.122617
37.900,25.200,480.0000,-7.012835
37.900,25.200,481.0000,-7.621380
37.900,25.200,482.0000,-10.232600
37.900,25.200,483.0000,5.139757
37.900,25.200,484.0000,-5.895238
37.900,25.200,485.0000,1.831006
37.900,25.200,486.0000,3.716068
37.900,25.200,487.0000,7.114672
37.900,25.200,488.0000,8.100200
37.900,25.200,489.0000,0.663380
37.900,25.200,490.0000,-0.346162
37.900,25.200,491.0000,3.964624
37.900,25.200,492.0000,-3.026353
37.900,25.200,493.0000,-0.536258
37.900,25.200,494.0000,-4.610850
37.900,25.200,495.0000,0.129424
37.900,25.200,496.0000,2.657492
37.900,25.200,497.0000,-4.337024
37.900,25.200,498.0000,9.720179
37.900,25.200,499.0000,-7.694885
37.900,25.200,500.0000,-8.647111
37.900,25.200,501.0000,-4.185991
37.900,25.200,502.0000,4.332322
37.900,25.200,503.0000,-0.743892
37.900,25.200,504.0000,1.408731
37.900,25.200,505.0000,10.066965
37.900,25.200,506.0000,-2.558303
37.900,25.200,507.0000,-7.261517
37.900,25.200,508.0000,-2.893186
37.900,25.200,509.0000,-3.409556
37.900,25.200,510.0000,-0.496252
37.900,25.200,511.0000,-4.420547
37.900,25.200,512.0000,-6.732687
37.900,25.200,513.0000,1.059355
37.900,25.200,514.0000,-4.478681
37.900,25.200,515.0000,-1.698160
37.900,25.200,516.0000,4.514166
37.900,25.200,517.0000,-3.933558
37.900,25.200,518.0000,2.100194
37.900,25.200,519.0000,-4.029561
37.900,25.200,520.0000,4.157434
37.900,25.200,521.0000,-1.044804
37.900,25.200,522.0000,2.870139
37.900,25.200,523.0000,0.241938
37.900,25.200,524.0000,-2.529259
37.900,25.200,525.0000,1.780768
37.900,25.200,526.0000,6.299275
37.900,25.200,527.0000,2.285659
37.900,25.200,528.0000,5.127181
37.900,25.200,529.0000,2.961964
37.900,25.200,530.0000,3.252846
37.900,25.200,531.0000,2.213619
37.900,25.200,532.0000,-3.861229
37.900,25.200,533.0000,4.494301
37.900,25.200,534.0000,-2.475497
37.900,25.200,535.0000,7.884357
37.900,25.200,536.0000,3.718826
37.900,25.200,537.0000,2.006321
37.900,25.200,538.0000,0.986628
37.900,25.200,539.0000,5.815469
37.900,25.200,540.0000,16.656635
37.900,25.200,541.0000,10.398545
37.900,25.200,542.0000,0.678510
37.900,25.200,543.0000,2.174673
37.900,25.200,544.0000,1.764933
37.900,25.200,545.0000,9.255682
37.900,25.200,546.0000,1.227760
37.900,25.200,547.0000,1.158619
37.900,25.200,548.0000,-13.150862
37.900,25.200,549.0000,5.925900
37.900,25.200,550.0000,3.692798
37.900,25.200,551.0000,5.393967
37.900,25.200,552.0000,4.486406
37.900,25.200,553.0000,-4.015599
37.900,25.200,554.0000,1.220162
37.900,25.200,555.0000,-1.018291
37.900,25.200,556.0000,-3.988066
37.900,25.200,557.0000,9.570882
37.900,25.200,558.0000,-3.998844
37.900,25.200,559.0000,4.750687
37.900,25.200,560.0000,3.414154
37.900,25.200,561.0000,1.211379
37.900,25.200,562.0000,2.707363
37.900,25.200,563.0000,-2.453848
37.900,25.200,564.0000,-3.672768
37.900,25.200,565.0000,1.462907
37.900,25.200,566.0000,7.799615
37.900,25.200,567.0000,-5.764647
37.900,25.200,568.0000,0.149757
37.900,25.200,569.0000,2.092090
37.900,25.200,570.0000,0.068792
37.900,25.200,571.0000,13.335126
37.900,25.200,572.0000,3.817467
37.900,25.200,573.0000,7.699227
37.900,25.200,574.0000,14.703900
37.900,25.200,575.0000,-1.607056
37.900,25.200,576.0000,4.105463
37.900,25.200,577.0000,-3.870514
37.900,25.200,578.0000,-3.145610
37.900,25.200,579.0000,-9.502046
37.900,25.200,580.0000,11.454757
37.900,25.200,581.0000,11.471849
37.900,25.200,582.0000,-0.947690
37.900,25.200,583.0000,5.412688
37.900,25.200,584.0000,8.065943
37.900,25.200,585.0000,6.999714
37.900,25.200,586.0000,-5.983289
37.900,25.200,587.0000,-6.010346
37.900,25.200,588.0000,3.719970
37.900,25.200,589.0000,10.170383
37.900,25.200,590.0000,-1.420214
37.900,25.200,591.0000,-0.796897
37.900,25.200,592.0000,11.145456
37.900,25.200,593.0000,1.355356
37.900,25.200,594.0000,8.886949
37.900,25.200,595.0000,10.433574
37.900,25.200,596.0000,20.355077
37.900,25.200,597.0000,5.938555
37.900,25.200,598.0000,3.468829
37.900,25.200,599.0000,2.840896
37.900,25.200,600.0000,15.463472
37.900,25.200,601.0000,10.976538
37.900,25.200,602.0000,-4.093401
37.900,25.200,603.0000,13.354743
37.900,25.200,604.0000,10.813540
37.900,25.200,605.0000,9.749852
37.900,25.200,606.0000,8.463028
37.900,25.200,607.0000,24.283374
37.900,25.200,608.0000,14.561575
37.900,25.200,609.0000,14.958858
37.900,25.200,610.0000,35.919170
37.900,25.200,611.0000,34.114550
37.900,25.200,612.0000,45.710296
37.900,25.200,613.0000,52.178950
37.900,25.200,614.0000,58.054695
37.900,25.200,615.0000,93.397605
37.900,25.200,616.0000,90.731928
37.900,25.200,617.0000,111.415473
37.900,25.200,618.0000,143.291420
37.900,25.200,619.0000,149.814710
37.900,25.200,620.0000,176.140330
37.900,25.200,621.0000,142.746533
37.900,25.200,622.0000,136.274218
37.900,25.200,623.0000,103.743504
37.900,25.200,624.0000,78.603615
37.900,25.200,625.0000,73.173297
37.900,25.200,626.0000,53.465644
37.900,25.200,627.0000,52.535942
37.900,25.200,628.0000,42.374058
37.900,25.200,629.0000,29.422914
37.900,25.200,630.0000,28.082058
37.900,25.200,631.0000,24.252845
37.900,25.200,632.0000,14.437766
37.900,25.200,633.0000,17.764731
37.900,25.200,634.0000,17.167643
37.900,25.200,635.0000,19.679245
37.900,25.200,636.0000,21.302893
37.900,25.200,637.0000,6.734089
37.900,25.200,638.0000,21.064916
37.900,25.200,639.0000,6.823499
37.900,25.200,640.0000,3.099910
37.900,25.200,641.0000,16.773366
37.900,25.200,642.0000,8.053628
37.900,25.200,643.0000,-2.298278
37.900,25.200,644.0000,2.162454
37.900,25.200,645.0000,3.262158
37.900,25.200,646.0000,14.044769
37.900,25.200,647.0000,0.638025
37.900,25.200,648.0000,11.268747
37.900,25.200,649.0000,-5.416583
37.900,25.200,650.0000,8.492313
37.900,25.200,651.0000,7.764068
37.900,25.200,652.0000,7.762603
37.900,25.200,653.0000,11.062240
37.900,25.200,654.0000,17.457586
37.900,25.200,655.0000,0.413153
37.900,25.200,656.0000,-7.992049
37.900,25.200,657.0000,-0.129579
37.900,25.200,658.0000,11.112485
37.900,25.200,659.0000,2.930025
37.900,25.200,660.0000,5.063510
37.900,25.200,661.0000,1.117268
37.900,25.200,662.0000,2.751548
37.900,25.200,663.0000,7.928085
37.900,25.200,664.0000,-5.256659
37.900,25.200,665.0000,2.595243
37.900,25.200,666.0000,2.479632
37.900,25.200,667.0000,3.417208
37.900,25.200,668.0000,0.837986
37.900,25.200,669.0000,-1.274220
37.900,25.200,670.0000,4.202382
37.900,25.200,671.0000,-3.942368
37.900,25.200,672.0000,-0.315482
37.900,25.200,673.0000,-2.768246
37.900,25.200,674.0000,-0.924967
37.900,25.200,675.0000,0.195985
37.900,25.200,676.0000,-12.629917
37.900,25.200,677.0000,5.027491
37.900,25.200,678.0000,1.089258
37.900,25.200,679.0000,-0.801516
37.900,25.200,680.0000,2.192420
37.900,25.200,681.0000,-8.516956
37.900,25.200,682.0000,1.685587
37.900,25.200,683.0000,6.972164
37.900,25.200,684.0000,3.403162
37.900,25.200,685.0000,5.117458
37.900,25.200,686.0000,-2.447882
37.900,25.200,687.0000,6.893415
37.900,25.200,688.0000,-7.732310
37.900,25.200,689.0000,0.357778
37.900,25.200,690.0000,5.765965
37.900,25.200,691.0000,5.053229
37.900,25.200,692.0000,2.697023
37.900,25.200,693.0000,-2.651944
37.900,25.200,694.0000,-1.553318
37.900,25.200,695.0000,10.841674
37.900,25.200,696.0000,15.293693
37.900,25.200,697.0000,5.595952
37.900,25.200,698.0000,3.764741
37.900,25.200,699.0000,7.664483
37.900,25.200,700.0000,-3.828091
37.900,25.200,701.0000,-5.383558
37.900,25.200,702.0000,-3.665762
37.900,25.200,703.0000,-1.264987
37.900,25.200,704.0000,11.043194
37.900,25.200,705.0000,3.129488
37.900,25.200,706.0000,-6.679919
37.900,25.200,707.0000,-4.770111
37.900,25.200,708.0000,5.903414
37.900,25.200,709.0000,-5.118090
37.900,25.200,710.0000,4.725494
37.900,25.200,711.0000,4.104163
37.900,25.200,712.0000,9.062813
37.900,25.200,713.0000,-3.034509
37.900,25.200,714.0000,5.231277
37.900,25.200,715.0000,4.334481
37.900,25.200,716.0000,-2.562366
37.900,25.200,717.0000,7.669030
37.900,25.200,718.0000,8.423695
37.900,25.200,719.0000,-0.590498
37.900,25.200,720.0000,-18.022670
37.900,25.200,721.0000,-4.316250
37.900,25.200,722.0000,-3.406096
37.900,25.200,723.0000,2.055691
37.900,25.200,724.0000,-11.894988
37.900,25.200,725.0000,4.284142
37.900,25.200,726.0000,6.723090
37.900,25.200,727.0000,7.986529
37.900,25.200,728.0000,-3.306164
37.900,25.200,729.0000,-4.237078
37.900,25.200,730.0000,-3.130601
37.900,25.200,731.0000,4.374806
37.900,25.200,732.0000,2.722251
37.900,25.200,733.0000,8.005992
37.900,25.200,734.0000,3.785432
37.900,25.200,735.0000,-13.904483
37.900,25.200,736.0000,0.080195
37.900,25.200,737.0000,1.285786
37.900,25.200,738.0000,7.723582
37.900,25.200,739.0000,2.208855
37.900,25.200,740.0000,8.311466
37.900,25.200,741.0000,3.961432
37.900,25.200,742.0000,-6.653177
37.900,25.200,743.0000,6.190390
37.900,25.200,744.0000,-2.577945
37.900,25.200,745.0000,9.470204
37.900,25.200,746.0000,-9.608768
37.900,25.200,747.0000,1.905180
37.900,25.200,748.0000,2.319137
37.900,25.200,749.0000,-0.773243
37.900,25.200,750.0000,-3.889973
37.900,25.200,751.0000,0.724414
37.900,25.200,752.0000,6.387702
37.900,25.200,753.0000,6.073158
37.900,25.200,754.0000,10.310292
37.900,25.200,755.0000,2.347895
37.900,25.200,756.0000,2.866391
37.900,25.200,757.0000,1.952317
37.900,25.200,758.0000,-3.881896
37.900,25.200,759.0000,5.991268
37.900,25.200,760.0000,-0.085808
37.900,25.200,761.0000,6.593450
37.900,25.200,762.0000,5.488117
37.900,25.200,763.0000,-3.526006
37.900,25.200,764.0000,9.114913
37.900,25.200,765.0000,-4.638568
37.900,25.200,766.0000,-5.076654
37.900,25.200,767.0000,-0.942968
37.900,25.200,768.0000,7.846575
37.900,25.200,769.0000,5.616553
37.900,25.200,770.0000,8.697354
37.900,25.200,771.0000,10.732684
37.900,25.200,772.0000,9.311530
37.900,25.200,773.0000,8.684577
37.900,25.200,774.0000,4.261374
37.900,25.200,775.0000,5.091927
37.900,25.200,776.0000,11.306698
37.900,25.200,777.0000,3.193659
37.900,25.200,778.0000,5.649782
37.900,25.200,779.0000,9.477150
37.900,25.200,780.0000,5.778266
37.900,25.200,781.0000,12.035578
37.900,25.200,782.0000,27.229930
37.900,25.200,783.0000,10.507725
37.900,25.200,784.0000,19.394278
37.900,25.200,785.0000,30.985305
37.900,25.200,786.0000,35.865852
37.900,25.200,787.0000,26.601679
37.900,25.200,788.0000,31.457349
37.900,25.200,789.0000,45.972074
37.900,25.200,790.0000,51.442981
37.900,25.200,791.0000,64.995313
37.900,25.200,792.0000,74.584593
37.900,25.200,793.0000,75.642352
37.900,25.200,794.0000,85.309689
37.900,25.200,795.0000,95.300205
37.900,25.200,796.0000,77.309615
37.900,25.200,797.0000,82.802501
37.900,25.200,798.0000,83.425793
37.900,25.200,799.0000,61.211990
37.900,25.200,800.0000,52.900880
37.900,25.200,801.0000,45.134808
37.900,25.200,802.0000,37.400023
37.900,25.200,803.0000,31.054845
37.900,25.200,804.0000,35.926937
37.900,25.200,805.0000,22.346738
37.900,25.200,806.0000,28.945840
37.900,25.200,807.0000,14.430714
37.900,25.200,808.0000,7.297398
37.900,25.200,809.0000,12.235181
37.900,25.200,810.0000,11.453968
37.900,25.200,811.0000,18.280919
37.900,25.200,812.0000,8.934808
37.900,25.200,813.0000,8.583203
37.900,25.200,814.0000,22.456763
37.900,25.200,815.0000,6.354408
37.900,25.200,816.0000,18.620011
37.900,25.200,817.0000,-2.125247
37.900,25.200,818.0000,5.628170
37.900,25.200,819.0000,4.869123
37.900,25.200,820.0000,7.545405
37.900,25.200,821.0000,-8.434450
37.900,25.200,822.0000,-0.390600
37.900,25.200,823.0000,14.319347
37.900,25.200,824.0000,2.523096
37.900,25.200,825.0000,16.244637
37.900,25.200,826.0000,4.032076
37.900,25.200,827.0000,0.700437
37.900,25.200,828.0000,-1.600383
37.900,25.200,829.0000,7.074654
37.900,25.200,830.0000,3.764964
37.900,25.200,831.0000,7.201535
37.900,25.200,832.0000,0.267927
37.900,25.200,833.0000,-10.411486
37.900,25.200,834.0000,-4.184353
37.900,25.200,835.0000,-5.590857
37.900,25.200,836.0000,3.441822
37.900,25.200,837.0000,0.278069
37.900,25.200,838.0000,0.521954
37.900,25.200,839.0000,-5.018166
37.900,25.200,840.0000,0.849812
37.900,25.200,841.0000,6.157650
37.900,25.200,842.0000,6.127549
37.900,25.200,843.0000,8.908910
37.900,25.200,844.0000,10.675673
37.900,25.200,845.0000,8.034282
37.900,25.200,846.0000,5.235382
37.900,25.200,847.0000,-5.322228
37.900,25.200,848.0000,0.188608
37.900,25.200,849.0000,4.360976
37.900,25.200,850.0000,9.728919
37.900,25.200,851.0000,0.457278
37.900,25.200,852.0000,-1.457946
37.900,25.200,853.0000,6.363363
37.900,25.200,854.0000,7.015991
37.900,25.200,855.0000,2.534263
37.900,25.200,856.0000,8.867436
37.900,25.200,857.0000,2.346134
37.900,25.200,858.0000,-1.305755
37.900,25.200,859.0000,-5.743770
37.900,25.200,860.0000,-1.982234
37.900,25.200,861.0000,2.574511
37.900,25.200,862.0000,11.398329
37.900,25.200,863.0000,5.243659
37.900,25.200,864.0000,5.264532
37.900,25.200,865.0000,2.343695
37.900,25.200,866.0000,0.241453
37.900,25.200,867.0000,1.313853
37.900,25.200,868.0000,1.912612
37.900,25.200,869.0000,4.786167
37.900,25.200,870.0000,8.046670
37.900,25.200,871.0000,2.313081
37.900,25.200,872.0000,2.101314
37.900,25.200,873.0000,-0.624801
37.900,25.200,874.0000,-2.082751
37.900,25.200,875.0000,-3.492882
37.900,25.200,876.0000,0.641988
37.900,25.200,877.0000,7.315106
37.900,25.200,878.0000,7.267713
37.900,25.200,879.0000,-5.647753
37.900,25.200,880.0000,2.878945
37.900,25.200,881.0000,0.893481
37.900,25.200,882.0000,3.978532
37.900,25.200,883.0000,0.846541
37.900,25.200,884.0000,-6.574567
37.900,25.200,885.0000,3.751302
37.900,25.200,886.0000,-7.017951
37.900,25.200,887.0000,-1.723659
37.900,25.200,888.0000,-0.810278
37.900,25.200,889.0000,2.905961
37.900,25.200,890.0000,-1.390131
37.900,25.200,891.0000,4.380055
37.900,25.200,892.0000,3.901406
37.900,25.200,893.0000,15.175452
37.900,25.200,894.0000,0.124657
37.900,25.200,895.0000,-1.968778
37.900,25.200,896.0000,2.143968
37.900,25.200,897.0000,-0.433971
37.900,25.200,898.0000,7.122961
37.900,25.200,899.0000,-3.974179
37.900,25.200,900.0000,4.178190
37.900,25.200,901.0000,-1.019354
37.900,25.200,902.0000,2.778306
37.900,25.200,903.0000,-2.549488
37.900,25.200,904.0000,5.012104
37.900,25.200,905.0000,0.266571
37.900,25.200,906.0000,2.560982
37.900,25.200,907.0000,-1.312610
37.900,25.200,908.0000,-14.940837
37.900,25.200,909.0000,12.573985
37.900,25.200,910.0000,-1.792206
37.900,25.200,911.0000,-8.948257
37.900,25.200,912.0000,2.410738
37.900,25.200,913.0000,2.461808
37.900,25.200,914.0000,13.630486
37.900,25.200,915.0000,4.935279
37.900,25.200,916.0000,12.760681
37.900,25.200,917.0000,8.792350
37.900,25.200,918.0000,0.161370
37.900,25.200,919.0000,0.419513
37.900,25.200,920.0000,-6.087595
37.900,25.200,921.0000,14.409388
37.900,25.200,922.0000,7.470466
37.900,25.200,923.0000,1.090193
37.900,25.200,924.0000,2.089704
37.900,25.200,925.0000,12.114304
37.900,25.200,926.0000,1.166737
37.900,25.200,927.0000,1.035096
37.900,25.200,928.0000,5.282859
37.900,25.200,929.0000,-2.107694
37.900,25.200,930.0000,7.448924
37.900,25.200,931.0000,-9.476879
37.900,25.200,932.0000,5.149434
37.900,25.200,933.0000,-2.280693
37.900,25.200,934.0000,0.603319
37.900,25.200,935.0000,-1.551094
37.900,25.200,936.0000,1.691729
37.900,25.200,937.0000,-7.218177
37.900,25.200,938.0000,-7.500855
37.900,25.200,939.0000,3.656700
37.900,25.200,940.0000,7.339189
37.900,25.200,941.0000,9.634919
37.900,25.200,942.0000,-10.327066
37.900,25.200,943.0000,10.950341
37.900,25.200,944.0000,8.961811
37.900,25.200,945.0000,6.778767
37.900,25.200,946.0000,9.443179
37.900,25.200,947.0000,-9.115088
37.900,25.200,948.0000,3.158683
37.900,25.200,949.0000,12.028614
37.900,25.200,950.0000,5.015309
37.900,25.200,951.0000,3.577867
37.900,25.200,952.0000,4.965616
37.900,25.200,953.0000,-4.834467
37.900,25.200,954.0000,2.656463
37.900,25.200,955.0000,9.094281
37.900,25.200,956.0000,4.739074
37.900,25.200,957.0000,15.537949
37.900,25.200,958.0000,-6.912193
37.900,25.200,959.0000,19.177807
37.900,25.200,960.0000,9.527149
37.900,25.200,961.0000,0.771008
37.900,25.200,962.0000,13.524487
37.900,25.200,963.0000,-0.491558
37.900,25.200,964.0000,5.439371
37.900,25.200,965.0000,11.238890
37.900,25.200,966.0000,4.136229
37.900,25.200,967.0000,3.401792
37.900,25.200,968.0000,6.957692
37.900,25.200,969.0000,-3.801496
37.900,25.200,970.0000,12.067303
37.900,25.200,971.0000,-0.915050
37.900,25.200,972.0000,7.023815
37.900,25.200,973.0000,14.914535
37.900,25.200,974.0000,12.190654
37.900,25.200,975.0000,14.980990
37.900,25.200,976.0000,12.604199
37.900,25.200,977.0000,13.433090
37.900,25.200,978.0000,21.426146
37.900,25.200,979.0000,16.474076
37.900,25.200,980.0000,13.859102
37.900,25.200,981.0000,26.646020
37.900,25.200,982.0000,21.164850
37.900,25.200,983.0000,21.490380
37.900,25.200,984.0000,27.507756
37.900,25.200,985.0000,31.765060
37.900,25.200,986.0000,36.300317
37.900,25.200,987.0000,42.682760
37.900,25.200,988.0000,43.908789
37.900,25.200,989.0000,53.409341
37.900,25.200,990.0000,66.141924
37.900,25.200,991.0000,74.376876
37.900,25.200,992.0000,90.806158
37.900,25.200,993.0000,114.704383
37.900,25.200,994.0000,154.628289
37.900,25.200,995.0000,175.661596
37.900,25.200,996.0000,236.467090
37.900,25.200,997.0000,327.413381
37.900,25.200,998.0000,454.215019
37.900,25.200,999.0000,621.525127
37.900,25.200,1000.0000,816.950482
37.900,25.200,1001.0000,908.004603
37.900,25.200,1002.0000,810.830441
37.900,25.200,1003.0000,622.383419
37.900,25.200,1004.0000,450.119489
37.900,25.200,1005.0000,330.359317
37.900,25.200,1006.0000,244.185808
37.900,25.200,1007.0000,190.213281
37.900,25.200,1008.0000,137.726367
37.900,25.200,1009.0000,120.853867
37.900,25.200,1010.0000,111.603015
37.900,25.200,1011.0000,91.555384
37.900,25.200,1012.0000,73.186204
37.900,25.200,1013.0000,69.838578
37.900,25.200,1014.0000,62.986129
37.900,25.200,1015.0000,60.706874
37.900,25.200,1016.0000,59.081842
37.900,25.200,1017.0000,58.781355
37.900,25.200,1018.0000,51.130855
37.900,25.200,1019.0000,52.461738
37.900,25.200,1020.0000,65.028139
37.900,25.200,1021.0000,64.378645
37.900,25.200,1022.0000,59.690708
37.900,25.200,1023.0000,81.144811
37.900,25.200,1024.0000,81.665949
37.900,25.200,1025.0000,106.464066
37.900,25.200,1026.0000,133.416256
37.900,25.200,1027.0000,182.789671
37.900,25.200,1028.0000,230.120396
37.900,25.200,1029.0000,291.800491
37.900,25.200,1030.0000,364.053296
37.900,25.200,1031.0000,374.888836
37.900,25.200,1032.0000,352.420205
37.900,25.200,1033.0000,287.854736
37.900,25.200,1034.0000,217.728921
37.900,25.200,1035.0000,182.889721
37.900,25.200,1036.0000,136.975835
37.900,25.200,1037.0000,101.330493
37.900,25.200,1038.0000,81.355289
37.900,25.200,1039.0000,67.193448
37.900,25.200,1040.0000,54.515164
37.900,25.200,1041.0000,37.603243
37.900,25.200,1042.0000,42.552980
37.900,25.200,1043.0000,32.619606
37.900,25.200,1044.0000,38.255766
37.900,25.200,1045.0000,38.481422
37.900,25.200,1046.0000,22.515251
37.900,25.200,1047.0000,24.183647
37.900,25.200,1048.0000,9.614385
37.900,25.200,1049.0000,13.234568
37.900,25.200,1050.0000,12.093105
37.900,25.200,1051.0000,26.563727
37.900,25.200,1052.0000,16.087292
37.900,25.200,1053.0000,6.417321
37.900,25.200,1054.0000,8.853149
37.900,25.200,1055.0000,7.043596
37.900,25.200,1056.0000,5.905132
37.900,25.200,1057.0000,9.771440
37.900,25.200,1058.0000,6.227604
37.900,25.200,1059.0000,-0.654176
37.900,25.200,1060.0000,3.719252
37.900,25.200,1061.0000,11.778126
37.900,25.200,1062.0000,6.257789
37.900,25.200,1063.0000,2.414287
37.900,25.200,1064.0000,8.619705
37.900,25.200,1065.0000,12.728682
37.900,25.200,1066.0000,4.519195
37.900,25.200,1067.0000,1.496524
37.900,25.200,1068.0000,12.422975
37.900,25.200,1069.0000,6.979744
37.900,25.200,1070.0000,17.264359
37.900,25.200,1071.0000,7.198136
37.900,25.200,1072.0000,7.299271
37.900,25.200,1073.0000,3.984549
37.900,25.200,1074.0000,11.189886
37.900,25.200,1075.0000,7.792790
37.900,25.200,1076.0000,6.480888
37.900,25.200,1077.0000,-3.506523
37.900,25.200,1078.0000,-8.515572
37.900,25.200,1079.0000,2.784238
37.900,25.200,1080.0000,4.829092
37.900,25.200,1081.0000,9.772957
37.900,25.200,1082.0000,13.957830
37.900,25.200,1083.0000,3.318139
37.900,25.200,1084.0000,10.811645
37.900,25.200,1085.0000,-0.791849
37.900,25.200,1086.0000,2.352292
37.900,25.200,1087.0000,4.928541
37.900,25.200,1088.0000,5.534225
37.900,25.200,1089.0000,2.817249
37.900,25.200,1090.0000,3.601946
37.900,25.200,1091.0000,10.032707
37.900,25.200,1092.0000,17.563852
37.900,25.200,1093.0000,2.760843
37.900,25.200,1094.0000,4.018163
37.900,25.200,1095.0000,5.910486
37.900,25.200,1096.0000,17.051885
37.900,25.200,1097.0000,1.159334
37.900,25.200,1098.0000,9.270495
37.900,25.200,1099.0000,7.224553
37.900,25.200,1100.0000,18.997600
37.900,25.200,1101.0000,-9.135827
37.900,25.200,1102.0000,8.623010
37.900,25.200,1103.0000,3.926285
37.900,25.200,1104.0000,8.759259
37.900,25.200,1105.0000,18.953949
37.900,25.200,1106.0000,5.999241
37.900,25.200,1107.0000,1.331398
37.900,25.200,1108.0000,0.525949
37.900,25.200,1109.0000,-8.708484
37.900,25.200,1110.0000,5.273276
37.900,25.200,1111.0000,6.818403
37.900,25.200,1112.0000,7.378121
37.900,25.200,1113.0000,-0.489106
37.900,25.200,1114.0000,11.136879
37.900,25.200,1115.0000,9.262640
37.900,25.200,1116.0000,-9.287987
37.900,25.200,1117.0000,14.333917
37.900,25.200,1118.0000,4.927978
37.900,25.200,1119.0000,6.411970
37.900,25.200,1120.0000,-3.655230
37.900,25.200,1121.0000,5.296524
37.900,25.200,1122.0000,3.772305
37.900,25.200,1123.0000,8.935884
37.900,25.200,1124.0000,9.796796
37.900,25.200,1125.0000,11.710141
37.900,25.200,1126.0000,10.625746
37.900,25.200,1127.0000,2.287583
37.900,25.200,1128.0000,1.676355
37.900,25.200,1129.0000,8.708530
37.900,25.200,1130.0000,3.011315
37.900,25.200,1131.0000,-0.901991
37.900,25.200,1132.0000,4.431220
37.900,25.200,1133.0000,10.169573
37.900,25.200,1134.0000,20.227028
37.900,25.200,1135.0000,10.419089
37.900,25.200,1136.0000,3.419762
37.900,25.200,1137.0000,8.361474
37.900,25.200,1138.0000,13.320034
37.900,25.200,1139.0000,11.839814
37.900,25.200,1140.0000,18.636144
37.900,25.200,1141.0000,19.155750
37.900,25.200,1142.0000,29.336653
37.900,25.200,1143.0000,28.124869
37.900,25.200,1144.0000,18.907068
37.900,25.200,1145.0000,21.335378
37.900,25.200,1146.0000,31.926229
37.900,25.200,1147.0000,41.518753
37.900,25.200,1148.0000,51.065514
37.900,25.200,1149.0000,57.093621
37.900,25.200,1150.0000,68.597390
37.900,25.200,1151.0000,75.970256
37.900,25.200,1152.0000,103.177953
37.900,25.200,1153.0000,107.836463
37.900,25.200,1154.0000,114.037323
37.900,25.200,1155.0000,128.955791
37.900,25.200,1156.0000,128.668525
37.900,25.200,1157.0000,120.767621
37.900,25.200,1158.0000,96.126407
37.900,25.200,1159.0000,78.433846
37.900,25.200,1160.0000,66.074234
37.900,25.200,1161.0000,63.199184
37.900,25.200,1162.0000,48.771207
37.900,25.200,1163.0000,34.723470
37.900,25.200,1164.0000,31.935624
37.900,25.200,1165.0000,39.033076
37.900,25.200,1166.0000,29.107811
37.900,25.200,1167.0000,28.235525
37.900,25.200,1168.0000,32.022155
37.900,25.200,1169.0000,24.270664
37.900,25.200,1170.0000,23.894791
37.900,25.200,1171.0000,21.025041
37.900,25.200,1172.0000,27.070211
37.900,25.200,1173.0000,33.687721
37.900,25.200,1174.0000,23.397248
37.900,25.200,1175.0000,41.304600
37.900,25.200,1176.0000,47.584417
37.900,25.200,1177.0000,41.777106
37.900,25.200,1178.0000,55.192715
37.900,25.200,1179.0000,75.601670
37.900,25.200,1180.0000,82.304332
37.900,25.200,1181.0000,108.289644
37.900,25.200,1182.0000,113.281889
37.900,25.200,1183.0000,117.832252
37.900,25.200,1184.0000,102.591794
37.900,25.200,1185.0000,86.537769
37.900,25.200,1186.0000,69.362430
37.900,25.200,1187.0000,55.401012
37.900,25.200,1188.0000,48.814413
37.900,25.200,1189.0000,40.295980
37.900,25.200,1190.0000,36.609776
37.900,25.200,1191.0000,22.067858
37.900,25.200,1192.0000,21.136477
37.900,25.200,1193.0000,22.573703
37.900,25.200,1194.0000,12.541636
37.900,25.200,1195.0000,6.402878
37.900,25.200,1196.0000,16.749630
37.900,25.200,1197.0000,10.850544
37.900,25.200,1198.0000,7.876508
37.900,25.200,1199.0000,7.960684
37.900,25.200,1200.0000,13.239638
37.900,25.200,1201.0000,3.525205
37.900,25.200,1202.0000,8.316374
37.900,25.200,1203.0000,10.494261
37.900,25.200,1204.0000,1.131692
37.900,25.200,1205.0000,14.579589
37.900,25.200,1206.0000,10.005471
37.900,25.200,1207.0000,8.413992
37.900,25.200,1208.0000,3.798780
37.900,25.200,1209.0000,12.275615
37.900,25.200,1210.0000,9.522961
37.900,25.200,1211.0000,8.820252
37.900,25.200,1212.0000,11.489665
37.900,25.200,1213.0000,4.473103
37.900,25.200,1214.0000,2.893318
37.900,25.200,1215.0000,4.348196
37.900,25.200,1216.0000,-0.096395
37.900,25.200,1217.0000,7.446820
37.900,25.200,1218.0000,3.201927
37.900,25.200,1219.0000,2.988010
37.900,25.200,1220.0000,3.769234
37.900,25.200,1221.0000,4.425585
37.900,25.200,1222.0000,9.098014
37.900,25.200,1223.0000,1.331748
37.900,25.200,1224.0000,-0.151510
37.900,25.200,1225.0000,-3.204493
37.900,25.200,1226.0000,5.411120
37.900,25.200,1227.0000,-2.697842
37.900,25.200,1228.0000,6.962255
37.900,25.200,1229.0000,2.543957
37.900,25.200,1230.0000,0.607423
37.900,25.200,1231.0000,4.156881
37.900,25.200,1232.0000,7.382690
37.900,25.200,1233.0000,5.482609
37.900,25.200,1234.0000,6.097661
37.900,25.200,1235.0000,-7.223022
37.900,25.200,1236.0000,-0.662848
37.900,25.200,1237.0000,3.920888
37.900,25.200,1238.0000,3.903943
37.900,25.200,1239.0000,16.594888
37.900,25.200,1240.0000,-0.310509
37.900,25.200,1241.0000,4.650815
37.900,25.200,1242.0000,-1.854813
37.900,25.200,1243.0000,1.653290
37.900,25.200,1244.0000,-1.574954
37.900,25.200,1245.0000,4.212370
37.900,25.200,1246.0000,-5.047437
37.900,25.200,1247.0000,-5.702041
37.900,25.200,1248.0000,-6.148717
37.900,25.200,1249.0000,4.633021
37.900,25.200,1250.0000,-6.389297
37.900,25.200,1251.0000,-5.068479
37.900,25.200,1252.0000,9.797960
37.900,25.200,1253.0000,5.560489
37.900,25.200,1254.0000,-5.460914
37.900,25.200,1255.0000,-7.102393
37.900,25.200,1256.0000,-5.085318
37.900,25.200,1257.0000,-0.362298
37.900,25.200,1258.0000,5.804361
37.900,25.200,1259.0000,6.336885
37.900,25.200,1260.0000,2.925089
37.900,25.200,1261.0000,7.509181
37.900,25.200,1262.0000,-0.002762
37.900,25.200,1263.0000,5.639862
37.900,25.200,1264.0000,4.690839
37.900,25.200,1265.0000,-4.951728
37.900,25.200,1266.0000,3.659982
37.900,25.200,1267.0000,8.311122
37.900,25.200,1268.0000,5.664867
37.900,25.200,1269.0000,-1.244058
37.900,25.200,1270.0000,5.887387
37.900,25.200,1271.0000,10.705512
37.900,25.200,1272.0000,7.477529
37.900,25.200,1273.0000,9.557502
37.900,25.200,1274.0000,-6.541416
37.900,25.200,1275.0000,3.177977
37.900,25.200,1276.0000,3.853350
37.900,25.200,1277.0000,8.849336
37.900,25.200,1278.0000,12.726757
37.900,25.200,1279.0000,4.111230
37.900,25.200,1280.0000,-4.105722
37.900,25.200,1281.0000,-2.790856
37.900,25.200,1282.0000,-3.618005
37.900,25.200,1283.0000,-0.682257
37.900,25.200,1284.0000,-1.088260
37.900,25.200,1285.0000,5.761021
37.900,25.200,1286.0000,6.225522
37.900,25.200,1287.0000,-0.877619
37.900,25.200,1288.0000,-6.890618
37.900,25.200,1289.0000,11.447791
37.900,25.200,1290.0000,5.036377
37.900,25.200,1291.0000,0.833350
37.900,25.200,1292.0000,9.051488
37.900,25.200,1293.0000,-8.635766
37.900,25.200,1294.0000,2.589206
37.900,25.200,1295.0000,0.649576
37.900,25.200,1296.0000,6.224021
37.900,25.200,1297.0000,0.648219
37.900,25.200,1298.0000,2.408114
37.900,25.200,1299.0000,4.277663
37.900,25.200,1300.0000,-7.102524
37.900,25.200,1301.0000,-11.078527
37.900,25.200,1302.0000,0.513724
37.900,25.200,1303.0000,1.309951
37.900,25.200,1304.0000,4.109659
37.900,25.200,1305.0000,12.406593
37.900,25.200,1306.0000,6.004868
37.900,25.200,1307.0000,-2.025302
37.900,25.200,1308.0000,-2.473287
37.900,25.200,1309.0000,2.391574
37.900,25.200,1310.0000,-7.593489
37.900,25.200,1311.0000,6.482487
37.900,25.200,1312.0000,2.395539
37.900,25.200,1313.0000,-10.528685
37.900,25.200,1314.0000,1.593300
37.900,25.200,1315.0000,-2.867257
37.900,25.200,1316.0000,-5.451774
37.900,25.200,1317.0000,17.478822
37.900,25.200,1318.0000,-0.775664
37.900,25.200,1319.0000,0.862733
37.900,25.200,1320.0000,-12.460941
37.900,25.200,1321.0000,-5.055883
37.900,25.200,1322.0000,-12.138408
37.900,25.200,1323.0000,11.444483
37.900,25.200,1324.0000,-3.023543
37.900,25.200,1325.0000,4.402060
37.900,25.200,1326.0000,4.351843
37.900,25.200,1327.0000,10.668196
37.900,25.200,1328.0000,2.719284
37.900,25.200,1329.0000,7.538984
37.900,25.200,1330.0000,-3.601506
37.900,25.200,1331.0000,-4.138142
37.900,25.200,1332.0000,2.588712
37.900,25.200,1333.0000,3.723971
37.900,25.200,1334.0000,2.782576
37.900,25.200,1335.0000,12.709340
37.900,25.200,1336.0000,9.895747
37.900,25.200,1337.0000,-10.494230
37.900,25.200,1338.0000,-2.814375
37.900,25.200,1339.0000,3.803643
37.900,25.200,1340.0000,11.122743
37.900,25.200,1341.0000,7.687371
37.900,25.200,1342.0000,5.948228
37.900,25.200,1343.0000,3.848835
37.900,25.200,1344.0000,5.327602
37.900,25.200,1345.0000,2.437351
37.900,25.200,1346.0000,-0.825687
37.900,25.200,1347.0000,6.280356
37.900,25.200,1348.0000,-3.567170
37.900,25.200,1349.0000,-3.207724
37.900,25.200,1350.0000,11.591450
37.900,25.200,1351.0000,6.107789
37.900,25.200,1352.0000,10.259552
37.900,25.200,1353.0000,-0.702698
37.900,25.200,1354.0000,0.917867
37.900,25.200,1355.0000,3.148044
37.900,25.200,1356.0000,-1.154521
37.900,25.200,1357.0000,4.098574
37.900,25.200,1358.0000,-4.870352
37.900,25.200,1359.0000,-2.032491
37.900,25.200,1360.0000,5.655491
37.900,25.200,1361.0000,-1.947104
37.900,25.200,1362.0000,-1.785049
37.900,25.200,1363.0000,4.286829
37.900,25.200,1364.0000,17.801774
37.900,25.200,1365.0000,-5.077777
37.900,25.200,1366.0000,5.192367
37.900,25.200,1367.0000,11.762052
37.900,25.200,1368.0000,3.182788
37.900,25.200,1369.0000,9.650729
37.900,25.200,1370.0000,-2.347980
37.900,25.200,1371.0000,6.743091
37.900,25.200,1372.0000,-3.710492
37.900,25.200,1373.0000,10.374496
37.900,25.200,1374.0000,10.216943
37.900,25.200,1375.0000,13.940875
37.900,25.200,1376.0000,7.264916
37.900,25.200,1377.0000,8.518661
37.900,25.200,1378.0000,7.912202
37.900,25.200,1379.0000,6.571987
37.900,25.200,1380.0000,-4.680123
37.900,25.200,1381.0000,7.439222
37.900,25.200,1382.0000,0.203776
37.900,25.200,1383.0000,-1.087769
37.900,25.200,1384.0000,-0.661515
37.900,25.200,1385.0000,1.816363
37.900,25.200,1386.0000,9.359082
37.900,25.200,1387.0000,8.924291
37.900,25.200,1388.0000,9.819480
37.900,25.200,1389.0000,17.300287
37.900,25.200,1390.0000,5.645869
37.900,25.200,1391.0000,-0.054721
37.900,25.200,1392.0000,3.086607
37.900,25.200,1393.0000,12.821810
37.900,25.200,1394.0000,2.393488
37.900,25.200,1395.0000,13.173856
37.900,25.200,1396.0000,2.466577
37.900,25.200,1397.0000,2.611503
37.900,25.200,1398.0000,13.400378
37.900,25.200,1399.0000,-3.066119
37.900,25.200,1400.0000,5.534669
37.900,25.200,1401.0000,8.632210
37.900,25.200,1402.0000,4.102719
37.900,25.200,1403.0000,0.886292
37.900,25.200,1404.0000,2.193943
37.900,25.200,1405.0000,5.188471
37.900,25.200,1406.0000,5.456353
37.900,25.200,1407.0000,5.692706
37.900,25.200,1408.0000,2.364712
37.900,25.200,1409.0000,6.688185
37.900,25.200,1410.0000,17.629425
37.900,25.200,1411.0000,14.640927
37.900,25.200,1412.0000,4.980114
37.900,25.200,1413.0000,11.644088
37.900,25.200,1414.0000,8.575529
37.900,25.200,1415.0000,2.415924
37.900,25.200,1416.0000,3.883387
37.900,25.200,1417.0000,-0.688083
37.900,25.200,1418.0000,19.446184
37.900,25.200,1419.0000,20.406188
37.900,25.200,1420.0000,9.283469
37.900,25.200,1421.0000,8.765997
37.900,25.200,1422.0000,9.957083
37.900,25.200,1423.0000,5.391956
37.900,25.200,1424.0000,12.529225
37.900,25.200,1425.0000,18.313615
37.900,25.200,1426.0000,20.306935
37.900,25.200,1427.0000,19.474600
37.900,25.200,1428.0000,19.616175
37.900,25.200,1429.0000,9.822751
37.900,25.200,1430.0000,11.483979
37.900,25.200,1431.0000,18.664893
37.900,25.200,1432.0000,24.621986
37.900,25.200,1433.0000,27.865986
37.900,25.200,1434.0000,25.244563
37.900,25.200,1435.0000,41.961466
37.900,25.200,1436.0000,26.787649
37.900,25.200,1437.0000,46.475856
37.900,25.200,1438.0000,42.168304
37.900,25.200,1439.0000,51.526396
37.900,25.200,1440.0000,72.326477
37.900,25.200,1441.0000,66.569542
37.900,25.200,1442.0000,79.837062
37.900,25.200,1443.0000,98.125873
37.900,25.200,1444.0000,116.406238
37.900,25.200,1445.0000,118.189756
37.900,25.200,1446.0000,150.094750
37.900,25.200,1447.0000,176.053427
37.900,25.200,1448.0000,189.840313
37.900,25.200,1449.0000,205.278003
37.900,25.200,1450.0000,202.246651
37.900,25.200,1451.0000,195.083817
37.900,25.200,1452.0000,179.220361
37.900,25.200,1453.0000,165.043617
37.900,25.200,1454.0000,150.762602
37.900,25.200,1455.0000,129.746798
37.900,25.200,1456.0000,116.112828
37.900,25.200,1457.0000,104.463052
37.900,25.200,1458.0000,90.810538
37.900,25.200,1459.0000,84.076567
37.900,25.200,1460.0000,71.584617
37.900,25.200,1461.0000,57.789922
37.900,25.200,1462.0000,47.101229
37.900,25.200,1463.0000,38.512781
37.900,25.200,1464.0000,34.608830
37.900,25.200,1465.0000,29.804359
37.900,25.200,1466.0000,35.269009
37.900,25.200,1467.0000,21.288124
37.900,25.200,1468.0000,28.715225
37.900,25.200,1469.0000,29.373670
37.900,25.200,1470.0000,35.411445
37.900,25.200,1471.0000,28.146674
37.900,25.200,1472.0000,10.272144
37.900,25.200,1473.0000,25.795051
37.900,25.200,1474.0000,16.960140
37.900,25.200,1475.0000,18.186545
37.900,25.200,1476.0000,7.944174
37.900,25.200,1477.0000,15.142647
37.900,25.200,1478.0000,9.931950
37.900,25.200,1479.0000,13.354951
37.900,25.200,1480.0000,17.522346
37.900,25.200,1481.0000,15.245846
37.900,25.200,1482.0000,11.875470
37.900,25.200,1483.0000,11.881211
37.900,25.200,1484.0000,10.695283
37.900,25.200,1485.0000,11.404183
37.900,25.200,1486.0000,8.747669
37.900,25.200,1487.0000,-2.915251
37.900,25.200,1488.0000,6.174021
37.900,25.200,1489.0000,8.395230
37.900,25.200,1490.0000,10.714212
37.900,25.200,1491.0000,10.083313
37.900,25.200,1492.0000,-2.688173
37.900,25.200,1493.0000,-8.794473
37.900,25.200,1494.0000,9.707139
37.900,25.200,1495.0000,7.515028
37.900,25.200,1496.0000,9.787503
37.900,25.200,1497.0000,12.171990
37.900,25.200,1498.0000,8.742527
37.900,25.200,1499.0000,8.392998
37.900,25.200,1500.0000,2.178713
37.900,25.200,1501.0000,4.558494
37.900,25.200,1502.0000,2.238671
37.900,25.200,1503.0000,-2.591419
37.900,25.200,1504.0000,5.558059
37.900,25.200,1505.0000,5.022070
37.900,25.200,1506.0000,9.688795
37.900,25.200,1507.0000,8.200235
37.900,25.200,1508.0000,7.915567
37.900,25.200,1509.0000,20.074899
37.900,25.200,1510.0000,0.502242
37.900,25.200,1511.0000,5.273952
37.900,25.200,1512.0000,-0.751230
37.900,25.200,1513.0000,2.615793
37.900,25.200,1514.0000,4.631232
37.900,25.200,1515.0000,-5.014698
37.900,25.200,1516.0000,9.608962
37.900,25.200,1517.0000,-1.380332
37.900,25.200,1518.0000,-1.963372
37.900,25.200,1519.0000,-2.525715
37.900,25.200,1520.0000,-8.076193
37.900,25.200,1521.0000,-4.293966
37.900,25.200,1522.0000,5.288972
37.900,25.200,1523.0000,3.705581
37.900,25.200,1524.0000,11.486876
37.900,25.200,1525.0000,14.664231
37.900,25.200,1526.0000,8.949099
37.900,25.200,1527.0000,5.157343
37.900,25.200,1528.0000,-14.615236
37.900,25.200,1529.0000,-0.538236
37.900,25.200,1530.0000,-1.976659
37.900,25.200,1531.0000,9.771335
37.900,25.200,1532.0000,1.607306
37.900,25.200,1533.0000,19.142572
37.900,25.200,1534.0000,7.806591
37.900,25.200,1535.0000,8.436515
37.900,25.200,1536.0000,3.549522
37.900,25.200,1537.0000,0.986635
37.900,25.200,1538.0000,18.605031
37.900,25.200,1539.0000,9.995835
37.900,25.200,1540.0000,9.316654
37.900,25.200,1541.0000,1.965714
37.900,25.200,1542.0000,-4.871257
37.900,25.200,1543.0000,6.381514
37.900,25.200,1544.0000,8.303400
37.900,25.200,1545.0000,5.193213
37.900,25.200,1546.0000,11.179382
37.900,25.200,1547.0000,-7.640508
37.900,25.200,1548.0000,-1.470866
37.900,25.200,1549.0000,15.546001
37.900,25.200,1550.0000,13.441563
37.900,25.200,1551.0000,5.667888
37.900,25.200,1552.0000,20.832850
37.900,25.200,1553.0000,8.096196
37.900,25.200,1554.0000,2.900746
37.900,25.200,1555.0000,4.756957
37.900,25.200,1556.0000,2.008342
37.900,25.200,1557.0000,10.822957
37.900,25.200,1558.0000,10.625054
37.900,25.200,1559.0000,2.842890
37.900,25.200,1560.0000,17.288151
37.900,25.200,1561.0000,12.534219
37.900,25.200,1562.0000,18.311745
37.900,25.200,1563.0000,22.136007
37.900,25.200,1564.0000,29.062716
37.900,25.200,1565.0000,24.317173
37.900,25.200,1566.0000,23.276994
37.900,25.200,1567.0000,19.847433
37.900,25.200,1568.0000,24.488661
37.900,25.200,1569.0000,27.278958
37.900,25.200,1570.0000,30.632474
37.900,25.200,1571.0000,35.146889
37.900,25.200,1572.0000,38.275415
37.900,25.200,1573.0000,47.969543
37.900,25.200,1574.0000,55.700425
37.900,25.200,1575.0000,64.229314
37.900,25.200,1576.0000,70.581935
37.900,25.200,1577.0000,102.063312
37.900,25.200,1578.0000,98.048560
37.900,25.200,1579.0000,129.622997
37.900,25.200,1580.0000,153.542381
37.900,25.200,1581.0000,173.089158
37.900,25.200,1582.0000,191.405532
37.900,25.200,1583.0000,192.021142
37.900,25.200,1584.0000,205.159468
37.900,25.200,1585.0000,183.451283
37.900,25.200,1586.0000,163.407051
37.900,25.200,1587.0000,136.198009
37.900,25.200,1588.0000,125.722146
37.900,25.200,1589.0000,129.188158
37.900,25.200,1590.0000,106.697022
37.900,25.200,1591.0000,112.465412
37.900,25.200,1592.0000,111.283078
37.900,25.200,1593.0000,129.823824
37.900,25.200,1594.0000,146.228129
37.900,25.200,1595.0000,161.262890
37.900,25.200,1596.0000,188.936889
37.900,25.200,1597.0000,235.591206
37.900,25.200,1598.0000,290.150990
37.900,25.200,1599.0000,367.509498
37.900,25.200,1600.0000,460.870027
37.900,25.200,1601.0000,538.590829
37.900,25.200,1602.0000,576.092852
37.900,25.200,1603.0000,533.420213
37.900,25.200,1604.0000,455.400967
37.900,25.200,1605.0000,362.576078
37.900,25.200,1606.0000,298.911104
37.900,25.200,1607.0000,233.345076
37.900,25.200,1608.0000,177.957700
37.900,25.200,1609.0000,157.093218
37.900,25.200,1610.0000,126.709250
37.900,25.200,1611.0000,91.376094
37.900,25.200,1612.0000,86.150023
37.900,25.200,1613.0000,75.047863
37.900,25.200,1614.0000,73.980057
37.900,25.200,1615.0000,45.322938
37.900,25.200,1616.0000,44.796914
37.900,25.200,1617.0000,46.442935
37.900,25.200,1618.0000,31.256604
37.900,25.200,1619.0000,29.373186
37.900,25.200,1620.0000,34.528795
37.900,25.200,1621.0000,29.025309
37.900,25.200,1622.0000,26.152396
37.900,25.200,1623.0000,16.514925
37.900,25.200,1624.0000,24.912087
37.900,25.200,1625.0000,18.247500
37.900,25.200,1626.0000,26.768690
37.900,25.200,1627.0000,13.389931
37.900,25.200,1628.0000,20.981116
37.900,25.200,1629.0000,6.923507
37.900,25.200,1630.0000,11.845411
37.900,25.200,1631.0000,16.779315
37.900,25.200,1632.0000,11.845505
37.900,25.200,1633.0000,0.728353
37.900,25.200,1634.0000,7.226694
37.900,25.200,1635.0000,20.460154
37.900,25.200,1636.0000,10.605136
37.900,25.200,1637.0000,8.820173
37.900,25.200,1638.0000,14.548644
37.900,25.200,1639.0000,5.867443
37.900,25.200,1640.0000,8.467899
37.900,25.200,1641.0000,5.200177
37.900,25.200,1642.0000,7.076184
37.900,25.200,1643.0000,11.997696
37.900,25.200,1644.0000,3.674921
37.900,25.200,1645.0000,8.477825
37.900,25.200,1646.0000,8.469915
37.900,25.200,1647.0000,19.052574
37.900,25.200,1648.0000,19.004543
37.900,25.200,1649.0000,16.662557
37.900,25.200,1650.0000,-0.468351
37.900,25.200,1651.0000,2.539419
37.900,25.200,1652.0000,2.213243
37.900,25.200,1653.0000,10.800606
37.900,25.200,1654.0000,16.135419
37.900,25.200,1655.0000,0.255689
37.900,25.200,1656.0000,0.254935
37.900,25.200,1657.0000,-7.079246
37.900,25.200,1658.0000,-6.657102
37.900,25.200,1659.0000,-2.284419
37.900,25.200,1660.0000,6.210737
37.900,25.200,1661.0000,5.027242
37.900,25.200,1662.0000,-1.772487
37.900,25.200,1663.0000,6.758733
37.900,25.200,1664.0000,9.562205
37.900,25.200,1665.0000,14.298303
37.900,25.200,1666.0000,1.907328
37.900,25.200,1667.0000,-10.936259
37.900,25.200,1668.0000,0.187388
37.900,25.200,1669.0000,-0.440722
37.900,25.200,1670.0000,3.303092
37.900,25.200,1671.0000,0.801805
37.900,25.200,1672.0000,4.381226
37.900,25.200,1673.0000,5.869703
37.900,25.200,1674.0000,-0.899126
37.900,25.200,1675.0000,-0.099781
37.900,25.200,1676.0000,-5.538552
37.900,25.200,1677.0000,-14.050786
37.900,25.200,1678.0000,-2.020502
37.900,25.200,1679.0000,7.546050
37.900,25.200,1680.0000,0.303190
37.900,25.200,1681.0000,4.917855
37.900,25.200,1682.0000,7.738276
37.900,25.200,1683.0000,1.116206
37.900,25.200,1684.0000,-10.332387
37.900,25.200,1685.0000,-5.694515
37.900,25.200,1686.0000,-11.152735
37.900,25.200,1687.0000,-3.158555
37.900,25.200,1688.0000,1.781278
37.900,25.200,1689.0000,3.898276
37.900,25.200,1690.0000,1.691213
37.900,25.200,1691.0000,-0.488859
37.900,25.200,1692.0000,5.998373
37.900,25.200,1693.0000,5.491495
37.900,25.200,1694.0000,1.446609
37.900,25.200,1695.0000,2.367969
37.900,25.200,1696.0000,3.396016
37.900,25.200,1697.0000,0.833122
37.900,25.200,1698.0000,10.003641
37.900,25.200,1699.0000,4.750648
37.900,25.200,1700.0000,1.536715
37.900,25.200,1701.0000,-0.072216
37.900,25.200,1702.0000,-7.489560
37.900,25.200,1703.0000,-5.092990
37.900,25.200,1704.0000,-13.512449
37.900,25.200,1705.0000,6.197013
37.900,25.200,1706.0000,-8.658740
37.900,25.200,1707.0000,8.491265
37.900,25.200,1708.0000,-2.702813
37.900,25.200,1709.0000,1.072613
37.900,25.200,1710.0000,-0.647153
37.900,25.200,1711.0000,0.287807
37.900,25.200,1712.0000,0.916795
37.900,25.200,1713.0000,-0.594530
37.900,25.200,1714.0000,-7.845431
37.900,25.200,1715.0000,5.809483
37.900,25.200,1716.0000,12.095737
37.900,25.200,1717.0000,1.212768
37.900,25.200,1718.0000,-5.908330
37.900,25.200,1719.0000,-0.213370
37.900,25.200,1720.0000,-9.137168
37.900,25.200,1721.0000,3.609878
37.900,25.200,1722.0000,-4.600187
37.900,25.200,1723.0000,-1.360293
37.900,25.200,1724.0000,5.844378
37.900,25.200,1725.0000,-3.562995
37.900,25.200,1726.0000,6.500521
37.900,25.200,1727.0000,2.308753
37.900,25.200,1728.0000,12.012629
37.900,25.200,1729.0000,2.685610
37.900,25.200,1730.0000,0.502838
37.900,25.200,1731.0000,2.385391
37.900,25.200,1732.0000,-4.761178
37.900,25.200,1733.0000,-4.092824
37.900,25.200,1734.0000,-8.398975
37.900,25.200,1735.0000,-7.261508
37.900,25.200,1736.0000,-7.705523
37.900,25.200,1737.0000,12.562325
37.900,25.200,1738.0000,-0.383715
37.900,25.200,1739.0000,-4.092918
37.900,25.200,1740.0000,1.515575
37.900,25.200,1741.0000,-2.420077
37.900,25.200,1742.0000,-0.857703
37.900,25.200,1743.0000,-2.161619
37.900,25.200,1744.0000,-3.260552
37.900,25.200,1745.0000,-1.189755
37.900,25.200,1746.0000,4.794248
37.900,25.200,1747.0000,2.245186
37.900,25.200,1748.0000,6.630868
37.900,25.200,1749.0000,-6.161777
37.900,25.200,1750.0000,5.220384
37.900,25.200,1751.0000,1.884968
37.900,25.200,1752.0000,-1.710706
37.900,25.200,1753.0000,-2.890313
37.900,25.200,1754.0000,-2.082856
37.900,25.200,1755.0000,8.550788
37.900,25.200,1756.0000,-0.269593
37.900,25.200,1757.0000,-4.748605
37.900,25.200,1758.0000,2.058050
37.900,25.200,1759.0000,-6.136490
37.900,25.200,1760.0000,4.189939
37.900,25.200,1761.0000,-5.309715
37.900,25.200,1762.0000,-1.433076
37.900,25.200,1763.0000,1.995020
37.900,25.200,1764.0000,-14.330133
37.900,25.200,1765.0000,8.432825
37.900,25.200,1766.0000,-0.471091
37.900,25.200,1767.0000,-0.211602
37.900,25.200,1768.0000,0.788611
37.900,25.200,1769.0000,5.463582
37.900,25.200,1770.0000,-5.569172
37.900,25.200,1771.0000,-7.447115
37.900,25.200,1772.0000,0.420570
37.900,25.200,1773.0000,1.886290
37.900,25.200,1774.0000,3.564607
37.900,25.200,1775.0000,10.921961
37.900,25.200,1776.0000,7.912847
37.900,25.200,1777.0000,5.078022
37.900,25.200,1778.0000,4.714941
37.900,25.200,1779.0000,-7.320689
37.900,25.200,1780.0000,-2.848570
37.900,25.200,1781.0000,0.206119
37.900,25.200,1782.0000,-6.117555
37.900,25.200,1783.0000,7.401999
37.900,25.200,1784.0000,0.964885
37.900,25.200,1785.0000,-5.411482
37.900,25.200,1786.0000,-0.955723
37.900,25.200,1787.0000,2.976250
37.900,25.200,1788.0000,5.338642
37.900,25.200,1789.0000,3.001764
37.900,25.200,1790.0000,7.770437
37.900,25.200,1791.0000,5.080121
37.900,25.200,1792.0000,4.178086
37.900,25.200,1793.0000,-2.022379
37.900,25.200,1794.0000,0.776983
37.900,25.200,1795.0000,1.226953
37.900,25.200,1796.0000,2.813289
37.900,25.200,1797.0000,-2.998358
37.900,25.200,1798.0000,8.925829
37.900,25.200,1799.0000,2.246002
37.900,25.200,1800.0000,9.698053
37.900,25.200,1801.0000,-2.336825
37.900,25.200,1802.0000,3.874574
37.900,25.200,1803.0000,6.242120
37.900,25.200,1804.0000,-4.527838
37.900,25.200,1805.0000,-3.550205
37.900,25.200,1806.0000,3.259746
37.900,25.200,1807.0000,-3.606780
37.900,25.200,1808.0000,3.622150
37.900,25.200,1809.0000,5.336915
37.900,25.200,1810.0000,6.138434
37.900,25.200,1811.0000,7.063359
37.900,25.200,1812.0000,-9.425575
37.900,25.200,1813.0000,-3.925786
37.900,25.200,1814.0000,5.951276
37.900,25.200,1815.0000,-0.069668
37.900,25.200,1816.0000,-4.732344
37.900,25.200,1817.0000,3.177112
37.900,25.200,1818.0000,-3.155235
37.900,25.200,1819.0000,10.371038
37.900,25.200,1820.0000,-10.121639
37.900,25.200,1821.0000,4.967417
37.900,25.200,1822.0000,-8.913312
37.900,25.200,1823.0000,1.386066
37.900,25.200,1824.0000,0.139105
37.900,25.200,1825.0000,6.448428
37.900,25.200,1826.0000,1.262291
37.900,25.200,1827.0000,1.398132
37.900,25.200,1828.0000,-5.799812
37.900,25.200,1829.0000,7.067729
37.900,25.200,1830.0000,-2.692207
37.900,25.200,1831.0000,-2.789644
37.900,25.200,1832.0000,5.096559
37.900,25.200,1833.0000,2.166658
37.900,25.200,1834.0000,8.649609
37.900,25.200,1835.0000,-3.599595
37.900,25.200,1836.0000,-5.187932
37.900,25.200,1837.0000,-2.096454
37.900,25.200,1838.0000,-2.408891
37.900,25.200,1839.0000,-0.604101
37.900,25.200,1840.0000,-6.179507
37.900,25.200,1841.0000,3.743036
37.900,25.200,1842.0000,-1.494189
37.900,25.200,1843.0000,1.103417
37.900,25.200,1844.0000,12.620411
37.900,25.200,1845.0000,-3.375765
37.900,25.200,1846.0000,7.685285
37.900,25.200,1847.0000,-15.213740
37.900,25.200,1848.0000,-4.595728
37.900,25.200,1849.0000,-0.902567
37.900,25.200,1850.0000,-3.564635
37.900,25.200,1851.0000,4.122101
37.900,25.200,1852.0000,5.693244
37.900,25.200,1853.0000,5.691907
37.900,25.200,1854.0000,-3.271641
37.900,25.200,1855.0000,10.413135
37.900,25.200,1856.0000,-4.023488
37.900,25.200,1857.0000,-0.958903
37.900,25.200,1858.0000,3.137003
37.900,25.200,1859.0000,-6.373486
37.900,25.200,1860.0000,10.847334
37.900,25.200,1861.0000,-1.658533
37.900,25.200,1862.0000,4.830753
37.900,25.200,1863.0000,2.726390
37.900,25.200,1864.0000,7.617555
37.900,25.200,1865.0000,3.891394
37.900,25.200,1866.0000,10.060848
37.900,25.200,1867.0000,-1.288651
37.900,25.200,1868.0000,-0.363150
37.900,25.200,1869.0000,-6.308846
37.900,25.200,1870.0000,-10.097657
37.900,25.200,1871.0000,9.334727
37.900,25.200,1872.0000,10.533550
37.900,25.200,1873.0000,2.220731
37.900,25.200,1874.0000,-6.694259
37.900,25.200,1875.0000,3.628595
37.900,25.200,1876.0000,1.153050
37.900,25.200,1877.0000,-2.372532
37.900,25.200,1878.0000,-0.898239
37.900,25.200,1879.0000,9.062833
37.900,25.200,1880.0000,-2.873901
37.900,25.200,1881.0000,3.271923
37.900,25.200,1882.0000,-9.416167
37.900,25.200,1883.0000,0.296035
37.900,25.200,1884.0000,2.322665
37.900,25.200,1885.0000,10.155563
37.900,25.200,1886.0000,6.000864
37.900,25.200,1887.0000,-4.766202
37.900,25.200,1888.0000,4.840496
37.900,25.200,1889.0000,-4.768776
37.900,25.200,1890.0000,-5.042569
37.900,25.200,1891.0000,6.025111
37.900,25.200,1892.0000,-7.322347
37.900,25.200,1893.0000,1.667915
37.900,25.200,1894.0000,-7.569687
37.900,25.200,1895.0000,-4.178118
37.900,25.200,1896.0000,7.484085
37.900,25.200,1897.0000,-0.857455
37.900,25.200,1898.0000,-2.432740
37.900,25.200,1899.0000,9.570578
37.900,25.200,1900.0000,2.515474
37.900,25.200,1901.0000,6.005247
37.900,25.200,1902.0000,10.599918
37.900,25.200,1903.0000,4.082083
37.900,25.200,1904.0000,0.540137
37.900,25.200,1905.0000,-2.741086
37.900,25.200,1906.0000,-0.139995
37.900,25.200,1907.0000,7.410993
37.900,25.200,1908.0000,-4.422222
37.900,25.200,1909.0000,-5.609898
37.900,25.200,1910.0000,-1.247781
37.900,25.200,1911.0000,13.474301
37.900,25.200,1912.0000,6.193481
37.900,25.200,1913.0000,1.650324
37.900,25.200,1914.0000,-2.354194
37.900,25.200,1915.0000,7.134919
37.900,25.200,1916.0000,-6.525693
37.900,25.200,1917.0000,-0.180821
37.900,25.200,1918.0000,-0.961703
37.900,25.200,1919.0000,-1.335813
37.900,25.200,1920.0000,1.472544
37.900,25.200,1921.0000,6.284158
37.900,25.200,1922.0000,3.529994
37.900,25.200,1923.0000,-1.662437
37.900,25.200,1924.0000,-9.074513
37.900,25.200,1925.0000,-11.179916
37.900,25.200,1926.0000,2.919924
37.900,25.200,1927.0000,4.314366
37.900,25.200,1928.0000,-8.663965
37.900,25.200,1929.0000,-14.922666
37.900,25.200,1930.0000,1.493188
37.900,25.200,1931.0000,1.046406
37.900,25.200,1932.0000,-2.226913
37.900,25.200,1933.0000,-4.758245
37.900,25.200,1934.0000,-0.754804
37.900,25.200,1935.0000,-11.565981
37.900,25.200,1936.0000,1.734528
37.900,25.200,1937.0000,-1.335560
37.900,25.200,1938.0000,8.565498
37.900,25.200,1939.0000,-0.868126
37.900,25.200,1940.0000,6.517761
37.900,25.200,1941.0000,5.430998
37.900,25.200,1942.0000,5.697740
37.900,25.200,1943.0000,7.565503
37.900,25.200,1944.0000,4.351373
37.900,25.200,1945.0000,4.075597
37.900,25.200,1946.0000,-0.696779
37.900,25.200,1947.0000,-7.550521
37.900,25.200,1948.0000,7.862348
37.900,25.200,1949.0000,-8.961592
37.900,25.200,1950.0000,1.066735
37.900,25.200,1951.0000,2.806265
37.900,25.200,1952.0000,2.569142
37.900,25.200,1953.0000,9.550013
37.900,25.200,1954.0000,-9.733578
37.900,25.200,1955.0000,-7.624371
37.900,25.200,1956.0000,-0.109747
37.900,25.200,1957.0000,-3.858118
37.900,25.200,1958.0000,4.043483
37.900,25.200,1959.0000,-3.727691
37.900,25.200,1960.0000,8.052964
37.900,25.200,1961.0000,-3.287770
37.900,25.200,1962.0000,8.451175
37.900,25.200,1963.0000,2.866532
37.900,25.200,1964.0000,-4.771295
37.900,25.200,1965.0000,-8.341829
37.900,25.200,1966.0000,2.925640
37.900,25.200,1967.0000,3.208558
37.900,25.200,1968.0000,6.438334
37.900,25.200,1969.0000,-7.869017
37.900,25.200,1970.0000,-2.580129
37.900,25.200,1971.0000,-5.312823
37.900,25.200,1972.0000,-0.906120
37.900,25.200,1973.0000,8.218149
37.900,25.200,1974.0000,1.071065
37.900,25.200,1975.0000,7.784727
37.900,25.200,1976.0000,-3.032297
37.900,25.200,1977.0000,0.295614
37.900,25.200,1978.0000,5.667819
37.900,25.200,1979.0000,1.293392
37.900,25.200,1980.0000,-3.638277
37.900,25.200,1981.0000,11.408668
37.900,25.200,1982.0000,-4.654602
37.900,25.200,1983.0000,-1.406328
37.900,25.200,1984.0000,0.166801
37.900,25.200,1985.0000,7.370910
37.900,25.200,1986.0000,-1.326488
37.900,25.200,1987.0000,0.355413
37.900,25.200,1988.0000,2.431367
37.900,25.200,1989.0000,-14.678609
37.900,25.200,1990.0000,-8.331765
37.900,25.200,1991.0000,0.537065
37.900,25.200,1992.0000,8.359224
37.900,25.200,1993.0000,-7.486541
37.900,25.200,1994.0000,8.195818
37.900,25.200,1995.0000,-5.093442
37.900,25.200,1996.0000,-2.716368
37.900,25.200,1997.0000,1.916777
37.900,25.200,1998.0000,0.154269
37.900,25.200,1999.0000,-1.833695
37.900,25.200,2000.0000,-13.071785
37.900,25.300,200.0000,-7.125206
37.900,25.300,201.0000,-4.385310
37.900,25.300,202.0000,-7.745048
37.900,25.300,203.0000,-0.048704
37.900,25.300,204.0000,1.486801
37.900,25.300,205.0000,-0.656954
37.900,25.300,206.0000,-9.378625
37.900,25.300,207.0000,-2.129100
37.900,25.300,208.0000,0.124531
37.900,25.300,209.0000,9.368529
37.900,25.300,210.0000,-6.618015
37.900,25.300,211.0000,-1.187215
37.900,25.300,212.0000,-10.510651
37.900,25.300,213.0000,17.770805
37.900,25.300,214.0000,8.819786
37.900,25.300,215.0000,0.218437
37.900,25.300,216.0000,9.509475
37.900,25.300,217.0000,0.047110
37.900,25.300,218.0000,9.987217
37.900,25.300,219.0000,0.178665
37.900,25.300,220.0000,2.320738
37.900,25.300,221.0000,-12.801726
37.900,25.300,222.0000,10.165753
37.900,25.300,223.0000,-5.049124
37.900,25.300,224.0000,1.323959
37.900,25.300,225.0000,-10.543542
37.900,25.300,226.0000,1.551504
37.900,25.300,227.0000,-4.366759
37.900,25.300,228.0000,6.955260
37.900,25.300,229.0000,-6.799666
37.900,25.300,230.0000,-2.888066
37.900,25.300,231.0000,-6.952511
37.900,25.300,232.0000,-1.599029
37.900,25.300,233.0000,-2.240408
37.900,25.300,234.0000,0.871008
37.900,25.300,235.0000,-5.339335
37.900,25.300,236.0000,-3.950603
37.900,25.300,237.0000,5.460560
37.900,25.300,238.0000,3.019264
37.900,25.300,239.0000,-0.198228
37.900,25.300,240.0000,4.471815
37.900,25.300,241.0000,0.922251
37.900,25.300,242.0000,0.585447
37.900,25.300,243.0000,17.346242
37.900,25.300,244.0000,-3.548960
37.900,25.300,245.0000,-0.940636
37.900,25.300,246.0000,4.154709
37.900,25.300,247.0000,-1.157980
37.900,25.300,248.0000,-3.051416
37.900,25.300,249.0000,-1.095010
37.900,25.300,250.0000,7.281968
37.900,25.300,251.0000,-5.191654
37.900,25.300,252.0000,-0.344874
37.900,25.300,253.0000,0.434630
37.900,25.300,254.0000,-4.752008
37.900,25.300,255.0000,8.673512
37.900,25.300,256.0000,1.685852
37.900,25.300,257.0000,-0.268894
37.900,25.300,258.0000,1.327548
37.900,25.300,259.0000,-3.901878
37.900,25.300,260.0000,-13.442142
37.900,25.300,261.0000,5.903652
37.900,25.300,262.0000,-10.548719
37.900,25.300,263.0000,-5.027529
37.900,25.300,264.0000,18.742912
37.900,25.300,265.0000,8.323312
37.900,25.300,266.0000,0.048080
37.900,25.300,267.0000,7.839641
37.900,25.300,268.0000,0.748991
37.900,25.300,269.0000,1.087853
37.900,25.300,270.0000,-4.482930
37.900,25.300,271.0000,1.801577
37.900,25.300,272.0000,-9.845696
37.900,25.300,273.0000,3.142386
37.900,25.300,274.0000,-4.531451
37.900,25.300,275.0000,1.180245
37.900,25.300,276.0000,-2.408918
37.900,25.300,277.0000,8.985214
37.900,25.300,278.0000,3.105264
37.900,25.300,279.0000,3.282163
37.900,25.300,280.0000,-5.241078
37.900,25.300,281.0000,6.121818
37.900,25.300,282.0000,-9.980344
37.900,25.300,283.0000,-13.329783
37.900,25.300,284.0000,-2.952934
37.900,25.300,285.0000,0.213554
37.900,25.300,286.0000,1.311860
37.900,25.300,287.0000,12.419252
37.900,25.300,288.0000,-5.480262
37.900,25.300,289.0000,5.126852
37.900,25.300,290.0000,2.261187
37.900,25.300,291.0000,1.867392
37.900,25.300,292.0000,4.494085
37.900,25.300,293.0000,12.113848
37.900,25.300,294.0000,-9.935564
37.900,25.300,295.0000,-4.898505
37.900,25.300,296.0000,-18.205274
37.900,25.300,297.0000,6.544360
37.900,25.300,298.0000,2.244582
37.900,25.300,299.0000,3.356310
37.900,25.300,300.0000,2.676121
37.900,25.300,301.0000,5.214908
37.900,25.300,302.0000,-1.505911
37.900,25.300,303.0000,-4.748896
37.900,25.300,304.0000,3.141656
37.900,25.300,305.0000,0.228870
37.900,25.300,306.0000,-0.659910
37.900,25.300,307.0000,3.242129
37.900,25.300,308.0000,-3.616026
37.900,25.300,309.0000,-4.495781
37.900,25.300,310.0000,6.901402
37.900,25.300,311.0000,-6.858752
37.900,25.300,312.0000,4.553221
37.900,25.300,313.0000,10.524185
37.900,25.300,314.0000,2.092050
37.900,25.300,315.0000,3.594619
37.900,25.300,316.0000,2.732130
37.900,25.300,317.0000,7.794128
37.900,25.300,318.0000,9.825375
37.900,25.300,319.0000,4.620325
37.900,25.300,320.0000,1.401828
37.900,25.300,321.0000,1.625566
37.900,25.300,322.0000,1.515354
37.900,25.300,323.0000,2.591495
37.900,25.300,324.0000,5.987338
37.900,25.300,325.0000,-0.102485
37.900,25.300,326.0000,6.860619
37.900,25.300,327.0000,-1.788033
37.900,25.300,328.0000,-2.164848
37.900,25.300,329.0000,9.181110
37.900,25.300,330.0000,-6.776383
37.900,25.300,331.0000,2.800050
37.900,25.300,332.0000,7.084486
37.900,25.300,333.0000,-1.140708
37.900,25.300,334.0000,-7.121833
37.900,25.300,335.0000,-1.326732
37.900,25.300,336.0000,-5.201160
37.900,25.300,337.0000,-8.845379
37.900,25.300,338.0000,-1.020180
37.900,25.300,339.0000,-6.195566
37.900,25.300,340.0000,-3.807082
37.900,25.300,341.0000,-7.364642
37.900,25.300,342.0000,4.956500
37.900,25.300,343.0000,-1.470137
37.900,25.300,344.0000,0.731782
37.900,25.300,345.0000,-11.672994
37.900,25.300,346.0000,2.505675
37.900,25.300,347.0000,-8.400475
37.900,25.300,348.0000,11.790266
37.900,25.300,349.0000,5.132833
37.900,25.300,350.0000,4.741968
37.900,25.300,351.0000,1.713633
37.900,25.300,352.0000,1.254645
37.900,25.300,353.0000,1.217976
37.900,25.300,354.0000,0.012927
37.900,25.300,355.0000,-0.005330
37.900,25.300,356.0000,-0.918962
37.900,25.300,357.0000,-5.993289
37.900,25.300,358.0000,-2.767903
37.900,25.300,359.0000,-10.493206
37.900,25.300,360.0000,-3.924516
37.900,25.300,361.0000,9.194363
37.900,25.300,362.0000,-2.548353
37.900,25.300,363.0000,8.187184
37.900,25.300,364.0000,4.299902
37.900,25.300,365.0000,4.723393
37.900,25.300,366.0000,4.107253
37.900,25.300,367.0000,5.440035
37.900,25.300,368.0000,3.719137
37.900,25.300,369.0000,-8.819720
37.900,25.300,370.0000,5.345621
37.900,25.300,371.0000,1.438609
37.900,25.300,372.0000,-0.888069
37.900,25.300,373.0000,16.416801
37.900,25.300,374.0000,1.578348
37.900,25.300,375.0000,9.706414
37.900,25.300,376.0000,-1.805166
37.900,25.300,377.0000,-2.471297
37.900,25.300,378.0000,-1.060778
37.900,25.300,379.0000,-15.234849
37.900,25.300,380.0000,-7.150381
37.900,25.300,381.0000,1.848660
37.900,25.300,382.0000,1.345919
37.900,25.300,383.0000,-4.473962
37.900,25.300,384.0000,1.565568
37.900,25.300,385.0000,-3.719064
37.900,25.300,386.0000,6.994954
37.900,25.300,387.0000,4.789028
37.900,25.300,388.0000,-4.335054
37.900,25.300,389.0000,0.186730
37.900,25.300,390.0000,-6.972845
37.900,25.300,391.0000,8.312441
37.900,25.300,392.0000,3.334553
37.900,25.300,393.0000,9.398546
37.900,25.300,394.0000,-0.440363
37.900,25.300,395.0000,1.648479
37.900,25.300,396.0000,-4.657075
37.900,25.300,397.0000,-4.109111
37.900,25.300,398.0000,-0.884167
37.900,25.300,399.0000,8.683491
37.900,25.300,400.0000,5.018846
37.900,25.300,401.0000,2.157279
37.900,25.300,402.0000,-6.115930
37.900,25.300,403.0000,5.313456
37.900,25.300,404.0000,2.767784
37.900,25.300,405.0000,-10.155390
37.900,25.300,406.0000,1.627852
37.900,25.300,407.0000,-8.989638
37.900,25.300,408.0000,1.438106
37.900,25.300,409.0000,7.406447
37.900,25.300,410.0000,3.539420
37.900,25.300,411.0000,-0.748676
37.900,25.300,412.0000,5.884612
37.900,25.300,413.0000,-7.798841
37.900,25.300,414.0000,1.185648
37.900,25.300,415.0000,-0.761699
37.900,25.300,416.0000,-1.422100
37.900,25.300,417.0000,-10.164678
37.900,25.300,418.0000,3.796251
37.900,25.300,419.0000,-5.320698
37.900,25.300,420.0000,6.772460
37.900,25.300,421.0000,-3.048092
37.900,25.300,422.0000,-3.607965
37.900,25.300,423.0000,-4.109571
37.900,25.300,424.0000,1.598484
37.900,25.300,425.0000,-3.720775
37.900,25.300,426.0000,3.695061
37.900,25.300,427.0000,-5.103670
37.900,25.300,428.0000,-2.684642
37.900,25.300,429.0000,0.032713
37.900,25.300,430.0000,-3.698100
37.900,25.300,431.0000,-2.348787
37.900,25.300,432.0000,8.628637
37.900,25.300,433.0000,-5.604452
37.900,25.300,434.0000,-0.132470
37.900,25.300,435.0000,-2.445271
37.900,25.300,436.0000,-7.008819
37.900,25.300,437.0000,1.091752
37.900,25.300,438.0000,-1.294564
37.900,25.300,439.0000,-9.171003
37.900,25.300,440.0000,-1.570356
37.900,25.300,441.0000,7.689013
37.900,25.300,442.0000,6.171335
37.900,25.300,443.0000,-2.411405
37.900,25.300,444.0000,-1.159546
37.900,25.300,445.0000,4.201498
37.900,25.300,446.0000,-6.888617
37.900,25.300,447.0000,5.647898
37.900,25.300,448.0000,2.268514
37.900,25.300,449.0000,-2.059130
37.900,25.300,450.0000,4.947775
37.900,25.300,451.0000,11.376168
37.900,25.300,452.0000,8.405262
37.900,25.300,453.0000,6.641552
37.900,25.300,454.0000,6.582525
37.900,25.300,455.0000,5.800068
37.900,25.300,456.0000,-0.689629
37.900,25.300,457.0000,9.494281
37.900,25.300,458.0000,1.752034
37.900,25.300,459.0000,-1.385200
37.900,25.300,460.0000,-0.755128
37.900,25.300,461.0000,-1.636716
37.900,25.300,462.0000,-7.994075
37.900,25.300,463.0000,0.132575
37.900,25.300,464.0000,14.235641
37.900,25.300,465.0000,3.270797
37.900,25.300,466.0000,3.683348
37.900,25.300,467.0000,3.977577
37.900,25.300,468.0000,4.500226
37.900,25.300,469.0000,-4.898581
37.900,25.300,470.0000,-7.846467
37.900,25.300,471.0000,-7.031127
37.900,25.300,472.0000,9.010390
37.900,25.300,473.0000,-8.032065
37.900,25.300,474.0000,-9.200605
37.900,25.300,475.0000,1.654679
37.900,25.300,476.0000,7.588137
37.900,25.300,477.0000,1.751982
37.900,25.300,478.0000,-3.195527
37.900,25.300,479.0000,-10.092504
37.900,25.300,480.0000,2.468915
37.900,25.300,481.0000,0.921320
37.900,25.300,482.0000,8.715622
37.900,25.300,483.0000,1.915703
37.900,25.300,484.0000,1.621133
37.900,25.300,485.0000,-4.946969
37.900,25.300,486.0000,-0.398826
37.900,25.300,487.0000,3.619598
37.900,25.300,488.0000,0.133159
37.900,25.300,489.0000,-13.223596
37.900,25.300,490.0000,-2.100607
37.900,25.300,491.0000,3.119192
37.900,25.300,492.0000,6.093378
37.900,25.300,493.0000,10.270380
37.900,25.300,494.0000,-6.197242
37.900,25.300,495.0000,1.153087
37.900,25.300,496.0000,3.029299
37.900,25.300,497.0000,2.555924
37.900,25.300,498.0000,3.453596
37.900,25.300,499.0000,8.199255
37.900,25.300,500.0000,1.377711
37.900,25.300,501.0000,-12.177476
37.900,25.300,502.0000,2.602369
37.900,25.300,503.0000,0.050485
37.900,25.300,504.0000,0.988956
37.900,25.300,505.0000,-0.172309
37.900,25.300,506.0000,13.350608
37.900,25.300,507.0000,4.208094
37.900,25.300,508.0000,-6.894118
37.900,25.300,509.0000,-2.093263
37.900,25.300,510.0000,4.382130
37.900,25.300,511.0000,7.151590
37.900,25.300,512.0000,5.903553
37.900,25.300,513.0000,3.822638
37.900,25.300,514.0000,-0.812315
37.900,25.300,515.0000,-1.938710
37.900,25.300,516.0000,-6.500020
37.900,25.300,517.0000,-7.892258
37.900,25.300,518.0000,0.739991
37.900,25.300,519.0000,5.906635
37.900,25.300,520.0000,-2.324642
37.900,25.300,521.0000,-3.737234
37.900,25.300,522.0000,-0.337952
37.900,25.300,523.0000,10.946898
37.900,25.300,524.0000,1.638326
37.900,25.300,525.0000,-5.458862
37.900,25.300,526.0000,4.942404
37.900,25.300,527.0000,-0.126514
37.900,25.300,528.0000,1.410337
37.900,25.300,529.0000,5.078080
37.900,25.300,530.0000,7.391825
37.900,25.300,531.0000,-1.466694
37.900,25.300,532.0000,13.518761
37.900,25.300,533.0000,11.737476
37.900,25.300,534.0000,3.820090
37.900,25.300,535.0000,-2.060969
37.900,25.300,536.0000,-3.249702
37.900,25.300,537.0000,3.000441
37.900,25.300,538.0000,3.645852
37.900,25.300,539.0000,-9.243514
37.900,25.300,540.0000,0.002457
37.900,25.300,541.0000,14.835640
37.900,25.300,542.0000,-11.633386
37.900,25.300,543.0000,6.080114
37.900,25.300,544.0000,8.430738
37.900,25.300,545.0000,-3.618625
37.900,25.300,546.0000,-2.225672
37.900,25.300,547.0000,-0.264331
37.900,25.300,548.0000,4.549720
37.900,25.300,549.0000,5.440182
37.900,25.300,550.0000,4.393839
37.900,25.300,551.0000,1.185839
37.900,25.300,552.0000,-5.376033
37.900,25.300,553.0000,0.031601
37.900,25.300,554.0000,-5.622612
37.900,25.300,555.0000,-1.228197
37.900,25.300,556.0000,-3.551788
37.900,25.300,557.0000,-2.543115
37.900,25.300,558.0000,19.232263
37.900,25.300,559.0000,22.072097
37.900,25.300,560.0000,-3.753782
37.900,25.300,561.0000,3.896778
37.900,25.300,562.0000,-0.265481
37.900,25.300,563.0000,-2.071584
37.900,25.300,564.0000,0.060735
37.900,25.300,565.0000,-6.339970
37.900,25.300,566.0000,15.084101
37.900,25.300,567.0000,7.308421
37.900,25.300,568.0000,-6.307255
37.900,25.300,569.0000,-4.438710
37.900,25.300,570.0000,2.753660
37.900,25.300,571.0000,-1.990771
37.900,25.300,572.0000,18.497603
37.900,25.300,573.0000,-4.593935
37.900,25.300,574.0000,11.110128
37.900,25.300,575.0000,-2.378538
37.900,25.300,576.0000,13.481719
37.900,25.300,577.0000,-7.947198
37.900,25.300,578.0000,-2.791702
37.900,25.300,579.0000,1.532418
37.900,25.300,580.0000,-2.456644
37.900,25.300,581.0000,3.627265
37.900,25.300,582.0000,3.915023
37.900,25.300,583.0000,5.422207
37.900,25.300,584.0000,6.907486
37.900,25.300,585.0000,4.464317
37.900,25.300,586.0000,-2.861673
37.900,25.300,587.0000,6.793938
37.900,25.300,588.0000,-6.235607
37.900,25.300,589.0000,5.437129
37.900,25.300,590.0000,-0.362766
37.900,25.300,591.0000,-3.078203
37.900,25.300,592.0000,-2.260257
37.900,25.300,593.0000,3.026317
37.900,25.300,594.0000,1.329105
37.900,25.300,595.0000,-2.073862
37.900,25.300,596.0000,-1.969388
37.900,25.300,597.0000,12.938105
37.900,25.300,598.0000,21.351421
37.900,25.300,599.0000,7.606130
37.900,25.300,600.0000,12.972964
37.900,25.300,601.0000,8.795857
37.900,25.300,602.0000,4.876603
37.900,25.300,603.0000,2.752960
37.900,25.300,604.0000,14.252150
37.900,25.300,605.0000,5.358319
37.900,25.300,606.0000,16.253362
37.900,25.300,607.0000,19.252281
37.900,25.300,608.0000,21.392630
37.900,25.300,609.0000,23.813148
37.900,25.300,610.0000,31.599510
37.900,25.300,611.0000,25.367988
37.900,25.300,612.0000,43.951519
37.900,25.300,613.0000,42.528990
37.900,25.300,614.0000,59.647857
37.900,25.300,615.0000,75.187852
37.900,25.300,616.0000,79.653488
37.900,25.300,617.0000,122.033684
37.900,25.300,618.0000,143.415559
37.900,25.300,619.0000,147.684448
37.900,25.300,620.0000,166.105148
37.900,25.300,621.0000,152.121717
37.900,25.300,622.0000,126.864894
37.900,25.300,623.0000,102.644648
37.900,25.300,624.0000,80.874740
37.900,25.300,625.0000,75.240014
37.900,25.300,626.0000,58.135370
37.900,25.300,627.0000,48.036604
37.900,25.300,628.0000,43.726055
37.900,25.300,629.0000,42.066199
37.900,25.300,630.0000,29.706357
37.900,25.300,631.0000,28.022806
37.900,25.300,632.0000,22.664681
37.900,25.300,633.0000,9.136476
37.900,25.300,634.0000,15.335910
37.900,25.300,635.0000,21.927751
37.900,25.300,636.0000,17.797465
37.900,25.300,637.0000,11.163137
37.900,25.300,638.0000,4.401261
37.900,25.300,639.0000,3.296909
37.900,25.300,640.0000,14.885977
37.900,25.300,641.0000,6.661323
37.900,25.300,642.0000,3.919817
37.900,25.300,643.0000,6.503843
37.900,25.300,644.0000,7.936589
37.900,25.300,645.0000,12.064805
37.900,25.300,646.0000,8.809495
37.900,25.300,647.0000,4.228305
37.900,25.300,648.0000,5.643185
37.900,25.300,649.0000,7.444647
37.900,25.300,650.0000,8.557304
37.900,25.300,651.0000,6.858347
37.900,25.300,652.0000,1.214604
37.900,25.300,653.0000,2.545399
37.900,25.300,654.0000,-1.062228
37.900,25.300,655.0000,3.628009
37.900,25.300,656.0000,-6.402604
37.900,25.300,657.0000,4.488390
37.900,25.300,658.0000,-2.072849
37.900,25.300,659.0000,-1.939592
37.900,25.300,660.0000,5.292684
37.900,25.300,661.0000,-0.534208
37.900,25.300,662.0000,0.933769
37.900,25.300,663.0000,10.501899
37.900,25.300,664.0000,10.805639
37.900,25.300,665.0000,-6.428098
37.900,25.300,666.0000,-2.094587
37.900,25.300,667.0000,-1.248788
37.900,25.300,668.0000,-3.852230
37.900,25.300,669.0000,12.030024
37.900,25.300,670.0000,-5.301323
37.900,25.300,671.0000,-9.603483
37.900,25.300,672.0000,9.721257
37.900,25.300,673.0000,0.814574
37.900,25.300,674.0000,0.847112
37.900,25.300,675.0000,-1.443127
37.900,25.300,676.0000,4.321729
37.900,25.300,677.0000,5.130955
37.900,25.300,678.0000,7.887939
37.900,25.300,679.0000,-1.885107
37.900,25.300,680.0000,-14.937009
37.900,25.300,681.0000,-1.125580
37.900,25.300,682.0000,1.262528
37.900,25.300,683.0000,10.439826
37.900,25.300,684.0000,-15.130828
37.900,25.300,685.0000,1.584227
37.900,25.300,686.0000,-4.611811
37.900,25.300,687.0000,12.747095
37.900,25.300,688.0000,11.139784
37.900,25.300,689.0000,3.073521
37.900,25.300,690.0000,5.892204
37.900,25.300,691.0000,-5.371681
37.900,25.300,692.0000,-10.618368
37.900,25.300,693.0000,6.115037
37.900,25.300,694.0000,-0.015064
37.900,25.300,695.0000,7.066670
37.900,25.300,696.0000,2.631719
37.900,25.300,697.0000,6.620008
37.900,25.300,698.0000,-3.736780
37.900,25.300,699.0000,-2.823734
37.900,25.300,700.0000,6.892158
37.900,25.300,701.0000,3.632226
37.900,25.300,702.0000,8.901684
37.900,25.300,703.0000,6.661832
37.900,25.300,704.0000,1.515401
37.900,25.300,705.0000,0.771910
37.900,25.300,706.0000,-8.141055
37.900,25.300,707.0000,3.248810
37.900,25.300,708.0000,7.845539
37.900,25.300,709.0000,-3.715801
37.900,25.300,710.0000,8.135435
37.900,25.300,711.0000,0.957072
37.900,25.300,712.0000,-1.643288
37.900,25.300,713.0000,2.383740
37.900,25.300,714.0000,8.988799
37.900,25.300,715.0000,10.180028
37.900,25.300,716.0000,-0.132701
37.900,25.300,717.0000,4.983951
37.900,25.300,718.0000,-6.026222
37.900,25.300,719.0000,-0.342673
37.900,25.300,720.0000,-5.783612
37.900,25.300,721.0000,-1.518201
37.900,25.300,722.0000,3.827159
37.900,25.300,723.0000,-1.264372
37.900,25.300,724.0000,6.371665
37.900,25.300,725.0000,1.539867
37.900,25.300,726.0000,-3.972975
37.900,25.300,727.0000,5.003324
37.900,25.300,728.0000,-1.448705
37.900,25.300,729.0000,2.680083
37.900,25.300,730.0000,0.930784
37.900,25.300,731.0000,19.101099
37.900,25.300,732.0000,-2.140347
37.900,25.300,733.0000,2.637914
37.900,25.300,734.0000,5.344352
37.900,25.300,735.0000,-7.766099
37.900,25.300,736.0000,-0.591335
37.900,25.300,737.0000,5.292820
37.900,25.300,738.0000,7.017459
37.900,25.300,739.0000,12.062736
37.900,25.300,740.0000,9.366322
37.900,25.300,741.0000,10.323806
37.900,25.300,742.0000,-12.911598
37.900,25.300,743.0000,1.191042
37.900,25.300,744.0000,6.927602
37.900,25.300,745.0000,-10.212541
37.900,25.300,746.0000,-2.515527
37.900,25.300,747.0000,-0.756116
37.900,25.300,748.0000,9.992062
37.900,25.300,749.0000,-13.794631
37.900,25.300,750.0000,-0.603286
37.900,25.300,751.0000,4.854713
37.900,25.300,752.0000,10.433900
37.900,25.300,753.0000,-0.982690
37.900,25.300,754.0000,5.111606
37.900,25.300,755.0000,4.607928
37.900,25.300,756.0000,1.188294
37.900,25.300,757.0000,-1.772622
37.900,25.300,758.0000,-0.112690
37.900,25.300,759.0000,5.294915
37.900,25.300,760.0000,-2.594549
37.900,25.300,761.0000,0.102284
37.900,25.300,762.0000,-1.161602
37.900,25.300,763.0000,4.096670
37.900,25.300,764.0000,-2.998346
37.900,25.300,765.0000,-2.909993
37.900,25.300,766.0000,-6.914573
37.900,25.300,767.0000,1.476930
37.900,25.300,768.0000,2.888137
37.900,25.300,769.0000,-4.333178
37.900,25.300,770.0000,6.716401
37.900,25.300,771.0000,13.913250
37.900,25.300,772.0000,-0.292926
37.900,25.300,773.0000,6.433573
37.900,25.300,774.0000,4.178239
37.900,25.300,775.0000,12.143998
37.900,25.300,776.0000,3.902851
37.900,25.300,777.0000,14.986194
37.900,25.300,778.0000,2.216250
37.900,25.300,779.0000,10.093583
37.900,25.300,780.0000,17.891824
37.900,25.300,781.0000,15.020460
37.900,25.300,782.0000,15.134030
37.900,25.300,783.0000,9.364476
37.900,25.300,784.0000,27.765582
37.900,25.300,785.0000,19.655043
37.900,25.300,786.0000,32.344232
37.900,25.300,787.0000,27.121497
37.900,25.300,788.0000,39.537548
37.900,25.300,789.0000,43.801237
37.900,25.300,790.0000,60.314438
37.900,25.300,791.0000,65.132191
37.900,25.300,792.0000,84.057011
37.900,25.300,793.0000,83.980880
37.900,25.300,794.0000,94.096331
37.900,25.300,795.0000,91.326751
37.900,25.300,796.0000,94.049334
37.900,25.300,797.0000,69.723735
37.900,25.300,798.0000,63.934379
37.900,25.300,799.0000,67.159891
37.900,25.300,800.0000,56.243526
37.900,25.300,801.0000,50.685321
37.900,25.300,802.0000,38.499733
37.900,25.300,803.0000,33.804628
37.900,25.300,804.0000,27.744012
37.900,25.300,805.0000,18.460768
37.900,25.300,806.0000,15.785972
37.900,25.300,807.0000,26.328226
37.900,25.300,808.0000,11.845158
37.900,25.300,809.0000,19.922862
37.900,25.300,810.0000,7.750708
37.900,25.300,811.0000,20.532295
37.900,25.300,812.0000,20.704508
37.900,25.300,813.0000,9.161840
37.900,25.300,814.0000,-0.948820
37.900,25.300,815.0000,-0.796342
37.900,25.300,816.0000,12.045433
37.900,25.300,817.0000,5.316475
37.900,25.300,818.0000,3.404886
37.900,25.300,819.0000,1.227170
37.900,25.300,820.0000,-0.927859
37.900,25.300,821.0000,5.226784
37.900,25.300,822.0000,1.875857
37.900,25.300,823.0000,-1.258761
37.900,25.300,824.0000,7.609922
37.900,25.300,825.0000,-0.395387
37.900,25.300,826.0000,1.236772
37.900,25.300,827.0000,-6.007184
37.900,25.300,828.0000,-0.778146
37.900,25.300,829.0000,12.463854
37.900,25.300,830.0000,7.972885
37.900,25.300,831.0000,18.096598
37.900,25.300,832.0000,4.831568
37.900,25.300,833.0000,-1.274771
37.900,25.300,834.0000,1.623640
37.900,25.300,835.0000,5.074654
37.900,25.300,836.0000,4.476290
37.900,25.300,837.0000,7.851624
37.900,25.300,838.0000,-5.387522
37.900,25.300,839.0000,6.763209
37.900,25.300,840.0000,-2.720969
37.900,25.300,841.0000,8.096126
37.900,25.300,842.0000,2.154507
37.900,25.300,843.0000,0.836324
37.900,25.300,844.0000,-1.096001
37.900,25.300,845.0000,8.793304
37.900,25.300,846.0000,2.345053
37.900,25.300,847.0000,-3.764716
37.900,25.300,848.0000,1.847253
37.900,25.300,849.0000,2.180569
37.900,25.300,850.0000,4.707897
37.900,25.300,851.0000,6.689190
37.900,25.300,852.0000,5.172188
37.900,25.300,853.0000,-13.246457
37.900,25.300,854.0000,13.581503
37.900,25.300,855.0000,5.116263
37.900,25.300,856.0000,-1.518288
37.900,25.300,857.0000,10.311848
37.900,25.300,858.0000,6.627991
37.900,25.300,859.0000,-3.693824
37.900,25.300,860.0000,1.907037
37.900,25.300,861.0000,8.276749
37.900,25.300,862.0000,3.244000
37.900,25.300,863.0000,-2.517658
37.900,25.300,864.0000,1.319265
37.900,25.300,865.0000,-3.729609
37.900,25.300,866.0000,5.997032
37.900,25.300,867.0000,4.067178
37.900,25.300,868.0000,-0.609092
37.900,25.300,869.0000,-1.408679
37.900,25.300,870.0000,0.823340
37.900,25.300,871.0000,-5.501700
37.900,25.300,872.0000,8.509611
37.900,25.300,873.0000,1.327264
37.900,25.300,874.0000,0.567029
37.900,25.300,875.0000,1.713089
37.900,25.300,876.0000,-1.738682
37.900,25.300,877.0000,4.424513
37.900,25.300,878.0000,9.973200
37.900,25.300,879.0000,-3.381573
37.900,25.300,880.0000,0.992834
37.900,25.300,881.0000,1.868754
37.900,25.300,882.0000,2.394114
37.900,25.300,883.0000,-12.572941
37.900,25.300,884.0000,5.709410
37.900,25.300,885.0000,5.649074
37.900,25.300,886.0000,-3.169920
37.900,25.300,887.0000,7.695663
37.900,25.300,888.0000,6.647548
37.900,25.300,889.0000,1.503319
37.900,25.300,890.0000,-6.058052
37.900,25.300,891.0000,-7.106701
37.900,25.300,892.0000,2.557717
37.900,25.300,893.0000,2.982332
37.900,25.300,894.0000,0.870815
37.900,25.300,895.0000,3.578500
37.900,25.300,896.0000,-2.336692
37.900,25.300,897.0000,3.397518
37.900,25.300,898.0000,-4.700909
37.900,25.300,899.0000,3.609701
37.900,25.300,900.0000,5.839485
37.900,25.300,901.0000,5.657708
37.900,25.300,902.0000,1.599614
37.900,25.300,903.0000,-9.056019
37.900,25.300,904.0000,9.093290
37.900,25.300,905.0000,0.919811
37.900,25.300,906.0000,-3.262823
37.900,25.300,907.0000,6.335279
37.900,25.300,908.0000,0.637814
37.900,25.300,909.0000,9.300432
37.900,25.300,910.0000,0.652246
37.900,25.300,911.0000,4.329792
37.900,25.300,912.0000,-2.170507
37.900,25.300,913.0000,-0.549642
37.900,25.300,914.0000,8.753559
37.900,25.300,915.0000,10.720677
37.900,25.300,916.0000,-2.074147
37.900,25.300,917.0000,9.905591
37.900,25.300,918.0000,6.038841
37.900,25.300,919.0000,11.362485
37.900,25.300,920.0000,5.154427
37.900,25.300,921.0000,-9.120941
37.900,25.300,922.0000,4.097776
37.900,25.300,923.0000,-3.098322
37.900,25.300,924.0000,5.116521
37.900,25.300,925.0000,2.053489
37.900,25.300,926.0000,5.534715
37.900,25.300,927.0000,9.833374
37.900,25.300,928.0000,4.033955
37.900,25.300,929.0000,2.282615
37.900,25.300,930.0000,-4.979610
37.900,25.300,931.0000,11.306117
37.900,25.300,932.0000,1.567829
37.900,25.300,933.0000,-4.251571
37.900,25.300,934.0000,2.700858
37.900,25.300,935.0000,4.733948
37.900,25.300,936.0000,6.377160
37.900,25.300,937.0000,-9.924168
37.900,25.300,938.0000,6.452940
37.900,25.300,939.0000,0.262985
37.900,25.300,940.0000,0.902404
37.900,25.300,941.0000,12.679426
37.900,25.300,942.0000,9.486535
37.900,25.300,943.0000,7.900775
37.900,25.300,944.0000,-8.445659
37.900,25.300,945.0000,-3.442359
37.900,25.300,946.0000,-2.732128
37.900,25.300,947.0000,-3.109465
37.900,25.300,948.0000,4.796404
37.900,25.300,949.0000,2.921586
37.900,25.300,950.0000,3.163488
37.900,25.300,951.0000,14.829864
37.900,25.300,952.0000,3.556139
37.900,25.300,953.0000,2.517520
37.900,25.300,954.0000,3.078930
37.900,25.300,955.0000,2.336673
37.900,25.300,956.0000,1.422970
37.900,25.300,957.0000,1.982256
37.900,25.300,958.0000,0.083706
37.900,25.300,959.0000,0.972727
37.900,25.300,960.0000,15.019100
37.900,25.300,961.0000,8.912567
37.900,25.300,962.0000,9.027715
37.900,25.300,963.0000,8.630453
37.900,25.300,964.0000,3.726928
37.900,25.300,965.0000,15.102772
37.900,25.300,966.0000,9.764701
37.900,25.300,967.0000,-3.861689
37.900,25.300,968.0000,2.420157
37.900,25.300,969.0000,12.426324
37.900,25.300,970.0000,8.075154
37.900,25.300,971.0000,9.238619
37.900,25.300,972.0000,8.588254
37.900,25.300,973.0000,6.241448
37.900,25.300,974.0000,4.478606
37.900,25.300,975.0000,6.480339
37.900,25.300,976.0000,21.114708
37.900,25.300,977.0000,4.998645
37.900,25.300,978.0000,10.818772
37.900,25.300,979.0000,19.492857
37.900,25.300,980.0000,19.942331
37.900,25.300,981.0000,25.705588
37.900,25.300,982.0000,28.674649
37.900,25.300,983.0000,27.974977
37.900,25.300,984.0000,29.193567
37.900,25.300,985.0000,34.495290
37.900,25.300,986.0000,39.908102
37.900,25.300,987.0000,33.129286
37.900,25.300,988.0000,48.940017
37.900,25.300,989.0000,58.612989
37.900,25.300,990.0000,62.023290
37.900,25.300,991.0000,82.465673
37.900,25.300,992.0000,91.987977
37.900,25.300,993.0000,100.840174
37.900,25.300,994.0000,143.090320
37.900,25.300,995.0000,186.217912
37.900,25.300,996.0000,238.412527
37.900,25.300,997.0000,316.235805
37.900,25.300,998.0000,459.676850
37.900,25.300,999.0000,631.841321
37.900,25.300,1000.0000,803.913352
37.900,25.300,1001.0000,906.995968
37.900,25.300,1002.0000,811.238556
37.900,25.300,1003.0000,629.657566
37.900,25.300,1004.0000,455.631373
37.900,25.300,1005.0000,337.360356
37.900,25.300,1006.0000,252.548815
37.900,25.300,1007.0000,178.886471
37.900,25.300,1008.0000,137.023204
37.900,25.300,1009.0000,106.668114
37.900,25.300,1010.0000,91.312576
37.900,25.300,1011.0000,81.256503
37.900,25.300,1012.0000,75.969569
37.900,25.300,1013.0000,70.577066
37.900,25.300,1014.0000,64.581159
37.900,25.300,1015.0000,55.105543
37.900,25.300,1016.0000,45.183569
37.900,25.300,1017.0000,59.440432
37.900,25.300,1018.0000,59.758659
37.900,25.300,1019.0000,54.357933
37.900,25.300,1020.0000,43.972041
37.900,25.300,1021.0000,62.687194
37.900,25.300,1022.0000,62.922066
37.900,25.300,1023.0000,66.418773
37.900,25.300,1024.0000,85.274279
37.900,25.300,1025.0000,105.447999
37.900,25.300,1026.0000,138.539758
37.900,25.300,1027.0000,180.822706
37.900,25.300,1028.0000,233.553375
37.900,25.300,1029.0000,293.115399
37.900,25.300,1030.0000,351.079380
37.900,25.300,1031.0000,385.159070
37.900,25.300,1032.0000,353.715696
37.900,25.300,1033.0000,297.700051
37.900,25.300,1034.0000,225.381728
37.900,25.300,1035.0000,162.325571
37.900,25.300,1036.0000,128.896414
37.900,25.300,1037.0000,104.439834
37.900,25.300,1038.0000,77.301907
37.900,25.300,1039.0000,56.848002
37.900,25.300,1040.0000,55.981538
37.900,25.300,1041.0000,50.272489
37.900,25.300,1042.0000,44.421661
37.900,25.300,1043.0000,36.692569
37.900,25.300,1044.0000,27.343041
37.900,25.300,1045.0000,23.370791
37.900,25.300,1046.0000,22.120126
37.900,25.300,1047.0000,34.009114
37.900,25.300,1048.0000,25.855443
37.900,25.300,1049.0000,16.332869
37.900,25.300,1050.0000,23.242045
37.900,25.300,1051.0000,17.951859
37.900,25.300,1052.0000,21.214503
37.900,25.300,1053.0000,10.723443
37.900,25.300,1054.0000,9.375974
37.900,25.300,1055.0000,12.585677
37.900,25.300,1056.0000,-3.105795
37.900,25.300,1057.0000,18.686240
37.900,25.300,1058.0000,14.196930
37.900,25.300,1059.0000,6.866218
37.900,25.300,1060.0000,5.590246
37.900,25.300,1061.0000,0.936780
37.900,25.300,1062.0000,13.817679
37.900,25.300,1063.0000,9.299430
37.900,25.300,1064.0000,-1.645144
37.900,25.300,1065.0000,20.822986
37.900,25.300,1066.0000,15.525416
37.900,25.300,1067.0000,5.050529
37.900,25.300,1068.0000,4.835453
37.900,25.300,1069.0000,7.178946
37.900,25.300,1070.0000,11.765221
37.900,25.300,1071.0000,7.125993
37.900,25.300,1072.0000,5.415318
37.900,25.300,1073.0000,3.134132
37.900,25.300,1074.0000,13.402906
37.900,25.300,1075.0000,1.422160
37.900,25.300,1076.0000,9.573180
37.900,25.300,1077.0000,6.524267
37.900,25.300,1078.0000,5.226004
37.900,25.300,1079.0000,12.834239
37.900,25.300,1080.0000,8.130786
37.900,25.300,1081.0000,3.705640
37.900,25.300,1082.0000,0.310208
37.900,25.300,1083.0000,-5.593684
37.900,25.300,1084.0000,-2.264030
37.900,25.300,1085.0000,6.176744
37.900,25.300,1086.0000,10.153806
37.900,25.300,1087.0000,2.340084
37.900,25.300,1088.0000,-2.706865
37.900,25.300,1089.0000,11.690857
37.900,25.300,1090.0000,-1.384655
37.900,25.300,1091.0000,-0.767147
37.900,25.300,1092.0000,9.567538
37.900,25.300,1093.0000,22.087822
37.900,25.300,1094.0000,3.549546
37.900,25.300,1095.0000,-2.630559
37.900,25.300,1096.0000,7.855649
37.900,25.300,1097.0000,3.463589
37.900,25.300,1098.0000,5.370889
37.900,25.300,1099.0000,10.712578
37.900,25.300,1100.0000,9.071988
37.900,25.300,1101.0000,0.146649
37.900,25.300,1102.0000,4.098493
37.900,25.300,1103.0000,-8.634529
37.900,25.300,1104.0000,9.268236
37.900,25.300,1105.0000,4.131710
37.900,25.300,1106.0000,3.914561
37.900,25.300,1107.0000,15.312163
37.900,25.300,1108.0000,7.857393
37.900,25.300,1109.0000,3.399160
37.900,25.300,1110.0000,-4.016681
37.900,25.300,1111.0000,5.045652
37.900,25.300,1112.0000,-5.296701
37.900,25.300,1113.0000,3.233187
37.900,25.300,1114.0000,-9.966307
37.900,25.300,1115.0000,-1.862974
37.900,25.300,1116.0000,5.144293
37.900,25.300,1117.0000,2.349401
37.900,25.300,1118.0000,0.801796
37.900,25.300,1119.0000,-0.315584
37.900,25.300,1120.0000,7.182408
37.900,25.300,1121.0000,-2.843557
37.900,25.300,1122.0000,3.625843
37.900,25.300,1123.0000,11.511724
37.900,25.300,1124.0000,5.550425
37.900,25.300,1125.0000,3.258353
37.900,25.300,1126.0000,2.853831
37.900,25.300,1127.0000,8.054856
37.900,25.300,1128.0000,-3.012634
37.900,25.300,1129.0000,5.016815
37.900,25.300,1130.0000,18.242064
37.900,25.300,1131.0000,13.411231
37.900,25.300,1132.0000,6.001017
37.900,25.300,1133.0000,9.347816
37.900,25.300,1134.0000,7.386982
37.900,25.300,1135.0000,23.036770
37.900,25.300,1136.0000,13.094168
37.900,25.300,1137.0000,14.448215
37.900,25.300,1138.0000,4.984309
37.900,25.300,1139.0000,2.030247
37.900,25.300,1140.0000,9.303683
37.900,25.300,1141.0000,12.528345
37.900,25.300,1142.0000,26.569509
37.900,25.300,1143.0000,19.618074
37.900,25.300,1144.0000,26.369471
37.900,25.300,1145.0000,30.186744
37.900,25.300,1146.0000,41.377739
37.900,25.300,1147.0000,50.143129
37.900,25.300,1148.0000,37.565696
37.900,25.300,1149.0000,56.178979
37.900,25.300,1150.0000,70.270206
37.900,25.300,1151.0000,68.004000
37.900,25.300,1152.0000,88.778142
37.900,25.300,1153.0000,95.329969
37.900,25.300,1154.0000,119.667964
37.900,25.300,1155.0000,124.099438
37.900,25.300,1156.0000,130.898546
37.900,25.300,1157.0000,108.872880
37.900,25.300,1158.0000,94.447597
37.900,25.300,1159.0000,90.982937
37.900,25.300,1160.0000,65.617353
37.900,25.300,1161.0000,60.178375
37.900,25.300,1162.0000,51.872173
37.900,25.300,1163.0000,43.236248
37.900,25.300,1164.0000,30.111484
37.900,25.300,1165.0000,30.806287
37.900,25.300,1166.0000,23.549647
37.900,25.300,1167.0000,19.204328
37.900,25.300,1168.0000,27.617802
37.900,25.300,1169.0000,29.880794
37.900,25.300,1170.0000,24.316573
37.900,25.300,1171.0000,17.912837
37.900,25.300,1172.0000,22.911254
37.900,25.300,1173.0000,23.964595
37.900,25.300,1174.0000,32.536854
37.900,25.300,1175.0000,32.733877
37.900,25.300,1176.0000,31.749175
37.900,25.300,1177.0000,44.932949
37.900,25.300,1178.0000,51.374706
37.900,25.300,1179.0000,72.187474
37.900,25.300,1180.0000,84.237448
37.900,25.300,1181.0000,108.336368
37.900,25.300,1182.0000,107.958606
37.900,25.300,1183.0000,111.348963
37.900,25.300,1184.0000,96.559245
37.900,25.300,1185.0000,97.395631
37.900,25.300,1186.0000,79.715680
37.900,25.300,1187.0000,68.106073
37.900,25.300,1188.0000,47.924703
37.900,25.300,1189.0000,35.885975
37.900,25.300,1190.0000,22.563110
37.900,25.300,1191.0000,32.166433
37.900,25.300,1192.0000,17.022216
37.900,25.300,1193.0000,17.273099
37.900,25.300,1194.0000,12.881870
37.900,25.300,1195.0000,22.625619
37.900,25.300,1196.0000,28.001360
37.900,25.300,1197.0000,16.051597
37.900,25.300,1198.0000,11.508477
37.900,25.300,1199.0000,14.160742
37.900,25.300,1200.0000,-0.023399
37.900,25.300,1201.0000,16.623256
37.900,25.300,1202.0000,-5.807340
37.900,25.300,1203.0000,10.574050
37.900,25.300,1204.0000,9.385297
37.900,25.300,1205.0000,-1.415584
37.900,25.300,1206.0000,0.721048
37.900,25.300,1207.0000,2.204722
37.900,25.300,1208.0000,-3.663981
37.900,25.300,1209.0000,4.250944
37.900,25.300,1210.0000,0.503467
37.900,25.300,1211.0000,-2.528329
37.900,25.300,1212.0000,-1.407849
37.900,25.300,1213.0000,1.840774
37.900,25.300,1214.0000,8.278833
37.900,25.300,1215.0000,0.281866
37.900,25.300,1216.0000,16.546790
37.900,25.300,1217.0000,0.847165
37.900,25.300,1218.0000,-0.025430
37.900,25.300,1219.0000,23.973697
37.900,25.300,1220.0000,2.842097
37.900,25.300,1221.0000,-1.340896
37.900,25.300,1222.0000,-0.755917
37.900,25.300,1223.0000,-1.341422
37.900,25.300,1224.0000,7.294673
37.900,25.300,1225.0000,17.728604
37.900,25.300,1226.0000,-2.848910
37.900,25.300,1227.0000,4.772726
37.900,25.300,1228.0000,3.299690
37.900,25.300,1229.0000,-14.295411
37.900,25.300,1230.0000,-1.444801
37.900,25.300,1231.0000,-8.771736
37.900,25.300,1232.0000,-1.293539
37.900,25.300,1233.0000,0.035791
37.900,25.300,1234.0000,-3.365558
37.900,25.300,1235.0000,2.432094
37.900,25.300,1236.0000,6.676438
37.900,25.300,1237.0000,-10.555170
37.900,25.300,1238.0000,10.031506
37.900,25.300,1239.0000,-2.861017
37.900,25.300,1240.0000,-8.978860
37.900,25.300,1241.0000,-0.949077
37.900,25.300,1242.0000,-3.992574
37.900,25.300,1243.0000,-8.985466
37.900,25.300,1244.0000,-8.189716
37.900,25.300,1245.0000,1.253727
37.900,25.300,1246.0000,25.463910
37.900,25.300,1247.0000,-0.946763
37.900,25.300,1248.0000,0.188976
37.900,25.300,1249.0000,-1.529112
37.900,25.300,1250.0000,-1.008801
37.900,25.300,1251.0000,-4.736483
37.900,25.300,1252.0000,-1.502631
37.900,25.300,1253.0000,-0.345644
37.900,25.300,1254.0000,6.676897
37.900,25.300,1255.0000,2.144749
37.900,25.300,1256.0000,-4.043779
37.900,25.300,1257.0000,5.124450
37.900,25.300,1258.0000,-3.721916
37.900,25.300,1259.0000,-7.550667
37.900,25.300,1260.0000,1.491571
37.900,25.300,1261.0000,6.587971
37.900,25.300,1262.0000,10.931857
37.900,25.300,1263.0000,2.736312
37.900,25.300,1264.0000,-4.543745
37.900,25.300,1265.0000,-4.592327
37.900,25.300,1266.0000,-5.010621
37.900,25.300,1267.0000,5.095129
37.900,25.300,1268.0000,3.739435
37.900,25.300,1269.0000,-2.819386
37.900,25.300,1270.0000,-8.442585
37.900,25.300,1271.0000,12.810126
37.900,25.300,1272.0000,0.323299
37.900,25.300,1273.0000,-6.210115
37.900,25.300,1274.0000,4.060861
37.900,25.300,1275.0000,1.968785
37.900,25.300,1276.0000,-0.630511
37.900,25.300,1277.0000,1.315268
37.900,25.300,1278.0000,-8.939693
37.900,25.300,1279.0000,-0.190377
37.900,25.300,1280.0000,4.078880
37.900,25.300,1281.0000,6.787053
37.900,25.300,1282.0000,-6.187201
37.900,25.300,1283.0000,13.835102
37.900,25.300,1284.0000,7.810944
37.900,25.300,1285.0000,-3.164160
37.900,25.300,1286.0000,11.594146
37.900,25.300,1287.0000,3.584220
37.900,25.300,1288.0000,9.015793
37.900,25.300,1289.0000,6.858091
37.900,25.300,1290.0000,0.338950
37.900,25.300,1291.0000,-3.946952
37.900,25.300,1292.0000,1.820570
37.900,25.300,1293.0000,-6.556871
37.900,25.300,1294.0000,-2.805049
37.900,25.300,1295.0000,-0.558095
37.900,25.300,1296.0000,4.993902
37.900,25.300,1297.0000,0.489943
37.900,25.300,1298.0000,1.293331
37.900,25.300,1299.0000,3.671067
37.900,25.300,1300.0000,-11.908133
37.900,25.300,1301.0000,9.068078
37.900,25.300,1302.0000,-4.602650
37.900,25.300,1303.0000,-5.238008
37.900,25.300,1304.0000,-0.072462
37.900,25.300,1305.0000,5.990357
37.900,25.300,1306.0000,-7.700025
37.900,25.300,1307.0000,-8.412213
37.900,25.300,1308.0000,2.396303
37.900,25.300,1309.0000,3.897305
37.900,25.300,1310.0000,-11.200446
37.900,25.300,1311.0000,0.615692
37.900,25.300,1312.0000,1.231860
37.900,25.300,1313.0000,8.924620
37.900,25.300,1314.0000,-1.080402
37.900,25.300,1315.0000,6.082136
37.900,25.300,1316.0000,-7.368035
37.900,25.300,1317.0000,-5.231968
37.900,25.300,1318.0000,3.984607
37.900,25.300,1319.0000,-0.000499
37.900,25.300,1320.0000,7.274748
37.900,25.300,1321.0000,-2.482126
37.900,25.300,1322.0000,5.752540
37.900,25.300,1323.0000,1.708208
37.900,25.300,1324.0000,2.495175
37.900,25.300,1325.0000,5.685793
37.900,25.300,1326.0000,-2.259087
37.900,25.300,1327.0000,1.713393
37.900,25.300,1328.0000,7.562617
37.900,25.300,1329.0000,-12.180016
37.900,25.300,1330.0000,-3.706372
37.900,25.300,1331.0000,-1.197047
37.900,25.300,1332.0000,-0.177524
37.900,25.300,1333.0000,5.830057
37.900,25.300,1334.0000,6.993406
37.900,25.300,1335.0000,2.729957
37.900,25.300,1336.0000,0.285678
37.900,25.300,1337.0000,6.346842
37.900,25.300,1338.0000,5.846462
37.900,25.300,1339.0000,-5.027238
37.900,25.300,1340.0000,-11.103186
37.900,25.300,1341.0000,2.615037
37.900,25.300,1342.0000,4.747099
37.900,25.300,1343.0000,3.176527
37.900,25.300,1344.0000,-2.575262
37.900,25.300,1345.0000,-3.163573
37.900,25.300,1346.0000,-8.166461
37.900,25.300,1347.0000,-6.449708
37.900,25.300,1348.0000,1.917315
37.900,25.300,1349.0000,7.823280
37.900,25.300,1350.0000,12.810703
37.900,25.300,1351.0000,19.756726
37.900,25.300,1352.0000,4.132559
37.900,25.300,1353.0000,3.837036
37.900,25.300,1354.0000,-0.396335
37.900,25.300,1355.0000,-0.754740
37.900,25.300,1356.0000,12.197277
37.900,25.300,1357.0000,9.836440
37.900,25.300,1358.0000,15.050717
37.900,25.300,1359.0000,2.608886
37.900,25.300,1360.0000,10.332531
37.900,25.300,1361.0000,1.224999
37.900,25.300,1362.0000,10.430612
37.900,25.300,1363.0000,16.529168
37.900,25.300,1364.0000,2.981458
37.900,25.300,1365.0000,1.810939
37.900,25.300,1366.0000,5.988160
37.900,25.300,1367.0000,0.980253
37.900,25.300,1368.0000,-5.594633
37.900,25.300,1369.0000,-8.632605
37.900,25.300,1370.0000,2.809216
37.900,25.300,1371.0000,4.510828
37.900,25.300,1372.0000,4.641056
37.900,25.300,1373.0000,-7.938181
37.900,25.300,1374.0000,0.441405
37.900,25.300,1375.0000,0.941956
37.900,25.300,1376.0000,-7.115640
37.900,25.300,1377.0000,-5.976955
37.900,25.300,1378.0000,1.063171
37.900,25.300,1379.0000,4.933639
37.900,25.300,1380.0000,10.838381
37.900,25.300,1381.0000,5.402037
37.900,25.300,1382.0000,-1.974550
37.900,25.300,1383.0000,9.037371
37.900,25.300,1384.0000,-3.744164
37.900,25.300,1385.0000,6.319499
37.900,25.300,1386.0000,6.605387
37.900,25.300,1387.0000,3.822976
37.900,25.300,1388.0000,11.601868
37.900,25.300,1389.0000,1.366849
37.900,25.300,1390.0000,13.868600
37.900,25.300,1391.0000,22.987757
37.900,25.300,1392.0000,-6.162517
37.900,25.300,1393.0000,7.618875
37.900,25.300,1394.0000,2.030309
37.900,25.300,1395.0000,2.796402
37.900,25.300,1396.0000,15.264449
37.900,25.300,1397.0000,-11.092573
37.900,25.300,1398.0000,3.465064
37.900,25.300,1399.0000,9.100387
37.900,25.300,1400.0000,5.383855
37.900,25.300,1401.0000,10.949793
37.900,25.300,1402.0000,-0.434710
37.900,25.300,1403.0000,0.516114
37.900,25.300,1404.0000,16.012781
37.900,25.300,1405.0000,0.073005
37.900,25.300,1406.0000,8.460550
37.900,25.300,1407.0000,-4.350530
37.900,25.300,1408.0000,-4.600966
37.900,25.300,1409.0000,7.174453
37.900,25.300,1410.0000,9.975942
37.900,25.300,1411.0000,-0.138115
37.900,25.300,1412.0000,2.268275
37.900,25.300,1413.0000,7.191147
37.900,25.300,1414.0000,6.842436
37.900,25.300,1415.0000,10.282147
37.900,25.300,1416.0000,8.232528
37.900,25.300,1417.0000,19.377235
37.900,25.300,1418.0000,-0.184127
37.900,25.300,1419.0000,3.655157
37.900,25.300,1420.0000,16.865173
37.900,25.300,1421.0000,13.058556
37.900,25.300,1422.0000,9.646155
37.900,25.300,1423.0000,4.572131
37.900,25.300,1424.0000,17.296118
37.900,25.300,1425.0000,21.166747
37.900,25.300,1426.0000,6.392491
37.900,25.300,1427.0000,22.732748
37.900,25.300,1428.0000,8.989507
37.900,25.300,1429.0000,19.966976
37.900,25.300,1430.0000,32.528347
37.900,25.300,1431.0000,16.076262
37.900,25.300,1432.0000,25.010206
37.900,25.300,1433.0000,20.400688
37.900,25.300,1434.0000,26.656240
37.900,25.300,1435.0000,50.366881
37.900,25.300,1436.0000,44.343458
37.900,25.300,1437.0000,54.557714
37.900,25.300,1438.0000,44.606219
37.900,25.300,1439.0000,52.148660
37.900,25.300,1440.0000,67.305178
37.900,25.300,1441.0000,66.914364
37.900,25.300,1442.0000,100.971968
37.900,25.300,1443.0000,90.605019
37.900,25.300,1444.0000,126.085842
37.900,25.300,1445.0000,121.653882
37.900,25.300,1446.0000,140.805809
37.900,25.300,1447.0000,160.608250
37.900,25.300,1448.0000,181.031957
37.900,25.300,1449.0000,191.901870
37.900,25.300,1450.0000,201.009369
37.900,25.300,1451.0000,193.885889
37.900,25.300,1452.0000,176.450480
37.900,25.300,1453.0000,170.629369
37.900,25.300,1454.0000,156.716907
37.900,25.300,1455.0000,132.586032
37.900,25.300,1456.0000,116.337462
37.900,25.300,1457.0000,100.216464
37.900,25.300,1458.0000,83.092287
37.900,25.300,1459.0000,75.577773
37.900,25.300,1460.0000,61.040331
37.900,25.300,1461.0000,59.688668
37.900,25.300,1462.0000,46.376939
37.900,25.300,1463.0000,38.536000
37.900,25.300,1464.0000,44.602564
37.900,25.300,1465.0000,49.735957
37.900,25.300,1466.0000,36.812570
37.900,25.300,1467.0000,39.337536
37.900,25.300,1468.0000,37.128016
37.900,25.300,1469.0000,23.149878
37.900,25.300,1470.0000,22.675627
37.900,25.300,1471.0000,16.297029
37.900,25.300,1472.0000,20.931249
37.900,25.300,1473.0000,23.073500
37.900,25.300,1474.0000,15.020719
37.900,25.300,1475.0000,12.702871
37.900,25.300,1476.0000,11.973319
37.900,25.300,1477.0000,7.985036
37.900,25.300,1478.0000,21.187928
37.900,25.300,1479.0000,11.331539
37.900,25.300,1480.0000,8.721221
37.900,25.300,1481.0000,10.641557
37.900,25.300,1482.0000,-2.112867
37.900,25.300,1483.0000,15.534798
37.900,25.300,1484.0000,8.703242
37.900,25.300,1485.0000,-1.895867
37.900,25.300,1486.0000,2.486672
37.900,25.300,1487.0000,6.871190
37.900,25.300,1488.0000,-0.936094
37.900,25.300,1489.0000,21.461668
37.900,25.300,1490.0000,11.383137
37.900,25.300,1491.0000,9.851965
37.900,25.300,1492.0000,2.673279
37.900,25.300,1493.0000,-1.565728
37.900,25.300,1494.0000,3.393601
37.900,25.300,1495.0000,-1.034983
37.900,25.300,1496.0000,-1.978900
37.900,25.300,1497.0000,7.717457
37.900,25.300,1498.0000,-3.450906
37.900,25.300,1499.0000,5.207228
37.900,25.300,1500.0000,5.935929
37.900,25.300,1501.0000,5.400608
37.900,25.300,1502.0000,1.896867
37.900,25.300,1503.0000,8.005764
37.900,25.300,1504.0000,7.495816
37.900,25.300,1505.0000,9.013305
37.900,25.300,1506.0000,0.255064
37.900,25.300,1507.0000,4.641586
37.900,25.300,1508.0000,2.283452
37.900,25.300,1509.0000,4.311694
37.900,25.300,1510.0000,2.690396
37.900,25.300,1511.0000,3.703286
37.900,25.300,1512.0000,-3.341926
37.900,25.300,1513.0000,6.499956
37.900,25.300,1514.0000,9.336910
37.900,25.300,1515.0000,-13.778737
37.900,25.300,1516.0000,9.945706
37.900,25.300,1517.0000,13.818587
37.900,25.300,1518.0000,9.271554
37.900,25.300,1519.0000,13.045913
37.900,25.300,1520.0000,4.506886
37.900,25.300,1521.0000,8.819428
37.900,25.300,1522.0000,13.881617
37.900,25.300,1523.0000,-4.197651
37.900,25.300,1524.0000,12.368148
37.900,25.300,1525.0000,1.706094
37.900,25.300,1526.0000,8.712718
37.900,25.300,1527.0000,-1.850050
37.900,25.300,1528.0000,0.511392
37.900,25.300,1529.0000,-3.555717
37.900,25.300,1530.0000,6.848483
37.900,25.300,1531.0000,0.727145
37.900,25.300,1532.0000,3.173879
37.900,25.300,1533.0000,9.795084
37.900,25.300,1534.0000,9.346896
37.900,25.300,1535.0000,8.458019
37.900,25.300,1536.0000,5.709647
37.900,25.300,1537.0000,4.533363
37.900,25.300,1538.0000,13.085767
37.900,25.300,1539.0000,-7.181123
37.900,25.300,1540.0000,9.728630
37.900,25.300,1541.0000,5.071937
37.900,25.300,1542.0000,1.483043
37.900,25.300,1543.0000,13.798435
37.900,25.300,1544.0000,11.449442
37.900,25.300,1545.0000,10.175599
37.900,25.300,1546.0000,10.852265
37.900,25.300,1547.0000,14.541308
37.900,25.300,1548.0000,6.449241
37.900,25.300,1549.0000,11.068875
37.900,25.300,1550.0000,5.280440
37.900,25.300,1551.0000,6.461287
37.900,25.300,1552.0000,5.259284
37.900,25.300,1553.0000,13.989433
37.900,25.300,1554.0000,14.644634
37.900,25.300,1555.0000,14.603883
37.900,25.300,1556.0000,18.197603
37.900,25.300,1557.0000,14.445280
37.900,25.300,1558.0000,20.833081
37.900,25.300,1559.0000,15.133220
37.900,25.300,1560.0000,17.604713
37.900,25.300,1561.0000,21.374784
37.900,25.300,1562.0000,11.303813
37.900,25.300,1563.0000,16.618966
37.900,25.300,1564.0000,21.617681
37.900,25.300,1565.0000,19.648124
37.900,25.300,1566.0000,15.844431
37.900,25.300,1567.0000,18.900499
37.900,25.300,1568.0000,24.988809
37.900,25.300,1569.0000,21.802480
37.900,25.300,1570.0000,32.652567
37.900,25.300,1571.0000,34.107362
37.900,25.300,1572.0000,32.799047
37.900,25.300,1573.0000,46.945050
37.900,25.300,1574.0000,53.710821
37.900,25.300,1575.0000,55.349286
37.900,25.300,1576.0000,77.858148
37.900,25.300,1577.0000,88.409364
37.900,25.300,1578.0000,116.733316
37.900,25.300,1579.0000,127.116040
37.900,25.300,1580.0000,149.027750
37.900,25.300,1581.0000,186.025950
37.900,25.300,1582.0000,197.706627
37.900,25.300,1583.0000,196.813456
37.900,25.300,1584.0000,191.129575
37.900,25.300,1585.0000,169.993269
37.900,25.300,1586.0000,171.145652
37.900,25.300,1587.0000,142.330953
37.900,25.300,1588.0000,140.911728
37.900,25.300,1589.0000,120.057772
37.900,25.300,1590.0000,117.809336
37.900,25.300,1591.0000,117.250725
37.900,25.300,1592.0000,115.042486
37.900,25.300,1593.0000,120.225964
37.900,25.300,1594.0000,137.500757
37.900,25.300,1595.0000,157.230439
37.900,25.300,1596.0000,197.652202
37.900,25.300,1597.0000,243.758431
37.900,25.300,1598.0000,293.482709
37.900,25.300,1599.0000,361.271286
37.900,25.300,1600.0000,454.729881
37.900,25.300,1601.0000,529.898016
37.900,25.300,1602.0000,561.952501
37.900,25.300,1603.0000,527.020171
37.900,25.300,1604.0000,456.338946
37.900,25.300,1605.0000,359.193900
37.900,25.300,1606.0000,287.812830
37.900,25.300,1607.0000,219.932823
37.900,25.300,1608.0000,174.338472
37.900,25.300,1609.0000,139.400973
37.900,25.300,1610.0000,119.241005
37.900,25.300,1611.0000,98.275127
37.900,25.300,1612.0000,96.764777
37.900,25.300,1613.0000,77.860629
37.900,25.300,1614.0000,64.831956
37.900,25.300,1615.0000,55.843659
37.900,25.300,1616.0000,55.151091
37.900,25.300,1617.0000,25.341184
37.900,25.300,1618.0000,35.760271
37.900,25.300,1619.0000,41.246323
37.900,25.300,1620.0000,33.162059
37.900,25.300,1621.0000,26.240181
37.900,25.300,1622.0000,25.336723
37.900,25.300,1623.0000,22.678903
37.900,25.300,1624.0000,27.426796
37.900,25.300,1625.0000,23.375495
37.900,25.300,1626.0000,26.067656
37.900,25.300,1627.0000,16.058551
37.900,25.300,1628.0000,20.769288
37.900,25.300,1629.0000,15.740300
37.900,25.300,1630.0000,5.308981
37.900,25.300,1631.0000,9.521958
37.900,25.300,1632.0000,18.745297
37.900,25.300,1633.0000,5.175242
37.900,25.300,1634.0000,-4.167287
37.900,25.300,1635.0000,17.053115
37.900,25.300,1636.0000,11.052494
37.900,25.300,1637.0000,9.834443
37.900,25.300,1638.0000,4.532837
37.900,25.300,1639.0000,17.088400
37.900,25.300,1640.0000,16.838374
37.900,25.300,1641.0000,4.329977
37.900,25.300,1642.0000,5.811866
37.900,25.300,1643.0000,-5.453181
37.900,25.300,1644.0000,12.437729
37.900,25.300,1645.0000,12.664796
37.900,25.300,1646.0000,13.968948
37.900,25.300,1647.0000,8.857269
37.900,25.300,1648.0000,0.031124
37.900,25.300,1649.0000,5.415639
37.900,25.300,1650.0000,8.881332
37.900,25.300,1651.0000,12.763842
37.900,25.300,1652.0000,7.296804
37.900,25.300,1653.0000,1.255845
37.900,25.300,1654.0000,-3.671325
37.900,25.300,1655.0000,11.309157
37.900,25.300,1656.0000,5.372043
37.900,25.300,1657.0000,10.837270
37.900,25.300,1658.0000,-3.997661
37.900,25.300,1659.0000,4.836171
37.900,25.300,1660.0000,21.761484
37.900,25.300,1661.0000,12.905155
37.900,25.300,1662.0000,-3.195339
37.900,25.300,1663.0000,6.951575
37.900,25.300,1664.0000,3.047885
37.900,25.300,1665.0000,4.418952
37.900,25.300,1666.0000,11.885261
37.900,25.300,1667.0000,1.158488
37.900,25.300,1668.0000,4.322992
37.900,25.300,1669.0000,0.811167
37.900,25.300,1670.0000,14.081563
37.900,25.300,1671.0000,0.299383
37.900,25.300,1672.0000,1.963079
37.900,25.300,1673.0000,10.591662
37.900,25.300,1674.0000,2.487671
37.900,25.300,1675.0000,-9.145727
37.900,25.300,1676.0000,4.597617
37.900,25.300,1677.0000,-4.645271
37.900,25.300,1678.0000,2.214050
37.900,25.300,1679.0000,-7.586820
37.900,25.300,1680.0000,3.762745
37.900,25.300,1681.0000,10.931461
37.900,25.300,1682.0000,0.490154
37.900,25.300,1683.0000,10.627793
37.900,25.300,1684.0000,-1.597304
37.900,25.300,1685.0000,7.960393
37.900,25.300,1686.0000,1.558729
37.900,25.300,1687.0000,10.906593
37.900,25.300,1688.0000,7.450231
37.900,25.300,1689.0000,-2.387087
37.900,25.300,1690.0000,1.769379
37.900,25.300,1691.0000,-4.231153
37.900,25.300,1692.0000,7.622394
37.900,25.300,1693.0000,-1.542795
37.900,25.300,1694.0000,19.048888
37.900,25.300,1695.0000,-3.926827
37.900,25.300,1696.0000,-7.158881
37.900,25.300,1697.0000,3.951810
37.900,25.300,1698.0000,7.295196
37.900,25.300,1699.0000,8.531588
37.900,25.300,1700.0000,6.974019
37.900,25.300,1701.0000,-2.111424
37.900,25.300,1702.0000,6.670064
37.900,25.300,1703.0000,-3.354017
37.900,25.300,1704.0000,-6.835095
37.900,25.300,1705.0000,2.373508
37.900,25.300,1706.0000,13.347218
37.900,25.300,1707.0000,-10.932071
37.900,25.300,1708.0000,8.396641
37.900,25.300,1709.0000,-4.702727
37.900,25.300,1710.0000,0.958642
37.900,25.300,1711.0000,-9.940089
37.900,25.300,1712.0000,4.787762
37.900,25.300,1713.0000,-1.055624
37.900,25.300,1714.0000,5.944488
37.900,25.300,1715.0000,-0.773566
37.900,25.300,1716.0000,5.250167
37.900,25.300,1717.0000,-6.875888
37.900,25.300,1718.0000,7.299477
37.900,25.300,1719.0000,-2.811493
37.900,25.300,1720.0000,1.247325
37.900,25.300,1721.0000,-5.219747
37.900,25.300,1722.0000,5.723689
37.900,25.300,1723.0000,-8.418460
37.900,25.300,1724.0000,-1.077511
37.900,25.300,1725.0000,5.793104
37.900,25.300,1726.0000,-11.600768
37.900,25.300,1727.0000,0.409458
37.900,25.300,1728.0000,-5.490432
37.900,25.300,1729.0000,3.560134
37.900,25.300,1730.0000,-1.427447
37.900,25.300,1731.0000,2.959900
37.900,25.300,1732.0000,16.350224
37.900,25.300,1733.0000,8.398502
37.900,25.300,1734.0000,1.476576
37.900,25.300,1735.0000,-0.566646
37.900,25.300,1736.0000,-1.921139
37.900,25.300,1737.0000,-3.267514
37.900,25.300,1738.0000,3.012416
37.900,25.300,1739.0000,-1.573380
37.900,25.300,1740.0000,-7.048917
37.900,25.300,1741.0000,-4.340981
37.900,25.300,1742.0000,6.744857
37.900,25.300,1743.0000,10.394748
37.900,25.300,1744.0000,0.369121
37.900,25.300,1745.0000,0.898735
37.900,25.300,1746.0000,7.317014
37.900,25.300,1747.0000,-16.638018
37.900,25.300,1748.0000,-4.107610
37.900,25.300,1749.0000,1.295516
37.900,25.300,1750.0000,2.573466
37.900,25.300,1751.0000,-5.160933
37.900,25.300,1752.0000,2.836670
37.900,25.300,1753.0000,-2.807302
37.900,25.300,1754.0000,-5.045276
37.900,25.300,1755.0000,2.702232
37.900,25.300,1756.0000,4.992323
37.900,25.300,1757.0000,-1.242597
37.900,25.300,1758.0000,0.434806
37.900,25.300,1759.0000,7.448653
37.900,25.300,1760.0000,5.625540
37.900,25.300,1761.0000,-0.866508
37.900,25.300,1762.0000,-2.447920
37.900,25.300,1763.0000,2.085122
37.900,25.300,1764.0000,-0.719632
37.900,25.300,1765.0000,0.148201
37.900,25.300,1766.0000,-1.722556
37.900,25.300,1767.0000,3.423047
37.900,25.300,1768.0000,5.816857
37.900,25.300,1769.0000,8.899050
37.900,25.300,1770.0000,7.623536
37.900,25.300,1771.0000,-0.892650
37.900,25.300,1772.0000,-3.263935
37.900,25.300,1773.0000,3.367137
37.900,25.300,1774.0000,2.085710
37.900,25.300,1775.0000,3.215333
37.900,25.300,1776.0000,-8.818404
37.900,25.300,1777.0000,12.661027
37.900,25.300,1778.0000,7.366643
37.900,25.300,1779.0000,-2.249286
37.900,25.300,1780.0000,3.215125
37.900,25.300,1781.0000,-2.358167
37.900,25.300,1782.0000,8.326568
37.900,25.300,1783.0000,-3.260935
37.900,25.300,1784.0000,9.756329
37.900,25.300,1785.0000,1.607853
37.900,25.300,1786.0000,5.556619
37.900,25.300,1787.0000,0.365188
37.900,25.300,1788.0000,2.017320
37.900,25.300,1789.0000,-3.555043
37.900,25.300,1790.0000,1.180575
37.900,25.300,1791.0000,-3.694198
37.900,25.300,1792.0000,-6.680127
37.900,25.300,1793.0000,11.710873
37.900,25.300,1794.0000,7.171706
37.900,25.300,1795.0000,-0.076696
37.900,25.300,1796.0000,4.557025
37.900,25.300,1797.0000,-13.458991
37.900,25.300,1798.0000,-14.158967
37.900,25.300,1799.0000,13.382185
37.900,25.300,1800.0000,-0.773806
37.900,25.300,1801.0000,-2.099015
37.900,25.300,1802.0000,-3.089815
37.900,25.300,1803.0000,5.005608
37.900,25.300,1804.0000,-7.491826
37.900,25.300,1805.0000,6.529299
37.900,25.300,1806.0000,-1.379085
37.900,25.300,1807.0000,-0.220751
37.900,25.300,1808.0000,-4.028559
37.900,25.300,1809.0000,10.899404
37.900,25.300,1810.0000,-1.812459
37.900,25.300,1811.0000,0.527379
37.900,25.300,1812.0000,3.622151
37.900,25.300,1813.0000,3.904102
37.900,25.300,1814.0000,3.185417
37.900,25.300,1815.0000,-3.703333
37.900,25.300,1816.0000,-2.557217
37.900,25.300,1817.0000,1.750904
37.900,25.300,1818.0000,-5.218239
37.900,25.300,1819.0000,1.990546
37.900,25.300,1820.0000,-0.855600
37.900,25.300,1821.0000,-2.068613
37.900,25.300,1822.0000,-2.549212
37.900,25.300,1823.0000,8.016036
37.900,25.300,1824.0000,-7.339967
37.900,25.300,1825.0000,6.005273
37.900,25.300,1826.0000,14.456792
37.900,25.300,1827.0000,-6.548999
37.900,25.300,1828.0000,-0.285084
37.900,25.300,1829.0000,9.522379
37.900,25.300,1830.0000,10.524752
37.900,25.300,1831.0000,10.319579
37.900,25.300,1832.0000,-7.391233
37.900,25.300,1833.0000,9.337703
37.900,25.300,1834.0000,-8.797612
37.900,25.300,1835.0000,2.618670
37.900,25.300,1836.0000,-0.392316
37.900,25.300,1837.0000,1.875449
37.900,25.300,1838.0000,3.275500
37.900,25.300,1839.0000,6.548745
37.900,25.300,1840.0000,-1.174854
37.900,25.300,1841.0000,-0.641656
37.900,25.300,1842.0000,8.194192
37.900,25.300,1843.0000,-0.799145
37.900,25.300,1844.0000,5.250890
37.900,25.300,1845.0000,3.161588
37.900,25.300,1846.0000,0.370215
37.900,25.300,1847.0000,16.648015
37.900,25.300,1848.0000,-1.069178
37.900,25.300,1849.0000,1.645475
37.900,25.300,1850.0000,-8.150196
37.900,25.300,1851.0000,7.588023
37.900,25.300,1852.0000,-4.749563
37.900,25.300,1853.0000,-11.088525
37.900,25.300,1854.0000,-1.478496
37.900,25.300,1855.0000,-6.722403
37.900,25.300,1856.0000,-2.537719
37.900,25.300,1857.0000,-9.170064
37.900,25.300,1858.0000,-3.273010
37.900,25.300,1859.0000,0.967995
37.900,25.300,1860.0000,-10.410722
37.900,25.300,1861.0000,-0.989954
37.900,25.300,1862.0000,3.396322
37.900,25.300,1863.0000,1.449804
37.900,25.300,1864.0000,11.126977
37.900,25.300,1865.0000,-8.098933
37.900,25.300,1866.0000,-1.833111
37.900,25.300,1867.0000,-1.007960
37.900,25.300,1868.0000,-4.703092
37.900,25.300,1869.0000,-1.306570
37.900,25.300,1870.0000,2.741381
37.900,25.300,1871.0000,1.414360
37.900,25.300,1872.0000,-1.286299
37.900,25.300,1873.0000,-8.794667
37.900,25.300,1874.0000,-4.462446
37.900,25.300,1875.0000,8.134027
37.900,25.300,1876.0000,0.687093
37.900,25.300,1877.0000,14.576742
37.900,25.300,1878.0000,-1.564118
37.900,25.300,1879.0000,-6.396259
37.900,25.300,1880.0000,8.116173
37.900,25.300,1881.0000,-6.146730
37.900,25.300,1882.0000,0.803303
37.900,25.300,1883.0000,4.941899
37.900,25.300,1884.0000,-13.440383
37.900,25.300,1885.0000,1.645095
37.900,25.300,1886.0000,0.680368
37.900,25.300,1887.0000,-5.711609
37.900,25.300,1888.0000,6.221821
37.900,25.300,1889.0000,3.198725
37.900,25.300,1890.0000,3.608259
37.900,25.300,1891.0000,-3.937168
37.900,25.300,1892.0000,-4.086862
37.900,25.300,1893.0000,-6.168928
37.900,25.300,1894.0000,1.349342
37.900,25.300,1895.0000,3.973205
37.900,25.300,1896.0000,6.672695
37.900,25.300,1897.0000,-1.720097
37.900,25.300,1898.0000,-3.974076
37.900,25.300,1899.0000,7.115326
37.900,25.300,1900.0000,-8.753767
37.900,25.300,1901.0000,-7.171465
37.900,25.300,1902.0000,5.465273
37.900,25.300,1903.0000,-2.619886
37.900,25.300,1904.0000,7.485923
37.900,25.300,1905.0000,-10.097899
37.900,25.300,1906.0000,-6.807057
37.900,25.300,1907.0000,3.830355
37.900,25.300,1908.0000,13.659461
37.900,25.300,1909.0000,1.067147
37.900,25.300,1910.0000,-3.433657
37.900,25.300,1911.0000,11.610527
37.900,25.300,1912.0000,8.529145
37.900,25.300,1913.0000,-3.669677
37.900,25.300,1914.0000,7.817729
37.900,25.300,1915.0000,0.987028
37.900,25.300,1916.0000,-10.877644
37.900,25.300,1917.0000,1.761173
37.900,25.300,1918.0000,1.894162
37.900,25.300,1919.0000,-0.843257
37.900,25.300,1920.0000,3.465405
37.900,25.300,1921.0000,13.563613
37.900,25.300,1922.0000,-1.862238
37.900,25.300,1923.0000,-9.801605
37.900,25.300,1924.0000,0.463174
37.900,25.300,1925.0000,-4.032799
37.900,25.300,1926.0000,-7.778736
37.900,25.300,1927.0000,-2.454899
37.900,25.300,1928.0000,0.176612
37.900,25.300,1929.0000,-1.132298
37.900,25.300,1930.0000,7.386307
37.900,25.300,1931.0000,4.848817
37.900,25.300,1932.0000,0.146779
37.900,25.300,1933.0000,-9.771689
37.900,25.300,1934.0000,-0.382283
37.900,25.300,1935.0000,-10.161959
37.900,25.300,1936.0000,-5.262900
37.900,25.300,1937.0000,11.278595
37.900,25.300,1938.0000,-10.448509
37.900,25.300,1939.0000,5.247217
37.900,25.300,1940.0000,-1.329319
37.900,25.300,1941.0000,9.825227
37.900,25.300,1942.0000,1.268766
37.900,25.300,1943.0000,12.542802
37.900,25.300,1944.0000,-1.459675
37.900,25.300,1945.0000,-4.908719
37.900,25.300,1946.0000,-1.836437
37.900,25.300,1947.0000,6.118254
37.900,25.300,1948.0000,2.407692
37.900,25.300,1949.0000,2.366279
37.900,25.300,1950.0000,-3.540743
37.900,25.300,1951.0000,-2.095124
37.900,25.300,1952.0000,1.983389
37.900,25.300,1953.0000,0.242394
37.900,25.300,1954.0000,-6.630834
37.900,25.300,1955.0000,2.724781
37.900,25.300,1956.0000,9.107360
37.900,25.300,1957.0000,3.582000
37.900,25.300,1958.0000,9.089471
37.900,25.300,1959.0000,10.924292
37.900,25.300,1960.0000,7.244769
37.900,25.300,1961.0000,10.620316
37.900,25.300,1962.0000,5.626758
37.900,25.300,1963.0000,6.121008
37.900,25.300,1964.0000,-12.433830
37.900,25.300,1965.0000,6.606354
37.900,25.300,1966.0000,-1.584337
37.900,25.300,1967.0000,-8.826069
37.900,25.300,1968.0000,2.921035
37.900,25.300,1969.0000,4.669124
37.900,25.300,1970.0000,-8.316379
37.900,25.300,1971.0000,2.898305
37.900,25.300,1972.0000,-1.054408
37.900,25.300,1973.0000,-1.322712
37.900,25.300,1974.0000,2.094941
37.900,25.300,1975.0000,7.661289
37.900,25.300,1976.0000,0.143074
37.900,25.300,1977.0000,8.062376
37.900,25.300,1978.0000,0.659841
37.900,25.300,1979.0000,2.018762
37.900,25.300,1980.0000,-3.014957
37.900,25.300,1981.0000,5.904016
37.900,25.300,1982.0000,-9.610642
37.900,25.300,1983.0000,-7.581333
37.900,25.300,1984.0000,8.910185
37.900,25.300,1985.0000,-4.240096
37.900,25.300,1986.0000,13.414366
37.900,25.300,1987.0000,-2.646386
37.900,25.300,1988.0000,-6.353603
37.900,25.300,1989.0000,1.348812
37.900,25.300,1990.0000,2.248091
37.900,25.300,1991.0000,-6.571791
37.900,25.300,1992.0000,2.039050
37.900,25.300,1993.0000,4.565707
37.900,25.300,1994.0000,-7.909653
37.900,25.300,1995.0000,2.776496
37.900,25.300,1996.0000,-10.349521
37.900,25.300,1997.0000,4.555150
37.900,25.300,1998.0000,0.913167
37.900,25.300,1999.0000,-3.227938
37.900,25.300,2000.0000,3.104155
37.900,25.400,200.0000,1.558173
37.900,25.400,201.0000,4.842464
37.900,25.400,202.0000,1.085417
37.900,25.400,203.0000,3.289618
37.900,25.400,204.0000,-16.821567
37.900,25.400,205.0000,4.838118
37.900,25.400,206.0000,-10.898714
37.900,25.400,207.0000,-7.611276
37.900,25.400,208.0000,2.265328
37.900,25.400,209.0000,7.429403
37.900,25.400,210.0000,11.984480
37.900,25.400,211.0000,-6.498682
37.900,25.400,212.0000,3.442865
37.900,25.400,213.0000,2.566961
37.900,25.400,214.0000,-1.244766
37.900,25.400,215.0000,1.526317
37.900,25.400,216.0000,0.830520
37.900,25.400,217.0000,2.090376
37.900,25.400,218.0000,2.635252
37.900,25.400,219.0000,-8.322787
37.900,25.400,220.0000,8.589689
37.900,25.400,221.0000,-10.539556
37.900,25.400,222.0000,10.524858
37.900,25.400,223.0000,-4.973355
37.900,25.400,224.0000,-5.698717
37.900,25.400,225.0000,-1.485384
37.900,25.400,226.0000,6.102267
37.900,25.400,227.0000,5.440153
37.900,25.400,228.0000,-1.351600
37.900,25.400,229.0000,6.101578
37.900,25.400,230.0000,1.033546
37.900,25.400,231.0000,-0.922675
37.900,25.400,232.0000,7.364132
37.900,25.400,233.0000,3.184959
37.900,25.400,234.0000,9.068849
37.900,25.400,235.0000,0.439997
37.900,25.400,236.0000,7.874038
37.900,25.400,237.0000,2.033806
37.900,25.400,238.0000,5.838598
37.900,25.400,239.0000,-2.867903
37.900,25.400,240.0000,-7.898721
37.900,25.400,241.0000,6.765037
37.900,25.400,242.0000,-5.387440
37.900,25.400,243.0000,-11.421947
37.900,25.400,244.0000,-3.653696
37.900,25.400,245.0000,4.338570
37.900,25.400,246.0000,1.341698
37.900,25.400,247.0000,8.415689
37.900,25.400,248.0000,6.695292
37.900,25.400,249.0000,10.337899
37.900,25.400,250.0000,-2.441707
37.900,25.400,251.0000,-5.347068
37.900,25.400,252.0000,5.564848
37.900,25.400,253.0000,-6.974777
37.900,25.400,254.0000,2.534698
37.900,25.400,255.0000,10.246688
37.900,25.400,256.0000,-10.124668
37.900,25.400,257.0000,2.936264
37.900,25.400,258.0000,-0.703541
37.900,25.400,259.0000,-5.447334
37.900,25.400,260.0000,4.302432
37.900,25.400,261.0000,-6.551563
37.900,25.400,262.0000,7.151562
37.900,25.400,263.0000,6.880197
37.900,25.400,264.0000,-12.475823
37.900,25.400,265.0000,-6.328733
37.900,25.400,266.0000,5.383341
37.900,25.400,267.0000,-2.909428
37.900,25.400,268.0000,16.846271
37.900,25.400,269.0000,6.924187
37.900,25.400,270.0000,9.271301
37.900,25.400,271.0000,7.339875
37.900,25.400,272.0000,-0.050767
37.900,25.400,273.0000,11.083404
37.900,25.400,274.0000,0.568702
37.900,25.400,275.0000,9.359574
37.900,25.400,276.0000,-6.011012
37.900,25.400,277.0000,4.651227
37.900,25.400,278.0000,-3.802355
37.900,25.400,279.0000,0.978662
37.900,25.400,280.0000,5.380497
37.900,25.400,281.0000,-4.919443
37.900,25.400,282.0000,5.567921
37.900,25.400,283.0000,6.808392
37.900,25.400,284.0000,2.306488
37.900,25.400,285.0000,-9.607478
37.900,25.400,286.0000,3.571864
37.900,25.400,287.0000,-4.668900
37.900,25.400,288.0000,3.082470
37.900,25.400,289.0000,8.974889
37.900,25.400,290.0000,-9.573923
37.900,25.400,291.0000,3.009693
37.900,25.400,292.0000,1.433981
37.900,25.400,293.0000,-1.510200
37.900,25.400,294.0000,-1.652761
37.900,25.400,295.0000,2.435920
37.900,25.400,296.0000,-4.004934
37.900,25.400,297.0000,-1.194592
37.900,25.400,298.0000,-9.379734
37.900,25.400,299.0000,4.599844
37.900,25.400,300.0000,5.310958
37.900,25.400,301.0000,5.323422
37.900,25.400,302.0000,2.346191
37.900,25.400,303.0000,1.980171
37.900,25.400,304.0000,-10.835040
37.900,25.400,305.0000,1.767411
37.900,25.400,306.0000,-12.984904
37.900,25.400,307.0000,3.898470
37.900,25.400,308.0000,-6.215052
37.900,25.400,309.0000,1.091158
37.900,25.400,310.0000,2.392177
37.900,25.400,311.0000,-3.888041
37.900,25.400,312.0000,0.251504
37.900,25.400,313.0000,-1.653728
37.900,25.400,314.0000,1.603441
37.900,25.400,315.0000,2.354837
37.900,25.400,316.0000,0.356844
37.900,25.400,317.0000,5.569218
37.900,25.400,318.0000,-6.147052
37.900,25.400,319.0000,-0.174727
37.900,25.400,320.0000,9.059486
37.900,25.400,321.0000,-8.524104
37.900,25.400,322.0000,-3.888073
37.900,25.400,323.0000,1.105095
37.900,25.400,324.0000,-9.025781
37.900,25.400,325.0000,-0.804833
37.900,25.400,326.0000,6.810495
37.900,25.400,327.0000,0.333298
37.900,25.400,328.0000,-5.088922
37.900,25.400,329.0000,-0.350763
37.900,25.400,330.0000,0.744013
37.900,25.400,331.0000,0.368622
37.900,25.400,332.0000,-16.850864
37.900,25.400,333.0000,7.170803
37.900,25.400,334.0000,-11.484586
37.900,25.400,335.0000,6.438006
37.900,25.400,336.0000,-2.206886
37.900,25.400,337.0000,-2.213914
37.900,25.400,338.0000,11.701864
37.900,25.400,339.0000,-3.835224
37.900,25.400,340.0000,7.314717
37.900,25.400,341.0000,-7.599755
37.900,25.400,342.0000,1.163786
37.900,25.400,343.0000,6.145195
37.900,25.400,344.0000,-1.594573
37.900,25.400,345.0000,7.090618
37.900,25.400,346.0000,-12.004468
37.900,25.400,347.0000,-5.993871
37.900,25.400,348.0000,0.629231
37.900,25.400,349.0000,-2.571558
37.900,25.400,350.0000,-3.058573
37.900,25.400,351.0000,6.957430
37.900,25.400,352.0000,-5.667231
37.900,25.400,353.0000,-6.663225
37.900,25.400,354.0000,9.549949
37.900,25.400,355.0000,10.151843
37.900,25.400,356.0000,0.822915
37.900,25.400,357.0000,1.818537
37.900,25.400,358.0000,1.984422
37.900,25.400,359.0000,2.942391
37.900,25.400,360.0000,5.746187
37.900,25.400,361.0000,-3.953496
37.900,25.400,362.0000,0.496695
37.900,25.400,363.0000,-1.241906
37.900,25.400,364.0000,-0.082653
37.900,25.400,365.0000,-2.323460
37.900,25.400,366.0000,-2.287061
37.900,25.400,367.0000,-0.494948
37.900,25.400,368.0000,7.266416
37.900,25.400,369.0000,1.641035
37.900,25.400,370.0000,-0.890640
37.900,25.400,371.0000,3.749879
37.900,25.400,372.0000,-1.375735
37.900,25.400,373.0000,5.641064
37.900,25.400,374.0000,16.260788
37.900,25.400,375.0000,9.091446
37.900,25.400,376.0000,-5.458408
37.900,25.400,377.0000,0.579123
37.900,25.400,378.0000,4.096705
37.900,25.400,379.0000,-5.381571
37.900,25.400,380.0000,0.250114
37.900,25.400,381.0000,2.208256
37.900,25.400,382.0000,-7.150807
37.900,25.400,383.0000,-9.426061
37.900,25.400,384.0000,9.129789
37.900,25.400,385.0000,-5.646572
37.900,25.400,386.0000,-8.440351
37.900,25.400,387.0000,-4.982207
37.900,25.400,388.0000,-0.688554
37.900,25.400,389.0000,0.211007
37.900,25.400,390.0000,-7.420790
37.900,25.400,391.0000,-2.255947
37.900,25.400,392.0000,-9.404820
37.900,25.400,393.0000,-8.718646
37.900,25.400,394.0000,3.628629
37.900,25.400,395.0000,0.177883
37.900,25.400,396.0000,-2.059189
37.900,25.400,397.0000,-4.272699
37.900,25.400,398.0000,5.684664
37.900,25.400,399.0000,7.330647
37.900,25.400,400.0000,1.296029
37.900,25.400,401.0000,-7.457816
37.900,25.400,402.0000,8.406527
37.900,25.400,403.0000,-1.853599
37.900,25.400,404.0000,-12.221269
37.900,25.400,405.0000,3.279597
37.900,25.400,406.0000,4.339070
37.900,25.400,407.0000,0.932843
37.900,25.400,408.0000,7.754804
37.900,25.400,409.0000,1.775470
37.900,25.400,410.0000,5.700474
37.900,25.400,411.0000,-3.485559
37.900,25.400,412.0000,1.904949
37.900,25.400,413.0000,-5.425895
37.900,25.400,414.0000,3.204136
37.900,25.400,415.0000,-8.175955
37.900,25.400,416.0000,-9.298805
37.900,25.400,417.0000,18.378297
37.900,25.400,418.0000,11.392435
37.900,25.400,419.0000,-1.205373
37.900,25.400,420.0000,-14.336703
37.900,25.400,421.0000,5.397734
37.900,25.400,422.0000,-3.583449
37.900,25.400,423.0000,3.908879
37.900,25.400,424.0000,9.193946
37.900,25.400,425.0000,-9.222095
37.900,25.400,426.0000,0.406836
37.900,25.400,427.0000,2.987739
37.900,25.400,428.0000,5.745887
37.900,25.400,429.0000,1.565883
37.900,25.400,430.0000,2.587149
37.900,25.400,431.0000,5.638529
37.900,25.400,432.0000,3.433557
37.900,25.400,433.0000,-7.559261
37.900,25.400,434.0000,4.556907
37.900,25.400,435.0000,1.480253
37.900,25.400,436.0000,14.930588
37.900,25.400,437.0000,12.454112
37.900,25.400,438.0000,-0.977889
37.900,25.400,439.0000,-3.863334
37.900,25.400,440.0000,-7.883077
37.900,25.400,441.0000,3.915246
37.900,25.400,442.0000,2.000665
37.900,25.400,443.0000,4.274787
37.900,25.400,444.0000,0.339771
37.900,25.400,445.0000,-5.185973
37.900,25.400,446.0000,0.251164
37.900,25.400,447.0000,3.890205
37.900,25.400,448.0000,3.443199
37.900,25.400,449.0000,-5.374510
37.900,25.400,450.0000,-1.220611
37.900,25.400,451.0000,4.970270
37.900,25.400,452.0000,2.497017
37.900,25.400,453.0000,-6.550060
37.900,25.400,454.0000,0.462827
37.900,25.400,455.0000,17.530729
37.900,25.400,456.0000,4.420801
37.900,25.400,457.0000,-11.342171
37.900,25.400,458.0000,-0.578581
37.900,25.400,459.0000,3.817863
37.900,25.400,460.0000,-3.895961
37.900,25.400,461.0000,3.698440
37.900,25.400,462.0000,-5.011094
37.900,25.400,463.0000,-1.535356
37.900,25.400,464.0000,1.597309
37.900,25.400,465.0000,6.076791
37.900,25.400,466.0000,-7.491067
37.900,25.400,467.0000,-2.267861
37.900,25.400,468.0000,-8.587965
37.900,25.400,469.0000,6.947083
37.900,25.400,470.0000,6.137107
37.900,25.400,471.0000,-7.887282
37.900,25.400,472.0000,5.005383
37.900,25.400,473.0000,-4.190576
37.900,25.400,474.0000,2.748067
37.900,25.400,475.0000,-2.087268
37.900,25.400,476.0000,1.393352
37.900,25.400,477.0000,12.149773
37.900,25.400,478.0000,16.467310
37.900,25.400,479.0000,8.025643
37.900,25.400,480.0000,-1.948362
37.900,25.400,481.0000,10.163610
37.900,25.400,482.0000,1.043004
37.900,25.400,483.0000,0.589289
37.900,25.400,484.0000,2.800219
37.900,25.400,485.0000,4.980292
37.900,25.400,486.0000,-11.194214
37.900,25.400,487.0000,3.471669
37.900,25.400,488.0000,7.879643
37.900,25.400,489.0000,4.150973
37.900,25.400,490.0000,-3.302340
37.900,25.400,491.0000,2.008938
37.900,25.400,492.0000,9.231036
37.900,25.400,493.0000,0.397074
37.900,25.400,494.0000,-11.448079
37.900,25.400,495.0000,5.952343
37.900,25.400,496.0000,14.398582
37.900,25.400,497.0000,2.781090
37.900,25.400,498.0000,-3.342736
37.900,25.400,499.0000,4.647353
37.900,25.400,500.0000,1.870173
37.900,25.400,501.0000,0.917214
37.900,25.400,502.0000,0.131842
37.900,25.400,503.0000,3.187632
37.900,25.400,504.0000,0.103229
37.900,25.400,505.0000,-6.249236
37.900,25.400,506.0000,-9.434704
37.900,25.400,507.0000,1.227933
37.900,25.400,508.0000,3.012885
37.900,25.400,509.0000,8.227114
37.900,25.400,510.0000,-10.801090
37.900,25.400,511.0000,-3.211906
37.900,25.400,512.0000,-3.095213
37.900,25.400,513.0000,-9.167469
37.900,25.400,514.0000,6.953025
37.900,25.400,515.0000,2.240270
37.900,25.400,516.0000,-2.560877
37.900,25.400,517.0000,-1.998026
37.900,25.400,518.0000,-7.519695
37.900,25.400,519.0000,8.162548
37.900,25.400,520.0000,-6.468346
37.900,25.400,521.0000,-1.030731
37.900,25.400,522.0000,-0.541750
37.900,25.400,523.0000,7.790275
37.900,25.400,524.0000,2.018089
37.900,25.400,525.0000,-3.756510
37.900,25.400,526.0000,-1.854303
37.900,25.400,527.0000,6.964867
37.900,25.400,528.0000,1.467354
37.900,25.400,529.0000,-1.643014
37.900,25.400,530.0000,-1.464221
37.900,25.400,531.0000,6.504379
37.900,25.400,532.0000,0.494566
37.900,25.400,533.0000,2.908464
37.900,25.400,534.0000,6.522459
37.900,25.400,535.0000,-0.592070
37.900,25.400,536.0000,6.560186
37.900,25.400,537.0000,1.865454
37.900,25.400,538.0000,-1.174237
37.900,25.400,539.0000,-7.771432
37.900,25.400,540.0000,1.410846
37.900,25.400,541.0000,4.938005
37.900,25.400,542.0000,-0.154209
37.900,25.400,543.0000,-12.151821
37.900,25.400,544.0000,-14.511369
37.900,25.400,545.0000,-2.410381
37.900,25.400,546.0000,-2.469795
37.900,25.400,547.0000,-11.102587
37.900,25.400,548.0000,-1.197625
37.900,25.400,549.0000,2.007139
37.900,25.400,550.0000,-3.080325
37.900,25.400,551.0000,4.573043
37.900,25.400,552.0000,10.697181
37.900,25.400,553.0000,4.915270
37.900,25.400,554.0000,-5.068360
37.900,25.400,555.0000,-2.388299
37.900,25.400,556.0000,-6.425573
37.900,25.400,557.0000,-3.441256
37.900,25.400,558.0000,-1.227062
37.900,25.400,559.0000,-2.550733
37.900,25.400,560.0000,6.297418
37.900,25.400,561.0000,-11.801038
37.900,25.400,562.0000,-2.023166
37.900,25.400,563.0000,9.191015
37.900,25.400,564.0000,-0.857363
37.900,25.400,565.0000,-12.738479
37.900,25.400,566.0000,-4.699974
37.900,25.400,567.0000,-4.046003
37.900,25.400,568.0000,6.441285
37.900,25.400,569.0000,4.150408
37.900,25.400,570.0000,-8.422803
37.900,25.400,571.0000,0.217799
37.900,25.400,572.0000,16.811514
37.900,25.400,573.0000,2.301513
37.900,25.400,574.0000,2.048937
37.900,25.400,575.0000,8.007025
37.900,25.400,576.0000,6.399529
37.900,25.400,577.0000,12.657689
37.900,25.400,578.0000,9.377461
37.900,25.400,579.0000,0.997634
37.900,25.400,580.0000,3.385920
37.900,25.400,581.0000,-6.757903
37.900,25.400,582.0000,-2.739646
37.900,25.400,583.0000,6.047739
37.900,25.400,584.0000,-0.881960
37.900,25.400,585.0000,5.275267
37.900,25.400,586.0000,3.782125
37.900,25.400,587.0000,-11.222713
37.900,25.400,588.0000,4.341901
37.900,25.400,589.0000,1.377728
37.900,25.400,590.0000,0.568827
37.900,25.400,591.0000,-0.639012
37.900,25.400,592.0000,-0.400249
37.900,25.400,593.0000,11.543704
37.900,25.400,594.0000,4.489436
37.900,25.400,595.0000,6.583029
37.900,25.400,596.0000,4.792332
37.900,25.400,597.0000,5.348579
37.900,25.400,598.0000,3.263510
37.900,25.400,599.0000,8.302892
37.900,25.400,600.0000,17.931982
37.900,25.400,601.0000,4.443189
37.900,25.400,602.0000,13.085097
37.900,25.400,603.0000,10.586419
37.900,25.400,604.0000,15.127560
37.900,25.400,605.0000,7.930816
37.900,25.400,606.0000,20.907680
37.900,25.400,607.0000,17.245004
37.900,25.400,608.0000,19.306640
37.900,25.400,609.0000,13.639781
37.900,25.400,610.0000,25.909955
37.900,25.400,611.0000,27.032252
37.900,25.400,612.0000,47.189967
37.900,25.400,613.0000,42.408085
37.900,25.400,614.0000,62.624733
37.900,25.400,615.0000,60.569668
37.900,25.400,616.0000,86.386724
37.900,25.400,617.0000,112.916413
37.900,25.400,618.0000,140.846585
37.900,25.400,619.0000,145.617990
37.900,25.400,620.0000,155.043147
37.900,25.400,621.0000,155.028514
37.900,25.400,622.0000,137.775846
37.900,25.400,623.0000,113.945209
37.900,25.400,624.0000,81.316792
37.900,25.400,625.0000,68.904055
37.900,25.400,626.0000,67.421678
37.900,25.400,627.0000,52.598746
37.900,25.400,628.0000,48.336056
37.900,25.400,629.0000,38.189540
37.900,25.400,630.0000,29.149673
37.900,25.400,631.0000,28.151678
37.900,25.400,632.0000,19.057990
37.900,25.400,633.0000,19.695622
37.900,25.400,634.0000,13.803789
37.900,25.400,635.0000,24.668013
37.900,25.400,636.0000,20.353379
37.900,25.400,637.0000,10.362968
37.900,25.400,638.0000,14.063114
37.900,25.400,639.0000,3.009221
37.900,25.400,640.0000,5.101623
37.900,25.400,641.0000,5.942665
37.900,25.400,642.0000,3.925514
37.900,25.400,643.0000,-7.286360
37.900,25.400,644.0000,15.445540
37.900,25.400,645.0000,-0.159612
37.900,25.400,646.0000,0.206099
37.900,25.400,647.0000,2.125732
37.900,25.400,648.0000,-4.864137
37.900,25.400,649.0000,8.128618
37.900,25.400,650.0000,-5.101725
37.900,25.400,651.0000,4.032176
37.900,25.400,652.0000,-0.712840
37.900,25.400,653.0000,6.364864
37.900,25.400,654.0000,9.589600
37.900,25.400,655.0000,5.171203
37.900,25.400,656.0000,7.628369
37.900,25.400,657.0000,9.303457
37.900,25.400,658.0000,13.268135
37.900,25.400,659.0000,12.449318
37.900,25.400,660.0000,13.375185
37.900,25.400,661.0000,1.156203
37.900,25.400,662.0000,-4.685835
37.900,25.400,663.0000,0.637205
37.900,25.400,664.0000,7.288763
37.900,25.400,665.0000,-7.556532
37.900,25.400,666.0000,3.864131
37.900,25.400,667.0000,-6.762190
37.900,25.400,668.0000,-11.841780
37.900,25.400,669.0000,-7.655981
37.900,25.400,670.0000,6.296613
37.900,25.400,671.0000,1.742056
37.900,25.400,672.0000,10.102749
37.900,25.400,673.0000,1.728145
37.900,25.400,674.0000,1.887728
37.900,25.400,675.0000,-0.579669
37.900,25.400,676.0000,2.367675
37.900,25.400,677.0000,0.227988
37.900,25.400,678.0000,3.878823
37.900,25.400,679.0000,8.840946
37.900,25.400,680.0000,-6.546125
37.900,25.400,681.0000,5.156396
37.900,25.400,682.0000,2.151742
37.900,25.400,683.0000,-3.559613
37.900,25.400,684.0000,10.090543
37.900,25.400,685.0000,1.562849
37.900,25.400,686.0000,4.022315
37.900,25.400,687.0000,0.226248
37.900,25.400,688.0000,0.936877
37.900,25.400,689.0000,4.857377
37.900,25.400,690.0000,0.741572
37.900,25.400,691.0000,-3.384668
37.900,25.400,692.0000,4.214248
37.900,25.400,693.0000,-2.756306
37.900,25.400,694.0000,-19.287078
37.900,25.400,695.0000,-5.790516
37.900,25.400,696.0000,4.770195
37.900,25.400,697.0000,1.186127
37.900,25.400,698.0000,-2.039605
37.900,25.400,699.0000,-3.603235
37.900,25.400,700.0000,12.036643
37.900,25.400,701.0000,-3.153311
37.900,25.400,702.0000,-7.591314
37.900,25.400,703.0000,5.466429
37.900,25.400,704.0000,-6.224893
37.900,25.400,705.0000,11.285630
37.900,25.400,706.0000,7.022062
37.900,25.400,707.0000,3.922021
37.900,25.400,708.0000,9.839851
37.900,25.400,709.0000,6.397383
37.900,25.400,710.0000,9.267103
37.900,25.400,711.0000,2.849031
37.900,25.400,712.0000,-7.346784
37.900,25.400,713.0000,7.126051
37.900,25.400,714.0000,-6.540695
37.900,25.400,715.0000,11.368755
37.900,25.400,716.0000,4.803968
37.900,25.400,717.0000,3.718258
37.900,25.400,718.0000,1.602104
37.900,25.400,719.0000,4.372055
37.900,25.400,720.0000,3.311615
37.900,25.400,721.0000,3.172289
37.900,25.400,722.0000,-3.319043
37.900,25.400,723.0000,8.037517
37.900,25.400,724.0000,10.964277
37.900,25.400,725.0000,12.814139
37.900,25.400,726.0000,-2.789262
37.900,25.400,727.0000,2.675923
37.900,25.400,728.0000,-0.793581
37.900,25.400,729.0000,1.605943
37.900,25.400,730.0000,5.100017
37.900,25.400,731.0000,1.351525
37.900,25.400,732.0000,0.102524
37.900,25.400,733.0000,-6.455325
37.900,25.400,734.0000,-7.532300
37.900,25.400,735.0000,-5.554787
37.900,25.400,736.0000,0.490149
37.900,25.400,737.0000,-2.269116
37.900,25.400,738.0000,3.398391
37.900,25.400,739.0000,-5.114003
37.900,25.400,740.0000,2.545477
37.900,25.400,741.0000,-5.899469
37.900,25.400,742.0000,6.881202
37.900,25.400,743.0000,-2.736465
37.900,25.400,744.0000,3.654003
37.900,25.400,745.0000,2.697253
37.900,25.400,746.0000,-8.032674
37.900,25.400,747.0000,4.940942
37.900,25.400,748.0000,8.488193
37.900,25.400,749.0000,-5.478915
37.900,25.400,750.0000,-1.458181
37.900,25.400,751.0000,-0.189575
37.900,25.400,752.0000,4.372424
37.900,25.400,753.0000,3.590129
37.900,25.400,754.0000,-4.588439
37.900,25.400,755.0000,3.566136
37.900,25.400,756.0000,1.372463
37.900,25.400,757.0000,2.204723
37.900,25.400,758.0000,2.443643
37.900,25.400,759.0000,9.793190
37.900,25.400,760.0000,2.896708
37.900,25.400,761.0000,2.821384
37.900,25.400,762.0000,5.654819
37.900,25.400,763.0000,5.794348
37.900,25.400,764.0000,5.292694
37.900,25.400,765.0000,-0.501828
37.900,25.400,766.0000,9.173142
37.900,25.400,767.0000,3.257364
37.900,25.400,768.0000,9.477879
37.900,25.400,769.0000,7.456510
37.900,25.400,770.0000,2.285164
37.900,25.400,771.0000,-1.015844
37.900,25.400,772.0000,0.016718
37.900,25.400,773.0000,17.870561
37.900,25.400,774.0000,8.349457
37.900,25.400,775.0000,10.782958
37.900,25.400,776.0000,9.399758
37.900,25.400,777.0000,5.595416
37.900,25.400,778.0000,6.544683
37.900,25.400,779.0000,28.516158
37.900,25.400,780.0000,12.257573
37.900,25.400,781.0000,6.390603
37.900,25.400,782.0000,23.395863
37.900,25.400,783.0000,16.166267
37.900,25.400,784.0000,11.397963
37.900,25.400,785.0000,27.459804
37.900,25.400,786.0000,32.034459
37.900,25.400,787.0000,38.433627
37.900,25.400,788.0000,33.893122
37.900,25.400,789.0000,33.895390
37.900,25.400,790.0000,46.931344
37.900,25.400,791.0000,62.618650
37.900,25.400,792.0000,68.336177
37.900,25.400,793.0000,83.781946
37.900,25.400,794.0000,86.186623
37.900,25.400,795.0000,93.036457
37.900,25.400,796.0000,84.917263
37.900,25.400,797.0000,84.212537
37.900,25.400,798.0000,65.000276
37.900,25.400,799.0000,59.247651
37.900,25.400,800.0000,57.661198
37.900,25.400,801.0000,45.361396
37.900,25.400,802.0000,29.530292
37.900,25.400,803.0000,26.047499
37.900,25.400,804.0000,26.356031
37.900,25.400,805.0000,25.381654
37.900,25.400,806.0000,9.399933
37.900,25.400,807.0000,10.206146
37.900,25.400,808.0000,15.864667
37.900,25.400,809.0000,18.551627
37.900,25.400,810.0000,8.739023
37.900,25.400,811.0000,8.246882
37.900,25.400,812.0000,11.855695
37.900,25.400,813.0000,18.264778
37.900,25.400,814.0000,13.369331
37.900,25.400,815.0000,7.018455
37.900,25.400,816.0000,12.026363
37.900,25.400,817.0000,5.142041
37.900,25.400,818.0000,-0.648265
37.900,25.400,819.0000,1.636634
37.900,25.400,820.0000,6.922501
37.900,25.400,821.0000,14.627023
37.900,25.400,822.0000,2.233502
37.900,25.400,823.0000,1.288739
37.900,25.400,824.0000,9.602497
37.900,25.400,825.0000,10.260086
37.900,25.400,826.0000,3.211345
37.900,25.400,827.0000,-5.193182
37.900,25.400,828.0000,4.533653
37.900,25.400,829.0000,0.290599
37.900,25.400,830.0000,3.125909
37.900,25.400,831.0000,15.267323
37.900,25.400,832.0000,2.208507
37.900,25.400,833.0000,0.078386
37.900,25.400,834.0000,-0.215283
37.900,25.400,835.0000,15.113183
37.900,25.400,836.0000,-2.512864
37.900,25.400,837.0000,-2.921596
37.900,25.400,838.0000,8.887579
37.900,25.400,839.0000,10.117759
37.900,25.400,840.0000,-8.563067
37.900,25.400,841.0000,-0.214372
37.900,25.400,842.0000,1.904347
37.900,25.400,843.0000,-0.852179
37.900,25.400,844.0000,10.998628
37.900,25.400,845.0000,3.018874
37.900,25.400,846.0000,1.122057
37.900,25.400,847.0000,-1.972291
37.900,25.400,848.0000,3.023802
37.900,25.400,849.0000,-5.445954
37.900,25.400,850.0000,5.820867
37.900,25.400,851.0000,2.350920
37.900,25.400,852.0000,-1.862161
37.900,25.400,853.0000,1.572093
37.900,25.400,854.0000,3.661699
37.900,25.400,855.0000,-4.375289
37.900,25.400,856.0000,3.736173
37.900,25.400,857.0000,-2.212779
37.900,25.400,858.0000,13.030224
37.900,25.400,859.0000,4.261197
37.900,25.400,860.0000,-2.054668
37.900,25.400,861.0000,-0.339238
37.900,25.400,862.0000,-0.217658
37.900,25.400,863.0000,16.419221
37.900,25.400,864.0000,11.230962
37.900,25.400,865.0000,-8.910515
37.900,25.400,866.0000,-3.415260
37.900,25.400,867.0000,-1.919503
37.900,25.400,868.0000,1.667448
37.900,25.400,869.0000,-1.208342
37.900,25.400,870.0000,12.035636
37.900,25.400,871.0000,-4.908415
37.900,25.400,872.0000,-5.223117
37.900,25.400,873.0000,5.439421
37.900,25.400,874.0000,-2.141659
37.900,25.400,875.0000,3.430657
37.900,25.400,876.0000,3.438578
37.900,25.400,877.0000,8.836325
37.900,25.400,878.0000,-2.439120
37.900,25.400,879.0000,-1.038347
37.900,25.400,880.0000,2.031324
37.900,25.400,881.0000,2.232979
37.900,25.400,882.0000,3.736619
37.900,25.400,883.0000,6.076199
37.900,25.400,884.0000,0.763599
37.900,25.400,885.0000,4.803552
37.900,25.400,886.0000,4.492527
37.900,25.400,887.0000,12.897906
37.900,25.400,888.0000,2.014571
37.900,25.400,889.0000,-1.019127
37.900,25.400,890.0000,-9.252265
37.900,25.400,891.0000,-4.332448
37.900,25.400,892.0000,4.131289
37.900,25.400,893.0000,-4.157412
37.900,25.400,894.0000,0.380573
37.900,25.400,895.0000,6.015095
37.900,25.400,896.0000,1.457857
37.900,25.400,897.0000,-5.696526
37.900,25.400,898.0000,10.450031
37.900,25.400,899.0000,-2.716747
37.900,25.400,900.0000,4.017744
37.900,25.400,901.0000,2.017709
37.900,25.400,902.0000,-3.452107
37.900,25.400,903.0000,-3.231474
37.900,25.400,904.0000,-3.833902
37.900,25.400,905.0000,1.944773
37.900,25.400,906.0000,0.200879
37.900,25.400,907.0000,2.715201
37.900,25.400,908.0000,11.497620
37.900,25.400,909.0000,-10.794304
37.900,25.400,910.0000,8.123966
37.900,25.400,911.0000,1.312436
37.900,25.400,912.0000,-2.309481
37.900,25.400,913.0000,0.618060
37.900,25.400,914.0000,3.495204
37.900,25.400,915.0000,3.674520
37.900,25.400,916.0000,3.322038
37.900,25.400,917.0000,2.057379
37.900,25.400,918.0000,6.553808
37.900,25.400,919.0000,12.434793
37.900,25.400,920.0000,11.923226
37.900,25.400,921.0000,0.110610
37.900,25.400,922.0000,-9.489385
37.900,25.400,923.0000,-4.584733
37.900,25.400,924.0000,8.189691
37.900,25.400,925.0000,3.637489
37.900,25.400,926.0000,5.249183
37.900,25.400,927.0000,3.348667
37.900,25.400,928.0000,6.030858
37.900,25.400,929.0000,10.137378
37.900,25.400,930.0000,9.945193
37.900,25.400,931.0000,2.660983
37.900,25.400,932.0000,-1.839580
37.900,25.400,933.0000,12.025416
37.900,25.400,934.0000,-10.704842
37.900,25.400,935.0000,-4.485894
37.900,25.400,936.0000,4.099789
37.900,25.400,937.0000,12.174152
37.900,25.400,938.0000,5.517190
37.900,25.400,939.0000,6.163720
37.900,25.400,940.0000,6.109259
37.900,25.400,941.0000,7.494341
37.900,25.400,942.0000,-0.852600
37.900,25.400,943.0000,2.899452
37.900,25.400,944.0000,-1.795632
37.900,25.400,945.0000,-1.841270
37.900,25.400,946.0000,4.482677
37.900,25.400,947.0000,4.554920
37.900,25.400,948.0000,-2.437011
37.900,25.400,949.0000,-2.412792
37.900,25.400,950.0000,5.606016
37.900,25.400,951.0000,6.169570
37.900,25.400,952.0000,-0.210916
37.900,25.400,953.0000,9.428509
37.900,25.400,954.0000,4.271566
37.900,25.400,955.0000,-1.039036
37.900,25.400,956.0000,3.107179
37.900,25.400,957.0000,-1.504039
37.900,25.400,958.0000,10.348060
37.900,25.400,959.0000,8.841919
37.900,25.400,960.0000,14.058219
37.900,25.400,961.0000,14.601805
37.900,25.400,962.0000,10.040203
37.900,25.400,963.0000,0.788581
37.900,25.400,964.0000,10.762966
37.900,25.400,965.0000,1.962501
37.900,25.400,966.0000,9.021432
37.900,25.400,967.0000,19.694164
37.900,25.400,968.0000,17.561512
37.900,25.400,969.0000,19.135930
37.900,25.400,970.0000,7.534329
37.900,25.400,971.0000,6.920431
37.900,25.400,972.0000,1.804214
37.900,25.400,973.0000,4.046403
37.900,25.400,974.0000,14.829217
37.900,25.400,975.0000,7.659249
37.900,25.400,976.0000,13.088632
37.900,25.400,977.0000,21.306826
37.900,25.400,978.0000,12.167886
37.900,25.400,979.0000,25.844628
37.900,25.400,980.0000,20.365816
37.900,25.400,981.0000,12.277151
37.900,25.400,982.0000,25.901723
37.900,25.400,983.0000,18.504192
37.900,25.400,984.0000,30.159066
37.900,25.400,985.0000,31.145684
37.900,25.400,986.0000,52.689772
37.900,25.400,987.0000,39.004964
37.900,25.400,988.0000,55.690826
37.900,25.400,989.0000,56.407491
37.900,25.400,990.0000,70.315825
37.900,25.400,991.0000,80.243879
37.900,25.400,992.0000,104.119386
37.900,25.400,993.0000,109.648824
37.900,25.400,994.0000,141.160979
37.900,25.400,995.0000,184.274015
37.900,25.400,996.0000,231.011411
37.900,25.400,997.0000,328.008507
37.900,25.400,998.0000,448.935816
37.900,25.400,999.0000,615.324955
37.900,25.400,1000.0000,819.386277
37.900,25.400,1001.0000,897.329700
37.900,25.400,1002.0000,817.175594
37.900,25.400,1003.0000,624.589978
37.900,25.400,1004.0000,455.653888
37.900,25.400,1005.0000,335.971369
37.900,25.400,1006.0000,236.256513
37.900,25.400,1007.0000,188.155720
37.900,25.400,1008.0000,147.484158
37.900,25.400,1009.0000,120.191800
37.900,25.400,1010.0000,98.578876
37.900,25.400,1011.0000,92.955832
37.900,25.400,1012.0000,65.575003
37.900,25.400,1013.0000,70.054085
37.900,25.400,1014.0000,63.991270
37.900,25.400,1015.0000,55.922781
37.900,25.400,1016.0000,49.500548
37.900,25.400,1017.0000,60.884049
37.900,25.400,1018.0000,50.341462
37.900,25.400,1019.0000,53.699535
37.900,25.400,1020.0000,62.485304
37.900,25.400,1021.0000,64.229043
37.900,25.400,1022.0000,70.943436
37.900,25.400,1023.0000,78.726850
37.900,25.400,1024.0000,90.329422
37.900,25.400,1025.0000,108.850965
37.900,25.400,1026.0000,142.110770
37.900,25.400,1027.0000,167.858198
37.900,25.400,1028.0000,228.552526
37.900,25.400,1029.0000,303.072558
37.900,25.400,1030.0000,364.012144
37.900,25.400,1031.0000,383.975760
37.900,25.400,1032.0000,360.347789
37.900,25.400,1033.0000,285.952982
37.900,25.400,1034.0000,224.096561
37.900,25.400,1035.0000,184.377507
37.900,25.400,1036.0000,130.324955
37.900,25.400,1037.0000,105.806722
37.900,25.400,1038.0000,82.763927
37.900,25.400,1039.0000,70.450158
37.900,25.400,1040.0000,63.359235
37.900,25.400,1041.0000,41.554009
37.900,25.400,1042.0000,40.676218
37.900,25.400,1043.0000,41.591744
37.900,25.400,1044.0000,31.193472
37.900,25.400,1045.0000,37.912522
37.900,25.400,1046.0000,10.699710
37.900,25.400,1047.0000,23.226492
37.900,25.400,1048.0000,28.024535
37.900,25.400,1049.0000,21.612568
37.900,25.400,1050.0000,13.024652
37.900,25.400,1051.0000,14.737723
37.900,25.400,1052.0000,13.874189
37.900,25.400,1053.0000,13.557032
37.900,25.400,1054.0000,9.462783
37.900,25.400,1055.0000,13.268672
37.900,25.400,1056.0000,2.331858
37.900,25.400,1057.0000,13.318744
37.900,25.400,1058.0000,4.410859
37.900,25.400,1059.0000,14.219961
37.900,25.400,1060.0000,9.198603
37.900,25.400,1061.0000,7.445951
37.900,25.400,1062.0000,14.908965
37.900,25.400,1063.0000,8.641114
37.900,25.400,1064.0000,-7.836957
37.900,25.400,1065.0000,11.897894
37.900,25.400,1066.0000,9.094584
37.900,25.400,1067.0000,3.145418
37.900,25.400,1068.0000,3.564857
37.900,25.400,1069.0000,-1.705936
37.900,25.400,1070.0000,-11.379686
37.900,25.400,1071.0000,11.868169
37.900,25.400,1072.0000,9.871262
37.900,25.400,1073.0000,14.657004
37.900,25.400,1074.0000,-8.818450
37.900,25.400,1075.0000,1.196037
37.900,25.400,1076.0000,9.661932
37.900,25.400,1077.0000,12.582111
37.900,25.400,1078.0000,-4.264654
37.900,25.400,1079.0000,-0.039797
37.900,25.400,1080.0000,4.083048
37.900,25.400,1081.0000,3.792837
37.900,25.400,1082.0000,15.241599
37.900,25.400,1083.0000,-0.807883
37.900,25.400,1084.0000,-1.651128
37.900,25.400,1085.0000,2.610939
37.900,25.400,1086.0000,4.599806
37.900,25.400,1087.0000,6.069267
37.900,25.400,1088.0000,7.042582
37.900,25.400,1089.0000,3.747555
37.900,25.400,1090.0000,4.253001
37.900,25.400,1091.0000,6.925822
37.900,25.400,1092.0000,2.137042
37.900,25.400,1093.0000,-0.208896
37.900,25.400,1094.0000,3.381948
37.900,25.400,1095.0000,-3.419647
37.900,25.400,1096.0000,7.303037
37.900,25.400,1097.0000,-5.146637
37.900,25.400,1098.0000,6.506418
37.900,25.400,1099.0000,1.795427
37.900,25.400,1100.0000,5.471561
37.900,25.400,1101.0000,4.355361
37.900,25.400,1102.0000,-0.983650
37.900,25.400,1103.0000,10.622042
37.900,25.400,1104.0000,4.887589
37.900,25.400,1105.0000,4.722951
37.900,25.400,1106.0000,-3.383543
37.900,25.400,1107.0000,4.127361
37.900,25.400,1108.0000,8.139991
37.900,25.400,1109.0000,10.039183
37.900,25.400,1110.0000,-0.770122
37.900,25.400,1111.0000,13.423771
37.900,25.400,1112.0000,6.088694
37.900,25.400,1113.0000,6.830915
37.900,25.400,1114.0000,5.159080
37.900,25.400,1115.0000,0.373669
37.900,25.400,1116.0000,2.238883
37.900,25.400,1117.0000,2.701124
37.900,25.400,1118.0000,9.432713
37.900,25.400,1119.0000,10.473063
37.900,25.400,1120.0000,2.647963
37.900,25.400,1121.0000,3.437047
37.900,25.400,1122.0000,22.280321
37.900,25.400,1123.0000,-1.242727
37.900,25.400,1124.0000,11.774406
37.900,25.400,1125.0000,7.023722
37.900,25.400,1126.0000,-2.656844
37.900,25.400,1127.0000,0.817876
37.900,25.400,1128.0000,8.868339
37.900,25.400,1129.0000,10.347915
37.900,25.400,1130.0000,12.365490
37.900,25.400,1131.0000,8.159360
37.900,25.400,1132.0000,4.904345
37.900,25.400,1133.0000,15.754191
37.900,25.400,1134.0000,13.045882
37.900,25.400,1135.0000,16.213734
37.900,25.400,1136.0000,8.360585
37.900,25.400,1137.0000,16.981775
37.900,25.400,1138.0000,9.904375
37.900,25.400,1139.0000,7.858365
37.900,25.400,1140.0000,11.505203
37.900,25.400,1141.0000,16.755801
37.900,25.400,1142.0000,22.487597
37.900,25.400,1143.0000,20.569811
37.900,25.400,1144.0000,24.434211
37.900,25.400,1145.0000,18.608675
37.900,25.400,1146.0000,32.534622
37.900,25.400,1147.0000,35.962008
37.900,25.400,1148.0000,45.968637
37.900,25.400,1149.0000,53.301135
37.900,25.400,1150.0000,55.445289
37.900,25.400,1151.0000,69.010296
37.900,25.400,1152.0000,91.595613
37.900,25.400,1153.0000,108.480990
37.900,25.400,1154.0000,124.818825
37.900,25.400,1155.0000,129.951364
37.900,25.400,1156.0000,115.598438
37.900,25.400,1157.0000,112.683348
37.900,25.400,1158.0000,96.808768
37.900,25.400,1159.0000,85.979800
37.900,25.400,1160.0000,58.188239
37.900,25.400,1161.0000,71.598533
37.900,25.400,1162.0000,42.854771
37.900,25.400,1163.0000,36.128466
37.900,25.400,1164.0000,30.800365
37.900,25.400,1165.0000,32.892881
37.900,25.400,1166.0000,24.057287
37.900,25.400,1167.0000,23.167559
37.900,25.400,1168.0000,20.003017
37.900,25.400,1169.0000,9.601302
37.900,25.400,1170.0000,28.113476
37.900,25.400,1171.0000,15.485214
37.900,25.400,1172.0000,37.456208
37.900,25.400,1173.0000,26.886833
37.900,25.400,1174.0000,25.313218
37.900,25.400,1175.0000,26.825008
37.900,25.400,1176.0000,31.317972
37.900,25.400,1177.0000,51.924567
37.900,25.400,1178.0000,59.332159
37.900,25.400,1179.0000,68.365729
37.900,25.400,1180.0000,84.472297
37.900,25.400,1181.0000,90.600850
37.900,25.400,1182.0000,115.585944
37.900,25.400,1183.0000,113.148748
37.900,25.400,1184.0000,106.663402
37.900,25.400,1185.0000,95.906682
37.900,25.400,1186.0000,66.006058
37.900,25.400,1187.0000,67.638912
37.900,25.400,1188.0000,52.859428
37.900,25.400,1189.0000,35.678891
37.900,25.400,1190.0000,35.942144
37.900,25.400,1191.0000,30.191221
37.900,25.400,1192.0000,27.228975
37.900,25.400,1193.0000,27.547544
37.900,25.400,1194.0000,21.861470
37.900,25.400,1195.0000,10.947476
37.900,25.400,1196.0000,6.298696
37.900,25.400,1197.0000,8.133161
37.900,25.400,1198.0000,-0.096889
37.900,25.400,1199.0000,8.296593
37.900,25.400,1200.0000,10.433817
37.900,25.400,1201.0000,21.171591
37.900,25.400,1202.0000,7.615021
37.900,25.400,1203.0000,-1.738282
37.900,25.400,1204.0000,8.466913
37.900,25.400,1205.0000,12.652907
37.900,25.400,1206.0000,4.221984
37.900,25.400,1207.0000,8.774067
37.900,25.400,1208.0000,13.155529
37.900,25.400,1209.0000,3.365118
37.900,25.400,1210.0000,9.629853
37.900,25.400,1211.0000,5.505410
37.900,25.400,1212.0000,4.913914
37.900,25.400,1213.0000,6.517436
37.900,25.400,1214.0000,2.358500
37.900,25.400,1215.0000,-0.439182
37.900,25.400,1216.0000,2.023550
37.900,25.400,1217.0000,0.648613
37.900,25.400,1218.0000,6.942981
37.900,25.400,1219.0000,-1.677240
37.900,25.400,1220.0000,6.257032
37.900,25.400,1221.0000,-0.026310
37.900,25.400,1222.0000,0.813183
37.900,25.400,1223.0000,-1.558311
37.900,25.400,1224.0000,18.874738
37.900,25.400,1225.0000,-10.106392
37.900,25.400,1226.0000,-2.287157
37.900,25.400,1227.0000,-5.971544
37.900,25.400,1228.0000,-3.039522
37.900,25.400,1229.0000,1.240891
37.900,25.400,1230.0000,4.758025
37.900,25.400,1231.0000,1.119674
37.900,25.400,1232.0000,7.350620
37.900,25.400,1233.0000,7.477888
37.900,25.400,1234.0000,6.771619
37.900,25.400,1235.0000,-6.213839
37.900,25.400,1236.0000,13.239302
37.900,25.400,1237.0000,7.095392
37.900,25.400,1238.0000,-0.206675
37.900,25.400,1239.0000,-3.789350
37.900,25.400,1240.0000,3.265919
37.900,25.400,1241.0000,11.547075
37.900,25.400,1242.0000,-5.148290
37.900,25.400,1243.0000,11.857521
37.900,25.400,1244.0000,0.869979
37.900,25.400,1245.0000,-1.649411
37.900,25.400,1246.0000,-3.383490
37.900,25.400,1247.0000,0.358563
37.900,25.400,1248.0000,0.129204
37.900,25.400,1249.0000,9.187858
37.900,25.400,1250.0000,-1.079886
37.900,25.400,1251.0000,-6.292399
37.900,25.400,1252.0000,5.670719
37.900,25.400,1253.0000,-1.414407
37.900,25.400,1254.0000,3.139800
37.900,25.400,1255.0000,2.159734
37.900,25.400,1256.0000,-6.494164
37.900,25.400,1257.0000,-0.087293
37.900,25.400,1258.0000,-0.147584
37.900,25.400,1259.0000,1.757728
37.900,25.400,1260.0000,-11.181311
37.900,25.400,1261.0000,-4.595013
37.900,25.400,1262.0000,12.939069
37.900,25.400,1263.0000,11.662590
37.900,25.400,1264.0000,5.504644
37.900,25.400,1265.0000,1.970197
37.900,25.400,1266.0000,-0.238405
37.900,25.400,1267.0000,9.880102
37.900,25.400,1268.0000,1.100589
37.900,25.400,1269.0000,-7.669138
37.900,25.400,1270.0000,14.495564
37.900,25.400,1271.0000,-4.310744
37.900,25.400,1272.0000,8.851721
37.900,25.400,1273.0000,-5.386600
37.900,25.400,1274.0000,-3.846413
37.900,25.400,1275.0000,11.965271
37.900,25.400,1276.0000,3.837612
37.900,25.400,1277.0000,-4.375046
37.900,25.400,1278.0000,-1.399128
37.900,25.400,1279.0000,-2.259123
37.900,25.400,1280.0000,17.356347
37.900,25.400,1281.0000,8.013409
37.900,25.400,1282.0000,3.626960
37.900,25.400,1283.0000,-9.455398
37.900,25.400,1284.0000,-4.749077
37.900,25.400,1285.0000,-3.963371
37.900,25.400,1286.0000,-2.336833
37.900,25.400,1287.0000,0.499559
37.900,25.400,1288.0000,2.540018
37.900,25.400,1289.0000,-0.541851
37.900,25.400,1290.0000,7.498799
37.900,25.400,1291.0000,3.138310
37.900,25.400,1292.0000,-2.914396
37.900,25.400,1293.0000,-4.811702
37.900,25.400,1294.0000,3.338350
37.900,25.400,1295.0000,-0.443302
37.900,25.400,1296.0000,6.835293
37.900,25.400,1297.0000,2.574816
37.900,25.400,1298.0000,-4.812693
37.900,25.400,1299.0000,0.427949
37.900,25.400,1300.0000,-2.870421
37.900,25.400,1301.0000,9.631564
37.900,25.400,1302.0000,9.402192
37.900,25.400,1303.0000,-4.734926
37.900,25.400,1304.0000,4.083179
37.900,25.400,1305.0000,-6.761466
37.900,25.400,1306.0000,-1.027202
37.900,25.400,1307.0000,-5.966922
37.900,25.400,1308.0000,-3.389776
37.900,25.400,1309.0000,-0.514675
37.900,25.400,1310.0000,16.664091
37.900,25.400,1311.0000,16.133090
37.900,25.400,1312.0000,4.176508
37.900,25.400,1313.0000,-7.811631
37.900,25.400,1314.0000,6.044249
37.900,25.400,1315.0000,-3.539895
37.900,25.400,1316.0000,1.511655
37.900,25.400,1317.0000,4.089054
37.900,25.400,1318.0000,4.929014
37.900,25.400,1319.0000,-7.162125
37.900,25.400,1320.0000,4.490371
37.900,25.400,1321.0000,11.868617
37.900,25.400,1322.0000,10.582064
37.900,25.400,1323.0000,-2.944461
37.900,25.400,1324.0000,-7.544749
37.900,25.400,1325.0000,-6.766063
37.900,25.400,1326.0000,6.863237
37.900,25.400,1327.0000,3.289646
37.900,25.400,1328.0000,9.226361
37.900,25.400,1329.0000,0.855831
37.900,25.400,1330.0000,7.073806
37.900,25.400,1331.0000,0.716896
37.900,25.400,1332.0000,2.015723
37.900,25.400,1333.0000,-0.479490
37.900,25.400,1334.0000,-6.748359
37.900,25.400,1335.0000,-1.078341
37.900,25.400,1336.0000,-1.885743
37.900,25.400,1337.0000,-5.179338
37.900,25.400,1338.0000,8.470017
37.900,25.400,1339.0000,-0.656316
37.900,25.400,1340.0000,5.774418
37.900,25.400,1341.0000,2.235997
37.900,25.400,1342.0000,3.261085
37.900,25.400,1343.0000,3.998748
37.900,25.400,1344.0000,4.212105
37.900,25.400,1345.0000,5.729342
37.900,25.400,1346.0000,2.783742
37.900,25.400,1347.0000,-0.377483
37.900,25.400,1348.0000,-1.302028
37.900,25.400,1349.0000,4.811451
37.900,25.400,1350.0000,11.693408
37.900,25.400,1351.0000,-4.822473
37.900,25.400,1352.0000,-3.128810
37.900,25.400,1353.0000,8.479148
37.900,25.400,1354.0000,-2.351161
37.900,25.400,1355.0000,7.895963
37.900,25.400,1356.0000,1.128578
37.900,25.400,1357.0000,-6.368334
37.900,25.400,1358.0000,-2.426287
37.900,25.400,1359.0000,4.196089
37.900,25.400,1360.0000,-4.907426
37.900,25.400,1361.0000,-7.096398
37.900,25.400,1362.0000,4.418153
37.900,25.400,1363.0000,1.291412
37.900,25.400,1364.0000,8.678245
37.900,25.400,1365.0000,10.420230
37.900,25.400,1366.0000,7.908423
37.900,25.400,1367.0000,-1.560317
37.900,25.400,1368.0000,-5.129469
37.900,25.400,1369.0000,8.586558
37.900,25.400,1370.0000,-3.290577
37.900,25.400,1371.0000,-6.770301
37.900,25.400,1372.0000,1.601998
37.900,25.400,1373.0000,3.101279
37.900,25.400,1374.0000,5.152085
37.900,25.400,1375.0000,2.312105
37.900,25.400,1376.0000,7.794983
37.900,25.400,1377.0000,8.859156
37.900,25.400,1378.0000,0.283618
37.900,25.400,1379.0000,8.231568
37.900,25.400,1380.0000,-3.193033
37.900,25.400,1381.0000,2.515126
37.900,25.400,1382.0000,1.408347
37.900,25.400,1383.0000,2.476589
37.900,25.400,1384.0000,4.729424
37.900,25.400,1385.0000,7.560407
37.900,25.400,1386.0000,-0.425695
37.900,25.400,1387.0000,-1.901696
37.900,25.400,1388.0000,2.158767
37.900,25.400,1389.0000,-5.851970
37.900,25.400,1390.0000,3.309004
37.900,25.400,1391.0000,10.131497
37.900,25.400,1392.0000,2.537382
37.900,25.400,1393.0000,9.637618
37.900,25.400,1394.0000,2.005629
37.900,25.400,1395.0000,-7.077844
37.900,25.400,1396.0000,0.843763
37.900,25.400,1397.0000,-3.807732
37.900,25.400,1398.0000,8.924541
37.900,25.400,1399.0000,-3.090257
37.900,25.400,1400.0000,0.261694
37.900,25.400,1401.0000,8.149626
37.900,25.400,1402.0000,7.179515
37.900,25.400,1403.0000,6.623670
37.900,25.400,1404.0000,4.917522
37.900,25.400,1405.0000,7.824927
37.900,25.400,1406.0000,8.267430
37.900,25.400,1407.0000,7.563443
37.900,25.400,1408.0000,3.665106
37.900,25.400,1409.0000,9.094669
37.900,25.400,1410.0000,17.374431
37.900,25.400,1411.0000,-1.549167
37.900,25.400,1412.0000,11.679835
37.900,25.400,1413.0000,1.966397
37.900,25.400,1414.0000,6.122491
37.900,25.400,1415.0000,10.760941
37.900,25.400,1416.0000,11.505564
37.900,25.400,1417.0000,11.160336
37.900,25.400,1418.0000,-3.425972
37.900,25.400,1419.0000,17.140697
37.900,25.400,1420.0000,11.592919
37.900,25.400,1421.0000,6.793111
37.900,25.400,1422.0000,21.904912
37.900,25.400,1423.0000,9.492488
37.900,25.400,1424.0000,7.581545
37.900,25.400,1425.0000,17.232216
37.900,25.400,1426.0000,10.690294
37.900,25.400,1427.0000,21.519021
37.900,25.400,1428.0000,16.160829
37.900,25.400,1429.0000,23.000069
37.900,25.400,1430.0000,33.539861
37.900,25.400,1431.0000,23.005895
37.900,25.400,1432.0000,31.066695
37.900,25.400,1433.0000,33.800698
37.900,25.400,1434.0000,27.827455
37.900,25.400,1435.0000,26.905071
37.900,25.400,1436.0000,45.632704
37.900,25.400,1437.0000,45.945647
37.900,25.400,1438.0000,50.222585
37.900,25.400,1439.0000,54.571566
37.900,25.400,1440.0000,70.836140
37.900,25.400,1441.0000,73.167842
37.900,25.400,1442.0000,78.797968
37.900,25.400,1443.0000,104.496398
37.900,25.400,1444.0000,115.280219
37.900,25.400,1445.0000,131.094310
37.900,25.400,1446.0000,145.599449
37.900,25.400,1447.0000,179.922882
37.900,25.400,1448.0000,180.163591
37.900,25.400,1449.0000,189.996327
37.900,25.400,1450.0000,188.821713
37.900,25.400,1451.0000,193.928635
37.900,25.400,1452.0000,182.908187
37.900,25.400,1453.0000,163.920423
37.900,25.400,1454.0000,148.560745
37.900,25.400,1455.0000,119.462888
37.900,25.400,1456.0000,109.944943
37.900,25.400,1457.0000,99.697195
37.900,25.400,1458.0000,87.356367
37.900,25.400,1459.0000,68.431124
37.900,25.400,1460.0000,66.208468
37.900,25.400,1461.0000,55.287189
37.900,25.400,1462.0000,51.848828
37.900,25.400,1463.0000,43.281235
37.900,25.400,1464.0000,44.103098
37.900,25.400,1465.0000,38.534807
37.900,25.400,1466.0000,40.602629
37.900,25.400,1467.0000,30.108526
37.900,25.400,1468.0000,18.886637
37.900,25.400,1469.0000,23.462569
37.900,25.400,1470.0000,26.080839
37.900,25.400,1471.0000,31.598057
37.900,25.400,1472.0000,16.459017
37.900,25.400,1473.0000,21.788181
37.900,25.400,1474.0000,6.746207
37.900,25.400,1475.0000,16.097357
37.900,25.400,1476.0000,5.586701
37.900,25.400,1477.0000,6.262486
37.900,25.400,1478.0000,6.316748
37.900,25.400,1479.0000,3.168102
37.900,25.400,1480.0000,12.695584
37.900,25.400,1481.0000,7.099903
37.900,25.400,1482.0000,0.998132
37.900,25.400,1483.0000,-10.633029
37.900,25.400,1484.0000,4.755997
37.900,25.400,1485.0000,8.060614
37.900,25.400,1486.0000,14.071942
37.900,25.400,1487.0000,3.904221
37.900,25.400,1488.0000,15.045946
37.900,25.400,1489.0000,5.146229
37.900,25.400,1490.0000,14.757683
37.900,25.400,1491.0000,12.465519
37.900,25.400,1492.0000,12.475188
37.900,25.400,1493.0000,10.929248
37.900,25.400,1494.0000,10.957695
37.900,25.400,1495.0000,5.870457
37.900,25.400,1496.0000,5.092698
37.900,25.400,1497.0000,0.508375
37.900,25.400,1498.0000,11.361645
37.900,25.400,1499.0000,6.442297
37.900,25.400,1500.0000,0.355578
37.900,25.400,1501.0000,1.164159
37.900,25.400,1502.0000,22.835099
37.900,25.400,1503.0000,3.142893
37.900,25.400,1504.0000,3.506760
37.900,25.400,1505.0000,-5.133383
37.900,25.400,1506.0000,-3.118082
37.900,25.400,1507.0000,-0.614568
37.900,25.400,1508.0000,19.218461
37.900,25.400,1509.0000,3.398341
37.900,25.400,1510.0000,21.392137
37.900,25.400,1511.0000,12.537182
37.900,25.400,1512.0000,19.312452
37.900,25.400,1513.0000,4.420044
37.900,25.400,1514.0000,7.131747
37.900,25.400,1515.0000,-3.418084
37.900,25.400,1516.0000,5.333703
37.900,25.400,1517.0000,7.039701
37.900,25.400,1518.0000,0.614335
37.900,25.400,1519.0000,6.994443
37.900,25.400,1520.0000,8.668961
37.900,25.400,1521.0000,4.939935
37.900,25.400,1522.0000,12.901595
37.900,25.400,1523.0000,9.231134
37.900,25.400,1524.0000,-6.795235
37.900,25.400,1525.0000,-0.677280
37.900,25.400,1526.0000,4.004788
37.900,25.400,1527.0000,12.490226
37.900,25.400,1528.0000,-2.842514
37.900,25.400,1529.0000,5.718789
37.900,25.400,1530.0000,13.601071
37.900,25.400,1531.0000,1.233060
37.900,25.400,1532.0000,8.641476
37.900,25.400,1533.0000,8.990446
37.900,25.400,1534.0000,8.312225
37.900,25.400,1535.0000,9.990186
37.900,25.400,1536.0000,16.924572
37.900,25.400,1537.0000,8.963665
37.900,25.400,1538.0000,11.963031
37.900,25.400,1539.0000,9.706866
37.900,25.400,1540.0000,-1.542143
37.900,25.400,1541.0000,16.333674
37.900,25.400,1542.0000,3.053684
37.900,25.400,1543.0000,5.070608
37.900,25.400,1544.0000,3.822626
37.900,25.400,1545.0000,20.820820
37.900,25.400,1546.0000,6.419448
37.900,25.400,1547.0000,6.275332
37.900,25.400,1548.0000,18.981064
37.900,25.400,1549.0000,11.654405
37.900,25.400,1550.0000,12.423030
37.900,25.400,1551.0000,-1.545006
37.900,25.400,1552.0000,-0.929720
37.900,25.400,1553.0000,16.568814
37.900,25.400,1554.0000,-0.594432
37.900,25.400,1555.0000,12.097749
37.900,25.400,1556.0000,4.949179
37.900,25.400,1557.0000,22.244424
37.900,25.400,1558.0000,6.206039
37.900,25.400,1559.0000,9.821600
37.900,25.400,1560.0000,6.134715
37.900,25.400,1561.0000,13.727153
37.900,25.400,1562.0000,11.185946
37.900,25.400,1563.0000,14.785203
37.900,25.400,1564.0000,16.651182
37.900,25.400,1565.0000,12.521110
37.900,25.400,1566.0000,16.857112
37.900,25.400,1567.0000,18.083381
37.900,25.400,1568.0000,13.993842
37.900,25.400,1569.0000,22.855136
37.900,25.400,1570.0000,28.278531
37.900,25.400,1571.0000,38.019031
37.900,25.400,1572.0000,36.367668
37.900,25.400,1573.0000,45.660705
37.900,25.400,1574.0000,45.519340
37.900,25.400,1575.0000,51.720416
37.900,25.400,1576.0000,68.588467
37.900,25.400,1577.0000,87.141301
37.900,25.400,1578.0000,106.177202
37.900,25.400,1579.0000,126.845672
37.900,25.400,1580.0000,148.837862
37.900,25.400,1581.0000,172.621996
37.900,25.400,1582.0000,197.618585
37.900,25.400,1583.0000,202.668533
37.900,25.400,1584.0000,194.545336
37.900,25.400,1585.0000,174.834930
37.900,25.400,1586.0000,170.893124
37.900,25.400,1587.0000,146.227220
37.900,25.400,1588.0000,127.919005
37.900,25.400,1589.0000,124.459051
37.900,25.400,1590.0000,118.439531
37.900,25.400,1591.0000,114.586824
37.900,25.400,1592.0000,123.928108
37.900,25.400,1593.0000,136.872340
37.900,25.400,1594.0000,142.467598
37.900,25.400,1595.0000,165.862042
37.900,25.400,1596.0000,197.426031
37.900,25.400,1597.0000,232.317085
37.900,25.400,1598.0000,291.300722
37.900,25.400,1599.0000,373.092892
37.900,25.400,1600.0000,455.158378
37.900,25.400,1601.0000,533.137064
37.900,25.400,1602.0000,563.439246
37.900,25.400,1603.0000,520.085078
37.900,25.400,1604.0000,457.954243
37.900,25.400,1605.0000,365.904142
37.900,25.400,1606.0000,287.740109
37.900,25.400,1607.0000,220.730084
37.900,25.400,1608.0000,189.546247
37.900,25.400,1609.0000,140.625275
37.900,25.400,1610.0000,123.595652
37.900,25.400,1611.0000,102.943664
37.900,25.400,1612.0000,70.216351
37.900,25.400,1613.0000,64.225158
37.900,25.400,1614.0000,57.038532
37.900,25.400,1615.0000,51.667855
37.900,25.400,1616.0000,44.603702
37.900,25.400,1617.0000,40.994724
37.900,25.400,1618.0000,31.270504
37.900,25.400,1619.0000,28.086759
37.900,25.400,1620.0000,27.704442
37.900,25.400,1621.0000,28.516053
37.900,25.400,1622.0000,19.554829
37.900,25.400,1623.0000,21.712116
37.900,25.400,1624.0000,24.592338
37.900,25.400,1625.0000,25.356612
37.900,25.400,1626.0000,12.852044
37.900,25.400,1627.0000,17.881192
37.900,25.400,1628.0000,26.510311
37.900,25.400,1629.0000,14.454700
37.900,25.400,1630.0000,11.738852
37.900,25.400,1631.0000,16.963041
37.900,25.400,1632.0000,0.726341
37.900,25.400,1633.0000,4.608501
37.900,25.400,1634.0000,9.201040
37.900,25.400,1635.0000,9.587640
37.900,25.400,1636.0000,9.756819
37.900,25.400,1637.0000,11.972513
37.900,25.400,1638.0000,11.643303
37.900,25.400,1639.0000,11.217708
37.900,25.400,1640.0000,5.446968
37.900,25.400,1641.0000,8.644340
37.900,25.400,1642.0000,8.547126
37.900,25.400,1643.0000,0.629524
37.900,25.400,1644.0000,4.224290
37.900,25.400,1645.0000,0.391879
37.900,25.400,1646.0000,11.306535
37.900,25.400,1647.0000,2.835289
37.900,25.400,1648.0000,-6.788093
37.900,25.400,1649.0000,0.107428
37.900,25.400,1650.0000,-2.979811
37.900,25.400,1651.0000,5.092008
37.900,25.400,1652.0000,8.979286
37.900,25.400,1653.0000,-0.233932
37.900,25.400,1654.0000,10.405643
37.900,25.400,1655.0000,-1.294710
37.900,25.400,1656.0000,10.691132
37.900,25.400,1657.0000,3.671980
37.900,25.400,1658.0000,7.123086
37.900,25.400,1659.0000,-5.672663
37.900,25.400,1660.0000,-0.565398
37.900,25.400,1661.0000,0.032655
37.900,25.400,1662.0000,8.059545
37.900,25.400,1663.0000,1.822417
37.900,25.400,1664.0000,-6.767654
37.900,25.400,1665.0000,14.977729
37.900,25.400,1666.0000,-0.220591
37.900,25.400,1667.0000,4.113247
37.900,25.400,1668.0000,5.297650
37.900,25.400,1669.0000,5.294677
37.900,25.400,1670.0000,6.633933
37.900,25.400,1671.0000,18.941020
37.900,25.400,1672.0000,-3.355654
37.900,25.400,1673.0000,-1.531114
37.900,25.400,1674.0000,3.298262
37.900,25.400,1675.0000,-6.641176
37.900,25.400,1676.0000,8.362738
37.900,25.400,1677.0000,1.089581
37.900,25.400,1678.0000,-7.026575
37.900,25.400,1679.0000,-7.355471
37.900,25.400,1680.0000,-7.202736
37.900,25.400,1681.0000,-6.468802
37.900,25.400,1682.0000,4.547738
37.900,25.400,1683.0000,0.288912
37.900,25.400,1684.0000,1.928830
37.900,25.400,1685.0000,12.588929
37.900,25.400,1686.0000,-2.703590
37.900,25.400,1687.0000,9.435803
37.900,25.400,1688.0000,3.202914
37.900,25.400,1689.0000,-1.589704
37.900,25.400,1690.0000,0.147908
37.900,25.400,1691.0000,-2.906690
37.900,25.400,1692.0000,12.117180
37.900,25.400,1693.0000,9.261440
37.900,25.400,1694.0000,6.085946
37.900,25.400,1695.0000,0.643675
37.900,25.400,1696.0000,-1.314768
37.900,25.400,1697.0000,0.162894
37.900,25.400,1698.0000,-0.330458
37.900,25.400,1699.0000,-1.310028
37.900,25.400,1700.0000,1.293498
37.900,25.400,1701.0000,-4.385469
37.900,25.400,1702.0000,4.086420
37.900,25.400,1703.0000,2.787203
37.900,25.400,1704.0000,3.900155
37.900,25.400,1705.0000,1.059926
37.900,25.400,1706.0000,3.755328
37.900,25.400,1707.0000,5.537707
37.900,25.400,1708.0000,-0.589182
37.900,25.400,1709.0000,1.033918
37.900,25.400,1710.0000,-12.409666
37.900,25.400,1711.0000,-3.850739
37.900,25.400,1712.0000,3.619909
37.900,25.400,1713.0000,1.904498
37.900,25.400,1714.0000,2.771366
37.900,25.400,1715.0000,-8.664715
37.900,25.400,1716.0000,-0.923614
37.900,25.400,1717.0000,-6.906916
37.900,25.400,1718.0000,4.038115
37.900,25.400,1719.0000,3.814425
37.900,25.400,1720.0000,8.581756
37.900,25.400,1721.0000,-1.228920
37.900,25.400,1722.0000,-4.762134
37.900,25.400,1723.0000,-7.631134
37.900,25.400,1724.0000,5.043722
37.900,25.400,1725.0000,-4.564450
37.900,25.400,1726.0000,0.381457
37.900,25.400,1727.0000,-3.682521
37.900,25.400,1728.0000,5.345359
37.900,25.400,1729.0000,-1.166338
37.900,25.400,1730.0000,-8.406703
37.900,25.400,1731.0000,6.254936
37.900,25.400,1732.0000,-2.708123
37.900,25.400,1733.0000,7.416952
37.900,25.400,1734.0000,-1.076419
37.900,25.400,1735.0000,2.769604
37.900,25.400,1736.0000,0.981629
37.900,25.400,1737.0000,4.039214
37.900,25.400,1738.0000,1.538402
37.900,25.400,1739.0000,-1.865084
37.900,25.400,1740.0000,-3.514568
37.900,25.400,1741.0000,7.408136
37.900,25.400,1742.0000,4.489774
37.900,25.400,1743.0000,3.353634
37.900,25.400,1744.0000,3.344624
37.900,25.400,1745.0000,3.697097
37.900,25.400,1746.0000,-3.178889
37.900,25.400,1747.0000,7.929433
37.900,25.400,1748.0000,11.446643
37.900,25.400,1749.0000,4.518942
37.900,25.400,1750.0000,-3.906041
37.900,25.400,1751.0000,-5.164691
37.900,25.400,1752.0000,0.960752
37.900,25.400,1753.0000,2.170877
37.900,25.400,1754.0000,5.695224
37.900,25.400,1755.0000,7.394573
37.900,25.400,1756.0000,-8.351039
37.900,25.400,1757.0000,1.952717
37.900,25.400,1758.0000,16.888194
37.900,25.400,1759.0000,-6.444289
37.900,25.400,1760.0000,-5.930699
37.900,25.400,1761.0000,-10.433816
37.900,25.400,1762.0000,2.542722
37.900,25.400,1763.0000,1.131724
37.900,25.400,1764.0000,-2.618138
37.900,25.400,1765.0000,-0.427686
37.900,25.400,1766.0000,3.164407
37.900,25.400,1767.0000,2.348167
37.900,25.400,1768.0000,3.471854
37.900,25.400,1769.0000,12.392086
37.900,25.400,1770.0000,-2.378883
37.900,25.400,1771.0000,0.079166
37.900,25.400,1772.0000,0.431888
37.900,25.400,1773.0000,-6.020708
37.900,25.400,1774.0000,-3.149581
37.900,25.400,1775.0000,8.967782
37.900,25.400,1776.0000,-4.249902
37.900,25.400,1777.0000,1.701063
37.900,25.400,1778.0000,3.283231
37.900,25.400,1779.0000,2.984035
37.900,25.400,1780.0000,-9.711503
37.900,25.400,1781.0000,3.390340
37.900,25.400,1782.0000,5.848305
37.900,25.400,1783.0000,2.897754
37.900,25.400,1784.0000,-4.309609
37.900,25.400,1785.0000,1.597701
37.900,25.400,1786.0000,-6.857154
37.900,25.400,1787.0000,3.975257
37.900,25.400,1788.0000,-0.676462
37.900,25.400,1789.0000,7.928090
37.900,25.400,1790.0000,8.660944
37.900,25.400,1791.0000,-0.907816
37.900,25.400,1792.0000,6.059308
37.900,25.400,1793.0000,8.073732
37.900,25.400,1794.0000,4.298569
37.900,25.400,1795.0000,-9.536455
37.900,25.400,1796.0000,8.625783
37.900,25.400,1797.0000,6.092991
37.900,25.400,1798.0000,5.860154
37.900,25.400,1799.0000,3.911342
37.900,25.400,1800.0000,-4.963949
37.900,25.400,1801.0000,-3.725999
37.900,25.400,1802.0000,0.299553
37.900,25.400,1803.0000,2.341142
37.900,25.400,1804.0000,9.156142
37.900,25.400,1805.0000,-4.213941
37.900,25.400,1806.0000,5.370081
37.900,25.400,1807.0000,6.618392
37.900,25.400,1808.0000,8.457021
37.900,25.400,1809.0000,5.697492
37.900,25.400,1810.0000,1.876876
37.900,25.400,1811.0000,5.907682
37.900,25.400,1812.0000,-4.292692
37.900,25.400,1813.0000,-2.271359
37.900,25.400,1814.0000,1.605606
37.900,25.400,1815.0000,9.241136
37.900,25.400,1816.0000,-9.506745
37.900,25.400,1817.0000,2.683431
37.900,25.400,1818.0000,1.971354
37.900,25.400,1819.0000,9.689779
37.900,25.400,1820.0000,-1.509512
37.900,25.400,1821.0000,3.764570
37.900,25.400,1822.0000,14.754914
37.900,25.400,1823.0000,0.813776
37.900,25.400,1824.0000,4.353048
37.900,25.400,1825.0000,-7.028897
37.900,25.400,1826.0000,0.095604
37.900,25.400,1827.0000,-0.906683
37.900,25.400,1828.0000,-4.650952
37.900,25.400,1829.0000,1.335629
37.900,25.400,1830.0000,4.158336
37.900,25.400,1831.0000,3.336917
37.900,25.400,1832.0000,4.143386
37.900,25.400,1833.0000,0.751037
37.900,25.400,1834.0000,6.472657
37.900,25.400,1835.0000,-4.516770
37.900,25.400,1836.0000,6.763549
37.900,25.400,1837.0000,-0.813302
37.900,25.400,1838.0000,9.876028
37.900,25.400,1839.0000,7.524656
37.900,25.400,1840.0000,-1.073961
37.900,25.400,1841.0000,9.549629
37.900,25.400,1842.0000,1.805609
37.900,25.400,1843.0000,2.444497
37.900,25.400,1844.0000,2.018493
37.900,25.400,1845.0000,-8.626368
37.900,25.400,1846.0000,-3.929349
37.900,25.400,1847.0000,-2.326417
37.900,25.400,1848.0000,1.432398
37.900,25.400,1849.0000,-5.271121
37.900,25.400,1850.0000,0.070712
37.900,25.400,1851.0000,2.518474
37.900,25.400,1852.0000,3.580131
37.900,25.400,1853.0000,-9.167419
37.900,25.400,1854.0000,6.030044
37.900,25.400,1855.0000,5.199797
37.900,25.400,1856.0000,-2.226093
37.900,25.400,1857.0000,6.760872
37.900,25.400,1858.0000,11.608205
37.900,25.400,1859.0000,1.009021
37.900,25.400,1860.0000,-4.678136
37.900,25.400,1861.0000,1.492263
37.900,25.400,1862.0000,3.979538
37.900,25.400,1863.0000,3.426516
37.900,25.400,1864.0000,-4.528429
37.900,25.400,1865.0000,2.445628
37.900,25.400,1866.0000,-0.256702
37.900,25.400,1867.0000,11.684521
37.900,25.400,1868.0000,-4.245941
37.900,25.400,1869.0000,9.210343
37.900,25.400,1870.0000,3.947942
37.900,25.400,1871.0000,-2.818773
37.900,25.400,1872.0000,6.901834
37.900,25.400,1873.0000,2.599237
37.900,25.400,1874.0000,6.415619
37.900,25.400,1875.0000,-4.464050
37.900,25.400,1876.0000,2.843674
37.900,25.400,1877.0000,-1.118619
37.900,25.400,1878.0000,3.328444
37.900,25.400,1879.0000,5.757908
37.900,25.400,1880.0000,-1.622938
37.900,25.400,1881.0000,-1.911957
37.900,25.400,1882.0000,2.594705
37.900,25.400,1883.0000,-0.445279
37.900,25.400,1884.0000,8.104522
37.900,25.400,1885.0000,12.691803
37.900,25.400,1886.0000,8.610957
37.900,25.400,1887.0000,5.122105
37.900,25.400,1888.0000,-4.637763
37.900,25.400,1889.0000,-2.410999
37.900,25.400,1890.0000,3.051527
37.900,25.400,1891.0000,8.611404
37.900,25.400,1892.0000,-3.482540
37.900,25.400,1893.0000,8.938688
37.900,25.400,1894.0000,3.011690
37.900,25.400,1895.0000,-0.141290
37.900,25.400,1896.0000,3.841056
37.900,25.400,1897.0000,-1.068139
37.900,25.400,1898.0000,-6.193461
37.900,25.400,1899.0000,8.594078
37.900,25.400,1900.0000,6.209056
37.900,25.400,1901.0000,-5.254181
37.900,25.400,1902.0000,1.883697
37.900,25.400,1903.0000,-1.477311
37.900,25.400,1904.0000,11.189357
37.900,25.400,1905.0000,11.776498
37.900,25.400,1906.0000,-3.866196
37.900,25.400,1907.0000,7.714120
37.900,25.400,1908.0000,-3.569474
37.900,25.400,1909.0000,9.922827
37.900,25.400,1910.0000,1.378559
37.900,25.400,1911.0000,-1.333263
37.900,25.400,1912.0000,3.120355
37.900,25.400,1913.0000,4.966397
37.900,25.400,1914.0000,1.567687
37.900,25.400,1915.0000,7.461657
37.900,25.400,1916.0000,-5.126428
37.900,25.400,1917.0000,4.771615
37.900,25.400,1918.0000,1.980551
37.900,25.400,1919.0000,-7.569555
37.900,25.400,1920.0000,-10.155369
37.900,25.400,1921.0000,-1.188744
37.900,25.400,1922.0000,3.048227
37.900,25.400,1923.0000,5.139554
37.900,25.400,1924.0000,-6.203142
37.900,25.400,1925.0000,5.619321
37.900,25.400,1926.0000,5.621983
37.900,25.400,1927.0000,4.935849
37.900,25.400,1928.0000,-7.339531
37.900,25.400,1929.0000,0.709883
37.900,25.400,1930.0000,5.829513
37.900,25.400,1931.0000,-6.922029
37.900,25.400,1932.0000,-3.852425
37.900,25.400,1933.0000,-5.992902
37.900,25.400,1934.0000,-3.785522
37.900,25.400,1935.0000,1.515106
37.900,25.400,1936.0000,3.349009
37.900,25.400,1937.0000,-6.752832
37.900,25.400,1938.0000,-0.605576
37.900,25.400,1939.0000,-1.928276
37.900,25.400,1940.0000,-0.738528
37.900,25.400,1941.0000,0.494188
37.900,25.400,1942.0000,-0.947027
37.900,25.400,1943.0000,2.747018
37.900,25.400,1944.0000,-1.437369
37.900,25.400,1945.0000,-1.718399
37.900,25.400,1946.0000,12.150314
37.900,25.400,1947.0000,-7.923451
37.900,25.400,1948.0000,1.707958
37.900,25.400,1949.0000,-3.129786
37.900,25.400,1950.0000,-5.847968
37.900,25.400,1951.0000,9.749596
37.900,25.400,1952.0000,5.139701
37.900,25.400,1953.0000,-10.035664
37.900,25.400,1954.0000,6.392786
37.900,25.400,1955.0000,-9.447486
37.900,25.400,1956.0000,-2.230290
37.900,25.400,1957.0000,8.660140
37.900,25.400,1958.0000,1.016541
37.900,25.400,1959.0000,-1.759304
37.900,25.400,1960.0000,-6.758418
37.900,25.400,1961.0000,-4.289024
37.900,25.400,1962.0000,-8.629665
37.900,25.400,1963.0000,7.708879
37.900,25.400,1964.0000,9.236082
37.900,25.400,1965.0000,0.021246
37.900,25.400,1966.0000,8.292074
37.900,25.400,1967.0000,-1.014288
37.900,25.400,1968.0000,1.584449
37.900,25.400,1969.0000,-7.075608
37.900,25.400,1970.0000,-1.096583
37.900,25.400,1971.0000,7.002089
37.900,25.400,1972.0000,-0.862172
37.900,25.400,1973.0000,-14.856594
37.900,25.400,1974.0000,-2.053128
37.900,25.400,1975.0000,-1.089423
37.900,25.400,1976.0000,-1.329970
37.900,25.400,1977.0000,11.681311
37.900,25.400,1978.0000,3.751658
37.900,25.400,1979.0000,4.371585
37.900,25.400,1980.0000,3.938269
37.900,25.400,1981.0000,-4.100964
37.900,25.400,1982.0000,-3.501381
37.900,25.400,1983.0000,3.841397
37.900,25.400,1984.0000,-1.436759
37.900,25.400,1985.0000,7.710977
37.900,25.400,1986.0000,1.522981
37.900,25.400,1987.0000,-1.939826
37.900,25.400,1988.0000,-0.805346
37.900,25.400,1989.0000,-0.439951
37.900,25.400,1990.0000,2.408332
37.900,25.400,1991.0000,8.124175
37.900,25.400,1992.0000,-1.148406
37.900,25.400,1993.0000,7.110358
37.900,25.400,1994.0000,3.273547
37.900,25.400,1995.0000,-15.069592
37.900,25.400,1996.0000,7.457803
37.900,25.400,1997.0000,11.556000
37.900,25.400,1998.0000,-3.350112
37.900,25.400,1999.0000,0.645599
37.900,25.400,2000.0000,5.276600
38.000,25.200,200.0000,3.893182
38.000,25.200,201.0000,-2.248877
38.000,25.200,202.0000,-3.859463
38.000,25.200,203.0000,7.868669
38.000,25.200,204.0000,3.778873
38.000,25.200,205.0000,-2.665393
38.000,25.200,206.0000,4.075465
38.000,25.200,207.0000,-5.526320
38.000,25.200,208.0000,-2.187335
38.000,25.200,209.0000,-2.079573
38.000,25.200,210.0000,0.690960
38.000,25.200,211.0000,1.858751
38.000,25.200,212.0000,-1.181389
38.000,25.200,213.0000,4.252801
38.000,25.200,214.0000,-6.130618
38.000,25.200,215.0000,-11.362758
38.000,25.200,216.0000,-1.976946
38.000,25.200,217.0000,-2.424316
38.000,25.200,218.0000,4.332478
38.000,25.200,219.0000,1.785931
38.000,25.200,220.0000,-4.378722
38.000,25.200,221.0000,-2.182264
38.000,25.200,222.0000,-10.225576
38.000,25.200,223.0000,-12.473258
38.000,25.200,224.0000,-6.581535
38.000,25.200,225.0000,-2.380914
38.000,25.200,226.0000,-8.157994
38.000,25.200,227.0000,4.827041
38.000,25.200,228.0000,-1.939688
38.000,25.200,229.0000,-1.588636
38.000,25.200,230.0000,-2.245542
38.000,25.200,231.0000,4.361705
38.000,25.200,232.0000,-1.683862
38.000,25.200,233.0000,-2.242326
38.000,25.200,234.0000,2.329884
38.000,25.200,235.0000,10.277962
38.000,25.200,236.0000,-3.113158
38.000,25.200,237.0000,14.449013
38.000,25.200,238.0000,8.604245
38.000,25.200,239.0000,-5.246660
38.000,25.200,240.0000,-1.768470
38.000,25.200,241.0000,4.695904
38.000,25.200,242.0000,0.873937
38.000,25.200,243.0000,0.725071
38.000,25.200,244.0000,8.281436
38.000,25.200,245.0000,5.144107
38.000,25.200,246.0000,-4.217521
38.000,25.200,247.0000,0.199137
38.000,25.200,248.0000,6.377579
38.000,25.200,249.0000,10.747672
38.000,25.200,250.0000,-5.141105
38.000,25.200,251.0000,4.259879
38.000,25.200,252.0000,1.538910
38.000,25.200,253.0000,-4.765645
38.000,25.200,254.0000,-1.829288
38.000,25.200,255.0000,2.868820
38.000,25.200,256.0000,-9.277763
38.000,25.200,257.0000,5.897936
38.000,25.200,258.0000,1.980067
38.000,25.200,259.0000,1.172610
38.000,25.200,260.0000,9.092239
38.000,25.200,261.0000,-4.337094
38.000,25.200,262.0000,-1.258128
38.000,25.200,263.0000,-12.681200
38.000,25.200,264.0000,4.751573
38.000,25.200,265.0000,2.054148
38.000,25.200,266.0000,-8.051806
38.000,25.200,267.0000,5.951375
38.000,25.200,268.0000,-3.241866
38.000,25.200,269.0000,8.312622
38.000,25.200,270.0000,4.001150
38.000,25.200,271.0000,-2.541412
38.000,25.200,272.0000,3.593726
38.000,25.200,273.0000,4.647636
38.000,25.200,274.0000,-1.535003
38.000,25.200,275.0000,3.008542
38.000,25.200,276.0000,-0.145615
38.000,25.200,277.0000,-0.618602
38.000,25.200,278.0000,1.595503
38.000,25.200,279.0000,6.952576
38.000,25.200,280.0000,-5.321223
38.000,25.200,281.0000,8.168728
38.000,25.200,282.0000,-3.155247
38.000,25.200,283.0000,-4.372016
38.000,25.200,284.0000,-0.319627
38.000,25.200,285.0000,9.229835
38.000,25.200,286.0000,-3.701819
38.000,25.200,287.0000,-0.909467
38.000,25.200,288.0000,-6.785334
38.000,25.200,289.0000,1.896737
38.000,25.200,290.0000,7.536164
38.000,25.200,291.0000,-5.727612
38.000,25.200,292.0000,11.013252
38.000,25.200,293.0000,2.572852
38.000,25.200,294.0000,-4.915153
38.000,25.200,295.0000,9.186666
38.000,25.200,296.0000,3.360355
38.000,25.200,297.0000,-1.848716
38.000,25.200,298.0000,3.654224
38.000,25.200,299.0000,8.432457
38.000,25.200,300.0000,1.425633
38.000,25.200,301.0000,4.607498
38.000,25.200,302.0000,3.425183
38.000,25.200,303.0000,-1.351592
38.000,25.200,304.0000,-8.837577
38.000,25.200,305.0000,1.616515
38.000,25.200,306.0000,0.108617
38.000,25.200,307.0000,1.037162
38.000,25.200,308.0000,-1.452991
38.000,25.200,309.0000,9.303639
38.000,25.200,310.0000,-0.515250
38.000,25.200,311.0000,7.436276
38.000,25.200,312.0000,2.106600
38.000,25.200,313.0000,6.600179
38.000,25.200,314.0000,-2.333482
38.000,25.200,315.0000,0.829401
38.000,25.200,316.0000,2.113264
38.000,25.200,317.0000,-3.882898
38.000,25.200,318.0000,-4.223382
38.000,25.200,319.0000,-0.248419
38.000,25.200,320.0000,-6.513545
38.000,25.200,321.0000,-7.041903
38.000,25.200,322.0000,3.401545
38.000,25.200,323.0000,-7.339989
38.000,25.200,324.0000,2.496664
38.000,25.200,325.0000,1.041132
38.000,25.200,326.0000,-2.501809
38.000,25.200,327.0000,-10.976993
38.000,25.200,328.0000,-4.063438
38.000,25.200,329.0000,-6.963085
38.000,25.200,330.0000,-0.152574
38.000,25.200,331.0000,-5.992346
38.000,25.200,332.0000,10.065189
38.000,25.200,333.0000,7.694302
38.000,25.200,334.0000,-2.748227
38.000,25.200,335.0000,-1.464209
38.000,25.200,336.0000,-5.094139
38.000,25.200,337.0000,10.330526
38.000,25.200,338.0000,-10.485720
38.000,25.200,339.0000,-0.558879
38.000,25.200,340.0000,4.931957
38.000,25.200,341.0000,-2.335561
38.000,25.200,342.0000,-0.581114
38.000,25.200,343.0000,2.227209
38.000,25.200,344.0000,-2.283691
38.000,25.200,345.0000,-9.296328
38.000,25.200,346.0000,0.811239
38.000,25.200,347.0000,1.699501
38.000,25.200,348.0000,3.342833
38.000,25.200,349.0000,7.714173
38.000,25.200,350.0000,-3.727448
38.000,25.200,351.0000,-2.842084
38.000,25.200,352.0000,-1.651237
38.000,25.200,353.0000,10.334771
38.000,25.200,354.0000,0.941583
38.000,25.200,355.0000,3.654615
38.000,25.200,356.0000,-0.133058
38.000,25.200,357.0000,5.515595
38.000,25.200,358.0000,-1.842995
38.000,25.200,359.0000,2.392658
38.000,25.200,360.0000,10.089148
38.000,25.200,361.0000,4.555928
38.000,25.200,362.0000,4.227290
38.000,25.200,363.0000,-4.220283
38.000,25.200,364.0000,8.350857
38.000,25.200,365.0000,-1.640262
38.000,25.200,366.0000,-5.085585
38.000,25.200,367.0000,1.950230
38.000,25.200,368.0000,-1.434786
38.000,25.200,369.0000,-2.408428
38.000,25.200,370.0000,-9.201986
38.000,25.200,371.0000,-10.554633
38.000,25.200,372.0000,7.216966
38.000,25.200,373.0000,11.802785
38.000,25.200,374.0000,-3.146755
38.000,25.200,375.0000,-4.582634
38.000,25.200,376.0000,4.416543
38.000,25.200,377.0000,-3.949532
38.000,25.200,378.0000,6.584772
38.000,25.200,379.0000,-1.265572
38.000,25.200,380.0000,-5.764629
38.000,25.200,381.0000,6.870135
38.000,25.200,382.0000,1.913783
38.000,25.200,383.0000,-10.083864
38.000,25.200,384.0000,-1.259613
38.000,25.200,385.0000,-5.300486
38.000,25.200,386.0000,-2.552799
38.000,25.200,387.0000,6.505988
38.000,25.200,388.0000,2.745047
38.000,25.200,389.0000,0.684338
38.000,25.200,390.0000,3.437532
38.000,25.200,391.0000,8.605025
38.000,25.200,392.0000,2.597060
38.000,25.200,393.0000,-5.756293
38.000,25.200,394.0000,-3.128110
38.000,25.200,395.0000,-5.617259
38.000,25.200,396.0000,3.272158
38.000,25.200,397.0000,-0.271589
38.000,25.200,398.0000,-3.496548
38.000,25.200,399.0000,2.883774
38.000,25.200,400.0000,3.116904
38.000,25.200,401.0000,-3.416183
38.000,25.200,402.0000,-6.018825
38.000,25.200,403.0000,-5.638135
38.000,25.200,404.0000,3.274261
38.000,25.200,405.0000,7.149606
38.000,25.200,406.0000,5.987934
38.000,25.200,407.0000,0.118258
38.000,25.200,408.0000,1.969139
38.000,25.200,409.0000,-3.997013
38.000,25.200,410.0000,2.871618
38.000,25.200,411.0000,-7.407816
38.000,25.200,412.0000,-9.876306
38.000,25.200,413.0000,-1.804998
38.000,25.200,414.0000,-0.679373
38.000,25.200,415.0000,0.762323
38.000,25.200,416.0000,10.346583
38.000,25.200,417.0000,3.470633
38.000,25.200,418.0000,-10.110405
38.000,25.200,419.0000,2.825223
38.000,25.200,420.0000,-5.899790
38.000,25.200,421.0000,10.105274
38.000,25.200,422.0000,-4.981609
38.000,25.200,423.0000,1.530429
38.000,25.200,424.0000,-5.544456
38.000,25.200,425.0000,0.264957
38.000,25.200,426.0000,1.556801
38.000,25.200,427.0000,-6.676581
38.000,25.200,428.0000,-2.148118
38.000,25.200,429.0000,-9.377940
38.000,25.200,430.0000,4.205598
38.000,25.200,431.0000,11.140069
38.000,25.200,432.0000,-4.607179
38.000,25.200,433.0000,-0.739235
38.000,25.200,434.0000,1.705062
38.000,25.200,435.0000,8.705817
38.000,25.200,436.0000,3.212505
38.000,25.200,437.0000,-1.892659
38.000,25.200,438.0000,-2.732295
38.000,25.200,439.0000,13.798664
38.000,25.200,440.0000,8.223331
38.000,25.200,441.0000,-0.096908
38.000,25.200,442.0000,2.637322
38.000,25.200,443.0000,1.261322
38.000,25.200,444.0000,1.796674
38.000,25.200,445.0000,4.277602
38.000,25.200,446.0000,-6.040186
38.000,25.200,447.0000,-11.514944
38.000,25.200,448.0000,-7.183763
38.000,25.200,449.0000,-2.398861
38.000,25.200,450.0000,3.801757
38.000,25.200,451.0000,-3.370759
38.000,25.200,452.0000,-2.631185
38.000,25.200,453.0000,-5.744551
38.000,25.200,454.0000,5.920814
38.000,25.200,455.0000,-14.640243
38.000,25.200,456.0000,-9.020727
38.000,25.200,457.0000,3.335907
38.000,25.200,458.0000,10.718526
38.000,25.200,459.0000,6.078922
38.000,25.200,460.0000,12.000736
38.000,25.200,461.0000,6.135507
38.000,25.200,462.0000,1.834929
38.000,25.200,463.0000,5.859769
38.000,25.200,464.0000,-2.416730
38.000,25.200,465.0000,6.360965
38.000,25.200,466.0000,1.836647
38.000,25.200,467.0000,4.497527
38.000,25.200,468.0000,-5.082999
38.000,25.200,469.0000,-7.859801
38.000,25.200,470.0000,5.090877
38.000,25.200,471.0000,4.112286
38.000,25.200,472.0000,-3.672352
38.000,25.200,473.0000,2.654152
38.000,25.200,474.0000,-3.524564
38.000,25.200,475.0000,-1.765467
38.000,25.200,476.0000,-2.738678
38.000,25.200,477.0000,5.307622
38.000,25.200,478.0000,-6.409154
38.000,25.200,479.0000,10.666710
38.000,25.200,480.0000,6.656686
38.000,25.200,481.0000,-6.292851
38.000,25.200,482.0000,6.063760
38.000,25.200,483.0000,12.170236
38.000,25.200,484.0000,5.775315
38.000,25.200,485.0000,0.507642
38.000,25.200,486.0000,-6.860383
38.000,25.200,487.0000,-3.746522
38.000,25.200,488.0000,0.000168
38.000,25.200,489.0000,0.189481
38.000,25.200,490.0000,-0.318387
38.000,25.200,491.0000,12.163357
38.000,25.200,492.0000,2.571344
38.000,25.200,493.0000,6.298513
38.000,25.200,494.0000,3.968182
38.000,25.200,495.0000,-3.064207
38.000,25.200,496.0000,12.126822
38.000,25.200,497.0000,2.294800
38.000,25.200,498.0000,12.403812
38.000,25.200,499.0000,2.703499
38.000,25.200,500.0000,1.099280
38.000,25.200,501.0000,7.449545
38.000,25.200,502.0000,2.512432
38.000,25.200,503.0000,1.032231
38.000,25.200,504.0000,13.980877
38.000,25.200,505.0000,8.193881
38.000,25.200,506.0000,-0.466580
38.000,25.200,507.0000,9.241843
38.000,25.200,508.0000,-1.661922
38.000,25.200,509.0000,0.059263
38.000,25.200,510.0000,7.380565
38.000,25.200,511.0000,-7.830013
38.000,25.200,512.0000,-2.399950
38.000,25.200,513.0000,3.198314
38.000,25.200,514.0000,8.889055
38.000,25.200,515.0000,13.166395
38.000,25.200,516.0000,11.926250
38.000,25.200,517.0000,10.600200
38.000,25.200,518.0000,3.560452
38.000,25.200,519.0000,12.640554
38.000,25.200,520.0000,2.954772
38.000,25.200,521.0000,6.029877
38.000,25.200,522.0000,-5.286448
38.000,25.200,523.0000,-0.273067
38.000,25.200,524.0000,9.292560
38.000,25.200,525.0000,5.328512
38.000,25.200,526.0000,6.047858
38.000,25.200,527.0000,2.642409
38.000,25.200,528.0000,-8.354689
38.000,25.200,529.0000,-5.740652
38.000,25.200,530.0000,0.365966
38.000,25.200,531.0000,2.776339
38.000,25.200,532.0000,-0.930229
38.000,25.200,533.0000,-3.091453
38.000,25.200,534.0000,3.513744
38.000,25.200,535.0000,5.715390
38.000,25.200,536.0000,13.784009
38.000,25.200,537.0000,7.658740
38.000,25.200,538.0000,11.382030
38.000,25.200,539.0000,-0.717774
38.000,25.200,540.0000,6.340717
38.000,25.200,541.0000,-6.030115
38.000,25.200,542.0000,6.045911
38.000,25.200,543.0000,-3.532025
38.000,25.200,544.0000,2.697105
38.000,25.200,545.0000,-6.802184
38.000,25.200,546.0000,1.211902
38.000,25.200,547.0000,5.478648
38.000,25.200,548.0000,3.678452
38.000,25.200,549.0000,0.761326
38.000,25.200,550.0000,1.157807
38.000,25.200,551.0000,-8.764536
38.000,25.200,552.0000,16.835901
38.000,25.200,553.0000,4.279426
38.000,25.200,554.0000,-4.672476
38.000,25.200,555.0000,2.814465
38.000,25.200,556.0000,-0.456757
38.000,25.200,557.0000,1.392914
38.000,25.200,558.0000,5.373587
38.000,25.200,559.0000,8.496901
38.000,25.200,560.0000,9.331117
38.000,25.200,561.0000,4.398566
38.000,25.200,562.0000,12.548049
38.000,25.200,563.0000,7.026387
38.000,25.200,564.0000,4.987769
38.000,25.200,565.0000,2.867731
38.000,25.200,566.0000,11.888907
38.000,25.200,567.0000,-0.220513
38.000,25.200,568.0000,0.433947
38.000,25.200,569.0000,8.347062
38.000,25.200,570.0000,11.640292
38.000,25.200,571.0000,13.439322
38.000,25.200,572.0000,-4.136036
38.000,25.200,573.0000,9.756597
38.000,25.200,574.0000,0.143810
38.000,25.200,575.0000,5.294825
38.000,25.200,576.0000,13.094201
38.000,25.200,577.0000,4.033951
38.000,25.200,578.0000,12.504311
38.000,25.200,579.0000,11.594328
38.000,25.200,580.0000,31.468092
38.000,25.200,581.0000,13.404165
38.000,25.200,582.0000,6.980384
38.000,25.200,583.0000,11.197924
38.000,25.200,584.0000,19.957992
38.000,25.200,585.0000,13.422470
38.000,25.200,586.0000,23.258916
38.000,25.200,587.0000,22.201127
38.000,25.200,588.0000,28.343288
38.000,25.200,589.0000,23.025591
38.000,25.200,590.0000,48.185726
38.000,25.200,591.0000,44.548582
38.000,25.200,592.0000,49.571921
38.000,25.200,593.0000,54.209971
38.000,25.200,594.0000,75.474205
38.000,25.200,595.0000,87.254110
38.000,25.200,596.0000,97.462283
38.000,25.200,597.0000,133.394439
38.000,25.200,598.0000,152.525648
38.000,25.200,599.0000,176.484178
38.000,25.200,600.0000,214.388350
38.000,25.200,601.0000,213.509338
38.000,25.200,602.0000,209.907880
38.000,25.200,603.0000,185.877242
38.000,25.200,604.0000,156.093034
38.000,25.200,605.0000,137.565261
38.000,25.200,606.0000,105.908257
38.000,25.200,607.0000,81.770513
38.000,25.200,608.0000,79.290267
38.000,25.200,609.0000,61.639714
38.000,25.200,610.0000,47.234837
38.000,25.200,611.0000,37.531806
38.000,25.200,612.0000,38.163933
38.000,25.200,613.0000,39.604391
38.000,25.200,614.0000,33.612691
38.000,25.200,615.0000,18.395178
38.000,25.200,616.0000,16.509508
38.000,25.200,617.0000,24.063915
38.000,25.200,618.0000,15.011195
38.000,25.200,619.0000,16.198304
38.000,25.200,620.0000,13.301960
38.000,25.200,621.0000,8.435337
38.000,25.200,622.0000,17.265580
38.000,25.200,623.0000,6.250083
38.000,25.200,624.0000,-4.640194
38.000,25.200,625.0000,12.217542
38.000,25.200,626.0000,5.165247
38.000,25.200,627.0000,18.365834
38.000,25.200,628.0000,2.975708
38.000,25.200,629.0000,-3.458891
38.000,25.200,630.0000,5.422067
38.000,25.200,631.0000,7.479764
38.000,25.200,632.0000,10.238930
38.000,25.200,633.0000,11.583215
38.000,25.200,634.0000,13.711711
38.000,25.200,635.0000,7.983004
38.000,25.200,636.0000,6.221354
38.000,25.200,637.0000,8.725651
38.000,25.200,638.0000,-1.572931
38.000,25.200,639.0000,6.167948
38.000,25.200,640.0000,6.622174
38.000,25.200,641.0000,5.875756
38.000,25.200,642.0000,1.061741
38.000,25.200,643.0000,2.819134
38.000,25.200,644.0000,-3.330798
38.000,25.200,645.0000,1.940060
38.000,25.200,646.0000,8.414631
38.000,25.200,647.0000,7.742984
38.000,25.200,648.0000,3.131242
38.000,25.200,649.0000,4.178727
38.000,25.200,650.0000,9.257105
38.000,25.200,651.0000,2.026770
38.000,25.200,652.0000,4.125359
38.000,25.200,653.0000,-0.237428
38.000,25.200,654.0000,-4.600193
38.000,25.200,655.0000,14.746704
38.000,25.200,656.0000,3.572395
38.000,25.200,657.0000,-1.508304
38.000,25.200,658.0000,10.494329
38.000,25.200,659.0000,7.779067
38.000,25.200,660.0000,3.593115
38.000,25.200,661.0000,3.832960
38.000,25.200,662.0000,-5.404088
38.000,25.200,663.0000,7.961506
38.000,25.200,664.0000,6.148003
38.000,25.200,665.0000,1.266960
38.000,25.200,666.0000,-1.382627
38.000,25.200,667.0000,-0.406092
38.000,25.200,668.0000,1.006183
38.000,25.200,669.0000,5.056904
38.000,25.200,670.0000,-6.708412
38.000,25.200,671.0000,4.643020
38.000,25.200,672.0000,-1.885571
38.000,25.200,673.0000,-2.940349
38.000,25.200,674.0000,1.130365
38.000,25.200,675.0000,4.301221
38.000,25.200,676.0000,7.839358
38.000,25.200,677.0000,-4.392416
38.000,25.200,678.0000,-14.112233
38.000,25.200,679.0000,5.469610
38.000,25.200,680.0000,1.437126
38.000,25.200,681.0000,2.054968
38.000,25.200,682.0000,6.421432
38.000,25.200,683.0000,6.584671
38.000,25.200,684.0000,16.208439
38.000,25.200,685.0000,2.766887
38.000,25.200,686.0000,-6.087042
38.000,25.200,687.0000,8.223125
38.000,25.200,688.0000,-8.405435
38.000,25.200,689.0000,-0.109074
38.000,25.200,690.0000,-0.324515
38.000,25.200,691.0000,2.619794
38.000,25.200,692.0000,-9.201787
38.000,25.200,693.0000,0.590349
38.000,25.200,694.0000,-6.922741
38.000,25.200,695.0000,1.008650
38.000,25.200,696.0000,2.418931
38.000,25.200,697.0000,-4.824969
38.000,25.200,698.0000,1.890600
38.000,25.200,699.0000,-6.750198
38.000,25.200,700.0000,-0.723073
38.000,25.200,701.0000,8.377120
38.000,25.200,702.0000,0.941081
38.000,25.200,703.0000,6.430374
38.000,25.200,704.0000,6.817869
38.000,25.200,705.0000,-0.835978
38.000,25.200,706.0000,3.686291
38.000,25.200,707.0000,0.287081
38.000,25.200,708.0000,10.848797
38.000,25.200,709.0000,5.163789
38.000,25.200,710.0000,2.508351
38.000,25.200,711.0000,-6.356050
38.000,25.200,712.0000,5.304276
38.000,25.200,713.0000,8.231216
38.000,25.200,714.0000,-0.177077
38.000,25.200,715.0000,6.419591
38.000,25.200,716.0000,-2.312844
38.000,25.200,717.0000,1.841476
38.000,25.200,718.0000,-0.193480
38.000,25.200,719.0000,8.862730
38.000,25.200,720.0000,3.829860
38.000,25.200,721.0000,-8.308347
38.000,25.200,722.0000,-4.699408
38.000,25.200,723.0000,-3.950965
38.000,25.200,724.0000,1.545428
38.000,25.200,725.0000,13.564593
38.000,25.200,726.0000,-1.409959
38.000,25.200,727.0000,3.717742
38.000,25.200,728.0000,11.415373
38.000,25.200,729.0000,6.674409
38.000,25.200,730.0000,1.436552
38.000,25.200,731.0000,6.118531
38.000,25.200,732.0000,-3.084870
38.000,25.200,733.0000,4.766219
38.000,25.200,734.0000,-9.682423
38.000,25.200,735.0000,8.649225
38.000,25.200,736.0000,-0.379288
38.000,25.200,737.0000,-0.518273
38.000,25.200,738.0000,3.699942
38.000,25.200,739.0000,10.243495
38.000,25.200,740.0000,-0.943441
38.000,25.200,741.0000,12.504198
38.000,25.200,742.0000,10.142543
38.000,25.200,743.0000,3.207107
38.000,25.200,744.0000,6.445769
38.000,25.200,745.0000,12.333918
38.000,25.200,746.0000,-0.154260
38.000,25.200,747.0000,-0.657992
38.000,25.200,748.0000,1.112606
38.000,25.200,749.0000,5.916850
38.000,25.200,750.0000,9.875553
38.000,25.200,751.0000,5.043067
38.000,25.200,752.0000,1.180847
38.000,25.200,753.0000,7.321295
38.000,25.200,754.0000,-2.665764
38.000,25.200,755.0000,-2.708076
38.000,25.200,756.0000,16.628972
38.000,25.200,757.0000,11.136092
38.000,25.200,758.0000,9.086191
38.000,25.200,759.0000,9.711795
38.000,25.200,760.0000,-4.697186
38.000,25.200,761.0000,20.460163
38.000,25.200,762.0000,15.628138
38.000,25.200,763.0000,13.909290
38.000,25.200,764.0000,7.364720
38.000,25.200,765.0000,10.415376
38.000,25.200,766.0000,9.836346
38.000,25.200,767.0000,1.856826
38.000,25.200,768.0000,-3.783618
38.000,25.200,769.0000,16.369484
38.000,25.200,770.0000,25.187557
38.000,25.200,771.0000,20.760861
38.000,25.200,772.0000,26.087199
38.000,25.200,773.0000,14.591400
38.000,25.200,774.0000,14.449123
38.000,25.200,775.0000,13.536427
38.000,25.200,776.0000,1.158560
38.000,25.200,777.0000,31.120684
38.000,25.200,778.0000,22.246812
38.000,25.200,779.0000,20.900690
38.000,25.200,780.0000,13.365551
38.000,25.200,781.0000,17.431415
38.000,25.200,782.0000,8.006398
38.000,25.200,783.0000,19.740254
38.000,25.200,784.0000,22.080612
38.000,25.200,785.0000,24.166735
38.000,25.200,786.0000,33.427403
38.000,25.200,787.0000,29.888577
38.000,25.200,788.0000,41.707602
38.000,25.200,789.0000,30.451675
38.000,25.200,790.0000,37.645479
38.000,25.200,791.0000,39.392790
38.000,25.200,792.0000,55.442820
38.000,25.200,793.0000,43.926441
38.000,25.200,794.0000,46.606061
38.000,25.200,795.0000,53.947395
38.000,25.200,796.0000,61.936450
38.000,25.200,797.0000,84.421548
38.000,25.200,798.0000,91.943382
38.000,25.200,799.0000,99.630881
38.000,25.200,800.0000,112.326253
38.000,25.200,801.0000,136.007573
38.000,25.200,802.0000,148.564603
38.000,25.200,803.0000,185.124344
38.000,25.200,804.0000,216.959069
38.000,25.200,805.0000,267.259161
38.000,25.200,806.0000,326.551031
38.000,25.200,807.0000,401.428185
38.000,25.200,808.0000,494.844934
38.000,25.200,809.0000,621.256705
38.000,25.200,810.0000,754.514327
38.000,25.200,811.0000,855.425531
38.000,25.200,812.0000,897.225958
38.000,25.200,813.0000,850.281672
38.000,25.200,814.0000,746.411321
38.000,25.200,815.0000,620.613441
38.000,25.200,816.0000,507.756788
38.000,25.200,817.0000,410.488034
38.000,25.200,818.0000,326.729493
38.000,25.200,819.0000,264.631720
38.000,25.200,820.0000,206.786943
38.000,25.200,821.0000,182.534318
38.000,25.200,822.0000,151.875338
38.000,25.200,823.0000,143.658145
38.000,25.200,824.0000,108.377377
38.000,25.200,825.0000,98.397661
38.000,25.200,826.0000,83.802986
38.000,25.200,827.0000,65.317714
38.000,25.200,828.0000,64.662261
38.000,25.200,829.0000,59.924438
38.000,25.200,830.0000,58.406472
38.000,25.200,831.0000,42.141211
38.000,25.200,832.0000,48.096513
38.000,25.200,833.0000,41.082472
38.000,25.200,834.0000,34.061599
38.000,25.200,835.0000,43.616713
38.000,25.200,836.0000,26.232578
38.000,25.200,837.0000,20.717174
38.000,25.200,838.0000,42.102704
38.000,25.200,839.0000,28.329094
38.000,25.200,840.0000,31.881314
38.000,25.200,841.0000,25.551977
38.000,25.200,842.0000,19.171380
38.000,25.200,843.0000,22.129865
38.000,25.200,844.0000,27.445438
38.000,25.200,845.0000,13.343924
38.000,25.200,846.0000,15.687631
38.000,25.200,847.0000,15.770994
38.000,25.200,848.0000,15.910479
38.000,25.200,849.0000,20.406876
38.000,25.200,850.0000,17.160764
38.000,25.200,851.0000,17.400321
38.000,25.200,852.0000,11.815585
38.000,25.200,853.0000,14.605441
38.000,25.200,854.0000,6.007806
38.000,25.200,855.0000,6.798539
38.000,25.200,856.0000,9.855412
38.000,25.200,857.0000,9.060417
38.000,25.200,858.0000,8.562783
38.000,25.200,859.0000,12.317706
38.000,25.200,860.0000,2.883242
38.000,25.200,861.0000,16.223097
38.000,25.200,862.0000,4.560233
38.000,25.200,863.0000,15.626671
38.000,25.200,864.0000,5.712328
38.000,25.200,865.0000,4.002646
38.000,25.200,866.0000,5.149926
38.000,25.200,867.0000,17.149064
38.000,25.200,868.0000,4.300558
38.000,25.200,869.0000,11.274409
38.000,25.200,870.0000,10.001571
38.000,25.200,871.0000,11.420446
38.000,25.200,872.0000,10.231121
38.000,25.200,873.0000,7.012422
38.000,25.200,874.0000,12.127235
38.000,25.200,875.0000,2.852335
38.000,25.200,876.0000,10.282987
38.000,25.200,877.0000,-3.247244
38.000,25.200,878.0000,10.553460
38.000,25.200,879.0000,6.263824
38.000,25.200,880.0000,11.338850
38.000,25.200,881.0000,7.611886
38.000,25.200,882.0000,17.746793
38.000,25.200,883.0000,13.440052
38.000,25.200,884.0000,7.525887
38.000,25.200,885.0000,6.112960
38.000,25.200,886.0000,4.739242
38.000,25.200,887.0000,-2.235371
38.000,25.200,888.0000,4.883799
38.000,25.200,889.0000,-3.085590
38.000,25.200,890.0000,2.613615
38.000,25.200,891.0000,-4.332007
38.000,25.200,892.0000,9.345525
38.000,25.200,893.0000,12.817367
38.000,25.200,894.0000,-8.683594
38.000,25.200,895.0000,4.325335
38.000,25.200,896.0000,10.593674
38.000,25.200,897.0000,4.663836
38.000,25.200,898.0000,-0.966847
38.000,25.200,899.0000,0.490294
38.000,25.200,900.0000,2.277398
38.000,25.200,901.0000,10.411410
38.000,25.200,902.0000,20.708107
38.000,25.200,903.0000,-0.839707
38.000,25.200,904.0000,5.867838
38.000,25.200,905.0000,-6.465786
38.000,25.200,906.0000,5.510460
38.000,25.200,907.0000,-1.201433
38.000,25.200,908.0000,4.985013
38.000,25.200,909.0000,12.179783
38.000,25.200,910.0000,11.257264
38.000,25.200,911.0000,3.156857
38.000,25.200,912.0000,4.570060
38.000,25.200,913.0000,-1.667372
38.000,25.200,914.0000,7.048617
38.000,25.200,915.0000,14.619599
38.000,25.200,916.0000,11.570474
38.000,25.200,917.0000,5.812896
38.000,25.200,918.0000,3.927269
38.000,25.200,919.0000,5.298070
38.000,25.200,920.0000,7.403044
38.000,25.200,921.0000,-1.038703
38.000,25.200,922.0000,10.132741
38.000,25.200,923.0000,12.458928
38.000,25.200,924.0000,3.766009
38.000,25.200,925.0000,9.529248
38.000,25.200,926.0000,8.568959
38.000,25.200,927.0000,12.608789
38.000,25.200,928.0000,11.390132
38.000,25.200,929.0000,17.168491
38.000,25.200,930.0000,11.084412
38.000,25.200,931.0000,13.287553
38.000,25.200,932.0000,11.109675
38.000,25.200,933.0000,2.479618
38.000,25.200,934.0000,3.544232
38.000,25.200,935.0000,13.589821
38.000,25.200,936.0000,-0.907268
38.000,25.200,937.0000,4.329627
38.000,25.200,938.0000,3.575757
38.000,25.200,939.0000,19.660832
38.000,25.200,940.0000,22.443375
38.000,25.200,941.0000,10.042422
38.000,25.200,942.0000,11.034523
38.000,25.200,943.0000,17.921237
38.000,25.200,944.0000,21.541273
38.000,25.200,945.0000,19.799591
38.000,25.200,946.0000,3.108449
38.000,25.200,947.0000,15.804037
38.000,25.200,948.0000,28.149525
38.000,25.200,949.0000,27.194763
38.000,25.200,950.0000,20.243511
38.000,25.200,951.0000,27.746078
38.000,25.200,952.0000,29.790785
38.000,25.200,953.0000,30.020258
38.000,25.200,954.0000,45.804170
38.000,25.200,955.0000,40.645035
38.000,25.200,956.0000,59.742952
38.000,25.200,957.0000,64.858231
38.000,25.200,958.0000,85.824347
38.000,25.200,959.0000,104.977667
38.000,25.200,960.0000,123.655646
38.000,25.200,961.0000,129.907953
38.000,25.200,962.0000,166.156448
38.000,25.200,963.0000,207.184709
38.000,25.200,964.0000,237.652919
38.000,25.200,965.0000,261.464987
38.000,25.200,966.0000,271.725535
38.000,25.200,967.0000,254.884581
38.000,25.200,968.0000,236.513074
38.000,25.200,969.0000,202.479940
38.000,25.200,970.0000,164.979232
38.000,25.200,971.0000,133.806503
38.000,25.200,972.0000,110.674168
38.000,25.200,973.0000,99.058376
38.000,25.200,974.0000,78.122590
38.000,25.200,975.0000,71.077340
38.000,25.200,976.0000,62.373203
38.000,25.200,977.0000,50.198214
38.000,25.200,978.0000,32.818456
38.000,25.200,979.0000,34.943386
38.000,25.200,980.0000,42.262619
38.000,25.200,981.0000,27.986903
38.000,25.200,982.0000,20.244762
38.000,25.200,983.0000,16.238906
38.000,25.200,984.0000,24.140964
38.000,25.200,985.0000,15.672032
38.000,25.200,986.0000,9.789105
38.000,25.200,987.0000,19.319387
38.000,25.200,988.0000,10.138637
38.000,25.200,989.0000,19.037851
38.000,25.200,990.0000,13.170723
38.000,25.200,991.0000,9.842569
38.000,25.200,992.0000,10.708130
38.000,25.200,993.0000,21.159752
38.000,25.200,994.0000,16.323590
38.000,25.200,995.0000,13.896653
38.000,25.200,996.0000,7.705606
38.000,25.200,997.0000,8.034627
38.000,25.200,998.0000,11.563198
38.000,25.200,999.0000,17.783036
38.000,25.200,1000.0000,3.301084
38.000,25.200,1001.0000,5.865762
38.000,25.200,1002.0000,4.408508
38.000,25.200,1003.0000,3.007892
38.000,25.200,1004.0000,13.317220
38.000,25.200,1005.0000,14.251758
38.000,25.200,1006.0000,3.304839
38.000,25.200,1007.0000,12.090881
38.000,25.200,1008.0000,10.246678
38.000,25.200,1009.0000,0.695192
38.000,25.200,1010.0000,-3.684628
38.000,25.200,1011.0000,5.847676
38.000,25.200,1012.0000,10.490712
38.000,25.200,1013.0000,2.252456
38.000,25.200,1014.0000,6.718551
38.000,25.200,1015.0000,2.582482
38.000,25.200,1016.0000,2.149847
38.000,25.200,1017.0000,-1.407920
38.000,25.200,1018.0000,9.531661
38.000,25.200,1019.0000,-5.093518
38.000,25.200,1020.0000,10.435189
38.000,25.200,1021.0000,-0.230176
38.000,25.200,1022.0000,11.491285
38.000,25.200,1023.0000,4.768977
38.000,25.200,1024.0000,14.141130
38.000,25.200,1025.0000,3.766762
38.000,25.200,1026.0000,-1.525821
38.000,25.200,1027.0000,1.838938
38.000,25.200,1028.0000,-3.115333
38.000,25.200,1029.0000,-0.607214
38.000,25.200,1030.0000,12.031514
38.000,25.200,1031.0000,7.728610
38.000,25.200,1032.0000,-5.585500
38.000,25.200,1033.0000,5.451882
38.000,25.200,1034.0000,2.766469
38.000,25.200,1035.0000,3.578478
38.000,25.200,1036.0000,10.728231
38.000,25.200,1037.0000,10.514307
38.000,25.200,1038.0000,0.375116
38.000,25.200,1039.0000,-8.888040
38.000,25.200,1040.0000,7.667583
38.000,25.200,1041.0000,4.766267
38.000,25.200,1042.0000,-0.899002
38.000,25.200,1043.0000,5.777317
38.000,25.200,1044.0000,8.278047
38.000,25.200,1045.0000,-4.172544
38.000,25.200,1046.0000,5.479031
38.000,25.200,1047.0000,-4.499346
38.000,25.200,1048.0000,0.342666
38.000,25.200,1049.0000,4.007180
38.000,25.200,1050.0000,0.849629
38.000,25.200,1051.0000,11.370883
38.000,25.200,1052.0000,10.867097
38.000,25.200,1053.0000,8.799049
38.000,25.200,1054.0000,2.868274
38.000,25.200,1055.0000,5.294506
38.000,25.200,1056.0000,3.444183
38.000,25.200,1057.0000,12.150589
38.000,25.200,1058.0000,-6.413040
38.000,25.200,1059.0000,3.257694
38.000,25.200,1060.0000,15.127995
38.000,25.200,1061.0000,8.067943
38.000,25.200,1062.0000,6.002345
38.000,25.200,1063.0000,8.705506
38.000,25.200,1064.0000,0.281866
38.000,25.200,1065.0000,5.417334
38.000,25.200,1066.0000,4.933814
38.000,25.200,1067.0000,8.318146
38.000,25.200,1068.0000,2.428046
38.000,25.200,1069.0000,6.300470
38.000,25.200,1070.0000,11.324471
38.000,25.200,1071.0000,9.093781
38.000,25.200,1072.0000,6.572045
38.000,25.200,1073.0000,2.113672
38.000,25.200,1074.0000,7.207381
38.000,25.200,1075.0000,-1.221786
38.000,25.200,1076.0000,2.993200
38.000,25.200,1077.0000,0.276949
38.000,25.200,1078.0000,5.556381
38.000,25.200,1079.0000,0.450222
38.000,25.200,1080.0000,16.735502
38.000,25.200,1081.0000,16.365212
38.000,25.200,1082.0000,0.768931
38.000,25.200,1083.0000,-2.367189
38.000,25.200,1084.0000,5.545656
38.000,25.200,1085.0000,0.568784
38.000,25.200,1086.0000,11.053350
38.000,25.200,1087.0000,3.018846
38.000,25.200,1088.0000,-5.434112
38.000,25.200,1089.0000,9.188661
38.000,25.200,1090.0000,22.737224
38.000,25.200,1091.0000,7.708700
38.000,25.200,1092.0000,7.864171
38.000,25.200,1093.0000,23.341127
38.000,25.200,1094.0000,20.213927
38.000,25.200,1095.0000,11.237670
38.000,25.200,1096.0000,11.249654
38.000,25.200,1097.0000,16.044077
38.000,25.200,1098.0000,22.982222
38.000,25.200,1099.0000,12.509819
38.000,25.200,1100.0000,17.362445
38.000,25.200,1101.0000,18.557467
38.000,25.200,1102.0000,15.532138
38.000,25.200,1103.0000,20.824512
38.000,25.200,1104.0000,26.289269
38.000,25.200,1105.0000,23.386645
38.000,25.200,1106.0000,37.068420
38.000,25.200,1107.0000,38.300033
38.000,25.200,1108.0000,27.114035
38.000,25.200,1109.0000,43.391818
38.000,25.200,1110.0000,42.838652
38.000,25.200,1111.0000,53.676036
38.000,25.200,1112.0000,65.931409
38.000,25.200,1113.0000,82.699740
38.000,25.200,1114.0000,79.897675
38.000,25.200,1115.0000,99.371652
38.000,25.200,1116.0000,121.574739
38.000,25.200,1117.0000,145.603601
38.000,25.200,1118.0000,158.275493
38.000,25.200,1119.0000,201.966681
38.000,25.200,1120.0000,221.998721
38.000,25.200,1121.0000,237.409469
38.000,25.200,1122.0000,248.225031
38.000,25.200,1123.0000,242.547240
38.000,25.200,1124.0000,219.163009
38.000,25.200,1125.0000,202.029280
38.000,25.200,1126.0000,174.157988
38.000,25.200,1127.0000,142.901483
38.000,25.200,1128.0000,121.212211
38.000,25.200,1129.0000,92.287498
38.000,25.200,1130.0000,86.029096
38.000,25.200,1131.0000,72.810496
38.000,25.200,1132.0000,59.420645
38.000,25.200,1133.0000,52.181530
38.000,25.200,1134.0000,46.825906
38.000,25.200,1135.0000,33.677180
38.000,25.200,1136.0000,39.673926
38.000,25.200,1137.0000,33.115722
38.000,25.200,1138.0000,40.324996
38.000,25.200,1139.0000,37.567549
38.000,25.200,1140.0000,36.566829
38.000,25.200,1141.0000,27.507535
38.000,25.200,1142.0000,17.487848
38.000,25.200,1143.0000,25.228242
38.000,25.200,1144.0000,17.014930
38.000,25.200,1145.0000,12.891168
38.000,25.200,1146.0000,24.862275
38.000,25.200,1147.0000,23.854747
38.000,25.200,1148.0000,23.087611
38.000,25.200,1149.0000,17.014346
38.000,25.200,1150.0000,11.723377
38.000,25.200,1151.0000,11.537145
38.000,25.200,1152.0000,9.536069
38.000,25.200,1153.0000,17.116093
38.000,25.200,1154.0000,12.356905
38.000,25.200,1155.0000,12.761219
38.000,25.200,1156.0000,26.884383
38.000,25.200,1157.0000,17.663999
38.000,25.200,1158.0000,11.694148
38.000,25.200,1159.0000,14.192765
38.000,25.200,1160.0000,13.596941
38.000,25.200,1161.0000,7.383364
38.000,25.200,1162.0000,18.447458
38.000,25.200,1163.0000,18.376658
38.000,25.200,1164.0000,28.370243
38.000,25.200,1165.0000,23.189183
38.000,25.200,1166.0000,27.364083
38.000,25.200,1167.0000,23.464503
38.000,25.200,1168.0000,30.378554
38.000,25.200,1169.0000,26.295931
38.000,25.200,1170.0000,31.655650
38.000,25.200,1171.0000,39.074200
38.000,25.200,1172.0000,35.984397
38.000,25.200,1173.0000,42.831086
38.000,25.200,1174.0000,40.193625
38.000,25.200,1175.0000,46.280403
38.000,25.200,1176.0000,50.559002
38.000,25.200,1177.0000,71.227927
38.000,25.200,1178.0000,64.372400
38.000,25.200,1179.0000,87.413630
38.000,25.200,1180.0000,103.029166
38.000,25.200,1181.0000,126.581253
38.000,25.200,1182.0000,132.850009
38.000,25.200,1183.0000,181.280980
38.000,25.200,1184.0000,202.748113
38.000,25.200,1185.0000,236.160040
38.000,25.200,1186.0000,277.121978
38.000,25.200,1187.0000,299.271831
38.000,25.200,1188.0000,309.287122
38.000,25.200,1189.0000,290.787009
38.000,25.200,1190.0000,278.421334
38.000,25.200,1191.0000,246.907389
38.000,25.200,1192.0000,202.084187
38.000,25.200,1193.0000,167.541113
38.000,25.200,1194.0000,146.721531
38.000,25.200,1195.0000,119.818529
38.000,25.200,1196.0000,101.115774
38.000,25.200,1197.0000,99.152374
38.000,25.200,1198.0000,66.924989
38.000,25.200,1199.0000,64.144145
38.000,25.200,1200.0000,57.242117
38.000,25.200,1201.0000,47.580278
38.000,25.200,1202.0000,39.276332
38.000,25.200,1203.0000,36.049497
38.000,25.200,1204.0000,30.279819
38.000,25.200,1205.0000,26.784612
38.000,25.200,1206.0000,25.667544
38.000,25.200,1207.0000,37.158760
38.000,25.200,1208.0000,20.009596
38.000,25.200,1209.0000,28.505529
38.000,25.200,1210.0000,14.241293
38.000,25.200,1211.0000,23.744340
38.000,25.200,1212.0000,21.220205
38.000,25.200,1213.0000,25.336957
38.000,25.200,1214.0000,21.870871
38.000,25.200,1215.0000,12.805332
38.000,25.200,1216.0000,26.818069
38.000,25.200,1217.0000,12.458620
38.000,25.200,1218.0000,21.627260
38.000,25.200,1219.0000,11.053666
38.000,25.200,1220.0000,9.360646
38.000,25.200,1221.0000,5.860344
38.000,25.200,1222.0000,-1.109057
38.000,25.200,1223.0000,14.292606
38.000,25.200,1224.0000,7.324642
38.000,25.200,1225.0000,9.865864
38.000,25.200,1226.0000,5.416969
38.000,25.200,1227.0000,20.789561
38.000,25.200,1228.0000,1.182643
38.000,25.200,1229.0000,-1.915262
38.000,25.200,1230.0000,6.388247
38.000,25.200,1231.0000,17.466991
38.000,25.200,1232.0000,6.129834
38.000,25.200,1233.0000,11.701501
38.000,25.200,1234.0000,-0.400511
38.000,25.200,1235.0000,4.384176
38.000,25.200,1236.0000,-0.757843
38.000,25.200,1237.0000,14.942815
38.000,25.200,1238.0000,4.191058
38.000,25.200,1239.0000,-2.743352
38.000,25.200,1240.0000,11.124088
38.000,25.200,1241.0000,3.627702
38.000,25.200,1242.0000,5.356803
38.000,25.200,1243.0000,5.700706
38.000,25.200,1244.0000,2.057660
38.000,25.200,1245.0000,-7.056620
38.000,25.200,1246.0000,-6.341801
38.000,25.200,1247.0000,5.478418
38.000,25.200,1248.0000,-2.631304
38.000,25.200,1249.0000,1.305092
38.000,25.200,1250.0000,4.017463
38.000,25.200,1251.0000,14.485936
38.000,25.200,1252.0000,1.480507
38.000,25.200,1253.0000,4.004998
38.000,25.200,1254.0000,-6.562482
38.000,25.200,1255.0000,-0.953190
38.000,25.200,1256.0000,-0.198861
38.000,25.200,1257.0000,0.854832
38.000,25.200,1258.0000,-9.501294
38.000,25.200,1259.0000,11.373748
38.000,25.200,1260.0000,10.010436
38.000,25.200,1261.0000,5.494665
38.000,25.200,1262.0000,-0.483375
38.000,25.200,1263.0000,16.662388
38.000,25.200,1264.0000,3.031473
38.000,25.200,1265.0000,-1.517686
38.000,25.200,1266.0000,6.024915
38.000,25.200,1267.0000,-7.908674
38.000,25.200,1268.0000,-1.736493
38.000,25.200,1269.0000,-1.276923
38.000,25.200,1270.0000,14.028136
38.000,25.200,1271.0000,-2.605358
38.000,25.200,1272.0000,1.027484
38.000,25.200,1273.0000,-7.870371
38.000,25.200,1274.0000,-3.226277
38.000,25.200,1275.0000,12.871291
38.000,25.200,1276.0000,3.715873
38.000,25.200,1277.0000,-0.715341
38.000,25.200,1278.0000,6.841981
38.000,25.200,1279.0000,-1.505041
38.000,25.200,1280.0000,-1.401926
38.000,25.200,1281.0000,3.064834
38.000,25.200,1282.0000,5.762605
38.000,25.200,1283.0000,2.593938
38.000,25.200,1284.0000,11.159675
38.000,25.200,1285.0000,8.969190
38.000,25.200,1286.0000,7.048321
38.000,25.200,1287.0000,-0.122543
38.000,25.200,1288.0000,1.953773
38.000,25.200,1289.0000,7.042362
38.000,25.200,1290.0000,-3.847440
38.000,25.200,1291.0000,-6.713560
38.000,25.200,1292.0000,0.900175
38.000,25.200,1293.0000,5.431628
38.000,25.200,1294.0000,-6.825570
38.000,25.200,1295.0000,-3.928837
38.000,25.200,1296.0000,2.052515
38.000,25.200,1297.0000,0.787685
38.000,25.200,1298.0000,2.493409
38.000,25.200,1299.0000,1.991365
38.000,25.200,1300.0000,-2.560837
38.000,25.200,1301.0000,4.130197
38.000,25.200,1302.0000,-12.784531
38.000,25.200,1303.0000,-4.577911
38.000,25.200,1304.0000,6.142001
38.000,25.200,1305.0000,-0.177746
38.000,25.200,1306.0000,2.401278
38.000,25.200,1307.0000,-5.447066
38.000,25.200,1308.0000,-0.958817
38.000,25.200,1309.0000,3.608597
38.000,25.200,1310.0000,22.038926
38.000,25.200,1311.0000,-5.039659
38.000,25.200,1312.0000,5.122016
38.000,25.200,1313.0000,-4.884445
38.000,25.200,1314.0000,4.875599
38.000,25.200,1315.0000,-3.110674
38.000,25.200,1316.0000,-1.991703
38.000,25.200,1317.0000,-0.406056
38.000,25.200,1318.0000,1.655233
38.000,25.200,1319.0000,-3.090013
38.000,25.200,1320.0000,-4.479814
38.000,25.200,1321.0000,7.336727
38.000,25.200,1322.0000,0.414402
38.000,25.200,1323.0000,0.949300
38.000,25.200,1324.0000,3.809898
38.000,25.200,1325.0000,6.481163
38.000,25.200,1326.0000,3.146082
38.000,25.200,1327.0000,3.235758
38.000,25.200,1328.0000,0.952837
38.000,25.200,1329.0000,1.941936
38.000,25.200,1330.0000,0.892580
38.000,25.200,1331.0000,9.401960
38.000,25.200,1332.0000,13.033658
38.000,25.200,1333.0000,-2.973909
38.000,25.200,1334.0000,1.572234
38.000,25.200,1335.0000,3.947510
38.000,25.200,1336.0000,7.851832
38.000,25.200,1337.0000,-3.574020
38.000,25.200,1338.0000,6.508356
38.000,25.200,1339.0000,14.767889
38.000,25.200,1340.0000,4.414468
38.000,25.200,1341.0000,10.128054
38.000,25.200,1342.0000,10.564269
38.000,25.200,1343.0000,9.532218
38.000,25.200,1344.0000,-3.995467
38.000,25.200,1345.0000,2.187229
38.000,25.200,1346.0000,11.713450
38.000,25.200,1347.0000,-1.400682
38.000,25.200,1348.0000,-0.258327
38.000,25.200,1349.0000,0.437930
38.000,25.200,1350.0000,2.897070
38.000,25.200,1351.0000,0.285647
38.000,25.200,1352.0000,9.671675
38.000,25.200,1353.0000,0.120256
38.000,25.200,1354.0000,13.260662
38.000,25.200,1355.0000,-1.820048
38.000,25.200,1356.0000,2.563532
38.000,25.200,1357.0000,2.381194
38.000,25.200,1358.0000,3.325789
38.000,25.200,1359.0000,0.059212
38.000,25.200,1360.0000,0.149791
38.000,25.200,1361.0000,9.403568
38.000,25.200,1362.0000,10.859414
38.000,25.200,1363.0000,5.725346
38.000,25.200,1364.0000,7.770324
38.000,25.200,1365.0000,6.031081
38.000,25.200,1366.0000,-7.581035
38.000,25.200,1367.0000,3.154628
38.000,25.200,1368.0000,6.103343
38.000,25.200,1369.0000,3.591087
38.000,25.200,1370.0000,1.619793
38.000,25.200,1371.0000,0.553527
38.000,25.200,1372.0000,14.873656
38.000,25.200,1373.0000,6.495490
38.000,25.200,1374.0000,0.842717
38.000,25.200,1375.0000,18.058974
38.000,25.200,1376.0000,13.992473
38.000,25.200,1377.0000,5.154359
38.000,25.200,1378.0000,8.141013
38.000,25.200,1379.0000,3.209719
38.000,25.200,1380.0000,1.490994
38.000,25.200,1381.0000,8.119032
38.000,25.200,1382.0000,-6.558751
38.000,25.200,1383.0000,2.661319
38.000,25.200,1384.0000,5.032995
38.000,25.200,1385.0000,7.150879
38.000,25.200,1386.0000,3.460907
38.000,25.200,1387.0000,3.276993
38.000,25.200,1388.0000,7.848250
38.000,25.200,1389.0000,6.546624
38.000,25.200,1390.0000,4.761876
38.000,25.200,1391.0000,15.559720
38.000,25.200,1392.0000,4.036934
38.000,25.200,1393.0000,11.052433
38.000,25.200,1394.0000,-0.197677
38.000,25.200,1395.0000,10.863351
38.000,25.200,1396.0000,-4.373446
38.000,25.200,1397.0000,6.492941
38.000,25.200,1398.0000,11.381933
38.000,25.200,1399.0000,6.480516
38.000,25.200,1400.0000,10.628806
38.000,25.200,1401.0000,13.103592
38.000,25.200,1402.0000,9.590006
38.000,25.200,1403.0000,7.341002
38.000,25.200,1404.0000,5.524448
38.000,25.200,1405.0000,10.878951
38.000,25.200,1406.0000,19.825923
38.000,25.200,1407.0000,2.323517
38.000,25.200,1408.0000,20.676745
38.000,25.200,1409.0000,15.529124
38.000,25.200,1410.0000,23.073080
38.000,25.200,1411.0000,11.636156
38.000,25.200,1412.0000,21.237205
38.000,25.200,1413.0000,15.086821
38.000,25.200,1414.0000,24.022096
38.000,25.200,1415.0000,14.238200
38.000,25.200,1416.0000,18.830371
38.000,25.200,1417.0000,17.047028
38.000,25.200,1418.0000,26.018712
38.000,25.200,1419.0000,34.635016
38.000,25.200,1420.0000,29.331244
38.000,25.200,1421.0000,40.493535
38.000,25.200,1422.0000,25.118469
38.000,25.200,1423.0000,32.046427
38.000,25.200,1424.0000,32.163158
38.000,25.200,1425.0000,40.866017
38.000,25.200,1426.0000,40.859897
38.000,25.200,1427.0000,45.384593
38.000,25.200,1428.0000,47.711511
38.000,25.200,1429.0000,44.565393
38.000,25.200,1430.0000,66.506140
38.000,25.200,1431.0000,57.872408
38.000,25.200,1432.0000,74.182225
38.000,25.200,1433.0000,82.522597
38.000,25.200,1434.0000,87.729670
38.000,25.200,1435.0000,91.331620
38.000,25.200,1436.0000,113.368038
38.000,25.200,1437.0000,118.837047
38.000,25.200,1438.0000,132.408059
38.000,25.200,1439.0000,151.008724
38.000,25.200,1440.0000,178.188000
38.000,25.200,1441.0000,193.385673
38.000,25.200,1442.0000,232.827004
38.000,25.200,1443.0000,262.632087
38.000,25.200,1444.0000,307.661731
38.000,25.200,1445.0000,361.907952
38.000,25.200,1446.0000,419.913972
38.000,25.200,1447.0000,457.051978
38.000,25.200,1448.0000,496.812989
38.000,25.200,1449.0000,523.493546
38.000,25.200,1450.0000,540.546081
38.000,25.200,1451.0000,530.056394
38.000,25.200,1452.0000,514.344369
38.000,25.200,1453.0000,448.027001
38.000,25.200,1454.0000,407.626765
38.000,25.200,1455.0000,358.223173
38.000,25.200,1456.0000,304.641642
38.000,25.200,1457.0000,269.603504
38.000,25.200,1458.0000,232.219227
38.000,25.200,1459.0000,196.993703
38.000,25.200,1460.0000,182.253687
38.000,25.200,1461.0000,161.598095
38.000,25.200,1462.0000,128.252245
38.000,25.200,1463.0000,127.611570
38.000,25.200,1464.0000,114.036016
38.000,25.200,1465.0000,100.090426
38.000,25.200,1466.0000,86.604419
38.000,25.200,1467.0000,85.967705
38.000,25.200,1468.0000,73.579721
38.000,25.200,1469.0000,61.672220
38.000,25.200,1470.0000,61.203071
38.000,25.200,1471.0000,44.075203
38.000,25.200,1472.0000,37.938991
38.000,25.200,1473.0000,45.260683
38.000,25.200,1474.0000,47.983297
38.000,25.200,1475.0000,31.165655
38.000,25.200,1476.0000,33.943724
38.000,25.200,1477.0000,40.011189
38.000,25.200,1478.0000,25.382664
38.000,25.200,1479.0000,28.667485
38.000,25.200,1480.0000,28.727949
38.000,25.200,1481.0000,26.113619
38.000,25.200,1482.0000,26.673678
38.000,25.200,1483.0000,17.636416
38.000,25.200,1484.0000,31.648075
38.000,25.200,1485.0000,24.927257
38.000,25.200,1486.0000,8.628309
38.000,25.200,1487.0000,16.985259
38.000,25.200,1488.0000,24.767055
38.000,25.200,1489.0000,13.799737
38.000,25.200,1490.0000,21.584020
38.000,25.200,1491.0000,7.992847
38.000,25.200,1492.0000,14.367081
38.000,25.200,1493.0000,30.145098
38.000,25.200,1494.0000,3.621821
38.000,25.200,1495.0000,11.807089
38.000,25.200,1496.0000,8.943204
38.000,25.200,1497.0000,10.883690
38.000,25.200,1498.0000,9.340737
38.000,25.200,1499.0000,5.723619
38.000,25.200,1500.0000,5.375268
38.000,25.200,1501.0000,9.936339
38.000,25.200,1502.0000,14.689501
38.000,25.200,1503.0000,-4.356957
38.000,25.200,1504.0000,1.517275
38.000,25.200,1505.0000,5.434265
38.000,25.200,1506.0000,3.901418
38.000,25.200,1507.0000,2.562477
38.000,25.200,1508.0000,19.507389
38.000,25.200,1509.0000,10.648711
38.000,25.200,1510.0000,11.308147
38.000,25.200,1511.0000,12.981617
38.000,25.200,1512.0000,-2.357163
38.000,25.200,1513.0000,5.618779
38.000,25.200,1514.0000,10.473544
38.000,25.200,1515.0000,6.034221
38.000,25.200,1516.0000,5.439436
38.000,25.200,1517.0000,16.263862
38.000,25.200,1518.0000,13.554957
38.000,25.200,1519.0000,16.324498
38.000,25.200,1520.0000,5.369729
38.000,25.200,1521.0000,13.249814
38.000,25.200,1522.0000,2.833387
38.000,25.200,1523.0000,0.552183
38.000,25.200,1524.0000,1.984938
38.000,25.200,1525.0000,-2.166415
38.000,25.200,1526.0000,16.994355
38.000,25.200,1527.0000,2.558012
38.000,25.200,1528.0000,-6.055670
38.000,25.200,1529.0000,3.996343
38.000,25.200,1530.0000,15.112057
38.000,25.200,1531.0000,9.696678
38.000,25.200,1532.0000,-0.635974
38.000,25.200,1533.0000,14.203045
38.000,25.200,1534.0000,-1.054671
38.000,25.200,1535.0000,9.281369
38.000,25.200,1536.0000,7.814091
38.000,25.200,1537.0000,3.237485
38.000,25.200,1538.0000,7.206289
38.000,25.200,1539.0000,4.080316
38.000,25.200,1540.0000,10.633127
38.000,25.200,1541.0000,4.748026
38.000,25.200,1542.0000,9.419723
38.000,25.200,1543.0000,-0.931195
38.000,25.200,1544.0000,7.458434
38.000,25.200,1545.0000,10.371584
38.000,25.200,1546.0000,5.552488
38.000,25.200,1547.0000,1.024643
38.000,25.200,1548.0000,2.478812
38.000,25.200,1549.0000,0.720043
38.000,25.200,1550.0000,13.686205
38.000,25.200,1551.0000,8.969683
38.000,25.200,1552.0000,-3.139637
38.000,25.200,1553.0000,-4.468319
38.000,25.200,1554.0000,2.551883
38.000,25.200,1555.0000,-11.160834
38.000,25.200,1556.0000,-3.992612
38.000,25.200,1557.0000,10.191563
38.000,25.200,1558.0000,2.944720
38.000,25.200,1559.0000,4.017235
38.000,25.200,1560.0000,4.639281
38.000,25.200,1561.0000,1.025896
38.000,25.200,1562.0000,5.859562
38.000,25.200,1563.0000,3.046968
38.000,25.200,1564.0000,-0.665169
38.000,25.200,1565.0000,7.680798
38.000,25.200,1566.0000,2.622452
38.000,25.200,1567.0000,7.822896
38.000,25.200,1568.0000,6.611440
38.000,25.200,1569.0000,11.602683
38.000,25.200,1570.0000,-0.573571
38.000,25.200,1571.0000,5.856955
38.000,25.200,1572.0000,5.183101
38.000,25.200,1573.0000,-0.820407
38.000,25.200,1574.0000,2.989097
38.000,25.200,1575.0000,3.459028
38.000,25.200,1576.0000,-0.270017
38.000,25.200,1577.0000,17.778947
38.000,25.200,1578.0000,9.874057
38.000,25.200,1579.0000,11.903058
38.000,25.200,1580.0000,-4.238838
38.000,25.200,1581.0000,17.587567
38.000,25.200,1582.0000,4.144322
38.000,25.200,1583.0000,-1.422036
38.000,25.200,1584.0000,9.368123
38.000,25.200,1585.0000,-1.551522
38.000,25.200,1586.0000,13.064254
38.000,25.200,1587.0000,2.479786
38.000,25.200,1588.0000,0.540609
38.000,25.200,1589.0000,4.723209
38.000,25.200,1590.0000,-2.870249
38.000,25.200,1591.0000,2.031323
38.000,25.200,1592.0000,-5.185165
38.000,25.200,1593.0000,-3.170476
38.000,25.200,1594.0000,-1.354927
38.000,25.200,1595.0000,0.891445
38.000,25.200,1596.0000,4.628461
38.000,25.200,1597.0000,2.630342
38.000,25.200,1598.0000,2.292545
38.000,25.200,1599.0000,0.157923
38.000,25.200,1600.0000,8.124692
38.000,25.200,1601.0000,-2.339556
38.000,25.200,1602.0000,1.759600
38.000,25.200,1603.0000,3.363308
38.000,25.200,1604.0000,1.161636
38.000,25.200,1605.0000,8.934478
38.000,25.200,1606.0000,3.880542
38.000,25.200,1607.0000,7.365756
38.000,25.200,1608.0000,-5.364493
38.000,25.200,1609.0000,3.949001
38.000,25.200,1610.0000,-11.812355
38.000,25.200,1611.0000,5.768650
38.000,25.200,1612.0000,-1.066589
38.000,25.200,1613.0000,1.192035
38.000,25.200,1614.0000,-5.231032
38.000,25.200,1615.0000,0.662563
38.000,25.200,1616.0000,0.689708
38.000,25.200,1617.0000,15.510710
38.000,25.200,1618.0000,1.416155
38.000,25.200,1619.0000,6.177891
38.000,25.200,1620.0000,-4.127897
38.000,25.200,1621.0000,2.975803
38.000,25.200,1622.0000,2.883776
38.000,25.200,1623.0000,7.182545
38.000,25.200,1624.0000,8.505521
38.000,25.200,1625.0000,12.084154
38.000,25.200,1626.0000,-8.116076
38.000,25.200,1627.0000,13.742635
38.000,25.200,1628.0000,1.622545
38.000,25.200,1629.0000,7.445731
38.000,25.200,1630.0000,4.557258
38.000,25.200,1631.0000,-4.285400
38.000,25.200,1632.0000,6.608359
38.000,25.200,1633.0000,10.283738
38.000,25.200,1634.0000,0.640681
38.000,25.200,1635.0000,8.783440
38.000,25.200,1636.0000,6.234977
38.000,25.200,1637.0000,3.742750
38.000,25.200,1638.0000,-4.325868
38.000,25.200,1639.0000,6.183358
38.000,25.200,1640.0000,-3.950852
38.000,25.200,1641.0000,-4.547167
38.000,25.200,1642.0000,6.306296
38.000,25.200,1643.0000,9.559902
38.000,25.200,1644.0000,12.274289
38.000,25.200,1645.0000,12.406282
38.000,25.200,1646.0000,10.888896
38.000,25.200,1647.0000,2.169507
38.000,25.200,1648.0000,-1.053377
38.000,25.200,1649.0000,6.683417
38.000,25.200,1650.0000,6.890544
38.000,25.200,1651.0000,1.723980
38.000,25.200,1652.0000,6.169037
38.000,25.200,1653.0000,-7.204463
38.000,25.200,1654.0000,-1.349217
38.000,25.200,1655.0000,2.104148
38.000,25.200,1656.0000,-8.510947
38.000,25.200,1657.0000,1.972911
38.000,25.200,1658.0000,5.776351
38.000,25.200,1659.0000,16.446251
38.000,25.200,1660.0000,0.480771
38.000,25.200,1661.0000,13.307820
38.000,25.200,1662.0000,8.928653
38.000,25.200,1663.0000,-7.458794
38.000,25.200,1664.0000,16.424804
38.000,25.200,1665.0000,7.088828
38.000,25.200,1666.0000,9.888059
38.000,25.200,1667.0000,11.044230
38.000,25.200,1668.0000,5.184941
38.000,25.200,1669.0000,10.685867
38.000,25.200,1670.0000,0.679720
38.000,25.200,1671.0000,2.795258
38.000,25.200,1672.0000,11.566058
38.000,25.200,1673.0000,11.015976
38.000,25.200,1674.0000,2.028215
38.000,25.200,1675.0000,7.179334
38.000,25.200,1676.0000,6.376861
38.000,25.200,1677.0000,14.356480
38.000,25.200,1678.0000,16.914750
38.000,25.200,1679.0000,5.708435
38.000,25.200,1680.0000,1.832236
38.000,25.200,1681.0000,7.234566
38.000,25.200,1682.0000,4.999054
38.000,25.200,1683.0000,12.323775
38.000,25.200,1684.0000,9.411671
38.000,25.200,1685.0000,4.733530
38.000,25.200,1686.0000,14.545873
38.000,25.200,1687.0000,8.056427
38.000,25.200,1688.0000,14.278654
38.000,25.200,1689.0000,13.023152
38.000,25.200,1690.0000,2.791977
38.000,25.200,1691.0000,21.705637
38.000,25.200,1692.0000,18.316073
38.000,25.200,1693.0000,19.749345
38.000,25.200,1694.0000,19.717525
38.000,25.200,1695.0000,15.043177
38.000,25.200,1696.0000,6.595106
38.000,25.200,1697.0000,17.540856
38.000,25.200,1698.0000,22.337558
38.000,25.200,1699.0000,19.504458
38.000,25.200,1700.0000,21.537386
38.000,25.200,1701.0000,18.263261
38.000,25.200,1702.0000,27.994934
38.000,25.200,1703.0000,35.332479
38.000,25.200,1704.0000,29.594409
38.000,25.200,1705.0000,30.848865
38.000,25.200,1706.0000,27.214316
38.000,25.200,1707.0000,34.387873
38.000,25.200,1708.0000,39.870758
38.000,25.200,1709.0000,46.770107
38.000,25.200,1710.0000,46.098383
38.000,25.200,1711.0000,46.796352
38.000,25.200,1712.0000,59.733659
38.000,25.200,1713.0000,60.433271
38.000,25.200,1714.0000,60.563765
38.000,25.200,1715.0000,69.606274
38.000,25.200,1716.0000,91.654406
38.000,25.200,1717.0000,92.747437
38.000,25.200,1718.0000,112.821383
38.000,25.200,1719.0000,124.368665
38.000,25.200,1720.0000,137.439652
38.000,25.200,1721.0000,157.995645
38.000,25.200,1722.0000,183.812841
38.000,25.200,1723.0000,212.599839
38.000,25.200,1724.0000,234.266937
38.000,25.200,1725.0000,270.965394
38.000,25.200,1726.0000,303.407105
38.000,25.200,1727.0000,338.065070
38.000,25.200,1728.0000,385.209511
38.000,25.200,1729.0000,408.315982
38.000,25.200,1730.0000,416.620561
38.000,25.200,1731.0000,417.127755
38.000,25.200,1732.0000,383.836656
38.000,25.200,1733.0000,348.117015
38.000,25.200,1734.0000,305.062766
38.000,25.200,1735.0000,273.533143
38.000,25.200,1736.0000,243.211675
38.000,25.200,1737.0000,215.492801
38.000,25.200,1738.0000,183.500621
38.000,25.200,1739.0000,154.018642
38.000,25.200,1740.0000,136.078743
38.000,25.200,1741.0000,113.739718
38.000,25.200,1742.0000,102.127695
38.000,25.200,1743.0000,94.758016
38.000,25.200,1744.0000,78.949628
38.000,25.200,1745.0000,75.780440
38.000,25.200,1746.0000,74.688499
38.000,25.200,1747.0000,69.044175
38.000,25.200,1748.0000,48.766742
38.000,25.200,1749.0000,54.749494
38.000,25.200,1750.0000,51.722242
38.000,25.200,1751.0000,45.961692
38.000,25.200,1752.0000,37.058500
38.000,25.200,1753.0000,29.740693
38.000,25.200,1754.0000,33.854166
38.000,25.200,1755.0000,32.463236
38.000,25.200,1756.0000,29.666739
38.000,25.200,1757.0000,22.883219
38.000,25.200,1758.0000,24.453408
38.000,25.200,1759.0000,24.209096
38.000,25.200,1760.0000,25.135061
38.000,25.200,1761.0000,19.816603
38.000,25.200,1762.0000,15.290408
38.000,25.200,1763.0000,4.957079
38.000,25.200,1764.0000,17.982672
38.000,25.200,1765.0000,11.644754
38.000,25.200,1766.0000,21.964940
38.000,25.200,1767.0000,21.521001
38.000,25.200,1768.0000,14.293009
38.000,25.200,1769.0000,10.942336
38.000,25.200,1770.0000,14.781220
38.000,25.200,1771.0000,8.408738
38.000,25.200,1772.0000,9.119720
38.000,25.200,1773.0000,10.250393
38.000,25.200,1774.0000,8.041668
38.000,25.200,1775.0000,11.557876
38.000,25.200,1776.0000,8.066771
38.000,25.200,1777.0000,4.869092
38.000,25.200,1778.0000,8.858610
38.000,25.200,1779.0000,-9.537161
38.000,25.200,1780.0000,21.905418
38.000,25.200,1781.0000,13.428189
38.000,25.200,1782.0000,0.641692
38.000,25.200,1783.0000,20.260505
38.000,25.200,1784.0000,1.498221
38.000,25.200,1785.0000,9.889361
38.000,25.200,1786.0000,-2.578752
38.000,25.200,1787.0000,8.252957
38.000,25.200,1788.0000,12.460401
38.000,25.200,1789.0000,9.413652
38.000,25.200,1790.0000,2.977108
38.000,25.200,1791.0000,-1.199820
38.000,25.200,1792.0000,11.597595
38.000,25.200,1793.0000,3.526917
38.000,25.200,1794.0000,1.479909
38.000,25.200,1795.0000,2.222525
38.000,25.200,1796.0000,8.249997
38.000,25.200,1797.0000,8.498391
38.000,25.200,1798.0000,4.416739
38.000,25.200,1799.0000,6.829680
38.000,25.200,1800.0000,10.628123
38.000,25.200,1801.0000,11.591087
38.000,25.200,1802.0000,2.914065
38.000,25.200,1803.0000,-0.942088
38.000,25.200,1804.0000,6.423056
38.000,25.200,1805.0000,18.393319
38.000,25.200,1806.0000,8.370429
38.000,25.200,1807.0000,5.816041
38.000,25.200,1808.0000,-8.125073
38.000,25.200,1809.0000,5.339138
38.000,25.200,1810.0000,11.583729
38.000,25.200,1811.0000,-0.255999
38.000,25.200,1812.0000,8.970330
38.000,25.200,1813.0000,5.031635
38.000,25.200,1814.0000,9.842943
38.000,25.200,1815.0000,12.444949
38.000,25.200,1816.0000,3.377145
38.000,25.200,1817.0000,-6.317496
38.000,25.200,1818.0000,-0.990781
38.000,25.200,1819.0000,7.438494
38.000,25.200,1820.0000,-2.757741
38.000,25.200,1821.0000,-5.214326
38.000,25.200,1822.0000,-4.112082
38.000,25.200,1823.0000,6.936599
38.000,25.200,1824.0000,10.298203
38.000,25.200,1825.0000,0.101895
38.000,25.200,1826.0000,3.217815
38.000,25.200,1827.0000,4.959326
38.000,25.200,1828.0000,4.071352
38.000,25.200,1829.0000,15.024595
38.000,25.200,1830.0000,6.526840
38.000,25.200,1831.0000,1.147366
38.000,25.200,1832.0000,7.681593
38.000,25.200,1833.0000,3.983194
38.000,25.200,1834.0000,0.318647
38.000,25.200,1835.0000,8.811989
38.000,25.200,1836.0000,-10.428114
38.000,25.200,1837.0000,7.534569
38.000,25.200,1838.0000,2.103824
38.000,25.200,1839.0000,-0.192815
38.000,25.200,1840.0000,4.497489
38.000,25.200,1841.0000,-1.299814
38.000,25.200,1842.0000,8.524212
38.000,25.200,1843.0000,6.761982
38.000,25.200,1844.0000,3.564955
38.000,25.200,1845.0000,3.013485
38.000,25.200,1846.0000,8.278999
38.000,25.200,1847.0000,-2.048239
38.000,25.200,1848.0000,5.274265
38.000,25.200,1849.0000,13.649977
38.000,25.200,1850.0000,4.045381
38.000,25.200,1851.0000,-4.996984
38.000,25.200,1852.0000,0.749191
38.000,25.200,1853.0000,11.841123
38.000,25.200,1854.0000,0.260510
38.000,25.200,1855.0000,14.963455
38.000,25.200,1856.0000,0.084780
38.000,25.200,1857.0000,-2.010827
38.000,25.200,1858.0000,2.033770
38.000,25.200,1859.0000,-4.999536
38.000,25.200,1860.0000,17.689444
38.000,25.200,1861.0000,2.736840
38.000,25.200,1862.0000,4.103182
38.000,25.200,1863.0000,5.284718
38.000,25.200,1864.0000,1.006667
38.000,25.200,1865.0000,-0.653597
38.000,25.200,1866.0000,1.195460
38.000,25.200,1867.0000,15.619514
38.000,25.200,1868.0000,2.533859
38.000,25.200,1869.0000,-6.029133
38.000,25.200,1870.0000,5.304634
38.000,25.200,1871.0000,0.066642
38.000,25.200,1872.0000,2.452682
38.000,25.200,1873.0000,0.914631
38.000,25.200,1874.0000,3.312723
38.000,25.200,1875.0000,-10.150142
38.000,25.200,1876.0000,-7.157501
38.000,25.200,1877.0000,2.319157
38.000,25.200,1878.0000,9.141282
38.000,25.200,1879.0000,5.286001
38.000,25.200,1880.0000,1.384173
38.000,25.200,1881.0000,1.307319
38.000,25.200,1882.0000,-3.449498
38.000,25.200,1883.0000,15.927693
38.000,25.200,1884.0000,-5.342309
38.000,25.200,1885.0000,3.679260
38.000,25.200,1886.0000,-2.110178
38.000,25.200,1887.0000,2.218668
38.000,25.200,1888.0000,-4.338069
38.000,25.200,1889.0000,2.988995
38.000,25.200,1890.0000,7.828306
38.000,25.200,1891.0000,2.703303
38.000,25.200,1892.0000,-7.934816
38.000,25.200,1893.0000,3.196488
38.000,25.200,1894.0000,0.156985
38.000,25.200,1895.0000,-1.091248
38.000,25.200,1896.0000,10.715214
38.000,25.200,1897.0000,10.006863
38.000,25.200,1898.0000,7.070575
38.000,25.200,1899.0000,4.761612
38.000,25.200,1900.0000,-3.461865
38.000,25.200,1901.0000,9.031806
38.000,25.200,1902.0000,1.191047
38.000,25.200,1903.0000,-3.651751
38.000,25.200,1904.0000,-3.936912
38.000,25.200,1905.0000,6.709980
38.000,25.200,1906.0000,-9.296432
38.000,25.200,1907.0000,1.507094
38.000,25.200,1908.0000,-2.296153
38.000,25.200,1909.0000,-0.005916
38.000,25.200,1910.0000,-3.127305
38.000,25.200,1911.0000,-4.975297
38.000,25.200,1912.0000,-8.671550
38.000,25.200,1913.0000,0.343195
38.000,25.200,1914.0000,-3.572242
38.000,25.200,1915.0000,7.616069
38.000,25.200,1916.0000,1.872567
38.000,25.200,1917.0000,-0.973135
38.000,25.200,1918.0000,-2.812319
38.000,25.200,1919.0000,6.040224
38.000,25.200,1920.0000,-1.232849
38.000,25.200,1921.0000,10.930806
38.000,25.200,1922.0000,3.589390
38.000,25.200,1923.0000,2.564543
38.000,25.200,1924.0000,-3.392865
38.000,25.200,1925.0000,2.261364
38.000,25.200,1926.0000,0.180723
38.000,25.200,1927.0000,-6.584733
38.000,25.200,1928.0000,6.304033
38.000,25.200,1929.0000,9.194657
38.000,25.200,1930.0000,4.575508
38.000,25.200,1931.0000,6.825320
38.000,25.200,1932.0000,-4.607529
38.000,25.200,1933.0000,-2.323397
38.000,25.200,1934.0000,11.681994
38.000,25.200,1935.0000,-3.654926
38.000,25.200,1936.0000,18.901596
38.000,25.200,1937.0000,-10.812852
38.000,25.200,1938.0000,1.093686
38.000,25.200,1939.0000,-5.990864
38.000,25.200,1940.0000,-3.547673
38.000,25.200,1941.0000,1.039352
38.000,25.200,1942.0000,9.320999
38.000,25.200,1943.0000,-3.912765
38.000,25.200,1944.0000,-8.838687
38.000,25.200,1945.0000,-6.423139
38.000,25.200,1946.0000,-6.060030
38.000,25.200,1947.0000,3.403746
38.000,25.200,1948.0000,9.628771
38.000,25.200,1949.0000,5.317365
38.000,25.200,1950.0000,2.472425
38.000,25.200,1951.0000,0.084819
38.000,25.200,1952.0000,-5.060298
38.000,25.200,1953.0000,-0.243603
38.000,25.200,1954.0000,-5.266061
38.000,25.200,1955.0000,-8.118338
38.000,25.200,1956.0000,7.386903
38.000,25.200,1957.0000,-1.558796
38.000,25.200,1958.0000,-6.561562
38.000,25.200,1959.0000,-0.974712
38.000,25.200,1960.0000,3.122992
38.000,25.200,1961.0000,-0.246509
38.000,25.200,1962.0000,1.111607
38.000,25.200,1963.0000,8.386522
38.000,25.200,1964.0000,1.105072
38.000,25.200,1965.0000,4.034443
38.000,25.200,1966.0000,9.629090
38.000,25.200,1967.0000,-0.646662
38.000,25.200,1968.0000,7.463431
38.000,25.200,1969.0000,-4.216811
38.000,25.200,1970.0000,8.137769
38.000,25.200,1971.0000,-7.746244
38.000,25.200,1972.0000,-2.797287
38.000,25.200,1973.0000,1.786773
38.000,25.200,1974.0000,6.709188
38.000,25.200,1975.0000,3.247162
38.000,25.200,1976.0000,-8.887562
38.000,25.200,1977.0000,5.541005
38.000,25.200,1978.0000,5.614821
38.000,25.200,1979.0000,3.774661
38.000,25.200,1980.0000,-4.309016
38.000,25.200,1981.0000,-0.479090
38.000,25.200,1982.0000,0.928256
38.000,25.200,1983.0000,8.584660
38.000,25.200,1984.0000,-4.875603
38.000,25.200,1985.0000,1.682885
38.000,25.200,1986.0000,-6.309913
38.000,25.200,1987.0000,-0.579286
38.000,25.200,1988.0000,-3.414308
38.000,25.200,1989.0000,-9.849971
38.000,25.200,1990.0000,-4.400592
38.000,25.200,1991.0000,4.180415
38.000,25.200,1992.0000,-7.946658
38.000,25.200,1993.0000,-9.962284
38.000,25.200,1994.0000,0.007242
38.000,25.200,1995.0000,12.114999
38.000,25.200,1996.0000,-5.585053
38.000,25.200,1997.0000,0.794377
38.000,25.200,1998.0000,-6.043112
38.000,25.200,1999.0000,11.056825
38.000,25.200,2000.0000,-6.338702
38.000,25.300,200.0000,0.517155
38.000,25.300,201.0000,-1.502436
38.000,25.300,202.0000,5.775040
38.000,25.300,203.0000,-1.561704
38.000,25.300,204.0000,1.812821
38.000,25.300,205.0000,9.443692
38.000,25.300,206.0000,-2.370269
38.000,25.300,207.0000,-1.935059
38.000,25.300,208.0000,-0.433587
38.000,25.300,209.0000,2.730172
38.000,25.300,210.0000,-5.950096
38.000,25.300,211.0000,-2.328481
38.000,25.300,212.0000,-5.583844
38.000,25.300,213.0000,4.774769
38.000,25.300,214.0000,11.864307
38.000,25.300,215.0000,-5.067853
38.000,25.300,216.0000,-3.557302
38.000,25.300,217.0000,9.435437
38.000,25.300,218.0000,4.453665
38.000,25.300,219.0000,1.412322
38.000,25.300,220.0000,-1.659611
38.000,25.300,221.0000,-2.031758
38.000,25.300,222.0000,-6.432403
38.000,25.300,223.0000,11.129330
38.000,25.300,224.0000,-0.481206
38.000,25.300,225.0000,-5.781235
38.000,25.300,226.0000,0.020984
38.000,25.300,227.0000,-7.452266
38.000,25.300,228.0000,4.449109
38.000,25.300,229.0000,-5.533820
38.000,25.300,230.0000,0.819165
38.000,25.300,231.0000,-10.157382
38.000,25.300,232.0000,-1.506439
38.000,25.300,233.0000,-0.502208
38.000,25.300,234.0000,-6.465901
38.000,25.300,235.0000,-13.716620
38.000,25.300,236.0000,3.056765
38.000,25.300,237.0000,-8.805711
38.000,25.300,238.0000,12.140266
38.000,25.300,239.0000,4.672471
38.000,25.300,240.0000,0.220316
38.000,25.300,241.0000,-5.278100
38.000,25.300,242.0000,15.206124
38.000,25.300,243.0000,-1.661878
38.000,25.300,244.0000,-0.125678
38.000,25.300,245.0000,12.259015
38.000,25.300,246.0000,-1.650515
38.000,25.300,247.0000,-2.424709
38.000,25.300,248.0000,-2.111583
38.000,25.300,249.0000,3.161602
38.000,25.300,250.0000,-0.550965
38.000,25.300,251.0000,1.627506
38.000,25.300,252.0000,-2.993399
38.000,25.300,253.0000,3.261807
38.000,25.300,254.0000,-10.300893
38.000,25.300,255.0000,0.996737
38.000,25.300,256.0000,-3.694183
38.000,25.300,257.0000,3.706814
38.000,25.300,258.0000,6.663032
38.000,25.300,259.0000,-2.681756
38.000,25.300,260.0000,0.446734
38.000,25.300,261.0000,8.207267
38.000,25.300,262.0000,4.030416
38.000,25.300,263.0000,-7.894776
38.000,25.300,264.0000,4.372314
38.000,25.300,265.0000,-2.186141
38.000,25.300,266.0000,1.162547
38.000,25.300,267.0000,-2.198888
38.000,25.300,268.0000,10.221921
38.000,25.300,269.0000,11.223868
38.000,25.300,270.0000,-1.320710
38.000,25.300,271.0000,-11.034924
38.000,25.300,272.0000,0.550534
38.000,25.300,273.0000,-8.832907
38.000,25.300,274.0000,-2.256523
38.000,25.300,275.0000,-0.545774
38.000,25.300,276.0000,5.951970
38.000,25.300,277.0000,-6.372825
38.000,25.300,278.0000,-2.875229
38.000,25.300,279.0000,-12.041547
38.000,25.300,280.0000,3.434506
38.000,25.300,281.0000,2.162589
38.000,25.300,282.0000,5.018271
38.000,25.300,283.0000,2.744184
38.000,25.300,284.0000,7.902523
38.000,25.300,285.0000,-0.160616
38.000,25.300,286.0000,-7.092735
38.000,25.300,287.0000,-7.999404
38.000,25.300,288.0000,2.890804
38.000,25.300,289.0000,-0.781794
38.000,25.300,290.0000,3.490234
38.000,25.300,291.0000,-3.470691
38.000,25.300,292.0000,1.420943
38.000,25.300,293.0000,-9.543961
38.000,25.300,294.0000,-8.081169
38.000,25.300,295.0000,2.573788
38.000,25.300,296.0000,1.860626
38.000,25.300,297.0000,-0.474251
38.000,25.300,298.0000,5.535672
38.000,25.300,299.0000,-2.823975
38.000,25.300,300.0000,3.209715
38.000,25.300,301.0000,2.570450
38.000,25.300,302.0000,0.201427
38.000,25.300,303.0000,-1.006754
38.000,25.300,304.0000,3.153815
38.000,25.300,305.0000,1.707715
38.000,25.300,306.0000,-1.599594
38.000,25.300,307.0000,8.259722
38.000,25.300,308.0000,12.118253
38.000,25.300,309.0000,-3.882199
38.000,25.300,310.0000,-1.189737
38.000,25.300,311.0000,-3.624875
38.000,25.300,312.0000,3.544342
38.000,25.300,313.0000,-2.476494
38.000,25.300,314.0000,12.024958
38.000,25.300,315.0000,12.938079
38.000,25.300,316.0000,2.159597
38.000,25.300,317.0000,-6.843669
38.000,25.300,318.0000,-9.565841
38.000,25.300,319.0000,-5.311592
38.000,25.300,320.0000,-7.178236
38.000,25.300,321.0000,-1.467257
38.000,25.300,322.0000,0.036163
38.000,25.300,323.0000,3.649051
38.000,25.300,324.0000,-2.238421
38.000,25.300,325.0000,3.603429
38.000,25.300,326.0000,-2.798088
38.000,25.300,327.0000,-6.622808
38.000,25.300,328.0000,5.174454
38.000,25.300,329.0000,-7.069878
38.000,25.300,330.0000,-3.500545
38.000,25.300,331.0000,16.743218
38.000,25.300,332.0000,-8.311954
38.000,25.300,333.0000,-1.995392
38.000,25.300,334.0000,-7.304057
38.000,25.300,335.0000,-3.936402
38.000,25.300,336.0000,1.491960
38.000,25.300,337.0000,-6.908217
38.000,25.300,338.0000,6.211992
38.000,25.300,339.0000,9.793742
38.000,25.300,340.0000,-10.443945
38.000,25.300,341.0000,-9.291097
38.000,25.300,342.0000,-2.588208
38.000,25.300,343.0000,-2.348346
38.000,25.300,344.0000,-1.208345
38.000,25.300,345.0000,-3.605583
38.000,25.300,346.0000,5.320323
38.000,25.300,347.0000,-2.985771
38.000,25.300,348.0000,-18.569950
38.000,25.300,349.0000,-8.027444
38.000,25.300,350.0000,2.930637
38.000,25.300,351.0000,-2.360249
38.000,25.300,352.0000,17.758496
38.000,25.300,353.0000,-0.588655
38.000,25.300,354.0000,-0.056207
38.000,25.300,355.0000,-1.123068
38.000,25.300,356.0000,12.223477
38.000,25.300,357.0000,9.615278
38.000,25.300,358.0000,1.452053
38.000,25.300,359.0000,-8.463282
38.000,25.300,360.0000,-1.439041
38.000,25.300,361.0000,6.892628
38.000,25.300,362.0000,-0.999986
38.000,25.300,363.0000,10.503806
38.000,25.300,364.0000,7.993878
38.000,25.300,365.0000,4.938354
38.000,25.300,366.0000,2.561595
38.000,25.300,367.0000,-8.174074
38.000,25.300,368.0000,3.453140
38.000,25.300,369.0000,-2.222309
38.000,25.300,370.0000,-0.194029
38.000,25.300,371.0000,2.913318
38.000,25.300,372.0000,-5.081356
38.000,25.300,373.0000,4.748291
38.000,25.300,374.0000,11.155604
38.000,25.300,375.0000,1.112597
38.000,25.300,376.0000,7.772873
38.000,25.300,377.0000,-12.663382
38.000,25.300,378.0000,-13.352743
38.000,25.300,379.0000,-10.428756
38.000,25.300,380.0000,-2.373673
38.000,25.300,381.0000,-3.279077
38.000,25.300,382.0000,1.394642
38.000,25.300,383.0000,-1.657355
38.000,25.300,384.0000,3.440516
38.000,25.300,385.0000,-3.323169
38.000,25.300,386.0000,-7.538417
38.000,25.300,387.0000,-7.058953
38.000,25.300,388.0000,-8.146338
38.000,25.300,389.0000,1.439290
38.000,25.300,390.0000,3.205661
38.000,25.300,391.0000,1.796937
38.000,25.300,392.0000,-1.768682
38.000,25.300,393.0000,7.897372
38.000,25.300,394.0000,3.717608
38.000,25.300,395.0000,-7.688760
38.000,25.300,396.0000,7.499740
38.000,25.300,397.0000,3.275563
38.000,25.300,398.0000,4.192997
38.000,25.300,399.0000,-0.641242
38.000,25.300,400.0000,2.250252
38.000,25.300,401.0000,1.094184
38.000,25.300,402.0000,-7.360511
38.000,25.300,403.0000,3.963691
38.000,25.300,404.0000,-0.999668
38.000,25.300,405.0000,0.724685
38.000,25.300,406.0000,-6.099678
38.000,25.300,407.0000,3.832628
38.000,25.300,408.0000,1.248803
38.000,25.300,409.0000,-8.464157
38.000,25.300,410.0000,2.056595
38.000,25.300,411.0000,-7.403200
38.000,25.300,412.0000,6.394489
38.000,25.300,413.0000,8.518075
38.000,25.300,414.0000,0.856754
38.000,25.300,415.0000,-7.636652
38.000,25.300,416.0000,2.602368
38.000,25.300,417.0000,-2.316327
38.000,25.300,418.0000,0.226646
38.000,25.300,419.0000,2.301112
38.000,25.300,420.0000,-1.784241
38.000,25.300,421.0000,6.767189
38.000,25.300,422.0000,4.246810
38.000,25.300,423.0000,-1.727472
38.000,25.300,424.0000,-6.789667
38.000,25.300,425.0000,0.735773
38.000,25.300,426.0000,3.204115
38.000,25.300,427.0000,0.042976
38.000,25.300,428.0000,5.230559
38.000,25.300,429.0000,3.744412
38.000,25.300,430.0000,-7.037098
38.000,25.300,431.0000,-3.529973
38.000,25.300,432.0000,7.082871
38.000,25.300,433.0000,-1.332430
38.000,25.300,434.0000,7.373087
38.000,25.300,435.0000,-4.747581
38.000,25.300,436.0000,4.400282
38.000,25.300,437.0000,-2.052726
38.000,25.300,438.0000,-9.298186
38.000,25.300,439.0000,-2.180499
38.000,25.300,440.0000,8.126070
38.000,25.300,441.0000,6.120074
38.000,25.300,442.0000,3.291783
38.000,25.300,443.0000,1.891414
38.000,25.300,444.0000,2.925675
38.000,25.300,445.0000,-2.633259
38.000,25.300,446.0000,5.082389
38.000,25.300,447.0000,-11.282399
38.000,25.300,448.0000,5.428019
38.000,25.300,449.0000,7.654536
38.000,25.300,450.0000,-5.872737
38.000,25.300,451.0000,2.025519
38.000,25.300,452.0000,-6.529185
38.000,25.300,453.0000,12.491743
38.000,25.300,454.0000,-7.188075
38.000,25.300,455.0000,3.218644
38.000,25.300,456.0000,-3.879755
38.000,25.300,457.0000,2.379498
38.000,25.300,458.0000,-2.248586
38.000,25.300,459.0000,-5.418763
38.000,25.300,460.0000,8.522867
38.000,25.300,461.0000,0.559255
38.000,25.300,462.0000,9.766192
38.000,25.300,463.0000,-3.704185
38.000,25.300,464.0000,-0.655431
38.000,25.300,465.0000,6.275180
38.000,25.300,466.0000,-1.249075
38.000,25.300,467.0000,3.918317
38.000,25.300,468.0000,6.194042
38.000,25.300,469.0000,-3.114672
38.000,25.300,470.0000,1.765519
38.000,25.300,471.0000,9.203122
38.000,25.300,472.0000,5.789352
38.000,25.300,473.0000,-10.752104
38.000,25.300,474.0000,-6.642243
38.000,25.300,475.0000,7.208232
38.000,25.300,476.0000,2.333344
38.000,25.300,477.0000,-6.731810
38.000,25.300,478.0000,4.056216
38.000,25.300,479.0000,-2.933054
38.000,25.300,480.0000,-1.644657
38.000,25.300,481.0000,-5.186022
38.000,25.300,482.0000,-3.932046
38.000,25.300,483.0000,0.804609
38.000,25.300,484.0000,-8.110819
38.000,25.300,485.0000,-7.368443
38.000,25.300,486.0000,-11.863891
38.000,25.300,487.0000,6.753229
38.000,25.300,488.0000,-11.527616
38.000,25.300,489.0000,-3.870911
38.000,25.300,490.0000,8.677299
38.000,25.300,491.0000,2.627617
38.000,25.300,492.0000,3.391508
38.000,25.300,493.0000,-7.293642
38.000,25.300,494.0000,-0.941269
38.000,25.300,495.0000,0.825473
38.000,25.300,496.0000,1.824070
38.000,25.300,497.0000,9.927463
38.000,25.300,498.0000,-6.894751
38.000,25.300,499.0000,-2.489170
38.000,25.300,500.0000,-2.906937
38.000,25.300,501.0000,-5.075653
38.000,25.300,502.0000,-8.598460
38.000,25.300,503.0000,-17.099597
38.000,25.300,504.0000,2.066757
38.000,25.300,505.0000,4.847346
38.000,25.300,506.0000,3.310622
38.000,25.300,507.0000,-3.046897
38.000,25.300,508.0000,6.014719
38.000,25.300,509.0000,-3.161562
38.000,25.300,510.0000,3.459727
38.000,25.300,511.0000,2.359719
38.000,25.300,512.0000,3.370917
38.000,25.300,513.0000,-9.758764
38.000,25.300,514.0000,5.551013
38.000,25.300,515.0000,-14.243582
38.000,25.300,516.0000,5.734847
38.000,25.300,517.0000,-0.836638
38.000,25.300,518.0000,-5.646311
38.000,25.300,519.0000,-5.831094
38.000,25.300,520.0000,0.859273
38.000,25.300,521.0000,2.844528
38.000,25.300,522.0000,9.290747
38.000,25.300,523.0000,-2.896764
38.000,25.300,524.0000,1.754643
38.000,25.300,525.0000,-6.646034
38.000,25.300,526.0000,-0.981273
38.000,25.300,527.0000,-4.501809
38.000,25.300,528.0000,0.310024
38.000,25.300,529.0000,-0.179242
38.000,25.300,530.0000,10.992654
38.000,25.300,531.0000,0.104559
38.000,25.300,532.0000,-3.068839
38.000,25.300,533.0000,8.117799
38.000,25.300,534.0000,-4.834580
38.000,25.300,535.0000,4.066231
38.000,25.300,536.0000,1.271474
38.000,25.300,537.0000,-4.143594
38.000,25.300,538.0000,-3.441714
38.000,25.300,539.0000,-2.658995
38.000,25.300,540.0000,-2.025528
38.000,25.300,541.0000,0.237006
38.000,25.300,542.0000,-3.409567
38.000,25.300,543.0000,5.216643
38.000,25.300,544.0000,2.215429
38.000,25.300,545.0000,8.495054
38.000,25.300,546.0000,15.602138
38.000,25.300,547.0000,11.823618
38.000,25.300,548.0000,8.298262
38.000,25.300,549.0000,3.121714
38.000,25.300,550.0000,-1.431925
38.000,25.300,551.0000,-10.394242
38.000,25.300,552.0000,7.651085
38.000,25.300,553.0000,-6.123642
38.000,25.300,554.0000,-3.855424
38.000,25.300,555.0000,-4.959757
38.000,25.300,556.0000,-7.472878
38.000,25.300,557.0000,-1.990979
38.000,25.300,558.0000,7.499531
38.000,25.300,559.0000,-1.559755
38.000,25.300,560.0000,7.443187
38.000,25.300,561.0000,-14.932449
38.000,25.300,562.0000,0.510543
38.000,25.300,563.0000,6.630964
38.000,25.300,564.0000,2.139449
38.000,25.300,565.0000,1.908518
38.000,25.300,566.0000,7.365535
38.000,25.300,567.0000,1.143569
38.000,25.300,568.0000,6.604238
38.000,25.300,569.0000,2.214705
38.000,25.300,570.0000,-3.688959
38.000,25.300,571.0000,0.079177
38.000,25.300,572.0000,7.393414
38.000,25.300,573.0000,5.677994
38.000,25.300,574.0000,8.354874
38.000,25.300,575.0000,-1.488084
38.000,25.300,576.0000,4.602730
38.000,25.300,577.0000,-5.297457
38.000,25.300,578.0000,7.320948
38.000,25.300,579.0000,-0.168468
38.000,25.300,580.0000,5.471245
38.000,25.300,581.0000,7.397941
38.000,25.300,582.0000,4.198606
38.000,25.300,583.0000,5.287446
38.000,25.300,584.0000,6.985470
38.000,25.300,585.0000,7.309669
38.000,25.300,586.0000,6.169166
38.000,25.300,587.0000,8.389878
38.000,25.300,588.0000,-2.674485
38.000,25.300,589.0000,-0.162052
38.000,25.300,590.0000,14.914109
38.000,25.300,591.0000,5.070085
38.000,25.300,592.0000,-0.800684
38.000,25.300,593.0000,-0.228449
38.000,25.300,594.0000,-2.219870
38.000,25.300,595.0000,2.610518
38.000,25.300,596.0000,8.637483
38.000,25.300,597.0000,5.218484
38.000,25.300,598.0000,8.023386
38.000,25.300,599.0000,12.934402
38.000,25.300,600.0000,7.859174
38.000,25.300,601.0000,0.983839
38.000,25.300,602.0000,4.828135
38.000,25.300,603.0000,6.187581
38.000,25.300,604.0000,14.968939
38.000,25.300,605.0000,23.682243
38.000,25.300,606.0000,21.993515
38.000,25.300,607.0000,26.879377
38.000,25.300,608.0000,26.884175
38.000,25.300,609.0000,6.523322
38.000,25.300,610.0000,42.034988
38.000,25.300,611.0000,25.217379
38.000,25.300,612.0000,27.849899
38.000,25.300,613.0000,49.743547
38.000,25.300,614.0000,54.855820
38.000,25.300,615.0000,71.843692
38.000,25.300,616.0000,88.107673
38.000,25.300,617.0000,121.889110
38.000,25.300,618.0000,138.724000
38.000,25.300,619.0000,145.161040
38.000,25.300,620.0000,154.485814
38.000,25.300,621.0000,159.962329
38.000,25.300,622.0000,138.597031
38.000,25.300,623.0000,110.436543
38.000,25.300,624.0000,98.487720
38.000,25.300,625.0000,76.280431
38.000,25.300,626.0000,54.875332
38.000,25.300,627.0000,52.325330
38.000,25.300,628.0000,40.596729
38.000,25.300,629.0000,39.232614
38.000,25.300,630.0000,18.992527
38.000,25.300,631.0000,28.786167
38.000,25.300,632.0000,23.244625
38.000,25.300,633.0000,20.688884
38.000,25.300,634.0000,13.741049
38.000,25.300,635.0000,19.253161
38.000,25.300,636.0000,8.452551
38.000,25.300,637.0000,15.642320
38.000,25.300,638.0000,14.887080
38.000,25.300,639.0000,4.612553
38.000,25.300,640.0000,1.379011
38.000,25.300,641.0000,3.988915
38.000,25.300,642.0000,5.707988
38.000,25.300,643.0000,-6.458585
38.000,25.300,644.0000,-3.868436
38.000,25.300,645.0000,19.446141
38.000,25.300,646.0000,14.797099
38.000,25.300,647.0000,6.014704
38.000,25.300,648.0000,6.253300
38.000,25.300,649.0000,4.646882
38.000,25.300,650.0000,10.227132
38.000,25.300,651.0000,4.215057
38.000,25.300,652.0000,2.326501
38.000,25.300,653.0000,6.947839
38.000,25.300,654.0000,6.957041
38.000,25.300,655.0000,4.058325
38.000,25.300,656.0000,8.911262
38.000,25.300,657.0000,-1.212129
38.000,25.300,658.0000,10.053083
38.000,25.300,659.0000,3.166312
38.000,25.300,660.0000,-3.128486
38.000,25.300,661.0000,1.605508
38.000,25.300,662.0000,3.063853
38.000,25.300,663.0000,1.600402
38.000,25.300,664.0000,-0.562157
38.000,25.300,665.0000,7.251374
38.000,25.300,666.0000,5.553915
38.000,25.300,667.0000,6.042526
38.000,25.300,668.0000,-3.992438
38.000,25.300,669.0000,7.183136
38.000,25.300,670.0000,4.422168
38.000,25.300,671.0000,-4.314981
38.000,25.300,672.0000,-3.204452
38.000,25.300,673.0000,3.044317
38.000,25.300,674.0000,3.770227
38.000,25.300,675.0000,-5.415883
38.000,25.300,676.0000,2.371073
38.000,25.300,677.0000,-6.292575
38.000,25.300,678.0000,8.943099
38.000,25.300,679.0000,-5.027567
38.000,25.300,680.0000,7.123160
38.000,25.300,681.0000,10.782149
38.000,25.300,682.0000,9.156487
38.000,25.300,683.0000,2.990364
38.000,25.300,684.0000,-4.769745
38.000,25.300,685.0000,1.226720
38.000,25.300,686.0000,-3.305125
38.000,25.300,687.0000,-2.588577
38.000,25.300,688.0000,-0.074797
38.000,25.300,689.0000,6.900527
38.000,25.300,690.0000,0.758673
38.000,25.300,691.0000,-2.493526
38.000,25.300,692.0000,-0.181828
38.000,25.300,693.0000,6.136997
38.000,25.300,694.0000,-0.563895
38.000,25.300,695.0000,-6.979666
38.000,25.300,696.0000,-0.843236
38.000,25.300,697.0000,3.318923
38.000,25.300,698.0000,9.569557
38.000,25.300,699.0000,-2.561681
38.000,25.300,700.0000,1.724010
38.000,25.300,701.0000,4.354283
38.000,25.300,702.0000,-0.563964
38.000,25.300,703.0000,-11.446791
38.000,25.300,704.0000,11.475417
38.000,25.300,705.0000,-2.202780
38.000,25.300,706.0000,14.111442
38.000,25.300,707.0000,7.544308
38.000,25.300,708.0000,-0.117219
38.000,25.300,709.0000,-0.819204
38.000,25.300,710.0000,-0.413584
38.000,25.300,711.0000,0.195646
38.000,25.300,712.0000,-1.947538
38.000,25.300,713.0000,-1.070945
38.000,25.300,714.0000,-6.468683
38.000,25.300,715.0000,-10.128156
38.000,25.300,716.0000,10.735414
38.000,25.300,717.0000,2.114868
38.000,25.300,718.0000,-4.400579
38.000,25.300,719.0000,-4.206307
38.000,25.300,720.0000,-2.654046
38.000,25.300,721.0000,-0.782892
38.000,25.300,722.0000,-2.873197
38.000,25.300,723.0000,-5.012054
38.000,25.300,724.0000,2.366619
38.000,25.300,725.0000,4.251636
38.000,25.300,726.0000,6.819461
38.000,25.300,727.0000,-6.375155
38.000,25.300,728.0000,-0.751585
38.000,25.300,729.0000,-4.178715
38.000,25.300,730.0000,2.548643
38.000,25.300,731.0000,-8.352185
38.000,25.300,732.0000,-2.914584
38.000,25.300,733.0000,1.477920
38.000,25.300,734.0000,11.863363
38.000,25.300,735.0000,-1.661745
38.000,25.300,736.0000,-8.112453
38.000,25.300,737.0000,-5.138637
38.000,25.300,738.0000,-2.882329
38.000,25.300,739.0000,0.687664
38.000,25.300,740.0000,-8.080442
38.000,25.300,741.0000,11.998261
38.000,25.300,742.0000,-0.934109
38.000,25.300,743.0000,-2.058781
38.000,25.300,744.0000,-3.095749
38.000,25.300,745.0000,0.820362
38.000,25.300,746.0000,-1.429057
38.000,25.300,747.0000,-1.890315
38.000,25.300,748.0000,-7.525148
38.000,25.300,749.0000,2.740266
38.000,25.300,750.0000,-4.505346
38.000,25.300,751.0000,-1.249717
38.000,25.300,752.0000,-2.801824
38.000,25.300,753.0000,10.711995
38.000,25.300,754.0000,-2.280639
38.000,25.300,755.0000,-4.089352
38.000,25.300,756.0000,5.435012
38.000,25.300,757.0000,-4.901397
38.000,25.300,758.0000,-5.154435
38.000,25.300,759.0000,3.958287
38.000,25.300,760.0000,9.682162
38.000,25.300,761.0000,4.231741
38.000,25.300,762.0000,-11.812739
38.000,25.300,763.0000,-3.261631
38.000,25.300,764.0000,5.786646
38.000,25.300,765.0000,2.621344
38.000,25.300,766.0000,0.150844
38.000,25.300,767.0000,16.436261
38.000,25.300,768.0000,3.740245
38.000,25.300,769.0000,15.403763
38.000,25.300,770.0000,14.897886
38.000,25.300,771.0000,5.369335
38.000,25.300,772.0000,9.920197
38.000,25.300,773.0000,0.557970
38.000,25.300,774.0000,15.117888
38.000,25.300,775.0000,11.687207
38.000,25.300,776.0000,3.615236
38.000,25.300,777.0000,13.195898
38.000,25.300,778.0000,20.952687
38.000,25.300,779.0000,16.862387
38.000,25.300,780.0000,8.285501
38.000,25.300,781.0000,22.148292
38.000,25.300,782.0000,17.013851
38.000,25.300,783.0000,13.097639
38.000,25.300,784.0000,25.956693
38.000,25.300,785.0000,21.511506
38.000,25.300,786.0000,30.116248
38.000,25.300,787.0000,28.874968
38.000,25.300,788.0000,40.706761
38.000,25.300,789.0000,44.641062
38.000,25.300,790.0000,50.745446
38.000,25.300,791.0000,58.990420
38.000,25.300,792.0000,73.635372
38.000,25.300,793.0000,82.197768
38.000,25.300,794.0000,83.064721
38.000,25.300,795.0000,82.671978
38.000,25.300,796.0000,85.315820
38.000,25.300,797.0000,85.023363
38.000,25.300,798.0000,67.130460
38.000,25.300,799.0000,49.207630
38.000,25.300,800.0000,57.571428
38.000,25.300,801.0000,38.669915
38.000,25.300,802.0000,24.493096
38.000,25.300,803.0000,33.392969
38.000,25.300,804.0000,32.032040
38.000,25.300,805.0000,15.147348
38.000,25.300,806.0000,17.495836
38.000,25.300,807.0000,15.532048
38.000,25.300,808.0000,17.652175
38.000,25.300,809.0000,14.915926
38.000,25.300,810.0000,7.413443
38.000,25.300,811.0000,10.297942
38.000,25.300,812.0000,10.494849
38.000,25.300,813.0000,5.205436
38.000,25.300,814.0000,12.389501
38.000,25.300,815.0000,13.026317
38.000,25.300,816.0000,7.254882
38.000,25.300,817.0000,11.767547
38.000,25.300,818.0000,10.438216
38.000,25.300,819.0000,19.245259
38.000,25.300,820.0000,-3.549834
38.000,25.300,821.0000,-1.163640
38.000,25.300,822.0000,10.654746
38.000,25.300,823.0000,-6.110391
38.000,25.300,824.0000,5.617642
38.000,25.300,825.0000,7.657300
38.000,25.300,826.0000,5.597024
38.000,25.300,827.0000,12.432942
38.000,25.300,828.0000,-0.291973
38.000,25.300,829.0000,-3.039409
38.000,25.300,830.0000,2.515274
38.000,25.300,831.0000,4.812344
38.000,25.300,832.0000,-2.573103
38.000,25.300,833.0000,11.545064
38.000,25.300,834.0000,-4.081099
38.000,25.300,835.0000,9.086536
38.000,25.300,836.0000,1.985015
38.000,25.300,837.0000,4.551814
38.000,25.300,838.0000,7.268367
38.000,25.300,839.0000,-2.654991
38.000,25.300,840.0000,17.037529
38.000,25.300,841.0000,20.448693
38.000,25.300,842.0000,6.737899
38.000,25.300,843.0000,-1.401519
38.000,25.300,844.0000,5.452364
38.000,25.300,845.0000,4.068869
38.000,25.300,846.0000,5.947602
38.000,25.300,847.0000,5.631319
38.000,25.300,848.0000,-2.735109
38.000,25.300,849.0000,10.741645
38.000,25.300,850.0000,-1.526243
38.000,25.300,851.0000,1.703194
38.000,25.300,852.0000,1.269046
38.000,25.300,853.0000,-3.100181
38.000,25.300,854.0000,2.423178
38.000,25.300,855.0000,-4.273411
38.000,25.300,856.0000,-5.059060
38.000,25.300,857.0000,1.739449
38.000,25.300,858.0000,-1.750086
38.000,25.300,859.0000,-4.488441
38.000,25.300,860.0000,-7.855742
38.000,25.300,861.0000,9.191747
38.000,25.300,862.0000,0.546873
38.000,25.300,863.0000,-1.224887
38.000,25.300,864.0000,3.379782
38.000,25.300,865.0000,-8.157424
38.000,25.300,866.0000,3.826175
38.000,25.300,867.0000,6.807418
38.000,25.300,868.0000,-5.077950
38.000,25.300,869.0000,-0.531941
38.000,25.300,870.0000,8.459989
38.000,25.300,871.0000,7.180440
38.000,25.300,872.0000,2.569247
38.000,25.300,873.0000,-6.853401
38.000,25.300,874.0000,7.225906
38.000,25.300,875.0000,3.750206
38.000,25.300,876.0000,5.089263
38.000,25.300,877.0000,5.814477
38.000,25.300,878.0000,2.205672
38.000,25.300,879.0000,6.265119
38.000,25.300,880.0000,-4.315630
38.000,25.300,881.0000,6.502068
38.000,25.300,882.0000,-2.386223
38.000,25.300,883.0000,3.426507
38.000,25.300,884.0000,-4.209194
38.000,25.300,885.0000,5.049945
38.000,25.300,886.0000,14.299997
38.000,25.300,887.0000,-2.230912
38.000,25.300,888.0000,1.757629
38.000,25.300,889.0000,8.199177
38.000,25.300,890.0000,-2.675024
38.000,25.300,891.0000,-0.839791
38.000,25.300,892.0000,11.638962
38.000,25.300,893.0000,10.504329
38.000,25.300,894.0000,10.122161
38.000,25.300,895.0000,-3.022867
38.000,25.300,896.0000,-8.531070
38.000,25.300,897.0000,-1.642589
38.000,25.300,898.0000,11.319047
38.000,25.300,899.0000,5.284440
38.000,25.300,900.0000,7.409467
38.000,25.300,901.0000,-7.389487
38.000,25.300,902.0000,-4.812603
38.000,25.300,903.0000,-1.772586
38.000,25.300,904.0000,6.995894
38.000,25.300,905.0000,-1.561511
38.000,25.300,906.0000,1.225729
38.000,25.300,907.0000,0.362896
38.000,25.300,908.0000,3.020866
38.000,25.300,909.0000,9.421502
38.000,25.300,910.0000,-0.280549
38.000,25.300,911.0000,3.156938
38.000,25.300,912.0000,-1.706427
38.000,25.300,913.0000,-0.265194
38.000,25.300,914.0000,0.048492
38.000,25.300,915.0000,-2.044394
38.000,25.300,916.0000,-1.406571
38.000,25.300,917.0000,-9.598505
38.000,25.300,918.0000,3.075968
38.000,25.300,919.0000,2.399747
38.000,25.300,920.0000,8.304874
38.000,25.300,921.0000,2.963543
38.000,25.300,922.0000,3.408756
38.000,25.300,923.0000,10.318804
38.000,25.300,924.0000,13.209594
38.000,25.300,925.0000,8.983080
38.000,25.300,926.0000,1.701527
38.000,25.300,927.0000,-10.515545
38.000,25.300,928.0000,2.284383
38.000,25.300,929.0000,4.673706
38.000,25.300,930.0000,-11.583208
38.000,25.300,931.0000,-4.231582
38.000,25.300,932.0000,15.596918
38.000,25.300,933.0000,6.441948
38.000,25.300,934.0000,5.089553
38.000,25.300,935.0000,6.717614
38.000,25.300,936.0000,-8.678440
38.000,25.300,937.0000,10.171143
38.000,25.300,938.0000,-6.151431
38.000,25.300,939.0000,8.617422
38.000,25.300,940.0000,-2.237585
38.000,25.300,941.0000,1.045620
38.000,25.300,942.0000,9.576584
38.000,25.300,943.0000,-3.311970
38.000,25.300,944.0000,2.104484
38.000,25.300,945.0000,12.736646
38.000,25.300,946.0000,10.993573
38.000,25.300,947.0000,14.744363
38.000,25.300,948.0000,-3.286136
38.000,25.300,949.0000,1.052014
38.000,25.300,950.0000,7.439373
38.000,25.300,951.0000,10.844993
38.000,25.300,952.0000,-2.370625
38.000,25.300,953.0000,11.507727
38.000,25.300,954.0000,6.129084
38.000,25.300,955.0000,12.545726
38.000,25.300,956.0000,12.350118
38.000,25.300,957.0000,2.430243
38.000,25.300,958.0000,10.078344
38.000,25.300,959.0000,13.627810
38.000,25.300,960.0000,-0.134981
38.000,25.300,961.0000,5.151297
38.000,25.300,962.0000,11.029280
38.000,25.300,963.0000,14.924063
38.000,25.300,964.0000,-0.418172
38.000,25.300,965.0000,10.170181
38.000,25.300,966.0000,17.592162
38.000,25.300,967.0000,1.761420
38.000,25.300,968.0000,13.927767
38.000,25.300,969.0000,11.200599
38.000,25.300,970.0000,13.499657
38.000,25.300,971.0000,-3.416413
38.000,25.300,972.0000,7.985283
38.000,25.300,973.0000,14.357442
38.000,25.300,974.0000,21.713421
38.000,25.300,975.0000,11.106315
38.000,25.300,976.0000,10.465836
38.000,25.300,977.0000,23.096745
38.000,25.300,978.0000,17.369154
38.000,25.300,979.0000,14.380018
38.000,25.300,980.0000,26.527549
38.000,25.300,981.0000,15.604094
38.000,25.300,982.0000,26.944126
38.000,25.300,983.0000,15.198905
38.000,25.300,984.0000,35.002299
38.000,25.300,985.0000,28.151761
38.000,25.300,986.0000,35.689547
38.000,25.300,987.0000,44.499618
38.000,25.300,988.0000,52.236286
38.000,25.300,989.0000,61.964640
38.000,25.300,990.0000,61.770179
38.000,25.300,991.0000,75.027561
38.000,25.300,992.0000,93.899963
38.000,25.300,993.0000,112.478379
38.000,25.300,994.0000,141.441687
38.000,25.300,995.0000,183.527004
38.000,25.300,996.0000,235.096925
38.000,25.300,997.0000,320.126535
38.000,25.300,998.0000,445.968092
38.000,25.300,999.0000,623.216483
38.000,25.300,1000.0000,814.982010
38.000,25.300,1001.0000,892.948157
38.000,25.300,1002.0000,809.368946
38.000,25.300,1003.0000,623.121317
38.000,25.300,1004.0000,451.787344
38.000,25.300,1005.0000,326.103466
38.000,25.300,1006.0000,241.208313
38.000,25.300,1007.0000,191.591249
38.000,25.300,1008.0000,148.174568
38.000,25.300,1009.0000,133.784651
38.000,25.300,1010.0000,103.541803
38.000,25.300,1011.0000,84.606923
38.000,25.300,1012.0000,69.170672
38.000,25.300,1013.0000,65.967710
38.000,25.300,1014.0000,50.327127
38.000,25.300,1015.0000,61.290817
38.000,25.300,1016.0000,56.426557
38.000,25.300,1017.0000,58.654523
38.000,25.300,1018.0000,45.209244
38.000,25.300,1019.0000,59.173375
38.000,25.300,1020.0000,59.389471
38.000,25.300,1021.0000,71.071900
38.000,25.300,1022.0000,63.424600
38.000,25.300,1023.0000,83.297328
38.000,25.300,1024.0000,94.613917
38.000,25.300,1025.0000,122.235691
38.000,25.300,1026.0000,135.452766
38.000,25.300,1027.0000,176.704535
38.000,25.300,1028.0000,223.841229
38.000,25.300,1029.0000,292.210544
38.000,25.300,1030.0000,356.870258
38.000,25.300,1031.0000,385.653503
38.000,25.300,1032.0000,355.159592
38.000,25.300,1033.0000,292.076302
38.000,25.300,1034.0000,215.846206
38.000,25.300,1035.0000,178.204244
38.000,25.300,1036.0000,122.915086
38.000,25.300,1037.0000,98.790332
38.000,25.300,1038.0000,78.137843
38.000,25.300,1039.0000,71.793043
38.000,25.300,1040.0000,50.823217
38.000,25.300,1041.0000,50.597989
38.000,25.300,1042.0000,50.755069
38.000,25.300,1043.0000,31.086140
38.000,25.300,1044.0000,35.057107
38.000,25.300,1045.0000,27.723504
38.000,25.300,1046.0000,29.406576
38.000,25.300,1047.0000,14.305488
38.000,25.300,1048.0000,17.106084
38.000,25.300,1049.0000,29.121698
38.000,25.300,1050.0000,14.482553
38.000,25.300,1051.0000,19.652857
38.000,25.300,1052.0000,18.795818
38.000,25.300,1053.0000,13.921746
38.000,25.300,1054.0000,16.251207
38.000,25.300,1055.0000,20.275991
38.000,25.300,1056.0000,16.967117
38.000,25.300,1057.0000,8.520387
38.000,25.300,1058.0000,14.304013
38.000,25.300,1059.0000,10.968841
38.000,25.300,1060.0000,16.619214
38.000,25.300,1061.0000,-2.073657
38.000,25.300,1062.0000,10.268968
38.000,25.300,1063.0000,3.976657
38.000,25.300,1064.0000,19.276005
38.000,25.300,1065.0000,-1.395638
38.000,25.300,1066.0000,3.259702
38.000,25.300,1067.0000,10.568294
38.000,25.300,1068.0000,7.198997
38.000,25.300,1069.0000,7.675472
38.000,25.300,1070.0000,0.792504
38.000,25.300,1071.0000,8.612337
38.000,25.300,1072.0000,6.306308
38.000,25.300,1073.0000,8.701788
38.000,25.300,1074.0000,10.991011
38.000,25.300,1075.0000,2.230157
38.000,25.300,1076.0000,13.877524
38.000,25.300,1077.0000,13.476875
38.000,25.300,1078.0000,-1.289841
38.000,25.300,1079.0000,8.648283
38.000,25.300,1080.0000,-3.515073
38.000,25.300,1081.0000,4.824035
38.000,25.300,1082.0000,8.867968
38.000,25.300,1083.0000,3.688207
38.000,25.300,1084.0000,7.213642
38.000,25.300,1085.0000,14.099750
38.000,25.300,1086.0000,-1.036770
38.000,25.300,1087.0000,12.017771
38.000,25.300,1088.0000,12.735846
38.000,25.300,1089.0000,10.219586
38.000,25.300,1090.0000,-4.900112
38.000,25.300,1091.0000,1.144286
38.000,25.300,1092.0000,-0.493917
38.000,25.300,1093.0000,4.911602
38.000,25.300,1094.0000,-4.186617
38.000,25.300,1095.0000,-5.141869
38.000,25.300,1096.0000,-1.201096
38.000,25.300,1097.0000,6.384606
38.000,25.300,1098.0000,4.120470
38.000,25.300,1099.0000,10.790339
38.000,25.300,1100.0000,1.016804
38.000,25.300,1101.0000,-4.275587
38.000,25.300,1102.0000,-3.938307
38.000,25.300,1103.0000,11.003420
38.000,25.300,1104.0000,8.902549
38.000,25.300,1105.0000,3.649466
38.000,25.300,1106.0000,7.182382
38.000,25.300,1107.0000,3.789509
38.000,25.300,1108.0000,11.717074
38.000,25.300,1109.0000,-6.439390
38.000,25.300,1110.0000,9.241866
38.000,25.300,1111.0000,11.755656
38.000,25.300,1112.0000,14.873296
38.000,25.300,1113.0000,9.390439
38.000,25.300,1114.0000,8.407258
38.000,25.300,1115.0000,0.058069
38.000,25.300,1116.0000,-11.846947
38.000,25.300,1117.0000,5.955407
38.000,25.300,1118.0000,5.964753
38.000,25.300,1119.0000,5.432386
38.000,25.300,1120.0000,-0.326300
38.000,25.300,1121.0000,8.317393
38.000,25.300,1122.0000,1.539279
38.000,25.300,1123.0000,10.814296
38.000,25.300,1124.0000,5.948925
38.000,25.300,1125.0000,16.026309
38.000,25.300,1126.0000,-7.674556
38.000,25.300,1127.0000,0.077014
38.000,25.300,1128.0000,5.700904
38.000,25.300,1129.0000,10.023574
38.000,25.300,1130.0000,11.427298
38.000,25.300,1131.0000,-2.752618
38.000,25.300,1132.0000,4.854168
38.000,25.300,1133.0000,18.559568
38.000,25.300,1134.0000,17.129881
38.000,25.300,1135.0000,2.370684
38.000,25.300,1136.0000,12.844941
38.000,25.300,1137.0000,11.569265
38.000,25.300,1138.0000,20.342408
38.000,25.300,1139.0000,5.487569
38.000,25.300,1140.0000,7.336802
38.000,25.300,1141.0000,21.662874
38.000,25.300,1142.0000,12.369987
38.000,25.300,1143.0000,20.786054
38.000,25.300,1144.0000,28.255954
38.000,25.300,1145.0000,15.559152
38.000,25.300,1146.0000,25.875833
38.000,25.300,1147.0000,40.016900
38.000,25.300,1148.0000,49.090328
38.000,25.300,1149.0000,48.826505
38.000,25.300,1150.0000,66.103027
38.000,25.300,1151.0000,78.705482
38.000,25.300,1152.0000,85.721369
38.000,25.300,1153.0000,109.928985
38.000,25.300,1154.0000,130.604834
38.000,25.300,1155.0000,124.933354
38.000,25.300,1156.0000,120.994986
38.000,25.300,1157.0000,114.613895
38.000,25.300,1158.0000,95.914451
38.000,25.300,1159.0000,84.288348
38.000,25.300,1160.0000,71.927716
38.000,25.300,1161.0000,63.928950
38.000,25.300,1162.0000,49.039551
38.000,25.300,1163.0000,52.819875
38.000,25.300,1164.0000,38.184425
38.000,25.300,1165.0000,36.575285
38.000,25.300,1166.0000,40.252648
38.000,25.300,1167.0000,20.239962
38.000,25.300,1168.0000,28.794143
38.000,25.300,1169.0000,33.282525
38.000,25.300,1170.0000,26.797824
38.000,25.300,1171.0000,24.422594
38.000,25.300,1172.0000,23.985636
38.000,25.300,1173.0000,37.354761
38.000,25.300,1174.0000,37.274802
38.000,25.300,1175.0000,32.793497
38.000,25.300,1176.0000,41.977253
38.000,25.300,1177.0000,46.316494
38.000,25.300,1178.0000,57.485184
38.000,25.300,1179.0000,72.887897
38.000,25.300,1180.0000,74.673928
38.000,25.300,1181.0000,95.453999
38.000,25.300,1182.0000,103.581516
38.000,25.300,1183.0000,101.820658
38.000,25.300,1184.0000,94.404769
38.000,25.300,1185.0000,101.371460
38.000,25.300,1186.0000,69.829772
38.000,25.300,1187.0000,59.791958
38.000,25.300,1188.0000,61.509740
38.000,25.300,1189.0000,50.093896
38.000,25.300,1190.0000,33.122020
38.000,25.300,1191.0000,32.100565
38.000,25.300,1192.0000,25.452472
38.000,25.300,1193.0000,17.429071
38.000,25.300,1194.0000,23.696267
38.000,25.300,1195.0000,9.149793
38.000,25.300,1196.0000,14.064599
38.000,25.300,1197.0000,13.819190
38.000,25.300,1198.0000,16.479140
38.000,25.300,1199.0000,19.770048
38.000,25.300,1200.0000,0.702483
38.000,25.300,1201.0000,13.616584
38.000,25.300,1202.0000,8.462882
38.000,25.300,1203.0000,13.575483
38.000,25.300,1204.0000,9.594282
38.000,25.300,1205.0000,1.862467
38.000,25.300,1206.0000,-13.610553
38.000,25.300,1207.0000,3.625575
38.000,25.300,1208.0000,3.722074
38.000,25.300,1209.0000,2.948163
38.000,25.300,1210.0000,4.572149
38.000,25.300,1211.0000,2.497351
38.000,25.300,1212.0000,6.397823
38.000,25.300,1213.0000,4.306993
38.000,25.300,1214.0000,10.796901
38.000,25.300,1215.0000,15.152359
38.000,25.300,1216.0000,1.804495
38.000,25.300,1217.0000,3.095518
38.000,25.300,1218.0000,6.455839
38.000,25.300,1219.0000,5.474036
38.000,25.300,1220.0000,7.727955
38.000,25.300,1221.0000,16.099923
38.000,25.300,1222.0000,4.604822
38.000,25.300,1223.0000,7.260004
38.000,25.300,1224.0000,-8.010157
38.000,25.300,1225.0000,1.807507
38.000,25.300,1226.0000,8.848896
38.000,25.300,1227.0000,-5.348921
38.000,25.300,1228.0000,-8.086085
38.000,25.300,1229.0000,0.706285
38.000,25.300,1230.0000,1.504511
38.000,25.300,1231.0000,-0.207922
38.000,25.300,1232.0000,1.963463
38.000,25.300,1233.0000,12.036990
38.000,25.300,1234.0000,4.341906
38.000,25.300,1235.0000,0.812676
38.000,25.300,1236.0000,-0.051621
38.000,25.300,1237.0000,-4.358099
38.000,25.300,1238.0000,0.462379
38.000,25.300,1239.0000,5.484053
38.000,25.300,1240.0000,3.439496
38.000,25.300,1241.0000,10.406398
38.000,25.300,1242.0000,1.456391
38.000,25.300,1243.0000,4.681418
38.000,25.300,1244.0000,-2.687096
38.000,25.300,1245.0000,11.456086
38.000,25.300,1246.0000,5.261959
38.000,25.300,1247.0000,-9.163281
38.000,25.300,1248.0000,1.866769
38.000,25.300,1249.0000,-2.496598
38.000,25.300,1250.0000,0.565215
38.000,25.300,1251.0000,-2.955037
38.000,25.300,1252.0000,1.507010
38.000,25.300,1253.0000,6.735835
38.000,25.300,1254.0000,-0.912436
38.000,25.300,1255.0000,13.583534
38.000,25.300,1256.0000,-7.519190
38.000,25.300,1257.0000,5.801981
38.000,25.300,1258.0000,6.656268
38.000,25.300,1259.0000,1.487554
38.000,25.300,1260.0000,4.672062
38.000,25.300,1261.0000,0.534944
38.000,25.300,1262.0000,-6.630563
38.000,25.300,1263.0000,-0.634113
38.000,25.300,1264.0000,3.821668
38.000,25.300,1265.0000,6.230031
38.000,25.300,1266.0000,9.351080
38.000,25.300,1267.0000,-2.147816
38.000,25.300,1268.0000,-6.258925
38.000,25.300,1269.0000,0.004675
38.000,25.300,1270.0000,15.945772
38.000,25.300,1271.0000,6.928761
38.000,25.300,1272.0000,-1.134063
38.000,25.300,1273.0000,-5.067676
38.000,25.300,1274.0000,-3.228693
38.000,25.300,1275.0000,1.995429
38.000,25.300,1276.0000,-10.238783
38.000,25.300,1277.0000,8.456804
38.000,25.300,1278.0000,0.469351
38.000,25.300,1279.0000,2.161345
38.000,25.300,1280.0000,-3.975577
38.000,25.300,1281.0000,8.808251
38.000,25.300,1282.0000,-3.250230
38.000,25.300,1283.0000,-2.031814
38.000,25.300,1284.0000,-2.014420
38.000,25.300,1285.0000,4.723026
38.000,25.300,1286.0000,-6.349475
38.000,25.300,1287.0000,-2.433994
38.000,25.300,1288.0000,9.128557
38.000,25.300,1289.0000,3.836899
38.000,25.300,1290.0000,4.330970
38.000,25.300,1291.0000,-3.792961
38.000,25.300,1292.0000,-0.858881
38.000,25.300,1293.0000,-8.984255
38.000,25.300,1294.0000,12.924641
38.000,25.300,1295.0000,8.611294
38.000,25.300,1296.0000,-6.882035
38.000,25.300,1297.0000,4.987097
38.000,25.300,1298.0000,-5.678068
38.000,25.300,1299.0000,3.359496
38.000,25.300,1300.0000,7.517721
38.000,25.300,1301.0000,-1.619156
38.000,25.300,1302.0000,-1.748724
38.000,25.300,1303.0000,-5.539617
38.000,25.300,1304.0000,0.063127
38.000,25.300,1305.0000,-6.282704
38.000,25.300,1306.0000,-7.410580
38.000,25.300,1307.0000,6.827716
38.000,25.300,1308.0000,9.170142
38.000,25.300,1309.0000,-0.878147
38.000,25.300,1310.0000,-7.262481
38.000,25.300,1311.0000,-6.258961
38.000,25.300,1312.0000,3.392785
38.000,25.300,1313.0000,5.946991
38.000,25.300,1314.0000,5.009723
38.000,25.300,1315.0000,1.954509
38.000,25.300,1316.0000,13.387831
38.000,25.300,1317.0000,-11.568672
38.000,25.300,1318.0000,-1.594157
38.000,25.300,1319.0000,-7.669242
38.000,25.300,1320.0000,-8.832529
38.000,25.300,1321.0000,-0.900873
38.000,25.300,1322.0000,-10.371564
38.000,25.300,1323.0000,-1.873134
38.000,25.300,1324.0000,2.650613
38.000,25.300,1325.0000,4.544420
38.000,25.300,1326.0000,-7.020827
38.000,25.300,1327.0000,2.105415
38.000,25.300,1328.0000,10.857417
38.000,25.300,1329.0000,9.028299
38.000,25.300,1330.0000,-0.062011
38.000,25.300,1331.0000,1.762659
38.000,25.300,1332.0000,1.212102
38.000,25.300,1333.0000,0.914033
38.000,25.300,1334.0000,4.064473
38.000,25.300,1335.0000,3.401127
38.000,25.300,1336.0000,6.658006
38.000,25.300,1337.0000,6.488167
38.000,25.300,1338.0000,5.810879
38.000,25.300,1339.0000,2.952576
38.000,25.300,1340.0000,-7.275342
38.000,25.300,1341.0000,7.971092
38.000,25.300,1342.0000,-1.982905
38.000,25.300,1343.0000,11.211158
38.000,25.300,1344.0000,1.539439
38.000,25.300,1345.0000,-2.064736
38.000,25.300,1346.0000,7.626549
38.000,25.300,1347.0000,6.329114
38.000,25.300,1348.0000,-0.859118
38.000,25.300,1349.0000,0.792474
38.000,25.300,1350.0000,-2.139459
38.000,25.300,1351.0000,10.297442
38.000,25.300,1352.0000,0.442090
38.000,25.300,1353.0000,2.291516
38.000,25.300,1354.0000,-8.698046
38.000,25.300,1355.0000,7.405355
38.000,25.300,1356.0000,0.365500
38.000,25.300,1357.0000,-7.587569
38.000,25.300,1358.0000,-3.334806
38.000,25.300,1359.0000,0.966694
38.000,25.300,1360.0000,4.163929
38.000,25.300,1361.0000,6.099483
38.000,25.300,1362.0000,0.363523
38.000,25.300,1363.0000,-1.567990
38.000,25.300,1364.0000,-9.970060
38.000,25.300,1365.0000,1.954749
38.000,25.300,1366.0000,2.313415
38.000,25.300,1367.0000,-4.662609
38.000,25.300,1368.0000,4.437543
38.000,25.300,1369.0000,0.532097
38.000,25.300,1370.0000,3.715524
38.000,25.300,1371.0000,3.635498
38.000,25.300,1372.0000,2.365206
38.000,25.300,1373.0000,2.729471
38.000,25.300,1374.0000,6.370509
38.000,25.300,1375.0000,4.964745
38.000,25.300,1376.0000,10.427397
38.000,25.300,1377.0000,6.748423
38.000,25.300,1378.0000,5.682778
38.000,25.300,1379.0000,1.353398
38.000,25.300,1380.0000,-2.285748
38.000,25.300,1381.0000,-1.276683
38.000,25.300,1382.0000,13.735492
38.000,25.300,1383.0000,-0.664019
38.000,25.300,1384.0000,1.464532
38.000,25.300,1385.0000,0.952782
38.000,25.300,1386.0000,3.262052
38.000,25.300,1387.0000,1.211456
38.000,25.300,1388.0000,0.862301
38.000,25.300,1389.0000,12.019773
38.000,25.300,1390.0000,2.011693
38.000,25.300,1391.0000,11.645487
38.000,25.300,1392.0000,7.642989
38.000,25.300,1393.0000,2.629032
38.000,25.300,1394.0000,8.837795
38.000,25.300,1395.0000,1.671975
38.000,25.300,1396.0000,8.120795
38.000,25.300,1397.0000,-6.759932
38.000,25.300,1398.0000,3.312055
38.000,25.300,1399.0000,1.669168
38.000,25.300,1400.0000,7.453327
38.000,25.300,1401.0000,14.001301
38.000,25.300,1402.0000,9.213140
38.000,25.300,1403.0000,5.049489
38.000,25.300,1404.0000,7.003661
38.000,25.300,1405.0000,-1.062978
38.000,25.300,1406.0000,4.748708
38.000,25.300,1407.0000,7.496340
38.000,25.300,1408.0000,4.010721
38.000,25.300,1409.0000,2.725991
38.000,25.300,1410.0000,7.828700
38.000,25.300,1411.0000,11.802427
38.000,25.300,1412.0000,4.282260
38.000,25.300,1413.0000,19.279722
38.000,25.300,1414.0000,6.618485
38.000,25.300,1415.0000,-4.621594
38.000,25.300,1416.0000,4.480310
38.000,25.300,1417.0000,9.976473
38.000,25.300,1418.0000,13.729814
38.000,25.300,1419.0000,11.177952
38.000,25.300,1420.0000,6.412682
38.000,25.300,1421.0000,14.133234
38.000,25.300,1422.0000,14.737521
38.000,25.300,1423.0000,10.292315
38.000,25.300,1424.0000,14.456438
38.000,25.300,1425.0000,16.226559
38.000,25.300,1426.0000,17.081858
38.000,25.300,1427.0000,20.818173
38.000,25.300,1428.0000,18.248055
38.000,25.300,1429.0000,18.309419
38.000,25.300,1430.0000,18.125665
38.000,25.300,1431.0000,16.134465
38.000,25.300,1432.0000,29.259803
38.000,25.300,1433.0000,25.431915
38.000,25.300,1434.0000,32.560592
38.000,25.300,1435.0000,42.872716
38.000,25.300,1436.0000,42.416786
38.000,25.300,1437.0000,42.278499
38.000,25.300,1438.0000,48.603749
38.000,25.300,1439.0000,55.929319
38.000,25.300,1440.0000,69.368463
38.000,25.300,1441.0000,72.228306
38.000,25.300,1442.0000,81.992238
38.000,25.300,1443.0000,92.429863
38.000,25.300,1444.0000,116.479946
38.000,25.300,1445.0000,133.348995
38.000,25.300,1446.0000,150.023895
38.000,25.300,1447.0000,154.586414
38.000,25.300,1448.0000,183.621486
38.000,25.300,1449.0000,190.342813
38.000,25.300,1450.0000,196.440249
38.000,25.300,1451.0000,196.360412
38.000,25.300,1452.0000,178.623979
38.000,25.300,1453.0000,163.383658
38.000,25.300,1454.0000,151.493241
38.000,25.300,1455.0000,130.536940
38.000,25.300,1456.0000,108.082284
38.000,25.300,1457.0000,101.444263
38.000,25.300,1458.0000,93.223700
38.000,25.300,1459.0000,72.754721
38.000,25.300,1460.0000,64.692145
38.000,25.300,1461.0000,47.447015
38.000,25.300,1462.0000,45.958975
38.000,25.300,1463.0000,39.038675
38.000,25.300,1464.0000,32.032616
38.000,25.300,1465.0000,34.348459
38.000,25.300,1466.0000,31.765654
38.000,25.300,1467.0000,24.733537
38.000,25.300,1468.0000,23.085434
38.000,25.300,1469.0000,27.584002
38.000,25.300,1470.0000,28.325144
38.000,25.300,1471.0000,15.443642
38.000,25.300,1472.0000,18.643221
38.000,25.300,1473.0000,21.640333
38.000,25.300,1474.0000,16.422665
38.000,25.300,1475.0000,15.783966
38.000,25.300,1476.0000,6.239416
38.000,25.300,1477.0000,11.350072
38.000,25.300,1478.0000,16.714919
38.000,25.300,1479.0000,13.081766
38.000,25.300,1480.0000,0.297109
38.000,25.300,1481.0000,14.293500
38.000,25.300,1482.0000,8.145389
38.000,25.300,1483.0000,12.527376
38.000,25.300,1484.0000,7.020040
38.000,25.300,1485.0000,2.208663
38.000,25.300,1486.0000,1.333521
38.000,25.300,1487.0000,5.337577
38.000,25.300,1488.0000,12.346059
38.000,25.300,1489.0000,-3.532620
38.000,25.300,1490.0000,5.805393
38.000,25.300,1491.0000,3.493483
38.000,25.300,1492.0000,19.295722
38.000,25.300,1493.0000,6.966473
38.000,25.300,1494.0000,-3.600041
38.000,25.300,1495.0000,0.914375
38.000,25.300,1496.0000,3.337571
38.000,25.300,1497.0000,11.773944
38.000,25.300,1498.0000,7.222760
38.000,25.300,1499.0000,7.062115
38.000,25.300,1500.0000,-5.340544
38.000,25.300,1501.0000,-5.036710
38.000,25.300,1502.0000,0.839160
38.000,25.300,1503.0000,9.068375
38.000,25.300,1504.0000,10.032263
38.000,25.300,1505.0000,6.591629
38.000,25.300,1506.0000,7.288990
38.000,25.300,1507.0000,3.807454
38.000,25.300,1508.0000,-4.198592
38.000,25.300,1509.0000,4.995764
38.000,25.300,1510.0000,11.466738
38.000,25.300,1511.0000,2.327388
38.000,25.300,1512.0000,-3.149442
38.000,25.300,1513.0000,1.161746
38.000,25.300,1514.0000,-0.539488
38.000,25.300,1515.0000,18.090302
38.000,25.300,1516.0000,11.638222
38.000,25.300,1517.0000,-2.277472
38.000,25.300,1518.0000,-0.007568
38.000,25.300,1519.0000,-0.999110
38.000,25.300,1520.0000,5.814071
38.000,25.300,1521.0000,-3.397041
38.000,25.300,1522.0000,9.761278
38.000,25.300,1523.0000,6.201397
38.000,25.300,1524.0000,10.416854
38.000,25.300,1525.0000,1.459879
38.000,25.300,1526.0000,-0.129294
38.000,25.300,1527.0000,2.305264
38.000,25.300,1528.0000,-0.958568
38.000,25.300,1529.0000,-9.968364
38.000,25.300,1530.0000,5.670698
38.000,25.300,1531.0000,14.163513
38.000,25.300,1532.0000,0.759982
38.000,25.300,1533.0000,8.993823
38.000,25.300,1534.0000,8.291528
38.000,25.300,1535.0000,0.777553
38.000,25.300,1536.0000,8.730175
38.000,25.300,1537.0000,5.155811
38.000,25.300,1538.0000,0.294221
38.000,25.300,1539.0000,9.650060
38.000,25.300,1540.0000,3.137315
38.000,25.300,1541.0000,1.837123
38.000,25.300,1542.0000,1.574807
38.000,25.300,1543.0000,9.345761
38.000,25.300,1544.0000,6.097851
38.000,25.300,1545.0000,-6.462528
38.000,25.300,1546.0000,-3.737780
38.000,25.300,1547.0000,9.392620
38.000,25.300,1548.0000,13.685803
38.000,25.300,1549.0000,0.803017
38.000,25.300,1550.0000,8.532924
38.000,25.300,1551.0000,4.262932
38.000,25.300,1552.0000,6.915825
38.000,25.300,1553.0000,4.087565
38.000,25.300,1554.0000,12.925299
38.000,25.300,1555.0000,16.294273
38.000,25.300,1556.0000,22.425590
38.000,25.300,1557.0000,-0.832490
38.000,25.300,1558.0000,16.213422
38.000,25.300,1559.0000,13.720459
38.000,25.300,1560.0000,17.457676
38.000,25.300,1561.0000,16.496293
38.000,25.300,1562.0000,11.051763
38.000,25.300,1563.0000,15.144338
38.000,25.300,1564.0000,15.054740
38.000,25.300,1565.0000,22.633921
38.000,25.300,1566.0000,34.096070
38.000,25.300,1567.0000,23.017327
38.000,25.300,1568.0000,27.276117
38.000,25.300,1569.0000,23.509440
38.000,25.300,1570.0000,32.186552
38.000,25.300,1571.0000,36.056768
38.000,25.300,1572.0000,42.532639
38.000,25.300,1573.0000,30.476470
38.000,25.300,1574.0000,47.460839
38.000,25.300,1575.0000,60.515056
38.000,25.300,1576.0000,74.302682
38.000,25.300,1577.0000,72.991081
38.000,25.300,1578.0000,102.784178
38.000,25.300,1579.0000,122.736575
38.000,25.300,1580.0000,155.930751
38.000,25.300,1581.0000,170.202059
38.000,25.300,1582.0000,199.895749
38.000,25.300,1583.0000,199.649276
38.000,25.300,1584.0000,203.905669
38.000,25.300,1585.0000,186.391922
38.000,25.300,1586.0000,168.480623
38.000,25.300,1587.0000,136.834113
38.000,25.300,1588.0000,138.767754
38.000,25.300,1589.0000,117.630474
38.000,25.300,1590.0000,107.312177
38.000,25.300,1591.0000,117.645582
38.000,25.300,1592.0000,124.834605
38.000,25.300,1593.0000,120.800452
38.000,25.300,1594.0000,145.592651
38.000,25.300,1595.0000,153.881099
38.000,25.300,1596.0000,195.964272
38.000,25.300,1597.0000,234.656502
38.000,25.300,1598.0000,295.235157
38.000,25.300,1599.0000,370.116967
38.000,25.300,1600.0000,459.164568
38.000,25.300,1601.0000,528.137570
38.000,25.300,1602.0000,563.085112
38.000,25.300,1603.0000,527.770622
38.000,25.300,1604.0000,451.716187
38.000,25.300,1605.0000,363.038604
38.000,25.300,1606.0000,296.279796
38.000,25.300,1607.0000,224.202620
38.000,25.300,1608.0000,183.136608
38.000,25.300,1609.0000,138.115171
38.000,25.300,1610.0000,116.650072
38.000,25.300,1611.0000,99.303497
38.000,25.300,1612.0000,86.565903
38.000,25.300,1613.0000,64.492500
38.000,25.300,1614.0000,65.238322
38.000,25.300,1615.0000,38.079105
38.000,25.300,1616.0000,51.861433
38.000,25.300,1617.0000,46.676969
38.000,25.300,1618.0000,41.431231
38.000,25.300,1619.0000,28.288272
38.000,25.300,1620.0000,29.886008
38.000,25.300,1621.0000,25.716157
38.000,25.300,1622.0000,20.439067
38.000,25.300,1623.0000,23.712951
38.000,25.300,1624.0000,17.863353
38.000,25.300,1625.0000,14.946660
38.000,25.300,1626.0000,3.715197
38.000,25.300,1627.0000,20.751614
38.000,25.300,1628.0000,15.209609
38.000,25.300,1629.0000,4.348344
38.000,25.300,1630.0000,11.332984
38.000,25.300,1631.0000,3.602140
38.000,25.300,1632.0000,17.509129
38.000,25.300,1633.0000,16.721089
38.000,25.300,1634.0000,8.965771
38.000,25.300,1635.0000,21.777436
38.000,25.300,1636.0000,9.301736
38.000,25.300,1637.0000,20.594141
38.000,25.300,1638.0000,-10.968004
38.000,25.300,1639.0000,9.477605
38.000,25.300,1640.0000,13.645549
38.000,25.300,1641.0000,9.505713
38.000,25.300,1642.0000,12.213182
38.000,25.300,1643.0000,0.558129
38.000,25.300,1644.0000,9.263809
38.000,25.300,1645.0000,23.333026
38.000,25.300,1646.0000,-3.462340
38.000,25.300,1647.0000,6.282401
38.000,25.300,1648.0000,3.312952
38.000,25.300,1649.0000,16.669626
38.000,25.300,1650.0000,8.242416
38.000,25.300,1651.0000,0.429177
38.000,25.300,1652.0000,12.037630
38.000,25.300,1653.0000,1.278178
38.000,25.300,1654.0000,6.328604
38.000,25.300,1655.0000,13.490038
38.000,25.300,1656.0000,3.811839
38.000,25.300,1657.0000,4.148329
38.000,25.300,1658.0000,-3.419331
38.000,25.300,1659.0000,-4.883481
38.000,25.300,1660.0000,4.889723
38.000,25.300,1661.0000,8.805795
38.000,25.300,1662.0000,5.395835
38.000,25.300,1663.0000,-1.321626
38.000,25.300,1664.0000,7.541511
38.000,25.300,1665.0000,8.390885
38.000,25.300,1666.0000,-6.877787
38.000,25.300,1667.0000,-0.683590
38.000,25.300,1668.0000,6.103858
38.000,25.300,1669.0000,7.385431
38.000,25.300,1670.0000,-3.614984
38.000,25.300,1671.0000,-1.235402
38.000,25.300,1672.0000,10.425527
38.000,25.300,1673.0000,13.295488
38.000,25.300,1674.0000,-0.428940
38.000,25.300,1675.0000,5.194305
38.000,25.300,1676.0000,7.913666
38.000,25.300,1677.0000,-1.181518
38.000,25.300,1678.0000,-1.396863
38.000,25.300,1679.0000,3.649924
38.000,25.300,1680.0000,0.877919
38.000,25.300,1681.0000,11.244623
38.000,25.300,1682.0000,1.234254
38.000,25.300,1683.0000,0.259477
38.000,25.300,1684.0000,0.372312
38.000,25.300,1685.0000,2.630664
38.000,25.300,1686.0000,1.792570
38.000,25.300,1687.0000,9.874086
38.000,25.300,1688.0000,-1.361060
38.000,25.300,1689.0000,4.301506
38.000,25.300,1690.0000,-0.283973
38.000,25.300,1691.0000,-4.281693
38.000,25.300,1692.0000,-4.656089
38.000,25.300,1693.0000,3.975353
38.000,25.300,1694.0000,-9.377033
38.000,25.300,1695.0000,9.383111
38.000,25.300,1696.0000,7.016534
38.000,25.300,1697.0000,-3.649998
38.000,25.300,1698.0000,-1.981163
38.000,25.300,1699.0000,1.735415
38.000,25.300,1700.0000,8.348292
38.000,25.300,1701.0000,-1.595227
38.000,25.300,1702.0000,0.306987
38.000,25.300,1703.0000,-1.210370
38.000,25.300,1704.0000,10.557572
38.000,25.300,1705.0000,4.647806
38.000,25.300,1706.0000,11.863672
38.000,25.300,1707.0000,-3.795594
38.000,25.300,1708.0000,-6.374822
38.000,25.300,1709.0000,0.262810
38.000,25.300,1710.0000,-4.588593
38.000,25.300,1711.0000,3.406590
38.000,25.300,1712.0000,0.795263
38.000,25.300,1713.0000,0.127804
38.000,25.300,1714.0000,-2.133379
38.000,25.300,1715.0000,10.787595
38.000,25.300,1716.0000,6.793787
38.000,25.300,1717.0000,-8.964645
38.000,25.300,1718.0000,-2.927907
38.000,25.300,1719.0000,3.656871
38.000,25.300,1720.0000,-0.001228
38.000,25.300,1721.0000,1.988555
38.000,25.300,1722.0000,-8.329812
38.000,25.300,1723.0000,1.369438
38.000,25.300,1724.0000,-4.116918
38.000,25.300,1725.0000,-6.324869
38.000,25.300,1726.0000,12.021100
38.000,25.300,1727.0000,-1.906016
38.000,25.300,1728.0000,-3.348834
38.000,25.300,1729.0000,4.635467
38.000,25.300,1730.0000,0.994520
38.000,25.300,1731.0000,5.276321
38.000,25.300,1732.0000,-3.979823
38.000,25.300,1733.0000,2.615745
38.000,25.300,1734.0000,6.262210
38.000,25.300,1735.0000,-0.512609
38.000,25.300,1736.0000,-2.748034
38.000,25.300,1737.0000,-3.079147
38.000,25.300,1738.0000,2.895129
38.000,25.300,1739.0000,-0.593249
38.000,25.300,1740.0000,-1.928576
38.000,25.300,1741.0000,2.778240
38.000,25.300,1742.0000,2.969975
38.000,25.300,1743.0000,-2.234177
38.000,25.300,1744.0000,-4.140849
38.000,25.300,1745.0000,8.061860
38.000,25.300,1746.0000,-1.525045
38.000,25.300,1747.0000,11.465560
38.000,25.300,1748.0000,0.922379
38.000,25.300,1749.0000,-2.330630
38.000,25.300,1750.0000,-9.947322
38.000,25.300,1751.0000,-10.011791
38.000,25.300,1752.0000,0.255691
38.000,25.300,1753.0000,-1.722729
38.000,25.300,1754.0000,-5.146672
38.000,25.300,1755.0000,10.070660
38.000,25.300,1756.0000,-3.665285
38.000,25.300,1757.0000,-7.800836
38.000,25.300,1758.0000,-5.883227
38.000,25.300,1759.0000,5.450233
38.000,25.300,1760.0000,1.756403
38.000,25.300,1761.0000,8.120623
38.000,25.300,1762.0000,-4.380974
38.000,25.300,1763.0000,6.868472
38.000,25.300,1764.0000,-4.711380
38.000,25.300,1765.0000,5.807688
38.000,25.300,1766.0000,-6.737030
38.000,25.300,1767.0000,-0.674861
38.000,25.300,1768.0000,-6.996929
38.000,25.300,1769.0000,-6.590928
38.000,25.300,1770.0000,-7.188233
38.000,25.300,1771.0000,-13.524301
38.000,25.300,1772.0000,-2.193493
38.000,25.300,1773.0000,7.098431
38.000,25.300,1774.0000,4.849145
38.000,25.300,1775.0000,-4.576928
38.000,25.300,1776.0000,4.595285
38.000,25.300,1777.0000,3.835658
38.000,25.300,1778.0000,8.474477
38.000,25.300,1779.0000,-5.161787
38.000,25.300,1780.0000,-10.533249
38.000,25.300,1781.0000,-3.247536
38.000,25.300,1782.0000,4.686787
38.000,25.300,1783.0000,8.174155
38.000,25.300,1784.0000,0.302031
38.000,25.300,1785.0000,5.385563
38.000,25.300,1786.0000,3.812706
38.000,25.300,1787.0000,-0.929741
38.000,25.300,1788.0000,-2.484840
38.000,25.300,1789.0000,6.422637
38.000,25.300,1790.0000,15.075117
38.000,25.300,1791.0000,5.487009
38.000,25.300,1792.0000,7.293827
38.000,25.300,1793.0000,-6.194541
38.000,25.300,1794.0000,-3.278985
38.000,25.300,1795.0000,4.122702
38.000,25.300,1796.0000,-0.145619
38.000,25.300,1797.0000,0.924496
38.000,25.300,1798.0000,-1.779426
38.000,25.300,1799.0000,-1.016461
38.000,25.300,1800.0000,10.873159
38.000,25.300,1801.0000,3.729377
38.000,25.300,1802.0000,-1.880405
38.000,25.300,1803.0000,-3.250691
38.000,25.300,1804.0000,-8.311436
38.000,25.300,1805.0000,-1.151393
38.000,25.300,1806.0000,-4.092794
38.000,25.300,1807.0000,0.052172
38.000,25.300,1808.0000,0.781703
38.000,25.300,1809.0000,0.719332
38.000,25.300,1810.0000,0.429232
38.000,25.300,1811.0000,-0.956205
38.000,25.300,1812.0000,4.370526
38.000,25.300,1813.0000,9.103600
38.000,25.300,1814.0000,16.241888
38.000,25.300,1815.0000,-1.661148
38.000,25.300,1816.0000,-2.821844
38.000,25.300,1817.0000,0.194916
38.000,25.300,1818.0000,5.571841
38.000,25.300,1819.0000,-2.966785
38.000,25.300,1820.0000,1.940987
38.000,25.300,1821.0000,-3.550533
38.000,25.300,1822.0000,2.130783
38.000,25.300,1823.0000,-11.597829
38.000,25.300,1824.0000,-3.493869
38.000,25.300,1825.0000,7.038397
38.000,25.300,1826.0000,8.321533
38.000,25.300,1827.0000,0.816338
38.000,25.300,1828.0000,-3.932445
38.000,25.300,1829.0000,-9.892052
38.000,25.300,1830.0000,4.623876
38.000,25.300,1831.0000,5.718950
38.000,25.300,1832.0000,-1.711210
38.000,25.300,1833.0000,-1.663589
38.000,25.300,1834.0000,-1.427032
38.000,25.300,1835.0000,-5.617105
38.000,25.300,1836.0000,-8.070972
38.000,25.300,1837.0000,13.576155
38.000,25.300,1838.0000,-2.419571
38.000,25.300,1839.0000,5.283195
38.000,25.300,1840.0000,4.128907
38.000,25.300,1841.0000,-1.920141
38.000,25.300,1842.0000,-12.506547
38.000,25.300,1843.0000,-8.218251
38.000,25.300,1844.0000,-0.385897
38.000,25.300,1845.0000,-8.365562
38.000,25.300,1846.0000,-3.367313
38.000,25.300,1847.0000,4.560020
38.000,25.300,1848.0000,-0.126382
38.000,25.300,1849.0000,8.038982
38.000,25.300,1850.0000,-1.031925
38.000,25.300,1851.0000,3.527768
38.000,25.300,1852.0000,-6.365915
38.000,25.300,1853.0000,7.829300
38.000,25.300,1854.0000,10.044321
38.000,25.300,1855.0000,12.289694
38.000,25.300,1856.0000,8.795687
38.000,25.300,1857.0000,12.902659
38.000,25.300,1858.0000,0.904124
38.000,25.300,1859.0000,-7.651897
38.000,25.300,1860.0000,0.424768
38.000,25.300,1861.0000,-6.464846
38.000,25.300,1862.0000,-1.694438
38.000,25.300,1863.0000,-7.368943
38.000,25.300,1864.0000,0.290366
38.000,25.300,1865.0000,-2.828062
38.000,25.300,1866.0000,1.971034
38.000,25.300,1867.0000,2.875511
38.000,25.300,1868.0000,6.213781
38.000,25.300,1869.0000,13.027578
38.000,25.300,1870.0000,3.194435
38.000,25.300,1871.0000,2.756603
38.000,25.300,1872.0000,-4.730522
38.000,25.300,1873.0000,1.167957
38.000,25.300,1874.0000,-2.615825
38.000,25.300,1875.0000,7.081580
38.000,25.300,1876.0000,-1.810127
38.000,25.300,1877.0000,2.070265
38.000,25.300,1878.0000,5.871298
38.000,25.300,1879.0000,2.348540
38.000,25.300,1880.0000,-2.463591
38.000,25.300,1881.0000,4.286765
38.000,25.300,1882.0000,-2.292712
38.000,25.300,1883.0000,2.730093
38.000,25.300,1884.0000,-1.112961
38.000,25.300,1885.0000,-4.289807
38.000,25.300,1886.0000,4.912858
38.000,25.300,1887.0000,2.370458
38.000,25.300,1888.0000,8.759087
38.000,25.300,1889.0000,6.431552
38.000,25.300,1890.0000,9.682530
38.000,25.300,1891.0000,18.380993
38.000,25.300,1892.0000,7.059493
38.000,25.300,1893.0000,-6.488643
38.000,25.300,1894.0000,3.342908
38.000,25.300,1895.0000,-5.705274
38.000,25.300,1896.0000,-10.557120
38.000,25.300,1897.0000,-0.108392
38.000,25.300,1898.0000,-5.572798
38.000,25.300,1899.0000,8.849847
38.000,25.300,1900.0000,-4.247698
38.000,25.300,1901.0000,8.333956
38.000,25.300,1902.0000,14.912786
38.000,25.300,1903.0000,4.899484
38.000,25.300,1904.0000,3.910104
38.000,25.300,1905.0000,-12.263814
38.000,25.300,1906.0000,1.520376
38.000,25.300,1907.0000,-7.499367
38.000,25.300,1908.0000,8.368332
38.000,25.300,1909.0000,-2.058521
38.000,25.300,1910.0000,0.180260
38.000,25.300,1911.0000,1.695718
38.000,25.300,1912.0000,-4.024786
38.000,25.300,1913.0000,7.997979
38.000,25.300,1914.0000,0.329868
38.000,25.300,1915.0000,7.798490
38.000,25.300,1916.0000,-8.184220
38.000,25.300,1917.0000,-11.039017
38.000,25.300,1918.0000,5.371055
38.000,25.300,1919.0000,-9.287567
38.000,25.300,1920.0000,4.013171
38.000,25.300,1921.0000,0.958001
38.000,25.300,1922.0000,2.866592
38.000,25.300,1923.0000,-8.042740
38.000,25.300,1924.0000,9.286175
38.000,25.300,1925.0000,-0.328466
38.000,25.300,1926.0000,7.109718
38.000,25.300,1927.0000,-7.510942
38.000,25.300,1928.0000,-1.815235
38.000,25.300,1929.0000,6.279668
38.000,25.300,1930.0000,5.034618
38.000,25.300,1931.0000,0.928580
38.000,25.300,1932.0000,6.027946
38.000,25.300,1933.0000,7.533686
38.000,25.300,1934.0000,-4.206690
38.000,25.300,1935.0000,-3.381909
38.000,25.300,1936.0000,3.136695
38.000,25.300,1937.0000,-5.329587
38.000,25.300,1938.0000,7.266774
38.000,25.300,1939.0000,-0.854617
38.000,25.300,1940.0000,9.547180
38.000,25.300,1941.0000,4.925324
38.000,25.300,1942.0000,5.805612
38.000,25.300,1943.0000,7.150528
38.000,25.300,1944.0000,-5.259153
38.000,25.300,1945.0000,2.304433
38.000,25.300,1946.0000,5.282848
38.000,25.300,1947.0000,-14.044417
38.000,25.300,1948.0000,9.855515
38.000,25.300,1949.0000,-6.873230
38.000,25.300,1950.0000,4.436236
38.000,25.300,1951.0000,0.551289
38.000,25.300,1952.0000,-0.895651
38.000,25.300,1953.0000,2.858169
38.000,25.300,1954.0000,1.007599
38.000,25.300,1955.0000,1.255914
38.000,25.300,1956.0000,5.358493
38.000,25.300,1957.0000,-0.173859
38.000,25.300,1958.0000,5.560969
38.000,25.300,1959.0000,-1.908928
38.000,25.300,1960.0000,-4.779914
38.000,25.300,1961.0000,-3.811013
38.000,25.300,1962.0000,-0.180025
38.000,25.300,1963.0000,-0.642018
38.000,25.300,1964.0000,3.693807
38.000,25.300,1965.0000,-5.355368
38.000,25.300,1966.0000,-0.456301
38.000,25.300,1967.0000,9.106892
38.000,25.300,1968.0000,-0.556588
38.000,25.300,1969.0000,-5.700563
38.000,25.300,1970.0000,-2.063538
38.000,25.300,1971.0000,5.549847
38.000,25.300,1972.0000,-4.936293
38.000,25.300,1973.0000,1.035739
38.000,25.300,1974.0000,10.149307
38.000,25.300,1975.0000,2.258373
38.000,25.300,1976.0000,-10.286298
38.000,25.300,1977.0000,-1.017702
38.000,25.300,1978.0000,0.516063
38.000,25.300,1979.0000,6.141063
38.000,25.300,1980.0000,17.552100
38.000,25.300,1981.0000,1.879985
38.000,25.300,1982.0000,1.501512
38.000,25.300,1983.0000,2.110725
38.000,25.300,1984.0000,3.293518
38.000,25.300,1985.0000,7.532400
38.000,25.300,1986.0000,7.228717
38.000,25.300,1987.0000,-4.321791
38.000,25.300,1988.0000,8.728792
38.000,25.300,1989.0000,-2.069395
38.000,25.300,1990.0000,1.991707
38.000,25.300,1991.0000,-8.509925
38.000,25.300,1992.0000,-3.385574
38.000,25.300,1993.0000,-7.311698
38.000,25.300,1994.0000,-3.206969
38.000,25.300,1995.0000,2.326605
38.000,25.300,1996.0000,3.623031
38.000,25.300,1997.0000,0.116525
38.000,25.300,1998.0000,0.138673
38.000,25.300,1999.0000,-0.471568
38.000,25.300,2000.0000,4.621012
38.000,25.400,200.0000,1.248588
38.000,25.400,201.0000,0.948318
38.000,25.400,202.0000,-14.644140
38.000,25.400,203.0000,-1.084864
38.000,25.400,204.0000,-7.464063
38.000,25.400,205.0000,0.583868
38.000,25.400,206.0000,4.495659
38.000,25.400,207.0000,6.389928
38.000,25.400,208.0000,9.320934
38.000,25.400,209.0000,-3.391769
38.000,25.400,210.0000,3.594683
38.000,25.400,211.0000,4.109554
38.000,25.400,212.0000,9.825907
38.000,25.400,213.0000,-9.528542
38.000,25.400,214.0000,-1.200127
38.000,25.400,215.0000,-13.638843
38.000,25.400,216.0000,12.015501
38.000,25.400,217.0000,0.703196
38.000,25.400,218.0000,3.000277
38.000,25.400,219.0000,-3.981140
38.000,25.400,220.0000,1.577555
38.000,25.400,221.0000,-8.829020
38.000,25.400,222.0000,14.191916
38.000,25.400,223.0000,3.507482
38.000,25.400,224.0000,1.202328
38.000,25.400,225.0000,11.409545
38.000,25.400,226.0000,12.059078
38.000,25.400,227.0000,1.392285
38.000,25.400,228.0000,8.710357
38.000,25.400,229.0000,1.409258
38.000,25.400,230.0000,-8.454879
38.000,25.400,231.0000,-15.456899
38.000,25.400,232.0000,3.491883
38.000,25.400,233.0000,-0.188756
38.000,25.400,234.0000,2.669112
38.000,25.400,235.0000,-2.238772
38.000,25.400,236.0000,4.160785
38.000,25.400,237.0000,-3.339339
38.000,25.400,238.0000,-7.214549
38.000,25.400,239.0000,3.194532
38.000,25.400,240.0000,8.186794
38.000,25.400,241.0000,1.389075
38.000,25.400,242.0000,3.460742
38.000,25.400,243.0000,3.873325
38.000,25.400,244.0000,3.235226
38.000,25.400,245.0000,-5.099085
38.000,25.400,246.0000,-4.681487
38.000,25.400,247.0000,3.125414
38.000,25.400,248.0000,-9.912062
38.000,25.400,249.0000,-2.428550
38.000,25.400,250.0000,5.584276
38.000,25.400,251.0000,0.432576
38.000,25.400,252.0000,-3.858875
38.000,25.400,253.0000,2.430228
38.000,25.400,254.0000,2.309589
38.000,25.400,255.0000,-3.067589
38.000,25.400,256.0000,9.827609
38.000,25.400,257.0000,-5.719451
38.000,25.400,258.0000,-5.753185
38.000,25.400,259.0000,-8.904852
38.000,25.400,260.0000,-4.164006
38.000,25.400,261.0000,5.222823
38.000,25.400,262.0000,7.594882
38.000,25.400,263.0000,-7.019233
38.000,25.400,264.0000,8.066005
38.000,25.400,265.0000,1.551964
38.000,25.400,266.0000,0.238190
38.000,25.400,267.0000,-3.359345
38.000,25.400,268.0000,-0.311589
38.000,25.400,269.0000,-2.962884
38.000,25.400,270.0000,-0.486474
38.000,25.400,271.0000,-0.565437
38.000,25.400,272.0000,-1.904115
38.000,25.400,273.0000,-8.003023
38.000,25.400,274.0000,-7.923425
38.000,25.400,275.0000,0.732650
38.000,25.400,276.0000,0.018174
38.000,25.400,277.0000,-7.134155
38.000,25.400,278.0000,-4.073623
38.000,25.400,279.0000,1.081191
38.000,25.400,280.0000,-5.217917
38.000,25.400,281.0000,1.238218
38.000,25.400,282.0000,-3.491485
38.000,25.400,283.0000,-0.280271
38.000,25.400,284.0000,-8.709060
38.000,25.400,285.0000,5.294025
38.000,25.400,286.0000,-1.254800
38.000,25.400,287.0000,1.189516
38.000,25.400,288.0000,-2.724226
38.000,25.400,289.0000,0.126317
38.000,25.400,290.0000,-3.705295
38.000,25.400,291.0000,2.478299
38.000,25.400,292.0000,-0.138636
38.000,25.400,293.0000,-11.301685
38.000,25.400,294.0000,-3.325186
38.000,25.400,295.0000,0.622121
38.000,25.400,296.0000,0.077950
38.000,25.400,297.0000,6.022734
38.000,25.400,298.0000,-7.905812
38.000,25.400,299.0000,2.832305
38.000,25.400,300.0000,4.601848
38.000,25.400,301.0000,1.638178
38.000,25.400,302.0000,-3.355483
38.000,25.400,303.0000,0.323610
38.000,25.400,304.0000,5.972411
38.000,25.400,305.0000,1.061546
38.000,25.400,306.0000,9.201510
38.000,25.400,307.0000,6.879341
38.000,25.400,308.0000,-4.797805
38.000,25.400,309.0000,-1.614060
38.000,25.400,310.0000,-10.438784
38.000,25.400,311.0000,-9.632159
38.000,25.400,312.0000,0.655956
38.000,25.400,313.0000,5.017214
38.000,25.400,314.0000,1.831209
38.000,25.400,315.0000,3.775500
38.000,25.400,316.0000,0.761408
38.000,25.400,317.0000,-2.912805
38.000,25.400,318.0000,-2.517711
38.000,25.400,319.0000,5.691107
38.000,25.400,320.0000,-2.219414
38.000,25.400,321.0000,-14.456834
38.000,25.400,322.0000,-8.077303
38.000,25.400,323.0000,-5.003008
38.000,25.400,324.0000,-0.993924
38.000,25.400,325.0000,-5.840016
38.000,25.400,326.0000,-0.684344
38.000,25.400,327.0000,-1.194559
38.000,25.400,328.0000,6.209054
38.000,25.400,329.0000,-8.849046
38.000,25.400,330.0000,7.150879
38.000,25.400,331.0000,-4.191356
38.000,25.400,332.0000,8.352757
38.000,25.400,333.0000,-0.527342
38.000,25.400,334.0000,1.676121
38.000,25.400,335.0000,3.470653
38.000,25.400,336.0000,-0.386418
38.000,25.400,337.0000,2.559916
38.000,25.400,338.0000,1.828197
38.000,25.400,339.0000,-5.017679
38.000,25.400,340.0000,-3.390118
38.000,25.400,341.0000,4.998440
38.000,25.400,342.0000,5.745234
38.000,25.400,343.0000,-5.903784
38.000,25.400,344.0000,1.693724
38.000,25.400,345.0000,0.334436
38.000,25.400,346.0000,8.502020
38.000,25.400,347.0000,-3.146944
38.000,25.400,348.0000,-0.121783
38.000,25.400,349.0000,-4.990020
38.000,25.400,350.0000,4.148125
38.000,25.400,351.0000,-3.398372
38.000,25.400,352.0000,-4.584734
38.000,25.400,353.0000,-2.166031
38.000,25.400,354.0000,-0.882666
38.000,25.400,355.0000,2.132711
38.000,25.400,356.0000,-1.919505
38.000,25.400,357.0000,-17.046353
38.000,25.400,358.0000,1.058354
38.000,25.400,359.0000,0.333883
38.000,25.400,360.0000,7.202097
38.000,25.400,361.0000,4.630826
38.000,25.400,362.0000,7.277843
38.000,25.400,363.0000,5.395506
38.000,25.400,364.0000,2.337010
38.000,25.400,365.0000,3.371356
38.000,25.400,366.0000,-8.197680
38.000,25.400,367.0000,-6.591704
38.000,25.400,368.0000,15.593120
38.000,25.400,369.0000,7.752462
38.000,25.400,370.0000,-1.549203
38.000,25.400,371.0000,3.708991
38.000,25.400,372.0000,7.236914
38.000,25.400,373.0000,-1.865463
38.000,25.400,374.0000,3.944261
38.000,25.400,375.0000,3.917784
38.000,25.400,376.0000,-0.083276
38.000,25.400,377.0000,-3.772025
38.000,25.400,378.0000,2.141181
38.000,25.400,379.0000,8.807697
38.000,25.400,380.0000,0.573535
38.000,25.400,381.0000,0.177637
38.000,25.400,382.0000,2.796742
38.000,25.400,383.0000,4.653673
38.000,25.400,384.0000,2.923485
38.000,25.400,385.0000,-0.066519
38.000,25.400,386.0000,0.593379
38.000,25.400,387.0000,1.094086
38.000,25.400,388.0000,-16.742047
38.000,25.400,389.0000,1.777125
38.000,25.400,390.0000,-1.267597
38.000,25.400,391.0000,-8.684105
38.000,25.400,392.0000,-3.676343
38.000,25.400,393.0000,5.174692
38.000,25.400,394.0000,-3.316151
38.000,25.400,395.0000,0.219730
38.000,25.400,396.0000,-2.597289
38.000,25.400,397.0000,-4.326428
38.000,25.400,398.0000,5.840583
38.000,25.400,399.0000,-8.932098
38.000,25.400,400.0000,-0.191670
38.000,25.400,401.0000,-6.515158
38.000,25.400,402.0000,3.659896
38.000,25.400,403.0000,-6.203127
38.000,25.400,404.0000,10.901759
38.000,25.400,405.0000,3.646189
38.000,25.400,406.0000,-1.877358
38.000,25.400,407.0000,7.819146
38.000,25.400,408.0000,3.258922
38.000,25.400,409.0000,-1.167185
38.000,25.400,410.0000,2.473407
38.000,25.400,411.0000,-5.219552
38.000,25.400,412.0000,4.623176
38.000,25.400,413.0000,2.458273
38.000,25.400,414.0000,1.348291
38.000,25.400,415.0000,-2.915698
38.000,25.400,416.0000,6.556440
38.000,25.400,417.0000,1.519131
38.000,25.400,418.0000,-4.812972
38.000,25.400,419.0000,4.413598
38.000,25.400,420.0000,-8.654333
38.000,25.400,421.0000,8.629765
38.000,25.400,422.0000,-0.227238
38.000,25.400,423.0000,-4.079254
38.000,25.400,424.0000,-0.591316
38.000,25.400,425.0000,2.904156
38.000,25.400,426.0000,-8.174294
38.000,25.400,427.0000,7.794564
38.000,25.400,428.0000,-2.419198
38.000,25.400,429.0000,5.326017
38.000,25.400,430.0000,3.621933
38.000,25.400,431.0000,-6.150008
38.000,25.400,432.0000,3.496615
38.000,25.400,433.0000,-1.375299
38.000,25.400,434.0000,-11.937076
38.000,25.400,435.0000,7.581302
38.000,25.400,436.0000,-5.393230
38.000,25.400,437.0000,12.459507
38.000,25.400,438.0000,6.583882
38.000,25.400,439.0000,14.741279
38.000,25.400,440.0000,-11.922791
38.000,25.400,441.0000,4.341483
38.000,25.400,442.0000,3.450532
38.000,25.400,443.0000,-0.109018
38.000,25.400,444.0000,6.575165
38.000,25.400,445.0000,-4.805384
38.000,25.400,446.0000,2.954534
38.000,25.400,447.0000,-10.679577
38.000,25.400,448.0000,-7.221415
38.000,25.400,449.0000,-7.867469
38.000,25.400,450.0000,5.609583
38.000,25.400,451.0000,-2.478642
38.000,25.400,452.0000,4.676550
38.000,25.400,453.0000,-8.608267
38.000,25.400,454.0000,-8.450761
38.000,25.400,455.0000,-1.166987
38.000,25.400,456.0000,4.652318
38.000,25.400,457.0000,4.301476
38.000,25.400,458.0000,-4.099323
38.000,25.400,459.0000,-0.455165
38.000,25.400,460.0000,-12.055426
38.000,25.400,461.0000,-9.553044
38.000,25.400,462.0000,-3.858487
38.000,25.400,463.0000,-5.839684
38.000,25.400,464.0000,-3.641771
38.000,25.400,465.0000,-1.039049
38.000,25.400,466.0000,7.674084
38.000,25.400,467.0000,1.634249
38.000,25.400,468.0000,3.190093
38.000,25.400,469.0000,-0.953337
38.000,25.400,470.0000,1.662882
38.000,25.400,471.0000,0.747487
38.000,25.400,472.0000,-4.113461
38.000,25.400,473.0000,0.426904
38.000,25.400,474.0000,10.433063
38.000,25.400,475.0000,3.973332
38.000,25.400,476.0000,-7.435705
38.000,25.400,477.0000,5.699262
38.000,25.400,478.0000,-2.130354
38.000,25.400,479.0000,4.456804
38.000,25.400,480.0000,7.463764
38.000,25.400,481.0000,-0.384643
38.000,25.400,482.0000,-6.573889
38.000,25.400,483.0000,-0.188781
38.000,25.400,484.0000,-5.113219
38.000,25.400,485.0000,1.729756
38.000,25.400,486.0000,-1.214930
38.000,25.400,487.0000,-5.015255
38.000,25.400,488.0000,6.487378
38.000,25.400,489.0000,-13.909939
38.000,25.400,490.0000,-4.066837
38.000,25.400,491.0000,9.411928
38.000,25.400,492.0000,3.863038
38.000,25.400,493.0000,9.173885
38.000,25.400,494.0000,5.781337
38.000,25.400,495.0000,-2.085926
38.000,25.400,496.0000,-1.625714
38.000,25.400,497.0000,-6.005717
38.000,25.400,498.0000,12.110879
38.000,25.400,499.0000,14.802610
38.000,25.400,500.0000,-0.682407
38.000,25.400,501.0000,-1.539468
38.000,25.400,502.0000,-3.470838
38.000,25.400,503.0000,-3.329480
38.000,25.400,504.0000,11.698989
38.000,25.400,505.0000,1.909280
38.000,25.400,506.0000,7.576117
38.000,25.400,507.0000,-12.279513
38.000,25.400,508.0000,4.968842
38.000,25.400,509.0000,6.226350
38.000,25.400,510.0000,-4.910053
38.000,25.400,511.0000,6.377836
38.000,25.400,512.0000,-0.069019
38.000,25.400,513.0000,-5.481992
38.000,25.400,514.0000,0.782117
38.000,25.400,515.0000,3.124128
38.000,25.400,516.0000,-17.860275
38.000,25.400,517.0000,15.618858
38.000,25.400,518.0000,-1.027061
38.000,25.400,519.0000,-0.242116
38.000,25.400,520.0000,-5.527804
38.000,25.400,521.0000,-4.027106
38.000,25.400,522.0000,14.452965
38.000,25.400,523.0000,-4.628698
38.000,25.400,524.0000,-2.802423
38.000,25.400,525.0000,-1.964907
38.000,25.400,526.0000,3.155453
38.000,25.400,527.0000,-11.963313
38.000,25.400,528.0000,0.153643
38.000,25.400,529.0000,6.686981
38.000,25.400,530.0000,9.586961
38.000,25.400,531.0000,-4.909823
38.000,25.400,532.0000,4.500820
38.000,25.400,533.0000,15.532442
38.000,25.400,534.0000,-11.738266
38.000,25.400,535.0000,2.358652
38.000,25.400,536.0000,-1.614865
38.000,25.400,537.0000,-1.000430
38.000,25.400,538.0000,4.296104
38.000,25.400,539.0000,6.675358
38.000,25.400,540.0000,-2.741847
38.000,25.400,541.0000,-2.751416
38.000,25.400,542.0000,0.003939
38.000,25.400,543.0000,6.590458
38.000,25.400,544.0000,0.804002
38.000,25.400,545.0000,1.774095
38.000,25.400,546.0000,4.471173
38.000,25.400,547.0000,-0.170774
38.000,25.400,548.0000,3.149761
38.000,25.400,549.0000,-4.290250
38.000,25.400,550.0000,-5.803925
38.000,25.400,551.0000,3.398001
38.000,25.400,552.0000,-9.043413
38.000,25.400,553.0000,0.884294
38.000,25.400,554.0000,2.502435
38.000,25.400,555.0000,3.519501
38.000,25.400,556.0000,-3.678201
38.000,25.400,557.0000,11.372381
38.000,25.400,558.0000,3.043929
38.000,25.400,559.0000,-5.248520
38.000,25.400,560.0000,-4.141944
38.000,25.400,561.0000,4.558372
38.000,25.400,562.0000,11.982227
38.000,25.400,563.0000,1.787022
38.000,25.400,564.0000,-2.704327
38.000,25.400,565.0000,11.287201
38.000,25.400,566.0000,5.913930
38.000,25.400,567.0000,-0.998234
38.000,25.400,568.0000,10.825036
38.000,25.400,569.0000,-3.647248
38.000,25.400,570.0000,-0.766001
38.000,25.400,571.0000,3.372657
38.000,25.400,572.0000,3.412557
38.000,25.400,573.0000,-4.985495
38.000,25.400,574.0000,3.364146
38.000,25.400,575.0000,7.915175
38.000,25.400,576.0000,-0.414551
38.000,25.400,577.0000,-0.731133
38.000,25.400,578.0000,0.470007
38.000,25.400,579.0000,-2.995245
38.000,25.400,580.0000,3.419428
38.000,25.400,581.0000,5.043638
38.000,25.400,582.0000,-3.157911
38.000,25.400,583.0000,11.824705
38.000,25.400,584.0000,3.479692
38.000,25.400,585.0000,6.173299
38.000,25.400,586.0000,12.976448
38.000,25.400,587.0000,3.221290
38.000,25.400,588.0000,-1.973148
38.000,25.400,589.0000,13.554878
38.000,25.400,590.0000,7.850434
38.000,25.400,591.0000,0.038050
38.000,25.400,592.0000,7.822766
38.000,25.400,593.0000,10.642366
38.000,25.400,594.0000,12.997815
38.000,25.400,595.0000,8.302323
38.000,25.400,596.0000,10.408091
38.000,25.400,597.0000,1.570911
38.000,25.400,598.0000,3.571772
38.000,25.400,599.0000,13.926933
38.000,25.400,600.0000,1.721332
38.000,25.400,601.0000,11.757847
38.000,25.400,602.0000,8.345191
38.000,25.400,603.0000,15.844426
38.000,25.400,604.0000,3.362772
38.000,25.400,605.0000,18.485769
38.000,25.400,606.0000,17.445250
38.000,25.400,607.0000,15.435474
38.000,25.400,608.0000,20.652341
38.000,25.400,609.0000,22.522423
38.000,25.400,610.0000,18.642569
38.000,25.400,611.0000,29.905077
38.000,25.400,612.0000,34.299067
38.000,25.400,613.0000,59.073083
38.000,25.400,614.0000,48.584254
38.000,25.400,615.0000,74.957400
38.000,25.400,616.0000,92.322434
38.000,25.400,617.0000,117.367263
38.000,25.400,618.0000,127.878155
38.000,25.400,619.0000,151.778501
38.000,25.400,620.0000,158.993255
38.000,25.400,621.0000,146.035330
38.000,25.400,622.0000,129.674767
38.000,25.400,623.0000,109.444005
38.000,25.400,624.0000,83.277237
38.000,25.400,625.0000,82.256606
38.000,25.400,626.0000,62.960251
38.000,25.400,627.0000,47.139187
38.000,25.400,628.0000,43.773187
38.000,25.400,629.0000,31.498594
38.000,25.400,630.0000,23.314901
38.000,25.400,631.0000,19.717101
38.000,25.400,632.0000,23.613963
38.000,25.400,633.0000,15.795245
38.000,25.400,634.0000,10.121248
38.000,25.400,635.0000,11.726330
38.000,25.400,636.0000,15.616405
38.000,25.400,637.0000,10.197642
38.000,25.400,638.0000,7.310574
38.000,25.400,639.0000,8.292454
38.000,25.400,640.0000,3.634909
38.000,25.400,641.0000,1.371481
38.000,25.400,642.0000,9.173953
38.000,25.400,643.0000,11.166550
38.000,25.400,644.0000,6.918577
38.000,25.400,645.0000,8.134617
38.000,25.400,646.0000,9.626299
38.000,25.400,647.0000,5.178193
38.000,25.400,648.0000,-6.609258
38.000,25.400,649.0000,5.805954
38.000,25.400,650.0000,5.017263
38.000,25.400,651.0000,17.098886
38.000,25.400,652.0000,4.045801
38.000,25.400,653.0000,-0.126367
38.000,25.400,654.0000,8.735245
38.000,25.400,655.0000,8.801920
38.000,25.400,656.0000,0.195933
38.000,25.400,657.0000,5.416659
38.000,25.400,658.0000,0.621515
38.000,25.400,659.0000,-1.519074
38.000,25.400,660.0000,2.244184
38.000,25.400,661.0000,-13.305029
38.000,25.400,662.0000,2.686622
38.000,25.400,663.0000,-1.374260
38.000,25.400,664.0000,-7.378762
38.000,25.400,665.0000,3.776506
38.000,25.400,666.0000,7.470576
38.000,25.400,667.0000,-0.311770
38.000,25.400,668.0000,-5.810210
38.000,25.400,669.0000,-0.206815
38.000,25.400,670.0000,2.865668
38.000,25.400,671.0000,10.618492
38.000,25.400,672.0000,-3.063335
38.000,25.400,673.0000,-6.536062
38.000,25.400,674.0000,0.158979
38.000,25.400,675.0000,-14.046533
38.000,25.400,676.0000,-3.632159
38.000,25.400,677.0000,1.125811
38.000,25.400,678.0000,3.584988
38.000,25.400,679.0000,-1.099299
38.000,25.400,680.0000,-0.425911
38.000,25.400,681.0000,6.578671
38.000,25.400,682.0000,1.022678
38.000,25.400,683.0000,6.736683
38.000,25.400,684.0000,-0.945930
38.000,25.400,685.0000,5.388473
38.000,25.400,686.0000,-12.975561
38.000,25.400,687.0000,-0.881053
38.000,25.400,688.0000,11.072592
38.000,25.400,689.0000,-0.960617
38.000,25.400,690.0000,1.531203
38.000,25.400,691.0000,3.980611
38.000,25.400,692.0000,0.582579
38.000,25.400,693.0000,4.394679
38.000,25.400,694.0000,3.814626
38.000,25.400,695.0000,-2.914646
38.000,25.400,696.0000,4.430344
38.000,25.400,697.0000,-9.886546
38.000,25.400,698.0000,4.982024
38.000,25.400,699.0000,-1.135321
38.000,25.400,700.0000,7.938751
38.000,25.400,701.0000,-1.470049
38.000,25.400,702.0000,0.754583
38.000,25.400,703.0000,6.613591
38.000,25.400,704.0000,7.806919
38.000,25.400,705.0000,9.132743
38.000,25.400,706.0000,-7.225918
38.000,25.400,707.0000,1.017633
38.000,25.400,708.0000,-3.017545
38.000,25.400,709.0000,-1.518937
38.000,25.400,710.0000,6.963311
38.000,25.400,711.0000,-12.566494
38.000,25.400,712.0000,5.071507
38.000,25.400,713.0000,-5.780715
38.000,25.400,714.0000,11.010420
38.000,25.400,715.0000,-1.224274
38.000,25.400,716.0000,-2.535972
38.000,25.400,717.0000,5.311880
38.000,25.400,718.0000,8.183198
38.000,25.400,719.0000,6.227992
38.000,25.400,720.0000,6.909696
38.000,25.400,721.0000,1.604686
38.000,25.400,722.0000,12.027343
38.000,25.400,723.0000,0.206092
38.000,25.400,724.0000,4.265501
38.000,25.400,725.0000,-1.399629
38.000,25.400,726.0000,-6.124086
38.000,25.400,727.0000,-5.641526
38.000,25.400,728.0000,6.190770
38.000,25.400,729.0000,3.589589
38.000,25.400,730.0000,5.497627
38.000,25.400,731.0000,7.133107
38.000,25.400,732.0000,4.669137
38.000,25.400,733.0000,5.440465
38.000,25.400,734.0000,7.601108
38.000,25.400,735.0000,-5.737112
38.000,25.400,736.0000,-5.081543
38.000,25.400,737.0000,7.131634
38.000,25.400,738.0000,-4.827075
38.000,25.400,739.0000,-18.055015
38.000,25.400,740.0000,-8.210935
38.000,25.400,741.0000,-3.030979
38.000,25.400,742.0000,4.288570
38.000,25.400,743.0000,2.572060
38.000,25.400,744.0000,2.607554
38.000,25.400,745.0000,-9.215841
38.000,25.400,746.0000,-2.491425
38.000,25.400,747.0000,-5.345119
38.000,25.400,748.0000,-0.095959
38.000,25.400,749.0000,-6.710688
38.000,25.400,750.0000,5.152309
38.000,25.400,751.0000,5.897084
38.000,25.400,752.0000,-1.674072
38.000,25.400,753.0000,0.205387
38.000,25.400,754.0000,-1.339899
38.000,25.400,755.0000,-0.453771
38.000,25.400,756.0000,-1.165425
38.000,25.400,757.0000,3.051747
38.000,25.400,758.0000,5.079698
38.000,25.400,759.0000,2.940206
38.000,25.400,760.0000,0.591889
38.000,25.400,761.0000,1.331735
38.000,25.400,762.0000,7.604038
38.000,25.400,763.0000,-3.466005
38.000,25.400,764.0000,2.084833
38.000,25.400,765.0000,-9.778548
38.000,25.400,766.0000,4.144592
38.000,25.400,767.0000,-5.042790
38.000,25.400,768.0000,2.403544
38.000,25.400,769.0000,8.497679
38.000,25.400,770.0000,6.493640
38.000,25.400,771.0000,11.338595
38.000,25.400,772.0000,8.079466
38.000,25.400,773.0000,4.277171
38.000,25.400,774.0000,7.880134
38.000,25.400,775.0000,11.648581
38.000,25.400,776.0000,9.978513
38.000,25.400,777.0000,8.303903
38.000,25.400,778.0000,10.976172
38.000,25.400,779.0000,4.959930
38.000,25.400,780.0000,3.178002
38.000,25.400,781.0000,7.332764
38.000,25.400,782.0000,21.781377
38.000,25.400,783.0000,21.009506
38.000,25.400,784.0000,28.248171
38.000,25.400,785.0000,19.940990
38.000,25.400,786.0000,23.791234
38.000,25.400,787.0000,35.031125
38.000,25.400,788.0000,37.750416
38.000,25.400,789.0000,43.467919
38.000,25.400,790.0000,39.023673
38.000,25.400,791.0000,50.451359
38.000,25.400,792.0000,75.967028
38.000,25.400,793.0000,74.835236
38.000,25.400,794.0000,91.083061
38.000,25.400,795.0000,95.235842
38.000,25.400,796.0000,87.133114
38.000,25.400,797.0000,75.859448
38.000,25.400,798.0000,73.128028
38.000,25.400,799.0000,66.946812
38.000,25.400,800.0000,59.621598
38.000,25.400,801.0000,37.696929
38.000,25.400,802.0000,40.069700
38.000,25.400,803.0000,38.080996
38.000,25.400,804.0000,24.395750
38.000,25.400,805.0000,21.367212
38.000,25.400,806.0000,20.233754
38.000,25.400,807.0000,20.351117
38.000,25.400,808.0000,9.710705
38.000,25.400,809.0000,17.581464
38.000,25.400,810.0000,17.631937
38.000,25.400,811.0000,11.825565
38.000,25.400,812.0000,13.492167
38.000,25.400,813.0000,7.708183
38.000,25.400,814.0000,7.034177
38.000,25.400,815.0000,16.795595
38.000,25.400,816.0000,13.680530
38.000,25.400,817.0000,5.800183
38.000,25.400,818.0000,15.513184
38.000,25.400,819.0000,5.245220
38.000,25.400,820.0000,9.730308
38.000,25.400,821.0000,6.161660
38.000,25.400,822.0000,11.998594
38.000,25.400,823.0000,4.514196
38.000,25.400,824.0000,-5.965308
38.000,25.400,825.0000,0.130557
38.000,25.400,826.0000,-7.153874
38.000,25.400,827.0000,8.335545
38.000,25.400,828.0000,9.718758
38.000,25.400,829.0000,-0.421053
38.000,25.400,830.0000,6.346176
38.000,25.400,831.0000,3.819795
38.000,25.400,832.0000,-9.868393
38.000,25.400,833.0000,-6.168867
38.000,25.400,834.0000,8.476511
38.000,25.400,835.0000,5.202745
38.000,25.400,836.0000,2.208482
38.000,25.400,837.0000,-6.491094
38.000,25.400,838.0000,-1.266411
38.000,25.400,839.0000,-0.781387
38.000,25.400,840.0000,-0.937520
38.000,25.400,841.0000,-2.699436
38.000,25.400,842.0000,3.548495
38.000,25.400,843.0000,2.528429
38.000,25.400,844.0000,1.642466
38.000,25.400,845.0000,3.816343
38.000,25.400,846.0000,0.760743
38.000,25.400,847.0000,8.850348
38.000,25.400,848.0000,8.044178
38.000,25.400,849.0000,-4.983582
38.000,25.400,850.0000,-7.744291
38.000,25.400,851.0000,1.804169
38.000,25.400,852.0000,6.922679
38.000,25.400,853.0000,-0.350588
38.000,25.400,854.0000,6.183634
38.000,25.400,855.0000,-7.579958
38.000,25.400,856.0000,2.476539
38.000,25.400,857.0000,-1.845956
38.000,25.400,858.0000,2.048636
38.000,25.400,859.0000,2.607282
38.000,25.400,860.0000,-2.172000
38.000,25.400,861.0000,-5.659561
38.000,25.400,862.0000,0.636545
38.000,25.400,863.0000,-4.787614
38.000,25.400,864.0000,9.937744
38.000,25.400,865.0000,3.541052
38.000,25.400,866.0000,5.876849
38.000,25.400,867.0000,-2.634245
38.000,25.400,868.0000,4.387377
38.000,25.400,869.0000,-6.327068
38.000,25.400,870.0000,-0.224070
38.000,25.400,871.0000,3.479211
38.000,25.400,872.0000,-4.035574
38.000,25.400,873.0000,3.180846
38.000,25.400,874.0000,-8.867644
38.000,25.400,875.0000,-2.127805
38.000,25.400,876.0000,-2.410324
38.000,25.400,877.0000,6.843863
38.000,25.400,878.0000,-5.626016
38.000,25.400,879.0000,3.217645
38.000,25.400,880.0000,5.937254
38.000,25.400,881.0000,10.940187
38.000,25.400,882.0000,3.887822
38.000,25.400,883.0000,7.230712
38.000,25.400,884.0000,0.645015
38.000,25.400,885.0000,-3.495672
38.000,25.400,886.0000,-8.241911
38.000,25.400,887.0000,0.530347
38.000,25.400,888.0000,6.102431
38.000,25.400,889.0000,1.771414
38.000,25.400,890.0000,1.502237
38.000,25.400,891.0000,-2.714261
38.000,25.400,892.0000,5.348679
38.000,25.400,893.0000,5.788569
38.000,25.400,894.0000,11.069408
38.000,25.400,895.0000,-15.695795
38.000,25.400,896.0000,2.937235
38.000,25.400,897.0000,-0.856997
38.000,25.400,898.0000,-2.722136
38.000,25.400,899.0000,8.840201
38.000,25.400,900.0000,11.547885
38.000,25.400,901.0000,1.199897
38.000,25.400,902.0000,0.632695
38.000,25.400,903.0000,2.209508
38.000,25.400,904.0000,2.074342
38.000,25.400,905.0000,-5.730917
38.000,25.400,906.0000,-4.435533
38.000,25.400,907.0000,1.412788
38.000,25.400,908.0000,4.001457
38.000,25.400,909.0000,4.651904
38.000,25.400,910.0000,18.809258
38.000,25.400,911.0000,-1.959015
38.000,25.400,912.0000,2.662367
38.000,25.400,913.0000,7.842500
38.000,25.400,914.0000,-3.792501
38.000,25.400,915.0000,4.180459
38.000,25.400,916.0000,-5.998072
38.000,25.400,917.0000,2.583428
38.000,25.400,918.0000,2.642316
38.000,25.400,919.0000,1.526730
38.000,25.400,920.0000,4.607826
38.000,25.400,921.0000,-2.607297
38.000,25.400,922.0000,2.837764
38.000,25.400,923.0000,6.968284
38.000,25.400,924.0000,21.372355
38.000,25.400,925.0000,0.191905
38.000,25.400,926.0000,10.444618
38.000,25.400,927.0000,3.655582
38.000,25.400,928.0000,7.020103
38.000,25.400,929.0000,12.579595
38.000,25.400,930.0000,7.413322
38.000,25.400,931.0000,-6.136639
38.000,25.400,932.0000,-1.138402
38.000,25.400,933.0000,6.282669
38.000,25.400,934.0000,16.433217
38.000,25.400,935.0000,2.028449
38.000,25.400,936.0000,-2.341775
38.000,25.400,937.0000,9.067306
38.000,25.400,938.0000,-0.487201
38.000,25.400,939.0000,10.376756
38.000,25.400,940.0000,5.816371
38.000,25.400,941.0000,-1.660422
38.000,25.400,942.0000,5.527701
38.000,25.400,943.0000,6.897808
38.000,25.400,944.0000,3.213115
38.000,25.400,945.0000,8.138006
38.000,25.400,946.0000,1.173450
38.000,25.400,947.0000,7.995616
38.000,25.400,948.0000,7.346200
38.000,25.400,949.0000,5.849318
38.000,25.400,950.0000,9.415037
38.000,25.400,951.0000,15.602297
38.000,25.400,952.0000,-3.896982
38.000,25.400,953.0000,17.637238
38.000,25.400,954.0000,8.337445
38.000,25.400,955.0000,6.076755
38.000,25.400,956.0000,13.052729
38.000,25.400,957.0000,0.911181
38.000,25.400,958.0000,4.595875
38.000,25.400,959.0000,1.799469
38.000,25.400,960.0000,3.304295
38.000,25.400,961.0000,1.722413
38.000,25.400,962.0000,4.616805
38.000,25.400,963.0000,13.033872
38.000,25.400,964.0000,1.376965
38.000,25.400,965.0000,7.593421
38.000,25.400,966.0000,3.859491
38.000,25.400,967.0000,-1.032568
38.000,25.400,968.0000,15.094014
38.000,25.400,969.0000,7.769898
38.000,25.400,970.0000,14.403910
38.000,25.400,971.0000,6.651444
38.000,25.400,972.0000,15.558317
38.000,25.400,973.0000,14.410395
38.000,25.400,974.0000,15.058266
38.000,25.400,975.0000,14.495655
38.000,25.400,976.0000,7.562048
38.000,25.400,977.0000,17.801642
38.000,25.400,978.0000,11.782614
38.000,25.400,979.0000,22.374765
38.000,25.400,980.0000,26.246168
38.000,25.400,981.0000,19.032197
38.000,25.400,982.0000,22.851259
38.000,25.400,983.0000,30.374766
38.000,25.400,984.0000,32.653493
38.000,25.400,985.0000,20.274253
38.000,25.400,986.0000,38.787684
38.000,25.400,987.0000,44.988510
38.000,25.400,988.0000,48.241754
38.000,25.400,989.0000,63.301149
38.000,25.400,990.0000,69.379475
38.000,25.400,991.0000,78.588101
38.000,25.400,992.0000,105.743743
38.000,25.400,993.0000,122.146430
38.000,25.400,994.0000,143.992287
38.000,25.400,995.0000,182.528164
38.000,25.400,996.0000,235.193574
38.000,25.400,997.0000,330.967421
38.000,25.400,998.0000,452.191755
38.000,25.400,999.0000,619.362010
38.000,25.400,1000.0000,810.313352
38.000,25.400,1001.0000,907.133225
38.000,25.400,1002.0000,814.222141
38.000,25.400,1003.0000,629.423397
38.000,25.400,1004.0000,445.056300
38.000,25.400,1005.0000,323.414929
38.000,25.400,1006.0000,247.195222
38.000,25.400,1007.0000,185.832449
38.000,25.400,1008.0000,134.832517
38.000,25.400,1009.0000,122.414475
38.000,25.400,1010.0000,105.262719
38.000,25.400,1011.0000,74.207222
38.000,25.400,1012.0000,68.476768
38.000,25.400,1013.0000,68.724482
38.000,25.400,1014.0000,57.114923
38.000,25.400,1015.0000,47.809133
38.000,25.400,1016.0000,53.577070
38.000,25.400,1017.0000,48.064648
38.000,25.400,1018.0000,60.109630
38.000,25.400,1019.0000,44.385702
38.000,25.400,1020.0000,45.392674
38.000,25.400,1021.0000,59.120542
38.000,25.400,1022.0000,67.851101
38.000,25.400,1023.0000,88.131436
38.000,25.400,1024.0000,94.084481
38.000,25.400,1025.0000,98.826004
38.000,25.400,1026.0000,140.404991
38.000,25.400,1027.0000,171.649701
38.000,25.400,1028.0000,216.879268
38.000,25.400,1029.0000,288.102840
38.000,25.400,1030.0000,367.730857
38.000,25.400,1031.0000,382.006886
38.000,25.400,1032.0000,354.371756
38.000,25.400,1033.0000,295.895559
38.000,25.400,1034.0000,228.324376
38.000,25.400,1035.0000,171.875909
38.000,25.400,1036.0000,123.022714
38.000,25.400,1037.0000,103.481114
38.000,25.400,1038.0000,86.226840
38.000,25.400,1039.0000,65.785916
38.000,25.400,1040.0000,56.860217
38.000,25.400,1041.0000,53.079128
38.000,25.400,1042.0000,38.930391
38.000,25.400,1043.0000,29.667235
38.000,25.400,1044.0000,16.873654
38.000,25.400,1045.0000,39.315277
38.000,25.400,1046.0000,18.409992
38.000,25.400,1047.0000,17.714211
38.000,25.400,1048.0000,21.229944
38.000,25.400,1049.0000,22.028577
38.000,25.400,1050.0000,10.607781
38.000,25.400,1051.0000,24.454682
38.000,25.400,1052.0000,9.620505
38.000,25.400,1053.0000,16.280882
38.000,25.400,1054.0000,20.552732
38.000,25.400,1055.0000,6.609645
38.000,25.400,1056.0000,6.521791
38.000,25.400,1057.0000,10.440134
38.000,25.400,1058.0000,15.234497
38.000,25.400,1059.0000,14.001140
38.000,25.400,1060.0000,5.750226
38.000,25.400,1061.0000,12.882212
38.000,25.400,1062.0000,15.727837
38.000,25.400,1063.0000,6.550243
38.000,25.400,1064.0000,0.729937
38.000,25.400,1065.0000,0.105501
38.000,25.400,1066.0000,9.633676
38.000,25.400,1067.0000,5.181229
38.000,25.400,1068.0000,-0.582762
38.000,25.400,1069.0000,7.657158
38.000,25.400,1070.0000,4.345082
38.000,25.400,1071.0000,-0.666987
38.000,25.400,1072.0000,7.295235
38.000,25.400,1073.0000,7.866091
38.000,25.400,1074.0000,22.348792
38.000,25.400,1075.0000,6.006908
38.000,25.400,1076.0000,8.337582
38.000,25.400,1077.0000,-1.211214
38.000,25.400,1078.0000,-10.017308
38.000,25.400,1079.0000,8.687973
38.000,25.400,1080.0000,7.489646
38.000,25.400,1081.0000,3.808225
38.000,25.400,1082.0000,10.908498
38.000,25.400,1083.0000,13.081391
38.000,25.400,1084.0000,16.673097
38.000,25.400,1085.0000,3.870865
38.000,25.400,1086.0000,1.441969
38.000,25.400,1087.0000,-0.794538
38.000,25.400,1088.0000,5.003855
38.000,25.400,1089.0000,2.038734
38.000,25.400,1090.0000,5.077421
38.000,25.400,1091.0000,-2.534409
38.000,25.400,1092.0000,0.346003
38.000,25.400,1093.0000,5.104918
38.000,25.400,1094.0000,3.031444
38.000,25.400,1095.0000,4.922761
38.000,25.400,1096.0000,1.806274
38.000,25.400,1097.0000,6.792070
38.000,25.400,1098.0000,0.115574
38.000,25.400,1099.0000,8.714149
38.000,25.400,1100.0000,2.541384
38.000,25.400,1101.0000,1.071542
38.000,25.400,1102.0000,2.128189
38.000,25.400,1103.0000,-1.542109
38.000,25.400,1104.0000,1.737844
38.000,25.400,1105.0000,0.264655
38.000,25.400,1106.0000,3.042888
38.000,25.400,1107.0000,-2.276917
38.000,25.400,1108.0000,11.586779
38.000,25.400,1109.0000,5.805241
38.000,25.400,1110.0000,8.831003
38.000,25.400,1111.0000,1.314835
38.000,25.400,1112.0000,7.660994
38.000,25.400,1113.0000,9.930067
38.000,25.400,1114.0000,1.974426
38.000,25.400,1115.0000,2.763562
38.000,25.400,1116.0000,3.929616
38.000,25.400,1117.0000,8.163529
38.000,25.400,1118.0000,-2.119040
38.000,25.400,1119.0000,-2.664100
38.000,25.400,1120.0000,6.078145
38.000,25.400,1121.0000,9.811635
38.000,25.400,1122.0000,11.420834
38.000,25.400,1123.0000,1.733988
38.000,25.400,1124.0000,2.753362
38.000,25.400,1125.0000,-8.542547
38.000,25.400,1126.0000,3.157380
38.000,25.400,1127.0000,-1.628287
38.000,25.400,1128.0000,6.129786
38.000,25.400,1129.0000,3.905083
38.000,25.400,1130.0000,12.692249
38.000,25.400,1131.0000,-5.975025
38.000,25.400,1132.0000,-0.392452
38.000,25.400,1133.0000,5.840209
38.000,25.400,1134.0000,5.145214
38.000,25.400,1135.0000,12.163697
38.000,25.400,1136.0000,12.943839
38.000,25.400,1137.0000,11.426795
38.000,25.400,1138.0000,15.187627
38.000,25.400,1139.0000,15.457960
38.000,25.400,1140.0000,18.480346
38.000,25.400,1141.0000,18.672670
38.000,25.400,1142.0000,19.703526
38.000,25.400,1143.0000,20.720914
38.000,25.400,1144.0000,23.127727
38.000,25.400,1145.0000,23.275929
38.000,25.400,1146.0000,36.533596
38.000,25.400,1147.0000,42.399319
38.000,25.400,1148.0000,29.928786
38.000,25.400,1149.0000,49.978773
38.000,25.400,1150.0000,52.675109
38.000,25.400,1151.0000,82.392147
38.000,25.400,1152.0000,106.150899
38.000,25.400,1153.0000,112.517956
38.000,25.400,1154.0000,114.568213
38.000,25.400,1155.0000,140.208595
38.000,25.400,1156.0000,139.933224
38.000,25.400,1157.0000,121.326753
38.000,25.400,1158.0000,85.829983
38.000,25.400,1159.0000,81.623705
38.000,25.400,1160.0000,72.531289
38.000,25.400,1161.0000,58.549736
38.000,25.400,1162.0000,53.073767
38.000,25.400,1163.0000,39.772429
38.000,25.400,1164.0000,42.863573
38.000,25.400,1165.0000,38.335006
38.000,25.400,1166.0000,28.022882
38.000,25.400,1167.0000,26.225290
38.000,25.400,1168.0000,30.971640
38.000,25.400,1169.0000,29.300661
38.000,25.400,1170.0000,17.057684
38.000,25.400,1171.0000,19.364763
38.000,25.400,1172.0000,30.214448
38.000,25.400,1173.0000,28.076441
38.000,25.400,1174.0000,33.684749
38.000,25.400,1175.0000,36.248642
38.000,25.400,1176.0000,42.787585
38.000,25.400,1177.0000,46.149682
38.000,25.400,1178.0000,57.323427
38.000,25.400,1179.0000,65.603718
38.000,25.400,1180.0000,71.093166
38.000,25.400,1181.0000,89.847641
38.000,25.400,1182.0000,105.201505
38.000,25.400,1183.0000,112.672169
38.000,25.400,1184.0000,98.901325
38.000,25.400,1185.0000,98.912782
38.000,25.400,1186.0000,81.404915
38.000,25.400,1187.0000,67.858045
38.000,25.400,1188.0000,52.689652
38.000,25.400,1189.0000,37.358114
38.000,25.400,1190.0000,29.067241
38.000,25.400,1191.0000,33.355985
38.000,25.400,1192.0000,28.355180
38.000,25.400,1193.0000,20.644201
38.000,25.400,1194.0000,23.959824
38.000,25.400,1195.0000,11.751329
38.000,25.400,1196.0000,15.773626
38.000,25.400,1197.0000,11.714192
38.000,25.400,1198.0000,23.435047
38.000,25.400,1199.0000,8.556966
38.000,25.400,1200.0000,16.303015
38.000,25.400,1201.0000,6.685847
38.000,25.400,1202.0000,14.527384
38.000,25.400,1203.0000,4.060077
38.000,25.400,1204.0000,4.169397
38.000,25.400,1205.0000,15.356149
38.000,25.400,1206.0000,-3.171009
38.000,25.400,1207.0000,13.046257
38.000,25.400,1208.0000,10.152403
38.000,25.400,1209.0000,9.492497
38.000,25.400,1210.0000,4.407873
38.000,25.400,1211.0000,-2.695340
38.000,25.400,1212.0000,12.312877
38.000,25.400,1213.0000,-1.377106
38.000,25.400,1214.0000,11.463543
38.000,25.400,1215.0000,1.252772
38.000,25.400,1216.0000,6.957668
38.000,25.400,1217.0000,-1.267492
38.000,25.400,1218.0000,8.923667
38.000,25.400,1219.0000,-5.666902
38.000,25.400,1220.0000,5.535294
38.000,25.400,1221.0000,9.721963
38.000,25.400,1222.0000,-6.619037
38.000,25.400,1223.0000,-3.531758
38.000,25.400,1224.0000,8.892070
38.000,25.400,1225.0000,9.561827
38.000,25.400,1226.0000,6.743259
38.000,25.400,1227.0000,1.978923
38.000,25.400,1228.0000,-6.147029
38.000,25.400,1229.0000,-9.890524
38.000,25.400,1230.0000,0.707310
38.000,25.400,1231.0000,-0.887117
38.000,25.400,1232.0000,-12.610543
38.000,25.400,1233.0000,7.912964
38.000,25.400,1234.0000,5.788959
38.000,25.400,1235.0000,11.751795
38.000,25.400,1236.0000,0.587897
38.000,25.400,1237.0000,2.264713
38.000,25.400,1238.0000,8.638149
38.000,25.400,1239.0000,-9.627507
38.000,25.400,1240.0000,-0.100028
38.000,25.400,1241.0000,1.896315
38.000,25.400,1242.0000,0.374928
38.000,25.400,1243.0000,-5.798205
38.000,25.400,1244.0000,4.843420
38.000,25.400,1245.0000,3.844117
38.000,25.400,1246.0000,-5.843204
38.000,25.400,1247.0000,8.295548
38.000,25.400,1248.0000,8.380907
38.000,25.400,1249.0000,-0.322524
38.000,25.400,1250.0000,15.260079
38.000,25.400,1251.0000,17.834657
38.000,25.400,1252.0000,-6.100539
38.000,25.400,1253.0000,8.652464
38.000,25.400,1254.0000,-0.408976
38.000,25.400,1255.0000,-2.496327
38.000,25.400,1256.0000,0.457083
38.000,25.400,1257.0000,-5.028605
38.000,25.400,1258.0000,10.422101
38.000,25.400,1259.0000,4.770984
38.000,25.400,1260.0000,4.106711
38.000,25.400,1261.0000,6.623681
38.000,25.400,1262.0000,-0.820385
38.000,25.400,1263.0000,10.475598
38.000,25.400,1264.0000,7.750912
38.000,25.400,1265.0000,8.632443
38.000,25.400,1266.0000,13.221501
38.000,25.400,1267.0000,4.902423
38.000,25.400,1268.0000,11.314780
38.000,25.400,1269.0000,9.946681
38.000,25.400,1270.0000,3.383556
38.000,25.400,1271.0000,1.116507
38.000,25.400,1272.0000,-0.212017
38.000,25.400,1273.0000,0.194038
38.000,25.400,1274.0000,-11.964869
38.000,25.400,1275.0000,10.050004
38.000,25.400,1276.0000,3.551185
38.000,25.400,1277.0000,3.129479
38.000,25.400,1278.0000,-5.587830
38.000,25.400,1279.0000,-10.013038
38.000,25.400,1280.0000,0.447100
38.000,25.400,1281.0000,4.414258
38.000,25.400,1282.0000,4.959013
38.000,25.400,1283.0000,3.163271
38.000,25.400,1284.0000,0.174774
38.000,25.400,1285.0000,-2.723613
38.000,25.400,1286.0000,2.892599
38.000,25.400,1287.0000,0.250388
38.000,25.400,1288.0000,2.983286
38.000,25.400,1289.0000,1.220899
38.000,25.400,1290.0000,-4.830591
38.000,25.400,1291.0000,6.208928
38.000,25.400,1292.0000,3.280847
38.000,25.400,1293.0000,2.259132
38.000,25.400,1294.0000,3.998239
38.000,25.400,1295.0000,-1.271053
38.000,25.400,1296.0000,8.004548
38.000,25.400,1297.0000,3.305211
38.000,25.400,1298.0000,3.355133
38.000,25.400,1299.0000,-0.583508
38.000,25.400,1300.0000,-7.415650
38.000,25.400,1301.0000,-11.063657
38.000,25.400,1302.0000,7.726165
38.000,25.400,1303.0000,11.995264
38.000,25.400,1304.0000,3.276668
38.000,25.400,1305.0000,-5.981585
38.000,25.400,1306.0000,-5.984573
38.000,25.400,1307.0000,-7.631589
38.000,25.400,1308.0000,7.492574
38.000,25.400,1309.0000,1.886877
38.000,25.400,1310.0000,-1.069175
38.000,25.400,1311.0000,0.128037
38.000,25.400,1312.0000,-1.055281
38.000,25.400,1313.0000,6.264393
38.000,25.400,1314.0000,14.166543
38.000,25.400,1315.0000,9.886407
38.000,25.400,1316.0000,-2.531696
38.000,25.400,1317.0000,0.822365
38.000,25.400,1318.0000,8.031260
38.000,25.400,1319.0000,-1.528072
38.000,25.400,1320.0000,-5.881226
38.000,25.400,1321.0000,17.769720
38.000,25.400,1322.0000,14.777167
38.000,25.400,1323.0000,3.253696
38.000,25.400,1324.0000,1.363503
38.000,25.400,1325.0000,2.060404
38.000,25.400,1326.0000,5.196574
38.000,25.400,1327.0000,0.881690
38.000,25.400,1328.0000,11.446442
38.000,25.400,1329.0000,8.230960
38.000,25.400,1330.0000,1.460909
38.000,25.400,1331.0000,0.789981
38.000,25.400,1332.0000,9.015170
38.000,25.400,1333.0000,1.230977
38.000,25.400,1334.0000,6.337496
38.000,25.400,1335.0000,1.213751
38.000,25.400,1336.0000,2.173780
38.000,25.400,1337.0000,3.655770
38.000,25.400,1338.0000,8.586557
38.000,25.400,1339.0000,-0.102589
38.000,25.400,1340.0000,0.465018
38.000,25.400,1341.0000,2.900450
38.000,25.400,1342.0000,6.671757
38.000,25.400,1343.0000,-11.922125
38.000,25.400,1344.0000,4.092062
38.000,25.400,1345.0000,-1.399995
38.000,25.400,1346.0000,1.885527
38.000,25.400,1347.0000,-1.544461
38.000,25.400,1348.0000,1.082626
38.000,25.400,1349.0000,5.232074
38.000,25.400,1350.0000,-0.766036
38.000,25.400,1351.0000,0.373542
38.000,25.400,1352.0000,-5.441778
38.000,25.400,1353.0000,3.696019
38.000,25.400,1354.0000,3.716086
38.000,25.400,1355.0000,0.511607
38.000,25.400,1356.0000,3.828618
38.000,25.400,1357.0000,-0.418850
38.000,25.400,1358.0000,-6.472026
38.000,25.400,1359.0000,-0.464306
38.000,25.400,1360.0000,1.937377
38.000,25.400,1361.0000,10.035496
38.000,25.400,1362.0000,13.393403
38.000,25.400,1363.0000,-5.613104
38.000,25.400,1364.0000,0.617672
38.000,25.400,1365.0000,8.423866
38.000,25.400,1366.0000,-2.648049
38.000,25.400,1367.0000,1.036829
38.000,25.400,1368.0000,-9.281789
38.000,25.400,1369.0000,0.863695
38.000,25.400,1370.0000,-5.220715
38.000,25.400,1371.0000,4.411340
38.000,25.400,1372.0000,-4.933723
38.000,25.400,1373.0000,-6.803425
38.000,25.400,1374.0000,-0.421421
38.000,25.400,1375.0000,-4.525772
38.000,25.400,1376.0000,7.753649
38.000,25.400,1377.0000,0.641094
38.000,25.400,1378.0000,-5.174436
38.000,25.400,1379.0000,1.754866
38.000,25.400,1380.0000,8.578984
38.000,25.400,1381.0000,8.633990
38.000,25.400,1382.0000,2.924958
38.000,25.400,1383.0000,-3.323315
38.000,25.400,1384.0000,-5.889798
38.000,25.400,1385.0000,-8.696198
38.000,25.400,1386.0000,3.973788
38.000,25.400,1387.0000,-2.781978
38.000,25.400,1388.0000,-3.524989
38.000,25.400,1389.0000,-3.042468
38.000,25.400,1390.0000,-7.512413
38.000,25.400,1391.0000,-7.713706
38.000,25.400,1392.0000,0.048218
38.000,25.400,1393.0000,2.344237
38.000,25.400,1394.0000,4.426727
38.000,25.400,1395.0000,9.359736
38.000,25.400,1396.0000,6.459888
38.000,25.400,1397.0000,14.172659
38.000,25.400,1398.0000,6.523908
38.000,25.400,1399.0000,8.715695
38.000,25.400,1400.0000,6.142475
38.000,25.400,1401.0000,1.785837
38.000,25.400,1402.0000,9.023512
38.000,25.400,1403.0000,12.861589
38.000,25.400,1404.0000,12.556238
38.000,25.400,1405.0000,12.857726
38.000,25.400,1406.0000,-3.462117
38.000,25.400,1407.0000,-1.395794
38.000,25.400,1408.0000,10.676386
38.000,25.400,1409.0000,8.288267
38.000,25.400,1410.0000,-2.815620
38.000,25.400,1411.0000,11.257757
38.000,25.400,1412.0000,-1.219338
38.000,25.400,1413.0000,15.536391
38.000,25.400,1414.0000,17.235392
38.000,25.400,1415.0000,6.603710
38.000,25.400,1416.0000,3.100674
38.000,25.400,1417.0000,2.479209
38.000,25.400,1418.0000,0.140911
38.000,25.400,1419.0000,11.586842
38.000,25.400,1420.0000,13.595922
38.000,25.400,1421.0000,-2.471785
38.000,25.400,1422.0000,8.613425
38.000,25.400,1423.0000,13.921996
38.000,25.400,1424.0000,16.648052
38.000,25.400,1425.0000,10.996745
38.000,25.400,1426.0000,7.015695
38.000,25.400,1427.0000,21.714488
38.000,25.400,1428.0000,14.893730
38.000,25.400,1429.0000,19.253930
38.000,25.400,1430.0000,24.522437
38.000,25.400,1431.0000,24.728869
38.000,25.400,1432.0000,30.741799
38.000,25.400,1433.0000,24.769454
38.000,25.400,1434.0000,37.195215
38.000,25.400,1435.0000,45.843321
38.000,25.400,1436.0000,29.742710
38.000,25.400,1437.0000,47.773919
38.000,25.400,1438.0000,48.948369
38.000,25.400,1439.0000,57.465943
38.000,25.400,1440.0000,73.028950
38.000,25.400,1441.0000,79.886964
38.000,25.400,1442.0000,67.917124
38.000,25.400,1443.0000,98.323644
38.000,25.400,1444.0000,116.815691
38.000,25.400,1445.0000,126.857192
38.000,25.400,1446.0000,148.169498
38.000,25.400,1447.0000,168.499211
38.000,25.400,1448.0000,189.039954
38.000,25.400,1449.0000,201.847953
38.000,25.400,1450.0000,192.758870
38.000,25.400,1451.0000,200.757318
38.000,25.400,1452.0000,177.108816
38.000,25.400,1453.0000,162.466365
38.000,25.400,1454.0000,142.652807
38.000,25.400,1455.0000,131.646473
38.000,25.400,1456.0000,109.747356
38.000,25.400,1457.0000,103.572171
38.000,25.400,1458.0000,82.296272
38.000,25.400,1459.0000,68.363720
38.000,25.400,1460.0000,71.762080
38.000,25.400,1461.0000,66.809254
38.000,25.400,1462.0000,48.452416
38.000,25.400,1463.0000,45.512102
38.000,25.400,1464.0000,40.459599
38.000,25.400,1465.0000,36.738962
38.000,25.400,1466.0000,36.248227
38.000,25.400,1467.0000,35.644535
38.000,25.400,1468.0000,26.376249
38.000,25.400,1469.0000,19.703585
38.000,25.400,1470.0000,19.907094
38.000,25.400,1471.0000,15.741100
38.000,25.400,1472.0000,15.594559
38.000,25.400,1473.0000,14.738416
38.000,25.400,1474.0000,19.234906
38.000,25.400,1475.0000,11.463000
38.000,25.400,1476.0000,21.559421
38.000,25.400,1477.0000,8.917792
38.000,25.400,1478.0000,5.648949
38.000,25.400,1479.0000,5.353415
38.000,25.400,1480.0000,8.302882
38.000,25.400,1481.0000,16.478434
38.000,25.400,1482.0000,18.673350
38.000,25.400,1483.0000,10.187441
38.000,25.400,1484.0000,8.521937
38.000,25.400,1485.0000,13.786271
38.000,25.400,1486.0000,25.440214
38.000,25.400,1487.0000,12.032708
38.000,25.400,1488.0000,3.227439
38.000,25.400,1489.0000,14.741861
38.000,25.400,1490.0000,-1.492707
38.000,25.400,1491.0000,9.038223
38.000,25.400,1492.0000,4.290432
38.000,25.400,1493.0000,17.040270
38.000,25.400,1494.0000,8.032667
38.000,25.400,1495.0000,11.183163
38.000,25.400,1496.0000,1.991057
38.000,25.400,1497.0000,1.817301
38.000,25.400,1498.0000,16.265519
38.000,25.400,1499.0000,-6.956574
38.000,25.400,1500.0000,-4.452857
38.000,25.400,1501.0000,-4.679919
38.000,25.400,1502.0000,-4.887329
38.000,25.400,1503.0000,-1.533237
38.000,25.400,1504.0000,14.456255
38.000,25.400,1505.0000,11.904398
38.000,25.400,1506.0000,5.096713
38.000,25.400,1507.0000,-1.706512
38.000,25.400,1508.0000,8.482389
38.000,25.400,1509.0000,2.708869
38.000,25.400,1510.0000,6.028458
38.000,25.400,1511.0000,9.999460
38.000,25.400,1512.0000,11.993736
38.000,25.400,1513.0000,1.623530
38.000,25.400,1514.0000,15.476415
38.000,25.400,1515.0000,9.793793
38.000,25.400,1516.0000,7.543969
38.000,25.400,1517.0000,-2.071339
38.000,25.400,1518.0000,8.494529
38.000,25.400,1519.0000,10.562832
38.000,25.400,1520.0000,-0.727674
38.000,25.400,1521.0000,-1.485718
38.000,25.400,1522.0000,7.216606
38.000,25.400,1523.0000,-4.107916
38.000,25.400,1524.0000,1.894062
38.000,25.400,1525.0000,-2.759895
38.000,25.400,1526.0000,13.917464
38.000,25.400,1527.0000,-7.883702
38.000,25.400,1528.0000,2.380786
38.000,25.400,1529.0000,11.688874
38.000,25.400,1530.0000,-2.554098
38.000,25.400,1531.0000,3.470344
38.000,25.400,1532.0000,-1.025185
38.000,25.400,1533.0000,-7.040306
38.000,25.400,1534.0000,12.341391
38.000,25.400,1535.0000,-0.836651
38.000,25.400,1536.0000,9.173868
38.000,25.400,1537.0000,8.036724
38.000,25.400,1538.0000,11.362607
38.000,25.400,1539.0000,-9.279688
38.000,25.400,1540.0000,9.994295
38.000,25.400,1541.0000,16.916492
38.000,25.400,1542.0000,7.261907
38.000,25.400,1543.0000,10.359874
38.000,25.400,1544.0000,14.522076
38.000,25.400,1545.0000,11.189417
38.000,25.400,1546.0000,17.170805
38.000,25.400,1547.0000,14.150714
38.000,25.400,1548.0000,1.733938
38.000,25.400,1549.0000,5.198389
38.000,25.400,1550.0000,4.926306
38.000,25.400,1551.0000,17.771071
38.000,25.400,1552.0000,4.552524
38.000,25.400,1553.0000,5.379884
38.000,25.400,1554.0000,9.043672
38.000,25.400,1555.0000,7.169284
38.000,25.400,1556.0000,27.416840
38.000,25.400,1557.0000,7.791785
38.000,25.400,1558.0000,10.209279
38.000,25.400,1559.0000,4.035108
38.000,25.400,1560.0000,19.500838
38.000,25.400,1561.0000,19.314872
38.000,25.400,1562.0000,9.397508
38.000,25.400,1563.0000,8.486159
38.000,25.400,1564.0000,19.020043
38.000,25.400,1565.0000,21.334961
38.000,25.400,1566.0000,28.130226
38.000,25.400,1567.0000,30.571896
38.000,25.400,1568.0000,30.509642
38.000,25.400,1569.0000,30.904135
38.000,25.400,1570.0000,30.610763
38.000,25.400,1571.0000,30.076609
38.000,25.400,1572.0000,29.745736
38.000,25.400,1573.0000,45.577160
38.000,25.400,1574.0000,64.554593
38.000,25.400,1575.0000,60.566472
38.000,25.400,1576.0000,73.208131
38.000,25.400,1577.0000,87.006358
38.000,25.400,1578.0000,105.159283
38.000,25.400,1579.0000,129.117053
38.000,25.400,1580.0000,148.880157
38.000,25.400,1581.0000,167.478154
38.000,25.400,1582.0000,194.294283
38.000,25.400,1583.0000,202.406091
38.000,25.400,1584.0000,197.322791
38.000,25.400,1585.0000,177.128680
38.000,25.400,1586.0000,163.043512
38.000,25.400,1587.0000,143.383162
38.000,25.400,1588.0000,141.854221
38.000,25.400,1589.0000,121.371731
38.000,25.400,1590.0000,124.277960
38.000,25.400,1591.0000,117.141839
38.000,25.400,1592.0000,107.639877
38.000,25.400,1593.0000,137.403711
38.000,25.400,1594.0000,139.818719
38.000,25.400,1595.0000,166.151741
38.000,25.400,1596.0000,199.314951
38.000,25.400,1597.0000,238.244223
38.000,25.400,1598.0000,298.482129
38.000,25.400,1599.0000,374.743715
38.000,25.400,1600.0000,463.132856
38.000,25.400,1601.0000,527.871064
38.000,25.400,1602.0000,572.236342
38.000,25.400,1603.0000,528.955331
38.000,25.400,1604.0000,457.560398
38.000,25.400,1605.0000,359.447341
38.000,25.400,1606.0000,286.007295
38.000,25.400,1607.0000,219.070191
38.000,25.400,1608.0000,176.659081
38.000,25.400,1609.0000,140.572825
38.000,25.400,1610.0000,119.631113
38.000,25.400,1611.0000,92.336015
38.000,25.400,1612.0000,88.199404
38.000,25.400,1613.0000,78.397559
38.000,25.400,1614.0000,64.596168
38.000,25.400,1615.0000,54.111523
38.000,25.400,1616.0000,54.419864
38.000,25.400,1617.0000,43.902601
38.000,25.400,1618.0000,40.826980
38.000,25.400,1619.0000,40.632450
38.000,25.400,1620.0000,30.174017
38.000,25.400,1621.0000,29.285556
38.000,25.400,1622.0000,18.472698
38.000,25.400,1623.0000,28.559908
38.000,25.400,1624.0000,25.520889
38.000,25.400,1625.0000,19.946058
38.000,25.400,1626.0000,9.889132
38.000,25.400,1627.0000,17.390014
38.000,25.400,1628.0000,22.551524
38.000,25.400,1629.0000,22.322907
38.000,25.400,1630.0000,12.251183
38.000,25.400,1631.0000,8.096672
38.000,25.400,1632.0000,8.506509
38.000,25.400,1633.0000,11.367061
38.000,25.400,1634.0000,7.354117
38.000,25.400,1635.0000,3.141061
38.000,25.400,1636.0000,0.538223
38.000,25.400,1637.0000,6.864042
38.000,25.400,1638.0000,1.716022
38.000,25.400,1639.0000,6.166871
38.000,25.400,1640.0000,5.280084
38.000,25.400,1641.0000,2.204303
38.000,25.400,1642.0000,4.220456
38.000,25.400,1643.0000,5.339065
38.000,25.400,1644.0000,17.830198
38.000,25.400,1645.0000,10.100280
38.000,25.400,1646.0000,2.829874
38.000,25.400,1647.0000,4.888624
38.000,25.400,1648.0000,8.922635
38.000,25.400,1649.0000,3.458047
38.000,25.400,1650.0000,0.835841
38.000,25.400,1651.0000,21.287314
38.000,25.400,1652.0000,-3.732412
38.000,25.400,1653.0000,2.162272
38.000,25.400,1654.0000,3.633037
38.000,25.400,1655.0000,0.581397
38.000,25.400,1656.0000,-0.500852
38.000,25.400,1657.0000,8.963527
38.000,25.400,1658.0000,-3.117129
38.000,25.400,1659.0000,-5.259532
38.000,25.400,1660.0000,4.588703
38.000,25.400,1661.0000,-1.052713
38.000,25.400,1662.0000,11.575244
38.000,25.400,1663.0000,9.410200
38.000,25.400,1664.0000,-1.555276
38.000,25.400,1665.0000,4.454829
38.000,25.400,1666.0000,9.979209
38.000,25.400,1667.0000,0.144944
38.000,25.400,1668.0000,10.738545
38.000,25.400,1669.0000,1.101683
38.000,25.400,1670.0000,7.263283
38.000,25.400,1671.0000,9.527040
38.000,25.400,1672.0000,1.081482
38.000,25.400,1673.0000,9.579934
38.000,25.400,1674.0000,-1.568401
38.000,25.400,1675.0000,-10.096690
38.000,25.400,1676.0000,5.914995
38.000,25.400,1677.0000,7.549144
38.000,25.400,1678.0000,7.122609
38.000,25.400,1679.0000,1.500099
38.000,25.400,1680.0000,-2.118871
38.000,25.400,1681.0000,0.183492
38.000,25.400,1682.0000,7.713778
38.000,25.400,1683.0000,2.691634
38.000,25.400,1684.0000,-8.596223
38.000,25.400,1685.0000,-4.240069
38.000,25.400,1686.0000,-4.056757
38.000,25.400,1687.0000,9.241086
38.000,25.400,1688.0000,10.422193
38.000,25.400,1689.0000,-6.567963
38.000,25.400,1690.0000,-3.313926
38.000,25.400,1691.0000,0.021935
38.000,25.400,1692.0000,13.834179
38.000,25.400,1693.0000,-0.182980
38.000,25.400,1694.0000,-0.466878
38.000,25.400,1695.0000,-14.751287
38.000,25.400,1696.0000,2.371771
38.000,25.400,1697.0000,-1.676990
38.000,25.400,1698.0000,-6.088898
38.000,25.400,1699.0000,-1.435103
38.000,25.400,1700.0000,4.152836
38.000,25.400,1701.0000,-1.713357
38.000,25.400,1702.0000,6.517854
38.000,25.400,1703.0000,-2.348988
38.000,25.400,1704.0000,2.271545
38.000,25.400,1705.0000,4.195244
38.000,25.400,1706.0000,0.931048
38.000,25.400,1707.0000,-8.116627
38.000,25.400,1708.0000,-1.680993
38.000,25.400,1709.0000,1.400159
38.000,25.400,1710.0000,9.179101
38.000,25.400,1711.0000,5.325966
38.000,25.400,1712.0000,-13.616869
38.000,25.400,1713.0000,5.835639
38.000,25.400,1714.0000,1.891158
38.000,25.400,1715.0000,1.556922
38.000,25.400,1716.0000,5.094309
38.000,25.400,1717.0000,-1.008066
38.000,25.400,1718.0000,-8.049990
38.000,25.400,1719.0000,-5.083306
38.000,25.400,1720.0000,-0.371888
38.000,25.400,1721.0000,4.691726
38.000,25.400,1722.0000,-0.197084
38.000,25.400,1723.0000,-8.169299
38.000,25.400,1724.0000,6.621321
38.000,25.400,1725.0000,11.140536
38.000,25.400,1726.0000,7.006079
38.000,25.400,1727.0000,2.237631
38.000,25.400,1728.0000,-6.188964
38.000,25.400,1729.0000,14.051825
38.000,25.400,1730.0000,-1.643788
38.000,25.400,1731.0000,-5.562786
38.000,25.400,1732.0000,-1.991679
38.000,25.400,1733.0000,12.894344
38.000,25.400,1734.0000,-2.402254
38.000,25.400,1735.0000,2.716165
38.000,25.400,1736.0000,0.057581
38.000,25.400,1737.0000,-0.913333
38.000,25.400,1738.0000,8.913266
38.000,25.400,1739.0000,1.011616
38.000,25.400,1740.0000,-0.131614
38.000,25.400,1741.0000,-2.064025
38.000,25.400,1742.0000,-2.876407
38.000,25.400,1743.0000,4.987924
38.000,25.400,1744.0000,-0.322451
38.000,25.400,1745.0000,-10.782636
38.000,25.400,1746.0000,5.708224
38.000,25.400,1747.0000,0.127461
38.000,25.400,1748.0000,-2.682273
38.000,25.400,1749.0000,4.458397
38.000,25.400,1750.0000,-4.982099
38.000,25.400,1751.0000,5.168589
38.000,25.400,1752.0000,7.997038
38.000,25.400,1753.0000,-0.704060
38.000,25.400,1754.0000,-6.788561
38.000,25.400,1755.0000,-0.710203
38.000,25.400,1756.0000,-4.320714
38.000,25.400,1757.0000,5.340192
38.000,25.400,1758.0000,7.113243
38.000,25.400,1759.0000,1.959850
38.000,25.400,1760.0000,-2.643214
38.000,25.400,1761.0000,4.317069
38.000,25.400,1762.0000,2.008749
38.000,25.400,1763.0000,4.327799
38.000,25.400,1764.0000,-4.184352
38.000,25.400,1765.0000,-1.720983
38.000,25.400,1766.0000,2.220178
38.000,25.400,1767.0000,-1.734991
38.000,25.400,1768.0000,-1.286976
38.000,25.400,1769.0000,10.460828
38.000,25.400,1770.0000,-4.961957
38.000,25.400,1771.0000,-11.818025
38.000,25.400,1772.0000,7.177155
38.000,25.400,1773.0000,-4.942955
38.000,25.400,1774.0000,1.256620
38.000,25.400,1775.0000,4.972330
38.000,25.400,1776.0000,3.273521
38.000,25.400,1777.0000,3.475480
38.000,25.400,1778.0000,1.663432
38.000,25.400,1779.0000,-3.034098
38.000,25.400,1780.0000,2.476674
38.000,25.400,1781.0000,-9.542074
38.000,25.400,1782.0000,1.729447
38.000,25.400,1783.0000,11.477895
38.000,25.400,1784.0000,-5.966886
38.000,25.400,1785.0000,4.221284
38.000,25.400,1786.0000,-1.458922
38.000,25.400,1787.0000,17.880096
38.000,25.400,1788.0000,-0.676140
38.000,25.400,1789.0000,2.611126
38.000,25.400,1790.0000,-0.321368
38.000,25.400,1791.0000,-1.101483
38.000,25.400,1792.0000,2.508790
38.000,25.400,1793.0000,-2.998693
38.000,25.400,1794.0000,5.561930
38.000,25.400,1795.0000,0.610308
38.000,25.400,1796.0000,2.200977
38.000,25.400,1797.0000,-1.556733
38.000,25.400,1798.0000,-6.819324
38.000,25.400,1799.0000,-4.067747
38.000,25.400,1800.0000,-0.043837
38.000,25.400,1801.0000,11.764417
38.000,25.400,1802.0000,4.506512
38.000,25.400,1803.0000,4.560445
38.000,25.400,1804.0000,0.301290
38.000,25.400,1805.0000,12.324642
38.000,25.400,1806.0000,-0.325960
38.000,25.400,1807.0000,3.928456
38.000,25.400,1808.0000,1.264242
38.000,25.400,1809.0000,-2.571656
38.000,25.400,1810.0000,-8.532840
38.000,25.400,1811.0000,11.982820
38.000,25.400,1812.0000,0.524865
38.000,25.400,1813.0000,1.216479
38.000,25.400,1814.0000,-2.356516
38.000,25.400,1815.0000,-5.828933
38.000,25.400,1816.0000,3.646882
38.000,25.400,1817.0000,6.685807
38.000,25.400,1818.0000,10.180857
38.000,25.400,1819.0000,3.811313
38.000,25.400,1820.0000,4.712542
38.000,25.400,1821.0000,5.719516
38.000,25.400,1822.0000,6.913678
38.000,25.400,1823.0000,15.811612
38.000,25.400,1824.0000,3.418683
38.000,25.400,1825.0000,-1.119826
38.000,25.400,1826.0000,-3.157535
38.000,25.400,1827.0000,7.032146
38.000,25.400,1828.0000,-0.342490
38.000,25.400,1829.0000,8.213096
38.000,25.400,1830.0000,-5.926032
38.000,25.400,1831.0000,-1.645032
38.000,25.400,1832.0000,-3.472173
38.000,25.400,1833.0000,3.079163
38.000,25.400,1834.0000,-1.065292
38.000,25.400,1835.0000,2.327769
38.000,25.400,1836.0000,7.804313
38.000,25.400,1837.0000,1.893564
38.000,25.400,1838.0000,-0.876127
38.000,25.400,1839.0000,-8.533282
38.000,25.400,1840.0000,-1.953512
38.000,25.400,1841.0000,-3.448615
38.000,25.400,1842.0000,-5.297248
38.000,25.400,1843.0000,10.499012
38.000,25.400,1844.0000,-15.291422
38.000,25.400,1845.0000,-2.041315
38.000,25.400,1846.0000,-0.684349
38.000,25.400,1847.0000,0.407174
38.000,25.400,1848.0000,7.599482
38.000,25.400,1849.0000,1.462605
38.000,25.400,1850.0000,-5.782736
38.000,25.400,1851.0000,-4.250975
38.000,25.400,1852.0000,-4.139540
38.000,25.400,1853.0000,5.651963
38.000,25.400,1854.0000,-0.874899
38.000,25.400,1855.0000,1.632746
38.000,25.400,1856.0000,0.157439
38.000,25.400,1857.0000,5.865848
38.000,25.400,1858.0000,-2.548375
38.000,25.400,1859.0000,-1.321005
38.000,25.400,1860.0000,-3.700361
38.000,25.400,1861.0000,-1.395375
38.000,25.400,1862.0000,2.687746
38.000,25.400,1863.0000,-4.382860
38.000,25.400,1864.0000,-4.446376
38.000,25.400,1865.0000,3.103769
38.000,25.400,1866.0000,1.009979
38.000,25.400,1867.0000,-6.848322
38.000,25.400,1868.0000,-7.836325
38.000,25.400,1869.0000,-1.204868
38.000,25.400,1870.0000,-8.503423
38.000,25.400,1871.0000,0.444784
38.000,25.400,1872.0000,-0.877307
38.000,25.400,1873.0000,1.363492
38.000,25.400,1874.0000,-10.348181
38.000,25.400,1875.0000,-15.279735
38.000,25.400,1876.0000,7.374811
38.000,25.400,1877.0000,-0.345486
38.000,25.400,1878.0000,-2.180256
38.000,25.400,1879.0000,7.164536
38.000,25.400,1880.0000,-1.980369
38.000,25.400,1881.0000,-5.511380
38.000,25.400,1882.0000,-0.137023
38.000,25.400,1883.0000,2.881910
38.000,25.400,1884.0000,-2.132866
38.000,25.400,1885.0000,-2.482008
38.000,25.400,1886.0000,-5.378325
38.000,25.400,1887.0000,-0.207144
38.000,25.400,1888.0000,-1.882859
38.000,25.400,1889.0000,-0.128959
38.000,25.400,1890.0000,0.373270
38.000,25.400,1891.0000,2.056281
38.000,25.400,1892.0000,-2.112214
38.000,25.400,1893.0000,-0.652193
38.000,25.400,1894.0000,10.733697
38.000,25.400,1895.0000,0.886925
38.000,25.400,1896.0000,2.689416
38.000,25.400,1897.0000,-9.650059
38.000,25.400,1898.0000,9.450001
38.000,25.400,1899.0000,1.714051
38.000,25.400,1900.0000,-0.772631
38.000,25.400,1901.0000,13.738722
38.000,25.400,1902.0000,5.321291
38.000,25.400,1903.0000,2.286570
38.000,25.400,1904.0000,9.693038
38.000,25.400,1905.0000,6.954268
38.000,25.400,1906.0000,-8.934294
38.000,25.400,1907.0000,11.481596
38.000,25.400,1908.0000,10.142313
38.000,25.400,1909.0000,3.738719
38.000,25.400,1910.0000,-7.293578
38.000,25.400,1911.0000,4.159062
38.000,25.400,1912.0000,-3.766317
38.000,25.400,1913.0000,11.794282
38.000,25.400,1914.0000,-4.152137
38.000,25.400,1915.0000,13.846688
38.000,25.400,1916.0000,2.257785
38.000,25.400,1917.0000,7.205738
38.000,25.400,1918.0000,-8.776451
38.000,25.400,1919.0000,2.214911
38.000,25.400,1920.0000,-0.978905
38.000,25.400,1921.0000,1.250309
38.000,25.400,1922.0000,2.586419
38.000,25.400,1923.0000,-2.742335
38.000,25.400,1924.0000,-8.000831
38.000,25.400,1925.0000,-0.705005
38.000,25.400,1926.0000,9.377426
38.000,25.400,1927.0000,14.306923
38.000,25.400,1928.0000,-4.735590
38.000,25.400,1929.0000,-2.004339
38.000,25.400,1930.0000,2.369709
38.000,25.400,1931.0000,1.966328
38.000,25.400,1932.0000,-3.215354
38.000,25.400,1933.0000,3.513234
38.000,25.400,1934.0000,4.822281
38.000,25.400,1935.0000,-7.301168
38.000,25.400,1936.0000,-12.483056
38.000,25.400,1937.0000,6.797046
38.000,25.400,1938.0000,-3.586662
38.000,25.400,1939.0000,2.459264
38.000,25.400,1940.0000,-5.241622
38.000,25.400,1941.0000,-2.718204
38.000,25.400,1942.0000,-5.559618
38.000,25.400,1943.0000,-10.184843
38.000,25.400,1944.0000,-4.130465
38.000,25.400,1945.0000,-11.838313
38.000,25.400,1946.0000,12.152961
38.000,25.400,1947.0000,0.313306
38.000,25.400,1948.0000,-1.111176
38.000,25.400,1949.0000,-5.843348
38.000,25.400,1950.0000,-3.879005
38.000,25.400,1951.0000,-4.277232
38.000,25.400,1952.0000,-1.139859
38.000,25.400,1953.0000,-0.190868
38.000,25.400,1954.0000,0.325687
38.000,25.400,1955.0000,-7.868021
38.000,25.400,1956.0000,-3.368697
38.000,25.400,1957.0000,5.788933
38.000,25.400,1958.0000,0.720971
38.000,25.400,1959.0000,-5.436700
38.000,25.400,1960.0000,9.156624
38.000,25.400,1961.0000,-3.893196
38.000,25.400,1962.0000,-10.899725
38.000,25.400,1963.0000,2.408138
38.000,25.400,1964.0000,0.918087
38.000,25.400,1965.0000,-6.449494
38.000,25.400,1966.0000,13.092270
38.000,25.400,1967.0000,-2.750337
38.000,25.400,1968.0000,-10.342379
38.000,25.400,1969.0000,0.282851
38.000,25.400,1970.0000,-7.569235
38.000,25.400,1971.0000,-8.125074
38.000,25.400,1972.0000,1.897479
38.000,25.400,1973.0000,1.059925
38.000,25.400,1974.0000,1.337405
38.000,25.400,1975.0000,-0.819768
38.000,25.400,1976.0000,3.761214
38.000,25.400,1977.0000,-2.488811
38.000,25.400,1978.0000,-10.754799
38.000,25.400,1979.0000,2.138860
38.000,25.400,1980.0000,-11.723458
38.000,25.400,1981.0000,-1.669566
38.000,25.400,1982.0000,0.618696
38.000,25.400,1983.0000,-2.553179
38.000,25.400,1984.0000,-0.457215
38.000,25.400,1985.0000,5.929005
38.000,25.400,1986.0000,-3.601464
38.000,25.400,1987.0000,0.764528
38.000,25.400,1988.0000,0.708201
38.000,25.400,1989.0000,6.670040
38.000,25.400,1990.0000,-3.799227
38.000,25.400,1991.0000,-11.383615
38.000,25.400,1992.0000,2.247974
38.000,25.400,1993.0000,1.455424
38.000,25.400,1994.0000,4.949554
38.000,25.400,1995.0000,2.194006
38.000,25.400,1996.0000,4.816923
38.000,25.400,1997.0000,0.592916
38.000,25.400,1998.0000,10.932457
38.000,25.400,1999.0000,-5.228143
38.000,25.400,2000.0000,4.323867
