frame_index,raman_shift_cm-1,intensity
0,200.0000,-2.390353
0,201.0000,-6.352941
0,202.0000,-3.615530
0,203.0000,6.472278
0,204.0000,10.837087
0,205.0000,-8.929707
0,206.0000,-7.706729
0,207.0000,4.804178
0,208.0000,-3.678521
0,209.0000,-3.769098
0,210.0000,-3.367120
0,211.0000,2.656943
0,212.0000,2.586248
0,213.0000,1.795702
0,214.0000,11.746975
0,215.0000,1.878717
0,216.0000,2.455876
0,217.0000,2.143983
0,218.0000,0.863745
0,219.0000,6.059828
0,220.0000,-2.956190
0,221.0000,3.421639
0,222.0000,-14.212130
0,223.0000,-3.904968
0,224.0000,-2.681082
0,225.0000,7.733618
0,226.0000,-2.877449
0,227.0000,-8.693898
0,228.0000,-3.557186
0,229.0000,-4.191917
0,230.0000,-9.175483
0,231.0000,1.145852
0,232.0000,-0.145124
0,233.0000,-6.188127
0,234.0000,9.292034
0,235.0000,4.025106
0,236.0000,-2.223948
0,237.0000,3.131613
0,238.0000,1.045467
0,239.0000,-13.098226
0,240.0000,5.455201
0,241.0000,-4.388791
0,242.0000,-10.187706
0,243.0000,6.976962
0,244.0000,-3.973754
0,245.0000,-5.296542
0,246.0000,-2.890226
0,247.0000,-3.484500
0,248.0000,11.083664
0,249.0000,1.434661
0,250.0000,0.354202
0,251.0000,-11.710224
0,252.0000,-1.478236
0,253.0000,-4.818635
0,254.0000,7.029559
0,255.0000,1.002772
0,256.0000,0.322953
0,257.0000,5.700710
0,258.0000,1.903915
0,259.0000,-5.565546
0,260.0000,0.619009
0,261.0000,-1.798927
0,262.0000,5.927511
0,263.0000,-1.713948
0,264.0000,-2.234171
0,265.0000,-0.415779
0,266.0000,-9.882245
0,267.0000,-0.148409
0,268.0000,0.958283
0,269.0000,-8.754140
0,270.0000,2.866121
0,271.0000,4.336795
0,272.0000,-8.463755
0,273.0000,1.432542
0,274.0000,1.618479
0,275.0000,2.922747
0,276.0000,-9.232945
0,277.0000,1.945819
0,278.0000,-9.623953
0,279.0000,-4.000014
0,280.0000,1.790785
0,281.0000,-9.419331
0,282.0000,-6.307595
0,283.0000,5.750005
0,284.0000,3.505023
0,285.0000,-5.733228
0,286.0000,-1.429637
0,287.0000,5.145674
0,288.0000,6.949202
0,289.0000,-0.283877
0,290.0000,2.242914
0,291.0000,2.109833
0,292.0000,5.677935
0,293.0000,-0.773168
0,294.0000,2.799329
0,295.0000,-1.159800
0,296.0000,-11.482636
0,297.0000,-1.456799
0,298.0000,-1.796590
0,299.0000,4.433396
0,300.0000,-1.665050
0,301.0000,-18.444727
0,302.0000,3.263832
0,303.0000,-7.725395
0,304.0000,14.863582
0,305.0000,8.212631
0,306.0000,2.144749
0,307.0000,-4.996521
0,308.0000,-0.913879
0,309.0000,-8.477760
0,310.0000,-4.944153
0,311.0000,-4.860900
0,312.0000,7.329142
0,313.0000,-2.473086
0,314.0000,-1.109517
0,315.0000,4.748070
0,316.0000,-2.596016
0,317.0000,-7.412522
0,318.0000,-1.364015
0,319.0000,-3.214324
0,320.0000,0.496460
0,321.0000,-3.789394
0,322.0000,-2.416462
0,323.0000,-0.553860
0,324.0000,0.549331
0,325.0000,-5.328840
0,326.0000,-3.284840
0,327.0000,-2.219881
0,328.0000,2.882546
0,329.0000,-10.025264
0,330.0000,6.754603
0,331.0000,4.676732
0,332.0000,3.389125
0,333.0000,-2.154462
0,334.0000,-6.696326
0,335.0000,0.672615
0,336.0000,4.321515
0,337.0000,-9.879438
0,338.0000,-8.545877
0,339.0000,8.572169
0,340.0000,-3.888162
0,341.0000,-6.215855
0,342.0000,-6.656912
0,343.0000,-0.244883
0,344.0000,-5.788609
0,345.0000,-2.918447
0,346.0000,-7.963829
0,347.0000,-2.362825
0,348.0000,-4.203694
0,349.0000,-2.473960
0,350.0000,17.910357
0,351.0000,-5.762987
0,352.0000,6.519901
0,353.0000,1.444085
0,354.0000,-2.312872
0,355.0000,4.216091
0,356.0000,-8.023684
0,357.0000,-2.454596
0,358.0000,0.193653
0,359.0000,-2.784669
0,360.0000,-10.428033
0,361.0000,5.690676
0,362.0000,0.221083
0,363.0000,-0.494605
0,364.0000,-4.724611
0,365.0000,4.746651
0,366.0000,0.823820
0,367.0000,1.766099
0,368.0000,4.201474
0,369.0000,-1.386806
0,370.0000,-3.788969
0,371.0000,-9.707895
0,372.0000,-1.235590
0,373.0000,-3.819341
0,374.0000,15.838612
0,375.0000,12.559975
0,376.0000,5.380805
0,377.0000,-9.509841
0,378.0000,-6.242610
0,379.0000,3.175557
0,380.0000,-4.413093
0,381.0000,-1.170842
0,382.0000,4.016719
0,383.0000,-6.963149
0,384.0000,-0.498642
0,385.0000,-0.416435
0,386.0000,-1.030022
0,387.0000,4.928434
0,388.0000,7.867927
0,389.0000,6.237826
0,390.0000,-11.220333
0,391.0000,-1.633392
0,392.0000,-4.407361
0,393.0000,4.061255
0,394.0000,-0.346888
0,395.0000,-6.164675
0,396.0000,-17.500349
0,397.0000,0.479082
0,398.0000,-5.869286
0,399.0000,9.001741
0,400.0000,-2.560459
0,401.0000,9.449185
0,402.0000,5.073800
0,403.0000,-4.190488
0,404.0000,-5.998898
0,405.0000,3.940129
0,406.0000,-8.123807
0,407.0000,1.199484
0,408.0000,-8.474746
0,409.0000,0.837356
0,410.0000,3.170506
0,411.0000,-0.818835
0,412.0000,-3.964074
0,413.0000,3.488674
0,414.0000,4.785401
0,415.0000,-5.443195
0,416.0000,-5.737513
0,417.0000,-11.159322
0,418.0000,3.573522
0,419.0000,-4.627497
0,420.0000,1.625082
0,421.0000,4.468663
0,422.0000,-1.977294
0,423.0000,-0.154305
0,424.0000,11.716095
0,425.0000,-2.412887
0,426.0000,1.630936
0,427.0000,11.127413
0,428.0000,8.601917
0,429.0000,6.246560
0,430.0000,1.344892
0,431.0000,-5.441608
0,432.0000,-5.805372
0,433.0000,-6.044324
0,434.0000,-1.927221
0,435.0000,3.527055
0,436.0000,-0.214790
0,437.0000,3.893191
0,438.0000,2.517318
0,439.0000,-0.201588
0,440.0000,2.670778
0,441.0000,13.361879
0,442.0000,10.568134
0,443.0000,1.068423
0,444.0000,-8.555245
0,445.0000,6.314195
0,446.0000,-3.755508
0,447.0000,-4.713347
0,448.0000,-9.301302
0,449.0000,-10.568816
0,450.0000,-4.343676
0,451.0000,-5.624088
0,452.0000,-6.298125
0,453.0000,3.147077
0,454.0000,2.980840
0,455.0000,-0.734083
0,456.0000,-7.536695
0,457.0000,-4.960611
0,458.0000,-5.621468
0,459.0000,-1.922703
0,460.0000,-5.744996
0,461.0000,7.285132
0,462.0000,6.446987
0,463.0000,2.921271
0,464.0000,2.328030
0,465.0000,-1.525417
0,466.0000,5.436962
0,467.0000,2.622482
0,468.0000,4.886228
0,469.0000,4.091835
0,470.0000,-4.402026
0,471.0000,-1.291326
0,472.0000,5.455073
0,473.0000,-12.800393
0,474.0000,-0.893542
0,475.0000,4.232635
0,476.0000,3.736606
0,477.0000,2.758760
0,478.0000,-4.074298
0,479.0000,0.457794
0,480.0000,1.441812
0,481.0000,6.804672
0,482.0000,-0.724783
0,483.0000,-2.649595
0,484.0000,6.172225
0,485.0000,-0.135018
0,486.0000,-8.141488
0,487.0000,4.769116
0,488.0000,-4.166413
0,489.0000,3.562796
0,490.0000,-0.606972
0,491.0000,0.057711
0,492.0000,9.238135
0,493.0000,0.681262
0,494.0000,8.138921
0,495.0000,3.548846
0,496.0000,3.418217
0,497.0000,-12.746283
0,498.0000,2.508900
0,499.0000,-1.644362
0,500.0000,9.708387
0,501.0000,-9.706738
0,502.0000,-14.359185
0,503.0000,-8.871744
0,504.0000,7.652014
0,505.0000,-7.427555
0,506.0000,0.295889
0,507.0000,9.301904
0,508.0000,4.510395
0,509.0000,1.170689
0,510.0000,7.674544
0,511.0000,14.891203
0,512.0000,3.625557
0,513.0000,-0.309794
0,514.0000,3.771924
0,515.0000,4.035096
0,516.0000,3.216642
0,517.0000,1.728289
0,518.0000,4.422180
0,519.0000,1.419204
0,520.0000,-6.684731
0,521.0000,5.071766
0,522.0000,-0.643718
0,523.0000,0.088421
0,524.0000,-4.649733
0,525.0000,-9.168850
0,526.0000,-2.924065
0,527.0000,-1.031676
0,528.0000,10.157221
0,529.0000,14.524394
0,530.0000,-6.665788
0,531.0000,13.084045
0,532.0000,-12.153194
0,533.0000,-5.614616
0,534.0000,3.958237
0,535.0000,-2.791958
0,536.0000,5.415058
0,537.0000,-10.802440
0,538.0000,8.270281
0,539.0000,-9.828458
0,540.0000,-1.288253
0,541.0000,-9.653926
0,542.0000,-9.385385
0,543.0000,4.627764
0,544.0000,-5.325746
0,545.0000,10.969591
0,546.0000,6.889420
0,547.0000,-4.505935
0,548.0000,-2.479966
0,549.0000,-6.886647
0,550.0000,-0.970277
0,551.0000,11.796794
0,552.0000,0.178877
0,553.0000,4.779759
0,554.0000,-5.710656
0,555.0000,9.640385
0,556.0000,4.732843
0,557.0000,-2.269082
0,558.0000,1.153654
0,559.0000,-3.859354
0,560.0000,4.710149
0,561.0000,-0.896639
0,562.0000,3.847565
0,563.0000,-7.546067
0,564.0000,-1.499255
0,565.0000,2.995816
0,566.0000,5.649228
0,567.0000,-3.874217
0,568.0000,10.683474
0,569.0000,4.306921
0,570.0000,0.891962
0,571.0000,-1.518054
0,572.0000,4.059928
0,573.0000,-2.260777
0,574.0000,1.718019
0,575.0000,-1.764271
0,576.0000,0.672718
0,577.0000,-6.683601
0,578.0000,2.770861
0,579.0000,-3.634430
0,580.0000,1.766586
0,581.0000,15.633775
0,582.0000,6.762411
0,583.0000,-0.555890
0,584.0000,9.329467
0,585.0000,-11.210685
0,586.0000,-4.083932
0,587.0000,-0.224591
0,588.0000,4.353763
0,589.0000,-4.169796
0,590.0000,6.864205
0,591.0000,12.432262
0,592.0000,-4.255963
0,593.0000,0.874329
0,594.0000,-0.639147
0,595.0000,7.214135
0,596.0000,9.941419
0,597.0000,13.407398
0,598.0000,-1.782496
0,599.0000,8.798345
0,600.0000,4.996310
0,601.0000,14.372884
0,602.0000,20.104879
0,603.0000,17.443155
0,604.0000,18.866273
0,605.0000,14.443317
0,606.0000,20.395134
0,607.0000,29.875742
0,608.0000,24.522304
0,609.0000,24.152154
0,610.0000,30.132679
0,611.0000,39.587239
0,612.0000,45.241546
0,613.0000,52.777095
0,614.0000,61.194995
0,615.0000,73.731668
0,616.0000,98.925090
0,617.0000,118.186887
0,618.0000,148.595374
0,619.0000,167.047457
0,620.0000,186.884355
0,621.0000,170.302909
0,622.0000,153.574398
0,623.0000,120.947025
0,624.0000,101.257707
0,625.0000,82.404591
0,626.0000,66.742363
0,627.0000,47.844547
0,628.0000,42.910131
0,629.0000,32.523194
0,630.0000,39.218798
0,631.0000,20.896199
0,632.0000,16.860662
0,633.0000,17.703412
0,634.0000,29.271804
0,635.0000,12.085799
0,636.0000,6.407309
0,637.0000,9.995401
0,638.0000,7.787152
0,639.0000,9.397318
0,640.0000,4.685470
0,641.0000,7.523534
0,642.0000,1.175073
0,643.0000,5.691951
0,644.0000,17.338043
0,645.0000,9.192904
0,646.0000,1.272547
0,647.0000,5.900367
0,648.0000,-4.305253
0,649.0000,5.986341
0,650.0000,1.230375
0,651.0000,20.067572
0,652.0000,-2.574846
0,653.0000,0.343469
0,654.0000,12.458360
0,655.0000,9.284412
0,656.0000,6.576613
0,657.0000,-0.538152
0,658.0000,5.700906
0,659.0000,1.534842
0,660.0000,1.284869
0,661.0000,10.628514
0,662.0000,7.210750
0,663.0000,8.176894
0,664.0000,-2.880775
0,665.0000,5.419121
0,666.0000,2.623804
0,667.0000,9.354269
0,668.0000,6.342186
0,669.0000,-2.499550
0,670.0000,-7.106217
0,671.0000,8.522733
0,672.0000,-2.000950
0,673.0000,6.718543
0,674.0000,0.770672
0,675.0000,8.929748
0,676.0000,6.002274
0,677.0000,-2.652040
0,678.0000,10.003178
0,679.0000,-2.412444
0,680.0000,11.826808
0,681.0000,11.494915
0,682.0000,-2.830958
0,683.0000,2.188039
0,684.0000,-0.191357
0,685.0000,-6.319843
0,686.0000,-2.056669
0,687.0000,-4.179640
0,688.0000,1.926206
0,689.0000,-7.860234
0,690.0000,11.776980
0,691.0000,10.855221
0,692.0000,6.481857
0,693.0000,5.630182
0,694.0000,-8.886957
0,695.0000,4.832843
0,696.0000,-3.157563
0,697.0000,-2.462550
0,698.0000,-7.706383
0,699.0000,0.897910
0,700.0000,13.262611
0,701.0000,6.714434
0,702.0000,4.455934
0,703.0000,8.922570
0,704.0000,0.756346
0,705.0000,-4.734471
0,706.0000,7.296451
0,707.0000,-0.553422
0,708.0000,-8.743050
0,709.0000,-5.202710
0,710.0000,-2.157542
0,711.0000,-4.414291
0,712.0000,-5.547996
0,713.0000,6.603930
0,714.0000,-7.271348
0,715.0000,-0.158202
0,716.0000,8.557141
0,717.0000,-3.747393
0,718.0000,-3.806629
0,719.0000,1.654060
0,720.0000,-2.559267
0,721.0000,-2.017695
0,722.0000,3.292136
0,723.0000,1.029473
0,724.0000,-3.706589
0,725.0000,9.893446
0,726.0000,2.045590
0,727.0000,5.842347
0,728.0000,-6.116569
0,729.0000,4.018575
0,730.0000,-10.096553
0,731.0000,-6.692421
0,732.0000,-5.354509
0,733.0000,1.741502
0,734.0000,7.829189
0,735.0000,-8.364424
0,736.0000,-1.997727
0,737.0000,2.426913
0,738.0000,1.764411
0,739.0000,3.177443
0,740.0000,8.124081
0,741.0000,1.381929
0,742.0000,2.259850
0,743.0000,8.106392
0,744.0000,2.956379
0,745.0000,-0.021702
0,746.0000,-2.317474
0,747.0000,3.467315
0,748.0000,2.638067
0,749.0000,1.322718
0,750.0000,10.039455
0,751.0000,-1.160487
0,752.0000,-12.419069
0,753.0000,11.410147
0,754.0000,5.808046
0,755.0000,0.202579
0,756.0000,5.874678
0,757.0000,-4.410011
0,758.0000,-2.426991
0,759.0000,5.479062
0,760.0000,-1.482413
0,761.0000,-2.089431
0,762.0000,5.860727
0,763.0000,9.690413
0,764.0000,5.087395
0,765.0000,9.095205
0,766.0000,12.045359
0,767.0000,15.898457
0,768.0000,-8.451472
0,769.0000,9.057275
0,770.0000,3.204687
0,771.0000,-4.168880
0,772.0000,8.620643
0,773.0000,6.120708
0,774.0000,5.353561
0,775.0000,3.072098
0,776.0000,6.910362
0,777.0000,18.073716
0,778.0000,8.836607
0,779.0000,26.243283
0,780.0000,22.950155
0,781.0000,10.494965
0,782.0000,16.527317
0,783.0000,18.076721
0,784.0000,29.080086
0,785.0000,30.152812
0,786.0000,26.281787
0,787.0000,30.657422
0,788.0000,34.807226
0,789.0000,46.294687
0,790.0000,58.267783
0,791.0000,74.839904
0,792.0000,69.026637
0,793.0000,91.518478
0,794.0000,104.061753
0,795.0000,107.986331
0,796.0000,94.351044
0,797.0000,104.172259
0,798.0000,83.335894
0,799.0000,69.167258
0,800.0000,61.405581
0,801.0000,51.923428
0,802.0000,53.379612
0,803.0000,33.401840
0,804.0000,24.925748
0,805.0000,23.429679
0,806.0000,19.863502
0,807.0000,17.519421
0,808.0000,21.110293
0,809.0000,7.183734
0,810.0000,22.735681
0,811.0000,12.235574
0,812.0000,4.836997
0,813.0000,12.942163
0,814.0000,7.203068
0,815.0000,2.830625
0,816.0000,20.237725
0,817.0000,7.722480
0,818.0000,5.875013
0,819.0000,11.086192
0,820.0000,5.336487
0,821.0000,3.258845
0,822.0000,15.361271
0,823.0000,5.803753
0,824.0000,9.789539
0,825.0000,12.022646
0,826.0000,10.398664
0,827.0000,-4.266458
0,828.0000,0.459871
0,829.0000,0.252603
0,830.0000,1.764210
0,831.0000,3.088875
0,832.0000,10.015916
0,833.0000,-3.009967
0,834.0000,7.695796
0,835.0000,12.767911
0,836.0000,2.632559
0,837.0000,1.591214
0,838.0000,0.407760
0,839.0000,5.135478
0,840.0000,-2.530803
0,841.0000,-4.231289
0,842.0000,12.626822
0,843.0000,1.244551
0,844.0000,3.394171
0,845.0000,0.248838
0,846.0000,-0.007758
0,847.0000,-0.097636
0,848.0000,5.608563
0,849.0000,6.443360
0,850.0000,-7.203913
0,851.0000,-2.666502
0,852.0000,-1.203838
0,853.0000,-3.734575
0,854.0000,6.682708
0,855.0000,-5.634355
0,856.0000,-4.337945
0,857.0000,0.188995
0,858.0000,4.142667
0,859.0000,-3.506803
0,860.0000,-5.591609
0,861.0000,4.189284
0,862.0000,2.256253
0,863.0000,1.377520
0,864.0000,6.362372
0,865.0000,5.633651
0,866.0000,0.835182
0,867.0000,-3.673973
0,868.0000,11.087732
0,869.0000,2.165200
0,870.0000,5.062665
0,871.0000,4.939037
0,872.0000,4.694589
0,873.0000,6.282271
0,874.0000,6.253085
0,875.0000,8.917213
0,876.0000,-14.099196
0,877.0000,0.670918
0,878.0000,-4.089109
0,879.0000,4.391240
0,880.0000,-4.626248
0,881.0000,-1.716113
0,882.0000,13.669108
0,883.0000,5.500413
0,884.0000,-0.571823
0,885.0000,9.771057
0,886.0000,3.283786
0,887.0000,5.967224
0,888.0000,1.251497
0,889.0000,0.388687
0,890.0000,-0.737463
0,891.0000,-2.302696
0,892.0000,-3.079978
0,893.0000,-6.372008
0,894.0000,-1.487867
0,895.0000,2.479657
0,896.0000,-1.516447
0,897.0000,0.003105
0,898.0000,0.363848
0,899.0000,-2.153584
0,900.0000,5.052586
0,901.0000,-6.620820
0,902.0000,2.684375
0,903.0000,-5.622298
0,904.0000,0.847143
0,905.0000,-5.049029
0,906.0000,-3.014738
0,907.0000,4.590080
0,908.0000,-6.165072
0,909.0000,1.086503
0,910.0000,-1.034055
0,911.0000,-2.039056
0,912.0000,7.879216
0,913.0000,-4.320250
0,914.0000,1.569396
0,915.0000,2.943233
0,916.0000,14.400640
0,917.0000,-3.628587
0,918.0000,14.018875
0,919.0000,0.700710
0,920.0000,5.090687
0,921.0000,2.084003
0,922.0000,13.543084
0,923.0000,1.129770
0,924.0000,2.839312
0,925.0000,-12.477203
0,926.0000,11.483227
0,927.0000,6.455617
0,928.0000,-5.943002
0,929.0000,9.769866
0,930.0000,-4.006349
0,931.0000,3.880515
0,932.0000,5.862494
0,933.0000,-0.295827
0,934.0000,5.414808
0,935.0000,4.170810
0,936.0000,2.903331
0,937.0000,-2.069636
0,938.0000,-14.231980
0,939.0000,-0.198312
0,940.0000,-1.944793
0,941.0000,-2.315505
0,942.0000,-4.576880
0,943.0000,12.097005
0,944.0000,-2.230065
0,945.0000,-5.317309
0,946.0000,0.993774
0,947.0000,8.948846
0,948.0000,13.339475
0,949.0000,8.039037
0,950.0000,-7.414308
0,951.0000,1.865499
0,952.0000,-0.166761
0,953.0000,5.219367
0,954.0000,12.419211
0,955.0000,13.811644
0,956.0000,4.654983
0,957.0000,6.252367
0,958.0000,9.293246
0,959.0000,-3.164332
0,960.0000,8.918575
0,961.0000,9.540014
0,962.0000,12.912077
0,963.0000,5.672000
0,964.0000,4.285039
0,965.0000,18.691751
0,966.0000,6.200785
0,967.0000,13.073082
0,968.0000,5.837898
0,969.0000,13.107290
0,970.0000,-4.124806
0,971.0000,6.939687
0,972.0000,7.789573
0,973.0000,5.615224
0,974.0000,18.558791
0,975.0000,7.496913
0,976.0000,6.848821
0,977.0000,13.324385
0,978.0000,23.399350
0,979.0000,28.822360
0,980.0000,29.994549
0,981.0000,21.231505
0,982.0000,22.427806
0,983.0000,26.621227
0,984.0000,31.810816
0,985.0000,38.249872
0,986.0000,49.312806
0,987.0000,34.776926
0,988.0000,43.842384
0,989.0000,60.797901
0,990.0000,76.662448
0,991.0000,80.334499
0,992.0000,101.913251
0,993.0000,125.297852
0,994.0000,157.995400
0,995.0000,197.177999
0,996.0000,273.392429
0,997.0000,367.584141
0,998.0000,507.222609
0,999.0000,693.826498
0,1000.0000,896.562476
0,1001.0000,1003.864284
0,1002.0000,906.140768
0,1003.0000,703.642163
0,1004.0000,511.184773
0,1005.0000,360.994428
0,1006.0000,269.037441
0,1007.0000,199.996707
0,1008.0000,156.897152
0,1009.0000,136.934415
0,1010.0000,116.792233
0,1011.0000,98.340556
0,1012.0000,91.856863
0,1013.0000,81.565690
0,1014.0000,71.116686
0,1015.0000,72.126807
0,1016.0000,61.150938
0,1017.0000,58.776659
0,1018.0000,62.443329
0,1019.0000,55.761325
0,1020.0000,63.655458
0,1021.0000,65.503951
0,1022.0000,69.194142
0,1023.0000,86.528344
0,1024.0000,106.522966
0,1025.0000,113.496991
0,1026.0000,159.481041
0,1027.0000,194.722141
0,1028.0000,251.591677
0,1029.0000,323.958803
0,1030.0000,402.461799
0,1031.0000,426.900547
0,1032.0000,391.529021
0,1033.0000,332.977001
0,1034.0000,246.791799
0,1035.0000,191.304060
0,1036.0000,147.731894
0,1037.0000,123.693409
0,1038.0000,85.918730
0,1039.0000,73.437530
0,1040.0000,59.041009
0,1041.0000,56.290663
0,1042.0000,42.868508
0,1043.0000,24.023402
0,1044.0000,40.005610
0,1045.0000,34.827745
0,1046.0000,31.913996
0,1047.0000,30.976736
0,1048.0000,18.324201
0,1049.0000,18.175129
0,1050.0000,33.701257
0,1051.0000,22.519623
0,1052.0000,10.206429
0,1053.0000,12.558594
0,1054.0000,6.368447
0,1055.0000,7.658084
0,1056.0000,8.685076
0,1057.0000,16.158561
0,1058.0000,23.480171
0,1059.0000,14.287960
0,1060.0000,3.786459
0,1061.0000,3.219484
0,1062.0000,19.129503
0,1063.0000,7.934913
0,1064.0000,12.169926
0,1065.0000,3.241490
0,1066.0000,7.831991
0,1067.0000,4.198918
0,1068.0000,3.685486
0,1069.0000,11.648448
0,1070.0000,20.375767
0,1071.0000,3.236560
0,1072.0000,8.604282
0,1073.0000,0.058882
0,1074.0000,9.544509
0,1075.0000,9.389823
0,1076.0000,12.047399
0,1077.0000,-2.086110
0,1078.0000,8.432859
0,1079.0000,19.349876
0,1080.0000,28.254728
0,1081.0000,-4.811380
0,1082.0000,5.823572
0,1083.0000,-6.674815
0,1084.0000,2.832817
0,1085.0000,5.772443
0,1086.0000,3.125825
0,1087.0000,-5.567418
0,1088.0000,0.762063
0,1089.0000,2.111422
0,1090.0000,8.635867
0,1091.0000,7.601061
0,1092.0000,3.673253
0,1093.0000,13.892549
0,1094.0000,7.669486
0,1095.0000,5.645784
0,1096.0000,4.391693
0,1097.0000,7.129054
0,1098.0000,0.677721
0,1099.0000,0.622924
0,1100.0000,-0.220999
0,1101.0000,5.169107
0,1102.0000,8.844646
0,1103.0000,11.113619
0,1104.0000,7.951987
0,1105.0000,-2.060026
0,1106.0000,-0.652055
0,1107.0000,3.312549
0,1108.0000,-4.798019
0,1109.0000,3.448017
0,1110.0000,2.780763
0,1111.0000,9.686375
0,1112.0000,6.213794
0,1113.0000,9.519682
0,1114.0000,1.107545
0,1115.0000,5.323939
0,1116.0000,-0.327110
0,1117.0000,11.285978
0,1118.0000,4.517817
0,1119.0000,13.793574
0,1120.0000,8.276944
0,1121.0000,4.263244
0,1122.0000,2.563197
0,1123.0000,3.469878
0,1124.0000,9.084330
0,1125.0000,3.136936
0,1126.0000,6.104776
0,1127.0000,-0.210848
0,1128.0000,14.027269
0,1129.0000,4.749725
0,1130.0000,0.707341
0,1131.0000,24.982965
0,1132.0000,-0.399334
0,1133.0000,14.400848
0,1134.0000,4.987449
0,1135.0000,0.356455
0,1136.0000,16.010674
0,1137.0000,10.403544
0,1138.0000,5.950466
0,1139.0000,23.158505
0,1140.0000,19.376847
0,1141.0000,13.825203
0,1142.0000,15.958516
0,1143.0000,28.665712
0,1144.0000,21.482189
0,1145.0000,34.875516
0,1146.0000,31.339653
0,1147.0000,42.898851
0,1148.0000,43.303660
0,1149.0000,61.235325
0,1150.0000,78.429061
0,1151.0000,93.487699
0,1152.0000,107.753526
0,1153.0000,131.041142
0,1154.0000,139.917169
0,1155.0000,162.446315
0,1156.0000,145.393467
0,1157.0000,122.384896
0,1158.0000,100.312392
0,1159.0000,80.063567
0,1160.0000,68.964501
0,1161.0000,64.506659
0,1162.0000,71.424787
0,1163.0000,45.486933
0,1164.0000,36.233021
0,1165.0000,21.438347
0,1166.0000,29.377604
0,1167.0000,36.263278
0,1168.0000,36.171502
0,1169.0000,27.119187
0,1170.0000,26.381412
0,1171.0000,40.278679
0,1172.0000,27.453566
0,1173.0000,38.819512
0,1174.0000,24.046124
0,1175.0000,36.712233
0,1176.0000,58.196876
0,1177.0000,49.015645
0,1178.0000,52.461183
0,1179.0000,76.048026
0,1180.0000,89.885446
0,1181.0000,110.166795
0,1182.0000,126.519206
0,1183.0000,126.075077
0,1184.0000,124.474673
0,1185.0000,102.066526
0,1186.0000,88.338106
0,1187.0000,85.616892
0,1188.0000,56.893492
0,1189.0000,37.472592
0,1190.0000,41.900825
0,1191.0000,31.602961
0,1192.0000,29.747336
0,1193.0000,25.923883
0,1194.0000,15.705989
0,1195.0000,18.442074
0,1196.0000,15.111016
0,1197.0000,17.994512
0,1198.0000,5.067034
0,1199.0000,7.883624
0,1200.0000,10.833818
0,1201.0000,3.934377
0,1202.0000,5.005913
0,1203.0000,16.025963
0,1204.0000,6.599206
0,1205.0000,19.781470
0,1206.0000,11.779840
0,1207.0000,8.256049
0,1208.0000,12.832457
0,1209.0000,1.611451
0,1210.0000,2.990808
0,1211.0000,-1.404490
0,1212.0000,1.473258
0,1213.0000,7.872314
0,1214.0000,-3.006709
0,1215.0000,5.016239
0,1216.0000,-4.614604
0,1217.0000,5.807493
0,1218.0000,0.754232
0,1219.0000,11.042177
0,1220.0000,4.375368
0,1221.0000,7.791176
0,1222.0000,3.641569
0,1223.0000,-2.114553
0,1224.0000,3.480199
0,1225.0000,-1.724818
0,1226.0000,5.058497
0,1227.0000,1.309619
0,1228.0000,-1.244675
0,1229.0000,-2.541439
0,1230.0000,4.038526
0,1231.0000,0.056954
0,1232.0000,3.364529
0,1233.0000,3.220184
0,1234.0000,1.070115
0,1235.0000,2.692344
0,1236.0000,-9.667457
0,1237.0000,3.408676
0,1238.0000,4.749015
0,1239.0000,0.744878
0,1240.0000,10.617202
0,1241.0000,2.990607
0,1242.0000,-1.472290
0,1243.0000,1.911414
0,1244.0000,2.151403
0,1245.0000,-4.615263
0,1246.0000,-3.593725
0,1247.0000,0.039410
0,1248.0000,6.227399
0,1249.0000,3.281823
0,1250.0000,-6.526366
0,1251.0000,3.195893
0,1252.0000,2.194634
0,1253.0000,-0.357375
0,1254.0000,-6.856846
0,1255.0000,-9.361651
0,1256.0000,5.686150
0,1257.0000,-10.150692
0,1258.0000,-3.018483
0,1259.0000,2.086607
0,1260.0000,-1.002119
0,1261.0000,3.354644
0,1262.0000,-5.929118
0,1263.0000,7.500023
0,1264.0000,2.654606
0,1265.0000,1.399225
0,1266.0000,8.685493
0,1267.0000,2.091888
0,1268.0000,0.049816
0,1269.0000,3.786450
0,1270.0000,3.274896
0,1271.0000,3.936116
0,1272.0000,2.721997
0,1273.0000,5.578887
0,1274.0000,-5.172267
0,1275.0000,3.251335
0,1276.0000,14.788299
0,1277.0000,2.971434
0,1278.0000,-3.326432
0,1279.0000,6.407904
0,1280.0000,1.977483
0,1281.0000,-0.699898
0,1282.0000,2.850292
0,1283.0000,0.450057
0,1284.0000,3.868716
0,1285.0000,3.688651
0,1286.0000,7.778344
0,1287.0000,5.343715
0,1288.0000,-0.864114
0,1289.0000,-13.346439
0,1290.0000,3.192970
0,1291.0000,13.650541
0,1292.0000,2.458605
0,1293.0000,-6.940886
0,1294.0000,-0.621023
0,1295.0000,1.416714
0,1296.0000,-0.167044
0,1297.0000,-7.450434
0,1298.0000,10.045190
0,1299.0000,7.573473
0,1300.0000,-0.596581
0,1301.0000,-3.968425
0,1302.0000,-4.317321
0,1303.0000,-2.701908
0,1304.0000,3.324435
0,1305.0000,-3.854190
0,1306.0000,8.284203
0,1307.0000,10.162574
0,1308.0000,0.922177
0,1309.0000,6.860477
0,1310.0000,0.035135
0,1311.0000,-0.424918
0,1312.0000,3.717813
0,1313.0000,-1.548581
0,1314.0000,-6.782662
0,1315.0000,4.558492
0,1316.0000,10.505821
0,1317.0000,-2.951098
0,1318.0000,5.099226
0,1319.0000,-8.623569
0,1320.0000,-3.024256
0,1321.0000,-7.990716
0,1322.0000,1.379890
0,1323.0000,6.521767
0,1324.0000,3.723760
0,1325.0000,3.092137
0,1326.0000,-14.363285
0,1327.0000,-0.181242
0,1328.0000,7.381605
0,1329.0000,2.637188
0,1330.0000,6.089381
0,1331.0000,0.553626
0,1332.0000,-4.507065
0,1333.0000,-4.856797
0,1334.0000,3.848007
0,1335.0000,-4.281311
0,1336.0000,-2.313781
0,1337.0000,6.524533
0,1338.0000,-0.864840
0,1339.0000,-12.561953
0,1340.0000,4.580088
0,1341.0000,0.933534
0,1342.0000,7.326579
0,1343.0000,9.303869
0,1344.0000,9.121932
0,1345.0000,2.447084
0,1346.0000,-1.064009
0,1347.0000,4.548375
0,1348.0000,2.465011
0,1349.0000,8.224601
0,1350.0000,0.637685
0,1351.0000,-2.362137
0,1352.0000,5.988904
0,1353.0000,-3.463068
0,1354.0000,7.227755
0,1355.0000,11.933935
0,1356.0000,12.105190
0,1357.0000,-2.420006
0,1358.0000,2.446013
0,1359.0000,0.817815
0,1360.0000,1.096120
0,1361.0000,6.315307
0,1362.0000,0.754563
0,1363.0000,-1.270704
0,1364.0000,-0.208789
0,1365.0000,-6.570677
0,1366.0000,-0.407307
0,1367.0000,-1.746179
0,1368.0000,-5.017276
0,1369.0000,2.784947
0,1370.0000,2.086187
0,1371.0000,11.975827
0,1372.0000,-1.439035
0,1373.0000,-0.106667
0,1374.0000,2.376232
0,1375.0000,0.871309
0,1376.0000,-4.527638
0,1377.0000,-3.992116
0,1378.0000,2.723736
0,1379.0000,0.852166
0,1380.0000,1.747271
0,1381.0000,5.510131
0,1382.0000,2.043858
0,1383.0000,-5.542021
0,1384.0000,5.259788
0,1385.0000,1.142048
0,1386.0000,10.594531
0,1387.0000,0.916164
0,1388.0000,0.805868
0,1389.0000,0.251674
0,1390.0000,0.347226
0,1391.0000,3.401787
0,1392.0000,7.547962
0,1393.0000,3.418180
0,1394.0000,-2.219185
0,1395.0000,-3.160835
0,1396.0000,13.865010
0,1397.0000,4.089550
0,1398.0000,2.917328
0,1399.0000,4.851843
0,1400.0000,0.357581
0,1401.0000,3.324815
0,1402.0000,4.582273
0,1403.0000,4.163467
0,1404.0000,3.438139
0,1405.0000,15.851064
0,1406.0000,4.897349
0,1407.0000,1.464870
0,1408.0000,18.490139
0,1409.0000,-2.870281
0,1410.0000,2.778474
0,1411.0000,-9.871842
0,1412.0000,9.451618
0,1413.0000,7.029684
0,1414.0000,5.043891
0,1415.0000,1.683857
0,1416.0000,1.376014
0,1417.0000,9.767267
0,1418.0000,15.910959
0,1419.0000,8.907257
0,1420.0000,13.469259
0,1421.0000,18.100536
0,1422.0000,22.537819
0,1423.0000,17.578116
0,1424.0000,16.143823
0,1425.0000,26.045916
0,1426.0000,22.485189
0,1427.0000,31.039002
0,1428.0000,26.185237
0,1429.0000,20.439093
0,1430.0000,22.001165
0,1431.0000,22.937826
0,1432.0000,32.271965
0,1433.0000,43.616771
0,1434.0000,36.275568
0,1435.0000,42.407292
0,1436.0000,33.213627
0,1437.0000,54.514200
0,1438.0000,52.967141
0,1439.0000,66.294111
0,1440.0000,70.922474
0,1441.0000,70.382749
0,1442.0000,92.631896
0,1443.0000,109.807923
0,1444.0000,132.378153
0,1445.0000,145.688856
0,1446.0000,164.091207
0,1447.0000,193.635950
0,1448.0000,208.077566
0,1449.0000,209.873252
0,1450.0000,225.947526
0,1451.0000,215.072840
0,1452.0000,197.794125
0,1453.0000,185.298150
0,1454.0000,163.037706
0,1455.0000,151.881383
0,1456.0000,119.397593
0,1457.0000,107.781596
0,1458.0000,95.957085
0,1459.0000,83.518560
0,1460.0000,65.160696
0,1461.0000,70.404240
0,1462.0000,65.605553
0,1463.0000,59.916892
0,1464.0000,41.305551
0,1465.0000,30.252294
0,1466.0000,28.908606
0,1467.0000,37.963858
0,1468.0000,41.116402
0,1469.0000,33.394044
0,1470.0000,31.177191
0,1471.0000,21.999614
0,1472.0000,23.628007
0,1473.0000,25.081426
0,1474.0000,24.766402
0,1475.0000,15.943478
0,1476.0000,10.466881
0,1477.0000,13.017674
0,1478.0000,10.562690
0,1479.0000,24.028270
0,1480.0000,-1.998136
0,1481.0000,15.297779
0,1482.0000,16.254556
0,1483.0000,9.420062
0,1484.0000,16.094205
0,1485.0000,14.086265
0,1486.0000,14.560558
0,1487.0000,6.489066
0,1488.0000,4.384808
0,1489.0000,6.845060
0,1490.0000,-4.696325
0,1491.0000,0.623115
0,1492.0000,3.416450
0,1493.0000,9.858044
0,1494.0000,4.393080
0,1495.0000,11.600398
0,1496.0000,7.602324
0,1497.0000,-6.988196
0,1498.0000,13.547513
0,1499.0000,8.436615
0,1500.0000,2.812723
0,1501.0000,3.433241
0,1502.0000,14.612201
0,1503.0000,20.687848
0,1504.0000,11.234731
0,1505.0000,9.604783
0,1506.0000,4.912454
0,1507.0000,1.268915
0,1508.0000,-3.121069
0,1509.0000,10.361996
0,1510.0000,-4.875870
0,1511.0000,9.244507
0,1512.0000,7.303119
0,1513.0000,4.014899
0,1514.0000,9.758644
0,1515.0000,3.592012
0,1516.0000,-0.866538
0,1517.0000,2.823653
0,1518.0000,6.092296
0,1519.0000,-2.281588
0,1520.0000,-6.288372
0,1521.0000,5.999718
0,1522.0000,-1.863005
0,1523.0000,2.878791
0,1524.0000,-0.304789
0,1525.0000,3.871038
0,1526.0000,-2.054782
0,1527.0000,18.871612
0,1528.0000,7.508032
0,1529.0000,1.611790
0,1530.0000,0.158217
0,1531.0000,8.028053
0,1532.0000,5.736714
0,1533.0000,5.760783
0,1534.0000,3.214607
0,1535.0000,-0.335314
0,1536.0000,-8.790850
0,1537.0000,5.055931
0,1538.0000,-0.059325
0,1539.0000,-2.623810
0,1540.0000,6.606520
0,1541.0000,15.210880
0,1542.0000,4.080799
0,1543.0000,10.614761
0,1544.0000,11.357915
0,1545.0000,7.569154
0,1546.0000,-3.121732
0,1547.0000,4.148757
0,1548.0000,13.337358
0,1549.0000,1.763071
0,1550.0000,6.618106
0,1551.0000,4.392130
0,1552.0000,-4.305710
0,1553.0000,7.525739
0,1554.0000,15.045076
0,1555.0000,9.253259
0,1556.0000,10.324018
0,1557.0000,12.017398
0,1558.0000,23.132840
0,1559.0000,4.354961
0,1560.0000,22.538151
0,1561.0000,15.368193
0,1562.0000,28.305949
0,1563.0000,25.576713
0,1564.0000,15.566130
0,1565.0000,23.105428
0,1566.0000,15.831324
0,1567.0000,31.890378
0,1568.0000,27.749866
0,1569.0000,30.964288
0,1570.0000,42.175440
0,1571.0000,42.016739
0,1572.0000,44.532125
0,1573.0000,46.941548
0,1574.0000,57.083625
0,1575.0000,72.137771
0,1576.0000,89.824474
0,1577.0000,107.243624
0,1578.0000,120.333277
0,1579.0000,146.467797
0,1580.0000,158.906540
0,1581.0000,196.892656
0,1582.0000,217.075604
0,1583.0000,223.973038
0,1584.0000,231.968902
0,1585.0000,202.219694
0,1586.0000,182.389286
0,1587.0000,162.364958
0,1588.0000,155.848929
0,1589.0000,138.238361
0,1590.0000,124.136957
0,1591.0000,132.197478
0,1592.0000,132.178127
0,1593.0000,142.891120
0,1594.0000,151.439353
0,1595.0000,179.777000
0,1596.0000,220.434808
0,1597.0000,265.048741
0,1598.0000,330.589441
0,1599.0000,413.739875
0,1600.0000,506.479612
0,1601.0000,596.342608
0,1602.0000,629.582565
0,1603.0000,576.633655
0,1604.0000,516.197721
0,1605.0000,405.732260
0,1606.0000,324.917029
0,1607.0000,250.635949
0,1608.0000,212.490993
0,1609.0000,160.327757
0,1610.0000,132.274457
0,1611.0000,116.751835
0,1612.0000,87.382934
0,1613.0000,83.757687
0,1614.0000,67.636428
0,1615.0000,56.892505
0,1616.0000,47.601222
0,1617.0000,43.739324
0,1618.0000,42.379849
0,1619.0000,35.090118
0,1620.0000,24.905098
0,1621.0000,35.532177
0,1622.0000,26.918316
0,1623.0000,31.792549
0,1624.0000,26.983716
0,1625.0000,22.250666
0,1626.0000,20.392949
0,1627.0000,27.703760
0,1628.0000,19.541546
0,1629.0000,18.931194
0,1630.0000,11.637431
0,1631.0000,16.278360
0,1632.0000,0.277109
0,1633.0000,8.947885
0,1634.0000,15.727401
0,1635.0000,8.841345
0,1636.0000,4.323777
0,1637.0000,12.920498
0,1638.0000,8.261237
0,1639.0000,18.000578
0,1640.0000,13.026190
0,1641.0000,-2.093410
0,1642.0000,12.349696
0,1643.0000,-1.981971
0,1644.0000,6.901044
0,1645.0000,8.013645
0,1646.0000,5.830207
0,1647.0000,11.748238
0,1648.0000,10.481179
0,1649.0000,4.757125
0,1650.0000,14.823483
0,1651.0000,1.986510
0,1652.0000,2.827891
0,1653.0000,7.056803
0,1654.0000,10.613833
0,1655.0000,5.976148
0,1656.0000,3.803703
0,1657.0000,4.920969
0,1658.0000,6.910531
0,1659.0000,1.127974
0,1660.0000,-2.072967
0,1661.0000,13.390918
0,1662.0000,5.230940
0,1663.0000,14.240634
0,1664.0000,11.303400
0,1665.0000,11.657104
0,1666.0000,-10.596112
0,1667.0000,7.551914
0,1668.0000,8.908062
0,1669.0000,4.153720
0,1670.0000,5.871395
0,1671.0000,11.026805
0,1672.0000,-7.310289
0,1673.0000,3.372762
0,1674.0000,6.603457
0,1675.0000,-5.092050
0,1676.0000,1.410948
0,1677.0000,0.955483
0,1678.0000,6.017827
0,1679.0000,9.613557
0,1680.0000,6.336815
0,1681.0000,11.328815
0,1682.0000,5.414227
0,1683.0000,16.847569
0,1684.0000,9.506839
0,1685.0000,-11.296545
0,1686.0000,-5.664876
0,1687.0000,5.918089
0,1688.0000,1.744226
0,1689.0000,10.302633
0,1690.0000,2.472770
0,1691.0000,0.760700
0,1692.0000,7.389421
0,1693.0000,-3.673640
0,1694.0000,6.186670
0,1695.0000,-2.468584
0,1696.0000,-6.840685
0,1697.0000,-1.170520
0,1698.0000,17.083723
0,1699.0000,-6.084510
0,1700.0000,0.205394
0,1701.0000,4.595239
0,1702.0000,-1.969766
0,1703.0000,0.556575
0,1704.0000,5.503413
0,1705.0000,5.243358
0,1706.0000,-3.943037
0,1707.0000,-6.603698
0,1708.0000,6.244550
0,1709.0000,6.666559
0,1710.0000,4.810121
0,1711.0000,3.289908
0,1712.0000,6.911594
0,1713.0000,4.577445
0,1714.0000,-9.771097
0,1715.0000,6.979305
0,1716.0000,-0.508883
0,1717.0000,7.835876
0,1718.0000,5.374982
0,1719.0000,-3.052339
0,1720.0000,-2.807998
0,1721.0000,2.018449
0,1722.0000,1.306055
0,1723.0000,-4.016709
0,1724.0000,-6.948033
0,1725.0000,0.024670
0,1726.0000,3.872482
0,1727.0000,4.060868
0,1728.0000,7.421783
0,1729.0000,-1.238471
0,1730.0000,2.142959
0,1731.0000,3.019900
0,1732.0000,1.734058
0,1733.0000,-1.246985
0,1734.0000,1.658557
0,1735.0000,3.420100
0,1736.0000,-2.915545
0,1737.0000,-1.091568
0,1738.0000,-2.035654
0,1739.0000,3.241644
0,1740.0000,-1.721239
0,1741.0000,-4.174024
0,1742.0000,6.032607
0,1743.0000,-0.329442
0,1744.0000,-1.473022
0,1745.0000,4.706622
0,1746.0000,10.063730
0,1747.0000,-2.841444
0,1748.0000,2.356335
0,1749.0000,1.379993
0,1750.0000,8.755282
0,1751.0000,-4.994554
0,1752.0000,-6.096643
0,1753.0000,-9.573935
0,1754.0000,-4.586179
0,1755.0000,9.392595
0,1756.0000,7.490973
0,1757.0000,1.822214
0,1758.0000,2.237911
0,1759.0000,2.222440
0,1760.0000,-4.466507
0,1761.0000,-9.151955
0,1762.0000,-0.101911
0,1763.0000,15.125286
0,1764.0000,-2.874907
0,1765.0000,1.235209
0,1766.0000,-0.820617
0,1767.0000,-1.175500
0,1768.0000,5.800680
0,1769.0000,5.518109
0,1770.0000,-10.416339
0,1771.0000,-2.888118
0,1772.0000,1.573698
0,1773.0000,3.955914
0,1774.0000,-4.096897
0,1775.0000,5.757959
0,1776.0000,-5.230725
0,1777.0000,1.530157
0,1778.0000,5.719476
0,1779.0000,1.083557
0,1780.0000,0.224449
0,1781.0000,-9.192956
0,1782.0000,-1.393681
0,1783.0000,3.754514
0,1784.0000,-10.005074
0,1785.0000,-6.377872
0,1786.0000,0.347687
0,1787.0000,0.113464
0,1788.0000,-2.312569
0,1789.0000,7.077019
0,1790.0000,-1.883815
0,1791.0000,0.630474
0,1792.0000,6.298940
0,1793.0000,-1.798837
0,1794.0000,10.530967
0,1795.0000,3.747011
0,1796.0000,-5.099142
0,1797.0000,5.008594
0,1798.0000,0.930908
0,1799.0000,8.502954
0,1800.0000,-8.283184
0,1801.0000,0.637817
0,1802.0000,2.928519
0,1803.0000,-1.097534
0,1804.0000,4.799571
0,1805.0000,4.021299
0,1806.0000,7.001317
0,1807.0000,0.765738
0,1808.0000,-0.980948
0,1809.0000,1.965869
0,1810.0000,-1.351319
0,1811.0000,2.994485
0,1812.0000,7.730566
0,1813.0000,1.360569
0,1814.0000,10.590984
0,1815.0000,-4.031973
0,1816.0000,11.127222
0,1817.0000,14.797587
0,1818.0000,1.677287
0,1819.0000,5.543569
0,1820.0000,0.808368
0,1821.0000,5.225679
0,1822.0000,10.445261
0,1823.0000,11.457309
0,1824.0000,3.972241
0,1825.0000,-2.734840
0,1826.0000,2.901705
0,1827.0000,4.178393
0,1828.0000,0.144787
0,1829.0000,-1.412674
0,1830.0000,-9.307366
0,1831.0000,0.774755
0,1832.0000,13.976870
0,1833.0000,-0.429174
0,1834.0000,1.582404
0,1835.0000,2.515267
0,1836.0000,-2.827784
0,1837.0000,-8.110782
0,1838.0000,-7.019137
0,1839.0000,3.785522
0,1840.0000,-1.103945
0,1841.0000,-2.968923
0,1842.0000,4.120920
0,1843.0000,-6.502478
0,1844.0000,-8.781897
0,1845.0000,4.423555
0,1846.0000,-0.256147
0,1847.0000,-16.237721
0,1848.0000,2.274634
0,1849.0000,-0.966485
0,1850.0000,-6.101552
0,1851.0000,-7.194343
0,1852.0000,-12.661110
0,1853.0000,8.227846
0,1854.0000,-2.278270
0,1855.0000,4.821677
0,1856.0000,-1.218491
0,1857.0000,8.623434
0,1858.0000,3.006377
0,1859.0000,-5.210149
0,1860.0000,2.737360
0,1861.0000,-9.507124
0,1862.0000,3.119355
0,1863.0000,3.644555
0,1864.0000,-3.183392
0,1865.0000,7.049677
0,1866.0000,-5.692408
0,1867.0000,2.235707
0,1868.0000,5.583704
0,1869.0000,-5.728797
0,1870.0000,5.265512
0,1871.0000,-2.861368
0,1872.0000,-11.031735
0,1873.0000,-6.195902
0,1874.0000,4.082186
0,1875.0000,3.065631
0,1876.0000,-9.395648
0,1877.0000,-1.559359
0,1878.0000,-1.699004
0,1879.0000,-5.748793
0,1880.0000,16.545178
0,1881.0000,-3.567156
0,1882.0000,-7.382487
0,1883.0000,1.194791
0,1884.0000,-2.194334
0,1885.0000,11.841062
0,1886.0000,9.140962
0,1887.0000,8.661911
0,1888.0000,0.169020
0,1889.0000,-12.551907
0,1890.0000,-2.079498
0,1891.0000,1.880652
0,1892.0000,-1.843314
0,1893.0000,-1.587990
0,1894.0000,-0.067195
0,1895.0000,5.616383
0,1896.0000,-0.973378
0,1897.0000,0.603897
0,1898.0000,-7.825584
0,1899.0000,9.305421
0,1900.0000,4.178529
0,1901.0000,-0.875547
0,1902.0000,2.645803
0,1903.0000,1.444958
0,1904.0000,-11.598814
0,1905.0000,-1.877609
0,1906.0000,4.090640
0,1907.0000,17.937860
0,1908.0000,-13.272315
0,1909.0000,11.945574
0,1910.0000,-2.632733
0,1911.0000,0.266076
0,1912.0000,-3.311282
0,1913.0000,-6.249250
0,1914.0000,-10.939096
0,1915.0000,3.274975
0,1916.0000,-9.521219
0,1917.0000,-1.733799
0,1918.0000,-3.522959
0,1919.0000,9.943510
0,1920.0000,-7.403317
0,1921.0000,3.113429
0,1922.0000,4.220613
0,1923.0000,0.585671
0,1924.0000,4.290957
0,1925.0000,-6.107578
0,1926.0000,8.641011
0,1927.0000,-0.967434
0,1928.0000,3.067786
0,1929.0000,-6.837016
0,1930.0000,2.474855
0,1931.0000,-1.051333
0,1932.0000,-5.765455
0,1933.0000,-1.360503
0,1934.0000,1.849537
0,1935.0000,6.541620
0,1936.0000,11.209873
0,1937.0000,-12.468170
0,1938.0000,1.173327
0,1939.0000,-2.362934
0,1940.0000,-5.058387
0,1941.0000,-6.416379
0,1942.0000,6.722080
0,1943.0000,1.604063
0,1944.0000,0.987077
0,1945.0000,5.740923
0,1946.0000,4.028418
0,1947.0000,0.718853
0,1948.0000,5.573744
0,1949.0000,-0.808544
0,1950.0000,16.138946
0,1951.0000,0.055718
0,1952.0000,11.541529
0,1953.0000,5.321590
0,1954.0000,-3.252424
0,1955.0000,9.861286
0,1956.0000,4.511329
0,1957.0000,-1.443978
0,1958.0000,7.396285
0,1959.0000,4.143295
0,1960.0000,8.663511
0,1961.0000,3.739389
0,1962.0000,7.811916
0,1963.0000,-3.039786
0,1964.0000,3.616998
0,1965.0000,1.431271
0,1966.0000,-0.480805
0,1967.0000,-4.841833
0,1968.0000,-1.118518
0,1969.0000,2.009131
0,1970.0000,2.527379
0,1971.0000,15.043289
0,1972.0000,-9.842795
0,1973.0000,4.576693
0,1974.0000,7.774132
0,1975.0000,1.824556
0,1976.0000,3.880967
0,1977.0000,1.962739
0,1978.0000,14.823779
0,1979.0000,-0.930989
0,1980.0000,-7.887624
0,1981.0000,2.610772
0,1982.0000,-6.300677
0,1983.0000,1.741273
0,1984.0000,3.703030
0,1985.0000,-2.374492
0,1986.0000,9.237932
0,1987.0000,6.077269
0,1988.0000,8.720128
0,1989.0000,3.552910
0,1990.0000,5.483958
0,1991.0000,5.598916
0,1992.0000,9.429622
0,1993.0000,4.950797
0,1994.0000,2.730048
0,1995.0000,-10.040298
0,1996.0000,-0.399789
0,1997.0000,-5.330515
0,1998.0000,14.019856
0,1999.0000,-0.753554
0,2000.0000,-11.481449
1,200.0000,26.210399
1,201.0000,18.960950
1,202.0000,9.789101
1,203.0000,22.241362
1,204.0000,21.318565
1,205.0000,12.736173
1,206.0000,20.643089
1,207.0000,14.921450
1,208.0000,7.581524
1,209.0000,24.021872
1,210.0000,9.717627
1,211.0000,12.866488
1,212.0000,17.593478
1,213.0000,30.355561
1,214.0000,17.574366
1,215.0000,17.613222
1,216.0000,14.776227
1,217.0000,11.579194
1,218.0000,25.353289
1,219.0000,25.072665
1,220.0000,12.446214
1,221.0000,13.263409
1,222.0000,20.468975
1,223.0000,28.863398
1,224.0000,15.066509
1,225.0000,13.697290
1,226.0000,28.115823
1,227.0000,21.304100
1,228.0000,15.189542
1,229.0000,12.626049
1,230.0000,24.563120
1,231.0000,27.656846
1,232.0000,28.741717
1,233.0000,17.074843
1,234.0000,10.079640
1,235.0000,27.251067
1,236.0000,11.160570
1,237.0000,22.056519
1,238.0000,-2.281517
1,239.0000,18.629545
1,240.0000,16.474828
1,241.0000,22.420740
1,242.0000,11.295909
1,243.0000,19.568679
1,244.0000,10.833052
1,245.0000,19.756956
1,246.0000,18.831840
1,247.0000,27.762566
1,248.0000,21.228184
1,249.0000,13.422687
1,250.0000,22.312165
1,251.0000,19.329218
1,252.0000,22.276161
1,253.0000,23.876046
1,254.0000,13.998821
1,255.0000,22.236334
1,256.0000,24.214474
1,257.0000,22.887665
1,258.0000,12.494060
1,259.0000,26.414565
1,260.0000,13.263707
1,261.0000,12.969078
1,262.0000,14.788297
1,263.0000,10.890552
1,264.0000,30.603305
1,265.0000,9.851440
1,266.0000,20.994246
1,267.0000,18.123314
1,268.0000,18.044594
1,269.0000,13.344971
1,270.0000,27.087711
1,271.0000,27.409156
1,272.0000,10.801874
1,273.0000,16.194605
1,274.0000,21.140977
1,275.0000,16.719724
1,276.0000,27.442528
1,277.0000,20.303499
1,278.0000,13.288553
1,279.0000,17.442859
1,280.0000,26.777230
1,281.0000,15.995058
1,282.0000,23.931075
1,283.0000,21.288706
1,284.0000,13.863596
1,285.0000,16.511511
1,286.0000,17.583057
1,287.0000,26.555094
1,288.0000,14.880285
1,289.0000,12.177180
1,290.0000,16.541878
1,291.0000,19.249208
1,292.0000,30.010863
1,293.0000,23.377570
1,294.0000,24.129428
1,295.0000,12.080709
1,296.0000,23.037537
1,297.0000,15.069265
1,298.0000,18.852280
1,299.0000,13.606272
1,300.0000,16.644515
1,301.0000,11.334586
1,302.0000,23.307248
1,303.0000,22.634759
1,304.0000,19.652493
1,305.0000,19.961602
1,306.0000,18.429229
1,307.0000,16.492195
1,308.0000,17.468005
1,309.0000,19.780811
1,310.0000,8.031074
1,311.0000,15.299080
1,312.0000,13.814799
1,313.0000,17.932963
1,314.0000,21.206116
1,315.0000,10.120226
1,316.0000,23.913785
1,317.0000,21.392852
1,318.0000,30.147011
1,319.0000,15.434313
1,320.0000,11.620574
1,321.0000,8.652946
1,322.0000,27.750517
1,323.0000,22.797680
1,324.0000,27.853832
1,325.0000,29.155035
1,326.0000,18.711021
1,327.0000,18.279652
1,328.0000,26.297946
1,329.0000,13.203991
1,330.0000,12.865982
1,331.0000,20.634048
1,332.0000,20.649593
1,333.0000,18.999026
1,334.0000,13.998424
1,335.0000,19.637288
1,336.0000,17.650049
1,337.0000,17.639215
1,338.0000,21.737614
1,339.0000,20.159402
1,340.0000,14.136604
1,341.0000,10.107046
1,342.0000,29.396238
1,343.0000,22.588230
1,344.0000,21.375798
1,345.0000,24.391008
1,346.0000,11.218351
1,347.0000,12.979651
1,348.0000,4.998345
1,349.0000,10.006060
1,350.0000,16.939321
1,351.0000,8.991002
1,352.0000,24.775906
1,353.0000,19.527515
1,354.0000,22.758393
1,355.0000,14.047994
1,356.0000,22.032333
1,357.0000,17.055952
1,358.0000,23.586781
1,359.0000,22.852663
1,360.0000,20.844928
1,361.0000,5.556397
1,362.0000,19.767429
1,363.0000,18.759015
1,364.0000,26.050855
1,365.0000,21.491571
1,366.0000,22.251087
1,367.0000,14.697938
1,368.0000,26.426199
1,369.0000,21.700796
1,370.0000,14.824773
1,371.0000,12.791401
1,372.0000,32.261225
1,373.0000,14.993622
1,374.0000,19.583509
1,375.0000,17.321240
1,376.0000,24.690240
1,377.0000,18.618329
1,378.0000,15.488301
1,379.0000,10.025721
1,380.0000,8.524642
1,381.0000,25.399365
1,382.0000,9.571439
1,383.0000,7.837633
1,384.0000,15.644491
1,385.0000,8.468192
1,386.0000,19.265711
1,387.0000,8.839268
1,388.0000,14.682208
1,389.0000,-0.283282
1,390.0000,16.589748
1,391.0000,22.977341
1,392.0000,15.715837
1,393.0000,15.253929
1,394.0000,17.393613
1,395.0000,21.599140
1,396.0000,8.357116
1,397.0000,19.925914
1,398.0000,14.509061
1,399.0000,21.790665
1,400.0000,16.142824
1,401.0000,19.090566
1,402.0000,13.321415
1,403.0000,6.098766
1,404.0000,19.396990
1,405.0000,14.912779
1,406.0000,21.254626
1,407.0000,18.615543
1,408.0000,22.071880
1,409.0000,17.524183
1,410.0000,19.191639
1,411.0000,19.186350
1,412.0000,24.871194
1,413.0000,16.973798
1,414.0000,28.435894
1,415.0000,14.395698
1,416.0000,25.802221
1,417.0000,7.883231
1,418.0000,5.655191
1,419.0000,26.636833
1,420.0000,21.942496
1,421.0000,13.701031
1,422.0000,20.633168
1,423.0000,16.081060
1,424.0000,16.775632
1,425.0000,16.793987
1,426.0000,7.972050
1,427.0000,16.059867
1,428.0000,9.017504
1,429.0000,15.596766
1,430.0000,23.377597
1,431.0000,16.948788
1,432.0000,15.160017
1,433.0000,21.230544
1,434.0000,16.251377
1,435.0000,14.758549
1,436.0000,19.788513
1,437.0000,22.587380
1,438.0000,25.358117
1,439.0000,28.748122
1,440.0000,24.011852
1,441.0000,20.061509
1,442.0000,12.738812
1,443.0000,19.534920
1,444.0000,17.476840
1,445.0000,31.930581
1,446.0000,26.623350
1,447.0000,24.661038
1,448.0000,19.633180
1,449.0000,6.187803
1,450.0000,16.408988
1,451.0000,12.887322
1,452.0000,18.273029
1,453.0000,16.168895
1,454.0000,18.677175
1,455.0000,17.056807
1,456.0000,17.053725
1,457.0000,22.939475
1,458.0000,18.876908
1,459.0000,16.181203
1,460.0000,21.143479
1,461.0000,22.277247
1,462.0000,15.805841
1,463.0000,8.533828
1,464.0000,8.527842
1,465.0000,9.153566
1,466.0000,19.847293
1,467.0000,13.265420
1,468.0000,11.363581
1,469.0000,22.682699
1,470.0000,15.734652
1,471.0000,19.840191
1,472.0000,12.138068
1,473.0000,15.509428
1,474.0000,12.127447
1,475.0000,19.561769
1,476.0000,16.252660
1,477.0000,9.578845
1,478.0000,20.731926
1,479.0000,23.867013
1,480.0000,12.082740
1,481.0000,18.992347
1,482.0000,23.399555
1,483.0000,10.721586
1,484.0000,17.609068
1,485.0000,16.939924
1,486.0000,27.787053
1,487.0000,17.379594
1,488.0000,10.383966
1,489.0000,14.097752
1,490.0000,16.276268
1,491.0000,5.450962
1,492.0000,14.016322
1,493.0000,15.736601
1,494.0000,28.372834
1,495.0000,12.270920
1,496.0000,11.459329
1,497.0000,15.207123
1,498.0000,11.454972
1,499.0000,19.417132
1,500.0000,16.270064
1,501.0000,26.543570
1,502.0000,21.765760
1,503.0000,11.858614
1,504.0000,17.306608
1,505.0000,9.230784
1,506.0000,25.223171
1,507.0000,19.377121
1,508.0000,22.610895
1,509.0000,23.956073
1,510.0000,12.056198
1,511.0000,17.486874
1,512.0000,18.468966
1,513.0000,22.102089
1,514.0000,19.666603
1,515.0000,11.672334
1,516.0000,18.494222
1,517.0000,15.164384
1,518.0000,29.899577
1,519.0000,18.777562
1,520.0000,20.351258
1,521.0000,19.742082
1,522.0000,13.195357
1,523.0000,29.937107
1,524.0000,16.107337
1,525.0000,15.478979
1,526.0000,11.539817
1,527.0000,17.161791
1,528.0000,16.901677
1,529.0000,16.308846
1,530.0000,19.565636
1,531.0000,14.982991
1,532.0000,18.441500
1,533.0000,11.847034
1,534.0000,10.026067
1,535.0000,30.832822
1,536.0000,25.234071
1,537.0000,20.207805
1,538.0000,17.387761
1,539.0000,17.494528
1,540.0000,28.265701
1,541.0000,24.315959
1,542.0000,28.822355
1,543.0000,15.969460
1,544.0000,20.842065
1,545.0000,13.286178
1,546.0000,16.629000
1,547.0000,22.728841
1,548.0000,18.018823
1,549.0000,14.435310
1,550.0000,21.124038
1,551.0000,24.503864
1,552.0000,17.238481
1,553.0000,10.074676
1,554.0000,14.927319
1,555.0000,25.360546
1,556.0000,27.697800
1,557.0000,11.474307
1,558.0000,15.755672
1,559.0000,14.679271
1,560.0000,23.216824
1,561.0000,17.199046
1,562.0000,35.672679
1,563.0000,9.238021
1,564.0000,23.456611
1,565.0000,9.383153
1,566.0000,16.116244
1,567.0000,23.550711
1,568.0000,19.300792
1,569.0000,15.864469
1,570.0000,17.394231
1,571.0000,26.664874
1,572.0000,23.699660
1,573.0000,14.962659
1,574.0000,19.999154
1,575.0000,21.628801
1,576.0000,20.052458
1,577.0000,19.263330
1,578.0000,25.500855
1,579.0000,17.116827
1,580.0000,22.697163
1,581.0000,18.466080
1,582.0000,14.986724
1,583.0000,16.494813
1,584.0000,22.371872
1,585.0000,17.491069
1,586.0000,22.172257
1,587.0000,19.633576
1,588.0000,27.238209
1,589.0000,13.927961
1,590.0000,8.520046
1,591.0000,26.484596
1,592.0000,25.433222
1,593.0000,13.307875
1,594.0000,21.854876
1,595.0000,18.427352
1,596.0000,29.783572
1,597.0000,13.080912
1,598.0000,34.319815
1,599.0000,30.059948
1,600.0000,24.082734
1,601.0000,34.570533
1,602.0000,26.607414
1,603.0000,27.019826
1,604.0000,37.328117
1,605.0000,48.988320
1,606.0000,34.626982
1,607.0000,43.205673
1,608.0000,41.952241
1,609.0000,46.006767
1,610.0000,52.089056
1,611.0000,49.453584
1,612.0000,52.592780
1,613.0000,77.279250
1,614.0000,83.650101
1,615.0000,95.488334
1,616.0000,104.558190
1,617.0000,142.505103
1,618.0000,161.940262
1,619.0000,187.881388
1,620.0000,202.719975
1,621.0000,186.582683
1,622.0000,158.727212
1,623.0000,142.833567
1,624.0000,114.780762
1,625.0000,100.293119
1,626.0000,86.966486
1,627.0000,81.270947
1,628.0000,69.318215
1,629.0000,40.768555
1,630.0000,36.508789
1,631.0000,48.695250
1,632.0000,44.769208
1,633.0000,46.293789
1,634.0000,35.817866
1,635.0000,34.502835
1,636.0000,26.221875
1,637.0000,40.740733
1,638.0000,34.113242
1,639.0000,25.854917
1,640.0000,34.165743
1,641.0000,26.146338
1,642.0000,37.478380
1,643.0000,22.776628
1,644.0000,27.026657
1,645.0000,24.124288
1,646.0000,31.698938
1,647.0000,15.022885
1,648.0000,26.599310
1,649.0000,17.441096
1,650.0000,20.665482
1,651.0000,14.647934
1,652.0000,14.718249
1,653.0000,22.814775
1,654.0000,10.430743
1,655.0000,22.830657
1,656.0000,19.354010
1,657.0000,16.029968
1,658.0000,22.094090
1,659.0000,31.311396
1,660.0000,12.837029
1,661.0000,23.987943
1,662.0000,22.586055
1,663.0000,13.961608
1,664.0000,19.933181
1,665.0000,5.878528
1,666.0000,26.782901
1,667.0000,22.975883
1,668.0000,19.319197
1,669.0000,22.563186
1,670.0000,19.360564
1,671.0000,15.188393
1,672.0000,17.241489
1,673.0000,30.115974
1,674.0000,16.803094
1,675.0000,22.438470
1,676.0000,15.609900
1,677.0000,16.865009
1,678.0000,12.851518
1,679.0000,18.437190
1,680.0000,26.872688
1,681.0000,22.841414
1,682.0000,23.962696
1,683.0000,18.351398
1,684.0000,13.308627
1,685.0000,17.271354
1,686.0000,14.753581
1,687.0000,15.784550
1,688.0000,18.830941
1,689.0000,23.318308
1,690.0000,12.804742
1,691.0000,16.716041
1,692.0000,19.490134
1,693.0000,20.382531
1,694.0000,25.509979
1,695.0000,15.085411
1,696.0000,14.382003
1,697.0000,26.832552
1,698.0000,17.443256
1,699.0000,5.780091
1,700.0000,29.114337
1,701.0000,27.468333
1,702.0000,12.154866
1,703.0000,8.487527
1,704.0000,10.439488
1,705.0000,21.935344
1,706.0000,28.626999
1,707.0000,17.934718
1,708.0000,17.541376
1,709.0000,11.927160
1,710.0000,24.826727
1,711.0000,12.562225
1,712.0000,12.060433
1,713.0000,24.085699
1,714.0000,28.512507
1,715.0000,18.211921
1,716.0000,21.472027
1,717.0000,26.516320
1,718.0000,21.371124
1,719.0000,33.219063
1,720.0000,15.007904
1,721.0000,20.798048
1,722.0000,14.827862
1,723.0000,9.687415
1,724.0000,28.969592
1,725.0000,26.634309
1,726.0000,18.356038
1,727.0000,17.041604
1,728.0000,18.979778
1,729.0000,25.833609
1,730.0000,12.730938
1,731.0000,13.193771
1,732.0000,13.911676
1,733.0000,20.705232
1,734.0000,28.770297
1,735.0000,20.850490
1,736.0000,12.327692
1,737.0000,25.247230
1,738.0000,28.922772
1,739.0000,26.266665
1,740.0000,9.028462
1,741.0000,7.394066
1,742.0000,19.633716
1,743.0000,25.170251
1,744.0000,21.107475
1,745.0000,19.872258
1,746.0000,17.053047
1,747.0000,23.335056
1,748.0000,23.713199
1,749.0000,19.478686
1,750.0000,25.560539
1,751.0000,15.546303
1,752.0000,26.277295
1,753.0000,18.741685
1,754.0000,21.035734
1,755.0000,18.725631
1,756.0000,21.765321
1,757.0000,23.234270
1,758.0000,22.517149
1,759.0000,16.410064
1,760.0000,13.806161
1,761.0000,19.974079
1,762.0000,31.393464
1,763.0000,28.353100
1,764.0000,31.070303
1,765.0000,32.398198
1,766.0000,22.925410
1,767.0000,24.046263
1,768.0000,36.143156
1,769.0000,23.566668
1,770.0000,15.809412
1,771.0000,15.971768
1,772.0000,30.633593
1,773.0000,27.236668
1,774.0000,17.458856
1,775.0000,36.266838
1,776.0000,36.200621
1,777.0000,23.167829
1,778.0000,25.100134
1,779.0000,35.920159
1,780.0000,30.187755
1,781.0000,32.317104
1,782.0000,29.328576
1,783.0000,33.579812
1,784.0000,37.478111
1,785.0000,60.968840
1,786.0000,52.811247
1,787.0000,45.045055
1,788.0000,53.223320
1,789.0000,68.553837
1,790.0000,83.291906
1,791.0000,84.125696
1,792.0000,97.093034
1,793.0000,104.860628
1,794.0000,112.984784
1,795.0000,128.187860
1,796.0000,109.780949
1,797.0000,108.313284
1,798.0000,96.958438
1,799.0000,87.512833
1,800.0000,80.744548
1,801.0000,68.011132
1,802.0000,60.546910
1,803.0000,47.610936
1,804.0000,51.964850
1,805.0000,50.279094
1,806.0000,39.629854
1,807.0000,39.518307
1,808.0000,47.555065
1,809.0000,34.110603
1,810.0000,28.245786
1,811.0000,27.584819
1,812.0000,29.821588
1,813.0000,33.306186
1,814.0000,24.562458
1,815.0000,31.231494
1,816.0000,14.071892
1,817.0000,34.088293
1,818.0000,31.537960
1,819.0000,28.527978
1,820.0000,29.472507
1,821.0000,27.425314
1,822.0000,24.488094
1,823.0000,15.138403
1,824.0000,22.056075
1,825.0000,26.023893
1,826.0000,21.884304
1,827.0000,19.884234
1,828.0000,21.032266
1,829.0000,24.089008
1,830.0000,28.356653
1,831.0000,7.568629
1,832.0000,17.393612
1,833.0000,26.517048
1,834.0000,21.319454
1,835.0000,9.888974
1,836.0000,17.342818
1,837.0000,20.440153
1,838.0000,7.389819
1,839.0000,15.013019
1,840.0000,12.948332
1,841.0000,13.360484
1,842.0000,17.002360
1,843.0000,19.084380
1,844.0000,23.240955
1,845.0000,18.770034
1,846.0000,22.341745
1,847.0000,21.095556
1,848.0000,21.506262
1,849.0000,26.265424
1,850.0000,22.871287
1,851.0000,22.652217
1,852.0000,19.761069
1,853.0000,19.006927
1,854.0000,14.287073
1,855.0000,2.911329
1,856.0000,23.438757
1,857.0000,26.640769
1,858.0000,30.275530
1,859.0000,22.362640
1,860.0000,15.569162
1,861.0000,13.564248
1,862.0000,18.126400
1,863.0000,19.122589
1,864.0000,15.035564
1,865.0000,16.207469
1,866.0000,17.047049
1,867.0000,19.513520
1,868.0000,19.554405
1,869.0000,11.932293
1,870.0000,24.077605
1,871.0000,17.060151
1,872.0000,24.378770
1,873.0000,22.190928
1,874.0000,16.445937
1,875.0000,7.651001
1,876.0000,27.727553
1,877.0000,14.024263
1,878.0000,23.098006
1,879.0000,25.316446
1,880.0000,12.886316
1,881.0000,23.616147
1,882.0000,26.898795
1,883.0000,22.820997
1,884.0000,18.092232
1,885.0000,19.702426
1,886.0000,13.814146
1,887.0000,26.852092
1,888.0000,30.105032
1,889.0000,19.048556
1,890.0000,10.689611
1,891.0000,20.155645
1,892.0000,18.515516
1,893.0000,25.856600
1,894.0000,23.695263
1,895.0000,6.143056
1,896.0000,18.847101
1,897.0000,17.318565
1,898.0000,27.635924
1,899.0000,11.334301
1,900.0000,18.280068
1,901.0000,20.852558
1,902.0000,19.271729
1,903.0000,24.562603
1,904.0000,17.027264
1,905.0000,29.976714
1,906.0000,26.532141
1,907.0000,21.046725
1,908.0000,19.847994
1,909.0000,15.870850
1,910.0000,22.064689
1,911.0000,15.801380
1,912.0000,12.832815
1,913.0000,20.194497
1,914.0000,25.731476
1,915.0000,23.365080
1,916.0000,24.026302
1,917.0000,24.115672
1,918.0000,14.923397
1,919.0000,9.460062
1,920.0000,18.489893
1,921.0000,23.779571
1,922.0000,27.975401
1,923.0000,14.495079
1,924.0000,15.779368
1,925.0000,13.652008
1,926.0000,29.368284
1,927.0000,14.081197
1,928.0000,24.987461
1,929.0000,22.324051
1,930.0000,20.315432
1,931.0000,22.893338
1,932.0000,32.544479
1,933.0000,18.860362
1,934.0000,15.300087
1,935.0000,23.781630
1,936.0000,25.796090
1,937.0000,10.186198
1,938.0000,26.783034
1,939.0000,23.170603
1,940.0000,21.473760
1,941.0000,22.751170
1,942.0000,11.901870
1,943.0000,13.615153
1,944.0000,15.100518
1,945.0000,23.253143
1,946.0000,28.354911
1,947.0000,32.491068
1,948.0000,27.736004
1,949.0000,21.284695
1,950.0000,23.576371
1,951.0000,24.095390
1,952.0000,24.768483
1,953.0000,29.405398
1,954.0000,21.880736
1,955.0000,20.919773
1,956.0000,28.014210
1,957.0000,13.058363
1,958.0000,14.457788
1,959.0000,18.770591
1,960.0000,27.053558
1,961.0000,33.979343
1,962.0000,36.044357
1,963.0000,18.501783
1,964.0000,25.064872
1,965.0000,30.968979
1,966.0000,28.233081
1,967.0000,29.918331
1,968.0000,42.585357
1,969.0000,32.373399
1,970.0000,31.078821
1,971.0000,22.647562
1,972.0000,38.898688
1,973.0000,43.959042
1,974.0000,35.979521
1,975.0000,26.676602
1,976.0000,36.392560
1,977.0000,28.999400
1,978.0000,31.851106
1,979.0000,34.268825
1,980.0000,25.892750
1,981.0000,45.625513
1,982.0000,48.806727
1,983.0000,46.658872
1,984.0000,52.768358
1,985.0000,47.845626
1,986.0000,71.525384
1,987.0000,52.866375
1,988.0000,72.061123
1,989.0000,88.013620
1,990.0000,86.297651
1,991.0000,116.342996
1,992.0000,117.225827
1,993.0000,147.018245
1,994.0000,174.473948
1,995.0000,221.694654
1,996.0000,290.712627
1,997.0000,389.002290
1,998.0000,527.574625
1,999.0000,718.086711
1,1000.0000,914.301735
1,1001.0000,1011.435382
1,1002.0000,916.483930
1,1003.0000,700.236414
1,1004.0000,519.554008
1,1005.0000,378.992454
1,1006.0000,291.567886
1,1007.0000,217.891927
1,1008.0000,172.990775
1,1009.0000,152.071185
1,1010.0000,131.818407
1,1011.0000,109.530569
1,1012.0000,103.290015
1,1013.0000,87.648786
1,1014.0000,87.098532
1,1015.0000,68.101606
1,1016.0000,78.974337
1,1017.0000,72.430105
1,1018.0000,70.930943
1,1019.0000,78.256742
1,1020.0000,87.576408
1,1021.0000,86.885823
1,1022.0000,86.934260
1,1023.0000,99.755112
1,1024.0000,115.560567
1,1025.0000,148.606939
1,1026.0000,174.308551
1,1027.0000,221.812611
1,1028.0000,267.967200
1,1029.0000,351.678025
1,1030.0000,405.686231
1,1031.0000,441.435075
1,1032.0000,412.997134
1,1033.0000,343.892544
1,1034.0000,263.873694
1,1035.0000,205.328054
1,1036.0000,172.478960
1,1037.0000,134.819330
1,1038.0000,101.873033
1,1039.0000,89.192536
1,1040.0000,67.919821
1,1041.0000,72.308910
1,1042.0000,69.707898
1,1043.0000,65.167996
1,1044.0000,47.298319
1,1045.0000,57.868709
1,1046.0000,39.628772
1,1047.0000,40.209776
1,1048.0000,32.270743
1,1049.0000,40.531057
1,1050.0000,35.287375
1,1051.0000,31.583769
1,1052.0000,33.644152
1,1053.0000,24.258378
1,1054.0000,22.297350
1,1055.0000,32.583658
1,1056.0000,38.593675
1,1057.0000,32.952719
1,1058.0000,26.802525
1,1059.0000,18.106143
1,1060.0000,37.836278
1,1061.0000,27.692701
1,1062.0000,36.922516
1,1063.0000,28.798258
1,1064.0000,19.855284
1,1065.0000,33.073366
1,1066.0000,28.897194
1,1067.0000,19.294344
1,1068.0000,31.103101
1,1069.0000,19.927021
1,1070.0000,13.928557
1,1071.0000,26.987325
1,1072.0000,23.839210
1,1073.0000,17.977708
1,1074.0000,16.810322
1,1075.0000,35.620369
1,1076.0000,32.707455
1,1077.0000,24.462974
1,1078.0000,35.119096
1,1079.0000,28.873170
1,1080.0000,26.772145
1,1081.0000,29.962011
1,1082.0000,20.237209
1,1083.0000,14.131615
1,1084.0000,25.178370
1,1085.0000,27.619493
1,1086.0000,15.488682
1,1087.0000,28.317498
1,1088.0000,20.534453
1,1089.0000,25.657869
1,1090.0000,14.812037
1,1091.0000,25.952096
1,1092.0000,17.639439
1,1093.0000,19.934038
1,1094.0000,18.333552
1,1095.0000,28.098539
1,1096.0000,24.017680
1,1097.0000,33.878615
1,1098.0000,31.294345
1,1099.0000,15.096429
1,1100.0000,18.250979
1,1101.0000,32.500137
1,1102.0000,25.815400
1,1103.0000,31.386815
1,1104.0000,25.441235
1,1105.0000,27.755370
1,1106.0000,24.159705
1,1107.0000,20.919788
1,1108.0000,24.478540
1,1109.0000,24.160748
1,1110.0000,25.383799
1,1111.0000,14.544544
1,1112.0000,21.901220
1,1113.0000,20.357246
1,1114.0000,25.938474
1,1115.0000,33.342916
1,1116.0000,23.893957
1,1117.0000,11.154049
1,1118.0000,25.399981
1,1119.0000,20.788649
1,1120.0000,22.095708
1,1121.0000,26.389416
1,1122.0000,24.922691
1,1123.0000,23.468886
1,1124.0000,17.701148
1,1125.0000,23.557105
1,1126.0000,21.456320
1,1127.0000,30.518055
1,1128.0000,30.488608
1,1129.0000,27.580265
1,1130.0000,30.382504
1,1131.0000,23.907655
1,1132.0000,29.601963
1,1133.0000,24.221750
1,1134.0000,44.171814
1,1135.0000,29.930339
1,1136.0000,26.428477
1,1137.0000,33.290780
1,1138.0000,29.182864
1,1139.0000,31.918426
1,1140.0000,33.564756
1,1141.0000,34.835355
1,1142.0000,34.211971
1,1143.0000,27.252531
1,1144.0000,60.328308
1,1145.0000,42.768305
1,1146.0000,47.209808
1,1147.0000,48.884756
1,1148.0000,70.729347
1,1149.0000,81.660868
1,1150.0000,85.821441
1,1151.0000,97.858550
1,1152.0000,125.902162
1,1153.0000,142.992366
1,1154.0000,156.217247
1,1155.0000,163.192602
1,1156.0000,162.210462
1,1157.0000,136.362324
1,1158.0000,131.706238
1,1159.0000,108.709227
1,1160.0000,97.465941
1,1161.0000,79.349843
1,1162.0000,72.842321
1,1163.0000,58.805678
1,1164.0000,61.307045
1,1165.0000,53.741716
1,1166.0000,52.718306
1,1167.0000,50.799859
1,1168.0000,41.788014
1,1169.0000,35.892831
1,1170.0000,35.999412
1,1171.0000,57.427266
1,1172.0000,41.086339
1,1173.0000,56.309364
1,1174.0000,69.613485
1,1175.0000,58.027902
1,1176.0000,61.811666
1,1177.0000,81.351406
1,1178.0000,82.006896
1,1179.0000,90.353921
1,1180.0000,105.603355
1,1181.0000,111.561920
1,1182.0000,138.970600
1,1183.0000,127.606755
1,1184.0000,142.821314
1,1185.0000,124.804614
1,1186.0000,98.841761
1,1187.0000,87.552063
1,1188.0000,73.932840
1,1189.0000,63.689747
1,1190.0000,57.638382
1,1191.0000,45.540984
1,1192.0000,41.927250
1,1193.0000,26.131793
1,1194.0000,39.675634
1,1195.0000,36.604050
1,1196.0000,38.646410
1,1197.0000,32.620215
1,1198.0000,26.376902
1,1199.0000,31.474440
1,1200.0000,34.880648
1,1201.0000,29.675618
1,1202.0000,22.631384
1,1203.0000,26.908138
1,1204.0000,16.952613
1,1205.0000,32.653599
1,1206.0000,13.992358
1,1207.0000,24.987328
1,1208.0000,32.257685
1,1209.0000,19.524325
1,1210.0000,11.156036
1,1211.0000,18.487017
1,1212.0000,30.310495
1,1213.0000,24.469636
1,1214.0000,18.619719
1,1215.0000,17.081593
1,1216.0000,25.439940
1,1217.0000,20.774242
1,1218.0000,21.023453
1,1219.0000,16.711712
1,1220.0000,14.951654
1,1221.0000,22.232178
1,1222.0000,26.898906
1,1223.0000,8.024330
1,1224.0000,17.631788
1,1225.0000,21.859801
1,1226.0000,26.599683
1,1227.0000,21.000342
1,1228.0000,24.734296
1,1229.0000,24.828490
1,1230.0000,20.471857
1,1231.0000,24.754133
1,1232.0000,16.958673
1,1233.0000,22.974531
1,1234.0000,22.859272
1,1235.0000,19.854270
1,1236.0000,22.317440
1,1237.0000,17.055501
1,1238.0000,21.193410
1,1239.0000,28.566488
1,1240.0000,22.998819
1,1241.0000,10.929867
1,1242.0000,13.080379
1,1243.0000,17.966298
1,1244.0000,12.710287
1,1245.0000,27.541924
1,1246.0000,33.069777
1,1247.0000,19.451705
1,1248.0000,19.185062
1,1249.0000,24.482663
1,1250.0000,19.101145
1,1251.0000,30.964558
1,1252.0000,24.636224
1,1253.0000,15.921260
1,1254.0000,9.414674
1,1255.0000,23.217826
1,1256.0000,16.378372
1,1257.0000,20.538002
1,1258.0000,24.336768
1,1259.0000,8.260831
1,1260.0000,30.796638
1,1261.0000,26.403667
1,1262.0000,13.485794
1,1263.0000,23.995866
1,1264.0000,9.521048
1,1265.0000,23.774750
1,1266.0000,20.308799
1,1267.0000,15.465723
1,1268.0000,15.821887
1,1269.0000,27.119488
1,1270.0000,19.499602
1,1271.0000,15.514558
1,1272.0000,22.247011
1,1273.0000,12.112239
1,1274.0000,-2.012568
1,1275.0000,12.248500
1,1276.0000,25.326093
1,1277.0000,23.522650
1,1278.0000,24.166092
1,1279.0000,6.315065
1,1280.0000,16.053176
1,1281.0000,20.107565
1,1282.0000,25.016800
1,1283.0000,22.573122
1,1284.0000,16.391269
1,1285.0000,24.153046
1,1286.0000,12.307575
1,1287.0000,28.418275
1,1288.0000,20.769257
1,1289.0000,23.604806
1,1290.0000,7.513420
1,1291.0000,17.330071
1,1292.0000,16.913081
1,1293.0000,24.364347
1,1294.0000,19.287091
1,1295.0000,23.246762
1,1296.0000,33.797969
1,1297.0000,14.937536
1,1298.0000,25.260033
1,1299.0000,18.717560
1,1300.0000,10.709659
1,1301.0000,8.593093
1,1302.0000,16.265958
1,1303.0000,23.114795
1,1304.0000,20.630176
1,1305.0000,9.544868
1,1306.0000,20.177553
1,1307.0000,24.621904
1,1308.0000,9.641928
1,1309.0000,12.999796
1,1310.0000,22.292819
1,1311.0000,22.459600
1,1312.0000,19.640210
1,1313.0000,12.614114
1,1314.0000,16.617748
1,1315.0000,13.778529
1,1316.0000,30.319138
1,1317.0000,17.579034
1,1318.0000,27.480008
1,1319.0000,24.330428
1,1320.0000,24.801158
1,1321.0000,13.857405
1,1322.0000,19.707498
1,1323.0000,23.863275
1,1324.0000,17.359664
1,1325.0000,15.298039
1,1326.0000,24.579648
1,1327.0000,18.550606
1,1328.0000,6.542143
1,1329.0000,17.185084
1,1330.0000,15.814265
1,1331.0000,12.938120
1,1332.0000,18.395545
1,1333.0000,15.175021
1,1334.0000,19.437378
1,1335.0000,14.905066
1,1336.0000,11.411244
1,1337.0000,22.824347
1,1338.0000,10.538965
1,1339.0000,17.381710
1,1340.0000,15.100760
1,1341.0000,20.274022
1,1342.0000,11.812951
1,1343.0000,16.052216
1,1344.0000,32.487721
1,1345.0000,17.672725
1,1346.0000,16.968626
1,1347.0000,21.789586
1,1348.0000,22.093804
1,1349.0000,27.231701
1,1350.0000,11.117828
1,1351.0000,14.233568
1,1352.0000,12.500835
1,1353.0000,8.229138
1,1354.0000,24.213728
1,1355.0000,19.640645
1,1356.0000,21.013647
1,1357.0000,22.210209
1,1358.0000,18.278361
1,1359.0000,10.949993
1,1360.0000,17.056333
1,1361.0000,29.968106
1,1362.0000,9.834511
1,1363.0000,16.404463
1,1364.0000,14.090005
1,1365.0000,18.490734
1,1366.0000,23.118021
1,1367.0000,27.583710
1,1368.0000,26.931972
1,1369.0000,15.350186
1,1370.0000,25.896912
1,1371.0000,13.203578
1,1372.0000,9.445414
1,1373.0000,26.425896
1,1374.0000,26.746844
1,1375.0000,1.112614
1,1376.0000,18.391548
1,1377.0000,16.924012
1,1378.0000,15.572666
1,1379.0000,11.745409
1,1380.0000,25.703003
1,1381.0000,26.566122
1,1382.0000,21.103389
1,1383.0000,21.694447
1,1384.0000,15.934286
1,1385.0000,18.925228
1,1386.0000,20.676807
1,1387.0000,25.353442
1,1388.0000,16.617022
1,1389.0000,25.877606
1,1390.0000,14.907473
1,1391.0000,22.362521
1,1392.0000,20.239984
1,1393.0000,14.897514
1,1394.0000,29.922280
1,1395.0000,11.770997
1,1396.0000,11.179317
1,1397.0000,16.728120
1,1398.0000,19.934942
1,1399.0000,22.076269
1,1400.0000,16.596262
1,1401.0000,14.894765
1,1402.0000,35.723949
1,1403.0000,24.693722
1,1404.0000,22.024990
1,1405.0000,20.196010
1,1406.0000,29.335923
1,1407.0000,24.395965
1,1408.0000,25.244312
1,1409.0000,20.915534
1,1410.0000,29.940562
1,1411.0000,31.744870
1,1412.0000,26.929360
1,1413.0000,33.884052
1,1414.0000,27.876303
1,1415.0000,25.711886
1,1416.0000,30.871296
1,1417.0000,27.096872
1,1418.0000,30.559963
1,1419.0000,23.952640
1,1420.0000,27.750144
1,1421.0000,33.559284
1,1422.0000,27.025671
1,1423.0000,28.959200
1,1424.0000,26.064272
1,1425.0000,34.450346
1,1426.0000,37.381199
1,1427.0000,33.155330
1,1428.0000,31.140173
1,1429.0000,43.962831
1,1430.0000,35.063669
1,1431.0000,41.762853
1,1432.0000,40.809120
1,1433.0000,45.083552
1,1434.0000,57.920158
1,1435.0000,60.795739
1,1436.0000,69.002959
1,1437.0000,77.512670
1,1438.0000,82.134421
1,1439.0000,78.053868
1,1440.0000,95.241896
1,1441.0000,91.444959
1,1442.0000,115.283191
1,1443.0000,124.700688
1,1444.0000,143.162999
1,1445.0000,166.206699
1,1446.0000,176.427183
1,1447.0000,205.843404
1,1448.0000,217.022234
1,1449.0000,231.434611
1,1450.0000,241.110225
1,1451.0000,233.390591
1,1452.0000,223.262033
1,1453.0000,215.650111
1,1454.0000,179.761876
1,1455.0000,172.877276
1,1456.0000,143.900619
1,1457.0000,126.096320
1,1458.0000,112.099538
1,1459.0000,112.916951
1,1460.0000,96.028038
1,1461.0000,77.355962
1,1462.0000,74.916947
1,1463.0000,62.723660
1,1464.0000,60.990919
1,1465.0000,58.138924
1,1466.0000,50.516932
1,1467.0000,61.917078
1,1468.0000,44.454028
1,1469.0000,35.032796
1,1470.0000,40.566158
1,1471.0000,44.567031
1,1472.0000,38.940261
1,1473.0000,37.524922
1,1474.0000,39.489137
1,1475.0000,24.246249
1,1476.0000,47.463707
1,1477.0000,39.008620
1,1478.0000,21.335046
1,1479.0000,25.508780
1,1480.0000,37.593179
1,1481.0000,43.057218
1,1482.0000,34.935946
1,1483.0000,33.506935
1,1484.0000,26.895438
1,1485.0000,33.835626
1,1486.0000,28.589654
1,1487.0000,20.050456
1,1488.0000,19.452131
1,1489.0000,16.162843
1,1490.0000,28.783133
1,1491.0000,27.894814
1,1492.0000,17.623212
1,1493.0000,31.935117
1,1494.0000,24.666700
1,1495.0000,28.675363
1,1496.0000,32.913415
1,1497.0000,32.626413
1,1498.0000,29.726524
1,1499.0000,30.322181
1,1500.0000,21.663011
1,1501.0000,18.321346
1,1502.0000,20.121137
1,1503.0000,25.566194
1,1504.0000,31.243475
1,1505.0000,22.138101
1,1506.0000,20.347356
1,1507.0000,24.114294
1,1508.0000,20.234510
1,1509.0000,13.564476
1,1510.0000,34.895633
1,1511.0000,20.821080
1,1512.0000,26.202013
1,1513.0000,11.741486
1,1514.0000,36.225717
1,1515.0000,23.408066
1,1516.0000,28.517007
1,1517.0000,25.818068
1,1518.0000,19.608145
1,1519.0000,14.266157
1,1520.0000,21.663598
1,1521.0000,23.389909
1,1522.0000,14.873739
1,1523.0000,16.565284
1,1524.0000,26.577801
1,1525.0000,20.900603
1,1526.0000,19.912050
1,1527.0000,23.047243
1,1528.0000,27.011862
1,1529.0000,13.485680
1,1530.0000,30.234446
1,1531.0000,18.243204
1,1532.0000,28.142366
1,1533.0000,24.398569
1,1534.0000,22.854504
1,1535.0000,15.335931
1,1536.0000,34.908118
1,1537.0000,32.606874
1,1538.0000,26.049922
1,1539.0000,26.298523
1,1540.0000,21.111939
1,1541.0000,20.446928
1,1542.0000,27.438454
1,1543.0000,12.026212
1,1544.0000,27.616733
1,1545.0000,22.857744
1,1546.0000,38.338101
1,1547.0000,32.445687
1,1548.0000,29.807213
1,1549.0000,30.036764
1,1550.0000,25.490538
1,1551.0000,27.271114
1,1552.0000,27.379197
1,1553.0000,33.998356
1,1554.0000,14.847397
1,1555.0000,33.912276
1,1556.0000,39.365577
1,1557.0000,26.585483
1,1558.0000,29.637011
1,1559.0000,39.159617
1,1560.0000,42.403838
1,1561.0000,28.621735
1,1562.0000,39.788422
1,1563.0000,43.953653
1,1564.0000,28.797068
1,1565.0000,40.150222
1,1566.0000,42.961373
1,1567.0000,42.016701
1,1568.0000,44.295265
1,1569.0000,49.986227
1,1570.0000,56.016610
1,1571.0000,58.361886
1,1572.0000,59.146000
1,1573.0000,69.910420
1,1574.0000,70.881766
1,1575.0000,86.821570
1,1576.0000,96.394661
1,1577.0000,103.240297
1,1578.0000,131.186050
1,1579.0000,151.505244
1,1580.0000,186.458285
1,1581.0000,211.740598
1,1582.0000,242.515339
1,1583.0000,242.183817
1,1584.0000,238.413658
1,1585.0000,220.368667
1,1586.0000,209.333695
1,1587.0000,179.015885
1,1588.0000,169.687195
1,1589.0000,167.757010
1,1590.0000,145.174038
1,1591.0000,152.597793
1,1592.0000,146.637171
1,1593.0000,150.571389
1,1594.0000,174.939696
1,1595.0000,196.924828
1,1596.0000,234.153251
1,1597.0000,289.944757
1,1598.0000,340.297713
1,1599.0000,429.803939
1,1600.0000,535.565024
1,1601.0000,611.476042
1,1602.0000,651.985231
1,1603.0000,612.864404
1,1604.0000,520.952586
1,1605.0000,424.615582
1,1606.0000,333.710456
1,1607.0000,261.934064
1,1608.0000,227.057928
1,1609.0000,181.554519
1,1610.0000,151.908431
1,1611.0000,125.897411
1,1612.0000,112.801628
1,1613.0000,97.572366
1,1614.0000,90.522455
1,1615.0000,68.214402
1,1616.0000,67.389127
1,1617.0000,53.462943
1,1618.0000,57.824458
1,1619.0000,55.001990
1,1620.0000,56.743012
1,1621.0000,52.631542
1,1622.0000,48.611145
1,1623.0000,38.470212
1,1624.0000,41.598898
1,1625.0000,40.243746
1,1626.0000,35.037828
1,1627.0000,45.459306
1,1628.0000,31.493301
1,1629.0000,25.985323
1,1630.0000,32.725861
1,1631.0000,43.455564
1,1632.0000,23.873180
1,1633.0000,24.623570
1,1634.0000,28.050362
1,1635.0000,17.867193
1,1636.0000,35.221946
1,1637.0000,26.191206
1,1638.0000,27.258098
1,1639.0000,29.319297
1,1640.0000,24.031222
1,1641.0000,12.676321
1,1642.0000,26.450309
1,1643.0000,13.165319
1,1644.0000,21.880100
1,1645.0000,23.345884
1,1646.0000,12.288145
1,1647.0000,20.613842
1,1648.0000,28.452253
1,1649.0000,28.279605
1,1650.0000,17.004743
1,1651.0000,31.838311
1,1652.0000,13.088939
1,1653.0000,25.461953
1,1654.0000,12.218454
1,1655.0000,18.476836
1,1656.0000,18.484819
1,1657.0000,22.215024
1,1658.0000,21.135215
1,1659.0000,34.216554
1,1660.0000,14.680090
1,1661.0000,24.306587
1,1662.0000,20.361416
1,1663.0000,23.582606
1,1664.0000,14.246316
1,1665.0000,26.721331
1,1666.0000,21.765082
1,1667.0000,30.941301
1,1668.0000,22.393768
1,1669.0000,20.112633
1,1670.0000,16.249810
1,1671.0000,33.994685
1,1672.0000,24.371913
1,1673.0000,11.120704
1,1674.0000,16.468965
1,1675.0000,23.924196
1,1676.0000,25.629428
1,1677.0000,20.781153
1,1678.0000,29.152736
1,1679.0000,16.455676
1,1680.0000,6.568072
1,1681.0000,23.400668
1,1682.0000,9.712262
1,1683.0000,19.087497
1,1684.0000,20.374595
1,1685.0000,15.374844
1,1686.0000,24.868435
1,1687.0000,16.123367
1,1688.0000,29.399087
1,1689.0000,18.976196
1,1690.0000,22.377180
1,1691.0000,28.044228
1,1692.0000,10.000119
1,1693.0000,17.114583
1,1694.0000,28.745440
1,1695.0000,20.246114
1,1696.0000,23.309444
1,1697.0000,28.585932
1,1698.0000,17.165689
1,1699.0000,15.272652
1,1700.0000,24.833556
1,1701.0000,21.477759
1,1702.0000,26.027527
1,1703.0000,15.454188
1,1704.0000,10.463951
1,1705.0000,17.608159
1,1706.0000,10.878510
1,1707.0000,20.510437
1,1708.0000,13.025056
1,1709.0000,18.107317
1,1710.0000,8.695966
1,1711.0000,21.102137
1,1712.0000,19.603828
1,1713.0000,13.208013
1,1714.0000,7.832408
1,1715.0000,18.975551
1,1716.0000,14.789187
1,1717.0000,25.297834
1,1718.0000,26.943937
1,1719.0000,13.987289
1,1720.0000,16.126826
1,1721.0000,21.517434
1,1722.0000,28.360789
1,1723.0000,20.203987
1,1724.0000,32.229334
1,1725.0000,29.672773
1,1726.0000,23.706413
1,1727.0000,31.527001
1,1728.0000,13.169445
1,1729.0000,24.934436
1,1730.0000,20.080313
1,1731.0000,16.842329
1,1732.0000,7.490594
1,1733.0000,19.682271
1,1734.0000,14.119818
1,1735.0000,12.803789
1,1736.0000,22.670797
1,1737.0000,20.970135
1,1738.0000,17.848193
1,1739.0000,13.492811
1,1740.0000,19.578179
1,1741.0000,18.123202
1,1742.0000,12.497012
1,1743.0000,22.822114
1,1744.0000,24.039066
1,1745.0000,21.568653
1,1746.0000,32.808515
1,1747.0000,19.124947
1,1748.0000,11.244993
1,1749.0000,16.508262
1,1750.0000,22.944279
1,1751.0000,12.336577
1,1752.0000,20.317730
1,1753.0000,22.783340
1,1754.0000,16.106777
1,1755.0000,20.641307
1,1756.0000,17.750912
1,1757.0000,7.377738
1,1758.0000,23.571082
1,1759.0000,17.768929
1,1760.0000,33.296292
1,1761.0000,21.372348
1,1762.0000,22.792859
1,1763.0000,19.511226
1,1764.0000,16.520247
1,1765.0000,8.435775
1,1766.0000,29.558739
1,1767.0000,29.819750
1,1768.0000,14.899122
1,1769.0000,20.254139
1,1770.0000,24.251074
1,1771.0000,16.767214
1,1772.0000,22.769896
1,1773.0000,16.944496
1,1774.0000,3.454403
1,1775.0000,10.917413
1,1776.0000,22.464268
1,1777.0000,16.120018
1,1778.0000,6.287585
1,1779.0000,14.341575
1,1780.0000,16.629441
1,1781.0000,23.006120
1,1782.0000,23.502152
1,1783.0000,5.577609
1,1784.0000,25.559643
1,1785.0000,28.072783
1,1786.0000,22.046367
1,1787.0000,19.266861
1,1788.0000,27.253263
1,1789.0000,20.945410
1,1790.0000,17.374534
1,1791.0000,22.429801
1,1792.0000,24.519880
1,1793.0000,25.567242
1,1794.0000,15.622542
1,1795.0000,25.771356
1,1796.0000,24.618165
1,1797.0000,17.536380
1,1798.0000,3.397298
1,1799.0000,10.428051
1,1800.0000,15.867781
1,1801.0000,15.689046
1,1802.0000,30.054889
1,1803.0000,16.668723
1,1804.0000,25.572364
1,1805.0000,13.600511
1,1806.0000,29.416758
1,1807.0000,21.820572
1,1808.0000,19.209144
1,1809.0000,13.886748
1,1810.0000,27.215971
1,1811.0000,15.542770
1,1812.0000,18.298878
1,1813.0000,20.714000
1,1814.0000,21.939720
1,1815.0000,15.115277
1,1816.0000,9.171428
1,1817.0000,15.332941
1,1818.0000,21.193218
1,1819.0000,28.269052
1,1820.0000,16.660029
1,1821.0000,19.453437
1,1822.0000,13.936591
1,1823.0000,22.665495
1,1824.0000,12.736384
1,1825.0000,6.207999
1,1826.0000,20.544804
1,1827.0000,10.548962
1,1828.0000,10.167621
1,1829.0000,18.074424
1,1830.0000,23.509449
1,1831.0000,18.776854
1,1832.0000,12.645101
1,1833.0000,22.686376
1,1834.0000,17.605191
1,1835.0000,24.508696
1,1836.0000,22.359994
1,1837.0000,21.640170
1,1838.0000,12.310355
1,1839.0000,18.093521
1,1840.0000,4.221513
1,1841.0000,25.306330
1,1842.0000,20.486471
1,1843.0000,26.642412
1,1844.0000,6.330341
1,1845.0000,34.610801
1,1846.0000,10.630944
1,1847.0000,16.618158
1,1848.0000,14.733483
1,1849.0000,16.128652
1,1850.0000,22.019494
1,1851.0000,14.767660
1,1852.0000,9.074093
1,1853.0000,13.883971
1,1854.0000,26.263455
1,1855.0000,16.340175
1,1856.0000,26.169270
1,1857.0000,23.907739
1,1858.0000,12.267763
1,1859.0000,15.464726
1,1860.0000,27.715869
1,1861.0000,23.583650
1,1862.0000,23.473975
1,1863.0000,15.030119
1,1864.0000,20.059936
1,1865.0000,20.806332
1,1866.0000,20.625321
1,1867.0000,13.911696
1,1868.0000,15.717223
1,1869.0000,25.659954
1,1870.0000,12.411348
1,1871.0000,21.475930
1,1872.0000,24.675739
1,1873.0000,27.577010
1,1874.0000,25.153542
1,1875.0000,11.117332
1,1876.0000,23.002781
1,1877.0000,9.607687
1,1878.0000,13.735314
1,1879.0000,6.917475
1,1880.0000,13.031862
1,1881.0000,25.889972
1,1882.0000,23.873701
1,1883.0000,15.539269
1,1884.0000,28.550925
1,1885.0000,21.311584
1,1886.0000,16.753760
1,1887.0000,19.199749
1,1888.0000,17.587609
1,1889.0000,15.003779
1,1890.0000,19.342991
1,1891.0000,15.115100
1,1892.0000,21.863357
1,1893.0000,18.880237
1,1894.0000,17.358303
1,1895.0000,16.987474
1,1896.0000,17.169728
1,1897.0000,19.591023
1,1898.0000,7.373175
1,1899.0000,23.565167
1,1900.0000,27.472963
1,1901.0000,20.186688
1,1902.0000,16.968564
1,1903.0000,22.817934
1,1904.0000,14.775822
1,1905.0000,19.503510
1,1906.0000,17.766973
1,1907.0000,18.122215
1,1908.0000,30.879376
1,1909.0000,26.825215
1,1910.0000,27.462568
1,1911.0000,16.596934
1,1912.0000,15.064769
1,1913.0000,9.393836
1,1914.0000,27.662996
1,1915.0000,20.229076
1,1916.0000,19.325216
1,1917.0000,13.550252
1,1918.0000,23.794249
1,1919.0000,17.348680
1,1920.0000,10.372964
1,1921.0000,11.163737
1,1922.0000,16.318456
1,1923.0000,22.565325
1,1924.0000,14.845758
1,1925.0000,16.089904
1,1926.0000,23.437330
1,1927.0000,27.335086
1,1928.0000,14.224251
1,1929.0000,13.180880
1,1930.0000,7.563889
1,1931.0000,24.730285
1,1932.0000,12.403308
1,1933.0000,21.334279
1,1934.0000,16.814931
1,1935.0000,19.130454
1,1936.0000,17.859950
1,1937.0000,18.728315
1,1938.0000,20.294631
1,1939.0000,20.257164
1,1940.0000,18.297688
1,1941.0000,24.119526
1,1942.0000,15.258244
1,1943.0000,9.261462
1,1944.0000,19.832592
1,1945.0000,10.718101
1,1946.0000,18.879691
1,1947.0000,18.596536
1,1948.0000,23.987032
1,1949.0000,12.747131
1,1950.0000,30.738502
1,1951.0000,18.183576
1,1952.0000,24.733686
1,1953.0000,12.534139
1,1954.0000,28.097752
1,1955.0000,11.125218
1,1956.0000,32.427212
1,1957.0000,22.124836
1,1958.0000,20.517510
1,1959.0000,17.815738
1,1960.0000,5.435036
1,1961.0000,10.820126
1,1962.0000,15.452932
1,1963.0000,1.488837
1,1964.0000,10.726739
1,1965.0000,14.433132
1,1966.0000,14.313524
1,1967.0000,23.570065
1,1968.0000,21.878924
1,1969.0000,19.179690
1,1970.0000,23.276037
1,1971.0000,32.321636
1,1972.0000,14.059071
1,1973.0000,15.119848
1,1974.0000,20.826037
1,1975.0000,18.210290
1,1976.0000,11.267192
1,1977.0000,13.494758
1,1978.0000,27.293380
1,1979.0000,20.756866
1,1980.0000,11.210123
1,1981.0000,25.522454
1,1982.0000,21.683396
1,1983.0000,22.287453
1,1984.0000,21.376933
1,1985.0000,12.528312
1,1986.0000,20.646134
1,1987.0000,21.182612
1,1988.0000,16.982956
1,1989.0000,18.214935
1,1990.0000,16.489979
1,1991.0000,19.118950
1,1992.0000,14.448277
1,1993.0000,23.277537
1,1994.0000,13.636251
1,1995.0000,13.209106
1,1996.0000,19.830698
1,1997.0000,22.755310
1,1998.0000,15.671431
1,1999.0000,22.824326
1,2000.0000,13.842393
2,200.0000,40.573670
2,201.0000,31.308623
2,202.0000,26.752404
2,203.0000,34.491172
2,204.0000,24.732434
2,205.0000,27.713554
2,206.0000,40.574774
2,207.0000,38.713030
2,208.0000,32.776727
2,209.0000,31.513152
2,210.0000,48.243319
2,211.0000,34.788202
2,212.0000,38.511488
2,213.0000,29.081230
2,214.0000,39.865106
2,215.0000,29.922690
2,216.0000,39.148564
2,217.0000,30.245037
2,218.0000,37.765404
2,219.0000,34.653108
2,220.0000,29.512311
2,221.0000,38.752665
2,222.0000,34.940574
2,223.0000,48.643872
2,224.0000,39.589072
2,225.0000,42.880982
2,226.0000,32.541445
2,227.0000,36.837925
2,228.0000,37.332490
2,229.0000,36.043127
2,230.0000,48.518532
2,231.0000,29.235248
2,232.0000,31.990677
2,233.0000,44.557840
2,234.0000,42.150654
2,235.0000,44.349553
2,236.0000,30.121847
2,237.0000,34.413313
2,238.0000,27.494661
2,239.0000,30.659779
2,240.0000,24.692698
2,241.0000,36.502874
2,242.0000,31.073624
2,243.0000,34.074630
2,244.0000,43.909374
2,245.0000,49.271585
2,246.0000,42.406224
2,247.0000,37.584264
2,248.0000,38.288901
2,249.0000,34.587371
2,250.0000,25.926020
2,251.0000,41.018930
2,252.0000,38.264181
2,253.0000,37.352352
2,254.0000,32.491748
2,255.0000,36.061408
2,256.0000,51.400930
2,257.0000,35.003429
2,258.0000,33.176475
2,259.0000,40.172929
2,260.0000,30.121813
2,261.0000,41.269114
2,262.0000,32.114530
2,263.0000,31.610198
2,264.0000,27.300773
2,265.0000,26.869120
2,266.0000,31.338715
2,267.0000,31.550430
2,268.0000,34.704256
2,269.0000,46.317718
2,270.0000,26.593002
2,271.0000,44.217180
2,272.0000,40.548916
2,273.0000,36.903738
2,274.0000,30.295505
2,275.0000,38.584526
2,276.0000,38.910457
2,277.0000,34.707286
2,278.0000,39.366218
2,279.0000,36.763183
2,280.0000,32.263383
2,281.0000,32.497684
2,282.0000,43.941293
2,283.0000,34.179113
2,284.0000,40.817342
2,285.0000,35.955442
2,286.0000,38.780927
2,287.0000,31.527148
2,288.0000,28.243732
2,289.0000,32.819903
2,290.0000,42.244628
2,291.0000,40.077770
2,292.0000,42.065329
2,293.0000,37.765941
2,294.0000,38.759541
2,295.0000,42.036177
2,296.0000,35.733306
2,297.0000,44.569792
2,298.0000,27.419402
2,299.0000,30.383864
2,300.0000,34.902882
2,301.0000,23.362819
2,302.0000,45.376275
2,303.0000,36.810881
2,304.0000,40.823449
2,305.0000,35.330763
2,306.0000,29.149271
2,307.0000,38.831420
2,308.0000,34.004705
2,309.0000,38.335795
2,310.0000,38.485274
2,311.0000,25.961981
2,312.0000,36.037010
2,313.0000,44.254821
2,314.0000,33.843988
2,315.0000,46.250362
2,316.0000,38.811151
2,317.0000,34.734858
2,318.0000,31.507224
2,319.0000,32.709602
2,320.0000,29.127941
2,321.0000,27.497889
2,322.0000,30.327981
2,323.0000,38.215089
2,324.0000,34.742533
2,325.0000,34.138191
2,326.0000,26.290499
2,327.0000,27.810561
2,328.0000,31.169998
2,329.0000,38.726126
2,330.0000,43.344115
2,331.0000,33.316977
2,332.0000,33.623416
2,333.0000,33.455893
2,334.0000,35.388019
2,335.0000,36.052332
2,336.0000,27.763374
2,337.0000,41.571525
2,338.0000,36.137011
2,339.0000,40.686814
2,340.0000,35.899063
2,341.0000,35.907834
2,342.0000,38.915786
2,343.0000,32.950823
2,344.0000,27.823967
2,345.0000,24.274374
2,346.0000,44.213266
2,347.0000,45.832654
2,348.0000,32.388369
2,349.0000,36.461132
2,350.0000,32.253307
2,351.0000,30.200586
2,352.0000,27.100882
2,353.0000,33.974276
2,354.0000,46.931620
2,355.0000,41.115526
2,356.0000,33.025341
2,357.0000,29.458188
2,358.0000,39.464579
2,359.0000,27.139837
2,360.0000,29.205032
2,361.0000,34.729634
2,362.0000,37.971847
2,363.0000,34.576931
2,364.0000,44.891034
2,365.0000,33.629616
2,366.0000,33.040011
2,367.0000,40.568065
2,368.0000,41.999663
2,369.0000,41.141462
2,370.0000,47.516324
2,371.0000,37.606519
2,372.0000,30.442898
2,373.0000,25.174627
2,374.0000,37.182597
2,375.0000,31.006362
2,376.0000,36.836103
2,377.0000,35.373261
2,378.0000,30.169773
2,379.0000,28.340180
2,380.0000,41.890217
2,381.0000,42.165818
2,382.0000,39.789994
2,383.0000,35.313502
2,384.0000,40.657336
2,385.0000,37.507744
2,386.0000,32.768812
2,387.0000,36.156186
2,388.0000,42.145618
2,389.0000,30.370561
2,390.0000,34.060594
2,391.0000,37.549383
2,392.0000,35.636434
2,393.0000,42.233242
2,394.0000,36.240331
2,395.0000,38.554545
2,396.0000,38.862000
2,397.0000,30.977368
2,398.0000,38.617591
2,399.0000,32.270474
2,400.0000,30.254897
2,401.0000,38.074591
2,402.0000,35.166516
2,403.0000,43.773684
2,404.0000,43.777108
2,405.0000,38.056935
2,406.0000,41.376884
2,407.0000,28.959161
2,408.0000,32.547819
2,409.0000,32.702562
2,410.0000,43.477029
2,411.0000,27.139025
2,412.0000,36.855833
2,413.0000,40.369689
2,414.0000,36.889269
2,415.0000,33.465555
2,416.0000,39.657061
2,417.0000,29.636646
2,418.0000,33.002380
2,419.0000,38.274134
2,420.0000,42.283752
2,421.0000,27.549751
2,422.0000,37.173268
2,423.0000,30.825703
2,424.0000,40.277674
2,425.0000,34.462381
2,426.0000,23.388873
2,427.0000,36.970065
2,428.0000,37.796455
2,429.0000,46.865061
2,430.0000,29.845810
2,431.0000,37.795598
2,432.0000,29.260045
2,433.0000,32.124794
2,434.0000,34.699810
2,435.0000,32.536339
2,436.0000,37.282192
2,437.0000,37.759674
2,438.0000,35.641082
2,439.0000,36.886450
2,440.0000,36.937551
2,441.0000,38.011718
2,442.0000,36.043276
2,443.0000,44.187004
2,444.0000,28.820177
2,445.0000,28.372588
2,446.0000,36.758666
2,447.0000,34.658279
2,448.0000,46.241183
2,449.0000,29.837215
2,450.0000,42.507328
2,451.0000,30.561898
2,452.0000,42.520691
2,453.0000,36.128878
2,454.0000,36.788762
2,455.0000,33.196038
2,456.0000,35.432595
2,457.0000,21.090774
2,458.0000,35.653721
2,459.0000,33.488695
2,460.0000,41.153419
2,461.0000,28.109807
2,462.0000,35.417557
2,463.0000,39.477222
2,464.0000,26.555494
2,465.0000,29.646614
2,466.0000,27.201135
2,467.0000,23.701588
2,468.0000,47.659037
2,469.0000,31.704024
2,470.0000,37.318435
2,471.0000,35.549802
2,472.0000,43.145915
2,473.0000,47.885494
2,474.0000,33.501132
2,475.0000,39.638862
2,476.0000,35.559822
2,477.0000,24.574460
2,478.0000,41.860818
2,479.0000,31.395433
2,480.0000,29.241327
2,481.0000,45.889997
2,482.0000,36.912064
2,483.0000,25.632603
2,484.0000,28.795422
2,485.0000,32.493384
2,486.0000,35.367843
2,487.0000,41.719895
2,488.0000,34.885048
2,489.0000,34.232785
2,490.0000,36.506270
2,491.0000,41.909957
2,492.0000,31.699257
2,493.0000,42.092842
2,494.0000,44.765701
2,495.0000,43.793281
2,496.0000,30.199774
2,497.0000,29.042597
2,498.0000,31.063297
2,499.0000,36.076989
2,500.0000,38.216246
2,501.0000,38.933190
2,502.0000,38.112379
2,503.0000,33.464670
2,504.0000,33.765959
2,505.0000,36.422330
2,506.0000,33.417138
2,507.0000,32.837457
2,508.0000,47.061632
2,509.0000,32.788024
2,510.0000,48.679835
2,511.0000,30.873256
2,512.0000,42.912433
2,513.0000,38.603444
2,514.0000,41.789740
2,515.0000,46.160288
2,516.0000,42.880390
2,517.0000,33.085544
2,518.0000,40.192758
2,519.0000,33.481867
2,520.0000,41.520710
2,521.0000,31.954314
2,522.0000,41.442889
2,523.0000,33.948752
2,524.0000,32.621171
2,525.0000,27.726532
2,526.0000,34.073065
2,527.0000,41.605207
2,528.0000,27.795695
2,529.0000,44.442625
2,530.0000,34.570155
2,531.0000,27.377885
2,532.0000,31.783133
2,533.0000,25.285098
2,534.0000,41.235651
2,535.0000,38.395095
2,536.0000,30.684095
2,537.0000,37.844908
2,538.0000,43.828257
2,539.0000,42.393988
2,540.0000,39.696885
2,541.0000,38.642742
2,542.0000,41.968342
2,543.0000,38.673615
2,544.0000,32.020082
2,545.0000,21.025299
2,546.0000,47.950374
2,547.0000,42.794017
2,548.0000,32.113015
2,549.0000,52.400809
2,550.0000,45.205479
2,551.0000,39.136680
2,552.0000,47.571703
2,553.0000,41.501235
2,554.0000,43.292116
2,555.0000,46.140772
2,556.0000,41.406067
2,557.0000,45.389041
2,558.0000,41.246455
2,559.0000,37.793413
2,560.0000,39.546059
2,561.0000,39.498647
2,562.0000,31.984362
2,563.0000,43.590869
2,564.0000,36.178963
2,565.0000,31.400102
2,566.0000,37.238959
2,567.0000,36.091001
2,568.0000,38.207793
2,569.0000,35.103011
2,570.0000,34.318766
2,571.0000,35.756112
2,572.0000,49.418263
2,573.0000,45.194615
2,574.0000,34.712054
2,575.0000,42.721961
2,576.0000,43.378310
2,577.0000,42.761580
2,578.0000,24.872679
2,579.0000,35.823718
2,580.0000,46.268643
2,581.0000,42.962559
2,582.0000,42.608978
2,583.0000,47.636843
2,584.0000,39.000613
2,585.0000,32.933804
2,586.0000,31.357228
2,587.0000,49.681396
2,588.0000,45.442380
2,589.0000,36.105063
2,590.0000,35.972255
2,591.0000,41.000240
2,592.0000,44.018516
2,593.0000,36.144121
2,594.0000,43.173081
2,595.0000,31.121302
2,596.0000,31.779856
2,597.0000,47.448318
2,598.0000,35.033817
2,599.0000,39.810348
2,600.0000,35.943483
2,601.0000,35.499910
2,602.0000,49.864822
2,603.0000,38.771405
2,604.0000,51.677829
2,605.0000,63.274496
2,606.0000,52.399962
2,607.0000,57.831213
2,608.0000,62.743040
2,609.0000,57.268602
2,610.0000,60.628498
2,611.0000,74.199963
2,612.0000,80.459804
2,613.0000,86.534371
2,614.0000,108.382265
2,615.0000,121.617689
2,616.0000,144.901871
2,617.0000,160.865224
2,618.0000,180.489354
2,619.0000,205.102520
2,620.0000,218.795885
2,621.0000,209.615633
2,622.0000,186.561846
2,623.0000,155.002293
2,624.0000,133.797202
2,625.0000,118.709461
2,626.0000,98.558023
2,627.0000,88.422456
2,628.0000,76.078548
2,629.0000,70.872533
2,630.0000,63.725954
2,631.0000,63.272392
2,632.0000,54.254225
2,633.0000,45.216210
2,634.0000,54.807795
2,635.0000,48.435719
2,636.0000,41.806781
2,637.0000,54.012346
2,638.0000,44.923449
2,639.0000,43.238636
2,640.0000,51.013214
2,641.0000,46.866862
2,642.0000,46.094173
2,643.0000,46.524193
2,644.0000,45.623105
2,645.0000,38.661190
2,646.0000,33.613941
2,647.0000,43.986788
2,648.0000,47.740973
2,649.0000,38.872458
2,650.0000,35.767331
2,651.0000,40.289784
2,652.0000,39.186752
2,653.0000,50.497430
2,654.0000,46.330451
2,655.0000,39.707150
2,656.0000,36.087516
2,657.0000,38.457295
2,658.0000,42.377620
2,659.0000,33.746845
2,660.0000,48.064989
2,661.0000,35.562222
2,662.0000,40.217191
2,663.0000,36.967187
2,664.0000,38.498938
2,665.0000,42.813390
2,666.0000,38.237698
2,667.0000,30.996220
2,668.0000,33.743421
2,669.0000,29.401614
2,670.0000,36.189042
2,671.0000,34.075511
2,672.0000,32.150477
2,673.0000,25.946293
2,674.0000,32.843575
2,675.0000,44.066177
2,676.0000,45.485867
2,677.0000,39.644124
2,678.0000,31.938687
2,679.0000,33.112898
2,680.0000,38.730940
2,681.0000,35.374481
2,682.0000,40.685894
2,683.0000,37.980018
2,684.0000,43.706017
2,685.0000,27.714215
2,686.0000,39.768754
2,687.0000,27.218625
2,688.0000,44.095108
2,689.0000,40.820148
2,690.0000,40.858067
2,691.0000,37.970447
2,692.0000,43.150203
2,693.0000,38.075572
2,694.0000,35.336782
2,695.0000,32.967912
2,696.0000,40.449465
2,697.0000,30.608657
2,698.0000,49.887559
2,699.0000,42.730407
2,700.0000,42.024861
2,701.0000,39.902380
2,702.0000,41.991546
2,703.0000,27.706989
2,704.0000,29.734293
2,705.0000,37.365247
2,706.0000,43.633129
2,707.0000,36.031923
2,708.0000,37.039858
2,709.0000,39.017171
2,710.0000,44.379706
2,711.0000,32.546136
2,712.0000,35.312046
2,713.0000,34.220525
2,714.0000,41.239691
2,715.0000,32.736559
2,716.0000,34.942196
2,717.0000,47.227493
2,718.0000,37.598290
2,719.0000,25.852644
2,720.0000,28.077145
2,721.0000,37.091791
2,722.0000,38.943381
2,723.0000,34.676087
2,724.0000,28.964316
2,725.0000,37.704804
2,726.0000,42.026049
2,727.0000,41.560061
2,728.0000,42.146579
2,729.0000,40.227201
2,730.0000,44.477717
2,731.0000,45.346107
2,732.0000,42.920342
2,733.0000,43.590231
2,734.0000,30.368725
2,735.0000,41.724010
2,736.0000,40.545254
2,737.0000,39.307691
2,738.0000,43.429917
2,739.0000,35.261386
2,740.0000,33.719381
2,741.0000,33.523146
2,742.0000,30.662676
2,743.0000,30.051594
2,744.0000,38.358849
2,745.0000,37.319858
2,746.0000,36.403359
2,747.0000,37.038113
2,748.0000,51.479679
2,749.0000,43.017324
2,750.0000,46.952058
2,751.0000,37.136890
2,752.0000,30.998028
2,753.0000,49.953206
2,754.0000,33.008160
2,755.0000,46.994705
2,756.0000,34.624596
2,757.0000,49.754408
2,758.0000,42.742385
2,759.0000,38.130452
2,760.0000,36.958443
2,761.0000,43.187061
2,762.0000,38.270800
2,763.0000,60.428423
2,764.0000,39.072940
2,765.0000,41.875694
2,766.0000,43.089440
2,767.0000,44.200999
2,768.0000,32.267731
2,769.0000,37.707300
2,770.0000,52.876204
2,771.0000,47.637136
2,772.0000,53.954793
2,773.0000,39.128663
2,774.0000,40.012533
2,775.0000,44.131471
2,776.0000,44.606075
2,777.0000,42.755717
2,778.0000,57.014378
2,779.0000,50.211678
2,780.0000,44.116798
2,781.0000,55.267602
2,782.0000,46.447462
2,783.0000,55.127493
2,784.0000,55.166011
2,785.0000,67.003410
2,786.0000,61.077129
2,787.0000,64.508223
2,788.0000,73.619142
2,789.0000,78.456426
2,790.0000,104.328610
2,791.0000,105.169792
2,792.0000,115.342936
2,793.0000,128.509876
2,794.0000,125.767993
2,795.0000,137.649761
2,796.0000,133.385764
2,797.0000,130.163914
2,798.0000,116.889911
2,799.0000,98.173516
2,800.0000,90.241160
2,801.0000,86.797502
2,802.0000,85.506203
2,803.0000,77.046900
2,804.0000,66.841951
2,805.0000,63.183391
2,806.0000,58.866358
2,807.0000,43.721050
2,808.0000,45.773910
2,809.0000,53.402722
2,810.0000,41.342699
2,811.0000,51.849547
2,812.0000,44.347598
2,813.0000,48.245834
2,814.0000,36.481538
2,815.0000,58.098058
2,816.0000,36.162456
2,817.0000,33.662750
2,818.0000,34.402553
2,819.0000,34.602743
2,820.0000,40.978570
2,821.0000,33.180522
2,822.0000,42.777946
2,823.0000,43.010764
2,824.0000,32.431421
2,825.0000,37.246402
2,826.0000,37.889567
2,827.0000,28.346039
2,828.0000,37.349534
2,829.0000,47.375600
2,830.0000,39.357520
2,831.0000,37.523594
2,832.0000,38.492031
2,833.0000,35.122159
2,834.0000,24.867483
2,835.0000,39.065264
2,836.0000,50.050374
2,837.0000,48.794238
2,838.0000,38.963720
2,839.0000,36.630286
2,840.0000,51.392047
2,841.0000,38.652840
2,842.0000,29.014636
2,843.0000,46.618903
2,844.0000,35.935255
2,845.0000,27.538544
2,846.0000,38.595587
2,847.0000,40.985308
2,848.0000,48.070975
2,849.0000,39.222401
2,850.0000,27.827669
2,851.0000,39.048971
2,852.0000,53.951619
2,853.0000,43.692567
2,854.0000,25.565086
2,855.0000,27.311876
2,856.0000,47.260592
2,857.0000,29.681410
2,858.0000,36.129876
2,859.0000,46.053925
2,860.0000,37.239627
2,861.0000,45.262240
2,862.0000,36.095554
2,863.0000,40.753479
2,864.0000,38.626390
2,865.0000,34.529887
2,866.0000,33.148688
2,867.0000,36.433424
2,868.0000,39.111543
2,869.0000,38.841502
2,870.0000,38.295144
2,871.0000,36.964878
2,872.0000,41.430498
2,873.0000,38.494834
2,874.0000,41.944375
2,875.0000,32.916052
2,876.0000,31.544897
2,877.0000,34.281699
2,878.0000,29.592459
2,879.0000,29.512407
2,880.0000,46.734853
2,881.0000,25.479323
2,882.0000,44.737811
2,883.0000,31.289522
2,884.0000,32.548012
2,885.0000,39.148656
2,886.0000,36.451816
2,887.0000,34.985463
2,888.0000,35.494491
2,889.0000,47.505362
2,890.0000,37.141948
2,891.0000,41.828716
2,892.0000,43.519173
2,893.0000,41.063551
2,894.0000,42.123026
2,895.0000,33.452537
2,896.0000,39.984991
2,897.0000,35.123668
2,898.0000,37.004417
2,899.0000,36.678749
2,900.0000,35.971412
2,901.0000,27.932082
2,902.0000,42.126473
2,903.0000,40.002568
2,904.0000,29.950470
2,905.0000,38.003525
2,906.0000,41.335114
2,907.0000,42.450871
2,908.0000,34.385771
2,909.0000,34.006081
2,910.0000,40.351962
2,911.0000,32.276324
2,912.0000,47.461169
2,913.0000,29.939430
2,914.0000,39.482651
2,915.0000,25.685095
2,916.0000,25.383778
2,917.0000,44.275188
2,918.0000,59.220412
2,919.0000,37.348623
2,920.0000,44.964869
2,921.0000,50.549505
2,922.0000,40.029666
2,923.0000,36.634178
2,924.0000,35.921530
2,925.0000,37.208760
2,926.0000,38.775478
2,927.0000,43.282602
2,928.0000,38.353158
2,929.0000,39.617392
2,930.0000,40.363091
2,931.0000,25.419697
2,932.0000,45.507204
2,933.0000,35.917807
2,934.0000,37.820489
2,935.0000,42.911003
2,936.0000,32.951347
2,937.0000,40.956598
2,938.0000,41.804672
2,939.0000,37.294075
2,940.0000,43.159646
2,941.0000,41.244250
2,942.0000,49.334095
2,943.0000,35.975442
2,944.0000,38.664562
2,945.0000,38.186831
2,946.0000,36.543928
2,947.0000,27.047439
2,948.0000,30.481789
2,949.0000,39.632121
2,950.0000,45.195332
2,951.0000,38.706774
2,952.0000,36.479439
2,953.0000,35.404444
2,954.0000,39.920033
2,955.0000,37.146491
2,956.0000,42.175739
2,957.0000,40.259880
2,958.0000,30.052842
2,959.0000,41.885767
2,960.0000,35.986818
2,961.0000,44.428175
2,962.0000,48.619931
2,963.0000,49.903646
2,964.0000,39.031333
2,965.0000,46.928999
2,966.0000,42.757955
2,967.0000,43.417214
2,968.0000,54.321842
2,969.0000,50.534525
2,970.0000,46.322721
2,971.0000,50.404717
2,972.0000,55.251400
2,973.0000,36.759935
2,974.0000,48.915197
2,975.0000,65.082386
2,976.0000,44.078266
2,977.0000,49.028318
2,978.0000,58.396587
2,979.0000,61.467381
2,980.0000,56.249479
2,981.0000,69.277999
2,982.0000,68.738330
2,983.0000,68.097172
2,984.0000,81.921162
2,985.0000,76.726971
2,986.0000,71.078004
2,987.0000,85.467587
2,988.0000,80.940779
2,989.0000,102.510898
2,990.0000,102.034093
2,991.0000,127.835208
2,992.0000,143.281445
2,993.0000,159.565805
2,994.0000,199.525705
2,995.0000,243.942750
2,996.0000,300.963234
2,997.0000,409.619938
2,998.0000,539.225561
2,999.0000,729.330780
2,1000.0000,929.275441
2,1001.0000,1040.498064
2,1002.0000,949.931037
2,1003.0000,724.575508
2,1004.0000,529.744022
2,1005.0000,402.460446
2,1006.0000,308.538460
2,1007.0000,248.927150
2,1008.0000,201.921963
2,1009.0000,166.800238
2,1010.0000,142.481158
2,1011.0000,128.066929
2,1012.0000,118.266802
2,1013.0000,112.960600
2,1014.0000,103.645604
2,1015.0000,92.058312
2,1016.0000,98.243482
2,1017.0000,90.229979
2,1018.0000,102.952243
2,1019.0000,98.451438
2,1020.0000,92.894368
2,1021.0000,108.818002
2,1022.0000,111.163641
2,1023.0000,133.000421
2,1024.0000,137.761068
2,1025.0000,159.022843
2,1026.0000,180.855948
2,1027.0000,231.040917
2,1028.0000,282.363750
2,1029.0000,364.358902
2,1030.0000,425.812042
2,1031.0000,462.312513
2,1032.0000,433.618934
2,1033.0000,360.121229
2,1034.0000,284.090610
2,1035.0000,217.936755
2,1036.0000,171.556469
2,1037.0000,143.989938
2,1038.0000,127.267097
2,1039.0000,99.531909
2,1040.0000,97.347246
2,1041.0000,86.680733
2,1042.0000,93.985105
2,1043.0000,72.652419
2,1044.0000,64.010724
2,1045.0000,65.879732
2,1046.0000,62.398838
2,1047.0000,54.910908
2,1048.0000,54.555884
2,1049.0000,58.412729
2,1050.0000,49.064254
2,1051.0000,53.403273
2,1052.0000,55.208356
2,1053.0000,60.971448
2,1054.0000,39.200494
2,1055.0000,44.562968
2,1056.0000,52.893162
2,1057.0000,38.545487
2,1058.0000,62.189571
2,1059.0000,56.844766
2,1060.0000,43.666772
2,1061.0000,49.949669
2,1062.0000,52.877716
2,1063.0000,43.961395
2,1064.0000,49.522718
2,1065.0000,45.677616
2,1066.0000,43.220339
2,1067.0000,31.948520
2,1068.0000,46.406331
2,1069.0000,48.464100
2,1070.0000,36.574079
2,1071.0000,33.348874
2,1072.0000,48.848601
2,1073.0000,33.175252
2,1074.0000,37.191787
2,1075.0000,36.427743
2,1076.0000,36.173765
2,1077.0000,35.933822
2,1078.0000,39.765485
2,1079.0000,41.670755
2,1080.0000,40.989956
2,1081.0000,28.062598
2,1082.0000,37.427779
2,1083.0000,36.488021
2,1084.0000,38.436488
2,1085.0000,46.753864
2,1086.0000,38.323271
2,1087.0000,37.812525
2,1088.0000,35.628316
2,1089.0000,35.605750
2,1090.0000,38.002788
2,1091.0000,39.873880
2,1092.0000,45.493275
2,1093.0000,46.287282
2,1094.0000,37.437453
2,1095.0000,36.417323
2,1096.0000,29.832822
2,1097.0000,45.658196
2,1098.0000,49.624725
2,1099.0000,32.003973
2,1100.0000,43.293483
2,1101.0000,36.468014
2,1102.0000,38.654648
2,1103.0000,35.545871
2,1104.0000,43.875100
2,1105.0000,34.333371
2,1106.0000,42.105930
2,1107.0000,48.324955
2,1108.0000,42.131554
2,1109.0000,33.564081
2,1110.0000,40.856714
2,1111.0000,50.278109
2,1112.0000,36.783302
2,1113.0000,41.740687
2,1114.0000,34.865488
2,1115.0000,41.013841
2,1116.0000,40.702586
2,1117.0000,35.511979
2,1118.0000,49.656625
2,1119.0000,44.293156
2,1120.0000,37.255181
2,1121.0000,37.026505
2,1122.0000,55.434900
2,1123.0000,41.422788
2,1124.0000,43.212566
2,1125.0000,43.764115
2,1126.0000,32.617553
2,1127.0000,42.341386
2,1128.0000,39.834459
2,1129.0000,45.756557
2,1130.0000,47.456875
2,1131.0000,41.556640
2,1132.0000,50.294044
2,1133.0000,45.247107
2,1134.0000,50.759749
2,1135.0000,46.240336
2,1136.0000,46.051102
2,1137.0000,44.637578
2,1138.0000,56.901657
2,1139.0000,55.121123
2,1140.0000,55.283804
2,1141.0000,56.190549
2,1142.0000,63.718356
2,1143.0000,50.062566
2,1144.0000,59.784738
2,1145.0000,74.268697
2,1146.0000,76.403414
2,1147.0000,72.593549
2,1148.0000,87.549254
2,1149.0000,91.939438
2,1150.0000,99.757866
2,1151.0000,132.084986
2,1152.0000,142.595650
2,1153.0000,158.130395
2,1154.0000,171.217964
2,1155.0000,174.909194
2,1156.0000,166.876526
2,1157.0000,175.664497
2,1158.0000,139.342716
2,1159.0000,123.059578
2,1160.0000,108.440962
2,1161.0000,96.768485
2,1162.0000,93.009869
2,1163.0000,81.300065
2,1164.0000,73.826450
2,1165.0000,59.416910
2,1166.0000,75.996330
2,1167.0000,66.009257
2,1168.0000,59.419526
2,1169.0000,71.100676
2,1170.0000,61.615299
2,1171.0000,72.097307
2,1172.0000,73.333100
2,1173.0000,75.613706
2,1174.0000,68.383879
2,1175.0000,71.202296
2,1176.0000,81.763533
2,1177.0000,92.505525
2,1178.0000,88.084051
2,1179.0000,99.040591
2,1180.0000,111.624714
2,1181.0000,135.761714
2,1182.0000,151.311279
2,1183.0000,151.813472
2,1184.0000,153.463117
2,1185.0000,136.156967
2,1186.0000,121.487330
2,1187.0000,109.523777
2,1188.0000,101.470467
2,1189.0000,79.616417
2,1190.0000,71.529533
2,1191.0000,66.453674
2,1192.0000,53.607552
2,1193.0000,57.150692
2,1194.0000,66.202286
2,1195.0000,53.346943
2,1196.0000,50.166684
2,1197.0000,43.151097
2,1198.0000,47.681637
2,1199.0000,54.608754
2,1200.0000,47.926620
2,1201.0000,30.967993
2,1202.0000,36.629204
2,1203.0000,43.594426
2,1204.0000,49.231638
2,1205.0000,49.555203
2,1206.0000,47.003647
2,1207.0000,37.863583
2,1208.0000,40.466696
2,1209.0000,33.191249
2,1210.0000,44.186161
2,1211.0000,45.522767
2,1212.0000,38.587975
2,1213.0000,41.862674
2,1214.0000,42.861859
2,1215.0000,41.167605
2,1216.0000,33.011459
2,1217.0000,37.151298
2,1218.0000,38.258776
2,1219.0000,34.383601
2,1220.0000,34.020757
2,1221.0000,34.824366
2,1222.0000,39.725382
2,1223.0000,49.075579
2,1224.0000,31.444495
2,1225.0000,47.862467
2,1226.0000,31.939989
2,1227.0000,38.977861
2,1228.0000,42.610104
2,1229.0000,24.172639
2,1230.0000,40.931378
2,1231.0000,40.313295
2,1232.0000,28.562018
2,1233.0000,45.963575
2,1234.0000,32.091522
2,1235.0000,47.146334
2,1236.0000,47.866377
2,1237.0000,49.108611
2,1238.0000,38.157675
2,1239.0000,37.042802
2,1240.0000,21.914139
2,1241.0000,39.613138
2,1242.0000,36.632053
2,1243.0000,36.039172
2,1244.0000,28.198982
2,1245.0000,39.937968
2,1246.0000,43.318803
2,1247.0000,45.474624
2,1248.0000,27.017421
2,1249.0000,40.067025
2,1250.0000,32.081146
2,1251.0000,41.301862
2,1252.0000,41.499778
2,1253.0000,37.858807
2,1254.0000,27.962034
2,1255.0000,39.186014
2,1256.0000,33.244114
2,1257.0000,40.998977
2,1258.0000,47.508672
2,1259.0000,46.256108
2,1260.0000,38.081305
2,1261.0000,37.022141
2,1262.0000,47.979239
2,1263.0000,33.119871
2,1264.0000,40.531974
2,1265.0000,39.809943
2,1266.0000,29.986788
2,1267.0000,41.245170
2,1268.0000,32.547154
2,1269.0000,31.733890
2,1270.0000,39.683997
2,1271.0000,46.359787
2,1272.0000,41.118527
2,1273.0000,55.745257
2,1274.0000,26.840885
2,1275.0000,36.216810
2,1276.0000,32.453536
2,1277.0000,42.059271
2,1278.0000,31.073964
2,1279.0000,35.316884
2,1280.0000,42.972713
2,1281.0000,34.482548
2,1282.0000,33.834562
2,1283.0000,38.709788
2,1284.0000,36.501896
2,1285.0000,24.893879
2,1286.0000,38.549613
2,1287.0000,50.972778
2,1288.0000,36.540357
2,1289.0000,43.976578
2,1290.0000,40.196488
2,1291.0000,37.799746
2,1292.0000,35.605526
2,1293.0000,38.350221
2,1294.0000,43.333674
2,1295.0000,38.316492
2,1296.0000,46.372672
2,1297.0000,44.467666
2,1298.0000,33.475021
2,1299.0000,41.825149
2,1300.0000,42.252146
2,1301.0000,36.386469
2,1302.0000,33.239708
2,1303.0000,43.738195
2,1304.0000,44.720037
2,1305.0000,51.497963
2,1306.0000,46.032712
2,1307.0000,46.065132
2,1308.0000,28.325536
2,1309.0000,38.742567
2,1310.0000,40.461072
2,1311.0000,32.572328
2,1312.0000,32.528897
2,1313.0000,32.519384
2,1314.0000,37.874078
2,1315.0000,39.376465
2,1316.0000,52.472914
2,1317.0000,25.610162
2,1318.0000,35.665290
2,1319.0000,39.610271
2,1320.0000,34.383484
2,1321.0000,32.524056
2,1322.0000,35.410658
2,1323.0000,39.736374
2,1324.0000,42.415207
2,1325.0000,38.735559
2,1326.0000,35.551138
2,1327.0000,32.916276
2,1328.0000,40.451221
2,1329.0000,35.559196
2,1330.0000,35.910824
2,1331.0000,42.774116
2,1332.0000,47.899260
2,1333.0000,45.962990
2,1334.0000,29.448406
2,1335.0000,34.331615
2,1336.0000,36.373142
2,1337.0000,33.608062
2,1338.0000,33.014645
2,1339.0000,39.891419
2,1340.0000,49.913507
2,1341.0000,44.404866
2,1342.0000,40.897987
2,1343.0000,35.793419
2,1344.0000,35.551515
2,1345.0000,31.989751
2,1346.0000,50.805980
2,1347.0000,46.575111
2,1348.0000,51.813862
2,1349.0000,39.390679
2,1350.0000,42.600005
2,1351.0000,38.065270
2,1352.0000,33.355249
2,1353.0000,39.985322
2,1354.0000,46.847965
2,1355.0000,37.516676
2,1356.0000,45.750374
2,1357.0000,32.032055
2,1358.0000,44.506176
2,1359.0000,45.709427
2,1360.0000,39.332985
2,1361.0000,47.711020
2,1362.0000,33.170952
2,1363.0000,35.256501
2,1364.0000,43.403950
2,1365.0000,37.944934
2,1366.0000,52.352664
2,1367.0000,41.286048
2,1368.0000,40.109613
2,1369.0000,34.411858
2,1370.0000,39.267750
2,1371.0000,33.043021
2,1372.0000,29.929269
2,1373.0000,37.363247
2,1374.0000,40.616493
2,1375.0000,44.499482
2,1376.0000,51.967759
2,1377.0000,41.031407
2,1378.0000,36.962474
2,1379.0000,38.437904
2,1380.0000,39.860396
2,1381.0000,43.431243
2,1382.0000,44.242069
2,1383.0000,35.964223
2,1384.0000,43.080082
2,1385.0000,31.755349
2,1386.0000,46.046270
2,1387.0000,44.053909
2,1388.0000,42.836796
2,1389.0000,41.349249
2,1390.0000,44.178341
2,1391.0000,28.182440
2,1392.0000,37.928685
2,1393.0000,38.849801
2,1394.0000,44.095329
2,1395.0000,34.867561
2,1396.0000,40.927573
2,1397.0000,44.908712
2,1398.0000,39.687125
2,1399.0000,43.296307
2,1400.0000,43.477716
2,1401.0000,35.449892
2,1402.0000,44.896270
2,1403.0000,35.235851
2,1404.0000,40.503393
2,1405.0000,43.821305
2,1406.0000,50.211183
2,1407.0000,39.296653
2,1408.0000,35.034329
2,1409.0000,48.376600
2,1410.0000,46.213517
2,1411.0000,45.406357
2,1412.0000,37.696471
2,1413.0000,38.572566
2,1414.0000,45.579536
2,1415.0000,41.157748
2,1416.0000,44.810125
2,1417.0000,55.566340
2,1418.0000,46.695636
2,1419.0000,45.043649
2,1420.0000,48.017412
2,1421.0000,46.962093
2,1422.0000,51.133810
2,1423.0000,49.546473
2,1424.0000,51.763036
2,1425.0000,48.496116
2,1426.0000,54.625837
2,1427.0000,56.279609
2,1428.0000,51.283968
2,1429.0000,51.078538
2,1430.0000,56.425880
2,1431.0000,61.883594
2,1432.0000,68.560806
2,1433.0000,75.573148
2,1434.0000,73.907157
2,1435.0000,78.567688
2,1436.0000,76.706491
2,1437.0000,82.939992
2,1438.0000,92.794368
2,1439.0000,99.760298
2,1440.0000,98.665337
2,1441.0000,131.765771
2,1442.0000,141.046213
2,1443.0000,155.478609
2,1444.0000,168.700841
2,1445.0000,183.054597
2,1446.0000,195.840196
2,1447.0000,221.370853
2,1448.0000,245.919368
2,1449.0000,258.002548
2,1450.0000,263.156136
2,1451.0000,250.779824
2,1452.0000,231.787995
2,1453.0000,227.619956
2,1454.0000,208.230353
2,1455.0000,178.869015
2,1456.0000,157.627614
2,1457.0000,137.601853
2,1458.0000,131.517572
2,1459.0000,122.787999
2,1460.0000,98.738733
2,1461.0000,94.130425
2,1462.0000,92.363642
2,1463.0000,81.989135
2,1464.0000,78.811665
2,1465.0000,76.182954
2,1466.0000,69.451771
2,1467.0000,74.029451
2,1468.0000,67.328743
2,1469.0000,67.707331
2,1470.0000,64.498769
2,1471.0000,50.350405
2,1472.0000,60.065287
2,1473.0000,62.303885
2,1474.0000,45.338337
2,1475.0000,52.079386
2,1476.0000,57.953774
2,1477.0000,55.624433
2,1478.0000,42.373527
2,1479.0000,47.041398
2,1480.0000,46.393723
2,1481.0000,44.796785
2,1482.0000,40.477741
2,1483.0000,43.943254
2,1484.0000,59.666817
2,1485.0000,44.007773
2,1486.0000,43.693409
2,1487.0000,44.025535
2,1488.0000,61.582211
2,1489.0000,40.299929
2,1490.0000,50.152758
2,1491.0000,40.252589
2,1492.0000,43.042971
2,1493.0000,42.536422
2,1494.0000,49.159576
2,1495.0000,34.343090
2,1496.0000,43.442427
2,1497.0000,48.813964
2,1498.0000,32.579042
2,1499.0000,47.909829
2,1500.0000,36.802786
2,1501.0000,44.240812
2,1502.0000,50.544938
2,1503.0000,48.318708
2,1504.0000,38.228799
2,1505.0000,46.208680
2,1506.0000,43.637794
2,1507.0000,37.900181
2,1508.0000,43.009814
2,1509.0000,38.623160
2,1510.0000,49.094324
2,1511.0000,29.145146
2,1512.0000,42.049338
2,1513.0000,35.108504
2,1514.0000,39.465344
2,1515.0000,36.546994
2,1516.0000,43.176161
2,1517.0000,36.687745
2,1518.0000,48.653024
2,1519.0000,31.020173
2,1520.0000,35.058635
2,1521.0000,55.845532
2,1522.0000,44.507426
2,1523.0000,49.088699
2,1524.0000,38.726446
2,1525.0000,48.441724
2,1526.0000,46.489277
2,1527.0000,47.137276
2,1528.0000,37.661001
2,1529.0000,43.890354
2,1530.0000,44.881629
2,1531.0000,45.466054
2,1532.0000,39.710355
2,1533.0000,38.553921
2,1534.0000,49.015058
2,1535.0000,43.897011
2,1536.0000,42.263325
2,1537.0000,44.448228
2,1538.0000,47.211406
2,1539.0000,48.773110
2,1540.0000,43.355640
2,1541.0000,42.355703
2,1542.0000,37.098293
2,1543.0000,32.686120
2,1544.0000,46.433012
2,1545.0000,47.180203
2,1546.0000,34.370311
2,1547.0000,44.898127
2,1548.0000,48.277769
2,1549.0000,56.387961
2,1550.0000,42.200388
2,1551.0000,41.019392
2,1552.0000,51.466127
2,1553.0000,41.893411
2,1554.0000,34.048270
2,1555.0000,50.988014
2,1556.0000,43.285678
2,1557.0000,53.370618
2,1558.0000,43.135353
2,1559.0000,48.053970
2,1560.0000,44.946423
2,1561.0000,52.610265
2,1562.0000,61.624705
2,1563.0000,56.543249
2,1564.0000,57.748103
2,1565.0000,51.837677
2,1566.0000,67.951998
2,1567.0000,58.878346
2,1568.0000,65.812117
2,1569.0000,74.336334
2,1570.0000,73.763527
2,1571.0000,86.271988
2,1572.0000,83.513045
2,1573.0000,79.300707
2,1574.0000,88.693204
2,1575.0000,111.861330
2,1576.0000,117.363923
2,1577.0000,136.851317
2,1578.0000,154.723148
2,1579.0000,168.384029
2,1580.0000,203.248200
2,1581.0000,231.831754
2,1582.0000,249.975057
2,1583.0000,258.541509
2,1584.0000,257.736122
2,1585.0000,241.136487
2,1586.0000,217.928151
2,1587.0000,202.784975
2,1588.0000,184.594966
2,1589.0000,182.476535
2,1590.0000,157.534582
2,1591.0000,166.444930
2,1592.0000,174.241493
2,1593.0000,182.082486
2,1594.0000,197.629627
2,1595.0000,223.007163
2,1596.0000,245.777906
2,1597.0000,293.033567
2,1598.0000,369.697980
2,1599.0000,440.163954
2,1600.0000,545.884051
2,1601.0000,632.696744
2,1602.0000,668.994080
2,1603.0000,629.542775
2,1604.0000,535.410797
2,1605.0000,442.604355
2,1606.0000,356.965426
2,1607.0000,294.759859
2,1608.0000,228.434394
2,1609.0000,188.223187
2,1610.0000,159.306406
2,1611.0000,144.404083
2,1612.0000,125.466589
2,1613.0000,117.244694
2,1614.0000,102.226642
2,1615.0000,107.605726
2,1616.0000,82.756912
2,1617.0000,83.415011
2,1618.0000,68.947043
2,1619.0000,65.418518
2,1620.0000,71.222284
2,1621.0000,66.483904
2,1622.0000,56.404138
2,1623.0000,70.297453
2,1624.0000,61.106913
2,1625.0000,51.981824
2,1626.0000,48.617124
2,1627.0000,59.326779
2,1628.0000,49.948476
2,1629.0000,50.578798
2,1630.0000,59.493386
2,1631.0000,60.632412
2,1632.0000,41.554966
2,1633.0000,52.210890
2,1634.0000,46.451833
2,1635.0000,51.259656
2,1636.0000,44.834213
2,1637.0000,35.923208
2,1638.0000,44.167801
2,1639.0000,54.577669
2,1640.0000,35.371205
2,1641.0000,38.647114
2,1642.0000,42.943779
2,1643.0000,44.174293
2,1644.0000,33.230380
2,1645.0000,38.855793
2,1646.0000,51.657596
2,1647.0000,43.005968
2,1648.0000,47.458123
2,1649.0000,49.087289
2,1650.0000,40.031336
2,1651.0000,41.326741
2,1652.0000,47.738233
2,1653.0000,43.083681
2,1654.0000,40.756574
2,1655.0000,36.642712
2,1656.0000,49.797104
2,1657.0000,39.241248
2,1658.0000,38.488688
2,1659.0000,49.195835
2,1660.0000,38.023238
2,1661.0000,42.638043
2,1662.0000,30.993879
2,1663.0000,32.470191
2,1664.0000,34.504581
2,1665.0000,43.347109
2,1666.0000,35.710536
2,1667.0000,33.996371
2,1668.0000,49.916592
2,1669.0000,41.619414
2,1670.0000,32.625625
2,1671.0000,41.707428
2,1672.0000,32.158936
2,1673.0000,47.183981
2,1674.0000,40.113301
2,1675.0000,40.140939
2,1676.0000,31.362142
2,1677.0000,40.678547
2,1678.0000,37.636903
2,1679.0000,42.858996
2,1680.0000,30.123380
2,1681.0000,42.922876
2,1682.0000,50.321089
2,1683.0000,33.873734
2,1684.0000,43.913009
2,1685.0000,38.233702
2,1686.0000,33.604330
2,1687.0000,32.930359
2,1688.0000,40.826951
2,1689.0000,35.235411
2,1690.0000,47.291629
2,1691.0000,43.708317
2,1692.0000,39.484550
2,1693.0000,33.580525
2,1694.0000,35.680619
2,1695.0000,43.063595
2,1696.0000,35.582868
2,1697.0000,41.704703
2,1698.0000,37.519275
2,1699.0000,30.763395
2,1700.0000,45.482022
2,1701.0000,41.750476
2,1702.0000,34.292715
2,1703.0000,45.323004
2,1704.0000,38.197728
2,1705.0000,31.704813
2,1706.0000,32.810810
2,1707.0000,40.020221
2,1708.0000,36.421775
2,1709.0000,42.459871
2,1710.0000,34.616179
2,1711.0000,27.472000
2,1712.0000,39.703826
2,1713.0000,41.396066
2,1714.0000,33.205990
2,1715.0000,45.943752
2,1716.0000,36.666935
2,1717.0000,40.267816
2,1718.0000,35.102913
2,1719.0000,34.175845
2,1720.0000,43.694927
2,1721.0000,36.947048
2,1722.0000,39.982415
2,1723.0000,36.336676
2,1724.0000,32.960604
2,1725.0000,23.436685
2,1726.0000,34.065437
2,1727.0000,39.361259
2,1728.0000,40.094662
2,1729.0000,46.115216
2,1730.0000,41.361572
2,1731.0000,32.471033
2,1732.0000,43.673228
2,1733.0000,40.938513
2,1734.0000,29.264607
2,1735.0000,35.067158
2,1736.0000,38.671425
2,1737.0000,36.401548
2,1738.0000,44.912376
2,1739.0000,32.193691
2,1740.0000,41.057219
2,1741.0000,31.210499
2,1742.0000,58.461233
2,1743.0000,37.433793
2,1744.0000,33.141661
2,1745.0000,25.486508
2,1746.0000,35.828078
2,1747.0000,34.121948
2,1748.0000,32.187636
2,1749.0000,26.940720
2,1750.0000,27.938660
2,1751.0000,27.868400
2,1752.0000,35.190068
2,1753.0000,45.050649
2,1754.0000,29.854505
2,1755.0000,38.373870
2,1756.0000,28.992875
2,1757.0000,28.913476
2,1758.0000,33.741963
2,1759.0000,34.018463
2,1760.0000,39.272381
2,1761.0000,36.789577
2,1762.0000,36.143289
2,1763.0000,36.342835
2,1764.0000,40.044148
2,1765.0000,38.570846
2,1766.0000,44.587097
2,1767.0000,39.337652
2,1768.0000,42.356561
2,1769.0000,42.738391
2,1770.0000,34.967425
2,1771.0000,42.517362
2,1772.0000,41.591311
2,1773.0000,36.219348
2,1774.0000,46.221445
2,1775.0000,39.853133
2,1776.0000,44.736984
2,1777.0000,36.242957
2,1778.0000,24.690138
2,1779.0000,40.021127
2,1780.0000,45.337765
2,1781.0000,43.299001
2,1782.0000,37.600862
2,1783.0000,43.004818
2,1784.0000,36.389805
2,1785.0000,37.596514
2,1786.0000,43.588639
2,1787.0000,32.667892
2,1788.0000,36.660309
2,1789.0000,43.437934
2,1790.0000,33.296328
2,1791.0000,43.763472
2,1792.0000,37.110904
2,1793.0000,42.997060
2,1794.0000,44.051348
2,1795.0000,38.527582
2,1796.0000,25.399989
2,1797.0000,28.021671
2,1798.0000,27.751572
2,1799.0000,37.487033
2,1800.0000,32.016310
2,1801.0000,31.325957
2,1802.0000,41.043359
2,1803.0000,34.220641
2,1804.0000,38.770054
2,1805.0000,50.194145
2,1806.0000,25.419966
2,1807.0000,32.225402
2,1808.0000,44.838642
2,1809.0000,27.403959
2,1810.0000,42.200546
2,1811.0000,43.111233
2,1812.0000,39.636418
2,1813.0000,45.735159
2,1814.0000,40.073642
2,1815.0000,40.598268
2,1816.0000,34.480461
2,1817.0000,43.111083
2,1818.0000,50.737313
2,1819.0000,36.779089
2,1820.0000,33.872305
2,1821.0000,46.579483
2,1822.0000,31.496445
2,1823.0000,26.618967
2,1824.0000,45.412248
2,1825.0000,47.694961
2,1826.0000,34.948196
2,1827.0000,38.445155
2,1828.0000,30.814345
2,1829.0000,37.651215
2,1830.0000,33.432261
2,1831.0000,36.876505
2,1832.0000,49.460928
2,1833.0000,38.909969
2,1834.0000,33.667477
2,1835.0000,33.430917
2,1836.0000,34.493089
2,1837.0000,46.267114
2,1838.0000,41.189221
2,1839.0000,31.544352
2,1840.0000,45.790813
2,1841.0000,38.655535
2,1842.0000,31.240793
2,1843.0000,40.941931
2,1844.0000,40.652275
2,1845.0000,42.256798
2,1846.0000,45.631966
2,1847.0000,29.134519
2,1848.0000,32.056392
2,1849.0000,40.964353
2,1850.0000,32.599991
2,1851.0000,29.489738
2,1852.0000,36.854370
2,1853.0000,31.071804
2,1854.0000,34.950160
2,1855.0000,28.719716
2,1856.0000,39.121877
2,1857.0000,34.697350
2,1858.0000,42.290185
2,1859.0000,37.499130
2,1860.0000,35.255084
2,1861.0000,33.323108
2,1862.0000,27.889303
2,1863.0000,38.225131
2,1864.0000,39.395041
2,1865.0000,30.866547
2,1866.0000,36.868476
2,1867.0000,47.478621
2,1868.0000,28.410670
2,1869.0000,41.962520
2,1870.0000,47.125224
2,1871.0000,33.525545
2,1872.0000,30.895905
2,1873.0000,47.496634
2,1874.0000,28.002172
2,1875.0000,37.460881
2,1876.0000,37.705847
2,1877.0000,41.693243
2,1878.0000,31.754518
2,1879.0000,39.376509
2,1880.0000,39.204110
2,1881.0000,29.785198
2,1882.0000,33.138501
2,1883.0000,50.288896
2,1884.0000,36.956243
2,1885.0000,33.582976
2,1886.0000,36.545945
2,1887.0000,39.368591
2,1888.0000,32.012686
2,1889.0000,42.207983
2,1890.0000,44.968164
2,1891.0000,40.495376
2,1892.0000,39.414473
2,1893.0000,33.828557
2,1894.0000,38.686675
2,1895.0000,28.086692
2,1896.0000,50.955972
2,1897.0000,39.322151
2,1898.0000,34.006068
2,1899.0000,33.479648
2,1900.0000,36.941707
2,1901.0000,26.937046
2,1902.0000,42.227746
2,1903.0000,41.146605
2,1904.0000,41.701845
2,1905.0000,37.301370
2,1906.0000,44.637455
2,1907.0000,42.664259
2,1908.0000,37.671092
2,1909.0000,38.486422
2,1910.0000,31.241960
2,1911.0000,47.481831
2,1912.0000,38.187052
2,1913.0000,34.816865
2,1914.0000,37.222550
2,1915.0000,37.353271
2,1916.0000,42.544494
2,1917.0000,33.978281
2,1918.0000,45.602890
2,1919.0000,42.360594
2,1920.0000,37.672422
2,1921.0000,40.366720
2,1922.0000,32.819614
2,1923.0000,25.817883
2,1924.0000,32.796508
2,1925.0000,33.374297
2,1926.0000,36.781834
2,1927.0000,48.598450
2,1928.0000,44.848197
2,1929.0000,36.325207
2,1930.0000,39.145169
2,1931.0000,36.210910
2,1932.0000,42.214663
2,1933.0000,41.841103
2,1934.0000,35.285430
2,1935.0000,38.832582
2,1936.0000,38.902503
2,1937.0000,38.234177
2,1938.0000,33.856680
2,1939.0000,36.646930
2,1940.0000,44.905313
2,1941.0000,49.567260
2,1942.0000,30.635305
2,1943.0000,41.016827
2,1944.0000,35.519273
2,1945.0000,26.660566
2,1946.0000,34.284335
2,1947.0000,37.313850
2,1948.0000,37.006820
2,1949.0000,51.588557
2,1950.0000,39.185409
2,1951.0000,36.078281
2,1952.0000,35.670630
2,1953.0000,33.005359
2,1954.0000,40.269622
2,1955.0000,38.193385
2,1956.0000,44.337861
2,1957.0000,39.420582
2,1958.0000,34.048967
2,1959.0000,25.490800
2,1960.0000,31.372441
2,1961.0000,19.537415
2,1962.0000,35.227470
2,1963.0000,30.859577
2,1964.0000,31.739082
2,1965.0000,36.169039
2,1966.0000,40.807155
2,1967.0000,39.140660
2,1968.0000,40.169045
2,1969.0000,33.036339
2,1970.0000,32.691725
2,1971.0000,26.057481
2,1972.0000,40.615039
2,1973.0000,31.955841
2,1974.0000,28.227762
2,1975.0000,33.490257
2,1976.0000,44.506826
2,1977.0000,39.015560
2,1978.0000,34.027803
2,1979.0000,28.533444
2,1980.0000,41.450714
2,1981.0000,38.094350
2,1982.0000,41.025449
2,1983.0000,26.827891
2,1984.0000,39.411956
2,1985.0000,35.427937
2,1986.0000,42.652899
2,1987.0000,36.626873
2,1988.0000,24.485295
2,1989.0000,28.352747
2,1990.0000,38.189957
2,1991.0000,40.132427
2,1992.0000,32.238331
2,1993.0000,38.240921
2,1994.0000,43.580677
2,1995.0000,22.855299
2,1996.0000,36.453473
2,1997.0000,36.918358
2,1998.0000,33.283837
2,1999.0000,46.950826
2,2000.0000,33.087096
3,200.0000,54.539452
3,201.0000,50.681067
3,202.0000,61.188299
3,203.0000,49.377689
3,204.0000,43.721127
3,205.0000,58.661038
3,206.0000,55.802659
3,207.0000,52.879307
3,208.0000,48.941854
3,209.0000,55.874481
3,210.0000,54.260393
3,211.0000,70.146158
3,212.0000,55.109549
3,213.0000,48.249063
3,214.0000,60.678285
3,215.0000,57.249989
3,216.0000,50.666540
3,217.0000,57.626621
3,218.0000,49.146615
3,219.0000,50.293128
3,220.0000,49.206059
3,221.0000,59.188871
3,222.0000,57.297533
3,223.0000,48.934241
3,224.0000,45.613424
3,225.0000,57.874908
3,226.0000,50.287127
3,227.0000,56.265564
3,228.0000,51.585913
3,229.0000,63.004897
3,230.0000,56.615095
3,231.0000,49.982740
3,232.0000,57.024251
3,233.0000,51.949410
3,234.0000,54.057218
3,235.0000,43.881716
3,236.0000,51.531082
3,237.0000,56.900252
3,238.0000,51.078330
3,239.0000,50.489012
3,240.0000,46.406335
3,241.0000,53.637147
3,242.0000,51.431007
3,243.0000,51.939754
3,244.0000,69.836997
3,245.0000,54.868689
3,246.0000,57.632952
3,247.0000,53.540919
3,248.0000,57.134072
3,249.0000,60.849743
3,250.0000,55.512974
3,251.0000,61.862737
3,252.0000,60.397776
3,253.0000,60.671506
3,254.0000,44.725036
3,255.0000,50.949317
3,256.0000,36.616881
3,257.0000,54.779709
3,258.0000,49.561828
3,259.0000,54.303539
3,260.0000,51.199717
3,261.0000,52.762851
3,262.0000,64.344735
3,263.0000,45.713885
3,264.0000,43.456603
3,265.0000,48.313810
3,266.0000,46.330204
3,267.0000,55.366849
3,268.0000,66.246072
3,269.0000,49.174540
3,270.0000,45.449249
3,271.0000,58.214434
3,272.0000,54.214027
3,273.0000,59.209168
3,274.0000,56.538165
3,275.0000,43.573012
3,276.0000,50.785619
3,277.0000,54.945874
3,278.0000,54.364731
3,279.0000,49.343700
3,280.0000,55.090236
3,281.0000,52.634878
3,282.0000,57.402995
3,283.0000,65.748905
3,284.0000,52.869063
3,285.0000,50.446991
3,286.0000,54.014484
3,287.0000,48.968110
3,288.0000,51.919842
3,289.0000,59.658646
3,290.0000,56.268337
3,291.0000,58.240588
3,292.0000,46.298265
3,293.0000,46.587405
3,294.0000,51.070137
3,295.0000,56.549604
3,296.0000,60.511750
3,297.0000,58.452082
3,298.0000,52.592744
3,299.0000,53.186251
3,300.0000,49.876364
3,301.0000,51.054366
3,302.0000,46.794116
3,303.0000,53.248007
3,304.0000,53.838688
3,305.0000,44.144918
3,306.0000,53.367871
3,307.0000,53.754788
3,308.0000,54.498759
3,309.0000,59.137382
3,310.0000,47.833922
3,311.0000,52.381332
3,312.0000,54.573518
3,313.0000,55.564286
3,314.0000,55.828042
3,315.0000,57.634657
3,316.0000,38.586518
3,317.0000,55.580561
3,318.0000,56.637173
3,319.0000,55.867387
3,320.0000,54.133536
3,321.0000,46.962394
3,322.0000,50.898991
3,323.0000,58.302803
3,324.0000,54.165670
3,325.0000,55.758292
3,326.0000,58.852530
3,327.0000,57.613505
3,328.0000,62.244768
3,329.0000,53.722226
3,330.0000,44.166458
3,331.0000,52.654484
3,332.0000,48.082953
3,333.0000,43.746773
3,334.0000,50.604277
3,335.0000,53.182787
3,336.0000,60.755879
3,337.0000,62.832118
3,338.0000,68.451440
3,339.0000,61.012380
3,340.0000,51.299982
3,341.0000,64.142946
3,342.0000,55.363960
3,343.0000,61.010528
3,344.0000,56.561446
3,345.0000,65.238286
3,346.0000,54.925107
3,347.0000,54.779308
3,348.0000,50.068889
3,349.0000,47.144781
3,350.0000,56.536864
3,351.0000,54.771989
3,352.0000,52.706146
3,353.0000,47.407008
3,354.0000,55.461170
3,355.0000,60.301453
3,356.0000,67.583132
3,357.0000,48.925162
3,358.0000,52.742418
3,359.0000,49.690058
3,360.0000,58.209376
3,361.0000,58.487071
3,362.0000,67.556061
3,363.0000,49.086742
3,364.0000,55.640724
3,365.0000,37.280911
3,366.0000,60.179516
3,367.0000,50.507251
3,368.0000,47.680230
3,369.0000,60.400842
3,370.0000,53.999920
3,371.0000,52.900997
3,372.0000,53.359689
3,373.0000,49.899986
3,374.0000,58.759765
3,375.0000,59.541743
3,376.0000,41.926276
3,377.0000,62.644498
3,378.0000,46.037171
3,379.0000,50.329772
3,380.0000,51.202038
3,381.0000,57.894391
3,382.0000,47.950979
3,383.0000,50.833453
3,384.0000,57.047629
3,385.0000,55.549103
3,386.0000,51.421120
3,387.0000,54.931898
3,388.0000,47.325877
3,389.0000,55.902931
3,390.0000,56.594375
3,391.0000,59.151146
3,392.0000,51.513231
3,393.0000,59.273520
3,394.0000,60.569756
3,395.0000,62.126529
3,396.0000,38.969230
3,397.0000,49.803129
3,398.0000,50.094016
3,399.0000,50.633143
3,400.0000,54.716590
3,401.0000,47.245705
3,402.0000,59.521948
3,403.0000,54.055258
3,404.0000,51.781546
3,405.0000,58.422336
3,406.0000,43.899608
3,407.0000,53.264791
3,408.0000,58.061052
3,409.0000,55.660984
3,410.0000,48.520755
3,411.0000,56.262186
3,412.0000,42.599392
3,413.0000,58.993400
3,414.0000,57.259445
3,415.0000,59.999455
3,416.0000,55.250189
3,417.0000,52.434406
3,418.0000,52.019395
3,419.0000,58.271641
3,420.0000,48.379763
3,421.0000,61.623627
3,422.0000,51.847085
3,423.0000,51.776649
3,424.0000,53.777188
3,425.0000,49.978169
3,426.0000,55.140703
3,427.0000,45.931052
3,428.0000,54.302063
3,429.0000,46.180962
3,430.0000,48.097672
3,431.0000,77.661141
3,432.0000,50.843230
3,433.0000,60.468507
3,434.0000,56.207776
3,435.0000,50.573534
3,436.0000,58.001415
3,437.0000,56.990261
3,438.0000,45.491833
3,439.0000,50.763616
3,440.0000,56.341270
3,441.0000,47.287062
3,442.0000,47.785722
3,443.0000,63.768002
3,444.0000,56.938203
3,445.0000,59.920976
3,446.0000,55.727109
3,447.0000,49.707536
3,448.0000,51.302562
3,449.0000,53.056365
3,450.0000,60.401971
3,451.0000,52.879898
3,452.0000,51.591293
3,453.0000,48.879214
3,454.0000,51.164361
3,455.0000,66.986968
3,456.0000,55.307986
3,457.0000,59.782001
3,458.0000,51.128754
3,459.0000,56.978930
3,460.0000,57.999549
3,461.0000,59.122351
3,462.0000,49.695180
3,463.0000,57.101303
3,464.0000,57.474147
3,465.0000,60.372309
3,466.0000,44.311703
3,467.0000,49.834745
3,468.0000,42.308763
3,469.0000,47.035636
3,470.0000,47.264065
3,471.0000,50.195746
3,472.0000,54.318289
3,473.0000,57.626593
3,474.0000,54.251412
3,475.0000,53.685457
3,476.0000,60.528208
3,477.0000,56.358706
3,478.0000,57.939361
3,479.0000,55.180954
3,480.0000,53.849550
3,481.0000,60.288674
3,482.0000,57.254998
3,483.0000,49.827527
3,484.0000,68.365531
3,485.0000,53.766231
3,486.0000,54.774066
3,487.0000,44.864169
3,488.0000,47.638770
3,489.0000,60.124386
3,490.0000,49.927251
3,491.0000,53.625863
3,492.0000,52.612785
3,493.0000,55.051084
3,494.0000,44.012635
3,495.0000,55.104220
3,496.0000,61.533702
3,497.0000,49.093272
3,498.0000,57.323846
3,499.0000,56.664999
3,500.0000,52.308156
3,501.0000,59.636620
3,502.0000,46.849098
3,503.0000,57.361809
3,504.0000,53.595657
3,505.0000,53.780496
3,506.0000,53.406811
3,507.0000,57.998592
3,508.0000,49.535844
3,509.0000,43.947871
3,510.0000,44.305828
3,511.0000,65.847257
3,512.0000,55.170655
3,513.0000,45.986813
3,514.0000,61.143796
3,515.0000,55.218982
3,516.0000,58.732715
3,517.0000,57.901687
3,518.0000,56.401863
3,519.0000,55.687234
3,520.0000,39.328562
3,521.0000,56.204165
3,522.0000,57.499704
3,523.0000,58.612077
3,524.0000,48.917923
3,525.0000,61.236249
3,526.0000,72.560022
3,527.0000,55.279626
3,528.0000,55.976697
3,529.0000,52.329066
3,530.0000,56.655247
3,531.0000,57.567074
3,532.0000,56.937051
3,533.0000,48.306803
3,534.0000,44.233185
3,535.0000,55.720872
3,536.0000,52.840202
3,537.0000,45.537800
3,538.0000,61.406003
3,539.0000,53.842458
3,540.0000,51.804557
3,541.0000,57.620813
3,542.0000,52.842581
3,543.0000,59.459552
3,544.0000,50.929357
3,545.0000,50.578079
3,546.0000,41.696628
3,547.0000,54.026458
3,548.0000,62.216234
3,549.0000,54.375636
3,550.0000,59.684516
3,551.0000,51.987175
3,552.0000,65.869807
3,553.0000,58.011379
3,554.0000,59.293589
3,555.0000,63.716622
3,556.0000,52.804790
3,557.0000,64.867801
3,558.0000,62.278234
3,559.0000,47.344301
3,560.0000,55.088678
3,561.0000,62.659216
3,562.0000,54.794598
3,563.0000,66.656519
3,564.0000,55.564177
3,565.0000,54.901860
3,566.0000,64.211268
3,567.0000,45.756254
3,568.0000,50.824611
3,569.0000,49.312151
3,570.0000,58.856121
3,571.0000,60.006862
3,572.0000,52.033175
3,573.0000,56.322591
3,574.0000,52.835982
3,575.0000,62.370918
3,576.0000,54.605910
3,577.0000,56.365094
3,578.0000,58.285765
3,579.0000,52.073270
3,580.0000,52.626769
3,581.0000,53.043273
3,582.0000,59.035957
3,583.0000,53.948001
3,584.0000,40.642949
3,585.0000,56.916134
3,586.0000,56.093327
3,587.0000,52.949006
3,588.0000,55.064704
3,589.0000,64.350045
3,590.0000,52.936558
3,591.0000,70.755216
3,592.0000,62.355576
3,593.0000,62.085473
3,594.0000,53.159709
3,595.0000,48.124728
3,596.0000,67.971862
3,597.0000,68.254159
3,598.0000,57.373139
3,599.0000,70.084804
3,600.0000,65.914858
3,601.0000,70.399089
3,602.0000,60.200369
3,603.0000,70.989178
3,604.0000,72.585023
3,605.0000,65.872988
3,606.0000,68.805762
3,607.0000,71.510533
3,608.0000,75.108510
3,609.0000,79.368075
3,610.0000,92.856882
3,611.0000,92.510119
3,612.0000,83.508478
3,613.0000,103.795403
3,614.0000,118.225259
3,615.0000,130.669369
3,616.0000,156.886985
3,617.0000,183.064274
3,618.0000,206.375374
3,619.0000,229.902418
3,620.0000,238.659148
3,621.0000,229.156815
3,622.0000,212.220322
3,623.0000,171.553313
3,624.0000,153.031812
3,625.0000,123.665773
3,626.0000,115.721328
3,627.0000,105.836814
3,628.0000,96.749329
3,629.0000,94.482228
3,630.0000,87.950658
3,631.0000,95.584188
3,632.0000,73.249707
3,633.0000,85.568755
3,634.0000,71.052572
3,635.0000,64.155315
3,636.0000,69.275459
3,637.0000,72.539664
3,638.0000,69.068702
3,639.0000,66.736406
3,640.0000,49.642872
3,641.0000,66.259231
3,642.0000,58.035689
3,643.0000,68.258206
3,644.0000,64.265868
3,645.0000,51.935687
3,646.0000,55.416717
3,647.0000,64.939468
3,648.0000,53.671903
3,649.0000,48.904667
3,650.0000,53.383143
3,651.0000,59.570154
3,652.0000,54.320980
3,653.0000,61.907577
3,654.0000,59.136209
3,655.0000,61.876183
3,656.0000,59.595992
3,657.0000,62.576714
3,658.0000,45.365089
3,659.0000,58.548497
3,660.0000,60.490073
3,661.0000,57.779245
3,662.0000,49.967096
3,663.0000,53.053153
3,664.0000,53.529220
3,665.0000,55.280785
3,666.0000,53.679366
3,667.0000,61.597906
3,668.0000,62.442243
3,669.0000,63.749313
3,670.0000,62.458177
3,671.0000,47.831227
3,672.0000,59.288501
3,673.0000,50.423818
3,674.0000,50.988784
3,675.0000,59.274010
3,676.0000,52.829617
3,677.0000,59.439846
3,678.0000,53.693054
3,679.0000,48.856098
3,680.0000,55.014901
3,681.0000,50.725459
3,682.0000,57.469873
3,683.0000,56.710409
3,684.0000,54.932852
3,685.0000,57.293964
3,686.0000,60.022338
3,687.0000,58.699197
3,688.0000,43.300110
3,689.0000,51.846325
3,690.0000,61.234395
3,691.0000,53.374561
3,692.0000,64.642784
3,693.0000,55.830024
3,694.0000,43.285174
3,695.0000,57.924387
3,696.0000,56.423103
3,697.0000,56.323654
3,698.0000,52.189710
3,699.0000,45.921899
3,700.0000,38.714010
3,701.0000,52.899962
3,702.0000,56.329225
3,703.0000,51.656554
3,704.0000,48.562438
3,705.0000,53.070245
3,706.0000,49.921280
3,707.0000,61.159867
3,708.0000,42.480496
3,709.0000,55.663142
3,710.0000,61.445467
3,711.0000,61.772090
3,712.0000,51.818879
3,713.0000,66.487090
3,714.0000,60.240966
3,715.0000,67.246169
3,716.0000,54.110879
3,717.0000,53.965050
3,718.0000,61.159581
3,719.0000,43.559496
3,720.0000,55.422053
3,721.0000,48.428144
3,722.0000,69.534526
3,723.0000,60.876812
3,724.0000,59.137948
3,725.0000,54.144904
3,726.0000,52.864009
3,727.0000,61.353935
3,728.0000,53.832332
3,729.0000,60.464775
3,730.0000,58.555380
3,731.0000,55.945444
3,732.0000,51.308035
3,733.0000,51.327789
3,734.0000,53.397063
3,735.0000,56.945752
3,736.0000,62.892001
3,737.0000,58.922883
3,738.0000,65.480490
3,739.0000,70.936075
3,740.0000,41.134798
3,741.0000,60.957622
3,742.0000,51.725542
3,743.0000,63.122650
3,744.0000,61.450076
3,745.0000,49.609645
3,746.0000,61.163283
3,747.0000,58.585751
3,748.0000,59.032270
3,749.0000,58.168836
3,750.0000,55.523880
3,751.0000,62.834221
3,752.0000,57.889930
3,753.0000,57.891870
3,754.0000,55.840282
3,755.0000,52.130975
3,756.0000,59.420371
3,757.0000,49.961599
3,758.0000,56.645754
3,759.0000,48.630830
3,760.0000,56.691218
3,761.0000,68.516218
3,762.0000,57.677918
3,763.0000,58.056431
3,764.0000,70.894683
3,765.0000,60.584393
3,766.0000,51.304662
3,767.0000,48.776497
3,768.0000,63.635368
3,769.0000,59.056554
3,770.0000,64.705353
3,771.0000,51.860180
3,772.0000,63.625827
3,773.0000,63.320446
3,774.0000,63.734727
3,775.0000,59.413758
3,776.0000,61.742419
3,777.0000,57.016015
3,778.0000,63.950387
3,779.0000,64.262393
3,780.0000,56.896451
3,781.0000,64.061034
3,782.0000,62.987783
3,783.0000,68.706865
3,784.0000,72.020783
3,785.0000,82.751409
3,786.0000,84.063009
3,787.0000,84.813387
3,788.0000,105.986578
3,789.0000,104.387340
3,790.0000,103.212564
3,791.0000,112.997773
3,792.0000,129.430440
3,793.0000,141.910891
3,794.0000,153.039837
3,795.0000,148.906627
3,796.0000,157.459695
3,797.0000,132.615561
3,798.0000,138.573766
3,799.0000,123.221928
3,800.0000,129.467306
3,801.0000,112.511497
3,802.0000,97.843794
3,803.0000,94.533924
3,804.0000,91.279938
3,805.0000,81.976265
3,806.0000,82.666557
3,807.0000,73.055985
3,808.0000,62.574884
3,809.0000,77.212552
3,810.0000,66.935274
3,811.0000,57.888951
3,812.0000,53.469140
3,813.0000,48.937914
3,814.0000,67.690165
3,815.0000,61.034958
3,816.0000,69.544889
3,817.0000,55.206226
3,818.0000,51.190152
3,819.0000,63.654018
3,820.0000,67.000055
3,821.0000,60.601411
3,822.0000,68.175465
3,823.0000,61.181716
3,824.0000,47.918281
3,825.0000,60.563779
3,826.0000,47.225851
3,827.0000,58.880565
3,828.0000,55.245067
3,829.0000,48.279372
3,830.0000,56.632318
3,831.0000,50.837314
3,832.0000,48.689746
3,833.0000,57.730712
3,834.0000,45.865629
3,835.0000,67.583981
3,836.0000,58.209816
3,837.0000,51.618324
3,838.0000,61.907135
3,839.0000,51.308117
3,840.0000,60.012828
3,841.0000,65.429057
3,842.0000,46.559220
3,843.0000,63.930443
3,844.0000,48.023436
3,845.0000,50.516621
3,846.0000,53.842680
3,847.0000,50.750807
3,848.0000,58.611832
3,849.0000,58.768392
3,850.0000,51.786120
3,851.0000,54.755012
3,852.0000,46.645700
3,853.0000,58.856084
3,854.0000,58.013561
3,855.0000,57.083230
3,856.0000,53.575601
3,857.0000,54.702010
3,858.0000,67.596482
3,859.0000,50.223596
3,860.0000,52.283337
3,861.0000,56.049133
3,862.0000,47.150500
3,863.0000,52.923572
3,864.0000,57.760274
3,865.0000,49.612085
3,866.0000,62.088012
3,867.0000,39.421404
3,868.0000,61.661345
3,869.0000,56.041767
3,870.0000,58.330377
3,871.0000,66.403583
3,872.0000,55.339288
3,873.0000,60.085271
3,874.0000,61.922932
3,875.0000,60.030722
3,876.0000,51.472603
3,877.0000,50.091545
3,878.0000,62.886088
3,879.0000,51.403352
3,880.0000,56.036990
3,881.0000,57.872434
3,882.0000,56.981322
3,883.0000,55.220127
3,884.0000,54.938842
3,885.0000,46.067646
3,886.0000,63.123697
3,887.0000,56.859287
3,888.0000,54.322497
3,889.0000,56.910414
3,890.0000,56.076608
3,891.0000,64.903182
3,892.0000,55.934216
3,893.0000,48.038257
3,894.0000,49.454562
3,895.0000,49.220037
3,896.0000,57.628640
3,897.0000,56.257249
3,898.0000,52.260838
3,899.0000,61.978431
3,900.0000,63.255972
3,901.0000,50.171761
3,902.0000,53.755673
3,903.0000,49.410769
3,904.0000,56.302574
3,905.0000,58.204669
3,906.0000,57.052164
3,907.0000,63.122786
3,908.0000,58.181357
3,909.0000,44.819945
3,910.0000,56.082859
3,911.0000,56.192931
3,912.0000,54.891832
3,913.0000,67.692473
3,914.0000,57.207082
3,915.0000,59.263478
3,916.0000,62.317384
3,917.0000,65.675593
3,918.0000,58.347160
3,919.0000,61.209124
3,920.0000,55.868650
3,921.0000,58.287888
3,922.0000,62.367795
3,923.0000,56.350328
3,924.0000,59.916461
3,925.0000,64.874987
3,926.0000,51.775222
3,927.0000,61.288169
3,928.0000,64.135621
3,929.0000,55.684569
3,930.0000,60.303344
3,931.0000,49.622470
3,932.0000,49.726011
3,933.0000,70.850228
3,934.0000,39.837591
3,935.0000,59.019961
3,936.0000,50.313425
3,937.0000,76.349052
3,938.0000,53.149398
3,939.0000,48.237063
3,940.0000,54.336672
3,941.0000,68.818684
3,942.0000,58.057008
3,943.0000,49.916573
3,944.0000,59.030203
3,945.0000,54.735216
3,946.0000,64.686479
3,947.0000,57.544711
3,948.0000,66.956429
3,949.0000,59.907481
3,950.0000,54.293295
3,951.0000,61.208209
3,952.0000,55.715059
3,953.0000,55.763661
3,954.0000,65.526777
3,955.0000,53.468799
3,956.0000,60.437273
3,957.0000,64.531952
3,958.0000,61.157863
3,959.0000,63.889405
3,960.0000,59.259948
3,961.0000,53.890881
3,962.0000,63.859748
3,963.0000,61.372806
3,964.0000,74.506809
3,965.0000,55.050163
3,966.0000,59.965393
3,967.0000,66.850438
3,968.0000,61.411569
3,969.0000,66.172325
3,970.0000,71.780664
3,971.0000,72.744373
3,972.0000,65.920956
3,973.0000,65.319968
3,974.0000,71.541724
3,975.0000,71.922070
3,976.0000,75.652319
3,977.0000,66.833966
3,978.0000,61.876002
3,979.0000,85.675828
3,980.0000,79.448403
3,981.0000,75.466008
3,982.0000,81.824752
3,983.0000,81.597283
3,984.0000,77.258034
3,985.0000,89.432182
3,986.0000,94.618475
3,987.0000,103.602332
3,988.0000,110.942274
3,989.0000,113.085250
3,990.0000,126.003741
3,991.0000,147.584836
3,992.0000,157.680181
3,993.0000,183.786766
3,994.0000,208.140084
3,995.0000,247.225714
3,996.0000,320.766863
3,997.0000,407.476851
3,998.0000,550.024673
3,999.0000,752.719308
3,1000.0000,954.199159
3,1001.0000,1048.381529
3,1002.0000,963.487456
3,1003.0000,754.130631
3,1004.0000,554.049408
3,1005.0000,429.976243
3,1006.0000,319.074476
3,1007.0000,262.515593
3,1008.0000,208.837992
3,1009.0000,175.930345
3,1010.0000,169.483755
3,1011.0000,143.828244
3,1012.0000,137.456847
3,1013.0000,134.764203
3,1014.0000,137.344466
3,1015.0000,115.180376
3,1016.0000,112.747859
3,1017.0000,109.574662
3,1018.0000,112.153750
3,1019.0000,113.741936
3,1020.0000,124.550514
3,1021.0000,137.019189
3,1022.0000,135.676209
3,1023.0000,138.857055
3,1024.0000,158.461846
3,1025.0000,174.911866
3,1026.0000,203.160386
3,1027.0000,250.786819
3,1028.0000,302.987737
3,1029.0000,377.916302
3,1030.0000,450.266883
3,1031.0000,478.653323
3,1032.0000,451.791408
3,1033.0000,371.146403
3,1034.0000,314.534063
3,1035.0000,244.426067
3,1036.0000,191.347453
3,1037.0000,165.438285
3,1038.0000,135.692464
3,1039.0000,125.105218
3,1040.0000,119.343167
3,1041.0000,109.559826
3,1042.0000,102.933716
3,1043.0000,94.620134
3,1044.0000,100.447166
3,1045.0000,92.335319
3,1046.0000,77.494948
3,1047.0000,82.272066
3,1048.0000,85.684749
3,1049.0000,67.315051
3,1050.0000,73.670020
3,1051.0000,64.447500
3,1052.0000,70.940375
3,1053.0000,78.438558
3,1054.0000,69.232654
3,1055.0000,68.645416
3,1056.0000,56.440918
3,1057.0000,58.682566
3,1058.0000,63.813439
3,1059.0000,69.574655
3,1060.0000,64.330052
3,1061.0000,67.848526
3,1062.0000,59.516776
3,1063.0000,57.428841
3,1064.0000,55.979052
3,1065.0000,62.429351
3,1066.0000,59.372199
3,1067.0000,62.159991
3,1068.0000,65.581953
3,1069.0000,59.372881
3,1070.0000,52.217259
3,1071.0000,56.362444
3,1072.0000,58.769653
3,1073.0000,51.761258
3,1074.0000,57.614246
3,1075.0000,56.879456
3,1076.0000,57.605233
3,1077.0000,55.402935
3,1078.0000,64.834187
3,1079.0000,61.736595
3,1080.0000,58.196619
3,1081.0000,57.761854
3,1082.0000,60.012584
3,1083.0000,65.834412
3,1084.0000,50.726105
3,1085.0000,60.100368
3,1086.0000,57.408332
3,1087.0000,50.090220
3,1088.0000,59.060349
3,1089.0000,64.957446
3,1090.0000,51.893437
3,1091.0000,59.750205
3,1092.0000,58.142222
3,1093.0000,57.853260
3,1094.0000,52.494600
3,1095.0000,65.977153
3,1096.0000,51.486006
3,1097.0000,58.509729
3,1098.0000,67.722373
3,1099.0000,51.214360
3,1100.0000,63.192442
3,1101.0000,55.801550
3,1102.0000,58.523253
3,1103.0000,55.764540
3,1104.0000,57.640785
3,1105.0000,57.460445
3,1106.0000,58.475724
3,1107.0000,54.462869
3,1108.0000,64.300498
3,1109.0000,70.171205
3,1110.0000,51.099156
3,1111.0000,57.416922
3,1112.0000,56.220375
3,1113.0000,59.007018
3,1114.0000,68.094320
3,1115.0000,64.301541
3,1116.0000,54.929035
3,1117.0000,47.894813
3,1118.0000,49.616548
3,1119.0000,61.672979
3,1120.0000,63.224550
3,1121.0000,46.194597
3,1122.0000,56.254709
3,1123.0000,57.887351
3,1124.0000,60.232886
3,1125.0000,68.313046
3,1126.0000,58.138762
3,1127.0000,64.650400
3,1128.0000,61.506029
3,1129.0000,65.041163
3,1130.0000,57.575114
3,1131.0000,74.134299
3,1132.0000,61.869334
3,1133.0000,65.630428
3,1134.0000,63.632777
3,1135.0000,56.276555
3,1136.0000,71.238808
3,1137.0000,69.754200
3,1138.0000,68.110417
3,1139.0000,75.568567
3,1140.0000,77.205910
3,1141.0000,63.646800
3,1142.0000,70.536228
3,1143.0000,80.021903
3,1144.0000,83.090542
3,1145.0000,87.958966
3,1146.0000,84.913816
3,1147.0000,95.475226
3,1148.0000,112.331916
3,1149.0000,115.151084
3,1150.0000,130.670965
3,1151.0000,139.123470
3,1152.0000,159.540851
3,1153.0000,180.414828
3,1154.0000,189.482028
3,1155.0000,197.971359
3,1156.0000,191.820050
3,1157.0000,179.160139
3,1158.0000,160.682239
3,1159.0000,141.716982
3,1160.0000,127.871252
3,1161.0000,125.926285
3,1162.0000,99.199218
3,1163.0000,101.495049
3,1164.0000,91.428806
3,1165.0000,97.531139
3,1166.0000,88.263179
3,1167.0000,76.232914
3,1168.0000,78.681050
3,1169.0000,82.112441
3,1170.0000,81.293773
3,1171.0000,82.876917
3,1172.0000,84.572186
3,1173.0000,91.354260
3,1174.0000,94.710376
3,1175.0000,86.381749
3,1176.0000,85.354673
3,1177.0000,103.655439
3,1178.0000,123.157288
3,1179.0000,133.503179
3,1180.0000,144.248714
3,1181.0000,153.943439
3,1182.0000,178.220097
3,1183.0000,179.070027
3,1184.0000,165.732281
3,1185.0000,153.798051
3,1186.0000,139.576774
3,1187.0000,135.894117
3,1188.0000,112.429918
3,1189.0000,112.321506
3,1190.0000,91.914545
3,1191.0000,90.007954
3,1192.0000,86.369222
3,1193.0000,80.111353
3,1194.0000,80.105079
3,1195.0000,58.615846
3,1196.0000,61.998062
3,1197.0000,68.954266
3,1198.0000,58.629092
3,1199.0000,66.301930
3,1200.0000,65.223387
3,1201.0000,60.769284
3,1202.0000,64.414198
3,1203.0000,70.768237
3,1204.0000,60.669193
3,1205.0000,55.815475
3,1206.0000,50.258041
3,1207.0000,53.713525
3,1208.0000,56.446958
3,1209.0000,70.571335
3,1210.0000,64.011289
3,1211.0000,56.073494
3,1212.0000,65.549137
3,1213.0000,54.122602
3,1214.0000,50.421048
3,1215.0000,60.561889
3,1216.0000,54.933504
3,1217.0000,66.786984
3,1218.0000,53.688021
3,1219.0000,53.375743
3,1220.0000,48.834557
3,1221.0000,51.061181
3,1222.0000,58.336443
3,1223.0000,64.074066
3,1224.0000,56.739178
3,1225.0000,56.101657
3,1226.0000,56.467588
3,1227.0000,65.074058
3,1228.0000,70.690807
3,1229.0000,62.350656
3,1230.0000,47.052964
3,1231.0000,53.482070
3,1232.0000,63.233744
3,1233.0000,54.632603
3,1234.0000,49.371265
3,1235.0000,59.772909
3,1236.0000,67.839275
3,1237.0000,50.512803
3,1238.0000,56.272764
3,1239.0000,64.049269
3,1240.0000,49.591823
3,1241.0000,51.031783
3,1242.0000,73.003134
3,1243.0000,55.989110
3,1244.0000,63.763894
3,1245.0000,61.407562
3,1246.0000,55.125773
3,1247.0000,58.367285
3,1248.0000,55.232369
3,1249.0000,45.431993
3,1250.0000,42.239913
3,1251.0000,58.253467
3,1252.0000,49.601176
3,1253.0000,49.844908
3,1254.0000,55.178997
3,1255.0000,50.959760
3,1256.0000,64.690737
3,1257.0000,48.881433
3,1258.0000,54.782811
3,1259.0000,46.215223
3,1260.0000,58.810176
3,1261.0000,57.105483
3,1262.0000,59.163956
3,1263.0000,54.997903
3,1264.0000,59.709523
3,1265.0000,54.119667
3,1266.0000,54.575949
3,1267.0000,48.203830
3,1268.0000,55.820565
3,1269.0000,55.956959
3,1270.0000,53.379760
3,1271.0000,62.141781
3,1272.0000,59.635666
3,1273.0000,55.480874
3,1274.0000,54.533046
3,1275.0000,53.872097
3,1276.0000,53.855076
3,1277.0000,52.889679
3,1278.0000,51.879733
3,1279.0000,43.911259
3,1280.0000,48.206563
3,1281.0000,50.686809
3,1282.0000,52.483825
3,1283.0000,60.121954
3,1284.0000,49.851072
3,1285.0000,55.173274
3,1286.0000,55.531111
3,1287.0000,54.758147
3,1288.0000,66.486182
3,1289.0000,56.832949
3,1290.0000,47.624140
3,1291.0000,55.527418
3,1292.0000,64.131820
3,1293.0000,47.503778
3,1294.0000,57.245221
3,1295.0000,55.529733
3,1296.0000,63.316773
3,1297.0000,54.095281
3,1298.0000,48.743875
3,1299.0000,60.910835
3,1300.0000,67.342265
3,1301.0000,61.871050
3,1302.0000,50.524706
3,1303.0000,47.316495
3,1304.0000,54.265992
3,1305.0000,57.072834
3,1306.0000,57.501374
3,1307.0000,55.444462
3,1308.0000,55.842241
3,1309.0000,59.047650
3,1310.0000,52.747791
3,1311.0000,65.843217
3,1312.0000,66.476468
3,1313.0000,64.696742
3,1314.0000,52.707663
3,1315.0000,62.702413
3,1316.0000,54.245762
3,1317.0000,49.392970
3,1318.0000,56.177649
3,1319.0000,56.973074
3,1320.0000,50.981915
3,1321.0000,60.936609
3,1322.0000,40.996122
3,1323.0000,58.701718
3,1324.0000,50.629239
3,1325.0000,51.933250
3,1326.0000,58.543411
3,1327.0000,61.064127
3,1328.0000,65.128596
3,1329.0000,61.371392
3,1330.0000,55.916038
3,1331.0000,56.058545
3,1332.0000,54.292777
3,1333.0000,58.937709
3,1334.0000,61.094424
3,1335.0000,58.037057
3,1336.0000,50.673067
3,1337.0000,65.368423
3,1338.0000,57.087869
3,1339.0000,60.082135
3,1340.0000,47.883701
3,1341.0000,56.672633
3,1342.0000,60.894329
3,1343.0000,54.878937
3,1344.0000,51.729601
3,1345.0000,61.254566
3,1346.0000,59.852841
3,1347.0000,55.773682
3,1348.0000,53.274884
3,1349.0000,57.691335
3,1350.0000,55.699604
3,1351.0000,60.083878
3,1352.0000,55.794184
3,1353.0000,48.303091
3,1354.0000,60.114342
3,1355.0000,55.883843
3,1356.0000,58.389833
3,1357.0000,54.578647
3,1358.0000,57.083222
3,1359.0000,63.584250
3,1360.0000,48.623018
3,1361.0000,59.037628
3,1362.0000,57.947953
3,1363.0000,56.521773
3,1364.0000,56.358102
3,1365.0000,56.312103
3,1366.0000,47.840447
3,1367.0000,53.342640
3,1368.0000,55.531112
3,1369.0000,62.159618
3,1370.0000,55.839086
3,1371.0000,55.252652
3,1372.0000,49.817017
3,1373.0000,60.007252
3,1374.0000,52.435304
3,1375.0000,62.240361
3,1376.0000,56.218797
3,1377.0000,56.671156
3,1378.0000,46.548644
3,1379.0000,58.030493
3,1380.0000,50.179501
3,1381.0000,59.127285
3,1382.0000,57.395017
3,1383.0000,62.402556
3,1384.0000,59.513644
3,1385.0000,55.568829
3,1386.0000,64.278290
3,1387.0000,66.796961
3,1388.0000,61.164359
3,1389.0000,61.147209
3,1390.0000,58.591868
3,1391.0000,56.546582
3,1392.0000,65.304255
3,1393.0000,66.044202
3,1394.0000,56.571905
3,1395.0000,52.238931
3,1396.0000,61.537031
3,1397.0000,60.851435
3,1398.0000,67.120918
3,1399.0000,55.359776
3,1400.0000,57.097683
3,1401.0000,60.536012
3,1402.0000,63.131023
3,1403.0000,61.351979
3,1404.0000,61.892422
3,1405.0000,65.122174
3,1406.0000,60.538144
3,1407.0000,55.921264
3,1408.0000,61.865331
3,1409.0000,57.785197
3,1410.0000,67.975450
3,1411.0000,56.543725
3,1412.0000,59.887750
3,1413.0000,58.131638
3,1414.0000,53.250639
3,1415.0000,70.598679
3,1416.0000,66.557484
3,1417.0000,68.387825
3,1418.0000,63.661996
3,1419.0000,58.635044
3,1420.0000,69.674592
3,1421.0000,57.359357
3,1422.0000,70.489197
3,1423.0000,71.363683
3,1424.0000,70.695150
3,1425.0000,71.144132
3,1426.0000,69.380353
3,1427.0000,74.329143
3,1428.0000,80.555329
3,1429.0000,76.821376
3,1430.0000,84.490418
3,1431.0000,89.112655
3,1432.0000,83.211057
3,1433.0000,86.010926
3,1434.0000,85.476689
3,1435.0000,102.252759
3,1436.0000,95.410952
3,1437.0000,109.377395
3,1438.0000,114.241838
3,1439.0000,108.985246
3,1440.0000,135.302213
3,1441.0000,134.560849
3,1442.0000,141.740997
3,1443.0000,164.690697
3,1444.0000,170.770644
3,1445.0000,188.753949
3,1446.0000,224.141363
3,1447.0000,241.819980
3,1448.0000,260.721187
3,1449.0000,265.433338
3,1450.0000,275.221632
3,1451.0000,269.225696
3,1452.0000,251.133716
3,1453.0000,233.835853
3,1454.0000,217.120139
3,1455.0000,196.536847
3,1456.0000,182.383024
3,1457.0000,172.276122
3,1458.0000,140.289970
3,1459.0000,142.319974
3,1460.0000,138.362311
3,1461.0000,122.969292
3,1462.0000,109.796152
3,1463.0000,101.340870
3,1464.0000,97.289777
3,1465.0000,100.222175
3,1466.0000,87.704992
3,1467.0000,82.225404
3,1468.0000,88.850185
3,1469.0000,80.265303
3,1470.0000,83.232150
3,1471.0000,73.228974
3,1472.0000,69.496727
3,1473.0000,78.103886
3,1474.0000,63.295794
3,1475.0000,67.336165
3,1476.0000,71.385051
3,1477.0000,58.420518
3,1478.0000,71.443775
3,1479.0000,67.201856
3,1480.0000,68.488244
3,1481.0000,75.964843
3,1482.0000,56.086800
3,1483.0000,54.556210
3,1484.0000,64.860084
3,1485.0000,61.654028
3,1486.0000,65.682540
3,1487.0000,59.021868
3,1488.0000,69.613929
3,1489.0000,61.840455
3,1490.0000,60.203836
3,1491.0000,54.245358
3,1492.0000,59.854739
3,1493.0000,47.881622
3,1494.0000,68.381644
3,1495.0000,61.887037
3,1496.0000,59.285107
3,1497.0000,65.396696
3,1498.0000,64.956177
3,1499.0000,55.144075
3,1500.0000,63.397422
3,1501.0000,59.492930
3,1502.0000,54.331123
3,1503.0000,60.771985
3,1504.0000,71.218109
3,1505.0000,75.554416
3,1506.0000,56.783260
3,1507.0000,60.575256
3,1508.0000,56.630834
3,1509.0000,56.932824
3,1510.0000,44.813443
3,1511.0000,59.511806
3,1512.0000,61.809809
3,1513.0000,54.170758
3,1514.0000,61.339989
3,1515.0000,55.087657
3,1516.0000,65.586130
3,1517.0000,59.155750
3,1518.0000,66.357039
3,1519.0000,63.854930
3,1520.0000,57.704324
3,1521.0000,59.732476
3,1522.0000,60.376228
3,1523.0000,62.994475
3,1524.0000,49.613163
3,1525.0000,60.001904
3,1526.0000,62.954061
3,1527.0000,62.361402
3,1528.0000,58.717007
3,1529.0000,65.307243
3,1530.0000,62.152658
3,1531.0000,71.762976
3,1532.0000,56.246367
3,1533.0000,62.395601
3,1534.0000,61.257512
3,1535.0000,64.167504
3,1536.0000,66.625792
3,1537.0000,61.864858
3,1538.0000,56.277077
3,1539.0000,51.891395
3,1540.0000,57.233274
3,1541.0000,55.362291
3,1542.0000,70.936271
3,1543.0000,59.661541
3,1544.0000,66.688900
3,1545.0000,60.113177
3,1546.0000,50.342441
3,1547.0000,62.452853
3,1548.0000,63.479194
3,1549.0000,63.694187
3,1550.0000,65.580545
3,1551.0000,61.547639
3,1552.0000,65.079183
3,1553.0000,70.065338
3,1554.0000,58.080606
3,1555.0000,68.375459
3,1556.0000,66.885805
3,1557.0000,59.279326
3,1558.0000,67.660287
3,1559.0000,73.654769
3,1560.0000,64.157247
3,1561.0000,64.970116
3,1562.0000,70.116678
3,1563.0000,72.147752
3,1564.0000,73.213200
3,1565.0000,75.841387
3,1566.0000,81.738172
3,1567.0000,93.286535
3,1568.0000,83.613552
3,1569.0000,79.233616
3,1570.0000,92.056139
3,1571.0000,99.457375
3,1572.0000,103.440812
3,1573.0000,99.959975
3,1574.0000,118.675319
3,1575.0000,127.480255
3,1576.0000,140.734381
3,1577.0000,155.487271
3,1578.0000,169.653958
3,1579.0000,192.281217
3,1580.0000,226.606388
3,1581.0000,252.154188
3,1582.0000,265.656741
3,1583.0000,278.442810
3,1584.0000,279.881939
3,1585.0000,261.519603
3,1586.0000,233.495237
3,1587.0000,212.296871
3,1588.0000,193.421669
3,1589.0000,191.694903
3,1590.0000,184.394085
3,1591.0000,180.909511
3,1592.0000,181.424279
3,1593.0000,184.620100
3,1594.0000,212.169534
3,1595.0000,237.127667
3,1596.0000,277.389259
3,1597.0000,318.778444
3,1598.0000,383.640324
3,1599.0000,458.707134
3,1600.0000,564.158054
3,1601.0000,653.857545
3,1602.0000,681.600499
3,1603.0000,651.137057
3,1604.0000,561.594516
3,1605.0000,447.479968
3,1606.0000,365.227457
3,1607.0000,303.093604
3,1608.0000,247.862394
3,1609.0000,211.809496
3,1610.0000,186.841000
3,1611.0000,165.628130
3,1612.0000,149.991343
3,1613.0000,126.042511
3,1614.0000,116.841371
3,1615.0000,104.930912
3,1616.0000,114.988793
3,1617.0000,96.210466
3,1618.0000,97.473515
3,1619.0000,84.687389
3,1620.0000,96.834519
3,1621.0000,81.352538
3,1622.0000,94.458628
3,1623.0000,82.664362
3,1624.0000,88.296246
3,1625.0000,77.555731
3,1626.0000,66.088248
3,1627.0000,67.729771
3,1628.0000,81.493023
3,1629.0000,70.668535
3,1630.0000,73.121353
3,1631.0000,65.491041
3,1632.0000,67.557536
3,1633.0000,64.922052
3,1634.0000,61.400008
3,1635.0000,75.916266
3,1636.0000,61.921822
3,1637.0000,63.990224
3,1638.0000,70.491391
3,1639.0000,60.600719
3,1640.0000,53.929882
3,1641.0000,58.555760
3,1642.0000,56.652288
3,1643.0000,71.888172
3,1644.0000,62.046853
3,1645.0000,67.629390
3,1646.0000,54.347324
3,1647.0000,57.854234
3,1648.0000,57.386688
3,1649.0000,63.286198
3,1650.0000,66.631061
3,1651.0000,47.100785
3,1652.0000,51.688924
3,1653.0000,47.376597
3,1654.0000,61.654490
3,1655.0000,54.532996
3,1656.0000,63.675804
3,1657.0000,63.137998
3,1658.0000,57.406792
3,1659.0000,52.360627
3,1660.0000,60.895122
3,1661.0000,65.426452
3,1662.0000,63.034870
3,1663.0000,55.708237
3,1664.0000,61.293287
3,1665.0000,60.234000
3,1666.0000,50.443517
3,1667.0000,64.935544
3,1668.0000,62.560483
3,1669.0000,62.647961
3,1670.0000,66.698394
3,1671.0000,56.124118
3,1672.0000,55.124502
3,1673.0000,51.796847
3,1674.0000,63.544562
3,1675.0000,56.840408
3,1676.0000,62.251188
3,1677.0000,62.634240
3,1678.0000,59.426936
3,1679.0000,51.066394
3,1680.0000,59.256587
3,1681.0000,67.249468
3,1682.0000,62.692183
3,1683.0000,55.394094
3,1684.0000,46.876569
3,1685.0000,49.816229
3,1686.0000,60.298264
3,1687.0000,62.038554
3,1688.0000,52.304931
3,1689.0000,52.035474
3,1690.0000,43.667004
3,1691.0000,41.418987
3,1692.0000,65.174457
3,1693.0000,57.883734
3,1694.0000,68.057784
3,1695.0000,52.615519
3,1696.0000,60.382370
3,1697.0000,61.611871
3,1698.0000,62.031817
3,1699.0000,55.277540
3,1700.0000,58.431879
3,1701.0000,56.821630
3,1702.0000,49.242552
3,1703.0000,51.175310
3,1704.0000,52.361477
3,1705.0000,51.864660
3,1706.0000,61.129166
3,1707.0000,52.747758
3,1708.0000,52.760962
3,1709.0000,68.745888
3,1710.0000,56.501120
3,1711.0000,52.560537
3,1712.0000,43.916926
3,1713.0000,62.737821
3,1714.0000,58.294332
3,1715.0000,58.445960
3,1716.0000,53.936676
3,1717.0000,50.657167
3,1718.0000,52.143810
3,1719.0000,49.578103
3,1720.0000,55.767346
3,1721.0000,52.824265
3,1722.0000,53.595070
3,1723.0000,54.814465
3,1724.0000,63.021714
3,1725.0000,59.622027
3,1726.0000,60.093520
3,1727.0000,60.721856
3,1728.0000,51.127815
3,1729.0000,52.955580
3,1730.0000,51.662721
3,1731.0000,65.197014
3,1732.0000,59.545314
3,1733.0000,58.614230
3,1734.0000,48.009249
3,1735.0000,43.232500
3,1736.0000,63.040484
3,1737.0000,67.186974
3,1738.0000,42.221244
3,1739.0000,60.716060
3,1740.0000,53.358859
3,1741.0000,50.447618
3,1742.0000,56.981504
3,1743.0000,58.050684
3,1744.0000,70.838015
3,1745.0000,57.178555
3,1746.0000,57.061206
3,1747.0000,46.024107
3,1748.0000,67.536217
3,1749.0000,63.454715
3,1750.0000,54.715170
3,1751.0000,51.000625
3,1752.0000,46.037258
3,1753.0000,62.227235
3,1754.0000,57.722948
3,1755.0000,64.311965
3,1756.0000,52.934972
3,1757.0000,47.643126
3,1758.0000,57.413273
3,1759.0000,57.620590
3,1760.0000,49.858194
3,1761.0000,55.669966
3,1762.0000,59.446563
3,1763.0000,51.455491
3,1764.0000,58.075576
3,1765.0000,63.030622
3,1766.0000,48.340209
3,1767.0000,67.178265
3,1768.0000,56.215115
3,1769.0000,54.553475
3,1770.0000,58.762504
3,1771.0000,54.077338
3,1772.0000,55.841745
3,1773.0000,54.551737
3,1774.0000,53.920163
3,1775.0000,57.207582
3,1776.0000,50.937034
3,1777.0000,55.373396
3,1778.0000,43.820121
3,1779.0000,57.027620
3,1780.0000,50.609765
3,1781.0000,46.809884
3,1782.0000,57.528622
3,1783.0000,50.654013
3,1784.0000,54.265821
3,1785.0000,47.981804
3,1786.0000,47.256666
3,1787.0000,59.733569
3,1788.0000,47.045276
3,1789.0000,66.756657
3,1790.0000,48.526498
3,1791.0000,52.718185
3,1792.0000,51.020170
3,1793.0000,58.600634
3,1794.0000,42.618265
3,1795.0000,50.197900
3,1796.0000,55.645353
3,1797.0000,51.118527
3,1798.0000,62.301375
3,1799.0000,41.674600
3,1800.0000,55.691709
3,1801.0000,56.834709
3,1802.0000,63.248361
3,1803.0000,55.492624
3,1804.0000,53.514118
3,1805.0000,56.825427
3,1806.0000,48.626016
3,1807.0000,62.142431
3,1808.0000,58.011913
3,1809.0000,63.162072
3,1810.0000,46.881931
3,1811.0000,56.311475
3,1812.0000,58.273743
3,1813.0000,57.910195
3,1814.0000,52.317092
3,1815.0000,51.856662
3,1816.0000,60.858734
3,1817.0000,46.733956
3,1818.0000,46.249668
3,1819.0000,57.268464
3,1820.0000,56.276169
3,1821.0000,50.342860
3,1822.0000,56.238863
3,1823.0000,60.570046
3,1824.0000,58.680298
3,1825.0000,41.752287
3,1826.0000,48.724618
3,1827.0000,52.587833
3,1828.0000,59.590272
3,1829.0000,49.456623
3,1830.0000,50.159596
3,1831.0000,46.438568
3,1832.0000,57.297993
3,1833.0000,53.119088
3,1834.0000,53.399188
3,1835.0000,52.639407
3,1836.0000,51.199321
3,1837.0000,55.853607
3,1838.0000,55.265864
3,1839.0000,60.731818
3,1840.0000,66.995090
3,1841.0000,53.980035
3,1842.0000,52.079592
3,1843.0000,56.358857
3,1844.0000,45.195360
3,1845.0000,55.248288
3,1846.0000,66.116393
3,1847.0000,58.560130
3,1848.0000,46.223978
3,1849.0000,55.583546
3,1850.0000,41.186364
3,1851.0000,56.347531
3,1852.0000,53.660191
3,1853.0000,63.225212
3,1854.0000,64.966189
3,1855.0000,40.799295
3,1856.0000,42.947000
3,1857.0000,59.741511
3,1858.0000,56.293239
3,1859.0000,60.380396
3,1860.0000,44.775918
3,1861.0000,55.596892
3,1862.0000,45.001826
3,1863.0000,48.060876
3,1864.0000,60.970799
3,1865.0000,52.476319
3,1866.0000,52.278971
3,1867.0000,50.383342
3,1868.0000,51.756831
3,1869.0000,58.649561
3,1870.0000,56.742437
3,1871.0000,48.212920
3,1872.0000,55.366511
3,1873.0000,43.709125
3,1874.0000,53.947206
3,1875.0000,46.936136
3,1876.0000,60.218720
3,1877.0000,56.220972
3,1878.0000,53.661775
3,1879.0000,53.566915
3,1880.0000,51.688686
3,1881.0000,57.438913
3,1882.0000,54.119563
3,1883.0000,48.739880
3,1884.0000,57.687949
3,1885.0000,58.445474
3,1886.0000,43.777160
3,1887.0000,53.017623
3,1888.0000,58.601349
3,1889.0000,47.243525
3,1890.0000,64.456677
3,1891.0000,47.983383
3,1892.0000,47.365935
3,1893.0000,59.117372
3,1894.0000,53.895761
3,1895.0000,52.556528
3,1896.0000,52.995383
3,1897.0000,57.659327
3,1898.0000,55.727132
3,1899.0000,51.019167
3,1900.0000,62.445451
3,1901.0000,59.139459
3,1902.0000,56.062335
3,1903.0000,60.076829
3,1904.0000,57.276424
3,1905.0000,58.132131
3,1906.0000,54.456979
3,1907.0000,58.052460
3,1908.0000,59.337617
3,1909.0000,53.233268
3,1910.0000,65.611595
3,1911.0000,53.488382
3,1912.0000,62.880874
3,1913.0000,56.233916
3,1914.0000,53.765217
3,1915.0000,29.573996
3,1916.0000,62.520356
3,1917.0000,64.927074
3,1918.0000,63.481305
3,1919.0000,62.907278
3,1920.0000,55.302372
3,1921.0000,56.167280
3,1922.0000,56.118745
3,1923.0000,55.278917
3,1924.0000,52.344190
3,1925.0000,61.312873
3,1926.0000,49.056132
3,1927.0000,47.316237
3,1928.0000,56.673113
3,1929.0000,62.864616
3,1930.0000,49.002922
3,1931.0000,54.139971
3,1932.0000,56.355638
3,1933.0000,59.258490
3,1934.0000,55.841373
3,1935.0000,58.029378
3,1936.0000,53.529055
3,1937.0000,41.960701
3,1938.0000,51.286166
3,1939.0000,55.201868
3,1940.0000,57.838500
3,1941.0000,49.797715
3,1942.0000,52.336761
3,1943.0000,54.956578
3,1944.0000,47.472933
3,1945.0000,63.517392
3,1946.0000,44.106996
3,1947.0000,48.354282
3,1948.0000,45.884564
3,1949.0000,55.080461
3,1950.0000,53.747161
3,1951.0000,43.582248
3,1952.0000,48.864998
3,1953.0000,65.393131
3,1954.0000,52.882041
3,1955.0000,49.399498
3,1956.0000,58.029276
3,1957.0000,49.544775
3,1958.0000,60.425330
3,1959.0000,46.637389
3,1960.0000,57.093390
3,1961.0000,53.639992
3,1962.0000,61.800258
3,1963.0000,49.873442
3,1964.0000,52.950777
3,1965.0000,51.829214
3,1966.0000,53.357108
3,1967.0000,46.986066
3,1968.0000,60.321729
3,1969.0000,56.367432
3,1970.0000,56.769427
3,1971.0000,60.674046
3,1972.0000,55.374903
3,1973.0000,47.748741
3,1974.0000,56.812200
3,1975.0000,50.580604
3,1976.0000,55.732866
3,1977.0000,59.676867
3,1978.0000,69.421357
3,1979.0000,56.484054
3,1980.0000,54.020401
3,1981.0000,49.788375
3,1982.0000,59.156682
3,1983.0000,61.682730
3,1984.0000,52.845553
3,1985.0000,50.520999
3,1986.0000,59.867318
3,1987.0000,60.428094
3,1988.0000,56.161347
3,1989.0000,51.197463
3,1990.0000,53.488132
3,1991.0000,61.277102
3,1992.0000,62.556628
3,1993.0000,57.297068
3,1994.0000,50.779128
3,1995.0000,51.908446
3,1996.0000,61.321075
3,1997.0000,60.928650
3,1998.0000,53.781441
3,1999.0000,49.243863
3,2000.0000,51.983123
4,200.0000,64.749821
4,201.0000,75.515619
4,202.0000,71.020313
4,203.0000,70.865503
4,204.0000,73.810632
4,205.0000,76.730302
4,206.0000,73.019618
4,207.0000,74.598836
4,208.0000,65.269638
4,209.0000,76.391567
4,210.0000,75.440861
4,211.0000,76.745926
4,212.0000,67.925261
4,213.0000,79.178816
4,214.0000,69.710449
4,215.0000,68.068133
4,216.0000,70.383789
4,217.0000,76.963200
4,218.0000,69.788678
4,219.0000,71.024707
4,220.0000,66.737510
4,221.0000,61.840175
4,222.0000,73.796152
4,223.0000,80.542207
4,224.0000,77.270616
4,225.0000,69.672508
4,226.0000,76.575639
4,227.0000,75.488363
4,228.0000,68.141327
4,229.0000,65.125196
4,230.0000,77.749872
4,231.0000,72.589986
4,232.0000,66.088042
4,233.0000,76.088040
4,234.0000,83.052907
4,235.0000,67.490033
4,236.0000,73.714089
4,237.0000,79.566047
4,238.0000,71.701512
4,239.0000,73.617019
4,240.0000,75.796579
4,241.0000,73.252814
4,242.0000,70.509252
4,243.0000,66.721296
4,244.0000,74.630641
4,245.0000,73.418782
4,246.0000,73.827586
4,247.0000,69.825891
4,248.0000,61.079771
4,249.0000,76.359087
4,250.0000,78.050361
4,251.0000,69.427520
4,252.0000,68.165389
4,253.0000,70.946243
4,254.0000,73.566119
4,255.0000,64.990711
4,256.0000,69.519543
4,257.0000,73.606456
4,258.0000,77.842128
4,259.0000,81.027761
4,260.0000,60.682997
4,261.0000,74.384417
4,262.0000,73.437357
4,263.0000,74.037286
4,264.0000,72.114880
4,265.0000,58.191519
4,266.0000,70.043209
4,267.0000,62.196603
4,268.0000,68.926405
4,269.0000,69.207739
4,270.0000,68.226777
4,271.0000,71.909484
4,272.0000,57.800697
4,273.0000,66.098771
4,274.0000,78.088438
4,275.0000,72.250987
4,276.0000,67.260961
4,277.0000,67.389258
4,278.0000,69.951301
4,279.0000,63.515117
4,280.0000,68.180169
4,281.0000,72.154820
4,282.0000,59.844430
4,283.0000,71.182960
4,284.0000,78.084620
4,285.0000,75.482357
4,286.0000,63.444691
4,287.0000,82.910480
4,288.0000,72.165959
4,289.0000,74.586796
4,290.0000,65.905640
4,291.0000,65.540876
4,292.0000,62.353966
4,293.0000,76.142626
4,294.0000,68.131732
4,295.0000,66.387893
4,296.0000,67.406609
4,297.0000,69.490658
4,298.0000,85.044609
4,299.0000,74.022043
4,300.0000,73.154799
4,301.0000,81.515680
4,302.0000,78.946954
4,303.0000,72.557881
4,304.0000,76.804120
4,305.0000,58.687777
4,306.0000,81.399863
4,307.0000,64.509720
4,308.0000,67.653757
4,309.0000,73.098045
4,310.0000,76.852880
4,311.0000,66.914466
4,312.0000,59.487287
4,313.0000,78.933224
4,314.0000,84.184050
4,315.0000,73.992092
4,316.0000,60.356211
4,317.0000,70.448552
4,318.0000,72.711442
4,319.0000,76.963226
4,320.0000,68.672137
4,321.0000,75.715967
4,322.0000,76.198333
4,323.0000,72.215576
4,324.0000,70.165220
4,325.0000,72.027545
4,326.0000,84.420640
4,327.0000,83.028772
4,328.0000,73.588409
4,329.0000,72.166218
4,330.0000,77.863431
4,331.0000,67.437631
4,332.0000,67.541878
4,333.0000,70.601074
4,334.0000,73.528854
4,335.0000,71.097893
4,336.0000,77.402859
4,337.0000,76.427525
4,338.0000,74.103254
4,339.0000,74.146660
4,340.0000,81.320510
4,341.0000,71.563719
4,342.0000,78.803819
4,343.0000,70.681086
4,344.0000,79.322575
4,345.0000,79.130351
4,346.0000,79.377982
4,347.0000,73.119205
4,348.0000,67.763439
4,349.0000,73.571335
4,350.0000,73.241661
4,351.0000,59.713393
4,352.0000,69.370813
4,353.0000,68.294688
4,354.0000,72.757496
4,355.0000,73.499757
4,356.0000,75.168352
4,357.0000,66.985948
4,358.0000,77.929127
4,359.0000,73.275106
4,360.0000,72.005611
4,361.0000,80.252142
4,362.0000,69.735512
4,363.0000,71.374751
4,364.0000,73.602741
4,365.0000,76.427006
4,366.0000,78.529231
4,367.0000,78.375314
4,368.0000,76.117890
4,369.0000,69.918321
4,370.0000,77.084831
4,371.0000,70.907041
4,372.0000,76.558329
4,373.0000,78.870310
4,374.0000,81.622637
4,375.0000,67.644242
4,376.0000,76.194186
4,377.0000,68.839777
4,378.0000,72.982054
4,379.0000,81.087079
4,380.0000,79.589806
4,381.0000,81.128875
4,382.0000,64.790454
4,383.0000,63.523957
4,384.0000,84.988636
4,385.0000,70.756308
4,386.0000,68.400576
4,387.0000,78.311753
4,388.0000,64.502438
4,389.0000,70.512172
4,390.0000,75.067778
4,391.0000,69.303725
4,392.0000,75.235067
4,393.0000,70.160158
4,394.0000,77.080072
4,395.0000,68.581750
4,396.0000,71.447493
4,397.0000,76.346873
4,398.0000,59.494290
4,399.0000,82.989447
4,400.0000,66.590046
4,401.0000,75.565242
4,402.0000,71.874473
4,403.0000,77.779943
4,404.0000,67.902771
4,405.0000,63.232423
4,406.0000,59.286281
4,407.0000,69.659471
4,408.0000,63.935560
4,409.0000,69.505914
4,410.0000,79.364638
4,411.0000,72.077884
4,412.0000,73.383528
4,413.0000,67.452434
4,414.0000,76.446631
4,415.0000,75.031454
4,416.0000,62.627744
4,417.0000,56.765700
4,418.0000,73.550328
4,419.0000,81.218540
4,420.0000,65.059860
4,421.0000,79.169428
4,422.0000,75.979599
4,423.0000,66.026844
4,424.0000,72.056032
4,425.0000,82.964191
4,426.0000,66.273852
4,427.0000,71.257033
4,428.0000,77.237026
4,429.0000,65.242979
4,430.0000,66.685174
4,431.0000,62.069730
4,432.0000,69.610314
4,433.0000,82.419947
4,434.0000,76.139434
4,435.0000,79.954063
4,436.0000,74.611279
4,437.0000,75.246826
4,438.0000,73.365565
4,439.0000,75.129803
4,440.0000,71.074725
4,441.0000,74.501678
4,442.0000,70.495712
4,443.0000,69.527490
4,444.0000,68.710297
4,445.0000,72.953310
4,446.0000,69.921368
4,447.0000,77.578901
4,448.0000,76.029879
4,449.0000,74.075395
4,450.0000,70.962283
4,451.0000,65.687335
4,452.0000,85.850339
4,453.0000,73.943294
4,454.0000,79.634802
4,455.0000,69.816237
4,456.0000,73.499794
4,457.0000,70.813845
4,458.0000,79.934027
4,459.0000,76.356868
4,460.0000,59.600046
4,461.0000,77.819447
4,462.0000,63.245328
4,463.0000,84.525915
4,464.0000,68.444782
4,465.0000,67.572414
4,466.0000,75.070341
4,467.0000,75.174087
4,468.0000,75.571783
4,469.0000,59.056961
4,470.0000,76.678298
4,471.0000,76.262907
4,472.0000,77.458012
4,473.0000,63.194208
4,474.0000,66.080883
4,475.0000,85.791681
4,476.0000,82.072175
4,477.0000,76.750380
4,478.0000,77.260765
4,479.0000,77.834353
4,480.0000,71.461939
4,481.0000,70.132516
4,482.0000,68.792887
4,483.0000,74.606499
4,484.0000,77.196720
4,485.0000,75.362021
4,486.0000,64.825032
4,487.0000,63.865584
4,488.0000,74.147952
4,489.0000,75.456103
4,490.0000,71.518140
4,491.0000,71.706466
4,492.0000,67.851745
4,493.0000,83.179685
4,494.0000,84.659312
4,495.0000,81.796780
4,496.0000,79.174447
4,497.0000,82.530724
4,498.0000,67.362404
4,499.0000,71.854874
4,500.0000,75.887295
4,501.0000,71.942265
4,502.0000,76.309350
4,503.0000,73.349769
4,504.0000,67.402796
4,505.0000,78.689506
4,506.0000,68.007511
4,507.0000,67.454311
4,508.0000,67.742144
4,509.0000,79.365177
4,510.0000,80.917478
4,511.0000,70.263902
4,512.0000,74.623668
4,513.0000,74.451297
4,514.0000,79.288614
4,515.0000,67.507576
4,516.0000,76.149182
4,517.0000,61.607242
4,518.0000,72.340343
4,519.0000,71.454061
4,520.0000,76.136372
4,521.0000,73.968528
4,522.0000,72.761009
4,523.0000,69.742105
4,524.0000,72.792597
4,525.0000,81.826426
4,526.0000,66.663948
4,527.0000,77.948425
4,528.0000,74.372537
4,529.0000,70.439297
4,530.0000,69.488250
4,531.0000,73.541026
4,532.0000,73.887448
4,533.0000,74.881562
4,534.0000,76.569149
4,535.0000,72.030034
4,536.0000,68.157639
4,537.0000,61.292879
4,538.0000,76.489053
4,539.0000,84.397884
4,540.0000,72.590519
4,541.0000,66.249242
4,542.0000,69.218535
4,543.0000,69.325035
4,544.0000,72.281569
4,545.0000,77.096413
4,546.0000,64.317324
4,547.0000,76.747321
4,548.0000,66.272187
4,549.0000,68.300227
4,550.0000,75.528026
4,551.0000,75.114331
4,552.0000,70.637121
4,553.0000,76.623603
4,554.0000,78.727011
4,555.0000,74.891857
4,556.0000,71.674698
4,557.0000,70.419856
4,558.0000,79.449721
4,559.0000,71.980264
4,560.0000,74.315656
4,561.0000,72.968107
4,562.0000,72.905811
4,563.0000,66.217000
4,564.0000,68.201943
4,565.0000,75.610449
4,566.0000,72.871547
4,567.0000,72.869895
4,568.0000,65.677561
4,569.0000,74.790931
4,570.0000,83.003961
4,571.0000,72.964141
4,572.0000,73.207509
4,573.0000,80.587087
4,574.0000,75.707755
4,575.0000,75.358876
4,576.0000,76.837488
4,577.0000,78.570941
4,578.0000,72.646059
4,579.0000,71.937295
4,580.0000,72.343982
4,581.0000,67.999959
4,582.0000,70.013020
4,583.0000,69.576701
4,584.0000,67.783890
4,585.0000,69.336342
4,586.0000,81.561979
4,587.0000,77.860469
4,588.0000,81.341600
4,589.0000,65.668059
4,590.0000,79.159074
4,591.0000,79.738763
4,592.0000,73.728026
4,593.0000,81.117537
4,594.0000,78.383285
4,595.0000,77.746649
4,596.0000,73.894836
4,597.0000,82.359839
4,598.0000,75.948262
4,599.0000,83.521129
4,600.0000,91.003646
4,601.0000,80.774620
4,602.0000,74.517066
4,603.0000,88.977350
4,604.0000,91.951907
4,605.0000,84.764622
4,606.0000,88.118523
4,607.0000,82.095699
4,608.0000,94.030670
4,609.0000,96.227248
4,610.0000,111.579067
4,611.0000,112.683927
4,612.0000,130.269665
4,613.0000,118.589565
4,614.0000,137.495487
4,615.0000,159.410296
4,616.0000,166.164623
4,617.0000,195.582555
4,618.0000,232.663926
4,619.0000,239.318109
4,620.0000,252.542396
4,621.0000,238.039946
4,622.0000,212.952560
4,623.0000,201.130890
4,624.0000,173.343020
4,625.0000,154.581880
4,626.0000,142.847411
4,627.0000,132.232207
4,628.0000,125.315715
4,629.0000,100.775231
4,630.0000,109.551071
4,631.0000,103.111237
4,632.0000,88.073883
4,633.0000,81.756261
4,634.0000,95.666977
4,635.0000,90.522197
4,636.0000,91.837247
4,637.0000,79.135255
4,638.0000,79.812668
4,639.0000,82.851148
4,640.0000,77.821579
4,641.0000,81.155663
4,642.0000,79.343257
4,643.0000,83.252313
4,644.0000,90.856620
4,645.0000,84.570679
4,646.0000,77.542191
4,647.0000,72.709878
4,648.0000,73.529293
4,649.0000,77.411682
4,650.0000,68.676154
4,651.0000,72.517259
4,652.0000,88.775083
4,653.0000,73.661244
4,654.0000,72.961411
4,655.0000,70.671984
4,656.0000,75.717704
4,657.0000,66.487425
4,658.0000,85.216387
4,659.0000,74.068525
4,660.0000,77.963436
4,661.0000,81.202427
4,662.0000,70.436413
4,663.0000,77.179197
4,664.0000,74.972638
4,665.0000,77.664817
4,666.0000,87.500076
4,667.0000,77.181617
4,668.0000,78.910171
4,669.0000,65.020652
4,670.0000,85.287907
4,671.0000,73.820484
4,672.0000,68.098792
4,673.0000,71.052312
4,674.0000,74.112165
4,675.0000,66.885787
4,676.0000,77.928036
4,677.0000,84.195479
4,678.0000,74.348216
4,679.0000,66.792482
4,680.0000,64.467946
4,681.0000,71.494479
4,682.0000,79.688378
4,683.0000,73.018108
4,684.0000,75.985154
4,685.0000,73.794655
4,686.0000,71.140616
4,687.0000,81.429684
4,688.0000,76.158336
4,689.0000,66.433461
4,690.0000,85.215322
4,691.0000,73.377524
4,692.0000,91.111745
4,693.0000,78.630742
4,694.0000,76.568794
4,695.0000,69.708163
4,696.0000,68.545489
4,697.0000,70.040882
4,698.0000,69.499572
4,699.0000,76.860017
4,700.0000,71.176405
4,701.0000,66.232785
4,702.0000,71.374184
4,703.0000,70.238778
4,704.0000,82.210477
4,705.0000,65.373111
4,706.0000,61.132957
4,707.0000,78.210571
4,708.0000,73.838524
4,709.0000,68.887352
4,710.0000,81.500818
4,711.0000,75.507398
4,712.0000,70.353980
4,713.0000,72.349525
4,714.0000,65.077451
4,715.0000,81.473598
4,716.0000,71.891546
4,717.0000,74.208969
4,718.0000,80.292183
4,719.0000,81.264608
4,720.0000,74.349166
4,721.0000,69.112002
4,722.0000,78.563651
4,723.0000,80.278898
4,724.0000,70.621021
4,725.0000,75.601201
4,726.0000,72.089438
4,727.0000,63.087356
4,728.0000,64.761581
4,729.0000,81.897938
4,730.0000,82.355199
4,731.0000,66.793571
4,732.0000,75.519244
4,733.0000,74.165939
4,734.0000,72.579195
4,735.0000,63.928500
4,736.0000,65.859229
4,737.0000,83.764425
4,738.0000,73.644364
4,739.0000,68.144670
4,740.0000,72.129179
4,741.0000,81.762978
4,742.0000,80.873030
4,743.0000,78.603184
4,744.0000,74.361895
4,745.0000,71.371240
4,746.0000,69.289446
4,747.0000,82.478322
4,748.0000,72.635736
4,749.0000,70.233663
4,750.0000,62.941468
4,751.0000,75.964956
4,752.0000,74.096415
4,753.0000,80.687820
4,754.0000,87.169216
4,755.0000,77.063077
4,756.0000,73.757799
4,757.0000,73.831200
4,758.0000,80.911900
4,759.0000,82.373529
4,760.0000,72.250400
4,761.0000,80.518682
4,762.0000,73.106192
4,763.0000,87.433795
4,764.0000,94.385095
4,765.0000,77.885356
4,766.0000,68.112205
4,767.0000,83.681987
4,768.0000,82.019985
4,769.0000,67.788817
4,770.0000,70.920492
4,771.0000,89.441195
4,772.0000,69.854150
4,773.0000,83.607143
4,774.0000,79.340560
4,775.0000,85.306056
4,776.0000,82.274202
4,777.0000,81.222132
4,778.0000,73.898063
4,779.0000,90.806567
4,780.0000,83.657303
4,781.0000,80.483787
4,782.0000,85.595880
4,783.0000,102.819506
4,784.0000,91.668474
4,785.0000,89.992665
4,786.0000,104.990839
4,787.0000,106.319597
4,788.0000,116.123398
4,789.0000,130.318140
4,790.0000,117.062347
4,791.0000,140.458037
4,792.0000,150.200307
4,793.0000,165.171120
4,794.0000,165.334413
4,795.0000,168.485367
4,796.0000,168.350869
4,797.0000,156.820963
4,798.0000,146.981699
4,799.0000,136.150827
4,800.0000,134.631055
4,801.0000,133.091442
4,802.0000,115.574989
4,803.0000,111.548943
4,804.0000,98.301678
4,805.0000,101.663923
4,806.0000,91.702848
4,807.0000,91.912543
4,808.0000,98.616079
4,809.0000,82.374741
4,810.0000,95.693778
4,811.0000,88.533617
4,812.0000,78.813146
4,813.0000,82.858932
4,814.0000,86.857412
4,815.0000,83.940401
4,816.0000,78.551733
4,817.0000,78.252691
4,818.0000,85.875968
4,819.0000,76.705478
4,820.0000,87.013680
4,821.0000,75.491933
4,822.0000,90.930308
4,823.0000,68.892360
4,824.0000,67.172108
4,825.0000,76.799419
4,826.0000,74.402486
4,827.0000,65.297221
4,828.0000,76.111218
4,829.0000,68.660683
4,830.0000,82.310123
4,831.0000,80.004336
4,832.0000,66.526615
4,833.0000,74.802120
4,834.0000,70.592814
4,835.0000,58.390354
4,836.0000,78.896652
4,837.0000,69.787180
4,838.0000,71.489303
4,839.0000,68.761394
4,840.0000,73.714141
4,841.0000,63.032526
4,842.0000,76.943054
4,843.0000,83.579137
4,844.0000,79.201479
4,845.0000,73.836835
4,846.0000,77.035364
4,847.0000,76.060256
4,848.0000,74.197328
4,849.0000,72.726340
4,850.0000,74.669776
4,851.0000,64.395813
4,852.0000,69.528414
4,853.0000,85.214133
4,854.0000,74.430834
4,855.0000,78.871955
4,856.0000,74.190931
4,857.0000,61.677429
4,858.0000,62.751433
4,859.0000,78.319423
4,860.0000,71.677837
4,861.0000,75.988453
4,862.0000,64.822287
4,863.0000,75.097443
4,864.0000,75.207385
4,865.0000,79.450106
4,866.0000,76.582997
4,867.0000,69.625966
4,868.0000,68.066956
4,869.0000,71.355245
4,870.0000,74.723332
4,871.0000,60.991337
4,872.0000,74.884875
4,873.0000,70.242895
4,874.0000,77.517768
4,875.0000,75.946550
4,876.0000,64.578911
4,877.0000,79.502732
4,878.0000,73.244479
4,879.0000,64.982657
4,880.0000,59.130772
4,881.0000,66.901733
4,882.0000,66.055039
4,883.0000,63.149037
4,884.0000,75.482209
4,885.0000,63.927008
4,886.0000,78.923463
4,887.0000,63.939836
4,888.0000,81.282985
4,889.0000,69.875745
4,890.0000,74.758595
4,891.0000,74.807021
4,892.0000,85.680437
4,893.0000,69.012729
4,894.0000,63.594127
4,895.0000,72.915602
4,896.0000,83.854643
4,897.0000,74.010040
4,898.0000,81.369549
4,899.0000,74.510588
4,900.0000,69.935991
4,901.0000,76.554809
4,902.0000,80.564021
4,903.0000,73.764208
4,904.0000,67.848221
4,905.0000,71.697938
4,906.0000,74.608527
4,907.0000,82.911699
4,908.0000,83.460200
4,909.0000,91.974676
4,910.0000,65.657276
4,911.0000,71.506924
4,912.0000,69.225642
4,913.0000,79.923240
4,914.0000,79.209892
4,915.0000,71.777735
4,916.0000,69.354886
4,917.0000,76.177289
4,918.0000,64.081025
4,919.0000,74.233348
4,920.0000,74.552531
4,921.0000,83.927226
4,922.0000,79.383116
4,923.0000,71.888709
4,924.0000,66.575146
4,925.0000,70.220848
4,926.0000,71.230603
4,927.0000,77.231112
4,928.0000,84.783461
4,929.0000,71.085447
4,930.0000,68.177840
4,931.0000,80.556183
4,932.0000,61.219547
4,933.0000,78.925699
4,934.0000,90.710718
4,935.0000,68.602766
4,936.0000,79.274802
4,937.0000,71.892777
4,938.0000,77.696633
4,939.0000,69.452817
4,940.0000,73.232397
4,941.0000,76.309619
4,942.0000,74.824892
4,943.0000,69.013536
4,944.0000,76.215249
4,945.0000,74.515041
4,946.0000,73.522465
4,947.0000,80.029771
4,948.0000,72.075974
4,949.0000,68.089661
4,950.0000,68.536815
4,951.0000,79.415690
4,952.0000,72.806398
4,953.0000,80.716004
4,954.0000,85.128788
4,955.0000,78.513887
4,956.0000,79.368547
4,957.0000,77.820151
4,958.0000,69.225604
4,959.0000,88.573746
4,960.0000,77.349644
4,961.0000,85.937995
4,962.0000,79.271261
4,963.0000,73.191825
4,964.0000,94.430323
4,965.0000,80.462466
4,966.0000,80.910234
4,967.0000,81.502425
4,968.0000,89.334150
4,969.0000,93.267661
4,970.0000,82.438418
4,971.0000,82.469286
4,972.0000,87.340555
4,973.0000,87.390549
4,974.0000,79.800583
4,975.0000,92.308986
4,976.0000,85.635144
4,977.0000,82.185295
4,978.0000,82.189434
4,979.0000,90.400716
4,980.0000,92.937619
4,981.0000,84.957347
4,982.0000,86.167911
4,983.0000,98.362495
4,984.0000,112.952390
4,985.0000,105.711563
4,986.0000,123.265149
4,987.0000,116.716392
4,988.0000,124.595490
4,989.0000,131.648231
4,990.0000,150.424235
4,991.0000,153.787592
4,992.0000,173.881492
4,993.0000,212.926480
4,994.0000,227.525257
4,995.0000,270.355812
4,996.0000,337.121325
4,997.0000,437.962833
4,998.0000,573.697725
4,999.0000,771.610715
4,1000.0000,973.262583
4,1001.0000,1077.868083
4,1002.0000,963.600974
4,1003.0000,764.353436
4,1004.0000,571.640351
4,1005.0000,460.225823
4,1006.0000,340.997520
4,1007.0000,275.701840
4,1008.0000,244.359402
4,1009.0000,206.266505
4,1010.0000,171.855932
4,1011.0000,154.781333
4,1012.0000,156.413433
4,1013.0000,152.144613
4,1014.0000,143.322795
4,1015.0000,141.208867
4,1016.0000,130.857182
4,1017.0000,141.279040
4,1018.0000,132.611038
4,1019.0000,116.438290
4,1020.0000,141.629937
4,1021.0000,139.497463
4,1022.0000,147.915969
4,1023.0000,160.796521
4,1024.0000,172.466395
4,1025.0000,183.685567
4,1026.0000,223.238292
4,1027.0000,268.194398
4,1028.0000,326.674306
4,1029.0000,401.468524
4,1030.0000,479.258994
4,1031.0000,501.196283
4,1032.0000,472.467111
4,1033.0000,400.788505
4,1034.0000,313.244572
4,1035.0000,250.608490
4,1036.0000,216.966132
4,1037.0000,185.246172
4,1038.0000,174.454212
4,1039.0000,151.752537
4,1040.0000,134.365594
4,1041.0000,128.155631
4,1042.0000,117.015209
4,1043.0000,115.555535
4,1044.0000,111.140277
4,1045.0000,103.555114
4,1046.0000,100.851737
4,1047.0000,99.551662
4,1048.0000,104.503280
4,1049.0000,97.969663
4,1050.0000,98.511624
4,1051.0000,97.012031
4,1052.0000,87.935038
4,1053.0000,97.293544
4,1054.0000,90.038424
4,1055.0000,80.726953
4,1056.0000,69.825989
4,1057.0000,80.078610
4,1058.0000,86.495766
4,1059.0000,85.275306
4,1060.0000,81.287436
4,1061.0000,79.449119
4,1062.0000,82.748533
4,1063.0000,85.938518
4,1064.0000,83.782761
4,1065.0000,76.133122
4,1066.0000,74.421283
4,1067.0000,77.614375
4,1068.0000,79.330426
4,1069.0000,68.244442
4,1070.0000,78.362851
4,1071.0000,84.866158
4,1072.0000,83.466396
4,1073.0000,64.967088
4,1074.0000,80.604923
4,1075.0000,78.770888
4,1076.0000,80.863033
4,1077.0000,75.131878
4,1078.0000,75.247217
4,1079.0000,74.745024
4,1080.0000,84.186701
4,1081.0000,79.189945
4,1082.0000,76.412380
4,1083.0000,70.405353
4,1084.0000,74.692848
4,1085.0000,71.948917
4,1086.0000,73.407925
4,1087.0000,70.560192
4,1088.0000,75.702154
4,1089.0000,70.338132
4,1090.0000,81.468626
4,1091.0000,84.954064
4,1092.0000,78.456627
4,1093.0000,75.329489
4,1094.0000,69.832615
4,1095.0000,84.918042
4,1096.0000,68.067020
4,1097.0000,81.643585
4,1098.0000,79.205741
4,1099.0000,81.559242
4,1100.0000,76.484509
4,1101.0000,77.594545
4,1102.0000,73.392491
4,1103.0000,80.408348
4,1104.0000,75.299126
4,1105.0000,80.971691
4,1106.0000,79.675578
4,1107.0000,72.939309
4,1108.0000,82.131181
4,1109.0000,75.645908
4,1110.0000,71.891641
4,1111.0000,75.805795
4,1112.0000,64.897157
4,1113.0000,82.827624
4,1114.0000,74.432805
4,1115.0000,75.868256
4,1116.0000,70.644543
4,1117.0000,86.048129
4,1118.0000,84.127722
4,1119.0000,82.127843
4,1120.0000,73.957846
4,1121.0000,71.667327
4,1122.0000,72.705338
4,1123.0000,74.030337
4,1124.0000,78.761543
4,1125.0000,77.508667
4,1126.0000,78.341493
4,1127.0000,80.124610
4,1128.0000,84.547335
4,1129.0000,78.418691
4,1130.0000,74.650350
4,1131.0000,78.981506
4,1132.0000,86.743758
4,1133.0000,75.745615
4,1134.0000,90.900040
4,1135.0000,72.237710
4,1136.0000,81.472963
4,1137.0000,82.033273
4,1138.0000,79.059616
4,1139.0000,90.258942
4,1140.0000,79.346220
4,1141.0000,94.136607
4,1142.0000,96.954197
4,1143.0000,95.968899
4,1144.0000,108.955625
4,1145.0000,112.964300
4,1146.0000,115.778090
4,1147.0000,119.987527
4,1148.0000,115.374781
4,1149.0000,138.843652
4,1150.0000,147.842051
4,1151.0000,155.288522
4,1152.0000,182.337871
4,1153.0000,194.767398
4,1154.0000,210.274669
4,1155.0000,216.108508
4,1156.0000,217.633322
4,1157.0000,194.342887
4,1158.0000,188.748033
4,1159.0000,171.461304
4,1160.0000,144.228377
4,1161.0000,133.841194
4,1162.0000,124.622930
4,1163.0000,130.199499
4,1164.0000,115.850470
4,1165.0000,106.196520
4,1166.0000,101.235135
4,1167.0000,101.040579
4,1168.0000,101.703337
4,1169.0000,96.116426
4,1170.0000,92.233516
4,1171.0000,101.850018
4,1172.0000,94.402543
4,1173.0000,114.319123
4,1174.0000,93.335695
4,1175.0000,114.861029
4,1176.0000,110.457994
4,1177.0000,120.358650
4,1178.0000,137.439195
4,1179.0000,154.515343
4,1180.0000,158.454565
4,1181.0000,179.635491
4,1182.0000,189.233942
4,1183.0000,199.926228
4,1184.0000,191.808881
4,1185.0000,179.562362
4,1186.0000,163.880967
4,1187.0000,139.118161
4,1188.0000,133.598738
4,1189.0000,119.666126
4,1190.0000,107.974198
4,1191.0000,92.351745
4,1192.0000,83.216370
4,1193.0000,91.408738
4,1194.0000,84.020532
4,1195.0000,86.081682
4,1196.0000,86.482687
4,1197.0000,79.253091
4,1198.0000,80.798260
4,1199.0000,99.133141
4,1200.0000,93.382728
4,1201.0000,74.123090
4,1202.0000,81.697421
4,1203.0000,82.023258
4,1204.0000,93.439497
4,1205.0000,81.754540
4,1206.0000,77.108674
4,1207.0000,64.315616
4,1208.0000,67.168273
4,1209.0000,69.424972
4,1210.0000,64.922056
4,1211.0000,77.614816
4,1212.0000,72.469801
4,1213.0000,76.529073
4,1214.0000,81.276004
4,1215.0000,82.284343
4,1216.0000,69.756053
4,1217.0000,70.392171
4,1218.0000,80.331876
4,1219.0000,74.343944
4,1220.0000,76.003210
4,1221.0000,84.246264
4,1222.0000,69.426732
4,1223.0000,78.578499
4,1224.0000,71.044216
4,1225.0000,82.727338
4,1226.0000,76.237785
4,1227.0000,81.082459
4,1228.0000,67.700489
4,1229.0000,79.038714
4,1230.0000,65.739249
4,1231.0000,71.110865
4,1232.0000,74.317022
4,1233.0000,71.350389
4,1234.0000,72.916606
4,1235.0000,70.440434
4,1236.0000,82.683909
4,1237.0000,70.601613
4,1238.0000,65.317282
4,1239.0000,80.751200
4,1240.0000,74.280487
4,1241.0000,77.802907
4,1242.0000,66.983837
4,1243.0000,75.043566
4,1244.0000,77.498335
4,1245.0000,78.098363
4,1246.0000,71.485662
4,1247.0000,78.306168
4,1248.0000,64.301519
4,1249.0000,68.324369
4,1250.0000,75.584187
4,1251.0000,75.708940
4,1252.0000,73.882961
4,1253.0000,65.423409
4,1254.0000,68.544464
4,1255.0000,78.579109
4,1256.0000,74.529121
4,1257.0000,73.168363
4,1258.0000,71.121855
4,1259.0000,62.551471
4,1260.0000,65.050988
4,1261.0000,83.190234
4,1262.0000,60.907368
4,1263.0000,73.577604
4,1264.0000,80.173779
4,1265.0000,79.398212
4,1266.0000,74.998630
4,1267.0000,76.105554
4,1268.0000,69.511226
4,1269.0000,79.882011
4,1270.0000,70.740208
4,1271.0000,70.926858
4,1272.0000,69.597515
4,1273.0000,59.302169
4,1274.0000,80.812977
4,1275.0000,76.785671
4,1276.0000,73.541181
4,1277.0000,71.649618
4,1278.0000,71.222885
4,1279.0000,76.118399
4,1280.0000,71.957312
4,1281.0000,65.056404
4,1282.0000,68.881969
4,1283.0000,77.073566
4,1284.0000,73.969483
4,1285.0000,66.723618
4,1286.0000,75.796872
4,1287.0000,60.685950
4,1288.0000,74.269708
4,1289.0000,66.834928
4,1290.0000,74.191194
4,1291.0000,77.386611
4,1292.0000,71.360907
4,1293.0000,67.223138
4,1294.0000,77.590323
4,1295.0000,70.687632
4,1296.0000,83.709820
4,1297.0000,77.344595
4,1298.0000,72.301956
4,1299.0000,66.008482
4,1300.0000,74.172102
4,1301.0000,72.620277
4,1302.0000,74.099050
4,1303.0000,60.724589
4,1304.0000,68.957253
4,1305.0000,72.584700
4,1306.0000,71.069053
4,1307.0000,83.565823
4,1308.0000,69.095851
4,1309.0000,76.818788
4,1310.0000,69.421392
4,1311.0000,82.635240
4,1312.0000,65.149903
4,1313.0000,73.494730
4,1314.0000,72.441752
4,1315.0000,56.584231
4,1316.0000,81.411706
4,1317.0000,65.480729
4,1318.0000,71.520011
4,1319.0000,78.250129
4,1320.0000,75.071094
4,1321.0000,81.004392
4,1322.0000,76.608882
4,1323.0000,72.367262
4,1324.0000,72.743579
4,1325.0000,73.477547
4,1326.0000,75.132703
4,1327.0000,71.441958
4,1328.0000,64.534354
4,1329.0000,77.141953
4,1330.0000,74.216367
4,1331.0000,71.851464
4,1332.0000,69.682593
4,1333.0000,68.493218
4,1334.0000,77.114284
4,1335.0000,66.830543
4,1336.0000,73.540560
4,1337.0000,73.067583
4,1338.0000,79.708731
4,1339.0000,78.945361
4,1340.0000,74.106099
4,1341.0000,76.749658
4,1342.0000,73.948091
4,1343.0000,66.377027
4,1344.0000,68.098475
4,1345.0000,76.885298
4,1346.0000,76.884642
4,1347.0000,71.598537
4,1348.0000,70.319433
4,1349.0000,69.273692
4,1350.0000,60.881745
4,1351.0000,80.028210
4,1352.0000,72.088515
4,1353.0000,76.808502
4,1354.0000,86.887680
4,1355.0000,62.708591
4,1356.0000,73.592381
4,1357.0000,65.157067
4,1358.0000,70.438522
4,1359.0000,70.401446
4,1360.0000,63.058107
4,1361.0000,72.383925
4,1362.0000,78.653304
4,1363.0000,76.643631
4,1364.0000,69.175865
4,1365.0000,69.731926
4,1366.0000,69.544319
4,1367.0000,68.440452
4,1368.0000,71.063462
4,1369.0000,84.019983
4,1370.0000,75.202383
4,1371.0000,75.734289
4,1372.0000,74.520343
4,1373.0000,70.762718
4,1374.0000,80.469428
4,1375.0000,68.391500
4,1376.0000,69.497352
4,1377.0000,63.544970
4,1378.0000,81.133082
4,1379.0000,65.512636
4,1380.0000,75.084905
4,1381.0000,59.652668
4,1382.0000,80.272982
4,1383.0000,66.709363
4,1384.0000,71.678866
4,1385.0000,75.163711
4,1386.0000,76.668360
4,1387.0000,72.840602
4,1388.0000,66.584750
4,1389.0000,74.135819
4,1390.0000,80.730413
4,1391.0000,66.014862
4,1392.0000,71.700492
4,1393.0000,80.536487
4,1394.0000,88.528380
4,1395.0000,66.496602
4,1396.0000,74.593419
4,1397.0000,67.768544
4,1398.0000,86.671759
4,1399.0000,77.458132
4,1400.0000,79.089564
4,1401.0000,79.703917
4,1402.0000,80.420613
4,1403.0000,66.091653
4,1404.0000,80.800116
4,1405.0000,89.450862
4,1406.0000,77.634660
4,1407.0000,79.913433
4,1408.0000,70.772147
4,1409.0000,77.520292
4,1410.0000,86.226019
4,1411.0000,70.652609
4,1412.0000,77.598390
4,1413.0000,80.767645
4,1414.0000,84.687038
4,1415.0000,74.752949
4,1416.0000,84.953775
4,1417.0000,82.784459
4,1418.0000,86.588829
4,1419.0000,87.796094
4,1420.0000,84.593039
4,1421.0000,86.759165
4,1422.0000,78.389187
4,1423.0000,80.503203
4,1424.0000,84.315844
4,1425.0000,92.394603
4,1426.0000,83.537732
4,1427.0000,83.525601
4,1428.0000,101.437541
4,1429.0000,85.480785
4,1430.0000,98.081735
4,1431.0000,99.350235
4,1432.0000,96.641290
4,1433.0000,97.748551
4,1434.0000,110.668964
4,1435.0000,107.066826
4,1436.0000,114.696703
4,1437.0000,122.995443
4,1438.0000,126.299038
4,1439.0000,145.687762
4,1440.0000,143.263894
4,1441.0000,151.218046
4,1442.0000,158.329267
4,1443.0000,197.490355
4,1444.0000,202.465526
4,1445.0000,216.082102
4,1446.0000,235.199911
4,1447.0000,250.886272
4,1448.0000,276.483005
4,1449.0000,288.424223
4,1450.0000,295.181459
4,1451.0000,282.071008
4,1452.0000,269.063012
4,1453.0000,249.098272
4,1454.0000,230.253876
4,1455.0000,212.602728
4,1456.0000,193.219137
4,1457.0000,181.602509
4,1458.0000,169.985354
4,1459.0000,153.722151
4,1460.0000,141.180114
4,1461.0000,136.556621
4,1462.0000,125.185932
4,1463.0000,112.866966
4,1464.0000,120.553265
4,1465.0000,110.565621
4,1466.0000,122.687366
4,1467.0000,101.840748
4,1468.0000,104.463252
4,1469.0000,98.221211
4,1470.0000,103.636646
4,1471.0000,91.247561
4,1472.0000,93.621824
4,1473.0000,91.509702
4,1474.0000,90.247041
4,1475.0000,80.369917
4,1476.0000,92.038922
4,1477.0000,92.136201
4,1478.0000,87.142000
4,1479.0000,76.823514
4,1480.0000,87.524815
4,1481.0000,87.716143
4,1482.0000,82.416566
4,1483.0000,84.691420
4,1484.0000,71.891101
4,1485.0000,82.243684
4,1486.0000,76.955043
4,1487.0000,88.140794
4,1488.0000,75.514761
4,1489.0000,89.567190
4,1490.0000,78.042836
4,1491.0000,78.738746
4,1492.0000,77.251891
4,1493.0000,82.445824
4,1494.0000,73.230074
4,1495.0000,77.796116
4,1496.0000,75.369764
4,1497.0000,73.098907
4,1498.0000,74.936803
4,1499.0000,75.199781
4,1500.0000,79.405166
4,1501.0000,87.684823
4,1502.0000,80.655063
4,1503.0000,69.372672
4,1504.0000,62.943404
4,1505.0000,77.147054
4,1506.0000,80.153943
4,1507.0000,83.628045
4,1508.0000,85.865830
4,1509.0000,73.177859
4,1510.0000,75.107052
4,1511.0000,78.952909
4,1512.0000,68.403634
4,1513.0000,78.802883
4,1514.0000,82.401507
4,1515.0000,68.407767
4,1516.0000,76.830082
4,1517.0000,69.193865
4,1518.0000,82.322787
4,1519.0000,67.856550
4,1520.0000,83.102602
4,1521.0000,72.999896
4,1522.0000,84.904900
4,1523.0000,75.440102
4,1524.0000,80.936507
4,1525.0000,88.492888
4,1526.0000,76.324983
4,1527.0000,71.442630
4,1528.0000,71.643883
4,1529.0000,74.472868
4,1530.0000,83.231255
4,1531.0000,87.187509
4,1532.0000,73.985942
4,1533.0000,78.819147
4,1534.0000,75.577018
4,1535.0000,75.610479
4,1536.0000,74.880493
4,1537.0000,80.269120
4,1538.0000,79.749007
4,1539.0000,80.707858
4,1540.0000,79.159683
4,1541.0000,78.799826
4,1542.0000,71.208147
4,1543.0000,84.318274
4,1544.0000,86.499739
4,1545.0000,92.512040
4,1546.0000,78.850896
4,1547.0000,84.540557
4,1548.0000,77.634416
4,1549.0000,91.194603
4,1550.0000,72.057174
4,1551.0000,97.197345
4,1552.0000,83.295825
4,1553.0000,77.766203
4,1554.0000,88.673691
4,1555.0000,86.622135
4,1556.0000,80.483041
4,1557.0000,90.737856
4,1558.0000,85.486070
4,1559.0000,86.331384
4,1560.0000,88.749636
4,1561.0000,84.325027
4,1562.0000,90.647022
4,1563.0000,97.121453
4,1564.0000,86.964133
4,1565.0000,88.562911
4,1566.0000,100.220441
4,1567.0000,78.310652
4,1568.0000,97.115828
4,1569.0000,106.155858
4,1570.0000,115.107227
4,1571.0000,113.553060
4,1572.0000,113.322577
4,1573.0000,114.184426
4,1574.0000,132.339827
4,1575.0000,135.613317
4,1576.0000,160.165853
4,1577.0000,168.070248
4,1578.0000,196.067900
4,1579.0000,202.240498
4,1580.0000,249.443408
4,1581.0000,250.417957
4,1582.0000,292.140083
4,1583.0000,298.969033
4,1584.0000,281.480555
4,1585.0000,266.598582
4,1586.0000,257.356391
4,1587.0000,222.024840
4,1588.0000,223.374864
4,1589.0000,210.210926
4,1590.0000,212.701763
4,1591.0000,204.463596
4,1592.0000,211.983178
4,1593.0000,222.412269
4,1594.0000,223.215769
4,1595.0000,261.228074
4,1596.0000,282.439018
4,1597.0000,337.731160
4,1598.0000,408.379396
4,1599.0000,484.455164
4,1600.0000,590.776741
4,1601.0000,668.641285
4,1602.0000,704.916418
4,1603.0000,665.431652
4,1604.0000,580.239750
4,1605.0000,484.815176
4,1606.0000,389.628347
4,1607.0000,322.076298
4,1608.0000,268.571602
4,1609.0000,227.988336
4,1610.0000,200.484337
4,1611.0000,183.499399
4,1612.0000,163.519104
4,1613.0000,152.664144
4,1614.0000,136.268672
4,1615.0000,132.712059
4,1616.0000,123.476789
4,1617.0000,116.478879
4,1618.0000,115.534352
4,1619.0000,105.680579
4,1620.0000,100.134193
4,1621.0000,113.265195
4,1622.0000,94.901396
4,1623.0000,104.030565
4,1624.0000,90.689442
4,1625.0000,90.479607
4,1626.0000,84.935554
4,1627.0000,96.680713
4,1628.0000,92.479323
4,1629.0000,95.519758
4,1630.0000,79.232483
4,1631.0000,95.736333
4,1632.0000,89.710986
4,1633.0000,85.904901
4,1634.0000,73.269742
4,1635.0000,80.677626
4,1636.0000,83.442701
4,1637.0000,87.594582
4,1638.0000,89.252655
4,1639.0000,71.200854
4,1640.0000,86.090373
4,1641.0000,88.191277
4,1642.0000,73.301825
4,1643.0000,72.783232
4,1644.0000,91.045988
4,1645.0000,85.508047
4,1646.0000,68.848588
4,1647.0000,66.081939
4,1648.0000,81.982552
4,1649.0000,76.987601
4,1650.0000,65.074365
4,1651.0000,73.889767
4,1652.0000,76.157106
4,1653.0000,69.780338
4,1654.0000,72.972615
4,1655.0000,87.826694
4,1656.0000,68.936479
4,1657.0000,67.677017
4,1658.0000,68.349373
4,1659.0000,72.346393
4,1660.0000,74.911640
4,1661.0000,70.413085
4,1662.0000,76.759546
4,1663.0000,70.786854
4,1664.0000,81.362664
4,1665.0000,75.142046
4,1666.0000,78.247772
4,1667.0000,75.573083
4,1668.0000,74.577837
4,1669.0000,72.511346
4,1670.0000,80.949796
4,1671.0000,65.224384
4,1672.0000,79.474689
4,1673.0000,83.976553
4,1674.0000,79.305587
4,1675.0000,74.885181
4,1676.0000,76.889120
4,1677.0000,72.932327
4,1678.0000,65.006604
4,1679.0000,78.112470
4,1680.0000,81.853307
4,1681.0000,73.478463
4,1682.0000,73.055514
4,1683.0000,76.683902
4,1684.0000,74.118519
4,1685.0000,73.586756
4,1686.0000,71.191054
4,1687.0000,69.156554
4,1688.0000,66.263583
4,1689.0000,78.576515
4,1690.0000,65.855629
4,1691.0000,82.818568
4,1692.0000,72.146241
4,1693.0000,79.691349
4,1694.0000,73.673026
4,1695.0000,71.613037
4,1696.0000,76.964522
4,1697.0000,71.480696
4,1698.0000,69.760173
4,1699.0000,84.804395
4,1700.0000,63.052211
4,1701.0000,80.718304
4,1702.0000,73.003560
4,1703.0000,72.016946
4,1704.0000,69.829332
4,1705.0000,79.837379
4,1706.0000,77.307942
4,1707.0000,67.319762
4,1708.0000,78.950661
4,1709.0000,72.718989
4,1710.0000,60.272034
4,1711.0000,80.638407
4,1712.0000,74.765992
4,1713.0000,63.081410
4,1714.0000,67.765530
4,1715.0000,66.779875
4,1716.0000,74.194388
4,1717.0000,66.676193
4,1718.0000,69.722211
4,1719.0000,69.012305
4,1720.0000,64.380007
4,1721.0000,68.211946
4,1722.0000,70.829358
4,1723.0000,75.739812
4,1724.0000,66.650745
4,1725.0000,78.769982
4,1726.0000,65.208738
4,1727.0000,84.373448
4,1728.0000,69.646011
4,1729.0000,75.860319
4,1730.0000,69.448490
4,1731.0000,85.929540
4,1732.0000,76.195221
4,1733.0000,70.088542
4,1734.0000,80.554340
4,1735.0000,69.557994
4,1736.0000,67.485527
4,1737.0000,67.703875
4,1738.0000,76.861170
4,1739.0000,76.271796
4,1740.0000,76.302995
4,1741.0000,79.912013
4,1742.0000,69.401036
4,1743.0000,64.585453
4,1744.0000,67.714003
4,1745.0000,71.224569
4,1746.0000,60.354242
4,1747.0000,64.275258
4,1748.0000,81.198723
4,1749.0000,73.152071
4,1750.0000,67.997992
4,1751.0000,68.870823
4,1752.0000,59.697604
4,1753.0000,77.167018
4,1754.0000,64.321800
4,1755.0000,80.593331
4,1756.0000,83.540919
4,1757.0000,72.250924
4,1758.0000,74.039111
4,1759.0000,73.200118
4,1760.0000,78.740065
4,1761.0000,74.437112
4,1762.0000,77.801091
4,1763.0000,68.265377
4,1764.0000,78.120602
4,1765.0000,66.358773
4,1766.0000,68.490319
4,1767.0000,63.912100
4,1768.0000,70.092891
4,1769.0000,80.853443
4,1770.0000,73.667764
4,1771.0000,72.012248
4,1772.0000,79.606154
4,1773.0000,69.936312
4,1774.0000,81.644719
4,1775.0000,74.270636
4,1776.0000,73.643561
4,1777.0000,79.576119
4,1778.0000,74.688222
4,1779.0000,71.859895
4,1780.0000,73.342595
4,1781.0000,71.625294
4,1782.0000,75.111950
4,1783.0000,79.994508
4,1784.0000,75.647317
4,1785.0000,74.319433
4,1786.0000,77.537614
4,1787.0000,66.725123
4,1788.0000,72.956792
4,1789.0000,77.492310
4,1790.0000,75.095105
4,1791.0000,67.936924
4,1792.0000,75.995332
4,1793.0000,72.665320
4,1794.0000,74.190912
4,1795.0000,67.520903
4,1796.0000,72.261318
4,1797.0000,78.321624
4,1798.0000,66.086031
4,1799.0000,67.079921
4,1800.0000,79.574616
4,1801.0000,68.348104
4,1802.0000,73.215087
4,1803.0000,68.242138
4,1804.0000,66.857637
4,1805.0000,69.161463
4,1806.0000,76.276579
4,1807.0000,71.629926
4,1808.0000,73.894607
4,1809.0000,77.315584
4,1810.0000,77.607707
4,1811.0000,74.917165
4,1812.0000,71.258352
4,1813.0000,70.338192
4,1814.0000,76.557441
4,1815.0000,70.699219
4,1816.0000,75.922808
4,1817.0000,76.793578
4,1818.0000,75.263701
4,1819.0000,71.679924
4,1820.0000,64.450339
4,1821.0000,80.833818
4,1822.0000,66.402545
4,1823.0000,65.429576
4,1824.0000,74.005286
4,1825.0000,70.784692
4,1826.0000,78.233045
4,1827.0000,71.326846
4,1828.0000,78.075195
4,1829.0000,66.032395
4,1830.0000,72.084691
4,1831.0000,69.801257
4,1832.0000,68.620734
4,1833.0000,75.682554
4,1834.0000,84.276037
4,1835.0000,77.992149
4,1836.0000,70.630622
4,1837.0000,64.943844
4,1838.0000,73.547627
4,1839.0000,75.007634
4,1840.0000,80.341762
4,1841.0000,68.009479
4,1842.0000,78.047845
4,1843.0000,72.114141
4,1844.0000,71.506289
4,1845.0000,74.874710
4,1846.0000,67.557784
4,1847.0000,71.459960
4,1848.0000,65.369236
4,1849.0000,70.455397
4,1850.0000,75.961681
4,1851.0000,80.314976
4,1852.0000,73.650483
4,1853.0000,68.127103
4,1854.0000,79.682890
4,1855.0000,88.121554
4,1856.0000,63.407055
4,1857.0000,70.291411
4,1858.0000,65.933901
4,1859.0000,82.769362
4,1860.0000,72.817785
4,1861.0000,70.083961
4,1862.0000,75.518950
4,1863.0000,77.943860
4,1864.0000,71.093744
4,1865.0000,78.422442
4,1866.0000,73.437184
4,1867.0000,77.924901
4,1868.0000,71.769203
4,1869.0000,80.422723
4,1870.0000,73.070063
4,1871.0000,66.842869
4,1872.0000,66.620530
4,1873.0000,80.185965
4,1874.0000,70.501304
4,1875.0000,72.121454
4,1876.0000,77.200017
4,1877.0000,66.850160
4,1878.0000,75.708068
4,1879.0000,72.035437
4,1880.0000,75.929730
4,1881.0000,76.884995
4,1882.0000,68.751175
4,1883.0000,78.798513
4,1884.0000,77.556802
4,1885.0000,73.171173
4,1886.0000,81.842666
4,1887.0000,70.381881
4,1888.0000,74.456462
4,1889.0000,80.912322
4,1890.0000,74.079285
4,1891.0000,65.594889
4,1892.0000,73.779778
4,1893.0000,81.738299
4,1894.0000,66.556333
4,1895.0000,74.630593
4,1896.0000,76.027522
4,1897.0000,64.445725
4,1898.0000,78.384778
4,1899.0000,66.636921
4,1900.0000,64.261810
4,1901.0000,68.438346
4,1902.0000,66.577969
4,1903.0000,61.924497
4,1904.0000,78.388070
4,1905.0000,64.404896
4,1906.0000,68.411689
4,1907.0000,64.147629
4,1908.0000,69.378689
4,1909.0000,62.867124
4,1910.0000,80.743220
4,1911.0000,74.633017
4,1912.0000,78.171246
4,1913.0000,67.240102
4,1914.0000,69.229126
4,1915.0000,67.615522
4,1916.0000,80.005109
4,1917.0000,64.416543
4,1918.0000,77.268211
4,1919.0000,64.563974
4,1920.0000,64.447203
4,1921.0000,76.396605
4,1922.0000,69.094955
4,1923.0000,75.008071
4,1924.0000,73.605197
4,1925.0000,77.464479
4,1926.0000,73.870376
4,1927.0000,72.871356
4,1928.0000,71.943536
4,1929.0000,72.241324
4,1930.0000,67.231905
4,1931.0000,64.376695
4,1932.0000,75.860930
4,1933.0000,77.499807
4,1934.0000,67.557645
4,1935.0000,77.621396
4,1936.0000,75.419218
4,1937.0000,74.391303
4,1938.0000,77.324542
4,1939.0000,77.823420
4,1940.0000,71.894990
4,1941.0000,75.724288
4,1942.0000,77.634179
4,1943.0000,67.743601
4,1944.0000,78.729448
4,1945.0000,71.406681
4,1946.0000,77.760442
4,1947.0000,60.934861
4,1948.0000,76.157228
4,1949.0000,72.510661
4,1950.0000,84.648758
4,1951.0000,73.060629
4,1952.0000,73.996239
4,1953.0000,75.756194
4,1954.0000,73.362310
4,1955.0000,68.692331
4,1956.0000,76.852929
4,1957.0000,68.522461
4,1958.0000,67.551569
4,1959.0000,81.261601
4,1960.0000,59.660468
4,1961.0000,70.700468
4,1962.0000,66.039478
4,1963.0000,70.655380
4,1964.0000,79.137172
4,1965.0000,63.724974
4,1966.0000,75.883037
4,1967.0000,71.234132
4,1968.0000,63.728269
4,1969.0000,75.520334
4,1970.0000,73.913127
4,1971.0000,76.588445
4,1972.0000,70.970291
4,1973.0000,65.823647
4,1974.0000,73.589942
4,1975.0000,72.059246
4,1976.0000,69.227723
4,1977.0000,69.478908
4,1978.0000,61.795195
4,1979.0000,66.079923
4,1980.0000,59.736334
4,1981.0000,72.567533
4,1982.0000,65.925836
4,1983.0000,66.277237
4,1984.0000,76.583342
4,1985.0000,67.277527
4,1986.0000,63.014752
4,1987.0000,87.977110
4,1988.0000,67.753661
4,1989.0000,78.725422
4,1990.0000,71.553830
4,1991.0000,76.311183
4,1992.0000,84.342877
4,1993.0000,69.285314
4,1994.0000,67.522764
4,1995.0000,67.650041
4,1996.0000,68.091216
4,1997.0000,76.303716
4,1998.0000,69.700710
4,1999.0000,81.803206
4,2000.0000,66.674736
5,200.0000,96.846848
5,201.0000,91.204225
5,202.0000,80.377182
5,203.0000,90.858668
5,204.0000,89.526648
5,205.0000,88.620338
5,206.0000,88.867181
5,207.0000,85.055677
5,208.0000,87.901882
5,209.0000,90.473580
5,210.0000,92.732616
5,211.0000,92.658834
5,212.0000,90.353100
5,213.0000,87.982193
5,214.0000,92.206776
5,215.0000,84.979589
5,216.0000,94.246056
5,217.0000,97.915277
5,218.0000,91.800875
5,219.0000,94.789050
5,220.0000,94.738269
5,221.0000,87.756577
5,222.0000,80.990230
5,223.0000,98.695005
5,224.0000,90.940701
5,225.0000,87.667258
5,226.0000,84.711056
5,227.0000,90.284436
5,228.0000,83.164051
5,229.0000,104.025673
5,230.0000,97.449136
5,231.0000,86.827272
5,232.0000,92.682252
5,233.0000,96.272285
5,234.0000,91.696402
5,235.0000,93.459422
5,236.0000,87.796301
5,237.0000,87.959297
5,238.0000,88.914332
5,239.0000,102.101152
5,240.0000,98.989734
5,241.0000,84.973128
5,242.0000,89.474644
5,243.0000,89.966640
5,244.0000,90.421278
5,245.0000,93.673608
5,246.0000,81.177977
5,247.0000,90.715154
5,248.0000,85.569838
5,249.0000,82.475323
5,250.0000,94.842209
5,251.0000,88.985941
5,252.0000,85.811127
5,253.0000,97.404089
5,254.0000,101.334553
5,255.0000,94.279672
5,256.0000,90.156345
5,257.0000,95.972201
5,258.0000,88.002655
5,259.0000,94.185688
5,260.0000,89.204544
5,261.0000,97.127856
5,262.0000,94.068926
5,263.0000,89.795114
5,264.0000,84.631267
5,265.0000,84.780670
5,266.0000,97.644959
5,267.0000,87.254729
5,268.0000,87.511543
5,269.0000,83.886947
5,270.0000,93.951687
5,271.0000,86.331829
5,272.0000,89.112266
5,273.0000,88.707916
5,274.0000,90.622063
5,275.0000,90.180496
5,276.0000,88.189881
5,277.0000,95.526399
5,278.0000,96.086757
5,279.0000,79.536013
5,280.0000,88.413286
5,281.0000,96.937856
5,282.0000,86.912044
5,283.0000,85.040839
5,284.0000,86.539068
5,285.0000,91.902084
5,286.0000,87.826610
5,287.0000,96.432053
5,288.0000,80.967785
5,289.0000,83.741290
5,290.0000,83.162061
5,291.0000,103.633350
5,292.0000,102.954772
5,293.0000,79.072396
5,294.0000,87.352741
5,295.0000,98.649499
5,296.0000,96.997717
5,297.0000,82.784522
5,298.0000,101.079585
5,299.0000,94.932007
5,300.0000,84.788701
5,301.0000,86.238095
5,302.0000,89.573638
5,303.0000,88.538741
5,304.0000,91.166173
5,305.0000,88.659472
5,306.0000,78.748247
5,307.0000,96.818308
5,308.0000,83.884837
5,309.0000,95.894923
5,310.0000,91.698263
5,311.0000,95.872331
5,312.0000,93.110397
5,313.0000,89.876104
5,314.0000,81.712394
5,315.0000,90.334833
5,316.0000,89.411394
5,317.0000,82.724942
5,318.0000,101.997605
5,319.0000,93.942459
5,320.0000,96.104148
5,321.0000,91.089151
5,322.0000,88.200354
5,323.0000,91.649093
5,324.0000,100.024102
5,325.0000,89.240196
5,326.0000,84.641300
5,327.0000,82.348983
5,328.0000,77.741807
5,329.0000,83.964714
5,330.0000,81.519004
5,331.0000,93.308455
5,332.0000,89.904499
5,333.0000,92.980416
5,334.0000,88.141929
5,335.0000,77.569961
5,336.0000,91.011821
5,337.0000,99.416556
5,338.0000,96.670165
5,339.0000,93.919045
5,340.0000,86.852390
5,341.0000,98.482193
5,342.0000,85.185516
5,343.0000,70.157189
5,344.0000,94.937696
5,345.0000,86.944533
5,346.0000,97.237618
5,347.0000,80.291617
5,348.0000,91.429571
5,349.0000,84.478894
5,350.0000,87.462727
5,351.0000,86.119944
5,352.0000,93.127324
5,353.0000,85.578953
5,354.0000,81.515048
5,355.0000,87.654314
5,356.0000,96.188034
5,357.0000,82.862164
5,358.0000,86.140325
5,359.0000,94.225308
5,360.0000,93.512679
5,361.0000,90.004301
5,362.0000,96.747031
5,363.0000,100.795553
5,364.0000,103.052986
5,365.0000,84.557324
5,366.0000,88.080732
5,367.0000,85.303768
5,368.0000,89.067545
5,369.0000,93.486161
5,370.0000,81.557436
5,371.0000,88.852068
5,372.0000,86.349762
5,373.0000,85.492249
5,374.0000,89.345816
5,375.0000,93.081548
5,376.0000,91.737629
5,377.0000,102.121628
5,378.0000,96.191523
5,379.0000,82.107987
5,380.0000,79.596313
5,381.0000,86.061543
5,382.0000,85.326844
5,383.0000,89.069429
5,384.0000,85.955142
5,385.0000,90.081967
5,386.0000,90.071672
5,387.0000,93.152492
5,388.0000,91.341647
5,389.0000,94.570103
5,390.0000,92.662717
5,391.0000,87.501829
5,392.0000,96.081233
5,393.0000,75.787517
5,394.0000,96.197758
5,395.0000,96.278837
5,396.0000,90.399114
5,397.0000,87.971311
5,398.0000,88.046394
5,399.0000,89.792048
5,400.0000,85.410658
5,401.0000,89.635118
5,402.0000,90.523206
5,403.0000,87.550111
5,404.0000,94.829612
5,405.0000,92.298290
5,406.0000,87.299039
5,407.0000,91.225898
5,408.0000,84.846195
5,409.0000,83.763383
5,410.0000,85.789111
5,411.0000,93.030020
5,412.0000,94.133324
5,413.0000,83.386443
5,414.0000,93.956097
5,415.0000,84.590308
5,416.0000,91.758782
5,417.0000,89.004004
5,418.0000,89.298554
5,419.0000,104.374609
5,420.0000,86.079595
5,421.0000,88.693092
5,422.0000,87.206216
5,423.0000,91.151773
5,424.0000,83.821839
5,425.0000,86.872379
5,426.0000,95.968086
5,427.0000,97.038255
5,428.0000,90.140501
5,429.0000,97.462682
5,430.0000,88.678748
5,431.0000,90.430443
5,432.0000,103.092547
5,433.0000,89.498578
5,434.0000,99.150813
5,435.0000,89.466516
5,436.0000,79.167160
5,437.0000,86.146656
5,438.0000,75.143147
5,439.0000,100.303044
5,440.0000,104.898341
5,441.0000,89.600186
5,442.0000,87.583895
5,443.0000,91.119581
5,444.0000,87.306243
5,445.0000,97.553986
5,446.0000,89.896528
5,447.0000,86.051170
5,448.0000,79.603890
5,449.0000,94.840293
5,450.0000,83.821199
5,451.0000,99.045695
5,452.0000,94.228130
5,453.0000,82.915513
5,454.0000,83.345220
5,455.0000,93.673442
5,456.0000,85.631322
5,457.0000,94.754220
5,458.0000,79.527271
5,459.0000,87.173104
5,460.0000,96.883542
5,461.0000,98.401754
5,462.0000,95.235944
5,463.0000,85.765001
5,464.0000,78.682654
5,465.0000,100.708478
5,466.0000,76.442321
5,467.0000,85.918122
5,468.0000,89.720555
5,469.0000,86.960751
5,470.0000,91.481553
5,471.0000,89.489268
5,472.0000,75.364909
5,473.0000,93.308615
5,474.0000,86.151729
5,475.0000,87.891244
5,476.0000,92.328708
5,477.0000,91.024994
5,478.0000,104.053972
5,479.0000,96.186947
5,480.0000,87.655801
5,481.0000,93.151106
5,482.0000,88.318216
5,483.0000,91.626529
5,484.0000,94.713636
5,485.0000,99.950444
5,486.0000,92.398393
5,487.0000,97.888515
5,488.0000,89.309380
5,489.0000,89.686697
5,490.0000,97.081721
5,491.0000,105.963864
5,492.0000,101.915722
5,493.0000,92.567529
5,494.0000,90.552124
5,495.0000,84.071364
5,496.0000,89.102702
5,497.0000,89.531858
5,498.0000,87.708880
5,499.0000,82.944583
5,500.0000,86.883984
5,501.0000,80.856648
5,502.0000,93.406281
5,503.0000,93.335567
5,504.0000,88.692556
5,505.0000,88.116489
5,506.0000,88.218222
5,507.0000,96.748622
5,508.0000,85.789075
5,509.0000,89.701004
5,510.0000,91.680686
5,511.0000,104.296117
5,512.0000,84.879802
5,513.0000,88.216714
5,514.0000,98.339428
5,515.0000,84.714122
5,516.0000,90.866626
5,517.0000,91.810564
5,518.0000,93.234484
5,519.0000,86.675317
5,520.0000,93.896990
5,521.0000,95.023544
5,522.0000,88.527935
5,523.0000,88.560169
5,524.0000,88.131228
5,525.0000,84.507405
5,526.0000,89.975419
5,527.0000,80.093430
5,528.0000,74.039690
5,529.0000,86.587840
5,530.0000,91.173351
5,531.0000,100.410819
5,532.0000,99.744721
5,533.0000,89.309043
5,534.0000,95.499837
5,535.0000,83.658561
5,536.0000,96.076308
5,537.0000,92.439426
5,538.0000,98.121443
5,539.0000,92.552799
5,540.0000,94.259411
5,541.0000,80.976279
5,542.0000,100.750784
5,543.0000,82.275466
5,544.0000,85.241703
5,545.0000,89.679903
5,546.0000,100.203436
5,547.0000,80.458952
5,548.0000,89.592654
5,549.0000,98.122851
5,550.0000,100.412890
5,551.0000,75.386634
5,552.0000,96.997887
5,553.0000,94.987494
5,554.0000,96.264867
5,555.0000,101.611003
5,556.0000,88.336090
5,557.0000,90.407818
5,558.0000,87.157451
5,559.0000,90.405863
5,560.0000,92.435920
5,561.0000,85.408280
5,562.0000,97.473534
5,563.0000,83.870351
5,564.0000,107.081477
5,565.0000,94.739977
5,566.0000,89.739336
5,567.0000,93.067158
5,568.0000,92.952069
5,569.0000,85.317380
5,570.0000,103.532359
5,571.0000,95.774380
5,572.0000,83.231380
5,573.0000,80.760378
5,574.0000,93.466312
5,575.0000,87.934065
5,576.0000,86.249304
5,577.0000,95.518116
5,578.0000,96.496480
5,579.0000,102.088694
5,580.0000,86.424804
5,581.0000,105.988392
5,582.0000,100.245373
5,583.0000,100.608457
5,584.0000,92.858989
5,585.0000,95.507781
5,586.0000,87.755755
5,587.0000,97.257573
5,588.0000,105.669440
5,589.0000,93.623754
5,590.0000,87.010660
5,591.0000,103.587297
5,592.0000,108.812120
5,593.0000,90.572248
5,594.0000,104.495034
5,595.0000,95.134515
5,596.0000,97.443155
5,597.0000,84.477670
5,598.0000,96.740733
5,599.0000,97.948371
5,600.0000,93.383210
5,601.0000,99.005441
5,602.0000,95.721598
5,603.0000,102.679101
5,604.0000,104.546299
5,605.0000,104.190650
5,606.0000,113.405863
5,607.0000,108.332556
5,608.0000,115.612285
5,609.0000,125.061536
5,610.0000,124.748261
5,611.0000,125.792000
5,612.0000,136.852612
5,613.0000,143.193999
5,614.0000,147.632526
5,615.0000,160.405013
5,616.0000,191.824839
5,617.0000,221.142651
5,618.0000,250.391841
5,619.0000,258.092906
5,620.0000,265.426952
5,621.0000,272.112151
5,622.0000,245.815788
5,623.0000,221.766376
5,624.0000,188.758484
5,625.0000,157.469518
5,626.0000,150.277258
5,627.0000,144.683135
5,628.0000,133.332767
5,629.0000,126.190090
5,630.0000,127.687480
5,631.0000,117.287496
5,632.0000,108.483456
5,633.0000,114.820291
5,634.0000,113.385020
5,635.0000,109.419701
5,636.0000,105.522438
5,637.0000,94.296368
5,638.0000,109.741162
5,639.0000,88.423158
5,640.0000,102.525288
5,641.0000,98.419097
5,642.0000,97.142495
5,643.0000,107.179569
5,644.0000,98.237457
5,645.0000,94.008058
5,646.0000,94.705553
5,647.0000,90.438209
5,648.0000,85.472792
5,649.0000,97.395286
5,650.0000,84.763103
5,651.0000,87.867271
5,652.0000,90.532990
5,653.0000,102.899079
5,654.0000,99.550969
5,655.0000,87.867386
5,656.0000,89.198683
5,657.0000,91.738615
5,658.0000,90.107513
5,659.0000,95.729767
5,660.0000,90.576367
5,661.0000,82.857242
5,662.0000,89.902763
5,663.0000,88.880470
5,664.0000,86.505471
5,665.0000,89.795149
5,666.0000,85.791949
5,667.0000,98.264267
5,668.0000,82.644431
5,669.0000,89.548381
5,670.0000,91.283063
5,671.0000,91.962200
5,672.0000,91.304052
5,673.0000,96.247318
5,674.0000,89.040013
5,675.0000,87.827033
5,676.0000,96.617395
5,677.0000,91.070327
5,678.0000,87.732853
5,679.0000,97.084628
5,680.0000,99.997573
5,681.0000,90.258449
5,682.0000,92.125961
5,683.0000,84.616036
5,684.0000,82.531976
5,685.0000,96.727104
5,686.0000,91.140998
5,687.0000,89.016570
5,688.0000,92.186602
5,689.0000,91.839650
5,690.0000,93.429340
5,691.0000,108.842806
5,692.0000,91.091597
5,693.0000,87.017303
5,694.0000,86.025529
5,695.0000,98.938199
5,696.0000,94.719209
5,697.0000,85.577131
5,698.0000,91.994790
5,699.0000,91.526865
5,700.0000,90.741569
5,701.0000,93.374664
5,702.0000,90.224502
5,703.0000,103.465141
5,704.0000,91.791388
5,705.0000,95.167634
5,706.0000,97.556406
5,707.0000,101.660070
5,708.0000,82.044767
5,709.0000,84.293931
5,710.0000,94.367514
5,711.0000,88.250526
5,712.0000,95.172638
5,713.0000,92.364384
5,714.0000,91.174333
5,715.0000,87.496154
5,716.0000,103.118408
5,717.0000,91.657839
5,718.0000,88.924178
5,719.0000,82.767698
5,720.0000,74.626284
5,721.0000,82.969949
5,722.0000,91.926173
5,723.0000,93.793636
5,724.0000,86.500584
5,725.0000,85.446807
5,726.0000,83.140038
5,727.0000,80.971367
5,728.0000,89.327228
5,729.0000,95.610189
5,730.0000,100.345570
5,731.0000,84.927246
5,732.0000,92.296474
5,733.0000,92.459387
5,734.0000,90.685643
5,735.0000,86.664832
5,736.0000,89.358969
5,737.0000,85.459301
5,738.0000,75.727896
5,739.0000,91.638191
5,740.0000,98.052123
5,741.0000,82.972740
5,742.0000,94.301134
5,743.0000,94.707587
5,744.0000,99.491974
5,745.0000,86.250739
5,746.0000,86.324439
5,747.0000,98.257930
5,748.0000,91.337511
5,749.0000,83.193656
5,750.0000,87.113512
5,751.0000,92.448949
5,752.0000,86.088307
5,753.0000,86.481615
5,754.0000,100.027728
5,755.0000,81.896204
5,756.0000,101.569138
5,757.0000,88.570808
5,758.0000,83.860215
5,759.0000,95.163639
5,760.0000,92.205177
5,761.0000,90.293790
5,762.0000,86.690498
5,763.0000,89.670829
5,764.0000,97.163731
5,765.0000,102.395767
5,766.0000,84.211251
5,767.0000,82.644311
5,768.0000,96.630029
5,769.0000,100.669717
5,770.0000,91.717888
5,771.0000,89.724229
5,772.0000,87.851478
5,773.0000,99.911579
5,774.0000,97.610243
5,775.0000,100.968225
5,776.0000,97.607969
5,777.0000,101.122833
5,778.0000,102.583552
5,779.0000,105.705522
5,780.0000,94.301249
5,781.0000,108.327159
5,782.0000,99.728106
5,783.0000,113.392992
5,784.0000,107.985330
5,785.0000,116.605906
5,786.0000,114.188201
5,787.0000,135.275031
5,788.0000,128.195103
5,789.0000,149.993124
5,790.0000,151.342011
5,791.0000,152.254362
5,792.0000,178.908284
5,793.0000,177.217173
5,794.0000,188.114614
5,795.0000,195.593373
5,796.0000,185.101586
5,797.0000,188.464025
5,798.0000,169.900678
5,799.0000,165.907927
5,800.0000,153.108977
5,801.0000,139.271403
5,802.0000,131.055840
5,803.0000,118.635358
5,804.0000,113.884452
5,805.0000,122.344924
5,806.0000,110.945447
5,807.0000,105.569051
5,808.0000,116.920823
5,809.0000,106.744576
5,810.0000,107.000444
5,811.0000,101.291703
5,812.0000,109.657784
5,813.0000,101.593522
5,814.0000,102.937411
5,815.0000,97.038479
5,816.0000,89.236237
5,817.0000,101.789397
5,818.0000,94.503889
5,819.0000,110.300660
5,820.0000,104.795738
5,821.0000,93.524486
5,822.0000,89.178536
5,823.0000,97.647285
5,824.0000,97.905506
5,825.0000,86.085543
5,826.0000,84.459708
5,827.0000,92.633763
5,828.0000,98.752991
5,829.0000,104.186210
5,830.0000,94.698400
5,831.0000,88.406553
5,832.0000,93.300556
5,833.0000,94.072270
5,834.0000,106.077976
5,835.0000,106.073800
5,836.0000,95.290021
5,837.0000,102.098914
5,838.0000,98.609222
5,839.0000,86.436472
5,840.0000,98.573629
5,841.0000,102.981050
5,842.0000,83.278123
5,843.0000,93.562763
5,844.0000,98.345162
5,845.0000,90.211088
5,846.0000,81.317483
5,847.0000,82.264292
5,848.0000,85.295286
5,849.0000,99.504960
5,850.0000,83.409646
5,851.0000,88.351212
5,852.0000,91.482116
5,853.0000,86.897526
5,854.0000,83.212186
5,855.0000,88.677178
5,856.0000,90.586133
5,857.0000,85.824715
5,858.0000,87.885909
5,859.0000,89.113473
5,860.0000,86.499713
5,861.0000,88.441027
5,862.0000,87.406663
5,863.0000,92.557242
5,864.0000,92.151307
5,865.0000,89.066534
5,866.0000,83.921728
5,867.0000,92.014123
5,868.0000,83.427621
5,869.0000,84.689104
5,870.0000,97.940014
5,871.0000,86.996319
5,872.0000,101.550384
5,873.0000,104.117045
5,874.0000,98.141113
5,875.0000,100.387438
5,876.0000,98.349370
5,877.0000,91.035978
5,878.0000,85.722068
5,879.0000,89.138360
5,880.0000,90.541097
5,881.0000,91.901028
5,882.0000,91.577178
5,883.0000,92.589202
5,884.0000,88.111192
5,885.0000,107.681655
5,886.0000,95.545973
5,887.0000,91.205581
5,888.0000,94.472207
5,889.0000,89.269322
5,890.0000,90.315353
5,891.0000,89.201292
5,892.0000,92.704043
5,893.0000,95.027402
5,894.0000,75.740184
5,895.0000,101.059583
5,896.0000,92.336558
5,897.0000,95.618735
5,898.0000,104.962960
5,899.0000,91.108824
5,900.0000,93.054498
5,901.0000,93.049172
5,902.0000,96.146602
5,903.0000,92.850505
5,904.0000,89.972975
5,905.0000,91.537441
5,906.0000,95.731445
5,907.0000,90.720725
5,908.0000,91.953996
5,909.0000,88.834453
5,910.0000,90.169758
5,911.0000,90.394891
5,912.0000,91.827034
5,913.0000,97.560877
5,914.0000,90.681170
5,915.0000,93.220380
5,916.0000,89.434091
5,917.0000,93.818157
5,918.0000,98.998464
5,919.0000,93.115965
5,920.0000,96.846674
5,921.0000,84.025670
5,922.0000,87.436149
5,923.0000,97.548916
5,924.0000,93.627227
5,925.0000,102.306317
5,926.0000,93.584896
5,927.0000,93.405065
5,928.0000,93.152281
5,929.0000,95.271566
5,930.0000,93.968262
5,931.0000,95.268176
5,932.0000,89.345308
5,933.0000,96.292374
5,934.0000,84.789060
5,935.0000,103.553445
5,936.0000,75.215224
5,937.0000,107.334244
5,938.0000,83.734266
5,939.0000,95.536230
5,940.0000,83.079210
5,941.0000,94.869920
5,942.0000,95.035814
5,943.0000,96.423878
5,944.0000,87.718265
5,945.0000,96.734779
5,946.0000,88.412458
5,947.0000,86.202702
5,948.0000,93.910662
5,949.0000,102.668681
5,950.0000,86.491596
5,951.0000,95.774411
5,952.0000,92.628801
5,953.0000,99.126143
5,954.0000,100.474601
5,955.0000,90.766845
5,956.0000,103.819628
5,957.0000,91.583136
5,958.0000,100.813648
5,959.0000,96.196451
5,960.0000,104.844215
5,961.0000,97.604610
5,962.0000,91.739397
5,963.0000,100.192078
5,964.0000,100.033914
5,965.0000,99.694712
5,966.0000,104.075352
5,967.0000,91.434842
5,968.0000,97.641206
5,969.0000,108.819437
5,970.0000,104.442331
5,971.0000,105.439836
5,972.0000,99.494482
5,973.0000,97.089839
5,974.0000,106.363719
5,975.0000,95.290403
5,976.0000,100.578083
5,977.0000,93.000678
5,978.0000,96.338742
5,979.0000,111.487853
5,980.0000,113.309882
5,981.0000,115.148511
5,982.0000,120.195895
5,983.0000,114.320641
5,984.0000,128.545546
5,985.0000,138.614109
5,986.0000,133.220842
5,987.0000,138.262927
5,988.0000,143.593798
5,989.0000,149.220691
5,990.0000,168.825964
5,991.0000,169.635288
5,992.0000,174.953387
5,993.0000,215.216900
5,994.0000,247.814721
5,995.0000,301.684253
5,996.0000,351.944996
5,997.0000,447.137201
5,998.0000,593.737113
5,999.0000,784.692865
5,1000.0000,996.077526
5,1001.0000,1089.399928
5,1002.0000,1000.826024
5,1003.0000,781.096883
5,1004.0000,602.095722
5,1005.0000,450.361222
5,1006.0000,365.297360
5,1007.0000,302.513183
5,1008.0000,255.167248
5,1009.0000,227.971478
5,1010.0000,205.130060
5,1011.0000,187.623924
5,1012.0000,177.169892
5,1013.0000,160.626706
5,1014.0000,156.570362
5,1015.0000,144.024018
5,1016.0000,147.651499
5,1017.0000,156.187991
5,1018.0000,143.369220
5,1019.0000,150.633744
5,1020.0000,150.250502
5,1021.0000,163.141840
5,1022.0000,160.199770
5,1023.0000,167.932743
5,1024.0000,183.867512
5,1025.0000,221.146931
5,1026.0000,244.915812
5,1027.0000,288.803076
5,1028.0000,344.580766
5,1029.0000,413.261009
5,1030.0000,486.338196
5,1031.0000,515.468730
5,1032.0000,481.180997
5,1033.0000,415.949159
5,1034.0000,336.470018
5,1035.0000,277.501434
5,1036.0000,233.172508
5,1037.0000,212.426577
5,1038.0000,176.145172
5,1039.0000,149.854977
5,1040.0000,147.435980
5,1041.0000,152.074911
5,1042.0000,133.796472
5,1043.0000,138.788657
5,1044.0000,130.166932
5,1045.0000,112.090319
5,1046.0000,119.083817
5,1047.0000,109.091198
5,1048.0000,115.489480
5,1049.0000,107.789887
5,1050.0000,107.711752
5,1051.0000,101.224784
5,1052.0000,104.156242
5,1053.0000,112.762624
5,1054.0000,93.456864
5,1055.0000,107.365544
5,1056.0000,103.066148
5,1057.0000,94.381563
5,1058.0000,95.234843
5,1059.0000,106.135811
5,1060.0000,105.208995
5,1061.0000,98.171163
5,1062.0000,91.781375
5,1063.0000,96.569495
5,1064.0000,94.675377
5,1065.0000,86.445885
5,1066.0000,106.144134
5,1067.0000,94.654505
5,1068.0000,97.293136
5,1069.0000,94.569029
5,1070.0000,91.428882
5,1071.0000,96.646411
5,1072.0000,86.087824
5,1073.0000,88.066589
5,1074.0000,92.599972
5,1075.0000,98.877582
5,1076.0000,86.095924
5,1077.0000,95.197246
5,1078.0000,91.028376
5,1079.0000,97.283851
5,1080.0000,100.777483
5,1081.0000,85.092591
5,1082.0000,88.898107
5,1083.0000,90.221405
5,1084.0000,101.981130
5,1085.0000,84.121137
5,1086.0000,87.793210
5,1087.0000,95.934659
5,1088.0000,99.678146
5,1089.0000,95.449527
5,1090.0000,88.162184
5,1091.0000,95.013401
5,1092.0000,92.591269
5,1093.0000,84.082911
5,1094.0000,104.417032
5,1095.0000,92.631251
5,1096.0000,88.826445
5,1097.0000,94.375941
5,1098.0000,94.060735
5,1099.0000,90.235176
5,1100.0000,97.089263
5,1101.0000,88.588735
5,1102.0000,86.227960
5,1103.0000,100.052244
5,1104.0000,95.863833
5,1105.0000,83.716848
5,1106.0000,95.684066
5,1107.0000,102.809103
5,1108.0000,91.197764
5,1109.0000,98.937270
5,1110.0000,97.865206
5,1111.0000,94.239483
5,1112.0000,97.896153
5,1113.0000,90.346398
5,1114.0000,99.425052
5,1115.0000,99.539445
5,1116.0000,92.858702
5,1117.0000,89.038597
5,1118.0000,85.391828
5,1119.0000,88.172766
5,1120.0000,92.976403
5,1121.0000,92.125606
5,1122.0000,104.838374
5,1123.0000,90.844852
5,1124.0000,87.183421
5,1125.0000,100.370724
5,1126.0000,97.209070
5,1127.0000,101.371792
5,1128.0000,95.720107
5,1129.0000,92.667972
5,1130.0000,100.781106
5,1131.0000,97.265411
5,1132.0000,93.902306
5,1133.0000,93.467454
5,1134.0000,98.286914
5,1135.0000,101.992060
5,1136.0000,101.879804
5,1137.0000,103.598709
5,1138.0000,106.406108
5,1139.0000,95.301551
5,1140.0000,105.965437
5,1141.0000,107.405531
5,1142.0000,115.275977
5,1143.0000,114.081520
5,1144.0000,119.669101
5,1145.0000,115.941134
5,1146.0000,124.561680
5,1147.0000,132.239509
5,1148.0000,136.203442
5,1149.0000,155.206526
5,1150.0000,162.125046
5,1151.0000,178.066179
5,1152.0000,197.080053
5,1153.0000,214.074593
5,1154.0000,231.113512
5,1155.0000,236.511835
5,1156.0000,222.996816
5,1157.0000,220.305432
5,1158.0000,190.423560
5,1159.0000,188.789139
5,1160.0000,168.876902
5,1161.0000,154.414378
5,1162.0000,139.332520
5,1163.0000,140.007760
5,1164.0000,125.627187
5,1165.0000,129.669552
5,1166.0000,139.482242
5,1167.0000,131.008509
5,1168.0000,126.291789
5,1169.0000,111.703368
5,1170.0000,119.523058
5,1171.0000,115.494514
5,1172.0000,115.139016
5,1173.0000,128.815079
5,1174.0000,116.874226
5,1175.0000,111.919838
5,1176.0000,135.663736
5,1177.0000,136.472350
5,1178.0000,150.247247
5,1179.0000,167.524285
5,1180.0000,169.523977
5,1181.0000,185.411298
5,1182.0000,214.952394
5,1183.0000,214.553412
5,1184.0000,209.877793
5,1185.0000,196.531624
5,1186.0000,172.804280
5,1187.0000,159.995278
5,1188.0000,146.995714
5,1189.0000,143.717456
5,1190.0000,128.548572
5,1191.0000,130.668223
5,1192.0000,117.446601
5,1193.0000,122.817985
5,1194.0000,115.052819
5,1195.0000,116.715422
5,1196.0000,100.208854
5,1197.0000,104.767590
5,1198.0000,99.340003
5,1199.0000,107.987563
5,1200.0000,89.242358
5,1201.0000,107.398373
5,1202.0000,93.865969
5,1203.0000,97.854372
5,1204.0000,98.012090
5,1205.0000,88.550105
5,1206.0000,93.840252
5,1207.0000,95.760425
5,1208.0000,98.123079
5,1209.0000,88.668037
5,1210.0000,107.510944
5,1211.0000,100.378696
5,1212.0000,101.694636
5,1213.0000,87.848554
5,1214.0000,95.644446
5,1215.0000,95.809154
5,1216.0000,90.140305
5,1217.0000,88.632138
5,1218.0000,100.138799
5,1219.0000,89.427300
5,1220.0000,94.416677
5,1221.0000,76.966121
5,1222.0000,97.614493
5,1223.0000,98.593211
5,1224.0000,94.041078
5,1225.0000,90.652444
5,1226.0000,96.027617
5,1227.0000,90.132603
5,1228.0000,79.347601
5,1229.0000,89.386811
5,1230.0000,88.319166
5,1231.0000,81.994991
5,1232.0000,109.984131
5,1233.0000,98.923564
5,1234.0000,96.167311
5,1235.0000,98.510424
5,1236.0000,89.684597
5,1237.0000,85.230522
5,1238.0000,90.618857
5,1239.0000,88.887226
5,1240.0000,74.559470
5,1241.0000,86.345086
5,1242.0000,86.510729
5,1243.0000,94.521235
5,1244.0000,96.235245
5,1245.0000,90.950087
5,1246.0000,95.197181
5,1247.0000,87.448120
5,1248.0000,94.132053
5,1249.0000,86.346029
5,1250.0000,81.345568
5,1251.0000,97.960003
5,1252.0000,92.956836
5,1253.0000,86.345437
5,1254.0000,95.066117
5,1255.0000,87.462415
5,1256.0000,91.667814
5,1257.0000,103.806307
5,1258.0000,91.777118
5,1259.0000,89.680945
5,1260.0000,96.478065
5,1261.0000,97.624911
5,1262.0000,95.015550
5,1263.0000,94.248210
5,1264.0000,101.594488
5,1265.0000,89.063587
5,1266.0000,97.123873
5,1267.0000,97.279131
5,1268.0000,91.887541
5,1269.0000,82.776131
5,1270.0000,90.463001
5,1271.0000,91.477695
5,1272.0000,91.297192
5,1273.0000,88.697635
5,1274.0000,97.631195
5,1275.0000,89.418842
5,1276.0000,80.390599
5,1277.0000,93.536987
5,1278.0000,95.369796
5,1279.0000,89.062702
5,1280.0000,91.762811
5,1281.0000,92.831414
5,1282.0000,95.711009
5,1283.0000,92.125959
5,1284.0000,86.055314
5,1285.0000,97.919973
5,1286.0000,95.056024
5,1287.0000,81.545753
5,1288.0000,88.639369
5,1289.0000,90.832058
5,1290.0000,96.142346
5,1291.0000,87.488261
5,1292.0000,88.649774
5,1293.0000,91.450751
5,1294.0000,88.104123
5,1295.0000,89.610041
5,1296.0000,76.809695
5,1297.0000,96.745337
5,1298.0000,91.650923
5,1299.0000,92.399955
5,1300.0000,97.615479
5,1301.0000,78.727480
5,1302.0000,100.123299
5,1303.0000,87.072448
5,1304.0000,90.923112
5,1305.0000,95.270062
5,1306.0000,100.947779
5,1307.0000,99.267657
5,1308.0000,94.479457
5,1309.0000,95.839493
5,1310.0000,83.719509
5,1311.0000,90.037077
5,1312.0000,90.380018
5,1313.0000,96.610911
5,1314.0000,88.143206
5,1315.0000,95.735949
5,1316.0000,86.925229
5,1317.0000,101.155459
5,1318.0000,99.344186
5,1319.0000,84.729176
5,1320.0000,99.889055
5,1321.0000,92.045889
5,1322.0000,92.623800
5,1323.0000,90.691316
5,1324.0000,88.499524
5,1325.0000,95.256768
5,1326.0000,91.003140
5,1327.0000,88.792275
5,1328.0000,94.884567
5,1329.0000,91.957318
5,1330.0000,86.446689
5,1331.0000,83.458388
5,1332.0000,83.175791
5,1333.0000,101.121237
5,1334.0000,95.284648
5,1335.0000,92.569591
5,1336.0000,88.659924
5,1337.0000,93.391491
5,1338.0000,87.421947
5,1339.0000,104.884702
5,1340.0000,87.207537
5,1341.0000,94.841737
5,1342.0000,88.188142
5,1343.0000,87.476949
5,1344.0000,88.639780
5,1345.0000,89.963548
5,1346.0000,90.403619
5,1347.0000,93.211457
5,1348.0000,91.954819
5,1349.0000,97.942411
5,1350.0000,96.914844
5,1351.0000,100.716043
5,1352.0000,100.476109
5,1353.0000,95.007515
5,1354.0000,97.938132
5,1355.0000,83.091656
5,1356.0000,99.963787
5,1357.0000,87.640599
5,1358.0000,91.258735
5,1359.0000,91.629592
5,1360.0000,94.062901
5,1361.0000,90.674623
5,1362.0000,82.042869
5,1363.0000,83.920467
5,1364.0000,96.915202
5,1365.0000,90.553975
5,1366.0000,98.777910
5,1367.0000,91.255974
5,1368.0000,98.243828
5,1369.0000,100.550719
5,1370.0000,95.194105
5,1371.0000,95.838323
5,1372.0000,92.135967
5,1373.0000,94.530485
5,1374.0000,84.047450
5,1375.0000,83.459934
5,1376.0000,98.301972
5,1377.0000,85.970356
5,1378.0000,93.542115
5,1379.0000,84.425800
5,1380.0000,85.624093
5,1381.0000,88.835928
5,1382.0000,94.688965
5,1383.0000,84.162044
5,1384.0000,102.135164
5,1385.0000,98.272389
5,1386.0000,101.974325
5,1387.0000,91.471910
5,1388.0000,90.490974
5,1389.0000,94.930097
5,1390.0000,103.169326
5,1391.0000,98.012841
5,1392.0000,92.164106
5,1393.0000,89.966528
5,1394.0000,82.657175
5,1395.0000,85.596324
5,1396.0000,87.959996
5,1397.0000,99.738680
5,1398.0000,92.158810
5,1399.0000,100.923175
5,1400.0000,91.831117
5,1401.0000,91.954065
5,1402.0000,95.374488
5,1403.0000,111.119804
5,1404.0000,92.618156
5,1405.0000,95.322378
5,1406.0000,99.724125
5,1407.0000,99.962010
5,1408.0000,97.123338
5,1409.0000,91.189350
5,1410.0000,79.227624
5,1411.0000,92.837173
5,1412.0000,96.266998
5,1413.0000,98.515700
5,1414.0000,94.596904
5,1415.0000,98.351334
5,1416.0000,94.139507
5,1417.0000,111.661439
5,1418.0000,99.556747
5,1419.0000,99.581825
5,1420.0000,103.077165
5,1421.0000,106.626805
5,1422.0000,97.217461
5,1423.0000,107.161721
5,1424.0000,110.158613
5,1425.0000,106.114124
5,1426.0000,116.008643
5,1427.0000,98.110917
5,1428.0000,104.649487
5,1429.0000,116.834832
5,1430.0000,112.083442
5,1431.0000,107.829844
5,1432.0000,117.790536
5,1433.0000,125.064774
5,1434.0000,129.947644
5,1435.0000,125.195167
5,1436.0000,133.575152
5,1437.0000,134.464966
5,1438.0000,141.329254
5,1439.0000,157.132471
5,1440.0000,174.733465
5,1441.0000,173.306372
5,1442.0000,179.648277
5,1443.0000,202.944424
5,1444.0000,211.291772
5,1445.0000,238.724542
5,1446.0000,239.422116
5,1447.0000,283.686601
5,1448.0000,290.045118
5,1449.0000,322.334140
5,1450.0000,310.308873
5,1451.0000,294.749755
5,1452.0000,296.854132
5,1453.0000,274.729431
5,1454.0000,261.676837
5,1455.0000,234.469367
5,1456.0000,227.651939
5,1457.0000,187.333389
5,1458.0000,183.051982
5,1459.0000,161.722389
5,1460.0000,168.286358
5,1461.0000,152.699255
5,1462.0000,147.644174
5,1463.0000,127.755894
5,1464.0000,129.177093
5,1465.0000,131.268434
5,1466.0000,121.822716
5,1467.0000,127.001589
5,1468.0000,128.862198
5,1469.0000,122.415598
5,1470.0000,110.429829
5,1471.0000,123.093324
5,1472.0000,106.600324
5,1473.0000,108.890442
5,1474.0000,104.523039
5,1475.0000,106.840713
5,1476.0000,119.664113
5,1477.0000,99.413923
5,1478.0000,107.124898
5,1479.0000,91.541393
5,1480.0000,102.430019
5,1481.0000,102.838277
5,1482.0000,106.559561
5,1483.0000,101.657866
5,1484.0000,101.556254
5,1485.0000,99.675042
5,1486.0000,100.632789
5,1487.0000,96.369586
5,1488.0000,108.781499
5,1489.0000,101.256848
5,1490.0000,96.422201
5,1491.0000,93.346652
5,1492.0000,87.571017
5,1493.0000,91.074447
5,1494.0000,93.952454
5,1495.0000,99.120267
5,1496.0000,86.151065
5,1497.0000,102.268837
5,1498.0000,101.201582
5,1499.0000,93.908830
5,1500.0000,87.653655
5,1501.0000,104.944237
5,1502.0000,103.192888
5,1503.0000,93.317711
5,1504.0000,101.495213
5,1505.0000,94.252864
5,1506.0000,92.988827
5,1507.0000,102.974666
5,1508.0000,98.019106
5,1509.0000,96.421990
5,1510.0000,102.426189
5,1511.0000,90.323946
5,1512.0000,90.264032
5,1513.0000,97.983608
5,1514.0000,91.764312
5,1515.0000,102.299136
5,1516.0000,88.481208
5,1517.0000,94.892924
5,1518.0000,91.815388
5,1519.0000,92.252839
5,1520.0000,98.095372
5,1521.0000,101.431292
5,1522.0000,103.300124
5,1523.0000,100.698038
5,1524.0000,94.286437
5,1525.0000,87.193148
5,1526.0000,105.471158
5,1527.0000,104.733040
5,1528.0000,92.440391
5,1529.0000,111.105112
5,1530.0000,92.878952
5,1531.0000,95.248016
5,1532.0000,96.129800
5,1533.0000,93.423029
5,1534.0000,100.962431
5,1535.0000,100.366281
5,1536.0000,116.937918
5,1537.0000,95.958645
5,1538.0000,101.614537
5,1539.0000,101.409075
5,1540.0000,95.747236
5,1541.0000,94.028902
5,1542.0000,104.199711
5,1543.0000,104.361175
5,1544.0000,106.504742
5,1545.0000,87.488123
5,1546.0000,93.925722
5,1547.0000,96.817661
5,1548.0000,83.559784
5,1549.0000,86.801190
5,1550.0000,106.891505
5,1551.0000,90.380338
5,1552.0000,106.339744
5,1553.0000,89.647831
5,1554.0000,105.947240
5,1555.0000,104.418267
5,1556.0000,105.739812
5,1557.0000,99.030448
5,1558.0000,99.045353
5,1559.0000,101.303056
5,1560.0000,100.826275
5,1561.0000,113.180551
5,1562.0000,104.142891
5,1563.0000,99.744821
5,1564.0000,101.681797
5,1565.0000,109.788872
5,1566.0000,110.681782
5,1567.0000,124.036934
5,1568.0000,130.171375
5,1569.0000,121.192096
5,1570.0000,128.474793
5,1571.0000,128.738111
5,1572.0000,132.514310
5,1573.0000,148.806210
5,1574.0000,145.594175
5,1575.0000,160.041121
5,1576.0000,168.903899
5,1577.0000,184.847521
5,1578.0000,204.858899
5,1579.0000,230.121706
5,1580.0000,256.378638
5,1581.0000,278.560646
5,1582.0000,313.687901
5,1583.0000,305.967214
5,1584.0000,305.725209
5,1585.0000,302.262506
5,1586.0000,265.924090
5,1587.0000,239.862183
5,1588.0000,243.711381
5,1589.0000,227.410914
5,1590.0000,215.326148
5,1591.0000,216.009147
5,1592.0000,218.670526
5,1593.0000,226.365250
5,1594.0000,244.458458
5,1595.0000,271.704131
5,1596.0000,300.990174
5,1597.0000,354.508112
5,1598.0000,420.399101
5,1599.0000,516.443024
5,1600.0000,590.284749
5,1601.0000,679.313446
5,1602.0000,723.058967
5,1603.0000,681.608422
5,1604.0000,601.712070
5,1605.0000,487.555133
5,1606.0000,403.415262
5,1607.0000,339.913565
5,1608.0000,283.678622
5,1609.0000,243.564844
5,1610.0000,223.448909
5,1611.0000,190.780676
5,1612.0000,178.377366
5,1613.0000,169.978465
5,1614.0000,157.594239
5,1615.0000,144.853354
5,1616.0000,135.563389
5,1617.0000,143.386616
5,1618.0000,123.426566
5,1619.0000,116.931741
5,1620.0000,118.736351
5,1621.0000,111.599670
5,1622.0000,110.717984
5,1623.0000,113.160166
5,1624.0000,115.939773
5,1625.0000,111.587313
5,1626.0000,115.234511
5,1627.0000,116.143832
5,1628.0000,111.819392
5,1629.0000,100.070611
5,1630.0000,121.569680
5,1631.0000,102.615298
5,1632.0000,104.832986
5,1633.0000,108.541509
5,1634.0000,99.123630
5,1635.0000,100.376126
5,1636.0000,97.767470
5,1637.0000,94.635056
5,1638.0000,106.902852
5,1639.0000,94.500767
5,1640.0000,84.003345
5,1641.0000,94.101059
5,1642.0000,83.589485
5,1643.0000,99.814974
5,1644.0000,91.778030
5,1645.0000,103.004891
5,1646.0000,97.110597
5,1647.0000,85.881126
5,1648.0000,90.638582
5,1649.0000,90.073514
5,1650.0000,86.269698
5,1651.0000,99.041396
5,1652.0000,84.498617
5,1653.0000,93.297338
5,1654.0000,100.624803
5,1655.0000,91.809001
5,1656.0000,95.379401
5,1657.0000,100.541244
5,1658.0000,87.476590
5,1659.0000,96.993450
5,1660.0000,96.292801
5,1661.0000,103.061786
5,1662.0000,89.633474
5,1663.0000,97.167848
5,1664.0000,89.782440
5,1665.0000,92.022018
5,1666.0000,97.379452
5,1667.0000,87.179121
5,1668.0000,99.251367
5,1669.0000,108.124193
5,1670.0000,94.769171
5,1671.0000,91.378069
5,1672.0000,88.640063
5,1673.0000,89.634546
5,1674.0000,95.111490
5,1675.0000,90.394074
5,1676.0000,97.414167
5,1677.0000,77.960900
5,1678.0000,93.417571
5,1679.0000,98.276567
5,1680.0000,85.940922
5,1681.0000,78.324182
5,1682.0000,91.078575
5,1683.0000,93.527578
5,1684.0000,87.115825
5,1685.0000,92.972710
5,1686.0000,85.878319
5,1687.0000,94.076772
5,1688.0000,95.061180
5,1689.0000,82.248402
5,1690.0000,90.665065
5,1691.0000,89.697129
5,1692.0000,84.286940
5,1693.0000,92.448604
5,1694.0000,93.422747
5,1695.0000,90.559152
5,1696.0000,85.879428
5,1697.0000,95.342596
5,1698.0000,80.020032
5,1699.0000,103.190674
5,1700.0000,89.247499
5,1701.0000,97.864357
5,1702.0000,104.458361
5,1703.0000,89.011617
5,1704.0000,88.382344
5,1705.0000,102.815200
5,1706.0000,82.290479
5,1707.0000,82.696269
5,1708.0000,96.231079
5,1709.0000,88.657833
5,1710.0000,83.833231
5,1711.0000,96.459949
5,1712.0000,88.635357
5,1713.0000,97.464310
5,1714.0000,98.731628
5,1715.0000,80.690947
5,1716.0000,88.635530
5,1717.0000,100.002352
5,1718.0000,92.233896
5,1719.0000,83.849705
5,1720.0000,99.381707
5,1721.0000,82.987067
5,1722.0000,93.209222
5,1723.0000,91.389739
5,1724.0000,93.471868
5,1725.0000,96.566052
5,1726.0000,90.814903
5,1727.0000,88.563112
5,1728.0000,91.112318
5,1729.0000,102.089324
5,1730.0000,93.660210
5,1731.0000,89.487305
5,1732.0000,88.566936
5,1733.0000,88.739558
5,1734.0000,94.462794
5,1735.0000,95.817119
5,1736.0000,95.394096
5,1737.0000,95.272112
5,1738.0000,92.123821
5,1739.0000,99.934394
5,1740.0000,84.334286
5,1741.0000,94.485034
5,1742.0000,95.955031
5,1743.0000,88.790328
5,1744.0000,86.033737
5,1745.0000,90.047622
5,1746.0000,100.483231
5,1747.0000,87.306042
5,1748.0000,93.914454
5,1749.0000,85.285092
5,1750.0000,86.995614
5,1751.0000,101.081344
5,1752.0000,102.047111
5,1753.0000,98.606985
5,1754.0000,90.664594
5,1755.0000,90.959380
5,1756.0000,88.107367
5,1757.0000,98.873285
5,1758.0000,90.348217
5,1759.0000,92.285712
5,1760.0000,89.595447
5,1761.0000,77.284603
5,1762.0000,92.122277
5,1763.0000,83.348857
5,1764.0000,88.271746
5,1765.0000,88.135775
5,1766.0000,88.933614
5,1767.0000,89.404428
5,1768.0000,82.991129
5,1769.0000,92.271089
5,1770.0000,64.134476
5,1771.0000,86.266914
5,1772.0000,96.390833
5,1773.0000,92.127474
5,1774.0000,87.586911
5,1775.0000,87.761617
5,1776.0000,86.863262
5,1777.0000,84.826699
5,1778.0000,96.230125
5,1779.0000,89.744847
5,1780.0000,100.270367
5,1781.0000,92.068536
5,1782.0000,89.509519
5,1783.0000,108.320131
5,1784.0000,98.229175
5,1785.0000,85.631709
5,1786.0000,89.441155
5,1787.0000,93.084534
5,1788.0000,94.869638
5,1789.0000,86.720589
5,1790.0000,84.767812
5,1791.0000,91.325382
5,1792.0000,98.533810
5,1793.0000,85.819883
5,1794.0000,96.979922
5,1795.0000,89.480917
5,1796.0000,100.541381
5,1797.0000,95.537475
5,1798.0000,95.924692
5,1799.0000,92.178160
5,1800.0000,86.399256
5,1801.0000,92.677039
5,1802.0000,81.276106
5,1803.0000,92.449483
5,1804.0000,92.199087
5,1805.0000,96.231961
5,1806.0000,91.068393
5,1807.0000,87.024696
5,1808.0000,99.393868
5,1809.0000,91.010476
5,1810.0000,95.329777
5,1811.0000,88.996970
5,1812.0000,93.770788
5,1813.0000,95.779043
5,1814.0000,87.767359
5,1815.0000,85.204263
5,1816.0000,90.469616
5,1817.0000,93.930790
5,1818.0000,109.124290
5,1819.0000,91.706863
5,1820.0000,99.262072
5,1821.0000,102.398350
5,1822.0000,85.306217
5,1823.0000,75.518653
5,1824.0000,85.814903
5,1825.0000,93.822468
5,1826.0000,92.377997
5,1827.0000,96.544707
5,1828.0000,91.644891
5,1829.0000,85.571042
5,1830.0000,95.800638
5,1831.0000,84.460399
5,1832.0000,87.806984
5,1833.0000,91.199130
5,1834.0000,84.986114
5,1835.0000,90.779690
5,1836.0000,88.645811
5,1837.0000,90.352852
5,1838.0000,90.651527
5,1839.0000,83.055859
5,1840.0000,93.749239
5,1841.0000,105.904090
5,1842.0000,89.719511
5,1843.0000,93.817935
5,1844.0000,95.033851
5,1845.0000,89.395543
5,1846.0000,94.097701
5,1847.0000,80.586146
5,1848.0000,87.026831
5,1849.0000,82.568454
5,1850.0000,90.011654
5,1851.0000,88.552429
5,1852.0000,90.072520
5,1853.0000,93.259779
5,1854.0000,90.162342
5,1855.0000,88.183736
5,1856.0000,91.970930
5,1857.0000,94.240093
5,1858.0000,92.993936
5,1859.0000,76.575389
5,1860.0000,92.849960
5,1861.0000,95.203077
5,1862.0000,86.634848
5,1863.0000,94.629128
5,1864.0000,84.415418
5,1865.0000,90.801481
5,1866.0000,89.231662
5,1867.0000,82.396393
5,1868.0000,94.723192
5,1869.0000,89.324969
5,1870.0000,91.921355
5,1871.0000,96.892065
5,1872.0000,99.335911
5,1873.0000,87.096165
5,1874.0000,87.140020
5,1875.0000,101.326911
5,1876.0000,84.252710
5,1877.0000,93.669117
5,1878.0000,83.232495
5,1879.0000,91.532342
5,1880.0000,91.971621
5,1881.0000,90.256212
5,1882.0000,100.444917
5,1883.0000,85.910009
5,1884.0000,94.755546
5,1885.0000,94.832007
5,1886.0000,104.801446
5,1887.0000,78.102492
5,1888.0000,97.839114
5,1889.0000,72.844634
5,1890.0000,79.555343
5,1891.0000,89.499501
5,1892.0000,86.063855
5,1893.0000,82.540799
5,1894.0000,91.240358
5,1895.0000,90.320245
5,1896.0000,100.402723
5,1897.0000,94.467412
5,1898.0000,91.191275
5,1899.0000,86.961932
5,1900.0000,77.806026
5,1901.0000,90.569500
5,1902.0000,82.552880
5,1903.0000,83.858863
5,1904.0000,80.565702
5,1905.0000,90.316909
5,1906.0000,87.731162
5,1907.0000,86.992702
5,1908.0000,95.602378
5,1909.0000,84.901362
5,1910.0000,89.495638
5,1911.0000,108.547487
5,1912.0000,103.890899
5,1913.0000,92.115019
5,1914.0000,84.972592
5,1915.0000,91.125164
5,1916.0000,94.258790
5,1917.0000,90.601076
5,1918.0000,73.368844
5,1919.0000,89.471798
5,1920.0000,95.743402
5,1921.0000,86.084322
5,1922.0000,88.602665
5,1923.0000,95.876511
5,1924.0000,91.622079
5,1925.0000,95.113086
5,1926.0000,92.376913
5,1927.0000,82.851424
5,1928.0000,91.711396
5,1929.0000,93.011044
5,1930.0000,99.866588
5,1931.0000,91.904672
5,1932.0000,84.723102
5,1933.0000,83.826772
5,1934.0000,91.099306
5,1935.0000,98.195043
5,1936.0000,85.928960
5,1937.0000,87.350441
5,1938.0000,80.052350
5,1939.0000,86.898566
5,1940.0000,97.085110
5,1941.0000,79.058606
5,1942.0000,97.807351
5,1943.0000,89.074827
5,1944.0000,79.593259
5,1945.0000,80.641312
5,1946.0000,85.413441
5,1947.0000,91.587628
5,1948.0000,90.478579
5,1949.0000,97.320510
5,1950.0000,95.143379
5,1951.0000,86.911521
5,1952.0000,86.919239
5,1953.0000,88.390779
5,1954.0000,87.561921
5,1955.0000,83.806580
5,1956.0000,97.703877
5,1957.0000,89.900087
5,1958.0000,91.208817
5,1959.0000,83.311175
5,1960.0000,78.347244
5,1961.0000,86.224559
5,1962.0000,87.321939
5,1963.0000,100.119773
5,1964.0000,88.468213
5,1965.0000,97.406962
5,1966.0000,87.719979
5,1967.0000,96.260807
5,1968.0000,87.619340
5,1969.0000,91.880034
5,1970.0000,91.165673
5,1971.0000,89.901849
5,1972.0000,89.274116
5,1973.0000,95.883538
5,1974.0000,99.845890
5,1975.0000,76.368341
5,1976.0000,100.371218
5,1977.0000,92.878320
5,1978.0000,92.570131
5,1979.0000,93.390176
5,1980.0000,91.116668
5,1981.0000,86.602683
5,1982.0000,85.636780
5,1983.0000,81.425552
5,1984.0000,82.419851
5,1985.0000,87.802692
5,1986.0000,90.133973
5,1987.0000,84.518116
5,1988.0000,88.979362
5,1989.0000,93.634238
5,1990.0000,85.975413
5,1991.0000,92.967966
5,1992.0000,97.788812
5,1993.0000,94.017381
5,1994.0000,95.261948
5,1995.0000,93.556499
5,1996.0000,93.429515
5,1997.0000,97.243733
5,1998.0000,101.787076
5,1999.0000,88.755300
5,2000.0000,98.614130
6,200.0000,113.505161
6,201.0000,104.994595
6,202.0000,104.225072
6,203.0000,113.800158
6,204.0000,113.491400
6,205.0000,117.112258
6,206.0000,106.306023
6,207.0000,114.640374
6,208.0000,120.598062
6,209.0000,104.545597
6,210.0000,105.112996
6,211.0000,106.615077
6,212.0000,114.690655
6,213.0000,114.639344
6,214.0000,113.905889
6,215.0000,108.301582
6,216.0000,106.715484
6,217.0000,105.488164
6,218.0000,110.794191
6,219.0000,105.795426
6,220.0000,105.334294
6,221.0000,112.080610
6,222.0000,108.945867
6,223.0000,105.716874
6,224.0000,102.565766
6,225.0000,112.469929
6,226.0000,106.135975
6,227.0000,101.380892
6,228.0000,117.025724
6,229.0000,119.763483
6,230.0000,102.683229
6,231.0000,112.238313
6,232.0000,111.498527
6,233.0000,102.996045
6,234.0000,110.636971
6,235.0000,99.639764
6,236.0000,114.440779
6,237.0000,100.641724
6,238.0000,109.441282
6,239.0000,113.260169
6,240.0000,100.973706
6,241.0000,95.830300
6,242.0000,117.920627
6,243.0000,100.480612
6,244.0000,99.012756
6,245.0000,106.544510
6,246.0000,106.577565
6,247.0000,96.084907
6,248.0000,105.620862
6,249.0000,99.577277
6,250.0000,110.426633
6,251.0000,116.414509
6,252.0000,113.279894
6,253.0000,100.580257
6,254.0000,100.552726
6,255.0000,106.421626
6,256.0000,101.131709
6,257.0000,118.196613
6,258.0000,99.462423
6,259.0000,106.237251
6,260.0000,118.264245
6,261.0000,106.002413
6,262.0000,100.531114
6,263.0000,110.649709
6,264.0000,106.132516
6,265.0000,106.475207
6,266.0000,111.175182
6,267.0000,101.899689
6,268.0000,104.567149
6,269.0000,126.363032
6,270.0000,108.426415
6,271.0000,119.630147
6,272.0000,107.308519
6,273.0000,102.319036
6,274.0000,102.537462
6,275.0000,111.542359
6,276.0000,111.396765
6,277.0000,104.133595
6,278.0000,122.443714
6,279.0000,109.393357
6,280.0000,110.144863
6,281.0000,88.861163
6,282.0000,107.808222
6,283.0000,117.342412
6,284.0000,113.823964
6,285.0000,103.142810
6,286.0000,100.422522
6,287.0000,104.032440
6,288.0000,107.512643
6,289.0000,116.259742
6,290.0000,99.543878
6,291.0000,111.016344
6,292.0000,107.913152
6,293.0000,107.824657
6,294.0000,105.491858
6,295.0000,115.883205
6,296.0000,104.462337
6,297.0000,108.182948
6,298.0000,110.110003
6,299.0000,107.949735
6,300.0000,114.950297
6,301.0000,99.721408
6,302.0000,97.351342
6,303.0000,101.226309
6,304.0000,107.326282
6,305.0000,102.189749
6,306.0000,109.184039
6,307.0000,108.879664
6,308.0000,112.263307
6,309.0000,104.184557
6,310.0000,106.744455
6,311.0000,114.005423
6,312.0000,113.261208
6,313.0000,102.048966
6,314.0000,106.948024
6,315.0000,114.919373
6,316.0000,103.090732
6,317.0000,104.852970
6,318.0000,113.031010
6,319.0000,104.887530
6,320.0000,100.462612
6,321.0000,100.565645
6,322.0000,98.886053
6,323.0000,106.353806
6,324.0000,107.045713
6,325.0000,111.295557
6,326.0000,89.408620
6,327.0000,103.836511
6,328.0000,107.169708
6,329.0000,115.678099
6,330.0000,102.037356
6,331.0000,106.850200
6,332.0000,106.441891
6,333.0000,107.284991
6,334.0000,104.009990
6,335.0000,99.524525
6,336.0000,109.548311
6,337.0000,108.338220
6,338.0000,107.525851
6,339.0000,112.035979
6,340.0000,109.991477
6,341.0000,103.995479
6,342.0000,115.861418
6,343.0000,106.551209
6,344.0000,113.604865
6,345.0000,105.096201
6,346.0000,120.286123
6,347.0000,112.302719
6,348.0000,112.402963
6,349.0000,100.267946
6,350.0000,117.016347
6,351.0000,104.611335
6,352.0000,99.990161
6,353.0000,117.794672
6,354.0000,111.815744
6,355.0000,104.422737
6,356.0000,104.411896
6,357.0000,105.284056
6,358.0000,107.940464
6,359.0000,111.076713
6,360.0000,107.377296
6,361.0000,108.205123
6,362.0000,109.360187
6,363.0000,99.318610
6,364.0000,104.856270
6,365.0000,103.630428
6,366.0000,96.773202
6,367.0000,107.333558
6,368.0000,100.439918
6,369.0000,117.826748
6,370.0000,110.335950
6,371.0000,102.425151
6,372.0000,114.799488
6,373.0000,102.278470
6,374.0000,105.368898
6,375.0000,108.128676
6,376.0000,115.311407
6,377.0000,112.858546
6,378.0000,112.223963
6,379.0000,114.169765
6,380.0000,122.135367
6,381.0000,103.569654
6,382.0000,111.198842
6,383.0000,108.628795
6,384.0000,108.457220
6,385.0000,114.173535
6,386.0000,122.406727
6,387.0000,108.577985
6,388.0000,101.998572
6,389.0000,110.070750
6,390.0000,113.719354
6,391.0000,111.290713
6,392.0000,108.726750
6,393.0000,107.157235
6,394.0000,107.432594
6,395.0000,98.757333
6,396.0000,110.400634
6,397.0000,99.876777
6,398.0000,111.882293
6,399.0000,111.827882
6,400.0000,127.786472
6,401.0000,120.068519
6,402.0000,98.716015
6,403.0000,95.718847
6,404.0000,108.065491
6,405.0000,100.852062
6,406.0000,110.786623
6,407.0000,114.424660
6,408.0000,111.259891
6,409.0000,113.284508
6,410.0000,110.934000
6,411.0000,115.416112
6,412.0000,115.389107
6,413.0000,111.046502
6,414.0000,102.882970
6,415.0000,107.197314
6,416.0000,114.741763
6,417.0000,106.056211
6,418.0000,102.732845
6,419.0000,105.685323
6,420.0000,111.623795
6,421.0000,108.204814
6,422.0000,107.872272
6,423.0000,102.247805
6,424.0000,106.960294
6,425.0000,110.098312
6,426.0000,114.395569
6,427.0000,108.651743
6,428.0000,106.023445
6,429.0000,105.822069
6,430.0000,111.368856
6,431.0000,111.842513
6,432.0000,105.843400
6,433.0000,102.320637
6,434.0000,106.212789
6,435.0000,113.524442
6,436.0000,112.982655
6,437.0000,98.893860
6,438.0000,99.747000
6,439.0000,105.986693
6,440.0000,100.679203
6,441.0000,107.310201
6,442.0000,104.800875
6,443.0000,105.055547
6,444.0000,110.886061
6,445.0000,112.252985
6,446.0000,96.796526
6,447.0000,100.746913
6,448.0000,104.929679
6,449.0000,99.269177
6,450.0000,115.294611
6,451.0000,121.349508
6,452.0000,102.322375
6,453.0000,107.092887
6,454.0000,116.749643
6,455.0000,110.167348
6,456.0000,108.708876
6,457.0000,111.408865
6,458.0000,106.518591
6,459.0000,109.612232
6,460.0000,113.550347
6,461.0000,106.619108
6,462.0000,111.910368
6,463.0000,107.889967
6,464.0000,107.104443
6,465.0000,105.597514
6,466.0000,100.068723
6,467.0000,102.508457
6,468.0000,96.944018
6,469.0000,104.660964
6,470.0000,109.347028
6,471.0000,112.740437
6,472.0000,109.621108
6,473.0000,112.818155
6,474.0000,112.473045
6,475.0000,104.797086
6,476.0000,100.138839
6,477.0000,108.940070
6,478.0000,102.491753
6,479.0000,110.244012
6,480.0000,100.848581
6,481.0000,101.190048
6,482.0000,112.422532
6,483.0000,107.637217
6,484.0000,96.255546
6,485.0000,108.650484
6,486.0000,109.174524
6,487.0000,105.131493
6,488.0000,104.014136
6,489.0000,118.876603
6,490.0000,107.463543
6,491.0000,104.922236
6,492.0000,112.092328
6,493.0000,103.515224
6,494.0000,111.570567
6,495.0000,115.685785
6,496.0000,103.321965
6,497.0000,107.312464
6,498.0000,106.231458
6,499.0000,102.716758
6,500.0000,106.157466
6,501.0000,103.047169
6,502.0000,105.717645
6,503.0000,107.174621
6,504.0000,112.185837
6,505.0000,118.686766
6,506.0000,120.154741
6,507.0000,103.295886
6,508.0000,114.398387
6,509.0000,100.709900
6,510.0000,99.927433
6,511.0000,108.088588
6,512.0000,112.174378
6,513.0000,93.832324
6,514.0000,109.794993
6,515.0000,118.809354
6,516.0000,100.864892
6,517.0000,107.749137
6,518.0000,106.776027
6,519.0000,101.236340
6,520.0000,103.141032
6,521.0000,104.890163
6,522.0000,106.591620
6,523.0000,105.230445
6,524.0000,110.114557
6,525.0000,123.816062
6,526.0000,108.171662
6,527.0000,105.121224
6,528.0000,110.486310
6,529.0000,107.830005
6,530.0000,112.407647
6,531.0000,97.559484
6,532.0000,108.031707
6,533.0000,96.411466
6,534.0000,115.288148
6,535.0000,114.174417
6,536.0000,106.289063
6,537.0000,104.791767
6,538.0000,104.249748
6,539.0000,113.167546
6,540.0000,117.689718
6,541.0000,118.311837
6,542.0000,113.647583
6,543.0000,111.880826
6,544.0000,109.036812
6,545.0000,120.909463
6,546.0000,104.288470
6,547.0000,106.276427
6,548.0000,101.494859
6,549.0000,111.041870
6,550.0000,106.342648
6,551.0000,113.478406
6,552.0000,110.353620
6,553.0000,97.095127
6,554.0000,106.184473
6,555.0000,107.508064
6,556.0000,115.062670
6,557.0000,113.558111
6,558.0000,113.131557
6,559.0000,105.000545
6,560.0000,110.038322
6,561.0000,113.324623
6,562.0000,113.772304
6,563.0000,117.421125
6,564.0000,114.592030
6,565.0000,109.199405
6,566.0000,105.835637
6,567.0000,115.633363
6,568.0000,116.907513
6,569.0000,111.597542
6,570.0000,108.189911
6,571.0000,106.285714
6,572.0000,113.794271
6,573.0000,106.919361
6,574.0000,114.282883
6,575.0000,97.054402
6,576.0000,109.734772
6,577.0000,117.303675
6,578.0000,98.790984
6,579.0000,108.931528
6,580.0000,115.609113
6,581.0000,103.530797
6,582.0000,102.244991
6,583.0000,106.584447
6,584.0000,120.203358
6,585.0000,109.582357
6,586.0000,111.447935
6,587.0000,111.876860
6,588.0000,111.726357
6,589.0000,114.536633
6,590.0000,111.666916
6,591.0000,104.378529
6,592.0000,117.439446
6,593.0000,114.756127
6,594.0000,119.367283
6,595.0000,117.688381
6,596.0000,121.996149
6,597.0000,118.077684
6,598.0000,115.895241
6,599.0000,112.006732
6,600.0000,119.612528
6,601.0000,119.937231
6,602.0000,117.117504
6,603.0000,118.467867
6,604.0000,121.031429
6,605.0000,131.680576
6,606.0000,118.069057
6,607.0000,119.208270
6,608.0000,134.024693
6,609.0000,142.071097
6,610.0000,141.296647
6,611.0000,143.886959
6,612.0000,150.717966
6,613.0000,162.998980
6,614.0000,170.283063
6,615.0000,181.200602
6,616.0000,216.724684
6,617.0000,238.904620
6,618.0000,258.467433
6,619.0000,276.371822
6,620.0000,286.553866
6,621.0000,267.003906
6,622.0000,261.772980
6,623.0000,217.673866
6,624.0000,208.008461
6,625.0000,198.507279
6,626.0000,169.388690
6,627.0000,156.669937
6,628.0000,152.485122
6,629.0000,137.267445
6,630.0000,131.862508
6,631.0000,133.446365
6,632.0000,121.530819
6,633.0000,125.222315
6,634.0000,131.116975
6,635.0000,120.245235
6,636.0000,122.239573
6,637.0000,116.646082
6,638.0000,122.396809
6,639.0000,120.086506
6,640.0000,126.426192
6,641.0000,119.054063
6,642.0000,116.822672
6,643.0000,124.043087
6,644.0000,116.745995
6,645.0000,120.425789
6,646.0000,105.592171
6,647.0000,114.952488
6,648.0000,108.935710
6,649.0000,109.620273
6,650.0000,112.350511
6,651.0000,102.721294
6,652.0000,122.022306
6,653.0000,115.232775
6,654.0000,110.602797
6,655.0000,110.936547
6,656.0000,108.403140
6,657.0000,115.196940
6,658.0000,119.144402
6,659.0000,104.796524
6,660.0000,104.285437
6,661.0000,114.383527
6,662.0000,106.379076
6,663.0000,105.231209
6,664.0000,104.744110
6,665.0000,106.773726
6,666.0000,109.795351
6,667.0000,98.488558
6,668.0000,110.009434
6,669.0000,105.472083
6,670.0000,105.619996
6,671.0000,114.104860
6,672.0000,105.087496
6,673.0000,100.834643
6,674.0000,104.580283
6,675.0000,108.152251
6,676.0000,112.866264
6,677.0000,105.742270
6,678.0000,111.248413
6,679.0000,115.323199
6,680.0000,116.858064
6,681.0000,102.765469
6,682.0000,101.255188
6,683.0000,107.981159
6,684.0000,108.358894
6,685.0000,111.594988
6,686.0000,108.398669
6,687.0000,123.056337
6,688.0000,105.828401
6,689.0000,111.580470
6,690.0000,109.749235
6,691.0000,97.814820
6,692.0000,119.737336
6,693.0000,115.193634
6,694.0000,102.618527
6,695.0000,104.538327
6,696.0000,110.217969
6,697.0000,117.268883
6,698.0000,108.834448
6,699.0000,108.796027
6,700.0000,114.545073
6,701.0000,119.049969
6,702.0000,112.035365
6,703.0000,100.100795
6,704.0000,105.039964
6,705.0000,118.490898
6,706.0000,114.097835
6,707.0000,107.610826
6,708.0000,117.695866
6,709.0000,119.425338
6,710.0000,109.220003
6,711.0000,97.185616
6,712.0000,109.716707
6,713.0000,102.707206
6,714.0000,114.705878
6,715.0000,98.075452
6,716.0000,114.698675
6,717.0000,112.463718
6,718.0000,110.263640
6,719.0000,108.640705
6,720.0000,105.658769
6,721.0000,98.668268
6,722.0000,106.545111
6,723.0000,105.006222
6,724.0000,109.190560
6,725.0000,110.348293
6,726.0000,116.498679
6,727.0000,107.265932
6,728.0000,105.064229
6,729.0000,108.342328
6,730.0000,99.897937
6,731.0000,107.663307
6,732.0000,111.651648
6,733.0000,120.149435
6,734.0000,105.909044
6,735.0000,106.808712
6,736.0000,100.585234
6,737.0000,106.419412
6,738.0000,111.925494
6,739.0000,107.771961
6,740.0000,115.997201
6,741.0000,115.496420
6,742.0000,112.438537
6,743.0000,98.805519
6,744.0000,110.441305
6,745.0000,103.425131
6,746.0000,107.315687
6,747.0000,98.077271
6,748.0000,112.121711
6,749.0000,100.122868
6,750.0000,102.055554
6,751.0000,106.001991
6,752.0000,110.027690
6,753.0000,108.927879
6,754.0000,120.946495
6,755.0000,97.719920
6,756.0000,116.158309
6,757.0000,112.299848
6,758.0000,104.426917
6,759.0000,124.416597
6,760.0000,118.804823
6,761.0000,108.425731
6,762.0000,118.339372
6,763.0000,121.437623
6,764.0000,123.211938
6,765.0000,119.624901
6,766.0000,108.537599
6,767.0000,104.870741
6,768.0000,107.192836
6,769.0000,112.925430
6,770.0000,112.298541
6,771.0000,114.930379
6,772.0000,119.506769
6,773.0000,112.865408
6,774.0000,117.208663
6,775.0000,109.468525
6,776.0000,118.269154
6,777.0000,112.980402
6,778.0000,121.939976
6,779.0000,114.582111
6,780.0000,118.433074
6,781.0000,123.576113
6,782.0000,128.717474
6,783.0000,126.474834
6,784.0000,129.138844
6,785.0000,131.674038
6,786.0000,142.197076
6,787.0000,133.520525
6,788.0000,160.956614
6,789.0000,159.194203
6,790.0000,171.281391
6,791.0000,179.265182
6,792.0000,196.501882
6,793.0000,192.426844
6,794.0000,195.968452
6,795.0000,207.045838
6,796.0000,203.348831
6,797.0000,198.448311
6,798.0000,191.651586
6,799.0000,179.900038
6,800.0000,167.534228
6,801.0000,160.284218
6,802.0000,149.824311
6,803.0000,134.896956
6,804.0000,143.484883
6,805.0000,134.986708
6,806.0000,125.502366
6,807.0000,126.620874
6,808.0000,130.645650
6,809.0000,132.628137
6,810.0000,124.110350
6,811.0000,117.125952
6,812.0000,112.080297
6,813.0000,127.326260
6,814.0000,122.842845
6,815.0000,121.337083
6,816.0000,120.012518
6,817.0000,122.787473
6,818.0000,120.449955
6,819.0000,109.947971
6,820.0000,119.947212
6,821.0000,118.738988
6,822.0000,110.408569
6,823.0000,114.077814
6,824.0000,112.246328
6,825.0000,107.386642
6,826.0000,114.315600
6,827.0000,105.729355
6,828.0000,103.767409
6,829.0000,104.059247
6,830.0000,110.763655
6,831.0000,119.493589
6,832.0000,95.961787
6,833.0000,106.016302
6,834.0000,109.693732
6,835.0000,102.782665
6,836.0000,119.032331
6,837.0000,109.253909
6,838.0000,106.156592
6,839.0000,105.591941
6,840.0000,119.777366
6,841.0000,114.065813
6,842.0000,114.584135
6,843.0000,125.048035
6,844.0000,115.815891
6,845.0000,122.325471
6,846.0000,122.918283
6,847.0000,111.226588
6,848.0000,118.536842
6,849.0000,103.054197
6,850.0000,106.653875
6,851.0000,108.723454
6,852.0000,106.147132
6,853.0000,112.281323
6,854.0000,108.976767
6,855.0000,122.165211
6,856.0000,112.147893
6,857.0000,111.288103
6,858.0000,116.547127
6,859.0000,113.500240
6,860.0000,113.147216
6,861.0000,109.638647
6,862.0000,99.224536
6,863.0000,105.469861
6,864.0000,107.391226
6,865.0000,115.931127
6,866.0000,108.613416
6,867.0000,95.648736
6,868.0000,116.407510
6,869.0000,110.220765
6,870.0000,97.526625
6,871.0000,116.069049
6,872.0000,105.036000
6,873.0000,106.888416
6,874.0000,117.975826
6,875.0000,107.763635
6,876.0000,104.604035
6,877.0000,106.398199
6,878.0000,104.909840
6,879.0000,116.057639
6,880.0000,116.642511
6,881.0000,112.532531
6,882.0000,101.109492
6,883.0000,115.475948
6,884.0000,114.840447
6,885.0000,119.094519
6,886.0000,110.280239
6,887.0000,117.321898
6,888.0000,114.512148
6,889.0000,126.658880
6,890.0000,97.135635
6,891.0000,108.194762
6,892.0000,110.863767
6,893.0000,108.303994
6,894.0000,100.125351
6,895.0000,111.168354
6,896.0000,101.422103
6,897.0000,111.967383
6,898.0000,103.268289
6,899.0000,99.903466
6,900.0000,110.609002
6,901.0000,111.190738
6,902.0000,112.470603
6,903.0000,120.666885
6,904.0000,107.873260
6,905.0000,111.704671
6,906.0000,109.925703
6,907.0000,106.646634
6,908.0000,124.843337
6,909.0000,115.195494
6,910.0000,108.740282
6,911.0000,108.449527
6,912.0000,112.248965
6,913.0000,113.279964
6,914.0000,112.613760
6,915.0000,116.430417
6,916.0000,103.295919
6,917.0000,108.492135
6,918.0000,110.262612
6,919.0000,115.389573
6,920.0000,108.674446
6,921.0000,117.798486
6,922.0000,107.398983
6,923.0000,110.434404
6,924.0000,115.102160
6,925.0000,99.296987
6,926.0000,100.722953
6,927.0000,107.277032
6,928.0000,104.610545
6,929.0000,123.753110
6,930.0000,106.164375
6,931.0000,95.726228
6,932.0000,103.068831
6,933.0000,107.864795
6,934.0000,110.691437
6,935.0000,119.580829
6,936.0000,118.153125
6,937.0000,114.068265
6,938.0000,105.242089
6,939.0000,109.259776
6,940.0000,115.732092
6,941.0000,108.552301
6,942.0000,106.760954
6,943.0000,112.379222
6,944.0000,116.896218
6,945.0000,107.967391
6,946.0000,116.228326
6,947.0000,122.118115
6,948.0000,120.547460
6,949.0000,110.932921
6,950.0000,104.994410
6,951.0000,116.822430
6,952.0000,117.076262
6,953.0000,115.182778
6,954.0000,110.728308
6,955.0000,107.731444
6,956.0000,118.627836
6,957.0000,109.859866
6,958.0000,126.197906
6,959.0000,121.088296
6,960.0000,115.362790
6,961.0000,107.657206
6,962.0000,114.161752
6,963.0000,109.085033
6,964.0000,110.154296
6,965.0000,120.339771
6,966.0000,119.306401
6,967.0000,115.356789
6,968.0000,117.717610
6,969.0000,132.253075
6,970.0000,115.220706
6,971.0000,117.818473
6,972.0000,112.395723
6,973.0000,123.036496
6,974.0000,119.143725
6,975.0000,111.361389
6,976.0000,119.011140
6,977.0000,124.333369
6,978.0000,126.010997
6,979.0000,130.177010
6,980.0000,130.430742
6,981.0000,125.004212
6,982.0000,135.877303
6,983.0000,145.323859
6,984.0000,133.666713
6,985.0000,146.032129
6,986.0000,148.514171
6,987.0000,158.934700
6,988.0000,159.284593
6,989.0000,169.725895
6,990.0000,183.429773
6,991.0000,190.041247
6,992.0000,205.770496
6,993.0000,246.703829
6,994.0000,264.402713
6,995.0000,307.313613
6,996.0000,373.376495
6,997.0000,475.812361
6,998.0000,615.106595
6,999.0000,806.698889
6,1000.0000,1006.486386
6,1001.0000,1111.861580
6,1002.0000,1008.970090
6,1003.0000,809.524841
6,1004.0000,639.103567
6,1005.0000,489.490517
6,1006.0000,378.880581
6,1007.0000,311.884309
6,1008.0000,264.651239
6,1009.0000,244.627479
6,1010.0000,215.857331
6,1011.0000,199.873750
6,1012.0000,185.064915
6,1013.0000,172.154010
6,1014.0000,179.719842
6,1015.0000,174.426830
6,1016.0000,174.135181
6,1017.0000,165.874351
6,1018.0000,165.715175
6,1019.0000,161.902092
6,1020.0000,170.318294
6,1021.0000,179.887531
6,1022.0000,181.324382
6,1023.0000,191.334667
6,1024.0000,201.969581
6,1025.0000,223.958946
6,1026.0000,262.845483
6,1027.0000,315.669802
6,1028.0000,363.935493
6,1029.0000,443.636040
6,1030.0000,506.979850
6,1031.0000,534.583113
6,1032.0000,505.757528
6,1033.0000,426.403505
6,1034.0000,358.288130
6,1035.0000,286.582809
6,1036.0000,245.109288
6,1037.0000,220.691037
6,1038.0000,194.351177
6,1039.0000,191.429661
6,1040.0000,158.444319
6,1041.0000,162.654903
6,1042.0000,157.019452
6,1043.0000,145.028792
6,1044.0000,145.861518
6,1045.0000,131.132214
6,1046.0000,136.664680
6,1047.0000,125.000088
6,1048.0000,128.407287
6,1049.0000,124.935570
6,1050.0000,136.448414
6,1051.0000,120.830469
6,1052.0000,119.897293
6,1053.0000,124.455759
6,1054.0000,116.067834
6,1055.0000,119.468183
6,1056.0000,112.802669
6,1057.0000,107.232634
6,1058.0000,117.303033
6,1059.0000,112.195903
6,1060.0000,112.891268
6,1061.0000,127.672887
6,1062.0000,109.180690
6,1063.0000,105.327373
6,1064.0000,113.019110
6,1065.0000,112.379843
6,1066.0000,116.950500
6,1067.0000,103.150919
6,1068.0000,117.972152
6,1069.0000,118.008458
6,1070.0000,115.125392
6,1071.0000,116.848329
6,1072.0000,118.777241
6,1073.0000,110.840098
6,1074.0000,119.326402
6,1075.0000,113.584966
6,1076.0000,119.874927
6,1077.0000,117.865904
6,1078.0000,120.485840
6,1079.0000,118.786389
6,1080.0000,103.703090
6,1081.0000,110.065372
6,1082.0000,117.538153
6,1083.0000,124.011559
6,1084.0000,111.523902
6,1085.0000,106.871538
6,1086.0000,114.696116
6,1087.0000,129.271760
6,1088.0000,127.391420
6,1089.0000,122.980219
6,1090.0000,113.948881
6,1091.0000,110.322859
6,1092.0000,121.739394
6,1093.0000,113.340656
6,1094.0000,113.140712
6,1095.0000,106.325097
6,1096.0000,118.393470
6,1097.0000,114.160317
6,1098.0000,109.425185
6,1099.0000,109.065058
6,1100.0000,119.898170
6,1101.0000,113.248413
6,1102.0000,118.355110
6,1103.0000,126.548416
6,1104.0000,118.142930
6,1105.0000,111.722567
6,1106.0000,104.391903
6,1107.0000,114.091350
6,1108.0000,97.732234
6,1109.0000,119.761788
6,1110.0000,119.681407
6,1111.0000,115.580028
6,1112.0000,109.289100
6,1113.0000,117.324170
6,1114.0000,112.431294
6,1115.0000,111.001581
6,1116.0000,117.950825
6,1117.0000,120.684740
6,1118.0000,113.111991
6,1119.0000,110.353083
6,1120.0000,111.544859
6,1121.0000,104.753341
6,1122.0000,114.868491
6,1123.0000,123.280387
6,1124.0000,103.646282
6,1125.0000,112.662370
6,1126.0000,124.113507
6,1127.0000,110.026742
6,1128.0000,114.490695
6,1129.0000,119.188686
6,1130.0000,110.555728
6,1131.0000,112.278781
6,1132.0000,125.336004
6,1133.0000,117.561709
6,1134.0000,113.102125
6,1135.0000,115.044326
6,1136.0000,113.822839
6,1137.0000,132.404873
6,1138.0000,116.184413
6,1139.0000,126.879330
6,1140.0000,109.770640
6,1141.0000,125.819400
6,1142.0000,128.486760
6,1143.0000,135.301175
6,1144.0000,147.612009
6,1145.0000,130.686235
6,1146.0000,145.527650
6,1147.0000,152.643191
6,1148.0000,163.475872
6,1149.0000,174.507243
6,1150.0000,177.699694
6,1151.0000,197.652193
6,1152.0000,209.534983
6,1153.0000,230.011845
6,1154.0000,245.650883
6,1155.0000,238.496367
6,1156.0000,252.790041
6,1157.0000,228.817294
6,1158.0000,232.904718
6,1159.0000,195.622773
6,1160.0000,181.218685
6,1161.0000,179.892859
6,1162.0000,160.237165
6,1163.0000,156.343979
6,1164.0000,139.755210
6,1165.0000,141.950835
6,1166.0000,138.128190
6,1167.0000,152.647785
6,1168.0000,131.081886
6,1169.0000,140.343845
6,1170.0000,137.962177
6,1171.0000,137.332397
6,1172.0000,138.533824
6,1173.0000,136.699276
6,1174.0000,140.977536
6,1175.0000,144.072158
6,1176.0000,149.521798
6,1177.0000,159.832596
6,1178.0000,172.626219
6,1179.0000,178.042597
6,1180.0000,186.523111
6,1181.0000,193.784651
6,1182.0000,231.194591
6,1183.0000,241.210722
6,1184.0000,221.277889
6,1185.0000,208.071634
6,1186.0000,187.686474
6,1187.0000,170.433803
6,1188.0000,162.716857
6,1189.0000,142.220167
6,1190.0000,144.477042
6,1191.0000,143.405498
6,1192.0000,144.913089
6,1193.0000,130.366826
6,1194.0000,120.981054
6,1195.0000,119.261656
6,1196.0000,119.640285
6,1197.0000,125.968676
6,1198.0000,116.911144
6,1199.0000,108.706322
6,1200.0000,116.478825
6,1201.0000,129.718014
6,1202.0000,122.351113
6,1203.0000,109.051530
6,1204.0000,111.535590
6,1205.0000,116.319547
6,1206.0000,97.080624
6,1207.0000,116.104217
6,1208.0000,116.887683
6,1209.0000,107.098835
6,1210.0000,109.315648
6,1211.0000,112.228889
6,1212.0000,101.343760
6,1213.0000,114.177975
6,1214.0000,109.012025
6,1215.0000,115.055492
6,1216.0000,114.845120
6,1217.0000,104.269176
6,1218.0000,120.048033
6,1219.0000,107.994756
6,1220.0000,109.799823
6,1221.0000,108.558781
6,1222.0000,118.630521
6,1223.0000,107.015003
6,1224.0000,105.190336
6,1225.0000,105.911690
6,1226.0000,108.651771
6,1227.0000,107.585047
6,1228.0000,110.970750
6,1229.0000,103.290155
6,1230.0000,102.370222
6,1231.0000,114.618781
6,1232.0000,111.928762
6,1233.0000,105.750910
6,1234.0000,113.520431
6,1235.0000,95.376339
6,1236.0000,107.088004
6,1237.0000,110.210605
6,1238.0000,109.363603
6,1239.0000,110.328491
6,1240.0000,117.224409
6,1241.0000,116.369567
6,1242.0000,107.877779
6,1243.0000,107.343393
6,1244.0000,112.767799
6,1245.0000,107.668425
6,1246.0000,113.441065
6,1247.0000,100.626596
6,1248.0000,104.958909
6,1249.0000,98.462345
6,1250.0000,119.179376
6,1251.0000,108.771617
6,1252.0000,112.874427
6,1253.0000,105.743450
6,1254.0000,112.817299
6,1255.0000,99.060503
6,1256.0000,109.625255
6,1257.0000,112.677660
6,1258.0000,117.833049
6,1259.0000,102.248227
6,1260.0000,113.209764
6,1261.0000,110.379747
6,1262.0000,110.367667
6,1263.0000,102.930941
6,1264.0000,108.184181
6,1265.0000,115.364983
6,1266.0000,101.364470
6,1267.0000,120.447199
6,1268.0000,110.712554
6,1269.0000,119.870235
6,1270.0000,104.983666
6,1271.0000,111.857011
6,1272.0000,117.472625
6,1273.0000,105.288783
6,1274.0000,104.792839
6,1275.0000,106.750748
6,1276.0000,106.107530
6,1277.0000,104.062187
6,1278.0000,110.362151
6,1279.0000,113.020805
6,1280.0000,110.778047
6,1281.0000,117.728473
6,1282.0000,113.306335
6,1283.0000,107.639675
6,1284.0000,118.039548
6,1285.0000,122.734495
6,1286.0000,110.650582
6,1287.0000,107.546944
6,1288.0000,101.315330
6,1289.0000,107.478621
6,1290.0000,107.874452
6,1291.0000,103.479855
6,1292.0000,113.350525
6,1293.0000,114.380648
6,1294.0000,103.808893
6,1295.0000,106.028080
6,1296.0000,108.046057
6,1297.0000,107.037296
6,1298.0000,114.371165
6,1299.0000,107.438533
6,1300.0000,102.719553
6,1301.0000,112.018688
6,1302.0000,106.549954
6,1303.0000,117.316798
6,1304.0000,101.679400
6,1305.0000,110.882903
6,1306.0000,113.409933
6,1307.0000,112.696913
6,1308.0000,107.656618
6,1309.0000,104.856846
6,1310.0000,114.271710
6,1311.0000,106.192895
6,1312.0000,110.579564
6,1313.0000,112.385739
6,1314.0000,116.016418
6,1315.0000,115.719692
6,1316.0000,109.468352
6,1317.0000,123.425176
6,1318.0000,115.965714
6,1319.0000,124.065747
6,1320.0000,111.665496
6,1321.0000,100.169431
6,1322.0000,111.271751
6,1323.0000,116.791761
6,1324.0000,104.153480
6,1325.0000,109.101506
6,1326.0000,108.506137
6,1327.0000,121.799044
6,1328.0000,104.132939
6,1329.0000,112.906064
6,1330.0000,109.817001
6,1331.0000,110.736797
6,1332.0000,110.970566
6,1333.0000,121.922169
6,1334.0000,112.757495
6,1335.0000,113.387301
6,1336.0000,106.812521
6,1337.0000,98.297832
6,1338.0000,107.338540
6,1339.0000,112.038025
6,1340.0000,108.534853
6,1341.0000,111.239947
6,1342.0000,120.532888
6,1343.0000,107.256716
6,1344.0000,108.184690
6,1345.0000,100.913207
6,1346.0000,110.555127
6,1347.0000,112.912666
6,1348.0000,118.984458
6,1349.0000,107.603036
6,1350.0000,108.097177
6,1351.0000,126.838029
6,1352.0000,100.475233
6,1353.0000,106.509885
6,1354.0000,105.255966
6,1355.0000,110.305434
6,1356.0000,109.464329
6,1357.0000,117.588124
6,1358.0000,105.786984
6,1359.0000,112.834984
6,1360.0000,106.143469
6,1361.0000,106.848402
6,1362.0000,107.049574
6,1363.0000,109.448477
6,1364.0000,110.944957
6,1365.0000,107.917280
6,1366.0000,111.139238
6,1367.0000,107.702003
6,1368.0000,112.492864
6,1369.0000,117.040851
6,1370.0000,112.872434
6,1371.0000,100.884995
6,1372.0000,111.750118
6,1373.0000,109.538450
6,1374.0000,112.515888
6,1375.0000,114.780429
6,1376.0000,107.898990
6,1377.0000,108.309535
6,1378.0000,115.336267
6,1379.0000,99.735155
6,1380.0000,109.091200
6,1381.0000,111.700485
6,1382.0000,119.482811
6,1383.0000,120.256461
6,1384.0000,111.074690
6,1385.0000,106.907924
6,1386.0000,116.038682
6,1387.0000,111.710010
6,1388.0000,118.390603
6,1389.0000,115.599917
6,1390.0000,111.918029
6,1391.0000,106.918586
6,1392.0000,116.912250
6,1393.0000,116.599724
6,1394.0000,110.769518
6,1395.0000,114.096569
6,1396.0000,112.305722
6,1397.0000,110.798938
6,1398.0000,108.893405
6,1399.0000,113.755110
6,1400.0000,109.015866
6,1401.0000,116.759948
6,1402.0000,117.160442
6,1403.0000,110.111468
6,1404.0000,106.756484
6,1405.0000,117.249681
6,1406.0000,101.386476
6,1407.0000,108.219224
6,1408.0000,118.151283
6,1409.0000,121.803470
6,1410.0000,111.539731
6,1411.0000,119.245053
6,1412.0000,116.570824
6,1413.0000,107.118400
6,1414.0000,116.273026
6,1415.0000,118.220487
6,1416.0000,116.544656
6,1417.0000,113.524404
6,1418.0000,111.498015
6,1419.0000,128.111350
6,1420.0000,110.456444
6,1421.0000,123.108981
6,1422.0000,118.545104
6,1423.0000,120.236201
6,1424.0000,125.285769
6,1425.0000,122.168221
6,1426.0000,127.696377
6,1427.0000,119.576993
6,1428.0000,119.960625
6,1429.0000,132.050633
6,1430.0000,135.386587
6,1431.0000,124.775351
6,1432.0000,128.045645
6,1433.0000,142.468177
6,1434.0000,144.103208
6,1435.0000,151.537646
6,1436.0000,151.185672
6,1437.0000,159.170435
6,1438.0000,163.982217
6,1439.0000,163.100573
6,1440.0000,189.011390
6,1441.0000,188.751739
6,1442.0000,200.980931
6,1443.0000,224.438455
6,1444.0000,237.310969
6,1445.0000,245.058319
6,1446.0000,264.805277
6,1447.0000,296.928449
6,1448.0000,311.279062
6,1449.0000,314.068373
6,1450.0000,328.406678
6,1451.0000,320.081060
6,1452.0000,303.188980
6,1453.0000,289.739483
6,1454.0000,273.472132
6,1455.0000,259.248084
6,1456.0000,231.929310
6,1457.0000,215.971077
6,1458.0000,208.776232
6,1459.0000,193.656849
6,1460.0000,179.517962
6,1461.0000,159.487623
6,1462.0000,162.081534
6,1463.0000,151.917632
6,1464.0000,162.375905
6,1465.0000,138.696543
6,1466.0000,147.649706
6,1467.0000,138.653357
6,1468.0000,137.852131
6,1469.0000,137.937055
6,1470.0000,135.641378
6,1471.0000,131.317185
6,1472.0000,142.253322
6,1473.0000,123.699295
6,1474.0000,125.393231
6,1475.0000,128.516268
6,1476.0000,124.697981
6,1477.0000,124.350647
6,1478.0000,123.146540
6,1479.0000,121.289232
6,1480.0000,132.266331
6,1481.0000,107.313992
6,1482.0000,101.819650
6,1483.0000,123.052225
6,1484.0000,106.271063
6,1485.0000,117.626581
6,1486.0000,115.424196
6,1487.0000,126.728627
6,1488.0000,117.658395
6,1489.0000,120.268916
6,1490.0000,124.724311
6,1491.0000,111.990318
6,1492.0000,104.880162
6,1493.0000,105.029688
6,1494.0000,106.119305
6,1495.0000,105.871822
6,1496.0000,105.088846
6,1497.0000,118.988200
6,1498.0000,108.969290
6,1499.0000,109.089974
6,1500.0000,111.561839
6,1501.0000,119.672207
6,1502.0000,119.118947
6,1503.0000,102.479372
6,1504.0000,115.375836
6,1505.0000,114.909694
6,1506.0000,117.384743
6,1507.0000,113.604245
6,1508.0000,108.582918
6,1509.0000,107.090941
6,1510.0000,114.822115
6,1511.0000,117.670309
6,1512.0000,120.270325
6,1513.0000,109.997325
6,1514.0000,101.270487
6,1515.0000,118.992382
6,1516.0000,119.979976
6,1517.0000,112.075518
6,1518.0000,118.122738
6,1519.0000,115.532698
6,1520.0000,109.883124
6,1521.0000,106.634622
6,1522.0000,114.921032
6,1523.0000,110.071326
6,1524.0000,120.987606
6,1525.0000,119.307816
6,1526.0000,108.311137
6,1527.0000,105.209846
6,1528.0000,108.047909
6,1529.0000,114.782543
6,1530.0000,104.699739
6,1531.0000,123.774837
6,1532.0000,112.313223
6,1533.0000,115.235263
6,1534.0000,104.362250
6,1535.0000,121.704521
6,1536.0000,110.732014
6,1537.0000,120.097448
6,1538.0000,113.729384
6,1539.0000,118.970552
6,1540.0000,122.798594
6,1541.0000,116.326427
6,1542.0000,106.781344
6,1543.0000,123.862813
6,1544.0000,123.693082
6,1545.0000,107.628692
6,1546.0000,114.274546
6,1547.0000,115.990034
6,1548.0000,110.986796
6,1549.0000,106.912031
6,1550.0000,119.488577
6,1551.0000,114.809940
6,1552.0000,124.032245
6,1553.0000,118.684925
6,1554.0000,113.607171
6,1555.0000,118.260018
6,1556.0000,121.389654
6,1557.0000,115.494595
6,1558.0000,124.591663
6,1559.0000,121.774700
6,1560.0000,123.299111
6,1561.0000,123.614922
6,1562.0000,120.681473
6,1563.0000,125.310586
6,1564.0000,121.392905
6,1565.0000,123.999031
6,1566.0000,132.718984
6,1567.0000,141.668659
6,1568.0000,127.585447
6,1569.0000,140.894604
6,1570.0000,145.099044
6,1571.0000,146.500362
6,1572.0000,161.024955
6,1573.0000,167.024581
6,1574.0000,172.427183
6,1575.0000,179.102544
6,1576.0000,198.382280
6,1577.0000,199.917918
6,1578.0000,222.480006
6,1579.0000,247.238116
6,1580.0000,283.244567
6,1581.0000,295.567090
6,1582.0000,328.913399
6,1583.0000,329.007383
6,1584.0000,333.168650
6,1585.0000,324.881169
6,1586.0000,302.042340
6,1587.0000,263.546179
6,1588.0000,244.065688
6,1589.0000,237.775057
6,1590.0000,238.002686
6,1591.0000,236.816394
6,1592.0000,240.242778
6,1593.0000,250.156839
6,1594.0000,268.187182
6,1595.0000,291.726910
6,1596.0000,327.554661
6,1597.0000,374.623484
6,1598.0000,427.744977
6,1599.0000,527.359949
6,1600.0000,615.976716
6,1601.0000,713.664166
6,1602.0000,740.569482
6,1603.0000,697.242771
6,1604.0000,612.073438
6,1605.0000,511.928205
6,1606.0000,422.071391
6,1607.0000,355.183485
6,1608.0000,313.961691
6,1609.0000,257.966379
6,1610.0000,232.873983
6,1611.0000,206.039035
6,1612.0000,202.132035
6,1613.0000,182.958446
6,1614.0000,166.693222
6,1615.0000,170.768950
6,1616.0000,165.841738
6,1617.0000,157.502962
6,1618.0000,151.671725
6,1619.0000,145.069176
6,1620.0000,146.286193
6,1621.0000,130.317642
6,1622.0000,131.758350
6,1623.0000,133.404782
6,1624.0000,125.705763
6,1625.0000,133.755548
6,1626.0000,131.560947
6,1627.0000,127.044514
6,1628.0000,128.148370
6,1629.0000,127.397381
6,1630.0000,127.066716
6,1631.0000,120.303012
6,1632.0000,117.952532
6,1633.0000,117.470567
6,1634.0000,115.273286
6,1635.0000,116.811812
6,1636.0000,112.578867
6,1637.0000,114.726366
6,1638.0000,111.929575
6,1639.0000,111.714870
6,1640.0000,117.056516
6,1641.0000,114.996164
6,1642.0000,117.701388
6,1643.0000,125.136026
6,1644.0000,111.032639
6,1645.0000,123.254069
6,1646.0000,110.724018
6,1647.0000,118.801705
6,1648.0000,112.454615
6,1649.0000,109.807852
6,1650.0000,111.627601
6,1651.0000,118.276550
6,1652.0000,114.153808
6,1653.0000,118.397726
6,1654.0000,104.028126
6,1655.0000,114.504498
6,1656.0000,110.471786
6,1657.0000,110.228643
6,1658.0000,115.057123
6,1659.0000,116.895747
6,1660.0000,104.216185
6,1661.0000,113.754220
6,1662.0000,112.672332
6,1663.0000,117.598571
6,1664.0000,115.910266
6,1665.0000,108.279022
6,1666.0000,112.275452
6,1667.0000,109.152399
6,1668.0000,101.592836
6,1669.0000,114.263373
6,1670.0000,110.924804
6,1671.0000,113.632944
6,1672.0000,112.822776
6,1673.0000,114.611569
6,1674.0000,114.393406
6,1675.0000,110.249154
6,1676.0000,111.977052
6,1677.0000,113.223248
6,1678.0000,108.052197
6,1679.0000,105.033537
6,1680.0000,110.130034
6,1681.0000,112.792537
6,1682.0000,112.758957
6,1683.0000,104.615310
6,1684.0000,116.263926
6,1685.0000,102.846319
6,1686.0000,116.676323
6,1687.0000,108.838407
6,1688.0000,113.041878
6,1689.0000,108.274134
6,1690.0000,105.497553
6,1691.0000,115.484815
6,1692.0000,112.683098
6,1693.0000,109.655433
6,1694.0000,108.405309
6,1695.0000,105.370898
6,1696.0000,100.481993
6,1697.0000,110.648379
6,1698.0000,110.865893
6,1699.0000,107.433710
6,1700.0000,121.114591
6,1701.0000,101.981914
6,1702.0000,116.810978
6,1703.0000,107.724665
6,1704.0000,107.607647
6,1705.0000,107.888586
6,1706.0000,123.019308
6,1707.0000,112.544909
6,1708.0000,99.579145
6,1709.0000,115.162870
6,1710.0000,104.311283
6,1711.0000,107.354353
6,1712.0000,106.675527
6,1713.0000,116.215581
6,1714.0000,107.035402
6,1715.0000,116.017131
6,1716.0000,105.089535
6,1717.0000,120.095802
6,1718.0000,112.533843
6,1719.0000,121.025574
6,1720.0000,107.070193
6,1721.0000,99.526123
6,1722.0000,103.392578
6,1723.0000,109.175348
6,1724.0000,104.535758
6,1725.0000,112.066014
6,1726.0000,119.083851
6,1727.0000,106.026405
6,1728.0000,106.398656
6,1729.0000,118.180553
6,1730.0000,117.891998
6,1731.0000,109.795890
6,1732.0000,108.288722
6,1733.0000,111.290186
6,1734.0000,103.452769
6,1735.0000,104.378560
6,1736.0000,113.822968
6,1737.0000,107.362354
6,1738.0000,105.486173
6,1739.0000,107.957015
6,1740.0000,108.615402
6,1741.0000,105.741290
6,1742.0000,107.306889
6,1743.0000,115.631088
6,1744.0000,102.224722
6,1745.0000,106.368864
6,1746.0000,110.814047
6,1747.0000,118.891817
6,1748.0000,116.852944
6,1749.0000,108.364076
6,1750.0000,105.353124
6,1751.0000,116.979944
6,1752.0000,109.102508
6,1753.0000,105.138485
6,1754.0000,108.443729
6,1755.0000,100.965412
6,1756.0000,110.998692
6,1757.0000,105.178174
6,1758.0000,111.867484
6,1759.0000,113.591773
6,1760.0000,102.573875
6,1761.0000,112.952064
6,1762.0000,114.066997
6,1763.0000,101.004444
6,1764.0000,113.332701
6,1765.0000,112.151226
6,1766.0000,113.540969
6,1767.0000,105.194420
6,1768.0000,112.851793
6,1769.0000,100.618579
6,1770.0000,107.402657
6,1771.0000,102.978403
6,1772.0000,121.230741
6,1773.0000,104.440570
6,1774.0000,94.462810
6,1775.0000,110.464339
6,1776.0000,108.735528
6,1777.0000,110.883917
6,1778.0000,103.740588
6,1779.0000,108.866273
6,1780.0000,116.474336
6,1781.0000,116.374840
6,1782.0000,116.496435
6,1783.0000,114.382367
6,1784.0000,111.321506
6,1785.0000,107.385081
6,1786.0000,110.363571
6,1787.0000,120.042937
6,1788.0000,109.637764
6,1789.0000,106.785404
6,1790.0000,115.442299
6,1791.0000,109.838214
6,1792.0000,107.001155
6,1793.0000,105.339411
6,1794.0000,105.101777
6,1795.0000,105.961112
6,1796.0000,105.407163
6,1797.0000,120.246271
6,1798.0000,111.614225
6,1799.0000,100.464610
6,1800.0000,116.528701
6,1801.0000,101.799211
6,1802.0000,117.082023
6,1803.0000,98.415033
6,1804.0000,110.975647
6,1805.0000,110.756486
6,1806.0000,104.731674
6,1807.0000,115.709639
6,1808.0000,110.312010
6,1809.0000,115.238011
6,1810.0000,114.416339
6,1811.0000,98.225838
6,1812.0000,104.412834
6,1813.0000,96.551946
6,1814.0000,126.050319
6,1815.0000,98.536044
6,1816.0000,113.747397
6,1817.0000,119.612135
6,1818.0000,118.010701
6,1819.0000,108.170225
6,1820.0000,99.572361
6,1821.0000,115.112447
6,1822.0000,99.136058
6,1823.0000,109.682034
6,1824.0000,103.891906
6,1825.0000,120.122277
6,1826.0000,109.701413
6,1827.0000,105.957310
6,1828.0000,118.850811
6,1829.0000,106.468926
6,1830.0000,105.741602
6,1831.0000,101.790787
6,1832.0000,106.822756
6,1833.0000,103.067983
6,1834.0000,95.742949
6,1835.0000,104.916614
6,1836.0000,111.465527
6,1837.0000,112.271108
6,1838.0000,103.359859
6,1839.0000,102.597408
6,1840.0000,105.368909
6,1841.0000,119.323281
6,1842.0000,112.609039
6,1843.0000,113.184849
6,1844.0000,100.107094
6,1845.0000,112.846740
6,1846.0000,105.018131
6,1847.0000,111.655453
6,1848.0000,100.932335
6,1849.0000,105.910511
6,1850.0000,110.624586
6,1851.0000,105.742849
6,1852.0000,103.693703
6,1853.0000,108.137010
6,1854.0000,112.374796
6,1855.0000,111.647927
6,1856.0000,113.306711
6,1857.0000,106.268726
6,1858.0000,123.680561
6,1859.0000,110.034656
6,1860.0000,116.443719
6,1861.0000,104.295597
6,1862.0000,110.001061
6,1863.0000,101.826012
6,1864.0000,109.500171
6,1865.0000,108.365982
6,1866.0000,102.797599
6,1867.0000,112.721962
6,1868.0000,106.757053
6,1869.0000,118.731997
6,1870.0000,102.691481
6,1871.0000,108.700561
6,1872.0000,121.235617
6,1873.0000,121.066686
6,1874.0000,111.212097
6,1875.0000,112.450060
6,1876.0000,111.417729
6,1877.0000,105.221707
6,1878.0000,111.183572
6,1879.0000,110.718842
6,1880.0000,112.306166
6,1881.0000,106.032656
6,1882.0000,102.441420
6,1883.0000,108.026181
6,1884.0000,106.848518
6,1885.0000,113.432181
6,1886.0000,112.762658
6,1887.0000,106.834665
6,1888.0000,107.761125
6,1889.0000,111.275237
6,1890.0000,107.943775
6,1891.0000,114.420327
6,1892.0000,107.030475
6,1893.0000,109.704733
6,1894.0000,112.065935
6,1895.0000,114.905913
6,1896.0000,105.622788
6,1897.0000,107.291298
6,1898.0000,106.012709
6,1899.0000,108.631727
6,1900.0000,108.840009
6,1901.0000,114.091471
6,1902.0000,105.201799
6,1903.0000,116.756658
6,1904.0000,102.782846
6,1905.0000,106.196237
6,1906.0000,94.367115
6,1907.0000,106.389909
6,1908.0000,114.275155
6,1909.0000,108.337993
6,1910.0000,114.203312
6,1911.0000,116.306105
6,1912.0000,109.425426
6,1913.0000,96.228009
6,1914.0000,102.897125
6,1915.0000,114.155197
6,1916.0000,111.361224
6,1917.0000,99.028867
6,1918.0000,111.501305
6,1919.0000,104.683281
6,1920.0000,111.085904
6,1921.0000,105.863940
6,1922.0000,111.777999
6,1923.0000,122.686161
6,1924.0000,101.280854
6,1925.0000,100.337395
6,1926.0000,92.768783
6,1927.0000,105.207826
6,1928.0000,109.105830
6,1929.0000,107.625297
6,1930.0000,108.079321
6,1931.0000,101.123989
6,1932.0000,104.180303
6,1933.0000,114.845635
6,1934.0000,110.366529
6,1935.0000,115.936362
6,1936.0000,105.955602
6,1937.0000,105.284699
6,1938.0000,108.393336
6,1939.0000,101.323472
6,1940.0000,109.751953
6,1941.0000,108.515435
6,1942.0000,115.339088
6,1943.0000,99.491570
6,1944.0000,109.336830
6,1945.0000,107.271479
6,1946.0000,102.361363
6,1947.0000,109.512202
6,1948.0000,106.977644
6,1949.0000,95.412288
6,1950.0000,113.632298
6,1951.0000,113.968814
6,1952.0000,108.672509
6,1953.0000,95.317742
6,1954.0000,102.408849
6,1955.0000,111.318708
6,1956.0000,108.447779
6,1957.0000,97.638939
6,1958.0000,100.923879
6,1959.0000,104.338103
6,1960.0000,102.673266
6,1961.0000,106.333988
6,1962.0000,108.934007
6,1963.0000,109.975062
6,1964.0000,108.180343
6,1965.0000,114.981977
6,1966.0000,97.730382
6,1967.0000,113.838072
6,1968.0000,116.166220
6,1969.0000,116.023616
6,1970.0000,106.334783
6,1971.0000,115.146275
6,1972.0000,108.955793
6,1973.0000,97.989240
6,1974.0000,116.058407
6,1975.0000,101.811531
6,1976.0000,106.152281
6,1977.0000,106.478030
6,1978.0000,105.130157
6,1979.0000,104.215080
6,1980.0000,98.545444
6,1981.0000,119.092876
6,1982.0000,101.835986
6,1983.0000,101.439739
6,1984.0000,107.380363
6,1985.0000,106.933951
6,1986.0000,107.607862
6,1987.0000,109.709238
6,1988.0000,107.726130
6,1989.0000,112.780675
6,1990.0000,106.750525
6,1991.0000,106.774617
6,1992.0000,101.131029
6,1993.0000,107.466449
6,1994.0000,102.387269
6,1995.0000,110.520290
6,1996.0000,97.533006
6,1997.0000,104.454352
6,1998.0000,100.673882
6,1999.0000,102.466716
6,2000.0000,112.781331
7,200.0000,139.387724
7,201.0000,127.833135
7,202.0000,129.882599
7,203.0000,128.954545
7,204.0000,123.132348
7,205.0000,123.642492
7,206.0000,122.852328
7,207.0000,123.707157
7,208.0000,132.160388
7,209.0000,118.646960
7,210.0000,113.468389
7,211.0000,127.137848
7,212.0000,131.805813
7,213.0000,132.645878
7,214.0000,133.347308
7,215.0000,129.945988
7,216.0000,121.570893
7,217.0000,120.764067
7,218.0000,122.856089
7,219.0000,124.658415
7,220.0000,138.210704
7,221.0000,127.978707
7,222.0000,119.612068
7,223.0000,136.970737
7,224.0000,126.541769
7,225.0000,126.123002
7,226.0000,128.110846
7,227.0000,127.122652
7,228.0000,110.343403
7,229.0000,127.742087
7,230.0000,123.276050
7,231.0000,113.410821
7,232.0000,129.660308
7,233.0000,126.401398
7,234.0000,132.193272
7,235.0000,125.177711
7,236.0000,122.697253
7,237.0000,122.415935
7,238.0000,125.197379
7,239.0000,132.211222
7,240.0000,121.808858
7,241.0000,112.866276
7,242.0000,121.315041
7,243.0000,125.708507
7,244.0000,133.113618
7,245.0000,132.526805
7,246.0000,125.359881
7,247.0000,130.123345
7,248.0000,128.678838
7,249.0000,134.279963
7,250.0000,124.825773
7,251.0000,112.991814
7,252.0000,116.587556
7,253.0000,125.608394
7,254.0000,122.641036
7,255.0000,135.784838
7,256.0000,125.556335
7,257.0000,137.323471
7,258.0000,123.547617
7,259.0000,125.165600
7,260.0000,121.346009
7,261.0000,119.777912
7,262.0000,117.143610
7,263.0000,133.095138
7,264.0000,126.166439
7,265.0000,127.279507
7,266.0000,123.071109
7,267.0000,137.476201
7,268.0000,125.992843
7,269.0000,127.936245
7,270.0000,128.498735
7,271.0000,133.639074
7,272.0000,131.919548
7,273.0000,132.111095
7,274.0000,122.969015
7,275.0000,126.387595
7,276.0000,135.287140
7,277.0000,134.751710
7,278.0000,132.593976
7,279.0000,124.373779
7,280.0000,132.311845
7,281.0000,129.277251
7,282.0000,129.663192
7,283.0000,116.426251
7,284.0000,115.602562
7,285.0000,132.698054
7,286.0000,132.691270
7,287.0000,136.639728
7,288.0000,128.756900
7,289.0000,130.877842
7,290.0000,126.381363
7,291.0000,136.588150
7,292.0000,135.952017
7,293.0000,113.190821
7,294.0000,126.811931
7,295.0000,120.313178
7,296.0000,125.468990
7,297.0000,118.754181
7,298.0000,124.417751
7,299.0000,125.590055
7,300.0000,121.806665
7,301.0000,122.196057
7,302.0000,122.187555
7,303.0000,127.016118
7,304.0000,132.843925
7,305.0000,125.776363
7,306.0000,118.982125
7,307.0000,123.943122
7,308.0000,129.095593
7,309.0000,133.116697
7,310.0000,128.142064
7,311.0000,122.631342
7,312.0000,115.122518
7,313.0000,123.440809
7,314.0000,136.081949
7,315.0000,139.661233
7,316.0000,115.885460
7,317.0000,118.013374
7,318.0000,119.870501
7,319.0000,125.941886
7,320.0000,118.606270
7,321.0000,124.854275
7,322.0000,129.201057
7,323.0000,120.941480
7,324.0000,119.310218
7,325.0000,125.883087
7,326.0000,130.416951
7,327.0000,118.400473
7,328.0000,125.474010
7,329.0000,129.736491
7,330.0000,128.625951
7,331.0000,131.161290
7,332.0000,128.806026
7,333.0000,139.430759
7,334.0000,127.173848
7,335.0000,120.845672
7,336.0000,123.345085
7,337.0000,132.840852
7,338.0000,128.347568
7,339.0000,124.449079
7,340.0000,118.849769
7,341.0000,138.880648
7,342.0000,127.134230
7,343.0000,131.095214
7,344.0000,119.479603
7,345.0000,123.728194
7,346.0000,115.375237
7,347.0000,129.601131
7,348.0000,128.555222
7,349.0000,135.433470
7,350.0000,119.363948
7,351.0000,126.927711
7,352.0000,122.261869
7,353.0000,117.193056
7,354.0000,125.850962
7,355.0000,120.187658
7,356.0000,118.697705
7,357.0000,123.579533
7,358.0000,130.344902
7,359.0000,114.845622
7,360.0000,133.188505
7,361.0000,121.426948
7,362.0000,122.324244
7,363.0000,132.533433
7,364.0000,121.090722
7,365.0000,128.518159
7,366.0000,119.374212
7,367.0000,120.330068
7,368.0000,127.460379
7,369.0000,126.827022
7,370.0000,133.826389
7,371.0000,126.154340
7,372.0000,131.272917
7,373.0000,135.860320
7,374.0000,132.506293
7,375.0000,124.035570
7,376.0000,138.018892
7,377.0000,121.614091
7,378.0000,122.531680
7,379.0000,122.283720
7,380.0000,132.971771
7,381.0000,116.093446
7,382.0000,124.570546
7,383.0000,126.064035
7,384.0000,124.022741
7,385.0000,122.595512
7,386.0000,130.421670
7,387.0000,120.931136
7,388.0000,137.286416
7,389.0000,137.263386
7,390.0000,121.639186
7,391.0000,131.655563
7,392.0000,133.095074
7,393.0000,124.952233
7,394.0000,124.154415
7,395.0000,128.993477
7,396.0000,121.588307
7,397.0000,122.865374
7,398.0000,123.240442
7,399.0000,132.523568
7,400.0000,128.219280
7,401.0000,122.501310
7,402.0000,123.399420
7,403.0000,118.048856
7,404.0000,125.366031
7,405.0000,119.505580
7,406.0000,113.106660
7,407.0000,122.897319
7,408.0000,120.065955
7,409.0000,136.128801
7,410.0000,134.271201
7,411.0000,118.276266
7,412.0000,136.388630
7,413.0000,118.274326
7,414.0000,124.593084
7,415.0000,124.892786
7,416.0000,126.740420
7,417.0000,129.800768
7,418.0000,130.864055
7,419.0000,135.039535
7,420.0000,133.923332
7,421.0000,134.387787
7,422.0000,122.941271
7,423.0000,120.368747
7,424.0000,129.134279
7,425.0000,120.903069
7,426.0000,122.684511
7,427.0000,124.166255
7,428.0000,136.385840
7,429.0000,114.540323
7,430.0000,123.546957
7,431.0000,119.185508
7,432.0000,135.550100
7,433.0000,132.007361
7,434.0000,123.714425
7,435.0000,118.859702
7,436.0000,130.588192
7,437.0000,119.673591
7,438.0000,120.612630
7,439.0000,131.563653
7,440.0000,117.885631
7,441.0000,119.596625
7,442.0000,128.722764
7,443.0000,130.552785
7,444.0000,120.013435
7,445.0000,127.842890
7,446.0000,135.046380
7,447.0000,133.283339
7,448.0000,127.886129
7,449.0000,132.080674
7,450.0000,126.398154
7,451.0000,109.516387
7,452.0000,125.202829
7,453.0000,123.167286
7,454.0000,133.043196
7,455.0000,141.215122
7,456.0000,124.960100
7,457.0000,143.219571
7,458.0000,129.397558
7,459.0000,128.915700
7,460.0000,123.992915
7,461.0000,129.029520
7,462.0000,127.653621
7,463.0000,130.167159
7,464.0000,135.920752
7,465.0000,129.914189
7,466.0000,125.813113
7,467.0000,125.542335
7,468.0000,125.132852
7,469.0000,121.778805
7,470.0000,129.824969
7,471.0000,120.943464
7,472.0000,125.953617
7,473.0000,129.719631
7,474.0000,120.173676
7,475.0000,125.874030
7,476.0000,114.658533
7,477.0000,114.520038
7,478.0000,126.445151
7,479.0000,122.349967
7,480.0000,137.249497
7,481.0000,125.610468
7,482.0000,124.618471
7,483.0000,119.944300
7,484.0000,128.924542
7,485.0000,124.899925
7,486.0000,128.716215
7,487.0000,130.033876
7,488.0000,130.939767
7,489.0000,129.323087
7,490.0000,130.720113
7,491.0000,125.085764
7,492.0000,127.139159
7,493.0000,116.092610
7,494.0000,123.751292
7,495.0000,123.803022
7,496.0000,121.437497
7,497.0000,133.823447
7,498.0000,124.773166
7,499.0000,128.712162
7,500.0000,131.409593
7,501.0000,121.203129
7,502.0000,129.045286
7,503.0000,130.304651
7,504.0000,117.991766
7,505.0000,128.745615
7,506.0000,130.180456
7,507.0000,123.041768
7,508.0000,114.562261
7,509.0000,122.594708
7,510.0000,125.157489
7,511.0000,130.665342
7,512.0000,126.696965
7,513.0000,125.284167
7,514.0000,115.541147
7,515.0000,129.691055
7,516.0000,123.113529
7,517.0000,130.677510
7,518.0000,131.505523
7,519.0000,143.101757
7,520.0000,126.445695
7,521.0000,118.300919
7,522.0000,116.255509
7,523.0000,122.571217
7,524.0000,137.615304
7,525.0000,127.033901
7,526.0000,124.475233
7,527.0000,125.523990
7,528.0000,121.907156
7,529.0000,135.122982
7,530.0000,130.304658
7,531.0000,123.239289
7,532.0000,115.597288
7,533.0000,121.740759
7,534.0000,124.282994
7,535.0000,126.230962
7,536.0000,122.521459
7,537.0000,130.096885
7,538.0000,123.980111
7,539.0000,135.287790
7,540.0000,131.832108
7,541.0000,122.214065
7,542.0000,120.688039
7,543.0000,130.527503
7,544.0000,126.554033
7,545.0000,118.530239
7,546.0000,128.866426
7,547.0000,115.731572
7,548.0000,129.841208
7,549.0000,138.043367
7,550.0000,124.569679
7,551.0000,132.779800
7,552.0000,119.495087
7,553.0000,121.188897
7,554.0000,114.613534
7,555.0000,125.452080
7,556.0000,118.918680
7,557.0000,130.473015
7,558.0000,124.886671
7,559.0000,120.271151
7,560.0000,126.637486
7,561.0000,128.985707
7,562.0000,127.750803
7,563.0000,119.610189
7,564.0000,134.280424
7,565.0000,123.394882
7,566.0000,128.636871
7,567.0000,130.060396
7,568.0000,117.098029
7,569.0000,128.145845
7,570.0000,133.471318
7,571.0000,134.431965
7,572.0000,127.861093
7,573.0000,125.991487
7,574.0000,122.140596
7,575.0000,122.537736
7,576.0000,142.109466
7,577.0000,118.512911
7,578.0000,132.732705
7,579.0000,130.280639
7,580.0000,121.612498
7,581.0000,126.362769
7,582.0000,134.062017
7,583.0000,128.083084
7,584.0000,131.218604
7,585.0000,130.801255
7,586.0000,121.699612
7,587.0000,119.857670
7,588.0000,129.982338
7,589.0000,125.918789
7,590.0000,127.801264
7,591.0000,123.464942
7,592.0000,131.342416
7,593.0000,130.745120
7,594.0000,137.194520
7,595.0000,132.977233
7,596.0000,128.898809
7,597.0000,127.048443
7,598.0000,134.394384
7,599.0000,125.656080
7,600.0000,135.556012
7,601.0000,139.427058
7,602.0000,136.995575
7,603.0000,143.833668
7,604.0000,129.881117
7,605.0000,144.751710
7,606.0000,148.645796
7,607.0000,139.427949
7,608.0000,152.810349
7,609.0000,149.450467
7,610.0000,162.870984
7,611.0000,149.524914
7,612.0000,172.254950
7,613.0000,172.185669
7,614.0000,199.934813
7,615.0000,218.318299
7,616.0000,231.100340
7,617.0000,245.669122
7,618.0000,264.511993
7,619.0000,288.841592
7,620.0000,312.108696
7,621.0000,292.262833
7,622.0000,281.207821
7,623.0000,251.015805
7,624.0000,225.835581
7,625.0000,193.663574
7,626.0000,197.506229
7,627.0000,179.341607
7,628.0000,168.241765
7,629.0000,160.592359
7,630.0000,153.730209
7,631.0000,161.288307
7,632.0000,149.674645
7,633.0000,141.361981
7,634.0000,144.855836
7,635.0000,141.340223
7,636.0000,126.486988
7,637.0000,145.003614
7,638.0000,151.368653
7,639.0000,143.729227
7,640.0000,142.710271
7,641.0000,128.330273
7,642.0000,133.501645
7,643.0000,140.771690
7,644.0000,140.020114
7,645.0000,141.080258
7,646.0000,138.829314
7,647.0000,126.690173
7,648.0000,144.944668
7,649.0000,128.479187
7,650.0000,133.630131
7,651.0000,129.356616
7,652.0000,130.672913
7,653.0000,132.629986
7,654.0000,130.629077
7,655.0000,132.141436
7,656.0000,134.585301
7,657.0000,131.457212
7,658.0000,126.015149
7,659.0000,129.034570
7,660.0000,128.792129
7,661.0000,131.692990
7,662.0000,120.451932
7,663.0000,126.677139
7,664.0000,122.933363
7,665.0000,120.503848
7,666.0000,123.843006
7,667.0000,129.713719
7,668.0000,132.505486
7,669.0000,124.686304
7,670.0000,136.509080
7,671.0000,129.516377
7,672.0000,130.529041
7,673.0000,129.565931
7,674.0000,128.617528
7,675.0000,125.507014
7,676.0000,134.805277
7,677.0000,131.795294
7,678.0000,135.853428
7,679.0000,118.240881
7,680.0000,120.683473
7,681.0000,129.042180
7,682.0000,128.378562
7,683.0000,134.659568
7,684.0000,127.906892
7,685.0000,128.574994
7,686.0000,117.337800
7,687.0000,126.484907
7,688.0000,131.872515
7,689.0000,134.642132
7,690.0000,136.925921
7,691.0000,123.364125
7,692.0000,123.068501
7,693.0000,127.783869
7,694.0000,123.428886
7,695.0000,123.026597
7,696.0000,113.429740
7,697.0000,128.537109
7,698.0000,125.430187
7,699.0000,141.981261
7,700.0000,125.454834
7,701.0000,127.576714
7,702.0000,119.567493
7,703.0000,127.449045
7,704.0000,125.380618
7,705.0000,121.929606
7,706.0000,120.290913
7,707.0000,120.661001
7,708.0000,119.106673
7,709.0000,132.502532
7,710.0000,124.418905
7,711.0000,137.126309
7,712.0000,130.508869
7,713.0000,130.477087
7,714.0000,135.810947
7,715.0000,123.978734
7,716.0000,120.516616
7,717.0000,115.031958
7,718.0000,123.123567
7,719.0000,134.244285
7,720.0000,120.793480
7,721.0000,127.919393
7,722.0000,135.208109
7,723.0000,123.245951
7,724.0000,120.572024
7,725.0000,122.247711
7,726.0000,126.601335
7,727.0000,139.607466
7,728.0000,130.558936
7,729.0000,127.277521
7,730.0000,131.977852
7,731.0000,128.537311
7,732.0000,130.215126
7,733.0000,132.634791
7,734.0000,127.078131
7,735.0000,126.214792
7,736.0000,126.415091
7,737.0000,129.394293
7,738.0000,131.585733
7,739.0000,127.916144
7,740.0000,129.599489
7,741.0000,147.752819
7,742.0000,117.273721
7,743.0000,119.748039
7,744.0000,122.766367
7,745.0000,136.319693
7,746.0000,127.015359
7,747.0000,124.867312
7,748.0000,126.552150
7,749.0000,121.349541
7,750.0000,130.180386
7,751.0000,126.238607
7,752.0000,140.500270
7,753.0000,129.989445
7,754.0000,133.908310
7,755.0000,132.675110
7,756.0000,119.324968
7,757.0000,123.409826
7,758.0000,119.665213
7,759.0000,133.764001
7,760.0000,126.249850
7,761.0000,137.538162
7,762.0000,124.556808
7,763.0000,122.413880
7,764.0000,136.146591
7,765.0000,143.853325
7,766.0000,138.641416
7,767.0000,126.635049
7,768.0000,132.461080
7,769.0000,127.639954
7,770.0000,130.096573
7,771.0000,138.737836
7,772.0000,144.335398
7,773.0000,135.887385
7,774.0000,126.579058
7,775.0000,139.915347
7,776.0000,140.032473
7,777.0000,136.104640
7,778.0000,139.759921
7,779.0000,142.120235
7,780.0000,149.984565
7,781.0000,142.435426
7,782.0000,143.287658
7,783.0000,155.365905
7,784.0000,138.113853
7,785.0000,154.116482
7,786.0000,163.175281
7,787.0000,155.180424
7,788.0000,170.286134
7,789.0000,171.153139
7,790.0000,180.543197
7,791.0000,203.056893
7,792.0000,199.830827
7,793.0000,225.318019
7,794.0000,210.106395
7,795.0000,225.762013
7,796.0000,220.319292
7,797.0000,208.182110
7,798.0000,208.206876
7,799.0000,192.890504
7,800.0000,193.395719
7,801.0000,173.387014
7,802.0000,168.589268
7,803.0000,168.446431
7,804.0000,158.585741
7,805.0000,151.119668
7,806.0000,152.318107
7,807.0000,147.922765
7,808.0000,150.045575
7,809.0000,145.914766
7,810.0000,138.229885
7,811.0000,139.934225
7,812.0000,142.105599
7,813.0000,137.234768
7,814.0000,122.308482
7,815.0000,140.190272
7,816.0000,130.504344
7,817.0000,130.987436
7,818.0000,130.922909
7,819.0000,127.797466
7,820.0000,135.699932
7,821.0000,140.569578
7,822.0000,148.708855
7,823.0000,136.079857
7,824.0000,120.152704
7,825.0000,137.933238
7,826.0000,138.638989
7,827.0000,130.755845
7,828.0000,123.015460
7,829.0000,135.956753
7,830.0000,120.302930
7,831.0000,126.910247
7,832.0000,132.568529
7,833.0000,136.971688
7,834.0000,118.321487
7,835.0000,123.422296
7,836.0000,123.606087
7,837.0000,123.952315
7,838.0000,129.251815
7,839.0000,126.677328
7,840.0000,129.782828
7,841.0000,122.577829
7,842.0000,123.376471
7,843.0000,124.661158
7,844.0000,137.297587
7,845.0000,123.721980
7,846.0000,124.103383
7,847.0000,126.360714
7,848.0000,135.890784
7,849.0000,129.269349
7,850.0000,133.921709
7,851.0000,119.921536
7,852.0000,122.169967
7,853.0000,120.140126
7,854.0000,131.595345
7,855.0000,134.523974
7,856.0000,136.672901
7,857.0000,126.978068
7,858.0000,123.597251
7,859.0000,140.136714
7,860.0000,126.370534
7,861.0000,117.547260
7,862.0000,133.133379
7,863.0000,133.336772
7,864.0000,133.689510
7,865.0000,128.912035
7,866.0000,128.539960
7,867.0000,122.410470
7,868.0000,135.604175
7,869.0000,138.715913
7,870.0000,132.909121
7,871.0000,129.405879
7,872.0000,135.925620
7,873.0000,141.852813
7,874.0000,130.459044
7,875.0000,124.122939
7,876.0000,122.675009
7,877.0000,123.201290
7,878.0000,126.150438
7,879.0000,134.632350
7,880.0000,126.178639
7,881.0000,124.417443
7,882.0000,124.507230
7,883.0000,126.115951
7,884.0000,130.624880
7,885.0000,121.314441
7,886.0000,125.410291
7,887.0000,125.070203
7,888.0000,122.605259
7,889.0000,138.787556
7,890.0000,122.636505
7,891.0000,126.522863
7,892.0000,132.312080
7,893.0000,134.036010
7,894.0000,127.979715
7,895.0000,127.723105
7,896.0000,118.773109
7,897.0000,125.526690
7,898.0000,127.579992
7,899.0000,120.351754
7,900.0000,132.946471
7,901.0000,125.747160
7,902.0000,116.367349
7,903.0000,125.388374
7,904.0000,121.499194
7,905.0000,130.032204
7,906.0000,128.722798
7,907.0000,128.419778
7,908.0000,150.415972
7,909.0000,129.606741
7,910.0000,134.262612
7,911.0000,130.246065
7,912.0000,132.814577
7,913.0000,135.880574
7,914.0000,121.896590
7,915.0000,136.667486
7,916.0000,133.630675
7,917.0000,118.656732
7,918.0000,133.818776
7,919.0000,122.050609
7,920.0000,129.641913
7,921.0000,129.877935
7,922.0000,137.484232
7,923.0000,128.272073
7,924.0000,120.614205
7,925.0000,129.153336
7,926.0000,120.702838
7,927.0000,129.708843
7,928.0000,129.521134
7,929.0000,134.074595
7,930.0000,133.447572
7,931.0000,132.789586
7,932.0000,137.406403
7,933.0000,137.502650
7,934.0000,126.060120
7,935.0000,124.129819
7,936.0000,130.428036
7,937.0000,126.903593
7,938.0000,124.867565
7,939.0000,122.464254
7,940.0000,128.759244
7,941.0000,130.611152
7,942.0000,128.156343
7,943.0000,123.886649
7,944.0000,136.061013
7,945.0000,129.958734
7,946.0000,134.056324
7,947.0000,126.813967
7,948.0000,128.661552
7,949.0000,132.766740
7,950.0000,141.082428
7,951.0000,128.979926
7,952.0000,131.603249
7,953.0000,128.608471
7,954.0000,124.217535
7,955.0000,126.829817
7,956.0000,120.438298
7,957.0000,147.056497
7,958.0000,144.145866
7,959.0000,137.856850
7,960.0000,124.752698
7,961.0000,147.624312
7,962.0000,140.427812
7,963.0000,137.094671
7,964.0000,135.938439
7,965.0000,137.616451
7,966.0000,134.410791
7,967.0000,135.862867
7,968.0000,126.545298
7,969.0000,132.241203
7,970.0000,126.070869
7,971.0000,142.174514
7,972.0000,139.346857
7,973.0000,140.220235
7,974.0000,136.216036
7,975.0000,136.693012
7,976.0000,139.748075
7,977.0000,143.206238
7,978.0000,137.217030
7,979.0000,142.797739
7,980.0000,152.977877
7,981.0000,148.611556
7,982.0000,152.334325
7,983.0000,151.097672
7,984.0000,155.675547
7,985.0000,165.173163
7,986.0000,173.519087
7,987.0000,168.624199
7,988.0000,176.642048
7,989.0000,182.266244
7,990.0000,199.248849
7,991.0000,198.413820
7,992.0000,224.128268
7,993.0000,256.093184
7,994.0000,300.024602
7,995.0000,338.234393
7,996.0000,391.513713
7,997.0000,486.291369
7,998.0000,617.333714
7,999.0000,824.628537
7,1000.0000,1021.670932
7,1001.0000,1127.682066
7,1002.0000,1019.765767
7,1003.0000,814.359939
7,1004.0000,628.909360
7,1005.0000,500.762321
7,1006.0000,400.194198
7,1007.0000,335.925353
7,1008.0000,287.372127
7,1009.0000,263.303331
7,1010.0000,239.994550
7,1011.0000,214.706091
7,1012.0000,207.501795
7,1013.0000,194.975461
7,1014.0000,201.925906
7,1015.0000,184.079483
7,1016.0000,183.058984
7,1017.0000,177.645871
7,1018.0000,195.699628
7,1019.0000,189.887002
7,1020.0000,192.493028
7,1021.0000,197.435542
7,1022.0000,190.134005
7,1023.0000,205.719784
7,1024.0000,232.901661
7,1025.0000,249.217529
7,1026.0000,278.780600
7,1027.0000,309.089117
7,1028.0000,379.526116
7,1029.0000,451.753813
7,1030.0000,527.607572
7,1031.0000,545.951714
7,1032.0000,522.106216
7,1033.0000,441.210901
7,1034.0000,367.502882
7,1035.0000,317.103034
7,1036.0000,262.342939
7,1037.0000,238.172133
7,1038.0000,220.774537
7,1039.0000,203.717186
7,1040.0000,180.630224
7,1041.0000,182.459121
7,1042.0000,178.370251
7,1043.0000,174.676930
7,1044.0000,154.534596
7,1045.0000,154.862529
7,1046.0000,167.207320
7,1047.0000,146.249129
7,1048.0000,138.928286
7,1049.0000,145.030767
7,1050.0000,147.217241
7,1051.0000,145.447706
7,1052.0000,145.060600
7,1053.0000,139.959006
7,1054.0000,142.893701
7,1055.0000,130.105279
7,1056.0000,145.303872
7,1057.0000,132.468327
7,1058.0000,135.997561
7,1059.0000,130.084305
7,1060.0000,130.557946
7,1061.0000,127.696352
7,1062.0000,136.690272
7,1063.0000,137.759474
7,1064.0000,136.765317
7,1065.0000,137.405356
7,1066.0000,140.955269
7,1067.0000,129.959243
7,1068.0000,126.336055
7,1069.0000,138.734556
7,1070.0000,136.339026
7,1071.0000,125.279020
7,1072.0000,131.164869
7,1073.0000,123.109775
7,1074.0000,135.545369
7,1075.0000,123.810219
7,1076.0000,129.828691
7,1077.0000,129.207558
7,1078.0000,127.098064
7,1079.0000,135.151442
7,1080.0000,132.429300
7,1081.0000,134.512134
7,1082.0000,126.973753
7,1083.0000,128.484989
7,1084.0000,132.753157
7,1085.0000,146.541143
7,1086.0000,137.552625
7,1087.0000,136.495861
7,1088.0000,127.132378
7,1089.0000,122.232453
7,1090.0000,120.890574
7,1091.0000,119.417539
7,1092.0000,123.241603
7,1093.0000,131.530762
7,1094.0000,125.073378
7,1095.0000,130.360798
7,1096.0000,125.996222
7,1097.0000,127.480192
7,1098.0000,134.296784
7,1099.0000,131.333860
7,1100.0000,128.724740
7,1101.0000,133.712309
7,1102.0000,119.166688
7,1103.0000,120.366430
7,1104.0000,132.332391
7,1105.0000,128.311541
7,1106.0000,121.499775
7,1107.0000,120.785411
7,1108.0000,132.933366
7,1109.0000,128.563704
7,1110.0000,128.619893
7,1111.0000,128.848384
7,1112.0000,127.657190
7,1113.0000,124.384315
7,1114.0000,130.381801
7,1115.0000,121.958925
7,1116.0000,131.872731
7,1117.0000,137.384404
7,1118.0000,123.677862
7,1119.0000,126.991779
7,1120.0000,136.020144
7,1121.0000,123.406629
7,1122.0000,129.132931
7,1123.0000,137.388362
7,1124.0000,128.419490
7,1125.0000,132.554204
7,1126.0000,125.186293
7,1127.0000,137.403309
7,1128.0000,136.447226
7,1129.0000,131.144159
7,1130.0000,137.308539
7,1131.0000,131.111692
7,1132.0000,131.208082
7,1133.0000,137.680121
7,1134.0000,136.685847
7,1135.0000,134.101812
7,1136.0000,129.771059
7,1137.0000,140.918487
7,1138.0000,145.547125
7,1139.0000,143.897084
7,1140.0000,150.953941
7,1141.0000,137.784727
7,1142.0000,141.940033
7,1143.0000,148.535504
7,1144.0000,157.766882
7,1145.0000,161.125903
7,1146.0000,168.668068
7,1147.0000,166.190757
7,1148.0000,179.374491
7,1149.0000,189.693251
7,1150.0000,194.605479
7,1151.0000,197.733009
7,1152.0000,232.296137
7,1153.0000,250.652862
7,1154.0000,255.931505
7,1155.0000,269.610832
7,1156.0000,260.753735
7,1157.0000,250.448873
7,1158.0000,229.762771
7,1159.0000,215.457703
7,1160.0000,199.897070
7,1161.0000,190.798478
7,1162.0000,171.012031
7,1163.0000,177.452958
7,1164.0000,154.878649
7,1165.0000,171.566719
7,1166.0000,171.073593
7,1167.0000,149.554533
7,1168.0000,154.504585
7,1169.0000,140.831516
7,1170.0000,168.008056
7,1171.0000,158.761541
7,1172.0000,155.679753
7,1173.0000,155.153807
7,1174.0000,159.311723
7,1175.0000,164.315249
7,1176.0000,163.657069
7,1177.0000,165.868920
7,1178.0000,182.108101
7,1179.0000,196.614874
7,1180.0000,226.204569
7,1181.0000,208.351354
7,1182.0000,230.902832
7,1183.0000,242.522639
7,1184.0000,245.454698
7,1185.0000,227.431307
7,1186.0000,210.254082
7,1187.0000,185.827281
7,1188.0000,187.764313
7,1189.0000,165.007463
7,1190.0000,159.732525
7,1191.0000,155.949262
7,1192.0000,145.628558
7,1193.0000,147.076457
7,1194.0000,148.290135
7,1195.0000,158.155571
7,1196.0000,145.252596
7,1197.0000,150.760352
7,1198.0000,142.391545
7,1199.0000,134.920399
7,1200.0000,137.701994
7,1201.0000,139.377389
7,1202.0000,142.414111
7,1203.0000,131.975158
7,1204.0000,131.426865
7,1205.0000,119.352004
7,1206.0000,141.192316
7,1207.0000,129.793643
7,1208.0000,120.210637
7,1209.0000,124.356556
7,1210.0000,133.056291
7,1211.0000,130.339917
7,1212.0000,128.941576
7,1213.0000,129.425937
7,1214.0000,125.561485
7,1215.0000,143.035199
7,1216.0000,140.272659
7,1217.0000,129.801324
7,1218.0000,127.763927
7,1219.0000,125.743209
7,1220.0000,122.739397
7,1221.0000,136.124271
7,1222.0000,121.033215
7,1223.0000,127.539078
7,1224.0000,124.085852
7,1225.0000,128.388143
7,1226.0000,137.355791
7,1227.0000,129.114453
7,1228.0000,124.368192
7,1229.0000,125.769912
7,1230.0000,130.301646
7,1231.0000,119.218252
7,1232.0000,121.887805
7,1233.0000,132.452410
7,1234.0000,123.767951
7,1235.0000,123.067996
7,1236.0000,129.059061
7,1237.0000,119.969245
7,1238.0000,124.162085
7,1239.0000,129.775644
7,1240.0000,141.079981
7,1241.0000,137.655239
7,1242.0000,115.104957
7,1243.0000,133.025298
7,1244.0000,124.465412
7,1245.0000,128.553152
7,1246.0000,126.372607
7,1247.0000,127.236176
7,1248.0000,127.534203
7,1249.0000,120.944090
7,1250.0000,117.898530
7,1251.0000,125.099906
7,1252.0000,117.256679
7,1253.0000,119.817070
7,1254.0000,122.800824
7,1255.0000,137.334983
7,1256.0000,135.280676
7,1257.0000,133.855171
7,1258.0000,133.808657
7,1259.0000,126.579606
7,1260.0000,122.805118
7,1261.0000,128.477386
7,1262.0000,123.521309
7,1263.0000,125.148312
7,1264.0000,118.283266
7,1265.0000,132.506715
7,1266.0000,134.826045
7,1267.0000,127.008836
7,1268.0000,134.999516
7,1269.0000,131.616869
7,1270.0000,113.573371
7,1271.0000,124.215710
7,1272.0000,127.230035
7,1273.0000,126.105214
7,1274.0000,124.742992
7,1275.0000,130.743291
7,1276.0000,130.401987
7,1277.0000,122.457458
7,1278.0000,130.768631
7,1279.0000,128.334337
7,1280.0000,123.517316
7,1281.0000,138.619469
7,1282.0000,123.059727
7,1283.0000,124.633111
7,1284.0000,126.572396
7,1285.0000,127.811880
7,1286.0000,128.431650
7,1287.0000,129.970016
7,1288.0000,133.560206
7,1289.0000,128.002045
7,1290.0000,121.934510
7,1291.0000,129.373414
7,1292.0000,126.676722
7,1293.0000,136.035331
7,1294.0000,125.093451
7,1295.0000,128.394441
7,1296.0000,122.491519
7,1297.0000,126.391740
7,1298.0000,131.744311
7,1299.0000,123.629225
7,1300.0000,119.485605
7,1301.0000,131.351176
7,1302.0000,141.311920
7,1303.0000,134.362401
7,1304.0000,132.060097
7,1305.0000,126.272069
7,1306.0000,120.937738
7,1307.0000,131.317396
7,1308.0000,118.858979
7,1309.0000,123.254695
7,1310.0000,118.908982
7,1311.0000,130.892377
7,1312.0000,131.581866
7,1313.0000,125.160929
7,1314.0000,132.357431
7,1315.0000,127.431483
7,1316.0000,126.306112
7,1317.0000,133.396674
7,1318.0000,114.746302
7,1319.0000,111.320618
7,1320.0000,132.822842
7,1321.0000,132.120301
7,1322.0000,124.576825
7,1323.0000,137.142969
7,1324.0000,122.207392
7,1325.0000,128.432171
7,1326.0000,127.530485
7,1327.0000,119.463859
7,1328.0000,134.531248
7,1329.0000,121.977663
7,1330.0000,128.074738
7,1331.0000,128.550599
7,1332.0000,124.190078
7,1333.0000,129.784137
7,1334.0000,138.846380
7,1335.0000,122.395867
7,1336.0000,123.837217
7,1337.0000,132.410531
7,1338.0000,130.531520
7,1339.0000,130.078467
7,1340.0000,115.724722
7,1341.0000,126.341837
7,1342.0000,125.056934
7,1343.0000,136.992200
7,1344.0000,126.434214
7,1345.0000,139.414627
7,1346.0000,125.095179
7,1347.0000,128.361103
7,1348.0000,124.373460
7,1349.0000,128.070095
7,1350.0000,124.960008
7,1351.0000,131.911550
7,1352.0000,121.684694
7,1353.0000,124.522493
7,1354.0000,115.023606
7,1355.0000,129.685030
7,1356.0000,131.410476
7,1357.0000,123.360448
7,1358.0000,126.345468
7,1359.0000,118.781978
7,1360.0000,129.771568
7,1361.0000,125.818145
7,1362.0000,122.676598
7,1363.0000,125.067420
7,1364.0000,111.359943
7,1365.0000,116.448485
7,1366.0000,132.163713
7,1367.0000,116.479857
7,1368.0000,118.062068
7,1369.0000,131.660600
7,1370.0000,120.165406
7,1371.0000,133.689870
7,1372.0000,117.912443
7,1373.0000,122.817269
7,1374.0000,134.005969
7,1375.0000,126.875685
7,1376.0000,135.479082
7,1377.0000,126.571427
7,1378.0000,136.895612
7,1379.0000,131.325104
7,1380.0000,121.704481
7,1381.0000,145.716136
7,1382.0000,129.728119
7,1383.0000,115.420002
7,1384.0000,123.517181
7,1385.0000,131.780491
7,1386.0000,124.505192
7,1387.0000,143.118232
7,1388.0000,139.179824
7,1389.0000,140.874745
7,1390.0000,130.932784
7,1391.0000,129.886673
7,1392.0000,139.133534
7,1393.0000,131.626135
7,1394.0000,128.176161
7,1395.0000,136.718183
7,1396.0000,119.456017
7,1397.0000,141.022605
7,1398.0000,133.425665
7,1399.0000,131.361482
7,1400.0000,115.063143
7,1401.0000,131.169285
7,1402.0000,131.994999
7,1403.0000,129.246984
7,1404.0000,129.887339
7,1405.0000,130.907156
7,1406.0000,135.913661
7,1407.0000,136.167435
7,1408.0000,131.034009
7,1409.0000,125.138102
7,1410.0000,132.709995
7,1411.0000,136.284431
7,1412.0000,132.713767
7,1413.0000,137.055703
7,1414.0000,134.845742
7,1415.0000,127.362716
7,1416.0000,126.576824
7,1417.0000,135.457602
7,1418.0000,141.529392
7,1419.0000,132.809743
7,1420.0000,141.943737
7,1421.0000,139.435337
7,1422.0000,136.293935
7,1423.0000,152.447515
7,1424.0000,146.759737
7,1425.0000,137.521123
7,1426.0000,141.141588
7,1427.0000,148.320508
7,1428.0000,139.755348
7,1429.0000,141.786406
7,1430.0000,153.928733
7,1431.0000,157.584221
7,1432.0000,156.924388
7,1433.0000,155.321498
7,1434.0000,162.408753
7,1435.0000,163.054624
7,1436.0000,169.690540
7,1437.0000,190.506458
7,1438.0000,185.578224
7,1439.0000,194.718039
7,1440.0000,199.934828
7,1441.0000,211.870532
7,1442.0000,208.096011
7,1443.0000,238.474790
7,1444.0000,247.772913
7,1445.0000,277.283759
7,1446.0000,299.966689
7,1447.0000,301.309203
7,1448.0000,335.173980
7,1449.0000,348.665197
7,1450.0000,351.410275
7,1451.0000,332.332015
7,1452.0000,325.069966
7,1453.0000,304.073394
7,1454.0000,294.997946
7,1455.0000,266.547345
7,1456.0000,258.031758
7,1457.0000,236.503979
7,1458.0000,217.383780
7,1459.0000,216.011764
7,1460.0000,201.698587
7,1461.0000,186.172864
7,1462.0000,193.648934
7,1463.0000,178.334345
7,1464.0000,172.510437
7,1465.0000,165.897605
7,1466.0000,161.803740
7,1467.0000,156.872766
7,1468.0000,150.162384
7,1469.0000,148.228201
7,1470.0000,149.481534
7,1471.0000,148.821114
7,1472.0000,152.807165
7,1473.0000,154.617392
7,1474.0000,146.323029
7,1475.0000,139.104663
7,1476.0000,144.999376
7,1477.0000,136.741889
7,1478.0000,144.241174
7,1479.0000,133.264565
7,1480.0000,130.738644
7,1481.0000,143.751792
7,1482.0000,137.626146
7,1483.0000,140.014612
7,1484.0000,141.583195
7,1485.0000,130.811753
7,1486.0000,124.892091
7,1487.0000,135.722846
7,1488.0000,134.055868
7,1489.0000,128.227304
7,1490.0000,135.020380
7,1491.0000,139.617004
7,1492.0000,126.090146
7,1493.0000,121.203953
7,1494.0000,131.363849
7,1495.0000,133.119464
7,1496.0000,130.655801
7,1497.0000,138.153295
7,1498.0000,131.669575
7,1499.0000,131.722178
7,1500.0000,117.828025
7,1501.0000,134.332961
7,1502.0000,129.351051
7,1503.0000,132.508673
7,1504.0000,139.631115
7,1505.0000,139.256120
7,1506.0000,130.675541
7,1507.0000,129.770877
7,1508.0000,129.654197
7,1509.0000,130.639339
7,1510.0000,133.039729
7,1511.0000,134.759428
7,1512.0000,128.939035
7,1513.0000,132.418587
7,1514.0000,123.001500
7,1515.0000,140.706357
7,1516.0000,138.411459
7,1517.0000,132.912136
7,1518.0000,119.155684
7,1519.0000,132.658411
7,1520.0000,122.417447
7,1521.0000,138.574054
7,1522.0000,132.327543
7,1523.0000,137.403636
7,1524.0000,147.935531
7,1525.0000,141.018677
7,1526.0000,136.376172
7,1527.0000,123.928991
7,1528.0000,134.074904
7,1529.0000,131.519294
7,1530.0000,123.656407
7,1531.0000,134.213747
7,1532.0000,119.578773
7,1533.0000,140.855455
7,1534.0000,134.048879
7,1535.0000,128.860053
7,1536.0000,131.312898
7,1537.0000,130.371117
7,1538.0000,134.249866
7,1539.0000,134.045700
7,1540.0000,137.368056
7,1541.0000,125.753232
7,1542.0000,143.662441
7,1543.0000,136.902127
7,1544.0000,130.643896
7,1545.0000,120.308859
7,1546.0000,125.015530
7,1547.0000,130.419803
7,1548.0000,130.088397
7,1549.0000,138.588206
7,1550.0000,130.710973
7,1551.0000,130.273524
7,1552.0000,140.528620
7,1553.0000,139.879454
7,1554.0000,147.611120
7,1555.0000,142.741856
7,1556.0000,142.357638
7,1557.0000,135.801327
7,1558.0000,146.000556
7,1559.0000,143.109700
7,1560.0000,145.290157
7,1561.0000,136.524934
7,1562.0000,145.114040
7,1563.0000,138.365006
7,1564.0000,144.337715
7,1565.0000,139.623155
7,1566.0000,153.958809
7,1567.0000,155.709141
7,1568.0000,161.034559
7,1569.0000,151.509025
7,1570.0000,164.224072
7,1571.0000,172.997358
7,1572.0000,179.480487
7,1573.0000,178.563173
7,1574.0000,187.533380
7,1575.0000,191.828586
7,1576.0000,209.439176
7,1577.0000,219.293280
7,1578.0000,243.104403
7,1579.0000,259.891966
7,1580.0000,292.740085
7,1581.0000,323.924626
7,1582.0000,338.209645
7,1583.0000,343.302354
7,1584.0000,350.474168
7,1585.0000,334.022776
7,1586.0000,307.531356
7,1587.0000,290.849680
7,1588.0000,273.305262
7,1589.0000,258.676840
7,1590.0000,250.210765
7,1591.0000,266.386886
7,1592.0000,253.484417
7,1593.0000,278.158104
7,1594.0000,293.717392
7,1595.0000,302.999927
7,1596.0000,341.198655
7,1597.0000,389.781800
7,1598.0000,457.684247
7,1599.0000,533.963993
7,1600.0000,640.998206
7,1601.0000,725.508713
7,1602.0000,751.096126
7,1603.0000,714.871988
7,1604.0000,621.192778
7,1605.0000,529.381820
7,1606.0000,448.096861
7,1607.0000,378.731468
7,1608.0000,318.366673
7,1609.0000,280.147501
7,1610.0000,249.301296
7,1611.0000,234.470547
7,1612.0000,223.405143
7,1613.0000,205.519401
7,1614.0000,203.470284
7,1615.0000,184.940700
7,1616.0000,172.754183
7,1617.0000,167.183212
7,1618.0000,186.304043
7,1619.0000,169.102252
7,1620.0000,159.164833
7,1621.0000,155.273921
7,1622.0000,150.144071
7,1623.0000,154.829674
7,1624.0000,158.794589
7,1625.0000,145.265262
7,1626.0000,144.470262
7,1627.0000,142.883680
7,1628.0000,147.123377
7,1629.0000,147.821967
7,1630.0000,147.385600
7,1631.0000,129.794443
7,1632.0000,143.662769
7,1633.0000,139.359260
7,1634.0000,141.655557
7,1635.0000,144.518262
7,1636.0000,141.001934
7,1637.0000,135.988746
7,1638.0000,147.785974
7,1639.0000,137.334912
7,1640.0000,135.249659
7,1641.0000,138.627461
7,1642.0000,128.280999
7,1643.0000,131.282034
7,1644.0000,129.517993
7,1645.0000,138.078908
7,1646.0000,136.759484
7,1647.0000,128.393054
7,1648.0000,124.557312
7,1649.0000,126.185337
7,1650.0000,117.623802
7,1651.0000,127.929640
7,1652.0000,126.931534
7,1653.0000,133.850325
7,1654.0000,128.527046
7,1655.0000,133.597312
7,1656.0000,138.952970
7,1657.0000,125.196855
7,1658.0000,138.969635
7,1659.0000,127.535995
7,1660.0000,138.615623
7,1661.0000,134.046730
7,1662.0000,129.316564
7,1663.0000,125.266307
7,1664.0000,135.982980
7,1665.0000,122.126822
7,1666.0000,136.224025
7,1667.0000,125.269809
7,1668.0000,128.682176
7,1669.0000,123.231943
7,1670.0000,124.755518
7,1671.0000,130.826232
7,1672.0000,128.021273
7,1673.0000,130.456202
7,1674.0000,119.628890
7,1675.0000,121.411400
7,1676.0000,129.902150
7,1677.0000,132.725781
7,1678.0000,125.676988
7,1679.0000,120.498985
7,1680.0000,133.092270
7,1681.0000,114.232367
7,1682.0000,125.182750
7,1683.0000,131.277841
7,1684.0000,121.957052
7,1685.0000,124.007541
7,1686.0000,124.874815
7,1687.0000,118.419464
7,1688.0000,117.974149
7,1689.0000,124.461108
7,1690.0000,124.945201
7,1691.0000,133.168710
7,1692.0000,132.114192
7,1693.0000,135.636880
7,1694.0000,120.084073
7,1695.0000,123.969693
7,1696.0000,125.681468
7,1697.0000,133.915069
7,1698.0000,133.013941
7,1699.0000,124.353766
7,1700.0000,126.577696
7,1701.0000,121.383089
7,1702.0000,121.551614
7,1703.0000,129.834945
7,1704.0000,135.398462
7,1705.0000,122.334411
7,1706.0000,125.809575
7,1707.0000,125.851976
7,1708.0000,131.166373
7,1709.0000,126.115982
7,1710.0000,124.606834
7,1711.0000,123.568802
7,1712.0000,130.083081
7,1713.0000,117.617140
7,1714.0000,133.600437
7,1715.0000,127.006907
7,1716.0000,122.102985
7,1717.0000,120.427135
7,1718.0000,123.707452
7,1719.0000,127.611454
7,1720.0000,119.671053
7,1721.0000,126.657091
7,1722.0000,126.511674
7,1723.0000,126.568656
7,1724.0000,128.582198
7,1725.0000,137.988998
7,1726.0000,124.392646
7,1727.0000,125.289245
7,1728.0000,128.966085
7,1729.0000,129.902083
7,1730.0000,127.460218
7,1731.0000,123.162342
7,1732.0000,128.135851
7,1733.0000,134.098407
7,1734.0000,132.520749
7,1735.0000,130.993978
7,1736.0000,131.782924
7,1737.0000,123.096373
7,1738.0000,135.084393
7,1739.0000,135.658367
7,1740.0000,127.686514
7,1741.0000,135.594444
7,1742.0000,124.375848
7,1743.0000,136.639306
7,1744.0000,122.816121
7,1745.0000,116.335577
7,1746.0000,127.663511
7,1747.0000,119.554192
7,1748.0000,137.122335
7,1749.0000,114.328323
7,1750.0000,136.300631
7,1751.0000,128.920405
7,1752.0000,131.311494
7,1753.0000,128.393793
7,1754.0000,140.165625
7,1755.0000,126.771935
7,1756.0000,133.875222
7,1757.0000,120.732233
7,1758.0000,124.224910
7,1759.0000,120.913190
7,1760.0000,133.848481
7,1761.0000,126.830181
7,1762.0000,126.184960
7,1763.0000,129.632529
7,1764.0000,126.690456
7,1765.0000,125.650905
7,1766.0000,124.455052
7,1767.0000,125.846229
7,1768.0000,126.812943
7,1769.0000,138.047975
7,1770.0000,133.799918
7,1771.0000,137.653674
7,1772.0000,131.668331
7,1773.0000,120.232593
7,1774.0000,126.647952
7,1775.0000,113.079655
7,1776.0000,130.468365
7,1777.0000,126.540987
7,1778.0000,126.123257
7,1779.0000,139.561089
7,1780.0000,124.390837
7,1781.0000,135.785768
7,1782.0000,114.668507
7,1783.0000,114.817744
7,1784.0000,126.199035
7,1785.0000,119.471309
7,1786.0000,140.594115
7,1787.0000,124.374346
7,1788.0000,121.257340
7,1789.0000,120.000691
7,1790.0000,132.120660
7,1791.0000,133.803010
7,1792.0000,120.231065
7,1793.0000,115.333367
7,1794.0000,125.542699
7,1795.0000,126.964606
7,1796.0000,128.462883
7,1797.0000,121.157875
7,1798.0000,120.953149
7,1799.0000,123.270625
7,1800.0000,122.146976
7,1801.0000,138.905996
7,1802.0000,120.091052
7,1803.0000,129.191553
7,1804.0000,126.192994
7,1805.0000,129.691025
7,1806.0000,115.996972
7,1807.0000,128.809081
7,1808.0000,123.136299
7,1809.0000,131.211016
7,1810.0000,124.989088
7,1811.0000,126.545939
7,1812.0000,124.640934
7,1813.0000,124.600894
7,1814.0000,133.626230
7,1815.0000,127.368588
7,1816.0000,127.810280
7,1817.0000,125.019628
7,1818.0000,134.038406
7,1819.0000,125.816243
7,1820.0000,138.526677
7,1821.0000,133.966665
7,1822.0000,126.949578
7,1823.0000,116.818669
7,1824.0000,135.196450
7,1825.0000,127.392052
7,1826.0000,114.072738
7,1827.0000,126.990971
7,1828.0000,136.967979
7,1829.0000,125.354392
7,1830.0000,118.168536
7,1831.0000,132.021329
7,1832.0000,126.934596
7,1833.0000,137.057454
7,1834.0000,132.180410
7,1835.0000,113.244021
7,1836.0000,126.966472
7,1837.0000,124.905795
7,1838.0000,123.027321
7,1839.0000,123.896797
7,1840.0000,133.733673
7,1841.0000,126.848479
7,1842.0000,124.944507
7,1843.0000,133.790794
7,1844.0000,125.397318
7,1845.0000,123.374632
7,1846.0000,128.223676
7,1847.0000,113.989434
7,1848.0000,124.347228
7,1849.0000,131.984376
7,1850.0000,124.147053
7,1851.0000,116.415544
7,1852.0000,135.277706
7,1853.0000,131.866307
7,1854.0000,130.652146
7,1855.0000,119.466421
7,1856.0000,124.386951
7,1857.0000,127.685898
7,1858.0000,124.327640
7,1859.0000,122.095107
7,1860.0000,130.115693
7,1861.0000,125.910599
7,1862.0000,121.060077
7,1863.0000,131.354008
7,1864.0000,123.641407
7,1865.0000,119.069162
7,1866.0000,125.694790
7,1867.0000,124.530641
7,1868.0000,124.340913
7,1869.0000,120.843585
7,1870.0000,109.902985
7,1871.0000,133.431310
7,1872.0000,130.518707
7,1873.0000,109.095820
7,1874.0000,134.853193
7,1875.0000,133.095613
7,1876.0000,126.536906
7,1877.0000,125.525849
7,1878.0000,139.114041
7,1879.0000,120.257943
7,1880.0000,134.712898
7,1881.0000,117.294862
7,1882.0000,112.366337
7,1883.0000,139.781730
7,1884.0000,115.037659
7,1885.0000,131.466113
7,1886.0000,133.108756
7,1887.0000,133.798950
7,1888.0000,117.867135
7,1889.0000,116.342262
7,1890.0000,126.581265
7,1891.0000,127.443431
7,1892.0000,128.056422
7,1893.0000,127.181930
7,1894.0000,118.545132
7,1895.0000,128.242235
7,1896.0000,111.837392
7,1897.0000,131.814481
7,1898.0000,123.209307
7,1899.0000,124.348704
7,1900.0000,111.667472
7,1901.0000,123.538524
7,1902.0000,121.857698
7,1903.0000,128.937247
7,1904.0000,122.418332
7,1905.0000,120.464834
7,1906.0000,124.716130
7,1907.0000,131.312559
7,1908.0000,117.396078
7,1909.0000,124.083937
7,1910.0000,107.956534
7,1911.0000,122.749973
7,1912.0000,131.404559
7,1913.0000,124.828708
7,1914.0000,128.835540
7,1915.0000,125.206999
7,1916.0000,127.094787
7,1917.0000,129.335916
7,1918.0000,125.884343
7,1919.0000,122.155528
7,1920.0000,129.131985
7,1921.0000,121.303706
7,1922.0000,121.216012
7,1923.0000,129.031344
7,1924.0000,126.827507
7,1925.0000,119.207879
7,1926.0000,135.899241
7,1927.0000,121.132367
7,1928.0000,135.357767
7,1929.0000,128.536537
7,1930.0000,125.112807
7,1931.0000,124.463975
7,1932.0000,130.167383
7,1933.0000,126.991491
7,1934.0000,125.435410
7,1935.0000,131.469943
7,1936.0000,136.194430
7,1937.0000,123.259153
7,1938.0000,134.079087
7,1939.0000,128.288357
7,1940.0000,124.689346
7,1941.0000,133.043010
7,1942.0000,132.638620
7,1943.0000,121.068435
7,1944.0000,125.076335
7,1945.0000,136.113803
7,1946.0000,124.484198
7,1947.0000,127.972187
7,1948.0000,126.207322
7,1949.0000,128.926893
7,1950.0000,131.551416
7,1951.0000,128.471550
7,1952.0000,129.328256
7,1953.0000,129.311540
7,1954.0000,132.095541
7,1955.0000,131.844955
7,1956.0000,125.396338
7,1957.0000,132.860983
7,1958.0000,137.244955
7,1959.0000,131.201749
7,1960.0000,122.861188
7,1961.0000,124.600281
7,1962.0000,116.549250
7,1963.0000,123.111926
7,1964.0000,121.330297
7,1965.0000,128.660113
7,1966.0000,121.704900
7,1967.0000,126.928468
7,1968.0000,125.982053
7,1969.0000,120.956185
7,1970.0000,128.750115
7,1971.0000,122.705297
7,1972.0000,128.208893
7,1973.0000,118.499156
7,1974.0000,118.128717
7,1975.0000,126.248887
7,1976.0000,136.820325
7,1977.0000,127.095995
7,1978.0000,120.522979
7,1979.0000,131.051897
7,1980.0000,129.106607
7,1981.0000,130.174761
7,1982.0000,128.217024
7,1983.0000,127.373374
7,1984.0000,130.455585
7,1985.0000,124.689525
7,1986.0000,125.311597
7,1987.0000,120.522062
7,1988.0000,135.223020
7,1989.0000,123.312755
7,1990.0000,123.533968
7,1991.0000,129.661541
7,1992.0000,120.519214
7,1993.0000,121.474449
7,1994.0000,121.375649
7,1995.0000,123.033073
7,1996.0000,122.097678
7,1997.0000,127.806697
7,1998.0000,128.208040
7,1999.0000,125.563884
7,2000.0000,129.190740
8,200.0000,151.393886
8,201.0000,143.046606
8,202.0000,133.567487
8,203.0000,134.498696
8,204.0000,146.559936
8,205.0000,145.095709
8,206.0000,144.017151
8,207.0000,141.245027
8,208.0000,141.778315
8,209.0000,140.761038
8,210.0000,150.429307
8,211.0000,145.406994
8,212.0000,147.245696
8,213.0000,145.189342
8,214.0000,145.777189
8,215.0000,148.044998
8,216.0000,143.695041
8,217.0000,144.089630
8,218.0000,151.116688
8,219.0000,148.660302
8,220.0000,147.925215
8,221.0000,134.861592
8,222.0000,133.176352
8,223.0000,153.450615
8,224.0000,143.160138
8,225.0000,146.210652
8,226.0000,146.237125
8,227.0000,143.087487
8,228.0000,143.593961
8,229.0000,145.764059
8,230.0000,149.634634
8,231.0000,137.226975
8,232.0000,137.007945
8,233.0000,146.941081
8,234.0000,146.339336
8,235.0000,150.528264
8,236.0000,144.928771
8,237.0000,139.451714
8,238.0000,138.532333
8,239.0000,141.092700
8,240.0000,140.083361
8,241.0000,147.117957
8,242.0000,147.812249
8,243.0000,137.959596
8,244.0000,141.644954
8,245.0000,149.525717
8,246.0000,144.148304
8,247.0000,150.271834
8,248.0000,132.572545
8,249.0000,145.651619
8,250.0000,132.518532
8,251.0000,142.812510
8,252.0000,140.617373
8,253.0000,139.092709
8,254.0000,136.963926
8,255.0000,151.021495
8,256.0000,148.128071
8,257.0000,132.393083
8,258.0000,145.933784
8,259.0000,142.736295
8,260.0000,147.598329
8,261.0000,149.332444
8,262.0000,140.769686
8,263.0000,136.536945
8,264.0000,129.982092
8,265.0000,148.230666
8,266.0000,146.250033
8,267.0000,155.250668
8,268.0000,140.735744
8,269.0000,150.140308
8,270.0000,152.499324
8,271.0000,153.108422
8,272.0000,134.716798
8,273.0000,141.342711
8,274.0000,137.549884
8,275.0000,147.700221
8,276.0000,139.458446
8,277.0000,153.238645
8,278.0000,137.479876
8,279.0000,147.031665
8,280.0000,140.137561
8,281.0000,154.576518
8,282.0000,153.522338
8,283.0000,155.525303
8,284.0000,137.888296
8,285.0000,151.434580
8,286.0000,142.151984
8,287.0000,146.536444
8,288.0000,141.730600
8,289.0000,149.777018
8,290.0000,145.012771
8,291.0000,147.541108
8,292.0000,136.914851
8,293.0000,138.568780
8,294.0000,148.587534
8,295.0000,144.092975
8,296.0000,144.161934
8,297.0000,151.625162
8,298.0000,154.244708
8,299.0000,130.509984
8,300.0000,148.694170
8,301.0000,141.978414
8,302.0000,144.872050
8,303.0000,136.098582
8,304.0000,139.502884
8,305.0000,152.981977
8,306.0000,138.726338
8,307.0000,134.438817
8,308.0000,135.687812
8,309.0000,143.185079
8,310.0000,150.704555
8,311.0000,140.147565
8,312.0000,144.362849
8,313.0000,146.700598
8,314.0000,140.700641
8,315.0000,137.380245
8,316.0000,136.302947
8,317.0000,142.312433
8,318.0000,140.359258
8,319.0000,152.072133
8,320.0000,144.019479
8,321.0000,139.563732
8,322.0000,142.547961
8,323.0000,138.964873
8,324.0000,141.504226
8,325.0000,151.395046
8,326.0000,147.602352
8,327.0000,141.206651
8,328.0000,146.323957
8,329.0000,146.066728
8,330.0000,139.421757
8,331.0000,141.837555
8,332.0000,142.928135
8,333.0000,137.241628
8,334.0000,144.803177
8,335.0000,151.176371
8,336.0000,143.149498
8,337.0000,141.528433
8,338.0000,149.778377
8,339.0000,134.426107
8,340.0000,140.924797
8,341.0000,135.881413
8,342.0000,142.673887
8,343.0000,133.545902
8,344.0000,146.386851
8,345.0000,145.300368
8,346.0000,137.246973
8,347.0000,141.378421
8,348.0000,160.428425
8,349.0000,139.136871
8,350.0000,139.541363
8,351.0000,143.318364
8,352.0000,127.840951
8,353.0000,140.363782
8,354.0000,143.472851
8,355.0000,149.029353
8,356.0000,140.341019
8,357.0000,148.273718
8,358.0000,157.894056
8,359.0000,143.777473
8,360.0000,146.240725
8,361.0000,153.360474
8,362.0000,141.498933
8,363.0000,147.208059
8,364.0000,143.808040
8,365.0000,152.330016
8,366.0000,140.790603
8,367.0000,141.881897
8,368.0000,143.380686
8,369.0000,138.685206
8,370.0000,155.682055
8,371.0000,142.266161
8,372.0000,149.153834
8,373.0000,142.240873
8,374.0000,140.639528
8,375.0000,141.326038
8,376.0000,133.602402
8,377.0000,148.768829
8,378.0000,136.433061
8,379.0000,133.421985
8,380.0000,145.548798
8,381.0000,139.830565
8,382.0000,129.526520
8,383.0000,144.886046
8,384.0000,135.266325
8,385.0000,153.793164
8,386.0000,140.069225
8,387.0000,145.133308
8,388.0000,148.293351
8,389.0000,144.130176
8,390.0000,148.231034
8,391.0000,150.439456
8,392.0000,146.892531
8,393.0000,136.774637
8,394.0000,154.357043
8,395.0000,138.600586
8,396.0000,139.332892
8,397.0000,136.177152
8,398.0000,141.180806
8,399.0000,147.797345
8,400.0000,134.978516
8,401.0000,137.171105
8,402.0000,155.907943
8,403.0000,141.278463
8,404.0000,145.706668
8,405.0000,136.826028
8,406.0000,141.114496
8,407.0000,143.630315
8,408.0000,151.245255
8,409.0000,147.826969
8,410.0000,146.291434
8,411.0000,136.165009
8,412.0000,145.485319
8,413.0000,135.407619
8,414.0000,143.294384
8,415.0000,138.963693
8,416.0000,137.647844
8,417.0000,144.609440
8,418.0000,147.689253
8,419.0000,157.062565
8,420.0000,143.706185
8,421.0000,133.720989
8,422.0000,140.220835
8,423.0000,158.073608
8,424.0000,147.349171
8,425.0000,139.544161
8,426.0000,145.677517
8,427.0000,141.704302
8,428.0000,158.314817
8,429.0000,130.242459
8,430.0000,145.319896
8,431.0000,143.730868
8,432.0000,141.595786
8,433.0000,138.698695
8,434.0000,130.172174
8,435.0000,139.664795
8,436.0000,147.039930
8,437.0000,138.021347
8,438.0000,142.315441
8,439.0000,140.726713
8,440.0000,145.954053
8,441.0000,140.819948
8,442.0000,132.441517
8,443.0000,151.228525
8,444.0000,146.242997
8,445.0000,149.609933
8,446.0000,141.800890
8,447.0000,144.494032
8,448.0000,147.126923
8,449.0000,143.277121
8,450.0000,145.729242
8,451.0000,147.973572
8,452.0000,137.503061
8,453.0000,130.417074
8,454.0000,151.465364
8,455.0000,140.280900
8,456.0000,144.400408
8,457.0000,147.458755
8,458.0000,150.555558
8,459.0000,147.420012
8,460.0000,136.923286
8,461.0000,142.914531
8,462.0000,141.147637
8,463.0000,141.170372
8,464.0000,152.472416
8,465.0000,133.161061
8,466.0000,145.583922
8,467.0000,138.350833
8,468.0000,137.680232
8,469.0000,139.475642
8,470.0000,139.589165
8,471.0000,147.364998
8,472.0000,155.327483
8,473.0000,141.013990
8,474.0000,136.988890
8,475.0000,146.879135
8,476.0000,140.746181
8,477.0000,148.792827
8,478.0000,149.178477
8,479.0000,154.372885
8,480.0000,149.887040
8,481.0000,141.395327
8,482.0000,146.356144
8,483.0000,145.722818
8,484.0000,138.655910
8,485.0000,144.470802
8,486.0000,130.224466
8,487.0000,141.093335
8,488.0000,136.852779
8,489.0000,140.202055
8,490.0000,151.325504
8,491.0000,147.251084
8,492.0000,152.747681
8,493.0000,141.220061
8,494.0000,151.252840
8,495.0000,135.887403
8,496.0000,150.715562
8,497.0000,143.382295
8,498.0000,144.294965
8,499.0000,145.043539
8,500.0000,148.721193
8,501.0000,152.899092
8,502.0000,156.748711
8,503.0000,149.106088
8,504.0000,139.878406
8,505.0000,132.468665
8,506.0000,141.327446
8,507.0000,140.622837
8,508.0000,149.447466
8,509.0000,148.483948
8,510.0000,142.763895
8,511.0000,142.143271
8,512.0000,149.602224
8,513.0000,139.428467
8,514.0000,141.772177
8,515.0000,141.291839
8,516.0000,143.634096
8,517.0000,138.393507
8,518.0000,142.484093
8,519.0000,135.186682
8,520.0000,148.076998
8,521.0000,150.218731
8,522.0000,147.230922
8,523.0000,146.043193
8,524.0000,154.550693
8,525.0000,139.420125
8,526.0000,144.785441
8,527.0000,154.380386
8,528.0000,145.035622
8,529.0000,147.751573
8,530.0000,146.931404
8,531.0000,142.797382
8,532.0000,150.687624
8,533.0000,150.254865
8,534.0000,152.239713
8,535.0000,144.713578
8,536.0000,138.672980
8,537.0000,142.241256
8,538.0000,145.672449
8,539.0000,143.798085
8,540.0000,149.508488
8,541.0000,143.259206
8,542.0000,141.395278
8,543.0000,137.925563
8,544.0000,153.053603
8,545.0000,142.662665
8,546.0000,146.091082
8,547.0000,136.730232
8,548.0000,132.316111
8,549.0000,153.378428
8,550.0000,143.226545
8,551.0000,136.683557
8,552.0000,141.450099
8,553.0000,136.702237
8,554.0000,147.211107
8,555.0000,148.015700
8,556.0000,132.874373
8,557.0000,144.756747
8,558.0000,144.406875
8,559.0000,146.015975
8,560.0000,149.705663
8,561.0000,148.898761
8,562.0000,146.476005
8,563.0000,143.955174
8,564.0000,147.691608
8,565.0000,146.862838
8,566.0000,141.766034
8,567.0000,146.316748
8,568.0000,147.332181
8,569.0000,138.925040
8,570.0000,154.875273
8,571.0000,135.331796
8,572.0000,144.669656
8,573.0000,144.110035
8,574.0000,150.346673
8,575.0000,144.267718
8,576.0000,158.636576
8,577.0000,142.638811
8,578.0000,157.281390
8,579.0000,141.582607
8,580.0000,151.470970
8,581.0000,159.073949
8,582.0000,141.819080
8,583.0000,164.648307
8,584.0000,140.769428
8,585.0000,149.707203
8,586.0000,144.918863
8,587.0000,137.531559
8,588.0000,140.863692
8,589.0000,141.671718
8,590.0000,140.036339
8,591.0000,147.592735
8,592.0000,159.734499
8,593.0000,144.781405
8,594.0000,143.889102
8,595.0000,146.530172
8,596.0000,160.098901
8,597.0000,149.733783
8,598.0000,147.470400
8,599.0000,153.247516
8,600.0000,159.425867
8,601.0000,157.282118
8,602.0000,153.976928
8,603.0000,159.316858
8,604.0000,151.033683
8,605.0000,168.330088
8,606.0000,149.942633
8,607.0000,168.050223
8,608.0000,169.172282
8,609.0000,167.020016
8,610.0000,165.958906
8,611.0000,180.600030
8,612.0000,178.829534
8,613.0000,198.190002
8,614.0000,217.115098
8,615.0000,226.250588
8,616.0000,247.413132
8,617.0000,272.470710
8,618.0000,287.812316
8,619.0000,318.571958
8,620.0000,319.125640
8,621.0000,328.017754
8,622.0000,296.166032
8,623.0000,266.332704
8,624.0000,250.063173
8,625.0000,224.025128
8,626.0000,204.116108
8,627.0000,186.860702
8,628.0000,186.122956
8,629.0000,175.377571
8,630.0000,170.121957
8,631.0000,178.160397
8,632.0000,165.452522
8,633.0000,155.135570
8,634.0000,156.373742
8,635.0000,158.541449
8,636.0000,160.599603
8,637.0000,166.165483
8,638.0000,147.152137
8,639.0000,149.864865
8,640.0000,162.965369
8,641.0000,152.818440
8,642.0000,142.271763
8,643.0000,155.961621
8,644.0000,153.153109
8,645.0000,153.243270
8,646.0000,160.529933
8,647.0000,150.190183
8,648.0000,150.487196
8,649.0000,154.424492
8,650.0000,141.362337
8,651.0000,149.122433
8,652.0000,141.937882
8,653.0000,142.481051
8,654.0000,139.738234
8,655.0000,143.326976
8,656.0000,139.568664
8,657.0000,149.276359
8,658.0000,137.290046
8,659.0000,145.686016
8,660.0000,149.261201
8,661.0000,147.622789
8,662.0000,146.745299
8,663.0000,143.472433
8,664.0000,149.705033
8,665.0000,142.104983
8,666.0000,151.543321
8,667.0000,156.857561
8,668.0000,143.261726
8,669.0000,161.028369
8,670.0000,142.815180
8,671.0000,149.127926
8,672.0000,156.138370
8,673.0000,158.473361
8,674.0000,154.238023
8,675.0000,140.901419
8,676.0000,142.678184
8,677.0000,161.215821
8,678.0000,153.438306
8,679.0000,145.078860
8,680.0000,145.367760
8,681.0000,138.118453
8,682.0000,145.348495
8,683.0000,149.772411
8,684.0000,136.814883
8,685.0000,157.982971
8,686.0000,141.554771
8,687.0000,136.563051
8,688.0000,143.272586
8,689.0000,151.700733
8,690.0000,148.454008
8,691.0000,144.169772
8,692.0000,141.922159
8,693.0000,138.417211
8,694.0000,138.693429
8,695.0000,139.042981
8,696.0000,133.529227
8,697.0000,160.356418
8,698.0000,138.150891
8,699.0000,132.042062
8,700.0000,146.982639
8,701.0000,144.468285
8,702.0000,149.365315
8,703.0000,139.962988
8,704.0000,138.665742
8,705.0000,134.845689
8,706.0000,138.626432
8,707.0000,147.694649
8,708.0000,137.781158
8,709.0000,156.333199
8,710.0000,141.643011
8,711.0000,144.734955
8,712.0000,147.828200
8,713.0000,154.341645
8,714.0000,136.575502
8,715.0000,143.438264
8,716.0000,144.322108
8,717.0000,136.964950
8,718.0000,145.695052
8,719.0000,142.447066
8,720.0000,148.684683
8,721.0000,151.964643
8,722.0000,135.921616
8,723.0000,141.448723
8,724.0000,139.348341
8,725.0000,143.080840
8,726.0000,145.832887
8,727.0000,148.709486
8,728.0000,150.345997
8,729.0000,147.147469
8,730.0000,145.227206
8,731.0000,149.445162
8,732.0000,150.356381
8,733.0000,141.031118
8,734.0000,151.770081
8,735.0000,144.525854
8,736.0000,150.425237
8,737.0000,141.578456
8,738.0000,142.654516
8,739.0000,148.944123
8,740.0000,145.321698
8,741.0000,142.632366
8,742.0000,135.511995
8,743.0000,142.015702
8,744.0000,138.332286
8,745.0000,153.270922
8,746.0000,149.721569
8,747.0000,147.712339
8,748.0000,142.139662
8,749.0000,150.905937
8,750.0000,150.413195
8,751.0000,152.566605
8,752.0000,144.409175
8,753.0000,137.657846
8,754.0000,146.783724
8,755.0000,139.534444
8,756.0000,155.917264
8,757.0000,146.491260
8,758.0000,144.490021
8,759.0000,153.085329
8,760.0000,145.546268
8,761.0000,141.546070
8,762.0000,143.002549
8,763.0000,155.419627
8,764.0000,137.955447
8,765.0000,157.249728
8,766.0000,151.189419
8,767.0000,150.622317
8,768.0000,140.185074
8,769.0000,161.682954
8,770.0000,155.848837
8,771.0000,153.826185
8,772.0000,145.780790
8,773.0000,148.427244
8,774.0000,151.459710
8,775.0000,159.034191
8,776.0000,151.848887
8,777.0000,156.995832
8,778.0000,147.793134
8,779.0000,147.220424
8,780.0000,167.397245
8,781.0000,154.213721
8,782.0000,165.966882
8,783.0000,166.686105
8,784.0000,174.267324
8,785.0000,178.937818
8,786.0000,168.909844
8,787.0000,180.565572
8,788.0000,187.648603
8,789.0000,190.598155
8,790.0000,206.134613
8,791.0000,215.474170
8,792.0000,228.296595
8,793.0000,224.236593
8,794.0000,243.741451
8,795.0000,245.508792
8,796.0000,231.532834
8,797.0000,233.438129
8,798.0000,218.284104
8,799.0000,212.143561
8,800.0000,205.284758
8,801.0000,195.130106
8,802.0000,184.272994
8,803.0000,182.234994
8,804.0000,170.585485
8,805.0000,169.750760
8,806.0000,166.909740
8,807.0000,172.118241
8,808.0000,160.857428
8,809.0000,161.141973
8,810.0000,151.234563
8,811.0000,150.794148
8,812.0000,159.014628
8,813.0000,145.374764
8,814.0000,154.369614
8,815.0000,151.681942
8,816.0000,157.898931
8,817.0000,141.693751
8,818.0000,151.971118
8,819.0000,154.739869
8,820.0000,158.634254
8,821.0000,143.204014
8,822.0000,159.173972
8,823.0000,143.304340
8,824.0000,148.896410
8,825.0000,144.324207
8,826.0000,151.630133
8,827.0000,152.015225
8,828.0000,155.720568
8,829.0000,146.968812
8,830.0000,144.331258
8,831.0000,138.433685
8,832.0000,149.934330
8,833.0000,157.270585
8,834.0000,143.376573
8,835.0000,152.061156
8,836.0000,150.381762
8,837.0000,136.352512
8,838.0000,150.160708
8,839.0000,135.491704
8,840.0000,148.112328
8,841.0000,149.575662
8,842.0000,152.676816
8,843.0000,146.473505
8,844.0000,148.452243
8,845.0000,151.923025
8,846.0000,152.000002
8,847.0000,150.950130
8,848.0000,138.300763
8,849.0000,141.312138
8,850.0000,138.666417
8,851.0000,149.573604
8,852.0000,140.520337
8,853.0000,151.563728
8,854.0000,143.201926
8,855.0000,134.845956
8,856.0000,154.345400
8,857.0000,135.942864
8,858.0000,150.519351
8,859.0000,145.740735
8,860.0000,140.563280
8,861.0000,140.614419
8,862.0000,149.515168
8,863.0000,144.092988
8,864.0000,138.248557
8,865.0000,147.000428
8,866.0000,142.525099
8,867.0000,155.442772
8,868.0000,143.731677
8,869.0000,138.457206
8,870.0000,134.142486
8,871.0000,157.743104
8,872.0000,145.601120
8,873.0000,145.865595
8,874.0000,134.659889
8,875.0000,142.735056
8,876.0000,145.796158
8,877.0000,142.909333
8,878.0000,151.893154
8,879.0000,138.196908
8,880.0000,147.112983
8,881.0000,145.046388
8,882.0000,155.211257
8,883.0000,144.735538
8,884.0000,146.914273
8,885.0000,147.553840
8,886.0000,139.167617
8,887.0000,145.138424
8,888.0000,136.605381
8,889.0000,145.680725
8,890.0000,143.263715
8,891.0000,150.223720
8,892.0000,148.858790
8,893.0000,145.544194
8,894.0000,154.121493
8,895.0000,143.209618
8,896.0000,136.186746
8,897.0000,132.844416
8,898.0000,145.235853
8,899.0000,146.062903
8,900.0000,154.235334
8,901.0000,141.053334
8,902.0000,136.159851
8,903.0000,141.734827
8,904.0000,154.579830
8,905.0000,145.580742
8,906.0000,142.313092
8,907.0000,133.675435
8,908.0000,149.127344
8,909.0000,148.838063
8,910.0000,154.119050
8,911.0000,145.334160
8,912.0000,140.628727
8,913.0000,145.056536
8,914.0000,147.414687
8,915.0000,153.598003
8,916.0000,146.450859
8,917.0000,146.398746
8,918.0000,136.404026
8,919.0000,151.003989
8,920.0000,140.796727
8,921.0000,146.494711
8,922.0000,144.689760
8,923.0000,153.382908
8,924.0000,145.582748
8,925.0000,141.947408
8,926.0000,146.370732
8,927.0000,153.461730
8,928.0000,142.596104
8,929.0000,156.457025
8,930.0000,150.612057
8,931.0000,148.191086
8,932.0000,149.724250
8,933.0000,147.764418
8,934.0000,151.428434
8,935.0000,159.361198
8,936.0000,137.488757
8,937.0000,135.551915
8,938.0000,150.901421
8,939.0000,140.600980
8,940.0000,144.045092
8,941.0000,148.542956
8,942.0000,146.637066
8,943.0000,140.329003
8,944.0000,150.220027
8,945.0000,158.185009
8,946.0000,145.742780
8,947.0000,143.238634
8,948.0000,152.353368
8,949.0000,155.992000
8,950.0000,156.549459
8,951.0000,146.287731
8,952.0000,152.451480
8,953.0000,148.729126
8,954.0000,148.989373
8,955.0000,147.599981
8,956.0000,144.421219
8,957.0000,152.867570
8,958.0000,142.464910
8,959.0000,144.828023
8,960.0000,144.779168
8,961.0000,151.632609
8,962.0000,147.216506
8,963.0000,144.896332
8,964.0000,151.056512
8,965.0000,147.396001
8,966.0000,157.917737
8,967.0000,152.628834
8,968.0000,153.970777
8,969.0000,155.999371
8,970.0000,146.462483
8,971.0000,155.521916
8,972.0000,158.005822
8,973.0000,157.397380
8,974.0000,158.124832
8,975.0000,155.917392
8,976.0000,154.319176
8,977.0000,163.219681
8,978.0000,157.855316
8,979.0000,164.162010
8,980.0000,156.050249
8,981.0000,173.812624
8,982.0000,175.208198
8,983.0000,168.111116
8,984.0000,177.288504
8,985.0000,180.460893
8,986.0000,195.882213
8,987.0000,193.679467
8,988.0000,208.330707
8,989.0000,202.896845
8,990.0000,201.962136
8,991.0000,227.580835
8,992.0000,240.885830
8,993.0000,270.383029
8,994.0000,302.968527
8,995.0000,333.562319
8,996.0000,398.167016
8,997.0000,512.292971
8,998.0000,652.847742
8,999.0000,842.687335
8,1000.0000,1055.575184
8,1001.0000,1150.704396
8,1002.0000,1039.625489
8,1003.0000,832.650564
8,1004.0000,653.421243
8,1005.0000,515.527212
8,1006.0000,420.613942
8,1007.0000,349.121273
8,1008.0000,306.822796
8,1009.0000,281.022042
8,1010.0000,256.437062
8,1011.0000,238.568637
8,1012.0000,227.744572
8,1013.0000,220.683194
8,1014.0000,206.609638
8,1015.0000,207.985173
8,1016.0000,211.336892
8,1017.0000,206.362454
8,1018.0000,194.192299
8,1019.0000,214.781955
8,1020.0000,211.617696
8,1021.0000,210.225547
8,1022.0000,216.412517
8,1023.0000,231.782538
8,1024.0000,241.669319
8,1025.0000,256.031410
8,1026.0000,296.661897
8,1027.0000,337.048481
8,1028.0000,405.657177
8,1029.0000,458.107132
8,1030.0000,543.344629
8,1031.0000,569.718353
8,1032.0000,535.259882
8,1033.0000,483.819204
8,1034.0000,388.348136
8,1035.0000,329.822458
8,1036.0000,287.173259
8,1037.0000,247.984744
8,1038.0000,227.354404
8,1039.0000,219.138866
8,1040.0000,194.906638
8,1041.0000,185.168693
8,1042.0000,194.265994
8,1043.0000,187.656491
8,1044.0000,171.845091
8,1045.0000,167.580487
8,1046.0000,163.690921
8,1047.0000,173.341809
8,1048.0000,168.242048
8,1049.0000,171.538569
8,1050.0000,152.437022
8,1051.0000,167.576919
8,1052.0000,162.925023
8,1053.0000,160.114630
8,1054.0000,166.959665
8,1055.0000,149.574468
8,1056.0000,150.902026
8,1057.0000,151.702598
8,1058.0000,159.300248
8,1059.0000,148.717717
8,1060.0000,161.018145
8,1061.0000,155.848586
8,1062.0000,146.501986
8,1063.0000,143.590124
8,1064.0000,145.251172
8,1065.0000,150.305631
8,1066.0000,148.576218
8,1067.0000,158.026130
8,1068.0000,152.239499
8,1069.0000,148.314227
8,1070.0000,151.078548
8,1071.0000,141.776334
8,1072.0000,151.560585
8,1073.0000,153.453508
8,1074.0000,137.466524
8,1075.0000,153.143836
8,1076.0000,141.378032
8,1077.0000,149.367723
8,1078.0000,142.229083
8,1079.0000,144.820317
8,1080.0000,148.924822
8,1081.0000,143.827017
8,1082.0000,146.238427
8,1083.0000,140.790049
8,1084.0000,145.204095
8,1085.0000,152.638235
8,1086.0000,158.985357
8,1087.0000,152.963527
8,1088.0000,139.174247
8,1089.0000,136.718245
8,1090.0000,145.307968
8,1091.0000,140.691873
8,1092.0000,149.265851
8,1093.0000,152.783479
8,1094.0000,151.809698
8,1095.0000,163.000482
8,1096.0000,152.935186
8,1097.0000,153.714812
8,1098.0000,153.621442
8,1099.0000,153.458734
8,1100.0000,155.025136
8,1101.0000,155.750011
8,1102.0000,155.236662
8,1103.0000,139.552458
8,1104.0000,154.181938
8,1105.0000,139.572647
8,1106.0000,154.186053
8,1107.0000,151.114126
8,1108.0000,153.185969
8,1109.0000,144.528643
8,1110.0000,145.539165
8,1111.0000,144.050014
8,1112.0000,142.286343
8,1113.0000,148.343117
8,1114.0000,153.934673
8,1115.0000,152.983847
8,1116.0000,142.119973
8,1117.0000,145.288086
8,1118.0000,148.515492
8,1119.0000,157.801684
8,1120.0000,156.461315
8,1121.0000,146.870767
8,1122.0000,150.730579
8,1123.0000,156.459145
8,1124.0000,149.206990
8,1125.0000,151.708872
8,1126.0000,140.851142
8,1127.0000,149.058988
8,1128.0000,153.778413
8,1129.0000,147.731476
8,1130.0000,145.798974
8,1131.0000,151.237056
8,1132.0000,150.460128
8,1133.0000,144.193526
8,1134.0000,141.812036
8,1135.0000,150.977612
8,1136.0000,150.691223
8,1137.0000,155.372532
8,1138.0000,155.141970
8,1139.0000,163.623848
8,1140.0000,153.941922
8,1141.0000,157.018791
8,1142.0000,155.535548
8,1143.0000,160.018108
8,1144.0000,183.849923
8,1145.0000,169.162589
8,1146.0000,182.572690
8,1147.0000,189.204166
8,1148.0000,191.659962
8,1149.0000,215.563185
8,1150.0000,222.729105
8,1151.0000,235.485757
8,1152.0000,249.983977
8,1153.0000,269.514231
8,1154.0000,281.736607
8,1155.0000,284.522499
8,1156.0000,273.490783
8,1157.0000,265.668798
8,1158.0000,248.388155
8,1159.0000,226.399960
8,1160.0000,210.857496
8,1161.0000,199.742424
8,1162.0000,195.406873
8,1163.0000,185.747927
8,1164.0000,181.897161
8,1165.0000,176.018599
8,1166.0000,169.593112
8,1167.0000,167.235388
8,1168.0000,164.857410
8,1169.0000,176.753673
8,1170.0000,166.366297
8,1171.0000,175.537442
8,1172.0000,178.228517
8,1173.0000,173.105192
8,1174.0000,190.948682
8,1175.0000,193.783667
8,1176.0000,179.685903
8,1177.0000,183.934323
8,1178.0000,200.333938
8,1179.0000,215.929931
8,1180.0000,227.434447
8,1181.0000,240.083212
8,1182.0000,252.206147
8,1183.0000,268.341378
8,1184.0000,263.463906
8,1185.0000,260.347882
8,1186.0000,228.564996
8,1187.0000,210.874439
8,1188.0000,206.660313
8,1189.0000,186.095068
8,1190.0000,182.515904
8,1191.0000,171.858117
8,1192.0000,172.738718
8,1193.0000,170.345312
8,1194.0000,163.032941
8,1195.0000,168.762339
8,1196.0000,159.948325
8,1197.0000,154.038495
8,1198.0000,141.733661
8,1199.0000,151.309612
8,1200.0000,151.609942
8,1201.0000,150.627706
8,1202.0000,144.013033
8,1203.0000,156.541917
8,1204.0000,145.196358
8,1205.0000,160.910217
8,1206.0000,147.620524
8,1207.0000,152.246879
8,1208.0000,152.159645
8,1209.0000,143.782288
8,1210.0000,145.713498
8,1211.0000,156.996398
8,1212.0000,131.066978
8,1213.0000,155.039047
8,1214.0000,146.088198
8,1215.0000,140.558445
8,1216.0000,150.539096
8,1217.0000,147.007351
8,1218.0000,157.257115
8,1219.0000,144.103979
8,1220.0000,151.857155
8,1221.0000,145.044966
8,1222.0000,155.630502
8,1223.0000,148.473810
8,1224.0000,143.101636
8,1225.0000,146.272455
8,1226.0000,151.553542
8,1227.0000,140.639741
8,1228.0000,140.782868
8,1229.0000,140.192339
8,1230.0000,149.681605
8,1231.0000,150.964495
8,1232.0000,153.378836
8,1233.0000,136.113941
8,1234.0000,147.620739
8,1235.0000,144.608470
8,1236.0000,151.158669
8,1237.0000,134.782697
8,1238.0000,149.581417
8,1239.0000,149.349130
8,1240.0000,154.355236
8,1241.0000,146.378468
8,1242.0000,140.073514
8,1243.0000,148.944873
8,1244.0000,151.678821
8,1245.0000,135.136839
8,1246.0000,145.066639
8,1247.0000,140.715640
8,1248.0000,135.877167
8,1249.0000,133.057215
8,1250.0000,137.415453
8,1251.0000,149.654007
8,1252.0000,148.795017
8,1253.0000,143.124751
8,1254.0000,147.709084
8,1255.0000,134.817105
8,1256.0000,141.183041
8,1257.0000,140.776068
8,1258.0000,145.223223
8,1259.0000,138.091994
8,1260.0000,149.505872
8,1261.0000,142.550100
8,1262.0000,143.370984
8,1263.0000,150.238374
8,1264.0000,154.383489
8,1265.0000,145.898160
8,1266.0000,145.125007
8,1267.0000,145.651658
8,1268.0000,139.846163
8,1269.0000,150.605582
8,1270.0000,139.876023
8,1271.0000,145.999874
8,1272.0000,143.020253
8,1273.0000,148.331319
8,1274.0000,147.988372
8,1275.0000,152.326204
8,1276.0000,146.353840
8,1277.0000,145.875344
8,1278.0000,142.010151
8,1279.0000,143.476867
8,1280.0000,139.255067
8,1281.0000,146.249997
8,1282.0000,137.689146
8,1283.0000,141.646426
8,1284.0000,141.860305
8,1285.0000,144.292232
8,1286.0000,138.679329
8,1287.0000,133.766420
8,1288.0000,139.407500
8,1289.0000,137.376901
8,1290.0000,140.252985
8,1291.0000,153.204473
8,1292.0000,149.994945
8,1293.0000,143.412996
8,1294.0000,139.517280
8,1295.0000,155.556909
8,1296.0000,155.079565
8,1297.0000,141.962904
8,1298.0000,138.242912
8,1299.0000,138.764607
8,1300.0000,133.818222
8,1301.0000,150.948758
8,1302.0000,161.200352
8,1303.0000,147.723243
8,1304.0000,139.995209
8,1305.0000,137.941385
8,1306.0000,140.062806
8,1307.0000,140.017037
8,1308.0000,139.006329
8,1309.0000,147.722521
8,1310.0000,153.734944
8,1311.0000,148.788649
8,1312.0000,143.477973
8,1313.0000,151.748210
8,1314.0000,140.061964
8,1315.0000,146.293842
8,1316.0000,149.738019
8,1317.0000,142.548641
8,1318.0000,147.934724
8,1319.0000,156.355485
8,1320.0000,149.955974
8,1321.0000,154.827919
8,1322.0000,138.980372
8,1323.0000,156.440658
8,1324.0000,141.484639
8,1325.0000,154.892391
8,1326.0000,150.773473
8,1327.0000,147.090710
8,1328.0000,136.440263
8,1329.0000,158.463253
8,1330.0000,149.630917
8,1331.0000,141.250583
8,1332.0000,146.436862
8,1333.0000,153.854602
8,1334.0000,144.255123
8,1335.0000,136.652790
8,1336.0000,146.232257
8,1337.0000,141.717059
8,1338.0000,144.159485
8,1339.0000,138.080402
8,1340.0000,145.225327
8,1341.0000,149.721603
8,1342.0000,140.850040
8,1343.0000,153.125194
8,1344.0000,148.482466
8,1345.0000,136.433598
8,1346.0000,148.692164
8,1347.0000,137.144179
8,1348.0000,140.181429
8,1349.0000,151.197789
8,1350.0000,150.080193
8,1351.0000,148.254710
8,1352.0000,145.546459
8,1353.0000,131.970112
8,1354.0000,154.355098
8,1355.0000,143.569991
8,1356.0000,149.304083
8,1357.0000,147.153622
8,1358.0000,140.943352
8,1359.0000,143.654901
8,1360.0000,151.446819
8,1361.0000,144.252147
8,1362.0000,148.066307
8,1363.0000,149.064643
8,1364.0000,140.803028
8,1365.0000,152.266461
8,1366.0000,147.504578
8,1367.0000,139.375998
8,1368.0000,149.633736
8,1369.0000,147.196842
8,1370.0000,155.652288
8,1371.0000,133.840128
8,1372.0000,139.149943
8,1373.0000,145.020726
8,1374.0000,141.513104
8,1375.0000,151.532645
8,1376.0000,151.634829
8,1377.0000,145.482521
8,1378.0000,151.465060
8,1379.0000,141.575335
8,1380.0000,135.743353
8,1381.0000,145.869704
8,1382.0000,151.700420
8,1383.0000,149.606134
8,1384.0000,151.373380
8,1385.0000,155.661980
8,1386.0000,152.779439
8,1387.0000,149.976395
8,1388.0000,145.061704
8,1389.0000,150.103392
8,1390.0000,146.536611
8,1391.0000,144.613513
8,1392.0000,148.586820
8,1393.0000,141.370836
8,1394.0000,143.063035
8,1395.0000,150.073190
8,1396.0000,155.429744
8,1397.0000,140.801702
8,1398.0000,143.990042
8,1399.0000,150.187953
8,1400.0000,148.867832
8,1401.0000,135.512133
8,1402.0000,141.949617
8,1403.0000,150.650663
8,1404.0000,163.367360
8,1405.0000,151.452315
8,1406.0000,146.164792
8,1407.0000,146.342885
8,1408.0000,163.121759
8,1409.0000,144.941185
8,1410.0000,155.719822
8,1411.0000,148.359377
8,1412.0000,151.134580
8,1413.0000,158.877387
8,1414.0000,157.799975
8,1415.0000,153.257739
8,1416.0000,156.062313
8,1417.0000,152.555088
8,1418.0000,163.239659
8,1419.0000,162.903802
8,1420.0000,154.528597
8,1421.0000,152.090400
8,1422.0000,151.489122
8,1423.0000,163.508456
8,1424.0000,153.675879
8,1425.0000,160.909537
8,1426.0000,165.411306
8,1427.0000,174.401077
8,1428.0000,163.161670
8,1429.0000,171.614867
8,1430.0000,170.528859
8,1431.0000,169.547252
8,1432.0000,174.794186
8,1433.0000,186.354488
8,1434.0000,175.007116
8,1435.0000,181.317626
8,1436.0000,197.185874
8,1437.0000,199.857292
8,1438.0000,197.506023
8,1439.0000,201.970934
8,1440.0000,216.671334
8,1441.0000,215.543609
8,1442.0000,239.078371
8,1443.0000,258.138380
8,1444.0000,281.125954
8,1445.0000,279.395352
8,1446.0000,312.771222
8,1447.0000,327.502022
8,1448.0000,349.982312
8,1449.0000,356.004008
8,1450.0000,364.938084
8,1451.0000,363.883249
8,1452.0000,338.103608
8,1453.0000,335.391898
8,1454.0000,308.218908
8,1455.0000,296.110102
8,1456.0000,264.249681
8,1457.0000,257.468550
8,1458.0000,240.905616
8,1459.0000,219.221358
8,1460.0000,205.861283
8,1461.0000,210.426596
8,1462.0000,202.072417
8,1463.0000,186.649767
8,1464.0000,178.005292
8,1465.0000,178.404988
8,1466.0000,179.601440
8,1467.0000,168.774319
8,1468.0000,175.017773
8,1469.0000,171.618964
8,1470.0000,177.594164
8,1471.0000,164.247362
8,1472.0000,162.549223
8,1473.0000,163.416116
8,1474.0000,168.993759
8,1475.0000,163.928025
8,1476.0000,150.829107
8,1477.0000,150.520987
8,1478.0000,153.335326
8,1479.0000,156.843898
8,1480.0000,155.081321
8,1481.0000,165.603218
8,1482.0000,151.770803
8,1483.0000,153.665253
8,1484.0000,155.609681
8,1485.0000,152.370824
8,1486.0000,147.284093
8,1487.0000,156.186069
8,1488.0000,155.214548
8,1489.0000,151.936627
8,1490.0000,136.832517
8,1491.0000,153.610567
8,1492.0000,151.908721
8,1493.0000,151.436064
8,1494.0000,155.994436
8,1495.0000,138.727316
8,1496.0000,147.580194
8,1497.0000,147.087794
8,1498.0000,151.321412
8,1499.0000,155.307186
8,1500.0000,149.114522
8,1501.0000,150.692129
8,1502.0000,158.021425
8,1503.0000,149.688225
8,1504.0000,145.863589
8,1505.0000,161.215298
8,1506.0000,148.941797
8,1507.0000,141.509715
8,1508.0000,137.931354
8,1509.0000,146.455148
8,1510.0000,154.073350
8,1511.0000,156.801216
8,1512.0000,145.967005
8,1513.0000,152.974928
8,1514.0000,144.517207
8,1515.0000,144.408748
8,1516.0000,147.400956
8,1517.0000,153.749777
8,1518.0000,147.729783
8,1519.0000,146.794148
8,1520.0000,150.227109
8,1521.0000,152.687173
8,1522.0000,159.458845
8,1523.0000,146.439217
8,1524.0000,161.679067
8,1525.0000,146.026655
8,1526.0000,152.241778
8,1527.0000,157.218035
8,1528.0000,147.691133
8,1529.0000,153.896962
8,1530.0000,142.117122
8,1531.0000,162.017441
8,1532.0000,144.909941
8,1533.0000,151.529644
8,1534.0000,146.161048
8,1535.0000,151.752540
8,1536.0000,161.010568
8,1537.0000,146.406425
8,1538.0000,148.800919
8,1539.0000,151.069560
8,1540.0000,158.158535
8,1541.0000,156.912334
8,1542.0000,141.021363
8,1543.0000,150.419325
8,1544.0000,154.241524
8,1545.0000,152.090640
8,1546.0000,142.399025
8,1547.0000,149.436125
8,1548.0000,142.795862
8,1549.0000,145.524120
8,1550.0000,152.343416
8,1551.0000,157.137313
8,1552.0000,152.317161
8,1553.0000,161.133545
8,1554.0000,161.505935
8,1555.0000,163.629438
8,1556.0000,163.427419
8,1557.0000,146.811220
8,1558.0000,149.232477
8,1559.0000,149.870950
8,1560.0000,154.939662
8,1561.0000,170.130034
8,1562.0000,156.073270
8,1563.0000,163.766054
8,1564.0000,170.376186
8,1565.0000,164.693450
8,1566.0000,169.091663
8,1567.0000,165.246213
8,1568.0000,158.125755
8,1569.0000,158.548138
8,1570.0000,182.937302
8,1571.0000,189.871464
8,1572.0000,193.109730
8,1573.0000,185.866159
8,1574.0000,204.986399
8,1575.0000,208.948333
8,1576.0000,226.479986
8,1577.0000,240.930271
8,1578.0000,266.913233
8,1579.0000,278.652175
8,1580.0000,320.879770
8,1581.0000,344.929368
8,1582.0000,360.267247
8,1583.0000,378.449590
8,1584.0000,363.709093
8,1585.0000,347.671896
8,1586.0000,328.440684
8,1587.0000,312.538095
8,1588.0000,293.637690
8,1589.0000,273.499986
8,1590.0000,272.114424
8,1591.0000,256.316047
8,1592.0000,276.012164
8,1593.0000,301.124666
8,1594.0000,309.014109
8,1595.0000,327.598873
8,1596.0000,353.847502
8,1597.0000,394.724400
8,1598.0000,467.118520
8,1599.0000,555.840683
8,1600.0000,649.355474
8,1601.0000,736.128548
8,1602.0000,781.082478
8,1603.0000,731.298638
8,1604.0000,643.944072
8,1605.0000,550.938860
8,1606.0000,464.845181
8,1607.0000,395.069041
8,1608.0000,342.873364
8,1609.0000,295.273319
8,1610.0000,286.306039
8,1611.0000,260.963045
8,1612.0000,228.119521
8,1613.0000,223.245538
8,1614.0000,211.326029
8,1615.0000,203.406556
8,1616.0000,190.282060
8,1617.0000,187.029799
8,1618.0000,191.849371
8,1619.0000,180.591368
8,1620.0000,183.089420
8,1621.0000,181.210375
8,1622.0000,170.439467
8,1623.0000,175.314039
8,1624.0000,175.190812
8,1625.0000,165.198160
8,1626.0000,168.151208
8,1627.0000,166.784424
8,1628.0000,164.274331
8,1629.0000,150.600421
8,1630.0000,151.719929
8,1631.0000,167.723346
8,1632.0000,155.015527
8,1633.0000,150.518034
8,1634.0000,156.442663
8,1635.0000,161.514535
8,1636.0000,152.273493
8,1637.0000,147.413120
8,1638.0000,152.722776
8,1639.0000,151.854333
8,1640.0000,147.655177
8,1641.0000,153.225151
8,1642.0000,164.314407
8,1643.0000,138.355597
8,1644.0000,145.228068
8,1645.0000,143.624049
8,1646.0000,159.540896
8,1647.0000,155.963415
8,1648.0000,142.285326
8,1649.0000,157.550694
8,1650.0000,155.614186
8,1651.0000,149.814038
8,1652.0000,147.354164
8,1653.0000,159.918265
8,1654.0000,145.082551
8,1655.0000,144.392649
8,1656.0000,148.459009
8,1657.0000,150.147484
8,1658.0000,151.677322
8,1659.0000,138.904697
8,1660.0000,150.776221
8,1661.0000,150.228742
8,1662.0000,155.865752
8,1663.0000,141.500819
8,1664.0000,146.731918
8,1665.0000,147.360690
8,1666.0000,155.798488
8,1667.0000,145.078120
8,1668.0000,145.328048
8,1669.0000,145.644428
8,1670.0000,157.259560
8,1671.0000,139.027619
8,1672.0000,152.536529
8,1673.0000,150.594527
8,1674.0000,142.794300
8,1675.0000,153.642169
8,1676.0000,133.438466
8,1677.0000,136.630339
8,1678.0000,144.771361
8,1679.0000,157.091951
8,1680.0000,140.071959
8,1681.0000,154.875574
8,1682.0000,145.176499
8,1683.0000,151.276477
8,1684.0000,140.466449
8,1685.0000,145.445472
8,1686.0000,152.531032
8,1687.0000,145.543830
8,1688.0000,149.097215
8,1689.0000,151.465203
8,1690.0000,140.689947
8,1691.0000,152.760792
8,1692.0000,148.721994
8,1693.0000,145.248718
8,1694.0000,137.133319
8,1695.0000,147.081925
8,1696.0000,146.717613
8,1697.0000,144.704513
8,1698.0000,142.581241
8,1699.0000,143.327844
8,1700.0000,145.301464
8,1701.0000,146.318587
8,1702.0000,148.476910
8,1703.0000,141.785998
8,1704.0000,148.675956
8,1705.0000,138.280738
8,1706.0000,145.125121
8,1707.0000,134.933106
8,1708.0000,136.010534
8,1709.0000,135.751881
8,1710.0000,144.235814
8,1711.0000,148.090652
8,1712.0000,137.738574
8,1713.0000,145.174555
8,1714.0000,142.751493
8,1715.0000,143.666976
8,1716.0000,146.856411
8,1717.0000,151.484540
8,1718.0000,148.864557
8,1719.0000,139.412357
8,1720.0000,151.128096
8,1721.0000,142.592880
8,1722.0000,144.031916
8,1723.0000,139.595069
8,1724.0000,145.724635
8,1725.0000,147.114898
8,1726.0000,141.850199
8,1727.0000,152.069324
8,1728.0000,156.384712
8,1729.0000,150.444918
8,1730.0000,153.437536
8,1731.0000,142.571345
8,1732.0000,135.177696
8,1733.0000,148.647616
8,1734.0000,137.672168
8,1735.0000,148.851128
8,1736.0000,149.062722
8,1737.0000,140.381637
8,1738.0000,157.749920
8,1739.0000,157.790043
8,1740.0000,154.246077
8,1741.0000,149.410297
8,1742.0000,143.390014
8,1743.0000,131.637087
8,1744.0000,152.247368
8,1745.0000,134.096531
8,1746.0000,153.207057
8,1747.0000,146.933119
8,1748.0000,149.522173
8,1749.0000,148.781137
8,1750.0000,142.425478
8,1751.0000,148.621980
8,1752.0000,139.753484
8,1753.0000,131.622304
8,1754.0000,147.990553
8,1755.0000,144.669877
8,1756.0000,138.060752
8,1757.0000,146.256650
8,1758.0000,142.680269
8,1759.0000,150.582473
8,1760.0000,142.585418
8,1761.0000,145.992456
8,1762.0000,144.735369
8,1763.0000,147.262209
8,1764.0000,146.129652
8,1765.0000,138.751089
8,1766.0000,155.482844
8,1767.0000,148.356100
8,1768.0000,150.115114
8,1769.0000,148.613412
8,1770.0000,151.746016
8,1771.0000,141.535630
8,1772.0000,148.794168
8,1773.0000,148.746163
8,1774.0000,141.523556
8,1775.0000,147.881915
8,1776.0000,135.646227
8,1777.0000,138.906510
8,1778.0000,129.984451
8,1779.0000,131.776813
8,1780.0000,139.091002
8,1781.0000,147.833286
8,1782.0000,140.840359
8,1783.0000,140.946911
8,1784.0000,141.424645
8,1785.0000,153.356576
8,1786.0000,138.630706
8,1787.0000,139.819705
8,1788.0000,142.822406
8,1789.0000,138.626479
8,1790.0000,152.460326
8,1791.0000,145.761455
8,1792.0000,151.759108
8,1793.0000,135.455333
8,1794.0000,144.781815
8,1795.0000,154.185213
8,1796.0000,148.233948
8,1797.0000,137.201380
8,1798.0000,159.918681
8,1799.0000,151.899568
8,1800.0000,143.743405
8,1801.0000,134.257689
8,1802.0000,142.140687
8,1803.0000,141.385762
8,1804.0000,150.538737
8,1805.0000,138.937097
8,1806.0000,141.332697
8,1807.0000,144.650758
8,1808.0000,149.794578
8,1809.0000,149.197228
8,1810.0000,141.481132
8,1811.0000,143.955460
8,1812.0000,147.454448
8,1813.0000,135.546719
8,1814.0000,154.169584
8,1815.0000,142.529124
8,1816.0000,137.548285
8,1817.0000,131.333411
8,1818.0000,142.214930
8,1819.0000,149.512177
8,1820.0000,141.524274
8,1821.0000,138.567917
8,1822.0000,132.495739
8,1823.0000,138.092680
8,1824.0000,141.437677
8,1825.0000,133.971877
8,1826.0000,148.286008
8,1827.0000,145.049672
8,1828.0000,147.830676
8,1829.0000,141.819153
8,1830.0000,145.431749
8,1831.0000,141.483274
8,1832.0000,140.870464
8,1833.0000,136.150631
8,1834.0000,139.169989
8,1835.0000,153.621420
8,1836.0000,145.816919
8,1837.0000,152.774255
8,1838.0000,147.685449
8,1839.0000,142.651439
8,1840.0000,138.682382
8,1841.0000,147.625295
8,1842.0000,144.923369
8,1843.0000,135.545354
8,1844.0000,140.526140
8,1845.0000,139.270537
8,1846.0000,142.684013
8,1847.0000,154.091135
8,1848.0000,149.872295
8,1849.0000,149.297747
8,1850.0000,137.687503
8,1851.0000,142.938998
8,1852.0000,139.838240
8,1853.0000,143.410949
8,1854.0000,138.704544
8,1855.0000,144.370937
8,1856.0000,155.137309
8,1857.0000,155.135396
8,1858.0000,142.747932
8,1859.0000,147.377174
8,1860.0000,146.612377
8,1861.0000,153.476061
8,1862.0000,151.730596
8,1863.0000,143.537506
8,1864.0000,145.781532
8,1865.0000,150.863405
8,1866.0000,147.079563
8,1867.0000,135.806906
8,1868.0000,149.438512
8,1869.0000,140.240745
8,1870.0000,145.810811
8,1871.0000,147.203269
8,1872.0000,147.487043
8,1873.0000,145.434734
8,1874.0000,138.669086
8,1875.0000,145.193567
8,1876.0000,137.987943
8,1877.0000,152.598021
8,1878.0000,144.098957
8,1879.0000,136.774512
8,1880.0000,143.726751
8,1881.0000,143.419782
8,1882.0000,145.983434
8,1883.0000,149.828677
8,1884.0000,140.458388
8,1885.0000,143.910413
8,1886.0000,149.583160
8,1887.0000,142.975586
8,1888.0000,150.134838
8,1889.0000,139.649661
8,1890.0000,146.928572
8,1891.0000,157.610176
8,1892.0000,147.480582
8,1893.0000,140.424692
8,1894.0000,144.816575
8,1895.0000,142.121908
8,1896.0000,140.751855
8,1897.0000,143.021977
8,1898.0000,153.848844
8,1899.0000,136.622771
8,1900.0000,143.529704
8,1901.0000,148.405474
8,1902.0000,138.445378
8,1903.0000,144.448623
8,1904.0000,143.139921
8,1905.0000,151.687104
8,1906.0000,147.529689
8,1907.0000,142.873180
8,1908.0000,141.237691
8,1909.0000,135.915722
8,1910.0000,144.817158
8,1911.0000,147.306739
8,1912.0000,149.270719
8,1913.0000,146.321324
8,1914.0000,144.486520
8,1915.0000,145.711369
8,1916.0000,140.152097
8,1917.0000,133.359818
8,1918.0000,143.942816
8,1919.0000,140.870862
8,1920.0000,133.397359
8,1921.0000,151.922206
8,1922.0000,136.317831
8,1923.0000,147.385372
8,1924.0000,142.632555
8,1925.0000,145.463653
8,1926.0000,145.806837
8,1927.0000,138.441271
8,1928.0000,152.502490
8,1929.0000,152.971345
8,1930.0000,142.370591
8,1931.0000,152.346099
8,1932.0000,148.773607
8,1933.0000,135.280897
8,1934.0000,145.002388
8,1935.0000,148.042993
8,1936.0000,142.490906
8,1937.0000,151.569982
8,1938.0000,150.125570
8,1939.0000,136.065250
8,1940.0000,147.493816
8,1941.0000,147.030446
8,1942.0000,141.032777
8,1943.0000,135.417500
8,1944.0000,152.626894
8,1945.0000,151.969903
8,1946.0000,149.977331
8,1947.0000,145.286581
8,1948.0000,149.410601
8,1949.0000,140.887676
8,1950.0000,148.973388
8,1951.0000,148.465031
8,1952.0000,142.647954
8,1953.0000,136.679860
8,1954.0000,142.218167
8,1955.0000,151.476029
8,1956.0000,149.895243
8,1957.0000,142.724180
8,1958.0000,137.346040
8,1959.0000,138.695801
8,1960.0000,140.816335
8,1961.0000,136.150677
8,1962.0000,143.230469
8,1963.0000,148.878438
8,1964.0000,145.213705
8,1965.0000,148.553548
8,1966.0000,150.778640
8,1967.0000,146.345866
8,1968.0000,148.301620
8,1969.0000,138.958634
8,1970.0000,139.035295
8,1971.0000,136.151306
8,1972.0000,136.712696
8,1973.0000,151.103873
8,1974.0000,142.962760
8,1975.0000,140.245933
8,1976.0000,145.384497
8,1977.0000,147.363854
8,1978.0000,131.571439
8,1979.0000,137.329531
8,1980.0000,139.369161
8,1981.0000,149.990284
8,1982.0000,147.219227
8,1983.0000,143.287824
8,1984.0000,141.269804
8,1985.0000,142.902874
8,1986.0000,154.488491
8,1987.0000,131.417110
8,1988.0000,148.563084
8,1989.0000,140.360596
8,1990.0000,151.928414
8,1991.0000,142.036324
8,1992.0000,140.885628
8,1993.0000,140.676649
8,1994.0000,154.738949
8,1995.0000,136.586156
8,1996.0000,138.502057
8,1997.0000,152.789410
8,1998.0000,152.897523
8,1999.0000,140.445454
8,2000.0000,137.714591
9,200.0000,149.394990
9,201.0000,158.356974
9,202.0000,166.790942
9,203.0000,156.758247
9,204.0000,167.887046
9,205.0000,162.747625
9,206.0000,166.641747
9,207.0000,160.761264
9,208.0000,157.499842
9,209.0000,166.432214
9,210.0000,157.414312
9,211.0000,156.412352
9,212.0000,172.885663
9,213.0000,163.882820
9,214.0000,164.456534
9,215.0000,168.481203
9,216.0000,163.575296
9,217.0000,160.823425
9,218.0000,145.972609
9,219.0000,157.289011
9,220.0000,167.984491
9,221.0000,159.032324
9,222.0000,168.574551
9,223.0000,166.953935
9,224.0000,151.372655
9,225.0000,164.178840
9,226.0000,156.415401
9,227.0000,153.919752
9,228.0000,165.466370
9,229.0000,162.756233
9,230.0000,153.778695
9,231.0000,149.629144
9,232.0000,156.506327
9,233.0000,162.785578
9,234.0000,156.446285
9,235.0000,173.308902
9,236.0000,160.589625
9,237.0000,164.626041
9,238.0000,162.989593
9,239.0000,167.938808
9,240.0000,162.836461
9,241.0000,161.755535
9,242.0000,159.079614
9,243.0000,157.096705
9,244.0000,163.322668
9,245.0000,162.578334
9,246.0000,169.864212
9,247.0000,153.687460
9,248.0000,168.843166
9,249.0000,158.690622
9,250.0000,162.267767
9,251.0000,157.260664
9,252.0000,161.642085
9,253.0000,159.842970
9,254.0000,164.836035
9,255.0000,161.019127
9,256.0000,169.836491
9,257.0000,167.135844
9,258.0000,155.347806
9,259.0000,159.194827
9,260.0000,162.449854
9,261.0000,156.580696
9,262.0000,171.994965
9,263.0000,162.738395
9,264.0000,157.414056
9,265.0000,166.296165
9,266.0000,175.991589
9,267.0000,164.858293
9,268.0000,160.475732
9,269.0000,154.560474
9,270.0000,161.063881
9,271.0000,155.822948
9,272.0000,155.486071
9,273.0000,160.572560
9,274.0000,166.332718
9,275.0000,153.103427
9,276.0000,165.647350
9,277.0000,171.789373
9,278.0000,160.586181
9,279.0000,160.329015
9,280.0000,158.964180
9,281.0000,164.300257
9,282.0000,165.126109
9,283.0000,170.606101
9,284.0000,166.875806
9,285.0000,169.985475
9,286.0000,158.708370
9,287.0000,159.222920
9,288.0000,163.955034
9,289.0000,176.385482
9,290.0000,161.713803
9,291.0000,167.164798
9,292.0000,162.736693
9,293.0000,160.115313
9,294.0000,162.078294
9,295.0000,166.355548
9,296.0000,155.199858
9,297.0000,164.398762
9,298.0000,165.764547
9,299.0000,159.693856
9,300.0000,160.967996
9,301.0000,165.588873
9,302.0000,149.654816
9,303.0000,161.074979
9,304.0000,154.674355
9,305.0000,167.269055
9,306.0000,164.017571
9,307.0000,162.164439
9,308.0000,159.692507
9,309.0000,155.221474
9,310.0000,161.741792
9,311.0000,164.565916
9,312.0000,156.564645
9,313.0000,165.558201
9,314.0000,171.164840
9,315.0000,158.753124
9,316.0000,177.348403
9,317.0000,179.428095
9,318.0000,171.193182
9,319.0000,164.508083
9,320.0000,168.010846
9,321.0000,169.505045
9,322.0000,156.516843
9,323.0000,161.034011
9,324.0000,173.325224
9,325.0000,152.646552
9,326.0000,162.583277
9,327.0000,158.193364
9,328.0000,168.655331
9,329.0000,158.104175
9,330.0000,158.672267
9,331.0000,153.011965
9,332.0000,164.615960
9,333.0000,153.788029
9,334.0000,171.563474
9,335.0000,156.625427
9,336.0000,168.119705
9,337.0000,159.229935
9,338.0000,156.399216
9,339.0000,167.149587
9,340.0000,163.443959
9,341.0000,160.739594
9,342.0000,157.080412
9,343.0000,171.466349
9,344.0000,161.640713
9,345.0000,160.973778
9,346.0000,158.380782
9,347.0000,164.110097
9,348.0000,163.781932
9,349.0000,157.689128
9,350.0000,159.497247
9,351.0000,165.554569
9,352.0000,158.620567
9,353.0000,159.606875
9,354.0000,156.461255
9,355.0000,166.544516
9,356.0000,169.094972
9,357.0000,157.928979
9,358.0000,162.314835
9,359.0000,157.416552
9,360.0000,163.843295
9,361.0000,159.693639
9,362.0000,163.684848
9,363.0000,166.290034
9,364.0000,160.595166
9,365.0000,159.555290
9,366.0000,167.752170
9,367.0000,160.779285
9,368.0000,162.905865
9,369.0000,174.042801
9,370.0000,164.015432
9,371.0000,163.445307
9,372.0000,156.513498
9,373.0000,155.323535
9,374.0000,153.972122
9,375.0000,167.715108
9,376.0000,159.782257
9,377.0000,163.089805
9,378.0000,154.498255
9,379.0000,158.550031
9,380.0000,157.962614
9,381.0000,164.258951
9,382.0000,168.467958
9,383.0000,151.071148
9,384.0000,157.814862
9,385.0000,162.594596
9,386.0000,170.080331
9,387.0000,165.648059
9,388.0000,162.135049
9,389.0000,161.952667
9,390.0000,166.831688
9,391.0000,164.004868
9,392.0000,158.848344
9,393.0000,158.552419
9,394.0000,154.822562
9,395.0000,163.171202
9,396.0000,165.542321
9,397.0000,178.824341
9,398.0000,159.203075
9,399.0000,165.707689
9,400.0000,168.900912
9,401.0000,161.971873
9,402.0000,162.220014
9,403.0000,161.874104
9,404.0000,162.815236
9,405.0000,156.357041
9,406.0000,167.511896
9,407.0000,155.603030
9,408.0000,168.016493
9,409.0000,155.000779
9,410.0000,159.188553
9,411.0000,169.999906
9,412.0000,160.103535
9,413.0000,157.719573
9,414.0000,150.345121
9,415.0000,156.039523
9,416.0000,151.159190
9,417.0000,160.224711
9,418.0000,159.800914
9,419.0000,158.334684
9,420.0000,158.081653
9,421.0000,165.826903
9,422.0000,168.940142
9,423.0000,156.951076
9,424.0000,157.430407
9,425.0000,168.497524
9,426.0000,154.971898
9,427.0000,165.848656
9,428.0000,154.316708
9,429.0000,170.928993
9,430.0000,148.402192
9,431.0000,152.135434
9,432.0000,171.707294
9,433.0000,157.990657
9,434.0000,153.717771
9,435.0000,165.699675
9,436.0000,169.140521
9,437.0000,164.966575
9,438.0000,168.955846
9,439.0000,157.459915
9,440.0000,156.848069
9,441.0000,165.652135
9,442.0000,149.005672
9,443.0000,155.327945
9,444.0000,163.232973
9,445.0000,183.520635
9,446.0000,173.974421
9,447.0000,166.505534
9,448.0000,155.040720
9,449.0000,159.058393
9,450.0000,168.991729
9,451.0000,166.992281
9,452.0000,181.624765
9,453.0000,172.925028
9,454.0000,166.051726
9,455.0000,157.495796
9,456.0000,173.368564
9,457.0000,165.735688
9,458.0000,170.274336
9,459.0000,167.694269
9,460.0000,163.568075
9,461.0000,157.801681
9,462.0000,157.191070
9,463.0000,150.126505
9,464.0000,165.371832
9,465.0000,176.580528
9,466.0000,151.112276
9,467.0000,167.352015
9,468.0000,162.359177
9,469.0000,165.078013
9,470.0000,160.644310
9,471.0000,159.280586
9,472.0000,160.227863
9,473.0000,164.189447
9,474.0000,163.251926
9,475.0000,164.846445
9,476.0000,163.641446
9,477.0000,177.293420
9,478.0000,156.039221
9,479.0000,154.196879
9,480.0000,163.186722
9,481.0000,161.963479
9,482.0000,168.710770
9,483.0000,152.507811
9,484.0000,153.459260
9,485.0000,164.560091
9,486.0000,159.164070
9,487.0000,148.965352
9,488.0000,165.806837
9,489.0000,159.988128
9,490.0000,163.730640
9,491.0000,150.782188
9,492.0000,160.407168
9,493.0000,165.830174
9,494.0000,158.172476
9,495.0000,156.113253
9,496.0000,162.836285
9,497.0000,166.259241
9,498.0000,164.021347
9,499.0000,164.710153
9,500.0000,169.198351
9,501.0000,159.254829
9,502.0000,156.455407
9,503.0000,159.221776
9,504.0000,167.156828
9,505.0000,159.722012
9,506.0000,166.657263
9,507.0000,161.781693
9,508.0000,158.708630
9,509.0000,155.901122
9,510.0000,164.653830
9,511.0000,162.329166
9,512.0000,158.357107
9,513.0000,162.241473
9,514.0000,153.429517
9,515.0000,157.873992
9,516.0000,166.083082
9,517.0000,164.511838
9,518.0000,174.021436
9,519.0000,160.782663
9,520.0000,153.119791
9,521.0000,153.282630
9,522.0000,166.063859
9,523.0000,165.317014
9,524.0000,160.777193
9,525.0000,149.466291
9,526.0000,164.867588
9,527.0000,171.908673
9,528.0000,162.746573
9,529.0000,157.875597
9,530.0000,163.866647
9,531.0000,152.570137
9,532.0000,159.585216
9,533.0000,155.683428
9,534.0000,158.130799
9,535.0000,171.378551
9,536.0000,144.737818
9,537.0000,172.288651
9,538.0000,158.827152
9,539.0000,160.912166
9,540.0000,162.688601
9,541.0000,161.250395
9,542.0000,165.731207
9,543.0000,159.252379
9,544.0000,165.017948
9,545.0000,165.366283
9,546.0000,165.258897
9,547.0000,162.661465
9,548.0000,162.479269
9,549.0000,155.496986
9,550.0000,160.813209
9,551.0000,167.688868
9,552.0000,160.606825
9,553.0000,162.293664
9,554.0000,159.775697
9,555.0000,159.963985
9,556.0000,159.986207
9,557.0000,162.103212
9,558.0000,154.812394
9,559.0000,159.405005
9,560.0000,168.331056
9,561.0000,166.996494
9,562.0000,158.425789
9,563.0000,165.565210
9,564.0000,156.666704
9,565.0000,157.548876
9,566.0000,158.468190
9,567.0000,158.698443
9,568.0000,169.920908
9,569.0000,170.126738
9,570.0000,159.006821
9,571.0000,169.693184
9,572.0000,164.283547
9,573.0000,168.052906
9,574.0000,158.825644
9,575.0000,162.565785
9,576.0000,167.990809
9,577.0000,172.048639
9,578.0000,164.667788
9,579.0000,158.823256
9,580.0000,169.110535
9,581.0000,167.366740
9,582.0000,166.139767
9,583.0000,164.157347
9,584.0000,175.557219
9,585.0000,174.795118
9,586.0000,162.111368
9,587.0000,164.909911
9,588.0000,159.048353
9,589.0000,165.094069
9,590.0000,167.817263
9,591.0000,154.811320
9,592.0000,159.743809
9,593.0000,170.971614
9,594.0000,161.331563
9,595.0000,168.928033
9,596.0000,165.482953
9,597.0000,175.637506
9,598.0000,164.717679
9,599.0000,165.754115
9,600.0000,170.581883
9,601.0000,178.308248
9,602.0000,165.430777
9,603.0000,171.674211
9,604.0000,168.682798
9,605.0000,188.918516
9,606.0000,183.733235
9,607.0000,179.968695
9,608.0000,185.555638
9,609.0000,181.147425
9,610.0000,193.082945
9,611.0000,191.367326
9,612.0000,201.040737
9,613.0000,207.239762
9,614.0000,235.744169
9,615.0000,245.783249
9,616.0000,264.434074
9,617.0000,280.080432
9,618.0000,303.033275
9,619.0000,338.526974
9,620.0000,357.583028
9,621.0000,328.084862
9,622.0000,313.070196
9,623.0000,291.965752
9,624.0000,259.024381
9,625.0000,238.695153
9,626.0000,222.548098
9,627.0000,205.186047
9,628.0000,212.235256
9,629.0000,200.770772
9,630.0000,191.722747
9,631.0000,187.946832
9,632.0000,188.843141
9,633.0000,176.905376
9,634.0000,178.364141
9,635.0000,171.337747
9,636.0000,187.468236
9,637.0000,178.727362
9,638.0000,165.449974
9,639.0000,175.143095
9,640.0000,160.509442
9,641.0000,174.037835
9,642.0000,163.610297
9,643.0000,167.016065
9,644.0000,166.641994
9,645.0000,171.316070
9,646.0000,170.545843
9,647.0000,172.901442
9,648.0000,160.473005
9,649.0000,182.011000
9,650.0000,169.722384
9,651.0000,159.408643
9,652.0000,156.202018
9,653.0000,174.802844
9,654.0000,162.269301
9,655.0000,169.749554
9,656.0000,157.801860
9,657.0000,166.531397
9,658.0000,168.051616
9,659.0000,175.131064
9,660.0000,164.691053
9,661.0000,160.278686
9,662.0000,152.538227
9,663.0000,169.799841
9,664.0000,172.682500
9,665.0000,164.301981
9,666.0000,164.214133
9,667.0000,164.145893
9,668.0000,164.384754
9,669.0000,170.338994
9,670.0000,170.839135
9,671.0000,162.272257
9,672.0000,164.225627
9,673.0000,172.422512
9,674.0000,169.511733
9,675.0000,172.852767
9,676.0000,161.638730
9,677.0000,171.336599
9,678.0000,174.569665
9,679.0000,163.033514
9,680.0000,167.088871
9,681.0000,162.185506
9,682.0000,149.219803
9,683.0000,168.922522
9,684.0000,169.395673
9,685.0000,165.347325
9,686.0000,165.071471
9,687.0000,163.998554
9,688.0000,164.286603
9,689.0000,171.644196
9,690.0000,172.369990
9,691.0000,171.113363
9,692.0000,160.347169
9,693.0000,169.863391
9,694.0000,168.834336
9,695.0000,169.121131
9,696.0000,158.950706
9,697.0000,151.336150
9,698.0000,160.797803
9,699.0000,169.169488
9,700.0000,166.619309
9,701.0000,172.230696
9,702.0000,161.967795
9,703.0000,162.236773
9,704.0000,161.914825
9,705.0000,161.663446
9,706.0000,148.920595
9,707.0000,164.825607
9,708.0000,163.269480
9,709.0000,160.625958
9,710.0000,166.318361
9,711.0000,160.403836
9,712.0000,149.021651
9,713.0000,152.244519
9,714.0000,155.285892
9,715.0000,175.007066
9,716.0000,165.347994
9,717.0000,166.888426
9,718.0000,170.805479
9,719.0000,164.860097
9,720.0000,166.505102
9,721.0000,166.281086
9,722.0000,160.198548
9,723.0000,172.193706
9,724.0000,153.683709
9,725.0000,154.715587
9,726.0000,173.464265
9,727.0000,164.977618
9,728.0000,165.981963
9,729.0000,172.066895
9,730.0000,169.981170
9,731.0000,161.858219
9,732.0000,165.361481
9,733.0000,166.530456
9,734.0000,163.578685
9,735.0000,161.271265
9,736.0000,162.361497
9,737.0000,173.565958
9,738.0000,168.184053
9,739.0000,158.503609
9,740.0000,166.041350
9,741.0000,176.596898
9,742.0000,155.962165
9,743.0000,163.522520
9,744.0000,160.949832
9,745.0000,164.566340
9,746.0000,169.214946
9,747.0000,166.395286
9,748.0000,157.625166
9,749.0000,173.802636
9,750.0000,158.647892
9,751.0000,156.221538
9,752.0000,168.528704
9,753.0000,161.684551
9,754.0000,163.938725
9,755.0000,165.410540
9,756.0000,160.523654
9,757.0000,165.539961
9,758.0000,170.768696
9,759.0000,169.810550
9,760.0000,159.813837
9,761.0000,164.249053
9,762.0000,165.160440
9,763.0000,168.996959
9,764.0000,162.666498
9,765.0000,171.288017
9,766.0000,164.590384
9,767.0000,174.034005
9,768.0000,165.350089
9,769.0000,165.090374
9,770.0000,175.075732
9,771.0000,171.120432
9,772.0000,171.343779
9,773.0000,165.712681
9,774.0000,168.779652
9,775.0000,167.616713
9,776.0000,169.039400
9,777.0000,171.349177
9,778.0000,176.294679
9,779.0000,187.039690
9,780.0000,181.939302
9,781.0000,177.109734
9,782.0000,188.829434
9,783.0000,186.601625
9,784.0000,184.197669
9,785.0000,189.305833
9,786.0000,197.853667
9,787.0000,193.673560
9,788.0000,211.691574
9,789.0000,212.162710
9,790.0000,222.415226
9,791.0000,237.321766
9,792.0000,234.897811
9,793.0000,250.237370
9,794.0000,264.067795
9,795.0000,267.274237
9,796.0000,256.610340
9,797.0000,246.035799
9,798.0000,232.867253
9,799.0000,234.904178
9,800.0000,221.038712
9,801.0000,214.761205
9,802.0000,212.364427
9,803.0000,203.390206
9,804.0000,186.416039
9,805.0000,202.017931
9,806.0000,194.216495
9,807.0000,174.520591
9,808.0000,188.841211
9,809.0000,174.098862
9,810.0000,185.093374
9,811.0000,176.152462
9,812.0000,165.603096
9,813.0000,164.047898
9,814.0000,165.387894
9,815.0000,166.814612
9,816.0000,163.621053
9,817.0000,162.532805
9,818.0000,178.378723
9,819.0000,172.130439
9,820.0000,161.333266
9,821.0000,177.944288
9,822.0000,166.233341
9,823.0000,167.522647
9,824.0000,169.024035
9,825.0000,165.224785
9,826.0000,159.773539
9,827.0000,163.003452
9,828.0000,173.412721
9,829.0000,172.130494
9,830.0000,154.026008
9,831.0000,169.064924
9,832.0000,168.198596
9,833.0000,163.786743
9,834.0000,166.778956
9,835.0000,174.552446
9,836.0000,178.659909
9,837.0000,162.523127
9,838.0000,161.798908
9,839.0000,160.655854
9,840.0000,167.060932
9,841.0000,167.368542
9,842.0000,161.075823
9,843.0000,173.398882
9,844.0000,164.638969
9,845.0000,163.398293
9,846.0000,164.303558
9,847.0000,169.726660
9,848.0000,160.705521
9,849.0000,162.460028
9,850.0000,164.027991
9,851.0000,168.119129
9,852.0000,165.520300
9,853.0000,157.622146
9,854.0000,166.311595
9,855.0000,166.764042
9,856.0000,158.752875
9,857.0000,153.589065
9,858.0000,163.082603
9,859.0000,167.063260
9,860.0000,159.744524
9,861.0000,158.011516
9,862.0000,173.029565
9,863.0000,156.557272
9,864.0000,160.105410
9,865.0000,163.021263
9,866.0000,166.480613
9,867.0000,165.800504
9,868.0000,174.104965
9,869.0000,171.931103
9,870.0000,169.870603
9,871.0000,162.478403
9,872.0000,146.874362
9,873.0000,160.493844
9,874.0000,162.080304
9,875.0000,168.500882
9,876.0000,164.919844
9,877.0000,160.033985
9,878.0000,168.176988
9,879.0000,166.064867
9,880.0000,163.319876
9,881.0000,164.858688
9,882.0000,165.949723
9,883.0000,167.831430
9,884.0000,165.526017
9,885.0000,166.885909
9,886.0000,174.240342
9,887.0000,161.566722
9,888.0000,170.343041
9,889.0000,161.010342
9,890.0000,162.645263
9,891.0000,165.385783
9,892.0000,174.062147
9,893.0000,166.354195
9,894.0000,162.375167
9,895.0000,158.682009
9,896.0000,164.370702
9,897.0000,162.608157
9,898.0000,162.996891
9,899.0000,166.088749
9,900.0000,164.675766
9,901.0000,155.275448
9,902.0000,160.210812
9,903.0000,153.473457
9,904.0000,161.853852
9,905.0000,157.625347
9,906.0000,160.644133
9,907.0000,169.889417
9,908.0000,161.234419
9,909.0000,169.178062
9,910.0000,160.737420
9,911.0000,162.203061
9,912.0000,163.082917
9,913.0000,165.230663
9,914.0000,166.039157
9,915.0000,159.168022
9,916.0000,160.687824
9,917.0000,162.924971
9,918.0000,176.777618
9,919.0000,164.403465
9,920.0000,162.689199
9,921.0000,159.813308
9,922.0000,162.884438
9,923.0000,159.007880
9,924.0000,172.200569
9,925.0000,171.440806
9,926.0000,161.301566
9,927.0000,179.068799
9,928.0000,164.262809
9,929.0000,158.795985
9,930.0000,159.308481
9,931.0000,158.697029
9,932.0000,159.305026
9,933.0000,164.737037
9,934.0000,172.614251
9,935.0000,174.207910
9,936.0000,161.694682
9,937.0000,169.893635
9,938.0000,171.732027
9,939.0000,165.546612
9,940.0000,163.216445
9,941.0000,161.585365
9,942.0000,165.326358
9,943.0000,160.688738
9,944.0000,182.191617
9,945.0000,157.783614
9,946.0000,168.626548
9,947.0000,160.999355
9,948.0000,159.542451
9,949.0000,160.469468
9,950.0000,168.669827
9,951.0000,157.194277
9,952.0000,169.522284
9,953.0000,162.316099
9,954.0000,161.751891
9,955.0000,164.645334
9,956.0000,160.769046
9,957.0000,154.867236
9,958.0000,170.190603
9,959.0000,175.453252
9,960.0000,169.872504
9,961.0000,169.238701
9,962.0000,167.662823
9,963.0000,164.510635
9,964.0000,172.230392
9,965.0000,163.528637
9,966.0000,171.431630
9,967.0000,174.276722
9,968.0000,167.264179
9,969.0000,181.825887
9,970.0000,189.648649
9,971.0000,174.658053
9,972.0000,173.278807
9,973.0000,179.495688
9,974.0000,170.929550
9,975.0000,177.059884
9,976.0000,175.654845
9,977.0000,191.260821
9,978.0000,187.200127
9,979.0000,173.480518
9,980.0000,182.872632
9,981.0000,180.960906
9,982.0000,192.688421
9,983.0000,203.554190
9,984.0000,197.584482
9,985.0000,203.993733
9,986.0000,199.897055
9,987.0000,206.799715
9,988.0000,223.368441
9,989.0000,226.234292
9,990.0000,223.979688
9,991.0000,250.483187
9,992.0000,262.229330
9,993.0000,282.742865
9,994.0000,322.297867
9,995.0000,363.013957
9,996.0000,427.961386
9,997.0000,516.991822
9,998.0000,667.311347
9,999.0000,853.423400
9,1000.0000,1057.319331
9,1001.0000,1164.563009
9,1002.0000,1066.576216
9,1003.0000,863.310733
9,1004.0000,655.338142
9,1005.0000,532.784192
9,1006.0000,427.608634
9,1007.0000,371.392719
9,1008.0000,331.854023
9,1009.0000,293.854459
9,1010.0000,263.549473
9,1011.0000,249.636508
9,1012.0000,242.914429
9,1013.0000,239.941613
9,1014.0000,231.036973
9,1015.0000,230.894795
9,1016.0000,222.269791
9,1017.0000,223.815345
9,1018.0000,213.895268
9,1019.0000,226.058018
9,1020.0000,210.978203
9,1021.0000,230.236971
9,1022.0000,236.165081
9,1023.0000,254.747658
9,1024.0000,261.703305
9,1025.0000,282.766212
9,1026.0000,317.092023
9,1027.0000,360.047940
9,1028.0000,411.818648
9,1029.0000,486.118220
9,1030.0000,563.240327
9,1031.0000,597.456897
9,1032.0000,559.978144
9,1033.0000,474.928811
9,1034.0000,412.267143
9,1035.0000,346.389382
9,1036.0000,312.088425
9,1037.0000,270.784886
9,1038.0000,251.343618
9,1039.0000,241.594305
9,1040.0000,228.918569
9,1041.0000,207.321061
9,1042.0000,193.485021
9,1043.0000,204.104950
9,1044.0000,195.875106
9,1045.0000,186.847622
9,1046.0000,185.071365
9,1047.0000,184.804141
9,1048.0000,191.700466
9,1049.0000,184.940372
9,1050.0000,168.088706
9,1051.0000,176.085984
9,1052.0000,176.855738
9,1053.0000,183.514321
9,1054.0000,169.208513
9,1055.0000,188.811551
9,1056.0000,172.175457
9,1057.0000,174.662753
9,1058.0000,168.562445
9,1059.0000,169.843363
9,1060.0000,174.190690
9,1061.0000,162.541142
9,1062.0000,179.713457
9,1063.0000,174.029894
9,1064.0000,168.310106
9,1065.0000,171.166789
9,1066.0000,175.447211
9,1067.0000,172.089210
9,1068.0000,169.659457
9,1069.0000,181.194443
9,1070.0000,170.843222
9,1071.0000,170.189363
9,1072.0000,171.206390
9,1073.0000,166.030586
9,1074.0000,161.974925
9,1075.0000,165.118420
9,1076.0000,165.556049
9,1077.0000,168.708165
9,1078.0000,173.682784
9,1079.0000,166.828723
9,1080.0000,175.710612
9,1081.0000,171.037706
9,1082.0000,167.177144
9,1083.0000,170.504045
9,1084.0000,175.750350
9,1085.0000,170.553995
9,1086.0000,167.626592
9,1087.0000,172.948253
9,1088.0000,165.546843
9,1089.0000,166.583283
9,1090.0000,166.540070
9,1091.0000,168.935170
9,1092.0000,160.240056
9,1093.0000,171.296039
9,1094.0000,168.232674
9,1095.0000,170.081794
9,1096.0000,160.880770
9,1097.0000,164.468843
9,1098.0000,159.713231
9,1099.0000,171.474999
9,1100.0000,165.176350
9,1101.0000,162.474354
9,1102.0000,164.577585
9,1103.0000,170.848117
9,1104.0000,159.938779
9,1105.0000,170.789956
9,1106.0000,171.882504
9,1107.0000,166.218621
9,1108.0000,166.394171
9,1109.0000,164.399217
9,1110.0000,172.945548
9,1111.0000,172.716758
9,1112.0000,159.812261
9,1113.0000,177.398404
9,1114.0000,163.968375
9,1115.0000,170.035595
9,1116.0000,178.557881
9,1117.0000,163.692036
9,1118.0000,169.237909
9,1119.0000,165.918905
9,1120.0000,180.657724
9,1121.0000,170.132736
9,1122.0000,173.211519
9,1123.0000,172.472948
9,1124.0000,174.731260
9,1125.0000,165.066204
9,1126.0000,157.261940
9,1127.0000,158.649507
9,1128.0000,180.166236
9,1129.0000,174.258061
9,1130.0000,171.260496
9,1131.0000,178.598346
9,1132.0000,173.213378
9,1133.0000,169.811425
9,1134.0000,170.506634
9,1135.0000,172.906433
9,1136.0000,175.928695
9,1137.0000,177.084360
9,1138.0000,168.137875
9,1139.0000,172.579717
9,1140.0000,179.583003
9,1141.0000,177.357313
9,1142.0000,176.153543
9,1143.0000,181.260903
9,1144.0000,183.064394
9,1145.0000,197.230102
9,1146.0000,194.700641
9,1147.0000,199.938770
9,1148.0000,221.968768
9,1149.0000,217.602796
9,1150.0000,233.142216
9,1151.0000,257.400241
9,1152.0000,266.078348
9,1153.0000,290.621427
9,1154.0000,292.198655
9,1155.0000,307.262866
9,1156.0000,298.986419
9,1157.0000,289.646492
9,1158.0000,273.457513
9,1159.0000,254.602346
9,1160.0000,234.624318
9,1161.0000,220.753629
9,1162.0000,209.863084
9,1163.0000,203.419008
9,1164.0000,197.486199
9,1165.0000,196.308886
9,1166.0000,191.091649
9,1167.0000,197.981448
9,1168.0000,186.381856
9,1169.0000,190.978713
9,1170.0000,193.071455
9,1171.0000,177.208915
9,1172.0000,194.227285
9,1173.0000,182.424413
9,1174.0000,197.185677
9,1175.0000,202.601785
9,1176.0000,209.169742
9,1177.0000,214.711451
9,1178.0000,227.606355
9,1179.0000,245.636066
9,1180.0000,245.407690
9,1181.0000,266.264503
9,1182.0000,279.752887
9,1183.0000,283.542865
9,1184.0000,280.404386
9,1185.0000,267.623905
9,1186.0000,243.600709
9,1187.0000,229.831745
9,1188.0000,225.113666
9,1189.0000,213.782799
9,1190.0000,194.963066
9,1191.0000,192.628645
9,1192.0000,184.866034
9,1193.0000,185.976841
9,1194.0000,186.716706
9,1195.0000,181.622745
9,1196.0000,180.007679
9,1197.0000,163.157285
9,1198.0000,173.021305
9,1199.0000,167.098534
9,1200.0000,164.064093
9,1201.0000,176.383709
9,1202.0000,175.607547
9,1203.0000,168.706814
9,1204.0000,172.373695
9,1205.0000,171.579827
9,1206.0000,168.448463
9,1207.0000,163.268395
9,1208.0000,176.778725
9,1209.0000,161.822572
9,1210.0000,170.462791
9,1211.0000,165.123132
9,1212.0000,160.481548
9,1213.0000,158.874463
9,1214.0000,165.278821
9,1215.0000,170.790945
9,1216.0000,160.479655
9,1217.0000,171.170858
9,1218.0000,170.658542
9,1219.0000,171.417308
9,1220.0000,169.741348
9,1221.0000,166.231944
9,1222.0000,171.085852
9,1223.0000,177.743011
9,1224.0000,165.238020
9,1225.0000,163.361758
9,1226.0000,155.445826
9,1227.0000,162.345706
9,1228.0000,158.309416
9,1229.0000,165.983972
9,1230.0000,165.883179
9,1231.0000,172.906955
9,1232.0000,165.456279
9,1233.0000,159.088441
9,1234.0000,162.235854
9,1235.0000,169.501337
9,1236.0000,162.086156
9,1237.0000,156.782084
9,1238.0000,164.624970
9,1239.0000,172.774031
9,1240.0000,152.208303
9,1241.0000,163.057370
9,1242.0000,155.304365
9,1243.0000,165.713813
9,1244.0000,158.012917
9,1245.0000,160.872691
9,1246.0000,160.332286
9,1247.0000,158.958137
9,1248.0000,159.012028
9,1249.0000,158.670321
9,1250.0000,163.542480
9,1251.0000,164.528542
9,1252.0000,163.726226
9,1253.0000,164.063699
9,1254.0000,151.220129
9,1255.0000,166.168308
9,1256.0000,171.347079
9,1257.0000,161.979956
9,1258.0000,169.428539
9,1259.0000,156.262238
9,1260.0000,169.200716
9,1261.0000,157.611652
9,1262.0000,168.211860
9,1263.0000,160.392293
9,1264.0000,154.996890
9,1265.0000,154.030219
9,1266.0000,158.632889
9,1267.0000,167.453701
9,1268.0000,177.377641
9,1269.0000,152.514743
9,1270.0000,171.405068
9,1271.0000,167.094333
9,1272.0000,159.769477
9,1273.0000,160.582750
9,1274.0000,167.187724
9,1275.0000,160.592395
9,1276.0000,168.895865
9,1277.0000,169.745821
9,1278.0000,175.298982
9,1279.0000,160.507873
9,1280.0000,167.062004
9,1281.0000,147.761579
9,1282.0000,158.199651
9,1283.0000,153.937520
9,1284.0000,156.187627
9,1285.0000,166.484480
9,1286.0000,155.632292
9,1287.0000,154.936985
9,1288.0000,160.464057
9,1289.0000,165.666038
9,1290.0000,166.840624
9,1291.0000,173.110070
9,1292.0000,171.214821
9,1293.0000,155.736784
9,1294.0000,166.474605
9,1295.0000,161.419525
9,1296.0000,160.622913
9,1297.0000,158.581695
9,1298.0000,173.548020
9,1299.0000,165.716893
9,1300.0000,172.237941
9,1301.0000,171.210893
9,1302.0000,156.885576
9,1303.0000,164.222706
9,1304.0000,166.864674
9,1305.0000,162.602277
9,1306.0000,161.036601
9,1307.0000,167.202294
9,1308.0000,167.300235
9,1309.0000,160.282302
9,1310.0000,165.663392
9,1311.0000,161.155042
9,1312.0000,171.145009
9,1313.0000,167.707335
9,1314.0000,169.176026
9,1315.0000,170.987404
9,1316.0000,163.087920
9,1317.0000,168.056351
9,1318.0000,174.529991
9,1319.0000,164.702501
9,1320.0000,165.172891
9,1321.0000,167.239464
9,1322.0000,172.237827
9,1323.0000,165.707239
9,1324.0000,161.506638
9,1325.0000,147.673794
9,1326.0000,166.281738
9,1327.0000,167.058626
9,1328.0000,162.928645
9,1329.0000,163.859290
9,1330.0000,157.677685
9,1331.0000,154.211042
9,1332.0000,166.981066
9,1333.0000,167.251686
9,1334.0000,147.422790
9,1335.0000,158.539119
9,1336.0000,155.721627
9,1337.0000,169.561093
9,1338.0000,158.586605
9,1339.0000,165.096117
9,1340.0000,173.946729
9,1341.0000,167.258964
9,1342.0000,155.570763
9,1343.0000,168.218059
9,1344.0000,152.896697
9,1345.0000,172.852684
9,1346.0000,162.801212
9,1347.0000,158.111374
9,1348.0000,165.394404
9,1349.0000,170.548767
9,1350.0000,159.389173
9,1351.0000,163.861321
9,1352.0000,170.255864
9,1353.0000,151.063284
9,1354.0000,161.653809
9,1355.0000,162.655850
9,1356.0000,167.717358
9,1357.0000,165.079714
9,1358.0000,160.962941
9,1359.0000,158.764585
9,1360.0000,173.256919
9,1361.0000,170.694986
9,1362.0000,163.093657
9,1363.0000,165.538273
9,1364.0000,164.046361
9,1365.0000,165.621104
9,1366.0000,179.612428
9,1367.0000,163.253164
9,1368.0000,158.691384
9,1369.0000,178.414429
9,1370.0000,147.427626
9,1371.0000,166.461011
9,1372.0000,157.353118
9,1373.0000,159.348502
9,1374.0000,167.269056
9,1375.0000,175.123314
9,1376.0000,170.465119
9,1377.0000,163.806845
9,1378.0000,165.445104
9,1379.0000,177.155980
9,1380.0000,163.685972
9,1381.0000,156.878049
9,1382.0000,170.280215
9,1383.0000,172.882950
9,1384.0000,161.533422
9,1385.0000,162.738850
9,1386.0000,167.624387
9,1387.0000,183.804722
9,1388.0000,162.657739
9,1389.0000,165.435139
9,1390.0000,161.267417
9,1391.0000,163.524377
9,1392.0000,160.965049
9,1393.0000,158.739506
9,1394.0000,153.042501
9,1395.0000,157.721619
9,1396.0000,167.798179
9,1397.0000,171.273689
9,1398.0000,169.351297
9,1399.0000,156.709921
9,1400.0000,158.878719
9,1401.0000,180.761233
9,1402.0000,162.420110
9,1403.0000,163.787374
9,1404.0000,160.871747
9,1405.0000,160.588472
9,1406.0000,164.789284
9,1407.0000,162.842660
9,1408.0000,176.254886
9,1409.0000,171.372108
9,1410.0000,166.698476
9,1411.0000,164.759509
9,1412.0000,174.397778
9,1413.0000,169.122282
9,1414.0000,169.118050
9,1415.0000,167.319839
9,1416.0000,166.815831
9,1417.0000,168.151421
9,1418.0000,165.618410
9,1419.0000,174.863268
9,1420.0000,182.125017
9,1421.0000,161.558423
9,1422.0000,183.943000
9,1423.0000,174.887635
9,1424.0000,178.185816
9,1425.0000,180.943668
9,1426.0000,177.758167
9,1427.0000,169.875430
9,1428.0000,172.760117
9,1429.0000,182.975788
9,1430.0000,178.676847
9,1431.0000,195.838252
9,1432.0000,198.864637
9,1433.0000,195.653814
9,1434.0000,193.837746
9,1435.0000,201.486899
9,1436.0000,210.211952
9,1437.0000,212.849465
9,1438.0000,212.470028
9,1439.0000,222.593988
9,1440.0000,230.054915
9,1441.0000,256.298793
9,1442.0000,256.848253
9,1443.0000,274.033571
9,1444.0000,287.686724
9,1445.0000,296.543972
9,1446.0000,320.152468
9,1447.0000,349.671314
9,1448.0000,364.343899
9,1449.0000,374.420463
9,1450.0000,380.654607
9,1451.0000,375.861016
9,1452.0000,372.320667
9,1453.0000,346.795678
9,1454.0000,333.648679
9,1455.0000,309.414146
9,1456.0000,290.479440
9,1457.0000,270.405228
9,1458.0000,261.906506
9,1459.0000,260.013954
9,1460.0000,239.605814
9,1461.0000,217.416802
9,1462.0000,205.771771
9,1463.0000,223.531031
9,1464.0000,201.996689
9,1465.0000,205.852659
9,1466.0000,185.950695
9,1467.0000,191.881678
9,1468.0000,188.614775
9,1469.0000,188.108697
9,1470.0000,175.932453
9,1471.0000,183.116904
9,1472.0000,185.427752
9,1473.0000,185.008578
9,1474.0000,184.177037
9,1475.0000,174.448738
9,1476.0000,180.389640
9,1477.0000,179.817952
9,1478.0000,184.417176
9,1479.0000,173.752960
9,1480.0000,182.953949
9,1481.0000,173.038250
9,1482.0000,165.822218
9,1483.0000,178.029620
9,1484.0000,168.379753
9,1485.0000,167.231761
9,1486.0000,182.311755
9,1487.0000,172.017866
9,1488.0000,175.760793
9,1489.0000,171.069473
9,1490.0000,166.951066
9,1491.0000,160.916323
9,1492.0000,172.531415
9,1493.0000,166.498762
9,1494.0000,166.206650
9,1495.0000,171.233848
9,1496.0000,172.328574
9,1497.0000,167.711281
9,1498.0000,168.121701
9,1499.0000,169.574858
9,1500.0000,161.120452
9,1501.0000,169.443617
9,1502.0000,166.077137
9,1503.0000,164.262045
9,1504.0000,165.568256
9,1505.0000,165.458107
9,1506.0000,170.180364
9,1507.0000,159.011450
9,1508.0000,171.038620
9,1509.0000,175.495539
9,1510.0000,166.406210
9,1511.0000,165.146928
9,1512.0000,165.408412
9,1513.0000,170.066588
9,1514.0000,175.553332
9,1515.0000,186.078511
9,1516.0000,166.553826
9,1517.0000,167.939845
9,1518.0000,163.433742
9,1519.0000,174.197997
9,1520.0000,169.212679
9,1521.0000,170.861443
9,1522.0000,163.635234
9,1523.0000,175.031465
9,1524.0000,170.891025
9,1525.0000,162.039292
9,1526.0000,165.121887
9,1527.0000,169.399866
9,1528.0000,163.445763
9,1529.0000,166.531365
9,1530.0000,167.147602
9,1531.0000,169.584346
9,1532.0000,168.182304
9,1533.0000,175.673833
9,1534.0000,152.567788
9,1535.0000,167.287114
9,1536.0000,168.810644
9,1537.0000,157.422851
9,1538.0000,168.296760
9,1539.0000,164.581132
9,1540.0000,170.187989
9,1541.0000,170.502717
9,1542.0000,175.299127
9,1543.0000,171.196660
9,1544.0000,174.538014
9,1545.0000,161.585860
9,1546.0000,171.456661
9,1547.0000,167.086756
9,1548.0000,169.369500
9,1549.0000,178.953288
9,1550.0000,166.425808
9,1551.0000,171.782665
9,1552.0000,176.791568
9,1553.0000,179.036188
9,1554.0000,171.857570
9,1555.0000,179.280210
9,1556.0000,173.882324
9,1557.0000,166.270295
9,1558.0000,169.125528
9,1559.0000,182.853569
9,1560.0000,183.937918
9,1561.0000,183.833944
9,1562.0000,178.272107
9,1563.0000,182.533609
9,1564.0000,185.941066
9,1565.0000,189.478163
9,1566.0000,194.902135
9,1567.0000,185.934073
9,1568.0000,203.847172
9,1569.0000,189.054653
9,1570.0000,198.504558
9,1571.0000,206.167004
9,1572.0000,196.622077
9,1573.0000,219.313933
9,1574.0000,226.528572
9,1575.0000,227.571959
9,1576.0000,244.567627
9,1577.0000,255.695162
9,1578.0000,281.274004
9,1579.0000,306.303054
9,1580.0000,332.046617
9,1581.0000,354.445429
9,1582.0000,366.869627
9,1583.0000,400.191501
9,1584.0000,386.204656
9,1585.0000,357.790885
9,1586.0000,345.042713
9,1587.0000,320.236940
9,1588.0000,311.170771
9,1589.0000,309.132718
9,1590.0000,287.854282
9,1591.0000,283.402162
9,1592.0000,286.945193
9,1593.0000,304.406767
9,1594.0000,314.894788
9,1595.0000,344.735275
9,1596.0000,387.668694
9,1597.0000,422.710941
9,1598.0000,490.868461
9,1599.0000,575.475787
9,1600.0000,667.349248
9,1601.0000,752.958520
9,1602.0000,788.302177
9,1603.0000,753.261053
9,1604.0000,654.683525
9,1605.0000,563.872039
9,1606.0000,478.486176
9,1607.0000,407.598715
9,1608.0000,348.813183
9,1609.0000,310.766582
9,1610.0000,302.288996
9,1611.0000,276.386673
9,1612.0000,248.781075
9,1613.0000,247.461506
9,1614.0000,241.170855
9,1615.0000,226.213069
9,1616.0000,203.560555
9,1617.0000,204.801078
9,1618.0000,203.386159
9,1619.0000,181.270577
9,1620.0000,194.353493
9,1621.0000,189.601316
9,1622.0000,188.828827
9,1623.0000,190.524045
9,1624.0000,189.855964
9,1625.0000,191.115575
9,1626.0000,181.741421
9,1627.0000,182.839289
9,1628.0000,176.421311
9,1629.0000,179.994279
9,1630.0000,180.122768
9,1631.0000,189.415177
9,1632.0000,163.796054
9,1633.0000,183.271496
9,1634.0000,171.888256
9,1635.0000,169.833561
9,1636.0000,173.765602
9,1637.0000,171.344206
9,1638.0000,159.436190
9,1639.0000,171.426564
9,1640.0000,166.741575
9,1641.0000,168.184550
9,1642.0000,171.225966
9,1643.0000,171.072613
9,1644.0000,165.874717
9,1645.0000,170.435739
9,1646.0000,178.441298
9,1647.0000,154.209706
9,1648.0000,163.016188
9,1649.0000,167.157370
9,1650.0000,167.258893
9,1651.0000,176.567878
9,1652.0000,156.673926
9,1653.0000,162.859423
9,1654.0000,175.253273
9,1655.0000,174.002911
9,1656.0000,169.696786
9,1657.0000,167.646542
9,1658.0000,168.016009
9,1659.0000,154.947417
9,1660.0000,171.199618
9,1661.0000,171.202580
9,1662.0000,167.180940
9,1663.0000,169.343460
9,1664.0000,159.694735
9,1665.0000,173.186848
9,1666.0000,187.129435
9,1667.0000,168.210667
9,1668.0000,175.127045
9,1669.0000,177.611583
9,1670.0000,166.733906
9,1671.0000,156.043985
9,1672.0000,158.669279
9,1673.0000,162.835761
9,1674.0000,173.884087
9,1675.0000,164.719529
9,1676.0000,169.587641
9,1677.0000,166.532230
9,1678.0000,166.046792
9,1679.0000,154.507035
9,1680.0000,165.187963
9,1681.0000,166.272082
9,1682.0000,167.857653
9,1683.0000,166.064815
9,1684.0000,163.338862
9,1685.0000,170.815575
9,1686.0000,157.720718
9,1687.0000,162.449679
9,1688.0000,164.324684
9,1689.0000,162.046903
9,1690.0000,169.554152
9,1691.0000,173.037594
9,1692.0000,165.923825
9,1693.0000,153.287012
9,1694.0000,168.901192
9,1695.0000,158.919566
9,1696.0000,153.290810
9,1697.0000,160.366658
9,1698.0000,152.726076
9,1699.0000,167.296433
9,1700.0000,168.081675
9,1701.0000,164.775534
9,1702.0000,155.980305
9,1703.0000,157.792260
9,1704.0000,166.766705
9,1705.0000,156.994673
9,1706.0000,167.760509
9,1707.0000,157.000315
9,1708.0000,156.644268
9,1709.0000,165.954521
9,1710.0000,147.472313
9,1711.0000,167.746450
9,1712.0000,171.222873
9,1713.0000,158.199661
9,1714.0000,164.043450
9,1715.0000,162.267432
9,1716.0000,168.788859
9,1717.0000,175.236634
9,1718.0000,168.714095
9,1719.0000,167.274283
9,1720.0000,167.037220
9,1721.0000,159.647095
9,1722.0000,161.012742
9,1723.0000,164.914873
9,1724.0000,164.659634
9,1725.0000,168.914281
9,1726.0000,168.428731
9,1727.0000,159.585751
9,1728.0000,165.770081
9,1729.0000,164.646525
9,1730.0000,165.469176
9,1731.0000,153.653262
9,1732.0000,164.659445
9,1733.0000,165.365000
9,1734.0000,161.799839
9,1735.0000,164.222669
9,1736.0000,155.898255
9,1737.0000,168.173223
9,1738.0000,161.225946
9,1739.0000,152.572737
9,1740.0000,165.282981
9,1741.0000,165.279294
9,1742.0000,159.129666
9,1743.0000,149.883018
9,1744.0000,166.582486
9,1745.0000,172.949930
9,1746.0000,162.553189
9,1747.0000,165.274722
9,1748.0000,162.821449
9,1749.0000,157.515309
9,1750.0000,160.420554
9,1751.0000,165.131379
9,1752.0000,182.345132
9,1753.0000,156.564068
9,1754.0000,161.544574
9,1755.0000,159.667514
9,1756.0000,165.052589
9,1757.0000,164.126330
9,1758.0000,158.026938
9,1759.0000,151.692428
9,1760.0000,158.733656
9,1761.0000,160.293535
9,1762.0000,160.759218
9,1763.0000,156.252550
9,1764.0000,163.476775
9,1765.0000,172.105548
9,1766.0000,165.733602
9,1767.0000,162.645300
9,1768.0000,169.308871
9,1769.0000,170.713087
9,1770.0000,158.437554
9,1771.0000,168.707788
9,1772.0000,162.503402
9,1773.0000,160.579757
9,1774.0000,162.986688
9,1775.0000,154.740453
9,1776.0000,162.506449
9,1777.0000,160.464699
9,1778.0000,159.046426
9,1779.0000,162.911009
9,1780.0000,160.991743
9,1781.0000,153.708994
9,1782.0000,172.427320
9,1783.0000,163.187686
9,1784.0000,180.367149
9,1785.0000,163.439407
9,1786.0000,174.640234
9,1787.0000,157.024968
9,1788.0000,163.735565
9,1789.0000,161.594175
9,1790.0000,165.247640
9,1791.0000,168.814891
9,1792.0000,161.215311
9,1793.0000,161.643760
9,1794.0000,157.565419
9,1795.0000,158.375066
9,1796.0000,165.596126
9,1797.0000,161.324786
9,1798.0000,159.818470
9,1799.0000,157.218117
9,1800.0000,169.611937
9,1801.0000,168.667604
9,1802.0000,165.314819
9,1803.0000,169.026152
9,1804.0000,164.314988
9,1805.0000,162.789873
9,1806.0000,161.273688
9,1807.0000,162.951583
9,1808.0000,155.524120
9,1809.0000,176.318717
9,1810.0000,160.794468
9,1811.0000,150.319847
9,1812.0000,159.529655
9,1813.0000,160.663942
9,1814.0000,162.380932
9,1815.0000,158.301137
9,1816.0000,170.543563
9,1817.0000,160.404682
9,1818.0000,165.360555
9,1819.0000,157.738193
9,1820.0000,175.458833
9,1821.0000,158.729774
9,1822.0000,162.938152
9,1823.0000,157.878513
9,1824.0000,169.585090
9,1825.0000,169.755328
9,1826.0000,165.632494
9,1827.0000,165.802656
9,1828.0000,164.368508
9,1829.0000,164.881567
9,1830.0000,161.902067
9,1831.0000,167.792881
9,1832.0000,161.430069
9,1833.0000,161.420394
9,1834.0000,165.330157
9,1835.0000,158.941045
9,1836.0000,147.543694
9,1837.0000,149.254418
9,1838.0000,164.676180
9,1839.0000,159.056623
9,1840.0000,154.100116
9,1841.0000,162.214252
9,1842.0000,150.217527
9,1843.0000,170.021016
9,1844.0000,159.643848
9,1845.0000,161.621625
9,1846.0000,160.485028
9,1847.0000,163.718248
9,1848.0000,167.832756
9,1849.0000,150.109681
9,1850.0000,151.191225
9,1851.0000,163.454869
9,1852.0000,166.880277
9,1853.0000,167.712373
9,1854.0000,164.478727
9,1855.0000,163.945489
9,1856.0000,155.091457
9,1857.0000,151.370572
9,1858.0000,159.002926
9,1859.0000,162.071085
9,1860.0000,154.130162
9,1861.0000,164.596818
9,1862.0000,164.271410
9,1863.0000,163.837946
9,1864.0000,163.514147
9,1865.0000,165.152455
9,1866.0000,155.425645
9,1867.0000,166.420202
9,1868.0000,160.653141
9,1869.0000,162.733617
9,1870.0000,159.362263
9,1871.0000,160.293106
9,1872.0000,154.517733
9,1873.0000,169.317381
9,1874.0000,166.425402
9,1875.0000,171.626907
9,1876.0000,158.441672
9,1877.0000,169.772926
9,1878.0000,165.322465
9,1879.0000,168.629156
9,1880.0000,158.898333
9,1881.0000,153.434890
9,1882.0000,160.458131
9,1883.0000,151.836607
9,1884.0000,162.760443
9,1885.0000,171.007974
9,1886.0000,163.174187
9,1887.0000,168.457258
9,1888.0000,159.195329
9,1889.0000,157.962628
9,1890.0000,162.110005
9,1891.0000,164.702207
9,1892.0000,162.775600
9,1893.0000,162.710133
9,1894.0000,159.703674
9,1895.0000,158.046390
9,1896.0000,162.384177
9,1897.0000,166.541998
9,1898.0000,154.466050
9,1899.0000,166.647847
9,1900.0000,164.556992
9,1901.0000,155.231386
9,1902.0000,167.634487
9,1903.0000,165.777310
9,1904.0000,157.483908
9,1905.0000,167.839349
9,1906.0000,159.809106
9,1907.0000,164.030150
9,1908.0000,166.400302
9,1909.0000,159.746213
9,1910.0000,154.568844
9,1911.0000,161.779606
9,1912.0000,159.451576
9,1913.0000,168.288248
9,1914.0000,164.531654
9,1915.0000,156.535712
9,1916.0000,161.501029
9,1917.0000,156.923666
9,1918.0000,159.470286
9,1919.0000,164.305553
9,1920.0000,164.395580
9,1921.0000,168.394747
9,1922.0000,172.481773
9,1923.0000,171.259628
9,1924.0000,168.474088
9,1925.0000,151.902663
9,1926.0000,162.402230
9,1927.0000,165.222320
9,1928.0000,158.688649
9,1929.0000,158.940857
9,1930.0000,157.454266
9,1931.0000,154.189790
9,1932.0000,167.760477
9,1933.0000,165.840416
9,1934.0000,163.226877
9,1935.0000,154.775284
9,1936.0000,155.199892
9,1937.0000,149.972216
9,1938.0000,169.847028
9,1939.0000,160.138054
9,1940.0000,163.158587
9,1941.0000,166.149197
9,1942.0000,163.136705
9,1943.0000,170.980335
9,1944.0000,161.779302
9,1945.0000,158.666538
9,1946.0000,161.112376
9,1947.0000,161.288645
9,1948.0000,159.910141
9,1949.0000,151.670684
9,1950.0000,175.666154
9,1951.0000,160.423087
9,1952.0000,155.615482
9,1953.0000,161.105286
9,1954.0000,160.350185
9,1955.0000,160.817788
9,1956.0000,161.157989
9,1957.0000,156.265432
9,1958.0000,159.913532
9,1959.0000,157.722724
9,1960.0000,162.402152
9,1961.0000,168.182748
9,1962.0000,162.279433
9,1963.0000,166.938991
9,1964.0000,161.508339
9,1965.0000,165.642517
9,1966.0000,169.326457
9,1967.0000,154.727833
9,1968.0000,162.822788
9,1969.0000,158.371075
9,1970.0000,153.272803
9,1971.0000,154.253778
9,1972.0000,173.382345
9,1973.0000,167.281782
9,1974.0000,162.238873
9,1975.0000,169.503219
9,1976.0000,162.484255
9,1977.0000,170.293999
9,1978.0000,166.379643
9,1979.0000,157.513195
9,1980.0000,162.374929
9,1981.0000,168.856297
9,1982.0000,161.711982
9,1983.0000,153.852525
9,1984.0000,169.351231
9,1985.0000,163.040917
9,1986.0000,155.648938
9,1987.0000,155.455042
9,1988.0000,159.428408
9,1989.0000,159.215777
9,1990.0000,170.274299
9,1991.0000,157.357403
9,1992.0000,167.444722
9,1993.0000,165.240429
9,1994.0000,159.416126
9,1995.0000,159.534757
9,1996.0000,171.545089
9,1997.0000,158.067275
9,1998.0000,152.284947
9,1999.0000,162.847147
9,2000.0000,172.357805
