spectrum_id,material,raman_shift_cm-1,intensity
PS_01,polystyrene,200.0000,40.205940
PS_01,polystyrene,201.0000,40.206617
PS_01,polystyrene,202.0000,40.207298
PS_01,polystyrene,203.0000,40.207983
PS_01,polystyrene,204.0000,40.208671
PS_01,polystyrene,205.0000,40.209364
PS_01,polystyrene,206.0000,40.210061
PS_01,polystyrene,207.0000,40.210762
PS_01,polystyrene,208.0000,40.211467
PS_01,polystyrene,209.0000,40.212176
PS_01,polystyrene,210.0000,40.212889
PS_01,polystyrene,211.0000,40.213606
PS_01,polystyrene,212.0000,40.214328
PS_01,polystyrene,213.0000,40.215053
PS_01,polystyrene,214.0000,40.215783
PS_01,polystyrene,215.0000,40.216518
PS_01,polystyrene,216.0000,40.217256
PS_01,polystyrene,217.0000,40.217999
PS_01,polystyrene,218.0000,40.218747
PS_01,polystyrene,219.0000,40.219499
PS_01,polystyrene,220.0000,40.220255
PS_01,polystyrene,221.0000,40.221017
PS_01,polystyrene,222.0000,40.221782
PS_01,polystyrene,223.0000,40.222553
PS_01,polystyrene,224.0000,40.223327
PS_01,polystyrene,225.0000,40.224107
PS_01,polystyrene,226.0000,40.224892
PS_01,polystyrene,227.0000,40.225681
PS_01,polystyrene,228.0000,40.226475
PS_01,polystyrene,229.0000,40.227274
PS_01,polystyrene,230.0000,40.228078
PS_01,polystyrene,231.0000,40.228887
PS_01,polystyrene,232.0000,40.229701
PS_01,polystyrene,233.0000,40.230520
PS_01,polystyrene,234.0000,40.231344
PS_01,polystyrene,235.0000,40.232173
PS_01,polystyrene,236.0000,40.233008
PS_01,polystyrene,237.0000,40.233848
PS_01,polystyrene,238.0000,40.234693
PS_01,polystyrene,239.0000,40.235543
PS_01,polystyrene,240.0000,40.236399
PS_01,polystyrene,241.0000,40.237260
PS_01,polystyrene,242.0000,40.238127
PS_01,polystyrene,243.0000,40.239000
PS_01,polystyrene,244.0000,40.239878
PS_01,polystyrene,245.0000,40.240761
PS_01,polystyrene,246.0000,40.241651
PS_01,polystyrene,247.0000,40.242546
PS_01,polystyrene,248.0000,40.243447
PS_01,polystyrene,249.0000,40.244354
PS_01,polystyrene,250.0000,40.245267
PS_01,polystyrene,251.0000,40.246186
PS_01,polystyrene,252.0000,40.247111
PS_01,polystyrene,253.0000,40.248042
PS_01,polystyrene,254.0000,40.248979
PS_01,polystyrene,255.0000,40.249923
PS_01,polystyrene,256.0000,40.250873
PS_01,polystyrene,257.0000,40.251829
PS_01,polystyrene,258.0000,40.252791
PS_01,polystyrene,259.0000,40.253761
PS_01,polystyrene,260.0000,40.254736
PS_01,polystyrene,261.0000,40.255719
PS_01,polystyrene,262.0000,40.256708
PS_01,polystyrene,263.0000,40.257704
PS_01,polystyrene,264.0000,40.258706
PS_01,polystyrene,265.0000,40.259716
PS_01,polystyrene,266.0000,40.260732
PS_01,polystyrene,267.0000,40.261756
PS_01,polystyrene,268.0000,40.262787
PS_01,polystyrene,269.0000,40.263824
PS_01,polystyrene,270.0000,40.264870
PS_01,polystyrene,271.0000,40.265922
PS_01,polystyrene,272.0000,40.266982
PS_01,polystyrene,273.0000,40.268049
PS_01,polystyrene,274.0000,40.269124
PS_01,polystyrene,275.0000,40.270207
PS_01,polystyrene,276.0000,40.271297
PS_01,polystyrene,277.0000,40.272395
PS_01,polystyrene,278.0000,40.273501
PS_01,polystyrene,279.0000,40.274615
PS_01,polystyrene,280.0000,40.275738
PS_01,polystyrene,281.0000,40.276868
PS_01,polystyrene,282.0000,40.278006
PS_01,polystyrene,283.0000,40.279153
PS_01,polystyrene,284.0000,40.280308
PS_01,polystyrene,285.0000,40.281472
PS_01,polystyrene,286.0000,40.282644
PS_01,polystyrene,287.0000,40.283825
PS_01,polystyrene,288.0000,40.285015
PS_01,polystyrene,289.0000,40.286214
PS_01,polystyrene,290.0000,40.287421
PS_01,polystyrene,291.0000,40.288638
PS_01,polystyrene,292.0000,40.289864
PS_01,polystyrene,293.0000,40.291099
PS_01,polystyrene,294.0000,40.292344
PS_01,polystyrene,295.0000,40.293598
PS_01,polystyrene,296.0000,40.294862
PS_01,polystyrene,297.0000,40.296135
PS_01,polystyrene,298.0000,40.297419
PS_01,polystyrene,299.0000,40.298712
PS_01,polystyrene,300.0000,40.300015
PS_01,polystyrene,301.0000,40.301328
PS_01,polystyrene,302.0000,40.302652
PS_01,polystyrene,303.0000,40.303986
PS_01,polystyrene,304.0000,40.305331
PS_01,polystyrene,305.0000,40.306686
PS_01,polystyrene,306.0000,40.308052
PS_01,polystyrene,307.0000,40.309429
PS_01,polystyrene,308.0000,40.310817
PS_01,polystyrene,309.0000,40.312216
PS_01,polystyrene,310.0000,40.313626
PS_01,polystyrene,311.0000,40.315048
PS_01,polystyrene,312.0000,40.316481
PS_01,polystyrene,313.0000,40.317926
PS_01,polystyrene,314.0000,40.319383
PS_01,polystyrene,315.0000,40.320852
PS_01,polystyrene,316.0000,40.322333
PS_01,polystyrene,317.0000,40.323826
PS_01,polystyrene,318.0000,40.325332
PS_01,polystyrene,319.0000,40.326850
PS_01,polystyrene,320.0000,40.328381
PS_01,polystyrene,321.0000,40.329925
PS_01,polystyrene,322.0000,40.331482
PS_01,polystyrene,323.0000,40.333052
PS_01,polystyrene,324.0000,40.334635
PS_01,polystyrene,325.0000,40.336232
PS_01,polystyrene,326.0000,40.337843
PS_01,polystyrene,327.0000,40.339467
PS_01,polystyrene,328.0000,40.341106
PS_01,polystyrene,329.0000,40.342759
PS_01,polystyrene,330.0000,40.344426
PS_01,polystyrene,331.0000,40.346108
PS_01,polystyrene,332.0000,40.347805
PS_01,polystyrene,333.0000,40.349516
PS_01,polystyrene,334.0000,40.351243
PS_01,polystyrene,335.0000,40.352985
PS_01,polystyrene,336.0000,40.354743
PS_01,polystyrene,337.0000,40.356517
PS_01,polystyrene,338.0000,40.358306
PS_01,polystyrene,339.0000,40.360112
PS_01,polystyrene,340.0000,40.361934
PS_01,polystyrene,341.0000,40.363773
PS_01,polystyrene,342.0000,40.365629
PS_01,polystyrene,343.0000,40.367501
PS_01,polystyrene,344.0000,40.369391
PS_01,polystyrene,345.0000,40.371299
PS_01,polystyrene,346.0000,40.373224
PS_01,polystyrene,347.0000,40.375168
PS_01,polystyrene,348.0000,40.377130
PS_01,polystyrene,349.0000,40.379110
PS_01,polystyrene,350.0000,40.381109
PS_01,polystyrene,351.0000,40.383127
PS_01,polystyrene,352.0000,40.385165
PS_01,polystyrene,353.0000,40.387222
PS_01,polystyrene,354.0000,40.389298
PS_01,polystyrene,355.0000,40.391396
PS_01,polystyrene,356.0000,40.393513
PS_01,polystyrene,357.0000,40.395651
PS_01,polystyrene,358.0000,40.397810
PS_01,polystyrene,359.0000,40.399991
PS_01,polystyrene,360.0000,40.402193
PS_01,polystyrene,361.0000,40.404417
PS_01,polystyrene,362.0000,40.406664
PS_01,polystyrene,363.0000,40.408933
PS_01,polystyrene,364.0000,40.411225
PS_01,polystyrene,365.0000,40.413540
PS_01,polystyrene,366.0000,40.415879
PS_01,polystyrene,367.0000,40.418242
PS_01,polystyrene,368.0000,40.420629
PS_01,polystyrene,369.0000,40.423041
PS_01,polystyrene,370.0000,40.425477
PS_01,polystyrene,371.0000,40.427940
PS_01,polystyrene,372.0000,40.430428
PS_01,polystyrene,373.0000,40.432942
PS_01,polystyrene,374.0000,40.435483
PS_01,polystyrene,375.0000,40.438051
PS_01,polystyrene,376.0000,40.440647
PS_01,polystyrene,377.0000,40.443270
PS_01,polystyrene,378.0000,40.445922
PS_01,polystyrene,379.0000,40.448603
PS_01,polystyrene,380.0000,40.451312
PS_01,polystyrene,381.0000,40.454052
PS_01,polystyrene,382.0000,40.456821
PS_01,polystyrene,383.0000,40.459622
PS_01,polystyrene,384.0000,40.462453
PS_01,polystyrene,385.0000,40.465316
PS_01,polystyrene,386.0000,40.468211
PS_01,polystyrene,387.0000,40.471139
PS_01,polystyrene,388.0000,40.474100
PS_01,polystyrene,389.0000,40.477095
PS_01,polystyrene,390.0000,40.480124
PS_01,polystyrene,391.0000,40.483188
PS_01,polystyrene,392.0000,40.486288
PS_01,polystyrene,393.0000,40.489424
PS_01,polystyrene,394.0000,40.492596
PS_01,polystyrene,395.0000,40.495806
PS_01,polystyrene,396.0000,40.499054
PS_01,polystyrene,397.0000,40.502340
PS_01,polystyrene,398.0000,40.505665
PS_01,polystyrene,399.0000,40.509031
PS_01,polystyrene,400.0000,40.512437
PS_01,polystyrene,401.0000,40.515884
PS_01,polystyrene,402.0000,40.519374
PS_01,polystyrene,403.0000,40.522906
PS_01,polystyrene,404.0000,40.526482
PS_01,polystyrene,405.0000,40.530103
PS_01,polystyrene,406.0000,40.533768
PS_01,polystyrene,407.0000,40.537480
PS_01,polystyrene,408.0000,40.541238
PS_01,polystyrene,409.0000,40.545044
PS_01,polystyrene,410.0000,40.548898
PS_01,polystyrene,411.0000,40.552802
PS_01,polystyrene,412.0000,40.556756
PS_01,polystyrene,413.0000,40.560762
PS_01,polystyrene,414.0000,40.564819
PS_01,polystyrene,415.0000,40.568930
PS_01,polystyrene,416.0000,40.573096
PS_01,polystyrene,417.0000,40.577316
PS_01,polystyrene,418.0000,40.581593
PS_01,polystyrene,419.0000,40.585927
PS_01,polystyrene,420.0000,40.590319
PS_01,polystyrene,421.0000,40.594771
PS_01,polystyrene,422.0000,40.599284
PS_01,polystyrene,423.0000,40.603859
PS_01,polystyrene,424.0000,40.608498
PS_01,polystyrene,425.0000,40.613200
PS_01,polystyrene,426.0000,40.617969
PS_01,polystyrene,427.0000,40.622804
PS_01,polystyrene,428.0000,40.627708
PS_01,polystyrene,429.0000,40.632682
PS_01,polystyrene,430.0000,40.637727
PS_01,polystyrene,431.0000,40.642844
PS_01,polystyrene,432.0000,40.648036
PS_01,polystyrene,433.0000,40.653303
PS_01,polystyrene,434.0000,40.658648
PS_01,polystyrene,435.0000,40.664072
PS_01,polystyrene,436.0000,40.669576
PS_01,polystyrene,437.0000,40.675163
PS_01,polystyrene,438.0000,40.680834
PS_01,polystyrene,439.0000,40.686590
PS_01,polystyrene,440.0000,40.692435
PS_01,polystyrene,441.0000,40.698369
PS_01,polystyrene,442.0000,40.704394
PS_01,polystyrene,443.0000,40.710513
PS_01,polystyrene,444.0000,40.716728
PS_01,polystyrene,445.0000,40.723041
PS_01,polystyrene,446.0000,40.729454
PS_01,polystyrene,447.0000,40.735968
PS_01,polystyrene,448.0000,40.742588
PS_01,polystyrene,449.0000,40.749315
PS_01,polystyrene,450.0000,40.756150
PS_01,polystyrene,451.0000,40.763098
PS_01,polystyrene,452.0000,40.770161
PS_01,polystyrene,453.0000,40.777341
PS_01,polystyrene,454.0000,40.784640
PS_01,polystyrene,455.0000,40.792063
PS_01,polystyrene,456.0000,40.799611
PS_01,polystyrene,457.0000,40.807288
PS_01,polystyrene,458.0000,40.815097
PS_01,polystyrene,459.0000,40.823042
PS_01,polystyrene,460.0000,40.831124
PS_01,polystyrene,461.0000,40.839349
PS_01,polystyrene,462.0000,40.847719
PS_01,polystyrene,463.0000,40.856237
PS_01,polystyrene,464.0000,40.864909
PS_01,polystyrene,465.0000,40.873737
PS_01,polystyrene,466.0000,40.882726
PS_01,polystyrene,467.0000,40.891879
PS_01,polystyrene,468.0000,40.901202
PS_01,polystyrene,469.0000,40.910698
PS_01,polystyrene,470.0000,40.920371
PS_01,polystyrene,471.0000,40.930228
PS_01,polystyrene,472.0000,40.940272
PS_01,polystyrene,473.0000,40.950508
PS_01,polystyrene,474.0000,40.960942
PS_01,polystyrene,475.0000,40.971579
PS_01,polystyrene,476.0000,40.982425
PS_01,polystyrene,477.0000,40.993485
PS_01,polystyrene,478.0000,41.004765
PS_01,polystyrene,479.0000,41.016271
PS_01,polystyrene,480.0000,41.028011
PS_01,polystyrene,481.0000,41.039990
PS_01,polystyrene,482.0000,41.052215
PS_01,polystyrene,483.0000,41.064693
PS_01,polystyrene,484.0000,41.077433
PS_01,polystyrene,485.0000,41.090440
PS_01,polystyrene,486.0000,41.103724
PS_01,polystyrene,487.0000,41.117292
PS_01,polystyrene,488.0000,41.131153
PS_01,polystyrene,489.0000,41.145316
PS_01,polystyrene,490.0000,41.159789
PS_01,polystyrene,491.0000,41.174583
PS_01,polystyrene,492.0000,41.189708
PS_01,polystyrene,493.0000,41.205173
PS_01,polystyrene,494.0000,41.220990
PS_01,polystyrene,495.0000,41.237168
PS_01,polystyrene,496.0000,41.253721
PS_01,polystyrene,497.0000,41.270660
PS_01,polystyrene,498.0000,41.287998
PS_01,polystyrene,499.0000,41.305747
PS_01,polystyrene,500.0000,41.323922
PS_01,polystyrene,501.0000,41.342535
PS_01,polystyrene,502.0000,41.361603
PS_01,polystyrene,503.0000,41.381140
PS_01,polystyrene,504.0000,41.401163
PS_01,polystyrene,505.0000,41.421688
PS_01,polystyrene,506.0000,41.442733
PS_01,polystyrene,507.0000,41.464316
PS_01,polystyrene,508.0000,41.486456
PS_01,polystyrene,509.0000,41.509172
PS_01,polystyrene,510.0000,41.532487
PS_01,polystyrene,511.0000,41.556420
PS_01,polystyrene,512.0000,41.580997
PS_01,polystyrene,513.0000,41.606239
PS_01,polystyrene,514.0000,41.632172
PS_01,polystyrene,515.0000,41.658822
PS_01,polystyrene,516.0000,41.686217
PS_01,polystyrene,517.0000,41.714384
PS_01,polystyrene,518.0000,41.743356
PS_01,polystyrene,519.0000,41.773162
PS_01,polystyrene,520.0000,41.803836
PS_01,polystyrene,521.0000,41.835413
PS_01,polystyrene,522.0000,41.867929
PS_01,polystyrene,523.0000,41.901424
PS_01,polystyrene,524.0000,41.935937
PS_01,polystyrene,525.0000,41.971511
PS_01,polystyrene,526.0000,42.008190
PS_01,polystyrene,527.0000,42.046023
PS_01,polystyrene,528.0000,42.085059
PS_01,polystyrene,529.0000,42.125351
PS_01,polystyrene,530.0000,42.166954
PS_01,polystyrene,531.0000,42.209926
PS_01,polystyrene,532.0000,42.254329
PS_01,polystyrene,533.0000,42.300230
PS_01,polystyrene,534.0000,42.347696
PS_01,polystyrene,535.0000,42.396802
PS_01,polystyrene,536.0000,42.447624
PS_01,polystyrene,537.0000,42.500246
PS_01,polystyrene,538.0000,42.554754
PS_01,polystyrene,539.0000,42.611241
PS_01,polystyrene,540.0000,42.669805
PS_01,polystyrene,541.0000,42.730551
PS_01,polystyrene,542.0000,42.793591
PS_01,polystyrene,543.0000,42.859041
PS_01,polystyrene,544.0000,42.927029
PS_01,polystyrene,545.0000,42.997689
PS_01,polystyrene,546.0000,43.071164
PS_01,polystyrene,547.0000,43.147608
PS_01,polystyrene,548.0000,43.227184
PS_01,polystyrene,549.0000,43.310068
PS_01,polystyrene,550.0000,43.396448
PS_01,polystyrene,551.0000,43.486524
PS_01,polystyrene,552.0000,43.580513
PS_01,polystyrene,553.0000,43.678646
PS_01,polystyrene,554.0000,43.781172
PS_01,polystyrene,555.0000,43.888361
PS_01,polystyrene,556.0000,44.000500
PS_01,polystyrene,557.0000,44.117901
PS_01,polystyrene,558.0000,44.240901
PS_01,polystyrene,559.0000,44.369864
PS_01,polystyrene,560.0000,44.505184
PS_01,polystyrene,561.0000,44.647287
PS_01,polystyrene,562.0000,44.796636
PS_01,polystyrene,563.0000,44.953735
PS_01,polystyrene,564.0000,45.119131
PS_01,polystyrene,565.0000,45.293421
PS_01,polystyrene,566.0000,45.477255
PS_01,polystyrene,567.0000,45.671345
PS_01,polystyrene,568.0000,45.876471
PS_01,polystyrene,569.0000,46.093484
PS_01,polystyrene,570.0000,46.323324
PS_01,polystyrene,571.0000,46.567021
PS_01,polystyrene,572.0000,46.825712
PS_01,polystyrene,573.0000,47.100653
PS_01,polystyrene,574.0000,47.393230
PS_01,polystyrene,575.0000,47.704985
PS_01,polystyrene,576.0000,48.037625
PS_01,polystyrene,577.0000,48.393055
PS_01,polystyrene,578.0000,48.773397
PS_01,polystyrene,579.0000,49.181027
PS_01,polystyrene,580.0000,49.618607
PS_01,polystyrene,581.0000,50.089129
PS_01,polystyrene,582.0000,50.595967
PS_01,polystyrene,583.0000,51.142932
PS_01,polystyrene,584.0000,51.734343
PS_01,polystyrene,585.0000,52.375112
PS_01,polystyrene,586.0000,53.070840
PS_01,polystyrene,587.0000,53.827935
PS_01,polystyrene,588.0000,54.653756
PS_01,polystyrene,589.0000,55.556783
PS_01,polystyrene,590.0000,56.546826
PS_01,polystyrene,591.0000,57.635277
PS_01,polystyrene,592.0000,58.835424
PS_01,polystyrene,593.0000,60.162834
PS_01,polystyrene,594.0000,61.635822
PS_01,polystyrene,595.0000,63.276052
PS_01,polystyrene,596.0000,65.109265
PS_01,polystyrene,597.0000,67.166220
PS_01,polystyrene,598.0000,69.483870
PS_01,polystyrene,599.0000,72.106860
PS_01,polystyrene,600.0000,75.089459
PS_01,polystyrene,601.0000,78.498028
PS_01,polystyrene,602.0000,82.414225
PS_01,polystyrene,603.0000,86.939153
PS_01,polystyrene,604.0000,92.198762
PS_01,polystyrene,605.0000,98.350853
PS_01,polystyrene,606.0000,105.594123
PS_01,polystyrene,607.0000,114.179711
PS_01,polystyrene,608.0000,124.425531
PS_01,polystyrene,609.0000,136.733195
PS_01,polystyrene,610.0000,151.605879
PS_01,polystyrene,611.0000,169.662137
PS_01,polystyrene,612.0000,191.633341
PS_01,polystyrene,613.0000,218.317682
PS_01,polystyrene,614.0000,250.437331
PS_01,polystyrene,615.0000,288.308200
PS_01,polystyrene,616.0000,331.210609
PS_01,polystyrene,617.0000,376.443424
PS_01,polystyrene,618.0000,418.445485
PS_01,polystyrene,619.0000,449.096210
PS_01,polystyrene,620.0000,460.449652
PS_01,polystyrene,621.0000,449.100407
PS_01,polystyrene,622.0000,418.453881
PS_01,polystyrene,623.0000,376.456019
PS_01,polystyrene,624.0000,331.227403
PS_01,polystyrene,625.0000,288.329195
PS_01,polystyrene,626.0000,250.462528
PS_01,polystyrene,627.0000,218.347083
PS_01,polystyrene,628.0000,191.666949
PS_01,polystyrene,629.0000,169.699954
PS_01,polystyrene,630.0000,151.647908
PS_01,polystyrene,631.0000,136.779439
PS_01,polystyrene,632.0000,124.475993
PS_01,polystyrene,633.0000,114.234394
PS_01,polystyrene,634.0000,105.653032
PS_01,polystyrene,635.0000,98.413992
PS_01,polystyrene,636.0000,92.266137
PS_01,polystyrene,637.0000,87.010767
PS_01,polystyrene,638.0000,82.490084
PS_01,polystyrene,639.0000,78.578138
PS_01,polystyrene,640.0000,75.173826
PS_01,polystyrene,641.0000,72.195490
PS_01,polystyrene,642.0000,69.576769
PS_01,polystyrene,643.0000,67.263396
PS_01,polystyrene,644.0000,65.210724
PS_01,polystyrene,645.0000,63.381802
PS_01,polystyrene,646.0000,61.745872
PS_01,polystyrene,647.0000,60.277190
PS_01,polystyrene,648.0000,58.954097
PS_01,polystyrene,649.0000,57.758274
PS_01,polystyrene,650.0000,56.674156
PS_01,polystyrene,651.0000,55.688457
PS_01,polystyrene,652.0000,54.789783
PS_01,polystyrene,653.0000,53.968325
PS_01,polystyrene,654.0000,53.215604
PS_01,polystyrene,655.0000,52.524261
PS_01,polystyrene,656.0000,51.887888
PS_01,polystyrene,657.0000,51.300884
PS_01,polystyrene,658.0000,50.758339
PS_01,polystyrene,659.0000,50.255933
PS_01,polystyrene,660.0000,49.789854
PS_01,polystyrene,661.0000,49.356732
PS_01,polystyrene,662.0000,48.953573
PS_01,polystyrene,663.0000,48.577715
PS_01,polystyrene,664.0000,48.226784
PS_01,polystyrene,665.0000,47.898656
PS_01,polystyrene,666.0000,47.591430
PS_01,polystyrene,667.0000,47.303395
PS_01,polystyrene,668.0000,47.033013
PS_01,polystyrene,669.0000,46.778896
PS_01,polystyrene,670.0000,46.539790
PS_01,polystyrene,671.0000,46.314558
PS_01,polystyrene,672.0000,46.102168
PS_01,polystyrene,673.0000,45.901685
PS_01,polystyrene,674.0000,45.712255
PS_01,polystyrene,675.0000,45.533099
PS_01,polystyrene,676.0000,45.363506
PS_01,polystyrene,677.0000,45.202826
PS_01,polystyrene,678.0000,45.050463
PS_01,polystyrene,679.0000,44.905869
PS_01,polystyrene,680.0000,44.768542
PS_01,polystyrene,681.0000,44.638019
PS_01,polystyrene,682.0000,44.513874
PS_01,polystyrene,683.0000,44.395714
PS_01,polystyrene,684.0000,44.283174
PS_01,polystyrene,685.0000,44.175919
PS_01,polystyrene,686.0000,44.073638
PS_01,polystyrene,687.0000,43.976042
PS_01,polystyrene,688.0000,43.882864
PS_01,polystyrene,689.0000,43.793854
PS_01,polystyrene,690.0000,43.708782
PS_01,polystyrene,691.0000,43.627432
PS_01,polystyrene,692.0000,43.549603
PS_01,polystyrene,693.0000,43.475107
PS_01,polystyrene,694.0000,43.403772
PS_01,polystyrene,695.0000,43.335432
PS_01,polystyrene,696.0000,43.269935
PS_01,polystyrene,697.0000,43.207138
PS_01,polystyrene,698.0000,43.146908
PS_01,polystyrene,699.0000,43.089119
PS_01,polystyrene,700.0000,43.033652
PS_01,polystyrene,701.0000,42.980398
PS_01,polystyrene,702.0000,42.929252
PS_01,polystyrene,703.0000,42.880116
PS_01,polystyrene,704.0000,42.832899
PS_01,polystyrene,705.0000,42.787514
PS_01,polystyrene,706.0000,42.743878
PS_01,polystyrene,707.0000,42.701916
PS_01,polystyrene,708.0000,42.661554
PS_01,polystyrene,709.0000,42.622724
PS_01,polystyrene,710.0000,42.585361
PS_01,polystyrene,711.0000,42.549404
PS_01,polystyrene,712.0000,42.514795
PS_01,polystyrene,713.0000,42.481478
PS_01,polystyrene,714.0000,42.449403
PS_01,polystyrene,715.0000,42.418520
PS_01,polystyrene,716.0000,42.388782
PS_01,polystyrene,717.0000,42.360146
PS_01,polystyrene,718.0000,42.332568
PS_01,polystyrene,719.0000,42.306010
PS_01,polystyrene,720.0000,42.280434
PS_01,polystyrene,721.0000,42.255804
PS_01,polystyrene,722.0000,42.232085
PS_01,polystyrene,723.0000,42.209246
PS_01,polystyrene,724.0000,42.187255
PS_01,polystyrene,725.0000,42.166083
PS_01,polystyrene,726.0000,42.145702
PS_01,polystyrene,727.0000,42.126085
PS_01,polystyrene,728.0000,42.107208
PS_01,polystyrene,729.0000,42.089047
PS_01,polystyrene,730.0000,42.071577
PS_01,polystyrene,731.0000,42.054777
PS_01,polystyrene,732.0000,42.038627
PS_01,polystyrene,733.0000,42.023106
PS_01,polystyrene,734.0000,42.008195
PS_01,polystyrene,735.0000,41.993877
PS_01,polystyrene,736.0000,41.980133
PS_01,polystyrene,737.0000,41.966948
PS_01,polystyrene,738.0000,41.954305
PS_01,polystyrene,739.0000,41.942189
PS_01,polystyrene,740.0000,41.930587
PS_01,polystyrene,741.0000,41.919484
PS_01,polystyrene,742.0000,41.908867
PS_01,polystyrene,743.0000,41.898723
PS_01,polystyrene,744.0000,41.889041
PS_01,polystyrene,745.0000,41.879810
PS_01,polystyrene,746.0000,41.871017
PS_01,polystyrene,747.0000,41.862653
PS_01,polystyrene,748.0000,41.854707
PS_01,polystyrene,749.0000,41.847171
PS_01,polystyrene,750.0000,41.840035
PS_01,polystyrene,751.0000,41.833290
PS_01,polystyrene,752.0000,41.826928
PS_01,polystyrene,753.0000,41.820941
PS_01,polystyrene,754.0000,41.815322
PS_01,polystyrene,755.0000,41.810063
PS_01,polystyrene,756.0000,41.805157
PS_01,polystyrene,757.0000,41.800597
PS_01,polystyrene,758.0000,41.796379
PS_01,polystyrene,759.0000,41.792494
PS_01,polystyrene,760.0000,41.788939
PS_01,polystyrene,761.0000,41.785707
PS_01,polystyrene,762.0000,41.782793
PS_01,polystyrene,763.0000,41.780192
PS_01,polystyrene,764.0000,41.777900
PS_01,polystyrene,765.0000,41.775913
PS_01,polystyrene,766.0000,41.774225
PS_01,polystyrene,767.0000,41.772834
PS_01,polystyrene,768.0000,41.771735
PS_01,polystyrene,769.0000,41.770925
PS_01,polystyrene,770.0000,41.770401
PS_01,polystyrene,771.0000,41.770159
PS_01,polystyrene,772.0000,41.770197
PS_01,polystyrene,773.0000,41.770512
PS_01,polystyrene,774.0000,41.771101
PS_01,polystyrene,775.0000,41.771962
PS_01,polystyrene,776.0000,41.773093
PS_01,polystyrene,777.0000,41.774491
PS_01,polystyrene,778.0000,41.776156
PS_01,polystyrene,779.0000,41.778084
PS_01,polystyrene,780.0000,41.780275
PS_01,polystyrene,781.0000,41.782728
PS_01,polystyrene,782.0000,41.785441
PS_01,polystyrene,783.0000,41.788412
PS_01,polystyrene,784.0000,41.791642
PS_01,polystyrene,785.0000,41.795129
PS_01,polystyrene,786.0000,41.798873
PS_01,polystyrene,787.0000,41.802872
PS_01,polystyrene,788.0000,41.807128
PS_01,polystyrene,789.0000,41.811639
PS_01,polystyrene,790.0000,41.816406
PS_01,polystyrene,791.0000,41.821429
PS_01,polystyrene,792.0000,41.826707
PS_01,polystyrene,793.0000,41.832242
PS_01,polystyrene,794.0000,41.838033
PS_01,polystyrene,795.0000,41.844081
PS_01,polystyrene,796.0000,41.850387
PS_01,polystyrene,797.0000,41.856953
PS_01,polystyrene,798.0000,41.863778
PS_01,polystyrene,799.0000,41.870864
PS_01,polystyrene,800.0000,41.878212
PS_01,polystyrene,801.0000,41.885824
PS_01,polystyrene,802.0000,41.893701
PS_01,polystyrene,803.0000,41.901845
PS_01,polystyrene,804.0000,41.910258
PS_01,polystyrene,805.0000,41.918941
PS_01,polystyrene,806.0000,41.927897
PS_01,polystyrene,807.0000,41.937128
PS_01,polystyrene,808.0000,41.946637
PS_01,polystyrene,809.0000,41.956425
PS_01,polystyrene,810.0000,41.966495
PS_01,polystyrene,811.0000,41.976851
PS_01,polystyrene,812.0000,41.987495
PS_01,polystyrene,813.0000,41.998431
PS_01,polystyrene,814.0000,42.009660
PS_01,polystyrene,815.0000,42.021188
PS_01,polystyrene,816.0000,42.033017
PS_01,polystyrene,817.0000,42.045152
PS_01,polystyrene,818.0000,42.057595
PS_01,polystyrene,819.0000,42.070352
PS_01,polystyrene,820.0000,42.083426
PS_01,polystyrene,821.0000,42.096822
PS_01,polystyrene,822.0000,42.110543
PS_01,polystyrene,823.0000,42.124596
PS_01,polystyrene,824.0000,42.138985
PS_01,polystyrene,825.0000,42.153715
PS_01,polystyrene,826.0000,42.168792
PS_01,polystyrene,827.0000,42.184220
PS_01,polystyrene,828.0000,42.200006
PS_01,polystyrene,829.0000,42.216156
PS_01,polystyrene,830.0000,42.232676
PS_01,polystyrene,831.0000,42.249571
PS_01,polystyrene,832.0000,42.266849
PS_01,polystyrene,833.0000,42.284517
PS_01,polystyrene,834.0000,42.302582
PS_01,polystyrene,835.0000,42.321050
PS_01,polystyrene,836.0000,42.339930
PS_01,polystyrene,837.0000,42.359230
PS_01,polystyrene,838.0000,42.378957
PS_01,polystyrene,839.0000,42.399120
PS_01,polystyrene,840.0000,42.419728
PS_01,polystyrene,841.0000,42.440790
PS_01,polystyrene,842.0000,42.462314
PS_01,polystyrene,843.0000,42.484311
PS_01,polystyrene,844.0000,42.506791
PS_01,polystyrene,845.0000,42.529764
PS_01,polystyrene,846.0000,42.553240
PS_01,polystyrene,847.0000,42.577231
PS_01,polystyrene,848.0000,42.601748
PS_01,polystyrene,849.0000,42.626803
PS_01,polystyrene,850.0000,42.652409
PS_01,polystyrene,851.0000,42.678576
PS_01,polystyrene,852.0000,42.705320
PS_01,polystyrene,853.0000,42.732653
PS_01,polystyrene,854.0000,42.760590
PS_01,polystyrene,855.0000,42.789145
PS_01,polystyrene,856.0000,42.818332
PS_01,polystyrene,857.0000,42.848169
PS_01,polystyrene,858.0000,42.878669
PS_01,polystyrene,859.0000,42.909852
PS_01,polystyrene,860.0000,42.941733
PS_01,polystyrene,861.0000,42.974330
PS_01,polystyrene,862.0000,43.007663
PS_01,polystyrene,863.0000,43.041750
PS_01,polystyrene,864.0000,43.076612
PS_01,polystyrene,865.0000,43.112268
PS_01,polystyrene,866.0000,43.148741
PS_01,polystyrene,867.0000,43.186052
PS_01,polystyrene,868.0000,43.224226
PS_01,polystyrene,869.0000,43.263285
PS_01,polystyrene,870.0000,43.303254
PS_01,polystyrene,871.0000,43.344160
PS_01,polystyrene,872.0000,43.386029
PS_01,polystyrene,873.0000,43.428889
PS_01,polystyrene,874.0000,43.472768
PS_01,polystyrene,875.0000,43.517698
PS_01,polystyrene,876.0000,43.563708
PS_01,polystyrene,877.0000,43.610831
PS_01,polystyrene,878.0000,43.659102
PS_01,polystyrene,879.0000,43.708555
PS_01,polystyrene,880.0000,43.759226
PS_01,polystyrene,881.0000,43.811154
PS_01,polystyrene,882.0000,43.864378
PS_01,polystyrene,883.0000,43.918939
PS_01,polystyrene,884.0000,43.974881
PS_01,polystyrene,885.0000,44.032247
PS_01,polystyrene,886.0000,44.091085
PS_01,polystyrene,887.0000,44.151443
PS_01,polystyrene,888.0000,44.213372
PS_01,polystyrene,889.0000,44.276924
PS_01,polystyrene,890.0000,44.342156
PS_01,polystyrene,891.0000,44.409123
PS_01,polystyrene,892.0000,44.477887
PS_01,polystyrene,893.0000,44.548511
PS_01,polystyrene,894.0000,44.621060
PS_01,polystyrene,895.0000,44.695603
PS_01,polystyrene,896.0000,44.772212
PS_01,polystyrene,897.0000,44.850963
PS_01,polystyrene,898.0000,44.931934
PS_01,polystyrene,899.0000,45.015207
PS_01,polystyrene,900.0000,45.100870
PS_01,polystyrene,901.0000,45.189014
PS_01,polystyrene,902.0000,45.279733
PS_01,polystyrene,903.0000,45.373127
PS_01,polystyrene,904.0000,45.469301
PS_01,polystyrene,905.0000,45.568366
PS_01,polystyrene,906.0000,45.670437
PS_01,polystyrene,907.0000,45.775637
PS_01,polystyrene,908.0000,45.884092
PS_01,polystyrene,909.0000,45.995939
PS_01,polystyrene,910.0000,46.111319
PS_01,polystyrene,911.0000,46.230382
PS_01,polystyrene,912.0000,46.353285
PS_01,polystyrene,913.0000,46.480196
PS_01,polystyrene,914.0000,46.611290
PS_01,polystyrene,915.0000,46.746753
PS_01,polystyrene,916.0000,46.886780
PS_01,polystyrene,917.0000,47.031580
PS_01,polystyrene,918.0000,47.181371
PS_01,polystyrene,919.0000,47.336387
PS_01,polystyrene,920.0000,47.496874
PS_01,polystyrene,921.0000,47.663093
PS_01,polystyrene,922.0000,47.835322
PS_01,polystyrene,923.0000,48.013855
PS_01,polystyrene,924.0000,48.199005
PS_01,polystyrene,925.0000,48.391104
PS_01,polystyrene,926.0000,48.590508
PS_01,polystyrene,927.0000,48.797593
PS_01,polystyrene,928.0000,49.012763
PS_01,polystyrene,929.0000,49.236445
PS_01,polystyrene,930.0000,49.469100
PS_01,polystyrene,931.0000,49.711217
PS_01,polystyrene,932.0000,49.963322
PS_01,polystyrene,933.0000,50.225975
PS_01,polystyrene,934.0000,50.499779
PS_01,polystyrene,935.0000,50.785381
PS_01,polystyrene,936.0000,51.083475
PS_01,polystyrene,937.0000,51.394808
PS_01,polystyrene,938.0000,51.720184
PS_01,polystyrene,939.0000,52.060470
PS_01,polystyrene,940.0000,52.416600
PS_01,polystyrene,941.0000,52.789585
PS_01,polystyrene,942.0000,53.180518
PS_01,polystyrene,943.0000,53.590582
PS_01,polystyrene,944.0000,54.021062
PS_01,polystyrene,945.0000,54.473351
PS_01,polystyrene,946.0000,54.948966
PS_01,polystyrene,947.0000,55.449559
PS_01,polystyrene,948.0000,55.976932
PS_01,polystyrene,949.0000,56.533052
PS_01,polystyrene,950.0000,57.120075
PS_01,polystyrene,951.0000,57.740360
PS_01,polystyrene,952.0000,58.396501
PS_01,polystyrene,953.0000,59.091350
PS_01,polystyrene,954.0000,59.828051
PS_01,polystyrene,955.0000,60.610073
PS_01,polystyrene,956.0000,61.441259
PS_01,polystyrene,957.0000,62.325866
PS_01,polystyrene,958.0000,63.268626
PS_01,polystyrene,959.0000,64.274812
PS_01,polystyrene,960.0000,65.350306
PS_01,polystyrene,961.0000,66.501694
PS_01,polystyrene,962.0000,67.736365
PS_01,polystyrene,963.0000,69.062632
PS_01,polystyrene,964.0000,70.489873
PS_01,polystyrene,965.0000,72.028703
PS_01,polystyrene,966.0000,73.691164
PS_01,polystyrene,967.0000,75.490971
PS_01,polystyrene,968.0000,77.443791
PS_01,polystyrene,969.0000,79.567586
PS_01,polystyrene,970.0000,81.883024
PS_01,polystyrene,971.0000,84.413976
PS_01,polystyrene,972.0000,87.188129
PS_01,polystyrene,973.0000,90.237727
PS_01,polystyrene,974.0000,93.600490
PS_01,polystyrene,975.0000,97.320748
PS_01,polystyrene,976.0000,101.450858
PS_01,polystyrene,977.0000,106.052967
PS_01,polystyrene,978.0000,111.201241
PS_01,polystyrene,979.0000,116.984680
PS_01,polystyrene,980.0000,123.510706
PS_01,polystyrene,981.0000,130.909756
PS_01,polystyrene,982.0000,139.341184
PS_01,polystyrene,983.0000,149.000901
PS_01,polystyrene,984.0000,160.131278
PS_01,polystyrene,985.0000,173.034013
PS_01,polystyrene,986.0000,188.086834
PS_01,polystyrene,987.0000,205.765076
PS_01,polystyrene,988.0000,226.669178
PS_01,polystyrene,989.0000,251.558861
PS_01,polystyrene,990.0000,281.393454
PS_01,polystyrene,991.0000,317.374483
PS_01,polystyrene,992.0000,360.978616
PS_01,polystyrene,993.0000,413.951633
PS_01,polystyrene,994.0000,478.198980
PS_01,polystyrene,995.0000,555.445772
PS_01,polystyrene,996.0000,646.450611
PS_01,polystyrene,997.0000,749.507311
PS_01,polystyrene,998.0000,858.192993
PS_01,polystyrene,999.0000,959.276436
PS_01,polystyrene,1000.0000,1033.434028
PS_01,polystyrene,1001.0000,1061.759698
PS_01,polystyrene,1002.0000,1036.160260
PS_01,polystyrene,1003.0000,964.761224
PS_01,polystyrene,1004.0000,866.501894
PS_01,polystyrene,1005.0000,760.740980
PS_01,polystyrene,1006.0000,660.747707
PS_01,polystyrene,1007.0000,572.987063
PS_01,polystyrene,1008.0000,499.212851
PS_01,polystyrene,1009.0000,438.721294
PS_01,polystyrene,1010.0000,389.851403
PS_01,polystyrene,1011.0000,350.773793
PS_01,polystyrene,1012.0000,319.834009
PS_01,polystyrene,1013.0000,295.666235
PS_01,polystyrene,1014.0000,277.204837
PS_01,polystyrene,1015.0000,263.658533
PS_01,polystyrene,1016.0000,254.477031
PS_01,polystyrene,1017.0000,249.322588
PS_01,polystyrene,1018.0000,248.050985
PS_01,polystyrene,1019.0000,250.702830
PS_01,polystyrene,1020.0000,257.504168
PS_01,polystyrene,1021.0000,268.873198
PS_01,polystyrene,1022.0000,285.425515
PS_01,polystyrene,1023.0000,307.960868
PS_01,polystyrene,1024.0000,337.395303
PS_01,polystyrene,1025.0000,374.568225
PS_01,polystyrene,1026.0000,419.805350
PS_01,polystyrene,1027.0000,472.091014
PS_01,polystyrene,1028.0000,527.826726
PS_01,polystyrene,1029.0000,579.678449
PS_01,polystyrene,1030.0000,616.968478
PS_01,polystyrene,1031.0000,629.254354
PS_01,polystyrene,1032.0000,612.044987
PS_01,polystyrene,1033.0000,569.772715
PS_01,polystyrene,1034.0000,512.819597
PS_01,polystyrene,1035.0000,451.799544
PS_01,polystyrene,1036.0000,393.977514
PS_01,polystyrene,1037.0000,342.875459
PS_01,polystyrene,1038.0000,299.422487
PS_01,polystyrene,1039.0000,263.193222
PS_01,polystyrene,1040.0000,233.231685
PS_01,polystyrene,1041.0000,208.483562
PS_01,polystyrene,1042.0000,187.983084
PS_01,polystyrene,1043.0000,170.913124
PS_01,polystyrene,1044.0000,156.608433
PS_01,polystyrene,1045.0000,144.537447
PS_01,polystyrene,1046.0000,134.278807
PS_01,polystyrene,1047.0000,125.499122
PS_01,polystyrene,1048.0000,117.934133
PS_01,polystyrene,1049.0000,111.373547
PS_01,polystyrene,1050.0000,105.649139
PS_01,polystyrene,1051.0000,100.625536
PS_01,polystyrene,1052.0000,96.193116
PS_01,polystyrene,1053.0000,92.262536
PS_01,polystyrene,1054.0000,88.760518
PS_01,polystyrene,1055.0000,85.626579
PS_01,polystyrene,1056.0000,82.810495
PS_01,polystyrene,1057.0000,80.270314
PS_01,polystyrene,1058.0000,77.970793
PS_01,polystyrene,1059.0000,75.882169
PS_01,polystyrene,1060.0000,73.979173
PS_01,polystyrene,1061.0000,72.240247
PS_01,polystyrene,1062.0000,70.646914
PS_01,polystyrene,1063.0000,69.183263
PS_01,polystyrene,1064.0000,67.835541
PS_01,polystyrene,1065.0000,66.591804
PS_01,polystyrene,1066.0000,65.441646
PS_01,polystyrene,1067.0000,64.375966
PS_01,polystyrene,1068.0000,63.386776
PS_01,polystyrene,1069.0000,62.467042
PS_01,polystyrene,1070.0000,61.610552
PS_01,polystyrene,1071.0000,60.811805
PS_01,polystyrene,1072.0000,60.065914
PS_01,polystyrene,1073.0000,59.368526
PS_01,polystyrene,1074.0000,58.715757
PS_01,polystyrene,1075.0000,58.104131
PS_01,polystyrene,1076.0000,57.530532
PS_01,polystyrene,1077.0000,56.992163
PS_01,polystyrene,1078.0000,56.486505
PS_01,polystyrene,1079.0000,56.011288
PS_01,polystyrene,1080.0000,55.564466
PS_01,polystyrene,1081.0000,55.144188
PS_01,polystyrene,1082.0000,54.748781
PS_01,polystyrene,1083.0000,54.376733
PS_01,polystyrene,1084.0000,54.026672
PS_01,polystyrene,1085.0000,53.697361
PS_01,polystyrene,1086.0000,53.387676
PS_01,polystyrene,1087.0000,53.096604
PS_01,polystyrene,1088.0000,52.823229
PS_01,polystyrene,1089.0000,52.566727
PS_01,polystyrene,1090.0000,52.326355
PS_01,polystyrene,1091.0000,52.101453
PS_01,polystyrene,1092.0000,51.891428
PS_01,polystyrene,1093.0000,51.695760
PS_01,polystyrene,1094.0000,51.513991
PS_01,polystyrene,1095.0000,51.345727
PS_01,polystyrene,1096.0000,51.190632
PS_01,polystyrene,1097.0000,51.048428
PS_01,polystyrene,1098.0000,50.918893
PS_01,polystyrene,1099.0000,50.801863
PS_01,polystyrene,1100.0000,50.697227
PS_01,polystyrene,1101.0000,50.604930
PS_01,polystyrene,1102.0000,50.524977
PS_01,polystyrene,1103.0000,50.457429
PS_01,polystyrene,1104.0000,50.402408
PS_01,polystyrene,1105.0000,50.360102
PS_01,polystyrene,1106.0000,50.330764
PS_01,polystyrene,1107.0000,50.314721
PS_01,polystyrene,1108.0000,50.312378
PS_01,polystyrene,1109.0000,50.324224
PS_01,polystyrene,1110.0000,50.350840
PS_01,polystyrene,1111.0000,50.392911
PS_01,polystyrene,1112.0000,50.451235
PS_01,polystyrene,1113.0000,50.526734
PS_01,polystyrene,1114.0000,50.620475
PS_01,polystyrene,1115.0000,50.733684
PS_01,polystyrene,1116.0000,50.867769
PS_01,polystyrene,1117.0000,51.024347
PS_01,polystyrene,1118.0000,51.205269
PS_01,polystyrene,1119.0000,51.412665
PS_01,polystyrene,1120.0000,51.648978
PS_01,polystyrene,1121.0000,51.917018
PS_01,polystyrene,1122.0000,52.220029
PS_01,polystyrene,1123.0000,52.561753
PS_01,polystyrene,1124.0000,52.946528
PS_01,polystyrene,1125.0000,53.379393
PS_01,polystyrene,1126.0000,53.866221
PS_01,polystyrene,1127.0000,54.413881
PS_01,polystyrene,1128.0000,55.030441
PS_01,polystyrene,1129.0000,55.725414
PS_01,polystyrene,1130.0000,56.510068
PS_01,polystyrene,1131.0000,57.397812
PS_01,polystyrene,1132.0000,58.404688
PS_01,polystyrene,1133.0000,59.549982
PS_01,polystyrene,1134.0000,60.857017
PS_01,polystyrene,1135.0000,62.354156
PS_01,polystyrene,1136.0000,64.076099
PS_01,polystyrene,1137.0000,66.065564
PS_01,polystyrene,1138.0000,68.375455
PS_01,polystyrene,1139.0000,71.071694
PS_01,polystyrene,1140.0000,74.236887
PS_01,polystyrene,1141.0000,77.975067
PS_01,polystyrene,1142.0000,82.417737
PS_01,polystyrene,1143.0000,87.731380
PS_01,polystyrene,1144.0000,94.126321
PS_01,polystyrene,1145.0000,101.866087
PS_01,polystyrene,1146.0000,111.274646
PS_01,polystyrene,1147.0000,122.735059
PS_01,polystyrene,1148.0000,136.665389
PS_01,polystyrene,1149.0000,153.443884
PS_01,polystyrene,1150.0000,173.235987
PS_01,polystyrene,1151.0000,195.664692
PS_01,polystyrene,1152.0000,219.315087
PS_01,polystyrene,1153.0000,241.274156
PS_01,polystyrene,1154.0000,257.288230
PS_01,polystyrene,1155.0000,263.195122
PS_01,polystyrene,1156.0000,257.211020
PS_01,polystyrene,1157.0000,241.119684
PS_01,polystyrene,1158.0000,219.083251
PS_01,polystyrene,1159.0000,195.355336
PS_01,polystyrene,1160.0000,172.848905
PS_01,polystyrene,1161.0000,152.978816
PS_01,polystyrene,1162.0000,136.122024
PS_01,polystyrene,1163.0000,122.113031
PS_01,polystyrene,1164.0000,110.573537
PS_01,polystyrene,1165.0000,101.085423
PS_01,polystyrene,1166.0000,93.265572
PS_01,polystyrene,1167.0000,86.789961
PS_01,polystyrene,1168.0000,81.395005
PS_01,polystyrene,1169.0000,76.870320
PS_01,polystyrene,1170.0000,73.049364
PS_01,polystyrene,1171.0000,69.800572
PS_01,polystyrene,1172.0000,67.019850
PS_01,polystyrene,1173.0000,64.624526
PS_01,polystyrene,1174.0000,62.548614
PS_01,polystyrene,1175.0000,60.739139
PS_01,polystyrene,1176.0000,59.153318
PS_01,polystyrene,1177.0000,57.756375
PS_01,polystyrene,1178.0000,56.519875
PS_01,polystyrene,1179.0000,55.420417
PS_01,polystyrene,1180.0000,54.438636
PS_01,polystyrene,1181.0000,53.558409
PS_01,polystyrene,1182.0000,52.766241
PS_01,polystyrene,1183.0000,52.050775
PS_01,polystyrene,1184.0000,51.402406
PS_01,polystyrene,1185.0000,50.812972
PS_01,polystyrene,1186.0000,50.275502
PS_01,polystyrene,1187.0000,49.784021
PS_01,polystyrene,1188.0000,49.333381
PS_01,polystyrene,1189.0000,48.919132
PS_01,polystyrene,1190.0000,48.537410
PS_01,polystyrene,1191.0000,48.184852
PS_01,polystyrene,1192.0000,47.858515
PS_01,polystyrene,1193.0000,47.555821
PS_01,polystyrene,1194.0000,47.274498
PS_01,polystyrene,1195.0000,47.012543
PS_01,polystyrene,1196.0000,46.768184
PS_01,polystyrene,1197.0000,46.539845
PS_01,polystyrene,1198.0000,46.326126
PS_01,polystyrene,1199.0000,46.125777
PS_01,polystyrene,1200.0000,45.937679
PS_01,polystyrene,1201.0000,45.760830
PS_01,polystyrene,1202.0000,45.594328
PS_01,polystyrene,1203.0000,45.437363
PS_01,polystyrene,1204.0000,45.289201
PS_01,polystyrene,1205.0000,45.149180
PS_01,polystyrene,1206.0000,45.016699
PS_01,polystyrene,1207.0000,44.891215
PS_01,polystyrene,1208.0000,44.772230
PS_01,polystyrene,1209.0000,44.659293
PS_01,polystyrene,1210.0000,44.551992
PS_01,polystyrene,1211.0000,44.449950
PS_01,polystyrene,1212.0000,44.352823
PS_01,polystyrene,1213.0000,44.260292
PS_01,polystyrene,1214.0000,44.172069
PS_01,polystyrene,1215.0000,44.087885
PS_01,polystyrene,1216.0000,44.007494
PS_01,polystyrene,1217.0000,43.930670
PS_01,polystyrene,1218.0000,43.857203
PS_01,polystyrene,1219.0000,43.786898
PS_01,polystyrene,1220.0000,43.719577
PS_01,polystyrene,1221.0000,43.655074
PS_01,polystyrene,1222.0000,43.593233
PS_01,polystyrene,1223.0000,43.533911
PS_01,polystyrene,1224.0000,43.476976
PS_01,polystyrene,1225.0000,43.422303
PS_01,polystyrene,1226.0000,43.369776
PS_01,polystyrene,1227.0000,43.319288
PS_01,polystyrene,1228.0000,43.270739
PS_01,polystyrene,1229.0000,43.224033
PS_01,polystyrene,1230.0000,43.179083
PS_01,polystyrene,1231.0000,43.135807
PS_01,polystyrene,1232.0000,43.094127
PS_01,polystyrene,1233.0000,43.053971
PS_01,polystyrene,1234.0000,43.015272
PS_01,polystyrene,1235.0000,42.977964
PS_01,polystyrene,1236.0000,42.941990
PS_01,polystyrene,1237.0000,42.907291
PS_01,polystyrene,1238.0000,42.873815
PS_01,polystyrene,1239.0000,42.841512
PS_01,polystyrene,1240.0000,42.810336
PS_01,polystyrene,1241.0000,42.780241
PS_01,polystyrene,1242.0000,42.751185
PS_01,polystyrene,1243.0000,42.723130
PS_01,polystyrene,1244.0000,42.696038
PS_01,polystyrene,1245.0000,42.669873
PS_01,polystyrene,1246.0000,42.644602
PS_01,polystyrene,1247.0000,42.620194
PS_01,polystyrene,1248.0000,42.596619
PS_01,polystyrene,1249.0000,42.573848
PS_01,polystyrene,1250.0000,42.551855
PS_01,polystyrene,1251.0000,42.530614
PS_01,polystyrene,1252.0000,42.510102
PS_01,polystyrene,1253.0000,42.490295
PS_01,polystyrene,1254.0000,42.471172
PS_01,polystyrene,1255.0000,42.452713
PS_01,polystyrene,1256.0000,42.434897
PS_01,polystyrene,1257.0000,42.417707
PS_01,polystyrene,1258.0000,42.401125
PS_01,polystyrene,1259.0000,42.385135
PS_01,polystyrene,1260.0000,42.369720
PS_01,polystyrene,1261.0000,42.354866
PS_01,polystyrene,1262.0000,42.340559
PS_01,polystyrene,1263.0000,42.326784
PS_01,polystyrene,1264.0000,42.313530
PS_01,polystyrene,1265.0000,42.300784
PS_01,polystyrene,1266.0000,42.288535
PS_01,polystyrene,1267.0000,42.276772
PS_01,polystyrene,1268.0000,42.265484
PS_01,polystyrene,1269.0000,42.254662
PS_01,polystyrene,1270.0000,42.244296
PS_01,polystyrene,1271.0000,42.234379
PS_01,polystyrene,1272.0000,42.224900
PS_01,polystyrene,1273.0000,42.215854
PS_01,polystyrene,1274.0000,42.207231
PS_01,polystyrene,1275.0000,42.199026
PS_01,polystyrene,1276.0000,42.191232
PS_01,polystyrene,1277.0000,42.183843
PS_01,polystyrene,1278.0000,42.176852
PS_01,polystyrene,1279.0000,42.170256
PS_01,polystyrene,1280.0000,42.164048
PS_01,polystyrene,1281.0000,42.158224
PS_01,polystyrene,1282.0000,42.152779
PS_01,polystyrene,1283.0000,42.147711
PS_01,polystyrene,1284.0000,42.143014
PS_01,polystyrene,1285.0000,42.138686
PS_01,polystyrene,1286.0000,42.134724
PS_01,polystyrene,1287.0000,42.131125
PS_01,polystyrene,1288.0000,42.127886
PS_01,polystyrene,1289.0000,42.125005
PS_01,polystyrene,1290.0000,42.122481
PS_01,polystyrene,1291.0000,42.120312
PS_01,polystyrene,1292.0000,42.118497
PS_01,polystyrene,1293.0000,42.117034
PS_01,polystyrene,1294.0000,42.115922
PS_01,polystyrene,1295.0000,42.115162
PS_01,polystyrene,1296.0000,42.114753
PS_01,polystyrene,1297.0000,42.114695
PS_01,polystyrene,1298.0000,42.114989
PS_01,polystyrene,1299.0000,42.115634
PS_01,polystyrene,1300.0000,42.116632
PS_01,polystyrene,1301.0000,42.117985
PS_01,polystyrene,1302.0000,42.119692
PS_01,polystyrene,1303.0000,42.121756
PS_01,polystyrene,1304.0000,42.124179
PS_01,polystyrene,1305.0000,42.126964
PS_01,polystyrene,1306.0000,42.130112
PS_01,polystyrene,1307.0000,42.133626
PS_01,polystyrene,1308.0000,42.137509
PS_01,polystyrene,1309.0000,42.141765
PS_01,polystyrene,1310.0000,42.146398
PS_01,polystyrene,1311.0000,42.151411
PS_01,polystyrene,1312.0000,42.156809
PS_01,polystyrene,1313.0000,42.162595
PS_01,polystyrene,1314.0000,42.168776
PS_01,polystyrene,1315.0000,42.175356
PS_01,polystyrene,1316.0000,42.182341
PS_01,polystyrene,1317.0000,42.189737
PS_01,polystyrene,1318.0000,42.197550
PS_01,polystyrene,1319.0000,42.205787
PS_01,polystyrene,1320.0000,42.214455
PS_01,polystyrene,1321.0000,42.223562
PS_01,polystyrene,1322.0000,42.233115
PS_01,polystyrene,1323.0000,42.243123
PS_01,polystyrene,1324.0000,42.253594
PS_01,polystyrene,1325.0000,42.264538
PS_01,polystyrene,1326.0000,42.275964
PS_01,polystyrene,1327.0000,42.287883
PS_01,polystyrene,1328.0000,42.300306
PS_01,polystyrene,1329.0000,42.313243
PS_01,polystyrene,1330.0000,42.326707
PS_01,polystyrene,1331.0000,42.340710
PS_01,polystyrene,1332.0000,42.355265
PS_01,polystyrene,1333.0000,42.370387
PS_01,polystyrene,1334.0000,42.386089
PS_01,polystyrene,1335.0000,42.402386
PS_01,polystyrene,1336.0000,42.419295
PS_01,polystyrene,1337.0000,42.436831
PS_01,polystyrene,1338.0000,42.455014
PS_01,polystyrene,1339.0000,42.473860
PS_01,polystyrene,1340.0000,42.493389
PS_01,polystyrene,1341.0000,42.513621
PS_01,polystyrene,1342.0000,42.534578
PS_01,polystyrene,1343.0000,42.556282
PS_01,polystyrene,1344.0000,42.578756
PS_01,polystyrene,1345.0000,42.602024
PS_01,polystyrene,1346.0000,42.626113
PS_01,polystyrene,1347.0000,42.651049
PS_01,polystyrene,1348.0000,42.676861
PS_01,polystyrene,1349.0000,42.703578
PS_01,polystyrene,1350.0000,42.731233
PS_01,polystyrene,1351.0000,42.759858
PS_01,polystyrene,1352.0000,42.789488
PS_01,polystyrene,1353.0000,42.820159
PS_01,polystyrene,1354.0000,42.851911
PS_01,polystyrene,1355.0000,42.884784
PS_01,polystyrene,1356.0000,42.918820
PS_01,polystyrene,1357.0000,42.954065
PS_01,polystyrene,1358.0000,42.990566
PS_01,polystyrene,1359.0000,43.028374
PS_01,polystyrene,1360.0000,43.067542
PS_01,polystyrene,1361.0000,43.108126
PS_01,polystyrene,1362.0000,43.150184
PS_01,polystyrene,1363.0000,43.193781
PS_01,polystyrene,1364.0000,43.238981
PS_01,polystyrene,1365.0000,43.285856
PS_01,polystyrene,1366.0000,43.334479
PS_01,polystyrene,1367.0000,43.384930
PS_01,polystyrene,1368.0000,43.437291
PS_01,polystyrene,1369.0000,43.491653
PS_01,polystyrene,1370.0000,43.548110
PS_01,polystyrene,1371.0000,43.606760
PS_01,polystyrene,1372.0000,43.667712
PS_01,polystyrene,1373.0000,43.731079
PS_01,polystyrene,1374.0000,43.796982
PS_01,polystyrene,1375.0000,43.865549
PS_01,polystyrene,1376.0000,43.936918
PS_01,polystyrene,1377.0000,44.011237
PS_01,polystyrene,1378.0000,44.088662
PS_01,polystyrene,1379.0000,44.169361
PS_01,polystyrene,1380.0000,44.253515
PS_01,polystyrene,1381.0000,44.341315
PS_01,polystyrene,1382.0000,44.432969
PS_01,polystyrene,1383.0000,44.528699
PS_01,polystyrene,1384.0000,44.628744
PS_01,polystyrene,1385.0000,44.733360
PS_01,polystyrene,1386.0000,44.842824
PS_01,polystyrene,1387.0000,44.957435
PS_01,polystyrene,1388.0000,45.077514
PS_01,polystyrene,1389.0000,45.203410
PS_01,polystyrene,1390.0000,45.335499
PS_01,polystyrene,1391.0000,45.474190
PS_01,polystyrene,1392.0000,45.619925
PS_01,polystyrene,1393.0000,45.773186
PS_01,polystyrene,1394.0000,45.934496
PS_01,polystyrene,1395.0000,46.104425
PS_01,polystyrene,1396.0000,46.283595
PS_01,polystyrene,1397.0000,46.472687
PS_01,polystyrene,1398.0000,46.672443
PS_01,polystyrene,1399.0000,46.883679
PS_01,polystyrene,1400.0000,47.107291
PS_01,polystyrene,1401.0000,47.344263
PS_01,polystyrene,1402.0000,47.595681
PS_01,polystyrene,1403.0000,47.862741
PS_01,polystyrene,1404.0000,48.146770
PS_01,polystyrene,1405.0000,48.449236
PS_01,polystyrene,1406.0000,48.771769
PS_01,polystyrene,1407.0000,49.116186
PS_01,polystyrene,1408.0000,49.484512
PS_01,polystyrene,1409.0000,49.879011
PS_01,polystyrene,1410.0000,50.302224
PS_01,polystyrene,1411.0000,50.757002
PS_01,polystyrene,1412.0000,51.246563
PS_01,polystyrene,1413.0000,51.774539
PS_01,polystyrene,1414.0000,52.345049
PS_01,polystyrene,1415.0000,52.962773
PS_01,polystyrene,1416.0000,53.633050
PS_01,polystyrene,1417.0000,54.361988
PS_01,polystyrene,1418.0000,55.156598
PS_01,polystyrene,1419.0000,56.024962
PS_01,polystyrene,1420.0000,56.976426
PS_01,polystyrene,1421.0000,58.021846
PS_01,polystyrene,1422.0000,59.173881
PS_01,polystyrene,1423.0000,60.447361
PS_01,polystyrene,1424.0000,61.859736
PS_01,polystyrene,1425.0000,63.431642
PS_01,polystyrene,1426.0000,65.187601
PS_01,polystyrene,1427.0000,67.156912
PS_01,polystyrene,1428.0000,69.374774
PS_01,polystyrene,1429.0000,71.883714
PS_01,polystyrene,1430.0000,74.735420
PS_01,polystyrene,1431.0000,77.993102
PS_01,polystyrene,1432.0000,81.734534
PS_01,polystyrene,1433.0000,86.056014
PS_01,polystyrene,1434.0000,91.077501
PS_01,polystyrene,1435.0000,96.949286
PS_01,polystyrene,1436.0000,103.860616
PS_01,polystyrene,1437.0000,112.050676
PS_01,polystyrene,1438.0000,121.822251
PS_01,polystyrene,1439.0000,133.557837
PS_01,polystyrene,1440.0000,147.736656
PS_01,polystyrene,1441.0000,164.947818
PS_01,polystyrene,1442.0000,185.887876
PS_01,polystyrene,1443.0000,211.317022
PS_01,polystyrene,1444.0000,241.923049
PS_01,polystyrene,1445.0000,278.006835
PS_01,polystyrene,1446.0000,318.882981
PS_01,polystyrene,1447.0000,361.978989
PS_01,polystyrene,1448.0000,401.998528
PS_01,polystyrene,1449.0000,431.207723
PS_01,polystyrene,1450.0000,442.039018
PS_01,polystyrene,1451.0000,431.249182
PS_01,polystyrene,1452.0000,402.081474
PS_01,polystyrene,1453.0000,362.103473
PS_01,polystyrene,1454.0000,319.049082
PS_01,polystyrene,1455.0000,278.214660
PS_01,polystyrene,1456.0000,242.172730
PS_01,polystyrene,1457.0000,211.608719
PS_01,polystyrene,1458.0000,186.221775
PS_01,polystyrene,1459.0000,165.324132
PS_01,polystyrene,1460.0000,148.155628
PS_01,polystyrene,1461.0000,134.019737
PS_01,polystyrene,1462.0000,122.327378
PS_01,polystyrene,1463.0000,112.599357
PS_01,polystyrene,1464.0000,104.453208
PS_01,polystyrene,1465.0000,97.586177
PS_01,polystyrene,1466.0000,91.759108
PS_01,polystyrene,1467.0000,86.782787
PS_01,polystyrene,1468.0000,82.506954
PS_01,polystyrene,1469.0000,78.811683
PS_01,polystyrene,1470.0000,75.600711
PS_01,polystyrene,1471.0000,72.796296
PS_01,polystyrene,1472.0000,70.335266
PS_01,polystyrene,1473.0000,68.165969
PS_01,polystyrene,1474.0000,66.245914
PS_01,polystyrene,1475.0000,64.539943
PS_01,polystyrene,1476.0000,63.018797
PS_01,polystyrene,1477.0000,61.657993
PS_01,polystyrene,1478.0000,60.436940
PS_01,polystyrene,1479.0000,59.338232
PS_01,polystyrene,1480.0000,58.347085
PS_01,polystyrene,1481.0000,57.450886
PS_01,polystyrene,1482.0000,56.638831
PS_01,polystyrene,1483.0000,55.901624
PS_01,polystyrene,1484.0000,55.231237
PS_01,polystyrene,1485.0000,54.620713
PS_01,polystyrene,1486.0000,54.064003
PS_01,polystyrene,1487.0000,53.555830
PS_01,polystyrene,1488.0000,53.091574
PS_01,polystyrene,1489.0000,52.667184
PS_01,polystyrene,1490.0000,52.279095
PS_01,polystyrene,1491.0000,51.924164
PS_01,polystyrene,1492.0000,51.599611
PS_01,polystyrene,1493.0000,51.302978
PS_01,polystyrene,1494.0000,51.032082
PS_01,polystyrene,1495.0000,50.784983
PS_01,polystyrene,1496.0000,50.559958
PS_01,polystyrene,1497.0000,50.355472
PS_01,polystyrene,1498.0000,50.170155
PS_01,polystyrene,1499.0000,50.002790
PS_01,polystyrene,1500.0000,49.852290
PS_01,polystyrene,1501.0000,49.717688
PS_01,polystyrene,1502.0000,49.598122
PS_01,polystyrene,1503.0000,49.492829
PS_01,polystyrene,1504.0000,49.401131
PS_01,polystyrene,1505.0000,49.322431
PS_01,polystyrene,1506.0000,49.256203
PS_01,polystyrene,1507.0000,49.201991
PS_01,polystyrene,1508.0000,49.159397
PS_01,polystyrene,1509.0000,49.128082
PS_01,polystyrene,1510.0000,49.107762
PS_01,polystyrene,1511.0000,49.098200
PS_01,polystyrene,1512.0000,49.099210
PS_01,polystyrene,1513.0000,49.110651
PS_01,polystyrene,1514.0000,49.132425
PS_01,polystyrene,1515.0000,49.164479
PS_01,polystyrene,1516.0000,49.206798
PS_01,polystyrene,1517.0000,49.259413
PS_01,polystyrene,1518.0000,49.322392
PS_01,polystyrene,1519.0000,49.395847
PS_01,polystyrene,1520.0000,49.479930
PS_01,polystyrene,1521.0000,49.574836
PS_01,polystyrene,1522.0000,49.680806
PS_01,polystyrene,1523.0000,49.798123
PS_01,polystyrene,1524.0000,49.927120
PS_01,polystyrene,1525.0000,50.068180
PS_01,polystyrene,1526.0000,50.221738
PS_01,polystyrene,1527.0000,50.388286
PS_01,polystyrene,1528.0000,50.568375
PS_01,polystyrene,1529.0000,50.762624
PS_01,polystyrene,1530.0000,50.971721
PS_01,polystyrene,1531.0000,51.196430
PS_01,polystyrene,1532.0000,51.437599
PS_01,polystyrene,1533.0000,51.696167
PS_01,polystyrene,1534.0000,51.973176
PS_01,polystyrene,1535.0000,52.269778
PS_01,polystyrene,1536.0000,52.587248
PS_01,polystyrene,1537.0000,52.926998
PS_01,polystyrene,1538.0000,53.290596
PS_01,polystyrene,1539.0000,53.679777
PS_01,polystyrene,1540.0000,54.096472
PS_01,polystyrene,1541.0000,54.542827
PS_01,polystyrene,1542.0000,55.021233
PS_01,polystyrene,1543.0000,55.534359
PS_01,polystyrene,1544.0000,56.085191
PS_01,polystyrene,1545.0000,56.677073
PS_01,polystyrene,1546.0000,57.313762
PS_01,polystyrene,1547.0000,57.999491
PS_01,polystyrene,1548.0000,58.739039
PS_01,polystyrene,1549.0000,59.537818
PS_01,polystyrene,1550.0000,60.401976
PS_01,polystyrene,1551.0000,61.338519
PS_01,polystyrene,1552.0000,62.355462
PS_01,polystyrene,1553.0000,63.462002
PS_01,polystyrene,1554.0000,64.668739
PS_01,polystyrene,1555.0000,65.987937
PS_01,polystyrene,1556.0000,67.433848
PS_01,polystyrene,1557.0000,69.023110
PS_01,polystyrene,1558.0000,70.775241
PS_01,polystyrene,1559.0000,72.713253
PS_01,polystyrene,1560.0000,74.864426
PS_01,polystyrene,1561.0000,77.261276
PS_01,polystyrene,1562.0000,79.942794
PS_01,polystyrene,1563.0000,82.956014
PS_01,polystyrene,1564.0000,86.358039
PS_01,polystyrene,1565.0000,90.218635
PS_01,polystyrene,1566.0000,94.623601
PS_01,polystyrene,1567.0000,99.679130
PS_01,polystyrene,1568.0000,105.517459
PS_01,polystyrene,1569.0000,112.304154
PS_01,polystyrene,1570.0000,120.247385
PS_01,polystyrene,1571.0000,129.609446
PS_01,polystyrene,1572.0000,140.720356
PS_01,polystyrene,1573.0000,153.992272
PS_01,polystyrene,1574.0000,169.930805
PS_01,polystyrene,1575.0000,189.133569
PS_01,polystyrene,1576.0000,212.254743
PS_01,polystyrene,1577.0000,239.893710
PS_01,polystyrene,1578.0000,272.336681
PS_01,polystyrene,1579.0000,309.063585
PS_01,polystyrene,1580.0000,348.006641
PS_01,polystyrene,1581.0000,384.862264
PS_01,polystyrene,1582.0000,413.330096
PS_01,polystyrene,1583.0000,427.264848
PS_01,polystyrene,1584.0000,424.111376
PS_01,polystyrene,1585.0000,406.694599
PS_01,polystyrene,1586.0000,381.443676
PS_01,polystyrene,1587.0000,354.971999
PS_01,polystyrene,1588.0000,331.942362
PS_01,polystyrene,1589.0000,314.847804
PS_01,polystyrene,1590.0000,304.723085
PS_01,polystyrene,1591.0000,301.912835
PS_01,polystyrene,1592.0000,306.592412
PS_01,polystyrene,1593.0000,319.047764
PS_01,polystyrene,1594.0000,339.783880
PS_01,polystyrene,1595.0000,369.493028
PS_01,polystyrene,1596.0000,408.845913
PS_01,polystyrene,1597.0000,457.993324
PS_01,polystyrene,1598.0000,515.623082
PS_01,polystyrene,1599.0000,577.550469
PS_01,polystyrene,1600.0000,635.410028
PS_01,polystyrene,1601.0000,677.090243
PS_01,polystyrene,1602.0000,690.762421
PS_01,polystyrene,1603.0000,671.320091
PS_01,polystyrene,1604.0000,623.726115
PS_01,polystyrene,1605.0000,559.658079
PS_01,polystyrene,1606.0000,491.060867
PS_01,polystyrene,1607.0000,426.108726
PS_01,polystyrene,1608.0000,368.760009
PS_01,polystyrene,1609.0000,320.052929
PS_01,polystyrene,1610.0000,279.500910
PS_01,polystyrene,1611.0000,246.020868
PS_01,polystyrene,1612.0000,218.420125
PS_01,polystyrene,1613.0000,195.606804
PS_01,polystyrene,1614.0000,176.657358
PS_01,polystyrene,1615.0000,160.820049
PS_01,polystyrene,1616.0000,147.494312
PS_01,polystyrene,1617.0000,136.204178
PS_01,polystyrene,1618.0000,126.573138
PS_01,polystyrene,1619.0000,118.302834
PS_01,polystyrene,1620.0000,111.155922
PS_01,polystyrene,1621.0000,104.942616
PS_01,polystyrene,1622.0000,99.510269
PS_01,polystyrene,1623.0000,94.735344
PS_01,polystyrene,1624.0000,90.517225
PS_01,polystyrene,1625.0000,86.773452
PS_01,polystyrene,1626.0000,83.436021
PS_01,polystyrene,1627.0000,80.448518
PS_01,polystyrene,1628.0000,77.763867
PS_01,polystyrene,1629.0000,75.342569
PS_01,polystyrene,1630.0000,73.151303
PS_01,polystyrene,1631.0000,71.161818
PS_01,polystyrene,1632.0000,69.350044
PS_01,polystyrene,1633.0000,67.695377
PS_01,polystyrene,1634.0000,66.180106
PS_01,polystyrene,1635.0000,64.788938
PS_01,polystyrene,1636.0000,63.508615
PS_01,polystyrene,1637.0000,62.327604
PS_01,polystyrene,1638.0000,61.235831
PS_01,polystyrene,1639.0000,60.224467
PS_01,polystyrene,1640.0000,59.285750
PS_01,polystyrene,1641.0000,58.412834
PS_01,polystyrene,1642.0000,57.599660
PS_01,polystyrene,1643.0000,56.840853
PS_01,polystyrene,1644.0000,56.131631
PS_01,polystyrene,1645.0000,55.467727
PS_01,polystyrene,1646.0000,54.845324
PS_01,polystyrene,1647.0000,54.261001
PS_01,polystyrene,1648.0000,53.711684
PS_01,polystyrene,1649.0000,53.194602
PS_01,polystyrene,1650.0000,52.707255
PS_01,polystyrene,1651.0000,52.247384
PS_01,polystyrene,1652.0000,51.812937
PS_01,polystyrene,1653.0000,51.402055
PS_01,polystyrene,1654.0000,51.013044
PS_01,polystyrene,1655.0000,50.644361
PS_01,polystyrene,1656.0000,50.294598
PS_01,polystyrene,1657.0000,49.962468
PS_01,polystyrene,1658.0000,49.646789
PS_01,polystyrene,1659.0000,49.346480
PS_01,polystyrene,1660.0000,49.060548
PS_01,polystyrene,1661.0000,48.788077
PS_01,polystyrene,1662.0000,48.528224
PS_01,polystyrene,1663.0000,48.280213
PS_01,polystyrene,1664.0000,48.043326
PS_01,polystyrene,1665.0000,47.816898
PS_01,polystyrene,1666.0000,47.600315
PS_01,polystyrene,1667.0000,47.393006
PS_01,polystyrene,1668.0000,47.194442
PS_01,polystyrene,1669.0000,47.004132
PS_01,polystyrene,1670.0000,46.821617
PS_01,polystyrene,1671.0000,46.646472
PS_01,polystyrene,1672.0000,46.478300
PS_01,polystyrene,1673.0000,46.316730
PS_01,polystyrene,1674.0000,46.161417
PS_01,polystyrene,1675.0000,46.012036
PS_01,polystyrene,1676.0000,45.868284
PS_01,polystyrene,1677.0000,45.729879
PS_01,polystyrene,1678.0000,45.596554
PS_01,polystyrene,1679.0000,45.468061
PS_01,polystyrene,1680.0000,45.344164
PS_01,polystyrene,1681.0000,45.224643
PS_01,polystyrene,1682.0000,45.109293
PS_01,polystyrene,1683.0000,44.997917
PS_01,polystyrene,1684.0000,44.890334
PS_01,polystyrene,1685.0000,44.786368
PS_01,polystyrene,1686.0000,44.685859
PS_01,polystyrene,1687.0000,44.588651
PS_01,polystyrene,1688.0000,44.494599
PS_01,polystyrene,1689.0000,44.403566
PS_01,polystyrene,1690.0000,44.315421
PS_01,polystyrene,1691.0000,44.230043
PS_01,polystyrene,1692.0000,44.147313
PS_01,polystyrene,1693.0000,44.067123
PS_01,polystyrene,1694.0000,43.989367
PS_01,polystyrene,1695.0000,43.913946
PS_01,polystyrene,1696.0000,43.840765
PS_01,polystyrene,1697.0000,43.769736
PS_01,polystyrene,1698.0000,43.700774
PS_01,polystyrene,1699.0000,43.633797
PS_01,polystyrene,1700.0000,43.568728
PS_01,polystyrene,1701.0000,43.505495
PS_01,polystyrene,1702.0000,43.444028
PS_01,polystyrene,1703.0000,43.384260
PS_01,polystyrene,1704.0000,43.326128
PS_01,polystyrene,1705.0000,43.269573
PS_01,polystyrene,1706.0000,43.214535
PS_01,polystyrene,1707.0000,43.160961
PS_01,polystyrene,1708.0000,43.108798
PS_01,polystyrene,1709.0000,43.057996
PS_01,polystyrene,1710.0000,43.008507
PS_01,polystyrene,1711.0000,42.960285
PS_01,polystyrene,1712.0000,42.913286
PS_01,polystyrene,1713.0000,42.867470
PS_01,polystyrene,1714.0000,42.822795
PS_01,polystyrene,1715.0000,42.779223
PS_01,polystyrene,1716.0000,42.736717
PS_01,polystyrene,1717.0000,42.695243
PS_01,polystyrene,1718.0000,42.654766
PS_01,polystyrene,1719.0000,42.615254
PS_01,polystyrene,1720.0000,42.576675
PS_01,polystyrene,1721.0000,42.539001
PS_01,polystyrene,1722.0000,42.502203
PS_01,polystyrene,1723.0000,42.466252
PS_01,polystyrene,1724.0000,42.431123
PS_01,polystyrene,1725.0000,42.396790
PS_01,polystyrene,1726.0000,42.363228
PS_01,polystyrene,1727.0000,42.330415
PS_01,polystyrene,1728.0000,42.298328
PS_01,polystyrene,1729.0000,42.266944
PS_01,polystyrene,1730.0000,42.236244
PS_01,polystyrene,1731.0000,42.206206
PS_01,polystyrene,1732.0000,42.176812
PS_01,polystyrene,1733.0000,42.148043
PS_01,polystyrene,1734.0000,42.119881
PS_01,polystyrene,1735.0000,42.092308
PS_01,polystyrene,1736.0000,42.065308
PS_01,polystyrene,1737.0000,42.038864
PS_01,polystyrene,1738.0000,42.012962
PS_01,polystyrene,1739.0000,41.987586
PS_01,polystyrene,1740.0000,41.962721
PS_01,polystyrene,1741.0000,41.938354
PS_01,polystyrene,1742.0000,41.914471
PS_01,polystyrene,1743.0000,41.891059
PS_01,polystyrene,1744.0000,41.868106
PS_01,polystyrene,1745.0000,41.845598
PS_01,polystyrene,1746.0000,41.823525
PS_01,polystyrene,1747.0000,41.801876
PS_01,polystyrene,1748.0000,41.780638
PS_01,polystyrene,1749.0000,41.759801
PS_01,polystyrene,1750.0000,41.739356
PS_01,polystyrene,1751.0000,41.719292
PS_01,polystyrene,1752.0000,41.699599
PS_01,polystyrene,1753.0000,41.680268
PS_01,polystyrene,1754.0000,41.661291
PS_01,polystyrene,1755.0000,41.642657
PS_01,polystyrene,1756.0000,41.624360
PS_01,polystyrene,1757.0000,41.606389
PS_01,polystyrene,1758.0000,41.588739
PS_01,polystyrene,1759.0000,41.571400
PS_01,polystyrene,1760.0000,41.554366
PS_01,polystyrene,1761.0000,41.537628
PS_01,polystyrene,1762.0000,41.521181
PS_01,polystyrene,1763.0000,41.505017
PS_01,polystyrene,1764.0000,41.489129
PS_01,polystyrene,1765.0000,41.473511
PS_01,polystyrene,1766.0000,41.458157
PS_01,polystyrene,1767.0000,41.443061
PS_01,polystyrene,1768.0000,41.428217
PS_01,polystyrene,1769.0000,41.413619
PS_01,polystyrene,1770.0000,41.399261
PS_01,polystyrene,1771.0000,41.385139
PS_01,polystyrene,1772.0000,41.371246
PS_01,polystyrene,1773.0000,41.357578
PS_01,polystyrene,1774.0000,41.344130
PS_01,polystyrene,1775.0000,41.330897
PS_01,polystyrene,1776.0000,41.317874
PS_01,polystyrene,1777.0000,41.305057
PS_01,polystyrene,1778.0000,41.292442
PS_01,polystyrene,1779.0000,41.280023
PS_01,polystyrene,1780.0000,41.267797
PS_01,polystyrene,1781.0000,41.255760
PS_01,polystyrene,1782.0000,41.243907
PS_01,polystyrene,1783.0000,41.232236
PS_01,polystyrene,1784.0000,41.220741
PS_01,polystyrene,1785.0000,41.209420
PS_01,polystyrene,1786.0000,41.198268
PS_01,polystyrene,1787.0000,41.187283
PS_01,polystyrene,1788.0000,41.176461
PS_01,polystyrene,1789.0000,41.165799
PS_01,polystyrene,1790.0000,41.155293
PS_01,polystyrene,1791.0000,41.144940
PS_01,polystyrene,1792.0000,41.134737
PS_01,polystyrene,1793.0000,41.124682
PS_01,polystyrene,1794.0000,41.114771
PS_01,polystyrene,1795.0000,41.105001
PS_01,polystyrene,1796.0000,41.095370
PS_01,polystyrene,1797.0000,41.085876
PS_01,polystyrene,1798.0000,41.076514
PS_01,polystyrene,1799.0000,41.067284
PS_01,polystyrene,1800.0000,41.058181
PS_01,polystyrene,1801.0000,41.049205
PS_01,polystyrene,1802.0000,41.040352
PS_01,polystyrene,1803.0000,41.031620
PS_01,polystyrene,1804.0000,41.023008
PS_01,polystyrene,1805.0000,41.014512
PS_01,polystyrene,1806.0000,41.006130
PS_01,polystyrene,1807.0000,40.997861
PS_01,polystyrene,1808.0000,40.989702
PS_01,polystyrene,1809.0000,40.981651
PS_01,polystyrene,1810.0000,40.973707
PS_01,polystyrene,1811.0000,40.965867
PS_01,polystyrene,1812.0000,40.958130
PS_01,polystyrene,1813.0000,40.950493
PS_01,polystyrene,1814.0000,40.942955
PS_01,polystyrene,1815.0000,40.935514
PS_01,polystyrene,1816.0000,40.928169
PS_01,polystyrene,1817.0000,40.920918
PS_01,polystyrene,1818.0000,40.913758
PS_01,polystyrene,1819.0000,40.906689
PS_01,polystyrene,1820.0000,40.899709
PS_01,polystyrene,1821.0000,40.892816
PS_01,polystyrene,1822.0000,40.886010
PS_01,polystyrene,1823.0000,40.879287
PS_01,polystyrene,1824.0000,40.872648
PS_01,polystyrene,1825.0000,40.866090
PS_01,polystyrene,1826.0000,40.859612
PS_01,polystyrene,1827.0000,40.853213
PS_01,polystyrene,1828.0000,40.846892
PS_01,polystyrene,1829.0000,40.840647
PS_01,polystyrene,1830.0000,40.834477
PS_01,polystyrene,1831.0000,40.828380
PS_01,polystyrene,1832.0000,40.822356
PS_01,polystyrene,1833.0000,40.816403
PS_01,polystyrene,1834.0000,40.810521
PS_01,polystyrene,1835.0000,40.804707
PS_01,polystyrene,1836.0000,40.798962
PS_01,polystyrene,1837.0000,40.793283
PS_01,polystyrene,1838.0000,40.787670
PS_01,polystyrene,1839.0000,40.782122
PS_01,polystyrene,1840.0000,40.776637
PS_01,polystyrene,1841.0000,40.771215
PS_01,polystyrene,1842.0000,40.765855
PS_01,polystyrene,1843.0000,40.760555
PS_01,polystyrene,1844.0000,40.755315
PS_01,polystyrene,1845.0000,40.750134
PS_01,polystyrene,1846.0000,40.745011
PS_01,polystyrene,1847.0000,40.739945
PS_01,polystyrene,1848.0000,40.734935
PS_01,polystyrene,1849.0000,40.729981
PS_01,polystyrene,1850.0000,40.725081
PS_01,polystyrene,1851.0000,40.720234
PS_01,polystyrene,1852.0000,40.715440
PS_01,polystyrene,1853.0000,40.710699
PS_01,polystyrene,1854.0000,40.706008
PS_01,polystyrene,1855.0000,40.701368
PS_01,polystyrene,1856.0000,40.696778
PS_01,polystyrene,1857.0000,40.692237
PS_01,polystyrene,1858.0000,40.687744
PS_01,polystyrene,1859.0000,40.683299
PS_01,polystyrene,1860.0000,40.678900
PS_01,polystyrene,1861.0000,40.674548
PS_01,polystyrene,1862.0000,40.670241
PS_01,polystyrene,1863.0000,40.665980
PS_01,polystyrene,1864.0000,40.661762
PS_01,polystyrene,1865.0000,40.657588
PS_01,polystyrene,1866.0000,40.653457
PS_01,polystyrene,1867.0000,40.649368
PS_01,polystyrene,1868.0000,40.645321
PS_01,polystyrene,1869.0000,40.641315
PS_01,polystyrene,1870.0000,40.637350
PS_01,polystyrene,1871.0000,40.633425
PS_01,polystyrene,1872.0000,40.629539
PS_01,polystyrene,1873.0000,40.625692
PS_01,polystyrene,1874.0000,40.621884
PS_01,polystyrene,1875.0000,40.618113
PS_01,polystyrene,1876.0000,40.614380
PS_01,polystyrene,1877.0000,40.610684
PS_01,polystyrene,1878.0000,40.607023
PS_01,polystyrene,1879.0000,40.603399
PS_01,polystyrene,1880.0000,40.599810
PS_01,polystyrene,1881.0000,40.596256
PS_01,polystyrene,1882.0000,40.592736
PS_01,polystyrene,1883.0000,40.589250
PS_01,polystyrene,1884.0000,40.585798
PS_01,polystyrene,1885.0000,40.582379
PS_01,polystyrene,1886.0000,40.578992
PS_01,polystyrene,1887.0000,40.575638
PS_01,polystyrene,1888.0000,40.572315
PS_01,polystyrene,1889.0000,40.569023
PS_01,polystyrene,1890.0000,40.565763
PS_01,polystyrene,1891.0000,40.562533
PS_01,polystyrene,1892.0000,40.559333
PS_01,polystyrene,1893.0000,40.556163
PS_01,polystyrene,1894.0000,40.553022
PS_01,polystyrene,1895.0000,40.549910
PS_01,polystyrene,1896.0000,40.546827
PS_01,polystyrene,1897.0000,40.543772
PS_01,polystyrene,1898.0000,40.540745
PS_01,polystyrene,1899.0000,40.537745
PS_01,polystyrene,1900.0000,40.534773
PS_01,polystyrene,1901.0000,40.531827
PS_01,polystyrene,1902.0000,40.528908
PS_01,polystyrene,1903.0000,40.526015
PS_01,polystyrene,1904.0000,40.523148
PS_01,polystyrene,1905.0000,40.520307
PS_01,polystyrene,1906.0000,40.517491
PS_01,polystyrene,1907.0000,40.514699
PS_01,polystyrene,1908.0000,40.511933
PS_01,polystyrene,1909.0000,40.509190
PS_01,polystyrene,1910.0000,40.506472
PS_01,polystyrene,1911.0000,40.503777
PS_01,polystyrene,1912.0000,40.501106
PS_01,polystyrene,1913.0000,40.498457
PS_01,polystyrene,1914.0000,40.495832
PS_01,polystyrene,1915.0000,40.493229
PS_01,polystyrene,1916.0000,40.490649
PS_01,polystyrene,1917.0000,40.488091
PS_01,polystyrene,1918.0000,40.485554
PS_01,polystyrene,1919.0000,40.483039
PS_01,polystyrene,1920.0000,40.480546
PS_01,polystyrene,1921.0000,40.478073
PS_01,polystyrene,1922.0000,40.475621
PS_01,polystyrene,1923.0000,40.473190
PS_01,polystyrene,1924.0000,40.470779
PS_01,polystyrene,1925.0000,40.468388
PS_01,polystyrene,1926.0000,40.466016
PS_01,polystyrene,1927.0000,40.463665
PS_01,polystyrene,1928.0000,40.461333
PS_01,polystyrene,1929.0000,40.459020
PS_01,polystyrene,1930.0000,40.456726
PS_01,polystyrene,1931.0000,40.454451
PS_01,polystyrene,1932.0000,40.452194
PS_01,polystyrene,1933.0000,40.449955
PS_01,polystyrene,1934.0000,40.447735
PS_01,polystyrene,1935.0000,40.445532
PS_01,polystyrene,1936.0000,40.443348
PS_01,polystyrene,1937.0000,40.441180
PS_01,polystyrene,1938.0000,40.439030
PS_01,polystyrene,1939.0000,40.436898
PS_01,polystyrene,1940.0000,40.434782
PS_01,polystyrene,1941.0000,40.432683
PS_01,polystyrene,1942.0000,40.430600
PS_01,polystyrene,1943.0000,40.428534
PS_01,polystyrene,1944.0000,40.426484
PS_01,polystyrene,1945.0000,40.424450
PS_01,polystyrene,1946.0000,40.422431
PS_01,polystyrene,1947.0000,40.420429
PS_01,polystyrene,1948.0000,40.418442
PS_01,polystyrene,1949.0000,40.416470
PS_01,polystyrene,1950.0000,40.414514
PS_01,polystyrene,1951.0000,40.412572
PS_01,polystyrene,1952.0000,40.410646
PS_01,polystyrene,1953.0000,40.408734
PS_01,polystyrene,1954.0000,40.406836
PS_01,polystyrene,1955.0000,40.404953
PS_01,polystyrene,1956.0000,40.403084
PS_01,polystyrene,1957.0000,40.401230
PS_01,polystyrene,1958.0000,40.399389
PS_01,polystyrene,1959.0000,40.397562
PS_01,polystyrene,1960.0000,40.395749
PS_01,polystyrene,1961.0000,40.393949
PS_01,polystyrene,1962.0000,40.392162
PS_01,polystyrene,1963.0000,40.390389
PS_01,polystyrene,1964.0000,40.388629
PS_01,polystyrene,1965.0000,40.386882
PS_01,polystyrene,1966.0000,40.385147
PS_01,polystyrene,1967.0000,40.383426
PS_01,polystyrene,1968.0000,40.381717
PS_01,polystyrene,1969.0000,40.380020
PS_01,polystyrene,1970.0000,40.378335
PS_01,polystyrene,1971.0000,40.376663
PS_01,polystyrene,1972.0000,40.375003
PS_01,polystyrene,1973.0000,40.373355
PS_01,polystyrene,1974.0000,40.371719
PS_01,polystyrene,1975.0000,40.370094
PS_01,polystyrene,1976.0000,40.368481
PS_01,polystyrene,1977.0000,40.366879
PS_01,polystyrene,1978.0000,40.365289
PS_01,polystyrene,1979.0000,40.363710
PS_01,polystyrene,1980.0000,40.362142
PS_01,polystyrene,1981.0000,40.360585
PS_01,polystyrene,1982.0000,40.359039
PS_01,polystyrene,1983.0000,40.357504
PS_01,polystyrene,1984.0000,40.355980
PS_01,polystyrene,1985.0000,40.354466
PS_01,polystyrene,1986.0000,40.352963
PS_01,polystyrene,1987.0000,40.351470
PS_01,polystyrene,1988.0000,40.349987
PS_01,polystyrene,1989.0000,40.348515
PS_01,polystyrene,1990.0000,40.347052
PS_01,polystyrene,1991.0000,40.345600
PS_01,polystyrene,1992.0000,40.344158
PS_01,polystyrene,1993.0000,40.342725
PS_01,polystyrene,1994.0000,40.341302
PS_01,polystyrene,1995.0000,40.339889
PS_01,polystyrene,1996.0000,40.338486
PS_01,polystyrene,1997.0000,40.337091
PS_01,polystyrene,1998.0000,40.335706
PS_01,polystyrene,1999.0000,40.334331
PS_01,polystyrene,2000.0000,40.332964
PS_02,polystyrene,200.0000,40.205940
PS_02,polystyrene,201.0000,40.206617
PS_02,polystyrene,202.0000,40.207298
PS_02,polystyrene,203.0000,40.207983
PS_02,polystyrene,204.0000,40.208671
PS_02,polystyrene,205.0000,40.209364
PS_02,polystyrene,206.0000,40.210061
PS_02,polystyrene,207.0000,40.210762
PS_02,polystyrene,208.0000,40.211467
PS_02,polystyrene,209.0000,40.212176
PS_02,polystyrene,210.0000,40.212889
PS_02,polystyrene,211.0000,40.213606
PS_02,polystyrene,212.0000,40.214328
PS_02,polystyrene,213.0000,40.215053
PS_02,polystyrene,214.0000,40.215783
PS_02,polystyrene,215.0000,40.216518
PS_02,polystyrene,216.0000,40.217256
PS_02,polystyrene,217.0000,40.217999
PS_02,polystyrene,218.0000,40.218747
PS_02,polystyrene,219.0000,40.219499
PS_02,polystyrene,220.0000,40.220255
PS_02,polystyrene,221.0000,40.221017
PS_02,polystyrene,222.0000,40.221782
PS_02,polystyrene,223.0000,40.222553
PS_02,polystyrene,224.0000,40.223327
PS_02,polystyrene,225.0000,40.224107
PS_02,polystyrene,226.0000,40.224892
PS_02,polystyrene,227.0000,40.225681
PS_02,polystyrene,228.0000,40.226475
PS_02,polystyrene,229.0000,40.227274
PS_02,polystyrene,230.0000,40.228078
PS_02,polystyrene,231.0000,40.228887
PS_02,polystyrene,232.0000,40.229701
PS_02,polystyrene,233.0000,40.230520
PS_02,polystyrene,234.0000,40.231344
PS_02,polystyrene,235.0000,40.232173
PS_02,polystyrene,236.0000,40.233008
PS_02,polystyrene,237.0000,40.233848
PS_02,polystyrene,238.0000,40.234693
PS_02,polystyrene,239.0000,40.235543
PS_02,polystyrene,240.0000,40.236399
PS_02,polystyrene,241.0000,40.237260
PS_02,polystyrene,242.0000,40.238127
PS_02,polystyrene,243.0000,40.239000
PS_02,polystyrene,244.0000,40.239878
PS_02,polystyrene,245.0000,40.240761
PS_02,polystyrene,246.0000,40.241651
PS_02,polystyrene,247.0000,40.242546
PS_02,polystyrene,248.0000,40.243447
PS_02,polystyrene,249.0000,40.244354
PS_02,polystyrene,250.0000,40.245267
PS_02,polystyrene,251.0000,40.246186
PS_02,polystyrene,252.0000,40.247111
PS_02,polystyrene,253.0000,40.248042
PS_02,polystyrene,254.0000,40.248979
PS_02,polystyrene,255.0000,40.249923
PS_02,polystyrene,256.0000,40.250873
PS_02,polystyrene,257.0000,40.251829
PS_02,polystyrene,258.0000,40.252791
PS_02,polystyrene,259.0000,40.253761
PS_02,polystyrene,260.0000,40.254736
PS_02,polystyrene,261.0000,40.255719
PS_02,polystyrene,262.0000,40.256708
PS_02,polystyrene,263.0000,40.257704
PS_02,polystyrene,264.0000,40.258706
PS_02,polystyrene,265.0000,40.259716
PS_02,polystyrene,266.0000,40.260732
PS_02,polystyrene,267.0000,40.261756
PS_02,polystyrene,268.0000,40.262787
PS_02,polystyrene,269.0000,40.263824
PS_02,polystyrene,270.0000,40.264870
PS_02,polystyrene,271.0000,40.265922
PS_02,polystyrene,272.0000,40.266982
PS_02,polystyrene,273.0000,40.268049
PS_02,polystyrene,274.0000,40.269124
PS_02,polystyrene,275.0000,40.270207
PS_02,polystyrene,276.0000,40.271297
PS_02,polystyrene,277.0000,40.272395
PS_02,polystyrene,278.0000,40.273501
PS_02,polystyrene,279.0000,40.274615
PS_02,polystyrene,280.0000,40.275738
PS_02,polystyrene,281.0000,40.276868
PS_02,polystyrene,282.0000,40.278006
PS_02,polystyrene,283.0000,40.279153
PS_02,polystyrene,284.0000,40.280308
PS_02,polystyrene,285.0000,40.281472
PS_02,polystyrene,286.0000,40.282644
PS_02,polystyrene,287.0000,40.283825
PS_02,polystyrene,288.0000,40.285015
PS_02,polystyrene,289.0000,40.286214
PS_02,polystyrene,290.0000,40.287421
PS_02,polystyrene,291.0000,40.288638
PS_02,polystyrene,292.0000,40.289864
PS_02,polystyrene,293.0000,40.291099
PS_02,polystyrene,294.0000,40.292344
PS_02,polystyrene,295.0000,40.293598
PS_02,polystyrene,296.0000,40.294862
PS_02,polystyrene,297.0000,40.296135
PS_02,polystyrene,298.0000,40.297419
PS_02,polystyrene,299.0000,40.298712
PS_02,polystyrene,300.0000,40.300015
PS_02,polystyrene,301.0000,40.301328
PS_02,polystyrene,302.0000,40.302652
PS_02,polystyrene,303.0000,40.303986
PS_02,polystyrene,304.0000,40.305331
PS_02,polystyrene,305.0000,40.306686
PS_02,polystyrene,306.0000,40.308052
PS_02,polystyrene,307.0000,40.309429
PS_02,polystyrene,308.0000,40.310817
PS_02,polystyrene,309.0000,40.312216
PS_02,polystyrene,310.0000,40.313626
PS_02,polystyrene,311.0000,40.315048
PS_02,polystyrene,312.0000,40.316481
PS_02,polystyrene,313.0000,40.317926
PS_02,polystyrene,314.0000,40.319383
PS_02,polystyrene,315.0000,40.320852
PS_02,polystyrene,316.0000,40.322333
PS_02,polystyrene,317.0000,40.323826
PS_02,polystyrene,318.0000,40.325332
PS_02,polystyrene,319.0000,40.326850
PS_02,polystyrene,320.0000,40.328381
PS_02,polystyrene,321.0000,40.329925
PS_02,polystyrene,322.0000,40.331482
PS_02,polystyrene,323.0000,40.333052
PS_02,polystyrene,324.0000,40.334635
PS_02,polystyrene,325.0000,40.336232
PS_02,polystyrene,326.0000,40.337843
PS_02,polystyrene,327.0000,40.339467
PS_02,polystyrene,328.0000,40.341106
PS_02,polystyrene,329.0000,40.342759
PS_02,polystyrene,330.0000,40.344426
PS_02,polystyrene,331.0000,40.346108
PS_02,polystyrene,332.0000,40.347805
PS_02,polystyrene,333.0000,40.349516
PS_02,polystyrene,334.0000,40.351243
PS_02,polystyrene,335.0000,40.352985
PS_02,polystyrene,336.0000,40.354743
PS_02,polystyrene,337.0000,40.356517
PS_02,polystyrene,338.0000,40.358306
PS_02,polystyrene,339.0000,40.360112
PS_02,polystyrene,340.0000,40.361934
PS_02,polystyrene,341.0000,40.363773
PS_02,polystyrene,342.0000,40.365629
PS_02,polystyrene,343.0000,40.367501
PS_02,polystyrene,344.0000,40.369391
PS_02,polystyrene,345.0000,40.371299
PS_02,polystyrene,346.0000,40.373224
PS_02,polystyrene,347.0000,40.375168
PS_02,polystyrene,348.0000,40.377130
PS_02,polystyrene,349.0000,40.379110
PS_02,polystyrene,350.0000,40.381109
PS_02,polystyrene,351.0000,40.383127
PS_02,polystyrene,352.0000,40.385165
PS_02,polystyrene,353.0000,40.387222
PS_02,polystyrene,354.0000,40.389298
PS_02,polystyrene,355.0000,40.391396
PS_02,polystyrene,356.0000,40.393513
PS_02,polystyrene,357.0000,40.395651
PS_02,polystyrene,358.0000,40.397810
PS_02,polystyrene,359.0000,40.399991
PS_02,polystyrene,360.0000,40.402193
PS_02,polystyrene,361.0000,40.404417
PS_02,polystyrene,362.0000,40.406664
PS_02,polystyrene,363.0000,40.408933
PS_02,polystyrene,364.0000,40.411225
PS_02,polystyrene,365.0000,40.413540
PS_02,polystyrene,366.0000,40.415879
PS_02,polystyrene,367.0000,40.418242
PS_02,polystyrene,368.0000,40.420629
PS_02,polystyrene,369.0000,40.423041
PS_02,polystyrene,370.0000,40.425477
PS_02,polystyrene,371.0000,40.427940
PS_02,polystyrene,372.0000,40.430428
PS_02,polystyrene,373.0000,40.432942
PS_02,polystyrene,374.0000,40.435483
PS_02,polystyrene,375.0000,40.438051
PS_02,polystyrene,376.0000,40.440647
PS_02,polystyrene,377.0000,40.443270
PS_02,polystyrene,378.0000,40.445922
PS_02,polystyrene,379.0000,40.448603
PS_02,polystyrene,380.0000,40.451312
PS_02,polystyrene,381.0000,40.454052
PS_02,polystyrene,382.0000,40.456821
PS_02,polystyrene,383.0000,40.459622
PS_02,polystyrene,384.0000,40.462453
PS_02,polystyrene,385.0000,40.465316
PS_02,polystyrene,386.0000,40.468211
PS_02,polystyrene,387.0000,40.471139
PS_02,polystyrene,388.0000,40.474100
PS_02,polystyrene,389.0000,40.477095
PS_02,polystyrene,390.0000,40.480124
PS_02,polystyrene,391.0000,40.483188
PS_02,polystyrene,392.0000,40.486288
PS_02,polystyrene,393.0000,40.489424
PS_02,polystyrene,394.0000,40.492596
PS_02,polystyrene,395.0000,40.495806
PS_02,polystyrene,396.0000,40.499054
PS_02,polystyrene,397.0000,40.502340
PS_02,polystyrene,398.0000,40.505665
PS_02,polystyrene,399.0000,40.509031
PS_02,polystyrene,400.0000,40.512437
PS_02,polystyrene,401.0000,40.515884
PS_02,polystyrene,402.0000,40.519374
PS_02,polystyrene,403.0000,40.522906
PS_02,polystyrene,404.0000,40.526482
PS_02,polystyrene,405.0000,40.530103
PS_02,polystyrene,406.0000,40.533768
PS_02,polystyrene,407.0000,40.537480
PS_02,polystyrene,408.0000,40.541238
PS_02,polystyrene,409.0000,40.545044
PS_02,polystyrene,410.0000,40.548898
PS_02,polystyrene,411.0000,40.552802
PS_02,polystyrene,412.0000,40.556756
PS_02,polystyrene,413.0000,40.560762
PS_02,polystyrene,414.0000,40.564819
PS_02,polystyrene,415.0000,40.568930
PS_02,polystyrene,416.0000,40.573096
PS_02,polystyrene,417.0000,40.577316
PS_02,polystyrene,418.0000,40.581593
PS_02,polystyrene,419.0000,40.585927
PS_02,polystyrene,420.0000,40.590319
PS_02,polystyrene,421.0000,40.594771
PS_02,polystyrene,422.0000,40.599284
PS_02,polystyrene,423.0000,40.603859
PS_02,polystyrene,424.0000,40.608498
PS_02,polystyrene,425.0000,40.613200
PS_02,polystyrene,426.0000,40.617969
PS_02,polystyrene,427.0000,40.622804
PS_02,polystyrene,428.0000,40.627708
PS_02,polystyrene,429.0000,40.632682
PS_02,polystyrene,430.0000,40.637727
PS_02,polystyrene,431.0000,40.642844
PS_02,polystyrene,432.0000,40.648036
PS_02,polystyrene,433.0000,40.653303
PS_02,polystyrene,434.0000,40.658648
PS_02,polystyrene,435.0000,40.664072
PS_02,polystyrene,436.0000,40.669576
PS_02,polystyrene,437.0000,40.675163
PS_02,polystyrene,438.0000,40.680834
PS_02,polystyrene,439.0000,40.686590
PS_02,polystyrene,440.0000,40.692435
PS_02,polystyrene,441.0000,40.698369
PS_02,polystyrene,442.0000,40.704394
PS_02,polystyrene,443.0000,40.710513
PS_02,polystyrene,444.0000,40.716728
PS_02,polystyrene,445.0000,40.723041
PS_02,polystyrene,446.0000,40.729454
PS_02,polystyrene,447.0000,40.735968
PS_02,polystyrene,448.0000,40.742588
PS_02,polystyrene,449.0000,40.749315
PS_02,polystyrene,450.0000,40.756150
PS_02,polystyrene,451.0000,40.763098
PS_02,polystyrene,452.0000,40.770161
PS_02,polystyrene,453.0000,40.777341
PS_02,polystyrene,454.0000,40.784640
PS_02,polystyrene,455.0000,40.792063
PS_02,polystyrene,456.0000,40.799611
PS_02,polystyrene,457.0000,40.807288
PS_02,polystyrene,458.0000,40.815097
PS_02,polystyrene,459.0000,40.823042
PS_02,polystyrene,460.0000,40.831124
PS_02,polystyrene,461.0000,40.839349
PS_02,polystyrene,462.0000,40.847719
PS_02,polystyrene,463.0000,40.856237
PS_02,polystyrene,464.0000,40.864909
PS_02,polystyrene,465.0000,40.873737
PS_02,polystyrene,466.0000,40.882726
PS_02,polystyrene,467.0000,40.891879
PS_02,polystyrene,468.0000,40.901202
PS_02,polystyrene,469.0000,40.910698
PS_02,polystyrene,470.0000,40.920371
PS_02,polystyrene,471.0000,40.930228
PS_02,polystyrene,472.0000,40.940272
PS_02,polystyrene,473.0000,40.950508
PS_02,polystyrene,474.0000,40.960942
PS_02,polystyrene,475.0000,40.971579
PS_02,polystyrene,476.0000,40.982425
PS_02,polystyrene,477.0000,40.993485
PS_02,polystyrene,478.0000,41.004765
PS_02,polystyrene,479.0000,41.016271
PS_02,polystyrene,480.0000,41.028011
PS_02,polystyrene,481.0000,41.039990
PS_02,polystyrene,482.0000,41.052215
PS_02,polystyrene,483.0000,41.064693
PS_02,polystyrene,484.0000,41.077433
PS_02,polystyrene,485.0000,41.090440
PS_02,polystyrene,486.0000,41.103724
PS_02,polystyrene,487.0000,41.117292
PS_02,polystyrene,488.0000,41.131153
PS_02,polystyrene,489.0000,41.145316
PS_02,polystyrene,490.0000,41.159789
PS_02,polystyrene,491.0000,41.174583
PS_02,polystyrene,492.0000,41.189708
PS_02,polystyrene,493.0000,41.205173
PS_02,polystyrene,494.0000,41.220990
PS_02,polystyrene,495.0000,41.237168
PS_02,polystyrene,496.0000,41.253721
PS_02,polystyrene,497.0000,41.270660
PS_02,polystyrene,498.0000,41.287998
PS_02,polystyrene,499.0000,41.305747
PS_02,polystyrene,500.0000,41.323922
PS_02,polystyrene,501.0000,41.342535
PS_02,polystyrene,502.0000,41.361603
PS_02,polystyrene,503.0000,41.381140
PS_02,polystyrene,504.0000,41.401163
PS_02,polystyrene,505.0000,41.421688
PS_02,polystyrene,506.0000,41.442733
PS_02,polystyrene,507.0000,41.464316
PS_02,polystyrene,508.0000,41.486456
PS_02,polystyrene,509.0000,41.509172
PS_02,polystyrene,510.0000,41.532487
PS_02,polystyrene,511.0000,41.556420
PS_02,polystyrene,512.0000,41.580997
PS_02,polystyrene,513.0000,41.606239
PS_02,polystyrene,514.0000,41.632172
PS_02,polystyrene,515.0000,41.658822
PS_02,polystyrene,516.0000,41.686217
PS_02,polystyrene,517.0000,41.714384
PS_02,polystyrene,518.0000,41.743356
PS_02,polystyrene,519.0000,41.773162
PS_02,polystyrene,520.0000,41.803836
PS_02,polystyrene,521.0000,41.835413
PS_02,polystyrene,522.0000,41.867929
PS_02,polystyrene,523.0000,41.901424
PS_02,polystyrene,524.0000,41.935937
PS_02,polystyrene,525.0000,41.971511
PS_02,polystyrene,526.0000,42.008190
PS_02,polystyrene,527.0000,42.046023
PS_02,polystyrene,528.0000,42.085059
PS_02,polystyrene,529.0000,42.125351
PS_02,polystyrene,530.0000,42.166954
PS_02,polystyrene,531.0000,42.209926
PS_02,polystyrene,532.0000,42.254329
PS_02,polystyrene,533.0000,42.300230
PS_02,polystyrene,534.0000,42.347696
PS_02,polystyrene,535.0000,42.396802
PS_02,polystyrene,536.0000,42.447624
PS_02,polystyrene,537.0000,42.500246
PS_02,polystyrene,538.0000,42.554754
PS_02,polystyrene,539.0000,42.611241
PS_02,polystyrene,540.0000,42.669805
PS_02,polystyrene,541.0000,42.730551
PS_02,polystyrene,542.0000,42.793591
PS_02,polystyrene,543.0000,42.859041
PS_02,polystyrene,544.0000,42.927029
PS_02,polystyrene,545.0000,42.997689
PS_02,polystyrene,546.0000,43.071164
PS_02,polystyrene,547.0000,43.147608
PS_02,polystyrene,548.0000,43.227184
PS_02,polystyrene,549.0000,43.310068
PS_02,polystyrene,550.0000,43.396448
PS_02,polystyrene,551.0000,43.486524
PS_02,polystyrene,552.0000,43.580513
PS_02,polystyrene,553.0000,43.678646
PS_02,polystyrene,554.0000,43.781172
PS_02,polystyrene,555.0000,43.888361
PS_02,polystyrene,556.0000,44.000500
PS_02,polystyrene,557.0000,44.117901
PS_02,polystyrene,558.0000,44.240901
PS_02,polystyrene,559.0000,44.369864
PS_02,polystyrene,560.0000,44.505184
PS_02,polystyrene,561.0000,44.647287
PS_02,polystyrene,562.0000,44.796636
PS_02,polystyrene,563.0000,44.953735
PS_02,polystyrene,564.0000,45.119131
PS_02,polystyrene,565.0000,45.293421
PS_02,polystyrene,566.0000,45.477255
PS_02,polystyrene,567.0000,45.671345
PS_02,polystyrene,568.0000,45.876471
PS_02,polystyrene,569.0000,46.093484
PS_02,polystyrene,570.0000,46.323324
PS_02,polystyrene,571.0000,46.567021
PS_02,polystyrene,572.0000,46.825712
PS_02,polystyrene,573.0000,47.100653
PS_02,polystyrene,574.0000,47.393230
PS_02,polystyrene,575.0000,47.704985
PS_02,polystyrene,576.0000,48.037625
PS_02,polystyrene,577.0000,48.393055
PS_02,polystyrene,578.0000,48.773397
PS_02,polystyrene,579.0000,49.181027
PS_02,polystyrene,580.0000,49.618607
PS_02,polystyrene,581.0000,50.089129
PS_02,polystyrene,582.0000,50.595967
PS_02,polystyrene,583.0000,51.142932
PS_02,polystyrene,584.0000,51.734343
PS_02,polystyrene,585.0000,52.375112
PS_02,polystyrene,586.0000,53.070840
PS_02,polystyrene,587.0000,53.827935
PS_02,polystyrene,588.0000,54.653756
PS_02,polystyrene,589.0000,55.556783
PS_02,polystyrene,590.0000,56.546826
PS_02,polystyrene,591.0000,57.635277
PS_02,polystyrene,592.0000,58.835424
PS_02,polystyrene,593.0000,60.162834
PS_02,polystyrene,594.0000,61.635822
PS_02,polystyrene,595.0000,63.276052
PS_02,polystyrene,596.0000,65.109265
PS_02,polystyrene,597.0000,67.166220
PS_02,polystyrene,598.0000,69.483870
PS_02,polystyrene,599.0000,72.106860
PS_02,polystyrene,600.0000,75.089459
PS_02,polystyrene,601.0000,78.498028
PS_02,polystyrene,602.0000,82.414225
PS_02,polystyrene,603.0000,86.939153
PS_02,polystyrene,604.0000,92.198762
PS_02,polystyrene,605.0000,98.350853
PS_02,polystyrene,606.0000,105.594123
PS_02,polystyrene,607.0000,114.179711
PS_02,polystyrene,608.0000,124.425531
PS_02,polystyrene,609.0000,136.733195
PS_02,polystyrene,610.0000,151.605879
PS_02,polystyrene,611.0000,169.662137
PS_02,polystyrene,612.0000,191.633341
PS_02,polystyrene,613.0000,218.317682
PS_02,polystyrene,614.0000,250.437331
PS_02,polystyrene,615.0000,288.308200
PS_02,polystyrene,616.0000,331.210609
PS_02,polystyrene,617.0000,376.443424
PS_02,polystyrene,618.0000,418.445485
PS_02,polystyrene,619.0000,449.096210
PS_02,polystyrene,620.0000,460.449652
PS_02,polystyrene,621.0000,449.100407
PS_02,polystyrene,622.0000,418.453881
PS_02,polystyrene,623.0000,376.456019
PS_02,polystyrene,624.0000,331.227403
PS_02,polystyrene,625.0000,288.329195
PS_02,polystyrene,626.0000,250.462528
PS_02,polystyrene,627.0000,218.347083
PS_02,polystyrene,628.0000,191.666949
PS_02,polystyrene,629.0000,169.699954
PS_02,polystyrene,630.0000,151.647908
PS_02,polystyrene,631.0000,136.779439
PS_02,polystyrene,632.0000,124.475993
PS_02,polystyrene,633.0000,114.234394
PS_02,polystyrene,634.0000,105.653032
PS_02,polystyrene,635.0000,98.413992
PS_02,polystyrene,636.0000,92.266137
PS_02,polystyrene,637.0000,87.010767
PS_02,polystyrene,638.0000,82.490084
PS_02,polystyrene,639.0000,78.578138
PS_02,polystyrene,640.0000,75.173826
PS_02,polystyrene,641.0000,72.195490
PS_02,polystyrene,642.0000,69.576769
PS_02,polystyrene,643.0000,67.263396
PS_02,polystyrene,644.0000,65.210724
PS_02,polystyrene,645.0000,63.381802
PS_02,polystyrene,646.0000,61.745872
PS_02,polystyrene,647.0000,60.277190
PS_02,polystyrene,648.0000,58.954097
PS_02,polystyrene,649.0000,57.758274
PS_02,polystyrene,650.0000,56.674156
PS_02,polystyrene,651.0000,55.688457
PS_02,polystyrene,652.0000,54.789783
PS_02,polystyrene,653.0000,53.968325
PS_02,polystyrene,654.0000,53.215604
PS_02,polystyrene,655.0000,52.524261
PS_02,polystyrene,656.0000,51.887888
PS_02,polystyrene,657.0000,51.300884
PS_02,polystyrene,658.0000,50.758339
PS_02,polystyrene,659.0000,50.255933
PS_02,polystyrene,660.0000,49.789854
PS_02,polystyrene,661.0000,49.356732
PS_02,polystyrene,662.0000,48.953573
PS_02,polystyrene,663.0000,48.577715
PS_02,polystyrene,664.0000,48.226784
PS_02,polystyrene,665.0000,47.898656
PS_02,polystyrene,666.0000,47.591430
PS_02,polystyrene,667.0000,47.303395
PS_02,polystyrene,668.0000,47.033013
PS_02,polystyrene,669.0000,46.778896
PS_02,polystyrene,670.0000,46.539790
PS_02,polystyrene,671.0000,46.314558
PS_02,polystyrene,672.0000,46.102168
PS_02,polystyrene,673.0000,45.901685
PS_02,polystyrene,674.0000,45.712255
PS_02,polystyrene,675.0000,45.533099
PS_02,polystyrene,676.0000,45.363506
PS_02,polystyrene,677.0000,45.202826
PS_02,polystyrene,678.0000,45.050463
PS_02,polystyrene,679.0000,44.905869
PS_02,polystyrene,680.0000,44.768542
PS_02,polystyrene,681.0000,44.638019
PS_02,polystyrene,682.0000,44.513874
PS_02,polystyrene,683.0000,44.395714
PS_02,polystyrene,684.0000,44.283174
PS_02,polystyrene,685.0000,44.175919
PS_02,polystyrene,686.0000,44.073638
PS_02,polystyrene,687.0000,43.976042
PS_02,polystyrene,688.0000,43.882864
PS_02,polystyrene,689.0000,43.793854
PS_02,polystyrene,690.0000,43.708782
PS_02,polystyrene,691.0000,43.627432
PS_02,polystyrene,692.0000,43.549603
PS_02,polystyrene,693.0000,43.475107
PS_02,polystyrene,694.0000,43.403772
PS_02,polystyrene,695.0000,43.335432
PS_02,polystyrene,696.0000,43.269935
PS_02,polystyrene,697.0000,43.207138
PS_02,polystyrene,698.0000,43.146908
PS_02,polystyrene,699.0000,43.089119
PS_02,polystyrene,700.0000,43.033652
PS_02,polystyrene,701.0000,42.980398
PS_02,polystyrene,702.0000,42.929252
PS_02,polystyrene,703.0000,42.880116
PS_02,polystyrene,704.0000,42.832899
PS_02,polystyrene,705.0000,42.787514
PS_02,polystyrene,706.0000,42.743878
PS_02,polystyrene,707.0000,42.701916
PS_02,polystyrene,708.0000,42.661554
PS_02,polystyrene,709.0000,42.622724
PS_02,polystyrene,710.0000,42.585361
PS_02,polystyrene,711.0000,42.549404
PS_02,polystyrene,712.0000,42.514795
PS_02,polystyrene,713.0000,42.481478
PS_02,polystyrene,714.0000,42.449403
PS_02,polystyrene,715.0000,42.418520
PS_02,polystyrene,716.0000,42.388782
PS_02,polystyrene,717.0000,42.360146
PS_02,polystyrene,718.0000,42.332568
PS_02,polystyrene,719.0000,42.306010
PS_02,polystyrene,720.0000,42.280434
PS_02,polystyrene,721.0000,42.255804
PS_02,polystyrene,722.0000,42.232085
PS_02,polystyrene,723.0000,42.209246
PS_02,polystyrene,724.0000,42.187255
PS_02,polystyrene,725.0000,42.166083
PS_02,polystyrene,726.0000,42.145702
PS_02,polystyrene,727.0000,42.126085
PS_02,polystyrene,728.0000,42.107208
PS_02,polystyrene,729.0000,42.089047
PS_02,polystyrene,730.0000,42.071577
PS_02,polystyrene,731.0000,42.054777
PS_02,polystyrene,732.0000,42.038627
PS_02,polystyrene,733.0000,42.023106
PS_02,polystyrene,734.0000,42.008195
PS_02,polystyrene,735.0000,41.993877
PS_02,polystyrene,736.0000,41.980133
PS_02,polystyrene,737.0000,41.966948
PS_02,polystyrene,738.0000,41.954305
PS_02,polystyrene,739.0000,41.942189
PS_02,polystyrene,740.0000,41.930587
PS_02,polystyrene,741.0000,41.919484
PS_02,polystyrene,742.0000,41.908867
PS_02,polystyrene,743.0000,41.898723
PS_02,polystyrene,744.0000,41.889041
PS_02,polystyrene,745.0000,41.879810
PS_02,polystyrene,746.0000,41.871017
PS_02,polystyrene,747.0000,41.862653
PS_02,polystyrene,748.0000,41.854707
PS_02,polystyrene,749.0000,41.847171
PS_02,polystyrene,750.0000,41.840035
PS_02,polystyrene,751.0000,41.833290
PS_02,polystyrene,752.0000,41.826928
PS_02,polystyrene,753.0000,41.820941
PS_02,polystyrene,754.0000,41.815322
PS_02,polystyrene,755.0000,41.810063
PS_02,polystyrene,756.0000,41.805157
PS_02,polystyrene,757.0000,41.800597
PS_02,polystyrene,758.0000,41.796379
PS_02,polystyrene,759.0000,41.792494
PS_02,polystyrene,760.0000,41.788939
PS_02,polystyrene,761.0000,41.785707
PS_02,polystyrene,762.0000,41.782793
PS_02,polystyrene,763.0000,41.780192
PS_02,polystyrene,764.0000,41.777900
PS_02,polystyrene,765.0000,41.775913
PS_02,polystyrene,766.0000,41.774225
PS_02,polystyrene,767.0000,41.772834
PS_02,polystyrene,768.0000,41.771735
PS_02,polystyrene,769.0000,41.770925
PS_02,polystyrene,770.0000,41.770401
PS_02,polystyrene,771.0000,41.770159
PS_02,polystyrene,772.0000,41.770197
PS_02,polystyrene,773.0000,41.770512
PS_02,polystyrene,774.0000,41.771101
PS_02,polystyrene,775.0000,41.771962
PS_02,polystyrene,776.0000,41.773093
PS_02,polystyrene,777.0000,41.774491
PS_02,polystyrene,778.0000,41.776156
PS_02,polystyrene,779.0000,41.778084
PS_02,polystyrene,780.0000,41.780275
PS_02,polystyrene,781.0000,41.782728
PS_02,polystyrene,782.0000,41.785441
PS_02,polystyrene,783.0000,41.788412
PS_02,polystyrene,784.0000,41.791642
PS_02,polystyrene,785.0000,41.795129
PS_02,polystyrene,786.0000,41.798873
PS_02,polystyrene,787.0000,41.802872
PS_02,polystyrene,788.0000,41.807128
PS_02,polystyrene,789.0000,41.811639
PS_02,polystyrene,790.0000,41.816406
PS_02,polystyrene,791.0000,41.821429
PS_02,polystyrene,792.0000,41.826707
PS_02,polystyrene,793.0000,41.832242
PS_02,polystyrene,794.0000,41.838033
PS_02,polystyrene,795.0000,41.844081
PS_02,polystyrene,796.0000,41.850387
PS_02,polystyrene,797.0000,41.856953
PS_02,polystyrene,798.0000,41.863778
PS_02,polystyrene,799.0000,41.870864
PS_02,polystyrene,800.0000,41.878212
PS_02,polystyrene,801.0000,41.885824
PS_02,polystyrene,802.0000,41.893701
PS_02,polystyrene,803.0000,41.901845
PS_02,polystyrene,804.0000,41.910258
PS_02,polystyrene,805.0000,41.918941
PS_02,polystyrene,806.0000,41.927897
PS_02,polystyrene,807.0000,41.937128
PS_02,polystyrene,808.0000,41.946637
PS_02,polystyrene,809.0000,41.956425
PS_02,polystyrene,810.0000,41.966495
PS_02,polystyrene,811.0000,41.976851
PS_02,polystyrene,812.0000,41.987495
PS_02,polystyrene,813.0000,41.998431
PS_02,polystyrene,814.0000,42.009660
PS_02,polystyrene,815.0000,42.021188
PS_02,polystyrene,816.0000,42.033017
PS_02,polystyrene,817.0000,42.045152
PS_02,polystyrene,818.0000,42.057595
PS_02,polystyrene,819.0000,42.070352
PS_02,polystyrene,820.0000,42.083426
PS_02,polystyrene,821.0000,42.096822
PS_02,polystyrene,822.0000,42.110543
PS_02,polystyrene,823.0000,42.124596
PS_02,polystyrene,824.0000,42.138985
PS_02,polystyrene,825.0000,42.153715
PS_02,polystyrene,826.0000,42.168792
PS_02,polystyrene,827.0000,42.184220
PS_02,polystyrene,828.0000,42.200006
PS_02,polystyrene,829.0000,42.216156
PS_02,polystyrene,830.0000,42.232676
PS_02,polystyrene,831.0000,42.249571
PS_02,polystyrene,832.0000,42.266849
PS_02,polystyrene,833.0000,42.284517
PS_02,polystyrene,834.0000,42.302582
PS_02,polystyrene,835.0000,42.321050
PS_02,polystyrene,836.0000,42.339930
PS_02,polystyrene,837.0000,42.359230
PS_02,polystyrene,838.0000,42.378957
PS_02,polystyrene,839.0000,42.399120
PS_02,polystyrene,840.0000,42.419728
PS_02,polystyrene,841.0000,42.440790
PS_02,polystyrene,842.0000,42.462314
PS_02,polystyrene,843.0000,42.484311
PS_02,polystyrene,844.0000,42.506791
PS_02,polystyrene,845.0000,42.529764
PS_02,polystyrene,846.0000,42.553240
PS_02,polystyrene,847.0000,42.577231
PS_02,polystyrene,848.0000,42.601748
PS_02,polystyrene,849.0000,42.626803
PS_02,polystyrene,850.0000,42.652409
PS_02,polystyrene,851.0000,42.678576
PS_02,polystyrene,852.0000,42.705320
PS_02,polystyrene,853.0000,42.732653
PS_02,polystyrene,854.0000,42.760590
PS_02,polystyrene,855.0000,42.789145
PS_02,polystyrene,856.0000,42.818332
PS_02,polystyrene,857.0000,42.848169
PS_02,polystyrene,858.0000,42.878669
PS_02,polystyrene,859.0000,42.909852
PS_02,polystyrene,860.0000,42.941733
PS_02,polystyrene,861.0000,42.974330
PS_02,polystyrene,862.0000,43.007663
PS_02,polystyrene,863.0000,43.041750
PS_02,polystyrene,864.0000,43.076612
PS_02,polystyrene,865.0000,43.112268
PS_02,polystyrene,866.0000,43.148741
PS_02,polystyrene,867.0000,43.186052
PS_02,polystyrene,868.0000,43.224226
PS_02,polystyrene,869.0000,43.263285
PS_02,polystyrene,870.0000,43.303254
PS_02,polystyrene,871.0000,43.344160
PS_02,polystyrene,872.0000,43.386029
PS_02,polystyrene,873.0000,43.428889
PS_02,polystyrene,874.0000,43.472768
PS_02,polystyrene,875.0000,43.517698
PS_02,polystyrene,876.0000,43.563708
PS_02,polystyrene,877.0000,43.610831
PS_02,polystyrene,878.0000,43.659102
PS_02,polystyrene,879.0000,43.708555
PS_02,polystyrene,880.0000,43.759226
PS_02,polystyrene,881.0000,43.811154
PS_02,polystyrene,882.0000,43.864378
PS_02,polystyrene,883.0000,43.918939
PS_02,polystyrene,884.0000,43.974881
PS_02,polystyrene,885.0000,44.032247
PS_02,polystyrene,886.0000,44.091085
PS_02,polystyrene,887.0000,44.151443
PS_02,polystyrene,888.0000,44.213372
PS_02,polystyrene,889.0000,44.276924
PS_02,polystyrene,890.0000,44.342156
PS_02,polystyrene,891.0000,44.409123
PS_02,polystyrene,892.0000,44.477887
PS_02,polystyrene,893.0000,44.548511
PS_02,polystyrene,894.0000,44.621060
PS_02,polystyrene,895.0000,44.695603
PS_02,polystyrene,896.0000,44.772212
PS_02,polystyrene,897.0000,44.850963
PS_02,polystyrene,898.0000,44.931934
PS_02,polystyrene,899.0000,45.015207
PS_02,polystyrene,900.0000,45.100870
PS_02,polystyrene,901.0000,45.189014
PS_02,polystyrene,902.0000,45.279733
PS_02,polystyrene,903.0000,45.373127
PS_02,polystyrene,904.0000,45.469301
PS_02,polystyrene,905.0000,45.568366
PS_02,polystyrene,906.0000,45.670437
PS_02,polystyrene,907.0000,45.775637
PS_02,polystyrene,908.0000,45.884092
PS_02,polystyrene,909.0000,45.995939
PS_02,polystyrene,910.0000,46.111319
PS_02,polystyrene,911.0000,46.230382
PS_02,polystyrene,912.0000,46.353285
PS_02,polystyrene,913.0000,46.480196
PS_02,polystyrene,914.0000,46.611290
PS_02,polystyrene,915.0000,46.746753
PS_02,polystyrene,916.0000,46.886780
PS_02,polystyrene,917.0000,47.031580
PS_02,polystyrene,918.0000,47.181371
PS_02,polystyrene,919.0000,47.336387
PS_02,polystyrene,920.0000,47.496874
PS_02,polystyrene,921.0000,47.663093
PS_02,polystyrene,922.0000,47.835322
PS_02,polystyrene,923.0000,48.013855
PS_02,polystyrene,924.0000,48.199005
PS_02,polystyrene,925.0000,48.391104
PS_02,polystyrene,926.0000,48.590508
PS_02,polystyrene,927.0000,48.797593
PS_02,polystyrene,928.0000,49.012763
PS_02,polystyrene,929.0000,49.236445
PS_02,polystyrene,930.0000,49.469100
PS_02,polystyrene,931.0000,49.711217
PS_02,polystyrene,932.0000,49.963322
PS_02,polystyrene,933.0000,50.225975
PS_02,polystyrene,934.0000,50.499779
PS_02,polystyrene,935.0000,50.785381
PS_02,polystyrene,936.0000,51.083475
PS_02,polystyrene,937.0000,51.394808
PS_02,polystyrene,938.0000,51.720184
PS_02,polystyrene,939.0000,52.060470
PS_02,polystyrene,940.0000,52.416600
PS_02,polystyrene,941.0000,52.789585
PS_02,polystyrene,942.0000,53.180518
PS_02,polystyrene,943.0000,53.590582
PS_02,polystyrene,944.0000,54.021062
PS_02,polystyrene,945.0000,54.473351
PS_02,polystyrene,946.0000,54.948966
PS_02,polystyrene,947.0000,55.449559
PS_02,polystyrene,948.0000,55.976932
PS_02,polystyrene,949.0000,56.533052
PS_02,polystyrene,950.0000,57.120075
PS_02,polystyrene,951.0000,57.740360
PS_02,polystyrene,952.0000,58.396501
PS_02,polystyrene,953.0000,59.091350
PS_02,polystyrene,954.0000,59.828051
PS_02,polystyrene,955.0000,60.610073
PS_02,polystyrene,956.0000,61.441259
PS_02,polystyrene,957.0000,62.325866
PS_02,polystyrene,958.0000,63.268626
PS_02,polystyrene,959.0000,64.274812
PS_02,polystyrene,960.0000,65.350306
PS_02,polystyrene,961.0000,66.501694
PS_02,polystyrene,962.0000,67.736365
PS_02,polystyrene,963.0000,69.062632
PS_02,polystyrene,964.0000,70.489873
PS_02,polystyrene,965.0000,72.028703
PS_02,polystyrene,966.0000,73.691164
PS_02,polystyrene,967.0000,75.490971
PS_02,polystyrene,968.0000,77.443791
PS_02,polystyrene,969.0000,79.567586
PS_02,polystyrene,970.0000,81.883024
PS_02,polystyrene,971.0000,84.413976
PS_02,polystyrene,972.0000,87.188129
PS_02,polystyrene,973.0000,90.237727
PS_02,polystyrene,974.0000,93.600490
PS_02,polystyrene,975.0000,97.320748
PS_02,polystyrene,976.0000,101.450858
PS_02,polystyrene,977.0000,106.052967
PS_02,polystyrene,978.0000,111.201241
PS_02,polystyrene,979.0000,116.984680
PS_02,polystyrene,980.0000,123.510706
PS_02,polystyrene,981.0000,130.909756
PS_02,polystyrene,982.0000,139.341184
PS_02,polystyrene,983.0000,149.000901
PS_02,polystyrene,984.0000,160.131278
PS_02,polystyrene,985.0000,173.034013
PS_02,polystyrene,986.0000,188.086834
PS_02,polystyrene,987.0000,205.765076
PS_02,polystyrene,988.0000,226.669178
PS_02,polystyrene,989.0000,251.558861
PS_02,polystyrene,990.0000,281.393454
PS_02,polystyrene,991.0000,317.374483
PS_02,polystyrene,992.0000,360.978616
PS_02,polystyrene,993.0000,413.951633
PS_02,polystyrene,994.0000,478.198980
PS_02,polystyrene,995.0000,555.445772
PS_02,polystyrene,996.0000,646.450611
PS_02,polystyrene,997.0000,749.507311
PS_02,polystyrene,998.0000,858.192993
PS_02,polystyrene,999.0000,959.276436
PS_02,polystyrene,1000.0000,1033.434028
PS_02,polystyrene,1001.0000,1061.759698
PS_02,polystyrene,1002.0000,1036.160260
PS_02,polystyrene,1003.0000,964.761224
PS_02,polystyrene,1004.0000,866.501894
PS_02,polystyrene,1005.0000,760.740980
PS_02,polystyrene,1006.0000,660.747707
PS_02,polystyrene,1007.0000,572.987063
PS_02,polystyrene,1008.0000,499.212851
PS_02,polystyrene,1009.0000,438.721294
PS_02,polystyrene,1010.0000,389.851403
PS_02,polystyrene,1011.0000,350.773793
PS_02,polystyrene,1012.0000,319.834009
PS_02,polystyrene,1013.0000,295.666235
PS_02,polystyrene,1014.0000,277.204837
PS_02,polystyrene,1015.0000,263.658533
PS_02,polystyrene,1016.0000,254.477031
PS_02,polystyrene,1017.0000,249.322588
PS_02,polystyrene,1018.0000,248.050985
PS_02,polystyrene,1019.0000,250.702830
PS_02,polystyrene,1020.0000,257.504168
PS_02,polystyrene,1021.0000,268.873198
PS_02,polystyrene,1022.0000,285.425515
PS_02,polystyrene,1023.0000,307.960868
PS_02,polystyrene,1024.0000,337.395303
PS_02,polystyrene,1025.0000,374.568225
PS_02,polystyrene,1026.0000,419.805350
PS_02,polystyrene,1027.0000,472.091014
PS_02,polystyrene,1028.0000,527.826726
PS_02,polystyrene,1029.0000,579.678449
PS_02,polystyrene,1030.0000,616.968478
PS_02,polystyrene,1031.0000,629.254354
PS_02,polystyrene,1032.0000,612.044987
PS_02,polystyrene,1033.0000,569.772715
PS_02,polystyrene,1034.0000,512.819597
PS_02,polystyrene,1035.0000,451.799544
PS_02,polystyrene,1036.0000,393.977514
PS_02,polystyrene,1037.0000,342.875459
PS_02,polystyrene,1038.0000,299.422487
PS_02,polystyrene,1039.0000,263.193222
PS_02,polystyrene,1040.0000,233.231685
PS_02,polystyrene,1041.0000,208.483562
PS_02,polystyrene,1042.0000,187.983084
PS_02,polystyrene,1043.0000,170.913124
PS_02,polystyrene,1044.0000,156.608433
PS_02,polystyrene,1045.0000,144.537447
PS_02,polystyrene,1046.0000,134.278807
PS_02,polystyrene,1047.0000,125.499122
PS_02,polystyrene,1048.0000,117.934133
PS_02,polystyrene,1049.0000,111.373547
PS_02,polystyrene,1050.0000,105.649139
PS_02,polystyrene,1051.0000,100.625536
PS_02,polystyrene,1052.0000,96.193116
PS_02,polystyrene,1053.0000,92.262536
PS_02,polystyrene,1054.0000,88.760518
PS_02,polystyrene,1055.0000,85.626579
PS_02,polystyrene,1056.0000,82.810495
PS_02,polystyrene,1057.0000,80.270314
PS_02,polystyrene,1058.0000,77.970793
PS_02,polystyrene,1059.0000,75.882169
PS_02,polystyrene,1060.0000,73.979173
PS_02,polystyrene,1061.0000,72.240247
PS_02,polystyrene,1062.0000,70.646914
PS_02,polystyrene,1063.0000,69.183263
PS_02,polystyrene,1064.0000,67.835541
PS_02,polystyrene,1065.0000,66.591804
PS_02,polystyrene,1066.0000,65.441646
PS_02,polystyrene,1067.0000,64.375966
PS_02,polystyrene,1068.0000,63.386776
PS_02,polystyrene,1069.0000,62.467042
PS_02,polystyrene,1070.0000,61.610552
PS_02,polystyrene,1071.0000,60.811805
PS_02,polystyrene,1072.0000,60.065914
PS_02,polystyrene,1073.0000,59.368526
PS_02,polystyrene,1074.0000,58.715757
PS_02,polystyrene,1075.0000,58.104131
PS_02,polystyrene,1076.0000,57.530532
PS_02,polystyrene,1077.0000,56.992163
PS_02,polystyrene,1078.0000,56.486505
PS_02,polystyrene,1079.0000,56.011288
PS_02,polystyrene,1080.0000,55.564466
PS_02,polystyrene,1081.0000,55.144188
PS_02,polystyrene,1082.0000,54.748781
PS_02,polystyrene,1083.0000,54.376733
PS_02,polystyrene,1084.0000,54.026672
PS_02,polystyrene,1085.0000,53.697361
PS_02,polystyrene,1086.0000,53.387676
PS_02,polystyrene,1087.0000,53.096604
PS_02,polystyrene,1088.0000,52.823229
PS_02,polystyrene,1089.0000,52.566727
PS_02,polystyrene,1090.0000,52.326355
PS_02,polystyrene,1091.0000,52.101453
PS_02,polystyrene,1092.0000,51.891428
PS_02,polystyrene,1093.0000,51.695760
PS_02,polystyrene,1094.0000,51.513991
PS_02,polystyrene,1095.0000,51.345727
PS_02,polystyrene,1096.0000,51.190632
PS_02,polystyrene,1097.0000,51.048428
PS_02,polystyrene,1098.0000,50.918893
PS_02,polystyrene,1099.0000,50.801863
PS_02,polystyrene,1100.0000,50.697227
PS_02,polystyrene,1101.0000,50.604930
PS_02,polystyrene,1102.0000,50.524977
PS_02,polystyrene,1103.0000,50.457429
PS_02,polystyrene,1104.0000,50.402408
PS_02,polystyrene,1105.0000,50.360102
PS_02,polystyrene,1106.0000,50.330764
PS_02,polystyrene,1107.0000,50.314721
PS_02,polystyrene,1108.0000,50.312378
PS_02,polystyrene,1109.0000,50.324224
PS_02,polystyrene,1110.0000,50.350840
PS_02,polystyrene,1111.0000,50.392911
PS_02,polystyrene,1112.0000,50.451235
PS_02,polystyrene,1113.0000,50.526734
PS_02,polystyrene,1114.0000,50.620475
PS_02,polystyrene,1115.0000,50.733684
PS_02,polystyrene,1116.0000,50.867769
PS_02,polystyrene,1117.0000,51.024347
PS_02,polystyrene,1118.0000,51.205269
PS_02,polystyrene,1119.0000,51.412665
PS_02,polystyrene,1120.0000,51.648978
PS_02,polystyrene,1121.0000,51.917018
PS_02,polystyrene,1122.0000,52.220029
PS_02,polystyrene,1123.0000,52.561753
PS_02,polystyrene,1124.0000,52.946528
PS_02,polystyrene,1125.0000,53.379393
PS_02,polystyrene,1126.0000,53.866221
PS_02,polystyrene,1127.0000,54.413881
PS_02,polystyrene,1128.0000,55.030441
PS_02,polystyrene,1129.0000,55.725414
PS_02,polystyrene,1130.0000,56.510068
PS_02,polystyrene,1131.0000,57.397812
PS_02,polystyrene,1132.0000,58.404688
PS_02,polystyrene,1133.0000,59.549982
PS_02,polystyrene,1134.0000,60.857017
PS_02,polystyrene,1135.0000,62.354156
PS_02,polystyrene,1136.0000,64.076099
PS_02,polystyrene,1137.0000,66.065564
PS_02,polystyrene,1138.0000,68.375455
PS_02,polystyrene,1139.0000,71.071694
PS_02,polystyrene,1140.0000,74.236887
PS_02,polystyrene,1141.0000,77.975067
PS_02,polystyrene,1142.0000,82.417737
PS_02,polystyrene,1143.0000,87.731380
PS_02,polystyrene,1144.0000,94.126321
PS_02,polystyrene,1145.0000,101.866087
PS_02,polystyrene,1146.0000,111.274646
PS_02,polystyrene,1147.0000,122.735059
PS_02,polystyrene,1148.0000,136.665389
PS_02,polystyrene,1149.0000,153.443884
PS_02,polystyrene,1150.0000,173.235987
PS_02,polystyrene,1151.0000,195.664692
PS_02,polystyrene,1152.0000,219.315087
PS_02,polystyrene,1153.0000,241.274156
PS_02,polystyrene,1154.0000,257.288230
PS_02,polystyrene,1155.0000,263.195122
PS_02,polystyrene,1156.0000,257.211020
PS_02,polystyrene,1157.0000,241.119684
PS_02,polystyrene,1158.0000,219.083251
PS_02,polystyrene,1159.0000,195.355336
PS_02,polystyrene,1160.0000,172.848905
PS_02,polystyrene,1161.0000,152.978816
PS_02,polystyrene,1162.0000,136.122024
PS_02,polystyrene,1163.0000,122.113031
PS_02,polystyrene,1164.0000,110.573537
PS_02,polystyrene,1165.0000,101.085423
PS_02,polystyrene,1166.0000,93.265572
PS_02,polystyrene,1167.0000,86.789961
PS_02,polystyrene,1168.0000,81.395005
PS_02,polystyrene,1169.0000,76.870320
PS_02,polystyrene,1170.0000,73.049364
PS_02,polystyrene,1171.0000,69.800572
PS_02,polystyrene,1172.0000,67.019850
PS_02,polystyrene,1173.0000,64.624526
PS_02,polystyrene,1174.0000,62.548614
PS_02,polystyrene,1175.0000,60.739139
PS_02,polystyrene,1176.0000,59.153318
PS_02,polystyrene,1177.0000,57.756375
PS_02,polystyrene,1178.0000,56.519875
PS_02,polystyrene,1179.0000,55.420417
PS_02,polystyrene,1180.0000,54.438636
PS_02,polystyrene,1181.0000,53.558409
PS_02,polystyrene,1182.0000,52.766241
PS_02,polystyrene,1183.0000,52.050775
PS_02,polystyrene,1184.0000,51.402406
PS_02,polystyrene,1185.0000,50.812972
PS_02,polystyrene,1186.0000,50.275502
PS_02,polystyrene,1187.0000,49.784021
PS_02,polystyrene,1188.0000,49.333381
PS_02,polystyrene,1189.0000,48.919132
PS_02,polystyrene,1190.0000,48.537410
PS_02,polystyrene,1191.0000,48.184852
PS_02,polystyrene,1192.0000,47.858515
PS_02,polystyrene,1193.0000,47.555821
PS_02,polystyrene,1194.0000,47.274498
PS_02,polystyrene,1195.0000,47.012543
PS_02,polystyrene,1196.0000,46.768184
PS_02,polystyrene,1197.0000,46.539845
PS_02,polystyrene,1198.0000,46.326126
PS_02,polystyrene,1199.0000,46.125777
PS_02,polystyrene,1200.0000,45.937679
PS_02,polystyrene,1201.0000,45.760830
PS_02,polystyrene,1202.0000,45.594328
PS_02,polystyrene,1203.0000,45.437363
PS_02,polystyrene,1204.0000,45.289201
PS_02,polystyrene,1205.0000,45.149180
PS_02,polystyrene,1206.0000,45.016699
PS_02,polystyrene,1207.0000,44.891215
PS_02,polystyrene,1208.0000,44.772230
PS_02,polystyrene,1209.0000,44.659293
PS_02,polystyrene,1210.0000,44.551992
PS_02,polystyrene,1211.0000,44.449950
PS_02,polystyrene,1212.0000,44.352823
PS_02,polystyrene,1213.0000,44.260292
PS_02,polystyrene,1214.0000,44.172069
PS_02,polystyrene,1215.0000,44.087885
PS_02,polystyrene,1216.0000,44.007494
PS_02,polystyrene,1217.0000,43.930670
PS_02,polystyrene,1218.0000,43.857203
PS_02,polystyrene,1219.0000,43.786898
PS_02,polystyrene,1220.0000,43.719577
PS_02,polystyrene,1221.0000,43.655074
PS_02,polystyrene,1222.0000,43.593233
PS_02,polystyrene,1223.0000,43.533911
PS_02,polystyrene,1224.0000,43.476976
PS_02,polystyrene,1225.0000,43.422303
PS_02,polystyrene,1226.0000,43.369776
PS_02,polystyrene,1227.0000,43.319288
PS_02,polystyrene,1228.0000,43.270739
PS_02,polystyrene,1229.0000,43.224033
PS_02,polystyrene,1230.0000,43.179083
PS_02,polystyrene,1231.0000,43.135807
PS_02,polystyrene,1232.0000,43.094127
PS_02,polystyrene,1233.0000,43.053971
PS_02,polystyrene,1234.0000,43.015272
PS_02,polystyrene,1235.0000,42.977964
PS_02,polystyrene,1236.0000,42.941990
PS_02,polystyrene,1237.0000,42.907291
PS_02,polystyrene,1238.0000,42.873815
PS_02,polystyrene,1239.0000,42.841512
PS_02,polystyrene,1240.0000,42.810336
PS_02,polystyrene,1241.0000,42.780241
PS_02,polystyrene,1242.0000,42.751185
PS_02,polystyrene,1243.0000,42.723130
PS_02,polystyrene,1244.0000,42.696038
PS_02,polystyrene,1245.0000,42.669873
PS_02,polystyrene,1246.0000,42.644602
PS_02,polystyrene,1247.0000,42.620194
PS_02,polystyrene,1248.0000,42.596619
PS_02,polystyrene,1249.0000,42.573848
PS_02,polystyrene,1250.0000,42.551855
PS_02,polystyrene,1251.0000,42.530614
PS_02,polystyrene,1252.0000,42.510102
PS_02,polystyrene,1253.0000,42.490295
PS_02,polystyrene,1254.0000,42.471172
PS_02,polystyrene,1255.0000,42.452713
PS_02,polystyrene,1256.0000,42.434897
PS_02,polystyrene,1257.0000,42.417707
PS_02,polystyrene,1258.0000,42.401125
PS_02,polystyrene,1259.0000,42.385135
PS_02,polystyrene,1260.0000,42.369720
PS_02,polystyrene,1261.0000,42.354866
PS_02,polystyrene,1262.0000,42.340559
PS_02,polystyrene,1263.0000,42.326784
PS_02,polystyrene,1264.0000,42.313530
PS_02,polystyrene,1265.0000,42.300784
PS_02,polystyrene,1266.0000,42.288535
PS_02,polystyrene,1267.0000,42.276772
PS_02,polystyrene,1268.0000,42.265484
PS_02,polystyrene,1269.0000,42.254662
PS_02,polystyrene,1270.0000,42.244296
PS_02,polystyrene,1271.0000,42.234379
PS_02,polystyrene,1272.0000,42.224900
PS_02,polystyrene,1273.0000,42.215854
PS_02,polystyrene,1274.0000,42.207231
PS_02,polystyrene,1275.0000,42.199026
PS_02,polystyrene,1276.0000,42.191232
PS_02,polystyrene,1277.0000,42.183843
PS_02,polystyrene,1278.0000,42.176852
PS_02,polystyrene,1279.0000,42.170256
PS_02,polystyrene,1280.0000,42.164048
PS_02,polystyrene,1281.0000,42.158224
PS_02,polystyrene,1282.0000,42.152779
PS_02,polystyrene,1283.0000,42.147711
PS_02,polystyrene,1284.0000,42.143014
PS_02,polystyrene,1285.0000,42.138686
PS_02,polystyrene,1286.0000,42.134724
PS_02,polystyrene,1287.0000,42.131125
PS_02,polystyrene,1288.0000,42.127886
PS_02,polystyrene,1289.0000,42.125005
PS_02,polystyrene,1290.0000,42.122481
PS_02,polystyrene,1291.0000,42.120312
PS_02,polystyrene,1292.0000,42.118497
PS_02,polystyrene,1293.0000,42.117034
PS_02,polystyrene,1294.0000,42.115922
PS_02,polystyrene,1295.0000,42.115162
PS_02,polystyrene,1296.0000,42.114753
PS_02,polystyrene,1297.0000,42.114695
PS_02,polystyrene,1298.0000,42.114989
PS_02,polystyrene,1299.0000,42.115634
PS_02,polystyrene,1300.0000,42.116632
PS_02,polystyrene,1301.0000,42.117985
PS_02,polystyrene,1302.0000,42.119692
PS_02,polystyrene,1303.0000,42.121756
PS_02,polystyrene,1304.0000,42.124179
PS_02,polystyrene,1305.0000,42.126964
PS_02,polystyrene,1306.0000,42.130112
PS_02,polystyrene,1307.0000,42.133626
PS_02,polystyrene,1308.0000,42.137509
PS_02,polystyrene,1309.0000,42.141765
PS_02,polystyrene,1310.0000,42.146398
PS_02,polystyrene,1311.0000,42.151411
PS_02,polystyrene,1312.0000,42.156809
PS_02,polystyrene,1313.0000,42.162595
PS_02,polystyrene,1314.0000,42.168776
PS_02,polystyrene,1315.0000,42.175356
PS_02,polystyrene,1316.0000,42.182341
PS_02,polystyrene,1317.0000,42.189737
PS_02,polystyrene,1318.0000,42.197550
PS_02,polystyrene,1319.0000,42.205787
PS_02,polystyrene,1320.0000,42.214455
PS_02,polystyrene,1321.0000,42.223562
PS_02,polystyrene,1322.0000,42.233115
PS_02,polystyrene,1323.0000,42.243123
PS_02,polystyrene,1324.0000,42.253594
PS_02,polystyrene,1325.0000,42.264538
PS_02,polystyrene,1326.0000,42.275964
PS_02,polystyrene,1327.0000,42.287883
PS_02,polystyrene,1328.0000,42.300306
PS_02,polystyrene,1329.0000,42.313243
PS_02,polystyrene,1330.0000,42.326707
PS_02,polystyrene,1331.0000,42.340710
PS_02,polystyrene,1332.0000,42.355265
PS_02,polystyrene,1333.0000,42.370387
PS_02,polystyrene,1334.0000,42.386089
PS_02,polystyrene,1335.0000,42.402386
PS_02,polystyrene,1336.0000,42.419295
PS_02,polystyrene,1337.0000,42.436831
PS_02,polystyrene,1338.0000,42.455014
PS_02,polystyrene,1339.0000,42.473860
PS_02,polystyrene,1340.0000,42.493389
PS_02,polystyrene,1341.0000,42.513621
PS_02,polystyrene,1342.0000,42.534578
PS_02,polystyrene,1343.0000,42.556282
PS_02,polystyrene,1344.0000,42.578756
PS_02,polystyrene,1345.0000,42.602024
PS_02,polystyrene,1346.0000,42.626113
PS_02,polystyrene,1347.0000,42.651049
PS_02,polystyrene,1348.0000,42.676861
PS_02,polystyrene,1349.0000,42.703578
PS_02,polystyrene,1350.0000,42.731233
PS_02,polystyrene,1351.0000,42.759858
PS_02,polystyrene,1352.0000,42.789488
PS_02,polystyrene,1353.0000,42.820159
PS_02,polystyrene,1354.0000,42.851911
PS_02,polystyrene,1355.0000,42.884784
PS_02,polystyrene,1356.0000,42.918820
PS_02,polystyrene,1357.0000,42.954065
PS_02,polystyrene,1358.0000,42.990566
PS_02,polystyrene,1359.0000,43.028374
PS_02,polystyrene,1360.0000,43.067542
PS_02,polystyrene,1361.0000,43.108126
PS_02,polystyrene,1362.0000,43.150184
PS_02,polystyrene,1363.0000,43.193781
PS_02,polystyrene,1364.0000,43.238981
PS_02,polystyrene,1365.0000,43.285856
PS_02,polystyrene,1366.0000,43.334479
PS_02,polystyrene,1367.0000,43.384930
PS_02,polystyrene,1368.0000,43.437291
PS_02,polystyrene,1369.0000,43.491653
PS_02,polystyrene,1370.0000,43.548110
PS_02,polystyrene,1371.0000,43.606760
PS_02,polystyrene,1372.0000,43.667712
PS_02,polystyrene,1373.0000,43.731079
PS_02,polystyrene,1374.0000,43.796982
PS_02,polystyrene,1375.0000,43.865549
PS_02,polystyrene,1376.0000,43.936918
PS_02,polystyrene,1377.0000,44.011237
PS_02,polystyrene,1378.0000,44.088662
PS_02,polystyrene,1379.0000,44.169361
PS_02,polystyrene,1380.0000,44.253515
PS_02,polystyrene,1381.0000,44.341315
PS_02,polystyrene,1382.0000,44.432969
PS_02,polystyrene,1383.0000,44.528699
PS_02,polystyrene,1384.0000,44.628744
PS_02,polystyrene,1385.0000,44.733360
PS_02,polystyrene,1386.0000,44.842824
PS_02,polystyrene,1387.0000,44.957435
PS_02,polystyrene,1388.0000,45.077514
PS_02,polystyrene,1389.0000,45.203410
PS_02,polystyrene,1390.0000,45.335499
PS_02,polystyrene,1391.0000,45.474190
PS_02,polystyrene,1392.0000,45.619925
PS_02,polystyrene,1393.0000,45.773186
PS_02,polystyrene,1394.0000,45.934496
PS_02,polystyrene,1395.0000,46.104425
PS_02,polystyrene,1396.0000,46.283595
PS_02,polystyrene,1397.0000,46.472687
PS_02,polystyrene,1398.0000,46.672443
PS_02,polystyrene,1399.0000,46.883679
PS_02,polystyrene,1400.0000,47.107291
PS_02,polystyrene,1401.0000,47.344263
PS_02,polystyrene,1402.0000,47.595681
PS_02,polystyrene,1403.0000,47.862741
PS_02,polystyrene,1404.0000,48.146770
PS_02,polystyrene,1405.0000,48.449236
PS_02,polystyrene,1406.0000,48.771769
PS_02,polystyrene,1407.0000,49.116186
PS_02,polystyrene,1408.0000,49.484512
PS_02,polystyrene,1409.0000,49.879011
PS_02,polystyrene,1410.0000,50.302224
PS_02,polystyrene,1411.0000,50.757002
PS_02,polystyrene,1412.0000,51.246563
PS_02,polystyrene,1413.0000,51.774539
PS_02,polystyrene,1414.0000,52.345049
PS_02,polystyrene,1415.0000,52.962773
PS_02,polystyrene,1416.0000,53.633050
PS_02,polystyrene,1417.0000,54.361988
PS_02,polystyrene,1418.0000,55.156598
PS_02,polystyrene,1419.0000,56.024962
PS_02,polystyrene,1420.0000,56.976426
PS_02,polystyrene,1421.0000,58.021846
PS_02,polystyrene,1422.0000,59.173881
PS_02,polystyrene,1423.0000,60.447361
PS_02,polystyrene,1424.0000,61.859736
PS_02,polystyrene,1425.0000,63.431642
PS_02,polystyrene,1426.0000,65.187601
PS_02,polystyrene,1427.0000,67.156912
PS_02,polystyrene,1428.0000,69.374774
PS_02,polystyrene,1429.0000,71.883714
PS_02,polystyrene,1430.0000,74.735420
PS_02,polystyrene,1431.0000,77.993102
PS_02,polystyrene,1432.0000,81.734534
PS_02,polystyrene,1433.0000,86.056014
PS_02,polystyrene,1434.0000,91.077501
PS_02,polystyrene,1435.0000,96.949286
PS_02,polystyrene,1436.0000,103.860616
PS_02,polystyrene,1437.0000,112.050676
PS_02,polystyrene,1438.0000,121.822251
PS_02,polystyrene,1439.0000,133.557837
PS_02,polystyrene,1440.0000,147.736656
PS_02,polystyrene,1441.0000,164.947818
PS_02,polystyrene,1442.0000,185.887876
PS_02,polystyrene,1443.0000,211.317022
PS_02,polystyrene,1444.0000,241.923049
PS_02,polystyrene,1445.0000,278.006835
PS_02,polystyrene,1446.0000,318.882981
PS_02,polystyrene,1447.0000,361.978989
PS_02,polystyrene,1448.0000,401.998528
PS_02,polystyrene,1449.0000,431.207723
PS_02,polystyrene,1450.0000,442.039018
PS_02,polystyrene,1451.0000,431.249182
PS_02,polystyrene,1452.0000,402.081474
PS_02,polystyrene,1453.0000,362.103473
PS_02,polystyrene,1454.0000,319.049082
PS_02,polystyrene,1455.0000,278.214660
PS_02,polystyrene,1456.0000,242.172730
PS_02,polystyrene,1457.0000,211.608719
PS_02,polystyrene,1458.0000,186.221775
PS_02,polystyrene,1459.0000,165.324132
PS_02,polystyrene,1460.0000,148.155628
PS_02,polystyrene,1461.0000,134.019737
PS_02,polystyrene,1462.0000,122.327378
PS_02,polystyrene,1463.0000,112.599357
PS_02,polystyrene,1464.0000,104.453208
PS_02,polystyrene,1465.0000,97.586177
PS_02,polystyrene,1466.0000,91.759108
PS_02,polystyrene,1467.0000,86.782787
PS_02,polystyrene,1468.0000,82.506954
PS_02,polystyrene,1469.0000,78.811683
PS_02,polystyrene,1470.0000,75.600711
PS_02,polystyrene,1471.0000,72.796296
PS_02,polystyrene,1472.0000,70.335266
PS_02,polystyrene,1473.0000,68.165969
PS_02,polystyrene,1474.0000,66.245914
PS_02,polystyrene,1475.0000,64.539943
PS_02,polystyrene,1476.0000,63.018797
PS_02,polystyrene,1477.0000,61.657993
PS_02,polystyrene,1478.0000,60.436940
PS_02,polystyrene,1479.0000,59.338232
PS_02,polystyrene,1480.0000,58.347085
PS_02,polystyrene,1481.0000,57.450886
PS_02,polystyrene,1482.0000,56.638831
PS_02,polystyrene,1483.0000,55.901624
PS_02,polystyrene,1484.0000,55.231237
PS_02,polystyrene,1485.0000,54.620713
PS_02,polystyrene,1486.0000,54.064003
PS_02,polystyrene,1487.0000,53.555830
PS_02,polystyrene,1488.0000,53.091574
PS_02,polystyrene,1489.0000,52.667184
PS_02,polystyrene,1490.0000,52.279095
PS_02,polystyrene,1491.0000,51.924164
PS_02,polystyrene,1492.0000,51.599611
PS_02,polystyrene,1493.0000,51.302978
PS_02,polystyrene,1494.0000,51.032082
PS_02,polystyrene,1495.0000,50.784983
PS_02,polystyrene,1496.0000,50.559958
PS_02,polystyrene,1497.0000,50.355472
PS_02,polystyrene,1498.0000,50.170155
PS_02,polystyrene,1499.0000,50.002790
PS_02,polystyrene,1500.0000,49.852290
PS_02,polystyrene,1501.0000,49.717688
PS_02,polystyrene,1502.0000,49.598122
PS_02,polystyrene,1503.0000,49.492829
PS_02,polystyrene,1504.0000,49.401131
PS_02,polystyrene,1505.0000,49.322431
PS_02,polystyrene,1506.0000,49.256203
PS_02,polystyrene,1507.0000,49.201991
PS_02,polystyrene,1508.0000,49.159397
PS_02,polystyrene,1509.0000,49.128082
PS_02,polystyrene,1510.0000,49.107762
PS_02,polystyrene,1511.0000,49.098200
PS_02,polystyrene,1512.0000,49.099210
PS_02,polystyrene,1513.0000,49.110651
PS_02,polystyrene,1514.0000,49.132425
PS_02,polystyrene,1515.0000,49.164479
PS_02,polystyrene,1516.0000,49.206798
PS_02,polystyrene,1517.0000,49.259413
PS_02,polystyrene,1518.0000,49.322392
PS_02,polystyrene,1519.0000,49.395847
PS_02,polystyrene,1520.0000,49.479930
PS_02,polystyrene,1521.0000,49.574836
PS_02,polystyrene,1522.0000,49.680806
PS_02,polystyrene,1523.0000,49.798123
PS_02,polystyrene,1524.0000,49.927120
PS_02,polystyrene,1525.0000,50.068180
PS_02,polystyrene,1526.0000,50.221738
PS_02,polystyrene,1527.0000,50.388286
PS_02,polystyrene,1528.0000,50.568375
PS_02,polystyrene,1529.0000,50.762624
PS_02,polystyrene,1530.0000,50.971721
PS_02,polystyrene,1531.0000,51.196430
PS_02,polystyrene,1532.0000,51.437599
PS_02,polystyrene,1533.0000,51.696167
PS_02,polystyrene,1534.0000,51.973176
PS_02,polystyrene,1535.0000,52.269778
PS_02,polystyrene,1536.0000,52.587248
PS_02,polystyrene,1537.0000,52.926998
PS_02,polystyrene,1538.0000,53.290596
PS_02,polystyrene,1539.0000,53.679777
PS_02,polystyrene,1540.0000,54.096472
PS_02,polystyrene,1541.0000,54.542827
PS_02,polystyrene,1542.0000,55.021233
PS_02,polystyrene,1543.0000,55.534359
PS_02,polystyrene,1544.0000,56.085191
PS_02,polystyrene,1545.0000,56.677073
PS_02,polystyrene,1546.0000,57.313762
PS_02,polystyrene,1547.0000,57.999491
PS_02,polystyrene,1548.0000,58.739039
PS_02,polystyrene,1549.0000,59.537818
PS_02,polystyrene,1550.0000,60.401976
PS_02,polystyrene,1551.0000,61.338519
PS_02,polystyrene,1552.0000,62.355462
PS_02,polystyrene,1553.0000,63.462002
PS_02,polystyrene,1554.0000,64.668739
PS_02,polystyrene,1555.0000,65.987937
PS_02,polystyrene,1556.0000,67.433848
PS_02,polystyrene,1557.0000,69.023110
PS_02,polystyrene,1558.0000,70.775241
PS_02,polystyrene,1559.0000,72.713253
PS_02,polystyrene,1560.0000,74.864426
PS_02,polystyrene,1561.0000,77.261276
PS_02,polystyrene,1562.0000,79.942794
PS_02,polystyrene,1563.0000,82.956014
PS_02,polystyrene,1564.0000,86.358039
PS_02,polystyrene,1565.0000,90.218635
PS_02,polystyrene,1566.0000,94.623601
PS_02,polystyrene,1567.0000,99.679130
PS_02,polystyrene,1568.0000,105.517459
PS_02,polystyrene,1569.0000,112.304154
PS_02,polystyrene,1570.0000,120.247385
PS_02,polystyrene,1571.0000,129.609446
PS_02,polystyrene,1572.0000,140.720356
PS_02,polystyrene,1573.0000,153.992272
PS_02,polystyrene,1574.0000,169.930805
PS_02,polystyrene,1575.0000,189.133569
PS_02,polystyrene,1576.0000,212.254743
PS_02,polystyrene,1577.0000,239.893710
PS_02,polystyrene,1578.0000,272.336681
PS_02,polystyrene,1579.0000,309.063585
PS_02,polystyrene,1580.0000,348.006641
PS_02,polystyrene,1581.0000,384.862264
PS_02,polystyrene,1582.0000,413.330096
PS_02,polystyrene,1583.0000,427.264848
PS_02,polystyrene,1584.0000,424.111376
PS_02,polystyrene,1585.0000,406.694599
PS_02,polystyrene,1586.0000,381.443676
PS_02,polystyrene,1587.0000,354.971999
PS_02,polystyrene,1588.0000,331.942362
PS_02,polystyrene,1589.0000,314.847804
PS_02,polystyrene,1590.0000,304.723085
PS_02,polystyrene,1591.0000,301.912835
PS_02,polystyrene,1592.0000,306.592412
PS_02,polystyrene,1593.0000,319.047764
PS_02,polystyrene,1594.0000,339.783880
PS_02,polystyrene,1595.0000,369.493028
PS_02,polystyrene,1596.0000,408.845913
PS_02,polystyrene,1597.0000,457.993324
PS_02,polystyrene,1598.0000,515.623082
PS_02,polystyrene,1599.0000,577.550469
PS_02,polystyrene,1600.0000,635.410028
PS_02,polystyrene,1601.0000,677.090243
PS_02,polystyrene,1602.0000,690.762421
PS_02,polystyrene,1603.0000,671.320091
PS_02,polystyrene,1604.0000,623.726115
PS_02,polystyrene,1605.0000,559.658079
PS_02,polystyrene,1606.0000,491.060867
PS_02,polystyrene,1607.0000,426.108726
PS_02,polystyrene,1608.0000,368.760009
PS_02,polystyrene,1609.0000,320.052929
PS_02,polystyrene,1610.0000,279.500910
PS_02,polystyrene,1611.0000,246.020868
PS_02,polystyrene,1612.0000,218.420125
PS_02,polystyrene,1613.0000,195.606804
PS_02,polystyrene,1614.0000,176.657358
PS_02,polystyrene,1615.0000,160.820049
PS_02,polystyrene,1616.0000,147.494312
PS_02,polystyrene,1617.0000,136.204178
PS_02,polystyrene,1618.0000,126.573138
PS_02,polystyrene,1619.0000,118.302834
PS_02,polystyrene,1620.0000,111.155922
PS_02,polystyrene,1621.0000,104.942616
PS_02,polystyrene,1622.0000,99.510269
PS_02,polystyrene,1623.0000,94.735344
PS_02,polystyrene,1624.0000,90.517225
PS_02,polystyrene,1625.0000,86.773452
PS_02,polystyrene,1626.0000,83.436021
PS_02,polystyrene,1627.0000,80.448518
PS_02,polystyrene,1628.0000,77.763867
PS_02,polystyrene,1629.0000,75.342569
PS_02,polystyrene,1630.0000,73.151303
PS_02,polystyrene,1631.0000,71.161818
PS_02,polystyrene,1632.0000,69.350044
PS_02,polystyrene,1633.0000,67.695377
PS_02,polystyrene,1634.0000,66.180106
PS_02,polystyrene,1635.0000,64.788938
PS_02,polystyrene,1636.0000,63.508615
PS_02,polystyrene,1637.0000,62.327604
PS_02,polystyrene,1638.0000,61.235831
PS_02,polystyrene,1639.0000,60.224467
PS_02,polystyrene,1640.0000,59.285750
PS_02,polystyrene,1641.0000,58.412834
PS_02,polystyrene,1642.0000,57.599660
PS_02,polystyrene,1643.0000,56.840853
PS_02,polystyrene,1644.0000,56.131631
PS_02,polystyrene,1645.0000,55.467727
PS_02,polystyrene,1646.0000,54.845324
PS_02,polystyrene,1647.0000,54.261001
PS_02,polystyrene,1648.0000,53.711684
PS_02,polystyrene,1649.0000,53.194602
PS_02,polystyrene,1650.0000,52.707255
PS_02,polystyrene,1651.0000,52.247384
PS_02,polystyrene,1652.0000,51.812937
PS_02,polystyrene,1653.0000,51.402055
PS_02,polystyrene,1654.0000,51.013044
PS_02,polystyrene,1655.0000,50.644361
PS_02,polystyrene,1656.0000,50.294598
PS_02,polystyrene,1657.0000,49.962468
PS_02,polystyrene,1658.0000,49.646789
PS_02,polystyrene,1659.0000,49.346480
PS_02,polystyrene,1660.0000,49.060548
PS_02,polystyrene,1661.0000,48.788077
PS_02,polystyrene,1662.0000,48.528224
PS_02,polystyrene,1663.0000,48.280213
PS_02,polystyrene,1664.0000,48.043326
PS_02,polystyrene,1665.0000,47.816898
PS_02,polystyrene,1666.0000,47.600315
PS_02,polystyrene,1667.0000,47.393006
PS_02,polystyrene,1668.0000,47.194442
PS_02,polystyrene,1669.0000,47.004132
PS_02,polystyrene,1670.0000,46.821617
PS_02,polystyrene,1671.0000,46.646472
PS_02,polystyrene,1672.0000,46.478300
PS_02,polystyrene,1673.0000,46.316730
PS_02,polystyrene,1674.0000,46.161417
PS_02,polystyrene,1675.0000,46.012036
PS_02,polystyrene,1676.0000,45.868284
PS_02,polystyrene,1677.0000,45.729879
PS_02,polystyrene,1678.0000,45.596554
PS_02,polystyrene,1679.0000,45.468061
PS_02,polystyrene,1680.0000,45.344164
PS_02,polystyrene,1681.0000,45.224643
PS_02,polystyrene,1682.0000,45.109293
PS_02,polystyrene,1683.0000,44.997917
PS_02,polystyrene,1684.0000,44.890334
PS_02,polystyrene,1685.0000,44.786368
PS_02,polystyrene,1686.0000,44.685859
PS_02,polystyrene,1687.0000,44.588651
PS_02,polystyrene,1688.0000,44.494599
PS_02,polystyrene,1689.0000,44.403566
PS_02,polystyrene,1690.0000,44.315421
PS_02,polystyrene,1691.0000,44.230043
PS_02,polystyrene,1692.0000,44.147313
PS_02,polystyrene,1693.0000,44.067123
PS_02,polystyrene,1694.0000,43.989367
PS_02,polystyrene,1695.0000,43.913946
PS_02,polystyrene,1696.0000,43.840765
PS_02,polystyrene,1697.0000,43.769736
PS_02,polystyrene,1698.0000,43.700774
PS_02,polystyrene,1699.0000,43.633797
PS_02,polystyrene,1700.0000,43.568728
PS_02,polystyrene,1701.0000,43.505495
PS_02,polystyrene,1702.0000,43.444028
PS_02,polystyrene,1703.0000,43.384260
PS_02,polystyrene,1704.0000,43.326128
PS_02,polystyrene,1705.0000,43.269573
PS_02,polystyrene,1706.0000,43.214535
PS_02,polystyrene,1707.0000,43.160961
PS_02,polystyrene,1708.0000,43.108798
PS_02,polystyrene,1709.0000,43.057996
PS_02,polystyrene,1710.0000,43.008507
PS_02,polystyrene,1711.0000,42.960285
PS_02,polystyrene,1712.0000,42.913286
PS_02,polystyrene,1713.0000,42.867470
PS_02,polystyrene,1714.0000,42.822795
PS_02,polystyrene,1715.0000,42.779223
PS_02,polystyrene,1716.0000,42.736717
PS_02,polystyrene,1717.0000,42.695243
PS_02,polystyrene,1718.0000,42.654766
PS_02,polystyrene,1719.0000,42.615254
PS_02,polystyrene,1720.0000,42.576675
PS_02,polystyrene,1721.0000,42.539001
PS_02,polystyrene,1722.0000,42.502203
PS_02,polystyrene,1723.0000,42.466252
PS_02,polystyrene,1724.0000,42.431123
PS_02,polystyrene,1725.0000,42.396790
PS_02,polystyrene,1726.0000,42.363228
PS_02,polystyrene,1727.0000,42.330415
PS_02,polystyrene,1728.0000,42.298328
PS_02,polystyrene,1729.0000,42.266944
PS_02,polystyrene,1730.0000,42.236244
PS_02,polystyrene,1731.0000,42.206206
PS_02,polystyrene,1732.0000,42.176812
PS_02,polystyrene,1733.0000,42.148043
PS_02,polystyrene,1734.0000,42.119881
PS_02,polystyrene,1735.0000,42.092308
PS_02,polystyrene,1736.0000,42.065308
PS_02,polystyrene,1737.0000,42.038864
PS_02,polystyrene,1738.0000,42.012962
PS_02,polystyrene,1739.0000,41.987586
PS_02,polystyrene,1740.0000,41.962721
PS_02,polystyrene,1741.0000,41.938354
PS_02,polystyrene,1742.0000,41.914471
PS_02,polystyrene,1743.0000,41.891059
PS_02,polystyrene,1744.0000,41.868106
PS_02,polystyrene,1745.0000,41.845598
PS_02,polystyrene,1746.0000,41.823525
PS_02,polystyrene,1747.0000,41.801876
PS_02,polystyrene,1748.0000,41.780638
PS_02,polystyrene,1749.0000,41.759801
PS_02,polystyrene,1750.0000,41.739356
PS_02,polystyrene,1751.0000,41.719292
PS_02,polystyrene,1752.0000,41.699599
PS_02,polystyrene,1753.0000,41.680268
PS_02,polystyrene,1754.0000,41.661291
PS_02,polystyrene,1755.0000,41.642657
PS_02,polystyrene,1756.0000,41.624360
PS_02,polystyrene,1757.0000,41.606389
PS_02,polystyrene,1758.0000,41.588739
PS_02,polystyrene,1759.0000,41.571400
PS_02,polystyrene,1760.0000,41.554366
PS_02,polystyrene,1761.0000,41.537628
PS_02,polystyrene,1762.0000,41.521181
PS_02,polystyrene,1763.0000,41.505017
PS_02,polystyrene,1764.0000,41.489129
PS_02,polystyrene,1765.0000,41.473511
PS_02,polystyrene,1766.0000,41.458157
PS_02,polystyrene,1767.0000,41.443061
PS_02,polystyrene,1768.0000,41.428217
PS_02,polystyrene,1769.0000,41.413619
PS_02,polystyrene,1770.0000,41.399261
PS_02,polystyrene,1771.0000,41.385139
PS_02,polystyrene,1772.0000,41.371246
PS_02,polystyrene,1773.0000,41.357578
PS_02,polystyrene,1774.0000,41.344130
PS_02,polystyrene,1775.0000,41.330897
PS_02,polystyrene,1776.0000,41.317874
PS_02,polystyrene,1777.0000,41.305057
PS_02,polystyrene,1778.0000,41.292442
PS_02,polystyrene,1779.0000,41.280023
PS_02,polystyrene,1780.0000,41.267797
PS_02,polystyrene,1781.0000,41.255760
PS_02,polystyrene,1782.0000,41.243907
PS_02,polystyrene,1783.0000,41.232236
PS_02,polystyrene,1784.0000,41.220741
PS_02,polystyrene,1785.0000,41.209420
PS_02,polystyrene,1786.0000,41.198268
PS_02,polystyrene,1787.0000,41.187283
PS_02,polystyrene,1788.0000,41.176461
PS_02,polystyrene,1789.0000,41.165799
PS_02,polystyrene,1790.0000,41.155293
PS_02,polystyrene,1791.0000,41.144940
PS_02,polystyrene,1792.0000,41.134737
PS_02,polystyrene,1793.0000,41.124682
PS_02,polystyrene,1794.0000,41.114771
PS_02,polystyrene,1795.0000,41.105001
PS_02,polystyrene,1796.0000,41.095370
PS_02,polystyrene,1797.0000,41.085876
PS_02,polystyrene,1798.0000,41.076514
PS_02,polystyrene,1799.0000,41.067284
PS_02,polystyrene,1800.0000,41.058181
PS_02,polystyrene,1801.0000,41.049205
PS_02,polystyrene,1802.0000,41.040352
PS_02,polystyrene,1803.0000,41.031620
PS_02,polystyrene,1804.0000,41.023008
PS_02,polystyrene,1805.0000,41.014512
PS_02,polystyrene,1806.0000,41.006130
PS_02,polystyrene,1807.0000,40.997861
PS_02,polystyrene,1808.0000,40.989702
PS_02,polystyrene,1809.0000,40.981651
PS_02,polystyrene,1810.0000,40.973707
PS_02,polystyrene,1811.0000,40.965867
PS_02,polystyrene,1812.0000,40.958130
PS_02,polystyrene,1813.0000,40.950493
PS_02,polystyrene,1814.0000,40.942955
PS_02,polystyrene,1815.0000,40.935514
PS_02,polystyrene,1816.0000,40.928169
PS_02,polystyrene,1817.0000,40.920918
PS_02,polystyrene,1818.0000,40.913758
PS_02,polystyrene,1819.0000,40.906689
PS_02,polystyrene,1820.0000,40.899709
PS_02,polystyrene,1821.0000,40.892816
PS_02,polystyrene,1822.0000,40.886010
PS_02,polystyrene,1823.0000,40.879287
PS_02,polystyrene,1824.0000,40.872648
PS_02,polystyrene,1825.0000,40.866090
PS_02,polystyrene,1826.0000,40.859612
PS_02,polystyrene,1827.0000,40.853213
PS_02,polystyrene,1828.0000,40.846892
PS_02,polystyrene,1829.0000,40.840647
PS_02,polystyrene,1830.0000,40.834477
PS_02,polystyrene,1831.0000,40.828380
PS_02,polystyrene,1832.0000,40.822356
PS_02,polystyrene,1833.0000,40.816403
PS_02,polystyrene,1834.0000,40.810521
PS_02,polystyrene,1835.0000,40.804707
PS_02,polystyrene,1836.0000,40.798962
PS_02,polystyrene,1837.0000,40.793283
PS_02,polystyrene,1838.0000,40.787670
PS_02,polystyrene,1839.0000,40.782122
PS_02,polystyrene,1840.0000,40.776637
PS_02,polystyrene,1841.0000,40.771215
PS_02,polystyrene,1842.0000,40.765855
PS_02,polystyrene,1843.0000,40.760555
PS_02,polystyrene,1844.0000,40.755315
PS_02,polystyrene,1845.0000,40.750134
PS_02,polystyrene,1846.0000,40.745011
PS_02,polystyrene,1847.0000,40.739945
PS_02,polystyrene,1848.0000,40.734935
PS_02,polystyrene,1849.0000,40.729981
PS_02,polystyrene,1850.0000,40.725081
PS_02,polystyrene,1851.0000,40.720234
PS_02,polystyrene,1852.0000,40.715440
PS_02,polystyrene,1853.0000,40.710699
PS_02,polystyrene,1854.0000,40.706008
PS_02,polystyrene,1855.0000,40.701368
PS_02,polystyrene,1856.0000,40.696778
PS_02,polystyrene,1857.0000,40.692237
PS_02,polystyrene,1858.0000,40.687744
PS_02,polystyrene,1859.0000,40.683299
PS_02,polystyrene,1860.0000,40.678900
PS_02,polystyrene,1861.0000,40.674548
PS_02,polystyrene,1862.0000,40.670241
PS_02,polystyrene,1863.0000,40.665980
PS_02,polystyrene,1864.0000,40.661762
PS_02,polystyrene,1865.0000,40.657588
PS_02,polystyrene,1866.0000,40.653457
PS_02,polystyrene,1867.0000,40.649368
PS_02,polystyrene,1868.0000,40.645321
PS_02,polystyrene,1869.0000,40.641315
PS_02,polystyrene,1870.0000,40.637350
PS_02,polystyrene,1871.0000,40.633425
PS_02,polystyrene,1872.0000,40.629539
PS_02,polystyrene,1873.0000,40.625692
PS_02,polystyrene,1874.0000,40.621884
PS_02,polystyrene,1875.0000,40.618113
PS_02,polystyrene,1876.0000,40.614380
PS_02,polystyrene,1877.0000,40.610684
PS_02,polystyrene,1878.0000,40.607023
PS_02,polystyrene,1879.0000,40.603399
PS_02,polystyrene,1880.0000,40.599810
PS_02,polystyrene,1881.0000,40.596256
PS_02,polystyrene,1882.0000,40.592736
PS_02,polystyrene,1883.0000,40.589250
PS_02,polystyrene,1884.0000,40.585798
PS_02,polystyrene,1885.0000,40.582379
PS_02,polystyrene,1886.0000,40.578992
PS_02,polystyrene,1887.0000,40.575638
PS_02,polystyrene,1888.0000,40.572315
PS_02,polystyrene,1889.0000,40.569023
PS_02,polystyrene,1890.0000,40.565763
PS_02,polystyrene,1891.0000,40.562533
PS_02,polystyrene,1892.0000,40.559333
PS_02,polystyrene,1893.0000,40.556163
PS_02,polystyrene,1894.0000,40.553022
PS_02,polystyrene,1895.0000,40.549910
PS_02,polystyrene,1896.0000,40.546827
PS_02,polystyrene,1897.0000,40.543772
PS_02,polystyrene,1898.0000,40.540745
PS_02,polystyrene,1899.0000,40.537745
PS_02,polystyrene,1900.0000,40.534773
PS_02,polystyrene,1901.0000,40.531827
PS_02,polystyrene,1902.0000,40.528908
PS_02,polystyrene,1903.0000,40.526015
PS_02,polystyrene,1904.0000,40.523148
PS_02,polystyrene,1905.0000,40.520307
PS_02,polystyrene,1906.0000,40.517491
PS_02,polystyrene,1907.0000,40.514699
PS_02,polystyrene,1908.0000,40.511933
PS_02,polystyrene,1909.0000,40.509190
PS_02,polystyrene,1910.0000,40.506472
PS_02,polystyrene,1911.0000,40.503777
PS_02,polystyrene,1912.0000,40.501106
PS_02,polystyrene,1913.0000,40.498457
PS_02,polystyrene,1914.0000,40.495832
PS_02,polystyrene,1915.0000,40.493229
PS_02,polystyrene,1916.0000,40.490649
PS_02,polystyrene,1917.0000,40.488091
PS_02,polystyrene,1918.0000,40.485554
PS_02,polystyrene,1919.0000,40.483039
PS_02,polystyrene,1920.0000,40.480546
PS_02,polystyrene,1921.0000,40.478073
PS_02,polystyrene,1922.0000,40.475621
PS_02,polystyrene,1923.0000,40.473190
PS_02,polystyrene,1924.0000,40.470779
PS_02,polystyrene,1925.0000,40.468388
PS_02,polystyrene,1926.0000,40.466016
PS_02,polystyrene,1927.0000,40.463665
PS_02,polystyrene,1928.0000,40.461333
PS_02,polystyrene,1929.0000,40.459020
PS_02,polystyrene,1930.0000,40.456726
PS_02,polystyrene,1931.0000,40.454451
PS_02,polystyrene,1932.0000,40.452194
PS_02,polystyrene,1933.0000,40.449955
PS_02,polystyrene,1934.0000,40.447735
PS_02,polystyrene,1935.0000,40.445532
PS_02,polystyrene,1936.0000,40.443348
PS_02,polystyrene,1937.0000,40.441180
PS_02,polystyrene,1938.0000,40.439030
PS_02,polystyrene,1939.0000,40.436898
PS_02,polystyrene,1940.0000,40.434782
PS_02,polystyrene,1941.0000,40.432683
PS_02,polystyrene,1942.0000,40.430600
PS_02,polystyrene,1943.0000,40.428534
PS_02,polystyrene,1944.0000,40.426484
PS_02,polystyrene,1945.0000,40.424450
PS_02,polystyrene,1946.0000,40.422431
PS_02,polystyrene,1947.0000,40.420429
PS_02,polystyrene,1948.0000,40.418442
PS_02,polystyrene,1949.0000,40.416470
PS_02,polystyrene,1950.0000,40.414514
PS_02,polystyrene,1951.0000,40.412572
PS_02,polystyrene,1952.0000,40.410646
PS_02,polystyrene,1953.0000,40.408734
PS_02,polystyrene,1954.0000,40.406836
PS_02,polystyrene,1955.0000,40.404953
PS_02,polystyrene,1956.0000,40.403084
PS_02,polystyrene,1957.0000,40.401230
PS_02,polystyrene,1958.0000,40.399389
PS_02,polystyrene,1959.0000,40.397562
PS_02,polystyrene,1960.0000,40.395749
PS_02,polystyrene,1961.0000,40.393949
PS_02,polystyrene,1962.0000,40.392162
PS_02,polystyrene,1963.0000,40.390389
PS_02,polystyrene,1964.0000,40.388629
PS_02,polystyrene,1965.0000,40.386882
PS_02,polystyrene,1966.0000,40.385147
PS_02,polystyrene,1967.0000,40.383426
PS_02,polystyrene,1968.0000,40.381717
PS_02,polystyrene,1969.0000,40.380020
PS_02,polystyrene,1970.0000,40.378335
PS_02,polystyrene,1971.0000,40.376663
PS_02,polystyrene,1972.0000,40.375003
PS_02,polystyrene,1973.0000,40.373355
PS_02,polystyrene,1974.0000,40.371719
PS_02,polystyrene,1975.0000,40.370094
PS_02,polystyrene,1976.0000,40.368481
PS_02,polystyrene,1977.0000,40.366879
PS_02,polystyrene,1978.0000,40.365289
PS_02,polystyrene,1979.0000,40.363710
PS_02,polystyrene,1980.0000,40.362142
PS_02,polystyrene,1981.0000,40.360585
PS_02,polystyrene,1982.0000,40.359039
PS_02,polystyrene,1983.0000,40.357504
PS_02,polystyrene,1984.0000,40.355980
PS_02,polystyrene,1985.0000,40.354466
PS_02,polystyrene,1986.0000,40.352963
PS_02,polystyrene,1987.0000,40.351470
PS_02,polystyrene,1988.0000,40.349987
PS_02,polystyrene,1989.0000,40.348515
PS_02,polystyrene,1990.0000,40.347052
PS_02,polystyrene,1991.0000,40.345600
PS_02,polystyrene,1992.0000,40.344158
PS_02,polystyrene,1993.0000,40.342725
PS_02,polystyrene,1994.0000,40.341302
PS_02,polystyrene,1995.0000,40.339889
PS_02,polystyrene,1996.0000,40.338486
PS_02,polystyrene,1997.0000,40.337091
PS_02,polystyrene,1998.0000,40.335706
PS_02,polystyrene,1999.0000,40.334331
PS_02,polystyrene,2000.0000,40.332964
PET_01,PET,200.0000,40.160005
PET_01,PET,201.0000,40.160498
PET_01,PET,202.0000,40.160994
PET_01,PET,203.0000,40.161492
PET_01,PET,204.0000,40.161993
PET_01,PET,205.0000,40.162496
PET_01,PET,206.0000,40.163003
PET_01,PET,207.0000,40.163512
PET_01,PET,208.0000,40.164024
PET_01,PET,209.0000,40.164539
PET_01,PET,210.0000,40.165057
PET_01,PET,211.0000,40.165577
PET_01,PET,212.0000,40.166101
PET_01,PET,213.0000,40.166627
PET_01,PET,214.0000,40.167157
PET_01,PET,215.0000,40.167689
PET_01,PET,216.0000,40.168224
PET_01,PET,217.0000,40.168763
PET_01,PET,218.0000,40.169304
PET_01,PET,219.0000,40.169849
PET_01,PET,220.0000,40.170396
PET_01,PET,221.0000,40.170947
PET_01,PET,222.0000,40.171501
PET_01,PET,223.0000,40.172058
PET_01,PET,224.0000,40.172618
PET_01,PET,225.0000,40.173181
PET_01,PET,226.0000,40.173748
PET_01,PET,227.0000,40.174318
PET_01,PET,228.0000,40.174892
PET_01,PET,229.0000,40.175468
PET_01,PET,230.0000,40.176048
PET_01,PET,231.0000,40.176632
PET_01,PET,232.0000,40.177219
PET_01,PET,233.0000,40.177809
PET_01,PET,234.0000,40.178403
PET_01,PET,235.0000,40.179000
PET_01,PET,236.0000,40.179601
PET_01,PET,237.0000,40.180206
PET_01,PET,238.0000,40.180814
PET_01,PET,239.0000,40.181426
PET_01,PET,240.0000,40.182041
PET_01,PET,241.0000,40.182661
PET_01,PET,242.0000,40.183283
PET_01,PET,243.0000,40.183910
PET_01,PET,244.0000,40.184541
PET_01,PET,245.0000,40.185175
PET_01,PET,246.0000,40.185814
PET_01,PET,247.0000,40.186456
PET_01,PET,248.0000,40.187102
PET_01,PET,249.0000,40.187752
PET_01,PET,250.0000,40.188406
PET_01,PET,251.0000,40.189065
PET_01,PET,252.0000,40.189727
PET_01,PET,253.0000,40.190394
PET_01,PET,254.0000,40.191064
PET_01,PET,255.0000,40.191739
PET_01,PET,256.0000,40.192419
PET_01,PET,257.0000,40.193102
PET_01,PET,258.0000,40.193790
PET_01,PET,259.0000,40.194482
PET_01,PET,260.0000,40.195179
PET_01,PET,261.0000,40.195880
PET_01,PET,262.0000,40.196586
PET_01,PET,263.0000,40.197296
PET_01,PET,264.0000,40.198011
PET_01,PET,265.0000,40.198731
PET_01,PET,266.0000,40.199455
PET_01,PET,267.0000,40.200184
PET_01,PET,268.0000,40.200917
PET_01,PET,269.0000,40.201656
PET_01,PET,270.0000,40.202399
PET_01,PET,271.0000,40.203148
PET_01,PET,272.0000,40.203901
PET_01,PET,273.0000,40.204659
PET_01,PET,274.0000,40.205422
PET_01,PET,275.0000,40.206191
PET_01,PET,276.0000,40.206965
PET_01,PET,277.0000,40.207743
PET_01,PET,278.0000,40.208528
PET_01,PET,279.0000,40.209317
PET_01,PET,280.0000,40.210112
PET_01,PET,281.0000,40.210912
PET_01,PET,282.0000,40.211718
PET_01,PET,283.0000,40.212529
PET_01,PET,284.0000,40.213346
PET_01,PET,285.0000,40.214169
PET_01,PET,286.0000,40.214997
PET_01,PET,287.0000,40.215831
PET_01,PET,288.0000,40.216671
PET_01,PET,289.0000,40.217517
PET_01,PET,290.0000,40.218369
PET_01,PET,291.0000,40.219227
PET_01,PET,292.0000,40.220091
PET_01,PET,293.0000,40.220961
PET_01,PET,294.0000,40.221837
PET_01,PET,295.0000,40.222720
PET_01,PET,296.0000,40.223609
PET_01,PET,297.0000,40.224504
PET_01,PET,298.0000,40.225406
PET_01,PET,299.0000,40.226314
PET_01,PET,300.0000,40.227229
PET_01,PET,301.0000,40.228151
PET_01,PET,302.0000,40.229080
PET_01,PET,303.0000,40.230015
PET_01,PET,304.0000,40.230957
PET_01,PET,305.0000,40.231907
PET_01,PET,306.0000,40.232863
PET_01,PET,307.0000,40.233826
PET_01,PET,308.0000,40.234797
PET_01,PET,309.0000,40.235775
PET_01,PET,310.0000,40.236761
PET_01,PET,311.0000,40.237754
PET_01,PET,312.0000,40.238754
PET_01,PET,313.0000,40.239762
PET_01,PET,314.0000,40.240778
PET_01,PET,315.0000,40.241802
PET_01,PET,316.0000,40.242833
PET_01,PET,317.0000,40.243873
PET_01,PET,318.0000,40.244921
PET_01,PET,319.0000,40.245977
PET_01,PET,320.0000,40.247041
PET_01,PET,321.0000,40.248113
PET_01,PET,322.0000,40.249194
PET_01,PET,323.0000,40.250284
PET_01,PET,324.0000,40.251382
PET_01,PET,325.0000,40.252489
PET_01,PET,326.0000,40.253605
PET_01,PET,327.0000,40.254730
PET_01,PET,328.0000,40.255864
PET_01,PET,329.0000,40.257007
PET_01,PET,330.0000,40.258160
PET_01,PET,331.0000,40.259322
PET_01,PET,332.0000,40.260494
PET_01,PET,333.0000,40.261675
PET_01,PET,334.0000,40.262866
PET_01,PET,335.0000,40.264067
PET_01,PET,336.0000,40.265278
PET_01,PET,337.0000,40.266499
PET_01,PET,338.0000,40.267730
PET_01,PET,339.0000,40.268972
PET_01,PET,340.0000,40.270224
PET_01,PET,341.0000,40.271487
PET_01,PET,342.0000,40.272761
PET_01,PET,343.0000,40.274045
PET_01,PET,344.0000,40.275341
PET_01,PET,345.0000,40.276648
PET_01,PET,346.0000,40.277966
PET_01,PET,347.0000,40.279296
PET_01,PET,348.0000,40.280638
PET_01,PET,349.0000,40.281991
PET_01,PET,350.0000,40.283356
PET_01,PET,351.0000,40.284733
PET_01,PET,352.0000,40.286123
PET_01,PET,353.0000,40.287525
PET_01,PET,354.0000,40.288940
PET_01,PET,355.0000,40.290367
PET_01,PET,356.0000,40.291807
PET_01,PET,357.0000,40.293261
PET_01,PET,358.0000,40.294728
PET_01,PET,359.0000,40.296208
PET_01,PET,360.0000,40.297702
PET_01,PET,361.0000,40.299209
PET_01,PET,362.0000,40.300731
PET_01,PET,363.0000,40.302267
PET_01,PET,364.0000,40.303817
PET_01,PET,365.0000,40.305382
PET_01,PET,366.0000,40.306962
PET_01,PET,367.0000,40.308557
PET_01,PET,368.0000,40.310167
PET_01,PET,369.0000,40.311792
PET_01,PET,370.0000,40.313433
PET_01,PET,371.0000,40.315090
PET_01,PET,372.0000,40.316763
PET_01,PET,373.0000,40.318452
PET_01,PET,374.0000,40.320158
PET_01,PET,375.0000,40.321881
PET_01,PET,376.0000,40.323621
PET_01,PET,377.0000,40.325378
PET_01,PET,378.0000,40.327153
PET_01,PET,379.0000,40.328945
PET_01,PET,380.0000,40.330756
PET_01,PET,381.0000,40.332585
PET_01,PET,382.0000,40.334433
PET_01,PET,383.0000,40.336299
PET_01,PET,384.0000,40.338185
PET_01,PET,385.0000,40.340090
PET_01,PET,386.0000,40.342015
PET_01,PET,387.0000,40.343960
PET_01,PET,388.0000,40.345925
PET_01,PET,389.0000,40.347911
PET_01,PET,390.0000,40.349918
PET_01,PET,391.0000,40.351947
PET_01,PET,392.0000,40.353997
PET_01,PET,393.0000,40.356069
PET_01,PET,394.0000,40.358163
PET_01,PET,395.0000,40.360280
PET_01,PET,396.0000,40.362421
PET_01,PET,397.0000,40.364584
PET_01,PET,398.0000,40.366772
PET_01,PET,399.0000,40.368983
PET_01,PET,400.0000,40.371220
PET_01,PET,401.0000,40.373481
PET_01,PET,402.0000,40.375768
PET_01,PET,403.0000,40.378080
PET_01,PET,404.0000,40.380419
PET_01,PET,405.0000,40.382784
PET_01,PET,406.0000,40.385177
PET_01,PET,407.0000,40.387597
PET_01,PET,408.0000,40.390045
PET_01,PET,409.0000,40.392521
PET_01,PET,410.0000,40.395027
PET_01,PET,411.0000,40.397562
PET_01,PET,412.0000,40.400127
PET_01,PET,413.0000,40.402723
PET_01,PET,414.0000,40.405350
PET_01,PET,415.0000,40.408008
PET_01,PET,416.0000,40.410699
PET_01,PET,417.0000,40.413422
PET_01,PET,418.0000,40.416178
PET_01,PET,419.0000,40.418968
PET_01,PET,420.0000,40.421793
PET_01,PET,421.0000,40.424653
PET_01,PET,422.0000,40.427549
PET_01,PET,423.0000,40.430481
PET_01,PET,424.0000,40.433450
PET_01,PET,425.0000,40.436457
PET_01,PET,426.0000,40.439502
PET_01,PET,427.0000,40.442587
PET_01,PET,428.0000,40.445711
PET_01,PET,429.0000,40.448876
PET_01,PET,430.0000,40.452082
PET_01,PET,431.0000,40.455331
PET_01,PET,432.0000,40.458622
PET_01,PET,433.0000,40.461957
PET_01,PET,434.0000,40.465337
PET_01,PET,435.0000,40.468763
PET_01,PET,436.0000,40.472234
PET_01,PET,437.0000,40.475754
PET_01,PET,438.0000,40.479321
PET_01,PET,439.0000,40.482937
PET_01,PET,440.0000,40.486604
PET_01,PET,441.0000,40.490322
PET_01,PET,442.0000,40.494092
PET_01,PET,443.0000,40.497916
PET_01,PET,444.0000,40.501794
PET_01,PET,445.0000,40.505727
PET_01,PET,446.0000,40.509717
PET_01,PET,447.0000,40.513764
PET_01,PET,448.0000,40.517871
PET_01,PET,449.0000,40.522038
PET_01,PET,450.0000,40.526266
PET_01,PET,451.0000,40.530558
PET_01,PET,452.0000,40.534913
PET_01,PET,453.0000,40.539334
PET_01,PET,454.0000,40.543822
PET_01,PET,455.0000,40.548378
PET_01,PET,456.0000,40.553004
PET_01,PET,457.0000,40.557702
PET_01,PET,458.0000,40.562473
PET_01,PET,459.0000,40.567318
PET_01,PET,460.0000,40.572240
PET_01,PET,461.0000,40.577240
PET_01,PET,462.0000,40.582320
PET_01,PET,463.0000,40.587481
PET_01,PET,464.0000,40.592726
PET_01,PET,465.0000,40.598056
PET_01,PET,466.0000,40.603474
PET_01,PET,467.0000,40.608981
PET_01,PET,468.0000,40.614580
PET_01,PET,469.0000,40.620273
PET_01,PET,470.0000,40.626062
PET_01,PET,471.0000,40.631950
PET_01,PET,472.0000,40.637938
PET_01,PET,473.0000,40.644029
PET_01,PET,474.0000,40.650226
PET_01,PET,475.0000,40.656531
PET_01,PET,476.0000,40.662948
PET_01,PET,477.0000,40.669478
PET_01,PET,478.0000,40.676126
PET_01,PET,479.0000,40.682893
PET_01,PET,480.0000,40.689782
PET_01,PET,481.0000,40.696798
PET_01,PET,482.0000,40.703943
PET_01,PET,483.0000,40.711220
PET_01,PET,484.0000,40.718634
PET_01,PET,485.0000,40.726187
PET_01,PET,486.0000,40.733884
PET_01,PET,487.0000,40.741728
PET_01,PET,488.0000,40.749723
PET_01,PET,489.0000,40.757873
PET_01,PET,490.0000,40.766184
PET_01,PET,491.0000,40.774658
PET_01,PET,492.0000,40.783302
PET_01,PET,493.0000,40.792118
PET_01,PET,494.0000,40.801113
PET_01,PET,495.0000,40.810292
PET_01,PET,496.0000,40.819659
PET_01,PET,497.0000,40.829221
PET_01,PET,498.0000,40.838982
PET_01,PET,499.0000,40.848949
PET_01,PET,500.0000,40.859128
PET_01,PET,501.0000,40.869526
PET_01,PET,502.0000,40.880148
PET_01,PET,503.0000,40.891002
PET_01,PET,504.0000,40.902094
PET_01,PET,505.0000,40.913433
PET_01,PET,506.0000,40.925026
PET_01,PET,507.0000,40.936880
PET_01,PET,508.0000,40.949005
PET_01,PET,509.0000,40.961408
PET_01,PET,510.0000,40.974099
PET_01,PET,511.0000,40.987088
PET_01,PET,512.0000,41.000383
PET_01,PET,513.0000,41.013995
PET_01,PET,514.0000,41.027935
PET_01,PET,515.0000,41.042213
PET_01,PET,516.0000,41.056841
PET_01,PET,517.0000,41.071832
PET_01,PET,518.0000,41.087197
PET_01,PET,519.0000,41.102949
PET_01,PET,520.0000,41.119104
PET_01,PET,521.0000,41.135673
PET_01,PET,522.0000,41.152674
PET_01,PET,523.0000,41.170120
PET_01,PET,524.0000,41.188029
PET_01,PET,525.0000,41.206417
PET_01,PET,526.0000,41.225303
PET_01,PET,527.0000,41.244704
PET_01,PET,528.0000,41.264642
PET_01,PET,529.0000,41.285135
PET_01,PET,530.0000,41.306207
PET_01,PET,531.0000,41.327879
PET_01,PET,532.0000,41.350175
PET_01,PET,533.0000,41.373120
PET_01,PET,534.0000,41.396740
PET_01,PET,535.0000,41.421063
PET_01,PET,536.0000,41.446118
PET_01,PET,537.0000,41.471935
PET_01,PET,538.0000,41.498547
PET_01,PET,539.0000,41.525987
PET_01,PET,540.0000,41.554291
PET_01,PET,541.0000,41.583496
PET_01,PET,542.0000,41.613643
PET_01,PET,543.0000,41.644773
PET_01,PET,544.0000,41.676930
PET_01,PET,545.0000,41.710161
PET_01,PET,546.0000,41.744516
PET_01,PET,547.0000,41.780046
PET_01,PET,548.0000,41.816809
PET_01,PET,549.0000,41.854861
PET_01,PET,550.0000,41.894267
PET_01,PET,551.0000,41.935091
PET_01,PET,552.0000,41.977405
PET_01,PET,553.0000,42.021283
PET_01,PET,554.0000,42.066804
PET_01,PET,555.0000,42.114053
PET_01,PET,556.0000,42.163121
PET_01,PET,557.0000,42.214103
PET_01,PET,558.0000,42.267102
PET_01,PET,559.0000,42.322228
PET_01,PET,560.0000,42.379597
PET_01,PET,561.0000,42.439336
PET_01,PET,562.0000,42.501577
PET_01,PET,563.0000,42.566466
PET_01,PET,564.0000,42.634156
PET_01,PET,565.0000,42.704812
PET_01,PET,566.0000,42.778614
PET_01,PET,567.0000,42.855753
PET_01,PET,568.0000,42.936434
PET_01,PET,569.0000,43.020882
PET_01,PET,570.0000,43.109336
PET_01,PET,571.0000,43.202057
PET_01,PET,572.0000,43.299326
PET_01,PET,573.0000,43.401447
PET_01,PET,574.0000,43.508752
PET_01,PET,575.0000,43.621601
PET_01,PET,576.0000,43.740384
PET_01,PET,577.0000,43.865528
PET_01,PET,578.0000,43.997497
PET_01,PET,579.0000,44.136801
PET_01,PET,580.0000,44.283995
PET_01,PET,581.0000,44.439690
PET_01,PET,582.0000,44.604555
PET_01,PET,583.0000,44.779327
PET_01,PET,584.0000,44.964818
PET_01,PET,585.0000,45.161925
PET_01,PET,586.0000,45.371640
PET_01,PET,587.0000,45.595061
PET_01,PET,588.0000,45.833411
PET_01,PET,589.0000,46.088049
PET_01,PET,590.0000,46.360492
PET_01,PET,591.0000,46.652436
PET_01,PET,592.0000,46.965783
PET_01,PET,593.0000,47.302671
PET_01,PET,594.0000,47.665510
PET_01,PET,595.0000,48.057022
PET_01,PET,596.0000,48.480292
PET_01,PET,597.0000,48.938829
PET_01,PET,598.0000,49.436634
PET_01,PET,599.0000,49.978285
PET_01,PET,600.0000,50.569037
PET_01,PET,601.0000,51.214949
PET_01,PET,602.0000,51.923027
PET_01,PET,603.0000,52.701409
PET_01,PET,604.0000,53.559587
PET_01,PET,605.0000,54.508680
PET_01,PET,606.0000,55.561771
PET_01,PET,607.0000,56.734333
PET_01,PET,608.0000,58.044755
PET_01,PET,609.0000,59.515007
PET_01,PET,610.0000,61.171482
PET_01,PET,611.0000,63.046073
PET_01,PET,612.0000,65.177543
PET_01,PET,613.0000,67.613291
PET_01,PET,614.0000,70.411645
PET_01,PET,615.0000,73.644824
PET_01,PET,616.0000,77.402791
PET_01,PET,617.0000,81.798261
PET_01,PET,618.0000,86.973161
PET_01,PET,619.0000,93.106876
PET_01,PET,620.0000,100.426489
PET_01,PET,621.0000,109.218865
PET_01,PET,622.0000,119.843415
PET_01,PET,623.0000,132.741965
PET_01,PET,624.0000,148.436924
PET_01,PET,625.0000,167.498428
PET_01,PET,626.0000,190.442314
PET_01,PET,627.0000,217.494234
PET_01,PET,628.0000,248.140131
PET_01,PET,629.0000,280.450624
PET_01,PET,630.0000,310.453456
PET_01,PET,631.0000,332.348212
PET_01,PET,632.0000,340.459216
PET_01,PET,633.0000,332.354038
PET_01,PET,634.0000,310.465109
PET_01,PET,635.0000,280.468106
PET_01,PET,636.0000,248.163445
PET_01,PET,637.0000,217.523385
PET_01,PET,638.0000,190.477307
PET_01,PET,639.0000,167.539270
PET_01,PET,640.0000,148.483623
PET_01,PET,641.0000,132.794529
PET_01,PET,642.0000,119.901854
PET_01,PET,643.0000,109.283189
PET_01,PET,644.0000,100.496712
PET_01,PET,645.0000,93.183010
PET_01,PET,646.0000,87.055220
PET_01,PET,647.0000,81.886261
PET_01,PET,648.0000,77.496749
PET_01,PET,649.0000,73.744757
PET_01,PET,650.0000,70.517573
PET_01,PET,651.0000,67.725233
PET_01,PET,652.0000,65.295520
PET_01,PET,653.0000,63.170109
PET_01,PET,654.0000,61.301600
PET_01,PET,655.0000,59.651232
PET_01,PET,656.0000,58.187113
PET_01,PET,657.0000,56.882852
PET_01,PET,658.0000,55.716480
PET_01,PET,659.0000,54.669608
PET_01,PET,660.0000,53.726767
PET_01,PET,661.0000,52.874872
PET_01,PET,662.0000,52.102807
PET_01,PET,663.0000,51.401082
PET_01,PET,664.0000,50.761561
PET_01,PET,665.0000,50.177237
PET_01,PET,666.0000,49.642054
PET_01,PET,667.0000,49.150758
PET_01,PET,668.0000,48.698772
PET_01,PET,669.0000,48.282097
PET_01,PET,670.0000,47.897227
PET_01,PET,671.0000,47.541077
PET_01,PET,672.0000,47.210926
PET_01,PET,673.0000,46.904367
PET_01,PET,674.0000,46.619263
PET_01,PET,675.0000,46.353714
PET_01,PET,676.0000,46.106026
PET_01,PET,677.0000,45.874683
PET_01,PET,678.0000,45.658327
PET_01,PET,679.0000,45.455740
PET_01,PET,680.0000,45.265823
PET_01,PET,681.0000,45.087586
PET_01,PET,682.0000,44.920135
PET_01,PET,683.0000,44.762661
PET_01,PET,684.0000,44.614427
PET_01,PET,685.0000,44.474767
PET_01,PET,686.0000,44.343072
PET_01,PET,687.0000,44.218789
PET_01,PET,688.0000,44.101412
PET_01,PET,689.0000,43.990477
PET_01,PET,690.0000,43.885561
PET_01,PET,691.0000,43.786275
PET_01,PET,692.0000,43.692262
PET_01,PET,693.0000,43.603194
PET_01,PET,694.0000,43.518769
PET_01,PET,695.0000,43.438707
PET_01,PET,696.0000,43.362752
PET_01,PET,697.0000,43.290666
PET_01,PET,698.0000,43.222229
PET_01,PET,699.0000,43.157237
PET_01,PET,700.0000,43.095503
PET_01,PET,701.0000,43.036851
PET_01,PET,702.0000,42.981119
PET_01,PET,703.0000,42.928156
PET_01,PET,704.0000,42.877822
PET_01,PET,705.0000,42.829986
PET_01,PET,706.0000,42.784527
PET_01,PET,707.0000,42.741331
PET_01,PET,708.0000,42.700292
PET_01,PET,709.0000,42.661314
PET_01,PET,710.0000,42.624302
PET_01,PET,711.0000,42.589172
PET_01,PET,712.0000,42.555844
PET_01,PET,713.0000,42.524242
PET_01,PET,714.0000,42.494297
PET_01,PET,715.0000,42.465943
PET_01,PET,716.0000,42.439120
PET_01,PET,717.0000,42.413770
PET_01,PET,718.0000,42.389839
PET_01,PET,719.0000,42.367278
PET_01,PET,720.0000,42.346041
PET_01,PET,721.0000,42.326084
PET_01,PET,722.0000,42.307367
PET_01,PET,723.0000,42.289851
PET_01,PET,724.0000,42.273502
PET_01,PET,725.0000,42.258286
PET_01,PET,726.0000,42.244175
PET_01,PET,727.0000,42.231139
PET_01,PET,728.0000,42.219152
PET_01,PET,729.0000,42.208191
PET_01,PET,730.0000,42.198233
PET_01,PET,731.0000,42.189259
PET_01,PET,732.0000,42.181249
PET_01,PET,733.0000,42.174186
PET_01,PET,734.0000,42.168057
PET_01,PET,735.0000,42.162847
PET_01,PET,736.0000,42.158544
PET_01,PET,737.0000,42.155137
PET_01,PET,738.0000,42.152618
PET_01,PET,739.0000,42.150979
PET_01,PET,740.0000,42.150214
PET_01,PET,741.0000,42.150317
PET_01,PET,742.0000,42.151286
PET_01,PET,743.0000,42.153117
PET_01,PET,744.0000,42.155811
PET_01,PET,745.0000,42.159367
PET_01,PET,746.0000,42.163787
PET_01,PET,747.0000,42.169075
PET_01,PET,748.0000,42.175235
PET_01,PET,749.0000,42.182272
PET_01,PET,750.0000,42.190194
PET_01,PET,751.0000,42.199010
PET_01,PET,752.0000,42.208728
PET_01,PET,753.0000,42.219361
PET_01,PET,754.0000,42.230921
PET_01,PET,755.0000,42.243423
PET_01,PET,756.0000,42.256882
PET_01,PET,757.0000,42.271317
PET_01,PET,758.0000,42.286746
PET_01,PET,759.0000,42.303189
PET_01,PET,760.0000,42.320671
PET_01,PET,761.0000,42.339215
PET_01,PET,762.0000,42.358848
PET_01,PET,763.0000,42.379598
PET_01,PET,764.0000,42.401496
PET_01,PET,765.0000,42.424575
PET_01,PET,766.0000,42.448871
PET_01,PET,767.0000,42.474421
PET_01,PET,768.0000,42.501266
PET_01,PET,769.0000,42.529449
PET_01,PET,770.0000,42.559017
PET_01,PET,771.0000,42.590018
PET_01,PET,772.0000,42.622505
PET_01,PET,773.0000,42.656535
PET_01,PET,774.0000,42.692168
PET_01,PET,775.0000,42.729469
PET_01,PET,776.0000,42.768504
PET_01,PET,777.0000,42.809348
PET_01,PET,778.0000,42.852078
PET_01,PET,779.0000,42.896779
PET_01,PET,780.0000,42.943538
PET_01,PET,781.0000,42.992450
PET_01,PET,782.0000,43.043619
PET_01,PET,783.0000,43.097151
PET_01,PET,784.0000,43.153165
PET_01,PET,785.0000,43.211783
PET_01,PET,786.0000,43.273141
PET_01,PET,787.0000,43.337380
PET_01,PET,788.0000,43.404655
PET_01,PET,789.0000,43.475131
PET_01,PET,790.0000,43.548984
PET_01,PET,791.0000,43.626407
PET_01,PET,792.0000,43.707603
PET_01,PET,793.0000,43.792794
PET_01,PET,794.0000,43.882219
PET_01,PET,795.0000,43.976135
PET_01,PET,796.0000,44.074820
PET_01,PET,797.0000,44.178577
PET_01,PET,798.0000,44.287730
PET_01,PET,799.0000,44.402634
PET_01,PET,800.0000,44.523672
PET_01,PET,801.0000,44.651263
PET_01,PET,802.0000,44.785861
PET_01,PET,803.0000,44.927961
PET_01,PET,804.0000,45.078105
PET_01,PET,805.0000,45.236883
PET_01,PET,806.0000,45.404943
PET_01,PET,807.0000,45.582995
PET_01,PET,808.0000,45.771819
PET_01,PET,809.0000,45.972274
PET_01,PET,810.0000,46.185304
PET_01,PET,811.0000,46.411955
PET_01,PET,812.0000,46.653382
PET_01,PET,813.0000,46.910867
PET_01,PET,814.0000,47.185833
PET_01,PET,815.0000,47.479866
PET_01,PET,816.0000,47.794734
PET_01,PET,817.0000,48.132414
PET_01,PET,818.0000,48.495125
PET_01,PET,819.0000,48.885360
PET_01,PET,820.0000,49.305928
PET_01,PET,821.0000,49.760004
PET_01,PET,822.0000,50.251189
PET_01,PET,823.0000,50.783573
PET_01,PET,824.0000,51.361823
PET_01,PET,825.0000,51.991279
PET_01,PET,826.0000,52.678073
PET_01,PET,827.0000,53.429270
PET_01,PET,828.0000,54.253045
PET_01,PET,829.0000,55.158891
PET_01,PET,830.0000,56.157882
PET_01,PET,831.0000,57.262986
PET_01,PET,832.0000,58.489470
PET_01,PET,833.0000,59.855383
PET_01,PET,834.0000,61.382177
PET_01,PET,835.0000,63.095484
PET_01,PET,836.0000,65.026097
PET_01,PET,837.0000,67.211222
PET_01,PET,838.0000,69.696081
PET_01,PET,839.0000,72.535974
PET_01,PET,840.0000,75.798949
PET_01,PET,841.0000,79.569261
PET_01,PET,842.0000,83.951866
PET_01,PET,843.0000,89.078263
PET_01,PET,844.0000,95.114036
PET_01,PET,845.0000,102.268466
PET_01,PET,846.0000,110.806480
PET_01,PET,847.0000,121.062756
PET_01,PET,848.0000,133.456606
PET_01,PET,849.0000,148.503493
PET_01,PET,850.0000,166.812893
PET_01,PET,851.0000,189.049964
PET_01,PET,852.0000,215.816517
PET_01,PET,853.0000,247.375811
PET_01,PET,854.0000,283.128114
PET_01,PET,855.0000,320.822479
PET_01,PET,856.0000,355.824607
PET_01,PET,857.0000,381.367346
PET_01,PET,858.0000,390.829076
PET_01,PET,859.0000,381.371957
PET_01,PET,860.0000,355.833829
PET_01,PET,861.0000,320.836314
PET_01,PET,862.0000,283.146563
PET_01,PET,863.0000,247.398877
PET_01,PET,864.0000,215.844202
PET_01,PET,865.0000,189.082271
PET_01,PET,866.0000,166.849827
PET_01,PET,867.0000,148.545058
PET_01,PET,868.0000,133.502808
PET_01,PET,869.0000,121.113600
PET_01,PET,870.0000,110.861973
PET_01,PET,871.0000,102.328614
PET_01,PET,872.0000,95.178847
PET_01,PET,873.0000,89.147745
PET_01,PET,874.0000,84.026027
PET_01,PET,875.0000,79.648111
PET_01,PET,876.0000,75.882499
PET_01,PET,877.0000,72.624232
PET_01,PET,878.0000,69.789059
PET_01,PET,879.0000,67.308933
PET_01,PET,880.0000,65.128552
PET_01,PET,881.0000,63.202696
PET_01,PET,882.0000,61.494159
PET_01,PET,883.0000,59.972150
PET_01,PET,884.0000,58.611036
PET_01,PET,885.0000,57.389368
PET_01,PET,886.0000,56.289094
PET_01,PET,887.0000,55.294951
PET_01,PET,888.0000,54.393969
PET_01,PET,889.0000,53.575077
PET_01,PET,890.0000,52.828781
PET_01,PET,891.0000,52.146908
PET_01,PET,892.0000,51.522392
PET_01,PET,893.0000,50.949104
PET_01,PET,894.0000,50.421702
PET_01,PET,895.0000,49.935523
PET_01,PET,896.0000,49.486473
PET_01,PET,897.0000,49.070956
PET_01,PET,898.0000,48.685796
PET_01,PET,899.0000,48.328185
PET_01,PET,900.0000,47.995630
PET_01,PET,901.0000,47.685914
PET_01,PET,902.0000,47.397060
PET_01,PET,903.0000,47.127301
PET_01,PET,904.0000,46.875051
PET_01,PET,905.0000,46.638888
PET_01,PET,906.0000,46.417532
PET_01,PET,907.0000,46.209828
PET_01,PET,908.0000,46.014731
PET_01,PET,909.0000,45.831297
PET_01,PET,910.0000,45.658669
PET_01,PET,911.0000,45.496066
PET_01,PET,912.0000,45.342781
PET_01,PET,913.0000,45.198167
PET_01,PET,914.0000,45.061633
PET_01,PET,915.0000,44.932638
PET_01,PET,916.0000,44.810690
PET_01,PET,917.0000,44.695333
PET_01,PET,918.0000,44.586152
PET_01,PET,919.0000,44.482763
PET_01,PET,920.0000,44.384813
PET_01,PET,921.0000,44.291977
PET_01,PET,922.0000,44.203955
PET_01,PET,923.0000,44.120470
PET_01,PET,924.0000,44.041264
PET_01,PET,925.0000,43.966102
PET_01,PET,926.0000,43.894761
PET_01,PET,927.0000,43.827039
PET_01,PET,928.0000,43.762745
PET_01,PET,929.0000,43.701704
PET_01,PET,930.0000,43.643751
PET_01,PET,931.0000,43.588734
PET_01,PET,932.0000,43.536511
PET_01,PET,933.0000,43.486949
PET_01,PET,934.0000,43.439926
PET_01,PET,935.0000,43.395326
PET_01,PET,936.0000,43.353041
PET_01,PET,937.0000,43.312971
PET_01,PET,938.0000,43.275022
PET_01,PET,939.0000,43.239107
PET_01,PET,940.0000,43.205143
PET_01,PET,941.0000,43.173054
PET_01,PET,942.0000,43.142769
PET_01,PET,943.0000,43.114219
PET_01,PET,944.0000,43.087342
PET_01,PET,945.0000,43.062080
PET_01,PET,946.0000,43.038378
PET_01,PET,947.0000,43.016184
PET_01,PET,948.0000,42.995451
PET_01,PET,949.0000,42.976133
PET_01,PET,950.0000,42.958189
PET_01,PET,951.0000,42.941580
PET_01,PET,952.0000,42.926270
PET_01,PET,953.0000,42.912225
PET_01,PET,954.0000,42.899414
PET_01,PET,955.0000,42.887806
PET_01,PET,956.0000,42.877377
PET_01,PET,957.0000,42.868100
PET_01,PET,958.0000,42.859952
PET_01,PET,959.0000,42.852914
PET_01,PET,960.0000,42.846965
PET_01,PET,961.0000,42.842087
PET_01,PET,962.0000,42.838267
PET_01,PET,963.0000,42.835488
PET_01,PET,964.0000,42.833739
PET_01,PET,965.0000,42.833008
PET_01,PET,966.0000,42.833286
PET_01,PET,967.0000,42.834565
PET_01,PET,968.0000,42.836838
PET_01,PET,969.0000,42.840099
PET_01,PET,970.0000,42.844345
PET_01,PET,971.0000,42.849573
PET_01,PET,972.0000,42.855781
PET_01,PET,973.0000,42.862969
PET_01,PET,974.0000,42.871140
PET_01,PET,975.0000,42.880294
PET_01,PET,976.0000,42.890436
PET_01,PET,977.0000,42.901572
PET_01,PET,978.0000,42.913707
PET_01,PET,979.0000,42.926849
PET_01,PET,980.0000,42.941007
PET_01,PET,981.0000,42.956192
PET_01,PET,982.0000,42.972416
PET_01,PET,983.0000,42.989691
PET_01,PET,984.0000,43.008032
PET_01,PET,985.0000,43.027456
PET_01,PET,986.0000,43.047978
PET_01,PET,987.0000,43.069620
PET_01,PET,988.0000,43.092401
PET_01,PET,989.0000,43.116343
PET_01,PET,990.0000,43.141471
PET_01,PET,991.0000,43.167810
PET_01,PET,992.0000,43.195387
PET_01,PET,993.0000,43.224232
PET_01,PET,994.0000,43.254377
PET_01,PET,995.0000,43.285854
PET_01,PET,996.0000,43.318699
PET_01,PET,997.0000,43.352950
PET_01,PET,998.0000,43.388647
PET_01,PET,999.0000,43.425833
PET_01,PET,1000.0000,43.464553
PET_01,PET,1001.0000,43.504855
PET_01,PET,1002.0000,43.546790
PET_01,PET,1003.0000,43.590411
PET_01,PET,1004.0000,43.635776
PET_01,PET,1005.0000,43.682946
PET_01,PET,1006.0000,43.731984
PET_01,PET,1007.0000,43.782958
PET_01,PET,1008.0000,43.835942
PET_01,PET,1009.0000,43.891010
PET_01,PET,1010.0000,43.948244
PET_01,PET,1011.0000,44.007731
PET_01,PET,1012.0000,44.069560
PET_01,PET,1013.0000,44.133829
PET_01,PET,1014.0000,44.200641
PET_01,PET,1015.0000,44.270104
PET_01,PET,1016.0000,44.342334
PET_01,PET,1017.0000,44.417455
PET_01,PET,1018.0000,44.495597
PET_01,PET,1019.0000,44.576900
PET_01,PET,1020.0000,44.661511
PET_01,PET,1021.0000,44.749590
PET_01,PET,1022.0000,44.841304
PET_01,PET,1023.0000,44.936834
PET_01,PET,1024.0000,45.036371
PET_01,PET,1025.0000,45.140121
PET_01,PET,1026.0000,45.248303
PET_01,PET,1027.0000,45.361151
PET_01,PET,1028.0000,45.478917
PET_01,PET,1029.0000,45.601870
PET_01,PET,1030.0000,45.730301
PET_01,PET,1031.0000,45.864518
PET_01,PET,1032.0000,46.004857
PET_01,PET,1033.0000,46.151677
PET_01,PET,1034.0000,46.305365
PET_01,PET,1035.0000,46.466339
PET_01,PET,1036.0000,46.635050
PET_01,PET,1037.0000,46.811986
PET_01,PET,1038.0000,46.997674
PET_01,PET,1039.0000,47.192686
PET_01,PET,1040.0000,47.397644
PET_01,PET,1041.0000,47.613223
PET_01,PET,1042.0000,47.840156
PET_01,PET,1043.0000,48.079244
PET_01,PET,1044.0000,48.331362
PET_01,PET,1045.0000,48.597463
PET_01,PET,1046.0000,48.878594
PET_01,PET,1047.0000,49.175903
PET_01,PET,1048.0000,49.490650
PET_01,PET,1049.0000,49.824225
PET_01,PET,1050.0000,50.178157
PET_01,PET,1051.0000,50.554140
PET_01,PET,1052.0000,50.954047
PET_01,PET,1053.0000,51.379961
PET_01,PET,1054.0000,51.834194
PET_01,PET,1055.0000,52.319328
PET_01,PET,1056.0000,52.838247
PET_01,PET,1057.0000,53.394184
PET_01,PET,1058.0000,53.990771
PET_01,PET,1059.0000,54.632100
PET_01,PET,1060.0000,55.322795
PET_01,PET,1061.0000,56.068098
PET_01,PET,1062.0000,56.873970
PET_01,PET,1063.0000,57.747208
PET_01,PET,1064.0000,58.695599
PET_01,PET,1065.0000,59.728085
PET_01,PET,1066.0000,60.854987
PET_01,PET,1067.0000,62.088251
PET_01,PET,1068.0000,63.441776
PET_01,PET,1069.0000,64.931797
PET_01,PET,1070.0000,66.577368
PET_01,PET,1071.0000,68.400963
PET_01,PET,1072.0000,70.429220
PET_01,PET,1073.0000,72.693890
PET_01,PET,1074.0000,75.233024
PET_01,PET,1075.0000,78.092491
PET_01,PET,1076.0000,81.327917
PET_01,PET,1077.0000,85.007181
PET_01,PET,1078.0000,89.213637
PET_01,PET,1079.0000,94.050292
PET_01,PET,1080.0000,99.645232
PET_01,PET,1081.0000,106.158666
PET_01,PET,1082.0000,113.792017
PET_01,PET,1083.0000,122.799509
PET_01,PET,1084.0000,133.502564
PET_01,PET,1085.0000,146.306795
PET_01,PET,1086.0000,161.719956
PET_01,PET,1087.0000,180.365859
PET_01,PET,1088.0000,202.981932
PET_01,PET,1089.0000,230.373374
PET_01,PET,1090.0000,263.270496
PET_01,PET,1091.0000,301.998700
PET_01,PET,1092.0000,345.849426
PET_01,PET,1093.0000,392.134625
PET_01,PET,1094.0000,435.308609
PET_01,PET,1095.0000,467.269186
PET_01,PET,1096.0000,480.092381
PET_01,PET,1097.0000,470.399183
PET_01,PET,1098.0000,441.626891
PET_01,PET,1099.0000,401.760213
PET_01,PET,1100.0000,358.967135
PET_01,PET,1101.0000,318.867143
PET_01,PET,1102.0000,284.233593
PET_01,PET,1103.0000,255.876129
PET_01,PET,1104.0000,233.591555
PET_01,PET,1105.0000,216.799630
PET_01,PET,1106.0000,204.881547
PET_01,PET,1107.0000,197.333021
PET_01,PET,1108.0000,193.822361
PET_01,PET,1109.0000,194.205807
PET_01,PET,1110.0000,198.523574
PET_01,PET,1111.0000,206.980157
PET_01,PET,1112.0000,219.894557
PET_01,PET,1113.0000,237.583914
PET_01,PET,1114.0000,260.116081
PET_01,PET,1115.0000,286.851056
PET_01,PET,1116.0000,315.758354
PET_01,PET,1117.0000,342.784063
PET_01,PET,1118.0000,362.061408
PET_01,PET,1119.0000,367.860450
PET_01,PET,1120.0000,357.704111
PET_01,PET,1121.0000,333.987875
PET_01,PET,1122.0000,302.356662
PET_01,PET,1123.0000,268.585149
PET_01,PET,1124.0000,236.623934
PET_01,PET,1125.0000,208.384086
PET_01,PET,1126.0000,184.364099
PET_01,PET,1127.0000,164.325038
PET_01,PET,1128.0000,147.739677
PET_01,PET,1129.0000,134.028073
PET_01,PET,1130.0000,122.659344
PET_01,PET,1131.0000,113.184309
PET_01,PET,1132.0000,105.237152
PET_01,PET,1133.0000,98.525413
PET_01,PET,1134.0000,92.817102
PET_01,PET,1135.0000,87.928521
PET_01,PET,1136.0000,83.713934
PET_01,PET,1137.0000,80.057260
PET_01,PET,1138.0000,76.865549
PET_01,PET,1139.0000,74.063924
PET_01,PET,1140.0000,71.591691
PET_01,PET,1141.0000,69.399331
PET_01,PET,1142.0000,67.446183
PET_01,PET,1143.0000,65.698654
PET_01,PET,1144.0000,64.128817
PET_01,PET,1145.0000,62.713319
PET_01,PET,1146.0000,61.432525
PET_01,PET,1147.0000,60.269832
PET_01,PET,1148.0000,59.211132
PET_01,PET,1149.0000,58.244378
PET_01,PET,1150.0000,57.359231
PET_01,PET,1151.0000,56.546784
PET_01,PET,1152.0000,55.799326
PET_01,PET,1153.0000,55.110158
PET_01,PET,1154.0000,54.473436
PET_01,PET,1155.0000,53.884044
PET_01,PET,1156.0000,53.337489
PET_01,PET,1157.0000,52.829808
PET_01,PET,1158.0000,52.357501
PET_01,PET,1159.0000,51.917460
PET_01,PET,1160.0000,51.506926
PET_01,PET,1161.0000,51.123434
PET_01,PET,1162.0000,50.764784
PET_01,PET,1163.0000,50.429004
PET_01,PET,1164.0000,50.114319
PET_01,PET,1165.0000,49.819137
PET_01,PET,1166.0000,49.542017
PET_01,PET,1167.0000,49.281660
PET_01,PET,1168.0000,49.036887
PET_01,PET,1169.0000,48.806630
PET_01,PET,1170.0000,48.589919
PET_01,PET,1171.0000,48.385869
PET_01,PET,1172.0000,48.193677
PET_01,PET,1173.0000,48.012607
PET_01,PET,1174.0000,47.841988
PET_01,PET,1175.0000,47.681205
PET_01,PET,1176.0000,47.529698
PET_01,PET,1177.0000,47.386950
PET_01,PET,1178.0000,47.252489
PET_01,PET,1179.0000,47.125881
PET_01,PET,1180.0000,47.006727
PET_01,PET,1181.0000,46.894663
PET_01,PET,1182.0000,46.789352
PET_01,PET,1183.0000,46.690484
PET_01,PET,1184.0000,46.597778
PET_01,PET,1185.0000,46.510971
PET_01,PET,1186.0000,46.429826
PET_01,PET,1187.0000,46.354124
PET_01,PET,1188.0000,46.283664
PET_01,PET,1189.0000,46.218263
PET_01,PET,1190.0000,46.157754
PET_01,PET,1191.0000,46.101986
PET_01,PET,1192.0000,46.050821
PET_01,PET,1193.0000,46.004136
PET_01,PET,1194.0000,45.961820
PET_01,PET,1195.0000,45.923773
PET_01,PET,1196.0000,45.889909
PET_01,PET,1197.0000,45.860152
PET_01,PET,1198.0000,45.834437
PET_01,PET,1199.0000,45.812709
PET_01,PET,1200.0000,45.794924
PET_01,PET,1201.0000,45.781046
PET_01,PET,1202.0000,45.771053
PET_01,PET,1203.0000,45.764927
PET_01,PET,1204.0000,45.762665
PET_01,PET,1205.0000,45.764269
PET_01,PET,1206.0000,45.769754
PET_01,PET,1207.0000,45.779143
PET_01,PET,1208.0000,45.792470
PET_01,PET,1209.0000,45.809777
PET_01,PET,1210.0000,45.831119
PET_01,PET,1211.0000,45.856560
PET_01,PET,1212.0000,45.886174
PET_01,PET,1213.0000,45.920049
PET_01,PET,1214.0000,45.958283
PET_01,PET,1215.0000,46.000987
PET_01,PET,1216.0000,46.048285
PET_01,PET,1217.0000,46.100315
PET_01,PET,1218.0000,46.157231
PET_01,PET,1219.0000,46.219199
PET_01,PET,1220.0000,46.286407
PET_01,PET,1221.0000,46.359056
PET_01,PET,1222.0000,46.437368
PET_01,PET,1223.0000,46.521587
PET_01,PET,1224.0000,46.611977
PET_01,PET,1225.0000,46.708827
PET_01,PET,1226.0000,46.812454
PET_01,PET,1227.0000,46.923199
PET_01,PET,1228.0000,47.041438
PET_01,PET,1229.0000,47.167578
PET_01,PET,1230.0000,47.302065
PET_01,PET,1231.0000,47.445383
PET_01,PET,1232.0000,47.598061
PET_01,PET,1233.0000,47.760679
PET_01,PET,1234.0000,47.933868
PET_01,PET,1235.0000,48.118318
PET_01,PET,1236.0000,48.314787
PET_01,PET,1237.0000,48.524103
PET_01,PET,1238.0000,48.747178
PET_01,PET,1239.0000,48.985012
PET_01,PET,1240.0000,49.238705
PET_01,PET,1241.0000,49.509471
PET_01,PET,1242.0000,49.798649
PET_01,PET,1243.0000,50.107720
PET_01,PET,1244.0000,50.438324
PET_01,PET,1245.0000,50.792280
PET_01,PET,1246.0000,51.171614
PET_01,PET,1247.0000,51.578578
PET_01,PET,1248.0000,52.015692
PET_01,PET,1249.0000,52.485771
PET_01,PET,1250.0000,52.991976
PET_01,PET,1251.0000,53.537861
PET_01,PET,1252.0000,54.127432
PET_01,PET,1253.0000,54.765219
PET_01,PET,1254.0000,55.456355
PET_01,PET,1255.0000,56.206681
PET_01,PET,1256.0000,57.022858
PET_01,PET,1257.0000,57.912507
PET_01,PET,1258.0000,58.884383
PET_01,PET,1259.0000,59.948576
PET_01,PET,1260.0000,61.116758
PET_01,PET,1261.0000,62.402488
PET_01,PET,1262.0000,63.821578
PET_01,PET,1263.0000,65.392556
PET_01,PET,1264.0000,67.137223
PET_01,PET,1265.0000,69.081363
PET_01,PET,1266.0000,71.255620
PET_01,PET,1267.0000,73.696607
PET_01,PET,1268.0000,76.448311
PET_01,PET,1269.0000,79.563882
PET_01,PET,1270.0000,83.107922
PET_01,PET,1271.0000,87.159430
PET_01,PET,1272.0000,91.815615
PET_01,PET,1273.0000,97.196840
PET_01,PET,1274.0000,103.453043
PET_01,PET,1275.0000,110.772079
PET_01,PET,1276.0000,119.390496
PET_01,PET,1277.0000,129.607266
PET_01,PET,1278.0000,141.800860
PET_01,PET,1279.0000,156.449388
PET_01,PET,1280.0000,174.151867
PET_01,PET,1281.0000,195.644676
PET_01,PET,1282.0000,221.798496
PET_01,PET,1283.0000,253.563556
PET_01,PET,1284.0000,291.799586
PET_01,PET,1285.0000,336.882674
PET_01,PET,1286.0000,387.956062
PET_01,PET,1287.0000,441.804116
PET_01,PET,1288.0000,491.806411
PET_01,PET,1289.0000,528.295593
PET_01,PET,1290.0000,541.812205
PET_01,PET,1291.0000,528.302200
PET_01,PET,1292.0000,491.819637
PET_01,PET,1293.0000,441.823980
PET_01,PET,1294.0000,387.982596
PET_01,PET,1295.0000,336.915920
PET_01,PET,1296.0000,291.839597
PET_01,PET,1297.0000,253.610395
PET_01,PET,1298.0000,221.852239
PET_01,PET,1299.0000,195.705407
PET_01,PET,1300.0000,174.219683
PET_01,PET,1301.0000,156.524397
PET_01,PET,1302.0000,141.883185
PET_01,PET,1303.0000,129.697038
PET_01,PET,1304.0000,119.487860
PET_01,PET,1305.0000,110.877194
PET_01,PET,1306.0000,103.566080
PET_01,PET,1307.0000,97.317984
PET_01,PET,1308.0000,91.945067
PET_01,PET,1309.0000,87.297403
PET_01,PET,1310.0000,83.254647
PET_01,PET,1311.0000,79.719605
PET_01,PET,1312.0000,76.613294
PET_01,PET,1313.0000,73.871130
PET_01,PET,1314.0000,71.439981
PET_01,PET,1315.0000,69.275880
PET_01,PET,1316.0000,67.342233
PET_01,PET,1317.0000,65.608417
PET_01,PET,1318.0000,64.048671
PET_01,PET,1319.0000,62.641215
PET_01,PET,1320.0000,61.367547
PET_01,PET,1321.0000,60.211880
PET_01,PET,1322.0000,59.160683
PET_01,PET,1323.0000,58.202311
PET_01,PET,1324.0000,57.326704
PET_01,PET,1325.0000,56.525141
PET_01,PET,1326.0000,55.790033
PET_01,PET,1327.0000,55.114755
PET_01,PET,1328.0000,54.493505
PET_01,PET,1329.0000,53.921188
PET_01,PET,1330.0000,53.393318
PET_01,PET,1331.0000,52.905934
PET_01,PET,1332.0000,52.455531
PET_01,PET,1333.0000,52.039000
PET_01,PET,1334.0000,51.653579
PET_01,PET,1335.0000,51.296808
PET_01,PET,1336.0000,50.966495
PET_01,PET,1337.0000,50.660685
PET_01,PET,1338.0000,50.377627
PET_01,PET,1339.0000,50.115757
PET_01,PET,1340.0000,49.873678
PET_01,PET,1341.0000,49.650138
PET_01,PET,1342.0000,49.444017
PET_01,PET,1343.0000,49.254315
PET_01,PET,1344.0000,49.080141
PET_01,PET,1345.0000,48.920702
PET_01,PET,1346.0000,48.775294
PET_01,PET,1347.0000,48.643297
PET_01,PET,1348.0000,48.524165
PET_01,PET,1349.0000,48.417425
PET_01,PET,1350.0000,48.322672
PET_01,PET,1351.0000,48.239560
PET_01,PET,1352.0000,48.167806
PET_01,PET,1353.0000,48.107184
PET_01,PET,1354.0000,48.057522
PET_01,PET,1355.0000,48.018704
PET_01,PET,1356.0000,47.990668
PET_01,PET,1357.0000,47.973405
PET_01,PET,1358.0000,47.966961
PET_01,PET,1359.0000,47.971435
PET_01,PET,1360.0000,47.986987
PET_01,PET,1361.0000,48.013833
PET_01,PET,1362.0000,48.052253
PET_01,PET,1363.0000,48.102592
PET_01,PET,1364.0000,48.165268
PET_01,PET,1365.0000,48.240771
PET_01,PET,1366.0000,48.329678
PET_01,PET,1367.0000,48.432655
PET_01,PET,1368.0000,48.550467
PET_01,PET,1369.0000,48.683989
PET_01,PET,1370.0000,48.834222
PET_01,PET,1371.0000,49.002301
PET_01,PET,1372.0000,49.189517
PET_01,PET,1373.0000,49.397337
PET_01,PET,1374.0000,49.627426
PET_01,PET,1375.0000,49.881675
PET_01,PET,1376.0000,50.162235
PET_01,PET,1377.0000,50.471555
PET_01,PET,1378.0000,50.812427
PET_01,PET,1379.0000,51.188043
PET_01,PET,1380.0000,51.602061
PET_01,PET,1381.0000,52.058678
PET_01,PET,1382.0000,52.562731
PET_01,PET,1383.0000,53.119809
PET_01,PET,1384.0000,53.736387
PET_01,PET,1385.0000,54.420003
PET_01,PET,1386.0000,55.179459
PET_01,PET,1387.0000,56.025080
PET_01,PET,1388.0000,56.969026
PET_01,PET,1389.0000,58.025691
PET_01,PET,1390.0000,59.212192
PET_01,PET,1391.0000,60.548990
PET_01,PET,1392.0000,62.060680
PET_01,PET,1393.0000,63.776988
PET_01,PET,1394.0000,65.734054
PET_01,PET,1395.0000,67.976084
PET_01,PET,1396.0000,70.557483
PET_01,PET,1397.0000,73.545622
PET_01,PET,1398.0000,77.024437
PET_01,PET,1399.0000,81.099098
PET_01,PET,1400.0000,85.902044
PET_01,PET,1401.0000,91.600674
PET_01,PET,1402.0000,98.406906
PET_01,PET,1403.0000,106.588456
PET_01,PET,1404.0000,116.480752
PET_01,PET,1405.0000,128.496142
PET_01,PET,1406.0000,143.122187
PET_01,PET,1407.0000,160.890994
PET_01,PET,1408.0000,182.283991
PET_01,PET,1409.0000,207.511768
PET_01,PET,1410.0000,236.094521
PET_01,PET,1411.0000,266.231478
PET_01,PET,1412.0000,294.215183
PET_01,PET,1413.0000,314.631898
PET_01,PET,1414.0000,322.184313
PET_01,PET,1415.0000,314.602144
PET_01,PET,1416.0000,294.155647
PET_01,PET,1417.0000,266.142109
PET_01,PET,1418.0000,235.975237
PET_01,PET,1419.0000,207.362462
PET_01,PET,1420.0000,182.104528
PET_01,PET,1421.0000,160.681213
PET_01,PET,1422.0000,142.881898
PET_01,PET,1423.0000,128.225126
PET_01,PET,1424.0000,116.178762
PET_01,PET,1425.0000,106.255216
PET_01,PET,1426.0000,98.042111
PET_01,PET,1427.0000,91.203988
PET_01,PET,1428.0000,85.473099
PET_01,PET,1429.0000,80.637494
PET_01,PET,1430.0000,76.529742
PET_01,PET,1431.0000,73.017371
PET_01,PET,1432.0000,69.995174
PET_01,PET,1433.0000,67.379182
PET_01,PET,1434.0000,65.101984
PET_01,PET,1435.0000,63.109139
PET_01,PET,1436.0000,61.356401
PET_01,PET,1437.0000,59.807588
PET_01,PET,1438.0000,58.432930
PET_01,PET,1439.0000,57.207790
PET_01,PET,1440.0000,56.111660
PET_01,PET,1441.0000,55.127372
PET_01,PET,1442.0000,54.240485
PET_01,PET,1443.0000,53.438784
PET_01,PET,1444.0000,52.711890
PET_01,PET,1445.0000,52.050942
PET_01,PET,1446.0000,51.448343
PET_01,PET,1447.0000,50.897552
PET_01,PET,1448.0000,50.392914
PET_01,PET,1449.0000,49.929522
PET_01,PET,1450.0000,49.503104
PET_01,PET,1451.0000,49.109924
PET_01,PET,1452.0000,48.746709
PET_01,PET,1453.0000,48.410579
PET_01,PET,1454.0000,48.098991
PET_01,PET,1455.0000,47.809700
PET_01,PET,1456.0000,47.540710
PET_01,PET,1457.0000,47.290246
PET_01,PET,1458.0000,47.056728
PET_01,PET,1459.0000,46.838740
PET_01,PET,1460.0000,46.635016
PET_01,PET,1461.0000,46.444418
PET_01,PET,1462.0000,46.265921
PET_01,PET,1463.0000,46.098602
PET_01,PET,1464.0000,45.941628
PET_01,PET,1465.0000,45.794243
PET_01,PET,1466.0000,45.655762
PET_01,PET,1467.0000,45.525566
PET_01,PET,1468.0000,45.403087
PET_01,PET,1469.0000,45.287810
PET_01,PET,1470.0000,45.179266
PET_01,PET,1471.0000,45.077025
PET_01,PET,1472.0000,44.980693
PET_01,PET,1473.0000,44.889912
PET_01,PET,1474.0000,44.804351
PET_01,PET,1475.0000,44.723707
PET_01,PET,1476.0000,44.647701
PET_01,PET,1477.0000,44.576078
PET_01,PET,1478.0000,44.508602
PET_01,PET,1479.0000,44.445054
PET_01,PET,1480.0000,44.385236
PET_01,PET,1481.0000,44.328961
PET_01,PET,1482.0000,44.276060
PET_01,PET,1483.0000,44.226376
PET_01,PET,1484.0000,44.179761
PET_01,PET,1485.0000,44.136084
PET_01,PET,1486.0000,44.095218
PET_01,PET,1487.0000,44.057049
PET_01,PET,1488.0000,44.021472
PET_01,PET,1489.0000,43.988389
PET_01,PET,1490.0000,43.957709
PET_01,PET,1491.0000,43.929350
PET_01,PET,1492.0000,43.903235
PET_01,PET,1493.0000,43.879294
PET_01,PET,1494.0000,43.857461
PET_01,PET,1495.0000,43.837680
PET_01,PET,1496.0000,43.819894
PET_01,PET,1497.0000,43.804056
PET_01,PET,1498.0000,43.790120
PET_01,PET,1499.0000,43.778047
PET_01,PET,1500.0000,43.767801
PET_01,PET,1501.0000,43.759350
PET_01,PET,1502.0000,43.752665
PET_01,PET,1503.0000,43.747723
PET_01,PET,1504.0000,43.744503
PET_01,PET,1505.0000,43.742986
PET_01,PET,1506.0000,43.743160
PET_01,PET,1507.0000,43.745012
PET_01,PET,1508.0000,43.748536
PET_01,PET,1509.0000,43.753727
PET_01,PET,1510.0000,43.760584
PET_01,PET,1511.0000,43.769107
PET_01,PET,1512.0000,43.779303
PET_01,PET,1513.0000,43.791179
PET_01,PET,1514.0000,43.804746
PET_01,PET,1515.0000,43.820017
PET_01,PET,1516.0000,43.837010
PET_01,PET,1517.0000,43.855745
PET_01,PET,1518.0000,43.876247
PET_01,PET,1519.0000,43.898541
PET_01,PET,1520.0000,43.922658
PET_01,PET,1521.0000,43.948631
PET_01,PET,1522.0000,43.976500
PET_01,PET,1523.0000,44.006303
PET_01,PET,1524.0000,44.038088
PET_01,PET,1525.0000,44.071902
PET_01,PET,1526.0000,44.107799
PET_01,PET,1527.0000,44.145838
PET_01,PET,1528.0000,44.186081
PET_01,PET,1529.0000,44.228596
PET_01,PET,1530.0000,44.273455
PET_01,PET,1531.0000,44.320738
PET_01,PET,1532.0000,44.370527
PET_01,PET,1533.0000,44.422914
PET_01,PET,1534.0000,44.477996
PET_01,PET,1535.0000,44.535877
PET_01,PET,1536.0000,44.596669
PET_01,PET,1537.0000,44.660491
PET_01,PET,1538.0000,44.727472
PET_01,PET,1539.0000,44.797750
PET_01,PET,1540.0000,44.871472
PET_01,PET,1541.0000,44.948797
PET_01,PET,1542.0000,45.029894
PET_01,PET,1543.0000,45.114946
PET_01,PET,1544.0000,45.204148
PET_01,PET,1545.0000,45.297711
PET_01,PET,1546.0000,45.395861
PET_01,PET,1547.0000,45.498841
PET_01,PET,1548.0000,45.606913
PET_01,PET,1549.0000,45.720358
PET_01,PET,1550.0000,45.839481
PET_01,PET,1551.0000,45.964609
PET_01,PET,1552.0000,46.096097
PET_01,PET,1553.0000,46.234328
PET_01,PET,1554.0000,46.379715
PET_01,PET,1555.0000,46.532708
PET_01,PET,1556.0000,46.693794
PET_01,PET,1557.0000,46.863501
PET_01,PET,1558.0000,47.042403
PET_01,PET,1559.0000,47.231128
PET_01,PET,1560.0000,47.430356
PET_01,PET,1561.0000,47.640831
PET_01,PET,1562.0000,47.863369
PET_01,PET,1563.0000,48.098859
PET_01,PET,1564.0000,48.348279
PET_01,PET,1565.0000,48.612701
PET_01,PET,1566.0000,48.893307
PET_01,PET,1567.0000,49.191396
PET_01,PET,1568.0000,49.508407
PET_01,PET,1569.0000,49.845927
PET_01,PET,1570.0000,50.205719
PET_01,PET,1571.0000,50.589741
PET_01,PET,1572.0000,51.000169
PET_01,PET,1573.0000,51.439436
PET_01,PET,1574.0000,51.910259
PET_01,PET,1575.0000,52.415685
PET_01,PET,1576.0000,52.959139
PET_01,PET,1577.0000,53.544481
PET_01,PET,1578.0000,54.176071
PET_01,PET,1579.0000,54.858853
PET_01,PET,1580.0000,55.598445
PET_01,PET,1581.0000,56.401254
PET_01,PET,1582.0000,57.274611
PET_01,PET,1583.0000,58.226934
PET_01,PET,1584.0000,59.267920
PET_01,PET,1585.0000,60.408789
PET_01,PET,1586.0000,61.662570
PET_01,PET,1587.0000,63.044456
PET_01,PET,1588.0000,64.572247
PET_01,PET,1589.0000,66.266886
PET_01,PET,1590.0000,68.153139
PET_01,PET,1591.0000,70.260437
PET_01,PET,1592.0000,72.623943
PET_01,PET,1593.0000,75.285899
PET_01,PET,1594.0000,78.297343
PET_01,PET,1595.0000,81.720307
PET_01,PET,1596.0000,85.630645
PET_01,PET,1597.0000,90.121695
PET_01,PET,1598.0000,95.309018
PET_01,PET,1599.0000,101.336571
PET_01,PET,1600.0000,108.384713
PET_01,PET,1601.0000,116.680545
PET_01,PET,1602.0000,126.511098
PET_01,PET,1603.0000,138.239721
PET_01,PET,1604.0000,152.325417
PET_01,PET,1605.0000,169.343263
PET_01,PET,1606.0000,190.000201
PET_01,PET,1607.0000,215.132105
PET_01,PET,1608.0000,245.651214
PET_01,PET,1609.0000,282.382891
PET_01,PET,1610.0000,325.688203
PET_01,PET,1611.0000,374.744684
PET_01,PET,1612.0000,426.465349
PET_01,PET,1613.0000,474.494616
PET_01,PET,1614.0000,509.551847
PET_01,PET,1615.0000,522.555994
PET_01,PET,1616.0000,509.615195
PET_01,PET,1617.0000,474.621378
PET_01,PET,1618.0000,426.655657
PET_01,PET,1619.0000,374.998736
PET_01,PET,1620.0000,326.006266
PET_01,PET,1621.0000,282.765297
PET_01,PET,1622.0000,246.098364
PET_01,PET,1623.0000,215.644469
PET_01,PET,1624.0000,190.578322
PET_01,PET,1625.0000,169.987753
PET_01,PET,1626.0000,153.036961
PET_01,PET,1627.0000,139.019082
PET_01,PET,1628.0000,127.359114
PET_01,PET,1629.0000,117.598133
PET_01,PET,1630.0000,109.372873
PET_01,PET,1631.0000,102.396385
PET_01,PET,1632.0000,96.441655
PET_01,PET,1633.0000,91.328415
PET_01,PET,1634.0000,86.912801
PET_01,PET,1635.0000,83.079348
PET_01,PET,1636.0000,79.734819
PET_01,PET,1637.0000,76.803465
PET_01,PET,1638.0000,74.223364
PET_01,PET,1639.0000,71.943592
PET_01,PET,1640.0000,69.922028
PET_01,PET,1641.0000,68.123634
PET_01,PET,1642.0000,66.519111
PET_01,PET,1643.0000,65.083832
PET_01,PET,1644.0000,63.796999
PET_01,PET,1645.0000,62.640968
PET_01,PET,1646.0000,61.600706
PET_01,PET,1647.0000,60.663358
PET_01,PET,1648.0000,59.817885
PET_01,PET,1649.0000,59.054781
PET_01,PET,1650.0000,58.365834
PET_01,PET,1651.0000,57.743927
PET_01,PET,1652.0000,57.182885
PET_01,PET,1653.0000,56.677334
PET_01,PET,1654.0000,56.222591
PET_01,PET,1655.0000,55.814573
PET_01,PET,1656.0000,55.449717
PET_01,PET,1657.0000,55.124916
PET_01,PET,1658.0000,54.837461
PET_01,PET,1659.0000,54.584999
PET_01,PET,1660.0000,54.365488
PET_01,PET,1661.0000,54.177168
PET_01,PET,1662.0000,54.018532
PET_01,PET,1663.0000,53.888302
PET_01,PET,1664.0000,53.785411
PET_01,PET,1665.0000,53.708985
PET_01,PET,1666.0000,53.658331
PET_01,PET,1667.0000,53.632926
PET_01,PET,1668.0000,53.632410
PET_01,PET,1669.0000,53.656579
PET_01,PET,1670.0000,53.705381
PET_01,PET,1671.0000,53.778915
PET_01,PET,1672.0000,53.877430
PET_01,PET,1673.0000,54.001331
PET_01,PET,1674.0000,54.151177
PET_01,PET,1675.0000,54.327689
PET_01,PET,1676.0000,54.531762
PET_01,PET,1677.0000,54.764470
PET_01,PET,1678.0000,55.027081
PET_01,PET,1679.0000,55.321073
PET_01,PET,1680.0000,55.648155
PET_01,PET,1681.0000,56.010282
PET_01,PET,1682.0000,56.409690
PET_01,PET,1683.0000,56.848921
PET_01,PET,1684.0000,57.330861
PET_01,PET,1685.0000,57.858785
PET_01,PET,1686.0000,58.436404
PET_01,PET,1687.0000,59.067925
PET_01,PET,1688.0000,59.758121
PET_01,PET,1689.0000,60.512412
PET_01,PET,1690.0000,61.336963
PET_01,PET,1691.0000,62.238800
PET_01,PET,1692.0000,63.225941
PET_01,PET,1693.0000,64.307570
PET_01,PET,1694.0000,65.494221
PET_01,PET,1695.0000,66.798024
PET_01,PET,1696.0000,68.232985
PET_01,PET,1697.0000,69.815334
PET_01,PET,1698.0000,71.563945
PET_01,PET,1699.0000,73.500860
PET_01,PET,1700.0000,75.651921
PET_01,PET,1701.0000,78.047563
PET_01,PET,1702.0000,80.723799
PET_01,PET,1703.0000,83.723450
PET_01,PET,1704.0000,87.097701
PET_01,PET,1705.0000,90.908063
PET_01,PET,1706.0000,95.228877
PET_01,PET,1707.0000,100.150522
PET_01,PET,1708.0000,105.783535
PET_01,PET,1709.0000,112.263953
PET_01,PET,1710.0000,119.760226
PET_01,PET,1711.0000,128.482215
PET_01,PET,1712.0000,138.692868
PET_01,PET,1713.0000,150.723301
PET_01,PET,1714.0000,164.992030
PET_01,PET,1715.0000,182.028870
PET_01,PET,1716.0000,202.503129
PET_01,PET,1717.0000,227.253394
PET_01,PET,1718.0000,257.310552
PET_01,PET,1719.0000,293.893520
PET_01,PET,1720.0000,338.332579
PET_01,PET,1721.0000,391.831317
PET_01,PET,1722.0000,454.916222
PET_01,PET,1723.0000,526.387796
PET_01,PET,1724.0000,601.744121
PET_01,PET,1725.0000,671.716569
PET_01,PET,1726.0000,722.770809
PET_01,PET,1727.0000,741.663575
PET_01,PET,1728.0000,722.719165
PET_01,PET,1729.0000,671.613234
PET_01,PET,1730.0000,601.589003
PET_01,PET,1731.0000,526.180754
PET_01,PET,1732.0000,454.657068
PET_01,PET,1733.0000,391.519816
PET_01,PET,1734.0000,337.968447
PET_01,PET,1735.0000,293.476423
PET_01,PET,1736.0000,256.840109
PET_01,PET,1737.0000,226.729171
PET_01,PET,1738.0000,201.924641
PET_01,PET,1739.0000,181.395579
PET_01,PET,1740.0000,164.303345
PET_01,PET,1741.0000,149.978573
PET_01,PET,1742.0000,137.891392
PET_01,PET,1743.0000,127.623226
PET_01,PET,1744.0000,118.842899
PET_01,PET,1745.0000,111.287400
PET_01,PET,1746.0000,104.746801
PET_01,PET,1747.0000,99.052585
PET_01,PET,1748.0000,94.068645
PET_01,PET,1749.0000,89.684369
PET_01,PET,1750.0000,85.809303
PET_01,PET,1751.0000,82.369024
PET_01,PET,1752.0000,79.301938
PET_01,PET,1753.0000,76.556772
PET_01,PET,1754.0000,74.090612
PET_01,PET,1755.0000,71.867349
PET_01,PET,1756.0000,69.856446
PET_01,PET,1757.0000,68.031952
PET_01,PET,1758.0000,66.371715
PET_01,PET,1759.0000,64.856738
PET_01,PET,1760.0000,63.470667
PET_01,PET,1761.0000,62.199360
PET_01,PET,1762.0000,61.030549
PET_01,PET,1763.0000,59.953544
PET_01,PET,1764.0000,58.959007
PET_01,PET,1765.0000,58.038746
PET_01,PET,1766.0000,57.185556
PET_01,PET,1767.0000,56.393079
PET_01,PET,1768.0000,55.655689
PET_01,PET,1769.0000,54.968394
PET_01,PET,1770.0000,54.326751
PET_01,PET,1771.0000,53.726797
PET_01,PET,1772.0000,53.164990
PET_01,PET,1773.0000,52.638152
PET_01,PET,1774.0000,52.143431
PET_01,PET,1775.0000,51.678257
PET_01,PET,1776.0000,51.240312
PET_01,PET,1777.0000,50.827502
PET_01,PET,1778.0000,50.437927
PET_01,PET,1779.0000,50.069865
PET_01,PET,1780.0000,49.721751
PET_01,PET,1781.0000,49.392158
PET_01,PET,1782.0000,49.079785
PET_01,PET,1783.0000,48.783443
PET_01,PET,1784.0000,48.502044
PET_01,PET,1785.0000,48.234591
PET_01,PET,1786.0000,47.980169
PET_01,PET,1787.0000,47.737935
PET_01,PET,1788.0000,47.507117
PET_01,PET,1789.0000,47.286999
PET_01,PET,1790.0000,47.076923
PET_01,PET,1791.0000,46.876279
PET_01,PET,1792.0000,46.684506
PET_01,PET,1793.0000,46.501080
PET_01,PET,1794.0000,46.325518
PET_01,PET,1795.0000,46.157371
PET_01,PET,1796.0000,45.996221
PET_01,PET,1797.0000,45.841680
PET_01,PET,1798.0000,45.693386
PET_01,PET,1799.0000,45.551002
PET_01,PET,1800.0000,45.414212
PET_01,PET,1801.0000,45.282723
PET_01,PET,1802.0000,45.156261
PET_01,PET,1803.0000,45.034568
PET_01,PET,1804.0000,44.917402
PET_01,PET,1805.0000,44.804539
PET_01,PET,1806.0000,44.695767
PET_01,PET,1807.0000,44.590886
PET_01,PET,1808.0000,44.489710
PET_01,PET,1809.0000,44.392063
PET_01,PET,1810.0000,44.297779
PET_01,PET,1811.0000,44.206704
PET_01,PET,1812.0000,44.118690
PET_01,PET,1813.0000,44.033598
PET_01,PET,1814.0000,43.951299
PET_01,PET,1815.0000,43.871669
PET_01,PET,1816.0000,43.794591
PET_01,PET,1817.0000,43.719955
PET_01,PET,1818.0000,43.647656
PET_01,PET,1819.0000,43.577597
PET_01,PET,1820.0000,43.509682
PET_01,PET,1821.0000,43.443825
PET_01,PET,1822.0000,43.379940
PET_01,PET,1823.0000,43.317948
PET_01,PET,1824.0000,43.257773
PET_01,PET,1825.0000,43.199342
PET_01,PET,1826.0000,43.142589
PET_01,PET,1827.0000,43.087446
PET_01,PET,1828.0000,43.033853
PET_01,PET,1829.0000,42.981751
PET_01,PET,1830.0000,42.931083
PET_01,PET,1831.0000,42.881796
PET_01,PET,1832.0000,42.833839
PET_01,PET,1833.0000,42.787163
PET_01,PET,1834.0000,42.741722
PET_01,PET,1835.0000,42.697471
PET_01,PET,1836.0000,42.654369
PET_01,PET,1837.0000,42.612374
PET_01,PET,1838.0000,42.571448
PET_01,PET,1839.0000,42.531554
PET_01,PET,1840.0000,42.492657
PET_01,PET,1841.0000,42.454722
PET_01,PET,1842.0000,42.417718
PET_01,PET,1843.0000,42.381614
PET_01,PET,1844.0000,42.346379
PET_01,PET,1845.0000,42.311985
PET_01,PET,1846.0000,42.278405
PET_01,PET,1847.0000,42.245612
PET_01,PET,1848.0000,42.213582
PET_01,PET,1849.0000,42.182290
PET_01,PET,1850.0000,42.151713
PET_01,PET,1851.0000,42.121829
PET_01,PET,1852.0000,42.092616
PET_01,PET,1853.0000,42.064054
PET_01,PET,1854.0000,42.036123
PET_01,PET,1855.0000,42.008804
PET_01,PET,1856.0000,41.982078
PET_01,PET,1857.0000,41.955929
PET_01,PET,1858.0000,41.930339
PET_01,PET,1859.0000,41.905291
PET_01,PET,1860.0000,41.880770
PET_01,PET,1861.0000,41.856762
PET_01,PET,1862.0000,41.833250
PET_01,PET,1863.0000,41.810222
PET_01,PET,1864.0000,41.787663
PET_01,PET,1865.0000,41.765561
PET_01,PET,1866.0000,41.743903
PET_01,PET,1867.0000,41.722676
PET_01,PET,1868.0000,41.701869
PET_01,PET,1869.0000,41.681470
PET_01,PET,1870.0000,41.661469
PET_01,PET,1871.0000,41.641855
PET_01,PET,1872.0000,41.622618
PET_01,PET,1873.0000,41.603747
PET_01,PET,1874.0000,41.585234
PET_01,PET,1875.0000,41.567068
PET_01,PET,1876.0000,41.549241
PET_01,PET,1877.0000,41.531744
PET_01,PET,1878.0000,41.514569
PET_01,PET,1879.0000,41.497708
PET_01,PET,1880.0000,41.481153
PET_01,PET,1881.0000,41.464896
PET_01,PET,1882.0000,41.448930
PET_01,PET,1883.0000,41.433247
PET_01,PET,1884.0000,41.417842
PET_01,PET,1885.0000,41.402706
PET_01,PET,1886.0000,41.387834
PET_01,PET,1887.0000,41.373219
PET_01,PET,1888.0000,41.358855
PET_01,PET,1889.0000,41.344737
PET_01,PET,1890.0000,41.330858
PET_01,PET,1891.0000,41.317212
PET_01,PET,1892.0000,41.303796
PET_01,PET,1893.0000,41.290602
PET_01,PET,1894.0000,41.277626
PET_01,PET,1895.0000,41.264864
PET_01,PET,1896.0000,41.252310
PET_01,PET,1897.0000,41.239959
PET_01,PET,1898.0000,41.227808
PET_01,PET,1899.0000,41.215851
PET_01,PET,1900.0000,41.204084
PET_01,PET,1901.0000,41.192504
PET_01,PET,1902.0000,41.181106
PET_01,PET,1903.0000,41.169885
PET_01,PET,1904.0000,41.158840
PET_01,PET,1905.0000,41.147964
PET_01,PET,1906.0000,41.137256
PET_01,PET,1907.0000,41.126711
PET_01,PET,1908.0000,41.116327
PET_01,PET,1909.0000,41.106098
PET_01,PET,1910.0000,41.096024
PET_01,PET,1911.0000,41.086099
PET_01,PET,1912.0000,41.076321
PET_01,PET,1913.0000,41.066688
PET_01,PET,1914.0000,41.057196
PET_01,PET,1915.0000,41.047842
PET_01,PET,1916.0000,41.038623
PET_01,PET,1917.0000,41.029538
PET_01,PET,1918.0000,41.020582
PET_01,PET,1919.0000,41.011755
PET_01,PET,1920.0000,41.003052
PET_01,PET,1921.0000,40.994472
PET_01,PET,1922.0000,40.986012
PET_01,PET,1923.0000,40.977670
PET_01,PET,1924.0000,40.969444
PET_01,PET,1925.0000,40.961331
PET_01,PET,1926.0000,40.953330
PET_01,PET,1927.0000,40.945437
PET_01,PET,1928.0000,40.937652
PET_01,PET,1929.0000,40.929972
PET_01,PET,1930.0000,40.922395
PET_01,PET,1931.0000,40.914919
PET_01,PET,1932.0000,40.907542
PET_01,PET,1933.0000,40.900263
PET_01,PET,1934.0000,40.893080
PET_01,PET,1935.0000,40.885991
PET_01,PET,1936.0000,40.878994
PET_01,PET,1937.0000,40.872087
PET_01,PET,1938.0000,40.865270
PET_01,PET,1939.0000,40.858540
PET_01,PET,1940.0000,40.851896
PET_01,PET,1941.0000,40.845336
PET_01,PET,1942.0000,40.838859
PET_01,PET,1943.0000,40.832464
PET_01,PET,1944.0000,40.826148
PET_01,PET,1945.0000,40.819912
PET_01,PET,1946.0000,40.813752
PET_01,PET,1947.0000,40.807668
PET_01,PET,1948.0000,40.801659
PET_01,PET,1949.0000,40.795723
PET_01,PET,1950.0000,40.789860
PET_01,PET,1951.0000,40.784067
PET_01,PET,1952.0000,40.778344
PET_01,PET,1953.0000,40.772690
PET_01,PET,1954.0000,40.767103
PET_01,PET,1955.0000,40.761582
PET_01,PET,1956.0000,40.756126
PET_01,PET,1957.0000,40.750735
PET_01,PET,1958.0000,40.745407
PET_01,PET,1959.0000,40.740140
PET_01,PET,1960.0000,40.734935
PET_01,PET,1961.0000,40.729790
PET_01,PET,1962.0000,40.724704
PET_01,PET,1963.0000,40.719676
PET_01,PET,1964.0000,40.714706
PET_01,PET,1965.0000,40.709791
PET_01,PET,1966.0000,40.704933
PET_01,PET,1967.0000,40.700129
PET_01,PET,1968.0000,40.695378
PET_01,PET,1969.0000,40.690681
PET_01,PET,1970.0000,40.686035
PET_01,PET,1971.0000,40.681441
PET_01,PET,1972.0000,40.676898
PET_01,PET,1973.0000,40.672404
PET_01,PET,1974.0000,40.667959
PET_01,PET,1975.0000,40.663562
PET_01,PET,1976.0000,40.659213
PET_01,PET,1977.0000,40.654910
PET_01,PET,1978.0000,40.650654
PET_01,PET,1979.0000,40.646443
PET_01,PET,1980.0000,40.642277
PET_01,PET,1981.0000,40.638155
PET_01,PET,1982.0000,40.634076
PET_01,PET,1983.0000,40.630040
PET_01,PET,1984.0000,40.626047
PET_01,PET,1985.0000,40.622094
PET_01,PET,1986.0000,40.618183
PET_01,PET,1987.0000,40.614312
PET_01,PET,1988.0000,40.610481
PET_01,PET,1989.0000,40.606689
PET_01,PET,1990.0000,40.602936
PET_01,PET,1991.0000,40.599221
PET_01,PET,1992.0000,40.595543
PET_01,PET,1993.0000,40.591903
PET_01,PET,1994.0000,40.588299
PET_01,PET,1995.0000,40.584731
PET_01,PET,1996.0000,40.581198
PET_01,PET,1997.0000,40.577701
PET_01,PET,1998.0000,40.574238
PET_01,PET,1999.0000,40.570809
PET_01,PET,2000.0000,40.567414
PET_02,PET,200.0000,40.160005
PET_02,PET,201.0000,40.160498
PET_02,PET,202.0000,40.160994
PET_02,PET,203.0000,40.161492
PET_02,PET,204.0000,40.161993
PET_02,PET,205.0000,40.162496
PET_02,PET,206.0000,40.163003
PET_02,PET,207.0000,40.163512
PET_02,PET,208.0000,40.164024
PET_02,PET,209.0000,40.164539
PET_02,PET,210.0000,40.165057
PET_02,PET,211.0000,40.165577
PET_02,PET,212.0000,40.166101
PET_02,PET,213.0000,40.166627
PET_02,PET,214.0000,40.167157
PET_02,PET,215.0000,40.167689
PET_02,PET,216.0000,40.168224
PET_02,PET,217.0000,40.168763
PET_02,PET,218.0000,40.169304
PET_02,PET,219.0000,40.169849
PET_02,PET,220.0000,40.170396
PET_02,PET,221.0000,40.170947
PET_02,PET,222.0000,40.171501
PET_02,PET,223.0000,40.172058
PET_02,PET,224.0000,40.172618
PET_02,PET,225.0000,40.173181
PET_02,PET,226.0000,40.173748
PET_02,PET,227.0000,40.174318
PET_02,PET,228.0000,40.174892
PET_02,PET,229.0000,40.175468
PET_02,PET,230.0000,40.176048
PET_02,PET,231.0000,40.176632
PET_02,PET,232.0000,40.177219
PET_02,PET,233.0000,40.177809
PET_02,PET,234.0000,40.178403
PET_02,PET,235.0000,40.179000
PET_02,PET,236.0000,40.179601
PET_02,PET,237.0000,40.180206
PET_02,PET,238.0000,40.180814
PET_02,PET,239.0000,40.181426
PET_02,PET,240.0000,40.182041
PET_02,PET,241.0000,40.182661
PET_02,PET,242.0000,40.183283
PET_02,PET,243.0000,40.183910
PET_02,PET,244.0000,40.184541
PET_02,PET,245.0000,40.185175
PET_02,PET,246.0000,40.185814
PET_02,PET,247.0000,40.186456
PET_02,PET,248.0000,40.187102
PET_02,PET,249.0000,40.187752
PET_02,PET,250.0000,40.188406
PET_02,PET,251.0000,40.189065
PET_02,PET,252.0000,40.189727
PET_02,PET,253.0000,40.190394
PET_02,PET,254.0000,40.191064
PET_02,PET,255.0000,40.191739
PET_02,PET,256.0000,40.192419
PET_02,PET,257.0000,40.193102
PET_02,PET,258.0000,40.193790
PET_02,PET,259.0000,40.194482
PET_02,PET,260.0000,40.195179
PET_02,PET,261.0000,40.195880
PET_02,PET,262.0000,40.196586
PET_02,PET,263.0000,40.197296
PET_02,PET,264.0000,40.198011
PET_02,PET,265.0000,40.198731
PET_02,PET,266.0000,40.199455
PET_02,PET,267.0000,40.200184
PET_02,PET,268.0000,40.200917
PET_02,PET,269.0000,40.201656
PET_02,PET,270.0000,40.202399
PET_02,PET,271.0000,40.203148
PET_02,PET,272.0000,40.203901
PET_02,PET,273.0000,40.204659
PET_02,PET,274.0000,40.205422
PET_02,PET,275.0000,40.206191
PET_02,PET,276.0000,40.206965
PET_02,PET,277.0000,40.207743
PET_02,PET,278.0000,40.208528
PET_02,PET,279.0000,40.209317
PET_02,PET,280.0000,40.210112
PET_02,PET,281.0000,40.210912
PET_02,PET,282.0000,40.211718
PET_02,PET,283.0000,40.212529
PET_02,PET,284.0000,40.213346
PET_02,PET,285.0000,40.214169
PET_02,PET,286.0000,40.214997
PET_02,PET,287.0000,40.215831
PET_02,PET,288.0000,40.216671
PET_02,PET,289.0000,40.217517
PET_02,PET,290.0000,40.218369
PET_02,PET,291.0000,40.219227
PET_02,PET,292.0000,40.220091
PET_02,PET,293.0000,40.220961
PET_02,PET,294.0000,40.221837
PET_02,PET,295.0000,40.222720
PET_02,PET,296.0000,40.223609
PET_02,PET,297.0000,40.224504
PET_02,PET,298.0000,40.225406
PET_02,PET,299.0000,40.226314
PET_02,PET,300.0000,40.227229
PET_02,PET,301.0000,40.228151
PET_02,PET,302.0000,40.229080
PET_02,PET,303.0000,40.230015
PET_02,PET,304.0000,40.230957
PET_02,PET,305.0000,40.231907
PET_02,PET,306.0000,40.232863
PET_02,PET,307.0000,40.233826
PET_02,PET,308.0000,40.234797
PET_02,PET,309.0000,40.235775
PET_02,PET,310.0000,40.236761
PET_02,PET,311.0000,40.237754
PET_02,PET,312.0000,40.238754
PET_02,PET,313.0000,40.239762
PET_02,PET,314.0000,40.240778
PET_02,PET,315.0000,40.241802
PET_02,PET,316.0000,40.242833
PET_02,PET,317.0000,40.243873
PET_02,PET,318.0000,40.244921
PET_02,PET,319.0000,40.245977
PET_02,PET,320.0000,40.247041
PET_02,PET,321.0000,40.248113
PET_02,PET,322.0000,40.249194
PET_02,PET,323.0000,40.250284
PET_02,PET,324.0000,40.251382
PET_02,PET,325.0000,40.252489
PET_02,PET,326.0000,40.253605
PET_02,PET,327.0000,40.254730
PET_02,PET,328.0000,40.255864
PET_02,PET,329.0000,40.257007
PET_02,PET,330.0000,40.258160
PET_02,PET,331.0000,40.259322
PET_02,PET,332.0000,40.260494
PET_02,PET,333.0000,40.261675
PET_02,PET,334.0000,40.262866
PET_02,PET,335.0000,40.264067
PET_02,PET,336.0000,40.265278
PET_02,PET,337.0000,40.266499
PET_02,PET,338.0000,40.267730
PET_02,PET,339.0000,40.268972
PET_02,PET,340.0000,40.270224
PET_02,PET,341.0000,40.271487
PET_02,PET,342.0000,40.272761
PET_02,PET,343.0000,40.274045
PET_02,PET,344.0000,40.275341
PET_02,PET,345.0000,40.276648
PET_02,PET,346.0000,40.277966
PET_02,PET,347.0000,40.279296
PET_02,PET,348.0000,40.280638
PET_02,PET,349.0000,40.281991
PET_02,PET,350.0000,40.283356
PET_02,PET,351.0000,40.284733
PET_02,PET,352.0000,40.286123
PET_02,PET,353.0000,40.287525
PET_02,PET,354.0000,40.288940
PET_02,PET,355.0000,40.290367
PET_02,PET,356.0000,40.291807
PET_02,PET,357.0000,40.293261
PET_02,PET,358.0000,40.294728
PET_02,PET,359.0000,40.296208
PET_02,PET,360.0000,40.297702
PET_02,PET,361.0000,40.299209
PET_02,PET,362.0000,40.300731
PET_02,PET,363.0000,40.302267
PET_02,PET,364.0000,40.303817
PET_02,PET,365.0000,40.305382
PET_02,PET,366.0000,40.306962
PET_02,PET,367.0000,40.308557
PET_02,PET,368.0000,40.310167
PET_02,PET,369.0000,40.311792
PET_02,PET,370.0000,40.313433
PET_02,PET,371.0000,40.315090
PET_02,PET,372.0000,40.316763
PET_02,PET,373.0000,40.318452
PET_02,PET,374.0000,40.320158
PET_02,PET,375.0000,40.321881
PET_02,PET,376.0000,40.323621
PET_02,PET,377.0000,40.325378
PET_02,PET,378.0000,40.327153
PET_02,PET,379.0000,40.328945
PET_02,PET,380.0000,40.330756
PET_02,PET,381.0000,40.332585
PET_02,PET,382.0000,40.334433
PET_02,PET,383.0000,40.336299
PET_02,PET,384.0000,40.338185
PET_02,PET,385.0000,40.340090
PET_02,PET,386.0000,40.342015
PET_02,PET,387.0000,40.343960
PET_02,PET,388.0000,40.345925
PET_02,PET,389.0000,40.347911
PET_02,PET,390.0000,40.349918
PET_02,PET,391.0000,40.351947
PET_02,PET,392.0000,40.353997
PET_02,PET,393.0000,40.356069
PET_02,PET,394.0000,40.358163
PET_02,PET,395.0000,40.360280
PET_02,PET,396.0000,40.362421
PET_02,PET,397.0000,40.364584
PET_02,PET,398.0000,40.366772
PET_02,PET,399.0000,40.368983
PET_02,PET,400.0000,40.371220
PET_02,PET,401.0000,40.373481
PET_02,PET,402.0000,40.375768
PET_02,PET,403.0000,40.378080
PET_02,PET,404.0000,40.380419
PET_02,PET,405.0000,40.382784
PET_02,PET,406.0000,40.385177
PET_02,PET,407.0000,40.387597
PET_02,PET,408.0000,40.390045
PET_02,PET,409.0000,40.392521
PET_02,PET,410.0000,40.395027
PET_02,PET,411.0000,40.397562
PET_02,PET,412.0000,40.400127
PET_02,PET,413.0000,40.402723
PET_02,PET,414.0000,40.405350
PET_02,PET,415.0000,40.408008
PET_02,PET,416.0000,40.410699
PET_02,PET,417.0000,40.413422
PET_02,PET,418.0000,40.416178
PET_02,PET,419.0000,40.418968
PET_02,PET,420.0000,40.421793
PET_02,PET,421.0000,40.424653
PET_02,PET,422.0000,40.427549
PET_02,PET,423.0000,40.430481
PET_02,PET,424.0000,40.433450
PET_02,PET,425.0000,40.436457
PET_02,PET,426.0000,40.439502
PET_02,PET,427.0000,40.442587
PET_02,PET,428.0000,40.445711
PET_02,PET,429.0000,40.448876
PET_02,PET,430.0000,40.452082
PET_02,PET,431.0000,40.455331
PET_02,PET,432.0000,40.458622
PET_02,PET,433.0000,40.461957
PET_02,PET,434.0000,40.465337
PET_02,PET,435.0000,40.468763
PET_02,PET,436.0000,40.472234
PET_02,PET,437.0000,40.475754
PET_02,PET,438.0000,40.479321
PET_02,PET,439.0000,40.482937
PET_02,PET,440.0000,40.486604
PET_02,PET,441.0000,40.490322
PET_02,PET,442.0000,40.494092
PET_02,PET,443.0000,40.497916
PET_02,PET,444.0000,40.501794
PET_02,PET,445.0000,40.505727
PET_02,PET,446.0000,40.509717
PET_02,PET,447.0000,40.513764
PET_02,PET,448.0000,40.517871
PET_02,PET,449.0000,40.522038
PET_02,PET,450.0000,40.526266
PET_02,PET,451.0000,40.530558
PET_02,PET,452.0000,40.534913
PET_02,PET,453.0000,40.539334
PET_02,PET,454.0000,40.543822
PET_02,PET,455.0000,40.548378
PET_02,PET,456.0000,40.553004
PET_02,PET,457.0000,40.557702
PET_02,PET,458.0000,40.562473
PET_02,PET,459.0000,40.567318
PET_02,PET,460.0000,40.572240
PET_02,PET,461.0000,40.577240
PET_02,PET,462.0000,40.582320
PET_02,PET,463.0000,40.587481
PET_02,PET,464.0000,40.592726
PET_02,PET,465.0000,40.598056
PET_02,PET,466.0000,40.603474
PET_02,PET,467.0000,40.608981
PET_02,PET,468.0000,40.614580
PET_02,PET,469.0000,40.620273
PET_02,PET,470.0000,40.626062
PET_02,PET,471.0000,40.631950
PET_02,PET,472.0000,40.637938
PET_02,PET,473.0000,40.644029
PET_02,PET,474.0000,40.650226
PET_02,PET,475.0000,40.656531
PET_02,PET,476.0000,40.662948
PET_02,PET,477.0000,40.669478
PET_02,PET,478.0000,40.676126
PET_02,PET,479.0000,40.682893
PET_02,PET,480.0000,40.689782
PET_02,PET,481.0000,40.696798
PET_02,PET,482.0000,40.703943
PET_02,PET,483.0000,40.711220
PET_02,PET,484.0000,40.718634
PET_02,PET,485.0000,40.726187
PET_02,PET,486.0000,40.733884
PET_02,PET,487.0000,40.741728
PET_02,PET,488.0000,40.749723
PET_02,PET,489.0000,40.757873
PET_02,PET,490.0000,40.766184
PET_02,PET,491.0000,40.774658
PET_02,PET,492.0000,40.783302
PET_02,PET,493.0000,40.792118
PET_02,PET,494.0000,40.801113
PET_02,PET,495.0000,40.810292
PET_02,PET,496.0000,40.819659
PET_02,PET,497.0000,40.829221
PET_02,PET,498.0000,40.838982
PET_02,PET,499.0000,40.848949
PET_02,PET,500.0000,40.859128
PET_02,PET,501.0000,40.869526
PET_02,PET,502.0000,40.880148
PET_02,PET,503.0000,40.891002
PET_02,PET,504.0000,40.902094
PET_02,PET,505.0000,40.913433
PET_02,PET,506.0000,40.925026
PET_02,PET,507.0000,40.936880
PET_02,PET,508.0000,40.949005
PET_02,PET,509.0000,40.961408
PET_02,PET,510.0000,40.974099
PET_02,PET,511.0000,40.987088
PET_02,PET,512.0000,41.000383
PET_02,PET,513.0000,41.013995
PET_02,PET,514.0000,41.027935
PET_02,PET,515.0000,41.042213
PET_02,PET,516.0000,41.056841
PET_02,PET,517.0000,41.071832
PET_02,PET,518.0000,41.087197
PET_02,PET,519.0000,41.102949
PET_02,PET,520.0000,41.119104
PET_02,PET,521.0000,41.135673
PET_02,PET,522.0000,41.152674
PET_02,PET,523.0000,41.170120
PET_02,PET,524.0000,41.188029
PET_02,PET,525.0000,41.206417
PET_02,PET,526.0000,41.225303
PET_02,PET,527.0000,41.244704
PET_02,PET,528.0000,41.264642
PET_02,PET,529.0000,41.285135
PET_02,PET,530.0000,41.306207
PET_02,PET,531.0000,41.327879
PET_02,PET,532.0000,41.350175
PET_02,PET,533.0000,41.373120
PET_02,PET,534.0000,41.396740
PET_02,PET,535.0000,41.421063
PET_02,PET,536.0000,41.446118
PET_02,PET,537.0000,41.471935
PET_02,PET,538.0000,41.498547
PET_02,PET,539.0000,41.525987
PET_02,PET,540.0000,41.554291
PET_02,PET,541.0000,41.583496
PET_02,PET,542.0000,41.613643
PET_02,PET,543.0000,41.644773
PET_02,PET,544.0000,41.676930
PET_02,PET,545.0000,41.710161
PET_02,PET,546.0000,41.744516
PET_02,PET,547.0000,41.780046
PET_02,PET,548.0000,41.816809
PET_02,PET,549.0000,41.854861
PET_02,PET,550.0000,41.894267
PET_02,PET,551.0000,41.935091
PET_02,PET,552.0000,41.977405
PET_02,PET,553.0000,42.021283
PET_02,PET,554.0000,42.066804
PET_02,PET,555.0000,42.114053
PET_02,PET,556.0000,42.163121
PET_02,PET,557.0000,42.214103
PET_02,PET,558.0000,42.267102
PET_02,PET,559.0000,42.322228
PET_02,PET,560.0000,42.379597
PET_02,PET,561.0000,42.439336
PET_02,PET,562.0000,42.501577
PET_02,PET,563.0000,42.566466
PET_02,PET,564.0000,42.634156
PET_02,PET,565.0000,42.704812
PET_02,PET,566.0000,42.778614
PET_02,PET,567.0000,42.855753
PET_02,PET,568.0000,42.936434
PET_02,PET,569.0000,43.020882
PET_02,PET,570.0000,43.109336
PET_02,PET,571.0000,43.202057
PET_02,PET,572.0000,43.299326
PET_02,PET,573.0000,43.401447
PET_02,PET,574.0000,43.508752
PET_02,PET,575.0000,43.621601
PET_02,PET,576.0000,43.740384
PET_02,PET,577.0000,43.865528
PET_02,PET,578.0000,43.997497
PET_02,PET,579.0000,44.136801
PET_02,PET,580.0000,44.283995
PET_02,PET,581.0000,44.439690
PET_02,PET,582.0000,44.604555
PET_02,PET,583.0000,44.779327
PET_02,PET,584.0000,44.964818
PET_02,PET,585.0000,45.161925
PET_02,PET,586.0000,45.371640
PET_02,PET,587.0000,45.595061
PET_02,PET,588.0000,45.833411
PET_02,PET,589.0000,46.088049
PET_02,PET,590.0000,46.360492
PET_02,PET,591.0000,46.652436
PET_02,PET,592.0000,46.965783
PET_02,PET,593.0000,47.302671
PET_02,PET,594.0000,47.665510
PET_02,PET,595.0000,48.057022
PET_02,PET,596.0000,48.480292
PET_02,PET,597.0000,48.938829
PET_02,PET,598.0000,49.436634
PET_02,PET,599.0000,49.978285
PET_02,PET,600.0000,50.569037
PET_02,PET,601.0000,51.214949
PET_02,PET,602.0000,51.923027
PET_02,PET,603.0000,52.701409
PET_02,PET,604.0000,53.559587
PET_02,PET,605.0000,54.508680
PET_02,PET,606.0000,55.561771
PET_02,PET,607.0000,56.734333
PET_02,PET,608.0000,58.044755
PET_02,PET,609.0000,59.515007
PET_02,PET,610.0000,61.171482
PET_02,PET,611.0000,63.046073
PET_02,PET,612.0000,65.177543
PET_02,PET,613.0000,67.613291
PET_02,PET,614.0000,70.411645
PET_02,PET,615.0000,73.644824
PET_02,PET,616.0000,77.402791
PET_02,PET,617.0000,81.798261
PET_02,PET,618.0000,86.973161
PET_02,PET,619.0000,93.106876
PET_02,PET,620.0000,100.426489
PET_02,PET,621.0000,109.218865
PET_02,PET,622.0000,119.843415
PET_02,PET,623.0000,132.741965
PET_02,PET,624.0000,148.436924
PET_02,PET,625.0000,167.498428
PET_02,PET,626.0000,190.442314
PET_02,PET,627.0000,217.494234
PET_02,PET,628.0000,248.140131
PET_02,PET,629.0000,280.450624
PET_02,PET,630.0000,310.453456
PET_02,PET,631.0000,332.348212
PET_02,PET,632.0000,340.459216
PET_02,PET,633.0000,332.354038
PET_02,PET,634.0000,310.465109
PET_02,PET,635.0000,280.468106
PET_02,PET,636.0000,248.163445
PET_02,PET,637.0000,217.523385
PET_02,PET,638.0000,190.477307
PET_02,PET,639.0000,167.539270
PET_02,PET,640.0000,148.483623
PET_02,PET,641.0000,132.794529
PET_02,PET,642.0000,119.901854
PET_02,PET,643.0000,109.283189
PET_02,PET,644.0000,100.496712
PET_02,PET,645.0000,93.183010
PET_02,PET,646.0000,87.055220
PET_02,PET,647.0000,81.886261
PET_02,PET,648.0000,77.496749
PET_02,PET,649.0000,73.744757
PET_02,PET,650.0000,70.517573
PET_02,PET,651.0000,67.725233
PET_02,PET,652.0000,65.295520
PET_02,PET,653.0000,63.170109
PET_02,PET,654.0000,61.301600
PET_02,PET,655.0000,59.651232
PET_02,PET,656.0000,58.187113
PET_02,PET,657.0000,56.882852
PET_02,PET,658.0000,55.716480
PET_02,PET,659.0000,54.669608
PET_02,PET,660.0000,53.726767
PET_02,PET,661.0000,52.874872
PET_02,PET,662.0000,52.102807
PET_02,PET,663.0000,51.401082
PET_02,PET,664.0000,50.761561
PET_02,PET,665.0000,50.177237
PET_02,PET,666.0000,49.642054
PET_02,PET,667.0000,49.150758
PET_02,PET,668.0000,48.698772
PET_02,PET,669.0000,48.282097
PET_02,PET,670.0000,47.897227
PET_02,PET,671.0000,47.541077
PET_02,PET,672.0000,47.210926
PET_02,PET,673.0000,46.904367
PET_02,PET,674.0000,46.619263
PET_02,PET,675.0000,46.353714
PET_02,PET,676.0000,46.106026
PET_02,PET,677.0000,45.874683
PET_02,PET,678.0000,45.658327
PET_02,PET,679.0000,45.455740
PET_02,PET,680.0000,45.265823
PET_02,PET,681.0000,45.087586
PET_02,PET,682.0000,44.920135
PET_02,PET,683.0000,44.762661
PET_02,PET,684.0000,44.614427
PET_02,PET,685.0000,44.474767
PET_02,PET,686.0000,44.343072
PET_02,PET,687.0000,44.218789
PET_02,PET,688.0000,44.101412
PET_02,PET,689.0000,43.990477
PET_02,PET,690.0000,43.885561
PET_02,PET,691.0000,43.786275
PET_02,PET,692.0000,43.692262
PET_02,PET,693.0000,43.603194
PET_02,PET,694.0000,43.518769
PET_02,PET,695.0000,43.438707
PET_02,PET,696.0000,43.362752
PET_02,PET,697.0000,43.290666
PET_02,PET,698.0000,43.222229
PET_02,PET,699.0000,43.157237
PET_02,PET,700.0000,43.095503
PET_02,PET,701.0000,43.036851
PET_02,PET,702.0000,42.981119
PET_02,PET,703.0000,42.928156
PET_02,PET,704.0000,42.877822
PET_02,PET,705.0000,42.829986
PET_02,PET,706.0000,42.784527
PET_02,PET,707.0000,42.741331
PET_02,PET,708.0000,42.700292
PET_02,PET,709.0000,42.661314
PET_02,PET,710.0000,42.624302
PET_02,PET,711.0000,42.589172
PET_02,PET,712.0000,42.555844
PET_02,PET,713.0000,42.524242
PET_02,PET,714.0000,42.494297
PET_02,PET,715.0000,42.465943
PET_02,PET,716.0000,42.439120
PET_02,PET,717.0000,42.413770
PET_02,PET,718.0000,42.389839
PET_02,PET,719.0000,42.367278
PET_02,PET,720.0000,42.346041
PET_02,PET,721.0000,42.326084
PET_02,PET,722.0000,42.307367
PET_02,PET,723.0000,42.289851
PET_02,PET,724.0000,42.273502
PET_02,PET,725.0000,42.258286
PET_02,PET,726.0000,42.244175
PET_02,PET,727.0000,42.231139
PET_02,PET,728.0000,42.219152
PET_02,PET,729.0000,42.208191
PET_02,PET,730.0000,42.198233
PET_02,PET,731.0000,42.189259
PET_02,PET,732.0000,42.181249
PET_02,PET,733.0000,42.174186
PET_02,PET,734.0000,42.168057
PET_02,PET,735.0000,42.162847
PET_02,PET,736.0000,42.158544
PET_02,PET,737.0000,42.155137
PET_02,PET,738.0000,42.152618
PET_02,PET,739.0000,42.150979
PET_02,PET,740.0000,42.150214
PET_02,PET,741.0000,42.150317
PET_02,PET,742.0000,42.151286
PET_02,PET,743.0000,42.153117
PET_02,PET,744.0000,42.155811
PET_02,PET,745.0000,42.159367
PET_02,PET,746.0000,42.163787
PET_02,PET,747.0000,42.169075
PET_02,PET,748.0000,42.175235
PET_02,PET,749.0000,42.182272
PET_02,PET,750.0000,42.190194
PET_02,PET,751.0000,42.199010
PET_02,PET,752.0000,42.208728
PET_02,PET,753.0000,42.219361
PET_02,PET,754.0000,42.230921
PET_02,PET,755.0000,42.243423
PET_02,PET,756.0000,42.256882
PET_02,PET,757.0000,42.271317
PET_02,PET,758.0000,42.286746
PET_02,PET,759.0000,42.303189
PET_02,PET,760.0000,42.320671
PET_02,PET,761.0000,42.339215
PET_02,PET,762.0000,42.358848
PET_02,PET,763.0000,42.379598
PET_02,PET,764.0000,42.401496
PET_02,PET,765.0000,42.424575
PET_02,PET,766.0000,42.448871
PET_02,PET,767.0000,42.474421
PET_02,PET,768.0000,42.501266
PET_02,PET,769.0000,42.529449
PET_02,PET,770.0000,42.559017
PET_02,PET,771.0000,42.590018
PET_02,PET,772.0000,42.622505
PET_02,PET,773.0000,42.656535
PET_02,PET,774.0000,42.692168
PET_02,PET,775.0000,42.729469
PET_02,PET,776.0000,42.768504
PET_02,PET,777.0000,42.809348
PET_02,PET,778.0000,42.852078
PET_02,PET,779.0000,42.896779
PET_02,PET,780.0000,42.943538
PET_02,PET,781.0000,42.992450
PET_02,PET,782.0000,43.043619
PET_02,PET,783.0000,43.097151
PET_02,PET,784.0000,43.153165
PET_02,PET,785.0000,43.211783
PET_02,PET,786.0000,43.273141
PET_02,PET,787.0000,43.337380
PET_02,PET,788.0000,43.404655
PET_02,PET,789.0000,43.475131
PET_02,PET,790.0000,43.548984
PET_02,PET,791.0000,43.626407
PET_02,PET,792.0000,43.707603
PET_02,PET,793.0000,43.792794
PET_02,PET,794.0000,43.882219
PET_02,PET,795.0000,43.976135
PET_02,PET,796.0000,44.074820
PET_02,PET,797.0000,44.178577
PET_02,PET,798.0000,44.287730
PET_02,PET,799.0000,44.402634
PET_02,PET,800.0000,44.523672
PET_02,PET,801.0000,44.651263
PET_02,PET,802.0000,44.785861
PET_02,PET,803.0000,44.927961
PET_02,PET,804.0000,45.078105
PET_02,PET,805.0000,45.236883
PET_02,PET,806.0000,45.404943
PET_02,PET,807.0000,45.582995
PET_02,PET,808.0000,45.771819
PET_02,PET,809.0000,45.972274
PET_02,PET,810.0000,46.185304
PET_02,PET,811.0000,46.411955
PET_02,PET,812.0000,46.653382
PET_02,PET,813.0000,46.910867
PET_02,PET,814.0000,47.185833
PET_02,PET,815.0000,47.479866
PET_02,PET,816.0000,47.794734
PET_02,PET,817.0000,48.132414
PET_02,PET,818.0000,48.495125
PET_02,PET,819.0000,48.885360
PET_02,PET,820.0000,49.305928
PET_02,PET,821.0000,49.760004
PET_02,PET,822.0000,50.251189
PET_02,PET,823.0000,50.783573
PET_02,PET,824.0000,51.361823
PET_02,PET,825.0000,51.991279
PET_02,PET,826.0000,52.678073
PET_02,PET,827.0000,53.429270
PET_02,PET,828.0000,54.253045
PET_02,PET,829.0000,55.158891
PET_02,PET,830.0000,56.157882
PET_02,PET,831.0000,57.262986
PET_02,PET,832.0000,58.489470
PET_02,PET,833.0000,59.855383
PET_02,PET,834.0000,61.382177
PET_02,PET,835.0000,63.095484
PET_02,PET,836.0000,65.026097
PET_02,PET,837.0000,67.211222
PET_02,PET,838.0000,69.696081
PET_02,PET,839.0000,72.535974
PET_02,PET,840.0000,75.798949
PET_02,PET,841.0000,79.569261
PET_02,PET,842.0000,83.951866
PET_02,PET,843.0000,89.078263
PET_02,PET,844.0000,95.114036
PET_02,PET,845.0000,102.268466
PET_02,PET,846.0000,110.806480
PET_02,PET,847.0000,121.062756
PET_02,PET,848.0000,133.456606
PET_02,PET,849.0000,148.503493
PET_02,PET,850.0000,166.812893
PET_02,PET,851.0000,189.049964
PET_02,PET,852.0000,215.816517
PET_02,PET,853.0000,247.375811
PET_02,PET,854.0000,283.128114
PET_02,PET,855.0000,320.822479
PET_02,PET,856.0000,355.824607
PET_02,PET,857.0000,381.367346
PET_02,PET,858.0000,390.829076
PET_02,PET,859.0000,381.371957
PET_02,PET,860.0000,355.833829
PET_02,PET,861.0000,320.836314
PET_02,PET,862.0000,283.146563
PET_02,PET,863.0000,247.398877
PET_02,PET,864.0000,215.844202
PET_02,PET,865.0000,189.082271
PET_02,PET,866.0000,166.849827
PET_02,PET,867.0000,148.545058
PET_02,PET,868.0000,133.502808
PET_02,PET,869.0000,121.113600
PET_02,PET,870.0000,110.861973
PET_02,PET,871.0000,102.328614
PET_02,PET,872.0000,95.178847
PET_02,PET,873.0000,89.147745
PET_02,PET,874.0000,84.026027
PET_02,PET,875.0000,79.648111
PET_02,PET,876.0000,75.882499
PET_02,PET,877.0000,72.624232
PET_02,PET,878.0000,69.789059
PET_02,PET,879.0000,67.308933
PET_02,PET,880.0000,65.128552
PET_02,PET,881.0000,63.202696
PET_02,PET,882.0000,61.494159
PET_02,PET,883.0000,59.972150
PET_02,PET,884.0000,58.611036
PET_02,PET,885.0000,57.389368
PET_02,PET,886.0000,56.289094
PET_02,PET,887.0000,55.294951
PET_02,PET,888.0000,54.393969
PET_02,PET,889.0000,53.575077
PET_02,PET,890.0000,52.828781
PET_02,PET,891.0000,52.146908
PET_02,PET,892.0000,51.522392
PET_02,PET,893.0000,50.949104
PET_02,PET,894.0000,50.421702
PET_02,PET,895.0000,49.935523
PET_02,PET,896.0000,49.486473
PET_02,PET,897.0000,49.070956
PET_02,PET,898.0000,48.685796
PET_02,PET,899.0000,48.328185
PET_02,PET,900.0000,47.995630
PET_02,PET,901.0000,47.685914
PET_02,PET,902.0000,47.397060
PET_02,PET,903.0000,47.127301
PET_02,PET,904.0000,46.875051
PET_02,PET,905.0000,46.638888
PET_02,PET,906.0000,46.417532
PET_02,PET,907.0000,46.209828
PET_02,PET,908.0000,46.014731
PET_02,PET,909.0000,45.831297
PET_02,PET,910.0000,45.658669
PET_02,PET,911.0000,45.496066
PET_02,PET,912.0000,45.342781
PET_02,PET,913.0000,45.198167
PET_02,PET,914.0000,45.061633
PET_02,PET,915.0000,44.932638
PET_02,PET,916.0000,44.810690
PET_02,PET,917.0000,44.695333
PET_02,PET,918.0000,44.586152
PET_02,PET,919.0000,44.482763
PET_02,PET,920.0000,44.384813
PET_02,PET,921.0000,44.291977
PET_02,PET,922.0000,44.203955
PET_02,PET,923.0000,44.120470
PET_02,PET,924.0000,44.041264
PET_02,PET,925.0000,43.966102
PET_02,PET,926.0000,43.894761
PET_02,PET,927.0000,43.827039
PET_02,PET,928.0000,43.762745
PET_02,PET,929.0000,43.701704
PET_02,PET,930.0000,43.643751
PET_02,PET,931.0000,43.588734
PET_02,PET,932.0000,43.536511
PET_02,PET,933.0000,43.486949
PET_02,PET,934.0000,43.439926
PET_02,PET,935.0000,43.395326
PET_02,PET,936.0000,43.353041
PET_02,PET,937.0000,43.312971
PET_02,PET,938.0000,43.275022
PET_02,PET,939.0000,43.239107
PET_02,PET,940.0000,43.205143
PET_02,PET,941.0000,43.173054
PET_02,PET,942.0000,43.142769
PET_02,PET,943.0000,43.114219
PET_02,PET,944.0000,43.087342
PET_02,PET,945.0000,43.062080
PET_02,PET,946.0000,43.038378
PET_02,PET,947.0000,43.016184
PET_02,PET,948.0000,42.995451
PET_02,PET,949.0000,42.976133
PET_02,PET,950.0000,42.958189
PET_02,PET,951.0000,42.941580
PET_02,PET,952.0000,42.926270
PET_02,PET,953.0000,42.912225
PET_02,PET,954.0000,42.899414
PET_02,PET,955.0000,42.887806
PET_02,PET,956.0000,42.877377
PET_02,PET,957.0000,42.868100
PET_02,PET,958.0000,42.859952
PET_02,PET,959.0000,42.852914
PET_02,PET,960.0000,42.846965
PET_02,PET,961.0000,42.842087
PET_02,PET,962.0000,42.838267
PET_02,PET,963.0000,42.835488
PET_02,PET,964.0000,42.833739
PET_02,PET,965.0000,42.833008
PET_02,PET,966.0000,42.833286
PET_02,PET,967.0000,42.834565
PET_02,PET,968.0000,42.836838
PET_02,PET,969.0000,42.840099
PET_02,PET,970.0000,42.844345
PET_02,PET,971.0000,42.849573
PET_02,PET,972.0000,42.855781
PET_02,PET,973.0000,42.862969
PET_02,PET,974.0000,42.871140
PET_02,PET,975.0000,42.880294
PET_02,PET,976.0000,42.890436
PET_02,PET,977.0000,42.901572
PET_02,PET,978.0000,42.913707
PET_02,PET,979.0000,42.926849
PET_02,PET,980.0000,42.941007
PET_02,PET,981.0000,42.956192
PET_02,PET,982.0000,42.972416
PET_02,PET,983.0000,42.989691
PET_02,PET,984.0000,43.008032
PET_02,PET,985.0000,43.027456
PET_02,PET,986.0000,43.047978
PET_02,PET,987.0000,43.069620
PET_02,PET,988.0000,43.092401
PET_02,PET,989.0000,43.116343
PET_02,PET,990.0000,43.141471
PET_02,PET,991.0000,43.167810
PET_02,PET,992.0000,43.195387
PET_02,PET,993.0000,43.224232
PET_02,PET,994.0000,43.254377
PET_02,PET,995.0000,43.285854
PET_02,PET,996.0000,43.318699
PET_02,PET,997.0000,43.352950
PET_02,PET,998.0000,43.388647
PET_02,PET,999.0000,43.425833
PET_02,PET,1000.0000,43.464553
PET_02,PET,1001.0000,43.504855
PET_02,PET,1002.0000,43.546790
PET_02,PET,1003.0000,43.590411
PET_02,PET,1004.0000,43.635776
PET_02,PET,1005.0000,43.682946
PET_02,PET,1006.0000,43.731984
PET_02,PET,1007.0000,43.782958
PET_02,PET,1008.0000,43.835942
PET_02,PET,1009.0000,43.891010
PET_02,PET,1010.0000,43.948244
PET_02,PET,1011.0000,44.007731
PET_02,PET,1012.0000,44.069560
PET_02,PET,1013.0000,44.133829
PET_02,PET,1014.0000,44.200641
PET_02,PET,1015.0000,44.270104
PET_02,PET,1016.0000,44.342334
PET_02,PET,1017.0000,44.417455
PET_02,PET,1018.0000,44.495597
PET_02,PET,1019.0000,44.576900
PET_02,PET,1020.0000,44.661511
PET_02,PET,1021.0000,44.749590
PET_02,PET,1022.0000,44.841304
PET_02,PET,1023.0000,44.936834
PET_02,PET,1024.0000,45.036371
PET_02,PET,1025.0000,45.140121
PET_02,PET,1026.0000,45.248303
PET_02,PET,1027.0000,45.361151
PET_02,PET,1028.0000,45.478917
PET_02,PET,1029.0000,45.601870
PET_02,PET,1030.0000,45.730301
PET_02,PET,1031.0000,45.864518
PET_02,PET,1032.0000,46.004857
PET_02,PET,1033.0000,46.151677
PET_02,PET,1034.0000,46.305365
PET_02,PET,1035.0000,46.466339
PET_02,PET,1036.0000,46.635050
PET_02,PET,1037.0000,46.811986
PET_02,PET,1038.0000,46.997674
PET_02,PET,1039.0000,47.192686
PET_02,PET,1040.0000,47.397644
PET_02,PET,1041.0000,47.613223
PET_02,PET,1042.0000,47.840156
PET_02,PET,1043.0000,48.079244
PET_02,PET,1044.0000,48.331362
PET_02,PET,1045.0000,48.597463
PET_02,PET,1046.0000,48.878594
PET_02,PET,1047.0000,49.175903
PET_02,PET,1048.0000,49.490650
PET_02,PET,1049.0000,49.824225
PET_02,PET,1050.0000,50.178157
PET_02,PET,1051.0000,50.554140
PET_02,PET,1052.0000,50.954047
PET_02,PET,1053.0000,51.379961
PET_02,PET,1054.0000,51.834194
PET_02,PET,1055.0000,52.319328
PET_02,PET,1056.0000,52.838247
PET_02,PET,1057.0000,53.394184
PET_02,PET,1058.0000,53.990771
PET_02,PET,1059.0000,54.632100
PET_02,PET,1060.0000,55.322795
PET_02,PET,1061.0000,56.068098
PET_02,PET,1062.0000,56.873970
PET_02,PET,1063.0000,57.747208
PET_02,PET,1064.0000,58.695599
PET_02,PET,1065.0000,59.728085
PET_02,PET,1066.0000,60.854987
PET_02,PET,1067.0000,62.088251
PET_02,PET,1068.0000,63.441776
PET_02,PET,1069.0000,64.931797
PET_02,PET,1070.0000,66.577368
PET_02,PET,1071.0000,68.400963
PET_02,PET,1072.0000,70.429220
PET_02,PET,1073.0000,72.693890
PET_02,PET,1074.0000,75.233024
PET_02,PET,1075.0000,78.092491
PET_02,PET,1076.0000,81.327917
PET_02,PET,1077.0000,85.007181
PET_02,PET,1078.0000,89.213637
PET_02,PET,1079.0000,94.050292
PET_02,PET,1080.0000,99.645232
PET_02,PET,1081.0000,106.158666
PET_02,PET,1082.0000,113.792017
PET_02,PET,1083.0000,122.799509
PET_02,PET,1084.0000,133.502564
PET_02,PET,1085.0000,146.306795
PET_02,PET,1086.0000,161.719956
PET_02,PET,1087.0000,180.365859
PET_02,PET,1088.0000,202.981932
PET_02,PET,1089.0000,230.373374
PET_02,PET,1090.0000,263.270496
PET_02,PET,1091.0000,301.998700
PET_02,PET,1092.0000,345.849426
PET_02,PET,1093.0000,392.134625
PET_02,PET,1094.0000,435.308609
PET_02,PET,1095.0000,467.269186
PET_02,PET,1096.0000,480.092381
PET_02,PET,1097.0000,470.399183
PET_02,PET,1098.0000,441.626891
PET_02,PET,1099.0000,401.760213
PET_02,PET,1100.0000,358.967135
PET_02,PET,1101.0000,318.867143
PET_02,PET,1102.0000,284.233593
PET_02,PET,1103.0000,255.876129
PET_02,PET,1104.0000,233.591555
PET_02,PET,1105.0000,216.799630
PET_02,PET,1106.0000,204.881547
PET_02,PET,1107.0000,197.333021
PET_02,PET,1108.0000,193.822361
PET_02,PET,1109.0000,194.205807
PET_02,PET,1110.0000,198.523574
PET_02,PET,1111.0000,206.980157
PET_02,PET,1112.0000,219.894557
PET_02,PET,1113.0000,237.583914
PET_02,PET,1114.0000,260.116081
PET_02,PET,1115.0000,286.851056
PET_02,PET,1116.0000,315.758354
PET_02,PET,1117.0000,342.784063
PET_02,PET,1118.0000,362.061408
PET_02,PET,1119.0000,367.860450
PET_02,PET,1120.0000,357.704111
PET_02,PET,1121.0000,333.987875
PET_02,PET,1122.0000,302.356662
PET_02,PET,1123.0000,268.585149
PET_02,PET,1124.0000,236.623934
PET_02,PET,1125.0000,208.384086
PET_02,PET,1126.0000,184.364099
PET_02,PET,1127.0000,164.325038
PET_02,PET,1128.0000,147.739677
PET_02,PET,1129.0000,134.028073
PET_02,PET,1130.0000,122.659344
PET_02,PET,1131.0000,113.184309
PET_02,PET,1132.0000,105.237152
PET_02,PET,1133.0000,98.525413
PET_02,PET,1134.0000,92.817102
PET_02,PET,1135.0000,87.928521
PET_02,PET,1136.0000,83.713934
PET_02,PET,1137.0000,80.057260
PET_02,PET,1138.0000,76.865549
PET_02,PET,1139.0000,74.063924
PET_02,PET,1140.0000,71.591691
PET_02,PET,1141.0000,69.399331
PET_02,PET,1142.0000,67.446183
PET_02,PET,1143.0000,65.698654
PET_02,PET,1144.0000,64.128817
PET_02,PET,1145.0000,62.713319
PET_02,PET,1146.0000,61.432525
PET_02,PET,1147.0000,60.269832
PET_02,PET,1148.0000,59.211132
PET_02,PET,1149.0000,58.244378
PET_02,PET,1150.0000,57.359231
PET_02,PET,1151.0000,56.546784
PET_02,PET,1152.0000,55.799326
PET_02,PET,1153.0000,55.110158
PET_02,PET,1154.0000,54.473436
PET_02,PET,1155.0000,53.884044
PET_02,PET,1156.0000,53.337489
PET_02,PET,1157.0000,52.829808
PET_02,PET,1158.0000,52.357501
PET_02,PET,1159.0000,51.917460
PET_02,PET,1160.0000,51.506926
PET_02,PET,1161.0000,51.123434
PET_02,PET,1162.0000,50.764784
PET_02,PET,1163.0000,50.429004
PET_02,PET,1164.0000,50.114319
PET_02,PET,1165.0000,49.819137
PET_02,PET,1166.0000,49.542017
PET_02,PET,1167.0000,49.281660
PET_02,PET,1168.0000,49.036887
PET_02,PET,1169.0000,48.806630
PET_02,PET,1170.0000,48.589919
PET_02,PET,1171.0000,48.385869
PET_02,PET,1172.0000,48.193677
PET_02,PET,1173.0000,48.012607
PET_02,PET,1174.0000,47.841988
PET_02,PET,1175.0000,47.681205
PET_02,PET,1176.0000,47.529698
PET_02,PET,1177.0000,47.386950
PET_02,PET,1178.0000,47.252489
PET_02,PET,1179.0000,47.125881
PET_02,PET,1180.0000,47.006727
PET_02,PET,1181.0000,46.894663
PET_02,PET,1182.0000,46.789352
PET_02,PET,1183.0000,46.690484
PET_02,PET,1184.0000,46.597778
PET_02,PET,1185.0000,46.510971
PET_02,PET,1186.0000,46.429826
PET_02,PET,1187.0000,46.354124
PET_02,PET,1188.0000,46.283664
PET_02,PET,1189.0000,46.218263
PET_02,PET,1190.0000,46.157754
PET_02,PET,1191.0000,46.101986
PET_02,PET,1192.0000,46.050821
PET_02,PET,1193.0000,46.004136
PET_02,PET,1194.0000,45.961820
PET_02,PET,1195.0000,45.923773
PET_02,PET,1196.0000,45.889909
PET_02,PET,1197.0000,45.860152
PET_02,PET,1198.0000,45.834437
PET_02,PET,1199.0000,45.812709
PET_02,PET,1200.0000,45.794924
PET_02,PET,1201.0000,45.781046
PET_02,PET,1202.0000,45.771053
PET_02,PET,1203.0000,45.764927
PET_02,PET,1204.0000,45.762665
PET_02,PET,1205.0000,45.764269
PET_02,PET,1206.0000,45.769754
PET_02,PET,1207.0000,45.779143
PET_02,PET,1208.0000,45.792470
PET_02,PET,1209.0000,45.809777
PET_02,PET,1210.0000,45.831119
PET_02,PET,1211.0000,45.856560
PET_02,PET,1212.0000,45.886174
PET_02,PET,1213.0000,45.920049
PET_02,PET,1214.0000,45.958283
PET_02,PET,1215.0000,46.000987
PET_02,PET,1216.0000,46.048285
PET_02,PET,1217.0000,46.100315
PET_02,PET,1218.0000,46.157231
PET_02,PET,1219.0000,46.219199
PET_02,PET,1220.0000,46.286407
PET_02,PET,1221.0000,46.359056
PET_02,PET,1222.0000,46.437368
PET_02,PET,1223.0000,46.521587
PET_02,PET,1224.0000,46.611977
PET_02,PET,1225.0000,46.708827
PET_02,PET,1226.0000,46.812454
PET_02,PET,1227.0000,46.923199
PET_02,PET,1228.0000,47.041438
PET_02,PET,1229.0000,47.167578
PET_02,PET,1230.0000,47.302065
PET_02,PET,1231.0000,47.445383
PET_02,PET,1232.0000,47.598061
PET_02,PET,1233.0000,47.760679
PET_02,PET,1234.0000,47.933868
PET_02,PET,1235.0000,48.118318
PET_02,PET,1236.0000,48.314787
PET_02,PET,1237.0000,48.524103
PET_02,PET,1238.0000,48.747178
PET_02,PET,1239.0000,48.985012
PET_02,PET,1240.0000,49.238705
PET_02,PET,1241.0000,49.509471
PET_02,PET,1242.0000,49.798649
PET_02,PET,1243.0000,50.107720
PET_02,PET,1244.0000,50.438324
PET_02,PET,1245.0000,50.792280
PET_02,PET,1246.0000,51.171614
PET_02,PET,1247.0000,51.578578
PET_02,PET,1248.0000,52.015692
PET_02,PET,1249.0000,52.485771
PET_02,PET,1250.0000,52.991976
PET_02,PET,1251.0000,53.537861
PET_02,PET,1252.0000,54.127432
PET_02,PET,1253.0000,54.765219
PET_02,PET,1254.0000,55.456355
PET_02,PET,1255.0000,56.206681
PET_02,PET,1256.0000,57.022858
PET_02,PET,1257.0000,57.912507
PET_02,PET,1258.0000,58.884383
PET_02,PET,1259.0000,59.948576
PET_02,PET,1260.0000,61.116758
PET_02,PET,1261.0000,62.402488
PET_02,PET,1262.0000,63.821578
PET_02,PET,1263.0000,65.392556
PET_02,PET,1264.0000,67.137223
PET_02,PET,1265.0000,69.081363
PET_02,PET,1266.0000,71.255620
PET_02,PET,1267.0000,73.696607
PET_02,PET,1268.0000,76.448311
PET_02,PET,1269.0000,79.563882
PET_02,PET,1270.0000,83.107922
PET_02,PET,1271.0000,87.159430
PET_02,PET,1272.0000,91.815615
PET_02,PET,1273.0000,97.196840
PET_02,PET,1274.0000,103.453043
PET_02,PET,1275.0000,110.772079
PET_02,PET,1276.0000,119.390496
PET_02,PET,1277.0000,129.607266
PET_02,PET,1278.0000,141.800860
PET_02,PET,1279.0000,156.449388
PET_02,PET,1280.0000,174.151867
PET_02,PET,1281.0000,195.644676
PET_02,PET,1282.0000,221.798496
PET_02,PET,1283.0000,253.563556
PET_02,PET,1284.0000,291.799586
PET_02,PET,1285.0000,336.882674
PET_02,PET,1286.0000,387.956062
PET_02,PET,1287.0000,441.804116
PET_02,PET,1288.0000,491.806411
PET_02,PET,1289.0000,528.295593
PET_02,PET,1290.0000,541.812205
PET_02,PET,1291.0000,528.302200
PET_02,PET,1292.0000,491.819637
PET_02,PET,1293.0000,441.823980
PET_02,PET,1294.0000,387.982596
PET_02,PET,1295.0000,336.915920
PET_02,PET,1296.0000,291.839597
PET_02,PET,1297.0000,253.610395
PET_02,PET,1298.0000,221.852239
PET_02,PET,1299.0000,195.705407
PET_02,PET,1300.0000,174.219683
PET_02,PET,1301.0000,156.524397
PET_02,PET,1302.0000,141.883185
PET_02,PET,1303.0000,129.697038
PET_02,PET,1304.0000,119.487860
PET_02,PET,1305.0000,110.877194
PET_02,PET,1306.0000,103.566080
PET_02,PET,1307.0000,97.317984
PET_02,PET,1308.0000,91.945067
PET_02,PET,1309.0000,87.297403
PET_02,PET,1310.0000,83.254647
PET_02,PET,1311.0000,79.719605
PET_02,PET,1312.0000,76.613294
PET_02,PET,1313.0000,73.871130
PET_02,PET,1314.0000,71.439981
PET_02,PET,1315.0000,69.275880
PET_02,PET,1316.0000,67.342233
PET_02,PET,1317.0000,65.608417
PET_02,PET,1318.0000,64.048671
PET_02,PET,1319.0000,62.641215
PET_02,PET,1320.0000,61.367547
PET_02,PET,1321.0000,60.211880
PET_02,PET,1322.0000,59.160683
PET_02,PET,1323.0000,58.202311
PET_02,PET,1324.0000,57.326704
PET_02,PET,1325.0000,56.525141
PET_02,PET,1326.0000,55.790033
PET_02,PET,1327.0000,55.114755
PET_02,PET,1328.0000,54.493505
PET_02,PET,1329.0000,53.921188
PET_02,PET,1330.0000,53.393318
PET_02,PET,1331.0000,52.905934
PET_02,PET,1332.0000,52.455531
PET_02,PET,1333.0000,52.039000
PET_02,PET,1334.0000,51.653579
PET_02,PET,1335.0000,51.296808
PET_02,PET,1336.0000,50.966495
PET_02,PET,1337.0000,50.660685
PET_02,PET,1338.0000,50.377627
PET_02,PET,1339.0000,50.115757
PET_02,PET,1340.0000,49.873678
PET_02,PET,1341.0000,49.650138
PET_02,PET,1342.0000,49.444017
PET_02,PET,1343.0000,49.254315
PET_02,PET,1344.0000,49.080141
PET_02,PET,1345.0000,48.920702
PET_02,PET,1346.0000,48.775294
PET_02,PET,1347.0000,48.643297
PET_02,PET,1348.0000,48.524165
PET_02,PET,1349.0000,48.417425
PET_02,PET,1350.0000,48.322672
PET_02,PET,1351.0000,48.239560
PET_02,PET,1352.0000,48.167806
PET_02,PET,1353.0000,48.107184
PET_02,PET,1354.0000,48.057522
PET_02,PET,1355.0000,48.018704
PET_02,PET,1356.0000,47.990668
PET_02,PET,1357.0000,47.973405
PET_02,PET,1358.0000,47.966961
PET_02,PET,1359.0000,47.971435
PET_02,PET,1360.0000,47.986987
PET_02,PET,1361.0000,48.013833
PET_02,PET,1362.0000,48.052253
PET_02,PET,1363.0000,48.102592
PET_02,PET,1364.0000,48.165268
PET_02,PET,1365.0000,48.240771
PET_02,PET,1366.0000,48.329678
PET_02,PET,1367.0000,48.432655
PET_02,PET,1368.0000,48.550467
PET_02,PET,1369.0000,48.683989
PET_02,PET,1370.0000,48.834222
PET_02,PET,1371.0000,49.002301
PET_02,PET,1372.0000,49.189517
PET_02,PET,1373.0000,49.397337
PET_02,PET,1374.0000,49.627426
PET_02,PET,1375.0000,49.881675
PET_02,PET,1376.0000,50.162235
PET_02,PET,1377.0000,50.471555
PET_02,PET,1378.0000,50.812427
PET_02,PET,1379.0000,51.188043
PET_02,PET,1380.0000,51.602061
PET_02,PET,1381.0000,52.058678
PET_02,PET,1382.0000,52.562731
PET_02,PET,1383.0000,53.119809
PET_02,PET,1384.0000,53.736387
PET_02,PET,1385.0000,54.420003
PET_02,PET,1386.0000,55.179459
PET_02,PET,1387.0000,56.025080
PET_02,PET,1388.0000,56.969026
PET_02,PET,1389.0000,58.025691
PET_02,PET,1390.0000,59.212192
PET_02,PET,1391.0000,60.548990
PET_02,PET,1392.0000,62.060680
PET_02,PET,1393.0000,63.776988
PET_02,PET,1394.0000,65.734054
PET_02,PET,1395.0000,67.976084
PET_02,PET,1396.0000,70.557483
PET_02,PET,1397.0000,73.545622
PET_02,PET,1398.0000,77.024437
PET_02,PET,1399.0000,81.099098
PET_02,PET,1400.0000,85.902044
PET_02,PET,1401.0000,91.600674
PET_02,PET,1402.0000,98.406906
PET_02,PET,1403.0000,106.588456
PET_02,PET,1404.0000,116.480752
PET_02,PET,1405.0000,128.496142
PET_02,PET,1406.0000,143.122187
PET_02,PET,1407.0000,160.890994
PET_02,PET,1408.0000,182.283991
PET_02,PET,1409.0000,207.511768
PET_02,PET,1410.0000,236.094521
PET_02,PET,1411.0000,266.231478
PET_02,PET,1412.0000,294.215183
PET_02,PET,1413.0000,314.631898
PET_02,PET,1414.0000,322.184313
PET_02,PET,1415.0000,314.602144
PET_02,PET,1416.0000,294.155647
PET_02,PET,1417.0000,266.142109
PET_02,PET,1418.0000,235.975237
PET_02,PET,1419.0000,207.362462
PET_02,PET,1420.0000,182.104528
PET_02,PET,1421.0000,160.681213
PET_02,PET,1422.0000,142.881898
PET_02,PET,1423.0000,128.225126
PET_02,PET,1424.0000,116.178762
PET_02,PET,1425.0000,106.255216
PET_02,PET,1426.0000,98.042111
PET_02,PET,1427.0000,91.203988
PET_02,PET,1428.0000,85.473099
PET_02,PET,1429.0000,80.637494
PET_02,PET,1430.0000,76.529742
PET_02,PET,1431.0000,73.017371
PET_02,PET,1432.0000,69.995174
PET_02,PET,1433.0000,67.379182
PET_02,PET,1434.0000,65.101984
PET_02,PET,1435.0000,63.109139
PET_02,PET,1436.0000,61.356401
PET_02,PET,1437.0000,59.807588
PET_02,PET,1438.0000,58.432930
PET_02,PET,1439.0000,57.207790
PET_02,PET,1440.0000,56.111660
PET_02,PET,1441.0000,55.127372
PET_02,PET,1442.0000,54.240485
PET_02,PET,1443.0000,53.438784
PET_02,PET,1444.0000,52.711890
PET_02,PET,1445.0000,52.050942
PET_02,PET,1446.0000,51.448343
PET_02,PET,1447.0000,50.897552
PET_02,PET,1448.0000,50.392914
PET_02,PET,1449.0000,49.929522
PET_02,PET,1450.0000,49.503104
PET_02,PET,1451.0000,49.109924
PET_02,PET,1452.0000,48.746709
PET_02,PET,1453.0000,48.410579
PET_02,PET,1454.0000,48.098991
PET_02,PET,1455.0000,47.809700
PET_02,PET,1456.0000,47.540710
PET_02,PET,1457.0000,47.290246
PET_02,PET,1458.0000,47.056728
PET_02,PET,1459.0000,46.838740
PET_02,PET,1460.0000,46.635016
PET_02,PET,1461.0000,46.444418
PET_02,PET,1462.0000,46.265921
PET_02,PET,1463.0000,46.098602
PET_02,PET,1464.0000,45.941628
PET_02,PET,1465.0000,45.794243
PET_02,PET,1466.0000,45.655762
PET_02,PET,1467.0000,45.525566
PET_02,PET,1468.0000,45.403087
PET_02,PET,1469.0000,45.287810
PET_02,PET,1470.0000,45.179266
PET_02,PET,1471.0000,45.077025
PET_02,PET,1472.0000,44.980693
PET_02,PET,1473.0000,44.889912
PET_02,PET,1474.0000,44.804351
PET_02,PET,1475.0000,44.723707
PET_02,PET,1476.0000,44.647701
PET_02,PET,1477.0000,44.576078
PET_02,PET,1478.0000,44.508602
PET_02,PET,1479.0000,44.445054
PET_02,PET,1480.0000,44.385236
PET_02,PET,1481.0000,44.328961
PET_02,PET,1482.0000,44.276060
PET_02,PET,1483.0000,44.226376
PET_02,PET,1484.0000,44.179761
PET_02,PET,1485.0000,44.136084
PET_02,PET,1486.0000,44.095218
PET_02,PET,1487.0000,44.057049
PET_02,PET,1488.0000,44.021472
PET_02,PET,1489.0000,43.988389
PET_02,PET,1490.0000,43.957709
PET_02,PET,1491.0000,43.929350
PET_02,PET,1492.0000,43.903235
PET_02,PET,1493.0000,43.879294
PET_02,PET,1494.0000,43.857461
PET_02,PET,1495.0000,43.837680
PET_02,PET,1496.0000,43.819894
PET_02,PET,1497.0000,43.804056
PET_02,PET,1498.0000,43.790120
PET_02,PET,1499.0000,43.778047
PET_02,PET,1500.0000,43.767801
PET_02,PET,1501.0000,43.759350
PET_02,PET,1502.0000,43.752665
PET_02,PET,1503.0000,43.747723
PET_02,PET,1504.0000,43.744503
PET_02,PET,1505.0000,43.742986
PET_02,PET,1506.0000,43.743160
PET_02,PET,1507.0000,43.745012
PET_02,PET,1508.0000,43.748536
PET_02,PET,1509.0000,43.753727
PET_02,PET,1510.0000,43.760584
PET_02,PET,1511.0000,43.769107
PET_02,PET,1512.0000,43.779303
PET_02,PET,1513.0000,43.791179
PET_02,PET,1514.0000,43.804746
PET_02,PET,1515.0000,43.820017
PET_02,PET,1516.0000,43.837010
PET_02,PET,1517.0000,43.855745
PET_02,PET,1518.0000,43.876247
PET_02,PET,1519.0000,43.898541
PET_02,PET,1520.0000,43.922658
PET_02,PET,1521.0000,43.948631
PET_02,PET,1522.0000,43.976500
PET_02,PET,1523.0000,44.006303
PET_02,PET,1524.0000,44.038088
PET_02,PET,1525.0000,44.071902
PET_02,PET,1526.0000,44.107799
PET_02,PET,1527.0000,44.145838
PET_02,PET,1528.0000,44.186081
PET_02,PET,1529.0000,44.228596
PET_02,PET,1530.0000,44.273455
PET_02,PET,1531.0000,44.320738
PET_02,PET,1532.0000,44.370527
PET_02,PET,1533.0000,44.422914
PET_02,PET,1534.0000,44.477996
PET_02,PET,1535.0000,44.535877
PET_02,PET,1536.0000,44.596669
PET_02,PET,1537.0000,44.660491
PET_02,PET,1538.0000,44.727472
PET_02,PET,1539.0000,44.797750
PET_02,PET,1540.0000,44.871472
PET_02,PET,1541.0000,44.948797
PET_02,PET,1542.0000,45.029894
PET_02,PET,1543.0000,45.114946
PET_02,PET,1544.0000,45.204148
PET_02,PET,1545.0000,45.297711
PET_02,PET,1546.0000,45.395861
PET_02,PET,1547.0000,45.498841
PET_02,PET,1548.0000,45.606913
PET_02,PET,1549.0000,45.720358
PET_02,PET,1550.0000,45.839481
PET_02,PET,1551.0000,45.964609
PET_02,PET,1552.0000,46.096097
PET_02,PET,1553.0000,46.234328
PET_02,PET,1554.0000,46.379715
PET_02,PET,1555.0000,46.532708
PET_02,PET,1556.0000,46.693794
PET_02,PET,1557.0000,46.863501
PET_02,PET,1558.0000,47.042403
PET_02,PET,1559.0000,47.231128
PET_02,PET,1560.0000,47.430356
PET_02,PET,1561.0000,47.640831
PET_02,PET,1562.0000,47.863369
PET_02,PET,1563.0000,48.098859
PET_02,PET,1564.0000,48.348279
PET_02,PET,1565.0000,48.612701
PET_02,PET,1566.0000,48.893307
PET_02,PET,1567.0000,49.191396
PET_02,PET,1568.0000,49.508407
PET_02,PET,1569.0000,49.845927
PET_02,PET,1570.0000,50.205719
PET_02,PET,1571.0000,50.589741
PET_02,PET,1572.0000,51.000169
PET_02,PET,1573.0000,51.439436
PET_02,PET,1574.0000,51.910259
PET_02,PET,1575.0000,52.415685
PET_02,PET,1576.0000,52.959139
PET_02,PET,1577.0000,53.544481
PET_02,PET,1578.0000,54.176071
PET_02,PET,1579.0000,54.858853
PET_02,PET,1580.0000,55.598445
PET_02,PET,1581.0000,56.401254
PET_02,PET,1582.0000,57.274611
PET_02,PET,1583.0000,58.226934
PET_02,PET,1584.0000,59.267920
PET_02,PET,1585.0000,60.408789
PET_02,PET,1586.0000,61.662570
PET_02,PET,1587.0000,63.044456
PET_02,PET,1588.0000,64.572247
PET_02,PET,1589.0000,66.266886
PET_02,PET,1590.0000,68.153139
PET_02,PET,1591.0000,70.260437
PET_02,PET,1592.0000,72.623943
PET_02,PET,1593.0000,75.285899
PET_02,PET,1594.0000,78.297343
PET_02,PET,1595.0000,81.720307
PET_02,PET,1596.0000,85.630645
PET_02,PET,1597.0000,90.121695
PET_02,PET,1598.0000,95.309018
PET_02,PET,1599.0000,101.336571
PET_02,PET,1600.0000,108.384713
PET_02,PET,1601.0000,116.680545
PET_02,PET,1602.0000,126.511098
PET_02,PET,1603.0000,138.239721
PET_02,PET,1604.0000,152.325417
PET_02,PET,1605.0000,169.343263
PET_02,PET,1606.0000,190.000201
PET_02,PET,1607.0000,215.132105
PET_02,PET,1608.0000,245.651214
PET_02,PET,1609.0000,282.382891
PET_02,PET,1610.0000,325.688203
PET_02,PET,1611.0000,374.744684
PET_02,PET,1612.0000,426.465349
PET_02,PET,1613.0000,474.494616
PET_02,PET,1614.0000,509.551847
PET_02,PET,1615.0000,522.555994
PET_02,PET,1616.0000,509.615195
PET_02,PET,1617.0000,474.621378
PET_02,PET,1618.0000,426.655657
PET_02,PET,1619.0000,374.998736
PET_02,PET,1620.0000,326.006266
PET_02,PET,1621.0000,282.765297
PET_02,PET,1622.0000,246.098364
PET_02,PET,1623.0000,215.644469
PET_02,PET,1624.0000,190.578322
PET_02,PET,1625.0000,169.987753
PET_02,PET,1626.0000,153.036961
PET_02,PET,1627.0000,139.019082
PET_02,PET,1628.0000,127.359114
PET_02,PET,1629.0000,117.598133
PET_02,PET,1630.0000,109.372873
PET_02,PET,1631.0000,102.396385
PET_02,PET,1632.0000,96.441655
PET_02,PET,1633.0000,91.328415
PET_02,PET,1634.0000,86.912801
PET_02,PET,1635.0000,83.079348
PET_02,PET,1636.0000,79.734819
PET_02,PET,1637.0000,76.803465
PET_02,PET,1638.0000,74.223364
PET_02,PET,1639.0000,71.943592
PET_02,PET,1640.0000,69.922028
PET_02,PET,1641.0000,68.123634
PET_02,PET,1642.0000,66.519111
PET_02,PET,1643.0000,65.083832
PET_02,PET,1644.0000,63.796999
PET_02,PET,1645.0000,62.640968
PET_02,PET,1646.0000,61.600706
PET_02,PET,1647.0000,60.663358
PET_02,PET,1648.0000,59.817885
PET_02,PET,1649.0000,59.054781
PET_02,PET,1650.0000,58.365834
PET_02,PET,1651.0000,57.743927
PET_02,PET,1652.0000,57.182885
PET_02,PET,1653.0000,56.677334
PET_02,PET,1654.0000,56.222591
PET_02,PET,1655.0000,55.814573
PET_02,PET,1656.0000,55.449717
PET_02,PET,1657.0000,55.124916
PET_02,PET,1658.0000,54.837461
PET_02,PET,1659.0000,54.584999
PET_02,PET,1660.0000,54.365488
PET_02,PET,1661.0000,54.177168
PET_02,PET,1662.0000,54.018532
PET_02,PET,1663.0000,53.888302
PET_02,PET,1664.0000,53.785411
PET_02,PET,1665.0000,53.708985
PET_02,PET,1666.0000,53.658331
PET_02,PET,1667.0000,53.632926
PET_02,PET,1668.0000,53.632410
PET_02,PET,1669.0000,53.656579
PET_02,PET,1670.0000,53.705381
PET_02,PET,1671.0000,53.778915
PET_02,PET,1672.0000,53.877430
PET_02,PET,1673.0000,54.001331
PET_02,PET,1674.0000,54.151177
PET_02,PET,1675.0000,54.327689
PET_02,PET,1676.0000,54.531762
PET_02,PET,1677.0000,54.764470
PET_02,PET,1678.0000,55.027081
PET_02,PET,1679.0000,55.321073
PET_02,PET,1680.0000,55.648155
PET_02,PET,1681.0000,56.010282
PET_02,PET,1682.0000,56.409690
PET_02,PET,1683.0000,56.848921
PET_02,PET,1684.0000,57.330861
PET_02,PET,1685.0000,57.858785
PET_02,PET,1686.0000,58.436404
PET_02,PET,1687.0000,59.067925
PET_02,PET,1688.0000,59.758121
PET_02,PET,1689.0000,60.512412
PET_02,PET,1690.0000,61.336963
PET_02,PET,1691.0000,62.238800
PET_02,PET,1692.0000,63.225941
PET_02,PET,1693.0000,64.307570
PET_02,PET,1694.0000,65.494221
PET_02,PET,1695.0000,66.798024
PET_02,PET,1696.0000,68.232985
PET_02,PET,1697.0000,69.815334
PET_02,PET,1698.0000,71.563945
PET_02,PET,1699.0000,73.500860
PET_02,PET,1700.0000,75.651921
PET_02,PET,1701.0000,78.047563
PET_02,PET,1702.0000,80.723799
PET_02,PET,1703.0000,83.723450
PET_02,PET,1704.0000,87.097701
PET_02,PET,1705.0000,90.908063
PET_02,PET,1706.0000,95.228877
PET_02,PET,1707.0000,100.150522
PET_02,PET,1708.0000,105.783535
PET_02,PET,1709.0000,112.263953
PET_02,PET,1710.0000,119.760226
PET_02,PET,1711.0000,128.482215
PET_02,PET,1712.0000,138.692868
PET_02,PET,1713.0000,150.723301
PET_02,PET,1714.0000,164.992030
PET_02,PET,1715.0000,182.028870
PET_02,PET,1716.0000,202.503129
PET_02,PET,1717.0000,227.253394
PET_02,PET,1718.0000,257.310552
PET_02,PET,1719.0000,293.893520
PET_02,PET,1720.0000,338.332579
PET_02,PET,1721.0000,391.831317
PET_02,PET,1722.0000,454.916222
PET_02,PET,1723.0000,526.387796
PET_02,PET,1724.0000,601.744121
PET_02,PET,1725.0000,671.716569
PET_02,PET,1726.0000,722.770809
PET_02,PET,1727.0000,741.663575
PET_02,PET,1728.0000,722.719165
PET_02,PET,1729.0000,671.613234
PET_02,PET,1730.0000,601.589003
PET_02,PET,1731.0000,526.180754
PET_02,PET,1732.0000,454.657068
PET_02,PET,1733.0000,391.519816
PET_02,PET,1734.0000,337.968447
PET_02,PET,1735.0000,293.476423
PET_02,PET,1736.0000,256.840109
PET_02,PET,1737.0000,226.729171
PET_02,PET,1738.0000,201.924641
PET_02,PET,1739.0000,181.395579
PET_02,PET,1740.0000,164.303345
PET_02,PET,1741.0000,149.978573
PET_02,PET,1742.0000,137.891392
PET_02,PET,1743.0000,127.623226
PET_02,PET,1744.0000,118.842899
PET_02,PET,1745.0000,111.287400
PET_02,PET,1746.0000,104.746801
PET_02,PET,1747.0000,99.052585
PET_02,PET,1748.0000,94.068645
PET_02,PET,1749.0000,89.684369
PET_02,PET,1750.0000,85.809303
PET_02,PET,1751.0000,82.369024
PET_02,PET,1752.0000,79.301938
PET_02,PET,1753.0000,76.556772
PET_02,PET,1754.0000,74.090612
PET_02,PET,1755.0000,71.867349
PET_02,PET,1756.0000,69.856446
PET_02,PET,1757.0000,68.031952
PET_02,PET,1758.0000,66.371715
PET_02,PET,1759.0000,64.856738
PET_02,PET,1760.0000,63.470667
PET_02,PET,1761.0000,62.199360
PET_02,PET,1762.0000,61.030549
PET_02,PET,1763.0000,59.953544
PET_02,PET,1764.0000,58.959007
PET_02,PET,1765.0000,58.038746
PET_02,PET,1766.0000,57.185556
PET_02,PET,1767.0000,56.393079
PET_02,PET,1768.0000,55.655689
PET_02,PET,1769.0000,54.968394
PET_02,PET,1770.0000,54.326751
PET_02,PET,1771.0000,53.726797
PET_02,PET,1772.0000,53.164990
PET_02,PET,1773.0000,52.638152
PET_02,PET,1774.0000,52.143431
PET_02,PET,1775.0000,51.678257
PET_02,PET,1776.0000,51.240312
PET_02,PET,1777.0000,50.827502
PET_02,PET,1778.0000,50.437927
PET_02,PET,1779.0000,50.069865
PET_02,PET,1780.0000,49.721751
PET_02,PET,1781.0000,49.392158
PET_02,PET,1782.0000,49.079785
PET_02,PET,1783.0000,48.783443
PET_02,PET,1784.0000,48.502044
PET_02,PET,1785.0000,48.234591
PET_02,PET,1786.0000,47.980169
PET_02,PET,1787.0000,47.737935
PET_02,PET,1788.0000,47.507117
PET_02,PET,1789.0000,47.286999
PET_02,PET,1790.0000,47.076923
PET_02,PET,1791.0000,46.876279
PET_02,PET,1792.0000,46.684506
PET_02,PET,1793.0000,46.501080
PET_02,PET,1794.0000,46.325518
PET_02,PET,1795.0000,46.157371
PET_02,PET,1796.0000,45.996221
PET_02,PET,1797.0000,45.841680
PET_02,PET,1798.0000,45.693386
PET_02,PET,1799.0000,45.551002
PET_02,PET,1800.0000,45.414212
PET_02,PET,1801.0000,45.282723
PET_02,PET,1802.0000,45.156261
PET_02,PET,1803.0000,45.034568
PET_02,PET,1804.0000,44.917402
PET_02,PET,1805.0000,44.804539
PET_02,PET,1806.0000,44.695767
PET_02,PET,1807.0000,44.590886
PET_02,PET,1808.0000,44.489710
PET_02,PET,1809.0000,44.392063
PET_02,PET,1810.0000,44.297779
PET_02,PET,1811.0000,44.206704
PET_02,PET,1812.0000,44.118690
PET_02,PET,1813.0000,44.033598
PET_02,PET,1814.0000,43.951299
PET_02,PET,1815.0000,43.871669
PET_02,PET,1816.0000,43.794591
PET_02,PET,1817.0000,43.719955
PET_02,PET,1818.0000,43.647656
PET_02,PET,1819.0000,43.577597
PET_02,PET,1820.0000,43.509682
PET_02,PET,1821.0000,43.443825
PET_02,PET,1822.0000,43.379940
PET_02,PET,1823.0000,43.317948
PET_02,PET,1824.0000,43.257773
PET_02,PET,1825.0000,43.199342
PET_02,PET,1826.0000,43.142589
PET_02,PET,1827.0000,43.087446
PET_02,PET,1828.0000,43.033853
PET_02,PET,1829.0000,42.981751
PET_02,PET,1830.0000,42.931083
PET_02,PET,1831.0000,42.881796
PET_02,PET,1832.0000,42.833839
PET_02,PET,1833.0000,42.787163
PET_02,PET,1834.0000,42.741722
PET_02,PET,1835.0000,42.697471
PET_02,PET,1836.0000,42.654369
PET_02,PET,1837.0000,42.612374
PET_02,PET,1838.0000,42.571448
PET_02,PET,1839.0000,42.531554
PET_02,PET,1840.0000,42.492657
PET_02,PET,1841.0000,42.454722
PET_02,PET,1842.0000,42.417718
PET_02,PET,1843.0000,42.381614
PET_02,PET,1844.0000,42.346379
PET_02,PET,1845.0000,42.311985
PET_02,PET,1846.0000,42.278405
PET_02,PET,1847.0000,42.245612
PET_02,PET,1848.0000,42.213582
PET_02,PET,1849.0000,42.182290
PET_02,PET,1850.0000,42.151713
PET_02,PET,1851.0000,42.121829
PET_02,PET,1852.0000,42.092616
PET_02,PET,1853.0000,42.064054
PET_02,PET,1854.0000,42.036123
PET_02,PET,1855.0000,42.008804
PET_02,PET,1856.0000,41.982078
PET_02,PET,1857.0000,41.955929
PET_02,PET,1858.0000,41.930339
PET_02,PET,1859.0000,41.905291
PET_02,PET,1860.0000,41.880770
PET_02,PET,1861.0000,41.856762
PET_02,PET,1862.0000,41.833250
PET_02,PET,1863.0000,41.810222
PET_02,PET,1864.0000,41.787663
PET_02,PET,1865.0000,41.765561
PET_02,PET,1866.0000,41.743903
PET_02,PET,1867.0000,41.722676
PET_02,PET,1868.0000,41.701869
PET_02,PET,1869.0000,41.681470
PET_02,PET,1870.0000,41.661469
PET_02,PET,1871.0000,41.641855
PET_02,PET,1872.0000,41.622618
PET_02,PET,1873.0000,41.603747
PET_02,PET,1874.0000,41.585234
PET_02,PET,1875.0000,41.567068
PET_02,PET,1876.0000,41.549241
PET_02,PET,1877.0000,41.531744
PET_02,PET,1878.0000,41.514569
PET_02,PET,1879.0000,41.497708
PET_02,PET,1880.0000,41.481153
PET_02,PET,1881.0000,41.464896
PET_02,PET,1882.0000,41.448930
PET_02,PET,1883.0000,41.433247
PET_02,PET,1884.0000,41.417842
PET_02,PET,1885.0000,41.402706
PET_02,PET,1886.0000,41.387834
PET_02,PET,1887.0000,41.373219
PET_02,PET,1888.0000,41.358855
PET_02,PET,1889.0000,41.344737
PET_02,PET,1890.0000,41.330858
PET_02,PET,1891.0000,41.317212
PET_02,PET,1892.0000,41.303796
PET_02,PET,1893.0000,41.290602
PET_02,PET,1894.0000,41.277626
PET_02,PET,1895.0000,41.264864
PET_02,PET,1896.0000,41.252310
PET_02,PET,1897.0000,41.239959
PET_02,PET,1898.0000,41.227808
PET_02,PET,1899.0000,41.215851
PET_02,PET,1900.0000,41.204084
PET_02,PET,1901.0000,41.192504
PET_02,PET,1902.0000,41.181106
PET_02,PET,1903.0000,41.169885
PET_02,PET,1904.0000,41.158840
PET_02,PET,1905.0000,41.147964
PET_02,PET,1906.0000,41.137256
PET_02,PET,1907.0000,41.126711
PET_02,PET,1908.0000,41.116327
PET_02,PET,1909.0000,41.106098
PET_02,PET,1910.0000,41.096024
PET_02,PET,1911.0000,41.086099
PET_02,PET,1912.0000,41.076321
PET_02,PET,1913.0000,41.066688
PET_02,PET,1914.0000,41.057196
PET_02,PET,1915.0000,41.047842
PET_02,PET,1916.0000,41.038623
PET_02,PET,1917.0000,41.029538
PET_02,PET,1918.0000,41.020582
PET_02,PET,1919.0000,41.011755
PET_02,PET,1920.0000,41.003052
PET_02,PET,1921.0000,40.994472
PET_02,PET,1922.0000,40.986012
PET_02,PET,1923.0000,40.977670
PET_02,PET,1924.0000,40.969444
PET_02,PET,1925.0000,40.961331
PET_02,PET,1926.0000,40.953330
PET_02,PET,1927.0000,40.945437
PET_02,PET,1928.0000,40.937652
PET_02,PET,1929.0000,40.929972
PET_02,PET,1930.0000,40.922395
PET_02,PET,1931.0000,40.914919
PET_02,PET,1932.0000,40.907542
PET_02,PET,1933.0000,40.900263
PET_02,PET,1934.0000,40.893080
PET_02,PET,1935.0000,40.885991
PET_02,PET,1936.0000,40.878994
PET_02,PET,1937.0000,40.872087
PET_02,PET,1938.0000,40.865270
PET_02,PET,1939.0000,40.858540
PET_02,PET,1940.0000,40.851896
PET_02,PET,1941.0000,40.845336
PET_02,PET,1942.0000,40.838859
PET_02,PET,1943.0000,40.832464
PET_02,PET,1944.0000,40.826148
PET_02,PET,1945.0000,40.819912
PET_02,PET,1946.0000,40.813752
PET_02,PET,1947.0000,40.807668
PET_02,PET,1948.0000,40.801659
PET_02,PET,1949.0000,40.795723
PET_02,PET,1950.0000,40.789860
PET_02,PET,1951.0000,40.784067
PET_02,PET,1952.0000,40.778344
PET_02,PET,1953.0000,40.772690
PET_02,PET,1954.0000,40.767103
PET_02,PET,1955.0000,40.761582
PET_02,PET,1956.0000,40.756126
PET_02,PET,1957.0000,40.750735
PET_02,PET,1958.0000,40.745407
PET_02,PET,1959.0000,40.740140
PET_02,PET,1960.0000,40.734935
PET_02,PET,1961.0000,40.729790
PET_02,PET,1962.0000,40.724704
PET_02,PET,1963.0000,40.719676
PET_02,PET,1964.0000,40.714706
PET_02,PET,1965.0000,40.709791
PET_02,PET,1966.0000,40.704933
PET_02,PET,1967.0000,40.700129
PET_02,PET,1968.0000,40.695378
PET_02,PET,1969.0000,40.690681
PET_02,PET,1970.0000,40.686035
PET_02,PET,1971.0000,40.681441
PET_02,PET,1972.0000,40.676898
PET_02,PET,1973.0000,40.672404
PET_02,PET,1974.0000,40.667959
PET_02,PET,1975.0000,40.663562
PET_02,PET,1976.0000,40.659213
PET_02,PET,1977.0000,40.654910
PET_02,PET,1978.0000,40.650654
PET_02,PET,1979.0000,40.646443
PET_02,PET,1980.0000,40.642277
PET_02,PET,1981.0000,40.638155
PET_02,PET,1982.0000,40.634076
PET_02,PET,1983.0000,40.630040
PET_02,PET,1984.0000,40.626047
PET_02,PET,1985.0000,40.622094
PET_02,PET,1986.0000,40.618183
PET_02,PET,1987.0000,40.614312
PET_02,PET,1988.0000,40.610481
PET_02,PET,1989.0000,40.606689
PET_02,PET,1990.0000,40.602936
PET_02,PET,1991.0000,40.599221
PET_02,PET,1992.0000,40.595543
PET_02,PET,1993.0000,40.591903
PET_02,PET,1994.0000,40.588299
PET_02,PET,1995.0000,40.584731
PET_02,PET,1996.0000,40.581198
PET_02,PET,1997.0000,40.577701
PET_02,PET,1998.0000,40.574238
PET_02,PET,1999.0000,40.570809
PET_02,PET,2000.0000,40.567414
PMMA_01,PMMA,200.0000,40.174216
PMMA_01,PMMA,201.0000,40.174828
PMMA_01,PMMA,202.0000,40.175443
PMMA_01,PMMA,203.0000,40.176062
PMMA_01,PMMA,204.0000,40.176685
PMMA_01,PMMA,205.0000,40.177312
PMMA_01,PMMA,206.0000,40.177943
PMMA_01,PMMA,207.0000,40.178577
PMMA_01,PMMA,208.0000,40.179216
PMMA_01,PMMA,209.0000,40.179858
PMMA_01,PMMA,210.0000,40.180504
PMMA_01,PMMA,211.0000,40.181154
PMMA_01,PMMA,212.0000,40.181808
PMMA_01,PMMA,213.0000,40.182467
PMMA_01,PMMA,214.0000,40.183129
PMMA_01,PMMA,215.0000,40.183796
PMMA_01,PMMA,216.0000,40.184466
PMMA_01,PMMA,217.0000,40.185141
PMMA_01,PMMA,218.0000,40.185820
PMMA_01,PMMA,219.0000,40.186504
PMMA_01,PMMA,220.0000,40.187191
PMMA_01,PMMA,221.0000,40.187883
PMMA_01,PMMA,222.0000,40.188580
PMMA_01,PMMA,223.0000,40.189281
PMMA_01,PMMA,224.0000,40.189986
PMMA_01,PMMA,225.0000,40.190696
PMMA_01,PMMA,226.0000,40.191411
PMMA_01,PMMA,227.0000,40.192130
PMMA_01,PMMA,228.0000,40.192854
PMMA_01,PMMA,229.0000,40.193582
PMMA_01,PMMA,230.0000,40.194315
PMMA_01,PMMA,231.0000,40.195053
PMMA_01,PMMA,232.0000,40.195796
PMMA_01,PMMA,233.0000,40.196544
PMMA_01,PMMA,234.0000,40.197297
PMMA_01,PMMA,235.0000,40.198054
PMMA_01,PMMA,236.0000,40.198817
PMMA_01,PMMA,237.0000,40.199585
PMMA_01,PMMA,238.0000,40.200358
PMMA_01,PMMA,239.0000,40.201136
PMMA_01,PMMA,240.0000,40.201919
PMMA_01,PMMA,241.0000,40.202708
PMMA_01,PMMA,242.0000,40.203501
PMMA_01,PMMA,243.0000,40.204301
PMMA_01,PMMA,244.0000,40.205105
PMMA_01,PMMA,245.0000,40.205915
PMMA_01,PMMA,246.0000,40.206731
PMMA_01,PMMA,247.0000,40.207552
PMMA_01,PMMA,248.0000,40.208379
PMMA_01,PMMA,249.0000,40.209212
PMMA_01,PMMA,250.0000,40.210050
PMMA_01,PMMA,251.0000,40.210895
PMMA_01,PMMA,252.0000,40.211745
PMMA_01,PMMA,253.0000,40.212601
PMMA_01,PMMA,254.0000,40.213463
PMMA_01,PMMA,255.0000,40.214331
PMMA_01,PMMA,256.0000,40.215205
PMMA_01,PMMA,257.0000,40.216086
PMMA_01,PMMA,258.0000,40.216972
PMMA_01,PMMA,259.0000,40.217865
PMMA_01,PMMA,260.0000,40.218765
PMMA_01,PMMA,261.0000,40.219670
PMMA_01,PMMA,262.0000,40.220583
PMMA_01,PMMA,263.0000,40.221502
PMMA_01,PMMA,264.0000,40.222427
PMMA_01,PMMA,265.0000,40.223360
PMMA_01,PMMA,266.0000,40.224299
PMMA_01,PMMA,267.0000,40.225245
PMMA_01,PMMA,268.0000,40.226198
PMMA_01,PMMA,269.0000,40.227157
PMMA_01,PMMA,270.0000,40.228124
PMMA_01,PMMA,271.0000,40.229099
PMMA_01,PMMA,272.0000,40.230080
PMMA_01,PMMA,273.0000,40.231069
PMMA_01,PMMA,274.0000,40.232065
PMMA_01,PMMA,275.0000,40.233069
PMMA_01,PMMA,276.0000,40.234080
PMMA_01,PMMA,277.0000,40.235099
PMMA_01,PMMA,278.0000,40.236125
PMMA_01,PMMA,279.0000,40.237159
PMMA_01,PMMA,280.0000,40.238202
PMMA_01,PMMA,281.0000,40.239252
PMMA_01,PMMA,282.0000,40.240310
PMMA_01,PMMA,283.0000,40.241377
PMMA_01,PMMA,284.0000,40.242452
PMMA_01,PMMA,285.0000,40.243535
PMMA_01,PMMA,286.0000,40.244627
PMMA_01,PMMA,287.0000,40.245727
PMMA_01,PMMA,288.0000,40.246835
PMMA_01,PMMA,289.0000,40.247953
PMMA_01,PMMA,290.0000,40.249079
PMMA_01,PMMA,291.0000,40.250215
PMMA_01,PMMA,292.0000,40.251359
PMMA_01,PMMA,293.0000,40.252513
PMMA_01,PMMA,294.0000,40.253676
PMMA_01,PMMA,295.0000,40.254848
PMMA_01,PMMA,296.0000,40.256030
PMMA_01,PMMA,297.0000,40.257221
PMMA_01,PMMA,298.0000,40.258422
PMMA_01,PMMA,299.0000,40.259633
PMMA_01,PMMA,300.0000,40.260853
PMMA_01,PMMA,301.0000,40.262084
PMMA_01,PMMA,302.0000,40.263325
PMMA_01,PMMA,303.0000,40.264577
PMMA_01,PMMA,304.0000,40.265838
PMMA_01,PMMA,305.0000,40.267111
PMMA_01,PMMA,306.0000,40.268394
PMMA_01,PMMA,307.0000,40.269687
PMMA_01,PMMA,308.0000,40.270992
PMMA_01,PMMA,309.0000,40.272308
PMMA_01,PMMA,310.0000,40.273635
PMMA_01,PMMA,311.0000,40.274974
PMMA_01,PMMA,312.0000,40.276324
PMMA_01,PMMA,313.0000,40.277685
PMMA_01,PMMA,314.0000,40.279059
PMMA_01,PMMA,315.0000,40.280444
PMMA_01,PMMA,316.0000,40.281841
PMMA_01,PMMA,317.0000,40.283251
PMMA_01,PMMA,318.0000,40.284673
PMMA_01,PMMA,319.0000,40.286108
PMMA_01,PMMA,320.0000,40.287555
PMMA_01,PMMA,321.0000,40.289016
PMMA_01,PMMA,322.0000,40.290489
PMMA_01,PMMA,323.0000,40.291976
PMMA_01,PMMA,324.0000,40.293476
PMMA_01,PMMA,325.0000,40.294989
PMMA_01,PMMA,326.0000,40.296516
PMMA_01,PMMA,327.0000,40.298058
PMMA_01,PMMA,328.0000,40.299613
PMMA_01,PMMA,329.0000,40.301183
PMMA_01,PMMA,330.0000,40.302767
PMMA_01,PMMA,331.0000,40.304366
PMMA_01,PMMA,332.0000,40.305980
PMMA_01,PMMA,333.0000,40.307609
PMMA_01,PMMA,334.0000,40.309253
PMMA_01,PMMA,335.0000,40.310913
PMMA_01,PMMA,336.0000,40.312589
PMMA_01,PMMA,337.0000,40.314280
PMMA_01,PMMA,338.0000,40.315988
PMMA_01,PMMA,339.0000,40.317712
PMMA_01,PMMA,340.0000,40.319453
PMMA_01,PMMA,341.0000,40.321210
PMMA_01,PMMA,342.0000,40.322985
PMMA_01,PMMA,343.0000,40.324777
PMMA_01,PMMA,344.0000,40.326586
PMMA_01,PMMA,345.0000,40.328414
PMMA_01,PMMA,346.0000,40.330259
PMMA_01,PMMA,347.0000,40.332123
PMMA_01,PMMA,348.0000,40.334006
PMMA_01,PMMA,349.0000,40.335907
PMMA_01,PMMA,350.0000,40.337828
PMMA_01,PMMA,351.0000,40.339768
PMMA_01,PMMA,352.0000,40.341728
PMMA_01,PMMA,353.0000,40.343708
PMMA_01,PMMA,354.0000,40.345708
PMMA_01,PMMA,355.0000,40.347729
PMMA_01,PMMA,356.0000,40.349771
PMMA_01,PMMA,357.0000,40.351834
PMMA_01,PMMA,358.0000,40.353919
PMMA_01,PMMA,359.0000,40.356025
PMMA_01,PMMA,360.0000,40.358154
PMMA_01,PMMA,361.0000,40.360306
PMMA_01,PMMA,362.0000,40.362480
PMMA_01,PMMA,363.0000,40.364678
PMMA_01,PMMA,364.0000,40.366899
PMMA_01,PMMA,365.0000,40.369144
PMMA_01,PMMA,366.0000,40.371414
PMMA_01,PMMA,367.0000,40.373709
PMMA_01,PMMA,368.0000,40.376029
PMMA_01,PMMA,369.0000,40.378374
PMMA_01,PMMA,370.0000,40.380745
PMMA_01,PMMA,371.0000,40.383143
PMMA_01,PMMA,372.0000,40.385568
PMMA_01,PMMA,373.0000,40.388020
PMMA_01,PMMA,374.0000,40.390500
PMMA_01,PMMA,375.0000,40.393008
PMMA_01,PMMA,376.0000,40.395544
PMMA_01,PMMA,377.0000,40.398110
PMMA_01,PMMA,378.0000,40.400705
PMMA_01,PMMA,379.0000,40.403330
PMMA_01,PMMA,380.0000,40.405987
PMMA_01,PMMA,381.0000,40.408674
PMMA_01,PMMA,382.0000,40.411393
PMMA_01,PMMA,383.0000,40.414144
PMMA_01,PMMA,384.0000,40.416928
PMMA_01,PMMA,385.0000,40.419745
PMMA_01,PMMA,386.0000,40.422596
PMMA_01,PMMA,387.0000,40.425481
PMMA_01,PMMA,388.0000,40.428402
PMMA_01,PMMA,389.0000,40.431358
PMMA_01,PMMA,390.0000,40.434351
PMMA_01,PMMA,391.0000,40.437381
PMMA_01,PMMA,392.0000,40.440449
PMMA_01,PMMA,393.0000,40.443554
PMMA_01,PMMA,394.0000,40.446699
PMMA_01,PMMA,395.0000,40.449884
PMMA_01,PMMA,396.0000,40.453109
PMMA_01,PMMA,397.0000,40.456375
PMMA_01,PMMA,398.0000,40.459684
PMMA_01,PMMA,399.0000,40.463035
PMMA_01,PMMA,400.0000,40.466429
PMMA_01,PMMA,401.0000,40.469868
PMMA_01,PMMA,402.0000,40.473353
PMMA_01,PMMA,403.0000,40.476883
PMMA_01,PMMA,404.0000,40.480461
PMMA_01,PMMA,405.0000,40.484086
PMMA_01,PMMA,406.0000,40.487760
PMMA_01,PMMA,407.0000,40.491484
PMMA_01,PMMA,408.0000,40.495258
PMMA_01,PMMA,409.0000,40.499084
PMMA_01,PMMA,410.0000,40.502963
PMMA_01,PMMA,411.0000,40.506896
PMMA_01,PMMA,412.0000,40.510884
PMMA_01,PMMA,413.0000,40.514928
PMMA_01,PMMA,414.0000,40.519028
PMMA_01,PMMA,415.0000,40.523187
PMMA_01,PMMA,416.0000,40.527406
PMMA_01,PMMA,417.0000,40.531685
PMMA_01,PMMA,418.0000,40.536026
PMMA_01,PMMA,419.0000,40.540430
PMMA_01,PMMA,420.0000,40.544899
PMMA_01,PMMA,421.0000,40.549434
PMMA_01,PMMA,422.0000,40.554036
PMMA_01,PMMA,423.0000,40.558707
PMMA_01,PMMA,424.0000,40.563449
PMMA_01,PMMA,425.0000,40.568262
PMMA_01,PMMA,426.0000,40.573148
PMMA_01,PMMA,427.0000,40.578109
PMMA_01,PMMA,428.0000,40.583147
PMMA_01,PMMA,429.0000,40.588263
PMMA_01,PMMA,430.0000,40.593459
PMMA_01,PMMA,431.0000,40.598737
PMMA_01,PMMA,432.0000,40.604099
PMMA_01,PMMA,433.0000,40.609546
PMMA_01,PMMA,434.0000,40.615081
PMMA_01,PMMA,435.0000,40.620706
PMMA_01,PMMA,436.0000,40.626422
PMMA_01,PMMA,437.0000,40.632231
PMMA_01,PMMA,438.0000,40.638137
PMMA_01,PMMA,439.0000,40.644141
PMMA_01,PMMA,440.0000,40.650246
PMMA_01,PMMA,441.0000,40.656454
PMMA_01,PMMA,442.0000,40.662767
PMMA_01,PMMA,443.0000,40.669188
PMMA_01,PMMA,444.0000,40.675720
PMMA_01,PMMA,445.0000,40.682365
PMMA_01,PMMA,446.0000,40.689127
PMMA_01,PMMA,447.0000,40.696007
PMMA_01,PMMA,448.0000,40.703010
PMMA_01,PMMA,449.0000,40.710138
PMMA_01,PMMA,450.0000,40.717395
PMMA_01,PMMA,451.0000,40.724783
PMMA_01,PMMA,452.0000,40.732307
PMMA_01,PMMA,453.0000,40.739969
PMMA_01,PMMA,454.0000,40.747774
PMMA_01,PMMA,455.0000,40.755724
PMMA_01,PMMA,456.0000,40.763825
PMMA_01,PMMA,457.0000,40.772079
PMMA_01,PMMA,458.0000,40.780492
PMMA_01,PMMA,459.0000,40.789067
PMMA_01,PMMA,460.0000,40.797809
PMMA_01,PMMA,461.0000,40.806723
PMMA_01,PMMA,462.0000,40.815813
PMMA_01,PMMA,463.0000,40.825085
PMMA_01,PMMA,464.0000,40.834542
PMMA_01,PMMA,465.0000,40.844192
PMMA_01,PMMA,466.0000,40.854039
PMMA_01,PMMA,467.0000,40.864089
PMMA_01,PMMA,468.0000,40.874348
PMMA_01,PMMA,469.0000,40.884821
PMMA_01,PMMA,470.0000,40.895517
PMMA_01,PMMA,471.0000,40.906440
PMMA_01,PMMA,472.0000,40.917599
PMMA_01,PMMA,473.0000,40.928999
PMMA_01,PMMA,474.0000,40.940649
PMMA_01,PMMA,475.0000,40.952556
PMMA_01,PMMA,476.0000,40.964729
PMMA_01,PMMA,477.0000,40.977175
PMMA_01,PMMA,478.0000,40.989904
PMMA_01,PMMA,479.0000,41.002924
PMMA_01,PMMA,480.0000,41.016244
PMMA_01,PMMA,481.0000,41.029876
PMMA_01,PMMA,482.0000,41.043828
PMMA_01,PMMA,483.0000,41.058111
PMMA_01,PMMA,484.0000,41.072737
PMMA_01,PMMA,485.0000,41.087717
PMMA_01,PMMA,486.0000,41.103062
PMMA_01,PMMA,487.0000,41.118787
PMMA_01,PMMA,488.0000,41.134903
PMMA_01,PMMA,489.0000,41.151425
PMMA_01,PMMA,490.0000,41.168366
PMMA_01,PMMA,491.0000,41.185743
PMMA_01,PMMA,492.0000,41.203569
PMMA_01,PMMA,493.0000,41.221863
PMMA_01,PMMA,494.0000,41.240640
PMMA_01,PMMA,495.0000,41.259919
PMMA_01,PMMA,496.0000,41.279719
PMMA_01,PMMA,497.0000,41.300059
PMMA_01,PMMA,498.0000,41.320960
PMMA_01,PMMA,499.0000,41.342443
PMMA_01,PMMA,500.0000,41.364532
PMMA_01,PMMA,501.0000,41.387249
PMMA_01,PMMA,502.0000,41.410621
PMMA_01,PMMA,503.0000,41.434673
PMMA_01,PMMA,504.0000,41.459433
PMMA_01,PMMA,505.0000,41.484930
PMMA_01,PMMA,506.0000,41.511194
PMMA_01,PMMA,507.0000,41.538258
PMMA_01,PMMA,508.0000,41.566156
PMMA_01,PMMA,509.0000,41.594923
PMMA_01,PMMA,510.0000,41.624597
PMMA_01,PMMA,511.0000,41.655218
PMMA_01,PMMA,512.0000,41.686827
PMMA_01,PMMA,513.0000,41.719470
PMMA_01,PMMA,514.0000,41.753193
PMMA_01,PMMA,515.0000,41.788045
PMMA_01,PMMA,516.0000,41.824079
PMMA_01,PMMA,517.0000,41.861351
PMMA_01,PMMA,518.0000,41.899920
PMMA_01,PMMA,519.0000,41.939847
PMMA_01,PMMA,520.0000,41.981200
PMMA_01,PMMA,521.0000,42.024049
PMMA_01,PMMA,522.0000,42.068468
PMMA_01,PMMA,523.0000,42.114537
PMMA_01,PMMA,524.0000,42.162342
PMMA_01,PMMA,525.0000,42.211971
PMMA_01,PMMA,526.0000,42.263522
PMMA_01,PMMA,527.0000,42.317098
PMMA_01,PMMA,528.0000,42.372807
PMMA_01,PMMA,529.0000,42.430767
PMMA_01,PMMA,530.0000,42.491103
PMMA_01,PMMA,531.0000,42.553950
PMMA_01,PMMA,532.0000,42.619452
PMMA_01,PMMA,533.0000,42.687763
PMMA_01,PMMA,534.0000,42.759048
PMMA_01,PMMA,535.0000,42.833487
PMMA_01,PMMA,536.0000,42.911270
PMMA_01,PMMA,537.0000,42.992605
PMMA_01,PMMA,538.0000,43.077715
PMMA_01,PMMA,539.0000,43.166839
PMMA_01,PMMA,540.0000,43.260239
PMMA_01,PMMA,541.0000,43.358195
PMMA_01,PMMA,542.0000,43.461014
PMMA_01,PMMA,543.0000,43.569025
PMMA_01,PMMA,544.0000,43.682588
PMMA_01,PMMA,545.0000,43.802096
PMMA_01,PMMA,546.0000,43.927973
PMMA_01,PMMA,547.0000,44.060687
PMMA_01,PMMA,548.0000,44.200744
PMMA_01,PMMA,549.0000,44.348702
PMMA_01,PMMA,550.0000,44.505171
PMMA_01,PMMA,551.0000,44.670820
PMMA_01,PMMA,552.0000,44.846387
PMMA_01,PMMA,553.0000,45.032683
PMMA_01,PMMA,554.0000,45.230606
PMMA_01,PMMA,555.0000,45.441148
PMMA_01,PMMA,556.0000,45.665409
PMMA_01,PMMA,557.0000,45.904609
PMMA_01,PMMA,558.0000,46.160108
PMMA_01,PMMA,559.0000,46.433425
PMMA_01,PMMA,560.0000,46.726255
PMMA_01,PMMA,561.0000,47.040500
PMMA_01,PMMA,562.0000,47.378299
PMMA_01,PMMA,563.0000,47.742061
PMMA_01,PMMA,564.0000,48.134508
PMMA_01,PMMA,565.0000,48.558728
PMMA_01,PMMA,566.0000,49.018228
PMMA_01,PMMA,567.0000,49.517009
PMMA_01,PMMA,568.0000,50.059649
PMMA_01,PMMA,569.0000,50.651406
PMMA_01,PMMA,570.0000,51.298336
PMMA_01,PMMA,571.0000,52.007447
PMMA_01,PMMA,572.0000,52.786877
PMMA_01,PMMA,573.0000,53.646119
PMMA_01,PMMA,574.0000,54.596290
PMMA_01,PMMA,575.0000,55.650475
PMMA_01,PMMA,576.0000,56.824147
PMMA_01,PMMA,577.0000,58.135695
PMMA_01,PMMA,578.0000,59.607090
PMMA_01,PMMA,579.0000,61.264725
PMMA_01,PMMA,580.0000,63.140493
PMMA_01,PMMA,581.0000,65.273157
PMMA_01,PMMA,582.0000,67.710118
PMMA_01,PMMA,583.0000,70.509703
PMMA_01,PMMA,584.0000,73.744130
PMMA_01,PMMA,585.0000,77.503365
PMMA_01,PMMA,586.0000,81.900122
PMMA_01,PMMA,587.0000,87.076329
PMMA_01,PMMA,588.0000,93.211371
PMMA_01,PMMA,589.0000,100.532330
PMMA_01,PMMA,590.0000,109.326074
PMMA_01,PMMA,591.0000,119.952013
PMMA_01,PMMA,592.0000,132.851973
PMMA_01,PMMA,593.0000,148.548364
PMMA_01,PMMA,594.0000,167.611323
PMMA_01,PMMA,595.0000,190.556686
PMMA_01,PMMA,596.0000,217.610107
PMMA_01,PMMA,597.0000,248.257529
PMMA_01,PMMA,598.0000,280.569571
PMMA_01,PMMA,599.0000,310.573977
PMMA_01,PMMA,600.0000,332.470332
PMMA_01,PMMA,601.0000,340.582961
PMMA_01,PMMA,602.0000,332.479433
PMMA_01,PMMA,603.0000,310.592182
PMMA_01,PMMA,604.0000,280.596884
PMMA_01,PMMA,605.0000,248.293957
PMMA_01,PMMA,606.0000,217.655658
PMMA_01,PMMA,607.0000,190.611372
PMMA_01,PMMA,608.0000,167.675155
PMMA_01,PMMA,609.0000,148.621359
PMMA_01,PMMA,610.0000,132.934147
PMMA_01,PMMA,611.0000,120.043385
PMMA_01,PMMA,612.0000,109.426667
PMMA_01,PMMA,613.0000,100.642168
PMMA_01,PMMA,614.0000,93.330480
PMMA_01,PMMA,615.0000,87.204737
PMMA_01,PMMA,616.0000,82.037861
PMMA_01,PMMA,617.0000,77.650468
PMMA_01,PMMA,618.0000,73.900632
PMMA_01,PMMA,619.0000,70.675640
PMMA_01,PMMA,620.0000,67.885532
PMMA_01,PMMA,621.0000,65.458091
PMMA_01,PMMA,622.0000,63.334992
PMMA_01,PMMA,623.0000,61.468835
PMMA_01,PMMA,624.0000,59.820861
PMMA_01,PMMA,625.0000,58.359181
PMMA_01,PMMA,626.0000,57.057402
PMMA_01,PMMA,627.0000,55.893557
PMMA_01,PMMA,628.0000,54.849258
PMMA_01,PMMA,629.0000,53.909037
PMMA_01,PMMA,630.0000,53.059812
PMMA_01,PMMA,631.0000,52.290465
PMMA_01,PMMA,632.0000,51.591510
PMMA_01,PMMA,633.0000,50.954809
PMMA_01,PMMA,634.0000,50.373359
PMMA_01,PMMA,635.0000,49.841105
PMMA_01,PMMA,636.0000,49.352794
PMMA_01,PMMA,637.0000,48.903850
PMMA_01,PMMA,638.0000,48.490276
PMMA_01,PMMA,639.0000,48.108566
PMMA_01,PMMA,640.0000,47.755637
PMMA_01,PMMA,641.0000,47.428771
PMMA_01,PMMA,642.0000,47.125562
PMMA_01,PMMA,643.0000,46.843874
PMMA_01,PMMA,644.0000,46.581809
PMMA_01,PMMA,645.0000,46.337674
PMMA_01,PMMA,646.0000,46.109956
PMMA_01,PMMA,647.0000,45.897299
PMMA_01,PMMA,648.0000,45.698486
PMMA_01,PMMA,649.0000,45.512420
PMMA_01,PMMA,650.0000,45.338115
PMMA_01,PMMA,651.0000,45.174676
PMMA_01,PMMA,652.0000,45.021298
PMMA_01,PMMA,653.0000,44.877246
PMMA_01,PMMA,654.0000,44.741856
PMMA_01,PMMA,655.0000,44.614523
PMMA_01,PMMA,656.0000,44.494694
PMMA_01,PMMA,657.0000,44.381867
PMMA_01,PMMA,658.0000,44.275580
PMMA_01,PMMA,659.0000,44.175414
PMMA_01,PMMA,660.0000,44.080983
PMMA_01,PMMA,661.0000,43.991931
PMMA_01,PMMA,662.0000,43.907934
PMMA_01,PMMA,663.0000,43.828694
PMMA_01,PMMA,664.0000,43.753933
PMMA_01,PMMA,665.0000,43.683399
PMMA_01,PMMA,666.0000,43.616858
PMMA_01,PMMA,667.0000,43.554094
PMMA_01,PMMA,668.0000,43.494906
PMMA_01,PMMA,669.0000,43.439110
PMMA_01,PMMA,670.0000,43.386536
PMMA_01,PMMA,671.0000,43.337025
PMMA_01,PMMA,672.0000,43.290431
PMMA_01,PMMA,673.0000,43.246618
PMMA_01,PMMA,674.0000,43.205460
PMMA_01,PMMA,675.0000,43.166841
PMMA_01,PMMA,676.0000,43.130653
PMMA_01,PMMA,677.0000,43.096795
PMMA_01,PMMA,678.0000,43.065175
PMMA_01,PMMA,679.0000,43.035705
PMMA_01,PMMA,680.0000,43.008307
PMMA_01,PMMA,681.0000,42.982907
PMMA_01,PMMA,682.0000,42.959436
PMMA_01,PMMA,683.0000,42.937832
PMMA_01,PMMA,684.0000,42.918035
PMMA_01,PMMA,685.0000,42.899992
PMMA_01,PMMA,686.0000,42.883653
PMMA_01,PMMA,687.0000,42.868974
PMMA_01,PMMA,688.0000,42.855913
PMMA_01,PMMA,689.0000,42.844431
PMMA_01,PMMA,690.0000,42.834496
PMMA_01,PMMA,691.0000,42.826074
PMMA_01,PMMA,692.0000,42.819140
PMMA_01,PMMA,693.0000,42.813667
PMMA_01,PMMA,694.0000,42.809635
PMMA_01,PMMA,695.0000,42.807023
PMMA_01,PMMA,696.0000,42.805816
PMMA_01,PMMA,697.0000,42.806000
PMMA_01,PMMA,698.0000,42.807564
PMMA_01,PMMA,699.0000,42.810500
PMMA_01,PMMA,700.0000,42.814800
PMMA_01,PMMA,701.0000,42.820463
PMMA_01,PMMA,702.0000,42.827486
PMMA_01,PMMA,703.0000,42.835871
PMMA_01,PMMA,704.0000,42.845621
PMMA_01,PMMA,705.0000,42.856743
PMMA_01,PMMA,706.0000,42.869244
PMMA_01,PMMA,707.0000,42.883136
PMMA_01,PMMA,708.0000,42.898432
PMMA_01,PMMA,709.0000,42.915148
PMMA_01,PMMA,710.0000,42.933301
PMMA_01,PMMA,711.0000,42.952913
PMMA_01,PMMA,712.0000,42.974007
PMMA_01,PMMA,713.0000,42.996609
PMMA_01,PMMA,714.0000,43.020748
PMMA_01,PMMA,715.0000,43.046457
PMMA_01,PMMA,716.0000,43.073769
PMMA_01,PMMA,717.0000,43.102723
PMMA_01,PMMA,718.0000,43.133360
PMMA_01,PMMA,719.0000,43.165725
PMMA_01,PMMA,720.0000,43.199865
PMMA_01,PMMA,721.0000,43.235833
PMMA_01,PMMA,722.0000,43.273684
PMMA_01,PMMA,723.0000,43.313478
PMMA_01,PMMA,724.0000,43.355279
PMMA_01,PMMA,725.0000,43.399157
PMMA_01,PMMA,726.0000,43.445185
PMMA_01,PMMA,727.0000,43.493441
PMMA_01,PMMA,728.0000,43.544011
PMMA_01,PMMA,729.0000,43.596984
PMMA_01,PMMA,730.0000,43.652458
PMMA_01,PMMA,731.0000,43.710534
PMMA_01,PMMA,732.0000,43.771325
PMMA_01,PMMA,733.0000,43.834946
PMMA_01,PMMA,734.0000,43.901526
PMMA_01,PMMA,735.0000,43.971198
PMMA_01,PMMA,736.0000,44.044107
PMMA_01,PMMA,737.0000,44.120408
PMMA_01,PMMA,738.0000,44.200266
PMMA_01,PMMA,739.0000,44.283858
PMMA_01,PMMA,740.0000,44.371376
PMMA_01,PMMA,741.0000,44.463022
PMMA_01,PMMA,742.0000,44.559015
PMMA_01,PMMA,743.0000,44.659592
PMMA_01,PMMA,744.0000,44.765004
PMMA_01,PMMA,745.0000,44.875524
PMMA_01,PMMA,746.0000,44.991444
PMMA_01,PMMA,747.0000,45.113081
PMMA_01,PMMA,748.0000,45.240775
PMMA_01,PMMA,749.0000,45.374893
PMMA_01,PMMA,750.0000,45.515832
PMMA_01,PMMA,751.0000,45.664024
PMMA_01,PMMA,752.0000,45.819934
PMMA_01,PMMA,753.0000,45.984066
PMMA_01,PMMA,754.0000,46.156970
PMMA_01,PMMA,755.0000,46.339242
PMMA_01,PMMA,756.0000,46.531532
PMMA_01,PMMA,757.0000,46.734546
PMMA_01,PMMA,758.0000,46.949058
PMMA_01,PMMA,759.0000,47.175913
PMMA_01,PMMA,760.0000,47.416036
PMMA_01,PMMA,761.0000,47.670440
PMMA_01,PMMA,762.0000,47.940240
PMMA_01,PMMA,763.0000,48.226663
PMMA_01,PMMA,764.0000,48.531059
PMMA_01,PMMA,765.0000,48.854921
PMMA_01,PMMA,766.0000,49.199901
PMMA_01,PMMA,767.0000,49.567829
PMMA_01,PMMA,768.0000,49.960739
PMMA_01,PMMA,769.0000,50.380896
PMMA_01,PMMA,770.0000,50.830825
PMMA_01,PMMA,771.0000,51.313354
PMMA_01,PMMA,772.0000,51.831651
PMMA_01,PMMA,773.0000,52.389277
PMMA_01,PMMA,774.0000,52.990247
PMMA_01,PMMA,775.0000,53.639098
PMMA_01,PMMA,776.0000,54.340970
PMMA_01,PMMA,777.0000,55.101711
PMMA_01,PMMA,778.0000,55.927987
PMMA_01,PMMA,779.0000,56.827428
PMMA_01,PMMA,780.0000,57.808792
PMMA_01,PMMA,781.0000,58.882175
PMMA_01,PMMA,782.0000,60.059254
PMMA_01,PMMA,783.0000,61.353593
PMMA_01,PMMA,784.0000,62.781010
PMMA_01,PMMA,785.0000,64.360035
PMMA_01,PMMA,786.0000,66.112475
PMMA_01,PMMA,787.0000,68.064116
PMMA_01,PMMA,788.0000,70.245607
PMMA_01,PMMA,789.0000,72.693563
PMMA_01,PMMA,790.0000,75.451975
PMMA_01,PMMA,791.0000,78.573996
PMMA_01,PMMA,792.0000,82.124229
PMMA_01,PMMA,793.0000,86.181676
PMMA_01,PMMA,794.0000,90.843549
PMMA_01,PMMA,795.0000,96.230212
PMMA_01,PMMA,796.0000,102.491604
PMMA_01,PMMA,797.0000,109.815583
PMMA_01,PMMA,798.0000,118.438696
PMMA_01,PMMA,799.0000,128.659918
PMMA_01,PMMA,800.0000,140.857719
PMMA_01,PMMA,801.0000,155.510209
PMMA_01,PMMA,802.0000,173.216408
PMMA_01,PMMA,803.0000,194.712691
PMMA_01,PMMA,804.0000,220.869742
PMMA_01,PMMA,805.0000,252.637787
PMMA_01,PMMA,806.0000,290.876557
PMMA_01,PMMA,807.0000,335.962139
PMMA_01,PMMA,808.0000,387.037771
PMMA_01,PMMA,809.0000,440.887820
PMMA_01,PMMA,810.0000,490.891859
PMMA_01,PMMA,811.0000,527.382530
PMMA_01,PMMA,812.0000,540.900376
PMMA_01,PMMA,813.0000,527.391345
PMMA_01,PMMA,814.0000,490.909493
PMMA_01,PMMA,815.0000,440.914282
PMMA_01,PMMA,816.0000,387.073075
PMMA_01,PMMA,817.0000,336.006302
PMMA_01,PMMA,818.0000,290.929604
PMMA_01,PMMA,819.0000,252.699745
PMMA_01,PMMA,820.0000,220.940643
PMMA_01,PMMA,821.0000,194.792572
PMMA_01,PMMA,822.0000,173.305310
PMMA_01,PMMA,823.0000,155.608180
PMMA_01,PMMA,824.0000,140.964810
PMMA_01,PMMA,825.0000,128.776185
PMMA_01,PMMA,826.0000,118.564202
PMMA_01,PMMA,827.0000,109.950394
PMMA_01,PMMA,828.0000,102.635792
PMMA_01,PMMA,829.0000,96.383855
PMMA_01,PMMA,830.0000,91.006729
PMMA_01,PMMA,831.0000,86.354482
PMMA_01,PMMA,832.0000,82.306754
PMMA_01,PMMA,833.0000,78.766341
PMMA_01,PMMA,834.0000,75.654247
PMMA_01,PMMA,835.0000,72.905872
PMMA_01,PMMA,836.0000,70.468072
PMMA_01,PMMA,837.0000,68.296863
PMMA_01,PMMA,838.0000,66.355634
PMMA_01,PMMA,839.0000,64.613746
PMMA_01,PMMA,840.0000,63.045417
PMMA_01,PMMA,841.0000,61.628850
PMMA_01,PMMA,842.0000,60.345521
PMMA_01,PMMA,843.0000,59.179620
PMMA_01,PMMA,844.0000,58.117592
PMMA_01,PMMA,845.0000,57.147767
PMMA_01,PMMA,846.0000,56.260059
PMMA_01,PMMA,847.0000,55.445717
PMMA_01,PMMA,848.0000,54.697123
PMMA_01,PMMA,849.0000,54.007618
PMMA_01,PMMA,850.0000,53.371367
PMMA_01,PMMA,851.0000,52.783238
PMMA_01,PMMA,852.0000,52.238705
PMMA_01,PMMA,853.0000,51.733766
PMMA_01,PMMA,854.0000,51.264871
PMMA_01,PMMA,855.0000,50.828863
PMMA_01,PMMA,856.0000,50.422929
PMMA_01,PMMA,857.0000,50.044556
PMMA_01,PMMA,858.0000,49.691494
PMMA_01,PMMA,859.0000,49.361723
PMMA_01,PMMA,860.0000,49.053428
PMMA_01,PMMA,861.0000,48.764973
PMMA_01,PMMA,862.0000,48.494884
PMMA_01,PMMA,863.0000,48.241825
PMMA_01,PMMA,864.0000,48.004590
PMMA_01,PMMA,865.0000,47.782083
PMMA_01,PMMA,866.0000,47.573310
PMMA_01,PMMA,867.0000,47.377369
PMMA_01,PMMA,868.0000,47.193436
PMMA_01,PMMA,869.0000,47.020762
PMMA_01,PMMA,870.0000,46.858665
PMMA_01,PMMA,871.0000,46.706521
PMMA_01,PMMA,872.0000,46.563761
PMMA_01,PMMA,873.0000,46.429866
PMMA_01,PMMA,874.0000,46.304361
PMMA_01,PMMA,875.0000,46.186813
PMMA_01,PMMA,876.0000,46.076826
PMMA_01,PMMA,877.0000,45.974038
PMMA_01,PMMA,878.0000,45.878120
PMMA_01,PMMA,879.0000,45.788772
PMMA_01,PMMA,880.0000,45.705720
PMMA_01,PMMA,881.0000,45.628718
PMMA_01,PMMA,882.0000,45.557542
PMMA_01,PMMA,883.0000,45.491989
PMMA_01,PMMA,884.0000,45.431878
PMMA_01,PMMA,885.0000,45.377049
PMMA_01,PMMA,886.0000,45.327359
PMMA_01,PMMA,887.0000,45.282682
PMMA_01,PMMA,888.0000,45.242910
PMMA_01,PMMA,889.0000,45.207953
PMMA_01,PMMA,890.0000,45.177735
PMMA_01,PMMA,891.0000,45.152194
PMMA_01,PMMA,892.0000,45.131288
PMMA_01,PMMA,893.0000,45.114985
PMMA_01,PMMA,894.0000,45.103272
PMMA_01,PMMA,895.0000,45.096148
PMMA_01,PMMA,896.0000,45.093628
PMMA_01,PMMA,897.0000,45.095744
PMMA_01,PMMA,898.0000,45.102542
PMMA_01,PMMA,899.0000,45.114085
PMMA_01,PMMA,900.0000,45.130453
PMMA_01,PMMA,901.0000,45.151741
PMMA_01,PMMA,902.0000,45.178066
PMMA_01,PMMA,903.0000,45.209562
PMMA_01,PMMA,904.0000,45.246385
PMMA_01,PMMA,905.0000,45.288711
PMMA_01,PMMA,906.0000,45.336742
PMMA_01,PMMA,907.0000,45.390703
PMMA_01,PMMA,908.0000,45.450847
PMMA_01,PMMA,909.0000,45.517457
PMMA_01,PMMA,910.0000,45.590848
PMMA_01,PMMA,911.0000,45.671371
PMMA_01,PMMA,912.0000,45.759413
PMMA_01,PMMA,913.0000,45.855407
PMMA_01,PMMA,914.0000,45.959832
PMMA_01,PMMA,915.0000,46.073216
PMMA_01,PMMA,916.0000,46.196150
PMMA_01,PMMA,917.0000,46.329285
PMMA_01,PMMA,918.0000,46.473346
PMMA_01,PMMA,919.0000,46.629137
PMMA_01,PMMA,920.0000,46.797555
PMMA_01,PMMA,921.0000,46.979597
PMMA_01,PMMA,922.0000,47.176374
PMMA_01,PMMA,923.0000,47.389130
PMMA_01,PMMA,924.0000,47.619255
PMMA_01,PMMA,925.0000,47.868308
PMMA_01,PMMA,926.0000,48.138043
PMMA_01,PMMA,927.0000,48.430433
PMMA_01,PMMA,928.0000,48.747705
PMMA_01,PMMA,929.0000,49.092381
PMMA_01,PMMA,930.0000,49.467323
PMMA_01,PMMA,931.0000,49.875785
PMMA_01,PMMA,932.0000,50.321486
PMMA_01,PMMA,933.0000,50.808681
PMMA_01,PMMA,934.0000,51.342261
PMMA_01,PMMA,935.0000,51.927863
PMMA_01,PMMA,936.0000,52.572015
PMMA_01,PMMA,937.0000,53.282297
PMMA_01,PMMA,938.0000,54.067556
PMMA_01,PMMA,939.0000,54.938156
PMMA_01,PMMA,940.0000,55.906297
PMMA_01,PMMA,941.0000,56.986408
PMMA_01,PMMA,942.0000,58.195643
PMMA_01,PMMA,943.0000,59.554495
PMMA_01,PMMA,944.0000,61.087590
PMMA_01,PMMA,945.0000,62.824684
PMMA_01,PMMA,946.0000,64.801946
PMMA_01,PMMA,947.0000,67.063609
PMMA_01,PMMA,948.0000,69.664104
PMMA_01,PMMA,949.0000,72.670826
PMMA_01,PMMA,950.0000,76.167734
PMMA_01,PMMA,951.0000,80.260021
PMMA_01,PMMA,952.0000,85.080149
PMMA_01,PMMA,953.0000,90.795535
PMMA_01,PMMA,954.0000,97.618117
PMMA_01,PMMA,955.0000,105.815632
PMMA_01,PMMA,956.0000,115.723524
PMMA_01,PMMA,957.0000,127.754160
PMMA_01,PMMA,958.0000,142.395116
PMMA_01,PMMA,959.0000,160.178516
PMMA_01,PMMA,960.0000,181.585803
PMMA_01,PMMA,961.0000,206.827583
PMMA_01,PMMA,962.0000,235.424066
PMMA_01,PMMA,963.0000,265.574493
PMMA_01,PMMA,964.0000,293.571421
PMMA_01,PMMA,965.0000,314.001128
PMMA_01,PMMA,966.0000,321.566313
PMMA_01,PMMA,967.0000,313.996707
PMMA_01,PMMA,968.0000,293.562577
PMMA_01,PMMA,969.0000,265.561220
PMMA_01,PMMA,970.0000,235.406358
PMMA_01,PMMA,971.0000,206.805429
PMMA_01,PMMA,972.0000,181.559191
PMMA_01,PMMA,973.0000,160.147429
PMMA_01,PMMA,974.0000,142.359538
PMMA_01,PMMA,975.0000,127.714070
PMMA_01,PMMA,976.0000,115.678900
PMMA_01,PMMA,977.0000,105.766447
PMMA_01,PMMA,978.0000,97.564344
PMMA_01,PMMA,979.0000,90.737141
PMMA_01,PMMA,980.0000,85.017101
PMMA_01,PMMA,981.0000,80.192284
PMMA_01,PMMA,982.0000,76.095266
PMMA_01,PMMA,983.0000,72.593585
PMMA_01,PMMA,984.0000,69.582045
PMMA_01,PMMA,985.0000,66.976684
PMMA_01,PMMA,986.0000,64.710103
PMMA_01,PMMA,987.0000,62.727867
PMMA_01,PMMA,988.0000,60.985742
PMMA_01,PMMA,989.0000,59.447553
PMMA_01,PMMA,990.0000,58.083543
PMMA_01,PMMA,991.0000,56.869082
PMMA_01,PMMA,992.0000,55.783671
PMMA_01,PMMA,993.0000,54.810156
PMMA_01,PMMA,994.0000,53.934101
PMMA_01,PMMA,995.0000,53.143304
PMMA_01,PMMA,996.0000,52.427395
PMMA_01,PMMA,997.0000,51.777525
PMMA_01,PMMA,998.0000,51.186107
PMMA_01,PMMA,999.0000,50.646610
PMMA_01,PMMA,1000.0000,50.153393
PMMA_01,PMMA,1001.0000,49.701558
PMMA_01,PMMA,1002.0000,49.286846
PMMA_01,PMMA,1003.0000,48.905534
PMMA_01,PMMA,1004.0000,48.554361
PMMA_01,PMMA,1005.0000,48.230459
PMMA_01,PMMA,1006.0000,47.931301
PMMA_01,PMMA,1007.0000,47.654653
PMMA_01,PMMA,1008.0000,47.398535
PMMA_01,PMMA,1009.0000,47.161188
PMMA_01,PMMA,1010.0000,46.941046
PMMA_01,PMMA,1011.0000,46.736710
PMMA_01,PMMA,1012.0000,46.546930
PMMA_01,PMMA,1013.0000,46.370586
PMMA_01,PMMA,1014.0000,46.206672
PMMA_01,PMMA,1015.0000,46.054284
PMMA_01,PMMA,1016.0000,45.912608
PMMA_01,PMMA,1017.0000,45.780909
PMMA_01,PMMA,1018.0000,45.658526
PMMA_01,PMMA,1019.0000,45.544858
PMMA_01,PMMA,1020.0000,45.439365
PMMA_01,PMMA,1021.0000,45.341557
PMMA_01,PMMA,1022.0000,45.250989
PMMA_01,PMMA,1023.0000,45.167260
PMMA_01,PMMA,1024.0000,45.090006
PMMA_01,PMMA,1025.0000,45.018898
PMMA_01,PMMA,1026.0000,44.953637
PMMA_01,PMMA,1027.0000,44.893955
PMMA_01,PMMA,1028.0000,44.839609
PMMA_01,PMMA,1029.0000,44.790380
PMMA_01,PMMA,1030.0000,44.746073
PMMA_01,PMMA,1031.0000,44.706512
PMMA_01,PMMA,1032.0000,44.671542
PMMA_01,PMMA,1033.0000,44.641024
PMMA_01,PMMA,1034.0000,44.614839
PMMA_01,PMMA,1035.0000,44.592881
PMMA_01,PMMA,1036.0000,44.575061
PMMA_01,PMMA,1037.0000,44.561304
PMMA_01,PMMA,1038.0000,44.551550
PMMA_01,PMMA,1039.0000,44.545750
PMMA_01,PMMA,1040.0000,44.543870
PMMA_01,PMMA,1041.0000,44.545889
PMMA_01,PMMA,1042.0000,44.551798
PMMA_01,PMMA,1043.0000,44.561598
PMMA_01,PMMA,1044.0000,44.575307
PMMA_01,PMMA,1045.0000,44.592953
PMMA_01,PMMA,1046.0000,44.614575
PMMA_01,PMMA,1047.0000,44.640227
PMMA_01,PMMA,1048.0000,44.669975
PMMA_01,PMMA,1049.0000,44.703900
PMMA_01,PMMA,1050.0000,44.742095
PMMA_01,PMMA,1051.0000,44.784668
PMMA_01,PMMA,1052.0000,44.831743
PMMA_01,PMMA,1053.0000,44.883459
PMMA_01,PMMA,1054.0000,44.939972
PMMA_01,PMMA,1055.0000,45.001456
PMMA_01,PMMA,1056.0000,45.068105
PMMA_01,PMMA,1057.0000,45.140132
PMMA_01,PMMA,1058.0000,45.217773
PMMA_01,PMMA,1059.0000,45.301287
PMMA_01,PMMA,1060.0000,45.390960
PMMA_01,PMMA,1061.0000,45.487104
PMMA_01,PMMA,1062.0000,45.590062
PMMA_01,PMMA,1063.0000,45.700211
PMMA_01,PMMA,1064.0000,45.817963
PMMA_01,PMMA,1065.0000,45.943769
PMMA_01,PMMA,1066.0000,46.078125
PMMA_01,PMMA,1067.0000,46.221574
PMMA_01,PMMA,1068.0000,46.374712
PMMA_01,PMMA,1069.0000,46.538196
PMMA_01,PMMA,1070.0000,46.712744
PMMA_01,PMMA,1071.0000,46.899149
PMMA_01,PMMA,1072.0000,47.098286
PMMA_01,PMMA,1073.0000,47.311117
PMMA_01,PMMA,1074.0000,47.538707
PMMA_01,PMMA,1075.0000,47.782234
PMMA_01,PMMA,1076.0000,48.043006
PMMA_01,PMMA,1077.0000,48.322471
PMMA_01,PMMA,1078.0000,48.622243
PMMA_01,PMMA,1079.0000,48.944121
PMMA_01,PMMA,1080.0000,49.290113
PMMA_01,PMMA,1081.0000,49.662468
PMMA_01,PMMA,1082.0000,50.063710
PMMA_01,PMMA,1083.0000,50.496676
PMMA_01,PMMA,1084.0000,50.964567
PMMA_01,PMMA,1085.0000,51.471002
PMMA_01,PMMA,1086.0000,52.020085
PMMA_01,PMMA,1087.0000,52.616483
PMMA_01,PMMA,1088.0000,53.265521
PMMA_01,PMMA,1089.0000,53.973291
PMMA_01,PMMA,1090.0000,54.746795
PMMA_01,PMMA,1091.0000,55.594099
PMMA_01,PMMA,1092.0000,56.524537
PMMA_01,PMMA,1093.0000,57.548953
PMMA_01,PMMA,1094.0000,58.679993
PMMA_01,PMMA,1095.0000,59.932475
PMMA_01,PMMA,1096.0000,61.323836
PMMA_01,PMMA,1097.0000,62.874699
PMMA_01,PMMA,1098.0000,64.609576
PMMA_01,PMMA,1099.0000,66.557754
PMMA_01,PMMA,1100.0000,68.754418
PMMA_01,PMMA,1101.0000,71.242085
PMMA_01,PMMA,1102.0000,74.072431
PMMA_01,PMMA,1103.0000,77.308652
PMMA_01,PMMA,1104.0000,81.028512
PMMA_01,PMMA,1105.0000,85.328296
PMMA_01,PMMA,1106.0000,90.327951
PMMA_01,PMMA,1107.0000,96.177758
PMMA_01,PMMA,1108.0000,103.066948
PMMA_01,PMMA,1109.0000,111.234698
PMMA_01,PMMA,1110.0000,120.983777
PMMA_01,PMMA,1111.0000,132.696668
PMMA_01,PMMA,1112.0000,146.852584
PMMA_01,PMMA,1113.0000,164.040620
PMMA_01,PMMA,1114.0000,184.957317
PMMA_01,PMMA,1115.0000,210.362852
PMMA_01,PMMA,1116.0000,240.945004
PMMA_01,PMMA,1117.0000,277.004639
PMMA_01,PMMA,1118.0000,317.856344
PMMA_01,PMMA,1119.0000,360.927607
PMMA_01,PMMA,1120.0000,400.922082
PMMA_01,PMMA,1121.0000,430.105877
PMMA_01,PMMA,1122.0000,440.911424
PMMA_01,PMMA,1123.0000,430.095475
PMMA_01,PMMA,1124.0000,400.901272
PMMA_01,PMMA,1125.0000,360.896379
PMMA_01,PMMA,1126.0000,317.814682
PMMA_01,PMMA,1127.0000,276.952522
PMMA_01,PMMA,1128.0000,240.882406
PMMA_01,PMMA,1129.0000,210.289741
PMMA_01,PMMA,1130.0000,184.873656
PMMA_01,PMMA,1131.0000,163.946368
PMMA_01,PMMA,1132.0000,146.747692
PMMA_01,PMMA,1133.0000,132.581083
PMMA_01,PMMA,1134.0000,120.857439
PMMA_01,PMMA,1135.0000,111.097544
PMMA_01,PMMA,1136.0000,102.918908
PMMA_01,PMMA,1137.0000,96.018754
PMMA_01,PMMA,1138.0000,90.157902
PMMA_01,PMMA,1139.0000,85.147114
PMMA_01,PMMA,1140.0000,80.836102
PMMA_01,PMMA,1141.0000,77.104914
PMMA_01,PMMA,1142.0000,73.857258
PMMA_01,PMMA,1143.0000,71.015364
PMMA_01,PMMA,1144.0000,68.516029
PMMA_01,PMMA,1145.0000,66.307569
PMMA_01,PMMA,1146.0000,64.347462
PMMA_01,PMMA,1147.0000,62.600514
PMMA_01,PMMA,1148.0000,61.037431
PMMA_01,PMMA,1149.0000,59.633695
PMMA_01,PMMA,1150.0000,58.368674
PMMA_01,PMMA,1151.0000,57.224923
PMMA_01,PMMA,1152.0000,56.187616
PMMA_01,PMMA,1153.0000,55.244098
PMMA_01,PMMA,1154.0000,54.383516
PMMA_01,PMMA,1155.0000,53.596529
PMMA_01,PMMA,1156.0000,52.875058
PMMA_01,PMMA,1157.0000,52.212095
PMMA_01,PMMA,1158.0000,51.601536
PMMA_01,PMMA,1159.0000,51.038045
PMMA_01,PMMA,1160.0000,50.516946
PMMA_01,PMMA,1161.0000,50.034122
PMMA_01,PMMA,1162.0000,49.585945
PMMA_01,PMMA,1163.0000,49.169200
PMMA_01,PMMA,1164.0000,48.781037
PMMA_01,PMMA,1165.0000,48.418921
PMMA_01,PMMA,1166.0000,48.080589
PMMA_01,PMMA,1167.0000,47.764017
PMMA_01,PMMA,1168.0000,47.467393
PMMA_01,PMMA,1169.0000,47.189089
PMMA_01,PMMA,1170.0000,46.927639
PMMA_01,PMMA,1171.0000,46.681718
PMMA_01,PMMA,1172.0000,46.450133
PMMA_01,PMMA,1173.0000,46.231800
PMMA_01,PMMA,1174.0000,46.025737
PMMA_01,PMMA,1175.0000,45.831050
PMMA_01,PMMA,1176.0000,45.646926
PMMA_01,PMMA,1177.0000,45.472623
PMMA_01,PMMA,1178.0000,45.307464
PMMA_01,PMMA,1179.0000,45.150827
PMMA_01,PMMA,1180.0000,45.002146
PMMA_01,PMMA,1181.0000,44.860898
PMMA_01,PMMA,1182.0000,44.726605
PMMA_01,PMMA,1183.0000,44.598823
PMMA_01,PMMA,1184.0000,44.477148
PMMA_01,PMMA,1185.0000,44.361205
PMMA_01,PMMA,1186.0000,44.250645
PMMA_01,PMMA,1187.0000,44.145150
PMMA_01,PMMA,1188.0000,44.044421
PMMA_01,PMMA,1189.0000,43.948185
PMMA_01,PMMA,1190.0000,43.856184
PMMA_01,PMMA,1191.0000,43.768183
PMMA_01,PMMA,1192.0000,43.683960
PMMA_01,PMMA,1193.0000,43.603310
PMMA_01,PMMA,1194.0000,43.526041
PMMA_01,PMMA,1195.0000,43.451975
PMMA_01,PMMA,1196.0000,43.380944
PMMA_01,PMMA,1197.0000,43.312794
PMMA_01,PMMA,1198.0000,43.247377
PMMA_01,PMMA,1199.0000,43.184558
PMMA_01,PMMA,1200.0000,43.124209
PMMA_01,PMMA,1201.0000,43.066209
PMMA_01,PMMA,1202.0000,43.010447
PMMA_01,PMMA,1203.0000,42.956816
PMMA_01,PMMA,1204.0000,42.905218
PMMA_01,PMMA,1205.0000,42.855559
PMMA_01,PMMA,1206.0000,42.807751
PMMA_01,PMMA,1207.0000,42.761711
PMMA_01,PMMA,1208.0000,42.717361
PMMA_01,PMMA,1209.0000,42.674628
PMMA_01,PMMA,1210.0000,42.633442
PMMA_01,PMMA,1211.0000,42.593739
PMMA_01,PMMA,1212.0000,42.555455
PMMA_01,PMMA,1213.0000,42.518533
PMMA_01,PMMA,1214.0000,42.482916
PMMA_01,PMMA,1215.0000,42.448554
PMMA_01,PMMA,1216.0000,42.415395
PMMA_01,PMMA,1217.0000,42.383394
PMMA_01,PMMA,1218.0000,42.352506
PMMA_01,PMMA,1219.0000,42.322688
PMMA_01,PMMA,1220.0000,42.293901
PMMA_01,PMMA,1221.0000,42.266107
PMMA_01,PMMA,1222.0000,42.239269
PMMA_01,PMMA,1223.0000,42.213353
PMMA_01,PMMA,1224.0000,42.188327
PMMA_01,PMMA,1225.0000,42.164160
PMMA_01,PMMA,1226.0000,42.140823
PMMA_01,PMMA,1227.0000,42.118287
PMMA_01,PMMA,1228.0000,42.096527
PMMA_01,PMMA,1229.0000,42.075516
PMMA_01,PMMA,1230.0000,42.055230
PMMA_01,PMMA,1231.0000,42.035648
PMMA_01,PMMA,1232.0000,42.016746
PMMA_01,PMMA,1233.0000,41.998504
PMMA_01,PMMA,1234.0000,41.980903
PMMA_01,PMMA,1235.0000,41.963923
PMMA_01,PMMA,1236.0000,41.947547
PMMA_01,PMMA,1237.0000,41.931756
PMMA_01,PMMA,1238.0000,41.916536
PMMA_01,PMMA,1239.0000,41.901870
PMMA_01,PMMA,1240.0000,41.887743
PMMA_01,PMMA,1241.0000,41.874142
PMMA_01,PMMA,1242.0000,41.861053
PMMA_01,PMMA,1243.0000,41.848463
PMMA_01,PMMA,1244.0000,41.836359
PMMA_01,PMMA,1245.0000,41.824731
PMMA_01,PMMA,1246.0000,41.813566
PMMA_01,PMMA,1247.0000,41.802855
PMMA_01,PMMA,1248.0000,41.792587
PMMA_01,PMMA,1249.0000,41.782753
PMMA_01,PMMA,1250.0000,41.773343
PMMA_01,PMMA,1251.0000,41.764349
PMMA_01,PMMA,1252.0000,41.755763
PMMA_01,PMMA,1253.0000,41.747576
PMMA_01,PMMA,1254.0000,41.739782
PMMA_01,PMMA,1255.0000,41.732372
PMMA_01,PMMA,1256.0000,41.725342
PMMA_01,PMMA,1257.0000,41.718683
PMMA_01,PMMA,1258.0000,41.712391
PMMA_01,PMMA,1259.0000,41.706459
PMMA_01,PMMA,1260.0000,41.700882
PMMA_01,PMMA,1261.0000,41.695656
PMMA_01,PMMA,1262.0000,41.690775
PMMA_01,PMMA,1263.0000,41.686235
PMMA_01,PMMA,1264.0000,41.682032
PMMA_01,PMMA,1265.0000,41.678162
PMMA_01,PMMA,1266.0000,41.674621
PMMA_01,PMMA,1267.0000,41.671407
PMMA_01,PMMA,1268.0000,41.668515
PMMA_01,PMMA,1269.0000,41.665944
PMMA_01,PMMA,1270.0000,41.663691
PMMA_01,PMMA,1271.0000,41.661753
PMMA_01,PMMA,1272.0000,41.660129
PMMA_01,PMMA,1273.0000,41.658816
PMMA_01,PMMA,1274.0000,41.657813
PMMA_01,PMMA,1275.0000,41.657118
PMMA_01,PMMA,1276.0000,41.656731
PMMA_01,PMMA,1277.0000,41.656651
PMMA_01,PMMA,1278.0000,41.656876
PMMA_01,PMMA,1279.0000,41.657407
PMMA_01,PMMA,1280.0000,41.658243
PMMA_01,PMMA,1281.0000,41.659384
PMMA_01,PMMA,1282.0000,41.660830
PMMA_01,PMMA,1283.0000,41.662582
PMMA_01,PMMA,1284.0000,41.664640
PMMA_01,PMMA,1285.0000,41.667006
PMMA_01,PMMA,1286.0000,41.669679
PMMA_01,PMMA,1287.0000,41.672662
PMMA_01,PMMA,1288.0000,41.675956
PMMA_01,PMMA,1289.0000,41.679563
PMMA_01,PMMA,1290.0000,41.683484
PMMA_01,PMMA,1291.0000,41.687722
PMMA_01,PMMA,1292.0000,41.692279
PMMA_01,PMMA,1293.0000,41.697159
PMMA_01,PMMA,1294.0000,41.702363
PMMA_01,PMMA,1295.0000,41.707895
PMMA_01,PMMA,1296.0000,41.713758
PMMA_01,PMMA,1297.0000,41.719956
PMMA_01,PMMA,1298.0000,41.726493
PMMA_01,PMMA,1299.0000,41.733373
PMMA_01,PMMA,1300.0000,41.740600
PMMA_01,PMMA,1301.0000,41.748179
PMMA_01,PMMA,1302.0000,41.756115
PMMA_01,PMMA,1303.0000,41.764413
PMMA_01,PMMA,1304.0000,41.773079
PMMA_01,PMMA,1305.0000,41.782118
PMMA_01,PMMA,1306.0000,41.791537
PMMA_01,PMMA,1307.0000,41.801343
PMMA_01,PMMA,1308.0000,41.811541
PMMA_01,PMMA,1309.0000,41.822140
PMMA_01,PMMA,1310.0000,41.833146
PMMA_01,PMMA,1311.0000,41.844568
PMMA_01,PMMA,1312.0000,41.856414
PMMA_01,PMMA,1313.0000,41.868692
PMMA_01,PMMA,1314.0000,41.881412
PMMA_01,PMMA,1315.0000,41.894583
PMMA_01,PMMA,1316.0000,41.908215
PMMA_01,PMMA,1317.0000,41.922318
PMMA_01,PMMA,1318.0000,41.936903
PMMA_01,PMMA,1319.0000,41.951982
PMMA_01,PMMA,1320.0000,41.967567
PMMA_01,PMMA,1321.0000,41.983669
PMMA_01,PMMA,1322.0000,42.000302
PMMA_01,PMMA,1323.0000,42.017480
PMMA_01,PMMA,1324.0000,42.035216
PMMA_01,PMMA,1325.0000,42.053525
PMMA_01,PMMA,1326.0000,42.072424
PMMA_01,PMMA,1327.0000,42.091927
PMMA_01,PMMA,1328.0000,42.112052
PMMA_01,PMMA,1329.0000,42.132816
PMMA_01,PMMA,1330.0000,42.154238
PMMA_01,PMMA,1331.0000,42.176338
PMMA_01,PMMA,1332.0000,42.199135
PMMA_01,PMMA,1333.0000,42.222650
PMMA_01,PMMA,1334.0000,42.246905
PMMA_01,PMMA,1335.0000,42.271924
PMMA_01,PMMA,1336.0000,42.297731
PMMA_01,PMMA,1337.0000,42.324350
PMMA_01,PMMA,1338.0000,42.351809
PMMA_01,PMMA,1339.0000,42.380134
PMMA_01,PMMA,1340.0000,42.409356
PMMA_01,PMMA,1341.0000,42.439503
PMMA_01,PMMA,1342.0000,42.470608
PMMA_01,PMMA,1343.0000,42.502705
PMMA_01,PMMA,1344.0000,42.535828
PMMA_01,PMMA,1345.0000,42.570013
PMMA_01,PMMA,1346.0000,42.605300
PMMA_01,PMMA,1347.0000,42.641729
PMMA_01,PMMA,1348.0000,42.679341
PMMA_01,PMMA,1349.0000,42.718182
PMMA_01,PMMA,1350.0000,42.758298
PMMA_01,PMMA,1351.0000,42.799739
PMMA_01,PMMA,1352.0000,42.842556
PMMA_01,PMMA,1353.0000,42.886803
PMMA_01,PMMA,1354.0000,42.932538
PMMA_01,PMMA,1355.0000,42.979821
PMMA_01,PMMA,1356.0000,43.028716
PMMA_01,PMMA,1357.0000,43.079289
PMMA_01,PMMA,1358.0000,43.131612
PMMA_01,PMMA,1359.0000,43.185758
PMMA_01,PMMA,1360.0000,43.241807
PMMA_01,PMMA,1361.0000,43.299842
PMMA_01,PMMA,1362.0000,43.359951
PMMA_01,PMMA,1363.0000,43.422226
PMMA_01,PMMA,1364.0000,43.486766
PMMA_01,PMMA,1365.0000,43.553676
PMMA_01,PMMA,1366.0000,43.623065
PMMA_01,PMMA,1367.0000,43.695051
PMMA_01,PMMA,1368.0000,43.769758
PMMA_01,PMMA,1369.0000,43.847318
PMMA_01,PMMA,1370.0000,43.927871
PMMA_01,PMMA,1371.0000,44.011565
PMMA_01,PMMA,1372.0000,44.098560
PMMA_01,PMMA,1373.0000,44.189024
PMMA_01,PMMA,1374.0000,44.283137
PMMA_01,PMMA,1375.0000,44.381090
PMMA_01,PMMA,1376.0000,44.483088
PMMA_01,PMMA,1377.0000,44.589351
PMMA_01,PMMA,1378.0000,44.700110
PMMA_01,PMMA,1379.0000,44.815617
PMMA_01,PMMA,1380.0000,44.936140
PMMA_01,PMMA,1381.0000,45.061965
PMMA_01,PMMA,1382.0000,45.193400
PMMA_01,PMMA,1383.0000,45.330777
PMMA_01,PMMA,1384.0000,45.474451
PMMA_01,PMMA,1385.0000,45.624805
PMMA_01,PMMA,1386.0000,45.782251
PMMA_01,PMMA,1387.0000,45.947235
PMMA_01,PMMA,1388.0000,46.120236
PMMA_01,PMMA,1389.0000,46.301776
PMMA_01,PMMA,1390.0000,46.492415
PMMA_01,PMMA,1391.0000,46.692763
PMMA_01,PMMA,1392.0000,46.903482
PMMA_01,PMMA,1393.0000,47.125290
PMMA_01,PMMA,1394.0000,47.358969
PMMA_01,PMMA,1395.0000,47.605371
PMMA_01,PMMA,1396.0000,47.865426
PMMA_01,PMMA,1397.0000,48.140149
PMMA_01,PMMA,1398.0000,48.430654
PMMA_01,PMMA,1399.0000,48.738160
PMMA_01,PMMA,1400.0000,49.064005
PMMA_01,PMMA,1401.0000,49.409663
PMMA_01,PMMA,1402.0000,49.776758
PMMA_01,PMMA,1403.0000,50.167081
PMMA_01,PMMA,1404.0000,50.582617
PMMA_01,PMMA,1405.0000,51.025564
PMMA_01,PMMA,1406.0000,51.498364
PMMA_01,PMMA,1407.0000,52.003735
PMMA_01,PMMA,1408.0000,52.544711
PMMA_01,PMMA,1409.0000,53.124685
PMMA_01,PMMA,1410.0000,53.747459
PMMA_01,PMMA,1411.0000,54.417310
PMMA_01,PMMA,1412.0000,55.139054
PMMA_01,PMMA,1413.0000,55.918136
PMMA_01,PMMA,1414.0000,56.760729
PMMA_01,PMMA,1415.0000,57.673847
PMMA_01,PMMA,1416.0000,58.665491
PMMA_01,PMMA,1417.0000,59.744817
PMMA_01,PMMA,1418.0000,60.922337
PMMA_01,PMMA,1419.0000,62.210165
PMMA_01,PMMA,1420.0000,63.622315
PMMA_01,PMMA,1421.0000,65.175062
PMMA_01,PMMA,1422.0000,66.887388
PMMA_01,PMMA,1423.0000,68.781531
PMMA_01,PMMA,1424.0000,70.883658
PMMA_01,PMMA,1425.0000,73.224713
PMMA_01,PMMA,1426.0000,75.841473
PMMA_01,PMMA,1427.0000,78.777878
PMMA_01,PMMA,1428.0000,82.086715
PMMA_01,PMMA,1429.0000,85.831767
PMMA_01,PMMA,1430.0000,90.090559
PMMA_01,PMMA,1431.0000,94.957892
PMMA_01,PMMA,1432.0000,100.550419
PMMA_01,PMMA,1433.0000,107.012577
PMMA_01,PMMA,1434.0000,114.524292
PMMA_01,PMMA,1435.0000,123.310991
PMMA_01,PMMA,1436.0000,133.656533
PMMA_01,PMMA,1437.0000,145.919683
PMMA_01,PMMA,1438.0000,160.554607
PMMA_01,PMMA,1439.0000,178.135034
PMMA_01,PMMA,1440.0000,199.379787
PMMA_01,PMMA,1441.0000,225.172516
PMMA_01,PMMA,1442.0000,256.558038
PMMA_01,PMMA,1443.0000,294.676624
PMMA_01,PMMA,1444.0000,340.559949
PMMA_01,PMMA,1445.0000,394.659315
PMMA_01,PMMA,1446.0000,455.946609
PMMA_01,PMMA,1447.0000,520.563066
PMMA_01,PMMA,1448.0000,580.564172
PMMA_01,PMMA,1449.0000,624.349097
PMMA_01,PMMA,1450.0000,640.566488
PMMA_01,PMMA,1451.0000,624.351481
PMMA_01,PMMA,1452.0000,580.568942
PMMA_01,PMMA,1453.0000,520.570221
PMMA_01,PMMA,1454.0000,455.956151
PMMA_01,PMMA,1455.0000,394.671247
PMMA_01,PMMA,1456.0000,340.574273
PMMA_01,PMMA,1457.0000,294.693343
PMMA_01,PMMA,1458.0000,256.577155
PMMA_01,PMMA,1459.0000,225.194036
PMMA_01,PMMA,1460.0000,199.403714
PMMA_01,PMMA,1461.0000,178.161374
PMMA_01,PMMA,1462.0000,160.583365
PMMA_01,PMMA,1463.0000,145.950866
PMMA_01,PMMA,1464.0000,133.690146
PMMA_01,PMMA,1465.0000,123.347044
PMMA_01,PMMA,1466.0000,114.562790
PMMA_01,PMMA,1467.0000,107.053530
PMMA_01,PMMA,1468.0000,100.593836
PMMA_01,PMMA,1469.0000,95.003781
PMMA_01,PMMA,1470.0000,90.138931
PMMA_01,PMMA,1471.0000,85.882633
PMMA_01,PMMA,1472.0000,82.140085
PMMA_01,PMMA,1473.0000,78.833764
PMMA_01,PMMA,1474.0000,75.899888
PMMA_01,PMMA,1475.0000,73.285669
PMMA_01,PMMA,1476.0000,70.947169
PMMA_01,PMMA,1477.0000,68.847611
PMMA_01,PMMA,1478.0000,66.956051
PMMA_01,PMMA,1479.0000,65.246323
PMMA_01,PMMA,1480.0000,63.696190
PMMA_01,PMMA,1481.0000,62.286671
PMMA_01,PMMA,1482.0000,61.001490
PMMA_01,PMMA,1483.0000,59.826635
PMMA_01,PMMA,1484.0000,58.749993
PMMA_01,PMMA,1485.0000,57.761051
PMMA_01,PMMA,1486.0000,56.850655
PMMA_01,PMMA,1487.0000,56.010805
PMMA_01,PMMA,1488.0000,55.234485
PMMA_01,PMMA,1489.0000,54.515526
PMMA_01,PMMA,1490.0000,53.848483
PMMA_01,PMMA,1491.0000,53.228538
PMMA_01,PMMA,1492.0000,52.651418
PMMA_01,PMMA,1493.0000,52.113320
PMMA_01,PMMA,1494.0000,51.610852
PMMA_01,PMMA,1495.0000,51.140982
PMMA_01,PMMA,1496.0000,50.700991
PMMA_01,PMMA,1497.0000,50.288438
PMMA_01,PMMA,1498.0000,49.901126
PMMA_01,PMMA,1499.0000,49.537073
PMMA_01,PMMA,1500.0000,49.194485
PMMA_01,PMMA,1501.0000,48.871741
PMMA_01,PMMA,1502.0000,48.567369
PMMA_01,PMMA,1503.0000,48.280029
PMMA_01,PMMA,1504.0000,48.008503
PMMA_01,PMMA,1505.0000,47.751681
PMMA_01,PMMA,1506.0000,47.508547
PMMA_01,PMMA,1507.0000,47.278172
PMMA_01,PMMA,1508.0000,47.059704
PMMA_01,PMMA,1509.0000,46.852364
PMMA_01,PMMA,1510.0000,46.655434
PMMA_01,PMMA,1511.0000,46.468252
PMMA_01,PMMA,1512.0000,46.290211
PMMA_01,PMMA,1513.0000,46.120750
PMMA_01,PMMA,1514.0000,45.959350
PMMA_01,PMMA,1515.0000,45.805531
PMMA_01,PMMA,1516.0000,45.658850
PMMA_01,PMMA,1517.0000,45.518896
PMMA_01,PMMA,1518.0000,45.385286
PMMA_01,PMMA,1519.0000,45.257667
PMMA_01,PMMA,1520.0000,45.135708
PMMA_01,PMMA,1521.0000,45.019102
PMMA_01,PMMA,1522.0000,44.907565
PMMA_01,PMMA,1523.0000,44.800828
PMMA_01,PMMA,1524.0000,44.698645
PMMA_01,PMMA,1525.0000,44.600782
PMMA_01,PMMA,1526.0000,44.507022
PMMA_01,PMMA,1527.0000,44.417162
PMMA_01,PMMA,1528.0000,44.331011
PMMA_01,PMMA,1529.0000,44.248392
PMMA_01,PMMA,1530.0000,44.169137
PMMA_01,PMMA,1531.0000,44.093090
PMMA_01,PMMA,1532.0000,44.020103
PMMA_01,PMMA,1533.0000,43.950037
PMMA_01,PMMA,1534.0000,43.882762
PMMA_01,PMMA,1535.0000,43.818157
PMMA_01,PMMA,1536.0000,43.756105
PMMA_01,PMMA,1537.0000,43.696499
PMMA_01,PMMA,1538.0000,43.639235
PMMA_01,PMMA,1539.0000,43.584218
PMMA_01,PMMA,1540.0000,43.531356
PMMA_01,PMMA,1541.0000,43.480564
PMMA_01,PMMA,1542.0000,43.431760
PMMA_01,PMMA,1543.0000,43.384868
PMMA_01,PMMA,1544.0000,43.339815
PMMA_01,PMMA,1545.0000,43.296534
PMMA_01,PMMA,1546.0000,43.254959
PMMA_01,PMMA,1547.0000,43.215029
PMMA_01,PMMA,1548.0000,43.176687
PMMA_01,PMMA,1549.0000,43.139877
PMMA_01,PMMA,1550.0000,43.104549
PMMA_01,PMMA,1551.0000,43.070652
PMMA_01,PMMA,1552.0000,43.038141
PMMA_01,PMMA,1553.0000,43.006971
PMMA_01,PMMA,1554.0000,42.977102
PMMA_01,PMMA,1555.0000,42.948493
PMMA_01,PMMA,1556.0000,42.921108
PMMA_01,PMMA,1557.0000,42.894910
PMMA_01,PMMA,1558.0000,42.869868
PMMA_01,PMMA,1559.0000,42.845949
PMMA_01,PMMA,1560.0000,42.823123
PMMA_01,PMMA,1561.0000,42.801363
PMMA_01,PMMA,1562.0000,42.780641
PMMA_01,PMMA,1563.0000,42.760933
PMMA_01,PMMA,1564.0000,42.742214
PMMA_01,PMMA,1565.0000,42.724464
PMMA_01,PMMA,1566.0000,42.707659
PMMA_01,PMMA,1567.0000,42.691781
PMMA_01,PMMA,1568.0000,42.676811
PMMA_01,PMMA,1569.0000,42.662732
PMMA_01,PMMA,1570.0000,42.649528
PMMA_01,PMMA,1571.0000,42.637182
PMMA_01,PMMA,1572.0000,42.625681
PMMA_01,PMMA,1573.0000,42.615012
PMMA_01,PMMA,1574.0000,42.605162
PMMA_01,PMMA,1575.0000,42.596121
PMMA_01,PMMA,1576.0000,42.587877
PMMA_01,PMMA,1577.0000,42.580422
PMMA_01,PMMA,1578.0000,42.573747
PMMA_01,PMMA,1579.0000,42.567843
PMMA_01,PMMA,1580.0000,42.562705
PMMA_01,PMMA,1581.0000,42.558326
PMMA_01,PMMA,1582.0000,42.554700
PMMA_01,PMMA,1583.0000,42.551823
PMMA_01,PMMA,1584.0000,42.549692
PMMA_01,PMMA,1585.0000,42.548303
PMMA_01,PMMA,1586.0000,42.547654
PMMA_01,PMMA,1587.0000,42.547744
PMMA_01,PMMA,1588.0000,42.548572
PMMA_01,PMMA,1589.0000,42.550138
PMMA_01,PMMA,1590.0000,42.552443
PMMA_01,PMMA,1591.0000,42.555488
PMMA_01,PMMA,1592.0000,42.559276
PMMA_01,PMMA,1593.0000,42.563809
PMMA_01,PMMA,1594.0000,42.569091
PMMA_01,PMMA,1595.0000,42.575127
PMMA_01,PMMA,1596.0000,42.581923
PMMA_01,PMMA,1597.0000,42.589484
PMMA_01,PMMA,1598.0000,42.597817
PMMA_01,PMMA,1599.0000,42.606930
PMMA_01,PMMA,1600.0000,42.616831
PMMA_01,PMMA,1601.0000,42.627530
PMMA_01,PMMA,1602.0000,42.639037
PMMA_01,PMMA,1603.0000,42.651363
PMMA_01,PMMA,1604.0000,42.664520
PMMA_01,PMMA,1605.0000,42.678522
PMMA_01,PMMA,1606.0000,42.693381
PMMA_01,PMMA,1607.0000,42.709113
PMMA_01,PMMA,1608.0000,42.725733
PMMA_01,PMMA,1609.0000,42.743260
PMMA_01,PMMA,1610.0000,42.761710
PMMA_01,PMMA,1611.0000,42.781103
PMMA_01,PMMA,1612.0000,42.801459
PMMA_01,PMMA,1613.0000,42.822800
PMMA_01,PMMA,1614.0000,42.845149
PMMA_01,PMMA,1615.0000,42.868530
PMMA_01,PMMA,1616.0000,42.892968
PMMA_01,PMMA,1617.0000,42.918491
PMMA_01,PMMA,1618.0000,42.945126
PMMA_01,PMMA,1619.0000,42.972906
PMMA_01,PMMA,1620.0000,43.001859
PMMA_01,PMMA,1621.0000,43.032022
PMMA_01,PMMA,1622.0000,43.063428
PMMA_01,PMMA,1623.0000,43.096116
PMMA_01,PMMA,1624.0000,43.130123
PMMA_01,PMMA,1625.0000,43.165493
PMMA_01,PMMA,1626.0000,43.202268
PMMA_01,PMMA,1627.0000,43.240494
PMMA_01,PMMA,1628.0000,43.280221
PMMA_01,PMMA,1629.0000,43.321498
PMMA_01,PMMA,1630.0000,43.364381
PMMA_01,PMMA,1631.0000,43.408925
PMMA_01,PMMA,1632.0000,43.455191
PMMA_01,PMMA,1633.0000,43.503243
PMMA_01,PMMA,1634.0000,43.553146
PMMA_01,PMMA,1635.0000,43.604971
PMMA_01,PMMA,1636.0000,43.658793
PMMA_01,PMMA,1637.0000,43.714690
PMMA_01,PMMA,1638.0000,43.772745
PMMA_01,PMMA,1639.0000,43.833047
PMMA_01,PMMA,1640.0000,43.895687
PMMA_01,PMMA,1641.0000,43.960764
PMMA_01,PMMA,1642.0000,44.028382
PMMA_01,PMMA,1643.0000,44.098651
PMMA_01,PMMA,1644.0000,44.171687
PMMA_01,PMMA,1645.0000,44.247614
PMMA_01,PMMA,1646.0000,44.326564
PMMA_01,PMMA,1647.0000,44.408674
PMMA_01,PMMA,1648.0000,44.494093
PMMA_01,PMMA,1649.0000,44.582978
PMMA_01,PMMA,1650.0000,44.675495
PMMA_01,PMMA,1651.0000,44.771823
PMMA_01,PMMA,1652.0000,44.872148
PMMA_01,PMMA,1653.0000,44.976674
PMMA_01,PMMA,1654.0000,45.085615
PMMA_01,PMMA,1655.0000,45.199199
PMMA_01,PMMA,1656.0000,45.317671
PMMA_01,PMMA,1657.0000,45.441292
PMMA_01,PMMA,1658.0000,45.570342
PMMA_01,PMMA,1659.0000,45.705119
PMMA_01,PMMA,1660.0000,45.845943
PMMA_01,PMMA,1661.0000,45.993159
PMMA_01,PMMA,1662.0000,46.147135
PMMA_01,PMMA,1663.0000,46.308266
PMMA_01,PMMA,1664.0000,46.476980
PMMA_01,PMMA,1665.0000,46.653733
PMMA_01,PMMA,1666.0000,46.839022
PMMA_01,PMMA,1667.0000,47.033377
PMMA_01,PMMA,1668.0000,47.237376
PMMA_01,PMMA,1669.0000,47.451641
PMMA_01,PMMA,1670.0000,47.676845
PMMA_01,PMMA,1671.0000,47.913719
PMMA_01,PMMA,1672.0000,48.163057
PMMA_01,PMMA,1673.0000,48.425718
PMMA_01,PMMA,1674.0000,48.702641
PMMA_01,PMMA,1675.0000,48.994848
PMMA_01,PMMA,1676.0000,49.303453
PMMA_01,PMMA,1677.0000,49.629675
PMMA_01,PMMA,1678.0000,49.974848
PMMA_01,PMMA,1679.0000,50.340434
PMMA_01,PMMA,1680.0000,50.728040
PMMA_01,PMMA,1681.0000,51.139432
PMMA_01,PMMA,1682.0000,51.576559
PMMA_01,PMMA,1683.0000,52.041570
PMMA_01,PMMA,1684.0000,52.536845
PMMA_01,PMMA,1685.0000,53.065022
PMMA_01,PMMA,1686.0000,53.629029
PMMA_01,PMMA,1687.0000,54.232130
PMMA_01,PMMA,1688.0000,54.877963
PMMA_01,PMMA,1689.0000,55.570598
PMMA_01,PMMA,1690.0000,56.314600
PMMA_01,PMMA,1691.0000,57.115097
PMMA_01,PMMA,1692.0000,57.977870
PMMA_01,PMMA,1693.0000,58.909452
PMMA_01,PMMA,1694.0000,59.917249
PMMA_01,PMMA,1695.0000,61.009678
PMMA_01,PMMA,1696.0000,62.196340
PMMA_01,PMMA,1697.0000,63.488220
PMMA_01,PMMA,1698.0000,64.897934
PMMA_01,PMMA,1699.0000,66.440016
PMMA_01,PMMA,1700.0000,68.131283
PMMA_01,PMMA,1701.0000,69.991265
PMMA_01,PMMA,1702.0000,72.042741
PMMA_01,PMMA,1703.0000,74.312392
PMMA_01,PMMA,1704.0000,76.831621
PMMA_01,PMMA,1705.0000,79.637560
PMMA_01,PMMA,1706.0000,82.774339
PMMA_01,PMMA,1707.0000,86.294687
PMMA_01,PMMA,1708.0000,90.261948
PMMA_01,PMMA,1709.0000,94.752661
PMMA_01,PMMA,1710.0000,99.859853
PMMA_01,PMMA,1711.0000,105.697288
PMMA_01,PMMA,1712.0000,112.404947
PMMA_01,PMMA,1713.0000,120.156154
PMMA_01,PMMA,1714.0000,129.166820
PMMA_01,PMMA,1715.0000,139.707459
PMMA_01,PMMA,1716.0000,152.118696
PMMA_01,PMMA,1717.0000,166.831053
PMMA_01,PMMA,1718.0000,184.389526
PMMA_01,PMMA,1719.0000,205.482591
PMMA_01,PMMA,1720.0000,230.972835
PMMA_01,PMMA,1721.0000,261.920636
PMMA_01,PMMA,1722.0000,299.579774
PMMA_01,PMMA,1723.0000,345.318575
PMMA_01,PMMA,1724.0000,400.375048
PMMA_01,PMMA,1725.0000,465.290753
PMMA_01,PMMA,1726.0000,538.831956
PMMA_01,PMMA,1727.0000,616.368137
PMMA_01,PMMA,1728.0000,688.365880
PMMA_01,PMMA,1729.0000,740.904186
PMMA_01,PMMA,1730.0000,760.361434
PMMA_01,PMMA,1731.0000,740.899784
PMMA_01,PMMA,1732.0000,688.357075
PMMA_01,PMMA,1733.0000,616.354929
PMMA_01,PMMA,1734.0000,538.814341
PMMA_01,PMMA,1735.0000,465.268731
PMMA_01,PMMA,1736.0000,400.348614
PMMA_01,PMMA,1737.0000,345.287727
PMMA_01,PMMA,1738.0000,299.544506
PMMA_01,PMMA,1739.0000,261.880944
PMMA_01,PMMA,1740.0000,230.928713
PMMA_01,PMMA,1741.0000,205.434034
PMMA_01,PMMA,1742.0000,184.336526
PMMA_01,PMMA,1743.0000,166.773603
PMMA_01,PMMA,1744.0000,152.056787
PMMA_01,PMMA,1745.0000,139.641083
PMMA_01,PMMA,1746.0000,129.095969
PMMA_01,PMMA,1747.0000,120.080817
PMMA_01,PMMA,1748.0000,112.325113
PMMA_01,PMMA,1749.0000,105.612945
PMMA_01,PMMA,1750.0000,99.770991
PMMA_01,PMMA,1751.0000,94.659266
PMMA_01,PMMA,1752.0000,90.164007
PMMA_01,PMMA,1753.0000,86.192187
PMMA_01,PMMA,1754.0000,82.667265
PMMA_01,PMMA,1755.0000,79.525896
PMMA_01,PMMA,1756.0000,76.715352
PMMA_01,PMMA,1757.0000,74.191501
PMMA_01,PMMA,1758.0000,71.917210
PMMA_01,PMMA,1759.0000,69.861077
PMMA_01,PMMA,1760.0000,67.996419
PMMA_01,PMMA,1761.0000,66.300457
PMMA_01,PMMA,1762.0000,64.753659
PMMA_01,PMMA,1763.0000,63.339209
PMMA_01,PMMA,1764.0000,62.042570
PMMA_01,PMMA,1765.0000,60.851127
PMMA_01,PMMA,1766.0000,59.753894
PMMA_01,PMMA,1767.0000,58.741270
PMMA_01,PMMA,1768.0000,57.804835
PMMA_01,PMMA,1769.0000,56.937184
PMMA_01,PMMA,1770.0000,56.131783
PMMA_01,PMMA,1771.0000,55.382850
PMMA_01,PMMA,1772.0000,54.685255
PMMA_01,PMMA,1773.0000,54.034434
PMMA_01,PMMA,1774.0000,53.426315
PMMA_01,PMMA,1775.0000,52.857259
PMMA_01,PMMA,1776.0000,52.324003
PMMA_01,PMMA,1777.0000,51.823616
PMMA_01,PMMA,1778.0000,51.353460
PMMA_01,PMMA,1779.0000,50.911155
PMMA_01,PMMA,1780.0000,50.494549
PMMA_01,PMMA,1781.0000,50.101693
PMMA_01,PMMA,1782.0000,49.730820
PMMA_01,PMMA,1783.0000,49.380323
PMMA_01,PMMA,1784.0000,49.048738
PMMA_01,PMMA,1785.0000,48.734729
PMMA_01,PMMA,1786.0000,48.437079
PMMA_01,PMMA,1787.0000,48.154669
PMMA_01,PMMA,1788.0000,47.886479
PMMA_01,PMMA,1789.0000,47.631569
PMMA_01,PMMA,1790.0000,47.389077
PMMA_01,PMMA,1791.0000,47.158208
PMMA_01,PMMA,1792.0000,46.938232
PMMA_01,PMMA,1793.0000,46.728473
PMMA_01,PMMA,1794.0000,46.528307
PMMA_01,PMMA,1795.0000,46.337158
PMMA_01,PMMA,1796.0000,46.154492
PMMA_01,PMMA,1797.0000,45.979812
PMMA_01,PMMA,1798.0000,45.812659
PMMA_01,PMMA,1799.0000,45.652607
PMMA_01,PMMA,1800.0000,45.499257
PMMA_01,PMMA,1801.0000,45.352239
PMMA_01,PMMA,1802.0000,45.211209
PMMA_01,PMMA,1803.0000,45.075844
PMMA_01,PMMA,1804.0000,44.945846
PMMA_01,PMMA,1805.0000,44.820932
PMMA_01,PMMA,1806.0000,44.700839
PMMA_01,PMMA,1807.0000,44.585323
PMMA_01,PMMA,1808.0000,44.474153
PMMA_01,PMMA,1809.0000,44.367111
PMMA_01,PMMA,1810.0000,44.263996
PMMA_01,PMMA,1811.0000,44.164617
PMMA_01,PMMA,1812.0000,44.068794
PMMA_01,PMMA,1813.0000,43.976360
PMMA_01,PMMA,1814.0000,43.887155
PMMA_01,PMMA,1815.0000,43.801030
PMMA_01,PMMA,1816.0000,43.717843
PMMA_01,PMMA,1817.0000,43.637463
PMMA_01,PMMA,1818.0000,43.559763
PMMA_01,PMMA,1819.0000,43.484625
PMMA_01,PMMA,1820.0000,43.411936
PMMA_01,PMMA,1821.0000,43.341591
PMMA_01,PMMA,1822.0000,43.273489
PMMA_01,PMMA,1823.0000,43.207535
PMMA_01,PMMA,1824.0000,43.143639
PMMA_01,PMMA,1825.0000,43.081716
PMMA_01,PMMA,1826.0000,43.021685
PMMA_01,PMMA,1827.0000,42.963469
PMMA_01,PMMA,1828.0000,42.906994
PMMA_01,PMMA,1829.0000,42.852192
PMMA_01,PMMA,1830.0000,42.798996
PMMA_01,PMMA,1831.0000,42.747344
PMMA_01,PMMA,1832.0000,42.697176
PMMA_01,PMMA,1833.0000,42.648435
PMMA_01,PMMA,1834.0000,42.601067
PMMA_01,PMMA,1835.0000,42.555020
PMMA_01,PMMA,1836.0000,42.510246
PMMA_01,PMMA,1837.0000,42.466698
PMMA_01,PMMA,1838.0000,42.424329
PMMA_01,PMMA,1839.0000,42.383099
PMMA_01,PMMA,1840.0000,42.342966
PMMA_01,PMMA,1841.0000,42.303891
PMMA_01,PMMA,1842.0000,42.265836
PMMA_01,PMMA,1843.0000,42.228767
PMMA_01,PMMA,1844.0000,42.192649
PMMA_01,PMMA,1845.0000,42.157449
PMMA_01,PMMA,1846.0000,42.123136
PMMA_01,PMMA,1847.0000,42.089681
PMMA_01,PMMA,1848.0000,42.057054
PMMA_01,PMMA,1849.0000,42.025228
PMMA_01,PMMA,1850.0000,41.994177
PMMA_01,PMMA,1851.0000,41.963875
PMMA_01,PMMA,1852.0000,41.934298
PMMA_01,PMMA,1853.0000,41.905424
PMMA_01,PMMA,1854.0000,41.877229
PMMA_01,PMMA,1855.0000,41.849692
PMMA_01,PMMA,1856.0000,41.822793
PMMA_01,PMMA,1857.0000,41.796511
PMMA_01,PMMA,1858.0000,41.770828
PMMA_01,PMMA,1859.0000,41.745726
PMMA_01,PMMA,1860.0000,41.721186
PMMA_01,PMMA,1861.0000,41.697192
PMMA_01,PMMA,1862.0000,41.673727
PMMA_01,PMMA,1863.0000,41.650777
PMMA_01,PMMA,1864.0000,41.628325
PMMA_01,PMMA,1865.0000,41.606357
PMMA_01,PMMA,1866.0000,41.584859
PMMA_01,PMMA,1867.0000,41.563818
PMMA_01,PMMA,1868.0000,41.543220
PMMA_01,PMMA,1869.0000,41.523053
PMMA_01,PMMA,1870.0000,41.503304
PMMA_01,PMMA,1871.0000,41.483963
PMMA_01,PMMA,1872.0000,41.465018
PMMA_01,PMMA,1873.0000,41.446457
PMMA_01,PMMA,1874.0000,41.428271
PMMA_01,PMMA,1875.0000,41.410448
PMMA_01,PMMA,1876.0000,41.392980
PMMA_01,PMMA,1877.0000,41.375857
PMMA_01,PMMA,1878.0000,41.359069
PMMA_01,PMMA,1879.0000,41.342609
PMMA_01,PMMA,1880.0000,41.326466
PMMA_01,PMMA,1881.0000,41.310633
PMMA_01,PMMA,1882.0000,41.295102
PMMA_01,PMMA,1883.0000,41.279865
PMMA_01,PMMA,1884.0000,41.264914
PMMA_01,PMMA,1885.0000,41.250243
PMMA_01,PMMA,1886.0000,41.235843
PMMA_01,PMMA,1887.0000,41.221710
PMMA_01,PMMA,1888.0000,41.207834
PMMA_01,PMMA,1889.0000,41.194212
PMMA_01,PMMA,1890.0000,41.180835
PMMA_01,PMMA,1891.0000,41.167698
PMMA_01,PMMA,1892.0000,41.154796
PMMA_01,PMMA,1893.0000,41.142122
PMMA_01,PMMA,1894.0000,41.129672
PMMA_01,PMMA,1895.0000,41.117439
PMMA_01,PMMA,1896.0000,41.105419
PMMA_01,PMMA,1897.0000,41.093607
PMMA_01,PMMA,1898.0000,41.081997
PMMA_01,PMMA,1899.0000,41.070585
PMMA_01,PMMA,1900.0000,41.059367
PMMA_01,PMMA,1901.0000,41.048338
PMMA_01,PMMA,1902.0000,41.037493
PMMA_01,PMMA,1903.0000,41.026829
PMMA_01,PMMA,1904.0000,41.016342
PMMA_01,PMMA,1905.0000,41.006027
PMMA_01,PMMA,1906.0000,40.995880
PMMA_01,PMMA,1907.0000,40.985898
PMMA_01,PMMA,1908.0000,40.976078
PMMA_01,PMMA,1909.0000,40.966415
PMMA_01,PMMA,1910.0000,40.956907
PMMA_01,PMMA,1911.0000,40.947549
PMMA_01,PMMA,1912.0000,40.938339
PMMA_01,PMMA,1913.0000,40.929274
PMMA_01,PMMA,1914.0000,40.920350
PMMA_01,PMMA,1915.0000,40.911564
PMMA_01,PMMA,1916.0000,40.902914
PMMA_01,PMMA,1917.0000,40.894396
PMMA_01,PMMA,1918.0000,40.886009
PMMA_01,PMMA,1919.0000,40.877748
PMMA_01,PMMA,1920.0000,40.869612
PMMA_01,PMMA,1921.0000,40.861598
PMMA_01,PMMA,1922.0000,40.853703
PMMA_01,PMMA,1923.0000,40.845926
PMMA_01,PMMA,1924.0000,40.838263
PMMA_01,PMMA,1925.0000,40.830713
PMMA_01,PMMA,1926.0000,40.823272
PMMA_01,PMMA,1927.0000,40.815940
PMMA_01,PMMA,1928.0000,40.808714
PMMA_01,PMMA,1929.0000,40.801591
PMMA_01,PMMA,1930.0000,40.794570
PMMA_01,PMMA,1931.0000,40.787648
PMMA_01,PMMA,1932.0000,40.780825
PMMA_01,PMMA,1933.0000,40.774097
PMMA_01,PMMA,1934.0000,40.767463
PMMA_01,PMMA,1935.0000,40.760922
PMMA_01,PMMA,1936.0000,40.754471
PMMA_01,PMMA,1937.0000,40.748109
PMMA_01,PMMA,1938.0000,40.741834
PMMA_01,PMMA,1939.0000,40.735645
PMMA_01,PMMA,1940.0000,40.729539
PMMA_01,PMMA,1941.0000,40.723516
PMMA_01,PMMA,1942.0000,40.717573
PMMA_01,PMMA,1943.0000,40.711710
PMMA_01,PMMA,1944.0000,40.705925
PMMA_01,PMMA,1945.0000,40.700217
PMMA_01,PMMA,1946.0000,40.694583
PMMA_01,PMMA,1947.0000,40.689023
PMMA_01,PMMA,1948.0000,40.683536
PMMA_01,PMMA,1949.0000,40.678119
PMMA_01,PMMA,1950.0000,40.672773
PMMA_01,PMMA,1951.0000,40.667495
PMMA_01,PMMA,1952.0000,40.662285
PMMA_01,PMMA,1953.0000,40.657141
PMMA_01,PMMA,1954.0000,40.652062
PMMA_01,PMMA,1955.0000,40.647047
PMMA_01,PMMA,1956.0000,40.642094
PMMA_01,PMMA,1957.0000,40.637204
PMMA_01,PMMA,1958.0000,40.632374
PMMA_01,PMMA,1959.0000,40.627604
PMMA_01,PMMA,1960.0000,40.622893
PMMA_01,PMMA,1961.0000,40.618239
PMMA_01,PMMA,1962.0000,40.613642
PMMA_01,PMMA,1963.0000,40.609101
PMMA_01,PMMA,1964.0000,40.604615
PMMA_01,PMMA,1965.0000,40.600182
PMMA_01,PMMA,1966.0000,40.595803
PMMA_01,PMMA,1967.0000,40.591476
PMMA_01,PMMA,1968.0000,40.587200
PMMA_01,PMMA,1969.0000,40.582974
PMMA_01,PMMA,1970.0000,40.578799
PMMA_01,PMMA,1971.0000,40.574672
PMMA_01,PMMA,1972.0000,40.570593
PMMA_01,PMMA,1973.0000,40.566561
PMMA_01,PMMA,1974.0000,40.562576
PMMA_01,PMMA,1975.0000,40.558637
PMMA_01,PMMA,1976.0000,40.554743
PMMA_01,PMMA,1977.0000,40.550893
PMMA_01,PMMA,1978.0000,40.547087
PMMA_01,PMMA,1979.0000,40.543324
PMMA_01,PMMA,1980.0000,40.539603
PMMA_01,PMMA,1981.0000,40.535924
PMMA_01,PMMA,1982.0000,40.532286
PMMA_01,PMMA,1983.0000,40.528689
PMMA_01,PMMA,1984.0000,40.525131
PMMA_01,PMMA,1985.0000,40.521612
PMMA_01,PMMA,1986.0000,40.518132
PMMA_01,PMMA,1987.0000,40.514690
PMMA_01,PMMA,1988.0000,40.511285
PMMA_01,PMMA,1989.0000,40.507917
PMMA_01,PMMA,1990.0000,40.504586
PMMA_01,PMMA,1991.0000,40.501290
PMMA_01,PMMA,1992.0000,40.498030
PMMA_01,PMMA,1993.0000,40.494804
PMMA_01,PMMA,1994.0000,40.491613
PMMA_01,PMMA,1995.0000,40.488455
PMMA_01,PMMA,1996.0000,40.485330
PMMA_01,PMMA,1997.0000,40.482238
PMMA_01,PMMA,1998.0000,40.479179
PMMA_01,PMMA,1999.0000,40.476151
PMMA_01,PMMA,2000.0000,40.473155
PMMA_02,PMMA,200.0000,40.174216
PMMA_02,PMMA,201.0000,40.174828
PMMA_02,PMMA,202.0000,40.175443
PMMA_02,PMMA,203.0000,40.176062
PMMA_02,PMMA,204.0000,40.176685
PMMA_02,PMMA,205.0000,40.177312
PMMA_02,PMMA,206.0000,40.177943
PMMA_02,PMMA,207.0000,40.178577
PMMA_02,PMMA,208.0000,40.179216
PMMA_02,PMMA,209.0000,40.179858
PMMA_02,PMMA,210.0000,40.180504
PMMA_02,PMMA,211.0000,40.181154
PMMA_02,PMMA,212.0000,40.181808
PMMA_02,PMMA,213.0000,40.182467
PMMA_02,PMMA,214.0000,40.183129
PMMA_02,PMMA,215.0000,40.183796
PMMA_02,PMMA,216.0000,40.184466
PMMA_02,PMMA,217.0000,40.185141
PMMA_02,PMMA,218.0000,40.185820
PMMA_02,PMMA,219.0000,40.186504
PMMA_02,PMMA,220.0000,40.187191
PMMA_02,PMMA,221.0000,40.187883
PMMA_02,PMMA,222.0000,40.188580
PMMA_02,PMMA,223.0000,40.189281
PMMA_02,PMMA,224.0000,40.189986
PMMA_02,PMMA,225.0000,40.190696
PMMA_02,PMMA,226.0000,40.191411
PMMA_02,PMMA,227.0000,40.192130
PMMA_02,PMMA,228.0000,40.192854
PMMA_02,PMMA,229.0000,40.193582
PMMA_02,PMMA,230.0000,40.194315
PMMA_02,PMMA,231.0000,40.195053
PMMA_02,PMMA,232.0000,40.195796
PMMA_02,PMMA,233.0000,40.196544
PMMA_02,PMMA,234.0000,40.197297
PMMA_02,PMMA,235.0000,40.198054
PMMA_02,PMMA,236.0000,40.198817
PMMA_02,PMMA,237.0000,40.199585
PMMA_02,PMMA,238.0000,40.200358
PMMA_02,PMMA,239.0000,40.201136
PMMA_02,PMMA,240.0000,40.201919
PMMA_02,PMMA,241.0000,40.202708
PMMA_02,PMMA,242.0000,40.203501
PMMA_02,PMMA,243.0000,40.204301
PMMA_02,PMMA,244.0000,40.205105
PMMA_02,PMMA,245.0000,40.205915
PMMA_02,PMMA,246.0000,40.206731
PMMA_02,PMMA,247.0000,40.207552
PMMA_02,PMMA,248.0000,40.208379
PMMA_02,PMMA,249.0000,40.209212
PMMA_02,PMMA,250.0000,40.210050
PMMA_02,PMMA,251.0000,40.210895
PMMA_02,PMMA,252.0000,40.211745
PMMA_02,PMMA,253.0000,40.212601
PMMA_02,PMMA,254.0000,40.213463
PMMA_02,PMMA,255.0000,40.214331
PMMA_02,PMMA,256.0000,40.215205
PMMA_02,PMMA,257.0000,40.216086
PMMA_02,PMMA,258.0000,40.216972
PMMA_02,PMMA,259.0000,40.217865
PMMA_02,PMMA,260.0000,40.218765
PMMA_02,PMMA,261.0000,40.219670
PMMA_02,PMMA,262.0000,40.220583
PMMA_02,PMMA,263.0000,40.221502
PMMA_02,PMMA,264.0000,40.222427
PMMA_02,PMMA,265.0000,40.223360
PMMA_02,PMMA,266.0000,40.224299
PMMA_02,PMMA,267.0000,40.225245
PMMA_02,PMMA,268.0000,40.226198
PMMA_02,PMMA,269.0000,40.227157
PMMA_02,PMMA,270.0000,40.228124
PMMA_02,PMMA,271.0000,40.229099
PMMA_02,PMMA,272.0000,40.230080
PMMA_02,PMMA,273.0000,40.231069
PMMA_02,PMMA,274.0000,40.232065
PMMA_02,PMMA,275.0000,40.233069
PMMA_02,PMMA,276.0000,40.234080
PMMA_02,PMMA,277.0000,40.235099
PMMA_02,PMMA,278.0000,40.236125
PMMA_02,PMMA,279.0000,40.237159
PMMA_02,PMMA,280.0000,40.238202
PMMA_02,PMMA,281.0000,40.239252
PMMA_02,PMMA,282.0000,40.240310
PMMA_02,PMMA,283.0000,40.241377
PMMA_02,PMMA,284.0000,40.242452
PMMA_02,PMMA,285.0000,40.243535
PMMA_02,PMMA,286.0000,40.244627
PMMA_02,PMMA,287.0000,40.245727
PMMA_02,PMMA,288.0000,40.246835
PMMA_02,PMMA,289.0000,40.247953
PMMA_02,PMMA,290.0000,40.249079
PMMA_02,PMMA,291.0000,40.250215
PMMA_02,PMMA,292.0000,40.251359
PMMA_02,PMMA,293.0000,40.252513
PMMA_02,PMMA,294.0000,40.253676
PMMA_02,PMMA,295.0000,40.254848
PMMA_02,PMMA,296.0000,40.256030
PMMA_02,PMMA,297.0000,40.257221
PMMA_02,PMMA,298.0000,40.258422
PMMA_02,PMMA,299.0000,40.259633
PMMA_02,PMMA,300.0000,40.260853
PMMA_02,PMMA,301.0000,40.262084
PMMA_02,PMMA,302.0000,40.263325
PMMA_02,PMMA,303.0000,40.264577
PMMA_02,PMMA,304.0000,40.265838
PMMA_02,PMMA,305.0000,40.267111
PMMA_02,PMMA,306.0000,40.268394
PMMA_02,PMMA,307.0000,40.269687
PMMA_02,PMMA,308.0000,40.270992
PMMA_02,PMMA,309.0000,40.272308
PMMA_02,PMMA,310.0000,40.273635
PMMA_02,PMMA,311.0000,40.274974
PMMA_02,PMMA,312.0000,40.276324
PMMA_02,PMMA,313.0000,40.277685
PMMA_02,PMMA,314.0000,40.279059
PMMA_02,PMMA,315.0000,40.280444
PMMA_02,PMMA,316.0000,40.281841
PMMA_02,PMMA,317.0000,40.283251
PMMA_02,PMMA,318.0000,40.284673
PMMA_02,PMMA,319.0000,40.286108
PMMA_02,PMMA,320.0000,40.287555
PMMA_02,PMMA,321.0000,40.289016
PMMA_02,PMMA,322.0000,40.290489
PMMA_02,PMMA,323.0000,40.291976
PMMA_02,PMMA,324.0000,40.293476
PMMA_02,PMMA,325.0000,40.294989
PMMA_02,PMMA,326.0000,40.296516
PMMA_02,PMMA,327.0000,40.298058
PMMA_02,PMMA,328.0000,40.299613
PMMA_02,PMMA,329.0000,40.301183
PMMA_02,PMMA,330.0000,40.302767
PMMA_02,PMMA,331.0000,40.304366
PMMA_02,PMMA,332.0000,40.305980
PMMA_02,PMMA,333.0000,40.307609
PMMA_02,PMMA,334.0000,40.309253
PMMA_02,PMMA,335.0000,40.310913
PMMA_02,PMMA,336.0000,40.312589
PMMA_02,PMMA,337.0000,40.314280
PMMA_02,PMMA,338.0000,40.315988
PMMA_02,PMMA,339.0000,40.317712
PMMA_02,PMMA,340.0000,40.319453
PMMA_02,PMMA,341.0000,40.321210
PMMA_02,PMMA,342.0000,40.322985
PMMA_02,PMMA,343.0000,40.324777
PMMA_02,PMMA,344.0000,40.326586
PMMA_02,PMMA,345.0000,40.328414
PMMA_02,PMMA,346.0000,40.330259
PMMA_02,PMMA,347.0000,40.332123
PMMA_02,PMMA,348.0000,40.334006
PMMA_02,PMMA,349.0000,40.335907
PMMA_02,PMMA,350.0000,40.337828
PMMA_02,PMMA,351.0000,40.339768
PMMA_02,PMMA,352.0000,40.341728
PMMA_02,PMMA,353.0000,40.343708
PMMA_02,PMMA,354.0000,40.345708
PMMA_02,PMMA,355.0000,40.347729
PMMA_02,PMMA,356.0000,40.349771
PMMA_02,PMMA,357.0000,40.351834
PMMA_02,PMMA,358.0000,40.353919
PMMA_02,PMMA,359.0000,40.356025
PMMA_02,PMMA,360.0000,40.358154
PMMA_02,PMMA,361.0000,40.360306
PMMA_02,PMMA,362.0000,40.362480
PMMA_02,PMMA,363.0000,40.364678
PMMA_02,PMMA,364.0000,40.366899
PMMA_02,PMMA,365.0000,40.369144
PMMA_02,PMMA,366.0000,40.371414
PMMA_02,PMMA,367.0000,40.373709
PMMA_02,PMMA,368.0000,40.376029
PMMA_02,PMMA,369.0000,40.378374
PMMA_02,PMMA,370.0000,40.380745
PMMA_02,PMMA,371.0000,40.383143
PMMA_02,PMMA,372.0000,40.385568
PMMA_02,PMMA,373.0000,40.388020
PMMA_02,PMMA,374.0000,40.390500
PMMA_02,PMMA,375.0000,40.393008
PMMA_02,PMMA,376.0000,40.395544
PMMA_02,PMMA,377.0000,40.398110
PMMA_02,PMMA,378.0000,40.400705
PMMA_02,PMMA,379.0000,40.403330
PMMA_02,PMMA,380.0000,40.405987
PMMA_02,PMMA,381.0000,40.408674
PMMA_02,PMMA,382.0000,40.411393
PMMA_02,PMMA,383.0000,40.414144
PMMA_02,PMMA,384.0000,40.416928
PMMA_02,PMMA,385.0000,40.419745
PMMA_02,PMMA,386.0000,40.422596
PMMA_02,PMMA,387.0000,40.425481
PMMA_02,PMMA,388.0000,40.428402
PMMA_02,PMMA,389.0000,40.431358
PMMA_02,PMMA,390.0000,40.434351
PMMA_02,PMMA,391.0000,40.437381
PMMA_02,PMMA,392.0000,40.440449
PMMA_02,PMMA,393.0000,40.443554
PMMA_02,PMMA,394.0000,40.446699
PMMA_02,PMMA,395.0000,40.449884
PMMA_02,PMMA,396.0000,40.453109
PMMA_02,PMMA,397.0000,40.456375
PMMA_02,PMMA,398.0000,40.459684
PMMA_02,PMMA,399.0000,40.463035
PMMA_02,PMMA,400.0000,40.466429
PMMA_02,PMMA,401.0000,40.469868
PMMA_02,PMMA,402.0000,40.473353
PMMA_02,PMMA,403.0000,40.476883
PMMA_02,PMMA,404.0000,40.480461
PMMA_02,PMMA,405.0000,40.484086
PMMA_02,PMMA,406.0000,40.487760
PMMA_02,PMMA,407.0000,40.491484
PMMA_02,PMMA,408.0000,40.495258
PMMA_02,PMMA,409.0000,40.499084
PMMA_02,PMMA,410.0000,40.502963
PMMA_02,PMMA,411.0000,40.506896
PMMA_02,PMMA,412.0000,40.510884
PMMA_02,PMMA,413.0000,40.514928
PMMA_02,PMMA,414.0000,40.519028
PMMA_02,PMMA,415.0000,40.523187
PMMA_02,PMMA,416.0000,40.527406
PMMA_02,PMMA,417.0000,40.531685
PMMA_02,PMMA,418.0000,40.536026
PMMA_02,PMMA,419.0000,40.540430
PMMA_02,PMMA,420.0000,40.544899
PMMA_02,PMMA,421.0000,40.549434
PMMA_02,PMMA,422.0000,40.554036
PMMA_02,PMMA,423.0000,40.558707
PMMA_02,PMMA,424.0000,40.563449
PMMA_02,PMMA,425.0000,40.568262
PMMA_02,PMMA,426.0000,40.573148
PMMA_02,PMMA,427.0000,40.578109
PMMA_02,PMMA,428.0000,40.583147
PMMA_02,PMMA,429.0000,40.588263
PMMA_02,PMMA,430.0000,40.593459
PMMA_02,PMMA,431.0000,40.598737
PMMA_02,PMMA,432.0000,40.604099
PMMA_02,PMMA,433.0000,40.609546
PMMA_02,PMMA,434.0000,40.615081
PMMA_02,PMMA,435.0000,40.620706
PMMA_02,PMMA,436.0000,40.626422
PMMA_02,PMMA,437.0000,40.632231
PMMA_02,PMMA,438.0000,40.638137
PMMA_02,PMMA,439.0000,40.644141
PMMA_02,PMMA,440.0000,40.650246
PMMA_02,PMMA,441.0000,40.656454
PMMA_02,PMMA,442.0000,40.662767
PMMA_02,PMMA,443.0000,40.669188
PMMA_02,PMMA,444.0000,40.675720
PMMA_02,PMMA,445.0000,40.682365
PMMA_02,PMMA,446.0000,40.689127
PMMA_02,PMMA,447.0000,40.696007
PMMA_02,PMMA,448.0000,40.703010
PMMA_02,PMMA,449.0000,40.710138
PMMA_02,PMMA,450.0000,40.717395
PMMA_02,PMMA,451.0000,40.724783
PMMA_02,PMMA,452.0000,40.732307
PMMA_02,PMMA,453.0000,40.739969
PMMA_02,PMMA,454.0000,40.747774
PMMA_02,PMMA,455.0000,40.755724
PMMA_02,PMMA,456.0000,40.763825
PMMA_02,PMMA,457.0000,40.772079
PMMA_02,PMMA,458.0000,40.780492
PMMA_02,PMMA,459.0000,40.789067
PMMA_02,PMMA,460.0000,40.797809
PMMA_02,PMMA,461.0000,40.806723
PMMA_02,PMMA,462.0000,40.815813
PMMA_02,PMMA,463.0000,40.825085
PMMA_02,PMMA,464.0000,40.834542
PMMA_02,PMMA,465.0000,40.844192
PMMA_02,PMMA,466.0000,40.854039
PMMA_02,PMMA,467.0000,40.864089
PMMA_02,PMMA,468.0000,40.874348
PMMA_02,PMMA,469.0000,40.884821
PMMA_02,PMMA,470.0000,40.895517
PMMA_02,PMMA,471.0000,40.906440
PMMA_02,PMMA,472.0000,40.917599
PMMA_02,PMMA,473.0000,40.928999
PMMA_02,PMMA,474.0000,40.940649
PMMA_02,PMMA,475.0000,40.952556
PMMA_02,PMMA,476.0000,40.964729
PMMA_02,PMMA,477.0000,40.977175
PMMA_02,PMMA,478.0000,40.989904
PMMA_02,PMMA,479.0000,41.002924
PMMA_02,PMMA,480.0000,41.016244
PMMA_02,PMMA,481.0000,41.029876
PMMA_02,PMMA,482.0000,41.043828
PMMA_02,PMMA,483.0000,41.058111
PMMA_02,PMMA,484.0000,41.072737
PMMA_02,PMMA,485.0000,41.087717
PMMA_02,PMMA,486.0000,41.103062
PMMA_02,PMMA,487.0000,41.118787
PMMA_02,PMMA,488.0000,41.134903
PMMA_02,PMMA,489.0000,41.151425
PMMA_02,PMMA,490.0000,41.168366
PMMA_02,PMMA,491.0000,41.185743
PMMA_02,PMMA,492.0000,41.203569
PMMA_02,PMMA,493.0000,41.221863
PMMA_02,PMMA,494.0000,41.240640
PMMA_02,PMMA,495.0000,41.259919
PMMA_02,PMMA,496.0000,41.279719
PMMA_02,PMMA,497.0000,41.300059
PMMA_02,PMMA,498.0000,41.320960
PMMA_02,PMMA,499.0000,41.342443
PMMA_02,PMMA,500.0000,41.364532
PMMA_02,PMMA,501.0000,41.387249
PMMA_02,PMMA,502.0000,41.410621
PMMA_02,PMMA,503.0000,41.434673
PMMA_02,PMMA,504.0000,41.459433
PMMA_02,PMMA,505.0000,41.484930
PMMA_02,PMMA,506.0000,41.511194
PMMA_02,PMMA,507.0000,41.538258
PMMA_02,PMMA,508.0000,41.566156
PMMA_02,PMMA,509.0000,41.594923
PMMA_02,PMMA,510.0000,41.624597
PMMA_02,PMMA,511.0000,41.655218
PMMA_02,PMMA,512.0000,41.686827
PMMA_02,PMMA,513.0000,41.719470
PMMA_02,PMMA,514.0000,41.753193
PMMA_02,PMMA,515.0000,41.788045
PMMA_02,PMMA,516.0000,41.824079
PMMA_02,PMMA,517.0000,41.861351
PMMA_02,PMMA,518.0000,41.899920
PMMA_02,PMMA,519.0000,41.939847
PMMA_02,PMMA,520.0000,41.981200
PMMA_02,PMMA,521.0000,42.024049
PMMA_02,PMMA,522.0000,42.068468
PMMA_02,PMMA,523.0000,42.114537
PMMA_02,PMMA,524.0000,42.162342
PMMA_02,PMMA,525.0000,42.211971
PMMA_02,PMMA,526.0000,42.263522
PMMA_02,PMMA,527.0000,42.317098
PMMA_02,PMMA,528.0000,42.372807
PMMA_02,PMMA,529.0000,42.430767
PMMA_02,PMMA,530.0000,42.491103
PMMA_02,PMMA,531.0000,42.553950
PMMA_02,PMMA,532.0000,42.619452
PMMA_02,PMMA,533.0000,42.687763
PMMA_02,PMMA,534.0000,42.759048
PMMA_02,PMMA,535.0000,42.833487
PMMA_02,PMMA,536.0000,42.911270
PMMA_02,PMMA,537.0000,42.992605
PMMA_02,PMMA,538.0000,43.077715
PMMA_02,PMMA,539.0000,43.166839
PMMA_02,PMMA,540.0000,43.260239
PMMA_02,PMMA,541.0000,43.358195
PMMA_02,PMMA,542.0000,43.461014
PMMA_02,PMMA,543.0000,43.569025
PMMA_02,PMMA,544.0000,43.682588
PMMA_02,PMMA,545.0000,43.802096
PMMA_02,PMMA,546.0000,43.927973
PMMA_02,PMMA,547.0000,44.060687
PMMA_02,PMMA,548.0000,44.200744
PMMA_02,PMMA,549.0000,44.348702
PMMA_02,PMMA,550.0000,44.505171
PMMA_02,PMMA,551.0000,44.670820
PMMA_02,PMMA,552.0000,44.846387
PMMA_02,PMMA,553.0000,45.032683
PMMA_02,PMMA,554.0000,45.230606
PMMA_02,PMMA,555.0000,45.441148
PMMA_02,PMMA,556.0000,45.665409
PMMA_02,PMMA,557.0000,45.904609
PMMA_02,PMMA,558.0000,46.160108
PMMA_02,PMMA,559.0000,46.433425
PMMA_02,PMMA,560.0000,46.726255
PMMA_02,PMMA,561.0000,47.040500
PMMA_02,PMMA,562.0000,47.378299
PMMA_02,PMMA,563.0000,47.742061
PMMA_02,PMMA,564.0000,48.134508
PMMA_02,PMMA,565.0000,48.558728
PMMA_02,PMMA,566.0000,49.018228
PMMA_02,PMMA,567.0000,49.517009
PMMA_02,PMMA,568.0000,50.059649
PMMA_02,PMMA,569.0000,50.651406
PMMA_02,PMMA,570.0000,51.298336
PMMA_02,PMMA,571.0000,52.007447
PMMA_02,PMMA,572.0000,52.786877
PMMA_02,PMMA,573.0000,53.646119
PMMA_02,PMMA,574.0000,54.596290
PMMA_02,PMMA,575.0000,55.650475
PMMA_02,PMMA,576.0000,56.824147
PMMA_02,PMMA,577.0000,58.135695
PMMA_02,PMMA,578.0000,59.607090
PMMA_02,PMMA,579.0000,61.264725
PMMA_02,PMMA,580.0000,63.140493
PMMA_02,PMMA,581.0000,65.273157
PMMA_02,PMMA,582.0000,67.710118
PMMA_02,PMMA,583.0000,70.509703
PMMA_02,PMMA,584.0000,73.744130
PMMA_02,PMMA,585.0000,77.503365
PMMA_02,PMMA,586.0000,81.900122
PMMA_02,PMMA,587.0000,87.076329
PMMA_02,PMMA,588.0000,93.211371
PMMA_02,PMMA,589.0000,100.532330
PMMA_02,PMMA,590.0000,109.326074
PMMA_02,PMMA,591.0000,119.952013
PMMA_02,PMMA,592.0000,132.851973
PMMA_02,PMMA,593.0000,148.548364
PMMA_02,PMMA,594.0000,167.611323
PMMA_02,PMMA,595.0000,190.556686
PMMA_02,PMMA,596.0000,217.610107
PMMA_02,PMMA,597.0000,248.257529
PMMA_02,PMMA,598.0000,280.569571
PMMA_02,PMMA,599.0000,310.573977
PMMA_02,PMMA,600.0000,332.470332
PMMA_02,PMMA,601.0000,340.582961
PMMA_02,PMMA,602.0000,332.479433
PMMA_02,PMMA,603.0000,310.592182
PMMA_02,PMMA,604.0000,280.596884
PMMA_02,PMMA,605.0000,248.293957
PMMA_02,PMMA,606.0000,217.655658
PMMA_02,PMMA,607.0000,190.611372
PMMA_02,PMMA,608.0000,167.675155
PMMA_02,PMMA,609.0000,148.621359
PMMA_02,PMMA,610.0000,132.934147
PMMA_02,PMMA,611.0000,120.043385
PMMA_02,PMMA,612.0000,109.426667
PMMA_02,PMMA,613.0000,100.642168
PMMA_02,PMMA,614.0000,93.330480
PMMA_02,PMMA,615.0000,87.204737
PMMA_02,PMMA,616.0000,82.037861
PMMA_02,PMMA,617.0000,77.650468
PMMA_02,PMMA,618.0000,73.900632
PMMA_02,PMMA,619.0000,70.675640
PMMA_02,PMMA,620.0000,67.885532
PMMA_02,PMMA,621.0000,65.458091
PMMA_02,PMMA,622.0000,63.334992
PMMA_02,PMMA,623.0000,61.468835
PMMA_02,PMMA,624.0000,59.820861
PMMA_02,PMMA,625.0000,58.359181
PMMA_02,PMMA,626.0000,57.057402
PMMA_02,PMMA,627.0000,55.893557
PMMA_02,PMMA,628.0000,54.849258
PMMA_02,PMMA,629.0000,53.909037
PMMA_02,PMMA,630.0000,53.059812
PMMA_02,PMMA,631.0000,52.290465
PMMA_02,PMMA,632.0000,51.591510
PMMA_02,PMMA,633.0000,50.954809
PMMA_02,PMMA,634.0000,50.373359
PMMA_02,PMMA,635.0000,49.841105
PMMA_02,PMMA,636.0000,49.352794
PMMA_02,PMMA,637.0000,48.903850
PMMA_02,PMMA,638.0000,48.490276
PMMA_02,PMMA,639.0000,48.108566
PMMA_02,PMMA,640.0000,47.755637
PMMA_02,PMMA,641.0000,47.428771
PMMA_02,PMMA,642.0000,47.125562
PMMA_02,PMMA,643.0000,46.843874
PMMA_02,PMMA,644.0000,46.581809
PMMA_02,PMMA,645.0000,46.337674
PMMA_02,PMMA,646.0000,46.109956
PMMA_02,PMMA,647.0000,45.897299
PMMA_02,PMMA,648.0000,45.698486
PMMA_02,PMMA,649.0000,45.512420
PMMA_02,PMMA,650.0000,45.338115
PMMA_02,PMMA,651.0000,45.174676
PMMA_02,PMMA,652.0000,45.021298
PMMA_02,PMMA,653.0000,44.877246
PMMA_02,PMMA,654.0000,44.741856
PMMA_02,PMMA,655.0000,44.614523
PMMA_02,PMMA,656.0000,44.494694
PMMA_02,PMMA,657.0000,44.381867
PMMA_02,PMMA,658.0000,44.275580
PMMA_02,PMMA,659.0000,44.175414
PMMA_02,PMMA,660.0000,44.080983
PMMA_02,PMMA,661.0000,43.991931
PMMA_02,PMMA,662.0000,43.907934
PMMA_02,PMMA,663.0000,43.828694
PMMA_02,PMMA,664.0000,43.753933
PMMA_02,PMMA,665.0000,43.683399
PMMA_02,PMMA,666.0000,43.616858
PMMA_02,PMMA,667.0000,43.554094
PMMA_02,PMMA,668.0000,43.494906
PMMA_02,PMMA,669.0000,43.439110
PMMA_02,PMMA,670.0000,43.386536
PMMA_02,PMMA,671.0000,43.337025
PMMA_02,PMMA,672.0000,43.290431
PMMA_02,PMMA,673.0000,43.246618
PMMA_02,PMMA,674.0000,43.205460
PMMA_02,PMMA,675.0000,43.166841
PMMA_02,PMMA,676.0000,43.130653
PMMA_02,PMMA,677.0000,43.096795
PMMA_02,PMMA,678.0000,43.065175
PMMA_02,PMMA,679.0000,43.035705
PMMA_02,PMMA,680.0000,43.008307
PMMA_02,PMMA,681.0000,42.982907
PMMA_02,PMMA,682.0000,42.959436
PMMA_02,PMMA,683.0000,42.937832
PMMA_02,PMMA,684.0000,42.918035
PMMA_02,PMMA,685.0000,42.899992
PMMA_02,PMMA,686.0000,42.883653
PMMA_02,PMMA,687.0000,42.868974
PMMA_02,PMMA,688.0000,42.855913
PMMA_02,PMMA,689.0000,42.844431
PMMA_02,PMMA,690.0000,42.834496
PMMA_02,PMMA,691.0000,42.826074
PMMA_02,PMMA,692.0000,42.819140
PMMA_02,PMMA,693.0000,42.813667
PMMA_02,PMMA,694.0000,42.809635
PMMA_02,PMMA,695.0000,42.807023
PMMA_02,PMMA,696.0000,42.805816
PMMA_02,PMMA,697.0000,42.806000
PMMA_02,PMMA,698.0000,42.807564
PMMA_02,PMMA,699.0000,42.810500
PMMA_02,PMMA,700.0000,42.814800
PMMA_02,PMMA,701.0000,42.820463
PMMA_02,PMMA,702.0000,42.827486
PMMA_02,PMMA,703.0000,42.835871
PMMA_02,PMMA,704.0000,42.845621
PMMA_02,PMMA,705.0000,42.856743
PMMA_02,PMMA,706.0000,42.869244
PMMA_02,PMMA,707.0000,42.883136
PMMA_02,PMMA,708.0000,42.898432
PMMA_02,PMMA,709.0000,42.915148
PMMA_02,PMMA,710.0000,42.933301
PMMA_02,PMMA,711.0000,42.952913
PMMA_02,PMMA,712.0000,42.974007
PMMA_02,PMMA,713.0000,42.996609
PMMA_02,PMMA,714.0000,43.020748
PMMA_02,PMMA,715.0000,43.046457
PMMA_02,PMMA,716.0000,43.073769
PMMA_02,PMMA,717.0000,43.102723
PMMA_02,PMMA,718.0000,43.133360
PMMA_02,PMMA,719.0000,43.165725
PMMA_02,PMMA,720.0000,43.199865
PMMA_02,PMMA,721.0000,43.235833
PMMA_02,PMMA,722.0000,43.273684
PMMA_02,PMMA,723.0000,43.313478
PMMA_02,PMMA,724.0000,43.355279
PMMA_02,PMMA,725.0000,43.399157
PMMA_02,PMMA,726.0000,43.445185
PMMA_02,PMMA,727.0000,43.493441
PMMA_02,PMMA,728.0000,43.544011
PMMA_02,PMMA,729.0000,43.596984
PMMA_02,PMMA,730.0000,43.652458
PMMA_02,PMMA,731.0000,43.710534
PMMA_02,PMMA,732.0000,43.771325
PMMA_02,PMMA,733.0000,43.834946
PMMA_02,PMMA,734.0000,43.901526
PMMA_02,PMMA,735.0000,43.971198
PMMA_02,PMMA,736.0000,44.044107
PMMA_02,PMMA,737.0000,44.120408
PMMA_02,PMMA,738.0000,44.200266
PMMA_02,PMMA,739.0000,44.283858
PMMA_02,PMMA,740.0000,44.371376
PMMA_02,PMMA,741.0000,44.463022
PMMA_02,PMMA,742.0000,44.559015
PMMA_02,PMMA,743.0000,44.659592
PMMA_02,PMMA,744.0000,44.765004
PMMA_02,PMMA,745.0000,44.875524
PMMA_02,PMMA,746.0000,44.991444
PMMA_02,PMMA,747.0000,45.113081
PMMA_02,PMMA,748.0000,45.240775
PMMA_02,PMMA,749.0000,45.374893
PMMA_02,PMMA,750.0000,45.515832
PMMA_02,PMMA,751.0000,45.664024
PMMA_02,PMMA,752.0000,45.819934
PMMA_02,PMMA,753.0000,45.984066
PMMA_02,PMMA,754.0000,46.156970
PMMA_02,PMMA,755.0000,46.339242
PMMA_02,PMMA,756.0000,46.531532
PMMA_02,PMMA,757.0000,46.734546
PMMA_02,PMMA,758.0000,46.949058
PMMA_02,PMMA,759.0000,47.175913
PMMA_02,PMMA,760.0000,47.416036
PMMA_02,PMMA,761.0000,47.670440
PMMA_02,PMMA,762.0000,47.940240
PMMA_02,PMMA,763.0000,48.226663
PMMA_02,PMMA,764.0000,48.531059
PMMA_02,PMMA,765.0000,48.854921
PMMA_02,PMMA,766.0000,49.199901
PMMA_02,PMMA,767.0000,49.567829
PMMA_02,PMMA,768.0000,49.960739
PMMA_02,PMMA,769.0000,50.380896
PMMA_02,PMMA,770.0000,50.830825
PMMA_02,PMMA,771.0000,51.313354
PMMA_02,PMMA,772.0000,51.831651
PMMA_02,PMMA,773.0000,52.389277
PMMA_02,PMMA,774.0000,52.990247
PMMA_02,PMMA,775.0000,53.639098
PMMA_02,PMMA,776.0000,54.340970
PMMA_02,PMMA,777.0000,55.101711
PMMA_02,PMMA,778.0000,55.927987
PMMA_02,PMMA,779.0000,56.827428
PMMA_02,PMMA,780.0000,57.808792
PMMA_02,PMMA,781.0000,58.882175
PMMA_02,PMMA,782.0000,60.059254
PMMA_02,PMMA,783.0000,61.353593
PMMA_02,PMMA,784.0000,62.781010
PMMA_02,PMMA,785.0000,64.360035
PMMA_02,PMMA,786.0000,66.112475
PMMA_02,PMMA,787.0000,68.064116
PMMA_02,PMMA,788.0000,70.245607
PMMA_02,PMMA,789.0000,72.693563
PMMA_02,PMMA,790.0000,75.451975
PMMA_02,PMMA,791.0000,78.573996
PMMA_02,PMMA,792.0000,82.124229
PMMA_02,PMMA,793.0000,86.181676
PMMA_02,PMMA,794.0000,90.843549
PMMA_02,PMMA,795.0000,96.230212
PMMA_02,PMMA,796.0000,102.491604
PMMA_02,PMMA,797.0000,109.815583
PMMA_02,PMMA,798.0000,118.438696
PMMA_02,PMMA,799.0000,128.659918
PMMA_02,PMMA,800.0000,140.857719
PMMA_02,PMMA,801.0000,155.510209
PMMA_02,PMMA,802.0000,173.216408
PMMA_02,PMMA,803.0000,194.712691
PMMA_02,PMMA,804.0000,220.869742
PMMA_02,PMMA,805.0000,252.637787
PMMA_02,PMMA,806.0000,290.876557
PMMA_02,PMMA,807.0000,335.962139
PMMA_02,PMMA,808.0000,387.037771
PMMA_02,PMMA,809.0000,440.887820
PMMA_02,PMMA,810.0000,490.891859
PMMA_02,PMMA,811.0000,527.382530
PMMA_02,PMMA,812.0000,540.900376
PMMA_02,PMMA,813.0000,527.391345
PMMA_02,PMMA,814.0000,490.909493
PMMA_02,PMMA,815.0000,440.914282
PMMA_02,PMMA,816.0000,387.073075
PMMA_02,PMMA,817.0000,336.006302
PMMA_02,PMMA,818.0000,290.929604
PMMA_02,PMMA,819.0000,252.699745
PMMA_02,PMMA,820.0000,220.940643
PMMA_02,PMMA,821.0000,194.792572
PMMA_02,PMMA,822.0000,173.305310
PMMA_02,PMMA,823.0000,155.608180
PMMA_02,PMMA,824.0000,140.964810
PMMA_02,PMMA,825.0000,128.776185
PMMA_02,PMMA,826.0000,118.564202
PMMA_02,PMMA,827.0000,109.950394
PMMA_02,PMMA,828.0000,102.635792
PMMA_02,PMMA,829.0000,96.383855
PMMA_02,PMMA,830.0000,91.006729
PMMA_02,PMMA,831.0000,86.354482
PMMA_02,PMMA,832.0000,82.306754
PMMA_02,PMMA,833.0000,78.766341
PMMA_02,PMMA,834.0000,75.654247
PMMA_02,PMMA,835.0000,72.905872
PMMA_02,PMMA,836.0000,70.468072
PMMA_02,PMMA,837.0000,68.296863
PMMA_02,PMMA,838.0000,66.355634
PMMA_02,PMMA,839.0000,64.613746
PMMA_02,PMMA,840.0000,63.045417
PMMA_02,PMMA,841.0000,61.628850
PMMA_02,PMMA,842.0000,60.345521
PMMA_02,PMMA,843.0000,59.179620
PMMA_02,PMMA,844.0000,58.117592
PMMA_02,PMMA,845.0000,57.147767
PMMA_02,PMMA,846.0000,56.260059
PMMA_02,PMMA,847.0000,55.445717
PMMA_02,PMMA,848.0000,54.697123
PMMA_02,PMMA,849.0000,54.007618
PMMA_02,PMMA,850.0000,53.371367
PMMA_02,PMMA,851.0000,52.783238
PMMA_02,PMMA,852.0000,52.238705
PMMA_02,PMMA,853.0000,51.733766
PMMA_02,PMMA,854.0000,51.264871
PMMA_02,PMMA,855.0000,50.828863
PMMA_02,PMMA,856.0000,50.422929
PMMA_02,PMMA,857.0000,50.044556
PMMA_02,PMMA,858.0000,49.691494
PMMA_02,PMMA,859.0000,49.361723
PMMA_02,PMMA,860.0000,49.053428
PMMA_02,PMMA,861.0000,48.764973
PMMA_02,PMMA,862.0000,48.494884
PMMA_02,PMMA,863.0000,48.241825
PMMA_02,PMMA,864.0000,48.004590
PMMA_02,PMMA,865.0000,47.782083
PMMA_02,PMMA,866.0000,47.573310
PMMA_02,PMMA,867.0000,47.377369
PMMA_02,PMMA,868.0000,47.193436
PMMA_02,PMMA,869.0000,47.020762
PMMA_02,PMMA,870.0000,46.858665
PMMA_02,PMMA,871.0000,46.706521
PMMA_02,PMMA,872.0000,46.563761
PMMA_02,PMMA,873.0000,46.429866
PMMA_02,PMMA,874.0000,46.304361
PMMA_02,PMMA,875.0000,46.186813
PMMA_02,PMMA,876.0000,46.076826
PMMA_02,PMMA,877.0000,45.974038
PMMA_02,PMMA,878.0000,45.878120
PMMA_02,PMMA,879.0000,45.788772
PMMA_02,PMMA,880.0000,45.705720
PMMA_02,PMMA,881.0000,45.628718
PMMA_02,PMMA,882.0000,45.557542
PMMA_02,PMMA,883.0000,45.491989
PMMA_02,PMMA,884.0000,45.431878
PMMA_02,PMMA,885.0000,45.377049
PMMA_02,PMMA,886.0000,45.327359
PMMA_02,PMMA,887.0000,45.282682
PMMA_02,PMMA,888.0000,45.242910
PMMA_02,PMMA,889.0000,45.207953
PMMA_02,PMMA,890.0000,45.177735
PMMA_02,PMMA,891.0000,45.152194
PMMA_02,PMMA,892.0000,45.131288
PMMA_02,PMMA,893.0000,45.114985
PMMA_02,PMMA,894.0000,45.103272
PMMA_02,PMMA,895.0000,45.096148
PMMA_02,PMMA,896.0000,45.093628
PMMA_02,PMMA,897.0000,45.095744
PMMA_02,PMMA,898.0000,45.102542
PMMA_02,PMMA,899.0000,45.114085
PMMA_02,PMMA,900.0000,45.130453
PMMA_02,PMMA,901.0000,45.151741
PMMA_02,PMMA,902.0000,45.178066
PMMA_02,PMMA,903.0000,45.209562
PMMA_02,PMMA,904.0000,45.246385
PMMA_02,PMMA,905.0000,45.288711
PMMA_02,PMMA,906.0000,45.336742
PMMA_02,PMMA,907.0000,45.390703
PMMA_02,PMMA,908.0000,45.450847
PMMA_02,PMMA,909.0000,45.517457
PMMA_02,PMMA,910.0000,45.590848
PMMA_02,PMMA,911.0000,45.671371
PMMA_02,PMMA,912.0000,45.759413
PMMA_02,PMMA,913.0000,45.855407
PMMA_02,PMMA,914.0000,45.959832
PMMA_02,PMMA,915.0000,46.073216
PMMA_02,PMMA,916.0000,46.196150
PMMA_02,PMMA,917.0000,46.329285
PMMA_02,PMMA,918.0000,46.473346
PMMA_02,PMMA,919.0000,46.629137
PMMA_02,PMMA,920.0000,46.797555
PMMA_02,PMMA,921.0000,46.979597
PMMA_02,PMMA,922.0000,47.176374
PMMA_02,PMMA,923.0000,47.389130
PMMA_02,PMMA,924.0000,47.619255
PMMA_02,PMMA,925.0000,47.868308
PMMA_02,PMMA,926.0000,48.138043
PMMA_02,PMMA,927.0000,48.430433
PMMA_02,PMMA,928.0000,48.747705
PMMA_02,PMMA,929.0000,49.092381
PMMA_02,PMMA,930.0000,49.467323
PMMA_02,PMMA,931.0000,49.875785
PMMA_02,PMMA,932.0000,50.321486
PMMA_02,PMMA,933.0000,50.808681
PMMA_02,PMMA,934.0000,51.342261
PMMA_02,PMMA,935.0000,51.927863
PMMA_02,PMMA,936.0000,52.572015
PMMA_02,PMMA,937.0000,53.282297
PMMA_02,PMMA,938.0000,54.067556
PMMA_02,PMMA,939.0000,54.938156
PMMA_02,PMMA,940.0000,55.906297
PMMA_02,PMMA,941.0000,56.986408
PMMA_02,PMMA,942.0000,58.195643
PMMA_02,PMMA,943.0000,59.554495
PMMA_02,PMMA,944.0000,61.087590
PMMA_02,PMMA,945.0000,62.824684
PMMA_02,PMMA,946.0000,64.801946
PMMA_02,PMMA,947.0000,67.063609
PMMA_02,PMMA,948.0000,69.664104
PMMA_02,PMMA,949.0000,72.670826
PMMA_02,PMMA,950.0000,76.167734
PMMA_02,PMMA,951.0000,80.260021
PMMA_02,PMMA,952.0000,85.080149
PMMA_02,PMMA,953.0000,90.795535
PMMA_02,PMMA,954.0000,97.618117
PMMA_02,PMMA,955.0000,105.815632
PMMA_02,PMMA,956.0000,115.723524
PMMA_02,PMMA,957.0000,127.754160
PMMA_02,PMMA,958.0000,142.395116
PMMA_02,PMMA,959.0000,160.178516
PMMA_02,PMMA,960.0000,181.585803
PMMA_02,PMMA,961.0000,206.827583
PMMA_02,PMMA,962.0000,235.424066
PMMA_02,PMMA,963.0000,265.574493
PMMA_02,PMMA,964.0000,293.571421
PMMA_02,PMMA,965.0000,314.001128
PMMA_02,PMMA,966.0000,321.566313
PMMA_02,PMMA,967.0000,313.996707
PMMA_02,PMMA,968.0000,293.562577
PMMA_02,PMMA,969.0000,265.561220
PMMA_02,PMMA,970.0000,235.406358
PMMA_02,PMMA,971.0000,206.805429
PMMA_02,PMMA,972.0000,181.559191
PMMA_02,PMMA,973.0000,160.147429
PMMA_02,PMMA,974.0000,142.359538
PMMA_02,PMMA,975.0000,127.714070
PMMA_02,PMMA,976.0000,115.678900
PMMA_02,PMMA,977.0000,105.766447
PMMA_02,PMMA,978.0000,97.564344
PMMA_02,PMMA,979.0000,90.737141
PMMA_02,PMMA,980.0000,85.017101
PMMA_02,PMMA,981.0000,80.192284
PMMA_02,PMMA,982.0000,76.095266
PMMA_02,PMMA,983.0000,72.593585
PMMA_02,PMMA,984.0000,69.582045
PMMA_02,PMMA,985.0000,66.976684
PMMA_02,PMMA,986.0000,64.710103
PMMA_02,PMMA,987.0000,62.727867
PMMA_02,PMMA,988.0000,60.985742
PMMA_02,PMMA,989.0000,59.447553
PMMA_02,PMMA,990.0000,58.083543
PMMA_02,PMMA,991.0000,56.869082
PMMA_02,PMMA,992.0000,55.783671
PMMA_02,PMMA,993.0000,54.810156
PMMA_02,PMMA,994.0000,53.934101
PMMA_02,PMMA,995.0000,53.143304
PMMA_02,PMMA,996.0000,52.427395
PMMA_02,PMMA,997.0000,51.777525
PMMA_02,PMMA,998.0000,51.186107
PMMA_02,PMMA,999.0000,50.646610
PMMA_02,PMMA,1000.0000,50.153393
PMMA_02,PMMA,1001.0000,49.701558
PMMA_02,PMMA,1002.0000,49.286846
PMMA_02,PMMA,1003.0000,48.905534
PMMA_02,PMMA,1004.0000,48.554361
PMMA_02,PMMA,1005.0000,48.230459
PMMA_02,PMMA,1006.0000,47.931301
PMMA_02,PMMA,1007.0000,47.654653
PMMA_02,PMMA,1008.0000,47.398535
PMMA_02,PMMA,1009.0000,47.161188
PMMA_02,PMMA,1010.0000,46.941046
PMMA_02,PMMA,1011.0000,46.736710
PMMA_02,PMMA,1012.0000,46.546930
PMMA_02,PMMA,1013.0000,46.370586
PMMA_02,PMMA,1014.0000,46.206672
PMMA_02,PMMA,1015.0000,46.054284
PMMA_02,PMMA,1016.0000,45.912608
PMMA_02,PMMA,1017.0000,45.780909
PMMA_02,PMMA,1018.0000,45.658526
PMMA_02,PMMA,1019.0000,45.544858
PMMA_02,PMMA,1020.0000,45.439365
PMMA_02,PMMA,1021.0000,45.341557
PMMA_02,PMMA,1022.0000,45.250989
PMMA_02,PMMA,1023.0000,45.167260
PMMA_02,PMMA,1024.0000,45.090006
PMMA_02,PMMA,1025.0000,45.018898
PMMA_02,PMMA,1026.0000,44.953637
PMMA_02,PMMA,1027.0000,44.893955
PMMA_02,PMMA,1028.0000,44.839609
PMMA_02,PMMA,1029.0000,44.790380
PMMA_02,PMMA,1030.0000,44.746073
PMMA_02,PMMA,1031.0000,44.706512
PMMA_02,PMMA,1032.0000,44.671542
PMMA_02,PMMA,1033.0000,44.641024
PMMA_02,PMMA,1034.0000,44.614839
PMMA_02,PMMA,1035.0000,44.592881
PMMA_02,PMMA,1036.0000,44.575061
PMMA_02,PMMA,1037.0000,44.561304
PMMA_02,PMMA,1038.0000,44.551550
PMMA_02,PMMA,1039.0000,44.545750
PMMA_02,PMMA,1040.0000,44.543870
PMMA_02,PMMA,1041.0000,44.545889
PMMA_02,PMMA,1042.0000,44.551798
PMMA_02,PMMA,1043.0000,44.561598
PMMA_02,PMMA,1044.0000,44.575307
PMMA_02,PMMA,1045.0000,44.592953
PMMA_02,PMMA,1046.0000,44.614575
PMMA_02,PMMA,1047.0000,44.640227
PMMA_02,PMMA,1048.0000,44.669975
PMMA_02,PMMA,1049.0000,44.703900
PMMA_02,PMMA,1050.0000,44.742095
PMMA_02,PMMA,1051.0000,44.784668
PMMA_02,PMMA,1052.0000,44.831743
PMMA_02,PMMA,1053.0000,44.883459
PMMA_02,PMMA,1054.0000,44.939972
PMMA_02,PMMA,1055.0000,45.001456
PMMA_02,PMMA,1056.0000,45.068105
PMMA_02,PMMA,1057.0000,45.140132
PMMA_02,PMMA,1058.0000,45.217773
PMMA_02,PMMA,1059.0000,45.301287
PMMA_02,PMMA,1060.0000,45.390960
PMMA_02,PMMA,1061.0000,45.487104
PMMA_02,PMMA,1062.0000,45.590062
PMMA_02,PMMA,1063.0000,45.700211
PMMA_02,PMMA,1064.0000,45.817963
PMMA_02,PMMA,1065.0000,45.943769
PMMA_02,PMMA,1066.0000,46.078125
PMMA_02,PMMA,1067.0000,46.221574
PMMA_02,PMMA,1068.0000,46.374712
PMMA_02,PMMA,1069.0000,46.538196
PMMA_02,PMMA,1070.0000,46.712744
PMMA_02,PMMA,1071.0000,46.899149
PMMA_02,PMMA,1072.0000,47.098286
PMMA_02,PMMA,1073.0000,47.311117
PMMA_02,PMMA,1074.0000,47.538707
PMMA_02,PMMA,1075.0000,47.782234
PMMA_02,PMMA,1076.0000,48.043006
PMMA_02,PMMA,1077.0000,48.322471
PMMA_02,PMMA,1078.0000,48.622243
PMMA_02,PMMA,1079.0000,48.944121
PMMA_02,PMMA,1080.0000,49.290113
PMMA_02,PMMA,1081.0000,49.662468
PMMA_02,PMMA,1082.0000,50.063710
PMMA_02,PMMA,1083.0000,50.496676
PMMA_02,PMMA,1084.0000,50.964567
PMMA_02,PMMA,1085.0000,51.471002
PMMA_02,PMMA,1086.0000,52.020085
PMMA_02,PMMA,1087.0000,52.616483
PMMA_02,PMMA,1088.0000,53.265521
PMMA_02,PMMA,1089.0000,53.973291
PMMA_02,PMMA,1090.0000,54.746795
PMMA_02,PMMA,1091.0000,55.594099
PMMA_02,PMMA,1092.0000,56.524537
PMMA_02,PMMA,1093.0000,57.548953
PMMA_02,PMMA,1094.0000,58.679993
PMMA_02,PMMA,1095.0000,59.932475
PMMA_02,PMMA,1096.0000,61.323836
PMMA_02,PMMA,1097.0000,62.874699
PMMA_02,PMMA,1098.0000,64.609576
PMMA_02,PMMA,1099.0000,66.557754
PMMA_02,PMMA,1100.0000,68.754418
PMMA_02,PMMA,1101.0000,71.242085
PMMA_02,PMMA,1102.0000,74.072431
PMMA_02,PMMA,1103.0000,77.308652
PMMA_02,PMMA,1104.0000,81.028512
PMMA_02,PMMA,1105.0000,85.328296
PMMA_02,PMMA,1106.0000,90.327951
PMMA_02,PMMA,1107.0000,96.177758
PMMA_02,PMMA,1108.0000,103.066948
PMMA_02,PMMA,1109.0000,111.234698
PMMA_02,PMMA,1110.0000,120.983777
PMMA_02,PMMA,1111.0000,132.696668
PMMA_02,PMMA,1112.0000,146.852584
PMMA_02,PMMA,1113.0000,164.040620
PMMA_02,PMMA,1114.0000,184.957317
PMMA_02,PMMA,1115.0000,210.362852
PMMA_02,PMMA,1116.0000,240.945004
PMMA_02,PMMA,1117.0000,277.004639
PMMA_02,PMMA,1118.0000,317.856344
PMMA_02,PMMA,1119.0000,360.927607
PMMA_02,PMMA,1120.0000,400.922082
PMMA_02,PMMA,1121.0000,430.105877
PMMA_02,PMMA,1122.0000,440.911424
PMMA_02,PMMA,1123.0000,430.095475
PMMA_02,PMMA,1124.0000,400.901272
PMMA_02,PMMA,1125.0000,360.896379
PMMA_02,PMMA,1126.0000,317.814682
PMMA_02,PMMA,1127.0000,276.952522
PMMA_02,PMMA,1128.0000,240.882406
PMMA_02,PMMA,1129.0000,210.289741
PMMA_02,PMMA,1130.0000,184.873656
PMMA_02,PMMA,1131.0000,163.946368
PMMA_02,PMMA,1132.0000,146.747692
PMMA_02,PMMA,1133.0000,132.581083
PMMA_02,PMMA,1134.0000,120.857439
PMMA_02,PMMA,1135.0000,111.097544
PMMA_02,PMMA,1136.0000,102.918908
PMMA_02,PMMA,1137.0000,96.018754
PMMA_02,PMMA,1138.0000,90.157902
PMMA_02,PMMA,1139.0000,85.147114
PMMA_02,PMMA,1140.0000,80.836102
PMMA_02,PMMA,1141.0000,77.104914
PMMA_02,PMMA,1142.0000,73.857258
PMMA_02,PMMA,1143.0000,71.015364
PMMA_02,PMMA,1144.0000,68.516029
PMMA_02,PMMA,1145.0000,66.307569
PMMA_02,PMMA,1146.0000,64.347462
PMMA_02,PMMA,1147.0000,62.600514
PMMA_02,PMMA,1148.0000,61.037431
PMMA_02,PMMA,1149.0000,59.633695
PMMA_02,PMMA,1150.0000,58.368674
PMMA_02,PMMA,1151.0000,57.224923
PMMA_02,PMMA,1152.0000,56.187616
PMMA_02,PMMA,1153.0000,55.244098
PMMA_02,PMMA,1154.0000,54.383516
PMMA_02,PMMA,1155.0000,53.596529
PMMA_02,PMMA,1156.0000,52.875058
PMMA_02,PMMA,1157.0000,52.212095
PMMA_02,PMMA,1158.0000,51.601536
PMMA_02,PMMA,1159.0000,51.038045
PMMA_02,PMMA,1160.0000,50.516946
PMMA_02,PMMA,1161.0000,50.034122
PMMA_02,PMMA,1162.0000,49.585945
PMMA_02,PMMA,1163.0000,49.169200
PMMA_02,PMMA,1164.0000,48.781037
PMMA_02,PMMA,1165.0000,48.418921
PMMA_02,PMMA,1166.0000,48.080589
PMMA_02,PMMA,1167.0000,47.764017
PMMA_02,PMMA,1168.0000,47.467393
PMMA_02,PMMA,1169.0000,47.189089
PMMA_02,PMMA,1170.0000,46.927639
PMMA_02,PMMA,1171.0000,46.681718
PMMA_02,PMMA,1172.0000,46.450133
PMMA_02,PMMA,1173.0000,46.231800
PMMA_02,PMMA,1174.0000,46.025737
PMMA_02,PMMA,1175.0000,45.831050
PMMA_02,PMMA,1176.0000,45.646926
PMMA_02,PMMA,1177.0000,45.472623
PMMA_02,PMMA,1178.0000,45.307464
PMMA_02,PMMA,1179.0000,45.150827
PMMA_02,PMMA,1180.0000,45.002146
PMMA_02,PMMA,1181.0000,44.860898
PMMA_02,PMMA,1182.0000,44.726605
PMMA_02,PMMA,1183.0000,44.598823
PMMA_02,PMMA,1184.0000,44.477148
PMMA_02,PMMA,1185.0000,44.361205
PMMA_02,PMMA,1186.0000,44.250645
PMMA_02,PMMA,1187.0000,44.145150
PMMA_02,PMMA,1188.0000,44.044421
PMMA_02,PMMA,1189.0000,43.948185
PMMA_02,PMMA,1190.0000,43.856184
PMMA_02,PMMA,1191.0000,43.768183
PMMA_02,PMMA,1192.0000,43.683960
PMMA_02,PMMA,1193.0000,43.603310
PMMA_02,PMMA,1194.0000,43.526041
PMMA_02,PMMA,1195.0000,43.451975
PMMA_02,PMMA,1196.0000,43.380944
PMMA_02,PMMA,1197.0000,43.312794
PMMA_02,PMMA,1198.0000,43.247377
PMMA_02,PMMA,1199.0000,43.184558
PMMA_02,PMMA,1200.0000,43.124209
PMMA_02,PMMA,1201.0000,43.066209
PMMA_02,PMMA,1202.0000,43.010447
PMMA_02,PMMA,1203.0000,42.956816
PMMA_02,PMMA,1204.0000,42.905218
PMMA_02,PMMA,1205.0000,42.855559
PMMA_02,PMMA,1206.0000,42.807751
PMMA_02,PMMA,1207.0000,42.761711
PMMA_02,PMMA,1208.0000,42.717361
PMMA_02,PMMA,1209.0000,42.674628
PMMA_02,PMMA,1210.0000,42.633442
PMMA_02,PMMA,1211.0000,42.593739
PMMA_02,PMMA,1212.0000,42.555455
PMMA_02,PMMA,1213.0000,42.518533
PMMA_02,PMMA,1214.0000,42.482916
PMMA_02,PMMA,1215.0000,42.448554
PMMA_02,PMMA,1216.0000,42.415395
PMMA_02,PMMA,1217.0000,42.383394
PMMA_02,PMMA,1218.0000,42.352506
PMMA_02,PMMA,1219.0000,42.322688
PMMA_02,PMMA,1220.0000,42.293901
PMMA_02,PMMA,1221.0000,42.266107
PMMA_02,PMMA,1222.0000,42.239269
PMMA_02,PMMA,1223.0000,42.213353
PMMA_02,PMMA,1224.0000,42.188327
PMMA_02,PMMA,1225.0000,42.164160
PMMA_02,PMMA,1226.0000,42.140823
PMMA_02,PMMA,1227.0000,42.118287
PMMA_02,PMMA,1228.0000,42.096527
PMMA_02,PMMA,1229.0000,42.075516
PMMA_02,PMMA,1230.0000,42.055230
PMMA_02,PMMA,1231.0000,42.035648
PMMA_02,PMMA,1232.0000,42.016746
PMMA_02,PMMA,1233.0000,41.998504
PMMA_02,PMMA,1234.0000,41.980903
PMMA_02,PMMA,1235.0000,41.963923
PMMA_02,PMMA,1236.0000,41.947547
PMMA_02,PMMA,1237.0000,41.931756
PMMA_02,PMMA,1238.0000,41.916536
PMMA_02,PMMA,1239.0000,41.901870
PMMA_02,PMMA,1240.0000,41.887743
PMMA_02,PMMA,1241.0000,41.874142
PMMA_02,PMMA,1242.0000,41.861053
PMMA_02,PMMA,1243.0000,41.848463
PMMA_02,PMMA,1244.0000,41.836359
PMMA_02,PMMA,1245.0000,41.824731
PMMA_02,PMMA,1246.0000,41.813566
PMMA_02,PMMA,1247.0000,41.802855
PMMA_02,PMMA,1248.0000,41.792587
PMMA_02,PMMA,1249.0000,41.782753
PMMA_02,PMMA,1250.0000,41.773343
PMMA_02,PMMA,1251.0000,41.764349
PMMA_02,PMMA,1252.0000,41.755763
PMMA_02,PMMA,1253.0000,41.747576
PMMA_02,PMMA,1254.0000,41.739782
PMMA_02,PMMA,1255.0000,41.732372
PMMA_02,PMMA,1256.0000,41.725342
PMMA_02,PMMA,1257.0000,41.718683
PMMA_02,PMMA,1258.0000,41.712391
PMMA_02,PMMA,1259.0000,41.706459
PMMA_02,PMMA,1260.0000,41.700882
PMMA_02,PMMA,1261.0000,41.695656
PMMA_02,PMMA,1262.0000,41.690775
PMMA_02,PMMA,1263.0000,41.686235
PMMA_02,PMMA,1264.0000,41.682032
PMMA_02,PMMA,1265.0000,41.678162
PMMA_02,PMMA,1266.0000,41.674621
PMMA_02,PMMA,1267.0000,41.671407
PMMA_02,PMMA,1268.0000,41.668515
PMMA_02,PMMA,1269.0000,41.665944
PMMA_02,PMMA,1270.0000,41.663691
PMMA_02,PMMA,1271.0000,41.661753
PMMA_02,PMMA,1272.0000,41.660129
PMMA_02,PMMA,1273.0000,41.658816
PMMA_02,PMMA,1274.0000,41.657813
PMMA_02,PMMA,1275.0000,41.657118
PMMA_02,PMMA,1276.0000,41.656731
PMMA_02,PMMA,1277.0000,41.656651
PMMA_02,PMMA,1278.0000,41.656876
PMMA_02,PMMA,1279.0000,41.657407
PMMA_02,PMMA,1280.0000,41.658243
PMMA_02,PMMA,1281.0000,41.659384
PMMA_02,PMMA,1282.0000,41.660830
PMMA_02,PMMA,1283.0000,41.662582
PMMA_02,PMMA,1284.0000,41.664640
PMMA_02,PMMA,1285.0000,41.667006
PMMA_02,PMMA,1286.0000,41.669679
PMMA_02,PMMA,1287.0000,41.672662
PMMA_02,PMMA,1288.0000,41.675956
PMMA_02,PMMA,1289.0000,41.679563
PMMA_02,PMMA,1290.0000,41.683484
PMMA_02,PMMA,1291.0000,41.687722
PMMA_02,PMMA,1292.0000,41.692279
PMMA_02,PMMA,1293.0000,41.697159
PMMA_02,PMMA,1294.0000,41.702363
PMMA_02,PMMA,1295.0000,41.707895
PMMA_02,PMMA,1296.0000,41.713758
PMMA_02,PMMA,1297.0000,41.719956
PMMA_02,PMMA,1298.0000,41.726493
PMMA_02,PMMA,1299.0000,41.733373
PMMA_02,PMMA,1300.0000,41.740600
PMMA_02,PMMA,1301.0000,41.748179
PMMA_02,PMMA,1302.0000,41.756115
PMMA_02,PMMA,1303.0000,41.764413
PMMA_02,PMMA,1304.0000,41.773079
PMMA_02,PMMA,1305.0000,41.782118
PMMA_02,PMMA,1306.0000,41.791537
PMMA_02,PMMA,1307.0000,41.801343
PMMA_02,PMMA,1308.0000,41.811541
PMMA_02,PMMA,1309.0000,41.822140
PMMA_02,PMMA,1310.0000,41.833146
PMMA_02,PMMA,1311.0000,41.844568
PMMA_02,PMMA,1312.0000,41.856414
PMMA_02,PMMA,1313.0000,41.868692
PMMA_02,PMMA,1314.0000,41.881412
PMMA_02,PMMA,1315.0000,41.894583
PMMA_02,PMMA,1316.0000,41.908215
PMMA_02,PMMA,1317.0000,41.922318
PMMA_02,PMMA,1318.0000,41.936903
PMMA_02,PMMA,1319.0000,41.951982
PMMA_02,PMMA,1320.0000,41.967567
PMMA_02,PMMA,1321.0000,41.983669
PMMA_02,PMMA,1322.0000,42.000302
PMMA_02,PMMA,1323.0000,42.017480
PMMA_02,PMMA,1324.0000,42.035216
PMMA_02,PMMA,1325.0000,42.053525
PMMA_02,PMMA,1326.0000,42.072424
PMMA_02,PMMA,1327.0000,42.091927
PMMA_02,PMMA,1328.0000,42.112052
PMMA_02,PMMA,1329.0000,42.132816
PMMA_02,PMMA,1330.0000,42.154238
PMMA_02,PMMA,1331.0000,42.176338
PMMA_02,PMMA,1332.0000,42.199135
PMMA_02,PMMA,1333.0000,42.222650
PMMA_02,PMMA,1334.0000,42.246905
PMMA_02,PMMA,1335.0000,42.271924
PMMA_02,PMMA,1336.0000,42.297731
PMMA_02,PMMA,1337.0000,42.324350
PMMA_02,PMMA,1338.0000,42.351809
PMMA_02,PMMA,1339.0000,42.380134
PMMA_02,PMMA,1340.0000,42.409356
PMMA_02,PMMA,1341.0000,42.439503
PMMA_02,PMMA,1342.0000,42.470608
PMMA_02,PMMA,1343.0000,42.502705
PMMA_02,PMMA,1344.0000,42.535828
PMMA_02,PMMA,1345.0000,42.570013
PMMA_02,PMMA,1346.0000,42.605300
PMMA_02,PMMA,1347.0000,42.641729
PMMA_02,PMMA,1348.0000,42.679341
PMMA_02,PMMA,1349.0000,42.718182
PMMA_02,PMMA,1350.0000,42.758298
PMMA_02,PMMA,1351.0000,42.799739
PMMA_02,PMMA,1352.0000,42.842556
PMMA_02,PMMA,1353.0000,42.886803
PMMA_02,PMMA,1354.0000,42.932538
PMMA_02,PMMA,1355.0000,42.979821
PMMA_02,PMMA,1356.0000,43.028716
PMMA_02,PMMA,1357.0000,43.079289
PMMA_02,PMMA,1358.0000,43.131612
PMMA_02,PMMA,1359.0000,43.185758
PMMA_02,PMMA,1360.0000,43.241807
PMMA_02,PMMA,1361.0000,43.299842
PMMA_02,PMMA,1362.0000,43.359951
PMMA_02,PMMA,1363.0000,43.422226
PMMA_02,PMMA,1364.0000,43.486766
PMMA_02,PMMA,1365.0000,43.553676
PMMA_02,PMMA,1366.0000,43.623065
PMMA_02,PMMA,1367.0000,43.695051
PMMA_02,PMMA,1368.0000,43.769758
PMMA_02,PMMA,1369.0000,43.847318
PMMA_02,PMMA,1370.0000,43.927871
PMMA_02,PMMA,1371.0000,44.011565
PMMA_02,PMMA,1372.0000,44.098560
PMMA_02,PMMA,1373.0000,44.189024
PMMA_02,PMMA,1374.0000,44.283137
PMMA_02,PMMA,1375.0000,44.381090
PMMA_02,PMMA,1376.0000,44.483088
PMMA_02,PMMA,1377.0000,44.589351
PMMA_02,PMMA,1378.0000,44.700110
PMMA_02,PMMA,1379.0000,44.815617
PMMA_02,PMMA,1380.0000,44.936140
PMMA_02,PMMA,1381.0000,45.061965
PMMA_02,PMMA,1382.0000,45.193400
PMMA_02,PMMA,1383.0000,45.330777
PMMA_02,PMMA,1384.0000,45.474451
PMMA_02,PMMA,1385.0000,45.624805
PMMA_02,PMMA,1386.0000,45.782251
PMMA_02,PMMA,1387.0000,45.947235
PMMA_02,PMMA,1388.0000,46.120236
PMMA_02,PMMA,1389.0000,46.301776
PMMA_02,PMMA,1390.0000,46.492415
PMMA_02,PMMA,1391.0000,46.692763
PMMA_02,PMMA,1392.0000,46.903482
PMMA_02,PMMA,1393.0000,47.125290
PMMA_02,PMMA,1394.0000,47.358969
PMMA_02,PMMA,1395.0000,47.605371
PMMA_02,PMMA,1396.0000,47.865426
PMMA_02,PMMA,1397.0000,48.140149
PMMA_02,PMMA,1398.0000,48.430654
PMMA_02,PMMA,1399.0000,48.738160
PMMA_02,PMMA,1400.0000,49.064005
PMMA_02,PMMA,1401.0000,49.409663
PMMA_02,PMMA,1402.0000,49.776758
PMMA_02,PMMA,1403.0000,50.167081
PMMA_02,PMMA,1404.0000,50.582617
PMMA_02,PMMA,1405.0000,51.025564
PMMA_02,PMMA,1406.0000,51.498364
PMMA_02,PMMA,1407.0000,52.003735
PMMA_02,PMMA,1408.0000,52.544711
PMMA_02,PMMA,1409.0000,53.124685
PMMA_02,PMMA,1410.0000,53.747459
PMMA_02,PMMA,1411.0000,54.417310
PMMA_02,PMMA,1412.0000,55.139054
PMMA_02,PMMA,1413.0000,55.918136
PMMA_02,PMMA,1414.0000,56.760729
PMMA_02,PMMA,1415.0000,57.673847
PMMA_02,PMMA,1416.0000,58.665491
PMMA_02,PMMA,1417.0000,59.744817
PMMA_02,PMMA,1418.0000,60.922337
PMMA_02,PMMA,1419.0000,62.210165
PMMA_02,PMMA,1420.0000,63.622315
PMMA_02,PMMA,1421.0000,65.175062
PMMA_02,PMMA,1422.0000,66.887388
PMMA_02,PMMA,1423.0000,68.781531
PMMA_02,PMMA,1424.0000,70.883658
PMMA_02,PMMA,1425.0000,73.224713
PMMA_02,PMMA,1426.0000,75.841473
PMMA_02,PMMA,1427.0000,78.777878
PMMA_02,PMMA,1428.0000,82.086715
PMMA_02,PMMA,1429.0000,85.831767
PMMA_02,PMMA,1430.0000,90.090559
PMMA_02,PMMA,1431.0000,94.957892
PMMA_02,PMMA,1432.0000,100.550419
PMMA_02,PMMA,1433.0000,107.012577
PMMA_02,PMMA,1434.0000,114.524292
PMMA_02,PMMA,1435.0000,123.310991
PMMA_02,PMMA,1436.0000,133.656533
PMMA_02,PMMA,1437.0000,145.919683
PMMA_02,PMMA,1438.0000,160.554607
PMMA_02,PMMA,1439.0000,178.135034
PMMA_02,PMMA,1440.0000,199.379787
PMMA_02,PMMA,1441.0000,225.172516
PMMA_02,PMMA,1442.0000,256.558038
PMMA_02,PMMA,1443.0000,294.676624
PMMA_02,PMMA,1444.0000,340.559949
PMMA_02,PMMA,1445.0000,394.659315
PMMA_02,PMMA,1446.0000,455.946609
PMMA_02,PMMA,1447.0000,520.563066
PMMA_02,PMMA,1448.0000,580.564172
PMMA_02,PMMA,1449.0000,624.349097
PMMA_02,PMMA,1450.0000,640.566488
PMMA_02,PMMA,1451.0000,624.351481
PMMA_02,PMMA,1452.0000,580.568942
PMMA_02,PMMA,1453.0000,520.570221
PMMA_02,PMMA,1454.0000,455.956151
PMMA_02,PMMA,1455.0000,394.671247
PMMA_02,PMMA,1456.0000,340.574273
PMMA_02,PMMA,1457.0000,294.693343
PMMA_02,PMMA,1458.0000,256.577155
PMMA_02,PMMA,1459.0000,225.194036
PMMA_02,PMMA,1460.0000,199.403714
PMMA_02,PMMA,1461.0000,178.161374
PMMA_02,PMMA,1462.0000,160.583365
PMMA_02,PMMA,1463.0000,145.950866
PMMA_02,PMMA,1464.0000,133.690146
PMMA_02,PMMA,1465.0000,123.347044
PMMA_02,PMMA,1466.0000,114.562790
PMMA_02,PMMA,1467.0000,107.053530
PMMA_02,PMMA,1468.0000,100.593836
PMMA_02,PMMA,1469.0000,95.003781
PMMA_02,PMMA,1470.0000,90.138931
PMMA_02,PMMA,1471.0000,85.882633
PMMA_02,PMMA,1472.0000,82.140085
PMMA_02,PMMA,1473.0000,78.833764
PMMA_02,PMMA,1474.0000,75.899888
PMMA_02,PMMA,1475.0000,73.285669
PMMA_02,PMMA,1476.0000,70.947169
PMMA_02,PMMA,1477.0000,68.847611
PMMA_02,PMMA,1478.0000,66.956051
PMMA_02,PMMA,1479.0000,65.246323
PMMA_02,PMMA,1480.0000,63.696190
PMMA_02,PMMA,1481.0000,62.286671
PMMA_02,PMMA,1482.0000,61.001490
PMMA_02,PMMA,1483.0000,59.826635
PMMA_02,PMMA,1484.0000,58.749993
PMMA_02,PMMA,1485.0000,57.761051
PMMA_02,PMMA,1486.0000,56.850655
PMMA_02,PMMA,1487.0000,56.010805
PMMA_02,PMMA,1488.0000,55.234485
PMMA_02,PMMA,1489.0000,54.515526
PMMA_02,PMMA,1490.0000,53.848483
PMMA_02,PMMA,1491.0000,53.228538
PMMA_02,PMMA,1492.0000,52.651418
PMMA_02,PMMA,1493.0000,52.113320
PMMA_02,PMMA,1494.0000,51.610852
PMMA_02,PMMA,1495.0000,51.140982
PMMA_02,PMMA,1496.0000,50.700991
PMMA_02,PMMA,1497.0000,50.288438
PMMA_02,PMMA,1498.0000,49.901126
PMMA_02,PMMA,1499.0000,49.537073
PMMA_02,PMMA,1500.0000,49.194485
PMMA_02,PMMA,1501.0000,48.871741
PMMA_02,PMMA,1502.0000,48.567369
PMMA_02,PMMA,1503.0000,48.280029
PMMA_02,PMMA,1504.0000,48.008503
PMMA_02,PMMA,1505.0000,47.751681
PMMA_02,PMMA,1506.0000,47.508547
PMMA_02,PMMA,1507.0000,47.278172
PMMA_02,PMMA,1508.0000,47.059704
PMMA_02,PMMA,1509.0000,46.852364
PMMA_02,PMMA,1510.0000,46.655434
PMMA_02,PMMA,1511.0000,46.468252
PMMA_02,PMMA,1512.0000,46.290211
PMMA_02,PMMA,1513.0000,46.120750
PMMA_02,PMMA,1514.0000,45.959350
PMMA_02,PMMA,1515.0000,45.805531
PMMA_02,PMMA,1516.0000,45.658850
PMMA_02,PMMA,1517.0000,45.518896
PMMA_02,PMMA,1518.0000,45.385286
PMMA_02,PMMA,1519.0000,45.257667
PMMA_02,PMMA,1520.0000,45.135708
PMMA_02,PMMA,1521.0000,45.019102
PMMA_02,PMMA,1522.0000,44.907565
PMMA_02,PMMA,1523.0000,44.800828
PMMA_02,PMMA,1524.0000,44.698645
PMMA_02,PMMA,1525.0000,44.600782
PMMA_02,PMMA,1526.0000,44.507022
PMMA_02,PMMA,1527.0000,44.417162
PMMA_02,PMMA,1528.0000,44.331011
PMMA_02,PMMA,1529.0000,44.248392
PMMA_02,PMMA,1530.0000,44.169137
PMMA_02,PMMA,1531.0000,44.093090
PMMA_02,PMMA,1532.0000,44.020103
PMMA_02,PMMA,1533.0000,43.950037
PMMA_02,PMMA,1534.0000,43.882762
PMMA_02,PMMA,1535.0000,43.818157
PMMA_02,PMMA,1536.0000,43.756105
PMMA_02,PMMA,1537.0000,43.696499
PMMA_02,PMMA,1538.0000,43.639235
PMMA_02,PMMA,1539.0000,43.584218
PMMA_02,PMMA,1540.0000,43.531356
PMMA_02,PMMA,1541.0000,43.480564
PMMA_02,PMMA,1542.0000,43.431760
PMMA_02,PMMA,1543.0000,43.384868
PMMA_02,PMMA,1544.0000,43.339815
PMMA_02,PMMA,1545.0000,43.296534
PMMA_02,PMMA,1546.0000,43.254959
PMMA_02,PMMA,1547.0000,43.215029
PMMA_02,PMMA,1548.0000,43.176687
PMMA_02,PMMA,1549.0000,43.139877
PMMA_02,PMMA,1550.0000,43.104549
PMMA_02,PMMA,1551.0000,43.070652
PMMA_02,PMMA,1552.0000,43.038141
PMMA_02,PMMA,1553.0000,43.006971
PMMA_02,PMMA,1554.0000,42.977102
PMMA_02,PMMA,1555.0000,42.948493
PMMA_02,PMMA,1556.0000,42.921108
PMMA_02,PMMA,1557.0000,42.894910
PMMA_02,PMMA,1558.0000,42.869868
PMMA_02,PMMA,1559.0000,42.845949
PMMA_02,PMMA,1560.0000,42.823123
PMMA_02,PMMA,1561.0000,42.801363
PMMA_02,PMMA,1562.0000,42.780641
PMMA_02,PMMA,1563.0000,42.760933
PMMA_02,PMMA,1564.0000,42.742214
PMMA_02,PMMA,1565.0000,42.724464
PMMA_02,PMMA,1566.0000,42.707659
PMMA_02,PMMA,1567.0000,42.691781
PMMA_02,PMMA,1568.0000,42.676811
PMMA_02,PMMA,1569.0000,42.662732
PMMA_02,PMMA,1570.0000,42.649528
PMMA_02,PMMA,1571.0000,42.637182
PMMA_02,PMMA,1572.0000,42.625681
PMMA_02,PMMA,1573.0000,42.615012
PMMA_02,PMMA,1574.0000,42.605162
PMMA_02,PMMA,1575.0000,42.596121
PMMA_02,PMMA,1576.0000,42.587877
PMMA_02,PMMA,1577.0000,42.580422
PMMA_02,PMMA,1578.0000,42.573747
PMMA_02,PMMA,1579.0000,42.567843
PMMA_02,PMMA,1580.0000,42.562705
PMMA_02,PMMA,1581.0000,42.558326
PMMA_02,PMMA,1582.0000,42.554700
PMMA_02,PMMA,1583.0000,42.551823
PMMA_02,PMMA,1584.0000,42.549692
PMMA_02,PMMA,1585.0000,42.548303
PMMA_02,PMMA,1586.0000,42.547654
PMMA_02,PMMA,1587.0000,42.547744
PMMA_02,PMMA,1588.0000,42.548572
PMMA_02,PMMA,1589.0000,42.550138
PMMA_02,PMMA,1590.0000,42.552443
PMMA_02,PMMA,1591.0000,42.555488
PMMA_02,PMMA,1592.0000,42.559276
PMMA_02,PMMA,1593.0000,42.563809
PMMA_02,PMMA,1594.0000,42.569091
PMMA_02,PMMA,1595.0000,42.575127
PMMA_02,PMMA,1596.0000,42.581923
PMMA_02,PMMA,1597.0000,42.589484
PMMA_02,PMMA,1598.0000,42.597817
PMMA_02,PMMA,1599.0000,42.606930
PMMA_02,PMMA,1600.0000,42.616831
PMMA_02,PMMA,1601.0000,42.627530
PMMA_02,PMMA,1602.0000,42.639037
PMMA_02,PMMA,1603.0000,42.651363
PMMA_02,PMMA,1604.0000,42.664520
PMMA_02,PMMA,1605.0000,42.678522
PMMA_02,PMMA,1606.0000,42.693381
PMMA_02,PMMA,1607.0000,42.709113
PMMA_02,PMMA,1608.0000,42.725733
PMMA_02,PMMA,1609.0000,42.743260
PMMA_02,PMMA,1610.0000,42.761710
PMMA_02,PMMA,1611.0000,42.781103
PMMA_02,PMMA,1612.0000,42.801459
PMMA_02,PMMA,1613.0000,42.822800
PMMA_02,PMMA,1614.0000,42.845149
PMMA_02,PMMA,1615.0000,42.868530
PMMA_02,PMMA,1616.0000,42.892968
PMMA_02,PMMA,1617.0000,42.918491
PMMA_02,PMMA,1618.0000,42.945126
PMMA_02,PMMA,1619.0000,42.972906
PMMA_02,PMMA,1620.0000,43.001859
PMMA_02,PMMA,1621.0000,43.032022
PMMA_02,PMMA,1622.0000,43.063428
PMMA_02,PMMA,1623.0000,43.096116
PMMA_02,PMMA,1624.0000,43.130123
PMMA_02,PMMA,1625.0000,43.165493
PMMA_02,PMMA,1626.0000,43.202268
PMMA_02,PMMA,1627.0000,43.240494
PMMA_02,PMMA,1628.0000,43.280221
PMMA_02,PMMA,1629.0000,43.321498
PMMA_02,PMMA,1630.0000,43.364381
PMMA_02,PMMA,1631.0000,43.408925
PMMA_02,PMMA,1632.0000,43.455191
PMMA_02,PMMA,1633.0000,43.503243
PMMA_02,PMMA,1634.0000,43.553146
PMMA_02,PMMA,1635.0000,43.604971
PMMA_02,PMMA,1636.0000,43.658793
PMMA_02,PMMA,1637.0000,43.714690
PMMA_02,PMMA,1638.0000,43.772745
PMMA_02,PMMA,1639.0000,43.833047
PMMA_02,PMMA,1640.0000,43.895687
PMMA_02,PMMA,1641.0000,43.960764
PMMA_02,PMMA,1642.0000,44.028382
PMMA_02,PMMA,1643.0000,44.098651
PMMA_02,PMMA,1644.0000,44.171687
PMMA_02,PMMA,1645.0000,44.247614
PMMA_02,PMMA,1646.0000,44.326564
PMMA_02,PMMA,1647.0000,44.408674
PMMA_02,PMMA,1648.0000,44.494093
PMMA_02,PMMA,1649.0000,44.582978
PMMA_02,PMMA,1650.0000,44.675495
PMMA_02,PMMA,1651.0000,44.771823
PMMA_02,PMMA,1652.0000,44.872148
PMMA_02,PMMA,1653.0000,44.976674
PMMA_02,PMMA,1654.0000,45.085615
PMMA_02,PMMA,1655.0000,45.199199
PMMA_02,PMMA,1656.0000,45.317671
PMMA_02,PMMA,1657.0000,45.441292
PMMA_02,PMMA,1658.0000,45.570342
PMMA_02,PMMA,1659.0000,45.705119
PMMA_02,PMMA,1660.0000,45.845943
PMMA_02,PMMA,1661.0000,45.993159
PMMA_02,PMMA,1662.0000,46.147135
PMMA_02,PMMA,1663.0000,46.308266
PMMA_02,PMMA,1664.0000,46.476980
PMMA_02,PMMA,1665.0000,46.653733
PMMA_02,PMMA,1666.0000,46.839022
PMMA_02,PMMA,1667.0000,47.033377
PMMA_02,PMMA,1668.0000,47.237376
PMMA_02,PMMA,1669.0000,47.451641
PMMA_02,PMMA,1670.0000,47.676845
PMMA_02,PMMA,1671.0000,47.913719
PMMA_02,PMMA,1672.0000,48.163057
PMMA_02,PMMA,1673.0000,48.425718
PMMA_02,PMMA,1674.0000,48.702641
PMMA_02,PMMA,1675.0000,48.994848
PMMA_02,PMMA,1676.0000,49.303453
PMMA_02,PMMA,1677.0000,49.629675
PMMA_02,PMMA,1678.0000,49.974848
PMMA_02,PMMA,1679.0000,50.340434
PMMA_02,PMMA,1680.0000,50.728040
PMMA_02,PMMA,1681.0000,51.139432
PMMA_02,PMMA,1682.0000,51.576559
PMMA_02,PMMA,1683.0000,52.041570
PMMA_02,PMMA,1684.0000,52.536845
PMMA_02,PMMA,1685.0000,53.065022
PMMA_02,PMMA,1686.0000,53.629029
PMMA_02,PMMA,1687.0000,54.232130
PMMA_02,PMMA,1688.0000,54.877963
PMMA_02,PMMA,1689.0000,55.570598
PMMA_02,PMMA,1690.0000,56.314600
PMMA_02,PMMA,1691.0000,57.115097
PMMA_02,PMMA,1692.0000,57.977870
PMMA_02,PMMA,1693.0000,58.909452
PMMA_02,PMMA,1694.0000,59.917249
PMMA_02,PMMA,1695.0000,61.009678
PMMA_02,PMMA,1696.0000,62.196340
PMMA_02,PMMA,1697.0000,63.488220
PMMA_02,PMMA,1698.0000,64.897934
PMMA_02,PMMA,1699.0000,66.440016
PMMA_02,PMMA,1700.0000,68.131283
PMMA_02,PMMA,1701.0000,69.991265
PMMA_02,PMMA,1702.0000,72.042741
PMMA_02,PMMA,1703.0000,74.312392
PMMA_02,PMMA,1704.0000,76.831621
PMMA_02,PMMA,1705.0000,79.637560
PMMA_02,PMMA,1706.0000,82.774339
PMMA_02,PMMA,1707.0000,86.294687
PMMA_02,PMMA,1708.0000,90.261948
PMMA_02,PMMA,1709.0000,94.752661
PMMA_02,PMMA,1710.0000,99.859853
PMMA_02,PMMA,1711.0000,105.697288
PMMA_02,PMMA,1712.0000,112.404947
PMMA_02,PMMA,1713.0000,120.156154
PMMA_02,PMMA,1714.0000,129.166820
PMMA_02,PMMA,1715.0000,139.707459
PMMA_02,PMMA,1716.0000,152.118696
PMMA_02,PMMA,1717.0000,166.831053
PMMA_02,PMMA,1718.0000,184.389526
PMMA_02,PMMA,1719.0000,205.482591
PMMA_02,PMMA,1720.0000,230.972835
PMMA_02,PMMA,1721.0000,261.920636
PMMA_02,PMMA,1722.0000,299.579774
PMMA_02,PMMA,1723.0000,345.318575
PMMA_02,PMMA,1724.0000,400.375048
PMMA_02,PMMA,1725.0000,465.290753
PMMA_02,PMMA,1726.0000,538.831956
PMMA_02,PMMA,1727.0000,616.368137
PMMA_02,PMMA,1728.0000,688.365880
PMMA_02,PMMA,1729.0000,740.904186
PMMA_02,PMMA,1730.0000,760.361434
PMMA_02,PMMA,1731.0000,740.899784
PMMA_02,PMMA,1732.0000,688.357075
PMMA_02,PMMA,1733.0000,616.354929
PMMA_02,PMMA,1734.0000,538.814341
PMMA_02,PMMA,1735.0000,465.268731
PMMA_02,PMMA,1736.0000,400.348614
PMMA_02,PMMA,1737.0000,345.287727
PMMA_02,PMMA,1738.0000,299.544506
PMMA_02,PMMA,1739.0000,261.880944
PMMA_02,PMMA,1740.0000,230.928713
PMMA_02,PMMA,1741.0000,205.434034
PMMA_02,PMMA,1742.0000,184.336526
PMMA_02,PMMA,1743.0000,166.773603
PMMA_02,PMMA,1744.0000,152.056787
PMMA_02,PMMA,1745.0000,139.641083
PMMA_02,PMMA,1746.0000,129.095969
PMMA_02,PMMA,1747.0000,120.080817
PMMA_02,PMMA,1748.0000,112.325113
PMMA_02,PMMA,1749.0000,105.612945
PMMA_02,PMMA,1750.0000,99.770991
PMMA_02,PMMA,1751.0000,94.659266
PMMA_02,PMMA,1752.0000,90.164007
PMMA_02,PMMA,1753.0000,86.192187
PMMA_02,PMMA,1754.0000,82.667265
PMMA_02,PMMA,1755.0000,79.525896
PMMA_02,PMMA,1756.0000,76.715352
PMMA_02,PMMA,1757.0000,74.191501
PMMA_02,PMMA,1758.0000,71.917210
PMMA_02,PMMA,1759.0000,69.861077
PMMA_02,PMMA,1760.0000,67.996419
PMMA_02,PMMA,1761.0000,66.300457
PMMA_02,PMMA,1762.0000,64.753659
PMMA_02,PMMA,1763.0000,63.339209
PMMA_02,PMMA,1764.0000,62.042570
PMMA_02,PMMA,1765.0000,60.851127
PMMA_02,PMMA,1766.0000,59.753894
PMMA_02,PMMA,1767.0000,58.741270
PMMA_02,PMMA,1768.0000,57.804835
PMMA_02,PMMA,1769.0000,56.937184
PMMA_02,PMMA,1770.0000,56.131783
PMMA_02,PMMA,1771.0000,55.382850
PMMA_02,PMMA,1772.0000,54.685255
PMMA_02,PMMA,1773.0000,54.034434
PMMA_02,PMMA,1774.0000,53.426315
PMMA_02,PMMA,1775.0000,52.857259
PMMA_02,PMMA,1776.0000,52.324003
PMMA_02,PMMA,1777.0000,51.823616
PMMA_02,PMMA,1778.0000,51.353460
PMMA_02,PMMA,1779.0000,50.911155
PMMA_02,PMMA,1780.0000,50.494549
PMMA_02,PMMA,1781.0000,50.101693
PMMA_02,PMMA,1782.0000,49.730820
PMMA_02,PMMA,1783.0000,49.380323
PMMA_02,PMMA,1784.0000,49.048738
PMMA_02,PMMA,1785.0000,48.734729
PMMA_02,PMMA,1786.0000,48.437079
PMMA_02,PMMA,1787.0000,48.154669
PMMA_02,PMMA,1788.0000,47.886479
PMMA_02,PMMA,1789.0000,47.631569
PMMA_02,PMMA,1790.0000,47.389077
PMMA_02,PMMA,1791.0000,47.158208
PMMA_02,PMMA,1792.0000,46.938232
PMMA_02,PMMA,1793.0000,46.728473
PMMA_02,PMMA,1794.0000,46.528307
PMMA_02,PMMA,1795.0000,46.337158
PMMA_02,PMMA,1796.0000,46.154492
PMMA_02,PMMA,1797.0000,45.979812
PMMA_02,PMMA,1798.0000,45.812659
PMMA_02,PMMA,1799.0000,45.652607
PMMA_02,PMMA,1800.0000,45.499257
PMMA_02,PMMA,1801.0000,45.352239
PMMA_02,PMMA,1802.0000,45.211209
PMMA_02,PMMA,1803.0000,45.075844
PMMA_02,PMMA,1804.0000,44.945846
PMMA_02,PMMA,1805.0000,44.820932
PMMA_02,PMMA,1806.0000,44.700839
PMMA_02,PMMA,1807.0000,44.585323
PMMA_02,PMMA,1808.0000,44.474153
PMMA_02,PMMA,1809.0000,44.367111
PMMA_02,PMMA,1810.0000,44.263996
PMMA_02,PMMA,1811.0000,44.164617
PMMA_02,PMMA,1812.0000,44.068794
PMMA_02,PMMA,1813.0000,43.976360
PMMA_02,PMMA,1814.0000,43.887155
PMMA_02,PMMA,1815.0000,43.801030
PMMA_02,PMMA,1816.0000,43.717843
PMMA_02,PMMA,1817.0000,43.637463
PMMA_02,PMMA,1818.0000,43.559763
PMMA_02,PMMA,1819.0000,43.484625
PMMA_02,PMMA,1820.0000,43.411936
PMMA_02,PMMA,1821.0000,43.341591
PMMA_02,PMMA,1822.0000,43.273489
PMMA_02,PMMA,1823.0000,43.207535
PMMA_02,PMMA,1824.0000,43.143639
PMMA_02,PMMA,1825.0000,43.081716
PMMA_02,PMMA,1826.0000,43.021685
PMMA_02,PMMA,1827.0000,42.963469
PMMA_02,PMMA,1828.0000,42.906994
PMMA_02,PMMA,1829.0000,42.852192
PMMA_02,PMMA,1830.0000,42.798996
PMMA_02,PMMA,1831.0000,42.747344
PMMA_02,PMMA,1832.0000,42.697176
PMMA_02,PMMA,1833.0000,42.648435
PMMA_02,PMMA,1834.0000,42.601067
PMMA_02,PMMA,1835.0000,42.555020
PMMA_02,PMMA,1836.0000,42.510246
PMMA_02,PMMA,1837.0000,42.466698
PMMA_02,PMMA,1838.0000,42.424329
PMMA_02,PMMA,1839.0000,42.383099
PMMA_02,PMMA,1840.0000,42.342966
PMMA_02,PMMA,1841.0000,42.303891
PMMA_02,PMMA,1842.0000,42.265836
PMMA_02,PMMA,1843.0000,42.228767
PMMA_02,PMMA,1844.0000,42.192649
PMMA_02,PMMA,1845.0000,42.157449
PMMA_02,PMMA,1846.0000,42.123136
PMMA_02,PMMA,1847.0000,42.089681
PMMA_02,PMMA,1848.0000,42.057054
PMMA_02,PMMA,1849.0000,42.025228
PMMA_02,PMMA,1850.0000,41.994177
PMMA_02,PMMA,1851.0000,41.963875
PMMA_02,PMMA,1852.0000,41.934298
PMMA_02,PMMA,1853.0000,41.905424
PMMA_02,PMMA,1854.0000,41.877229
PMMA_02,PMMA,1855.0000,41.849692
PMMA_02,PMMA,1856.0000,41.822793
PMMA_02,PMMA,1857.0000,41.796511
PMMA_02,PMMA,1858.0000,41.770828
PMMA_02,PMMA,1859.0000,41.745726
PMMA_02,PMMA,1860.0000,41.721186
PMMA_02,PMMA,1861.0000,41.697192
PMMA_02,PMMA,1862.0000,41.673727
PMMA_02,PMMA,1863.0000,41.650777
PMMA_02,PMMA,1864.0000,41.628325
PMMA_02,PMMA,1865.0000,41.606357
PMMA_02,PMMA,1866.0000,41.584859
PMMA_02,PMMA,1867.0000,41.563818
PMMA_02,PMMA,1868.0000,41.543220
PMMA_02,PMMA,1869.0000,41.523053
PMMA_02,PMMA,1870.0000,41.503304
PMMA_02,PMMA,1871.0000,41.483963
PMMA_02,PMMA,1872.0000,41.465018
PMMA_02,PMMA,1873.0000,41.446457
PMMA_02,PMMA,1874.0000,41.428271
PMMA_02,PMMA,1875.0000,41.410448
PMMA_02,PMMA,1876.0000,41.392980
PMMA_02,PMMA,1877.0000,41.375857
PMMA_02,PMMA,1878.0000,41.359069
PMMA_02,PMMA,1879.0000,41.342609
PMMA_02,PMMA,1880.0000,41.326466
PMMA_02,PMMA,1881.0000,41.310633
PMMA_02,PMMA,1882.0000,41.295102
PMMA_02,PMMA,1883.0000,41.279865
PMMA_02,PMMA,1884.0000,41.264914
PMMA_02,PMMA,1885.0000,41.250243
PMMA_02,PMMA,1886.0000,41.235843
PMMA_02,PMMA,1887.0000,41.221710
PMMA_02,PMMA,1888.0000,41.207834
PMMA_02,PMMA,1889.0000,41.194212
PMMA_02,PMMA,1890.0000,41.180835
PMMA_02,PMMA,1891.0000,41.167698
PMMA_02,PMMA,1892.0000,41.154796
PMMA_02,PMMA,1893.0000,41.142122
PMMA_02,PMMA,1894.0000,41.129672
PMMA_02,PMMA,1895.0000,41.117439
PMMA_02,PMMA,1896.0000,41.105419
PMMA_02,PMMA,1897.0000,41.093607
PMMA_02,PMMA,1898.0000,41.081997
PMMA_02,PMMA,1899.0000,41.070585
PMMA_02,PMMA,1900.0000,41.059367
PMMA_02,PMMA,1901.0000,41.048338
PMMA_02,PMMA,1902.0000,41.037493
PMMA_02,PMMA,1903.0000,41.026829
PMMA_02,PMMA,1904.0000,41.016342
PMMA_02,PMMA,1905.0000,41.006027
PMMA_02,PMMA,1906.0000,40.995880
PMMA_02,PMMA,1907.0000,40.985898
PMMA_02,PMMA,1908.0000,40.976078
PMMA_02,PMMA,1909.0000,40.966415
PMMA_02,PMMA,1910.0000,40.956907
PMMA_02,PMMA,1911.0000,40.947549
PMMA_02,PMMA,1912.0000,40.938339
PMMA_02,PMMA,1913.0000,40.929274
PMMA_02,PMMA,1914.0000,40.920350
PMMA_02,PMMA,1915.0000,40.911564
PMMA_02,PMMA,1916.0000,40.902914
PMMA_02,PMMA,1917.0000,40.894396
PMMA_02,PMMA,1918.0000,40.886009
PMMA_02,PMMA,1919.0000,40.877748
PMMA_02,PMMA,1920.0000,40.869612
PMMA_02,PMMA,1921.0000,40.861598
PMMA_02,PMMA,1922.0000,40.853703
PMMA_02,PMMA,1923.0000,40.845926
PMMA_02,PMMA,1924.0000,40.838263
PMMA_02,PMMA,1925.0000,40.830713
PMMA_02,PMMA,1926.0000,40.823272
PMMA_02,PMMA,1927.0000,40.815940
PMMA_02,PMMA,1928.0000,40.808714
PMMA_02,PMMA,1929.0000,40.801591
PMMA_02,PMMA,1930.0000,40.794570
PMMA_02,PMMA,1931.0000,40.787648
PMMA_02,PMMA,1932.0000,40.780825
PMMA_02,PMMA,1933.0000,40.774097
PMMA_02,PMMA,1934.0000,40.767463
PMMA_02,PMMA,1935.0000,40.760922
PMMA_02,PMMA,1936.0000,40.754471
PMMA_02,PMMA,1937.0000,40.748109
PMMA_02,PMMA,1938.0000,40.741834
PMMA_02,PMMA,1939.0000,40.735645
PMMA_02,PMMA,1940.0000,40.729539
PMMA_02,PMMA,1941.0000,40.723516
PMMA_02,PMMA,1942.0000,40.717573
PMMA_02,PMMA,1943.0000,40.711710
PMMA_02,PMMA,1944.0000,40.705925
PMMA_02,PMMA,1945.0000,40.700217
PMMA_02,PMMA,1946.0000,40.694583
PMMA_02,PMMA,1947.0000,40.689023
PMMA_02,PMMA,1948.0000,40.683536
PMMA_02,PMMA,1949.0000,40.678119
PMMA_02,PMMA,1950.0000,40.672773
PMMA_02,PMMA,1951.0000,40.667495
PMMA_02,PMMA,1952.0000,40.662285
PMMA_02,PMMA,1953.0000,40.657141
PMMA_02,PMMA,1954.0000,40.652062
PMMA_02,PMMA,1955.0000,40.647047
PMMA_02,PMMA,1956.0000,40.642094
PMMA_02,PMMA,1957.0000,40.637204
PMMA_02,PMMA,1958.0000,40.632374
PMMA_02,PMMA,1959.0000,40.627604
PMMA_02,PMMA,1960.0000,40.622893
PMMA_02,PMMA,1961.0000,40.618239
PMMA_02,PMMA,1962.0000,40.613642
PMMA_02,PMMA,1963.0000,40.609101
PMMA_02,PMMA,1964.0000,40.604615
PMMA_02,PMMA,1965.0000,40.600182
PMMA_02,PMMA,1966.0000,40.595803
PMMA_02,PMMA,1967.0000,40.591476
PMMA_02,PMMA,1968.0000,40.587200
PMMA_02,PMMA,1969.0000,40.582974
PMMA_02,PMMA,1970.0000,40.578799
PMMA_02,PMMA,1971.0000,40.574672
PMMA_02,PMMA,1972.0000,40.570593
PMMA_02,PMMA,1973.0000,40.566561
PMMA_02,PMMA,1974.0000,40.562576
PMMA_02,PMMA,1975.0000,40.558637
PMMA_02,PMMA,1976.0000,40.554743
PMMA_02,PMMA,1977.0000,40.550893
PMMA_02,PMMA,1978.0000,40.547087
PMMA_02,PMMA,1979.0000,40.543324
PMMA_02,PMMA,1980.0000,40.539603
PMMA_02,PMMA,1981.0000,40.535924
PMMA_02,PMMA,1982.0000,40.532286
PMMA_02,PMMA,1983.0000,40.528689
PMMA_02,PMMA,1984.0000,40.525131
PMMA_02,PMMA,1985.0000,40.521612
PMMA_02,PMMA,1986.0000,40.518132
PMMA_02,PMMA,1987.0000,40.514690
PMMA_02,PMMA,1988.0000,40.511285
PMMA_02,PMMA,1989.0000,40.507917
PMMA_02,PMMA,1990.0000,40.504586
PMMA_02,PMMA,1991.0000,40.501290
PMMA_02,PMMA,1992.0000,40.498030
PMMA_02,PMMA,1993.0000,40.494804
PMMA_02,PMMA,1994.0000,40.491613
PMMA_02,PMMA,1995.0000,40.488455
PMMA_02,PMMA,1996.0000,40.485330
PMMA_02,PMMA,1997.0000,40.482238
PMMA_02,PMMA,1998.0000,40.479179
PMMA_02,PMMA,1999.0000,40.476151
PMMA_02,PMMA,2000.0000,40.473155
CAL_01,calcite,200.0000,40.092244
CAL_01,calcite,201.0000,40.092517
CAL_01,calcite,202.0000,40.092792
CAL_01,calcite,203.0000,40.093068
CAL_01,calcite,204.0000,40.093345
CAL_01,calcite,205.0000,40.093624
CAL_01,calcite,206.0000,40.093904
CAL_01,calcite,207.0000,40.094186
CAL_01,calcite,208.0000,40.094469
CAL_01,calcite,209.0000,40.094753
CAL_01,calcite,210.0000,40.095039
CAL_01,calcite,211.0000,40.095326
CAL_01,calcite,212.0000,40.095615
CAL_01,calcite,213.0000,40.095905
CAL_01,calcite,214.0000,40.096196
CAL_01,calcite,215.0000,40.096489
CAL_01,calcite,216.0000,40.096783
CAL_01,calcite,217.0000,40.097079
CAL_01,calcite,218.0000,40.097376
CAL_01,calcite,219.0000,40.097675
CAL_01,calcite,220.0000,40.097975
CAL_01,calcite,221.0000,40.098277
CAL_01,calcite,222.0000,40.098580
CAL_01,calcite,223.0000,40.098885
CAL_01,calcite,224.0000,40.099191
CAL_01,calcite,225.0000,40.099499
CAL_01,calcite,226.0000,40.099809
CAL_01,calcite,227.0000,40.100120
CAL_01,calcite,228.0000,40.100432
CAL_01,calcite,229.0000,40.100747
CAL_01,calcite,230.0000,40.101062
CAL_01,calcite,231.0000,40.101380
CAL_01,calcite,232.0000,40.101699
CAL_01,calcite,233.0000,40.102020
CAL_01,calcite,234.0000,40.102342
CAL_01,calcite,235.0000,40.102666
CAL_01,calcite,236.0000,40.102992
CAL_01,calcite,237.0000,40.103320
CAL_01,calcite,238.0000,40.103649
CAL_01,calcite,239.0000,40.103980
CAL_01,calcite,240.0000,40.104312
CAL_01,calcite,241.0000,40.104647
CAL_01,calcite,242.0000,40.104983
CAL_01,calcite,243.0000,40.105321
CAL_01,calcite,244.0000,40.105661
CAL_01,calcite,245.0000,40.106002
CAL_01,calcite,246.0000,40.106345
CAL_01,calcite,247.0000,40.106691
CAL_01,calcite,248.0000,40.107038
CAL_01,calcite,249.0000,40.107387
CAL_01,calcite,250.0000,40.107737
CAL_01,calcite,251.0000,40.108090
CAL_01,calcite,252.0000,40.108445
CAL_01,calcite,253.0000,40.108801
CAL_01,calcite,254.0000,40.109159
CAL_01,calcite,255.0000,40.109520
CAL_01,calcite,256.0000,40.109882
CAL_01,calcite,257.0000,40.110246
CAL_01,calcite,258.0000,40.110613
CAL_01,calcite,259.0000,40.110981
CAL_01,calcite,260.0000,40.111351
CAL_01,calcite,261.0000,40.111724
CAL_01,calcite,262.0000,40.112098
CAL_01,calcite,263.0000,40.112475
CAL_01,calcite,264.0000,40.112853
CAL_01,calcite,265.0000,40.113234
CAL_01,calcite,266.0000,40.113617
CAL_01,calcite,267.0000,40.114002
CAL_01,calcite,268.0000,40.114389
CAL_01,calcite,269.0000,40.114778
CAL_01,calcite,270.0000,40.115169
CAL_01,calcite,271.0000,40.115563
CAL_01,calcite,272.0000,40.115959
CAL_01,calcite,273.0000,40.116357
CAL_01,calcite,274.0000,40.116757
CAL_01,calcite,275.0000,40.117160
CAL_01,calcite,276.0000,40.117565
CAL_01,calcite,277.0000,40.117972
CAL_01,calcite,278.0000,40.118382
CAL_01,calcite,279.0000,40.118794
CAL_01,calcite,280.0000,40.119209
CAL_01,calcite,281.0000,40.119625
CAL_01,calcite,282.0000,40.120045
CAL_01,calcite,283.0000,40.120466
CAL_01,calcite,284.0000,40.120890
CAL_01,calcite,285.0000,40.121317
CAL_01,calcite,286.0000,40.121746
CAL_01,calcite,287.0000,40.122178
CAL_01,calcite,288.0000,40.122612
CAL_01,calcite,289.0000,40.123048
CAL_01,calcite,290.0000,40.123488
CAL_01,calcite,291.0000,40.123930
CAL_01,calcite,292.0000,40.124374
CAL_01,calcite,293.0000,40.124821
CAL_01,calcite,294.0000,40.125271
CAL_01,calcite,295.0000,40.125724
CAL_01,calcite,296.0000,40.126179
CAL_01,calcite,297.0000,40.126637
CAL_01,calcite,298.0000,40.127098
CAL_01,calcite,299.0000,40.127561
CAL_01,calcite,300.0000,40.128028
CAL_01,calcite,301.0000,40.128497
CAL_01,calcite,302.0000,40.128969
CAL_01,calcite,303.0000,40.129444
CAL_01,calcite,304.0000,40.129922
CAL_01,calcite,305.0000,40.130403
CAL_01,calcite,306.0000,40.130887
CAL_01,calcite,307.0000,40.131374
CAL_01,calcite,308.0000,40.131863
CAL_01,calcite,309.0000,40.132356
CAL_01,calcite,310.0000,40.132852
CAL_01,calcite,311.0000,40.133351
CAL_01,calcite,312.0000,40.133854
CAL_01,calcite,313.0000,40.134359
CAL_01,calcite,314.0000,40.134868
CAL_01,calcite,315.0000,40.135379
CAL_01,calcite,316.0000,40.135894
CAL_01,calcite,317.0000,40.136413
CAL_01,calcite,318.0000,40.136934
CAL_01,calcite,319.0000,40.137459
CAL_01,calcite,320.0000,40.137988
CAL_01,calcite,321.0000,40.138519
CAL_01,calcite,322.0000,40.139055
CAL_01,calcite,323.0000,40.139593
CAL_01,calcite,324.0000,40.140135
CAL_01,calcite,325.0000,40.140681
CAL_01,calcite,326.0000,40.141230
CAL_01,calcite,327.0000,40.141783
CAL_01,calcite,328.0000,40.142339
CAL_01,calcite,329.0000,40.142899
CAL_01,calcite,330.0000,40.143463
CAL_01,calcite,331.0000,40.144031
CAL_01,calcite,332.0000,40.144602
CAL_01,calcite,333.0000,40.145177
CAL_01,calcite,334.0000,40.145756
CAL_01,calcite,335.0000,40.146339
CAL_01,calcite,336.0000,40.146926
CAL_01,calcite,337.0000,40.147516
CAL_01,calcite,338.0000,40.148111
CAL_01,calcite,339.0000,40.148710
CAL_01,calcite,340.0000,40.149313
CAL_01,calcite,341.0000,40.149919
CAL_01,calcite,342.0000,40.150531
CAL_01,calcite,343.0000,40.151146
CAL_01,calcite,344.0000,40.151765
CAL_01,calcite,345.0000,40.152389
CAL_01,calcite,346.0000,40.153017
CAL_01,calcite,347.0000,40.153650
CAL_01,calcite,348.0000,40.154286
CAL_01,calcite,349.0000,40.154928
CAL_01,calcite,350.0000,40.155573
CAL_01,calcite,351.0000,40.156224
CAL_01,calcite,352.0000,40.156879
CAL_01,calcite,353.0000,40.157538
CAL_01,calcite,354.0000,40.158202
CAL_01,calcite,355.0000,40.158871
CAL_01,calcite,356.0000,40.159545
CAL_01,calcite,357.0000,40.160224
CAL_01,calcite,358.0000,40.160907
CAL_01,calcite,359.0000,40.161596
CAL_01,calcite,360.0000,40.162289
CAL_01,calcite,361.0000,40.162987
CAL_01,calcite,362.0000,40.163691
CAL_01,calcite,363.0000,40.164399
CAL_01,calcite,364.0000,40.165113
CAL_01,calcite,365.0000,40.165832
CAL_01,calcite,366.0000,40.166556
CAL_01,calcite,367.0000,40.167286
CAL_01,calcite,368.0000,40.168021
CAL_01,calcite,369.0000,40.168762
CAL_01,calcite,370.0000,40.169508
CAL_01,calcite,371.0000,40.170259
CAL_01,calcite,372.0000,40.171017
CAL_01,calcite,373.0000,40.171780
CAL_01,calcite,374.0000,40.172549
CAL_01,calcite,375.0000,40.173323
CAL_01,calcite,376.0000,40.174104
CAL_01,calcite,377.0000,40.174890
CAL_01,calcite,378.0000,40.175683
CAL_01,calcite,379.0000,40.176482
CAL_01,calcite,380.0000,40.177287
CAL_01,calcite,381.0000,40.178098
CAL_01,calcite,382.0000,40.178915
CAL_01,calcite,383.0000,40.179739
CAL_01,calcite,384.0000,40.180569
CAL_01,calcite,385.0000,40.181406
CAL_01,calcite,386.0000,40.182249
CAL_01,calcite,387.0000,40.183099
CAL_01,calcite,388.0000,40.183956
CAL_01,calcite,389.0000,40.184819
CAL_01,calcite,390.0000,40.185690
CAL_01,calcite,391.0000,40.186567
CAL_01,calcite,392.0000,40.187452
CAL_01,calcite,393.0000,40.188343
CAL_01,calcite,394.0000,40.189242
CAL_01,calcite,395.0000,40.190148
CAL_01,calcite,396.0000,40.191062
CAL_01,calcite,397.0000,40.191983
CAL_01,calcite,398.0000,40.192911
CAL_01,calcite,399.0000,40.193848
CAL_01,calcite,400.0000,40.194792
CAL_01,calcite,401.0000,40.195744
CAL_01,calcite,402.0000,40.196703
CAL_01,calcite,403.0000,40.197671
CAL_01,calcite,404.0000,40.198647
CAL_01,calcite,405.0000,40.199632
CAL_01,calcite,406.0000,40.200624
CAL_01,calcite,407.0000,40.201625
CAL_01,calcite,408.0000,40.202635
CAL_01,calcite,409.0000,40.203653
CAL_01,calcite,410.0000,40.204680
CAL_01,calcite,411.0000,40.205716
CAL_01,calcite,412.0000,40.206760
CAL_01,calcite,413.0000,40.207814
CAL_01,calcite,414.0000,40.208877
CAL_01,calcite,415.0000,40.209950
CAL_01,calcite,416.0000,40.211031
CAL_01,calcite,417.0000,40.212123
CAL_01,calcite,418.0000,40.213224
CAL_01,calcite,419.0000,40.214334
CAL_01,calcite,420.0000,40.215455
CAL_01,calcite,421.0000,40.216586
CAL_01,calcite,422.0000,40.217727
CAL_01,calcite,423.0000,40.218878
CAL_01,calcite,424.0000,40.220039
CAL_01,calcite,425.0000,40.221212
CAL_01,calcite,426.0000,40.222395
CAL_01,calcite,427.0000,40.223588
CAL_01,calcite,428.0000,40.224793
CAL_01,calcite,429.0000,40.226009
CAL_01,calcite,430.0000,40.227236
CAL_01,calcite,431.0000,40.228475
CAL_01,calcite,432.0000,40.229725
CAL_01,calcite,433.0000,40.230987
CAL_01,calcite,434.0000,40.232261
CAL_01,calcite,435.0000,40.233547
CAL_01,calcite,436.0000,40.234845
CAL_01,calcite,437.0000,40.236156
CAL_01,calcite,438.0000,40.237479
CAL_01,calcite,439.0000,40.238815
CAL_01,calcite,440.0000,40.240164
CAL_01,calcite,441.0000,40.241526
CAL_01,calcite,442.0000,40.242901
CAL_01,calcite,443.0000,40.244290
CAL_01,calcite,444.0000,40.245693
CAL_01,calcite,445.0000,40.247109
CAL_01,calcite,446.0000,40.248539
CAL_01,calcite,447.0000,40.249984
CAL_01,calcite,448.0000,40.251443
CAL_01,calcite,449.0000,40.252917
CAL_01,calcite,450.0000,40.254405
CAL_01,calcite,451.0000,40.255909
CAL_01,calcite,452.0000,40.257428
CAL_01,calcite,453.0000,40.258963
CAL_01,calcite,454.0000,40.260513
CAL_01,calcite,455.0000,40.262080
CAL_01,calcite,456.0000,40.263662
CAL_01,calcite,457.0000,40.265261
CAL_01,calcite,458.0000,40.266877
CAL_01,calcite,459.0000,40.268510
CAL_01,calcite,460.0000,40.270160
CAL_01,calcite,461.0000,40.271828
CAL_01,calcite,462.0000,40.273513
CAL_01,calcite,463.0000,40.275216
CAL_01,calcite,464.0000,40.276938
CAL_01,calcite,465.0000,40.278678
CAL_01,calcite,466.0000,40.280437
CAL_01,calcite,467.0000,40.282216
CAL_01,calcite,468.0000,40.284013
CAL_01,calcite,469.0000,40.285831
CAL_01,calcite,470.0000,40.287669
CAL_01,calcite,471.0000,40.289527
CAL_01,calcite,472.0000,40.291405
CAL_01,calcite,473.0000,40.293305
CAL_01,calcite,474.0000,40.295227
CAL_01,calcite,475.0000,40.297170
CAL_01,calcite,476.0000,40.299135
CAL_01,calcite,477.0000,40.301122
CAL_01,calcite,478.0000,40.303133
CAL_01,calcite,479.0000,40.305166
CAL_01,calcite,480.0000,40.307223
CAL_01,calcite,481.0000,40.309305
CAL_01,calcite,482.0000,40.311410
CAL_01,calcite,483.0000,40.313541
CAL_01,calcite,484.0000,40.315696
CAL_01,calcite,485.0000,40.317877
CAL_01,calcite,486.0000,40.320084
CAL_01,calcite,487.0000,40.322318
CAL_01,calcite,488.0000,40.324579
CAL_01,calcite,489.0000,40.326867
CAL_01,calcite,490.0000,40.329183
CAL_01,calcite,491.0000,40.331527
CAL_01,calcite,492.0000,40.333901
CAL_01,calcite,493.0000,40.336303
CAL_01,calcite,494.0000,40.338736
CAL_01,calcite,495.0000,40.341199
CAL_01,calcite,496.0000,40.343693
CAL_01,calcite,497.0000,40.346218
CAL_01,calcite,498.0000,40.348776
CAL_01,calcite,499.0000,40.351366
CAL_01,calcite,500.0000,40.353990
CAL_01,calcite,501.0000,40.356648
CAL_01,calcite,502.0000,40.359340
CAL_01,calcite,503.0000,40.362067
CAL_01,calcite,504.0000,40.364830
CAL_01,calcite,505.0000,40.367629
CAL_01,calcite,506.0000,40.370466
CAL_01,calcite,507.0000,40.373340
CAL_01,calcite,508.0000,40.376253
CAL_01,calcite,509.0000,40.379205
CAL_01,calcite,510.0000,40.382198
CAL_01,calcite,511.0000,40.385231
CAL_01,calcite,512.0000,40.388306
CAL_01,calcite,513.0000,40.391423
CAL_01,calcite,514.0000,40.394584
CAL_01,calcite,515.0000,40.397788
CAL_01,calcite,516.0000,40.401038
CAL_01,calcite,517.0000,40.404333
CAL_01,calcite,518.0000,40.407676
CAL_01,calcite,519.0000,40.411066
CAL_01,calcite,520.0000,40.414505
CAL_01,calcite,521.0000,40.417993
CAL_01,calcite,522.0000,40.421532
CAL_01,calcite,523.0000,40.425123
CAL_01,calcite,524.0000,40.428767
CAL_01,calcite,525.0000,40.432465
CAL_01,calcite,526.0000,40.436218
CAL_01,calcite,527.0000,40.440027
CAL_01,calcite,528.0000,40.443893
CAL_01,calcite,529.0000,40.447818
CAL_01,calcite,530.0000,40.451803
CAL_01,calcite,531.0000,40.455849
CAL_01,calcite,532.0000,40.459958
CAL_01,calcite,533.0000,40.464131
CAL_01,calcite,534.0000,40.468368
CAL_01,calcite,535.0000,40.472673
CAL_01,calcite,536.0000,40.477045
CAL_01,calcite,537.0000,40.481488
CAL_01,calcite,538.0000,40.486002
CAL_01,calcite,539.0000,40.490588
CAL_01,calcite,540.0000,40.495249
CAL_01,calcite,541.0000,40.499987
CAL_01,calcite,542.0000,40.504802
CAL_01,calcite,543.0000,40.509697
CAL_01,calcite,544.0000,40.514674
CAL_01,calcite,545.0000,40.519734
CAL_01,calcite,546.0000,40.524880
CAL_01,calcite,547.0000,40.530114
CAL_01,calcite,548.0000,40.535437
CAL_01,calcite,549.0000,40.540852
CAL_01,calcite,550.0000,40.546361
CAL_01,calcite,551.0000,40.551967
CAL_01,calcite,552.0000,40.557671
CAL_01,calcite,553.0000,40.563476
CAL_01,calcite,554.0000,40.569385
CAL_01,calcite,555.0000,40.575400
CAL_01,calcite,556.0000,40.581525
CAL_01,calcite,557.0000,40.587761
CAL_01,calcite,558.0000,40.594111
CAL_01,calcite,559.0000,40.600579
CAL_01,calcite,560.0000,40.607167
CAL_01,calcite,561.0000,40.613880
CAL_01,calcite,562.0000,40.620719
CAL_01,calcite,563.0000,40.627688
CAL_01,calcite,564.0000,40.634791
CAL_01,calcite,565.0000,40.642032
CAL_01,calcite,566.0000,40.649413
CAL_01,calcite,567.0000,40.656939
CAL_01,calcite,568.0000,40.664615
CAL_01,calcite,569.0000,40.672443
CAL_01,calcite,570.0000,40.680428
CAL_01,calcite,571.0000,40.688575
CAL_01,calcite,572.0000,40.696888
CAL_01,calcite,573.0000,40.705372
CAL_01,calcite,574.0000,40.714031
CAL_01,calcite,575.0000,40.722871
CAL_01,calcite,576.0000,40.731898
CAL_01,calcite,577.0000,40.741116
CAL_01,calcite,578.0000,40.750531
CAL_01,calcite,579.0000,40.760149
CAL_01,calcite,580.0000,40.769976
CAL_01,calcite,581.0000,40.780018
CAL_01,calcite,582.0000,40.790283
CAL_01,calcite,583.0000,40.800776
CAL_01,calcite,584.0000,40.811505
CAL_01,calcite,585.0000,40.822477
CAL_01,calcite,586.0000,40.833700
CAL_01,calcite,587.0000,40.845181
CAL_01,calcite,588.0000,40.856930
CAL_01,calcite,589.0000,40.868954
CAL_01,calcite,590.0000,40.881263
CAL_01,calcite,591.0000,40.893865
CAL_01,calcite,592.0000,40.906771
CAL_01,calcite,593.0000,40.919991
CAL_01,calcite,594.0000,40.933535
CAL_01,calcite,595.0000,40.947414
CAL_01,calcite,596.0000,40.961640
CAL_01,calcite,597.0000,40.976225
CAL_01,calcite,598.0000,40.991180
CAL_01,calcite,599.0000,41.006520
CAL_01,calcite,600.0000,41.022257
CAL_01,calcite,601.0000,41.038406
CAL_01,calcite,602.0000,41.054982
CAL_01,calcite,603.0000,41.072000
CAL_01,calcite,604.0000,41.089477
CAL_01,calcite,605.0000,41.107430
CAL_01,calcite,606.0000,41.125876
CAL_01,calcite,607.0000,41.144834
CAL_01,calcite,608.0000,41.164323
CAL_01,calcite,609.0000,41.184365
CAL_01,calcite,610.0000,41.204980
CAL_01,calcite,611.0000,41.226192
CAL_01,calcite,612.0000,41.248023
CAL_01,calcite,613.0000,41.270500
CAL_01,calcite,614.0000,41.293647
CAL_01,calcite,615.0000,41.317492
CAL_01,calcite,616.0000,41.342065
CAL_01,calcite,617.0000,41.367396
CAL_01,calcite,618.0000,41.393516
CAL_01,calcite,619.0000,41.420460
CAL_01,calcite,620.0000,41.448263
CAL_01,calcite,621.0000,41.476963
CAL_01,calcite,622.0000,41.506599
CAL_01,calcite,623.0000,41.537213
CAL_01,calcite,624.0000,41.568850
CAL_01,calcite,625.0000,41.601555
CAL_01,calcite,626.0000,41.635379
CAL_01,calcite,627.0000,41.670374
CAL_01,calcite,628.0000,41.706595
CAL_01,calcite,629.0000,41.744101
CAL_01,calcite,630.0000,41.782954
CAL_01,calcite,631.0000,41.823221
CAL_01,calcite,632.0000,41.864971
CAL_01,calcite,633.0000,41.908280
CAL_01,calcite,634.0000,41.953226
CAL_01,calcite,635.0000,41.999895
CAL_01,calcite,636.0000,42.048376
CAL_01,calcite,637.0000,42.098765
CAL_01,calcite,638.0000,42.151165
CAL_01,calcite,639.0000,42.205686
CAL_01,calcite,640.0000,42.262444
CAL_01,calcite,641.0000,42.321565
CAL_01,calcite,642.0000,42.383182
CAL_01,calcite,643.0000,42.447439
CAL_01,calcite,644.0000,42.514492
CAL_01,calcite,645.0000,42.584504
CAL_01,calcite,646.0000,42.657654
CAL_01,calcite,647.0000,42.734134
CAL_01,calcite,648.0000,42.814150
CAL_01,calcite,649.0000,42.897925
CAL_01,calcite,650.0000,42.985699
CAL_01,calcite,651.0000,43.077732
CAL_01,calcite,652.0000,43.174305
CAL_01,calcite,653.0000,43.275724
CAL_01,calcite,654.0000,43.382318
CAL_01,calcite,655.0000,43.494448
CAL_01,calcite,656.0000,43.612504
CAL_01,calcite,657.0000,43.736913
CAL_01,calcite,658.0000,43.868139
CAL_01,calcite,659.0000,44.006691
CAL_01,calcite,660.0000,44.153125
CAL_01,calcite,661.0000,44.308051
CAL_01,calcite,662.0000,44.472138
CAL_01,calcite,663.0000,44.646123
CAL_01,calcite,664.0000,44.830818
CAL_01,calcite,665.0000,45.027120
CAL_01,calcite,666.0000,45.236019
CAL_01,calcite,667.0000,45.458616
CAL_01,calcite,668.0000,45.696132
CAL_01,calcite,669.0000,45.949926
CAL_01,calcite,670.0000,46.221514
CAL_01,calcite,671.0000,46.512594
CAL_01,calcite,672.0000,46.825066
CAL_01,calcite,673.0000,47.161069
CAL_01,calcite,674.0000,47.523011
CAL_01,calcite,675.0000,47.913616
CAL_01,calcite,676.0000,48.335968
CAL_01,calcite,677.0000,48.793575
CAL_01,calcite,678.0000,49.290439
CAL_01,calcite,679.0000,49.831136
CAL_01,calcite,680.0000,50.420924
CAL_01,calcite,681.0000,51.065858
CAL_01,calcite,682.0000,51.772947
CAL_01,calcite,683.0000,52.550327
CAL_01,calcite,684.0000,53.407490
CAL_01,calcite,685.0000,54.355555
CAL_01,calcite,686.0000,55.407605
CAL_01,calcite,687.0000,56.579113
CAL_01,calcite,688.0000,57.888467
CAL_01,calcite,689.0000,59.357636
CAL_01,calcite,690.0000,61.013015
CAL_01,calcite,691.0000,62.886496
CAL_01,calcite,692.0000,65.016839
CAL_01,calcite,693.0000,67.451447
CAL_01,calcite,694.0000,70.248646
CAL_01,calcite,695.0000,73.480653
CAL_01,calcite,696.0000,77.237433
CAL_01,calcite,697.0000,81.631699
CAL_01,calcite,698.0000,86.805380
CAL_01,calcite,699.0000,92.937859
CAL_01,calcite,700.0000,100.256218
CAL_01,calcite,701.0000,109.047324
CAL_01,calcite,702.0000,119.670585
CAL_01,calcite,703.0000,132.567829
CAL_01,calcite,704.0000,148.261463
CAL_01,calcite,705.0000,167.321624
CAL_01,calcite,706.0000,190.264147
CAL_01,calcite,707.0000,217.314685
CAL_01,calcite,708.0000,247.959181
CAL_01,calcite,709.0000,280.268252
CAL_01,calcite,710.0000,310.269642
CAL_01,calcite,711.0000,332.162935
CAL_01,calcite,712.0000,340.272455
CAL_01,calcite,713.0000,332.165770
CAL_01,calcite,714.0000,310.275312
CAL_01,calcite,715.0000,280.276758
CAL_01,calcite,716.0000,247.970523
CAL_01,calcite,717.0000,217.328865
CAL_01,calcite,718.0000,190.281166
CAL_01,calcite,719.0000,167.341482
CAL_01,calcite,720.0000,148.284164
CAL_01,calcite,721.0000,132.593373
CAL_01,calcite,722.0000,119.698975
CAL_01,calcite,723.0000,109.078562
CAL_01,calcite,724.0000,100.290307
CAL_01,calcite,725.0000,92.974802
CAL_01,calcite,726.0000,86.845179
CAL_01,calcite,727.0000,81.674359
CAL_01,calcite,728.0000,77.282956
CAL_01,calcite,729.0000,73.529044
CAL_01,calcite,730.0000,70.299908
CAL_01,calcite,731.0000,67.505585
CAL_01,calcite,732.0000,65.073858
CAL_01,calcite,733.0000,62.946400
CAL_01,calcite,734.0000,61.075810
CAL_01,calcite,735.0000,59.423326
CAL_01,calcite,736.0000,57.957058
CAL_01,calcite,737.0000,56.650612
CAL_01,calcite,738.0000,55.482018
CAL_01,calcite,739.0000,54.432887
CAL_01,calcite,740.0000,53.487748
CAL_01,calcite,741.0000,52.633518
CAL_01,calcite,742.0000,51.859078
CAL_01,calcite,743.0000,51.154937
CAL_01,calcite,744.0000,50.512957
CAL_01,calcite,745.0000,49.926133
CAL_01,calcite,746.0000,49.388407
CAL_01,calcite,747.0000,48.894523
CAL_01,calcite,748.0000,48.439903
CAL_01,calcite,749.0000,48.020549
CAL_01,calcite,750.0000,47.632951
CAL_01,calcite,751.0000,47.274024
CAL_01,calcite,752.0000,46.941047
CAL_01,calcite,753.0000,46.631611
CAL_01,calcite,754.0000,46.343577
CAL_01,calcite,755.0000,46.075046
CAL_01,calcite,756.0000,45.824320
CAL_01,calcite,757.0000,45.589883
CAL_01,calcite,758.0000,45.370376
CAL_01,calcite,759.0000,45.164579
CAL_01,calcite,760.0000,44.971392
CAL_01,calcite,761.0000,44.789824
CAL_01,calcite,762.0000,44.618978
CAL_01,calcite,763.0000,44.458043
CAL_01,calcite,764.0000,44.306283
CAL_01,calcite,765.0000,44.163029
CAL_01,calcite,766.0000,44.027670
CAL_01,calcite,767.0000,43.899651
CAL_01,calcite,768.0000,43.778465
CAL_01,calcite,769.0000,43.663645
CAL_01,calcite,770.0000,43.554768
CAL_01,calcite,771.0000,43.451441
CAL_01,calcite,772.0000,43.353306
CAL_01,calcite,773.0000,43.260033
CAL_01,calcite,774.0000,43.171316
CAL_01,calcite,775.0000,43.086876
CAL_01,calcite,776.0000,43.006451
CAL_01,calcite,777.0000,42.929804
CAL_01,calcite,778.0000,42.856710
CAL_01,calcite,779.0000,42.786964
CAL_01,calcite,780.0000,42.720375
CAL_01,calcite,781.0000,42.656766
CAL_01,calcite,782.0000,42.595970
CAL_01,calcite,783.0000,42.537834
CAL_01,calcite,784.0000,42.482216
CAL_01,calcite,785.0000,42.428980
CAL_01,calcite,786.0000,42.378003
CAL_01,calcite,787.0000,42.329168
CAL_01,calcite,788.0000,42.282365
CAL_01,calcite,789.0000,42.237494
CAL_01,calcite,790.0000,42.194457
CAL_01,calcite,791.0000,42.153165
CAL_01,calcite,792.0000,42.113535
CAL_01,calcite,793.0000,42.075487
CAL_01,calcite,794.0000,42.038947
CAL_01,calcite,795.0000,42.003845
CAL_01,calcite,796.0000,41.970116
CAL_01,calcite,797.0000,41.937698
CAL_01,calcite,798.0000,41.906532
CAL_01,calcite,799.0000,41.876563
CAL_01,calcite,800.0000,41.847740
CAL_01,calcite,801.0000,41.820014
CAL_01,calcite,802.0000,41.793339
CAL_01,calcite,803.0000,41.767670
CAL_01,calcite,804.0000,41.742967
CAL_01,calcite,805.0000,41.719190
CAL_01,calcite,806.0000,41.696302
CAL_01,calcite,807.0000,41.674269
CAL_01,calcite,808.0000,41.653057
CAL_01,calcite,809.0000,41.632634
CAL_01,calcite,810.0000,41.612972
CAL_01,calcite,811.0000,41.594041
CAL_01,calcite,812.0000,41.575814
CAL_01,calcite,813.0000,41.558266
CAL_01,calcite,814.0000,41.541373
CAL_01,calcite,815.0000,41.525112
CAL_01,calcite,816.0000,41.509460
CAL_01,calcite,817.0000,41.494397
CAL_01,calcite,818.0000,41.479903
CAL_01,calcite,819.0000,41.465959
CAL_01,calcite,820.0000,41.452547
CAL_01,calcite,821.0000,41.439650
CAL_01,calcite,822.0000,41.427251
CAL_01,calcite,823.0000,41.415336
CAL_01,calcite,824.0000,41.403889
CAL_01,calcite,825.0000,41.392895
CAL_01,calcite,826.0000,41.382343
CAL_01,calcite,827.0000,41.372218
CAL_01,calcite,828.0000,41.362508
CAL_01,calcite,829.0000,41.353203
CAL_01,calcite,830.0000,41.344290
CAL_01,calcite,831.0000,41.335758
CAL_01,calcite,832.0000,41.327599
CAL_01,calcite,833.0000,41.319802
CAL_01,calcite,834.0000,41.312357
CAL_01,calcite,835.0000,41.305257
CAL_01,calcite,836.0000,41.298492
CAL_01,calcite,837.0000,41.292055
CAL_01,calcite,838.0000,41.285938
CAL_01,calcite,839.0000,41.280133
CAL_01,calcite,840.0000,41.274634
CAL_01,calcite,841.0000,41.269434
CAL_01,calcite,842.0000,41.264526
CAL_01,calcite,843.0000,41.259905
CAL_01,calcite,844.0000,41.255564
CAL_01,calcite,845.0000,41.251499
CAL_01,calcite,846.0000,41.247703
CAL_01,calcite,847.0000,41.244173
CAL_01,calcite,848.0000,41.240903
CAL_01,calcite,849.0000,41.237889
CAL_01,calcite,850.0000,41.235126
CAL_01,calcite,851.0000,41.232611
CAL_01,calcite,852.0000,41.230340
CAL_01,calcite,853.0000,41.228308
CAL_01,calcite,854.0000,41.226513
CAL_01,calcite,855.0000,41.224951
CAL_01,calcite,856.0000,41.223619
CAL_01,calcite,857.0000,41.222515
CAL_01,calcite,858.0000,41.221635
CAL_01,calcite,859.0000,41.220977
CAL_01,calcite,860.0000,41.220539
CAL_01,calcite,861.0000,41.220318
CAL_01,calcite,862.0000,41.220313
CAL_01,calcite,863.0000,41.220521
CAL_01,calcite,864.0000,41.220940
CAL_01,calcite,865.0000,41.221569
CAL_01,calcite,866.0000,41.222407
CAL_01,calcite,867.0000,41.223452
CAL_01,calcite,868.0000,41.224703
CAL_01,calcite,869.0000,41.226158
CAL_01,calcite,870.0000,41.227817
CAL_01,calcite,871.0000,41.229679
CAL_01,calcite,872.0000,41.231744
CAL_01,calcite,873.0000,41.234010
CAL_01,calcite,874.0000,41.236477
CAL_01,calcite,875.0000,41.239145
CAL_01,calcite,876.0000,41.242013
CAL_01,calcite,877.0000,41.245082
CAL_01,calcite,878.0000,41.248351
CAL_01,calcite,879.0000,41.251821
CAL_01,calcite,880.0000,41.255492
CAL_01,calcite,881.0000,41.259364
CAL_01,calcite,882.0000,41.263437
CAL_01,calcite,883.0000,41.267713
CAL_01,calcite,884.0000,41.272191
CAL_01,calcite,885.0000,41.276873
CAL_01,calcite,886.0000,41.281759
CAL_01,calcite,887.0000,41.286851
CAL_01,calcite,888.0000,41.292150
CAL_01,calcite,889.0000,41.297657
CAL_01,calcite,890.0000,41.303373
CAL_01,calcite,891.0000,41.309299
CAL_01,calcite,892.0000,41.315438
CAL_01,calcite,893.0000,41.321791
CAL_01,calcite,894.0000,41.328360
CAL_01,calcite,895.0000,41.335147
CAL_01,calcite,896.0000,41.342154
CAL_01,calcite,897.0000,41.349383
CAL_01,calcite,898.0000,41.356836
CAL_01,calcite,899.0000,41.364516
CAL_01,calcite,900.0000,41.372425
CAL_01,calcite,901.0000,41.380567
CAL_01,calcite,902.0000,41.388944
CAL_01,calcite,903.0000,41.397558
CAL_01,calcite,904.0000,41.406414
CAL_01,calcite,905.0000,41.415514
CAL_01,calcite,906.0000,41.424861
CAL_01,calcite,907.0000,41.434460
CAL_01,calcite,908.0000,41.444314
CAL_01,calcite,909.0000,41.454426
CAL_01,calcite,910.0000,41.464801
CAL_01,calcite,911.0000,41.475443
CAL_01,calcite,912.0000,41.486357
CAL_01,calcite,913.0000,41.497546
CAL_01,calcite,914.0000,41.509015
CAL_01,calcite,915.0000,41.520770
CAL_01,calcite,916.0000,41.532815
CAL_01,calcite,917.0000,41.545156
CAL_01,calcite,918.0000,41.557797
CAL_01,calcite,919.0000,41.570746
CAL_01,calcite,920.0000,41.584006
CAL_01,calcite,921.0000,41.597585
CAL_01,calcite,922.0000,41.611489
CAL_01,calcite,923.0000,41.625724
CAL_01,calcite,924.0000,41.640296
CAL_01,calcite,925.0000,41.655214
CAL_01,calcite,926.0000,41.670484
CAL_01,calcite,927.0000,41.686113
CAL_01,calcite,928.0000,41.702110
CAL_01,calcite,929.0000,41.718482
CAL_01,calcite,930.0000,41.735238
CAL_01,calcite,931.0000,41.752386
CAL_01,calcite,932.0000,41.769935
CAL_01,calcite,933.0000,41.787895
CAL_01,calcite,934.0000,41.806275
CAL_01,calcite,935.0000,41.825085
CAL_01,calcite,936.0000,41.844335
CAL_01,calcite,937.0000,41.864035
CAL_01,calcite,938.0000,41.884198
CAL_01,calcite,939.0000,41.904834
CAL_01,calcite,940.0000,41.925956
CAL_01,calcite,941.0000,41.947574
CAL_01,calcite,942.0000,41.969703
CAL_01,calcite,943.0000,41.992356
CAL_01,calcite,944.0000,42.015545
CAL_01,calcite,945.0000,42.039286
CAL_01,calcite,946.0000,42.063593
CAL_01,calcite,947.0000,42.088481
CAL_01,calcite,948.0000,42.113966
CAL_01,calcite,949.0000,42.140065
CAL_01,calcite,950.0000,42.166794
CAL_01,calcite,951.0000,42.194172
CAL_01,calcite,952.0000,42.222216
CAL_01,calcite,953.0000,42.250947
CAL_01,calcite,954.0000,42.280383
CAL_01,calcite,955.0000,42.310546
CAL_01,calcite,956.0000,42.341456
CAL_01,calcite,957.0000,42.373137
CAL_01,calcite,958.0000,42.405611
CAL_01,calcite,959.0000,42.438902
CAL_01,calcite,960.0000,42.473036
CAL_01,calcite,961.0000,42.508039
CAL_01,calcite,962.0000,42.543937
CAL_01,calcite,963.0000,42.580760
CAL_01,calcite,964.0000,42.618536
CAL_01,calcite,965.0000,42.657296
CAL_01,calcite,966.0000,42.697073
CAL_01,calcite,967.0000,42.737900
CAL_01,calcite,968.0000,42.779810
CAL_01,calcite,969.0000,42.822842
CAL_01,calcite,970.0000,42.867032
CAL_01,calcite,971.0000,42.912421
CAL_01,calcite,972.0000,42.959049
CAL_01,calcite,973.0000,43.006959
CAL_01,calcite,974.0000,43.056197
CAL_01,calcite,975.0000,43.106809
CAL_01,calcite,976.0000,43.158846
CAL_01,calcite,977.0000,43.212357
CAL_01,calcite,978.0000,43.267398
CAL_01,calcite,979.0000,43.324025
CAL_01,calcite,980.0000,43.382296
CAL_01,calcite,981.0000,43.442274
CAL_01,calcite,982.0000,43.504024
CAL_01,calcite,983.0000,43.567613
CAL_01,calcite,984.0000,43.633113
CAL_01,calcite,985.0000,43.700600
CAL_01,calcite,986.0000,43.770150
CAL_01,calcite,987.0000,43.841848
CAL_01,calcite,988.0000,43.915781
CAL_01,calcite,989.0000,43.992038
CAL_01,calcite,990.0000,44.070718
CAL_01,calcite,991.0000,44.151920
CAL_01,calcite,992.0000,44.235751
CAL_01,calcite,993.0000,44.322324
CAL_01,calcite,994.0000,44.411757
CAL_01,calcite,995.0000,44.504175
CAL_01,calcite,996.0000,44.599709
CAL_01,calcite,997.0000,44.698499
CAL_01,calcite,998.0000,44.800692
CAL_01,calcite,999.0000,44.906443
CAL_01,calcite,1000.0000,45.015917
CAL_01,calcite,1001.0000,45.129288
CAL_01,calcite,1002.0000,45.246740
CAL_01,calcite,1003.0000,45.368469
CAL_01,calcite,1004.0000,45.494683
CAL_01,calcite,1005.0000,45.625601
CAL_01,calcite,1006.0000,45.761458
CAL_01,calcite,1007.0000,45.902502
CAL_01,calcite,1008.0000,46.048997
CAL_01,calcite,1009.0000,46.201225
CAL_01,calcite,1010.0000,46.359487
CAL_01,calcite,1011.0000,46.524102
CAL_01,calcite,1012.0000,46.695411
CAL_01,calcite,1013.0000,46.873779
CAL_01,calcite,1014.0000,47.059597
CAL_01,calcite,1015.0000,47.253280
CAL_01,calcite,1016.0000,47.455276
CAL_01,calcite,1017.0000,47.666063
CAL_01,calcite,1018.0000,47.886155
CAL_01,calcite,1019.0000,48.116103
CAL_01,calcite,1020.0000,48.356502
CAL_01,calcite,1021.0000,48.607989
CAL_01,calcite,1022.0000,48.871252
CAL_01,calcite,1023.0000,49.147032
CAL_01,calcite,1024.0000,49.436132
CAL_01,calcite,1025.0000,49.739417
CAL_01,calcite,1026.0000,50.057823
CAL_01,calcite,1027.0000,50.392368
CAL_01,calcite,1028.0000,50.744154
CAL_01,calcite,1029.0000,51.114377
CAL_01,calcite,1030.0000,51.504343
CAL_01,calcite,1031.0000,51.915470
CAL_01,calcite,1032.0000,52.349309
CAL_01,calcite,1033.0000,52.807552
CAL_01,calcite,1034.0000,53.292055
CAL_01,calcite,1035.0000,53.804849
CAL_01,calcite,1036.0000,54.348166
CAL_01,calcite,1037.0000,54.924462
CAL_01,calcite,1038.0000,55.536443
CAL_01,calcite,1039.0000,56.187096
CAL_01,calcite,1040.0000,56.879727
CAL_01,calcite,1041.0000,57.618000
CAL_01,calcite,1042.0000,58.405986
CAL_01,calcite,1043.0000,59.248215
CAL_01,calcite,1044.0000,60.149743
CAL_01,calcite,1045.0000,61.116224
CAL_01,calcite,1046.0000,62.153998
CAL_01,calcite,1047.0000,63.270188
CAL_01,calcite,1048.0000,64.472826
CAL_01,calcite,1049.0000,65.770985
CAL_01,calcite,1050.0000,67.174951
CAL_01,calcite,1051.0000,68.696417
CAL_01,calcite,1052.0000,70.348717
CAL_01,calcite,1053.0000,72.147111
CAL_01,calcite,1054.0000,74.109118
CAL_01,calcite,1055.0000,76.254929
CAL_01,calcite,1056.0000,78.607900
CAL_01,calcite,1057.0000,81.195156
CAL_01,calcite,1058.0000,84.048335
CAL_01,calcite,1059.0000,87.204498
CAL_01,calcite,1060.0000,90.707256
CAL_01,calcite,1061.0000,94.608185
CAL_01,calcite,1062.0000,98.968578
CAL_01,calcite,1063.0000,103.861667
CAL_01,calcite,1064.0000,109.375434
CAL_01,calcite,1065.0000,115.616181
CAL_01,calcite,1066.0000,122.713116
CAL_01,calcite,1067.0000,130.824241
CAL_01,calcite,1068.0000,140.143979
CAL_01,calcite,1069.0000,150.913055
CAL_01,calcite,1070.0000,163.431347
CAL_01,calcite,1071.0000,178.074568
CAL_01,calcite,1072.0000,195.315813
CAL_01,calcite,1073.0000,215.753027
CAL_01,calcite,1074.0000,240.143149
CAL_01,calcite,1075.0000,269.442396
CAL_01,calcite,1076.0000,304.848807
CAL_01,calcite,1077.0000,347.835130
CAL_01,calcite,1078.0000,400.142727
CAL_01,calcite,1079.0000,463.672049
CAL_01,calcite,1080.0000,540.142555
CAL_01,calcite,1081.0000,630.306413
CAL_01,calcite,1082.0000,732.450102
CAL_01,calcite,1083.0000,840.142346
CAL_01,calcite,1084.0000,940.142290
CAL_01,calcite,1085.0000,1013.115213
CAL_01,calcite,1086.0000,1040.142196
CAL_01,calcite,1087.0000,1013.115132
CAL_01,calcite,1088.0000,940.142129
CAL_01,calcite,1089.0000,840.142105
CAL_01,calcite,1090.0000,732.449780
CAL_01,calcite,1091.0000,630.306011
CAL_01,calcite,1092.0000,540.142072
CAL_01,calcite,1093.0000,463.671486
CAL_01,calcite,1094.0000,400.142083
CAL_01,calcite,1095.0000,347.834406
CAL_01,calcite,1096.0000,304.848002
CAL_01,calcite,1097.0000,269.441511
CAL_01,calcite,1098.0000,240.142183
CAL_01,calcite,1099.0000,215.751981
CAL_01,calcite,1100.0000,195.314686
CAL_01,calcite,1101.0000,178.073362
CAL_01,calcite,1102.0000,163.430060
CAL_01,calcite,1103.0000,150.911688
CAL_01,calcite,1104.0000,140.142532
CAL_01,calcite,1105.0000,130.822714
CAL_01,calcite,1106.0000,122.711508
CAL_01,calcite,1107.0000,115.614494
CAL_01,calcite,1108.0000,109.373667
CAL_01,calcite,1109.0000,103.859820
CAL_01,calcite,1110.0000,98.966651
CAL_01,calcite,1111.0000,94.606178
CAL_01,calcite,1112.0000,90.705170
CAL_01,calcite,1113.0000,87.202332
CAL_01,calcite,1114.0000,84.046090
CAL_01,calcite,1115.0000,81.192831
CAL_01,calcite,1116.0000,78.605496
CAL_01,calcite,1117.0000,76.252446
CAL_01,calcite,1118.0000,74.106556
CAL_01,calcite,1119.0000,72.144470
CAL_01,calcite,1120.0000,70.345997
CAL_01,calcite,1121.0000,68.693617
CAL_01,calcite,1122.0000,67.172073
CAL_01,calcite,1123.0000,65.768028
CAL_01,calcite,1124.0000,64.469791
CAL_01,calcite,1125.0000,63.267075
CAL_01,calcite,1126.0000,62.150806
CAL_01,calcite,1127.0000,61.112954
CAL_01,calcite,1128.0000,60.146395
CAL_01,calcite,1129.0000,59.244789
CAL_01,calcite,1130.0000,58.402483
CAL_01,calcite,1131.0000,57.614419
CAL_01,calcite,1132.0000,56.876069
CAL_01,calcite,1133.0000,56.183360
CAL_01,calcite,1134.0000,55.532630
CAL_01,calcite,1135.0000,54.920573
CAL_01,calcite,1136.0000,54.344200
CAL_01,calcite,1137.0000,53.800807
CAL_01,calcite,1138.0000,53.287936
CAL_01,calcite,1139.0000,52.803358
CAL_01,calcite,1140.0000,52.345038
CAL_01,calcite,1141.0000,51.911124
CAL_01,calcite,1142.0000,51.499921
CAL_01,calcite,1143.0000,51.109881
CAL_01,calcite,1144.0000,50.739582
CAL_01,calcite,1145.0000,50.387722
CAL_01,calcite,1146.0000,50.053103
CAL_01,calcite,1147.0000,49.734622
CAL_01,calcite,1148.0000,49.431264
CAL_01,calcite,1149.0000,49.142091
CAL_01,calcite,1150.0000,48.866237
CAL_01,calcite,1151.0000,48.602901
CAL_01,calcite,1152.0000,48.351342
CAL_01,calcite,1153.0000,48.110871
CAL_01,calcite,1154.0000,47.880850
CAL_01,calcite,1155.0000,47.660687
CAL_01,calcite,1156.0000,47.449828
CAL_01,calcite,1157.0000,47.247762
CAL_01,calcite,1158.0000,47.054008
CAL_01,calcite,1159.0000,46.868121
CAL_01,calcite,1160.0000,46.689683
CAL_01,calcite,1161.0000,46.518305
CAL_01,calcite,1162.0000,46.353621
CAL_01,calcite,1163.0000,46.195291
CAL_01,calcite,1164.0000,46.042995
CAL_01,calcite,1165.0000,45.896432
CAL_01,calcite,1166.0000,45.755322
CAL_01,calcite,1167.0000,45.619399
CAL_01,calcite,1168.0000,45.488415
CAL_01,calcite,1169.0000,45.362136
CAL_01,calcite,1170.0000,45.240342
CAL_01,calcite,1171.0000,45.122826
CAL_01,calcite,1172.0000,45.009392
CAL_01,calcite,1173.0000,44.899855
CAL_01,calcite,1174.0000,44.794042
CAL_01,calcite,1175.0000,44.691788
CAL_01,calcite,1176.0000,44.592937
CAL_01,calcite,1177.0000,44.497342
CAL_01,calcite,1178.0000,44.404865
CAL_01,calcite,1179.0000,44.315374
CAL_01,calcite,1180.0000,44.228743
CAL_01,calcite,1181.0000,44.144855
CAL_01,calcite,1182.0000,44.063597
CAL_01,calcite,1183.0000,43.984862
CAL_01,calcite,1184.0000,43.908550
CAL_01,calcite,1185.0000,43.834564
CAL_01,calcite,1186.0000,43.762814
CAL_01,calcite,1187.0000,43.693211
CAL_01,calcite,1188.0000,43.625675
CAL_01,calcite,1189.0000,43.560125
CAL_01,calcite,1190.0000,43.496487
CAL_01,calcite,1191.0000,43.434691
CAL_01,calcite,1192.0000,43.374666
CAL_01,calcite,1193.0000,43.316350
CAL_01,calcite,1194.0000,43.259679
CAL_01,calcite,1195.0000,43.204596
CAL_01,calcite,1196.0000,43.151043
CAL_01,calcite,1197.0000,43.098967
CAL_01,calcite,1198.0000,43.048316
CAL_01,calcite,1199.0000,42.999041
CAL_01,calcite,1200.0000,42.951095
CAL_01,calcite,1201.0000,42.904433
CAL_01,calcite,1202.0000,42.859012
CAL_01,calcite,1203.0000,42.814790
CAL_01,calcite,1204.0000,42.771729
CAL_01,calcite,1205.0000,42.729791
CAL_01,calcite,1206.0000,42.688938
CAL_01,calcite,1207.0000,42.649137
CAL_01,calcite,1208.0000,42.610354
CAL_01,calcite,1209.0000,42.572558
CAL_01,calcite,1210.0000,42.535717
CAL_01,calcite,1211.0000,42.499802
CAL_01,calcite,1212.0000,42.464785
CAL_01,calcite,1213.0000,42.430639
CAL_01,calcite,1214.0000,42.397338
CAL_01,calcite,1215.0000,42.364857
CAL_01,calcite,1216.0000,42.333171
CAL_01,calcite,1217.0000,42.302258
CAL_01,calcite,1218.0000,42.272095
CAL_01,calcite,1219.0000,42.242661
CAL_01,calcite,1220.0000,42.213936
CAL_01,calcite,1221.0000,42.185900
CAL_01,calcite,1222.0000,42.158533
CAL_01,calcite,1223.0000,42.131817
CAL_01,calcite,1224.0000,42.105735
CAL_01,calcite,1225.0000,42.080270
CAL_01,calcite,1226.0000,42.055406
CAL_01,calcite,1227.0000,42.031126
CAL_01,calcite,1228.0000,42.007415
CAL_01,calcite,1229.0000,41.984260
CAL_01,calcite,1230.0000,41.961645
CAL_01,calcite,1231.0000,41.939557
CAL_01,calcite,1232.0000,41.917984
CAL_01,calcite,1233.0000,41.896912
CAL_01,calcite,1234.0000,41.876329
CAL_01,calcite,1235.0000,41.856224
CAL_01,calcite,1236.0000,41.836586
CAL_01,calcite,1237.0000,41.817403
CAL_01,calcite,1238.0000,41.798665
CAL_01,calcite,1239.0000,41.780362
CAL_01,calcite,1240.0000,41.762484
CAL_01,calcite,1241.0000,41.745021
CAL_01,calcite,1242.0000,41.727966
CAL_01,calcite,1243.0000,41.711308
CAL_01,calcite,1244.0000,41.695040
CAL_01,calcite,1245.0000,41.679153
CAL_01,calcite,1246.0000,41.663640
CAL_01,calcite,1247.0000,41.648492
CAL_01,calcite,1248.0000,41.633704
CAL_01,calcite,1249.0000,41.619267
CAL_01,calcite,1250.0000,41.605175
CAL_01,calcite,1251.0000,41.591421
CAL_01,calcite,1252.0000,41.578000
CAL_01,calcite,1253.0000,41.564905
CAL_01,calcite,1254.0000,41.552131
CAL_01,calcite,1255.0000,41.539671
CAL_01,calcite,1256.0000,41.527521
CAL_01,calcite,1257.0000,41.515675
CAL_01,calcite,1258.0000,41.504129
CAL_01,calcite,1259.0000,41.492877
CAL_01,calcite,1260.0000,41.481916
CAL_01,calcite,1261.0000,41.471241
CAL_01,calcite,1262.0000,41.460848
CAL_01,calcite,1263.0000,41.450732
CAL_01,calcite,1264.0000,41.440890
CAL_01,calcite,1265.0000,41.431319
CAL_01,calcite,1266.0000,41.422015
CAL_01,calcite,1267.0000,41.412974
CAL_01,calcite,1268.0000,41.404194
CAL_01,calcite,1269.0000,41.395672
CAL_01,calcite,1270.0000,41.387405
CAL_01,calcite,1271.0000,41.379390
CAL_01,calcite,1272.0000,41.371624
CAL_01,calcite,1273.0000,41.364107
CAL_01,calcite,1274.0000,41.356834
CAL_01,calcite,1275.0000,41.349805
CAL_01,calcite,1276.0000,41.343018
CAL_01,calcite,1277.0000,41.336470
CAL_01,calcite,1278.0000,41.330161
CAL_01,calcite,1279.0000,41.324089
CAL_01,calcite,1280.0000,41.318252
CAL_01,calcite,1281.0000,41.312650
CAL_01,calcite,1282.0000,41.307281
CAL_01,calcite,1283.0000,41.302146
CAL_01,calcite,1284.0000,41.297242
CAL_01,calcite,1285.0000,41.292570
CAL_01,calcite,1286.0000,41.288130
CAL_01,calcite,1287.0000,41.283920
CAL_01,calcite,1288.0000,41.279942
CAL_01,calcite,1289.0000,41.276194
CAL_01,calcite,1290.0000,41.272678
CAL_01,calcite,1291.0000,41.269394
CAL_01,calcite,1292.0000,41.266343
CAL_01,calcite,1293.0000,41.263524
CAL_01,calcite,1294.0000,41.260940
CAL_01,calcite,1295.0000,41.258591
CAL_01,calcite,1296.0000,41.256478
CAL_01,calcite,1297.0000,41.254603
CAL_01,calcite,1298.0000,41.252968
CAL_01,calcite,1299.0000,41.251573
CAL_01,calcite,1300.0000,41.250422
CAL_01,calcite,1301.0000,41.249517
CAL_01,calcite,1302.0000,41.248859
CAL_01,calcite,1303.0000,41.248451
CAL_01,calcite,1304.0000,41.248297
CAL_01,calcite,1305.0000,41.248399
CAL_01,calcite,1306.0000,41.248760
CAL_01,calcite,1307.0000,41.249385
CAL_01,calcite,1308.0000,41.250275
CAL_01,calcite,1309.0000,41.251437
CAL_01,calcite,1310.0000,41.252873
CAL_01,calcite,1311.0000,41.254588
CAL_01,calcite,1312.0000,41.256588
CAL_01,calcite,1313.0000,41.258876
CAL_01,calcite,1314.0000,41.261459
CAL_01,calcite,1315.0000,41.264343
CAL_01,calcite,1316.0000,41.267532
CAL_01,calcite,1317.0000,41.271034
CAL_01,calcite,1318.0000,41.274855
CAL_01,calcite,1319.0000,41.279002
CAL_01,calcite,1320.0000,41.283483
CAL_01,calcite,1321.0000,41.288306
CAL_01,calcite,1322.0000,41.293479
CAL_01,calcite,1323.0000,41.299010
CAL_01,calcite,1324.0000,41.304909
CAL_01,calcite,1325.0000,41.311186
CAL_01,calcite,1326.0000,41.317851
CAL_01,calcite,1327.0000,41.324915
CAL_01,calcite,1328.0000,41.332389
CAL_01,calcite,1329.0000,41.340285
CAL_01,calcite,1330.0000,41.348615
CAL_01,calcite,1331.0000,41.357394
CAL_01,calcite,1332.0000,41.366635
CAL_01,calcite,1333.0000,41.376352
CAL_01,calcite,1334.0000,41.386562
CAL_01,calcite,1335.0000,41.397281
CAL_01,calcite,1336.0000,41.408526
CAL_01,calcite,1337.0000,41.420315
CAL_01,calcite,1338.0000,41.432668
CAL_01,calcite,1339.0000,41.445605
CAL_01,calcite,1340.0000,41.459148
CAL_01,calcite,1341.0000,41.473318
CAL_01,calcite,1342.0000,41.488140
CAL_01,calcite,1343.0000,41.503640
CAL_01,calcite,1344.0000,41.519843
CAL_01,calcite,1345.0000,41.536779
CAL_01,calcite,1346.0000,41.554477
CAL_01,calcite,1347.0000,41.572969
CAL_01,calcite,1348.0000,41.592288
CAL_01,calcite,1349.0000,41.612469
CAL_01,calcite,1350.0000,41.633552
CAL_01,calcite,1351.0000,41.655574
CAL_01,calcite,1352.0000,41.678579
CAL_01,calcite,1353.0000,41.702612
CAL_01,calcite,1354.0000,41.727721
CAL_01,calcite,1355.0000,41.753956
CAL_01,calcite,1356.0000,41.781371
CAL_01,calcite,1357.0000,41.810025
CAL_01,calcite,1358.0000,41.839978
CAL_01,calcite,1359.0000,41.871296
CAL_01,calcite,1360.0000,41.904048
CAL_01,calcite,1361.0000,41.938310
CAL_01,calcite,1362.0000,41.974161
CAL_01,calcite,1363.0000,42.011687
CAL_01,calcite,1364.0000,42.050977
CAL_01,calcite,1365.0000,42.092131
CAL_01,calcite,1366.0000,42.135253
CAL_01,calcite,1367.0000,42.180456
CAL_01,calcite,1368.0000,42.227860
CAL_01,calcite,1369.0000,42.277595
CAL_01,calcite,1370.0000,42.329802
CAL_01,calcite,1371.0000,42.384631
CAL_01,calcite,1372.0000,42.442245
CAL_01,calcite,1373.0000,42.502820
CAL_01,calcite,1374.0000,42.566546
CAL_01,calcite,1375.0000,42.633629
CAL_01,calcite,1376.0000,42.704291
CAL_01,calcite,1377.0000,42.778776
CAL_01,calcite,1378.0000,42.857345
CAL_01,calcite,1379.0000,42.940286
CAL_01,calcite,1380.0000,43.027911
CAL_01,calcite,1381.0000,43.120559
CAL_01,calcite,1382.0000,43.218603
CAL_01,calcite,1383.0000,43.322451
CAL_01,calcite,1384.0000,43.432550
CAL_01,calcite,1385.0000,43.549389
CAL_01,calcite,1386.0000,43.673510
CAL_01,calcite,1387.0000,43.805506
CAL_01,calcite,1388.0000,43.946035
CAL_01,calcite,1389.0000,44.095824
CAL_01,calcite,1390.0000,44.255679
CAL_01,calcite,1391.0000,44.426494
CAL_01,calcite,1392.0000,44.609266
CAL_01,calcite,1393.0000,44.805107
CAL_01,calcite,1394.0000,45.015261
CAL_01,calcite,1395.0000,45.241122
CAL_01,calcite,1396.0000,45.484257
CAL_01,calcite,1397.0000,45.746432
CAL_01,calcite,1398.0000,46.029644
CAL_01,calcite,1399.0000,46.336155
CAL_01,calcite,1400.0000,46.668537
CAL_01,calcite,1401.0000,47.029724
CAL_01,calcite,1402.0000,47.423072
CAL_01,calcite,1403.0000,47.852435
CAL_01,calcite,1404.0000,48.322255
CAL_01,calcite,1405.0000,48.837670
CAL_01,calcite,1406.0000,49.404648
CAL_01,calcite,1407.0000,50.030147
CAL_01,calcite,1408.0000,50.722323
CAL_01,calcite,1409.0000,51.490768
CAL_01,calcite,1410.0000,52.346829
CAL_01,calcite,1411.0000,53.303991
CAL_01,calcite,1412.0000,54.378364
CAL_01,calcite,1413.0000,55.589304
CAL_01,calcite,1414.0000,56.960198
CAL_01,calcite,1415.0000,58.519470
CAL_01,calcite,1416.0000,60.301881
CAL_01,calcite,1417.0000,62.350204
CAL_01,calcite,1418.0000,64.717398
CAL_01,calcite,1419.0000,67.469436
CAL_01,calcite,1420.0000,70.688975
CAL_01,calcite,1421.0000,74.480096
CAL_01,calcite,1422.0000,78.974345
CAL_01,calcite,1423.0000,84.338250
CAL_01,calcite,1424.0000,90.782178
CAL_01,calcite,1425.0000,98.569698
CAL_01,calcite,1426.0000,108.024813
CAL_01,calcite,1427.0000,119.530623
CAL_01,calcite,1428.0000,133.505228
CAL_01,calcite,1429.0000,150.326908
CAL_01,calcite,1430.0000,170.161140
CAL_01,calcite,1431.0000,192.630948
CAL_01,calcite,1432.0000,216.321453
CAL_01,calcite,1433.0000,238.319666
CAL_01,calcite,1434.0000,254.371948
CAL_01,calcite,1435.0000,260.316136
CAL_01,calcite,1436.0000,254.368448
CAL_01,calcite,1437.0000,238.312666
CAL_01,calcite,1438.0000,216.310952
CAL_01,calcite,1439.0000,192.616945
CAL_01,calcite,1440.0000,170.143633
CAL_01,calcite,1441.0000,150.305897
CAL_01,calcite,1442.0000,133.480710
CAL_01,calcite,1443.0000,119.502596
CAL_01,calcite,1444.0000,107.993273
CAL_01,calcite,1445.0000,98.534643
CAL_01,calcite,1446.0000,90.743605
CAL_01,calcite,1447.0000,84.296155
CAL_01,calcite,1448.0000,78.928724
CAL_01,calcite,1449.0000,74.430944
CAL_01,calcite,1450.0000,70.636288
CAL_01,calcite,1451.0000,67.413209
CAL_01,calcite,1452.0000,64.657625
CAL_01,calcite,1453.0000,62.286879
CAL_01,calcite,1454.0000,60.234998
CAL_01,calcite,1455.0000,58.449023
CAL_01,calcite,1456.0000,56.886180
CAL_01,calcite,1457.0000,55.511708
CAL_01,calcite,1458.0000,54.297182
CAL_01,calcite,1459.0000,53.219215
CAL_01,calcite,1460.0000,52.258452
CAL_01,calcite,1461.0000,51.398780
CAL_01,calcite,1462.0000,50.626715
CAL_01,calcite,1463.0000,49.930911
CAL_01,calcite,1464.0000,49.301773
CAL_01,calcite,1465.0000,48.731147
CAL_01,calcite,1466.0000,48.212072
CAL_01,calcite,1467.0000,47.738582
CAL_01,calcite,1468.0000,47.305538
CAL_01,calcite,1469.0000,46.908498
CAL_01,calcite,1470.0000,46.543606
CAL_01,calcite,1471.0000,46.207507
CAL_01,calcite,1472.0000,45.897266
CAL_01,calcite,1473.0000,45.610312
CAL_01,calcite,1474.0000,45.344380
CAL_01,calcite,1475.0000,45.097474
CAL_01,calcite,1476.0000,44.867829
CAL_01,calcite,1477.0000,44.653875
CAL_01,calcite,1478.0000,44.454219
CAL_01,calcite,1479.0000,44.267617
CAL_01,calcite,1480.0000,44.092955
CAL_01,calcite,1481.0000,43.929238
CAL_01,calcite,1482.0000,43.775570
CAL_01,calcite,1483.0000,43.631144
CAL_01,calcite,1484.0000,43.495233
CAL_01,calcite,1485.0000,43.367180
CAL_01,calcite,1486.0000,43.246389
CAL_01,calcite,1487.0000,43.132320
CAL_01,calcite,1488.0000,43.024482
CAL_01,calcite,1489.0000,42.922428
CAL_01,calcite,1490.0000,42.825750
CAL_01,calcite,1491.0000,42.734074
CAL_01,calcite,1492.0000,42.647061
CAL_01,calcite,1493.0000,42.564397
CAL_01,calcite,1494.0000,42.485795
CAL_01,calcite,1495.0000,42.410993
CAL_01,calcite,1496.0000,42.339747
CAL_01,calcite,1497.0000,42.271834
CAL_01,calcite,1498.0000,42.207048
CAL_01,calcite,1499.0000,42.145197
CAL_01,calcite,1500.0000,42.086106
CAL_01,calcite,1501.0000,42.029612
CAL_01,calcite,1502.0000,41.975562
CAL_01,calcite,1503.0000,41.923817
CAL_01,calcite,1504.0000,41.874245
CAL_01,calcite,1505.0000,41.826726
CAL_01,calcite,1506.0000,41.781146
CAL_01,calcite,1507.0000,41.737400
CAL_01,calcite,1508.0000,41.695390
CAL_01,calcite,1509.0000,41.655023
CAL_01,calcite,1510.0000,41.616214
CAL_01,calcite,1511.0000,41.578882
CAL_01,calcite,1512.0000,41.542953
CAL_01,calcite,1513.0000,41.508356
CAL_01,calcite,1514.0000,41.475024
CAL_01,calcite,1515.0000,41.442897
CAL_01,calcite,1516.0000,41.411914
CAL_01,calcite,1517.0000,41.382023
CAL_01,calcite,1518.0000,41.353170
CAL_01,calcite,1519.0000,41.325308
CAL_01,calcite,1520.0000,41.298391
CAL_01,calcite,1521.0000,41.272376
CAL_01,calcite,1522.0000,41.247222
CAL_01,calcite,1523.0000,41.222891
CAL_01,calcite,1524.0000,41.199346
CAL_01,calcite,1525.0000,41.176554
CAL_01,calcite,1526.0000,41.154481
CAL_01,calcite,1527.0000,41.133097
CAL_01,calcite,1528.0000,41.112373
CAL_01,calcite,1529.0000,41.092282
CAL_01,calcite,1530.0000,41.072797
CAL_01,calcite,1531.0000,41.053894
CAL_01,calcite,1532.0000,41.035548
CAL_01,calcite,1533.0000,41.017738
CAL_01,calcite,1534.0000,41.000443
CAL_01,calcite,1535.0000,40.983642
CAL_01,calcite,1536.0000,40.967316
CAL_01,calcite,1537.0000,40.951447
CAL_01,calcite,1538.0000,40.936017
CAL_01,calcite,1539.0000,40.921010
CAL_01,calcite,1540.0000,40.906410
CAL_01,calcite,1541.0000,40.892202
CAL_01,calcite,1542.0000,40.878372
CAL_01,calcite,1543.0000,40.864905
CAL_01,calcite,1544.0000,40.851790
CAL_01,calcite,1545.0000,40.839013
CAL_01,calcite,1546.0000,40.826562
CAL_01,calcite,1547.0000,40.814426
CAL_01,calcite,1548.0000,40.802595
CAL_01,calcite,1549.0000,40.791057
CAL_01,calcite,1550.0000,40.779802
CAL_01,calcite,1551.0000,40.768822
CAL_01,calcite,1552.0000,40.758106
CAL_01,calcite,1553.0000,40.747647
CAL_01,calcite,1554.0000,40.737436
CAL_01,calcite,1555.0000,40.727464
CAL_01,calcite,1556.0000,40.717724
CAL_01,calcite,1557.0000,40.708208
CAL_01,calcite,1558.0000,40.698910
CAL_01,calcite,1559.0000,40.689822
CAL_01,calcite,1560.0000,40.680938
CAL_01,calcite,1561.0000,40.672251
CAL_01,calcite,1562.0000,40.663757
CAL_01,calcite,1563.0000,40.655447
CAL_01,calcite,1564.0000,40.647318
CAL_01,calcite,1565.0000,40.639364
CAL_01,calcite,1566.0000,40.631579
CAL_01,calcite,1567.0000,40.623958
CAL_01,calcite,1568.0000,40.616497
CAL_01,calcite,1569.0000,40.609191
CAL_01,calcite,1570.0000,40.602036
CAL_01,calcite,1571.0000,40.595026
CAL_01,calcite,1572.0000,40.588159
CAL_01,calcite,1573.0000,40.581430
CAL_01,calcite,1574.0000,40.574835
CAL_01,calcite,1575.0000,40.568370
CAL_01,calcite,1576.0000,40.562032
CAL_01,calcite,1577.0000,40.555818
CAL_01,calcite,1578.0000,40.549723
CAL_01,calcite,1579.0000,40.543746
CAL_01,calcite,1580.0000,40.537882
CAL_01,calcite,1581.0000,40.532129
CAL_01,calcite,1582.0000,40.526483
CAL_01,calcite,1583.0000,40.520942
CAL_01,calcite,1584.0000,40.515504
CAL_01,calcite,1585.0000,40.510165
CAL_01,calcite,1586.0000,40.504923
CAL_01,calcite,1587.0000,40.499775
CAL_01,calcite,1588.0000,40.494720
CAL_01,calcite,1589.0000,40.489754
CAL_01,calcite,1590.0000,40.484876
CAL_01,calcite,1591.0000,40.480083
CAL_01,calcite,1592.0000,40.475374
CAL_01,calcite,1593.0000,40.470746
CAL_01,calcite,1594.0000,40.466197
CAL_01,calcite,1595.0000,40.461725
CAL_01,calcite,1596.0000,40.457329
CAL_01,calcite,1597.0000,40.453006
CAL_01,calcite,1598.0000,40.448756
CAL_01,calcite,1599.0000,40.444576
CAL_01,calcite,1600.0000,40.440464
CAL_01,calcite,1601.0000,40.436420
CAL_01,calcite,1602.0000,40.432441
CAL_01,calcite,1603.0000,40.428526
CAL_01,calcite,1604.0000,40.424673
CAL_01,calcite,1605.0000,40.420882
CAL_01,calcite,1606.0000,40.417150
CAL_01,calcite,1607.0000,40.413477
CAL_01,calcite,1608.0000,40.409861
CAL_01,calcite,1609.0000,40.406301
CAL_01,calcite,1610.0000,40.402795
CAL_01,calcite,1611.0000,40.399343
CAL_01,calcite,1612.0000,40.395943
CAL_01,calcite,1613.0000,40.392594
CAL_01,calcite,1614.0000,40.389295
CAL_01,calcite,1615.0000,40.386045
CAL_01,calcite,1616.0000,40.382844
CAL_01,calcite,1617.0000,40.379689
CAL_01,calcite,1618.0000,40.376580
CAL_01,calcite,1619.0000,40.373516
CAL_01,calcite,1620.0000,40.370496
CAL_01,calcite,1621.0000,40.367520
CAL_01,calcite,1622.0000,40.364585
CAL_01,calcite,1623.0000,40.361692
CAL_01,calcite,1624.0000,40.358840
CAL_01,calcite,1625.0000,40.356028
CAL_01,calcite,1626.0000,40.353254
CAL_01,calcite,1627.0000,40.350519
CAL_01,calcite,1628.0000,40.347821
CAL_01,calcite,1629.0000,40.345160
CAL_01,calcite,1630.0000,40.342535
CAL_01,calcite,1631.0000,40.339945
CAL_01,calcite,1632.0000,40.337390
CAL_01,calcite,1633.0000,40.334869
CAL_01,calcite,1634.0000,40.332382
CAL_01,calcite,1635.0000,40.329926
CAL_01,calcite,1636.0000,40.327503
CAL_01,calcite,1637.0000,40.325112
CAL_01,calcite,1638.0000,40.322751
CAL_01,calcite,1639.0000,40.320421
CAL_01,calcite,1640.0000,40.318120
CAL_01,calcite,1641.0000,40.315849
CAL_01,calcite,1642.0000,40.313606
CAL_01,calcite,1643.0000,40.311392
CAL_01,calcite,1644.0000,40.309205
CAL_01,calcite,1645.0000,40.307045
CAL_01,calcite,1646.0000,40.304912
CAL_01,calcite,1647.0000,40.302805
CAL_01,calcite,1648.0000,40.300724
CAL_01,calcite,1649.0000,40.298669
CAL_01,calcite,1650.0000,40.296638
CAL_01,calcite,1651.0000,40.294631
CAL_01,calcite,1652.0000,40.292648
CAL_01,calcite,1653.0000,40.290689
CAL_01,calcite,1654.0000,40.288753
CAL_01,calcite,1655.0000,40.286840
CAL_01,calcite,1656.0000,40.284949
CAL_01,calcite,1657.0000,40.283081
CAL_01,calcite,1658.0000,40.281233
CAL_01,calcite,1659.0000,40.279408
CAL_01,calcite,1660.0000,40.277603
CAL_01,calcite,1661.0000,40.275818
CAL_01,calcite,1662.0000,40.274054
CAL_01,calcite,1663.0000,40.272310
CAL_01,calcite,1664.0000,40.270585
CAL_01,calcite,1665.0000,40.268880
CAL_01,calcite,1666.0000,40.267193
CAL_01,calcite,1667.0000,40.265525
CAL_01,calcite,1668.0000,40.263876
CAL_01,calcite,1669.0000,40.262244
CAL_01,calcite,1670.0000,40.260631
CAL_01,calcite,1671.0000,40.259034
CAL_01,calcite,1672.0000,40.257455
CAL_01,calcite,1673.0000,40.255893
CAL_01,calcite,1674.0000,40.254348
CAL_01,calcite,1675.0000,40.252819
CAL_01,calcite,1676.0000,40.251306
CAL_01,calcite,1677.0000,40.249809
CAL_01,calcite,1678.0000,40.248328
CAL_01,calcite,1679.0000,40.246862
CAL_01,calcite,1680.0000,40.245411
CAL_01,calcite,1681.0000,40.243976
CAL_01,calcite,1682.0000,40.242555
CAL_01,calcite,1683.0000,40.241148
CAL_01,calcite,1684.0000,40.239756
CAL_01,calcite,1685.0000,40.238378
CAL_01,calcite,1686.0000,40.237014
CAL_01,calcite,1687.0000,40.235664
CAL_01,calcite,1688.0000,40.234327
CAL_01,calcite,1689.0000,40.233003
CAL_01,calcite,1690.0000,40.231693
CAL_01,calcite,1691.0000,40.230395
CAL_01,calcite,1692.0000,40.229111
CAL_01,calcite,1693.0000,40.227838
CAL_01,calcite,1694.0000,40.226578
CAL_01,calcite,1695.0000,40.225331
CAL_01,calcite,1696.0000,40.224095
CAL_01,calcite,1697.0000,40.222871
CAL_01,calcite,1698.0000,40.221659
CAL_01,calcite,1699.0000,40.220458
CAL_01,calcite,1700.0000,40.219269
CAL_01,calcite,1701.0000,40.218091
CAL_01,calcite,1702.0000,40.216924
CAL_01,calcite,1703.0000,40.215767
CAL_01,calcite,1704.0000,40.214622
CAL_01,calcite,1705.0000,40.213487
CAL_01,calcite,1706.0000,40.212363
CAL_01,calcite,1707.0000,40.211249
CAL_01,calcite,1708.0000,40.210145
CAL_01,calcite,1709.0000,40.209051
CAL_01,calcite,1710.0000,40.207967
CAL_01,calcite,1711.0000,40.206893
CAL_01,calcite,1712.0000,40.205829
CAL_01,calcite,1713.0000,40.204774
CAL_01,calcite,1714.0000,40.203729
CAL_01,calcite,1715.0000,40.202692
CAL_01,calcite,1716.0000,40.201665
CAL_01,calcite,1717.0000,40.200647
CAL_01,calcite,1718.0000,40.199638
CAL_01,calcite,1719.0000,40.198638
CAL_01,calcite,1720.0000,40.197647
CAL_01,calcite,1721.0000,40.196664
CAL_01,calcite,1722.0000,40.195689
CAL_01,calcite,1723.0000,40.194723
CAL_01,calcite,1724.0000,40.193765
CAL_01,calcite,1725.0000,40.192816
CAL_01,calcite,1726.0000,40.191874
CAL_01,calcite,1727.0000,40.190940
CAL_01,calcite,1728.0000,40.190015
CAL_01,calcite,1729.0000,40.189097
CAL_01,calcite,1730.0000,40.188186
CAL_01,calcite,1731.0000,40.187284
CAL_01,calcite,1732.0000,40.186389
CAL_01,calcite,1733.0000,40.185501
CAL_01,calcite,1734.0000,40.184620
CAL_01,calcite,1735.0000,40.183747
CAL_01,calcite,1736.0000,40.182881
CAL_01,calcite,1737.0000,40.182022
CAL_01,calcite,1738.0000,40.181169
CAL_01,calcite,1739.0000,40.180324
CAL_01,calcite,1740.0000,40.179486
CAL_01,calcite,1741.0000,40.178654
CAL_01,calcite,1742.0000,40.177829
CAL_01,calcite,1743.0000,40.177010
CAL_01,calcite,1744.0000,40.176198
CAL_01,calcite,1745.0000,40.175393
CAL_01,calcite,1746.0000,40.174593
CAL_01,calcite,1747.0000,40.173800
CAL_01,calcite,1748.0000,40.173014
CAL_01,calcite,1749.0000,40.172233
CAL_01,calcite,1750.0000,40.171458
CAL_01,calcite,1751.0000,40.170690
CAL_01,calcite,1752.0000,40.169927
CAL_01,calcite,1753.0000,40.169170
CAL_01,calcite,1754.0000,40.168419
CAL_01,calcite,1755.0000,40.167674
CAL_01,calcite,1756.0000,40.166934
CAL_01,calcite,1757.0000,40.166200
CAL_01,calcite,1758.0000,40.165471
CAL_01,calcite,1759.0000,40.164748
CAL_01,calcite,1760.0000,40.164030
CAL_01,calcite,1761.0000,40.163318
CAL_01,calcite,1762.0000,40.162611
CAL_01,calcite,1763.0000,40.161909
CAL_01,calcite,1764.0000,40.161213
CAL_01,calcite,1765.0000,40.160521
CAL_01,calcite,1766.0000,40.159835
CAL_01,calcite,1767.0000,40.159153
CAL_01,calcite,1768.0000,40.158477
CAL_01,calcite,1769.0000,40.157805
CAL_01,calcite,1770.0000,40.157139
CAL_01,calcite,1771.0000,40.156477
CAL_01,calcite,1772.0000,40.155820
CAL_01,calcite,1773.0000,40.155167
CAL_01,calcite,1774.0000,40.154520
CAL_01,calcite,1775.0000,40.153877
CAL_01,calcite,1776.0000,40.153238
CAL_01,calcite,1777.0000,40.152604
CAL_01,calcite,1778.0000,40.151974
CAL_01,calcite,1779.0000,40.151349
CAL_01,calcite,1780.0000,40.150728
CAL_01,calcite,1781.0000,40.150112
CAL_01,calcite,1782.0000,40.149500
CAL_01,calcite,1783.0000,40.148892
CAL_01,calcite,1784.0000,40.148288
CAL_01,calcite,1785.0000,40.147689
CAL_01,calcite,1786.0000,40.147093
CAL_01,calcite,1787.0000,40.146502
CAL_01,calcite,1788.0000,40.145914
CAL_01,calcite,1789.0000,40.145331
CAL_01,calcite,1790.0000,40.144752
CAL_01,calcite,1791.0000,40.144176
CAL_01,calcite,1792.0000,40.143605
CAL_01,calcite,1793.0000,40.143037
CAL_01,calcite,1794.0000,40.142473
CAL_01,calcite,1795.0000,40.141913
CAL_01,calcite,1796.0000,40.141356
CAL_01,calcite,1797.0000,40.140804
CAL_01,calcite,1798.0000,40.140254
CAL_01,calcite,1799.0000,40.139709
CAL_01,calcite,1800.0000,40.139167
CAL_01,calcite,1801.0000,40.138629
CAL_01,calcite,1802.0000,40.138094
CAL_01,calcite,1803.0000,40.137563
CAL_01,calcite,1804.0000,40.137035
CAL_01,calcite,1805.0000,40.136510
CAL_01,calcite,1806.0000,40.135989
CAL_01,calcite,1807.0000,40.135471
CAL_01,calcite,1808.0000,40.134957
CAL_01,calcite,1809.0000,40.134446
CAL_01,calcite,1810.0000,40.133938
CAL_01,calcite,1811.0000,40.133433
CAL_01,calcite,1812.0000,40.132932
CAL_01,calcite,1813.0000,40.132434
CAL_01,calcite,1814.0000,40.131939
CAL_01,calcite,1815.0000,40.131447
CAL_01,calcite,1816.0000,40.130958
CAL_01,calcite,1817.0000,40.130472
CAL_01,calcite,1818.0000,40.129989
CAL_01,calcite,1819.0000,40.129509
CAL_01,calcite,1820.0000,40.129032
CAL_01,calcite,1821.0000,40.128558
CAL_01,calcite,1822.0000,40.128088
CAL_01,calcite,1823.0000,40.127619
CAL_01,calcite,1824.0000,40.127154
CAL_01,calcite,1825.0000,40.126692
CAL_01,calcite,1826.0000,40.126232
CAL_01,calcite,1827.0000,40.125776
CAL_01,calcite,1828.0000,40.125322
CAL_01,calcite,1829.0000,40.124870
CAL_01,calcite,1830.0000,40.124422
CAL_01,calcite,1831.0000,40.123976
CAL_01,calcite,1832.0000,40.123533
CAL_01,calcite,1833.0000,40.123092
CAL_01,calcite,1834.0000,40.122655
CAL_01,calcite,1835.0000,40.122219
CAL_01,calcite,1836.0000,40.121787
CAL_01,calcite,1837.0000,40.121356
CAL_01,calcite,1838.0000,40.120929
CAL_01,calcite,1839.0000,40.120504
CAL_01,calcite,1840.0000,40.120081
CAL_01,calcite,1841.0000,40.119661
CAL_01,calcite,1842.0000,40.119243
CAL_01,calcite,1843.0000,40.118828
CAL_01,calcite,1844.0000,40.118415
CAL_01,calcite,1845.0000,40.118005
CAL_01,calcite,1846.0000,40.117597
CAL_01,calcite,1847.0000,40.117191
CAL_01,calcite,1848.0000,40.116788
CAL_01,calcite,1849.0000,40.116387
CAL_01,calcite,1850.0000,40.115988
CAL_01,calcite,1851.0000,40.115592
CAL_01,calcite,1852.0000,40.115197
CAL_01,calcite,1853.0000,40.114805
CAL_01,calcite,1854.0000,40.114416
CAL_01,calcite,1855.0000,40.114028
CAL_01,calcite,1856.0000,40.113643
CAL_01,calcite,1857.0000,40.113259
CAL_01,calcite,1858.0000,40.112878
CAL_01,calcite,1859.0000,40.112499
CAL_01,calcite,1860.0000,40.112123
CAL_01,calcite,1861.0000,40.111748
CAL_01,calcite,1862.0000,40.111375
CAL_01,calcite,1863.0000,40.111005
CAL_01,calcite,1864.0000,40.110636
CAL_01,calcite,1865.0000,40.110269
CAL_01,calcite,1866.0000,40.109905
CAL_01,calcite,1867.0000,40.109542
CAL_01,calcite,1868.0000,40.109182
CAL_01,calcite,1869.0000,40.108823
CAL_01,calcite,1870.0000,40.108467
CAL_01,calcite,1871.0000,40.108112
CAL_01,calcite,1872.0000,40.107759
CAL_01,calcite,1873.0000,40.107408
CAL_01,calcite,1874.0000,40.107059
CAL_01,calcite,1875.0000,40.106712
CAL_01,calcite,1876.0000,40.106367
CAL_01,calcite,1877.0000,40.106023
CAL_01,calcite,1878.0000,40.105682
CAL_01,calcite,1879.0000,40.105342
CAL_01,calcite,1880.0000,40.105004
CAL_01,calcite,1881.0000,40.104668
CAL_01,calcite,1882.0000,40.104334
CAL_01,calcite,1883.0000,40.104001
CAL_01,calcite,1884.0000,40.103670
CAL_01,calcite,1885.0000,40.103341
CAL_01,calcite,1886.0000,40.103013
CAL_01,calcite,1887.0000,40.102688
CAL_01,calcite,1888.0000,40.102364
CAL_01,calcite,1889.0000,40.102041
CAL_01,calcite,1890.0000,40.101721
CAL_01,calcite,1891.0000,40.101402
CAL_01,calcite,1892.0000,40.101084
CAL_01,calcite,1893.0000,40.100769
CAL_01,calcite,1894.0000,40.100455
CAL_01,calcite,1895.0000,40.100142
CAL_01,calcite,1896.0000,40.099831
CAL_01,calcite,1897.0000,40.099522
CAL_01,calcite,1898.0000,40.099214
CAL_01,calcite,1899.0000,40.098908
CAL_01,calcite,1900.0000,40.098603
CAL_01,calcite,1901.0000,40.098300
CAL_01,calcite,1902.0000,40.097999
CAL_01,calcite,1903.0000,40.097699
CAL_01,calcite,1904.0000,40.097400
CAL_01,calcite,1905.0000,40.097103
CAL_01,calcite,1906.0000,40.096808
CAL_01,calcite,1907.0000,40.096513
CAL_01,calcite,1908.0000,40.096221
CAL_01,calcite,1909.0000,40.095930
CAL_01,calcite,1910.0000,40.095640
CAL_01,calcite,1911.0000,40.095352
CAL_01,calcite,1912.0000,40.095065
CAL_01,calcite,1913.0000,40.094779
CAL_01,calcite,1914.0000,40.094495
CAL_01,calcite,1915.0000,40.094213
CAL_01,calcite,1916.0000,40.093931
CAL_01,calcite,1917.0000,40.093652
CAL_01,calcite,1918.0000,40.093373
CAL_01,calcite,1919.0000,40.093096
CAL_01,calcite,1920.0000,40.092820
CAL_01,calcite,1921.0000,40.092546
CAL_01,calcite,1922.0000,40.092272
CAL_01,calcite,1923.0000,40.092001
CAL_01,calcite,1924.0000,40.091730
CAL_01,calcite,1925.0000,40.091461
CAL_01,calcite,1926.0000,40.091193
CAL_01,calcite,1927.0000,40.090926
CAL_01,calcite,1928.0000,40.090661
CAL_01,calcite,1929.0000,40.090397
CAL_01,calcite,1930.0000,40.090134
CAL_01,calcite,1931.0000,40.089872
CAL_01,calcite,1932.0000,40.089612
CAL_01,calcite,1933.0000,40.089352
CAL_01,calcite,1934.0000,40.089095
CAL_01,calcite,1935.0000,40.088838
CAL_01,calcite,1936.0000,40.088582
CAL_01,calcite,1937.0000,40.088328
CAL_01,calcite,1938.0000,40.088075
CAL_01,calcite,1939.0000,40.087823
CAL_01,calcite,1940.0000,40.087572
CAL_01,calcite,1941.0000,40.087322
CAL_01,calcite,1942.0000,40.087074
CAL_01,calcite,1943.0000,40.086827
CAL_01,calcite,1944.0000,40.086580
CAL_01,calcite,1945.0000,40.086335
CAL_01,calcite,1946.0000,40.086091
CAL_01,calcite,1947.0000,40.085849
CAL_01,calcite,1948.0000,40.085607
CAL_01,calcite,1949.0000,40.085366
CAL_01,calcite,1950.0000,40.085127
CAL_01,calcite,1951.0000,40.084888
CAL_01,calcite,1952.0000,40.084651
CAL_01,calcite,1953.0000,40.084415
CAL_01,calcite,1954.0000,40.084180
CAL_01,calcite,1955.0000,40.083946
CAL_01,calcite,1956.0000,40.083713
CAL_01,calcite,1957.0000,40.083481
CAL_01,calcite,1958.0000,40.083250
CAL_01,calcite,1959.0000,40.083020
CAL_01,calcite,1960.0000,40.082791
CAL_01,calcite,1961.0000,40.082563
CAL_01,calcite,1962.0000,40.082336
CAL_01,calcite,1963.0000,40.082110
CAL_01,calcite,1964.0000,40.081885
CAL_01,calcite,1965.0000,40.081662
CAL_01,calcite,1966.0000,40.081439
CAL_01,calcite,1967.0000,40.081217
CAL_01,calcite,1968.0000,40.080996
CAL_01,calcite,1969.0000,40.080776
CAL_01,calcite,1970.0000,40.080557
CAL_01,calcite,1971.0000,40.080339
CAL_01,calcite,1972.0000,40.080122
CAL_01,calcite,1973.0000,40.079906
CAL_01,calcite,1974.0000,40.079691
CAL_01,calcite,1975.0000,40.079476
CAL_01,calcite,1976.0000,40.079263
CAL_01,calcite,1977.0000,40.079051
CAL_01,calcite,1978.0000,40.078839
CAL_01,calcite,1979.0000,40.078629
CAL_01,calcite,1980.0000,40.078419
CAL_01,calcite,1981.0000,40.078210
CAL_01,calcite,1982.0000,40.078003
CAL_01,calcite,1983.0000,40.077796
CAL_01,calcite,1984.0000,40.077590
CAL_01,calcite,1985.0000,40.077384
CAL_01,calcite,1986.0000,40.077180
CAL_01,calcite,1987.0000,40.076977
CAL_01,calcite,1988.0000,40.076774
CAL_01,calcite,1989.0000,40.076572
CAL_01,calcite,1990.0000,40.076372
CAL_01,calcite,1991.0000,40.076172
CAL_01,calcite,1992.0000,40.075972
CAL_01,calcite,1993.0000,40.075774
CAL_01,calcite,1994.0000,40.075577
CAL_01,calcite,1995.0000,40.075380
CAL_01,calcite,1996.0000,40.075184
CAL_01,calcite,1997.0000,40.074989
CAL_01,calcite,1998.0000,40.074795
CAL_01,calcite,1999.0000,40.074601
CAL_01,calcite,2000.0000,40.074409
CAL_02,calcite,200.0000,40.092244
CAL_02,calcite,201.0000,40.092517
CAL_02,calcite,202.0000,40.092792
CAL_02,calcite,203.0000,40.093068
CAL_02,calcite,204.0000,40.093345
CAL_02,calcite,205.0000,40.093624
CAL_02,calcite,206.0000,40.093904
CAL_02,calcite,207.0000,40.094186
CAL_02,calcite,208.0000,40.094469
CAL_02,calcite,209.0000,40.094753
CAL_02,calcite,210.0000,40.095039
CAL_02,calcite,211.0000,40.095326
CAL_02,calcite,212.0000,40.095615
CAL_02,calcite,213.0000,40.095905
CAL_02,calcite,214.0000,40.096196
CAL_02,calcite,215.0000,40.096489
CAL_02,calcite,216.0000,40.096783
CAL_02,calcite,217.0000,40.097079
CAL_02,calcite,218.0000,40.097376
CAL_02,calcite,219.0000,40.097675
CAL_02,calcite,220.0000,40.097975
CAL_02,calcite,221.0000,40.098277
CAL_02,calcite,222.0000,40.098580
CAL_02,calcite,223.0000,40.098885
CAL_02,calcite,224.0000,40.099191
CAL_02,calcite,225.0000,40.099499
CAL_02,calcite,226.0000,40.099809
CAL_02,calcite,227.0000,40.100120
CAL_02,calcite,228.0000,40.100432
CAL_02,calcite,229.0000,40.100747
CAL_02,calcite,230.0000,40.101062
CAL_02,calcite,231.0000,40.101380
CAL_02,calcite,232.0000,40.101699
CAL_02,calcite,233.0000,40.102020
CAL_02,calcite,234.0000,40.102342
CAL_02,calcite,235.0000,40.102666
CAL_02,calcite,236.0000,40.102992
CAL_02,calcite,237.0000,40.103320
CAL_02,calcite,238.0000,40.103649
CAL_02,calcite,239.0000,40.103980
CAL_02,calcite,240.0000,40.104312
CAL_02,calcite,241.0000,40.104647
CAL_02,calcite,242.0000,40.104983
CAL_02,calcite,243.0000,40.105321
CAL_02,calcite,244.0000,40.105661
CAL_02,calcite,245.0000,40.106002
CAL_02,calcite,246.0000,40.106345
CAL_02,calcite,247.0000,40.106691
CAL_02,calcite,248.0000,40.107038
CAL_02,calcite,249.0000,40.107387
CAL_02,calcite,250.0000,40.107737
CAL_02,calcite,251.0000,40.108090
CAL_02,calcite,252.0000,40.108445
CAL_02,calcite,253.0000,40.108801
CAL_02,calcite,254.0000,40.109159
CAL_02,calcite,255.0000,40.109520
CAL_02,calcite,256.0000,40.109882
CAL_02,calcite,257.0000,40.110246
CAL_02,calcite,258.0000,40.110613
CAL_02,calcite,259.0000,40.110981
CAL_02,calcite,260.0000,40.111351
CAL_02,calcite,261.0000,40.111724
CAL_02,calcite,262.0000,40.112098
CAL_02,calcite,263.0000,40.112475
CAL_02,calcite,264.0000,40.112853
CAL_02,calcite,265.0000,40.113234
CAL_02,calcite,266.0000,40.113617
CAL_02,calcite,267.0000,40.114002
CAL_02,calcite,268.0000,40.114389
CAL_02,calcite,269.0000,40.114778
CAL_02,calcite,270.0000,40.115169
CAL_02,calcite,271.0000,40.115563
CAL_02,calcite,272.0000,40.115959
CAL_02,calcite,273.0000,40.116357
CAL_02,calcite,274.0000,40.116757
CAL_02,calcite,275.0000,40.117160
CAL_02,calcite,276.0000,40.117565
CAL_02,calcite,277.0000,40.117972
CAL_02,calcite,278.0000,40.118382
CAL_02,calcite,279.0000,40.118794
CAL_02,calcite,280.0000,40.119209
CAL_02,calcite,281.0000,40.119625
CAL_02,calcite,282.0000,40.120045
CAL_02,calcite,283.0000,40.120466
CAL_02,calcite,284.0000,40.120890
CAL_02,calcite,285.0000,40.121317
CAL_02,calcite,286.0000,40.121746
CAL_02,calcite,287.0000,40.122178
CAL_02,calcite,288.0000,40.122612
CAL_02,calcite,289.0000,40.123048
CAL_02,calcite,290.0000,40.123488
CAL_02,calcite,291.0000,40.123930
CAL_02,calcite,292.0000,40.124374
CAL_02,calcite,293.0000,40.124821
CAL_02,calcite,294.0000,40.125271
CAL_02,calcite,295.0000,40.125724
CAL_02,calcite,296.0000,40.126179
CAL_02,calcite,297.0000,40.126637
CAL_02,calcite,298.0000,40.127098
CAL_02,calcite,299.0000,40.127561
CAL_02,calcite,300.0000,40.128028
CAL_02,calcite,301.0000,40.128497
CAL_02,calcite,302.0000,40.128969
CAL_02,calcite,303.0000,40.129444
CAL_02,calcite,304.0000,40.129922
CAL_02,calcite,305.0000,40.130403
CAL_02,calcite,306.0000,40.130887
CAL_02,calcite,307.0000,40.131374
CAL_02,calcite,308.0000,40.131863
CAL_02,calcite,309.0000,40.132356
CAL_02,calcite,310.0000,40.132852
CAL_02,calcite,311.0000,40.133351
CAL_02,calcite,312.0000,40.133854
CAL_02,calcite,313.0000,40.134359
CAL_02,calcite,314.0000,40.134868
CAL_02,calcite,315.0000,40.135379
CAL_02,calcite,316.0000,40.135894
CAL_02,calcite,317.0000,40.136413
CAL_02,calcite,318.0000,40.136934
CAL_02,calcite,319.0000,40.137459
CAL_02,calcite,320.0000,40.137988
CAL_02,calcite,321.0000,40.138519
CAL_02,calcite,322.0000,40.139055
CAL_02,calcite,323.0000,40.139593
CAL_02,calcite,324.0000,40.140135
CAL_02,calcite,325.0000,40.140681
CAL_02,calcite,326.0000,40.141230
CAL_02,calcite,327.0000,40.141783
CAL_02,calcite,328.0000,40.142339
CAL_02,calcite,329.0000,40.142899
CAL_02,calcite,330.0000,40.143463
CAL_02,calcite,331.0000,40.144031
CAL_02,calcite,332.0000,40.144602
CAL_02,calcite,333.0000,40.145177
CAL_02,calcite,334.0000,40.145756
CAL_02,calcite,335.0000,40.146339
CAL_02,calcite,336.0000,40.146926
CAL_02,calcite,337.0000,40.147516
CAL_02,calcite,338.0000,40.148111
CAL_02,calcite,339.0000,40.148710
CAL_02,calcite,340.0000,40.149313
CAL_02,calcite,341.0000,40.149919
CAL_02,calcite,342.0000,40.150531
CAL_02,calcite,343.0000,40.151146
CAL_02,calcite,344.0000,40.151765
CAL_02,calcite,345.0000,40.152389
CAL_02,calcite,346.0000,40.153017
CAL_02,calcite,347.0000,40.153650
CAL_02,calcite,348.0000,40.154286
CAL_02,calcite,349.0000,40.154928
CAL_02,calcite,350.0000,40.155573
CAL_02,calcite,351.0000,40.156224
CAL_02,calcite,352.0000,40.156879
CAL_02,calcite,353.0000,40.157538
CAL_02,calcite,354.0000,40.158202
CAL_02,calcite,355.0000,40.158871
CAL_02,calcite,356.0000,40.159545
CAL_02,calcite,357.0000,40.160224
CAL_02,calcite,358.0000,40.160907
CAL_02,calcite,359.0000,40.161596
CAL_02,calcite,360.0000,40.162289
CAL_02,calcite,361.0000,40.162987
CAL_02,calcite,362.0000,40.163691
CAL_02,calcite,363.0000,40.164399
CAL_02,calcite,364.0000,40.165113
CAL_02,calcite,365.0000,40.165832
CAL_02,calcite,366.0000,40.166556
CAL_02,calcite,367.0000,40.167286
CAL_02,calcite,368.0000,40.168021
CAL_02,calcite,369.0000,40.168762
CAL_02,calcite,370.0000,40.169508
CAL_02,calcite,371.0000,40.170259
CAL_02,calcite,372.0000,40.171017
CAL_02,calcite,373.0000,40.171780
CAL_02,calcite,374.0000,40.172549
CAL_02,calcite,375.0000,40.173323
CAL_02,calcite,376.0000,40.174104
CAL_02,calcite,377.0000,40.174890
CAL_02,calcite,378.0000,40.175683
CAL_02,calcite,379.0000,40.176482
CAL_02,calcite,380.0000,40.177287
CAL_02,calcite,381.0000,40.178098
CAL_02,calcite,382.0000,40.178915
CAL_02,calcite,383.0000,40.179739
CAL_02,calcite,384.0000,40.180569
CAL_02,calcite,385.0000,40.181406
CAL_02,calcite,386.0000,40.182249
CAL_02,calcite,387.0000,40.183099
CAL_02,calcite,388.0000,40.183956
CAL_02,calcite,389.0000,40.184819
CAL_02,calcite,390.0000,40.185690
CAL_02,calcite,391.0000,40.186567
CAL_02,calcite,392.0000,40.187452
CAL_02,calcite,393.0000,40.188343
CAL_02,calcite,394.0000,40.189242
CAL_02,calcite,395.0000,40.190148
CAL_02,calcite,396.0000,40.191062
CAL_02,calcite,397.0000,40.191983
CAL_02,calcite,398.0000,40.192911
CAL_02,calcite,399.0000,40.193848
CAL_02,calcite,400.0000,40.194792
CAL_02,calcite,401.0000,40.195744
CAL_02,calcite,402.0000,40.196703
CAL_02,calcite,403.0000,40.197671
CAL_02,calcite,404.0000,40.198647
CAL_02,calcite,405.0000,40.199632
CAL_02,calcite,406.0000,40.200624
CAL_02,calcite,407.0000,40.201625
CAL_02,calcite,408.0000,40.202635
CAL_02,calcite,409.0000,40.203653
CAL_02,calcite,410.0000,40.204680
CAL_02,calcite,411.0000,40.205716
CAL_02,calcite,412.0000,40.206760
CAL_02,calcite,413.0000,40.207814
CAL_02,calcite,414.0000,40.208877
CAL_02,calcite,415.0000,40.209950
CAL_02,calcite,416.0000,40.211031
CAL_02,calcite,417.0000,40.212123
CAL_02,calcite,418.0000,40.213224
CAL_02,calcite,419.0000,40.214334
CAL_02,calcite,420.0000,40.215455
CAL_02,calcite,421.0000,40.216586
CAL_02,calcite,422.0000,40.217727
CAL_02,calcite,423.0000,40.218878
CAL_02,calcite,424.0000,40.220039
CAL_02,calcite,425.0000,40.221212
CAL_02,calcite,426.0000,40.222395
CAL_02,calcite,427.0000,40.223588
CAL_02,calcite,428.0000,40.224793
CAL_02,calcite,429.0000,40.226009
CAL_02,calcite,430.0000,40.227236
CAL_02,calcite,431.0000,40.228475
CAL_02,calcite,432.0000,40.229725
CAL_02,calcite,433.0000,40.230987
CAL_02,calcite,434.0000,40.232261
CAL_02,calcite,435.0000,40.233547
CAL_02,calcite,436.0000,40.234845
CAL_02,calcite,437.0000,40.236156
CAL_02,calcite,438.0000,40.237479
CAL_02,calcite,439.0000,40.238815
CAL_02,calcite,440.0000,40.240164
CAL_02,calcite,441.0000,40.241526
CAL_02,calcite,442.0000,40.242901
CAL_02,calcite,443.0000,40.244290
CAL_02,calcite,444.0000,40.245693
CAL_02,calcite,445.0000,40.247109
CAL_02,calcite,446.0000,40.248539
CAL_02,calcite,447.0000,40.249984
CAL_02,calcite,448.0000,40.251443
CAL_02,calcite,449.0000,40.252917
CAL_02,calcite,450.0000,40.254405
CAL_02,calcite,451.0000,40.255909
CAL_02,calcite,452.0000,40.257428
CAL_02,calcite,453.0000,40.258963
CAL_02,calcite,454.0000,40.260513
CAL_02,calcite,455.0000,40.262080
CAL_02,calcite,456.0000,40.263662
CAL_02,calcite,457.0000,40.265261
CAL_02,calcite,458.0000,40.266877
CAL_02,calcite,459.0000,40.268510
CAL_02,calcite,460.0000,40.270160
CAL_02,calcite,461.0000,40.271828
CAL_02,calcite,462.0000,40.273513
CAL_02,calcite,463.0000,40.275216
CAL_02,calcite,464.0000,40.276938
CAL_02,calcite,465.0000,40.278678
CAL_02,calcite,466.0000,40.280437
CAL_02,calcite,467.0000,40.282216
CAL_02,calcite,468.0000,40.284013
CAL_02,calcite,469.0000,40.285831
CAL_02,calcite,470.0000,40.287669
CAL_02,calcite,471.0000,40.289527
CAL_02,calcite,472.0000,40.291405
CAL_02,calcite,473.0000,40.293305
CAL_02,calcite,474.0000,40.295227
CAL_02,calcite,475.0000,40.297170
CAL_02,calcite,476.0000,40.299135
CAL_02,calcite,477.0000,40.301122
CAL_02,calcite,478.0000,40.303133
CAL_02,calcite,479.0000,40.305166
CAL_02,calcite,480.0000,40.307223
CAL_02,calcite,481.0000,40.309305
CAL_02,calcite,482.0000,40.311410
CAL_02,calcite,483.0000,40.313541
CAL_02,calcite,484.0000,40.315696
CAL_02,calcite,485.0000,40.317877
CAL_02,calcite,486.0000,40.320084
CAL_02,calcite,487.0000,40.322318
CAL_02,calcite,488.0000,40.324579
CAL_02,calcite,489.0000,40.326867
CAL_02,calcite,490.0000,40.329183
CAL_02,calcite,491.0000,40.331527
CAL_02,calcite,492.0000,40.333901
CAL_02,calcite,493.0000,40.336303
CAL_02,calcite,494.0000,40.338736
CAL_02,calcite,495.0000,40.341199
CAL_02,calcite,496.0000,40.343693
CAL_02,calcite,497.0000,40.346218
CAL_02,calcite,498.0000,40.348776
CAL_02,calcite,499.0000,40.351366
CAL_02,calcite,500.0000,40.353990
CAL_02,calcite,501.0000,40.356648
CAL_02,calcite,502.0000,40.359340
CAL_02,calcite,503.0000,40.362067
CAL_02,calcite,504.0000,40.364830
CAL_02,calcite,505.0000,40.367629
CAL_02,calcite,506.0000,40.370466
CAL_02,calcite,507.0000,40.373340
CAL_02,calcite,508.0000,40.376253
CAL_02,calcite,509.0000,40.379205
CAL_02,calcite,510.0000,40.382198
CAL_02,calcite,511.0000,40.385231
CAL_02,calcite,512.0000,40.388306
CAL_02,calcite,513.0000,40.391423
CAL_02,calcite,514.0000,40.394584
CAL_02,calcite,515.0000,40.397788
CAL_02,calcite,516.0000,40.401038
CAL_02,calcite,517.0000,40.404333
CAL_02,calcite,518.0000,40.407676
CAL_02,calcite,519.0000,40.411066
CAL_02,calcite,520.0000,40.414505
CAL_02,calcite,521.0000,40.417993
CAL_02,calcite,522.0000,40.421532
CAL_02,calcite,523.0000,40.425123
CAL_02,calcite,524.0000,40.428767
CAL_02,calcite,525.0000,40.432465
CAL_02,calcite,526.0000,40.436218
CAL_02,calcite,527.0000,40.440027
CAL_02,calcite,528.0000,40.443893
CAL_02,calcite,529.0000,40.447818
CAL_02,calcite,530.0000,40.451803
CAL_02,calcite,531.0000,40.455849
CAL_02,calcite,532.0000,40.459958
CAL_02,calcite,533.0000,40.464131
CAL_02,calcite,534.0000,40.468368
CAL_02,calcite,535.0000,40.472673
CAL_02,calcite,536.0000,40.477045
CAL_02,calcite,537.0000,40.481488
CAL_02,calcite,538.0000,40.486002
CAL_02,calcite,539.0000,40.490588
CAL_02,calcite,540.0000,40.495249
CAL_02,calcite,541.0000,40.499987
CAL_02,calcite,542.0000,40.504802
CAL_02,calcite,543.0000,40.509697
CAL_02,calcite,544.0000,40.514674
CAL_02,calcite,545.0000,40.519734
CAL_02,calcite,546.0000,40.524880
CAL_02,calcite,547.0000,40.530114
CAL_02,calcite,548.0000,40.535437
CAL_02,calcite,549.0000,40.540852
CAL_02,calcite,550.0000,40.546361
CAL_02,calcite,551.0000,40.551967
CAL_02,calcite,552.0000,40.557671
CAL_02,calcite,553.0000,40.563476
CAL_02,calcite,554.0000,40.569385
CAL_02,calcite,555.0000,40.575400
CAL_02,calcite,556.0000,40.581525
CAL_02,calcite,557.0000,40.587761
CAL_02,calcite,558.0000,40.594111
CAL_02,calcite,559.0000,40.600579
CAL_02,calcite,560.0000,40.607167
CAL_02,calcite,561.0000,40.613880
CAL_02,calcite,562.0000,40.620719
CAL_02,calcite,563.0000,40.627688
CAL_02,calcite,564.0000,40.634791
CAL_02,calcite,565.0000,40.642032
CAL_02,calcite,566.0000,40.649413
CAL_02,calcite,567.0000,40.656939
CAL_02,calcite,568.0000,40.664615
CAL_02,calcite,569.0000,40.672443
CAL_02,calcite,570.0000,40.680428
CAL_02,calcite,571.0000,40.688575
CAL_02,calcite,572.0000,40.696888
CAL_02,calcite,573.0000,40.705372
CAL_02,calcite,574.0000,40.714031
CAL_02,calcite,575.0000,40.722871
CAL_02,calcite,576.0000,40.731898
CAL_02,calcite,577.0000,40.741116
CAL_02,calcite,578.0000,40.750531
CAL_02,calcite,579.0000,40.760149
CAL_02,calcite,580.0000,40.769976
CAL_02,calcite,581.0000,40.780018
CAL_02,calcite,582.0000,40.790283
CAL_02,calcite,583.0000,40.800776
CAL_02,calcite,584.0000,40.811505
CAL_02,calcite,585.0000,40.822477
CAL_02,calcite,586.0000,40.833700
CAL_02,calcite,587.0000,40.845181
CAL_02,calcite,588.0000,40.856930
CAL_02,calcite,589.0000,40.868954
CAL_02,calcite,590.0000,40.881263
CAL_02,calcite,591.0000,40.893865
CAL_02,calcite,592.0000,40.906771
CAL_02,calcite,593.0000,40.919991
CAL_02,calcite,594.0000,40.933535
CAL_02,calcite,595.0000,40.947414
CAL_02,calcite,596.0000,40.961640
CAL_02,calcite,597.0000,40.976225
CAL_02,calcite,598.0000,40.991180
CAL_02,calcite,599.0000,41.006520
CAL_02,calcite,600.0000,41.022257
CAL_02,calcite,601.0000,41.038406
CAL_02,calcite,602.0000,41.054982
CAL_02,calcite,603.0000,41.072000
CAL_02,calcite,604.0000,41.089477
CAL_02,calcite,605.0000,41.107430
CAL_02,calcite,606.0000,41.125876
CAL_02,calcite,607.0000,41.144834
CAL_02,calcite,608.0000,41.164323
CAL_02,calcite,609.0000,41.184365
CAL_02,calcite,610.0000,41.204980
CAL_02,calcite,611.0000,41.226192
CAL_02,calcite,612.0000,41.248023
CAL_02,calcite,613.0000,41.270500
CAL_02,calcite,614.0000,41.293647
CAL_02,calcite,615.0000,41.317492
CAL_02,calcite,616.0000,41.342065
CAL_02,calcite,617.0000,41.367396
CAL_02,calcite,618.0000,41.393516
CAL_02,calcite,619.0000,41.420460
CAL_02,calcite,620.0000,41.448263
CAL_02,calcite,621.0000,41.476963
CAL_02,calcite,622.0000,41.506599
CAL_02,calcite,623.0000,41.537213
CAL_02,calcite,624.0000,41.568850
CAL_02,calcite,625.0000,41.601555
CAL_02,calcite,626.0000,41.635379
CAL_02,calcite,627.0000,41.670374
CAL_02,calcite,628.0000,41.706595
CAL_02,calcite,629.0000,41.744101
CAL_02,calcite,630.0000,41.782954
CAL_02,calcite,631.0000,41.823221
CAL_02,calcite,632.0000,41.864971
CAL_02,calcite,633.0000,41.908280
CAL_02,calcite,634.0000,41.953226
CAL_02,calcite,635.0000,41.999895
CAL_02,calcite,636.0000,42.048376
CAL_02,calcite,637.0000,42.098765
CAL_02,calcite,638.0000,42.151165
CAL_02,calcite,639.0000,42.205686
CAL_02,calcite,640.0000,42.262444
CAL_02,calcite,641.0000,42.321565
CAL_02,calcite,642.0000,42.383182
CAL_02,calcite,643.0000,42.447439
CAL_02,calcite,644.0000,42.514492
CAL_02,calcite,645.0000,42.584504
CAL_02,calcite,646.0000,42.657654
CAL_02,calcite,647.0000,42.734134
CAL_02,calcite,648.0000,42.814150
CAL_02,calcite,649.0000,42.897925
CAL_02,calcite,650.0000,42.985699
CAL_02,calcite,651.0000,43.077732
CAL_02,calcite,652.0000,43.174305
CAL_02,calcite,653.0000,43.275724
CAL_02,calcite,654.0000,43.382318
CAL_02,calcite,655.0000,43.494448
CAL_02,calcite,656.0000,43.612504
CAL_02,calcite,657.0000,43.736913
CAL_02,calcite,658.0000,43.868139
CAL_02,calcite,659.0000,44.006691
CAL_02,calcite,660.0000,44.153125
CAL_02,calcite,661.0000,44.308051
CAL_02,calcite,662.0000,44.472138
CAL_02,calcite,663.0000,44.646123
CAL_02,calcite,664.0000,44.830818
CAL_02,calcite,665.0000,45.027120
CAL_02,calcite,666.0000,45.236019
CAL_02,calcite,667.0000,45.458616
CAL_02,calcite,668.0000,45.696132
CAL_02,calcite,669.0000,45.949926
CAL_02,calcite,670.0000,46.221514
CAL_02,calcite,671.0000,46.512594
CAL_02,calcite,672.0000,46.825066
CAL_02,calcite,673.0000,47.161069
CAL_02,calcite,674.0000,47.523011
CAL_02,calcite,675.0000,47.913616
CAL_02,calcite,676.0000,48.335968
CAL_02,calcite,677.0000,48.793575
CAL_02,calcite,678.0000,49.290439
CAL_02,calcite,679.0000,49.831136
CAL_02,calcite,680.0000,50.420924
CAL_02,calcite,681.0000,51.065858
CAL_02,calcite,682.0000,51.772947
CAL_02,calcite,683.0000,52.550327
CAL_02,calcite,684.0000,53.407490
CAL_02,calcite,685.0000,54.355555
CAL_02,calcite,686.0000,55.407605
CAL_02,calcite,687.0000,56.579113
CAL_02,calcite,688.0000,57.888467
CAL_02,calcite,689.0000,59.357636
CAL_02,calcite,690.0000,61.013015
CAL_02,calcite,691.0000,62.886496
CAL_02,calcite,692.0000,65.016839
CAL_02,calcite,693.0000,67.451447
CAL_02,calcite,694.0000,70.248646
CAL_02,calcite,695.0000,73.480653
CAL_02,calcite,696.0000,77.237433
CAL_02,calcite,697.0000,81.631699
CAL_02,calcite,698.0000,86.805380
CAL_02,calcite,699.0000,92.937859
CAL_02,calcite,700.0000,100.256218
CAL_02,calcite,701.0000,109.047324
CAL_02,calcite,702.0000,119.670585
CAL_02,calcite,703.0000,132.567829
CAL_02,calcite,704.0000,148.261463
CAL_02,calcite,705.0000,167.321624
CAL_02,calcite,706.0000,190.264147
CAL_02,calcite,707.0000,217.314685
CAL_02,calcite,708.0000,247.959181
CAL_02,calcite,709.0000,280.268252
CAL_02,calcite,710.0000,310.269642
CAL_02,calcite,711.0000,332.162935
CAL_02,calcite,712.0000,340.272455
CAL_02,calcite,713.0000,332.165770
CAL_02,calcite,714.0000,310.275312
CAL_02,calcite,715.0000,280.276758
CAL_02,calcite,716.0000,247.970523
CAL_02,calcite,717.0000,217.328865
CAL_02,calcite,718.0000,190.281166
CAL_02,calcite,719.0000,167.341482
CAL_02,calcite,720.0000,148.284164
CAL_02,calcite,721.0000,132.593373
CAL_02,calcite,722.0000,119.698975
CAL_02,calcite,723.0000,109.078562
CAL_02,calcite,724.0000,100.290307
CAL_02,calcite,725.0000,92.974802
CAL_02,calcite,726.0000,86.845179
CAL_02,calcite,727.0000,81.674359
CAL_02,calcite,728.0000,77.282956
CAL_02,calcite,729.0000,73.529044
CAL_02,calcite,730.0000,70.299908
CAL_02,calcite,731.0000,67.505585
CAL_02,calcite,732.0000,65.073858
CAL_02,calcite,733.0000,62.946400
CAL_02,calcite,734.0000,61.075810
CAL_02,calcite,735.0000,59.423326
CAL_02,calcite,736.0000,57.957058
CAL_02,calcite,737.0000,56.650612
CAL_02,calcite,738.0000,55.482018
CAL_02,calcite,739.0000,54.432887
CAL_02,calcite,740.0000,53.487748
CAL_02,calcite,741.0000,52.633518
CAL_02,calcite,742.0000,51.859078
CAL_02,calcite,743.0000,51.154937
CAL_02,calcite,744.0000,50.512957
CAL_02,calcite,745.0000,49.926133
CAL_02,calcite,746.0000,49.388407
CAL_02,calcite,747.0000,48.894523
CAL_02,calcite,748.0000,48.439903
CAL_02,calcite,749.0000,48.020549
CAL_02,calcite,750.0000,47.632951
CAL_02,calcite,751.0000,47.274024
CAL_02,calcite,752.0000,46.941047
CAL_02,calcite,753.0000,46.631611
CAL_02,calcite,754.0000,46.343577
CAL_02,calcite,755.0000,46.075046
CAL_02,calcite,756.0000,45.824320
CAL_02,calcite,757.0000,45.589883
CAL_02,calcite,758.0000,45.370376
CAL_02,calcite,759.0000,45.164579
CAL_02,calcite,760.0000,44.971392
CAL_02,calcite,761.0000,44.789824
CAL_02,calcite,762.0000,44.618978
CAL_02,calcite,763.0000,44.458043
CAL_02,calcite,764.0000,44.306283
CAL_02,calcite,765.0000,44.163029
CAL_02,calcite,766.0000,44.027670
CAL_02,calcite,767.0000,43.899651
CAL_02,calcite,768.0000,43.778465
CAL_02,calcite,769.0000,43.663645
CAL_02,calcite,770.0000,43.554768
CAL_02,calcite,771.0000,43.451441
CAL_02,calcite,772.0000,43.353306
CAL_02,calcite,773.0000,43.260033
CAL_02,calcite,774.0000,43.171316
CAL_02,calcite,775.0000,43.086876
CAL_02,calcite,776.0000,43.006451
CAL_02,calcite,777.0000,42.929804
CAL_02,calcite,778.0000,42.856710
CAL_02,calcite,779.0000,42.786964
CAL_02,calcite,780.0000,42.720375
CAL_02,calcite,781.0000,42.656766
CAL_02,calcite,782.0000,42.595970
CAL_02,calcite,783.0000,42.537834
CAL_02,calcite,784.0000,42.482216
CAL_02,calcite,785.0000,42.428980
CAL_02,calcite,786.0000,42.378003
CAL_02,calcite,787.0000,42.329168
CAL_02,calcite,788.0000,42.282365
CAL_02,calcite,789.0000,42.237494
CAL_02,calcite,790.0000,42.194457
CAL_02,calcite,791.0000,42.153165
CAL_02,calcite,792.0000,42.113535
CAL_02,calcite,793.0000,42.075487
CAL_02,calcite,794.0000,42.038947
CAL_02,calcite,795.0000,42.003845
CAL_02,calcite,796.0000,41.970116
CAL_02,calcite,797.0000,41.937698
CAL_02,calcite,798.0000,41.906532
CAL_02,calcite,799.0000,41.876563
CAL_02,calcite,800.0000,41.847740
CAL_02,calcite,801.0000,41.820014
CAL_02,calcite,802.0000,41.793339
CAL_02,calcite,803.0000,41.767670
CAL_02,calcite,804.0000,41.742967
CAL_02,calcite,805.0000,41.719190
CAL_02,calcite,806.0000,41.696302
CAL_02,calcite,807.0000,41.674269
CAL_02,calcite,808.0000,41.653057
CAL_02,calcite,809.0000,41.632634
CAL_02,calcite,810.0000,41.612972
CAL_02,calcite,811.0000,41.594041
CAL_02,calcite,812.0000,41.575814
CAL_02,calcite,813.0000,41.558266
CAL_02,calcite,814.0000,41.541373
CAL_02,calcite,815.0000,41.525112
CAL_02,calcite,816.0000,41.509460
CAL_02,calcite,817.0000,41.494397
CAL_02,calcite,818.0000,41.479903
CAL_02,calcite,819.0000,41.465959
CAL_02,calcite,820.0000,41.452547
CAL_02,calcite,821.0000,41.439650
CAL_02,calcite,822.0000,41.427251
CAL_02,calcite,823.0000,41.415336
CAL_02,calcite,824.0000,41.403889
CAL_02,calcite,825.0000,41.392895
CAL_02,calcite,826.0000,41.382343
CAL_02,calcite,827.0000,41.372218
CAL_02,calcite,828.0000,41.362508
CAL_02,calcite,829.0000,41.353203
CAL_02,calcite,830.0000,41.344290
CAL_02,calcite,831.0000,41.335758
CAL_02,calcite,832.0000,41.327599
CAL_02,calcite,833.0000,41.319802
CAL_02,calcite,834.0000,41.312357
CAL_02,calcite,835.0000,41.305257
CAL_02,calcite,836.0000,41.298492
CAL_02,calcite,837.0000,41.292055
CAL_02,calcite,838.0000,41.285938
CAL_02,calcite,839.0000,41.280133
CAL_02,calcite,840.0000,41.274634
CAL_02,calcite,841.0000,41.269434
CAL_02,calcite,842.0000,41.264526
CAL_02,calcite,843.0000,41.259905
CAL_02,calcite,844.0000,41.255564
CAL_02,calcite,845.0000,41.251499
CAL_02,calcite,846.0000,41.247703
CAL_02,calcite,847.0000,41.244173
CAL_02,calcite,848.0000,41.240903
CAL_02,calcite,849.0000,41.237889
CAL_02,calcite,850.0000,41.235126
CAL_02,calcite,851.0000,41.232611
CAL_02,calcite,852.0000,41.230340
CAL_02,calcite,853.0000,41.228308
CAL_02,calcite,854.0000,41.226513
CAL_02,calcite,855.0000,41.224951
CAL_02,calcite,856.0000,41.223619
CAL_02,calcite,857.0000,41.222515
CAL_02,calcite,858.0000,41.221635
CAL_02,calcite,859.0000,41.220977
CAL_02,calcite,860.0000,41.220539
CAL_02,calcite,861.0000,41.220318
CAL_02,calcite,862.0000,41.220313
CAL_02,calcite,863.0000,41.220521
CAL_02,calcite,864.0000,41.220940
CAL_02,calcite,865.0000,41.221569
CAL_02,calcite,866.0000,41.222407
CAL_02,calcite,867.0000,41.223452
CAL_02,calcite,868.0000,41.224703
CAL_02,calcite,869.0000,41.226158
CAL_02,calcite,870.0000,41.227817
CAL_02,calcite,871.0000,41.229679
CAL_02,calcite,872.0000,41.231744
CAL_02,calcite,873.0000,41.234010
CAL_02,calcite,874.0000,41.236477
CAL_02,calcite,875.0000,41.239145
CAL_02,calcite,876.0000,41.242013
CAL_02,calcite,877.0000,41.245082
CAL_02,calcite,878.0000,41.248351
CAL_02,calcite,879.0000,41.251821
CAL_02,calcite,880.0000,41.255492
CAL_02,calcite,881.0000,41.259364
CAL_02,calcite,882.0000,41.263437
CAL_02,calcite,883.0000,41.267713
CAL_02,calcite,884.0000,41.272191
CAL_02,calcite,885.0000,41.276873
CAL_02,calcite,886.0000,41.281759
CAL_02,calcite,887.0000,41.286851
CAL_02,calcite,888.0000,41.292150
CAL_02,calcite,889.0000,41.297657
CAL_02,calcite,890.0000,41.303373
CAL_02,calcite,891.0000,41.309299
CAL_02,calcite,892.0000,41.315438
CAL_02,calcite,893.0000,41.321791
CAL_02,calcite,894.0000,41.328360
CAL_02,calcite,895.0000,41.335147
CAL_02,calcite,896.0000,41.342154
CAL_02,calcite,897.0000,41.349383
CAL_02,calcite,898.0000,41.356836
CAL_02,calcite,899.0000,41.364516
CAL_02,calcite,900.0000,41.372425
CAL_02,calcite,901.0000,41.380567
CAL_02,calcite,902.0000,41.388944
CAL_02,calcite,903.0000,41.397558
CAL_02,calcite,904.0000,41.406414
CAL_02,calcite,905.0000,41.415514
CAL_02,calcite,906.0000,41.424861
CAL_02,calcite,907.0000,41.434460
CAL_02,calcite,908.0000,41.444314
CAL_02,calcite,909.0000,41.454426
CAL_02,calcite,910.0000,41.464801
CAL_02,calcite,911.0000,41.475443
CAL_02,calcite,912.0000,41.486357
CAL_02,calcite,913.0000,41.497546
CAL_02,calcite,914.0000,41.509015
CAL_02,calcite,915.0000,41.520770
CAL_02,calcite,916.0000,41.532815
CAL_02,calcite,917.0000,41.545156
CAL_02,calcite,918.0000,41.557797
CAL_02,calcite,919.0000,41.570746
CAL_02,calcite,920.0000,41.584006
CAL_02,calcite,921.0000,41.597585
CAL_02,calcite,922.0000,41.611489
CAL_02,calcite,923.0000,41.625724
CAL_02,calcite,924.0000,41.640296
CAL_02,calcite,925.0000,41.655214
CAL_02,calcite,926.0000,41.670484
CAL_02,calcite,927.0000,41.686113
CAL_02,calcite,928.0000,41.702110
CAL_02,calcite,929.0000,41.718482
CAL_02,calcite,930.0000,41.735238
CAL_02,calcite,931.0000,41.752386
CAL_02,calcite,932.0000,41.769935
CAL_02,calcite,933.0000,41.787895
CAL_02,calcite,934.0000,41.806275
CAL_02,calcite,935.0000,41.825085
CAL_02,calcite,936.0000,41.844335
CAL_02,calcite,937.0000,41.864035
CAL_02,calcite,938.0000,41.884198
CAL_02,calcite,939.0000,41.904834
CAL_02,calcite,940.0000,41.925956
CAL_02,calcite,941.0000,41.947574
CAL_02,calcite,942.0000,41.969703
CAL_02,calcite,943.0000,41.992356
CAL_02,calcite,944.0000,42.015545
CAL_02,calcite,945.0000,42.039286
CAL_02,calcite,946.0000,42.063593
CAL_02,calcite,947.0000,42.088481
CAL_02,calcite,948.0000,42.113966
CAL_02,calcite,949.0000,42.140065
CAL_02,calcite,950.0000,42.166794
CAL_02,calcite,951.0000,42.194172
CAL_02,calcite,952.0000,42.222216
CAL_02,calcite,953.0000,42.250947
CAL_02,calcite,954.0000,42.280383
CAL_02,calcite,955.0000,42.310546
CAL_02,calcite,956.0000,42.341456
CAL_02,calcite,957.0000,42.373137
CAL_02,calcite,958.0000,42.405611
CAL_02,calcite,959.0000,42.438902
CAL_02,calcite,960.0000,42.473036
CAL_02,calcite,961.0000,42.508039
CAL_02,calcite,962.0000,42.543937
CAL_02,calcite,963.0000,42.580760
CAL_02,calcite,964.0000,42.618536
CAL_02,calcite,965.0000,42.657296
CAL_02,calcite,966.0000,42.697073
CAL_02,calcite,967.0000,42.737900
CAL_02,calcite,968.0000,42.779810
CAL_02,calcite,969.0000,42.822842
CAL_02,calcite,970.0000,42.867032
CAL_02,calcite,971.0000,42.912421
CAL_02,calcite,972.0000,42.959049
CAL_02,calcite,973.0000,43.006959
CAL_02,calcite,974.0000,43.056197
CAL_02,calcite,975.0000,43.106809
CAL_02,calcite,976.0000,43.158846
CAL_02,calcite,977.0000,43.212357
CAL_02,calcite,978.0000,43.267398
CAL_02,calcite,979.0000,43.324025
CAL_02,calcite,980.0000,43.382296
CAL_02,calcite,981.0000,43.442274
CAL_02,calcite,982.0000,43.504024
CAL_02,calcite,983.0000,43.567613
CAL_02,calcite,984.0000,43.633113
CAL_02,calcite,985.0000,43.700600
CAL_02,calcite,986.0000,43.770150
CAL_02,calcite,987.0000,43.841848
CAL_02,calcite,988.0000,43.915781
CAL_02,calcite,989.0000,43.992038
CAL_02,calcite,990.0000,44.070718
CAL_02,calcite,991.0000,44.151920
CAL_02,calcite,992.0000,44.235751
CAL_02,calcite,993.0000,44.322324
CAL_02,calcite,994.0000,44.411757
CAL_02,calcite,995.0000,44.504175
CAL_02,calcite,996.0000,44.599709
CAL_02,calcite,997.0000,44.698499
CAL_02,calcite,998.0000,44.800692
CAL_02,calcite,999.0000,44.906443
CAL_02,calcite,1000.0000,45.015917
CAL_02,calcite,1001.0000,45.129288
CAL_02,calcite,1002.0000,45.246740
CAL_02,calcite,1003.0000,45.368469
CAL_02,calcite,1004.0000,45.494683
CAL_02,calcite,1005.0000,45.625601
CAL_02,calcite,1006.0000,45.761458
CAL_02,calcite,1007.0000,45.902502
CAL_02,calcite,1008.0000,46.048997
CAL_02,calcite,1009.0000,46.201225
CAL_02,calcite,1010.0000,46.359487
CAL_02,calcite,1011.0000,46.524102
CAL_02,calcite,1012.0000,46.695411
CAL_02,calcite,1013.0000,46.873779
CAL_02,calcite,1014.0000,47.059597
CAL_02,calcite,1015.0000,47.253280
CAL_02,calcite,1016.0000,47.455276
CAL_02,calcite,1017.0000,47.666063
CAL_02,calcite,1018.0000,47.886155
CAL_02,calcite,1019.0000,48.116103
CAL_02,calcite,1020.0000,48.356502
CAL_02,calcite,1021.0000,48.607989
CAL_02,calcite,1022.0000,48.871252
CAL_02,calcite,1023.0000,49.147032
CAL_02,calcite,1024.0000,49.436132
CAL_02,calcite,1025.0000,49.739417
CAL_02,calcite,1026.0000,50.057823
CAL_02,calcite,1027.0000,50.392368
CAL_02,calcite,1028.0000,50.744154
CAL_02,calcite,1029.0000,51.114377
CAL_02,calcite,1030.0000,51.504343
CAL_02,calcite,1031.0000,51.915470
CAL_02,calcite,1032.0000,52.349309
CAL_02,calcite,1033.0000,52.807552
CAL_02,calcite,1034.0000,53.292055
CAL_02,calcite,1035.0000,53.804849
CAL_02,calcite,1036.0000,54.348166
CAL_02,calcite,1037.0000,54.924462
CAL_02,calcite,1038.0000,55.536443
CAL_02,calcite,1039.0000,56.187096
CAL_02,calcite,1040.0000,56.879727
CAL_02,calcite,1041.0000,57.618000
CAL_02,calcite,1042.0000,58.405986
CAL_02,calcite,1043.0000,59.248215
CAL_02,calcite,1044.0000,60.149743
CAL_02,calcite,1045.0000,61.116224
CAL_02,calcite,1046.0000,62.153998
CAL_02,calcite,1047.0000,63.270188
CAL_02,calcite,1048.0000,64.472826
CAL_02,calcite,1049.0000,65.770985
CAL_02,calcite,1050.0000,67.174951
CAL_02,calcite,1051.0000,68.696417
CAL_02,calcite,1052.0000,70.348717
CAL_02,calcite,1053.0000,72.147111
CAL_02,calcite,1054.0000,74.109118
CAL_02,calcite,1055.0000,76.254929
CAL_02,calcite,1056.0000,78.607900
CAL_02,calcite,1057.0000,81.195156
CAL_02,calcite,1058.0000,84.048335
CAL_02,calcite,1059.0000,87.204498
CAL_02,calcite,1060.0000,90.707256
CAL_02,calcite,1061.0000,94.608185
CAL_02,calcite,1062.0000,98.968578
CAL_02,calcite,1063.0000,103.861667
CAL_02,calcite,1064.0000,109.375434
CAL_02,calcite,1065.0000,115.616181
CAL_02,calcite,1066.0000,122.713116
CAL_02,calcite,1067.0000,130.824241
CAL_02,calcite,1068.0000,140.143979
CAL_02,calcite,1069.0000,150.913055
CAL_02,calcite,1070.0000,163.431347
CAL_02,calcite,1071.0000,178.074568
CAL_02,calcite,1072.0000,195.315813
CAL_02,calcite,1073.0000,215.753027
CAL_02,calcite,1074.0000,240.143149
CAL_02,calcite,1075.0000,269.442396
CAL_02,calcite,1076.0000,304.848807
CAL_02,calcite,1077.0000,347.835130
CAL_02,calcite,1078.0000,400.142727
CAL_02,calcite,1079.0000,463.672049
CAL_02,calcite,1080.0000,540.142555
CAL_02,calcite,1081.0000,630.306413
CAL_02,calcite,1082.0000,732.450102
CAL_02,calcite,1083.0000,840.142346
CAL_02,calcite,1084.0000,940.142290
CAL_02,calcite,1085.0000,1013.115213
CAL_02,calcite,1086.0000,1040.142196
CAL_02,calcite,1087.0000,1013.115132
CAL_02,calcite,1088.0000,940.142129
CAL_02,calcite,1089.0000,840.142105
CAL_02,calcite,1090.0000,732.449780
CAL_02,calcite,1091.0000,630.306011
CAL_02,calcite,1092.0000,540.142072
CAL_02,calcite,1093.0000,463.671486
CAL_02,calcite,1094.0000,400.142083
CAL_02,calcite,1095.0000,347.834406
CAL_02,calcite,1096.0000,304.848002
CAL_02,calcite,1097.0000,269.441511
CAL_02,calcite,1098.0000,240.142183
CAL_02,calcite,1099.0000,215.751981
CAL_02,calcite,1100.0000,195.314686
CAL_02,calcite,1101.0000,178.073362
CAL_02,calcite,1102.0000,163.430060
CAL_02,calcite,1103.0000,150.911688
CAL_02,calcite,1104.0000,140.142532
CAL_02,calcite,1105.0000,130.822714
CAL_02,calcite,1106.0000,122.711508
CAL_02,calcite,1107.0000,115.614494
CAL_02,calcite,1108.0000,109.373667
CAL_02,calcite,1109.0000,103.859820
CAL_02,calcite,1110.0000,98.966651
CAL_02,calcite,1111.0000,94.606178
CAL_02,calcite,1112.0000,90.705170
CAL_02,calcite,1113.0000,87.202332
CAL_02,calcite,1114.0000,84.046090
CAL_02,calcite,1115.0000,81.192831
CAL_02,calcite,1116.0000,78.605496
CAL_02,calcite,1117.0000,76.252446
CAL_02,calcite,1118.0000,74.106556
CAL_02,calcite,1119.0000,72.144470
CAL_02,calcite,1120.0000,70.345997
CAL_02,calcite,1121.0000,68.693617
CAL_02,calcite,1122.0000,67.172073
CAL_02,calcite,1123.0000,65.768028
CAL_02,calcite,1124.0000,64.469791
CAL_02,calcite,1125.0000,63.267075
CAL_02,calcite,1126.0000,62.150806
CAL_02,calcite,1127.0000,61.112954
CAL_02,calcite,1128.0000,60.146395
CAL_02,calcite,1129.0000,59.244789
CAL_02,calcite,1130.0000,58.402483
CAL_02,calcite,1131.0000,57.614419
CAL_02,calcite,1132.0000,56.876069
CAL_02,calcite,1133.0000,56.183360
CAL_02,calcite,1134.0000,55.532630
CAL_02,calcite,1135.0000,54.920573
CAL_02,calcite,1136.0000,54.344200
CAL_02,calcite,1137.0000,53.800807
CAL_02,calcite,1138.0000,53.287936
CAL_02,calcite,1139.0000,52.803358
CAL_02,calcite,1140.0000,52.345038
CAL_02,calcite,1141.0000,51.911124
CAL_02,calcite,1142.0000,51.499921
CAL_02,calcite,1143.0000,51.109881
CAL_02,calcite,1144.0000,50.739582
CAL_02,calcite,1145.0000,50.387722
CAL_02,calcite,1146.0000,50.053103
CAL_02,calcite,1147.0000,49.734622
CAL_02,calcite,1148.0000,49.431264
CAL_02,calcite,1149.0000,49.142091
CAL_02,calcite,1150.0000,48.866237
CAL_02,calcite,1151.0000,48.602901
CAL_02,calcite,1152.0000,48.351342
CAL_02,calcite,1153.0000,48.110871
CAL_02,calcite,1154.0000,47.880850
CAL_02,calcite,1155.0000,47.660687
CAL_02,calcite,1156.0000,47.449828
CAL_02,calcite,1157.0000,47.247762
CAL_02,calcite,1158.0000,47.054008
CAL_02,calcite,1159.0000,46.868121
CAL_02,calcite,1160.0000,46.689683
CAL_02,calcite,1161.0000,46.518305
CAL_02,calcite,1162.0000,46.353621
CAL_02,calcite,1163.0000,46.195291
CAL_02,calcite,1164.0000,46.042995
CAL_02,calcite,1165.0000,45.896432
CAL_02,calcite,1166.0000,45.755322
CAL_02,calcite,1167.0000,45.619399
CAL_02,calcite,1168.0000,45.488415
CAL_02,calcite,1169.0000,45.362136
CAL_02,calcite,1170.0000,45.240342
CAL_02,calcite,1171.0000,45.122826
CAL_02,calcite,1172.0000,45.009392
CAL_02,calcite,1173.0000,44.899855
CAL_02,calcite,1174.0000,44.794042
CAL_02,calcite,1175.0000,44.691788
CAL_02,calcite,1176.0000,44.592937
CAL_02,calcite,1177.0000,44.497342
CAL_02,calcite,1178.0000,44.404865
CAL_02,calcite,1179.0000,44.315374
CAL_02,calcite,1180.0000,44.228743
CAL_02,calcite,1181.0000,44.144855
CAL_02,calcite,1182.0000,44.063597
CAL_02,calcite,1183.0000,43.984862
CAL_02,calcite,1184.0000,43.908550
CAL_02,calcite,1185.0000,43.834564
CAL_02,calcite,1186.0000,43.762814
CAL_02,calcite,1187.0000,43.693211
CAL_02,calcite,1188.0000,43.625675
CAL_02,calcite,1189.0000,43.560125
CAL_02,calcite,1190.0000,43.496487
CAL_02,calcite,1191.0000,43.434691
CAL_02,calcite,1192.0000,43.374666
CAL_02,calcite,1193.0000,43.316350
CAL_02,calcite,1194.0000,43.259679
CAL_02,calcite,1195.0000,43.204596
CAL_02,calcite,1196.0000,43.151043
CAL_02,calcite,1197.0000,43.098967
CAL_02,calcite,1198.0000,43.048316
CAL_02,calcite,1199.0000,42.999041
CAL_02,calcite,1200.0000,42.951095
CAL_02,calcite,1201.0000,42.904433
CAL_02,calcite,1202.0000,42.859012
CAL_02,calcite,1203.0000,42.814790
CAL_02,calcite,1204.0000,42.771729
CAL_02,calcite,1205.0000,42.729791
CAL_02,calcite,1206.0000,42.688938
CAL_02,calcite,1207.0000,42.649137
CAL_02,calcite,1208.0000,42.610354
CAL_02,calcite,1209.0000,42.572558
CAL_02,calcite,1210.0000,42.535717
CAL_02,calcite,1211.0000,42.499802
CAL_02,calcite,1212.0000,42.464785
CAL_02,calcite,1213.0000,42.430639
CAL_02,calcite,1214.0000,42.397338
CAL_02,calcite,1215.0000,42.364857
CAL_02,calcite,1216.0000,42.333171
CAL_02,calcite,1217.0000,42.302258
CAL_02,calcite,1218.0000,42.272095
CAL_02,calcite,1219.0000,42.242661
CAL_02,calcite,1220.0000,42.213936
CAL_02,calcite,1221.0000,42.185900
CAL_02,calcite,1222.0000,42.158533
CAL_02,calcite,1223.0000,42.131817
CAL_02,calcite,1224.0000,42.105735
CAL_02,calcite,1225.0000,42.080270
CAL_02,calcite,1226.0000,42.055406
CAL_02,calcite,1227.0000,42.031126
CAL_02,calcite,1228.0000,42.007415
CAL_02,calcite,1229.0000,41.984260
CAL_02,calcite,1230.0000,41.961645
CAL_02,calcite,1231.0000,41.939557
CAL_02,calcite,1232.0000,41.917984
CAL_02,calcite,1233.0000,41.896912
CAL_02,calcite,1234.0000,41.876329
CAL_02,calcite,1235.0000,41.856224
CAL_02,calcite,1236.0000,41.836586
CAL_02,calcite,1237.0000,41.817403
CAL_02,calcite,1238.0000,41.798665
CAL_02,calcite,1239.0000,41.780362
CAL_02,calcite,1240.0000,41.762484
CAL_02,calcite,1241.0000,41.745021
CAL_02,calcite,1242.0000,41.727966
CAL_02,calcite,1243.0000,41.711308
CAL_02,calcite,1244.0000,41.695040
CAL_02,calcite,1245.0000,41.679153
CAL_02,calcite,1246.0000,41.663640
CAL_02,calcite,1247.0000,41.648492
CAL_02,calcite,1248.0000,41.633704
CAL_02,calcite,1249.0000,41.619267
CAL_02,calcite,1250.0000,41.605175
CAL_02,calcite,1251.0000,41.591421
CAL_02,calcite,1252.0000,41.578000
CAL_02,calcite,1253.0000,41.564905
CAL_02,calcite,1254.0000,41.552131
CAL_02,calcite,1255.0000,41.539671
CAL_02,calcite,1256.0000,41.527521
CAL_02,calcite,1257.0000,41.515675
CAL_02,calcite,1258.0000,41.504129
CAL_02,calcite,1259.0000,41.492877
CAL_02,calcite,1260.0000,41.481916
CAL_02,calcite,1261.0000,41.471241
CAL_02,calcite,1262.0000,41.460848
CAL_02,calcite,1263.0000,41.450732
CAL_02,calcite,1264.0000,41.440890
CAL_02,calcite,1265.0000,41.431319
CAL_02,calcite,1266.0000,41.422015
CAL_02,calcite,1267.0000,41.412974
CAL_02,calcite,1268.0000,41.404194
CAL_02,calcite,1269.0000,41.395672
CAL_02,calcite,1270.0000,41.387405
CAL_02,calcite,1271.0000,41.379390
CAL_02,calcite,1272.0000,41.371624
CAL_02,calcite,1273.0000,41.364107
CAL_02,calcite,1274.0000,41.356834
CAL_02,calcite,1275.0000,41.349805
CAL_02,calcite,1276.0000,41.343018
CAL_02,calcite,1277.0000,41.336470
CAL_02,calcite,1278.0000,41.330161
CAL_02,calcite,1279.0000,41.324089
CAL_02,calcite,1280.0000,41.318252
CAL_02,calcite,1281.0000,41.312650
CAL_02,calcite,1282.0000,41.307281
CAL_02,calcite,1283.0000,41.302146
CAL_02,calcite,1284.0000,41.297242
CAL_02,calcite,1285.0000,41.292570
CAL_02,calcite,1286.0000,41.288130
CAL_02,calcite,1287.0000,41.283920
CAL_02,calcite,1288.0000,41.279942
CAL_02,calcite,1289.0000,41.276194
CAL_02,calcite,1290.0000,41.272678
CAL_02,calcite,1291.0000,41.269394
CAL_02,calcite,1292.0000,41.266343
CAL_02,calcite,1293.0000,41.263524
CAL_02,calcite,1294.0000,41.260940
CAL_02,calcite,1295.0000,41.258591
CAL_02,calcite,1296.0000,41.256478
CAL_02,calcite,1297.0000,41.254603
CAL_02,calcite,1298.0000,41.252968
CAL_02,calcite,1299.0000,41.251573
CAL_02,calcite,1300.0000,41.250422
CAL_02,calcite,1301.0000,41.249517
CAL_02,calcite,1302.0000,41.248859
CAL_02,calcite,1303.0000,41.248451
CAL_02,calcite,1304.0000,41.248297
CAL_02,calcite,1305.0000,41.248399
CAL_02,calcite,1306.0000,41.248760
CAL_02,calcite,1307.0000,41.249385
CAL_02,calcite,1308.0000,41.250275
CAL_02,calcite,1309.0000,41.251437
CAL_02,calcite,1310.0000,41.252873
CAL_02,calcite,1311.0000,41.254588
CAL_02,calcite,1312.0000,41.256588
CAL_02,calcite,1313.0000,41.258876
CAL_02,calcite,1314.0000,41.261459
CAL_02,calcite,1315.0000,41.264343
CAL_02,calcite,1316.0000,41.267532
CAL_02,calcite,1317.0000,41.271034
CAL_02,calcite,1318.0000,41.274855
CAL_02,calcite,1319.0000,41.279002
CAL_02,calcite,1320.0000,41.283483
CAL_02,calcite,1321.0000,41.288306
CAL_02,calcite,1322.0000,41.293479
CAL_02,calcite,1323.0000,41.299010
CAL_02,calcite,1324.0000,41.304909
CAL_02,calcite,1325.0000,41.311186
CAL_02,calcite,1326.0000,41.317851
CAL_02,calcite,1327.0000,41.324915
CAL_02,calcite,1328.0000,41.332389
CAL_02,calcite,1329.0000,41.340285
CAL_02,calcite,1330.0000,41.348615
CAL_02,calcite,1331.0000,41.357394
CAL_02,calcite,1332.0000,41.366635
CAL_02,calcite,1333.0000,41.376352
CAL_02,calcite,1334.0000,41.386562
CAL_02,calcite,1335.0000,41.397281
CAL_02,calcite,1336.0000,41.408526
CAL_02,calcite,1337.0000,41.420315
CAL_02,calcite,1338.0000,41.432668
CAL_02,calcite,1339.0000,41.445605
CAL_02,calcite,1340.0000,41.459148
CAL_02,calcite,1341.0000,41.473318
CAL_02,calcite,1342.0000,41.488140
CAL_02,calcite,1343.0000,41.503640
CAL_02,calcite,1344.0000,41.519843
CAL_02,calcite,1345.0000,41.536779
CAL_02,calcite,1346.0000,41.554477
CAL_02,calcite,1347.0000,41.572969
CAL_02,calcite,1348.0000,41.592288
CAL_02,calcite,1349.0000,41.612469
CAL_02,calcite,1350.0000,41.633552
CAL_02,calcite,1351.0000,41.655574
CAL_02,calcite,1352.0000,41.678579
CAL_02,calcite,1353.0000,41.702612
CAL_02,calcite,1354.0000,41.727721
CAL_02,calcite,1355.0000,41.753956
CAL_02,calcite,1356.0000,41.781371
CAL_02,calcite,1357.0000,41.810025
CAL_02,calcite,1358.0000,41.839978
CAL_02,calcite,1359.0000,41.871296
CAL_02,calcite,1360.0000,41.904048
CAL_02,calcite,1361.0000,41.938310
CAL_02,calcite,1362.0000,41.974161
CAL_02,calcite,1363.0000,42.011687
CAL_02,calcite,1364.0000,42.050977
CAL_02,calcite,1365.0000,42.092131
CAL_02,calcite,1366.0000,42.135253
CAL_02,calcite,1367.0000,42.180456
CAL_02,calcite,1368.0000,42.227860
CAL_02,calcite,1369.0000,42.277595
CAL_02,calcite,1370.0000,42.329802
CAL_02,calcite,1371.0000,42.384631
CAL_02,calcite,1372.0000,42.442245
CAL_02,calcite,1373.0000,42.502820
CAL_02,calcite,1374.0000,42.566546
CAL_02,calcite,1375.0000,42.633629
CAL_02,calcite,1376.0000,42.704291
CAL_02,calcite,1377.0000,42.778776
CAL_02,calcite,1378.0000,42.857345
CAL_02,calcite,1379.0000,42.940286
CAL_02,calcite,1380.0000,43.027911
CAL_02,calcite,1381.0000,43.120559
CAL_02,calcite,1382.0000,43.218603
CAL_02,calcite,1383.0000,43.322451
CAL_02,calcite,1384.0000,43.432550
CAL_02,calcite,1385.0000,43.549389
CAL_02,calcite,1386.0000,43.673510
CAL_02,calcite,1387.0000,43.805506
CAL_02,calcite,1388.0000,43.946035
CAL_02,calcite,1389.0000,44.095824
CAL_02,calcite,1390.0000,44.255679
CAL_02,calcite,1391.0000,44.426494
CAL_02,calcite,1392.0000,44.609266
CAL_02,calcite,1393.0000,44.805107
CAL_02,calcite,1394.0000,45.015261
CAL_02,calcite,1395.0000,45.241122
CAL_02,calcite,1396.0000,45.484257
CAL_02,calcite,1397.0000,45.746432
CAL_02,calcite,1398.0000,46.029644
CAL_02,calcite,1399.0000,46.336155
CAL_02,calcite,1400.0000,46.668537
CAL_02,calcite,1401.0000,47.029724
CAL_02,calcite,1402.0000,47.423072
CAL_02,calcite,1403.0000,47.852435
CAL_02,calcite,1404.0000,48.322255
CAL_02,calcite,1405.0000,48.837670
CAL_02,calcite,1406.0000,49.404648
CAL_02,calcite,1407.0000,50.030147
CAL_02,calcite,1408.0000,50.722323
CAL_02,calcite,1409.0000,51.490768
CAL_02,calcite,1410.0000,52.346829
CAL_02,calcite,1411.0000,53.303991
CAL_02,calcite,1412.0000,54.378364
CAL_02,calcite,1413.0000,55.589304
CAL_02,calcite,1414.0000,56.960198
CAL_02,calcite,1415.0000,58.519470
CAL_02,calcite,1416.0000,60.301881
CAL_02,calcite,1417.0000,62.350204
CAL_02,calcite,1418.0000,64.717398
CAL_02,calcite,1419.0000,67.469436
CAL_02,calcite,1420.0000,70.688975
CAL_02,calcite,1421.0000,74.480096
CAL_02,calcite,1422.0000,78.974345
CAL_02,calcite,1423.0000,84.338250
CAL_02,calcite,1424.0000,90.782178
CAL_02,calcite,1425.0000,98.569698
CAL_02,calcite,1426.0000,108.024813
CAL_02,calcite,1427.0000,119.530623
CAL_02,calcite,1428.0000,133.505228
CAL_02,calcite,1429.0000,150.326908
CAL_02,calcite,1430.0000,170.161140
CAL_02,calcite,1431.0000,192.630948
CAL_02,calcite,1432.0000,216.321453
CAL_02,calcite,1433.0000,238.319666
CAL_02,calcite,1434.0000,254.371948
CAL_02,calcite,1435.0000,260.316136
CAL_02,calcite,1436.0000,254.368448
CAL_02,calcite,1437.0000,238.312666
CAL_02,calcite,1438.0000,216.310952
CAL_02,calcite,1439.0000,192.616945
CAL_02,calcite,1440.0000,170.143633
CAL_02,calcite,1441.0000,150.305897
CAL_02,calcite,1442.0000,133.480710
CAL_02,calcite,1443.0000,119.502596
CAL_02,calcite,1444.0000,107.993273
CAL_02,calcite,1445.0000,98.534643
CAL_02,calcite,1446.0000,90.743605
CAL_02,calcite,1447.0000,84.296155
CAL_02,calcite,1448.0000,78.928724
CAL_02,calcite,1449.0000,74.430944
CAL_02,calcite,1450.0000,70.636288
CAL_02,calcite,1451.0000,67.413209
CAL_02,calcite,1452.0000,64.657625
CAL_02,calcite,1453.0000,62.286879
CAL_02,calcite,1454.0000,60.234998
CAL_02,calcite,1455.0000,58.449023
CAL_02,calcite,1456.0000,56.886180
CAL_02,calcite,1457.0000,55.511708
CAL_02,calcite,1458.0000,54.297182
CAL_02,calcite,1459.0000,53.219215
CAL_02,calcite,1460.0000,52.258452
CAL_02,calcite,1461.0000,51.398780
CAL_02,calcite,1462.0000,50.626715
CAL_02,calcite,1463.0000,49.930911
CAL_02,calcite,1464.0000,49.301773
CAL_02,calcite,1465.0000,48.731147
CAL_02,calcite,1466.0000,48.212072
CAL_02,calcite,1467.0000,47.738582
CAL_02,calcite,1468.0000,47.305538
CAL_02,calcite,1469.0000,46.908498
CAL_02,calcite,1470.0000,46.543606
CAL_02,calcite,1471.0000,46.207507
CAL_02,calcite,1472.0000,45.897266
CAL_02,calcite,1473.0000,45.610312
CAL_02,calcite,1474.0000,45.344380
CAL_02,calcite,1475.0000,45.097474
CAL_02,calcite,1476.0000,44.867829
CAL_02,calcite,1477.0000,44.653875
CAL_02,calcite,1478.0000,44.454219
CAL_02,calcite,1479.0000,44.267617
CAL_02,calcite,1480.0000,44.092955
CAL_02,calcite,1481.0000,43.929238
CAL_02,calcite,1482.0000,43.775570
CAL_02,calcite,1483.0000,43.631144
CAL_02,calcite,1484.0000,43.495233
CAL_02,calcite,1485.0000,43.367180
CAL_02,calcite,1486.0000,43.246389
CAL_02,calcite,1487.0000,43.132320
CAL_02,calcite,1488.0000,43.024482
CAL_02,calcite,1489.0000,42.922428
CAL_02,calcite,1490.0000,42.825750
CAL_02,calcite,1491.0000,42.734074
CAL_02,calcite,1492.0000,42.647061
CAL_02,calcite,1493.0000,42.564397
CAL_02,calcite,1494.0000,42.485795
CAL_02,calcite,1495.0000,42.410993
CAL_02,calcite,1496.0000,42.339747
CAL_02,calcite,1497.0000,42.271834
CAL_02,calcite,1498.0000,42.207048
CAL_02,calcite,1499.0000,42.145197
CAL_02,calcite,1500.0000,42.086106
CAL_02,calcite,1501.0000,42.029612
CAL_02,calcite,1502.0000,41.975562
CAL_02,calcite,1503.0000,41.923817
CAL_02,calcite,1504.0000,41.874245
CAL_02,calcite,1505.0000,41.826726
CAL_02,calcite,1506.0000,41.781146
CAL_02,calcite,1507.0000,41.737400
CAL_02,calcite,1508.0000,41.695390
CAL_02,calcite,1509.0000,41.655023
CAL_02,calcite,1510.0000,41.616214
CAL_02,calcite,1511.0000,41.578882
CAL_02,calcite,1512.0000,41.542953
CAL_02,calcite,1513.0000,41.508356
CAL_02,calcite,1514.0000,41.475024
CAL_02,calcite,1515.0000,41.442897
CAL_02,calcite,1516.0000,41.411914
CAL_02,calcite,1517.0000,41.382023
CAL_02,calcite,1518.0000,41.353170
CAL_02,calcite,1519.0000,41.325308
CAL_02,calcite,1520.0000,41.298391
CAL_02,calcite,1521.0000,41.272376
CAL_02,calcite,1522.0000,41.247222
CAL_02,calcite,1523.0000,41.222891
CAL_02,calcite,1524.0000,41.199346
CAL_02,calcite,1525.0000,41.176554
CAL_02,calcite,1526.0000,41.154481
CAL_02,calcite,1527.0000,41.133097
CAL_02,calcite,1528.0000,41.112373
CAL_02,calcite,1529.0000,41.092282
CAL_02,calcite,1530.0000,41.072797
CAL_02,calcite,1531.0000,41.053894
CAL_02,calcite,1532.0000,41.035548
CAL_02,calcite,1533.0000,41.017738
CAL_02,calcite,1534.0000,41.000443
CAL_02,calcite,1535.0000,40.983642
CAL_02,calcite,1536.0000,40.967316
CAL_02,calcite,1537.0000,40.951447
CAL_02,calcite,1538.0000,40.936017
CAL_02,calcite,1539.0000,40.921010
CAL_02,calcite,1540.0000,40.906410
CAL_02,calcite,1541.0000,40.892202
CAL_02,calcite,1542.0000,40.878372
CAL_02,calcite,1543.0000,40.864905
CAL_02,calcite,1544.0000,40.851790
CAL_02,calcite,1545.0000,40.839013
CAL_02,calcite,1546.0000,40.826562
CAL_02,calcite,1547.0000,40.814426
CAL_02,calcite,1548.0000,40.802595
CAL_02,calcite,1549.0000,40.791057
CAL_02,calcite,1550.0000,40.779802
CAL_02,calcite,1551.0000,40.768822
CAL_02,calcite,1552.0000,40.758106
CAL_02,calcite,1553.0000,40.747647
CAL_02,calcite,1554.0000,40.737436
CAL_02,calcite,1555.0000,40.727464
CAL_02,calcite,1556.0000,40.717724
CAL_02,calcite,1557.0000,40.708208
CAL_02,calcite,1558.0000,40.698910
CAL_02,calcite,1559.0000,40.689822
CAL_02,calcite,1560.0000,40.680938
CAL_02,calcite,1561.0000,40.672251
CAL_02,calcite,1562.0000,40.663757
CAL_02,calcite,1563.0000,40.655447
CAL_02,calcite,1564.0000,40.647318
CAL_02,calcite,1565.0000,40.639364
CAL_02,calcite,1566.0000,40.631579
CAL_02,calcite,1567.0000,40.623958
CAL_02,calcite,1568.0000,40.616497
CAL_02,calcite,1569.0000,40.609191
CAL_02,calcite,1570.0000,40.602036
CAL_02,calcite,1571.0000,40.595026
CAL_02,calcite,1572.0000,40.588159
CAL_02,calcite,1573.0000,40.581430
CAL_02,calcite,1574.0000,40.574835
CAL_02,calcite,1575.0000,40.568370
CAL_02,calcite,1576.0000,40.562032
CAL_02,calcite,1577.0000,40.555818
CAL_02,calcite,1578.0000,40.549723
CAL_02,calcite,1579.0000,40.543746
CAL_02,calcite,1580.0000,40.537882
CAL_02,calcite,1581.0000,40.532129
CAL_02,calcite,1582.0000,40.526483
CAL_02,calcite,1583.0000,40.520942
CAL_02,calcite,1584.0000,40.515504
CAL_02,calcite,1585.0000,40.510165
CAL_02,calcite,1586.0000,40.504923
CAL_02,calcite,1587.0000,40.499775
CAL_02,calcite,1588.0000,40.494720
CAL_02,calcite,1589.0000,40.489754
CAL_02,calcite,1590.0000,40.484876
CAL_02,calcite,1591.0000,40.480083
CAL_02,calcite,1592.0000,40.475374
CAL_02,calcite,1593.0000,40.470746
CAL_02,calcite,1594.0000,40.466197
CAL_02,calcite,1595.0000,40.461725
CAL_02,calcite,1596.0000,40.457329
CAL_02,calcite,1597.0000,40.453006
CAL_02,calcite,1598.0000,40.448756
CAL_02,calcite,1599.0000,40.444576
CAL_02,calcite,1600.0000,40.440464
CAL_02,calcite,1601.0000,40.436420
CAL_02,calcite,1602.0000,40.432441
CAL_02,calcite,1603.0000,40.428526
CAL_02,calcite,1604.0000,40.424673
CAL_02,calcite,1605.0000,40.420882
CAL_02,calcite,1606.0000,40.417150
CAL_02,calcite,1607.0000,40.413477
CAL_02,calcite,1608.0000,40.409861
CAL_02,calcite,1609.0000,40.406301
CAL_02,calcite,1610.0000,40.402795
CAL_02,calcite,1611.0000,40.399343
CAL_02,calcite,1612.0000,40.395943
CAL_02,calcite,1613.0000,40.392594
CAL_02,calcite,1614.0000,40.389295
CAL_02,calcite,1615.0000,40.386045
CAL_02,calcite,1616.0000,40.382844
CAL_02,calcite,1617.0000,40.379689
CAL_02,calcite,1618.0000,40.376580
CAL_02,calcite,1619.0000,40.373516
CAL_02,calcite,1620.0000,40.370496
CAL_02,calcite,1621.0000,40.367520
CAL_02,calcite,1622.0000,40.364585
CAL_02,calcite,1623.0000,40.361692
CAL_02,calcite,1624.0000,40.358840
CAL_02,calcite,1625.0000,40.356028
CAL_02,calcite,1626.0000,40.353254
CAL_02,calcite,1627.0000,40.350519
CAL_02,calcite,1628.0000,40.347821
CAL_02,calcite,1629.0000,40.345160
CAL_02,calcite,1630.0000,40.342535
CAL_02,calcite,1631.0000,40.339945
CAL_02,calcite,1632.0000,40.337390
CAL_02,calcite,1633.0000,40.334869
CAL_02,calcite,1634.0000,40.332382
CAL_02,calcite,1635.0000,40.329926
CAL_02,calcite,1636.0000,40.327503
CAL_02,calcite,1637.0000,40.325112
CAL_02,calcite,1638.0000,40.322751
CAL_02,calcite,1639.0000,40.320421
CAL_02,calcite,1640.0000,40.318120
CAL_02,calcite,1641.0000,40.315849
CAL_02,calcite,1642.0000,40.313606
CAL_02,calcite,1643.0000,40.311392
CAL_02,calcite,1644.0000,40.309205
CAL_02,calcite,1645.0000,40.307045
CAL_02,calcite,1646.0000,40.304912
CAL_02,calcite,1647.0000,40.302805
CAL_02,calcite,1648.0000,40.300724
CAL_02,calcite,1649.0000,40.298669
CAL_02,calcite,1650.0000,40.296638
CAL_02,calcite,1651.0000,40.294631
CAL_02,calcite,1652.0000,40.292648
CAL_02,calcite,1653.0000,40.290689
CAL_02,calcite,1654.0000,40.288753
CAL_02,calcite,1655.0000,40.286840
CAL_02,calcite,1656.0000,40.284949
CAL_02,calcite,1657.0000,40.283081
CAL_02,calcite,1658.0000,40.281233
CAL_02,calcite,1659.0000,40.279408
CAL_02,calcite,1660.0000,40.277603
CAL_02,calcite,1661.0000,40.275818
CAL_02,calcite,1662.0000,40.274054
CAL_02,calcite,1663.0000,40.272310
CAL_02,calcite,1664.0000,40.270585
CAL_02,calcite,1665.0000,40.268880
CAL_02,calcite,1666.0000,40.267193
CAL_02,calcite,1667.0000,40.265525
CAL_02,calcite,1668.0000,40.263876
CAL_02,calcite,1669.0000,40.262244
CAL_02,calcite,1670.0000,40.260631
CAL_02,calcite,1671.0000,40.259034
CAL_02,calcite,1672.0000,40.257455
CAL_02,calcite,1673.0000,40.255893
CAL_02,calcite,1674.0000,40.254348
CAL_02,calcite,1675.0000,40.252819
CAL_02,calcite,1676.0000,40.251306
CAL_02,calcite,1677.0000,40.249809
CAL_02,calcite,1678.0000,40.248328
CAL_02,calcite,1679.0000,40.246862
CAL_02,calcite,1680.0000,40.245411
CAL_02,calcite,1681.0000,40.243976
CAL_02,calcite,1682.0000,40.242555
CAL_02,calcite,1683.0000,40.241148
CAL_02,calcite,1684.0000,40.239756
CAL_02,calcite,1685.0000,40.238378
CAL_02,calcite,1686.0000,40.237014
CAL_02,calcite,1687.0000,40.235664
CAL_02,calcite,1688.0000,40.234327
CAL_02,calcite,1689.0000,40.233003
CAL_02,calcite,1690.0000,40.231693
CAL_02,calcite,1691.0000,40.230395
CAL_02,calcite,1692.0000,40.229111
CAL_02,calcite,1693.0000,40.227838
CAL_02,calcite,1694.0000,40.226578
CAL_02,calcite,1695.0000,40.225331
CAL_02,calcite,1696.0000,40.224095
CAL_02,calcite,1697.0000,40.222871
CAL_02,calcite,1698.0000,40.221659
CAL_02,calcite,1699.0000,40.220458
CAL_02,calcite,1700.0000,40.219269
CAL_02,calcite,1701.0000,40.218091
CAL_02,calcite,1702.0000,40.216924
CAL_02,calcite,1703.0000,40.215767
CAL_02,calcite,1704.0000,40.214622
CAL_02,calcite,1705.0000,40.213487
CAL_02,calcite,1706.0000,40.212363
CAL_02,calcite,1707.0000,40.211249
CAL_02,calcite,1708.0000,40.210145
CAL_02,calcite,1709.0000,40.209051
CAL_02,calcite,1710.0000,40.207967
CAL_02,calcite,1711.0000,40.206893
CAL_02,calcite,1712.0000,40.205829
CAL_02,calcite,1713.0000,40.204774
CAL_02,calcite,1714.0000,40.203729
CAL_02,calcite,1715.0000,40.202692
CAL_02,calcite,1716.0000,40.201665
CAL_02,calcite,1717.0000,40.200647
CAL_02,calcite,1718.0000,40.199638
CAL_02,calcite,1719.0000,40.198638
CAL_02,calcite,1720.0000,40.197647
CAL_02,calcite,1721.0000,40.196664
CAL_02,calcite,1722.0000,40.195689
CAL_02,calcite,1723.0000,40.194723
CAL_02,calcite,1724.0000,40.193765
CAL_02,calcite,1725.0000,40.192816
CAL_02,calcite,1726.0000,40.191874
CAL_02,calcite,1727.0000,40.190940
CAL_02,calcite,1728.0000,40.190015
CAL_02,calcite,1729.0000,40.189097
CAL_02,calcite,1730.0000,40.188186
CAL_02,calcite,1731.0000,40.187284
CAL_02,calcite,1732.0000,40.186389
CAL_02,calcite,1733.0000,40.185501
CAL_02,calcite,1734.0000,40.184620
CAL_02,calcite,1735.0000,40.183747
CAL_02,calcite,1736.0000,40.182881
CAL_02,calcite,1737.0000,40.182022
CAL_02,calcite,1738.0000,40.181169
CAL_02,calcite,1739.0000,40.180324
CAL_02,calcite,1740.0000,40.179486
CAL_02,calcite,1741.0000,40.178654
CAL_02,calcite,1742.0000,40.177829
CAL_02,calcite,1743.0000,40.177010
CAL_02,calcite,1744.0000,40.176198
CAL_02,calcite,1745.0000,40.175393
CAL_02,calcite,1746.0000,40.174593
CAL_02,calcite,1747.0000,40.173800
CAL_02,calcite,1748.0000,40.173014
CAL_02,calcite,1749.0000,40.172233
CAL_02,calcite,1750.0000,40.171458
CAL_02,calcite,1751.0000,40.170690
CAL_02,calcite,1752.0000,40.169927
CAL_02,calcite,1753.0000,40.169170
CAL_02,calcite,1754.0000,40.168419
CAL_02,calcite,1755.0000,40.167674
CAL_02,calcite,1756.0000,40.166934
CAL_02,calcite,1757.0000,40.166200
CAL_02,calcite,1758.0000,40.165471
CAL_02,calcite,1759.0000,40.164748
CAL_02,calcite,1760.0000,40.164030
CAL_02,calcite,1761.0000,40.163318
CAL_02,calcite,1762.0000,40.162611
CAL_02,calcite,1763.0000,40.161909
CAL_02,calcite,1764.0000,40.161213
CAL_02,calcite,1765.0000,40.160521
CAL_02,calcite,1766.0000,40.159835
CAL_02,calcite,1767.0000,40.159153
CAL_02,calcite,1768.0000,40.158477
CAL_02,calcite,1769.0000,40.157805
CAL_02,calcite,1770.0000,40.157139
CAL_02,calcite,1771.0000,40.156477
CAL_02,calcite,1772.0000,40.155820
CAL_02,calcite,1773.0000,40.155167
CAL_02,calcite,1774.0000,40.154520
CAL_02,calcite,1775.0000,40.153877
CAL_02,calcite,1776.0000,40.153238
CAL_02,calcite,1777.0000,40.152604
CAL_02,calcite,1778.0000,40.151974
CAL_02,calcite,1779.0000,40.151349
CAL_02,calcite,1780.0000,40.150728
CAL_02,calcite,1781.0000,40.150112
CAL_02,calcite,1782.0000,40.149500
CAL_02,calcite,1783.0000,40.148892
CAL_02,calcite,1784.0000,40.148288
CAL_02,calcite,1785.0000,40.147689
CAL_02,calcite,1786.0000,40.147093
CAL_02,calcite,1787.0000,40.146502
CAL_02,calcite,1788.0000,40.145914
CAL_02,calcite,1789.0000,40.145331
CAL_02,calcite,1790.0000,40.144752
CAL_02,calcite,1791.0000,40.144176
CAL_02,calcite,1792.0000,40.143605
CAL_02,calcite,1793.0000,40.143037
CAL_02,calcite,1794.0000,40.142473
CAL_02,calcite,1795.0000,40.141913
CAL_02,calcite,1796.0000,40.141356
CAL_02,calcite,1797.0000,40.140804
CAL_02,calcite,1798.0000,40.140254
CAL_02,calcite,1799.0000,40.139709
CAL_02,calcite,1800.0000,40.139167
CAL_02,calcite,1801.0000,40.138629
CAL_02,calcite,1802.0000,40.138094
CAL_02,calcite,1803.0000,40.137563
CAL_02,calcite,1804.0000,40.137035
CAL_02,calcite,1805.0000,40.136510
CAL_02,calcite,1806.0000,40.135989
CAL_02,calcite,1807.0000,40.135471
CAL_02,calcite,1808.0000,40.134957
CAL_02,calcite,1809.0000,40.134446
CAL_02,calcite,1810.0000,40.133938
CAL_02,calcite,1811.0000,40.133433
CAL_02,calcite,1812.0000,40.132932
CAL_02,calcite,1813.0000,40.132434
CAL_02,calcite,1814.0000,40.131939
CAL_02,calcite,1815.0000,40.131447
CAL_02,calcite,1816.0000,40.130958
CAL_02,calcite,1817.0000,40.130472
CAL_02,calcite,1818.0000,40.129989
CAL_02,calcite,1819.0000,40.129509
CAL_02,calcite,1820.0000,40.129032
CAL_02,calcite,1821.0000,40.128558
CAL_02,calcite,1822.0000,40.128088
CAL_02,calcite,1823.0000,40.127619
CAL_02,calcite,1824.0000,40.127154
CAL_02,calcite,1825.0000,40.126692
CAL_02,calcite,1826.0000,40.126232
CAL_02,calcite,1827.0000,40.125776
CAL_02,calcite,1828.0000,40.125322
CAL_02,calcite,1829.0000,40.124870
CAL_02,calcite,1830.0000,40.124422
CAL_02,calcite,1831.0000,40.123976
CAL_02,calcite,1832.0000,40.123533
CAL_02,calcite,1833.0000,40.123092
CAL_02,calcite,1834.0000,40.122655
CAL_02,calcite,1835.0000,40.122219
CAL_02,calcite,1836.0000,40.121787
CAL_02,calcite,1837.0000,40.121356
CAL_02,calcite,1838.0000,40.120929
CAL_02,calcite,1839.0000,40.120504
CAL_02,calcite,1840.0000,40.120081
CAL_02,calcite,1841.0000,40.119661
CAL_02,calcite,1842.0000,40.119243
CAL_02,calcite,1843.0000,40.118828
CAL_02,calcite,1844.0000,40.118415
CAL_02,calcite,1845.0000,40.118005
CAL_02,calcite,1846.0000,40.117597
CAL_02,calcite,1847.0000,40.117191
CAL_02,calcite,1848.0000,40.116788
CAL_02,calcite,1849.0000,40.116387
CAL_02,calcite,1850.0000,40.115988
CAL_02,calcite,1851.0000,40.115592
CAL_02,calcite,1852.0000,40.115197
CAL_02,calcite,1853.0000,40.114805
CAL_02,calcite,1854.0000,40.114416
CAL_02,calcite,1855.0000,40.114028
CAL_02,calcite,1856.0000,40.113643
CAL_02,calcite,1857.0000,40.113259
CAL_02,calcite,1858.0000,40.112878
CAL_02,calcite,1859.0000,40.112499
CAL_02,calcite,1860.0000,40.112123
CAL_02,calcite,1861.0000,40.111748
CAL_02,calcite,1862.0000,40.111375
CAL_02,calcite,1863.0000,40.111005
CAL_02,calcite,1864.0000,40.110636
CAL_02,calcite,1865.0000,40.110269
CAL_02,calcite,1866.0000,40.109905
CAL_02,calcite,1867.0000,40.109542
CAL_02,calcite,1868.0000,40.109182
CAL_02,calcite,1869.0000,40.108823
CAL_02,calcite,1870.0000,40.108467
CAL_02,calcite,1871.0000,40.108112
CAL_02,calcite,1872.0000,40.107759
CAL_02,calcite,1873.0000,40.107408
CAL_02,calcite,1874.0000,40.107059
CAL_02,calcite,1875.0000,40.106712
CAL_02,calcite,1876.0000,40.106367
CAL_02,calcite,1877.0000,40.106023
CAL_02,calcite,1878.0000,40.105682
CAL_02,calcite,1879.0000,40.105342
CAL_02,calcite,1880.0000,40.105004
CAL_02,calcite,1881.0000,40.104668
CAL_02,calcite,1882.0000,40.104334
CAL_02,calcite,1883.0000,40.104001
CAL_02,calcite,1884.0000,40.103670
CAL_02,calcite,1885.0000,40.103341
CAL_02,calcite,1886.0000,40.103013
CAL_02,calcite,1887.0000,40.102688
CAL_02,calcite,1888.0000,40.102364
CAL_02,calcite,1889.0000,40.102041
CAL_02,calcite,1890.0000,40.101721
CAL_02,calcite,1891.0000,40.101402
CAL_02,calcite,1892.0000,40.101084
CAL_02,calcite,1893.0000,40.100769
CAL_02,calcite,1894.0000,40.100455
CAL_02,calcite,1895.0000,40.100142
CAL_02,calcite,1896.0000,40.099831
CAL_02,calcite,1897.0000,40.099522
CAL_02,calcite,1898.0000,40.099214
CAL_02,calcite,1899.0000,40.098908
CAL_02,calcite,1900.0000,40.098603
CAL_02,calcite,1901.0000,40.098300
CAL_02,calcite,1902.0000,40.097999
CAL_02,calcite,1903.0000,40.097699
CAL_02,calcite,1904.0000,40.097400
CAL_02,calcite,1905.0000,40.097103
CAL_02,calcite,1906.0000,40.096808
CAL_02,calcite,1907.0000,40.096513
CAL_02,calcite,1908.0000,40.096221
CAL_02,calcite,1909.0000,40.095930
CAL_02,calcite,1910.0000,40.095640
CAL_02,calcite,1911.0000,40.095352
CAL_02,calcite,1912.0000,40.095065
CAL_02,calcite,1913.0000,40.094779
CAL_02,calcite,1914.0000,40.094495
CAL_02,calcite,1915.0000,40.094213
CAL_02,calcite,1916.0000,40.093931
CAL_02,calcite,1917.0000,40.093652
CAL_02,calcite,1918.0000,40.093373
CAL_02,calcite,1919.0000,40.093096
CAL_02,calcite,1920.0000,40.092820
CAL_02,calcite,1921.0000,40.092546
CAL_02,calcite,1922.0000,40.092272
CAL_02,calcite,1923.0000,40.092001
CAL_02,calcite,1924.0000,40.091730
CAL_02,calcite,1925.0000,40.091461
CAL_02,calcite,1926.0000,40.091193
CAL_02,calcite,1927.0000,40.090926
CAL_02,calcite,1928.0000,40.090661
CAL_02,calcite,1929.0000,40.090397
CAL_02,calcite,1930.0000,40.090134
CAL_02,calcite,1931.0000,40.089872
CAL_02,calcite,1932.0000,40.089612
CAL_02,calcite,1933.0000,40.089352
CAL_02,calcite,1934.0000,40.089095
CAL_02,calcite,1935.0000,40.088838
CAL_02,calcite,1936.0000,40.088582
CAL_02,calcite,1937.0000,40.088328
CAL_02,calcite,1938.0000,40.088075
CAL_02,calcite,1939.0000,40.087823
CAL_02,calcite,1940.0000,40.087572
CAL_02,calcite,1941.0000,40.087322
CAL_02,calcite,1942.0000,40.087074
CAL_02,calcite,1943.0000,40.086827
CAL_02,calcite,1944.0000,40.086580
CAL_02,calcite,1945.0000,40.086335
CAL_02,calcite,1946.0000,40.086091
CAL_02,calcite,1947.0000,40.085849
CAL_02,calcite,1948.0000,40.085607
CAL_02,calcite,1949.0000,40.085366
CAL_02,calcite,1950.0000,40.085127
CAL_02,calcite,1951.0000,40.084888
CAL_02,calcite,1952.0000,40.084651
CAL_02,calcite,1953.0000,40.084415
CAL_02,calcite,1954.0000,40.084180
CAL_02,calcite,1955.0000,40.083946
CAL_02,calcite,1956.0000,40.083713
CAL_02,calcite,1957.0000,40.083481
CAL_02,calcite,1958.0000,40.083250
CAL_02,calcite,1959.0000,40.083020
CAL_02,calcite,1960.0000,40.082791
CAL_02,calcite,1961.0000,40.082563
CAL_02,calcite,1962.0000,40.082336
CAL_02,calcite,1963.0000,40.082110
CAL_02,calcite,1964.0000,40.081885
CAL_02,calcite,1965.0000,40.081662
CAL_02,calcite,1966.0000,40.081439
CAL_02,calcite,1967.0000,40.081217
CAL_02,calcite,1968.0000,40.080996
CAL_02,calcite,1969.0000,40.080776
CAL_02,calcite,1970.0000,40.080557
CAL_02,calcite,1971.0000,40.080339
CAL_02,calcite,1972.0000,40.080122
CAL_02,calcite,1973.0000,40.079906
CAL_02,calcite,1974.0000,40.079691
CAL_02,calcite,1975.0000,40.079476
CAL_02,calcite,1976.0000,40.079263
CAL_02,calcite,1977.0000,40.079051
CAL_02,calcite,1978.0000,40.078839
CAL_02,calcite,1979.0000,40.078629
CAL_02,calcite,1980.0000,40.078419
CAL_02,calcite,1981.0000,40.078210
CAL_02,calcite,1982.0000,40.078003
CAL_02,calcite,1983.0000,40.077796
CAL_02,calcite,1984.0000,40.077590
CAL_02,calcite,1985.0000,40.077384
CAL_02,calcite,1986.0000,40.077180
CAL_02,calcite,1987.0000,40.076977
CAL_02,calcite,1988.0000,40.076774
CAL_02,calcite,1989.0000,40.076572
CAL_02,calcite,1990.0000,40.076372
CAL_02,calcite,1991.0000,40.076172
CAL_02,calcite,1992.0000,40.075972
CAL_02,calcite,1993.0000,40.075774
CAL_02,calcite,1994.0000,40.075577
CAL_02,calcite,1995.0000,40.075380
CAL_02,calcite,1996.0000,40.075184
CAL_02,calcite,1997.0000,40.074989
CAL_02,calcite,1998.0000,40.074795
CAL_02,calcite,1999.0000,40.074601
CAL_02,calcite,2000.0000,40.074409
ARA_01,aragonite,200.0000,40.125504
ARA_01,aragonite,201.0000,40.125912
ARA_01,aragonite,202.0000,40.126322
ARA_01,aragonite,203.0000,40.126733
ARA_01,aragonite,204.0000,40.127147
ARA_01,aragonite,205.0000,40.127563
ARA_01,aragonite,206.0000,40.127982
ARA_01,aragonite,207.0000,40.128402
ARA_01,aragonite,208.0000,40.128825
ARA_01,aragonite,209.0000,40.129250
ARA_01,aragonite,210.0000,40.129677
ARA_01,aragonite,211.0000,40.130107
ARA_01,aragonite,212.0000,40.130539
ARA_01,aragonite,213.0000,40.130973
ARA_01,aragonite,214.0000,40.131410
ARA_01,aragonite,215.0000,40.131849
ARA_01,aragonite,216.0000,40.132290
ARA_01,aragonite,217.0000,40.132734
ARA_01,aragonite,218.0000,40.133180
ARA_01,aragonite,219.0000,40.133628
ARA_01,aragonite,220.0000,40.134079
ARA_01,aragonite,221.0000,40.134533
ARA_01,aragonite,222.0000,40.134989
ARA_01,aragonite,223.0000,40.135447
ARA_01,aragonite,224.0000,40.135908
ARA_01,aragonite,225.0000,40.136371
ARA_01,aragonite,226.0000,40.136837
ARA_01,aragonite,227.0000,40.137306
ARA_01,aragonite,228.0000,40.137777
ARA_01,aragonite,229.0000,40.138251
ARA_01,aragonite,230.0000,40.138728
ARA_01,aragonite,231.0000,40.139207
ARA_01,aragonite,232.0000,40.139689
ARA_01,aragonite,233.0000,40.140173
ARA_01,aragonite,234.0000,40.140661
ARA_01,aragonite,235.0000,40.141151
ARA_01,aragonite,236.0000,40.141644
ARA_01,aragonite,237.0000,40.142139
ARA_01,aragonite,238.0000,40.142638
ARA_01,aragonite,239.0000,40.143139
ARA_01,aragonite,240.0000,40.143643
ARA_01,aragonite,241.0000,40.144150
ARA_01,aragonite,242.0000,40.144660
ARA_01,aragonite,243.0000,40.145173
ARA_01,aragonite,244.0000,40.145689
ARA_01,aragonite,245.0000,40.146207
ARA_01,aragonite,246.0000,40.146729
ARA_01,aragonite,247.0000,40.147254
ARA_01,aragonite,248.0000,40.147782
ARA_01,aragonite,249.0000,40.148313
ARA_01,aragonite,250.0000,40.148847
ARA_01,aragonite,251.0000,40.149384
ARA_01,aragonite,252.0000,40.149924
ARA_01,aragonite,253.0000,40.150468
ARA_01,aragonite,254.0000,40.151015
ARA_01,aragonite,255.0000,40.151565
ARA_01,aragonite,256.0000,40.152118
ARA_01,aragonite,257.0000,40.152674
ARA_01,aragonite,258.0000,40.153234
ARA_01,aragonite,259.0000,40.153797
ARA_01,aragonite,260.0000,40.154364
ARA_01,aragonite,261.0000,40.154934
ARA_01,aragonite,262.0000,40.155507
ARA_01,aragonite,263.0000,40.156084
ARA_01,aragonite,264.0000,40.156664
ARA_01,aragonite,265.0000,40.157248
ARA_01,aragonite,266.0000,40.157835
ARA_01,aragonite,267.0000,40.158426
ARA_01,aragonite,268.0000,40.159021
ARA_01,aragonite,269.0000,40.159619
ARA_01,aragonite,270.0000,40.160221
ARA_01,aragonite,271.0000,40.160826
ARA_01,aragonite,272.0000,40.161436
ARA_01,aragonite,273.0000,40.162049
ARA_01,aragonite,274.0000,40.162666
ARA_01,aragonite,275.0000,40.163286
ARA_01,aragonite,276.0000,40.163911
ARA_01,aragonite,277.0000,40.164539
ARA_01,aragonite,278.0000,40.165172
ARA_01,aragonite,279.0000,40.165808
ARA_01,aragonite,280.0000,40.166448
ARA_01,aragonite,281.0000,40.167093
ARA_01,aragonite,282.0000,40.167741
ARA_01,aragonite,283.0000,40.168394
ARA_01,aragonite,284.0000,40.169050
ARA_01,aragonite,285.0000,40.169711
ARA_01,aragonite,286.0000,40.170376
ARA_01,aragonite,287.0000,40.171046
ARA_01,aragonite,288.0000,40.171720
ARA_01,aragonite,289.0000,40.172398
ARA_01,aragonite,290.0000,40.173080
ARA_01,aragonite,291.0000,40.173767
ARA_01,aragonite,292.0000,40.174458
ARA_01,aragonite,293.0000,40.175154
ARA_01,aragonite,294.0000,40.175854
ARA_01,aragonite,295.0000,40.176559
ARA_01,aragonite,296.0000,40.177269
ARA_01,aragonite,297.0000,40.177983
ARA_01,aragonite,298.0000,40.178702
ARA_01,aragonite,299.0000,40.179425
ARA_01,aragonite,300.0000,40.180154
ARA_01,aragonite,301.0000,40.180887
ARA_01,aragonite,302.0000,40.181625
ARA_01,aragonite,303.0000,40.182368
ARA_01,aragonite,304.0000,40.183116
ARA_01,aragonite,305.0000,40.183869
ARA_01,aragonite,306.0000,40.184628
ARA_01,aragonite,307.0000,40.185391
ARA_01,aragonite,308.0000,40.186159
ARA_01,aragonite,309.0000,40.186933
ARA_01,aragonite,310.0000,40.187712
ARA_01,aragonite,311.0000,40.188496
ARA_01,aragonite,312.0000,40.189286
ARA_01,aragonite,313.0000,40.190081
ARA_01,aragonite,314.0000,40.190882
ARA_01,aragonite,315.0000,40.191688
ARA_01,aragonite,316.0000,40.192499
ARA_01,aragonite,317.0000,40.193317
ARA_01,aragonite,318.0000,40.194140
ARA_01,aragonite,319.0000,40.194968
ARA_01,aragonite,320.0000,40.195803
ARA_01,aragonite,321.0000,40.196643
ARA_01,aragonite,322.0000,40.197490
ARA_01,aragonite,323.0000,40.198342
ARA_01,aragonite,324.0000,40.199200
ARA_01,aragonite,325.0000,40.200065
ARA_01,aragonite,326.0000,40.200935
ARA_01,aragonite,327.0000,40.201812
ARA_01,aragonite,328.0000,40.202695
ARA_01,aragonite,329.0000,40.203585
ARA_01,aragonite,330.0000,40.204481
ARA_01,aragonite,331.0000,40.205383
ARA_01,aragonite,332.0000,40.206292
ARA_01,aragonite,333.0000,40.207207
ARA_01,aragonite,334.0000,40.208130
ARA_01,aragonite,335.0000,40.209059
ARA_01,aragonite,336.0000,40.209994
ARA_01,aragonite,337.0000,40.210937
ARA_01,aragonite,338.0000,40.211887
ARA_01,aragonite,339.0000,40.212843
ARA_01,aragonite,340.0000,40.213807
ARA_01,aragonite,341.0000,40.214778
ARA_01,aragonite,342.0000,40.215756
ARA_01,aragonite,343.0000,40.216741
ARA_01,aragonite,344.0000,40.217734
ARA_01,aragonite,345.0000,40.218735
ARA_01,aragonite,346.0000,40.219743
ARA_01,aragonite,347.0000,40.220758
ARA_01,aragonite,348.0000,40.221782
ARA_01,aragonite,349.0000,40.222813
ARA_01,aragonite,350.0000,40.223852
ARA_01,aragonite,351.0000,40.224899
ARA_01,aragonite,352.0000,40.225954
ARA_01,aragonite,353.0000,40.227017
ARA_01,aragonite,354.0000,40.228089
ARA_01,aragonite,355.0000,40.229168
ARA_01,aragonite,356.0000,40.230257
ARA_01,aragonite,357.0000,40.231353
ARA_01,aragonite,358.0000,40.232459
ARA_01,aragonite,359.0000,40.233573
ARA_01,aragonite,360.0000,40.234696
ARA_01,aragonite,361.0000,40.235827
ARA_01,aragonite,362.0000,40.236968
ARA_01,aragonite,363.0000,40.238118
ARA_01,aragonite,364.0000,40.239277
ARA_01,aragonite,365.0000,40.240445
ARA_01,aragonite,366.0000,40.241623
ARA_01,aragonite,367.0000,40.242810
ARA_01,aragonite,368.0000,40.244007
ARA_01,aragonite,369.0000,40.245214
ARA_01,aragonite,370.0000,40.246430
ARA_01,aragonite,371.0000,40.247657
ARA_01,aragonite,372.0000,40.248893
ARA_01,aragonite,373.0000,40.250140
ARA_01,aragonite,374.0000,40.251397
ARA_01,aragonite,375.0000,40.252665
ARA_01,aragonite,376.0000,40.253943
ARA_01,aragonite,377.0000,40.255231
ARA_01,aragonite,378.0000,40.256531
ARA_01,aragonite,379.0000,40.257841
ARA_01,aragonite,380.0000,40.259162
ARA_01,aragonite,381.0000,40.260495
ARA_01,aragonite,382.0000,40.261839
ARA_01,aragonite,383.0000,40.263194
ARA_01,aragonite,384.0000,40.264561
ARA_01,aragonite,385.0000,40.265940
ARA_01,aragonite,386.0000,40.267331
ARA_01,aragonite,387.0000,40.268733
ARA_01,aragonite,388.0000,40.270148
ARA_01,aragonite,389.0000,40.271575
ARA_01,aragonite,390.0000,40.273015
ARA_01,aragonite,391.0000,40.274467
ARA_01,aragonite,392.0000,40.275932
ARA_01,aragonite,393.0000,40.277410
ARA_01,aragonite,394.0000,40.278901
ARA_01,aragonite,395.0000,40.280405
ARA_01,aragonite,396.0000,40.281922
ARA_01,aragonite,397.0000,40.283454
ARA_01,aragonite,398.0000,40.284999
ARA_01,aragonite,399.0000,40.286557
ARA_01,aragonite,400.0000,40.288130
ARA_01,aragonite,401.0000,40.289718
ARA_01,aragonite,402.0000,40.291319
ARA_01,aragonite,403.0000,40.292936
ARA_01,aragonite,404.0000,40.294567
ARA_01,aragonite,405.0000,40.296213
ARA_01,aragonite,406.0000,40.297875
ARA_01,aragonite,407.0000,40.299552
ARA_01,aragonite,408.0000,40.301244
ARA_01,aragonite,409.0000,40.302952
ARA_01,aragonite,410.0000,40.304677
ARA_01,aragonite,411.0000,40.306417
ARA_01,aragonite,412.0000,40.308174
ARA_01,aragonite,413.0000,40.309948
ARA_01,aragonite,414.0000,40.311739
ARA_01,aragonite,415.0000,40.313547
ARA_01,aragonite,416.0000,40.315372
ARA_01,aragonite,417.0000,40.317215
ARA_01,aragonite,418.0000,40.319075
ARA_01,aragonite,419.0000,40.320954
ARA_01,aragonite,420.0000,40.322851
ARA_01,aragonite,421.0000,40.324766
ARA_01,aragonite,422.0000,40.326701
ARA_01,aragonite,423.0000,40.328654
ARA_01,aragonite,424.0000,40.330627
ARA_01,aragonite,425.0000,40.332619
ARA_01,aragonite,426.0000,40.334632
ARA_01,aragonite,427.0000,40.336664
ARA_01,aragonite,428.0000,40.338717
ARA_01,aragonite,429.0000,40.340791
ARA_01,aragonite,430.0000,40.342885
ARA_01,aragonite,431.0000,40.345001
ARA_01,aragonite,432.0000,40.347139
ARA_01,aragonite,433.0000,40.349298
ARA_01,aragonite,434.0000,40.351480
ARA_01,aragonite,435.0000,40.353685
ARA_01,aragonite,436.0000,40.355912
ARA_01,aragonite,437.0000,40.358163
ARA_01,aragonite,438.0000,40.360437
ARA_01,aragonite,439.0000,40.362735
ARA_01,aragonite,440.0000,40.365057
ARA_01,aragonite,441.0000,40.367404
ARA_01,aragonite,442.0000,40.369776
ARA_01,aragonite,443.0000,40.372173
ARA_01,aragonite,444.0000,40.374597
ARA_01,aragonite,445.0000,40.377046
ARA_01,aragonite,446.0000,40.379522
ARA_01,aragonite,447.0000,40.382024
ARA_01,aragonite,448.0000,40.384554
ARA_01,aragonite,449.0000,40.387112
ARA_01,aragonite,450.0000,40.389698
ARA_01,aragonite,451.0000,40.392313
ARA_01,aragonite,452.0000,40.394957
ARA_01,aragonite,453.0000,40.397630
ARA_01,aragonite,454.0000,40.400333
ARA_01,aragonite,455.0000,40.403067
ARA_01,aragonite,456.0000,40.405832
ARA_01,aragonite,457.0000,40.408628
ARA_01,aragonite,458.0000,40.411456
ARA_01,aragonite,459.0000,40.414316
ARA_01,aragonite,460.0000,40.417209
ARA_01,aragonite,461.0000,40.420136
ARA_01,aragonite,462.0000,40.423097
ARA_01,aragonite,463.0000,40.426092
ARA_01,aragonite,464.0000,40.429123
ARA_01,aragonite,465.0000,40.432189
ARA_01,aragonite,466.0000,40.435292
ARA_01,aragonite,467.0000,40.438431
ARA_01,aragonite,468.0000,40.441608
ARA_01,aragonite,469.0000,40.444823
ARA_01,aragonite,470.0000,40.448077
ARA_01,aragonite,471.0000,40.451370
ARA_01,aragonite,472.0000,40.454704
ARA_01,aragonite,473.0000,40.458078
ARA_01,aragonite,474.0000,40.461493
ARA_01,aragonite,475.0000,40.464951
ARA_01,aragonite,476.0000,40.468452
ARA_01,aragonite,477.0000,40.471996
ARA_01,aragonite,478.0000,40.475584
ARA_01,aragonite,479.0000,40.479218
ARA_01,aragonite,480.0000,40.482898
ARA_01,aragonite,481.0000,40.486625
ARA_01,aragonite,482.0000,40.490399
ARA_01,aragonite,483.0000,40.494221
ARA_01,aragonite,484.0000,40.498093
ARA_01,aragonite,485.0000,40.502015
ARA_01,aragonite,486.0000,40.505988
ARA_01,aragonite,487.0000,40.510014
ARA_01,aragonite,488.0000,40.514092
ARA_01,aragonite,489.0000,40.518224
ARA_01,aragonite,490.0000,40.522411
ARA_01,aragonite,491.0000,40.526654
ARA_01,aragonite,492.0000,40.530954
ARA_01,aragonite,493.0000,40.535312
ARA_01,aragonite,494.0000,40.539729
ARA_01,aragonite,495.0000,40.544206
ARA_01,aragonite,496.0000,40.548745
ARA_01,aragonite,497.0000,40.553346
ARA_01,aragonite,498.0000,40.558011
ARA_01,aragonite,499.0000,40.562741
ARA_01,aragonite,500.0000,40.567538
ARA_01,aragonite,501.0000,40.572402
ARA_01,aragonite,502.0000,40.577334
ARA_01,aragonite,503.0000,40.582337
ARA_01,aragonite,504.0000,40.587411
ARA_01,aragonite,505.0000,40.592559
ARA_01,aragonite,506.0000,40.597781
ARA_01,aragonite,507.0000,40.603079
ARA_01,aragonite,508.0000,40.608454
ARA_01,aragonite,509.0000,40.613908
ARA_01,aragonite,510.0000,40.619443
ARA_01,aragonite,511.0000,40.625061
ARA_01,aragonite,512.0000,40.630762
ARA_01,aragonite,513.0000,40.636549
ARA_01,aragonite,514.0000,40.642423
ARA_01,aragonite,515.0000,40.648387
ARA_01,aragonite,516.0000,40.654443
ARA_01,aragonite,517.0000,40.660591
ARA_01,aragonite,518.0000,40.666834
ARA_01,aragonite,519.0000,40.673175
ARA_01,aragonite,520.0000,40.679615
ARA_01,aragonite,521.0000,40.686157
ARA_01,aragonite,522.0000,40.692802
ARA_01,aragonite,523.0000,40.699553
ARA_01,aragonite,524.0000,40.706412
ARA_01,aragonite,525.0000,40.713382
ARA_01,aragonite,526.0000,40.720465
ARA_01,aragonite,527.0000,40.727663
ARA_01,aragonite,528.0000,40.734980
ARA_01,aragonite,529.0000,40.742418
ARA_01,aragonite,530.0000,40.749979
ARA_01,aragonite,531.0000,40.757667
ARA_01,aragonite,532.0000,40.765485
ARA_01,aragonite,533.0000,40.773435
ARA_01,aragonite,534.0000,40.781520
ARA_01,aragonite,535.0000,40.789744
ARA_01,aragonite,536.0000,40.798110
ARA_01,aragonite,537.0000,40.806622
ARA_01,aragonite,538.0000,40.815282
ARA_01,aragonite,539.0000,40.824095
ARA_01,aragonite,540.0000,40.833064
ARA_01,aragonite,541.0000,40.842193
ARA_01,aragonite,542.0000,40.851486
ARA_01,aragonite,543.0000,40.860947
ARA_01,aragonite,544.0000,40.870580
ARA_01,aragonite,545.0000,40.880390
ARA_01,aragonite,546.0000,40.890380
ARA_01,aragonite,547.0000,40.900556
ARA_01,aragonite,548.0000,40.910922
ARA_01,aragonite,549.0000,40.921483
ARA_01,aragonite,550.0000,40.932244
ARA_01,aragonite,551.0000,40.943211
ARA_01,aragonite,552.0000,40.954388
ARA_01,aragonite,553.0000,40.965782
ARA_01,aragonite,554.0000,40.977398
ARA_01,aragonite,555.0000,40.989242
ARA_01,aragonite,556.0000,41.001319
ARA_01,aragonite,557.0000,41.013638
ARA_01,aragonite,558.0000,41.026203
ARA_01,aragonite,559.0000,41.039023
ARA_01,aragonite,560.0000,41.052103
ARA_01,aragonite,561.0000,41.065452
ARA_01,aragonite,562.0000,41.079076
ARA_01,aragonite,563.0000,41.092984
ARA_01,aragonite,564.0000,41.107183
ARA_01,aragonite,565.0000,41.121682
ARA_01,aragonite,566.0000,41.136491
ARA_01,aragonite,567.0000,41.151617
ARA_01,aragonite,568.0000,41.167070
ARA_01,aragonite,569.0000,41.182859
ARA_01,aragonite,570.0000,41.198996
ARA_01,aragonite,571.0000,41.215490
ARA_01,aragonite,572.0000,41.232352
ARA_01,aragonite,573.0000,41.249593
ARA_01,aragonite,574.0000,41.267225
ARA_01,aragonite,575.0000,41.285260
ARA_01,aragonite,576.0000,41.303711
ARA_01,aragonite,577.0000,41.322591
ARA_01,aragonite,578.0000,41.341913
ARA_01,aragonite,579.0000,41.361692
ARA_01,aragonite,580.0000,41.381942
ARA_01,aragonite,581.0000,41.402679
ARA_01,aragonite,582.0000,41.423919
ARA_01,aragonite,583.0000,41.445678
ARA_01,aragonite,584.0000,41.467974
ARA_01,aragonite,585.0000,41.490824
ARA_01,aragonite,586.0000,41.514249
ARA_01,aragonite,587.0000,41.538266
ARA_01,aragonite,588.0000,41.562898
ARA_01,aragonite,589.0000,41.588164
ARA_01,aragonite,590.0000,41.614088
ARA_01,aragonite,591.0000,41.640693
ARA_01,aragonite,592.0000,41.668004
ARA_01,aragonite,593.0000,41.696045
ARA_01,aragonite,594.0000,41.724844
ARA_01,aragonite,595.0000,41.754428
ARA_01,aragonite,596.0000,41.784827
ARA_01,aragonite,597.0000,41.816070
ARA_01,aragonite,598.0000,41.848191
ARA_01,aragonite,599.0000,41.881223
ARA_01,aragonite,600.0000,41.915201
ARA_01,aragonite,601.0000,41.950162
ARA_01,aragonite,602.0000,41.986144
ARA_01,aragonite,603.0000,42.023188
ARA_01,aragonite,604.0000,42.061337
ARA_01,aragonite,605.0000,42.100636
ARA_01,aragonite,606.0000,42.141132
ARA_01,aragonite,607.0000,42.182874
ARA_01,aragonite,608.0000,42.225916
ARA_01,aragonite,609.0000,42.270310
ARA_01,aragonite,610.0000,42.316117
ARA_01,aragonite,611.0000,42.363396
ARA_01,aragonite,612.0000,42.412213
ARA_01,aragonite,613.0000,42.462634
ARA_01,aragonite,614.0000,42.514732
ARA_01,aragonite,615.0000,42.568583
ARA_01,aragonite,616.0000,42.624267
ARA_01,aragonite,617.0000,42.681869
ARA_01,aragonite,618.0000,42.741477
ARA_01,aragonite,619.0000,42.803189
ARA_01,aragonite,620.0000,42.867104
ARA_01,aragonite,621.0000,42.933328
ARA_01,aragonite,622.0000,43.001977
ARA_01,aragonite,623.0000,43.073170
ARA_01,aragonite,624.0000,43.147035
ARA_01,aragonite,625.0000,43.223708
ARA_01,aragonite,626.0000,43.303335
ARA_01,aragonite,627.0000,43.386071
ARA_01,aragonite,628.0000,43.472079
ARA_01,aragonite,629.0000,43.561536
ARA_01,aragonite,630.0000,43.654629
ARA_01,aragonite,631.0000,43.751560
ARA_01,aragonite,632.0000,43.852543
ARA_01,aragonite,633.0000,43.957808
ARA_01,aragonite,634.0000,44.067603
ARA_01,aragonite,635.0000,44.182190
ARA_01,aragonite,636.0000,44.301855
ARA_01,aragonite,637.0000,44.426903
ARA_01,aragonite,638.0000,44.557663
ARA_01,aragonite,639.0000,44.694488
ARA_01,aragonite,640.0000,44.837763
ARA_01,aragonite,641.0000,44.987897
ARA_01,aragonite,642.0000,45.145339
ARA_01,aragonite,643.0000,45.310571
ARA_01,aragonite,644.0000,45.484116
ARA_01,aragonite,645.0000,45.666543
ARA_01,aragonite,646.0000,45.858468
ARA_01,aragonite,647.0000,46.060564
ARA_01,aragonite,648.0000,46.273561
ARA_01,aragonite,649.0000,46.498261
ARA_01,aragonite,650.0000,46.735534
ARA_01,aragonite,651.0000,46.986339
ARA_01,aragonite,652.0000,47.251722
ARA_01,aragonite,653.0000,47.532836
ARA_01,aragonite,654.0000,47.830947
ARA_01,aragonite,655.0000,48.147453
ARA_01,aragonite,656.0000,48.483897
ARA_01,aragonite,657.0000,48.841984
ARA_01,aragonite,658.0000,49.223610
ARA_01,aragonite,659.0000,49.630878
ARA_01,aragonite,660.0000,50.066131
ARA_01,aragonite,661.0000,50.531985
ARA_01,aragonite,662.0000,51.031367
ARA_01,aragonite,663.0000,51.567559
ARA_01,aragonite,664.0000,52.144256
ARA_01,aragonite,665.0000,52.765621
ARA_01,aragonite,666.0000,53.436364
ARA_01,aragonite,667.0000,54.161829
ARA_01,aragonite,668.0000,54.948094
ARA_01,aragonite,669.0000,55.802099
ARA_01,aragonite,670.0000,56.731795
ARA_01,aragonite,671.0000,57.746320
ARA_01,aragonite,672.0000,58.856220
ARA_01,aragonite,673.0000,60.073711
ARA_01,aragonite,674.0000,61.413004
ARA_01,aragonite,675.0000,62.890700
ARA_01,aragonite,676.0000,64.526282
ARA_01,aragonite,677.0000,66.342729
ARA_01,aragonite,678.0000,68.367267
ARA_01,aragonite,679.0000,70.632339
ARA_01,aragonite,680.0000,73.176801
ARA_01,aragonite,681.0000,76.047469
ARA_01,aragonite,682.0000,79.301072
ARA_01,aragonite,683.0000,83.006778
ARA_01,aragonite,684.0000,87.249437
ARA_01,aragonite,685.0000,92.133786
ARA_01,aragonite,686.0000,97.789881
ARA_01,aragonite,687.0000,104.380130
ARA_01,aragonite,688.0000,112.108299
ARA_01,aragonite,689.0000,121.230878
ARA_01,aragonite,690.0000,132.070949
ARA_01,aragonite,691.0000,145.034009
ARA_01,aragonite,692.0000,160.623446
ARA_01,aragonite,693.0000,179.449441
ARA_01,aragonite,694.0000,202.216959
ARA_01,aragonite,695.0000,229.663693
ARA_01,aragonite,696.0000,262.396944
ARA_01,aragonite,697.0000,300.562146
ARA_01,aragonite,698.0000,343.314554
ARA_01,aragonite,699.0000,388.257017
ARA_01,aragonite,700.0000,431.361548
ARA_01,aragonite,701.0000,467.951929
ARA_01,aragonite,702.0000,494.314992
ARA_01,aragonite,703.0000,508.262265
ARA_01,aragonite,704.0000,508.155494
ARA_01,aragonite,705.0000,492.572642
ARA_01,aragonite,706.0000,461.994266
ARA_01,aragonite,707.0000,420.267677
ARA_01,aragonite,708.0000,373.445527
ARA_01,aragonite,709.0000,327.162755
ARA_01,aragonite,710.0000,285.013336
ARA_01,aragonite,711.0000,248.508555
ARA_01,aragonite,712.0000,217.779368
ARA_01,aragonite,713.0000,192.276120
ARA_01,aragonite,714.0000,171.219405
ARA_01,aragonite,715.0000,153.828720
ARA_01,aragonite,716.0000,139.415131
ARA_01,aragonite,717.0000,127.405263
ARA_01,aragonite,718.0000,117.335627
ARA_01,aragonite,719.0000,108.836699
ARA_01,aragonite,720.0000,101.615425
ARA_01,aragonite,721.0000,95.439461
ARA_01,aragonite,722.0000,90.124108
ARA_01,aragonite,723.0000,85.521889
ARA_01,aragonite,724.0000,81.514417
ARA_01,aragonite,725.0000,78.006088
ARA_01,aragonite,726.0000,74.919218
ARA_01,aragonite,727.0000,72.190296
ARA_01,aragonite,728.0000,69.767076
ARA_01,aragonite,729.0000,67.606319
ARA_01,aragonite,730.0000,65.672039
ARA_01,aragonite,731.0000,63.934110
ARA_01,aragonite,732.0000,62.367186
ARA_01,aragonite,733.0000,60.949827
ARA_01,aragonite,734.0000,59.663810
ARA_01,aragonite,735.0000,58.493575
ARA_01,aragonite,736.0000,57.425778
ARA_01,aragonite,737.0000,56.448923
ARA_01,aragonite,738.0000,55.553071
ARA_01,aragonite,739.0000,54.729591
ARA_01,aragonite,740.0000,53.970966
ARA_01,aragonite,741.0000,53.270622
ARA_01,aragonite,742.0000,52.622791
ARA_01,aragonite,743.0000,52.022398
ARA_01,aragonite,744.0000,51.464963
ARA_01,aragonite,745.0000,50.946521
ARA_01,aragonite,746.0000,50.463551
ARA_01,aragonite,747.0000,50.012917
ARA_01,aragonite,748.0000,49.591823
ARA_01,aragonite,749.0000,49.197767
ARA_01,aragonite,750.0000,48.828506
ARA_01,aragonite,751.0000,48.482022
ARA_01,aragonite,752.0000,48.156499
ARA_01,aragonite,753.0000,47.850299
ARA_01,aragonite,754.0000,47.561939
ARA_01,aragonite,755.0000,47.290075
ARA_01,aragonite,756.0000,47.033489
ARA_01,aragonite,757.0000,46.791070
ARA_01,aragonite,758.0000,46.561809
ARA_01,aragonite,759.0000,46.344784
ARA_01,aragonite,760.0000,46.139152
ARA_01,aragonite,761.0000,45.944141
ARA_01,aragonite,762.0000,45.759045
ARA_01,aragonite,763.0000,45.583215
ARA_01,aragonite,764.0000,45.416052
ARA_01,aragonite,765.0000,45.257008
ARA_01,aragonite,766.0000,45.105575
ARA_01,aragonite,767.0000,44.961287
ARA_01,aragonite,768.0000,44.823710
ARA_01,aragonite,769.0000,44.692445
ARA_01,aragonite,770.0000,44.567121
ARA_01,aragonite,771.0000,44.447395
ARA_01,aragonite,772.0000,44.332947
ARA_01,aragonite,773.0000,44.223481
ARA_01,aragonite,774.0000,44.118720
ARA_01,aragonite,775.0000,44.018409
ARA_01,aragonite,776.0000,43.922306
ARA_01,aragonite,777.0000,43.830189
ARA_01,aragonite,778.0000,43.741849
ARA_01,aragonite,779.0000,43.657090
ARA_01,aragonite,780.0000,43.575731
ARA_01,aragonite,781.0000,43.497599
ARA_01,aragonite,782.0000,43.422534
ARA_01,aragonite,783.0000,43.350387
ARA_01,aragonite,784.0000,43.281015
ARA_01,aragonite,785.0000,43.214287
ARA_01,aragonite,786.0000,43.150078
ARA_01,aragonite,787.0000,43.088270
ARA_01,aragonite,788.0000,43.028752
ARA_01,aragonite,789.0000,42.971422
ARA_01,aragonite,790.0000,42.916180
ARA_01,aragonite,791.0000,42.862934
ARA_01,aragonite,792.0000,42.811597
ARA_01,aragonite,793.0000,42.762087
ARA_01,aragonite,794.0000,42.714324
ARA_01,aragonite,795.0000,42.668237
ARA_01,aragonite,796.0000,42.623753
ARA_01,aragonite,797.0000,42.580809
ARA_01,aragonite,798.0000,42.539340
ARA_01,aragonite,799.0000,42.499288
ARA_01,aragonite,800.0000,42.460597
ARA_01,aragonite,801.0000,42.423212
ARA_01,aragonite,802.0000,42.387084
ARA_01,aragonite,803.0000,42.352164
ARA_01,aragonite,804.0000,42.318406
ARA_01,aragonite,805.0000,42.285767
ARA_01,aragonite,806.0000,42.254205
ARA_01,aragonite,807.0000,42.223682
ARA_01,aragonite,808.0000,42.194160
ARA_01,aragonite,809.0000,42.165603
ARA_01,aragonite,810.0000,42.137976
ARA_01,aragonite,811.0000,42.111249
ARA_01,aragonite,812.0000,42.085389
ARA_01,aragonite,813.0000,42.060368
ARA_01,aragonite,814.0000,42.036158
ARA_01,aragonite,815.0000,42.012730
ARA_01,aragonite,816.0000,41.990061
ARA_01,aragonite,817.0000,41.968126
ARA_01,aragonite,818.0000,41.946900
ARA_01,aragonite,819.0000,41.926363
ARA_01,aragonite,820.0000,41.906492
ARA_01,aragonite,821.0000,41.887267
ARA_01,aragonite,822.0000,41.868669
ARA_01,aragonite,823.0000,41.850680
ARA_01,aragonite,824.0000,41.833280
ARA_01,aragonite,825.0000,41.816454
ARA_01,aragonite,826.0000,41.800185
ARA_01,aragonite,827.0000,41.784457
ARA_01,aragonite,828.0000,41.769255
ARA_01,aragonite,829.0000,41.754565
ARA_01,aragonite,830.0000,41.740374
ARA_01,aragonite,831.0000,41.726668
ARA_01,aragonite,832.0000,41.713434
ARA_01,aragonite,833.0000,41.700661
ARA_01,aragonite,834.0000,41.688336
ARA_01,aragonite,835.0000,41.676450
ARA_01,aragonite,836.0000,41.664991
ARA_01,aragonite,837.0000,41.653949
ARA_01,aragonite,838.0000,41.643314
ARA_01,aragonite,839.0000,41.633077
ARA_01,aragonite,840.0000,41.623230
ARA_01,aragonite,841.0000,41.613763
ARA_01,aragonite,842.0000,41.604668
ARA_01,aragonite,843.0000,41.595938
ARA_01,aragonite,844.0000,41.587565
ARA_01,aragonite,845.0000,41.579541
ARA_01,aragonite,846.0000,41.571861
ARA_01,aragonite,847.0000,41.564517
ARA_01,aragonite,848.0000,41.557502
ARA_01,aragonite,849.0000,41.550812
ARA_01,aragonite,850.0000,41.544440
ARA_01,aragonite,851.0000,41.538381
ARA_01,aragonite,852.0000,41.532629
ARA_01,aragonite,853.0000,41.527180
ARA_01,aragonite,854.0000,41.522028
ARA_01,aragonite,855.0000,41.517170
ARA_01,aragonite,856.0000,41.512600
ARA_01,aragonite,857.0000,41.508315
ARA_01,aragonite,858.0000,41.504311
ARA_01,aragonite,859.0000,41.500584
ARA_01,aragonite,860.0000,41.497130
ARA_01,aragonite,861.0000,41.493946
ARA_01,aragonite,862.0000,41.491030
ARA_01,aragonite,863.0000,41.488378
ARA_01,aragonite,864.0000,41.485987
ARA_01,aragonite,865.0000,41.483855
ARA_01,aragonite,866.0000,41.481979
ARA_01,aragonite,867.0000,41.480357
ARA_01,aragonite,868.0000,41.478986
ARA_01,aragonite,869.0000,41.477866
ARA_01,aragonite,870.0000,41.476993
ARA_01,aragonite,871.0000,41.476367
ARA_01,aragonite,872.0000,41.475986
ARA_01,aragonite,873.0000,41.475848
ARA_01,aragonite,874.0000,41.475952
ARA_01,aragonite,875.0000,41.476298
ARA_01,aragonite,876.0000,41.476883
ARA_01,aragonite,877.0000,41.477708
ARA_01,aragonite,878.0000,41.478771
ARA_01,aragonite,879.0000,41.480073
ARA_01,aragonite,880.0000,41.481612
ARA_01,aragonite,881.0000,41.483389
ARA_01,aragonite,882.0000,41.485402
ARA_01,aragonite,883.0000,41.487653
ARA_01,aragonite,884.0000,41.490142
ARA_01,aragonite,885.0000,41.492867
ARA_01,aragonite,886.0000,41.495831
ARA_01,aragonite,887.0000,41.499033
ARA_01,aragonite,888.0000,41.502474
ARA_01,aragonite,889.0000,41.506155
ARA_01,aragonite,890.0000,41.510077
ARA_01,aragonite,891.0000,41.514240
ARA_01,aragonite,892.0000,41.518646
ARA_01,aragonite,893.0000,41.523296
ARA_01,aragonite,894.0000,41.528192
ARA_01,aragonite,895.0000,41.533335
ARA_01,aragonite,896.0000,41.538726
ARA_01,aragonite,897.0000,41.544368
ARA_01,aragonite,898.0000,41.550263
ARA_01,aragonite,899.0000,41.556412
ARA_01,aragonite,900.0000,41.562818
ARA_01,aragonite,901.0000,41.569483
ARA_01,aragonite,902.0000,41.576409
ARA_01,aragonite,903.0000,41.583601
ARA_01,aragonite,904.0000,41.591059
ARA_01,aragonite,905.0000,41.598788
ARA_01,aragonite,906.0000,41.606790
ARA_01,aragonite,907.0000,41.615068
ARA_01,aragonite,908.0000,41.623627
ARA_01,aragonite,909.0000,41.632469
ARA_01,aragonite,910.0000,41.641599
ARA_01,aragonite,911.0000,41.651020
ARA_01,aragonite,912.0000,41.660736
ARA_01,aragonite,913.0000,41.670753
ARA_01,aragonite,914.0000,41.681074
ARA_01,aragonite,915.0000,41.691704
ARA_01,aragonite,916.0000,41.702648
ARA_01,aragonite,917.0000,41.713911
ARA_01,aragonite,918.0000,41.725499
ARA_01,aragonite,919.0000,41.737416
ARA_01,aragonite,920.0000,41.749669
ARA_01,aragonite,921.0000,41.762264
ARA_01,aragonite,922.0000,41.775207
ARA_01,aragonite,923.0000,41.788504
ARA_01,aragonite,924.0000,41.802161
ARA_01,aragonite,925.0000,41.816187
ARA_01,aragonite,926.0000,41.830588
ARA_01,aragonite,927.0000,41.845372
ARA_01,aragonite,928.0000,41.860546
ARA_01,aragonite,929.0000,41.876118
ARA_01,aragonite,930.0000,41.892098
ARA_01,aragonite,931.0000,41.908492
ARA_01,aragonite,932.0000,41.925312
ARA_01,aragonite,933.0000,41.942565
ARA_01,aragonite,934.0000,41.960262
ARA_01,aragonite,935.0000,41.978412
ARA_01,aragonite,936.0000,41.997027
ARA_01,aragonite,937.0000,42.016116
ARA_01,aragonite,938.0000,42.035691
ARA_01,aragonite,939.0000,42.055765
ARA_01,aragonite,940.0000,42.076348
ARA_01,aragonite,941.0000,42.097453
ARA_01,aragonite,942.0000,42.119094
ARA_01,aragonite,943.0000,42.141283
ARA_01,aragonite,944.0000,42.164036
ARA_01,aragonite,945.0000,42.187365
ARA_01,aragonite,946.0000,42.211288
ARA_01,aragonite,947.0000,42.235818
ARA_01,aragonite,948.0000,42.260973
ARA_01,aragonite,949.0000,42.286770
ARA_01,aragonite,950.0000,42.313225
ARA_01,aragonite,951.0000,42.340357
ARA_01,aragonite,952.0000,42.368186
ARA_01,aragonite,953.0000,42.396731
ARA_01,aragonite,954.0000,42.426011
ARA_01,aragonite,955.0000,42.456050
ARA_01,aragonite,956.0000,42.486868
ARA_01,aragonite,957.0000,42.518489
ARA_01,aragonite,958.0000,42.550937
ARA_01,aragonite,959.0000,42.584236
ARA_01,aragonite,960.0000,42.618413
ARA_01,aragonite,961.0000,42.653495
ARA_01,aragonite,962.0000,42.689510
ARA_01,aragonite,963.0000,42.726487
ARA_01,aragonite,964.0000,42.764457
ARA_01,aragonite,965.0000,42.803452
ARA_01,aragonite,966.0000,42.843505
ARA_01,aragonite,967.0000,42.884650
ARA_01,aragonite,968.0000,42.926924
ARA_01,aragonite,969.0000,42.970365
ARA_01,aragonite,970.0000,43.015012
ARA_01,aragonite,971.0000,43.060905
ARA_01,aragonite,972.0000,43.108089
ARA_01,aragonite,973.0000,43.156608
ARA_01,aragonite,974.0000,43.206509
ARA_01,aragonite,975.0000,43.257840
ARA_01,aragonite,976.0000,43.310655
ARA_01,aragonite,977.0000,43.365006
ARA_01,aragonite,978.0000,43.420949
ARA_01,aragonite,979.0000,43.478544
ARA_01,aragonite,980.0000,43.537852
ARA_01,aragonite,981.0000,43.598939
ARA_01,aragonite,982.0000,43.661872
ARA_01,aragonite,983.0000,43.726722
ARA_01,aragonite,984.0000,43.793565
ARA_01,aragonite,985.0000,43.862478
ARA_01,aragonite,986.0000,43.933546
ARA_01,aragonite,987.0000,44.006853
ARA_01,aragonite,988.0000,44.082492
ARA_01,aragonite,989.0000,44.160558
ARA_01,aragonite,990.0000,44.241153
ARA_01,aragonite,991.0000,44.324384
ARA_01,aragonite,992.0000,44.410361
ARA_01,aragonite,993.0000,44.499204
ARA_01,aragonite,994.0000,44.591038
ARA_01,aragonite,995.0000,44.685993
ARA_01,aragonite,996.0000,44.784210
ARA_01,aragonite,997.0000,44.885835
ARA_01,aragonite,998.0000,44.991023
ARA_01,aragonite,999.0000,45.099940
ARA_01,aragonite,1000.0000,45.212758
ARA_01,aragonite,1001.0000,45.329663
ARA_01,aragonite,1002.0000,45.450850
ARA_01,aragonite,1003.0000,45.576526
ARA_01,aragonite,1004.0000,45.706912
ARA_01,aragonite,1005.0000,45.842240
ARA_01,aragonite,1006.0000,45.982761
ARA_01,aragonite,1007.0000,46.128738
ARA_01,aragonite,1008.0000,46.280453
ARA_01,aragonite,1009.0000,46.438205
ARA_01,aragonite,1010.0000,46.602315
ARA_01,aragonite,1011.0000,46.773124
ARA_01,aragonite,1012.0000,46.950996
ARA_01,aragonite,1013.0000,47.136321
ARA_01,aragonite,1014.0000,47.329517
ARA_01,aragonite,1015.0000,47.531029
ARA_01,aragonite,1016.0000,47.741337
ARA_01,aragonite,1017.0000,47.960954
ARA_01,aragonite,1018.0000,48.190431
ARA_01,aragonite,1019.0000,48.430363
ARA_01,aragonite,1020.0000,48.681386
ARA_01,aragonite,1021.0000,48.944190
ARA_01,aragonite,1022.0000,49.219515
ARA_01,aragonite,1023.0000,49.508162
ARA_01,aragonite,1024.0000,49.810999
ARA_01,aragonite,1025.0000,50.128961
ARA_01,aragonite,1026.0000,50.463065
ARA_01,aragonite,1027.0000,50.814413
ARA_01,aragonite,1028.0000,51.184203
ARA_01,aragonite,1029.0000,51.573738
ARA_01,aragonite,1030.0000,51.984438
ARA_01,aragonite,1031.0000,52.417853
ARA_01,aragonite,1032.0000,52.875676
ARA_01,aragonite,1033.0000,53.359762
ARA_01,aragonite,1034.0000,53.872142
ARA_01,aragonite,1035.0000,54.415049
ARA_01,aragonite,1036.0000,54.990937
ARA_01,aragonite,1037.0000,55.602513
ARA_01,aragonite,1038.0000,56.252765
ARA_01,aragonite,1039.0000,56.944998
ARA_01,aragonite,1040.0000,57.682876
ARA_01,aragonite,1041.0000,58.470470
ARA_01,aragonite,1042.0000,59.312309
ARA_01,aragonite,1043.0000,60.213451
ARA_01,aragonite,1044.0000,61.179548
ARA_01,aragonite,1045.0000,62.216941
ARA_01,aragonite,1046.0000,63.332753
ARA_01,aragonite,1047.0000,64.535015
ARA_01,aragonite,1048.0000,65.832801
ARA_01,aragonite,1049.0000,67.236397
ARA_01,aragonite,1050.0000,68.757495
ARA_01,aragonite,1051.0000,70.409431
ARA_01,aragonite,1052.0000,72.207462
ARA_01,aragonite,1053.0000,74.169109
ARA_01,aragonite,1054.0000,76.314563
ARA_01,aragonite,1055.0000,78.667178
ARA_01,aragonite,1056.0000,81.254081
ARA_01,aragonite,1057.0000,84.106910
ARA_01,aragonite,1058.0000,87.262724
ARA_01,aragonite,1059.0000,90.765137
ARA_01,aragonite,1060.0000,94.665722
ARA_01,aragonite,1061.0000,99.025773
ARA_01,aragonite,1062.0000,103.918524
ARA_01,aragonite,1063.0000,109.431953
ARA_01,aragonite,1064.0000,115.672366
ARA_01,aragonite,1065.0000,122.768967
ARA_01,aragonite,1066.0000,130.879761
ARA_01,aragonite,1067.0000,140.199170
ARA_01,aragonite,1068.0000,150.967919
ARA_01,aragonite,1069.0000,163.485887
ARA_01,aragonite,1070.0000,178.128785
ARA_01,aragonite,1071.0000,195.369708
ARA_01,aragonite,1072.0000,215.806603
ARA_01,aragonite,1073.0000,240.196408
ARA_01,aragonite,1074.0000,269.495340
ARA_01,aragonite,1075.0000,304.901436
ARA_01,aragonite,1076.0000,347.887447
ARA_01,aragonite,1077.0000,400.194734
ARA_01,aragonite,1078.0000,463.723748
ARA_01,aragonite,1079.0000,540.193946
ARA_01,aragonite,1080.0000,630.357499
ARA_01,aragonite,1081.0000,732.500884
ARA_01,aragonite,1082.0000,840.192826
ARA_01,aragonite,1083.0000,940.192469
ARA_01,aragonite,1084.0000,1013.165092
ARA_01,aragonite,1085.0000,1040.191778
ARA_01,aragonite,1086.0000,1013.164418
ARA_01,aragonite,1087.0000,940.191119
ARA_01,aragonite,1088.0000,840.190802
ARA_01,aragonite,1089.0000,732.498185
ARA_01,aragonite,1090.0000,630.354125
ARA_01,aragonite,1091.0000,540.189897
ARA_01,aragonite,1092.0000,463.719022
ARA_01,aragonite,1093.0000,400.189332
ARA_01,aragonite,1094.0000,347.881370
ARA_01,aragonite,1095.0000,304.894681
ARA_01,aragonite,1096.0000,269.487907
ARA_01,aragonite,1097.0000,240.188297
ARA_01,aragonite,1098.0000,215.797813
ARA_01,aragonite,1099.0000,195.360239
ARA_01,aragonite,1100.0000,178.118636
ARA_01,aragonite,1101.0000,163.475056
ARA_01,aragonite,1102.0000,150.956407
ARA_01,aragonite,1103.0000,140.186975
ARA_01,aragonite,1104.0000,130.866882
ARA_01,aragonite,1105.0000,122.755403
ARA_01,aragonite,1106.0000,115.658115
ARA_01,aragonite,1107.0000,109.417016
ARA_01,aragonite,1108.0000,103.902898
ARA_01,aragonite,1109.0000,99.009457
ARA_01,aragonite,1110.0000,94.648715
ARA_01,aragonite,1111.0000,90.747438
ARA_01,aragonite,1112.0000,87.244331
ARA_01,aragonite,1113.0000,84.087822
ARA_01,aragonite,1114.0000,81.234296
ARA_01,aragonite,1115.0000,78.646694
ARA_01,aragonite,1116.0000,76.293379
ARA_01,aragonite,1117.0000,74.147223
ARA_01,aragonite,1118.0000,72.184872
ARA_01,aragonite,1119.0000,70.386136
ARA_01,aragonite,1120.0000,68.733493
ARA_01,aragonite,1121.0000,67.211685
ARA_01,aragonite,1122.0000,65.807378
ARA_01,aragonite,1123.0000,64.508878
ARA_01,aragonite,1124.0000,63.305900
ARA_01,aragonite,1125.0000,62.189370
ARA_01,aragonite,1126.0000,61.151257
ARA_01,aragonite,1127.0000,60.184437
ARA_01,aragonite,1128.0000,59.282571
ARA_01,aragonite,1129.0000,58.440003
ARA_01,aragonite,1130.0000,57.651680
ARA_01,aragonite,1131.0000,56.913069
ARA_01,aragonite,1132.0000,56.220101
ARA_01,aragonite,1133.0000,55.569111
ARA_01,aragonite,1134.0000,54.956794
ARA_01,aragonite,1135.0000,54.380162
ARA_01,aragonite,1136.0000,53.836509
ARA_01,aragonite,1137.0000,53.323379
ARA_01,aragonite,1138.0000,52.838540
ARA_01,aragonite,1139.0000,52.379961
ARA_01,aragonite,1140.0000,51.945787
ARA_01,aragonite,1141.0000,51.534324
ARA_01,aragonite,1142.0000,51.144023
ARA_01,aragonite,1143.0000,50.773464
ARA_01,aragonite,1144.0000,50.421343
ARA_01,aragonite,1145.0000,50.086463
ARA_01,aragonite,1146.0000,49.767721
ARA_01,aragonite,1147.0000,49.464100
ARA_01,aragonite,1148.0000,49.174665
ARA_01,aragonite,1149.0000,48.898548
ARA_01,aragonite,1150.0000,48.634950
ARA_01,aragonite,1151.0000,48.383126
ARA_01,aragonite,1152.0000,48.142391
ARA_01,aragonite,1153.0000,47.912106
ARA_01,aragonite,1154.0000,47.691677
ARA_01,aragonite,1155.0000,47.480552
ARA_01,aragonite,1156.0000,47.278219
ARA_01,aragonite,1157.0000,47.084198
ARA_01,aragonite,1158.0000,46.898042
ARA_01,aragonite,1159.0000,46.719335
ARA_01,aragonite,1160.0000,46.547686
ARA_01,aragonite,1161.0000,46.382731
ARA_01,aragonite,1162.0000,46.224129
ARA_01,aragonite,1163.0000,46.071560
ARA_01,aragonite,1164.0000,45.924723
ARA_01,aragonite,1165.0000,45.783337
ARA_01,aragonite,1166.0000,45.647137
ARA_01,aragonite,1167.0000,45.515875
ARA_01,aragonite,1168.0000,45.389317
ARA_01,aragonite,1169.0000,45.267243
ARA_01,aragonite,1170.0000,45.149445
ARA_01,aragonite,1171.0000,45.035727
ARA_01,aragonite,1172.0000,44.925906
ARA_01,aragonite,1173.0000,44.819806
ARA_01,aragonite,1174.0000,44.717264
ARA_01,aragonite,1175.0000,44.618123
ARA_01,aragonite,1176.0000,44.522238
ARA_01,aragonite,1177.0000,44.429468
ARA_01,aragonite,1178.0000,44.339681
ARA_01,aragonite,1179.0000,44.252753
ARA_01,aragonite,1180.0000,44.168566
ARA_01,aragonite,1181.0000,44.087007
ARA_01,aragonite,1182.0000,44.007970
ARA_01,aragonite,1183.0000,43.931352
ARA_01,aragonite,1184.0000,43.857059
ARA_01,aragonite,1185.0000,43.784999
ARA_01,aragonite,1186.0000,43.715085
ARA_01,aragonite,1187.0000,43.647233
ARA_01,aragonite,1188.0000,43.581367
ARA_01,aragonite,1189.0000,43.517409
ARA_01,aragonite,1190.0000,43.455290
ARA_01,aragonite,1191.0000,43.394941
ARA_01,aragonite,1192.0000,43.336297
ARA_01,aragonite,1193.0000,43.279295
ARA_01,aragonite,1194.0000,43.223878
ARA_01,aragonite,1195.0000,43.169988
ARA_01,aragonite,1196.0000,43.117572
ARA_01,aragonite,1197.0000,43.066577
ARA_01,aragonite,1198.0000,43.016955
ARA_01,aragonite,1199.0000,42.968659
ARA_01,aragonite,1200.0000,42.921643
ARA_01,aragonite,1201.0000,42.875865
ARA_01,aragonite,1202.0000,42.831282
ARA_01,aragonite,1203.0000,42.787856
ARA_01,aragonite,1204.0000,42.745548
ARA_01,aragonite,1205.0000,42.704322
ARA_01,aragonite,1206.0000,42.664144
ARA_01,aragonite,1207.0000,42.624979
ARA_01,aragonite,1208.0000,42.586797
ARA_01,aragonite,1209.0000,42.549565
ARA_01,aragonite,1210.0000,42.513255
ARA_01,aragonite,1211.0000,42.477838
ARA_01,aragonite,1212.0000,42.443287
ARA_01,aragonite,1213.0000,42.409575
ARA_01,aragonite,1214.0000,42.376679
ARA_01,aragonite,1215.0000,42.344572
ARA_01,aragonite,1216.0000,42.313233
ARA_01,aragonite,1217.0000,42.282638
ARA_01,aragonite,1218.0000,42.252767
ARA_01,aragonite,1219.0000,42.223598
ARA_01,aragonite,1220.0000,42.195112
ARA_01,aragonite,1221.0000,42.167289
ARA_01,aragonite,1222.0000,42.140111
ARA_01,aragonite,1223.0000,42.113560
ARA_01,aragonite,1224.0000,42.087619
ARA_01,aragonite,1225.0000,42.062272
ARA_01,aragonite,1226.0000,42.037502
ARA_01,aragonite,1227.0000,42.013294
ARA_01,aragonite,1228.0000,41.989633
ARA_01,aragonite,1229.0000,41.966505
ARA_01,aragonite,1230.0000,41.943897
ARA_01,aragonite,1231.0000,41.921795
ARA_01,aragonite,1232.0000,41.900185
ARA_01,aragonite,1233.0000,41.879057
ARA_01,aragonite,1234.0000,41.858397
ARA_01,aragonite,1235.0000,41.838195
ARA_01,aragonite,1236.0000,41.818438
ARA_01,aragonite,1237.0000,41.799117
ARA_01,aragonite,1238.0000,41.780221
ARA_01,aragonite,1239.0000,41.761740
ARA_01,aragonite,1240.0000,41.743665
ARA_01,aragonite,1241.0000,41.725985
ARA_01,aragonite,1242.0000,41.708692
ARA_01,aragonite,1243.0000,41.691777
ARA_01,aragonite,1244.0000,41.675232
ARA_01,aragonite,1245.0000,41.659048
ARA_01,aragonite,1246.0000,41.643219
ARA_01,aragonite,1247.0000,41.627735
ARA_01,aragonite,1248.0000,41.612590
ARA_01,aragonite,1249.0000,41.597776
ARA_01,aragonite,1250.0000,41.583287
ARA_01,aragonite,1251.0000,41.569116
ARA_01,aragonite,1252.0000,41.555257
ARA_01,aragonite,1253.0000,41.541704
ARA_01,aragonite,1254.0000,41.528449
ARA_01,aragonite,1255.0000,41.515489
ARA_01,aragonite,1256.0000,41.502816
ARA_01,aragonite,1257.0000,41.490427
ARA_01,aragonite,1258.0000,41.478315
ARA_01,aragonite,1259.0000,41.466475
ARA_01,aragonite,1260.0000,41.454903
ARA_01,aragonite,1261.0000,41.443594
ARA_01,aragonite,1262.0000,41.432543
ARA_01,aragonite,1263.0000,41.421746
ARA_01,aragonite,1264.0000,41.411199
ARA_01,aragonite,1265.0000,41.400898
ARA_01,aragonite,1266.0000,41.390839
ARA_01,aragonite,1267.0000,41.381018
ARA_01,aragonite,1268.0000,41.371431
ARA_01,aragonite,1269.0000,41.362076
ARA_01,aragonite,1270.0000,41.352948
ARA_01,aragonite,1271.0000,41.344044
ARA_01,aragonite,1272.0000,41.335362
ARA_01,aragonite,1273.0000,41.326899
ARA_01,aragonite,1274.0000,41.318651
ARA_01,aragonite,1275.0000,41.310615
ARA_01,aragonite,1276.0000,41.302791
ARA_01,aragonite,1277.0000,41.295173
ARA_01,aragonite,1278.0000,41.287762
ARA_01,aragonite,1279.0000,41.280553
ARA_01,aragonite,1280.0000,41.273546
ARA_01,aragonite,1281.0000,41.266737
ARA_01,aragonite,1282.0000,41.260125
ARA_01,aragonite,1283.0000,41.253709
ARA_01,aragonite,1284.0000,41.247486
ARA_01,aragonite,1285.0000,41.241456
ARA_01,aragonite,1286.0000,41.235615
ARA_01,aragonite,1287.0000,41.229964
ARA_01,aragonite,1288.0000,41.224500
ARA_01,aragonite,1289.0000,41.219222
ARA_01,aragonite,1290.0000,41.214130
ARA_01,aragonite,1291.0000,41.209223
ARA_01,aragonite,1292.0000,41.204499
ARA_01,aragonite,1293.0000,41.199957
ARA_01,aragonite,1294.0000,41.195598
ARA_01,aragonite,1295.0000,41.191419
ARA_01,aragonite,1296.0000,41.187422
ARA_01,aragonite,1297.0000,41.183605
ARA_01,aragonite,1298.0000,41.179968
ARA_01,aragonite,1299.0000,41.176511
ARA_01,aragonite,1300.0000,41.173234
ARA_01,aragonite,1301.0000,41.170136
ARA_01,aragonite,1302.0000,41.167218
ARA_01,aragonite,1303.0000,41.164481
ARA_01,aragonite,1304.0000,41.161924
ARA_01,aragonite,1305.0000,41.159547
ARA_01,aragonite,1306.0000,41.157352
ARA_01,aragonite,1307.0000,41.155339
ARA_01,aragonite,1308.0000,41.153508
ARA_01,aragonite,1309.0000,41.151861
ARA_01,aragonite,1310.0000,41.150398
ARA_01,aragonite,1311.0000,41.149121
ARA_01,aragonite,1312.0000,41.148031
ARA_01,aragonite,1313.0000,41.147129
ARA_01,aragonite,1314.0000,41.146416
ARA_01,aragonite,1315.0000,41.145895
ARA_01,aragonite,1316.0000,41.145566
ARA_01,aragonite,1317.0000,41.145432
ARA_01,aragonite,1318.0000,41.145495
ARA_01,aragonite,1319.0000,41.145756
ARA_01,aragonite,1320.0000,41.146218
ARA_01,aragonite,1321.0000,41.146884
ARA_01,aragonite,1322.0000,41.147756
ARA_01,aragonite,1323.0000,41.148837
ARA_01,aragonite,1324.0000,41.150130
ARA_01,aragonite,1325.0000,41.151637
ARA_01,aragonite,1326.0000,41.153363
ARA_01,aragonite,1327.0000,41.155309
ARA_01,aragonite,1328.0000,41.157481
ARA_01,aragonite,1329.0000,41.159882
ARA_01,aragonite,1330.0000,41.162516
ARA_01,aragonite,1331.0000,41.165387
ARA_01,aragonite,1332.0000,41.168500
ARA_01,aragonite,1333.0000,41.171860
ARA_01,aragonite,1334.0000,41.175470
ARA_01,aragonite,1335.0000,41.179337
ARA_01,aragonite,1336.0000,41.183466
ARA_01,aragonite,1337.0000,41.187863
ARA_01,aragonite,1338.0000,41.192533
ARA_01,aragonite,1339.0000,41.197484
ARA_01,aragonite,1340.0000,41.202720
ARA_01,aragonite,1341.0000,41.208251
ARA_01,aragonite,1342.0000,41.214082
ARA_01,aragonite,1343.0000,41.220222
ARA_01,aragonite,1344.0000,41.226678
ARA_01,aragonite,1345.0000,41.233458
ARA_01,aragonite,1346.0000,41.240573
ARA_01,aragonite,1347.0000,41.248030
ARA_01,aragonite,1348.0000,41.255839
ARA_01,aragonite,1349.0000,41.264011
ARA_01,aragonite,1350.0000,41.272556
ARA_01,aragonite,1351.0000,41.281486
ARA_01,aragonite,1352.0000,41.290811
ARA_01,aragonite,1353.0000,41.300545
ARA_01,aragonite,1354.0000,41.310700
ARA_01,aragonite,1355.0000,41.321290
ARA_01,aragonite,1356.0000,41.332328
ARA_01,aragonite,1357.0000,41.343831
ARA_01,aragonite,1358.0000,41.355813
ARA_01,aragonite,1359.0000,41.368291
ARA_01,aragonite,1360.0000,41.381282
ARA_01,aragonite,1361.0000,41.394805
ARA_01,aragonite,1362.0000,41.408879
ARA_01,aragonite,1363.0000,41.423524
ARA_01,aragonite,1364.0000,41.438760
ARA_01,aragonite,1365.0000,41.454611
ARA_01,aragonite,1366.0000,41.471101
ARA_01,aragonite,1367.0000,41.488253
ARA_01,aragonite,1368.0000,41.506094
ARA_01,aragonite,1369.0000,41.524651
ARA_01,aragonite,1370.0000,41.543955
ARA_01,aragonite,1371.0000,41.564035
ARA_01,aragonite,1372.0000,41.584924
ARA_01,aragonite,1373.0000,41.606657
ARA_01,aragonite,1374.0000,41.629270
ARA_01,aragonite,1375.0000,41.652800
ARA_01,aragonite,1376.0000,41.677290
ARA_01,aragonite,1377.0000,41.702782
ARA_01,aragonite,1378.0000,41.729322
ARA_01,aragonite,1379.0000,41.756959
ARA_01,aragonite,1380.0000,41.785743
ARA_01,aragonite,1381.0000,41.815730
ARA_01,aragonite,1382.0000,41.846978
ARA_01,aragonite,1383.0000,41.879548
ARA_01,aragonite,1384.0000,41.913506
ARA_01,aragonite,1385.0000,41.948923
ARA_01,aragonite,1386.0000,41.985873
ARA_01,aragonite,1387.0000,42.024435
ARA_01,aragonite,1388.0000,42.064695
ARA_01,aragonite,1389.0000,42.106744
ARA_01,aragonite,1390.0000,42.150678
ARA_01,aragonite,1391.0000,42.196602
ARA_01,aragonite,1392.0000,42.244627
ARA_01,aragonite,1393.0000,42.294872
ARA_01,aragonite,1394.0000,42.347465
ARA_01,aragonite,1395.0000,42.402545
ARA_01,aragonite,1396.0000,42.460259
ARA_01,aragonite,1397.0000,42.520766
ARA_01,aragonite,1398.0000,42.584238
ARA_01,aragonite,1399.0000,42.650861
ARA_01,aragonite,1400.0000,42.720834
ARA_01,aragonite,1401.0000,42.794373
ARA_01,aragonite,1402.0000,42.871713
ARA_01,aragonite,1403.0000,42.953107
ARA_01,aragonite,1404.0000,43.038831
ARA_01,aragonite,1405.0000,43.129183
ARA_01,aragonite,1406.0000,43.224490
ARA_01,aragonite,1407.0000,43.325106
ARA_01,aragonite,1408.0000,43.431419
ARA_01,aragonite,1409.0000,43.543851
ARA_01,aragonite,1410.0000,43.662866
ARA_01,aragonite,1411.0000,43.788971
ARA_01,aragonite,1412.0000,43.922725
ARA_01,aragonite,1413.0000,44.064741
ARA_01,aragonite,1414.0000,44.215696
ARA_01,aragonite,1415.0000,44.376335
ARA_01,aragonite,1416.0000,44.547486
ARA_01,aragonite,1417.0000,44.730064
ARA_01,aragonite,1418.0000,44.925086
ARA_01,aragonite,1419.0000,45.133685
ARA_01,aragonite,1420.0000,45.357125
ARA_01,aragonite,1421.0000,45.596819
ARA_01,aragonite,1422.0000,45.854351
ARA_01,aragonite,1423.0000,46.131503
ARA_01,aragonite,1424.0000,46.430282
ARA_01,aragonite,1425.0000,46.752956
ARA_01,aragonite,1426.0000,47.102097
ARA_01,aragonite,1427.0000,47.480627
ARA_01,aragonite,1428.0000,47.891880
ARA_01,aragonite,1429.0000,48.339671
ARA_01,aragonite,1430.0000,48.828379
ARA_01,aragonite,1431.0000,49.363053
ARA_01,aragonite,1432.0000,49.949529
ARA_01,aragonite,1433.0000,50.594591
ARA_01,aragonite,1434.0000,51.306147
ARA_01,aragonite,1435.0000,52.093462
ARA_01,aragonite,1436.0000,52.967439
ARA_01,aragonite,1437.0000,53.940971
ARA_01,aragonite,1438.0000,55.029382
ARA_01,aragonite,1439.0000,56.250980
ARA_01,aragonite,1440.0000,57.627760
ARA_01,aragonite,1441.0000,59.186297
ARA_01,aragonite,1442.0000,60.958893
ARA_01,aragonite,1443.0000,62.985049
ARA_01,aragonite,1444.0000,65.313370
ARA_01,aragonite,1445.0000,68.004037
ARA_01,aragonite,1446.0000,71.132019
ARA_01,aragonite,1447.0000,74.791246
ARA_01,aragonite,1448.0000,79.099989
ARA_01,aragonite,1449.0000,84.207736
ARA_01,aragonite,1450.0000,90.303721
ARA_01,aragonite,1451.0000,97.626998
ARA_01,aragonite,1452.0000,106.477076
ARA_01,aragonite,1453.0000,117.222144
ARA_01,aragonite,1454.0000,130.297540
ARA_01,aragonite,1455.0000,146.178378
ARA_01,aragonite,1456.0000,165.294523
ARA_01,aragonite,1457.0000,187.834015
ARA_01,aragonite,1458.0000,213.368475
ARA_01,aragonite,1459.0000,240.290084
ARA_01,aragonite,1460.0000,265.288627
ARA_01,aragonite,1461.0000,283.530425
ARA_01,aragonite,1462.0000,290.285747
ARA_01,aragonite,1463.0000,283.527567
ARA_01,aragonite,1464.0000,265.282912
ARA_01,aragonite,1465.0000,240.281510
ARA_01,aragonite,1466.0000,213.357042
ARA_01,aragonite,1467.0000,187.819723
ARA_01,aragonite,1468.0000,165.277369
ARA_01,aragonite,1469.0000,146.158363
ARA_01,aragonite,1470.0000,130.274660
ARA_01,aragonite,1471.0000,117.196398
ARA_01,aragonite,1472.0000,106.448463
ARA_01,aragonite,1473.0000,97.595514
ARA_01,aragonite,1474.0000,90.269364
ARA_01,aragonite,1475.0000,84.170503
ARA_01,aragonite,1476.0000,79.059878
ARA_01,aragonite,1477.0000,74.748253
ARA_01,aragonite,1478.0000,71.086141
ARA_01,aragonite,1479.0000,67.955270
ARA_01,aragonite,1480.0000,65.261710
ARA_01,aragonite,1481.0000,62.930492
ARA_01,aragonite,1482.0000,60.901434
ARA_01,aragonite,1483.0000,59.125932
ARA_01,aragonite,1484.0000,57.564484
ARA_01,aragonite,1485.0000,56.184788
ARA_01,aragonite,1486.0000,54.960268
ARA_01,aragonite,1487.0000,53.868930
ARA_01,aragonite,1488.0000,52.892464
ARA_01,aragonite,1489.0000,52.015548
ARA_01,aragonite,1490.0000,51.225287
ARA_01,aragonite,1491.0000,50.510779
ARA_01,aragonite,1492.0000,49.862758
ARA_01,aragonite,1493.0000,49.273315
ARA_01,aragonite,1494.0000,48.735668
ARA_01,aragonite,1495.0000,48.243978
ARA_01,aragonite,1496.0000,47.793198
ARA_01,aragonite,1497.0000,47.378947
ARA_01,aragonite,1498.0000,46.997411
ARA_01,aragonite,1499.0000,46.645256
ARA_01,aragonite,1500.0000,46.319559
ARA_01,aragonite,1501.0000,46.017747
ARA_01,aragonite,1502.0000,45.737553
ARA_01,aragonite,1503.0000,45.476969
ARA_01,aragonite,1504.0000,45.234213
ARA_01,aragonite,1505.0000,45.007701
ARA_01,aragonite,1506.0000,44.796020
ARA_01,aragonite,1507.0000,44.597904
ARA_01,aragonite,1508.0000,44.412222
ARA_01,aragonite,1509.0000,44.237955
ARA_01,aragonite,1510.0000,44.074188
ARA_01,aragonite,1511.0000,43.920094
ARA_01,aragonite,1512.0000,43.774926
ARA_01,aragonite,1513.0000,43.638007
ARA_01,aragonite,1514.0000,43.508724
ARA_01,aragonite,1515.0000,43.386519
ARA_01,aragonite,1516.0000,43.270883
ARA_01,aragonite,1517.0000,43.161352
ARA_01,aragonite,1518.0000,43.057504
ARA_01,aragonite,1519.0000,42.958951
ARA_01,aragonite,1520.0000,42.865338
ARA_01,aragonite,1521.0000,42.776338
ARA_01,aragonite,1522.0000,42.691653
ARA_01,aragonite,1523.0000,42.611006
ARA_01,aragonite,1524.0000,42.534144
ARA_01,aragonite,1525.0000,42.460832
ARA_01,aragonite,1526.0000,42.390853
ARA_01,aragonite,1527.0000,42.324008
ARA_01,aragonite,1528.0000,42.260111
ARA_01,aragonite,1529.0000,42.198989
ARA_01,aragonite,1530.0000,42.140483
ARA_01,aragonite,1531.0000,42.084445
ARA_01,aragonite,1532.0000,42.030737
ARA_01,aragonite,1533.0000,41.979230
ARA_01,aragonite,1534.0000,41.929804
ARA_01,aragonite,1535.0000,41.882348
ARA_01,aragonite,1536.0000,41.836757
ARA_01,aragonite,1537.0000,41.792935
ARA_01,aragonite,1538.0000,41.750789
ARA_01,aragonite,1539.0000,41.710234
ARA_01,aragonite,1540.0000,41.671190
ARA_01,aragonite,1541.0000,41.633582
ARA_01,aragonite,1542.0000,41.597340
ARA_01,aragonite,1543.0000,41.562398
ARA_01,aragonite,1544.0000,41.528692
ARA_01,aragonite,1545.0000,41.496166
ARA_01,aragonite,1546.0000,41.464762
ARA_01,aragonite,1547.0000,41.434431
ARA_01,aragonite,1548.0000,41.405122
ARA_01,aragonite,1549.0000,41.376789
ARA_01,aragonite,1550.0000,41.349390
ARA_01,aragonite,1551.0000,41.322882
ARA_01,aragonite,1552.0000,41.297227
ARA_01,aragonite,1553.0000,41.272387
ARA_01,aragonite,1554.0000,41.248329
ARA_01,aragonite,1555.0000,41.225019
ARA_01,aragonite,1556.0000,41.202425
ARA_01,aragonite,1557.0000,41.180519
ARA_01,aragonite,1558.0000,41.159271
ARA_01,aragonite,1559.0000,41.138656
ARA_01,aragonite,1560.0000,41.118647
ARA_01,aragonite,1561.0000,41.099221
ARA_01,aragonite,1562.0000,41.080355
ARA_01,aragonite,1563.0000,41.062028
ARA_01,aragonite,1564.0000,41.044217
ARA_01,aragonite,1565.0000,41.026904
ARA_01,aragonite,1566.0000,41.010069
ARA_01,aragonite,1567.0000,40.993696
ARA_01,aragonite,1568.0000,40.977766
ARA_01,aragonite,1569.0000,40.962264
ARA_01,aragonite,1570.0000,40.947173
ARA_01,aragonite,1571.0000,40.932480
ARA_01,aragonite,1572.0000,40.918169
ARA_01,aragonite,1573.0000,40.904227
ARA_01,aragonite,1574.0000,40.890642
ARA_01,aragonite,1575.0000,40.877401
ARA_01,aragonite,1576.0000,40.864492
ARA_01,aragonite,1577.0000,40.851904
ARA_01,aragonite,1578.0000,40.839625
ARA_01,aragonite,1579.0000,40.827646
ARA_01,aragonite,1580.0000,40.815957
ARA_01,aragonite,1581.0000,40.804547
ARA_01,aragonite,1582.0000,40.793409
ARA_01,aragonite,1583.0000,40.782532
ARA_01,aragonite,1584.0000,40.771909
ARA_01,aragonite,1585.0000,40.761531
ARA_01,aragonite,1586.0000,40.751391
ARA_01,aragonite,1587.0000,40.741482
ARA_01,aragonite,1588.0000,40.731795
ARA_01,aragonite,1589.0000,40.722325
ARA_01,aragonite,1590.0000,40.713064
ARA_01,aragonite,1591.0000,40.704007
ARA_01,aragonite,1592.0000,40.695146
ARA_01,aragonite,1593.0000,40.686477
ARA_01,aragonite,1594.0000,40.677993
ARA_01,aragonite,1595.0000,40.669690
ARA_01,aragonite,1596.0000,40.661561
ARA_01,aragonite,1597.0000,40.653602
ARA_01,aragonite,1598.0000,40.645807
ARA_01,aragonite,1599.0000,40.638173
ARA_01,aragonite,1600.0000,40.630695
ARA_01,aragonite,1601.0000,40.623367
ARA_01,aragonite,1602.0000,40.616187
ARA_01,aragonite,1603.0000,40.609150
ARA_01,aragonite,1604.0000,40.602251
ARA_01,aragonite,1605.0000,40.595488
ARA_01,aragonite,1606.0000,40.588856
ARA_01,aragonite,1607.0000,40.582352
ARA_01,aragonite,1608.0000,40.575973
ARA_01,aragonite,1609.0000,40.569715
ARA_01,aragonite,1610.0000,40.563575
ARA_01,aragonite,1611.0000,40.557550
ARA_01,aragonite,1612.0000,40.551637
ARA_01,aragonite,1613.0000,40.545833
ARA_01,aragonite,1614.0000,40.540136
ARA_01,aragonite,1615.0000,40.534542
ARA_01,aragonite,1616.0000,40.529049
ARA_01,aragonite,1617.0000,40.523654
ARA_01,aragonite,1618.0000,40.518355
ARA_01,aragonite,1619.0000,40.513150
ARA_01,aragonite,1620.0000,40.508036
ARA_01,aragonite,1621.0000,40.503011
ARA_01,aragonite,1622.0000,40.498073
ARA_01,aragonite,1623.0000,40.493220
ARA_01,aragonite,1624.0000,40.488449
ARA_01,aragonite,1625.0000,40.483759
ARA_01,aragonite,1626.0000,40.479148
ARA_01,aragonite,1627.0000,40.474614
ARA_01,aragonite,1628.0000,40.470156
ARA_01,aragonite,1629.0000,40.465770
ARA_01,aragonite,1630.0000,40.461457
ARA_01,aragonite,1631.0000,40.457213
ARA_01,aragonite,1632.0000,40.453039
ARA_01,aragonite,1633.0000,40.448931
ARA_01,aragonite,1634.0000,40.444888
ARA_01,aragonite,1635.0000,40.440909
ARA_01,aragonite,1636.0000,40.436993
ARA_01,aragonite,1637.0000,40.433139
ARA_01,aragonite,1638.0000,40.429344
ARA_01,aragonite,1639.0000,40.425607
ARA_01,aragonite,1640.0000,40.421928
ARA_01,aragonite,1641.0000,40.418305
ARA_01,aragonite,1642.0000,40.414736
ARA_01,aragonite,1643.0000,40.411222
ARA_01,aragonite,1644.0000,40.407759
ARA_01,aragonite,1645.0000,40.404349
ARA_01,aragonite,1646.0000,40.400988
ARA_01,aragonite,1647.0000,40.397677
ARA_01,aragonite,1648.0000,40.394414
ARA_01,aragonite,1649.0000,40.391198
ARA_01,aragonite,1650.0000,40.388028
ARA_01,aragonite,1651.0000,40.384904
ARA_01,aragonite,1652.0000,40.381825
ARA_01,aragonite,1653.0000,40.378788
ARA_01,aragonite,1654.0000,40.375795
ARA_01,aragonite,1655.0000,40.372843
ARA_01,aragonite,1656.0000,40.369932
ARA_01,aragonite,1657.0000,40.367062
ARA_01,aragonite,1658.0000,40.364231
ARA_01,aragonite,1659.0000,40.361438
ARA_01,aragonite,1660.0000,40.358683
ARA_01,aragonite,1661.0000,40.355966
ARA_01,aragonite,1662.0000,40.353285
ARA_01,aragonite,1663.0000,40.350639
ARA_01,aragonite,1664.0000,40.348029
ARA_01,aragonite,1665.0000,40.345453
ARA_01,aragonite,1666.0000,40.342911
ARA_01,aragonite,1667.0000,40.340401
ARA_01,aragonite,1668.0000,40.337925
ARA_01,aragonite,1669.0000,40.335480
ARA_01,aragonite,1670.0000,40.333067
ARA_01,aragonite,1671.0000,40.330684
ARA_01,aragonite,1672.0000,40.328332
ARA_01,aragonite,1673.0000,40.326009
ARA_01,aragonite,1674.0000,40.323715
ARA_01,aragonite,1675.0000,40.321450
ARA_01,aragonite,1676.0000,40.319213
ARA_01,aragonite,1677.0000,40.317003
ARA_01,aragonite,1678.0000,40.314821
ARA_01,aragonite,1679.0000,40.312665
ARA_01,aragonite,1680.0000,40.310536
ARA_01,aragonite,1681.0000,40.308432
ARA_01,aragonite,1682.0000,40.306353
ARA_01,aragonite,1683.0000,40.304299
ARA_01,aragonite,1684.0000,40.302270
ARA_01,aragonite,1685.0000,40.300264
ARA_01,aragonite,1686.0000,40.298282
ARA_01,aragonite,1687.0000,40.296324
ARA_01,aragonite,1688.0000,40.294388
ARA_01,aragonite,1689.0000,40.292474
ARA_01,aragonite,1690.0000,40.290583
ARA_01,aragonite,1691.0000,40.288713
ARA_01,aragonite,1692.0000,40.286864
ARA_01,aragonite,1693.0000,40.285037
ARA_01,aragonite,1694.0000,40.283230
ARA_01,aragonite,1695.0000,40.281443
ARA_01,aragonite,1696.0000,40.279676
ARA_01,aragonite,1697.0000,40.277929
ARA_01,aragonite,1698.0000,40.276201
ARA_01,aragonite,1699.0000,40.274493
ARA_01,aragonite,1700.0000,40.272803
ARA_01,aragonite,1701.0000,40.271131
ARA_01,aragonite,1702.0000,40.269477
ARA_01,aragonite,1703.0000,40.267842
ARA_01,aragonite,1704.0000,40.266224
ARA_01,aragonite,1705.0000,40.264623
ARA_01,aragonite,1706.0000,40.263039
ARA_01,aragonite,1707.0000,40.261472
ARA_01,aragonite,1708.0000,40.259922
ARA_01,aragonite,1709.0000,40.258388
ARA_01,aragonite,1710.0000,40.256869
ARA_01,aragonite,1711.0000,40.255367
ARA_01,aragonite,1712.0000,40.253880
ARA_01,aragonite,1713.0000,40.252408
ARA_01,aragonite,1714.0000,40.250952
ARA_01,aragonite,1715.0000,40.249510
ARA_01,aragonite,1716.0000,40.248083
ARA_01,aragonite,1717.0000,40.246671
ARA_01,aragonite,1718.0000,40.245272
ARA_01,aragonite,1719.0000,40.243888
ARA_01,aragonite,1720.0000,40.242517
ARA_01,aragonite,1721.0000,40.241160
ARA_01,aragonite,1722.0000,40.239817
ARA_01,aragonite,1723.0000,40.238486
ARA_01,aragonite,1724.0000,40.237169
ARA_01,aragonite,1725.0000,40.235864
ARA_01,aragonite,1726.0000,40.234573
ARA_01,aragonite,1727.0000,40.233293
ARA_01,aragonite,1728.0000,40.232026
ARA_01,aragonite,1729.0000,40.230771
ARA_01,aragonite,1730.0000,40.229528
ARA_01,aragonite,1731.0000,40.228297
ARA_01,aragonite,1732.0000,40.227077
ARA_01,aragonite,1733.0000,40.225869
ARA_01,aragonite,1734.0000,40.224673
ARA_01,aragonite,1735.0000,40.223487
ARA_01,aragonite,1736.0000,40.222312
ARA_01,aragonite,1737.0000,40.221149
ARA_01,aragonite,1738.0000,40.219996
ARA_01,aragonite,1739.0000,40.218853
ARA_01,aragonite,1740.0000,40.217721
ARA_01,aragonite,1741.0000,40.216600
ARA_01,aragonite,1742.0000,40.215488
ARA_01,aragonite,1743.0000,40.214387
ARA_01,aragonite,1744.0000,40.213295
ARA_01,aragonite,1745.0000,40.212213
ARA_01,aragonite,1746.0000,40.211141
ARA_01,aragonite,1747.0000,40.210079
ARA_01,aragonite,1748.0000,40.209025
ARA_01,aragonite,1749.0000,40.207981
ARA_01,aragonite,1750.0000,40.206946
ARA_01,aragonite,1751.0000,40.205921
ARA_01,aragonite,1752.0000,40.204904
ARA_01,aragonite,1753.0000,40.203896
ARA_01,aragonite,1754.0000,40.202896
ARA_01,aragonite,1755.0000,40.201906
ARA_01,aragonite,1756.0000,40.200923
ARA_01,aragonite,1757.0000,40.199949
ARA_01,aragonite,1758.0000,40.198984
ARA_01,aragonite,1759.0000,40.198026
ARA_01,aragonite,1760.0000,40.197077
ARA_01,aragonite,1761.0000,40.196135
ARA_01,aragonite,1762.0000,40.195202
ARA_01,aragonite,1763.0000,40.194276
ARA_01,aragonite,1764.0000,40.193358
ARA_01,aragonite,1765.0000,40.192447
ARA_01,aragonite,1766.0000,40.191544
ARA_01,aragonite,1767.0000,40.190648
ARA_01,aragonite,1768.0000,40.189760
ARA_01,aragonite,1769.0000,40.188879
ARA_01,aragonite,1770.0000,40.188005
ARA_01,aragonite,1771.0000,40.187138
ARA_01,aragonite,1772.0000,40.186278
ARA_01,aragonite,1773.0000,40.185425
ARA_01,aragonite,1774.0000,40.184579
ARA_01,aragonite,1775.0000,40.183740
ARA_01,aragonite,1776.0000,40.182907
ARA_01,aragonite,1777.0000,40.182080
ARA_01,aragonite,1778.0000,40.181261
ARA_01,aragonite,1779.0000,40.180447
ARA_01,aragonite,1780.0000,40.179641
ARA_01,aragonite,1781.0000,40.178840
ARA_01,aragonite,1782.0000,40.178045
ARA_01,aragonite,1783.0000,40.177257
ARA_01,aragonite,1784.0000,40.176475
ARA_01,aragonite,1785.0000,40.175699
ARA_01,aragonite,1786.0000,40.174928
ARA_01,aragonite,1787.0000,40.174164
ARA_01,aragonite,1788.0000,40.173405
ARA_01,aragonite,1789.0000,40.172652
ARA_01,aragonite,1790.0000,40.171905
ARA_01,aragonite,1791.0000,40.171164
ARA_01,aragonite,1792.0000,40.170428
ARA_01,aragonite,1793.0000,40.169697
ARA_01,aragonite,1794.0000,40.168972
ARA_01,aragonite,1795.0000,40.168252
ARA_01,aragonite,1796.0000,40.167538
ARA_01,aragonite,1797.0000,40.166829
ARA_01,aragonite,1798.0000,40.166125
ARA_01,aragonite,1799.0000,40.165426
ARA_01,aragonite,1800.0000,40.164732
ARA_01,aragonite,1801.0000,40.164044
ARA_01,aragonite,1802.0000,40.163360
ARA_01,aragonite,1803.0000,40.162681
ARA_01,aragonite,1804.0000,40.162007
ARA_01,aragonite,1805.0000,40.161338
ARA_01,aragonite,1806.0000,40.160674
ARA_01,aragonite,1807.0000,40.160014
ARA_01,aragonite,1808.0000,40.159360
ARA_01,aragonite,1809.0000,40.158709
ARA_01,aragonite,1810.0000,40.158064
ARA_01,aragonite,1811.0000,40.157423
ARA_01,aragonite,1812.0000,40.156786
ARA_01,aragonite,1813.0000,40.156154
ARA_01,aragonite,1814.0000,40.155526
ARA_01,aragonite,1815.0000,40.154902
ARA_01,aragonite,1816.0000,40.154283
ARA_01,aragonite,1817.0000,40.153668
ARA_01,aragonite,1818.0000,40.153058
ARA_01,aragonite,1819.0000,40.152451
ARA_01,aragonite,1820.0000,40.151849
ARA_01,aragonite,1821.0000,40.151251
ARA_01,aragonite,1822.0000,40.150657
ARA_01,aragonite,1823.0000,40.150066
ARA_01,aragonite,1824.0000,40.149480
ARA_01,aragonite,1825.0000,40.148898
ARA_01,aragonite,1826.0000,40.148320
ARA_01,aragonite,1827.0000,40.147745
ARA_01,aragonite,1828.0000,40.147174
ARA_01,aragonite,1829.0000,40.146608
ARA_01,aragonite,1830.0000,40.146044
ARA_01,aragonite,1831.0000,40.145485
ARA_01,aragonite,1832.0000,40.144929
ARA_01,aragonite,1833.0000,40.144377
ARA_01,aragonite,1834.0000,40.143829
ARA_01,aragonite,1835.0000,40.143284
ARA_01,aragonite,1836.0000,40.142742
ARA_01,aragonite,1837.0000,40.142204
ARA_01,aragonite,1838.0000,40.141670
ARA_01,aragonite,1839.0000,40.141139
ARA_01,aragonite,1840.0000,40.140612
ARA_01,aragonite,1841.0000,40.140087
ARA_01,aragonite,1842.0000,40.139567
ARA_01,aragonite,1843.0000,40.139049
ARA_01,aragonite,1844.0000,40.138535
ARA_01,aragonite,1845.0000,40.138024
ARA_01,aragonite,1846.0000,40.137516
ARA_01,aragonite,1847.0000,40.137011
ARA_01,aragonite,1848.0000,40.136510
ARA_01,aragonite,1849.0000,40.136012
ARA_01,aragonite,1850.0000,40.135516
ARA_01,aragonite,1851.0000,40.135024
ARA_01,aragonite,1852.0000,40.134535
ARA_01,aragonite,1853.0000,40.134049
ARA_01,aragonite,1854.0000,40.133566
ARA_01,aragonite,1855.0000,40.133086
ARA_01,aragonite,1856.0000,40.132609
ARA_01,aragonite,1857.0000,40.132135
ARA_01,aragonite,1858.0000,40.131663
ARA_01,aragonite,1859.0000,40.131195
ARA_01,aragonite,1860.0000,40.130729
ARA_01,aragonite,1861.0000,40.130266
ARA_01,aragonite,1862.0000,40.129806
ARA_01,aragonite,1863.0000,40.129349
ARA_01,aragonite,1864.0000,40.128895
ARA_01,aragonite,1865.0000,40.128443
ARA_01,aragonite,1866.0000,40.127994
ARA_01,aragonite,1867.0000,40.127547
ARA_01,aragonite,1868.0000,40.127103
ARA_01,aragonite,1869.0000,40.126662
ARA_01,aragonite,1870.0000,40.126223
ARA_01,aragonite,1871.0000,40.125787
ARA_01,aragonite,1872.0000,40.125354
ARA_01,aragonite,1873.0000,40.124923
ARA_01,aragonite,1874.0000,40.124495
ARA_01,aragonite,1875.0000,40.124069
ARA_01,aragonite,1876.0000,40.123645
ARA_01,aragonite,1877.0000,40.123224
ARA_01,aragonite,1878.0000,40.122806
ARA_01,aragonite,1879.0000,40.122389
ARA_01,aragonite,1880.0000,40.121976
ARA_01,aragonite,1881.0000,40.121564
ARA_01,aragonite,1882.0000,40.121155
ARA_01,aragonite,1883.0000,40.120748
ARA_01,aragonite,1884.0000,40.120344
ARA_01,aragonite,1885.0000,40.119942
ARA_01,aragonite,1886.0000,40.119542
ARA_01,aragonite,1887.0000,40.119144
ARA_01,aragonite,1888.0000,40.118749
ARA_01,aragonite,1889.0000,40.118356
ARA_01,aragonite,1890.0000,40.117965
ARA_01,aragonite,1891.0000,40.117576
ARA_01,aragonite,1892.0000,40.117189
ARA_01,aragonite,1893.0000,40.116805
ARA_01,aragonite,1894.0000,40.116422
ARA_01,aragonite,1895.0000,40.116042
ARA_01,aragonite,1896.0000,40.115664
ARA_01,aragonite,1897.0000,40.115288
ARA_01,aragonite,1898.0000,40.114914
ARA_01,aragonite,1899.0000,40.114542
ARA_01,aragonite,1900.0000,40.114172
ARA_01,aragonite,1901.0000,40.113804
ARA_01,aragonite,1902.0000,40.113438
ARA_01,aragonite,1903.0000,40.113074
ARA_01,aragonite,1904.0000,40.112712
ARA_01,aragonite,1905.0000,40.112352
ARA_01,aragonite,1906.0000,40.111993
ARA_01,aragonite,1907.0000,40.111637
ARA_01,aragonite,1908.0000,40.111283
ARA_01,aragonite,1909.0000,40.110930
ARA_01,aragonite,1910.0000,40.110580
ARA_01,aragonite,1911.0000,40.110231
ARA_01,aragonite,1912.0000,40.109884
ARA_01,aragonite,1913.0000,40.109539
ARA_01,aragonite,1914.0000,40.109196
ARA_01,aragonite,1915.0000,40.108855
ARA_01,aragonite,1916.0000,40.108515
ARA_01,aragonite,1917.0000,40.108177
ARA_01,aragonite,1918.0000,40.107841
ARA_01,aragonite,1919.0000,40.107507
ARA_01,aragonite,1920.0000,40.107174
ARA_01,aragonite,1921.0000,40.106843
ARA_01,aragonite,1922.0000,40.106514
ARA_01,aragonite,1923.0000,40.106187
ARA_01,aragonite,1924.0000,40.105861
ARA_01,aragonite,1925.0000,40.105537
ARA_01,aragonite,1926.0000,40.105214
ARA_01,aragonite,1927.0000,40.104893
ARA_01,aragonite,1928.0000,40.104574
ARA_01,aragonite,1929.0000,40.104257
ARA_01,aragonite,1930.0000,40.103941
ARA_01,aragonite,1931.0000,40.103626
ARA_01,aragonite,1932.0000,40.103314
ARA_01,aragonite,1933.0000,40.103002
ARA_01,aragonite,1934.0000,40.102693
ARA_01,aragonite,1935.0000,40.102385
ARA_01,aragonite,1936.0000,40.102078
ARA_01,aragonite,1937.0000,40.101773
ARA_01,aragonite,1938.0000,40.101470
ARA_01,aragonite,1939.0000,40.101168
ARA_01,aragonite,1940.0000,40.100867
ARA_01,aragonite,1941.0000,40.100568
ARA_01,aragonite,1942.0000,40.100271
ARA_01,aragonite,1943.0000,40.099975
ARA_01,aragonite,1944.0000,40.099680
ARA_01,aragonite,1945.0000,40.099387
ARA_01,aragonite,1946.0000,40.099095
ARA_01,aragonite,1947.0000,40.098805
ARA_01,aragonite,1948.0000,40.098516
ARA_01,aragonite,1949.0000,40.098228
ARA_01,aragonite,1950.0000,40.097942
ARA_01,aragonite,1951.0000,40.097658
ARA_01,aragonite,1952.0000,40.097374
ARA_01,aragonite,1953.0000,40.097092
ARA_01,aragonite,1954.0000,40.096812
ARA_01,aragonite,1955.0000,40.096532
ARA_01,aragonite,1956.0000,40.096255
ARA_01,aragonite,1957.0000,40.095978
ARA_01,aragonite,1958.0000,40.095703
ARA_01,aragonite,1959.0000,40.095429
ARA_01,aragonite,1960.0000,40.095156
ARA_01,aragonite,1961.0000,40.094885
ARA_01,aragonite,1962.0000,40.094615
ARA_01,aragonite,1963.0000,40.094346
ARA_01,aragonite,1964.0000,40.094078
ARA_01,aragonite,1965.0000,40.093812
ARA_01,aragonite,1966.0000,40.093547
ARA_01,aragonite,1967.0000,40.093283
ARA_01,aragonite,1968.0000,40.093020
ARA_01,aragonite,1969.0000,40.092759
ARA_01,aragonite,1970.0000,40.092499
ARA_01,aragonite,1971.0000,40.092240
ARA_01,aragonite,1972.0000,40.091982
ARA_01,aragonite,1973.0000,40.091726
ARA_01,aragonite,1974.0000,40.091470
ARA_01,aragonite,1975.0000,40.091216
ARA_01,aragonite,1976.0000,40.090963
ARA_01,aragonite,1977.0000,40.090711
ARA_01,aragonite,1978.0000,40.090460
ARA_01,aragonite,1979.0000,40.090211
ARA_01,aragonite,1980.0000,40.089962
ARA_01,aragonite,1981.0000,40.089715
ARA_01,aragonite,1982.0000,40.089469
ARA_01,aragonite,1983.0000,40.089224
ARA_01,aragonite,1984.0000,40.088980
ARA_01,aragonite,1985.0000,40.088737
ARA_01,aragonite,1986.0000,40.088495
ARA_01,aragonite,1987.0000,40.088254
ARA_01,aragonite,1988.0000,40.088015
ARA_01,aragonite,1989.0000,40.087776
ARA_01,aragonite,1990.0000,40.087539
ARA_01,aragonite,1991.0000,40.087302
ARA_01,aragonite,1992.0000,40.087067
ARA_01,aragonite,1993.0000,40.086833
ARA_01,aragonite,1994.0000,40.086599
ARA_01,aragonite,1995.0000,40.086367
ARA_01,aragonite,1996.0000,40.086136
ARA_01,aragonite,1997.0000,40.085906
ARA_01,aragonite,1998.0000,40.085676
ARA_01,aragonite,1999.0000,40.085448
ARA_01,aragonite,2000.0000,40.085221
ARA_02,aragonite,200.0000,40.125504
ARA_02,aragonite,201.0000,40.125912
ARA_02,aragonite,202.0000,40.126322
ARA_02,aragonite,203.0000,40.126733
ARA_02,aragonite,204.0000,40.127147
ARA_02,aragonite,205.0000,40.127563
ARA_02,aragonite,206.0000,40.127982
ARA_02,aragonite,207.0000,40.128402
ARA_02,aragonite,208.0000,40.128825
ARA_02,aragonite,209.0000,40.129250
ARA_02,aragonite,210.0000,40.129677
ARA_02,aragonite,211.0000,40.130107
ARA_02,aragonite,212.0000,40.130539
ARA_02,aragonite,213.0000,40.130973
ARA_02,aragonite,214.0000,40.131410
ARA_02,aragonite,215.0000,40.131849
ARA_02,aragonite,216.0000,40.132290
ARA_02,aragonite,217.0000,40.132734
ARA_02,aragonite,218.0000,40.133180
ARA_02,aragonite,219.0000,40.133628
ARA_02,aragonite,220.0000,40.134079
ARA_02,aragonite,221.0000,40.134533
ARA_02,aragonite,222.0000,40.134989
ARA_02,aragonite,223.0000,40.135447
ARA_02,aragonite,224.0000,40.135908
ARA_02,aragonite,225.0000,40.136371
ARA_02,aragonite,226.0000,40.136837
ARA_02,aragonite,227.0000,40.137306
ARA_02,aragonite,228.0000,40.137777
ARA_02,aragonite,229.0000,40.138251
ARA_02,aragonite,230.0000,40.138728
ARA_02,aragonite,231.0000,40.139207
ARA_02,aragonite,232.0000,40.139689
ARA_02,aragonite,233.0000,40.140173
ARA_02,aragonite,234.0000,40.140661
ARA_02,aragonite,235.0000,40.141151
ARA_02,aragonite,236.0000,40.141644
ARA_02,aragonite,237.0000,40.142139
ARA_02,aragonite,238.0000,40.142638
ARA_02,aragonite,239.0000,40.143139
ARA_02,aragonite,240.0000,40.143643
ARA_02,aragonite,241.0000,40.144150
ARA_02,aragonite,242.0000,40.144660
ARA_02,aragonite,243.0000,40.145173
ARA_02,aragonite,244.0000,40.145689
ARA_02,aragonite,245.0000,40.146207
ARA_02,aragonite,246.0000,40.146729
ARA_02,aragonite,247.0000,40.147254
ARA_02,aragonite,248.0000,40.147782
ARA_02,aragonite,249.0000,40.148313
ARA_02,aragonite,250.0000,40.148847
ARA_02,aragonite,251.0000,40.149384
ARA_02,aragonite,252.0000,40.149924
ARA_02,aragonite,253.0000,40.150468
ARA_02,aragonite,254.0000,40.151015
ARA_02,aragonite,255.0000,40.151565
ARA_02,aragonite,256.0000,40.152118
ARA_02,aragonite,257.0000,40.152674
ARA_02,aragonite,258.0000,40.153234
ARA_02,aragonite,259.0000,40.153797
ARA_02,aragonite,260.0000,40.154364
ARA_02,aragonite,261.0000,40.154934
ARA_02,aragonite,262.0000,40.155507
ARA_02,aragonite,263.0000,40.156084
ARA_02,aragonite,264.0000,40.156664
ARA_02,aragonite,265.0000,40.157248
ARA_02,aragonite,266.0000,40.157835
ARA_02,aragonite,267.0000,40.158426
ARA_02,aragonite,268.0000,40.159021
ARA_02,aragonite,269.0000,40.159619
ARA_02,aragonite,270.0000,40.160221
ARA_02,aragonite,271.0000,40.160826
ARA_02,aragonite,272.0000,40.161436
ARA_02,aragonite,273.0000,40.162049
ARA_02,aragonite,274.0000,40.162666
ARA_02,aragonite,275.0000,40.163286
ARA_02,aragonite,276.0000,40.163911
ARA_02,aragonite,277.0000,40.164539
ARA_02,aragonite,278.0000,40.165172
ARA_02,aragonite,279.0000,40.165808
ARA_02,aragonite,280.0000,40.166448
ARA_02,aragonite,281.0000,40.167093
ARA_02,aragonite,282.0000,40.167741
ARA_02,aragonite,283.0000,40.168394
ARA_02,aragonite,284.0000,40.169050
ARA_02,aragonite,285.0000,40.169711
ARA_02,aragonite,286.0000,40.170376
ARA_02,aragonite,287.0000,40.171046
ARA_02,aragonite,288.0000,40.171720
ARA_02,aragonite,289.0000,40.172398
ARA_02,aragonite,290.0000,40.173080
ARA_02,aragonite,291.0000,40.173767
ARA_02,aragonite,292.0000,40.174458
ARA_02,aragonite,293.0000,40.175154
ARA_02,aragonite,294.0000,40.175854
ARA_02,aragonite,295.0000,40.176559
ARA_02,aragonite,296.0000,40.177269
ARA_02,aragonite,297.0000,40.177983
ARA_02,aragonite,298.0000,40.178702
ARA_02,aragonite,299.0000,40.179425
ARA_02,aragonite,300.0000,40.180154
ARA_02,aragonite,301.0000,40.180887
ARA_02,aragonite,302.0000,40.181625
ARA_02,aragonite,303.0000,40.182368
ARA_02,aragonite,304.0000,40.183116
ARA_02,aragonite,305.0000,40.183869
ARA_02,aragonite,306.0000,40.184628
ARA_02,aragonite,307.0000,40.185391
ARA_02,aragonite,308.0000,40.186159
ARA_02,aragonite,309.0000,40.186933
ARA_02,aragonite,310.0000,40.187712
ARA_02,aragonite,311.0000,40.188496
ARA_02,aragonite,312.0000,40.189286
ARA_02,aragonite,313.0000,40.190081
ARA_02,aragonite,314.0000,40.190882
ARA_02,aragonite,315.0000,40.191688
ARA_02,aragonite,316.0000,40.192499
ARA_02,aragonite,317.0000,40.193317
ARA_02,aragonite,318.0000,40.194140
ARA_02,aragonite,319.0000,40.194968
ARA_02,aragonite,320.0000,40.195803
ARA_02,aragonite,321.0000,40.196643
ARA_02,aragonite,322.0000,40.197490
ARA_02,aragonite,323.0000,40.198342
ARA_02,aragonite,324.0000,40.199200
ARA_02,aragonite,325.0000,40.200065
ARA_02,aragonite,326.0000,40.200935
ARA_02,aragonite,327.0000,40.201812
ARA_02,aragonite,328.0000,40.202695
ARA_02,aragonite,329.0000,40.203585
ARA_02,aragonite,330.0000,40.204481
ARA_02,aragonite,331.0000,40.205383
ARA_02,aragonite,332.0000,40.206292
ARA_02,aragonite,333.0000,40.207207
ARA_02,aragonite,334.0000,40.208130
ARA_02,aragonite,335.0000,40.209059
ARA_02,aragonite,336.0000,40.209994
ARA_02,aragonite,337.0000,40.210937
ARA_02,aragonite,338.0000,40.211887
ARA_02,aragonite,339.0000,40.212843
ARA_02,aragonite,340.0000,40.213807
ARA_02,aragonite,341.0000,40.214778
ARA_02,aragonite,342.0000,40.215756
ARA_02,aragonite,343.0000,40.216741
ARA_02,aragonite,344.0000,40.217734
ARA_02,aragonite,345.0000,40.218735
ARA_02,aragonite,346.0000,40.219743
ARA_02,aragonite,347.0000,40.220758
ARA_02,aragonite,348.0000,40.221782
ARA_02,aragonite,349.0000,40.222813
ARA_02,aragonite,350.0000,40.223852
ARA_02,aragonite,351.0000,40.224899
ARA_02,aragonite,352.0000,40.225954
ARA_02,aragonite,353.0000,40.227017
ARA_02,aragonite,354.0000,40.228089
ARA_02,aragonite,355.0000,40.229168
ARA_02,aragonite,356.0000,40.230257
ARA_02,aragonite,357.0000,40.231353
ARA_02,aragonite,358.0000,40.232459
ARA_02,aragonite,359.0000,40.233573
ARA_02,aragonite,360.0000,40.234696
ARA_02,aragonite,361.0000,40.235827
ARA_02,aragonite,362.0000,40.236968
ARA_02,aragonite,363.0000,40.238118
ARA_02,aragonite,364.0000,40.239277
ARA_02,aragonite,365.0000,40.240445
ARA_02,aragonite,366.0000,40.241623
ARA_02,aragonite,367.0000,40.242810
ARA_02,aragonite,368.0000,40.244007
ARA_02,aragonite,369.0000,40.245214
ARA_02,aragonite,370.0000,40.246430
ARA_02,aragonite,371.0000,40.247657
ARA_02,aragonite,372.0000,40.248893
ARA_02,aragonite,373.0000,40.250140
ARA_02,aragonite,374.0000,40.251397
ARA_02,aragonite,375.0000,40.252665
ARA_02,aragonite,376.0000,40.253943
ARA_02,aragonite,377.0000,40.255231
ARA_02,aragonite,378.0000,40.256531
ARA_02,aragonite,379.0000,40.257841
ARA_02,aragonite,380.0000,40.259162
ARA_02,aragonite,381.0000,40.260495
ARA_02,aragonite,382.0000,40.261839
ARA_02,aragonite,383.0000,40.263194
ARA_02,aragonite,384.0000,40.264561
ARA_02,aragonite,385.0000,40.265940
ARA_02,aragonite,386.0000,40.267331
ARA_02,aragonite,387.0000,40.268733
ARA_02,aragonite,388.0000,40.270148
ARA_02,aragonite,389.0000,40.271575
ARA_02,aragonite,390.0000,40.273015
ARA_02,aragonite,391.0000,40.274467
ARA_02,aragonite,392.0000,40.275932
ARA_02,aragonite,393.0000,40.277410
ARA_02,aragonite,394.0000,40.278901
ARA_02,aragonite,395.0000,40.280405
ARA_02,aragonite,396.0000,40.281922
ARA_02,aragonite,397.0000,40.283454
ARA_02,aragonite,398.0000,40.284999
ARA_02,aragonite,399.0000,40.286557
ARA_02,aragonite,400.0000,40.288130
ARA_02,aragonite,401.0000,40.289718
ARA_02,aragonite,402.0000,40.291319
ARA_02,aragonite,403.0000,40.292936
ARA_02,aragonite,404.0000,40.294567
ARA_02,aragonite,405.0000,40.296213
ARA_02,aragonite,406.0000,40.297875
ARA_02,aragonite,407.0000,40.299552
ARA_02,aragonite,408.0000,40.301244
ARA_02,aragonite,409.0000,40.302952
ARA_02,aragonite,410.0000,40.304677
ARA_02,aragonite,411.0000,40.306417
ARA_02,aragonite,412.0000,40.308174
ARA_02,aragonite,413.0000,40.309948
ARA_02,aragonite,414.0000,40.311739
ARA_02,aragonite,415.0000,40.313547
ARA_02,aragonite,416.0000,40.315372
ARA_02,aragonite,417.0000,40.317215
ARA_02,aragonite,418.0000,40.319075
ARA_02,aragonite,419.0000,40.320954
ARA_02,aragonite,420.0000,40.322851
ARA_02,aragonite,421.0000,40.324766
ARA_02,aragonite,422.0000,40.326701
ARA_02,aragonite,423.0000,40.328654
ARA_02,aragonite,424.0000,40.330627
ARA_02,aragonite,425.0000,40.332619
ARA_02,aragonite,426.0000,40.334632
ARA_02,aragonite,427.0000,40.336664
ARA_02,aragonite,428.0000,40.338717
ARA_02,aragonite,429.0000,40.340791
ARA_02,aragonite,430.0000,40.342885
ARA_02,aragonite,431.0000,40.345001
ARA_02,aragonite,432.0000,40.347139
ARA_02,aragonite,433.0000,40.349298
ARA_02,aragonite,434.0000,40.351480
ARA_02,aragonite,435.0000,40.353685
ARA_02,aragonite,436.0000,40.355912
ARA_02,aragonite,437.0000,40.358163
ARA_02,aragonite,438.0000,40.360437
ARA_02,aragonite,439.0000,40.362735
ARA_02,aragonite,440.0000,40.365057
ARA_02,aragonite,441.0000,40.367404
ARA_02,aragonite,442.0000,40.369776
ARA_02,aragonite,443.0000,40.372173
ARA_02,aragonite,444.0000,40.374597
ARA_02,aragonite,445.0000,40.377046
ARA_02,aragonite,446.0000,40.379522
ARA_02,aragonite,447.0000,40.382024
ARA_02,aragonite,448.0000,40.384554
ARA_02,aragonite,449.0000,40.387112
ARA_02,aragonite,450.0000,40.389698
ARA_02,aragonite,451.0000,40.392313
ARA_02,aragonite,452.0000,40.394957
ARA_02,aragonite,453.0000,40.397630
ARA_02,aragonite,454.0000,40.400333
ARA_02,aragonite,455.0000,40.403067
ARA_02,aragonite,456.0000,40.405832
ARA_02,aragonite,457.0000,40.408628
ARA_02,aragonite,458.0000,40.411456
ARA_02,aragonite,459.0000,40.414316
ARA_02,aragonite,460.0000,40.417209
ARA_02,aragonite,461.0000,40.420136
ARA_02,aragonite,462.0000,40.423097
ARA_02,aragonite,463.0000,40.426092
ARA_02,aragonite,464.0000,40.429123
ARA_02,aragonite,465.0000,40.432189
ARA_02,aragonite,466.0000,40.435292
ARA_02,aragonite,467.0000,40.438431
ARA_02,aragonite,468.0000,40.441608
ARA_02,aragonite,469.0000,40.444823
ARA_02,aragonite,470.0000,40.448077
ARA_02,aragonite,471.0000,40.451370
ARA_02,aragonite,472.0000,40.454704
ARA_02,aragonite,473.0000,40.458078
ARA_02,aragonite,474.0000,40.461493
ARA_02,aragonite,475.0000,40.464951
ARA_02,aragonite,476.0000,40.468452
ARA_02,aragonite,477.0000,40.471996
ARA_02,aragonite,478.0000,40.475584
ARA_02,aragonite,479.0000,40.479218
ARA_02,aragonite,480.0000,40.482898
ARA_02,aragonite,481.0000,40.486625
ARA_02,aragonite,482.0000,40.490399
ARA_02,aragonite,483.0000,40.494221
ARA_02,aragonite,484.0000,40.498093
ARA_02,aragonite,485.0000,40.502015
ARA_02,aragonite,486.0000,40.505988
ARA_02,aragonite,487.0000,40.510014
ARA_02,aragonite,488.0000,40.514092
ARA_02,aragonite,489.0000,40.518224
ARA_02,aragonite,490.0000,40.522411
ARA_02,aragonite,491.0000,40.526654
ARA_02,aragonite,492.0000,40.530954
ARA_02,aragonite,493.0000,40.535312
ARA_02,aragonite,494.0000,40.539729
ARA_02,aragonite,495.0000,40.544206
ARA_02,aragonite,496.0000,40.548745
ARA_02,aragonite,497.0000,40.553346
ARA_02,aragonite,498.0000,40.558011
ARA_02,aragonite,499.0000,40.562741
ARA_02,aragonite,500.0000,40.567538
ARA_02,aragonite,501.0000,40.572402
ARA_02,aragonite,502.0000,40.577334
ARA_02,aragonite,503.0000,40.582337
ARA_02,aragonite,504.0000,40.587411
ARA_02,aragonite,505.0000,40.592559
ARA_02,aragonite,506.0000,40.597781
ARA_02,aragonite,507.0000,40.603079
ARA_02,aragonite,508.0000,40.608454
ARA_02,aragonite,509.0000,40.613908
ARA_02,aragonite,510.0000,40.619443
ARA_02,aragonite,511.0000,40.625061
ARA_02,aragonite,512.0000,40.630762
ARA_02,aragonite,513.0000,40.636549
ARA_02,aragonite,514.0000,40.642423
ARA_02,aragonite,515.0000,40.648387
ARA_02,aragonite,516.0000,40.654443
ARA_02,aragonite,517.0000,40.660591
ARA_02,aragonite,518.0000,40.666834
ARA_02,aragonite,519.0000,40.673175
ARA_02,aragonite,520.0000,40.679615
ARA_02,aragonite,521.0000,40.686157
ARA_02,aragonite,522.0000,40.692802
ARA_02,aragonite,523.0000,40.699553
ARA_02,aragonite,524.0000,40.706412
ARA_02,aragonite,525.0000,40.713382
ARA_02,aragonite,526.0000,40.720465
ARA_02,aragonite,527.0000,40.727663
ARA_02,aragonite,528.0000,40.734980
ARA_02,aragonite,529.0000,40.742418
ARA_02,aragonite,530.0000,40.749979
ARA_02,aragonite,531.0000,40.757667
ARA_02,aragonite,532.0000,40.765485
ARA_02,aragonite,533.0000,40.773435
ARA_02,aragonite,534.0000,40.781520
ARA_02,aragonite,535.0000,40.789744
ARA_02,aragonite,536.0000,40.798110
ARA_02,aragonite,537.0000,40.806622
ARA_02,aragonite,538.0000,40.815282
ARA_02,aragonite,539.0000,40.824095
ARA_02,aragonite,540.0000,40.833064
ARA_02,aragonite,541.0000,40.842193
ARA_02,aragonite,542.0000,40.851486
ARA_02,aragonite,543.0000,40.860947
ARA_02,aragonite,544.0000,40.870580
ARA_02,aragonite,545.0000,40.880390
ARA_02,aragonite,546.0000,40.890380
ARA_02,aragonite,547.0000,40.900556
ARA_02,aragonite,548.0000,40.910922
ARA_02,aragonite,549.0000,40.921483
ARA_02,aragonite,550.0000,40.932244
ARA_02,aragonite,551.0000,40.943211
ARA_02,aragonite,552.0000,40.954388
ARA_02,aragonite,553.0000,40.965782
ARA_02,aragonite,554.0000,40.977398
ARA_02,aragonite,555.0000,40.989242
ARA_02,aragonite,556.0000,41.001319
ARA_02,aragonite,557.0000,41.013638
ARA_02,aragonite,558.0000,41.026203
ARA_02,aragonite,559.0000,41.039023
ARA_02,aragonite,560.0000,41.052103
ARA_02,aragonite,561.0000,41.065452
ARA_02,aragonite,562.0000,41.079076
ARA_02,aragonite,563.0000,41.092984
ARA_02,aragonite,564.0000,41.107183
ARA_02,aragonite,565.0000,41.121682
ARA_02,aragonite,566.0000,41.136491
ARA_02,aragonite,567.0000,41.151617
ARA_02,aragonite,568.0000,41.167070
ARA_02,aragonite,569.0000,41.182859
ARA_02,aragonite,570.0000,41.198996
ARA_02,aragonite,571.0000,41.215490
ARA_02,aragonite,572.0000,41.232352
ARA_02,aragonite,573.0000,41.249593
ARA_02,aragonite,574.0000,41.267225
ARA_02,aragonite,575.0000,41.285260
ARA_02,aragonite,576.0000,41.303711
ARA_02,aragonite,577.0000,41.322591
ARA_02,aragonite,578.0000,41.341913
ARA_02,aragonite,579.0000,41.361692
ARA_02,aragonite,580.0000,41.381942
ARA_02,aragonite,581.0000,41.402679
ARA_02,aragonite,582.0000,41.423919
ARA_02,aragonite,583.0000,41.445678
ARA_02,aragonite,584.0000,41.467974
ARA_02,aragonite,585.0000,41.490824
ARA_02,aragonite,586.0000,41.514249
ARA_02,aragonite,587.0000,41.538266
ARA_02,aragonite,588.0000,41.562898
ARA_02,aragonite,589.0000,41.588164
ARA_02,aragonite,590.0000,41.614088
ARA_02,aragonite,591.0000,41.640693
ARA_02,aragonite,592.0000,41.668004
ARA_02,aragonite,593.0000,41.696045
ARA_02,aragonite,594.0000,41.724844
ARA_02,aragonite,595.0000,41.754428
ARA_02,aragonite,596.0000,41.784827
ARA_02,aragonite,597.0000,41.816070
ARA_02,aragonite,598.0000,41.848191
ARA_02,aragonite,599.0000,41.881223
ARA_02,aragonite,600.0000,41.915201
ARA_02,aragonite,601.0000,41.950162
ARA_02,aragonite,602.0000,41.986144
ARA_02,aragonite,603.0000,42.023188
ARA_02,aragonite,604.0000,42.061337
ARA_02,aragonite,605.0000,42.100636
ARA_02,aragonite,606.0000,42.141132
ARA_02,aragonite,607.0000,42.182874
ARA_02,aragonite,608.0000,42.225916
ARA_02,aragonite,609.0000,42.270310
ARA_02,aragonite,610.0000,42.316117
ARA_02,aragonite,611.0000,42.363396
ARA_02,aragonite,612.0000,42.412213
ARA_02,aragonite,613.0000,42.462634
ARA_02,aragonite,614.0000,42.514732
ARA_02,aragonite,615.0000,42.568583
ARA_02,aragonite,616.0000,42.624267
ARA_02,aragonite,617.0000,42.681869
ARA_02,aragonite,618.0000,42.741477
ARA_02,aragonite,619.0000,42.803189
ARA_02,aragonite,620.0000,42.867104
ARA_02,aragonite,621.0000,42.933328
ARA_02,aragonite,622.0000,43.001977
ARA_02,aragonite,623.0000,43.073170
ARA_02,aragonite,624.0000,43.147035
ARA_02,aragonite,625.0000,43.223708
ARA_02,aragonite,626.0000,43.303335
ARA_02,aragonite,627.0000,43.386071
ARA_02,aragonite,628.0000,43.472079
ARA_02,aragonite,629.0000,43.561536
ARA_02,aragonite,630.0000,43.654629
ARA_02,aragonite,631.0000,43.751560
ARA_02,aragonite,632.0000,43.852543
ARA_02,aragonite,633.0000,43.957808
ARA_02,aragonite,634.0000,44.067603
ARA_02,aragonite,635.0000,44.182190
ARA_02,aragonite,636.0000,44.301855
ARA_02,aragonite,637.0000,44.426903
ARA_02,aragonite,638.0000,44.557663
ARA_02,aragonite,639.0000,44.694488
ARA_02,aragonite,640.0000,44.837763
ARA_02,aragonite,641.0000,44.987897
ARA_02,aragonite,642.0000,45.145339
ARA_02,aragonite,643.0000,45.310571
ARA_02,aragonite,644.0000,45.484116
ARA_02,aragonite,645.0000,45.666543
ARA_02,aragonite,646.0000,45.858468
ARA_02,aragonite,647.0000,46.060564
ARA_02,aragonite,648.0000,46.273561
ARA_02,aragonite,649.0000,46.498261
ARA_02,aragonite,650.0000,46.735534
ARA_02,aragonite,651.0000,46.986339
ARA_02,aragonite,652.0000,47.251722
ARA_02,aragonite,653.0000,47.532836
ARA_02,aragonite,654.0000,47.830947
ARA_02,aragonite,655.0000,48.147453
ARA_02,aragonite,656.0000,48.483897
ARA_02,aragonite,657.0000,48.841984
ARA_02,aragonite,658.0000,49.223610
ARA_02,aragonite,659.0000,49.630878
ARA_02,aragonite,660.0000,50.066131
ARA_02,aragonite,661.0000,50.531985
ARA_02,aragonite,662.0000,51.031367
ARA_02,aragonite,663.0000,51.567559
ARA_02,aragonite,664.0000,52.144256
ARA_02,aragonite,665.0000,52.765621
ARA_02,aragonite,666.0000,53.436364
ARA_02,aragonite,667.0000,54.161829
ARA_02,aragonite,668.0000,54.948094
ARA_02,aragonite,669.0000,55.802099
ARA_02,aragonite,670.0000,56.731795
ARA_02,aragonite,671.0000,57.746320
ARA_02,aragonite,672.0000,58.856220
ARA_02,aragonite,673.0000,60.073711
ARA_02,aragonite,674.0000,61.413004
ARA_02,aragonite,675.0000,62.890700
ARA_02,aragonite,676.0000,64.526282
ARA_02,aragonite,677.0000,66.342729
ARA_02,aragonite,678.0000,68.367267
ARA_02,aragonite,679.0000,70.632339
ARA_02,aragonite,680.0000,73.176801
ARA_02,aragonite,681.0000,76.047469
ARA_02,aragonite,682.0000,79.301072
ARA_02,aragonite,683.0000,83.006778
ARA_02,aragonite,684.0000,87.249437
ARA_02,aragonite,685.0000,92.133786
ARA_02,aragonite,686.0000,97.789881
ARA_02,aragonite,687.0000,104.380130
ARA_02,aragonite,688.0000,112.108299
ARA_02,aragonite,689.0000,121.230878
ARA_02,aragonite,690.0000,132.070949
ARA_02,aragonite,691.0000,145.034009
ARA_02,aragonite,692.0000,160.623446
ARA_02,aragonite,693.0000,179.449441
ARA_02,aragonite,694.0000,202.216959
ARA_02,aragonite,695.0000,229.663693
ARA_02,aragonite,696.0000,262.396944
ARA_02,aragonite,697.0000,300.562146
ARA_02,aragonite,698.0000,343.314554
ARA_02,aragonite,699.0000,388.257017
ARA_02,aragonite,700.0000,431.361548
ARA_02,aragonite,701.0000,467.951929
ARA_02,aragonite,702.0000,494.314992
ARA_02,aragonite,703.0000,508.262265
ARA_02,aragonite,704.0000,508.155494
ARA_02,aragonite,705.0000,492.572642
ARA_02,aragonite,706.0000,461.994266
ARA_02,aragonite,707.0000,420.267677
ARA_02,aragonite,708.0000,373.445527
ARA_02,aragonite,709.0000,327.162755
ARA_02,aragonite,710.0000,285.013336
ARA_02,aragonite,711.0000,248.508555
ARA_02,aragonite,712.0000,217.779368
ARA_02,aragonite,713.0000,192.276120
ARA_02,aragonite,714.0000,171.219405
ARA_02,aragonite,715.0000,153.828720
ARA_02,aragonite,716.0000,139.415131
ARA_02,aragonite,717.0000,127.405263
ARA_02,aragonite,718.0000,117.335627
ARA_02,aragonite,719.0000,108.836699
ARA_02,aragonite,720.0000,101.615425
ARA_02,aragonite,721.0000,95.439461
ARA_02,aragonite,722.0000,90.124108
ARA_02,aragonite,723.0000,85.521889
ARA_02,aragonite,724.0000,81.514417
ARA_02,aragonite,725.0000,78.006088
ARA_02,aragonite,726.0000,74.919218
ARA_02,aragonite,727.0000,72.190296
ARA_02,aragonite,728.0000,69.767076
ARA_02,aragonite,729.0000,67.606319
ARA_02,aragonite,730.0000,65.672039
ARA_02,aragonite,731.0000,63.934110
ARA_02,aragonite,732.0000,62.367186
ARA_02,aragonite,733.0000,60.949827
ARA_02,aragonite,734.0000,59.663810
ARA_02,aragonite,735.0000,58.493575
ARA_02,aragonite,736.0000,57.425778
ARA_02,aragonite,737.0000,56.448923
ARA_02,aragonite,738.0000,55.553071
ARA_02,aragonite,739.0000,54.729591
ARA_02,aragonite,740.0000,53.970966
ARA_02,aragonite,741.0000,53.270622
ARA_02,aragonite,742.0000,52.622791
ARA_02,aragonite,743.0000,52.022398
ARA_02,aragonite,744.0000,51.464963
ARA_02,aragonite,745.0000,50.946521
ARA_02,aragonite,746.0000,50.463551
ARA_02,aragonite,747.0000,50.012917
ARA_02,aragonite,748.0000,49.591823
ARA_02,aragonite,749.0000,49.197767
ARA_02,aragonite,750.0000,48.828506
ARA_02,aragonite,751.0000,48.482022
ARA_02,aragonite,752.0000,48.156499
ARA_02,aragonite,753.0000,47.850299
ARA_02,aragonite,754.0000,47.561939
ARA_02,aragonite,755.0000,47.290075
ARA_02,aragonite,756.0000,47.033489
ARA_02,aragonite,757.0000,46.791070
ARA_02,aragonite,758.0000,46.561809
ARA_02,aragonite,759.0000,46.344784
ARA_02,aragonite,760.0000,46.139152
ARA_02,aragonite,761.0000,45.944141
ARA_02,aragonite,762.0000,45.759045
ARA_02,aragonite,763.0000,45.583215
ARA_02,aragonite,764.0000,45.416052
ARA_02,aragonite,765.0000,45.257008
ARA_02,aragonite,766.0000,45.105575
ARA_02,aragonite,767.0000,44.961287
ARA_02,aragonite,768.0000,44.823710
ARA_02,aragonite,769.0000,44.692445
ARA_02,aragonite,770.0000,44.567121
ARA_02,aragonite,771.0000,44.447395
ARA_02,aragonite,772.0000,44.332947
ARA_02,aragonite,773.0000,44.223481
ARA_02,aragonite,774.0000,44.118720
ARA_02,aragonite,775.0000,44.018409
ARA_02,aragonite,776.0000,43.922306
ARA_02,aragonite,777.0000,43.830189
ARA_02,aragonite,778.0000,43.741849
ARA_02,aragonite,779.0000,43.657090
ARA_02,aragonite,780.0000,43.575731
ARA_02,aragonite,781.0000,43.497599
ARA_02,aragonite,782.0000,43.422534
ARA_02,aragonite,783.0000,43.350387
ARA_02,aragonite,784.0000,43.281015
ARA_02,aragonite,785.0000,43.214287
ARA_02,aragonite,786.0000,43.150078
ARA_02,aragonite,787.0000,43.088270
ARA_02,aragonite,788.0000,43.028752
ARA_02,aragonite,789.0000,42.971422
ARA_02,aragonite,790.0000,42.916180
ARA_02,aragonite,791.0000,42.862934
ARA_02,aragonite,792.0000,42.811597
ARA_02,aragonite,793.0000,42.762087
ARA_02,aragonite,794.0000,42.714324
ARA_02,aragonite,795.0000,42.668237
ARA_02,aragonite,796.0000,42.623753
ARA_02,aragonite,797.0000,42.580809
ARA_02,aragonite,798.0000,42.539340
ARA_02,aragonite,799.0000,42.499288
ARA_02,aragonite,800.0000,42.460597
ARA_02,aragonite,801.0000,42.423212
ARA_02,aragonite,802.0000,42.387084
ARA_02,aragonite,803.0000,42.352164
ARA_02,aragonite,804.0000,42.318406
ARA_02,aragonite,805.0000,42.285767
ARA_02,aragonite,806.0000,42.254205
ARA_02,aragonite,807.0000,42.223682
ARA_02,aragonite,808.0000,42.194160
ARA_02,aragonite,809.0000,42.165603
ARA_02,aragonite,810.0000,42.137976
ARA_02,aragonite,811.0000,42.111249
ARA_02,aragonite,812.0000,42.085389
ARA_02,aragonite,813.0000,42.060368
ARA_02,aragonite,814.0000,42.036158
ARA_02,aragonite,815.0000,42.012730
ARA_02,aragonite,816.0000,41.990061
ARA_02,aragonite,817.0000,41.968126
ARA_02,aragonite,818.0000,41.946900
ARA_02,aragonite,819.0000,41.926363
ARA_02,aragonite,820.0000,41.906492
ARA_02,aragonite,821.0000,41.887267
ARA_02,aragonite,822.0000,41.868669
ARA_02,aragonite,823.0000,41.850680
ARA_02,aragonite,824.0000,41.833280
ARA_02,aragonite,825.0000,41.816454
ARA_02,aragonite,826.0000,41.800185
ARA_02,aragonite,827.0000,41.784457
ARA_02,aragonite,828.0000,41.769255
ARA_02,aragonite,829.0000,41.754565
ARA_02,aragonite,830.0000,41.740374
ARA_02,aragonite,831.0000,41.726668
ARA_02,aragonite,832.0000,41.713434
ARA_02,aragonite,833.0000,41.700661
ARA_02,aragonite,834.0000,41.688336
ARA_02,aragonite,835.0000,41.676450
ARA_02,aragonite,836.0000,41.664991
ARA_02,aragonite,837.0000,41.653949
ARA_02,aragonite,838.0000,41.643314
ARA_02,aragonite,839.0000,41.633077
ARA_02,aragonite,840.0000,41.623230
ARA_02,aragonite,841.0000,41.613763
ARA_02,aragonite,842.0000,41.604668
ARA_02,aragonite,843.0000,41.595938
ARA_02,aragonite,844.0000,41.587565
ARA_02,aragonite,845.0000,41.579541
ARA_02,aragonite,846.0000,41.571861
ARA_02,aragonite,847.0000,41.564517
ARA_02,aragonite,848.0000,41.557502
ARA_02,aragonite,849.0000,41.550812
ARA_02,aragonite,850.0000,41.544440
ARA_02,aragonite,851.0000,41.538381
ARA_02,aragonite,852.0000,41.532629
ARA_02,aragonite,853.0000,41.527180
ARA_02,aragonite,854.0000,41.522028
ARA_02,aragonite,855.0000,41.517170
ARA_02,aragonite,856.0000,41.512600
ARA_02,aragonite,857.0000,41.508315
ARA_02,aragonite,858.0000,41.504311
ARA_02,aragonite,859.0000,41.500584
ARA_02,aragonite,860.0000,41.497130
ARA_02,aragonite,861.0000,41.493946
ARA_02,aragonite,862.0000,41.491030
ARA_02,aragonite,863.0000,41.488378
ARA_02,aragonite,864.0000,41.485987
ARA_02,aragonite,865.0000,41.483855
ARA_02,aragonite,866.0000,41.481979
ARA_02,aragonite,867.0000,41.480357
ARA_02,aragonite,868.0000,41.478986
ARA_02,aragonite,869.0000,41.477866
ARA_02,aragonite,870.0000,41.476993
ARA_02,aragonite,871.0000,41.476367
ARA_02,aragonite,872.0000,41.475986
ARA_02,aragonite,873.0000,41.475848
ARA_02,aragonite,874.0000,41.475952
ARA_02,aragonite,875.0000,41.476298
ARA_02,aragonite,876.0000,41.476883
ARA_02,aragonite,877.0000,41.477708
ARA_02,aragonite,878.0000,41.478771
ARA_02,aragonite,879.0000,41.480073
ARA_02,aragonite,880.0000,41.481612
ARA_02,aragonite,881.0000,41.483389
ARA_02,aragonite,882.0000,41.485402
ARA_02,aragonite,883.0000,41.487653
ARA_02,aragonite,884.0000,41.490142
ARA_02,aragonite,885.0000,41.492867
ARA_02,aragonite,886.0000,41.495831
ARA_02,aragonite,887.0000,41.499033
ARA_02,aragonite,888.0000,41.502474
ARA_02,aragonite,889.0000,41.506155
ARA_02,aragonite,890.0000,41.510077
ARA_02,aragonite,891.0000,41.514240
ARA_02,aragonite,892.0000,41.518646
ARA_02,aragonite,893.0000,41.523296
ARA_02,aragonite,894.0000,41.528192
ARA_02,aragonite,895.0000,41.533335
ARA_02,aragonite,896.0000,41.538726
ARA_02,aragonite,897.0000,41.544368
ARA_02,aragonite,898.0000,41.550263
ARA_02,aragonite,899.0000,41.556412
ARA_02,aragonite,900.0000,41.562818
ARA_02,aragonite,901.0000,41.569483
ARA_02,aragonite,902.0000,41.576409
ARA_02,aragonite,903.0000,41.583601
ARA_02,aragonite,904.0000,41.591059
ARA_02,aragonite,905.0000,41.598788
ARA_02,aragonite,906.0000,41.606790
ARA_02,aragonite,907.0000,41.615068
ARA_02,aragonite,908.0000,41.623627
ARA_02,aragonite,909.0000,41.632469
ARA_02,aragonite,910.0000,41.641599
ARA_02,aragonite,911.0000,41.651020
ARA_02,aragonite,912.0000,41.660736
ARA_02,aragonite,913.0000,41.670753
ARA_02,aragonite,914.0000,41.681074
ARA_02,aragonite,915.0000,41.691704
ARA_02,aragonite,916.0000,41.702648
ARA_02,aragonite,917.0000,41.713911
ARA_02,aragonite,918.0000,41.725499
ARA_02,aragonite,919.0000,41.737416
ARA_02,aragonite,920.0000,41.749669
ARA_02,aragonite,921.0000,41.762264
ARA_02,aragonite,922.0000,41.775207
ARA_02,aragonite,923.0000,41.788504
ARA_02,aragonite,924.0000,41.802161
ARA_02,aragonite,925.0000,41.816187
ARA_02,aragonite,926.0000,41.830588
ARA_02,aragonite,927.0000,41.845372
ARA_02,aragonite,928.0000,41.860546
ARA_02,aragonite,929.0000,41.876118
ARA_02,aragonite,930.0000,41.892098
ARA_02,aragonite,931.0000,41.908492
ARA_02,aragonite,932.0000,41.925312
ARA_02,aragonite,933.0000,41.942565
ARA_02,aragonite,934.0000,41.960262
ARA_02,aragonite,935.0000,41.978412
ARA_02,aragonite,936.0000,41.997027
ARA_02,aragonite,937.0000,42.016116
ARA_02,aragonite,938.0000,42.035691
ARA_02,aragonite,939.0000,42.055765
ARA_02,aragonite,940.0000,42.076348
ARA_02,aragonite,941.0000,42.097453
ARA_02,aragonite,942.0000,42.119094
ARA_02,aragonite,943.0000,42.141283
ARA_02,aragonite,944.0000,42.164036
ARA_02,aragonite,945.0000,42.187365
ARA_02,aragonite,946.0000,42.211288
ARA_02,aragonite,947.0000,42.235818
ARA_02,aragonite,948.0000,42.260973
ARA_02,aragonite,949.0000,42.286770
ARA_02,aragonite,950.0000,42.313225
ARA_02,aragonite,951.0000,42.340357
ARA_02,aragonite,952.0000,42.368186
ARA_02,aragonite,953.0000,42.396731
ARA_02,aragonite,954.0000,42.426011
ARA_02,aragonite,955.0000,42.456050
ARA_02,aragonite,956.0000,42.486868
ARA_02,aragonite,957.0000,42.518489
ARA_02,aragonite,958.0000,42.550937
ARA_02,aragonite,959.0000,42.584236
ARA_02,aragonite,960.0000,42.618413
ARA_02,aragonite,961.0000,42.653495
ARA_02,aragonite,962.0000,42.689510
ARA_02,aragonite,963.0000,42.726487
ARA_02,aragonite,964.0000,42.764457
ARA_02,aragonite,965.0000,42.803452
ARA_02,aragonite,966.0000,42.843505
ARA_02,aragonite,967.0000,42.884650
ARA_02,aragonite,968.0000,42.926924
ARA_02,aragonite,969.0000,42.970365
ARA_02,aragonite,970.0000,43.015012
ARA_02,aragonite,971.0000,43.060905
ARA_02,aragonite,972.0000,43.108089
ARA_02,aragonite,973.0000,43.156608
ARA_02,aragonite,974.0000,43.206509
ARA_02,aragonite,975.0000,43.257840
ARA_02,aragonite,976.0000,43.310655
ARA_02,aragonite,977.0000,43.365006
ARA_02,aragonite,978.0000,43.420949
ARA_02,aragonite,979.0000,43.478544
ARA_02,aragonite,980.0000,43.537852
ARA_02,aragonite,981.0000,43.598939
ARA_02,aragonite,982.0000,43.661872
ARA_02,aragonite,983.0000,43.726722
ARA_02,aragonite,984.0000,43.793565
ARA_02,aragonite,985.0000,43.862478
ARA_02,aragonite,986.0000,43.933546
ARA_02,aragonite,987.0000,44.006853
ARA_02,aragonite,988.0000,44.082492
ARA_02,aragonite,989.0000,44.160558
ARA_02,aragonite,990.0000,44.241153
ARA_02,aragonite,991.0000,44.324384
ARA_02,aragonite,992.0000,44.410361
ARA_02,aragonite,993.0000,44.499204
ARA_02,aragonite,994.0000,44.591038
ARA_02,aragonite,995.0000,44.685993
ARA_02,aragonite,996.0000,44.784210
ARA_02,aragonite,997.0000,44.885835
ARA_02,aragonite,998.0000,44.991023
ARA_02,aragonite,999.0000,45.099940
ARA_02,aragonite,1000.0000,45.212758
ARA_02,aragonite,1001.0000,45.329663
ARA_02,aragonite,1002.0000,45.450850
ARA_02,aragonite,1003.0000,45.576526
ARA_02,aragonite,1004.0000,45.706912
ARA_02,aragonite,1005.0000,45.842240
ARA_02,aragonite,1006.0000,45.982761
ARA_02,aragonite,1007.0000,46.128738
ARA_02,aragonite,1008.0000,46.280453
ARA_02,aragonite,1009.0000,46.438205
ARA_02,aragonite,1010.0000,46.602315
ARA_02,aragonite,1011.0000,46.773124
ARA_02,aragonite,1012.0000,46.950996
ARA_02,aragonite,1013.0000,47.136321
ARA_02,aragonite,1014.0000,47.329517
ARA_02,aragonite,1015.0000,47.531029
ARA_02,aragonite,1016.0000,47.741337
ARA_02,aragonite,1017.0000,47.960954
ARA_02,aragonite,1018.0000,48.190431
ARA_02,aragonite,1019.0000,48.430363
ARA_02,aragonite,1020.0000,48.681386
ARA_02,aragonite,1021.0000,48.944190
ARA_02,aragonite,1022.0000,49.219515
ARA_02,aragonite,1023.0000,49.508162
ARA_02,aragonite,1024.0000,49.810999
ARA_02,aragonite,1025.0000,50.128961
ARA_02,aragonite,1026.0000,50.463065
ARA_02,aragonite,1027.0000,50.814413
ARA_02,aragonite,1028.0000,51.184203
ARA_02,aragonite,1029.0000,51.573738
ARA_02,aragonite,1030.0000,51.984438
ARA_02,aragonite,1031.0000,52.417853
ARA_02,aragonite,1032.0000,52.875676
ARA_02,aragonite,1033.0000,53.359762
ARA_02,aragonite,1034.0000,53.872142
ARA_02,aragonite,1035.0000,54.415049
ARA_02,aragonite,1036.0000,54.990937
ARA_02,aragonite,1037.0000,55.602513
ARA_02,aragonite,1038.0000,56.252765
ARA_02,aragonite,1039.0000,56.944998
ARA_02,aragonite,1040.0000,57.682876
ARA_02,aragonite,1041.0000,58.470470
ARA_02,aragonite,1042.0000,59.312309
ARA_02,aragonite,1043.0000,60.213451
ARA_02,aragonite,1044.0000,61.179548
ARA_02,aragonite,1045.0000,62.216941
ARA_02,aragonite,1046.0000,63.332753
ARA_02,aragonite,1047.0000,64.535015
ARA_02,aragonite,1048.0000,65.832801
ARA_02,aragonite,1049.0000,67.236397
ARA_02,aragonite,1050.0000,68.757495
ARA_02,aragonite,1051.0000,70.409431
ARA_02,aragonite,1052.0000,72.207462
ARA_02,aragonite,1053.0000,74.169109
ARA_02,aragonite,1054.0000,76.314563
ARA_02,aragonite,1055.0000,78.667178
ARA_02,aragonite,1056.0000,81.254081
ARA_02,aragonite,1057.0000,84.106910
ARA_02,aragonite,1058.0000,87.262724
ARA_02,aragonite,1059.0000,90.765137
ARA_02,aragonite,1060.0000,94.665722
ARA_02,aragonite,1061.0000,99.025773
ARA_02,aragonite,1062.0000,103.918524
ARA_02,aragonite,1063.0000,109.431953
ARA_02,aragonite,1064.0000,115.672366
ARA_02,aragonite,1065.0000,122.768967
ARA_02,aragonite,1066.0000,130.879761
ARA_02,aragonite,1067.0000,140.199170
ARA_02,aragonite,1068.0000,150.967919
ARA_02,aragonite,1069.0000,163.485887
ARA_02,aragonite,1070.0000,178.128785
ARA_02,aragonite,1071.0000,195.369708
ARA_02,aragonite,1072.0000,215.806603
ARA_02,aragonite,1073.0000,240.196408
ARA_02,aragonite,1074.0000,269.495340
ARA_02,aragonite,1075.0000,304.901436
ARA_02,aragonite,1076.0000,347.887447
ARA_02,aragonite,1077.0000,400.194734
ARA_02,aragonite,1078.0000,463.723748
ARA_02,aragonite,1079.0000,540.193946
ARA_02,aragonite,1080.0000,630.357499
ARA_02,aragonite,1081.0000,732.500884
ARA_02,aragonite,1082.0000,840.192826
ARA_02,aragonite,1083.0000,940.192469
ARA_02,aragonite,1084.0000,1013.165092
ARA_02,aragonite,1085.0000,1040.191778
ARA_02,aragonite,1086.0000,1013.164418
ARA_02,aragonite,1087.0000,940.191119
ARA_02,aragonite,1088.0000,840.190802
ARA_02,aragonite,1089.0000,732.498185
ARA_02,aragonite,1090.0000,630.354125
ARA_02,aragonite,1091.0000,540.189897
ARA_02,aragonite,1092.0000,463.719022
ARA_02,aragonite,1093.0000,400.189332
ARA_02,aragonite,1094.0000,347.881370
ARA_02,aragonite,1095.0000,304.894681
ARA_02,aragonite,1096.0000,269.487907
ARA_02,aragonite,1097.0000,240.188297
ARA_02,aragonite,1098.0000,215.797813
ARA_02,aragonite,1099.0000,195.360239
ARA_02,aragonite,1100.0000,178.118636
ARA_02,aragonite,1101.0000,163.475056
ARA_02,aragonite,1102.0000,150.956407
ARA_02,aragonite,1103.0000,140.186975
ARA_02,aragonite,1104.0000,130.866882
ARA_02,aragonite,1105.0000,122.755403
ARA_02,aragonite,1106.0000,115.658115
ARA_02,aragonite,1107.0000,109.417016
ARA_02,aragonite,1108.0000,103.902898
ARA_02,aragonite,1109.0000,99.009457
ARA_02,aragonite,1110.0000,94.648715
ARA_02,aragonite,1111.0000,90.747438
ARA_02,aragonite,1112.0000,87.244331
ARA_02,aragonite,1113.0000,84.087822
ARA_02,aragonite,1114.0000,81.234296
ARA_02,aragonite,1115.0000,78.646694
ARA_02,aragonite,1116.0000,76.293379
ARA_02,aragonite,1117.0000,74.147223
ARA_02,aragonite,1118.0000,72.184872
ARA_02,aragonite,1119.0000,70.386136
ARA_02,aragonite,1120.0000,68.733493
ARA_02,aragonite,1121.0000,67.211685
ARA_02,aragonite,1122.0000,65.807378
ARA_02,aragonite,1123.0000,64.508878
ARA_02,aragonite,1124.0000,63.305900
ARA_02,aragonite,1125.0000,62.189370
ARA_02,aragonite,1126.0000,61.151257
ARA_02,aragonite,1127.0000,60.184437
ARA_02,aragonite,1128.0000,59.282571
ARA_02,aragonite,1129.0000,58.440003
ARA_02,aragonite,1130.0000,57.651680
ARA_02,aragonite,1131.0000,56.913069
ARA_02,aragonite,1132.0000,56.220101
ARA_02,aragonite,1133.0000,55.569111
ARA_02,aragonite,1134.0000,54.956794
ARA_02,aragonite,1135.0000,54.380162
ARA_02,aragonite,1136.0000,53.836509
ARA_02,aragonite,1137.0000,53.323379
ARA_02,aragonite,1138.0000,52.838540
ARA_02,aragonite,1139.0000,52.379961
ARA_02,aragonite,1140.0000,51.945787
ARA_02,aragonite,1141.0000,51.534324
ARA_02,aragonite,1142.0000,51.144023
ARA_02,aragonite,1143.0000,50.773464
ARA_02,aragonite,1144.0000,50.421343
ARA_02,aragonite,1145.0000,50.086463
ARA_02,aragonite,1146.0000,49.767721
ARA_02,aragonite,1147.0000,49.464100
ARA_02,aragonite,1148.0000,49.174665
ARA_02,aragonite,1149.0000,48.898548
ARA_02,aragonite,1150.0000,48.634950
ARA_02,aragonite,1151.0000,48.383126
ARA_02,aragonite,1152.0000,48.142391
ARA_02,aragonite,1153.0000,47.912106
ARA_02,aragonite,1154.0000,47.691677
ARA_02,aragonite,1155.0000,47.480552
ARA_02,aragonite,1156.0000,47.278219
ARA_02,aragonite,1157.0000,47.084198
ARA_02,aragonite,1158.0000,46.898042
ARA_02,aragonite,1159.0000,46.719335
ARA_02,aragonite,1160.0000,46.547686
ARA_02,aragonite,1161.0000,46.382731
ARA_02,aragonite,1162.0000,46.224129
ARA_02,aragonite,1163.0000,46.071560
ARA_02,aragonite,1164.0000,45.924723
ARA_02,aragonite,1165.0000,45.783337
ARA_02,aragonite,1166.0000,45.647137
ARA_02,aragonite,1167.0000,45.515875
ARA_02,aragonite,1168.0000,45.389317
ARA_02,aragonite,1169.0000,45.267243
ARA_02,aragonite,1170.0000,45.149445
ARA_02,aragonite,1171.0000,45.035727
ARA_02,aragonite,1172.0000,44.925906
ARA_02,aragonite,1173.0000,44.819806
ARA_02,aragonite,1174.0000,44.717264
ARA_02,aragonite,1175.0000,44.618123
ARA_02,aragonite,1176.0000,44.522238
ARA_02,aragonite,1177.0000,44.429468
ARA_02,aragonite,1178.0000,44.339681
ARA_02,aragonite,1179.0000,44.252753
ARA_02,aragonite,1180.0000,44.168566
ARA_02,aragonite,1181.0000,44.087007
ARA_02,aragonite,1182.0000,44.007970
ARA_02,aragonite,1183.0000,43.931352
ARA_02,aragonite,1184.0000,43.857059
ARA_02,aragonite,1185.0000,43.784999
ARA_02,aragonite,1186.0000,43.715085
ARA_02,aragonite,1187.0000,43.647233
ARA_02,aragonite,1188.0000,43.581367
ARA_02,aragonite,1189.0000,43.517409
ARA_02,aragonite,1190.0000,43.455290
ARA_02,aragonite,1191.0000,43.394941
ARA_02,aragonite,1192.0000,43.336297
ARA_02,aragonite,1193.0000,43.279295
ARA_02,aragonite,1194.0000,43.223878
ARA_02,aragonite,1195.0000,43.169988
ARA_02,aragonite,1196.0000,43.117572
ARA_02,aragonite,1197.0000,43.066577
ARA_02,aragonite,1198.0000,43.016955
ARA_02,aragonite,1199.0000,42.968659
ARA_02,aragonite,1200.0000,42.921643
ARA_02,aragonite,1201.0000,42.875865
ARA_02,aragonite,1202.0000,42.831282
ARA_02,aragonite,1203.0000,42.787856
ARA_02,aragonite,1204.0000,42.745548
ARA_02,aragonite,1205.0000,42.704322
ARA_02,aragonite,1206.0000,42.664144
ARA_02,aragonite,1207.0000,42.624979
ARA_02,aragonite,1208.0000,42.586797
ARA_02,aragonite,1209.0000,42.549565
ARA_02,aragonite,1210.0000,42.513255
ARA_02,aragonite,1211.0000,42.477838
ARA_02,aragonite,1212.0000,42.443287
ARA_02,aragonite,1213.0000,42.409575
ARA_02,aragonite,1214.0000,42.376679
ARA_02,aragonite,1215.0000,42.344572
ARA_02,aragonite,1216.0000,42.313233
ARA_02,aragonite,1217.0000,42.282638
ARA_02,aragonite,1218.0000,42.252767
ARA_02,aragonite,1219.0000,42.223598
ARA_02,aragonite,1220.0000,42.195112
ARA_02,aragonite,1221.0000,42.167289
ARA_02,aragonite,1222.0000,42.140111
ARA_02,aragonite,1223.0000,42.113560
ARA_02,aragonite,1224.0000,42.087619
ARA_02,aragonite,1225.0000,42.062272
ARA_02,aragonite,1226.0000,42.037502
ARA_02,aragonite,1227.0000,42.013294
ARA_02,aragonite,1228.0000,41.989633
ARA_02,aragonite,1229.0000,41.966505
ARA_02,aragonite,1230.0000,41.943897
ARA_02,aragonite,1231.0000,41.921795
ARA_02,aragonite,1232.0000,41.900185
ARA_02,aragonite,1233.0000,41.879057
ARA_02,aragonite,1234.0000,41.858397
ARA_02,aragonite,1235.0000,41.838195
ARA_02,aragonite,1236.0000,41.818438
ARA_02,aragonite,1237.0000,41.799117
ARA_02,aragonite,1238.0000,41.780221
ARA_02,aragonite,1239.0000,41.761740
ARA_02,aragonite,1240.0000,41.743665
ARA_02,aragonite,1241.0000,41.725985
ARA_02,aragonite,1242.0000,41.708692
ARA_02,aragonite,1243.0000,41.691777
ARA_02,aragonite,1244.0000,41.675232
ARA_02,aragonite,1245.0000,41.659048
ARA_02,aragonite,1246.0000,41.643219
ARA_02,aragonite,1247.0000,41.627735
ARA_02,aragonite,1248.0000,41.612590
ARA_02,aragonite,1249.0000,41.597776
ARA_02,aragonite,1250.0000,41.583287
ARA_02,aragonite,1251.0000,41.569116
ARA_02,aragonite,1252.0000,41.555257
ARA_02,aragonite,1253.0000,41.541704
ARA_02,aragonite,1254.0000,41.528449
ARA_02,aragonite,1255.0000,41.515489
ARA_02,aragonite,1256.0000,41.502816
ARA_02,aragonite,1257.0000,41.490427
ARA_02,aragonite,1258.0000,41.478315
ARA_02,aragonite,1259.0000,41.466475
ARA_02,aragonite,1260.0000,41.454903
ARA_02,aragonite,1261.0000,41.443594
ARA_02,aragonite,1262.0000,41.432543
ARA_02,aragonite,1263.0000,41.421746
ARA_02,aragonite,1264.0000,41.411199
ARA_02,aragonite,1265.0000,41.400898
ARA_02,aragonite,1266.0000,41.390839
ARA_02,aragonite,1267.0000,41.381018
ARA_02,aragonite,1268.0000,41.371431
ARA_02,aragonite,1269.0000,41.362076
ARA_02,aragonite,1270.0000,41.352948
ARA_02,aragonite,1271.0000,41.344044
ARA_02,aragonite,1272.0000,41.335362
ARA_02,aragonite,1273.0000,41.326899
ARA_02,aragonite,1274.0000,41.318651
ARA_02,aragonite,1275.0000,41.310615
ARA_02,aragonite,1276.0000,41.302791
ARA_02,aragonite,1277.0000,41.295173
ARA_02,aragonite,1278.0000,41.287762
ARA_02,aragonite,1279.0000,41.280553
ARA_02,aragonite,1280.0000,41.273546
ARA_02,aragonite,1281.0000,41.266737
ARA_02,aragonite,1282.0000,41.260125
ARA_02,aragonite,1283.0000,41.253709
ARA_02,aragonite,1284.0000,41.247486
ARA_02,aragonite,1285.0000,41.241456
ARA_02,aragonite,1286.0000,41.235615
ARA_02,aragonite,1287.0000,41.229964
ARA_02,aragonite,1288.0000,41.224500
ARA_02,aragonite,1289.0000,41.219222
ARA_02,aragonite,1290.0000,41.214130
ARA_02,aragonite,1291.0000,41.209223
ARA_02,aragonite,1292.0000,41.204499
ARA_02,aragonite,1293.0000,41.199957
ARA_02,aragonite,1294.0000,41.195598
ARA_02,aragonite,1295.0000,41.191419
ARA_02,aragonite,1296.0000,41.187422
ARA_02,aragonite,1297.0000,41.183605
ARA_02,aragonite,1298.0000,41.179968
ARA_02,aragonite,1299.0000,41.176511
ARA_02,aragonite,1300.0000,41.173234
ARA_02,aragonite,1301.0000,41.170136
ARA_02,aragonite,1302.0000,41.167218
ARA_02,aragonite,1303.0000,41.164481
ARA_02,aragonite,1304.0000,41.161924
ARA_02,aragonite,1305.0000,41.159547
ARA_02,aragonite,1306.0000,41.157352
ARA_02,aragonite,1307.0000,41.155339
ARA_02,aragonite,1308.0000,41.153508
ARA_02,aragonite,1309.0000,41.151861
ARA_02,aragonite,1310.0000,41.150398
ARA_02,aragonite,1311.0000,41.149121
ARA_02,aragonite,1312.0000,41.148031
ARA_02,aragonite,1313.0000,41.147129
ARA_02,aragonite,1314.0000,41.146416
ARA_02,aragonite,1315.0000,41.145895
ARA_02,aragonite,1316.0000,41.145566
ARA_02,aragonite,1317.0000,41.145432
ARA_02,aragonite,1318.0000,41.145495
ARA_02,aragonite,1319.0000,41.145756
ARA_02,aragonite,1320.0000,41.146218
ARA_02,aragonite,1321.0000,41.146884
ARA_02,aragonite,1322.0000,41.147756
ARA_02,aragonite,1323.0000,41.148837
ARA_02,aragonite,1324.0000,41.150130
ARA_02,aragonite,1325.0000,41.151637
ARA_02,aragonite,1326.0000,41.153363
ARA_02,aragonite,1327.0000,41.155309
ARA_02,aragonite,1328.0000,41.157481
ARA_02,aragonite,1329.0000,41.159882
ARA_02,aragonite,1330.0000,41.162516
ARA_02,aragonite,1331.0000,41.165387
ARA_02,aragonite,1332.0000,41.168500
ARA_02,aragonite,1333.0000,41.171860
ARA_02,aragonite,1334.0000,41.175470
ARA_02,aragonite,1335.0000,41.179337
ARA_02,aragonite,1336.0000,41.183466
ARA_02,aragonite,1337.0000,41.187863
ARA_02,aragonite,1338.0000,41.192533
ARA_02,aragonite,1339.0000,41.197484
ARA_02,aragonite,1340.0000,41.202720
ARA_02,aragonite,1341.0000,41.208251
ARA_02,aragonite,1342.0000,41.214082
ARA_02,aragonite,1343.0000,41.220222
ARA_02,aragonite,1344.0000,41.226678
ARA_02,aragonite,1345.0000,41.233458
ARA_02,aragonite,1346.0000,41.240573
ARA_02,aragonite,1347.0000,41.248030
ARA_02,aragonite,1348.0000,41.255839
ARA_02,aragonite,1349.0000,41.264011
ARA_02,aragonite,1350.0000,41.272556
ARA_02,aragonite,1351.0000,41.281486
ARA_02,aragonite,1352.0000,41.290811
ARA_02,aragonite,1353.0000,41.300545
ARA_02,aragonite,1354.0000,41.310700
ARA_02,aragonite,1355.0000,41.321290
ARA_02,aragonite,1356.0000,41.332328
ARA_02,aragonite,1357.0000,41.343831
ARA_02,aragonite,1358.0000,41.355813
ARA_02,aragonite,1359.0000,41.368291
ARA_02,aragonite,1360.0000,41.381282
ARA_02,aragonite,1361.0000,41.394805
ARA_02,aragonite,1362.0000,41.408879
ARA_02,aragonite,1363.0000,41.423524
ARA_02,aragonite,1364.0000,41.438760
ARA_02,aragonite,1365.0000,41.454611
ARA_02,aragonite,1366.0000,41.471101
ARA_02,aragonite,1367.0000,41.488253
ARA_02,aragonite,1368.0000,41.506094
ARA_02,aragonite,1369.0000,41.524651
ARA_02,aragonite,1370.0000,41.543955
ARA_02,aragonite,1371.0000,41.564035
ARA_02,aragonite,1372.0000,41.584924
ARA_02,aragonite,1373.0000,41.606657
ARA_02,aragonite,1374.0000,41.629270
ARA_02,aragonite,1375.0000,41.652800
ARA_02,aragonite,1376.0000,41.677290
ARA_02,aragonite,1377.0000,41.702782
ARA_02,aragonite,1378.0000,41.729322
ARA_02,aragonite,1379.0000,41.756959
ARA_02,aragonite,1380.0000,41.785743
ARA_02,aragonite,1381.0000,41.815730
ARA_02,aragonite,1382.0000,41.846978
ARA_02,aragonite,1383.0000,41.879548
ARA_02,aragonite,1384.0000,41.913506
ARA_02,aragonite,1385.0000,41.948923
ARA_02,aragonite,1386.0000,41.985873
ARA_02,aragonite,1387.0000,42.024435
ARA_02,aragonite,1388.0000,42.064695
ARA_02,aragonite,1389.0000,42.106744
ARA_02,aragonite,1390.0000,42.150678
ARA_02,aragonite,1391.0000,42.196602
ARA_02,aragonite,1392.0000,42.244627
ARA_02,aragonite,1393.0000,42.294872
ARA_02,aragonite,1394.0000,42.347465
ARA_02,aragonite,1395.0000,42.402545
ARA_02,aragonite,1396.0000,42.460259
ARA_02,aragonite,1397.0000,42.520766
ARA_02,aragonite,1398.0000,42.584238
ARA_02,aragonite,1399.0000,42.650861
ARA_02,aragonite,1400.0000,42.720834
ARA_02,aragonite,1401.0000,42.794373
ARA_02,aragonite,1402.0000,42.871713
ARA_02,aragonite,1403.0000,42.953107
ARA_02,aragonite,1404.0000,43.038831
ARA_02,aragonite,1405.0000,43.129183
ARA_02,aragonite,1406.0000,43.224490
ARA_02,aragonite,1407.0000,43.325106
ARA_02,aragonite,1408.0000,43.431419
ARA_02,aragonite,1409.0000,43.543851
ARA_02,aragonite,1410.0000,43.662866
ARA_02,aragonite,1411.0000,43.788971
ARA_02,aragonite,1412.0000,43.922725
ARA_02,aragonite,1413.0000,44.064741
ARA_02,aragonite,1414.0000,44.215696
ARA_02,aragonite,1415.0000,44.376335
ARA_02,aragonite,1416.0000,44.547486
ARA_02,aragonite,1417.0000,44.730064
ARA_02,aragonite,1418.0000,44.925086
ARA_02,aragonite,1419.0000,45.133685
ARA_02,aragonite,1420.0000,45.357125
ARA_02,aragonite,1421.0000,45.596819
ARA_02,aragonite,1422.0000,45.854351
ARA_02,aragonite,1423.0000,46.131503
ARA_02,aragonite,1424.0000,46.430282
ARA_02,aragonite,1425.0000,46.752956
ARA_02,aragonite,1426.0000,47.102097
ARA_02,aragonite,1427.0000,47.480627
ARA_02,aragonite,1428.0000,47.891880
ARA_02,aragonite,1429.0000,48.339671
ARA_02,aragonite,1430.0000,48.828379
ARA_02,aragonite,1431.0000,49.363053
ARA_02,aragonite,1432.0000,49.949529
ARA_02,aragonite,1433.0000,50.594591
ARA_02,aragonite,1434.0000,51.306147
ARA_02,aragonite,1435.0000,52.093462
ARA_02,aragonite,1436.0000,52.967439
ARA_02,aragonite,1437.0000,53.940971
ARA_02,aragonite,1438.0000,55.029382
ARA_02,aragonite,1439.0000,56.250980
ARA_02,aragonite,1440.0000,57.627760
ARA_02,aragonite,1441.0000,59.186297
ARA_02,aragonite,1442.0000,60.958893
ARA_02,aragonite,1443.0000,62.985049
ARA_02,aragonite,1444.0000,65.313370
ARA_02,aragonite,1445.0000,68.004037
ARA_02,aragonite,1446.0000,71.132019
ARA_02,aragonite,1447.0000,74.791246
ARA_02,aragonite,1448.0000,79.099989
ARA_02,aragonite,1449.0000,84.207736
ARA_02,aragonite,1450.0000,90.303721
ARA_02,aragonite,1451.0000,97.626998
ARA_02,aragonite,1452.0000,106.477076
ARA_02,aragonite,1453.0000,117.222144
ARA_02,aragonite,1454.0000,130.297540
ARA_02,aragonite,1455.0000,146.178378
ARA_02,aragonite,1456.0000,165.294523
ARA_02,aragonite,1457.0000,187.834015
ARA_02,aragonite,1458.0000,213.368475
ARA_02,aragonite,1459.0000,240.290084
ARA_02,aragonite,1460.0000,265.288627
ARA_02,aragonite,1461.0000,283.530425
ARA_02,aragonite,1462.0000,290.285747
ARA_02,aragonite,1463.0000,283.527567
ARA_02,aragonite,1464.0000,265.282912
ARA_02,aragonite,1465.0000,240.281510
ARA_02,aragonite,1466.0000,213.357042
ARA_02,aragonite,1467.0000,187.819723
ARA_02,aragonite,1468.0000,165.277369
ARA_02,aragonite,1469.0000,146.158363
ARA_02,aragonite,1470.0000,130.274660
ARA_02,aragonite,1471.0000,117.196398
ARA_02,aragonite,1472.0000,106.448463
ARA_02,aragonite,1473.0000,97.595514
ARA_02,aragonite,1474.0000,90.269364
ARA_02,aragonite,1475.0000,84.170503
ARA_02,aragonite,1476.0000,79.059878
ARA_02,aragonite,1477.0000,74.748253
ARA_02,aragonite,1478.0000,71.086141
ARA_02,aragonite,1479.0000,67.955270
ARA_02,aragonite,1480.0000,65.261710
ARA_02,aragonite,1481.0000,62.930492
ARA_02,aragonite,1482.0000,60.901434
ARA_02,aragonite,1483.0000,59.125932
ARA_02,aragonite,1484.0000,57.564484
ARA_02,aragonite,1485.0000,56.184788
ARA_02,aragonite,1486.0000,54.960268
ARA_02,aragonite,1487.0000,53.868930
ARA_02,aragonite,1488.0000,52.892464
ARA_02,aragonite,1489.0000,52.015548
ARA_02,aragonite,1490.0000,51.225287
ARA_02,aragonite,1491.0000,50.510779
ARA_02,aragonite,1492.0000,49.862758
ARA_02,aragonite,1493.0000,49.273315
ARA_02,aragonite,1494.0000,48.735668
ARA_02,aragonite,1495.0000,48.243978
ARA_02,aragonite,1496.0000,47.793198
ARA_02,aragonite,1497.0000,47.378947
ARA_02,aragonite,1498.0000,46.997411
ARA_02,aragonite,1499.0000,46.645256
ARA_02,aragonite,1500.0000,46.319559
ARA_02,aragonite,1501.0000,46.017747
ARA_02,aragonite,1502.0000,45.737553
ARA_02,aragonite,1503.0000,45.476969
ARA_02,aragonite,1504.0000,45.234213
ARA_02,aragonite,1505.0000,45.007701
ARA_02,aragonite,1506.0000,44.796020
ARA_02,aragonite,1507.0000,44.597904
ARA_02,aragonite,1508.0000,44.412222
ARA_02,aragonite,1509.0000,44.237955
ARA_02,aragonite,1510.0000,44.074188
ARA_02,aragonite,1511.0000,43.920094
ARA_02,aragonite,1512.0000,43.774926
ARA_02,aragonite,1513.0000,43.638007
ARA_02,aragonite,1514.0000,43.508724
ARA_02,aragonite,1515.0000,43.386519
ARA_02,aragonite,1516.0000,43.270883
ARA_02,aragonite,1517.0000,43.161352
ARA_02,aragonite,1518.0000,43.057504
ARA_02,aragonite,1519.0000,42.958951
ARA_02,aragonite,1520.0000,42.865338
ARA_02,aragonite,1521.0000,42.776338
ARA_02,aragonite,1522.0000,42.691653
ARA_02,aragonite,1523.0000,42.611006
ARA_02,aragonite,1524.0000,42.534144
ARA_02,aragonite,1525.0000,42.460832
ARA_02,aragonite,1526.0000,42.390853
ARA_02,aragonite,1527.0000,42.324008
ARA_02,aragonite,1528.0000,42.260111
ARA_02,aragonite,1529.0000,42.198989
ARA_02,aragonite,1530.0000,42.140483
ARA_02,aragonite,1531.0000,42.084445
ARA_02,aragonite,1532.0000,42.030737
ARA_02,aragonite,1533.0000,41.979230
ARA_02,aragonite,1534.0000,41.929804
ARA_02,aragonite,1535.0000,41.882348
ARA_02,aragonite,1536.0000,41.836757
ARA_02,aragonite,1537.0000,41.792935
ARA_02,aragonite,1538.0000,41.750789
ARA_02,aragonite,1539.0000,41.710234
ARA_02,aragonite,1540.0000,41.671190
ARA_02,aragonite,1541.0000,41.633582
ARA_02,aragonite,1542.0000,41.597340
ARA_02,aragonite,1543.0000,41.562398
ARA_02,aragonite,1544.0000,41.528692
ARA_02,aragonite,1545.0000,41.496166
ARA_02,aragonite,1546.0000,41.464762
ARA_02,aragonite,1547.0000,41.434431
ARA_02,aragonite,1548.0000,41.405122
ARA_02,aragonite,1549.0000,41.376789
ARA_02,aragonite,1550.0000,41.349390
ARA_02,aragonite,1551.0000,41.322882
ARA_02,aragonite,1552.0000,41.297227
ARA_02,aragonite,1553.0000,41.272387
ARA_02,aragonite,1554.0000,41.248329
ARA_02,aragonite,1555.0000,41.225019
ARA_02,aragonite,1556.0000,41.202425
ARA_02,aragonite,1557.0000,41.180519
ARA_02,aragonite,1558.0000,41.159271
ARA_02,aragonite,1559.0000,41.138656
ARA_02,aragonite,1560.0000,41.118647
ARA_02,aragonite,1561.0000,41.099221
ARA_02,aragonite,1562.0000,41.080355
ARA_02,aragonite,1563.0000,41.062028
ARA_02,aragonite,1564.0000,41.044217
ARA_02,aragonite,1565.0000,41.026904
ARA_02,aragonite,1566.0000,41.010069
ARA_02,aragonite,1567.0000,40.993696
ARA_02,aragonite,1568.0000,40.977766
ARA_02,aragonite,1569.0000,40.962264
ARA_02,aragonite,1570.0000,40.947173
ARA_02,aragonite,1571.0000,40.932480
ARA_02,aragonite,1572.0000,40.918169
ARA_02,aragonite,1573.0000,40.904227
ARA_02,aragonite,1574.0000,40.890642
ARA_02,aragonite,1575.0000,40.877401
ARA_02,aragonite,1576.0000,40.864492
ARA_02,aragonite,1577.0000,40.851904
ARA_02,aragonite,1578.0000,40.839625
ARA_02,aragonite,1579.0000,40.827646
ARA_02,aragonite,1580.0000,40.815957
ARA_02,aragonite,1581.0000,40.804547
ARA_02,aragonite,1582.0000,40.793409
ARA_02,aragonite,1583.0000,40.782532
ARA_02,aragonite,1584.0000,40.771909
ARA_02,aragonite,1585.0000,40.761531
ARA_02,aragonite,1586.0000,40.751391
ARA_02,aragonite,1587.0000,40.741482
ARA_02,aragonite,1588.0000,40.731795
ARA_02,aragonite,1589.0000,40.722325
ARA_02,aragonite,1590.0000,40.713064
ARA_02,aragonite,1591.0000,40.704007
ARA_02,aragonite,1592.0000,40.695146
ARA_02,aragonite,1593.0000,40.686477
ARA_02,aragonite,1594.0000,40.677993
ARA_02,aragonite,1595.0000,40.669690
ARA_02,aragonite,1596.0000,40.661561
ARA_02,aragonite,1597.0000,40.653602
ARA_02,aragonite,1598.0000,40.645807
ARA_02,aragonite,1599.0000,40.638173
ARA_02,aragonite,1600.0000,40.630695
ARA_02,aragonite,1601.0000,40.623367
ARA_02,aragonite,1602.0000,40.616187
ARA_02,aragonite,1603.0000,40.609150
ARA_02,aragonite,1604.0000,40.602251
ARA_02,aragonite,1605.0000,40.595488
ARA_02,aragonite,1606.0000,40.588856
ARA_02,aragonite,1607.0000,40.582352
ARA_02,aragonite,1608.0000,40.575973
ARA_02,aragonite,1609.0000,40.569715
ARA_02,aragonite,1610.0000,40.563575
ARA_02,aragonite,1611.0000,40.557550
ARA_02,aragonite,1612.0000,40.551637
ARA_02,aragonite,1613.0000,40.545833
ARA_02,aragonite,1614.0000,40.540136
ARA_02,aragonite,1615.0000,40.534542
ARA_02,aragonite,1616.0000,40.529049
ARA_02,aragonite,1617.0000,40.523654
ARA_02,aragonite,1618.0000,40.518355
ARA_02,aragonite,1619.0000,40.513150
ARA_02,aragonite,1620.0000,40.508036
ARA_02,aragonite,1621.0000,40.503011
ARA_02,aragonite,1622.0000,40.498073
ARA_02,aragonite,1623.0000,40.493220
ARA_02,aragonite,1624.0000,40.488449
ARA_02,aragonite,1625.0000,40.483759
ARA_02,aragonite,1626.0000,40.479148
ARA_02,aragonite,1627.0000,40.474614
ARA_02,aragonite,1628.0000,40.470156
ARA_02,aragonite,1629.0000,40.465770
ARA_02,aragonite,1630.0000,40.461457
ARA_02,aragonite,1631.0000,40.457213
ARA_02,aragonite,1632.0000,40.453039
ARA_02,aragonite,1633.0000,40.448931
ARA_02,aragonite,1634.0000,40.444888
ARA_02,aragonite,1635.0000,40.440909
ARA_02,aragonite,1636.0000,40.436993
ARA_02,aragonite,1637.0000,40.433139
ARA_02,aragonite,1638.0000,40.429344
ARA_02,aragonite,1639.0000,40.425607
ARA_02,aragonite,1640.0000,40.421928
ARA_02,aragonite,1641.0000,40.418305
ARA_02,aragonite,1642.0000,40.414736
ARA_02,aragonite,1643.0000,40.411222
ARA_02,aragonite,1644.0000,40.407759
ARA_02,aragonite,1645.0000,40.404349
ARA_02,aragonite,1646.0000,40.400988
ARA_02,aragonite,1647.0000,40.397677
ARA_02,aragonite,1648.0000,40.394414
ARA_02,aragonite,1649.0000,40.391198
ARA_02,aragonite,1650.0000,40.388028
ARA_02,aragonite,1651.0000,40.384904
ARA_02,aragonite,1652.0000,40.381825
ARA_02,aragonite,1653.0000,40.378788
ARA_02,aragonite,1654.0000,40.375795
ARA_02,aragonite,1655.0000,40.372843
ARA_02,aragonite,1656.0000,40.369932
ARA_02,aragonite,1657.0000,40.367062
ARA_02,aragonite,1658.0000,40.364231
ARA_02,aragonite,1659.0000,40.361438
ARA_02,aragonite,1660.0000,40.358683
ARA_02,aragonite,1661.0000,40.355966
ARA_02,aragonite,1662.0000,40.353285
ARA_02,aragonite,1663.0000,40.350639
ARA_02,aragonite,1664.0000,40.348029
ARA_02,aragonite,1665.0000,40.345453
ARA_02,aragonite,1666.0000,40.342911
ARA_02,aragonite,1667.0000,40.340401
ARA_02,aragonite,1668.0000,40.337925
ARA_02,aragonite,1669.0000,40.335480
ARA_02,aragonite,1670.0000,40.333067
ARA_02,aragonite,1671.0000,40.330684
ARA_02,aragonite,1672.0000,40.328332
ARA_02,aragonite,1673.0000,40.326009
ARA_02,aragonite,1674.0000,40.323715
ARA_02,aragonite,1675.0000,40.321450
ARA_02,aragonite,1676.0000,40.319213
ARA_02,aragonite,1677.0000,40.317003
ARA_02,aragonite,1678.0000,40.314821
ARA_02,aragonite,1679.0000,40.312665
ARA_02,aragonite,1680.0000,40.310536
ARA_02,aragonite,1681.0000,40.308432
ARA_02,aragonite,1682.0000,40.306353
ARA_02,aragonite,1683.0000,40.304299
ARA_02,aragonite,1684.0000,40.302270
ARA_02,aragonite,1685.0000,40.300264
ARA_02,aragonite,1686.0000,40.298282
ARA_02,aragonite,1687.0000,40.296324
ARA_02,aragonite,1688.0000,40.294388
ARA_02,aragonite,1689.0000,40.292474
ARA_02,aragonite,1690.0000,40.290583
ARA_02,aragonite,1691.0000,40.288713
ARA_02,aragonite,1692.0000,40.286864
ARA_02,aragonite,1693.0000,40.285037
ARA_02,aragonite,1694.0000,40.283230
ARA_02,aragonite,1695.0000,40.281443
ARA_02,aragonite,1696.0000,40.279676
ARA_02,aragonite,1697.0000,40.277929
ARA_02,aragonite,1698.0000,40.276201
ARA_02,aragonite,1699.0000,40.274493
ARA_02,aragonite,1700.0000,40.272803
ARA_02,aragonite,1701.0000,40.271131
ARA_02,aragonite,1702.0000,40.269477
ARA_02,aragonite,1703.0000,40.267842
ARA_02,aragonite,1704.0000,40.266224
ARA_02,aragonite,1705.0000,40.264623
ARA_02,aragonite,1706.0000,40.263039
ARA_02,aragonite,1707.0000,40.261472
ARA_02,aragonite,1708.0000,40.259922
ARA_02,aragonite,1709.0000,40.258388
ARA_02,aragonite,1710.0000,40.256869
ARA_02,aragonite,1711.0000,40.255367
ARA_02,aragonite,1712.0000,40.253880
ARA_02,aragonite,1713.0000,40.252408
ARA_02,aragonite,1714.0000,40.250952
ARA_02,aragonite,1715.0000,40.249510
ARA_02,aragonite,1716.0000,40.248083
ARA_02,aragonite,1717.0000,40.246671
ARA_02,aragonite,1718.0000,40.245272
ARA_02,aragonite,1719.0000,40.243888
ARA_02,aragonite,1720.0000,40.242517
ARA_02,aragonite,1721.0000,40.241160
ARA_02,aragonite,1722.0000,40.239817
ARA_02,aragonite,1723.0000,40.238486
ARA_02,aragonite,1724.0000,40.237169
ARA_02,aragonite,1725.0000,40.235864
ARA_02,aragonite,1726.0000,40.234573
ARA_02,aragonite,1727.0000,40.233293
ARA_02,aragonite,1728.0000,40.232026
ARA_02,aragonite,1729.0000,40.230771
ARA_02,aragonite,1730.0000,40.229528
ARA_02,aragonite,1731.0000,40.228297
ARA_02,aragonite,1732.0000,40.227077
ARA_02,aragonite,1733.0000,40.225869
ARA_02,aragonite,1734.0000,40.224673
ARA_02,aragonite,1735.0000,40.223487
ARA_02,aragonite,1736.0000,40.222312
ARA_02,aragonite,1737.0000,40.221149
ARA_02,aragonite,1738.0000,40.219996
ARA_02,aragonite,1739.0000,40.218853
ARA_02,aragonite,1740.0000,40.217721
ARA_02,aragonite,1741.0000,40.216600
ARA_02,aragonite,1742.0000,40.215488
ARA_02,aragonite,1743.0000,40.214387
ARA_02,aragonite,1744.0000,40.213295
ARA_02,aragonite,1745.0000,40.212213
ARA_02,aragonite,1746.0000,40.211141
ARA_02,aragonite,1747.0000,40.210079
ARA_02,aragonite,1748.0000,40.209025
ARA_02,aragonite,1749.0000,40.207981
ARA_02,aragonite,1750.0000,40.206946
ARA_02,aragonite,1751.0000,40.205921
ARA_02,aragonite,1752.0000,40.204904
ARA_02,aragonite,1753.0000,40.203896
ARA_02,aragonite,1754.0000,40.202896
ARA_02,aragonite,1755.0000,40.201906
ARA_02,aragonite,1756.0000,40.200923
ARA_02,aragonite,1757.0000,40.199949
ARA_02,aragonite,1758.0000,40.198984
ARA_02,aragonite,1759.0000,40.198026
ARA_02,aragonite,1760.0000,40.197077
ARA_02,aragonite,1761.0000,40.196135
ARA_02,aragonite,1762.0000,40.195202
ARA_02,aragonite,1763.0000,40.194276
ARA_02,aragonite,1764.0000,40.193358
ARA_02,aragonite,1765.0000,40.192447
ARA_02,aragonite,1766.0000,40.191544
ARA_02,aragonite,1767.0000,40.190648
ARA_02,aragonite,1768.0000,40.189760
ARA_02,aragonite,1769.0000,40.188879
ARA_02,aragonite,1770.0000,40.188005
ARA_02,aragonite,1771.0000,40.187138
ARA_02,aragonite,1772.0000,40.186278
ARA_02,aragonite,1773.0000,40.185425
ARA_02,aragonite,1774.0000,40.184579
ARA_02,aragonite,1775.0000,40.183740
ARA_02,aragonite,1776.0000,40.182907
ARA_02,aragonite,1777.0000,40.182080
ARA_02,aragonite,1778.0000,40.181261
ARA_02,aragonite,1779.0000,40.180447
ARA_02,aragonite,1780.0000,40.179641
ARA_02,aragonite,1781.0000,40.178840
ARA_02,aragonite,1782.0000,40.178045
ARA_02,aragonite,1783.0000,40.177257
ARA_02,aragonite,1784.0000,40.176475
ARA_02,aragonite,1785.0000,40.175699
ARA_02,aragonite,1786.0000,40.174928
ARA_02,aragonite,1787.0000,40.174164
ARA_02,aragonite,1788.0000,40.173405
ARA_02,aragonite,1789.0000,40.172652
ARA_02,aragonite,1790.0000,40.171905
ARA_02,aragonite,1791.0000,40.171164
ARA_02,aragonite,1792.0000,40.170428
ARA_02,aragonite,1793.0000,40.169697
ARA_02,aragonite,1794.0000,40.168972
ARA_02,aragonite,1795.0000,40.168252
ARA_02,aragonite,1796.0000,40.167538
ARA_02,aragonite,1797.0000,40.166829
ARA_02,aragonite,1798.0000,40.166125
ARA_02,aragonite,1799.0000,40.165426
ARA_02,aragonite,1800.0000,40.164732
ARA_02,aragonite,1801.0000,40.164044
ARA_02,aragonite,1802.0000,40.163360
ARA_02,aragonite,1803.0000,40.162681
ARA_02,aragonite,1804.0000,40.162007
ARA_02,aragonite,1805.0000,40.161338
ARA_02,aragonite,1806.0000,40.160674
ARA_02,aragonite,1807.0000,40.160014
ARA_02,aragonite,1808.0000,40.159360
ARA_02,aragonite,1809.0000,40.158709
ARA_02,aragonite,1810.0000,40.158064
ARA_02,aragonite,1811.0000,40.157423
ARA_02,aragonite,1812.0000,40.156786
ARA_02,aragonite,1813.0000,40.156154
ARA_02,aragonite,1814.0000,40.155526
ARA_02,aragonite,1815.0000,40.154902
ARA_02,aragonite,1816.0000,40.154283
ARA_02,aragonite,1817.0000,40.153668
ARA_02,aragonite,1818.0000,40.153058
ARA_02,aragonite,1819.0000,40.152451
ARA_02,aragonite,1820.0000,40.151849
ARA_02,aragonite,1821.0000,40.151251
ARA_02,aragonite,1822.0000,40.150657
ARA_02,aragonite,1823.0000,40.150066
ARA_02,aragonite,1824.0000,40.149480
ARA_02,aragonite,1825.0000,40.148898
ARA_02,aragonite,1826.0000,40.148320
ARA_02,aragonite,1827.0000,40.147745
ARA_02,aragonite,1828.0000,40.147174
ARA_02,aragonite,1829.0000,40.146608
ARA_02,aragonite,1830.0000,40.146044
ARA_02,aragonite,1831.0000,40.145485
ARA_02,aragonite,1832.0000,40.144929
ARA_02,aragonite,1833.0000,40.144377
ARA_02,aragonite,1834.0000,40.143829
ARA_02,aragonite,1835.0000,40.143284
ARA_02,aragonite,1836.0000,40.142742
ARA_02,aragonite,1837.0000,40.142204
ARA_02,aragonite,1838.0000,40.141670
ARA_02,aragonite,1839.0000,40.141139
ARA_02,aragonite,1840.0000,40.140612
ARA_02,aragonite,1841.0000,40.140087
ARA_02,aragonite,1842.0000,40.139567
ARA_02,aragonite,1843.0000,40.139049
ARA_02,aragonite,1844.0000,40.138535
ARA_02,aragonite,1845.0000,40.138024
ARA_02,aragonite,1846.0000,40.137516
ARA_02,aragonite,1847.0000,40.137011
ARA_02,aragonite,1848.0000,40.136510
ARA_02,aragonite,1849.0000,40.136012
ARA_02,aragonite,1850.0000,40.135516
ARA_02,aragonite,1851.0000,40.135024
ARA_02,aragonite,1852.0000,40.134535
ARA_02,aragonite,1853.0000,40.134049
ARA_02,aragonite,1854.0000,40.133566
ARA_02,aragonite,1855.0000,40.133086
ARA_02,aragonite,1856.0000,40.132609
ARA_02,aragonite,1857.0000,40.132135
ARA_02,aragonite,1858.0000,40.131663
ARA_02,aragonite,1859.0000,40.131195
ARA_02,aragonite,1860.0000,40.130729
ARA_02,aragonite,1861.0000,40.130266
ARA_02,aragonite,1862.0000,40.129806
ARA_02,aragonite,1863.0000,40.129349
ARA_02,aragonite,1864.0000,40.128895
ARA_02,aragonite,1865.0000,40.128443
ARA_02,aragonite,1866.0000,40.127994
ARA_02,aragonite,1867.0000,40.127547
ARA_02,aragonite,1868.0000,40.127103
ARA_02,aragonite,1869.0000,40.126662
ARA_02,aragonite,1870.0000,40.126223
ARA_02,aragonite,1871.0000,40.125787
ARA_02,aragonite,1872.0000,40.125354
ARA_02,aragonite,1873.0000,40.124923
ARA_02,aragonite,1874.0000,40.124495
ARA_02,aragonite,1875.0000,40.124069
ARA_02,aragonite,1876.0000,40.123645
ARA_02,aragonite,1877.0000,40.123224
ARA_02,aragonite,1878.0000,40.122806
ARA_02,aragonite,1879.0000,40.122389
ARA_02,aragonite,1880.0000,40.121976
ARA_02,aragonite,1881.0000,40.121564
ARA_02,aragonite,1882.0000,40.121155
ARA_02,aragonite,1883.0000,40.120748
ARA_02,aragonite,1884.0000,40.120344
ARA_02,aragonite,1885.0000,40.119942
ARA_02,aragonite,1886.0000,40.119542
ARA_02,aragonite,1887.0000,40.119144
ARA_02,aragonite,1888.0000,40.118749
ARA_02,aragonite,1889.0000,40.118356
ARA_02,aragonite,1890.0000,40.117965
ARA_02,aragonite,1891.0000,40.117576
ARA_02,aragonite,1892.0000,40.117189
ARA_02,aragonite,1893.0000,40.116805
ARA_02,aragonite,1894.0000,40.116422
ARA_02,aragonite,1895.0000,40.116042
ARA_02,aragonite,1896.0000,40.115664
ARA_02,aragonite,1897.0000,40.115288
ARA_02,aragonite,1898.0000,40.114914
ARA_02,aragonite,1899.0000,40.114542
ARA_02,aragonite,1900.0000,40.114172
ARA_02,aragonite,1901.0000,40.113804
ARA_02,aragonite,1902.0000,40.113438
ARA_02,aragonite,1903.0000,40.113074
ARA_02,aragonite,1904.0000,40.112712
ARA_02,aragonite,1905.0000,40.112352
ARA_02,aragonite,1906.0000,40.111993
ARA_02,aragonite,1907.0000,40.111637
ARA_02,aragonite,1908.0000,40.111283
ARA_02,aragonite,1909.0000,40.110930
ARA_02,aragonite,1910.0000,40.110580
ARA_02,aragonite,1911.0000,40.110231
ARA_02,aragonite,1912.0000,40.109884
ARA_02,aragonite,1913.0000,40.109539
ARA_02,aragonite,1914.0000,40.109196
ARA_02,aragonite,1915.0000,40.108855
ARA_02,aragonite,1916.0000,40.108515
ARA_02,aragonite,1917.0000,40.108177
ARA_02,aragonite,1918.0000,40.107841
ARA_02,aragonite,1919.0000,40.107507
ARA_02,aragonite,1920.0000,40.107174
ARA_02,aragonite,1921.0000,40.106843
ARA_02,aragonite,1922.0000,40.106514
ARA_02,aragonite,1923.0000,40.106187
ARA_02,aragonite,1924.0000,40.105861
ARA_02,aragonite,1925.0000,40.105537
ARA_02,aragonite,1926.0000,40.105214
ARA_02,aragonite,1927.0000,40.104893
ARA_02,aragonite,1928.0000,40.104574
ARA_02,aragonite,1929.0000,40.104257
ARA_02,aragonite,1930.0000,40.103941
ARA_02,aragonite,1931.0000,40.103626
ARA_02,aragonite,1932.0000,40.103314
ARA_02,aragonite,1933.0000,40.103002
ARA_02,aragonite,1934.0000,40.102693
ARA_02,aragonite,1935.0000,40.102385
ARA_02,aragonite,1936.0000,40.102078
ARA_02,aragonite,1937.0000,40.101773
ARA_02,aragonite,1938.0000,40.101470
ARA_02,aragonite,1939.0000,40.101168
ARA_02,aragonite,1940.0000,40.100867
ARA_02,aragonite,1941.0000,40.100568
ARA_02,aragonite,1942.0000,40.100271
ARA_02,aragonite,1943.0000,40.099975
ARA_02,aragonite,1944.0000,40.099680
ARA_02,aragonite,1945.0000,40.099387
ARA_02,aragonite,1946.0000,40.099095
ARA_02,aragonite,1947.0000,40.098805
ARA_02,aragonite,1948.0000,40.098516
ARA_02,aragonite,1949.0000,40.098228
ARA_02,aragonite,1950.0000,40.097942
ARA_02,aragonite,1951.0000,40.097658
ARA_02,aragonite,1952.0000,40.097374
ARA_02,aragonite,1953.0000,40.097092
ARA_02,aragonite,1954.0000,40.096812
ARA_02,aragonite,1955.0000,40.096532
ARA_02,aragonite,1956.0000,40.096255
ARA_02,aragonite,1957.0000,40.095978
ARA_02,aragonite,1958.0000,40.095703
ARA_02,aragonite,1959.0000,40.095429
ARA_02,aragonite,1960.0000,40.095156
ARA_02,aragonite,1961.0000,40.094885
ARA_02,aragonite,1962.0000,40.094615
ARA_02,aragonite,1963.0000,40.094346
ARA_02,aragonite,1964.0000,40.094078
ARA_02,aragonite,1965.0000,40.093812
ARA_02,aragonite,1966.0000,40.093547
ARA_02,aragonite,1967.0000,40.093283
ARA_02,aragonite,1968.0000,40.093020
ARA_02,aragonite,1969.0000,40.092759
ARA_02,aragonite,1970.0000,40.092499
ARA_02,aragonite,1971.0000,40.092240
ARA_02,aragonite,1972.0000,40.091982
ARA_02,aragonite,1973.0000,40.091726
ARA_02,aragonite,1974.0000,40.091470
ARA_02,aragonite,1975.0000,40.091216
ARA_02,aragonite,1976.0000,40.090963
ARA_02,aragonite,1977.0000,40.090711
ARA_02,aragonite,1978.0000,40.090460
ARA_02,aragonite,1979.0000,40.090211
ARA_02,aragonite,1980.0000,40.089962
ARA_02,aragonite,1981.0000,40.089715
ARA_02,aragonite,1982.0000,40.089469
ARA_02,aragonite,1983.0000,40.089224
ARA_02,aragonite,1984.0000,40.088980
ARA_02,aragonite,1985.0000,40.088737
ARA_02,aragonite,1986.0000,40.088495
ARA_02,aragonite,1987.0000,40.088254
ARA_02,aragonite,1988.0000,40.088015
ARA_02,aragonite,1989.0000,40.087776
ARA_02,aragonite,1990.0000,40.087539
ARA_02,aragonite,1991.0000,40.087302
ARA_02,aragonite,1992.0000,40.087067
ARA_02,aragonite,1993.0000,40.086833
ARA_02,aragonite,1994.0000,40.086599
ARA_02,aragonite,1995.0000,40.086367
ARA_02,aragonite,1996.0000,40.086136
ARA_02,aragonite,1997.0000,40.085906
ARA_02,aragonite,1998.0000,40.085676
ARA_02,aragonite,1999.0000,40.085448
ARA_02,aragonite,2000.0000,40.085221
SI_01,silicon,200.0000,40.350453
SI_01,silicon,201.0000,40.352650
SI_01,silicon,202.0000,40.354867
SI_01,silicon,203.0000,40.357106
SI_01,silicon,204.0000,40.359365
SI_01,silicon,205.0000,40.361647
SI_01,silicon,206.0000,40.363950
SI_01,silicon,207.0000,40.366275
SI_01,silicon,208.0000,40.368622
SI_01,silicon,209.0000,40.370992
SI_01,silicon,210.0000,40.373385
SI_01,silicon,211.0000,40.375801
SI_01,silicon,212.0000,40.378241
SI_01,silicon,213.0000,40.380705
SI_01,silicon,214.0000,40.383192
SI_01,silicon,215.0000,40.385704
SI_01,silicon,216.0000,40.388241
SI_01,silicon,217.0000,40.390804
SI_01,silicon,218.0000,40.393391
SI_01,silicon,219.0000,40.396004
SI_01,silicon,220.0000,40.398644
SI_01,silicon,221.0000,40.401310
SI_01,silicon,222.0000,40.404002
SI_01,silicon,223.0000,40.406722
SI_01,silicon,224.0000,40.409470
SI_01,silicon,225.0000,40.412245
SI_01,silicon,226.0000,40.415049
SI_01,silicon,227.0000,40.417881
SI_01,silicon,228.0000,40.420743
SI_01,silicon,229.0000,40.423634
SI_01,silicon,230.0000,40.426554
SI_01,silicon,231.0000,40.429506
SI_01,silicon,232.0000,40.432487
SI_01,silicon,233.0000,40.435501
SI_01,silicon,234.0000,40.438545
SI_01,silicon,235.0000,40.441622
SI_01,silicon,236.0000,40.444731
SI_01,silicon,237.0000,40.447873
SI_01,silicon,238.0000,40.451049
SI_01,silicon,239.0000,40.454258
SI_01,silicon,240.0000,40.457502
SI_01,silicon,241.0000,40.460781
SI_01,silicon,242.0000,40.464095
SI_01,silicon,243.0000,40.467444
SI_01,silicon,244.0000,40.470831
SI_01,silicon,245.0000,40.474254
SI_01,silicon,246.0000,40.477715
SI_01,silicon,247.0000,40.481213
SI_01,silicon,248.0000,40.484751
SI_01,silicon,249.0000,40.488327
SI_01,silicon,250.0000,40.491943
SI_01,silicon,251.0000,40.495599
SI_01,silicon,252.0000,40.499297
SI_01,silicon,253.0000,40.503036
SI_01,silicon,254.0000,40.506817
SI_01,silicon,255.0000,40.510640
SI_01,silicon,256.0000,40.514508
SI_01,silicon,257.0000,40.518419
SI_01,silicon,258.0000,40.522375
SI_01,silicon,259.0000,40.526377
SI_01,silicon,260.0000,40.530424
SI_01,silicon,261.0000,40.534519
SI_01,silicon,262.0000,40.538661
SI_01,silicon,263.0000,40.542851
SI_01,silicon,264.0000,40.547091
SI_01,silicon,265.0000,40.551380
SI_01,silicon,266.0000,40.555720
SI_01,silicon,267.0000,40.560112
SI_01,silicon,268.0000,40.564555
SI_01,silicon,269.0000,40.569052
SI_01,silicon,270.0000,40.573603
SI_01,silicon,271.0000,40.578208
SI_01,silicon,272.0000,40.582869
SI_01,silicon,273.0000,40.587587
SI_01,silicon,274.0000,40.592362
SI_01,silicon,275.0000,40.597196
SI_01,silicon,276.0000,40.602089
SI_01,silicon,277.0000,40.607043
SI_01,silicon,278.0000,40.612058
SI_01,silicon,279.0000,40.617135
SI_01,silicon,280.0000,40.622275
SI_01,silicon,281.0000,40.627480
SI_01,silicon,282.0000,40.632751
SI_01,silicon,283.0000,40.638089
SI_01,silicon,284.0000,40.643494
SI_01,silicon,285.0000,40.648968
SI_01,silicon,286.0000,40.654512
SI_01,silicon,287.0000,40.660128
SI_01,silicon,288.0000,40.665816
SI_01,silicon,289.0000,40.671578
SI_01,silicon,290.0000,40.677415
SI_01,silicon,291.0000,40.683328
SI_01,silicon,292.0000,40.689320
SI_01,silicon,293.0000,40.695390
SI_01,silicon,294.0000,40.701541
SI_01,silicon,295.0000,40.707774
SI_01,silicon,296.0000,40.714090
SI_01,silicon,297.0000,40.720491
SI_01,silicon,298.0000,40.726979
SI_01,silicon,299.0000,40.733555
SI_01,silicon,300.0000,40.740220
SI_01,silicon,301.0000,40.746976
SI_01,silicon,302.0000,40.753826
SI_01,silicon,303.0000,40.760770
SI_01,silicon,304.0000,40.767810
SI_01,silicon,305.0000,40.774948
SI_01,silicon,306.0000,40.782187
SI_01,silicon,307.0000,40.789527
SI_01,silicon,308.0000,40.796971
SI_01,silicon,309.0000,40.804521
SI_01,silicon,310.0000,40.812179
SI_01,silicon,311.0000,40.819947
SI_01,silicon,312.0000,40.827826
SI_01,silicon,313.0000,40.835819
SI_01,silicon,314.0000,40.843929
SI_01,silicon,315.0000,40.852158
SI_01,silicon,316.0000,40.860507
SI_01,silicon,317.0000,40.868980
SI_01,silicon,318.0000,40.877578
SI_01,silicon,319.0000,40.886304
SI_01,silicon,320.0000,40.895162
SI_01,silicon,321.0000,40.904152
SI_01,silicon,322.0000,40.913279
SI_01,silicon,323.0000,40.922545
SI_01,silicon,324.0000,40.931952
SI_01,silicon,325.0000,40.941504
SI_01,silicon,326.0000,40.951203
SI_01,silicon,327.0000,40.961053
SI_01,silicon,328.0000,40.971057
SI_01,silicon,329.0000,40.981218
SI_01,silicon,330.0000,40.991539
SI_01,silicon,331.0000,41.002023
SI_01,silicon,332.0000,41.012675
SI_01,silicon,333.0000,41.023498
SI_01,silicon,334.0000,41.034495
SI_01,silicon,335.0000,41.045670
SI_01,silicon,336.0000,41.057027
SI_01,silicon,337.0000,41.068569
SI_01,silicon,338.0000,41.080302
SI_01,silicon,339.0000,41.092230
SI_01,silicon,340.0000,41.104355
SI_01,silicon,341.0000,41.116684
SI_01,silicon,342.0000,41.129220
SI_01,silicon,343.0000,41.141969
SI_01,silicon,344.0000,41.154934
SI_01,silicon,345.0000,41.168122
SI_01,silicon,346.0000,41.181536
SI_01,silicon,347.0000,41.195183
SI_01,silicon,348.0000,41.209068
SI_01,silicon,349.0000,41.223196
SI_01,silicon,350.0000,41.237573
SI_01,silicon,351.0000,41.252204
SI_01,silicon,352.0000,41.267097
SI_01,silicon,353.0000,41.282257
SI_01,silicon,354.0000,41.297690
SI_01,silicon,355.0000,41.313404
SI_01,silicon,356.0000,41.329404
SI_01,silicon,357.0000,41.345699
SI_01,silicon,358.0000,41.362295
SI_01,silicon,359.0000,41.379199
SI_01,silicon,360.0000,41.396420
SI_01,silicon,361.0000,41.413966
SI_01,silicon,362.0000,41.431844
SI_01,silicon,363.0000,41.450063
SI_01,silicon,364.0000,41.468632
SI_01,silicon,365.0000,41.487560
SI_01,silicon,366.0000,41.506856
SI_01,silicon,367.0000,41.526530
SI_01,silicon,368.0000,41.546591
SI_01,silicon,369.0000,41.567050
SI_01,silicon,370.0000,41.587918
SI_01,silicon,371.0000,41.609204
SI_01,silicon,372.0000,41.630922
SI_01,silicon,373.0000,41.653082
SI_01,silicon,374.0000,41.675697
SI_01,silicon,375.0000,41.698778
SI_01,silicon,376.0000,41.722339
SI_01,silicon,377.0000,41.746394
SI_01,silicon,378.0000,41.770956
SI_01,silicon,379.0000,41.796040
SI_01,silicon,380.0000,41.821659
SI_01,silicon,381.0000,41.847831
SI_01,silicon,382.0000,41.874570
SI_01,silicon,383.0000,41.901894
SI_01,silicon,384.0000,41.929819
SI_01,silicon,385.0000,41.958363
SI_01,silicon,386.0000,41.987544
SI_01,silicon,387.0000,42.017383
SI_01,silicon,388.0000,42.047898
SI_01,silicon,389.0000,42.079110
SI_01,silicon,390.0000,42.111040
SI_01,silicon,391.0000,42.143712
SI_01,silicon,392.0000,42.177147
SI_01,silicon,393.0000,42.211370
SI_01,silicon,394.0000,42.246405
SI_01,silicon,395.0000,42.282280
SI_01,silicon,396.0000,42.319019
SI_01,silicon,397.0000,42.356653
SI_01,silicon,398.0000,42.395209
SI_01,silicon,399.0000,42.434719
SI_01,silicon,400.0000,42.475213
SI_01,silicon,401.0000,42.516725
SI_01,silicon,402.0000,42.559290
SI_01,silicon,403.0000,42.602942
SI_01,silicon,404.0000,42.647720
SI_01,silicon,405.0000,42.693663
SI_01,silicon,406.0000,42.740810
SI_01,silicon,407.0000,42.789205
SI_01,silicon,408.0000,42.838892
SI_01,silicon,409.0000,42.889918
SI_01,silicon,410.0000,42.942330
SI_01,silicon,411.0000,42.996179
SI_01,silicon,412.0000,43.051519
SI_01,silicon,413.0000,43.108405
SI_01,silicon,414.0000,43.166895
SI_01,silicon,415.0000,43.227049
SI_01,silicon,416.0000,43.288932
SI_01,silicon,417.0000,43.352610
SI_01,silicon,418.0000,43.418153
SI_01,silicon,419.0000,43.485635
SI_01,silicon,420.0000,43.555133
SI_01,silicon,421.0000,43.626728
SI_01,silicon,422.0000,43.700505
SI_01,silicon,423.0000,43.776553
SI_01,silicon,424.0000,43.854967
SI_01,silicon,425.0000,43.935845
SI_01,silicon,426.0000,44.019291
SI_01,silicon,427.0000,44.105417
SI_01,silicon,428.0000,44.194336
SI_01,silicon,429.0000,44.286172
SI_01,silicon,430.0000,44.381053
SI_01,silicon,431.0000,44.479115
SI_01,silicon,432.0000,44.580501
SI_01,silicon,433.0000,44.685363
SI_01,silicon,434.0000,44.793862
SI_01,silicon,435.0000,44.906168
SI_01,silicon,436.0000,45.022460
SI_01,silicon,437.0000,45.142929
SI_01,silicon,438.0000,45.267777
SI_01,silicon,439.0000,45.397218
SI_01,silicon,440.0000,45.531481
SI_01,silicon,441.0000,45.670807
SI_01,silicon,442.0000,45.815454
SI_01,silicon,443.0000,45.965695
SI_01,silicon,444.0000,46.121822
SI_01,silicon,445.0000,46.284145
SI_01,silicon,446.0000,46.452998
SI_01,silicon,447.0000,46.628733
SI_01,silicon,448.0000,46.811728
SI_01,silicon,449.0000,47.002389
SI_01,silicon,450.0000,47.201149
SI_01,silicon,451.0000,47.408471
SI_01,silicon,452.0000,47.624853
SI_01,silicon,453.0000,47.850830
SI_01,silicon,454.0000,48.086975
SI_01,silicon,455.0000,48.333907
SI_01,silicon,456.0000,48.592290
SI_01,silicon,457.0000,48.862842
SI_01,silicon,458.0000,49.146336
SI_01,silicon,459.0000,49.443608
SI_01,silicon,460.0000,49.755562
SI_01,silicon,461.0000,50.083179
SI_01,silicon,462.0000,50.427521
SI_01,silicon,463.0000,50.789742
SI_01,silicon,464.0000,51.171095
SI_01,silicon,465.0000,51.572949
SI_01,silicon,466.0000,51.996791
SI_01,silicon,467.0000,52.444249
SI_01,silicon,468.0000,52.917104
SI_01,silicon,469.0000,53.417303
SI_01,silicon,470.0000,53.946988
SI_01,silicon,471.0000,54.508509
SI_01,silicon,472.0000,55.104457
SI_01,silicon,473.0000,55.737688
SI_01,silicon,474.0000,56.411360
SI_01,silicon,475.0000,57.128970
SI_01,silicon,476.0000,57.894401
SI_01,silicon,477.0000,58.711967
SI_01,silicon,478.0000,59.586480
SI_01,silicon,479.0000,60.523316
SI_01,silicon,480.0000,61.528493
SI_01,silicon,481.0000,62.608769
SI_01,silicon,482.0000,63.771752
SI_01,silicon,483.0000,65.026025
SI_01,silicon,484.0000,66.381309
SI_01,silicon,485.0000,67.848635
SI_01,silicon,486.0000,69.440568
SI_01,silicon,487.0000,71.171463
SI_01,silicon,488.0000,73.057775
SI_01,silicon,489.0000,75.118439
SI_01,silicon,490.0000,77.375318
SI_01,silicon,491.0000,79.853759
SI_01,silicon,492.0000,82.583267
SI_01,silicon,493.0000,85.598336
SI_01,silicon,494.0000,88.939475
SI_01,silicon,495.0000,92.654481
SI_01,silicon,496.0000,96.800028
SI_01,silicon,497.0000,101.443670
SI_01,silicon,498.0000,106.666358
SI_01,silicon,499.0000,112.565649
SI_01,silicon,500.0000,119.259802
SI_01,silicon,501.0000,126.893031
SI_01,silicon,502.0000,135.642298
SI_01,silicon,503.0000,145.726096
SI_01,silicon,504.0000,157.415872
SI_01,silicon,505.0000,171.050864
SI_01,silicon,506.0000,187.057322
SI_01,silicon,507.0000,205.973191
SI_01,silicon,508.0000,228.479208
SI_01,silicon,509.0000,255.436633
SI_01,silicon,510.0000,287.929616
SI_01,silicon,511.0000,327.304723
SI_01,silicon,512.0000,375.187728
SI_01,silicon,513.0000,433.431873
SI_01,silicon,514.0000,503.902580
SI_01,silicon,515.0000,587.924356
SI_01,silicon,516.0000,685.132387
SI_01,silicon,517.0000,791.526538
SI_01,silicon,518.0000,897.091840
SI_01,silicon,519.0000,984.819894
SI_01,silicon,520.0000,1034.406464
SI_01,silicon,521.0000,1031.667241
SI_01,silicon,522.0000,977.438969
SI_01,silicon,523.0000,887.008999
SI_01,silicon,524.0000,780.702639
SI_01,silicon,525.0000,674.892641
SI_01,silicon,526.0000,578.901987
SI_01,silicon,527.0000,496.259307
SI_01,silicon,528.0000,427.086369
SI_01,silicon,529.0000,369.964941
SI_01,silicon,530.0000,323.013306
SI_01,silicon,531.0000,284.395037
SI_01,silicon,532.0000,252.511622
SI_01,silicon,533.0000,226.044108
SI_01,silicon,534.0000,203.932560
SI_01,silicon,535.0000,185.335634
SI_01,silicon,536.0000,169.588467
SI_01,silicon,537.0000,156.165568
SI_01,silicon,538.0000,144.650402
SI_01,silicon,539.0000,134.711295
SI_01,silicon,540.0000,126.082699
SI_01,silicon,541.0000,118.550739
SI_01,silicon,542.0000,111.942087
SI_01,silicon,543.0000,106.115399
SI_01,silicon,544.0000,100.954703
SI_01,silicon,545.0000,96.364270
SI_01,silicon,546.0000,92.264619
SI_01,silicon,547.0000,88.589389
SI_01,silicon,548.0000,85.282876
SI_01,silicon,549.0000,82.298078
SI_01,silicon,550.0000,79.595140
SI_01,silicon,551.0000,77.140108
SI_01,silicon,552.0000,74.903929
SI_01,silicon,553.0000,72.861632
SI_01,silicon,554.0000,70.991669
SI_01,silicon,555.0000,69.275374
SI_01,silicon,556.0000,67.696515
SI_01,silicon,557.0000,66.240932
SI_01,silicon,558.0000,64.896223
SI_01,silicon,559.0000,63.651495
SI_01,silicon,560.0000,62.497153
SI_01,silicon,561.0000,61.424714
SI_01,silicon,562.0000,60.426662
SI_01,silicon,563.0000,59.496318
SI_01,silicon,564.0000,58.627731
SI_01,silicon,565.0000,57.815586
SI_01,silicon,566.0000,57.055125
SI_01,silicon,567.0000,56.342076
SI_01,silicon,568.0000,55.672599
SI_01,silicon,569.0000,55.043234
SI_01,silicon,570.0000,54.450853
SI_01,silicon,571.0000,53.892627
SI_01,silicon,572.0000,53.365993
SI_01,silicon,573.0000,52.868621
SI_01,silicon,574.0000,52.398391
SI_01,silicon,575.0000,51.953372
SI_01,silicon,576.0000,51.531799
SI_01,silicon,577.0000,51.132061
SI_01,silicon,578.0000,50.752680
SI_01,silicon,579.0000,50.392302
SI_01,silicon,580.0000,50.049683
SI_01,silicon,581.0000,49.723679
SI_01,silicon,582.0000,49.413235
SI_01,silicon,583.0000,49.117381
SI_01,silicon,584.0000,48.835218
SI_01,silicon,585.0000,48.565917
SI_01,silicon,586.0000,48.308710
SI_01,silicon,587.0000,48.062886
SI_01,silicon,588.0000,47.827784
SI_01,silicon,589.0000,47.602792
SI_01,silicon,590.0000,47.387339
SI_01,silicon,591.0000,47.180895
SI_01,silicon,592.0000,46.982966
SI_01,silicon,593.0000,46.793090
SI_01,silicon,594.0000,46.610839
SI_01,silicon,595.0000,46.435809
SI_01,silicon,596.0000,46.267625
SI_01,silicon,597.0000,46.105935
SI_01,silicon,598.0000,45.950411
SI_01,silicon,599.0000,45.800742
SI_01,silicon,600.0000,45.656640
SI_01,silicon,601.0000,45.517831
SI_01,silicon,602.0000,45.384061
SI_01,silicon,603.0000,45.255089
SI_01,silicon,604.0000,45.130688
SI_01,silicon,605.0000,45.010646
SI_01,silicon,606.0000,44.894761
SI_01,silicon,607.0000,44.782844
SI_01,silicon,608.0000,44.674716
SI_01,silicon,609.0000,44.570208
SI_01,silicon,610.0000,44.469161
SI_01,silicon,611.0000,44.371424
SI_01,silicon,612.0000,44.276854
SI_01,silicon,613.0000,44.185315
SI_01,silicon,614.0000,44.096681
SI_01,silicon,615.0000,44.010828
SI_01,silicon,616.0000,43.927643
SI_01,silicon,617.0000,43.847016
SI_01,silicon,618.0000,43.768843
SI_01,silicon,619.0000,43.693026
SI_01,silicon,620.0000,43.619472
SI_01,silicon,621.0000,43.548091
SI_01,silicon,622.0000,43.478798
SI_01,silicon,623.0000,43.411513
SI_01,silicon,624.0000,43.346160
SI_01,silicon,625.0000,43.282664
SI_01,silicon,626.0000,43.220957
SI_01,silicon,627.0000,43.160972
SI_01,silicon,628.0000,43.102645
SI_01,silicon,629.0000,43.045917
SI_01,silicon,630.0000,42.990728
SI_01,silicon,631.0000,42.937025
SI_01,silicon,632.0000,42.884753
SI_01,silicon,633.0000,42.833864
SI_01,silicon,634.0000,42.784308
SI_01,silicon,635.0000,42.736040
SI_01,silicon,636.0000,42.689015
SI_01,silicon,637.0000,42.643191
SI_01,silicon,638.0000,42.598527
SI_01,silicon,639.0000,42.554985
SI_01,silicon,640.0000,42.512527
SI_01,silicon,641.0000,42.471118
SI_01,silicon,642.0000,42.430724
SI_01,silicon,643.0000,42.391311
SI_01,silicon,644.0000,42.352849
SI_01,silicon,645.0000,42.315306
SI_01,silicon,646.0000,42.278654
SI_01,silicon,647.0000,42.242865
SI_01,silicon,648.0000,42.207911
SI_01,silicon,649.0000,42.173768
SI_01,silicon,650.0000,42.140411
SI_01,silicon,651.0000,42.107814
SI_01,silicon,652.0000,42.075957
SI_01,silicon,653.0000,42.044815
SI_01,silicon,654.0000,42.014369
SI_01,silicon,655.0000,41.984597
SI_01,silicon,656.0000,41.955480
SI_01,silicon,657.0000,41.926999
SI_01,silicon,658.0000,41.899135
SI_01,silicon,659.0000,41.871870
SI_01,silicon,660.0000,41.845188
SI_01,silicon,661.0000,41.819073
SI_01,silicon,662.0000,41.793507
SI_01,silicon,663.0000,41.768477
SI_01,silicon,664.0000,41.743966
SI_01,silicon,665.0000,41.719961
SI_01,silicon,666.0000,41.696449
SI_01,silicon,667.0000,41.673414
SI_01,silicon,668.0000,41.650846
SI_01,silicon,669.0000,41.628731
SI_01,silicon,670.0000,41.607057
SI_01,silicon,671.0000,41.585812
SI_01,silicon,672.0000,41.564986
SI_01,silicon,673.0000,41.544567
SI_01,silicon,674.0000,41.524545
SI_01,silicon,675.0000,41.504910
SI_01,silicon,676.0000,41.485651
SI_01,silicon,677.0000,41.466759
SI_01,silicon,678.0000,41.448226
SI_01,silicon,679.0000,41.430041
SI_01,silicon,680.0000,41.412197
SI_01,silicon,681.0000,41.394684
SI_01,silicon,682.0000,41.377495
SI_01,silicon,683.0000,41.360621
SI_01,silicon,684.0000,41.344056
SI_01,silicon,685.0000,41.327791
SI_01,silicon,686.0000,41.311819
SI_01,silicon,687.0000,41.296134
SI_01,silicon,688.0000,41.280728
SI_01,silicon,689.0000,41.265596
SI_01,silicon,690.0000,41.250729
SI_01,silicon,691.0000,41.236124
SI_01,silicon,692.0000,41.221772
SI_01,silicon,693.0000,41.207669
SI_01,silicon,694.0000,41.193808
SI_01,silicon,695.0000,41.180185
SI_01,silicon,696.0000,41.166793
SI_01,silicon,697.0000,41.153628
SI_01,silicon,698.0000,41.140684
SI_01,silicon,699.0000,41.127957
SI_01,silicon,700.0000,41.115442
SI_01,silicon,701.0000,41.103134
SI_01,silicon,702.0000,41.091028
SI_01,silicon,703.0000,41.079120
SI_01,silicon,704.0000,41.067407
SI_01,silicon,705.0000,41.055883
SI_01,silicon,706.0000,41.044544
SI_01,silicon,707.0000,41.033387
SI_01,silicon,708.0000,41.022408
SI_01,silicon,709.0000,41.011602
SI_01,silicon,710.0000,41.000968
SI_01,silicon,711.0000,40.990499
SI_01,silicon,712.0000,40.980195
SI_01,silicon,713.0000,40.970050
SI_01,silicon,714.0000,40.960061
SI_01,silicon,715.0000,40.950227
SI_01,silicon,716.0000,40.940542
SI_01,silicon,717.0000,40.931005
SI_01,silicon,718.0000,40.921612
SI_01,silicon,719.0000,40.912360
SI_01,silicon,720.0000,40.903247
SI_01,silicon,721.0000,40.894270
SI_01,silicon,722.0000,40.885426
SI_01,silicon,723.0000,40.876712
SI_01,silicon,724.0000,40.868127
SI_01,silicon,725.0000,40.859667
SI_01,silicon,726.0000,40.851329
SI_01,silicon,727.0000,40.843113
SI_01,silicon,728.0000,40.835015
SI_01,silicon,729.0000,40.827033
SI_01,silicon,730.0000,40.819165
SI_01,silicon,731.0000,40.811408
SI_01,silicon,732.0000,40.803762
SI_01,silicon,733.0000,40.796222
SI_01,silicon,734.0000,40.788789
SI_01,silicon,735.0000,40.781459
SI_01,silicon,736.0000,40.774230
SI_01,silicon,737.0000,40.767102
SI_01,silicon,738.0000,40.760071
SI_01,silicon,739.0000,40.753136
SI_01,silicon,740.0000,40.746296
SI_01,silicon,741.0000,40.739549
SI_01,silicon,742.0000,40.732893
SI_01,silicon,743.0000,40.726326
SI_01,silicon,744.0000,40.719847
SI_01,silicon,745.0000,40.713455
SI_01,silicon,746.0000,40.707147
SI_01,silicon,747.0000,40.700922
SI_01,silicon,748.0000,40.694779
SI_01,silicon,749.0000,40.688717
SI_01,silicon,750.0000,40.682734
SI_01,silicon,751.0000,40.676828
SI_01,silicon,752.0000,40.670998
SI_01,silicon,753.0000,40.665244
SI_01,silicon,754.0000,40.659563
SI_01,silicon,755.0000,40.653954
SI_01,silicon,756.0000,40.648417
SI_01,silicon,757.0000,40.642950
SI_01,silicon,758.0000,40.637552
SI_01,silicon,759.0000,40.632221
SI_01,silicon,760.0000,40.626957
SI_01,silicon,761.0000,40.621758
SI_01,silicon,762.0000,40.616624
SI_01,silicon,763.0000,40.611553
SI_01,silicon,764.0000,40.606545
SI_01,silicon,765.0000,40.601597
SI_01,silicon,766.0000,40.596710
SI_01,silicon,767.0000,40.591882
SI_01,silicon,768.0000,40.587113
SI_01,silicon,769.0000,40.582401
SI_01,silicon,770.0000,40.577745
SI_01,silicon,771.0000,40.573145
SI_01,silicon,772.0000,40.568600
SI_01,silicon,773.0000,40.564109
SI_01,silicon,774.0000,40.559670
SI_01,silicon,775.0000,40.555284
SI_01,silicon,776.0000,40.550949
SI_01,silicon,777.0000,40.546665
SI_01,silicon,778.0000,40.542430
SI_01,silicon,779.0000,40.538244
SI_01,silicon,780.0000,40.534107
SI_01,silicon,781.0000,40.530017
SI_01,silicon,782.0000,40.525974
SI_01,silicon,783.0000,40.521977
SI_01,silicon,784.0000,40.518026
SI_01,silicon,785.0000,40.514119
SI_01,silicon,786.0000,40.510256
SI_01,silicon,787.0000,40.506437
SI_01,silicon,788.0000,40.502660
SI_01,silicon,789.0000,40.498925
SI_01,silicon,790.0000,40.495232
SI_01,silicon,791.0000,40.491580
SI_01,silicon,792.0000,40.487968
SI_01,silicon,793.0000,40.484395
SI_01,silicon,794.0000,40.480862
SI_01,silicon,795.0000,40.477367
SI_01,silicon,796.0000,40.473910
SI_01,silicon,797.0000,40.470490
SI_01,silicon,798.0000,40.467108
SI_01,silicon,799.0000,40.463762
SI_01,silicon,800.0000,40.460451
SI_01,silicon,801.0000,40.457176
SI_01,silicon,802.0000,40.453936
SI_01,silicon,803.0000,40.450730
SI_01,silicon,804.0000,40.447557
SI_01,silicon,805.0000,40.444419
SI_01,silicon,806.0000,40.441313
SI_01,silicon,807.0000,40.438239
SI_01,silicon,808.0000,40.435198
SI_01,silicon,809.0000,40.432188
SI_01,silicon,810.0000,40.429209
SI_01,silicon,811.0000,40.426261
SI_01,silicon,812.0000,40.423343
SI_01,silicon,813.0000,40.420455
SI_01,silicon,814.0000,40.417597
SI_01,silicon,815.0000,40.414767
SI_01,silicon,816.0000,40.411966
SI_01,silicon,817.0000,40.409194
SI_01,silicon,818.0000,40.406449
SI_01,silicon,819.0000,40.403732
SI_01,silicon,820.0000,40.401042
SI_01,silicon,821.0000,40.398379
SI_01,silicon,822.0000,40.395742
SI_01,silicon,823.0000,40.393131
SI_01,silicon,824.0000,40.390546
SI_01,silicon,825.0000,40.387987
SI_01,silicon,826.0000,40.385452
SI_01,silicon,827.0000,40.382942
SI_01,silicon,828.0000,40.380457
SI_01,silicon,829.0000,40.377996
SI_01,silicon,830.0000,40.375559
SI_01,silicon,831.0000,40.373145
SI_01,silicon,832.0000,40.370754
SI_01,silicon,833.0000,40.368386
SI_01,silicon,834.0000,40.366041
SI_01,silicon,835.0000,40.363718
SI_01,silicon,836.0000,40.361417
SI_01,silicon,837.0000,40.359138
SI_01,silicon,838.0000,40.356881
SI_01,silicon,839.0000,40.354645
SI_01,silicon,840.0000,40.352429
SI_01,silicon,841.0000,40.350234
SI_01,silicon,842.0000,40.348060
SI_01,silicon,843.0000,40.345906
SI_01,silicon,844.0000,40.343772
SI_01,silicon,845.0000,40.341657
SI_01,silicon,846.0000,40.339562
SI_01,silicon,847.0000,40.337487
SI_01,silicon,848.0000,40.335430
SI_01,silicon,849.0000,40.333392
SI_01,silicon,850.0000,40.331372
SI_01,silicon,851.0000,40.329371
SI_01,silicon,852.0000,40.327388
SI_01,silicon,853.0000,40.325422
SI_01,silicon,854.0000,40.323475
SI_01,silicon,855.0000,40.321544
SI_01,silicon,856.0000,40.319631
SI_01,silicon,857.0000,40.317735
SI_01,silicon,858.0000,40.315856
SI_01,silicon,859.0000,40.313993
SI_01,silicon,860.0000,40.312147
SI_01,silicon,861.0000,40.310317
SI_01,silicon,862.0000,40.308503
SI_01,silicon,863.0000,40.306705
SI_01,silicon,864.0000,40.304923
SI_01,silicon,865.0000,40.303156
SI_01,silicon,866.0000,40.301405
SI_01,silicon,867.0000,40.299668
SI_01,silicon,868.0000,40.297947
SI_01,silicon,869.0000,40.296240
SI_01,silicon,870.0000,40.294548
SI_01,silicon,871.0000,40.292870
SI_01,silicon,872.0000,40.291207
SI_01,silicon,873.0000,40.289558
SI_01,silicon,874.0000,40.287923
SI_01,silicon,875.0000,40.286301
SI_01,silicon,876.0000,40.284693
SI_01,silicon,877.0000,40.283099
SI_01,silicon,878.0000,40.281518
SI_01,silicon,879.0000,40.279951
SI_01,silicon,880.0000,40.278396
SI_01,silicon,881.0000,40.276854
SI_01,silicon,882.0000,40.275325
SI_01,silicon,883.0000,40.273809
SI_01,silicon,884.0000,40.272305
SI_01,silicon,885.0000,40.270814
SI_01,silicon,886.0000,40.269334
SI_01,silicon,887.0000,40.267867
SI_01,silicon,888.0000,40.266412
SI_01,silicon,889.0000,40.264969
SI_01,silicon,890.0000,40.263537
SI_01,silicon,891.0000,40.262117
SI_01,silicon,892.0000,40.260708
SI_01,silicon,893.0000,40.259311
SI_01,silicon,894.0000,40.257925
SI_01,silicon,895.0000,40.256550
SI_01,silicon,896.0000,40.255186
SI_01,silicon,897.0000,40.253832
SI_01,silicon,898.0000,40.252490
SI_01,silicon,899.0000,40.251158
SI_01,silicon,900.0000,40.249837
SI_01,silicon,901.0000,40.248526
SI_01,silicon,902.0000,40.247225
SI_01,silicon,903.0000,40.245934
SI_01,silicon,904.0000,40.244654
SI_01,silicon,905.0000,40.243384
SI_01,silicon,906.0000,40.242123
SI_01,silicon,907.0000,40.240872
SI_01,silicon,908.0000,40.239631
SI_01,silicon,909.0000,40.238399
SI_01,silicon,910.0000,40.237177
SI_01,silicon,911.0000,40.235965
SI_01,silicon,912.0000,40.234761
SI_01,silicon,913.0000,40.233567
SI_01,silicon,914.0000,40.232382
SI_01,silicon,915.0000,40.231205
SI_01,silicon,916.0000,40.230038
SI_01,silicon,917.0000,40.228880
SI_01,silicon,918.0000,40.227730
SI_01,silicon,919.0000,40.226589
SI_01,silicon,920.0000,40.225456
SI_01,silicon,921.0000,40.224332
SI_01,silicon,922.0000,40.223216
SI_01,silicon,923.0000,40.222109
SI_01,silicon,924.0000,40.221010
SI_01,silicon,925.0000,40.219919
SI_01,silicon,926.0000,40.218836
SI_01,silicon,927.0000,40.217761
SI_01,silicon,928.0000,40.216694
SI_01,silicon,929.0000,40.215635
SI_01,silicon,930.0000,40.214583
SI_01,silicon,931.0000,40.213539
SI_01,silicon,932.0000,40.212503
SI_01,silicon,933.0000,40.211474
SI_01,silicon,934.0000,40.210453
SI_01,silicon,935.0000,40.209439
SI_01,silicon,936.0000,40.208432
SI_01,silicon,937.0000,40.207433
SI_01,silicon,938.0000,40.206441
SI_01,silicon,939.0000,40.205456
SI_01,silicon,940.0000,40.204478
SI_01,silicon,941.0000,40.203507
SI_01,silicon,942.0000,40.202543
SI_01,silicon,943.0000,40.201585
SI_01,silicon,944.0000,40.200635
SI_01,silicon,945.0000,40.199691
SI_01,silicon,946.0000,40.198754
SI_01,silicon,947.0000,40.197823
SI_01,silicon,948.0000,40.196899
SI_01,silicon,949.0000,40.195981
SI_01,silicon,950.0000,40.195070
SI_01,silicon,951.0000,40.194165
SI_01,silicon,952.0000,40.193266
SI_01,silicon,953.0000,40.192374
SI_01,silicon,954.0000,40.191488
SI_01,silicon,955.0000,40.190608
SI_01,silicon,956.0000,40.189734
SI_01,silicon,957.0000,40.188865
SI_01,silicon,958.0000,40.188003
SI_01,silicon,959.0000,40.187147
SI_01,silicon,960.0000,40.186297
SI_01,silicon,961.0000,40.185452
SI_01,silicon,962.0000,40.184613
SI_01,silicon,963.0000,40.183780
SI_01,silicon,964.0000,40.182952
SI_01,silicon,965.0000,40.182130
SI_01,silicon,966.0000,40.181314
SI_01,silicon,967.0000,40.180503
SI_01,silicon,968.0000,40.179697
SI_01,silicon,969.0000,40.178897
SI_01,silicon,970.0000,40.178102
SI_01,silicon,971.0000,40.177313
SI_01,silicon,972.0000,40.176528
SI_01,silicon,973.0000,40.175749
SI_01,silicon,974.0000,40.174975
SI_01,silicon,975.0000,40.174206
SI_01,silicon,976.0000,40.173442
SI_01,silicon,977.0000,40.172683
SI_01,silicon,978.0000,40.171930
SI_01,silicon,979.0000,40.171181
SI_01,silicon,980.0000,40.170437
SI_01,silicon,981.0000,40.169697
SI_01,silicon,982.0000,40.168963
SI_01,silicon,983.0000,40.168233
SI_01,silicon,984.0000,40.167508
SI_01,silicon,985.0000,40.166788
SI_01,silicon,986.0000,40.166072
SI_01,silicon,987.0000,40.165361
SI_01,silicon,988.0000,40.164655
SI_01,silicon,989.0000,40.163953
SI_01,silicon,990.0000,40.163256
SI_01,silicon,991.0000,40.162562
SI_01,silicon,992.0000,40.161874
SI_01,silicon,993.0000,40.161190
SI_01,silicon,994.0000,40.160510
SI_01,silicon,995.0000,40.159834
SI_01,silicon,996.0000,40.159163
SI_01,silicon,997.0000,40.158495
SI_01,silicon,998.0000,40.157832
SI_01,silicon,999.0000,40.157174
SI_01,silicon,1000.0000,40.156519
SI_01,silicon,1001.0000,40.155868
SI_01,silicon,1002.0000,40.155222
SI_01,silicon,1003.0000,40.154579
SI_01,silicon,1004.0000,40.153940
SI_01,silicon,1005.0000,40.153306
SI_01,silicon,1006.0000,40.152675
SI_01,silicon,1007.0000,40.152048
SI_01,silicon,1008.0000,40.151425
SI_01,silicon,1009.0000,40.150806
SI_01,silicon,1010.0000,40.150191
SI_01,silicon,1011.0000,40.149579
SI_01,silicon,1012.0000,40.148971
SI_01,silicon,1013.0000,40.148367
SI_01,silicon,1014.0000,40.147767
SI_01,silicon,1015.0000,40.147170
SI_01,silicon,1016.0000,40.146576
SI_01,silicon,1017.0000,40.145987
SI_01,silicon,1018.0000,40.145400
SI_01,silicon,1019.0000,40.144818
SI_01,silicon,1020.0000,40.144239
SI_01,silicon,1021.0000,40.143663
SI_01,silicon,1022.0000,40.143091
SI_01,silicon,1023.0000,40.142522
SI_01,silicon,1024.0000,40.141957
SI_01,silicon,1025.0000,40.141395
SI_01,silicon,1026.0000,40.140836
SI_01,silicon,1027.0000,40.140280
SI_01,silicon,1028.0000,40.139728
SI_01,silicon,1029.0000,40.139179
SI_01,silicon,1030.0000,40.138634
SI_01,silicon,1031.0000,40.138091
SI_01,silicon,1032.0000,40.137552
SI_01,silicon,1033.0000,40.137016
SI_01,silicon,1034.0000,40.136483
SI_01,silicon,1035.0000,40.135953
SI_01,silicon,1036.0000,40.135426
SI_01,silicon,1037.0000,40.134902
SI_01,silicon,1038.0000,40.134382
SI_01,silicon,1039.0000,40.133864
SI_01,silicon,1040.0000,40.133349
SI_01,silicon,1041.0000,40.132837
SI_01,silicon,1042.0000,40.132328
SI_01,silicon,1043.0000,40.131822
SI_01,silicon,1044.0000,40.131319
SI_01,silicon,1045.0000,40.130819
SI_01,silicon,1046.0000,40.130322
SI_01,silicon,1047.0000,40.129828
SI_01,silicon,1048.0000,40.129336
SI_01,silicon,1049.0000,40.128847
SI_01,silicon,1050.0000,40.128361
SI_01,silicon,1051.0000,40.127878
SI_01,silicon,1052.0000,40.127397
SI_01,silicon,1053.0000,40.126919
SI_01,silicon,1054.0000,40.126444
SI_01,silicon,1055.0000,40.125971
SI_01,silicon,1056.0000,40.125501
SI_01,silicon,1057.0000,40.125034
SI_01,silicon,1058.0000,40.124569
SI_01,silicon,1059.0000,40.124107
SI_01,silicon,1060.0000,40.123648
SI_01,silicon,1061.0000,40.123191
SI_01,silicon,1062.0000,40.122736
SI_01,silicon,1063.0000,40.122284
SI_01,silicon,1064.0000,40.121835
SI_01,silicon,1065.0000,40.121388
SI_01,silicon,1066.0000,40.120943
SI_01,silicon,1067.0000,40.120501
SI_01,silicon,1068.0000,40.120061
SI_01,silicon,1069.0000,40.119624
SI_01,silicon,1070.0000,40.119189
SI_01,silicon,1071.0000,40.118756
SI_01,silicon,1072.0000,40.118326
SI_01,silicon,1073.0000,40.117898
SI_01,silicon,1074.0000,40.117473
SI_01,silicon,1075.0000,40.117050
SI_01,silicon,1076.0000,40.116629
SI_01,silicon,1077.0000,40.116210
SI_01,silicon,1078.0000,40.115794
SI_01,silicon,1079.0000,40.115379
SI_01,silicon,1080.0000,40.114967
SI_01,silicon,1081.0000,40.114558
SI_01,silicon,1082.0000,40.114150
SI_01,silicon,1083.0000,40.113745
SI_01,silicon,1084.0000,40.113341
SI_01,silicon,1085.0000,40.112940
SI_01,silicon,1086.0000,40.112541
SI_01,silicon,1087.0000,40.112144
SI_01,silicon,1088.0000,40.111750
SI_01,silicon,1089.0000,40.111357
SI_01,silicon,1090.0000,40.110966
SI_01,silicon,1091.0000,40.110578
SI_01,silicon,1092.0000,40.110191
SI_01,silicon,1093.0000,40.109806
SI_01,silicon,1094.0000,40.109424
SI_01,silicon,1095.0000,40.109043
SI_01,silicon,1096.0000,40.108665
SI_01,silicon,1097.0000,40.108288
SI_01,silicon,1098.0000,40.107914
SI_01,silicon,1099.0000,40.107541
SI_01,silicon,1100.0000,40.107170
SI_01,silicon,1101.0000,40.106801
SI_01,silicon,1102.0000,40.106434
SI_01,silicon,1103.0000,40.106069
SI_01,silicon,1104.0000,40.105706
SI_01,silicon,1105.0000,40.105345
SI_01,silicon,1106.0000,40.104985
SI_01,silicon,1107.0000,40.104628
SI_01,silicon,1108.0000,40.104272
SI_01,silicon,1109.0000,40.103918
SI_01,silicon,1110.0000,40.103566
SI_01,silicon,1111.0000,40.103215
SI_01,silicon,1112.0000,40.102867
SI_01,silicon,1113.0000,40.102520
SI_01,silicon,1114.0000,40.102175
SI_01,silicon,1115.0000,40.101831
SI_01,silicon,1116.0000,40.101490
SI_01,silicon,1117.0000,40.101150
SI_01,silicon,1118.0000,40.100812
SI_01,silicon,1119.0000,40.100475
SI_01,silicon,1120.0000,40.100140
SI_01,silicon,1121.0000,40.099807
SI_01,silicon,1122.0000,40.099475
SI_01,silicon,1123.0000,40.099146
SI_01,silicon,1124.0000,40.098817
SI_01,silicon,1125.0000,40.098491
SI_01,silicon,1126.0000,40.098166
SI_01,silicon,1127.0000,40.097842
SI_01,silicon,1128.0000,40.097521
SI_01,silicon,1129.0000,40.097200
SI_01,silicon,1130.0000,40.096882
SI_01,silicon,1131.0000,40.096565
SI_01,silicon,1132.0000,40.096249
SI_01,silicon,1133.0000,40.095935
SI_01,silicon,1134.0000,40.095623
SI_01,silicon,1135.0000,40.095312
SI_01,silicon,1136.0000,40.095002
SI_01,silicon,1137.0000,40.094695
SI_01,silicon,1138.0000,40.094388
SI_01,silicon,1139.0000,40.094083
SI_01,silicon,1140.0000,40.093780
SI_01,silicon,1141.0000,40.093478
SI_01,silicon,1142.0000,40.093177
SI_01,silicon,1143.0000,40.092878
SI_01,silicon,1144.0000,40.092581
SI_01,silicon,1145.0000,40.092284
SI_01,silicon,1146.0000,40.091990
SI_01,silicon,1147.0000,40.091696
SI_01,silicon,1148.0000,40.091404
SI_01,silicon,1149.0000,40.091114
SI_01,silicon,1150.0000,40.090824
SI_01,silicon,1151.0000,40.090537
SI_01,silicon,1152.0000,40.090250
SI_01,silicon,1153.0000,40.089965
SI_01,silicon,1154.0000,40.089681
SI_01,silicon,1155.0000,40.089399
SI_01,silicon,1156.0000,40.089118
SI_01,silicon,1157.0000,40.088838
SI_01,silicon,1158.0000,40.088560
SI_01,silicon,1159.0000,40.088282
SI_01,silicon,1160.0000,40.088007
SI_01,silicon,1161.0000,40.087732
SI_01,silicon,1162.0000,40.087459
SI_01,silicon,1163.0000,40.087187
SI_01,silicon,1164.0000,40.086916
SI_01,silicon,1165.0000,40.086647
SI_01,silicon,1166.0000,40.086378
SI_01,silicon,1167.0000,40.086111
SI_01,silicon,1168.0000,40.085846
SI_01,silicon,1169.0000,40.085581
SI_01,silicon,1170.0000,40.085318
SI_01,silicon,1171.0000,40.085056
SI_01,silicon,1172.0000,40.084795
SI_01,silicon,1173.0000,40.084535
SI_01,silicon,1174.0000,40.084277
SI_01,silicon,1175.0000,40.084020
SI_01,silicon,1176.0000,40.083763
SI_01,silicon,1177.0000,40.083508
SI_01,silicon,1178.0000,40.083255
SI_01,silicon,1179.0000,40.083002
SI_01,silicon,1180.0000,40.082751
SI_01,silicon,1181.0000,40.082500
SI_01,silicon,1182.0000,40.082251
SI_01,silicon,1183.0000,40.082003
SI_01,silicon,1184.0000,40.081756
SI_01,silicon,1185.0000,40.081510
SI_01,silicon,1186.0000,40.081265
SI_01,silicon,1187.0000,40.081022
SI_01,silicon,1188.0000,40.080779
SI_01,silicon,1189.0000,40.080538
SI_01,silicon,1190.0000,40.080297
SI_01,silicon,1191.0000,40.080058
SI_01,silicon,1192.0000,40.079820
SI_01,silicon,1193.0000,40.079583
SI_01,silicon,1194.0000,40.079347
SI_01,silicon,1195.0000,40.079112
SI_01,silicon,1196.0000,40.078878
SI_01,silicon,1197.0000,40.078645
SI_01,silicon,1198.0000,40.078413
SI_01,silicon,1199.0000,40.078182
SI_01,silicon,1200.0000,40.077952
SI_01,silicon,1201.0000,40.077723
SI_01,silicon,1202.0000,40.077495
SI_01,silicon,1203.0000,40.077268
SI_01,silicon,1204.0000,40.077042
SI_01,silicon,1205.0000,40.076817
SI_01,silicon,1206.0000,40.076593
SI_01,silicon,1207.0000,40.076370
SI_01,silicon,1208.0000,40.076148
SI_01,silicon,1209.0000,40.075927
SI_01,silicon,1210.0000,40.075707
SI_01,silicon,1211.0000,40.075488
SI_01,silicon,1212.0000,40.075270
SI_01,silicon,1213.0000,40.075053
SI_01,silicon,1214.0000,40.074837
SI_01,silicon,1215.0000,40.074621
SI_01,silicon,1216.0000,40.074407
SI_01,silicon,1217.0000,40.074193
SI_01,silicon,1218.0000,40.073981
SI_01,silicon,1219.0000,40.073769
SI_01,silicon,1220.0000,40.073559
SI_01,silicon,1221.0000,40.073349
SI_01,silicon,1222.0000,40.073140
SI_01,silicon,1223.0000,40.072932
SI_01,silicon,1224.0000,40.072725
SI_01,silicon,1225.0000,40.072518
SI_01,silicon,1226.0000,40.072313
SI_01,silicon,1227.0000,40.072108
SI_01,silicon,1228.0000,40.071905
SI_01,silicon,1229.0000,40.071702
SI_01,silicon,1230.0000,40.071500
SI_01,silicon,1231.0000,40.071299
SI_01,silicon,1232.0000,40.071099
SI_01,silicon,1233.0000,40.070899
SI_01,silicon,1234.0000,40.070701
SI_01,silicon,1235.0000,40.070503
SI_01,silicon,1236.0000,40.070306
SI_01,silicon,1237.0000,40.070110
SI_01,silicon,1238.0000,40.069915
SI_01,silicon,1239.0000,40.069720
SI_01,silicon,1240.0000,40.069526
SI_01,silicon,1241.0000,40.069334
SI_01,silicon,1242.0000,40.069142
SI_01,silicon,1243.0000,40.068950
SI_01,silicon,1244.0000,40.068760
SI_01,silicon,1245.0000,40.068570
SI_01,silicon,1246.0000,40.068381
SI_01,silicon,1247.0000,40.068193
SI_01,silicon,1248.0000,40.068006
SI_01,silicon,1249.0000,40.067819
SI_01,silicon,1250.0000,40.067634
SI_01,silicon,1251.0000,40.067449
SI_01,silicon,1252.0000,40.067264
SI_01,silicon,1253.0000,40.067081
SI_01,silicon,1254.0000,40.066898
SI_01,silicon,1255.0000,40.066716
SI_01,silicon,1256.0000,40.066535
SI_01,silicon,1257.0000,40.066354
SI_01,silicon,1258.0000,40.066175
SI_01,silicon,1259.0000,40.065995
SI_01,silicon,1260.0000,40.065817
SI_01,silicon,1261.0000,40.065639
SI_01,silicon,1262.0000,40.065463
SI_01,silicon,1263.0000,40.065286
SI_01,silicon,1264.0000,40.065111
SI_01,silicon,1265.0000,40.064936
SI_01,silicon,1266.0000,40.064762
SI_01,silicon,1267.0000,40.064589
SI_01,silicon,1268.0000,40.064416
SI_01,silicon,1269.0000,40.064244
SI_01,silicon,1270.0000,40.064073
SI_01,silicon,1271.0000,40.063902
SI_01,silicon,1272.0000,40.063732
SI_01,silicon,1273.0000,40.063563
SI_01,silicon,1274.0000,40.063394
SI_01,silicon,1275.0000,40.063226
SI_01,silicon,1276.0000,40.063059
SI_01,silicon,1277.0000,40.062893
SI_01,silicon,1278.0000,40.062727
SI_01,silicon,1279.0000,40.062561
SI_01,silicon,1280.0000,40.062397
SI_01,silicon,1281.0000,40.062233
SI_01,silicon,1282.0000,40.062070
SI_01,silicon,1283.0000,40.061907
SI_01,silicon,1284.0000,40.061745
SI_01,silicon,1285.0000,40.061583
SI_01,silicon,1286.0000,40.061423
SI_01,silicon,1287.0000,40.061263
SI_01,silicon,1288.0000,40.061103
SI_01,silicon,1289.0000,40.060944
SI_01,silicon,1290.0000,40.060786
SI_01,silicon,1291.0000,40.060628
SI_01,silicon,1292.0000,40.060471
SI_01,silicon,1293.0000,40.060315
SI_01,silicon,1294.0000,40.060159
SI_01,silicon,1295.0000,40.060004
SI_01,silicon,1296.0000,40.059849
SI_01,silicon,1297.0000,40.059695
SI_01,silicon,1298.0000,40.059542
SI_01,silicon,1299.0000,40.059389
SI_01,silicon,1300.0000,40.059236
SI_01,silicon,1301.0000,40.059085
SI_01,silicon,1302.0000,40.058934
SI_01,silicon,1303.0000,40.058783
SI_01,silicon,1304.0000,40.058633
SI_01,silicon,1305.0000,40.058484
SI_01,silicon,1306.0000,40.058335
SI_01,silicon,1307.0000,40.058187
SI_01,silicon,1308.0000,40.058039
SI_01,silicon,1309.0000,40.057892
SI_01,silicon,1310.0000,40.057745
SI_01,silicon,1311.0000,40.057600
SI_01,silicon,1312.0000,40.057454
SI_01,silicon,1313.0000,40.057309
SI_01,silicon,1314.0000,40.057165
SI_01,silicon,1315.0000,40.057021
SI_01,silicon,1316.0000,40.056878
SI_01,silicon,1317.0000,40.056735
SI_01,silicon,1318.0000,40.056593
SI_01,silicon,1319.0000,40.056451
SI_01,silicon,1320.0000,40.056310
SI_01,silicon,1321.0000,40.056170
SI_01,silicon,1322.0000,40.056030
SI_01,silicon,1323.0000,40.055890
SI_01,silicon,1324.0000,40.055751
SI_01,silicon,1325.0000,40.055612
SI_01,silicon,1326.0000,40.055475
SI_01,silicon,1327.0000,40.055337
SI_01,silicon,1328.0000,40.055200
SI_01,silicon,1329.0000,40.055064
SI_01,silicon,1330.0000,40.054928
SI_01,silicon,1331.0000,40.054792
SI_01,silicon,1332.0000,40.054657
SI_01,silicon,1333.0000,40.054523
SI_01,silicon,1334.0000,40.054389
SI_01,silicon,1335.0000,40.054255
SI_01,silicon,1336.0000,40.054122
SI_01,silicon,1337.0000,40.053990
SI_01,silicon,1338.0000,40.053858
SI_01,silicon,1339.0000,40.053727
SI_01,silicon,1340.0000,40.053595
SI_01,silicon,1341.0000,40.053465
SI_01,silicon,1342.0000,40.053335
SI_01,silicon,1343.0000,40.053205
SI_01,silicon,1344.0000,40.053076
SI_01,silicon,1345.0000,40.052948
SI_01,silicon,1346.0000,40.052819
SI_01,silicon,1347.0000,40.052692
SI_01,silicon,1348.0000,40.052564
SI_01,silicon,1349.0000,40.052438
SI_01,silicon,1350.0000,40.052311
SI_01,silicon,1351.0000,40.052185
SI_01,silicon,1352.0000,40.052060
SI_01,silicon,1353.0000,40.051935
SI_01,silicon,1354.0000,40.051810
SI_01,silicon,1355.0000,40.051686
SI_01,silicon,1356.0000,40.051563
SI_01,silicon,1357.0000,40.051439
SI_01,silicon,1358.0000,40.051317
SI_01,silicon,1359.0000,40.051194
SI_01,silicon,1360.0000,40.051073
SI_01,silicon,1361.0000,40.050951
SI_01,silicon,1362.0000,40.050830
SI_01,silicon,1363.0000,40.050709
SI_01,silicon,1364.0000,40.050589
SI_01,silicon,1365.0000,40.050470
SI_01,silicon,1366.0000,40.050350
SI_01,silicon,1367.0000,40.050231
SI_01,silicon,1368.0000,40.050113
SI_01,silicon,1369.0000,40.049995
SI_01,silicon,1370.0000,40.049877
SI_01,silicon,1371.0000,40.049760
SI_01,silicon,1372.0000,40.049643
SI_01,silicon,1373.0000,40.049527
SI_01,silicon,1374.0000,40.049411
SI_01,silicon,1375.0000,40.049295
SI_01,silicon,1376.0000,40.049180
SI_01,silicon,1377.0000,40.049065
SI_01,silicon,1378.0000,40.048951
SI_01,silicon,1379.0000,40.048837
SI_01,silicon,1380.0000,40.048724
SI_01,silicon,1381.0000,40.048610
SI_01,silicon,1382.0000,40.048498
SI_01,silicon,1383.0000,40.048385
SI_01,silicon,1384.0000,40.048273
SI_01,silicon,1385.0000,40.048162
SI_01,silicon,1386.0000,40.048050
SI_01,silicon,1387.0000,40.047940
SI_01,silicon,1388.0000,40.047829
SI_01,silicon,1389.0000,40.047719
SI_01,silicon,1390.0000,40.047609
SI_01,silicon,1391.0000,40.047500
SI_01,silicon,1392.0000,40.047391
SI_01,silicon,1393.0000,40.047283
SI_01,silicon,1394.0000,40.047174
SI_01,silicon,1395.0000,40.047067
SI_01,silicon,1396.0000,40.046959
SI_01,silicon,1397.0000,40.046852
SI_01,silicon,1398.0000,40.046745
SI_01,silicon,1399.0000,40.046639
SI_01,silicon,1400.0000,40.046533
SI_01,silicon,1401.0000,40.046427
SI_01,silicon,1402.0000,40.046322
SI_01,silicon,1403.0000,40.046217
SI_01,silicon,1404.0000,40.046113
SI_01,silicon,1405.0000,40.046008
SI_01,silicon,1406.0000,40.045905
SI_01,silicon,1407.0000,40.045801
SI_01,silicon,1408.0000,40.045698
SI_01,silicon,1409.0000,40.045595
SI_01,silicon,1410.0000,40.045493
SI_01,silicon,1411.0000,40.045391
SI_01,silicon,1412.0000,40.045289
SI_01,silicon,1413.0000,40.045187
SI_01,silicon,1414.0000,40.045086
SI_01,silicon,1415.0000,40.044986
SI_01,silicon,1416.0000,40.044885
SI_01,silicon,1417.0000,40.044785
SI_01,silicon,1418.0000,40.044685
SI_01,silicon,1419.0000,40.044586
SI_01,silicon,1420.0000,40.044487
SI_01,silicon,1421.0000,40.044388
SI_01,silicon,1422.0000,40.044290
SI_01,silicon,1423.0000,40.044192
SI_01,silicon,1424.0000,40.044094
SI_01,silicon,1425.0000,40.043997
SI_01,silicon,1426.0000,40.043899
SI_01,silicon,1427.0000,40.043803
SI_01,silicon,1428.0000,40.043706
SI_01,silicon,1429.0000,40.043610
SI_01,silicon,1430.0000,40.043514
SI_01,silicon,1431.0000,40.043419
SI_01,silicon,1432.0000,40.043323
SI_01,silicon,1433.0000,40.043229
SI_01,silicon,1434.0000,40.043134
SI_01,silicon,1435.0000,40.043040
SI_01,silicon,1436.0000,40.042946
SI_01,silicon,1437.0000,40.042852
SI_01,silicon,1438.0000,40.042759
SI_01,silicon,1439.0000,40.042666
SI_01,silicon,1440.0000,40.042573
SI_01,silicon,1441.0000,40.042480
SI_01,silicon,1442.0000,40.042388
SI_01,silicon,1443.0000,40.042296
SI_01,silicon,1444.0000,40.042205
SI_01,silicon,1445.0000,40.042114
SI_01,silicon,1446.0000,40.042023
SI_01,silicon,1447.0000,40.041932
SI_01,silicon,1448.0000,40.041842
SI_01,silicon,1449.0000,40.041752
SI_01,silicon,1450.0000,40.041662
SI_01,silicon,1451.0000,40.041572
SI_01,silicon,1452.0000,40.041483
SI_01,silicon,1453.0000,40.041394
SI_01,silicon,1454.0000,40.041306
SI_01,silicon,1455.0000,40.041217
SI_01,silicon,1456.0000,40.041129
SI_01,silicon,1457.0000,40.041041
SI_01,silicon,1458.0000,40.040954
SI_01,silicon,1459.0000,40.040867
SI_01,silicon,1460.0000,40.040780
SI_01,silicon,1461.0000,40.040693
SI_01,silicon,1462.0000,40.040607
SI_01,silicon,1463.0000,40.040521
SI_01,silicon,1464.0000,40.040435
SI_01,silicon,1465.0000,40.040349
SI_01,silicon,1466.0000,40.040264
SI_01,silicon,1467.0000,40.040179
SI_01,silicon,1468.0000,40.040094
SI_01,silicon,1469.0000,40.040010
SI_01,silicon,1470.0000,40.039925
SI_01,silicon,1471.0000,40.039841
SI_01,silicon,1472.0000,40.039758
SI_01,silicon,1473.0000,40.039674
SI_01,silicon,1474.0000,40.039591
SI_01,silicon,1475.0000,40.039508
SI_01,silicon,1476.0000,40.039426
SI_01,silicon,1477.0000,40.039343
SI_01,silicon,1478.0000,40.039261
SI_01,silicon,1479.0000,40.039179
SI_01,silicon,1480.0000,40.039098
SI_01,silicon,1481.0000,40.039016
SI_01,silicon,1482.0000,40.038935
SI_01,silicon,1483.0000,40.038854
SI_01,silicon,1484.0000,40.038774
SI_01,silicon,1485.0000,40.038693
SI_01,silicon,1486.0000,40.038613
SI_01,silicon,1487.0000,40.038533
SI_01,silicon,1488.0000,40.038454
SI_01,silicon,1489.0000,40.038374
SI_01,silicon,1490.0000,40.038295
SI_01,silicon,1491.0000,40.038216
SI_01,silicon,1492.0000,40.038138
SI_01,silicon,1493.0000,40.038059
SI_01,silicon,1494.0000,40.037981
SI_01,silicon,1495.0000,40.037903
SI_01,silicon,1496.0000,40.037826
SI_01,silicon,1497.0000,40.037748
SI_01,silicon,1498.0000,40.037671
SI_01,silicon,1499.0000,40.037594
SI_01,silicon,1500.0000,40.037517
SI_01,silicon,1501.0000,40.037441
SI_01,silicon,1502.0000,40.037365
SI_01,silicon,1503.0000,40.037289
SI_01,silicon,1504.0000,40.037213
SI_01,silicon,1505.0000,40.037137
SI_01,silicon,1506.0000,40.037062
SI_01,silicon,1507.0000,40.036987
SI_01,silicon,1508.0000,40.036912
SI_01,silicon,1509.0000,40.036837
SI_01,silicon,1510.0000,40.036763
SI_01,silicon,1511.0000,40.036689
SI_01,silicon,1512.0000,40.036615
SI_01,silicon,1513.0000,40.036541
SI_01,silicon,1514.0000,40.036468
SI_01,silicon,1515.0000,40.036394
SI_01,silicon,1516.0000,40.036321
SI_01,silicon,1517.0000,40.036248
SI_01,silicon,1518.0000,40.036176
SI_01,silicon,1519.0000,40.036103
SI_01,silicon,1520.0000,40.036031
SI_01,silicon,1521.0000,40.035959
SI_01,silicon,1522.0000,40.035887
SI_01,silicon,1523.0000,40.035816
SI_01,silicon,1524.0000,40.035744
SI_01,silicon,1525.0000,40.035673
SI_01,silicon,1526.0000,40.035602
SI_01,silicon,1527.0000,40.035532
SI_01,silicon,1528.0000,40.035461
SI_01,silicon,1529.0000,40.035391
SI_01,silicon,1530.0000,40.035321
SI_01,silicon,1531.0000,40.035251
SI_01,silicon,1532.0000,40.035181
SI_01,silicon,1533.0000,40.035112
SI_01,silicon,1534.0000,40.035043
SI_01,silicon,1535.0000,40.034974
SI_01,silicon,1536.0000,40.034905
SI_01,silicon,1537.0000,40.034836
SI_01,silicon,1538.0000,40.034768
SI_01,silicon,1539.0000,40.034699
SI_01,silicon,1540.0000,40.034631
SI_01,silicon,1541.0000,40.034564
SI_01,silicon,1542.0000,40.034496
SI_01,silicon,1543.0000,40.034429
SI_01,silicon,1544.0000,40.034361
SI_01,silicon,1545.0000,40.034294
SI_01,silicon,1546.0000,40.034227
SI_01,silicon,1547.0000,40.034161
SI_01,silicon,1548.0000,40.034094
SI_01,silicon,1549.0000,40.034028
SI_01,silicon,1550.0000,40.033962
SI_01,silicon,1551.0000,40.033896
SI_01,silicon,1552.0000,40.033830
SI_01,silicon,1553.0000,40.033765
SI_01,silicon,1554.0000,40.033700
SI_01,silicon,1555.0000,40.033634
SI_01,silicon,1556.0000,40.033570
SI_01,silicon,1557.0000,40.033505
SI_01,silicon,1558.0000,40.033440
SI_01,silicon,1559.0000,40.033376
SI_01,silicon,1560.0000,40.033312
SI_01,silicon,1561.0000,40.033248
SI_01,silicon,1562.0000,40.033184
SI_01,silicon,1563.0000,40.033120
SI_01,silicon,1564.0000,40.033057
SI_01,silicon,1565.0000,40.032994
SI_01,silicon,1566.0000,40.032931
SI_01,silicon,1567.0000,40.032868
SI_01,silicon,1568.0000,40.032805
SI_01,silicon,1569.0000,40.032742
SI_01,silicon,1570.0000,40.032680
SI_01,silicon,1571.0000,40.032618
SI_01,silicon,1572.0000,40.032556
SI_01,silicon,1573.0000,40.032494
SI_01,silicon,1574.0000,40.032432
SI_01,silicon,1575.0000,40.032371
SI_01,silicon,1576.0000,40.032310
SI_01,silicon,1577.0000,40.032248
SI_01,silicon,1578.0000,40.032187
SI_01,silicon,1579.0000,40.032127
SI_01,silicon,1580.0000,40.032066
SI_01,silicon,1581.0000,40.032006
SI_01,silicon,1582.0000,40.031945
SI_01,silicon,1583.0000,40.031885
SI_01,silicon,1584.0000,40.031825
SI_01,silicon,1585.0000,40.031766
SI_01,silicon,1586.0000,40.031706
SI_01,silicon,1587.0000,40.031647
SI_01,silicon,1588.0000,40.031587
SI_01,silicon,1589.0000,40.031528
SI_01,silicon,1590.0000,40.031469
SI_01,silicon,1591.0000,40.031411
SI_01,silicon,1592.0000,40.031352
SI_01,silicon,1593.0000,40.031293
SI_01,silicon,1594.0000,40.031235
SI_01,silicon,1595.0000,40.031177
SI_01,silicon,1596.0000,40.031119
SI_01,silicon,1597.0000,40.031061
SI_01,silicon,1598.0000,40.031004
SI_01,silicon,1599.0000,40.030946
SI_01,silicon,1600.0000,40.030889
SI_01,silicon,1601.0000,40.030832
SI_01,silicon,1602.0000,40.030775
SI_01,silicon,1603.0000,40.030718
SI_01,silicon,1604.0000,40.030661
SI_01,silicon,1605.0000,40.030605
SI_01,silicon,1606.0000,40.030548
SI_01,silicon,1607.0000,40.030492
SI_01,silicon,1608.0000,40.030436
SI_01,silicon,1609.0000,40.030380
SI_01,silicon,1610.0000,40.030325
SI_01,silicon,1611.0000,40.030269
SI_01,silicon,1612.0000,40.030214
SI_01,silicon,1613.0000,40.030158
SI_01,silicon,1614.0000,40.030103
SI_01,silicon,1615.0000,40.030048
SI_01,silicon,1616.0000,40.029993
SI_01,silicon,1617.0000,40.029939
SI_01,silicon,1618.0000,40.029884
SI_01,silicon,1619.0000,40.029830
SI_01,silicon,1620.0000,40.029776
SI_01,silicon,1621.0000,40.029721
SI_01,silicon,1622.0000,40.029668
SI_01,silicon,1623.0000,40.029614
SI_01,silicon,1624.0000,40.029560
SI_01,silicon,1625.0000,40.029507
SI_01,silicon,1626.0000,40.029453
SI_01,silicon,1627.0000,40.029400
SI_01,silicon,1628.0000,40.029347
SI_01,silicon,1629.0000,40.029294
SI_01,silicon,1630.0000,40.029241
SI_01,silicon,1631.0000,40.029189
SI_01,silicon,1632.0000,40.029136
SI_01,silicon,1633.0000,40.029084
SI_01,silicon,1634.0000,40.029032
SI_01,silicon,1635.0000,40.028979
SI_01,silicon,1636.0000,40.028928
SI_01,silicon,1637.0000,40.028876
SI_01,silicon,1638.0000,40.028824
SI_01,silicon,1639.0000,40.028773
SI_01,silicon,1640.0000,40.028721
SI_01,silicon,1641.0000,40.028670
SI_01,silicon,1642.0000,40.028619
SI_01,silicon,1643.0000,40.028568
SI_01,silicon,1644.0000,40.028517
SI_01,silicon,1645.0000,40.028466
SI_01,silicon,1646.0000,40.028416
SI_01,silicon,1647.0000,40.028365
SI_01,silicon,1648.0000,40.028315
SI_01,silicon,1649.0000,40.028265
SI_01,silicon,1650.0000,40.028215
SI_01,silicon,1651.0000,40.028165
SI_01,silicon,1652.0000,40.028115
SI_01,silicon,1653.0000,40.028066
SI_01,silicon,1654.0000,40.028016
SI_01,silicon,1655.0000,40.027967
SI_01,silicon,1656.0000,40.027918
SI_01,silicon,1657.0000,40.027868
SI_01,silicon,1658.0000,40.027820
SI_01,silicon,1659.0000,40.027771
SI_01,silicon,1660.0000,40.027722
SI_01,silicon,1661.0000,40.027673
SI_01,silicon,1662.0000,40.027625
SI_01,silicon,1663.0000,40.027577
SI_01,silicon,1664.0000,40.027528
SI_01,silicon,1665.0000,40.027480
SI_01,silicon,1666.0000,40.027432
SI_01,silicon,1667.0000,40.027384
SI_01,silicon,1668.0000,40.027337
SI_01,silicon,1669.0000,40.027289
SI_01,silicon,1670.0000,40.027242
SI_01,silicon,1671.0000,40.027194
SI_01,silicon,1672.0000,40.027147
SI_01,silicon,1673.0000,40.027100
SI_01,silicon,1674.0000,40.027053
SI_01,silicon,1675.0000,40.027006
SI_01,silicon,1676.0000,40.026960
SI_01,silicon,1677.0000,40.026913
SI_01,silicon,1678.0000,40.026867
SI_01,silicon,1679.0000,40.026820
SI_01,silicon,1680.0000,40.026774
SI_01,silicon,1681.0000,40.026728
SI_01,silicon,1682.0000,40.026682
SI_01,silicon,1683.0000,40.026636
SI_01,silicon,1684.0000,40.026590
SI_01,silicon,1685.0000,40.026545
SI_01,silicon,1686.0000,40.026499
SI_01,silicon,1687.0000,40.026454
SI_01,silicon,1688.0000,40.026408
SI_01,silicon,1689.0000,40.026363
SI_01,silicon,1690.0000,40.026318
SI_01,silicon,1691.0000,40.026273
SI_01,silicon,1692.0000,40.026228
SI_01,silicon,1693.0000,40.026184
SI_01,silicon,1694.0000,40.026139
SI_01,silicon,1695.0000,40.026094
SI_01,silicon,1696.0000,40.026050
SI_01,silicon,1697.0000,40.026006
SI_01,silicon,1698.0000,40.025962
SI_01,silicon,1699.0000,40.025918
SI_01,silicon,1700.0000,40.025874
SI_01,silicon,1701.0000,40.025830
SI_01,silicon,1702.0000,40.025786
SI_01,silicon,1703.0000,40.025743
SI_01,silicon,1704.0000,40.025699
SI_01,silicon,1705.0000,40.025656
SI_01,silicon,1706.0000,40.025612
SI_01,silicon,1707.0000,40.025569
SI_01,silicon,1708.0000,40.025526
SI_01,silicon,1709.0000,40.025483
SI_01,silicon,1710.0000,40.025441
SI_01,silicon,1711.0000,40.025398
SI_01,silicon,1712.0000,40.025355
SI_01,silicon,1713.0000,40.025313
SI_01,silicon,1714.0000,40.025270
SI_01,silicon,1715.0000,40.025228
SI_01,silicon,1716.0000,40.025186
SI_01,silicon,1717.0000,40.025144
SI_01,silicon,1718.0000,40.025102
SI_01,silicon,1719.0000,40.025060
SI_01,silicon,1720.0000,40.025018
SI_01,silicon,1721.0000,40.024976
SI_01,silicon,1722.0000,40.024935
SI_01,silicon,1723.0000,40.024893
SI_01,silicon,1724.0000,40.024852
SI_01,silicon,1725.0000,40.024811
SI_01,silicon,1726.0000,40.024770
SI_01,silicon,1727.0000,40.024729
SI_01,silicon,1728.0000,40.024688
SI_01,silicon,1729.0000,40.024647
SI_01,silicon,1730.0000,40.024606
SI_01,silicon,1731.0000,40.024566
SI_01,silicon,1732.0000,40.024525
SI_01,silicon,1733.0000,40.024485
SI_01,silicon,1734.0000,40.024444
SI_01,silicon,1735.0000,40.024404
SI_01,silicon,1736.0000,40.024364
SI_01,silicon,1737.0000,40.024324
SI_01,silicon,1738.0000,40.024284
SI_01,silicon,1739.0000,40.024244
SI_01,silicon,1740.0000,40.024204
SI_01,silicon,1741.0000,40.024165
SI_01,silicon,1742.0000,40.024125
SI_01,silicon,1743.0000,40.024086
SI_01,silicon,1744.0000,40.024046
SI_01,silicon,1745.0000,40.024007
SI_01,silicon,1746.0000,40.023968
SI_01,silicon,1747.0000,40.023929
SI_01,silicon,1748.0000,40.023890
SI_01,silicon,1749.0000,40.023851
SI_01,silicon,1750.0000,40.023812
SI_01,silicon,1751.0000,40.023774
SI_01,silicon,1752.0000,40.023735
SI_01,silicon,1753.0000,40.023696
SI_01,silicon,1754.0000,40.023658
SI_01,silicon,1755.0000,40.023620
SI_01,silicon,1756.0000,40.023582
SI_01,silicon,1757.0000,40.023543
SI_01,silicon,1758.0000,40.023505
SI_01,silicon,1759.0000,40.023467
SI_01,silicon,1760.0000,40.023430
SI_01,silicon,1761.0000,40.023392
SI_01,silicon,1762.0000,40.023354
SI_01,silicon,1763.0000,40.023317
SI_01,silicon,1764.0000,40.023279
SI_01,silicon,1765.0000,40.023242
SI_01,silicon,1766.0000,40.023204
SI_01,silicon,1767.0000,40.023167
SI_01,silicon,1768.0000,40.023130
SI_01,silicon,1769.0000,40.023093
SI_01,silicon,1770.0000,40.023056
SI_01,silicon,1771.0000,40.023019
SI_01,silicon,1772.0000,40.022982
SI_01,silicon,1773.0000,40.022946
SI_01,silicon,1774.0000,40.022909
SI_01,silicon,1775.0000,40.022873
SI_01,silicon,1776.0000,40.022836
SI_01,silicon,1777.0000,40.022800
SI_01,silicon,1778.0000,40.022764
SI_01,silicon,1779.0000,40.022728
SI_01,silicon,1780.0000,40.022691
SI_01,silicon,1781.0000,40.022655
SI_01,silicon,1782.0000,40.022620
SI_01,silicon,1783.0000,40.022584
SI_01,silicon,1784.0000,40.022548
SI_01,silicon,1785.0000,40.022512
SI_01,silicon,1786.0000,40.022477
SI_01,silicon,1787.0000,40.022441
SI_01,silicon,1788.0000,40.022406
SI_01,silicon,1789.0000,40.022371
SI_01,silicon,1790.0000,40.022335
SI_01,silicon,1791.0000,40.022300
SI_01,silicon,1792.0000,40.022265
SI_01,silicon,1793.0000,40.022230
SI_01,silicon,1794.0000,40.022195
SI_01,silicon,1795.0000,40.022160
SI_01,silicon,1796.0000,40.022126
SI_01,silicon,1797.0000,40.022091
SI_01,silicon,1798.0000,40.022057
SI_01,silicon,1799.0000,40.022022
SI_01,silicon,1800.0000,40.021988
SI_01,silicon,1801.0000,40.021953
SI_01,silicon,1802.0000,40.021919
SI_01,silicon,1803.0000,40.021885
SI_01,silicon,1804.0000,40.021851
SI_01,silicon,1805.0000,40.021817
SI_01,silicon,1806.0000,40.021783
SI_01,silicon,1807.0000,40.021749
SI_01,silicon,1808.0000,40.021715
SI_01,silicon,1809.0000,40.021682
SI_01,silicon,1810.0000,40.021648
SI_01,silicon,1811.0000,40.021614
SI_01,silicon,1812.0000,40.021581
SI_01,silicon,1813.0000,40.021548
SI_01,silicon,1814.0000,40.021514
SI_01,silicon,1815.0000,40.021481
SI_01,silicon,1816.0000,40.021448
SI_01,silicon,1817.0000,40.021415
SI_01,silicon,1818.0000,40.021382
SI_01,silicon,1819.0000,40.021349
SI_01,silicon,1820.0000,40.021316
SI_01,silicon,1821.0000,40.021283
SI_01,silicon,1822.0000,40.021251
SI_01,silicon,1823.0000,40.021218
SI_01,silicon,1824.0000,40.021185
SI_01,silicon,1825.0000,40.021153
SI_01,silicon,1826.0000,40.021121
SI_01,silicon,1827.0000,40.021088
SI_01,silicon,1828.0000,40.021056
SI_01,silicon,1829.0000,40.021024
SI_01,silicon,1830.0000,40.020992
SI_01,silicon,1831.0000,40.020960
SI_01,silicon,1832.0000,40.020928
SI_01,silicon,1833.0000,40.020896
SI_01,silicon,1834.0000,40.020864
SI_01,silicon,1835.0000,40.020832
SI_01,silicon,1836.0000,40.020801
SI_01,silicon,1837.0000,40.020769
SI_01,silicon,1838.0000,40.020738
SI_01,silicon,1839.0000,40.020706
SI_01,silicon,1840.0000,40.020675
SI_01,silicon,1841.0000,40.020644
SI_01,silicon,1842.0000,40.020612
SI_01,silicon,1843.0000,40.020581
SI_01,silicon,1844.0000,40.020550
SI_01,silicon,1845.0000,40.020519
SI_01,silicon,1846.0000,40.020488
SI_01,silicon,1847.0000,40.020457
SI_01,silicon,1848.0000,40.020426
SI_01,silicon,1849.0000,40.020396
SI_01,silicon,1850.0000,40.020365
SI_01,silicon,1851.0000,40.020334
SI_01,silicon,1852.0000,40.020304
SI_01,silicon,1853.0000,40.020273
SI_01,silicon,1854.0000,40.020243
SI_01,silicon,1855.0000,40.020213
SI_01,silicon,1856.0000,40.020182
SI_01,silicon,1857.0000,40.020152
SI_01,silicon,1858.0000,40.020122
SI_01,silicon,1859.0000,40.020092
SI_01,silicon,1860.0000,40.020062
SI_01,silicon,1861.0000,40.020032
SI_01,silicon,1862.0000,40.020002
SI_01,silicon,1863.0000,40.019973
SI_01,silicon,1864.0000,40.019943
SI_01,silicon,1865.0000,40.019913
SI_01,silicon,1866.0000,40.019884
SI_01,silicon,1867.0000,40.019854
SI_01,silicon,1868.0000,40.019825
SI_01,silicon,1869.0000,40.019795
SI_01,silicon,1870.0000,40.019766
SI_01,silicon,1871.0000,40.019737
SI_01,silicon,1872.0000,40.019707
SI_01,silicon,1873.0000,40.019678
SI_01,silicon,1874.0000,40.019649
SI_01,silicon,1875.0000,40.019620
SI_01,silicon,1876.0000,40.019591
SI_01,silicon,1877.0000,40.019562
SI_01,silicon,1878.0000,40.019534
SI_01,silicon,1879.0000,40.019505
SI_01,silicon,1880.0000,40.019476
SI_01,silicon,1881.0000,40.019448
SI_01,silicon,1882.0000,40.019419
SI_01,silicon,1883.0000,40.019391
SI_01,silicon,1884.0000,40.019362
SI_01,silicon,1885.0000,40.019334
SI_01,silicon,1886.0000,40.019305
SI_01,silicon,1887.0000,40.019277
SI_01,silicon,1888.0000,40.019249
SI_01,silicon,1889.0000,40.019221
SI_01,silicon,1890.0000,40.019193
SI_01,silicon,1891.0000,40.019165
SI_01,silicon,1892.0000,40.019137
SI_01,silicon,1893.0000,40.019109
SI_01,silicon,1894.0000,40.019081
SI_01,silicon,1895.0000,40.019053
SI_01,silicon,1896.0000,40.019026
SI_01,silicon,1897.0000,40.018998
SI_01,silicon,1898.0000,40.018971
SI_01,silicon,1899.0000,40.018943
SI_01,silicon,1900.0000,40.018916
SI_01,silicon,1901.0000,40.018888
SI_01,silicon,1902.0000,40.018861
SI_01,silicon,1903.0000,40.018834
SI_01,silicon,1904.0000,40.018806
SI_01,silicon,1905.0000,40.018779
SI_01,silicon,1906.0000,40.018752
SI_01,silicon,1907.0000,40.018725
SI_01,silicon,1908.0000,40.018698
SI_01,silicon,1909.0000,40.018671
SI_01,silicon,1910.0000,40.018644
SI_01,silicon,1911.0000,40.018617
SI_01,silicon,1912.0000,40.018591
SI_01,silicon,1913.0000,40.018564
SI_01,silicon,1914.0000,40.018537
SI_01,silicon,1915.0000,40.018511
SI_01,silicon,1916.0000,40.018484
SI_01,silicon,1917.0000,40.018458
SI_01,silicon,1918.0000,40.018431
SI_01,silicon,1919.0000,40.018405
SI_01,silicon,1920.0000,40.018379
SI_01,silicon,1921.0000,40.018353
SI_01,silicon,1922.0000,40.018326
SI_01,silicon,1923.0000,40.018300
SI_01,silicon,1924.0000,40.018274
SI_01,silicon,1925.0000,40.018248
SI_01,silicon,1926.0000,40.018222
SI_01,silicon,1927.0000,40.018196
SI_01,silicon,1928.0000,40.018171
SI_01,silicon,1929.0000,40.018145
SI_01,silicon,1930.0000,40.018119
SI_01,silicon,1931.0000,40.018093
SI_01,silicon,1932.0000,40.018068
SI_01,silicon,1933.0000,40.018042
SI_01,silicon,1934.0000,40.018017
SI_01,silicon,1935.0000,40.017991
SI_01,silicon,1936.0000,40.017966
SI_01,silicon,1937.0000,40.017940
SI_01,silicon,1938.0000,40.017915
SI_01,silicon,1939.0000,40.017890
SI_01,silicon,1940.0000,40.017865
SI_01,silicon,1941.0000,40.017839
SI_01,silicon,1942.0000,40.017814
SI_01,silicon,1943.0000,40.017789
SI_01,silicon,1944.0000,40.017764
SI_01,silicon,1945.0000,40.017739
SI_01,silicon,1946.0000,40.017715
SI_01,silicon,1947.0000,40.017690
SI_01,silicon,1948.0000,40.017665
SI_01,silicon,1949.0000,40.017640
SI_01,silicon,1950.0000,40.017616
SI_01,silicon,1951.0000,40.017591
SI_01,silicon,1952.0000,40.017566
SI_01,silicon,1953.0000,40.017542
SI_01,silicon,1954.0000,40.017517
SI_01,silicon,1955.0000,40.017493
SI_01,silicon,1956.0000,40.017469
SI_01,silicon,1957.0000,40.017444
SI_01,silicon,1958.0000,40.017420
SI_01,silicon,1959.0000,40.017396
SI_01,silicon,1960.0000,40.017372
SI_01,silicon,1961.0000,40.017348
SI_01,silicon,1962.0000,40.017323
SI_01,silicon,1963.0000,40.017299
SI_01,silicon,1964.0000,40.017276
SI_01,silicon,1965.0000,40.017252
SI_01,silicon,1966.0000,40.017228
SI_01,silicon,1967.0000,40.017204
SI_01,silicon,1968.0000,40.017180
SI_01,silicon,1969.0000,40.017156
SI_01,silicon,1970.0000,40.017133
SI_01,silicon,1971.0000,40.017109
SI_01,silicon,1972.0000,40.017086
SI_01,silicon,1973.0000,40.017062
SI_01,silicon,1974.0000,40.017039
SI_01,silicon,1975.0000,40.017015
SI_01,silicon,1976.0000,40.016992
SI_01,silicon,1977.0000,40.016969
SI_01,silicon,1978.0000,40.016945
SI_01,silicon,1979.0000,40.016922
SI_01,silicon,1980.0000,40.016899
SI_01,silicon,1981.0000,40.016876
SI_01,silicon,1982.0000,40.016853
SI_01,silicon,1983.0000,40.016830
SI_01,silicon,1984.0000,40.016807
SI_01,silicon,1985.0000,40.016784
SI_01,silicon,1986.0000,40.016761
SI_01,silicon,1987.0000,40.016738
SI_01,silicon,1988.0000,40.016715
SI_01,silicon,1989.0000,40.016692
SI_01,silicon,1990.0000,40.016670
SI_01,silicon,1991.0000,40.016647
SI_01,silicon,1992.0000,40.016624
SI_01,silicon,1993.0000,40.016602
SI_01,silicon,1994.0000,40.016579
SI_01,silicon,1995.0000,40.016557
SI_01,silicon,1996.0000,40.016534
SI_01,silicon,1997.0000,40.016512
SI_01,silicon,1998.0000,40.016490
SI_01,silicon,1999.0000,40.016467
SI_01,silicon,2000.0000,40.016445
SI_02,silicon,200.0000,40.350453
SI_02,silicon,201.0000,40.352650
SI_02,silicon,202.0000,40.354867
SI_02,silicon,203.0000,40.357106
SI_02,silicon,204.0000,40.359365
SI_02,silicon,205.0000,40.361647
SI_02,silicon,206.0000,40.363950
SI_02,silicon,207.0000,40.366275
SI_02,silicon,208.0000,40.368622
SI_02,silicon,209.0000,40.370992
SI_02,silicon,210.0000,40.373385
SI_02,silicon,211.0000,40.375801
SI_02,silicon,212.0000,40.378241
SI_02,silicon,213.0000,40.380705
SI_02,silicon,214.0000,40.383192
SI_02,silicon,215.0000,40.385704
SI_02,silicon,216.0000,40.388241
SI_02,silicon,217.0000,40.390804
SI_02,silicon,218.0000,40.393391
SI_02,silicon,219.0000,40.396004
SI_02,silicon,220.0000,40.398644
SI_02,silicon,221.0000,40.401310
SI_02,silicon,222.0000,40.404002
SI_02,silicon,223.0000,40.406722
SI_02,silicon,224.0000,40.409470
SI_02,silicon,225.0000,40.412245
SI_02,silicon,226.0000,40.415049
SI_02,silicon,227.0000,40.417881
SI_02,silicon,228.0000,40.420743
SI_02,silicon,229.0000,40.423634
SI_02,silicon,230.0000,40.426554
SI_02,silicon,231.0000,40.429506
SI_02,silicon,232.0000,40.432487
SI_02,silicon,233.0000,40.435501
SI_02,silicon,234.0000,40.438545
SI_02,silicon,235.0000,40.441622
SI_02,silicon,236.0000,40.444731
SI_02,silicon,237.0000,40.447873
SI_02,silicon,238.0000,40.451049
SI_02,silicon,239.0000,40.454258
SI_02,silicon,240.0000,40.457502
SI_02,silicon,241.0000,40.460781
SI_02,silicon,242.0000,40.464095
SI_02,silicon,243.0000,40.467444
SI_02,silicon,244.0000,40.470831
SI_02,silicon,245.0000,40.474254
SI_02,silicon,246.0000,40.477715
SI_02,silicon,247.0000,40.481213
SI_02,silicon,248.0000,40.484751
SI_02,silicon,249.0000,40.488327
SI_02,silicon,250.0000,40.491943
SI_02,silicon,251.0000,40.495599
SI_02,silicon,252.0000,40.499297
SI_02,silicon,253.0000,40.503036
SI_02,silicon,254.0000,40.506817
SI_02,silicon,255.0000,40.510640
SI_02,silicon,256.0000,40.514508
SI_02,silicon,257.0000,40.518419
SI_02,silicon,258.0000,40.522375
SI_02,silicon,259.0000,40.526377
SI_02,silicon,260.0000,40.530424
SI_02,silicon,261.0000,40.534519
SI_02,silicon,262.0000,40.538661
SI_02,silicon,263.0000,40.542851
SI_02,silicon,264.0000,40.547091
SI_02,silicon,265.0000,40.551380
SI_02,silicon,266.0000,40.555720
SI_02,silicon,267.0000,40.560112
SI_02,silicon,268.0000,40.564555
SI_02,silicon,269.0000,40.569052
SI_02,silicon,270.0000,40.573603
SI_02,silicon,271.0000,40.578208
SI_02,silicon,272.0000,40.582869
SI_02,silicon,273.0000,40.587587
SI_02,silicon,274.0000,40.592362
SI_02,silicon,275.0000,40.597196
SI_02,silicon,276.0000,40.602089
SI_02,silicon,277.0000,40.607043
SI_02,silicon,278.0000,40.612058
SI_02,silicon,279.0000,40.617135
SI_02,silicon,280.0000,40.622275
SI_02,silicon,281.0000,40.627480
SI_02,silicon,282.0000,40.632751
SI_02,silicon,283.0000,40.638089
SI_02,silicon,284.0000,40.643494
SI_02,silicon,285.0000,40.648968
SI_02,silicon,286.0000,40.654512
SI_02,silicon,287.0000,40.660128
SI_02,silicon,288.0000,40.665816
SI_02,silicon,289.0000,40.671578
SI_02,silicon,290.0000,40.677415
SI_02,silicon,291.0000,40.683328
SI_02,silicon,292.0000,40.689320
SI_02,silicon,293.0000,40.695390
SI_02,silicon,294.0000,40.701541
SI_02,silicon,295.0000,40.707774
SI_02,silicon,296.0000,40.714090
SI_02,silicon,297.0000,40.720491
SI_02,silicon,298.0000,40.726979
SI_02,silicon,299.0000,40.733555
SI_02,silicon,300.0000,40.740220
SI_02,silicon,301.0000,40.746976
SI_02,silicon,302.0000,40.753826
SI_02,silicon,303.0000,40.760770
SI_02,silicon,304.0000,40.767810
SI_02,silicon,305.0000,40.774948
SI_02,silicon,306.0000,40.782187
SI_02,silicon,307.0000,40.789527
SI_02,silicon,308.0000,40.796971
SI_02,silicon,309.0000,40.804521
SI_02,silicon,310.0000,40.812179
SI_02,silicon,311.0000,40.819947
SI_02,silicon,312.0000,40.827826
SI_02,silicon,313.0000,40.835819
SI_02,silicon,314.0000,40.843929
SI_02,silicon,315.0000,40.852158
SI_02,silicon,316.0000,40.860507
SI_02,silicon,317.0000,40.868980
SI_02,silicon,318.0000,40.877578
SI_02,silicon,319.0000,40.886304
SI_02,silicon,320.0000,40.895162
SI_02,silicon,321.0000,40.904152
SI_02,silicon,322.0000,40.913279
SI_02,silicon,323.0000,40.922545
SI_02,silicon,324.0000,40.931952
SI_02,silicon,325.0000,40.941504
SI_02,silicon,326.0000,40.951203
SI_02,silicon,327.0000,40.961053
SI_02,silicon,328.0000,40.971057
SI_02,silicon,329.0000,40.981218
SI_02,silicon,330.0000,40.991539
SI_02,silicon,331.0000,41.002023
SI_02,silicon,332.0000,41.012675
SI_02,silicon,333.0000,41.023498
SI_02,silicon,334.0000,41.034495
SI_02,silicon,335.0000,41.045670
SI_02,silicon,336.0000,41.057027
SI_02,silicon,337.0000,41.068569
SI_02,silicon,338.0000,41.080302
SI_02,silicon,339.0000,41.092230
SI_02,silicon,340.0000,41.104355
SI_02,silicon,341.0000,41.116684
SI_02,silicon,342.0000,41.129220
SI_02,silicon,343.0000,41.141969
SI_02,silicon,344.0000,41.154934
SI_02,silicon,345.0000,41.168122
SI_02,silicon,346.0000,41.181536
SI_02,silicon,347.0000,41.195183
SI_02,silicon,348.0000,41.209068
SI_02,silicon,349.0000,41.223196
SI_02,silicon,350.0000,41.237573
SI_02,silicon,351.0000,41.252204
SI_02,silicon,352.0000,41.267097
SI_02,silicon,353.0000,41.282257
SI_02,silicon,354.0000,41.297690
SI_02,silicon,355.0000,41.313404
SI_02,silicon,356.0000,41.329404
SI_02,silicon,357.0000,41.345699
SI_02,silicon,358.0000,41.362295
SI_02,silicon,359.0000,41.379199
SI_02,silicon,360.0000,41.396420
SI_02,silicon,361.0000,41.413966
SI_02,silicon,362.0000,41.431844
SI_02,silicon,363.0000,41.450063
SI_02,silicon,364.0000,41.468632
SI_02,silicon,365.0000,41.487560
SI_02,silicon,366.0000,41.506856
SI_02,silicon,367.0000,41.526530
SI_02,silicon,368.0000,41.546591
SI_02,silicon,369.0000,41.567050
SI_02,silicon,370.0000,41.587918
SI_02,silicon,371.0000,41.609204
SI_02,silicon,372.0000,41.630922
SI_02,silicon,373.0000,41.653082
SI_02,silicon,374.0000,41.675697
SI_02,silicon,375.0000,41.698778
SI_02,silicon,376.0000,41.722339
SI_02,silicon,377.0000,41.746394
SI_02,silicon,378.0000,41.770956
SI_02,silicon,379.0000,41.796040
SI_02,silicon,380.0000,41.821659
SI_02,silicon,381.0000,41.847831
SI_02,silicon,382.0000,41.874570
SI_02,silicon,383.0000,41.901894
SI_02,silicon,384.0000,41.929819
SI_02,silicon,385.0000,41.958363
SI_02,silicon,386.0000,41.987544
SI_02,silicon,387.0000,42.017383
SI_02,silicon,388.0000,42.047898
SI_02,silicon,389.0000,42.079110
SI_02,silicon,390.0000,42.111040
SI_02,silicon,391.0000,42.143712
SI_02,silicon,392.0000,42.177147
SI_02,silicon,393.0000,42.211370
SI_02,silicon,394.0000,42.246405
SI_02,silicon,395.0000,42.282280
SI_02,silicon,396.0000,42.319019
SI_02,silicon,397.0000,42.356653
SI_02,silicon,398.0000,42.395209
SI_02,silicon,399.0000,42.434719
SI_02,silicon,400.0000,42.475213
SI_02,silicon,401.0000,42.516725
SI_02,silicon,402.0000,42.559290
SI_02,silicon,403.0000,42.602942
SI_02,silicon,404.0000,42.647720
SI_02,silicon,405.0000,42.693663
SI_02,silicon,406.0000,42.740810
SI_02,silicon,407.0000,42.789205
SI_02,silicon,408.0000,42.838892
SI_02,silicon,409.0000,42.889918
SI_02,silicon,410.0000,42.942330
SI_02,silicon,411.0000,42.996179
SI_02,silicon,412.0000,43.051519
SI_02,silicon,413.0000,43.108405
SI_02,silicon,414.0000,43.166895
SI_02,silicon,415.0000,43.227049
SI_02,silicon,416.0000,43.288932
SI_02,silicon,417.0000,43.352610
SI_02,silicon,418.0000,43.418153
SI_02,silicon,419.0000,43.485635
SI_02,silicon,420.0000,43.555133
SI_02,silicon,421.0000,43.626728
SI_02,silicon,422.0000,43.700505
SI_02,silicon,423.0000,43.776553
SI_02,silicon,424.0000,43.854967
SI_02,silicon,425.0000,43.935845
SI_02,silicon,426.0000,44.019291
SI_02,silicon,427.0000,44.105417
SI_02,silicon,428.0000,44.194336
SI_02,silicon,429.0000,44.286172
SI_02,silicon,430.0000,44.381053
SI_02,silicon,431.0000,44.479115
SI_02,silicon,432.0000,44.580501
SI_02,silicon,433.0000,44.685363
SI_02,silicon,434.0000,44.793862
SI_02,silicon,435.0000,44.906168
SI_02,silicon,436.0000,45.022460
SI_02,silicon,437.0000,45.142929
SI_02,silicon,438.0000,45.267777
SI_02,silicon,439.0000,45.397218
SI_02,silicon,440.0000,45.531481
SI_02,silicon,441.0000,45.670807
SI_02,silicon,442.0000,45.815454
SI_02,silicon,443.0000,45.965695
SI_02,silicon,444.0000,46.121822
SI_02,silicon,445.0000,46.284145
SI_02,silicon,446.0000,46.452998
SI_02,silicon,447.0000,46.628733
SI_02,silicon,448.0000,46.811728
SI_02,silicon,449.0000,47.002389
SI_02,silicon,450.0000,47.201149
SI_02,silicon,451.0000,47.408471
SI_02,silicon,452.0000,47.624853
SI_02,silicon,453.0000,47.850830
SI_02,silicon,454.0000,48.086975
SI_02,silicon,455.0000,48.333907
SI_02,silicon,456.0000,48.592290
SI_02,silicon,457.0000,48.862842
SI_02,silicon,458.0000,49.146336
SI_02,silicon,459.0000,49.443608
SI_02,silicon,460.0000,49.755562
SI_02,silicon,461.0000,50.083179
SI_02,silicon,462.0000,50.427521
SI_02,silicon,463.0000,50.789742
SI_02,silicon,464.0000,51.171095
SI_02,silicon,465.0000,51.572949
SI_02,silicon,466.0000,51.996791
SI_02,silicon,467.0000,52.444249
SI_02,silicon,468.0000,52.917104
SI_02,silicon,469.0000,53.417303
SI_02,silicon,470.0000,53.946988
SI_02,silicon,471.0000,54.508509
SI_02,silicon,472.0000,55.104457
SI_02,silicon,473.0000,55.737688
SI_02,silicon,474.0000,56.411360
SI_02,silicon,475.0000,57.128970
SI_02,silicon,476.0000,57.894401
SI_02,silicon,477.0000,58.711967
SI_02,silicon,478.0000,59.586480
SI_02,silicon,479.0000,60.523316
SI_02,silicon,480.0000,61.528493
SI_02,silicon,481.0000,62.608769
SI_02,silicon,482.0000,63.771752
SI_02,silicon,483.0000,65.026025
SI_02,silicon,484.0000,66.381309
SI_02,silicon,485.0000,67.848635
SI_02,silicon,486.0000,69.440568
SI_02,silicon,487.0000,71.171463
SI_02,silicon,488.0000,73.057775
SI_02,silicon,489.0000,75.118439
SI_02,silicon,490.0000,77.375318
SI_02,silicon,491.0000,79.853759
SI_02,silicon,492.0000,82.583267
SI_02,silicon,493.0000,85.598336
SI_02,silicon,494.0000,88.939475
SI_02,silicon,495.0000,92.654481
SI_02,silicon,496.0000,96.800028
SI_02,silicon,497.0000,101.443670
SI_02,silicon,498.0000,106.666358
SI_02,silicon,499.0000,112.565649
SI_02,silicon,500.0000,119.259802
SI_02,silicon,501.0000,126.893031
SI_02,silicon,502.0000,135.642298
SI_02,silicon,503.0000,145.726096
SI_02,silicon,504.0000,157.415872
SI_02,silicon,505.0000,171.050864
SI_02,silicon,506.0000,187.057322
SI_02,silicon,507.0000,205.973191
SI_02,silicon,508.0000,228.479208
SI_02,silicon,509.0000,255.436633
SI_02,silicon,510.0000,287.929616
SI_02,silicon,511.0000,327.304723
SI_02,silicon,512.0000,375.187728
SI_02,silicon,513.0000,433.431873
SI_02,silicon,514.0000,503.902580
SI_02,silicon,515.0000,587.924356
SI_02,silicon,516.0000,685.132387
SI_02,silicon,517.0000,791.526538
SI_02,silicon,518.0000,897.091840
SI_02,silicon,519.0000,984.819894
SI_02,silicon,520.0000,1034.406464
SI_02,silicon,521.0000,1031.667241
SI_02,silicon,522.0000,977.438969
SI_02,silicon,523.0000,887.008999
SI_02,silicon,524.0000,780.702639
SI_02,silicon,525.0000,674.892641
SI_02,silicon,526.0000,578.901987
SI_02,silicon,527.0000,496.259307
SI_02,silicon,528.0000,427.086369
SI_02,silicon,529.0000,369.964941
SI_02,silicon,530.0000,323.013306
SI_02,silicon,531.0000,284.395037
SI_02,silicon,532.0000,252.511622
SI_02,silicon,533.0000,226.044108
SI_02,silicon,534.0000,203.932560
SI_02,silicon,535.0000,185.335634
SI_02,silicon,536.0000,169.588467
SI_02,silicon,537.0000,156.165568
SI_02,silicon,538.0000,144.650402
SI_02,silicon,539.0000,134.711295
SI_02,silicon,540.0000,126.082699
SI_02,silicon,541.0000,118.550739
SI_02,silicon,542.0000,111.942087
SI_02,silicon,543.0000,106.115399
SI_02,silicon,544.0000,100.954703
SI_02,silicon,545.0000,96.364270
SI_02,silicon,546.0000,92.264619
SI_02,silicon,547.0000,88.589389
SI_02,silicon,548.0000,85.282876
SI_02,silicon,549.0000,82.298078
SI_02,silicon,550.0000,79.595140
SI_02,silicon,551.0000,77.140108
SI_02,silicon,552.0000,74.903929
SI_02,silicon,553.0000,72.861632
SI_02,silicon,554.0000,70.991669
SI_02,silicon,555.0000,69.275374
SI_02,silicon,556.0000,67.696515
SI_02,silicon,557.0000,66.240932
SI_02,silicon,558.0000,64.896223
SI_02,silicon,559.0000,63.651495
SI_02,silicon,560.0000,62.497153
SI_02,silicon,561.0000,61.424714
SI_02,silicon,562.0000,60.426662
SI_02,silicon,563.0000,59.496318
SI_02,silicon,564.0000,58.627731
SI_02,silicon,565.0000,57.815586
SI_02,silicon,566.0000,57.055125
SI_02,silicon,567.0000,56.342076
SI_02,silicon,568.0000,55.672599
SI_02,silicon,569.0000,55.043234
SI_02,silicon,570.0000,54.450853
SI_02,silicon,571.0000,53.892627
SI_02,silicon,572.0000,53.365993
SI_02,silicon,573.0000,52.868621
SI_02,silicon,574.0000,52.398391
SI_02,silicon,575.0000,51.953372
SI_02,silicon,576.0000,51.531799
SI_02,silicon,577.0000,51.132061
SI_02,silicon,578.0000,50.752680
SI_02,silicon,579.0000,50.392302
SI_02,silicon,580.0000,50.049683
SI_02,silicon,581.0000,49.723679
SI_02,silicon,582.0000,49.413235
SI_02,silicon,583.0000,49.117381
SI_02,silicon,584.0000,48.835218
SI_02,silicon,585.0000,48.565917
SI_02,silicon,586.0000,48.308710
SI_02,silicon,587.0000,48.062886
SI_02,silicon,588.0000,47.827784
SI_02,silicon,589.0000,47.602792
SI_02,silicon,590.0000,47.387339
SI_02,silicon,591.0000,47.180895
SI_02,silicon,592.0000,46.982966
SI_02,silicon,593.0000,46.793090
SI_02,silicon,594.0000,46.610839
SI_02,silicon,595.0000,46.435809
SI_02,silicon,596.0000,46.267625
SI_02,silicon,597.0000,46.105935
SI_02,silicon,598.0000,45.950411
SI_02,silicon,599.0000,45.800742
SI_02,silicon,600.0000,45.656640
SI_02,silicon,601.0000,45.517831
SI_02,silicon,602.0000,45.384061
SI_02,silicon,603.0000,45.255089
SI_02,silicon,604.0000,45.130688
SI_02,silicon,605.0000,45.010646
SI_02,silicon,606.0000,44.894761
SI_02,silicon,607.0000,44.782844
SI_02,silicon,608.0000,44.674716
SI_02,silicon,609.0000,44.570208
SI_02,silicon,610.0000,44.469161
SI_02,silicon,611.0000,44.371424
SI_02,silicon,612.0000,44.276854
SI_02,silicon,613.0000,44.185315
SI_02,silicon,614.0000,44.096681
SI_02,silicon,615.0000,44.010828
SI_02,silicon,616.0000,43.927643
SI_02,silicon,617.0000,43.847016
SI_02,silicon,618.0000,43.768843
SI_02,silicon,619.0000,43.693026
SI_02,silicon,620.0000,43.619472
SI_02,silicon,621.0000,43.548091
SI_02,silicon,622.0000,43.478798
SI_02,silicon,623.0000,43.411513
SI_02,silicon,624.0000,43.346160
SI_02,silicon,625.0000,43.282664
SI_02,silicon,626.0000,43.220957
SI_02,silicon,627.0000,43.160972
SI_02,silicon,628.0000,43.102645
SI_02,silicon,629.0000,43.045917
SI_02,silicon,630.0000,42.990728
SI_02,silicon,631.0000,42.937025
SI_02,silicon,632.0000,42.884753
SI_02,silicon,633.0000,42.833864
SI_02,silicon,634.0000,42.784308
SI_02,silicon,635.0000,42.736040
SI_02,silicon,636.0000,42.689015
SI_02,silicon,637.0000,42.643191
SI_02,silicon,638.0000,42.598527
SI_02,silicon,639.0000,42.554985
SI_02,silicon,640.0000,42.512527
SI_02,silicon,641.0000,42.471118
SI_02,silicon,642.0000,42.430724
SI_02,silicon,643.0000,42.391311
SI_02,silicon,644.0000,42.352849
SI_02,silicon,645.0000,42.315306
SI_02,silicon,646.0000,42.278654
SI_02,silicon,647.0000,42.242865
SI_02,silicon,648.0000,42.207911
SI_02,silicon,649.0000,42.173768
SI_02,silicon,650.0000,42.140411
SI_02,silicon,651.0000,42.107814
SI_02,silicon,652.0000,42.075957
SI_02,silicon,653.0000,42.044815
SI_02,silicon,654.0000,42.014369
SI_02,silicon,655.0000,41.984597
SI_02,silicon,656.0000,41.955480
SI_02,silicon,657.0000,41.926999
SI_02,silicon,658.0000,41.899135
SI_02,silicon,659.0000,41.871870
SI_02,silicon,660.0000,41.845188
SI_02,silicon,661.0000,41.819073
SI_02,silicon,662.0000,41.793507
SI_02,silicon,663.0000,41.768477
SI_02,silicon,664.0000,41.743966
SI_02,silicon,665.0000,41.719961
SI_02,silicon,666.0000,41.696449
SI_02,silicon,667.0000,41.673414
SI_02,silicon,668.0000,41.650846
SI_02,silicon,669.0000,41.628731
SI_02,silicon,670.0000,41.607057
SI_02,silicon,671.0000,41.585812
SI_02,silicon,672.0000,41.564986
SI_02,silicon,673.0000,41.544567
SI_02,silicon,674.0000,41.524545
SI_02,silicon,675.0000,41.504910
SI_02,silicon,676.0000,41.485651
SI_02,silicon,677.0000,41.466759
SI_02,silicon,678.0000,41.448226
SI_02,silicon,679.0000,41.430041
SI_02,silicon,680.0000,41.412197
SI_02,silicon,681.0000,41.394684
SI_02,silicon,682.0000,41.377495
SI_02,silicon,683.0000,41.360621
SI_02,silicon,684.0000,41.344056
SI_02,silicon,685.0000,41.327791
SI_02,silicon,686.0000,41.311819
SI_02,silicon,687.0000,41.296134
SI_02,silicon,688.0000,41.280728
SI_02,silicon,689.0000,41.265596
SI_02,silicon,690.0000,41.250729
SI_02,silicon,691.0000,41.236124
SI_02,silicon,692.0000,41.221772
SI_02,silicon,693.0000,41.207669
SI_02,silicon,694.0000,41.193808
SI_02,silicon,695.0000,41.180185
SI_02,silicon,696.0000,41.166793
SI_02,silicon,697.0000,41.153628
SI_02,silicon,698.0000,41.140684
SI_02,silicon,699.0000,41.127957
SI_02,silicon,700.0000,41.115442
SI_02,silicon,701.0000,41.103134
SI_02,silicon,702.0000,41.091028
SI_02,silicon,703.0000,41.079120
SI_02,silicon,704.0000,41.067407
SI_02,silicon,705.0000,41.055883
SI_02,silicon,706.0000,41.044544
SI_02,silicon,707.0000,41.033387
SI_02,silicon,708.0000,41.022408
SI_02,silicon,709.0000,41.011602
SI_02,silicon,710.0000,41.000968
SI_02,silicon,711.0000,40.990499
SI_02,silicon,712.0000,40.980195
SI_02,silicon,713.0000,40.970050
SI_02,silicon,714.0000,40.960061
SI_02,silicon,715.0000,40.950227
SI_02,silicon,716.0000,40.940542
SI_02,silicon,717.0000,40.931005
SI_02,silicon,718.0000,40.921612
SI_02,silicon,719.0000,40.912360
SI_02,silicon,720.0000,40.903247
SI_02,silicon,721.0000,40.894270
SI_02,silicon,722.0000,40.885426
SI_02,silicon,723.0000,40.876712
SI_02,silicon,724.0000,40.868127
SI_02,silicon,725.0000,40.859667
SI_02,silicon,726.0000,40.851329
SI_02,silicon,727.0000,40.843113
SI_02,silicon,728.0000,40.835015
SI_02,silicon,729.0000,40.827033
SI_02,silicon,730.0000,40.819165
SI_02,silicon,731.0000,40.811408
SI_02,silicon,732.0000,40.803762
SI_02,silicon,733.0000,40.796222
SI_02,silicon,734.0000,40.788789
SI_02,silicon,735.0000,40.781459
SI_02,silicon,736.0000,40.774230
SI_02,silicon,737.0000,40.767102
SI_02,silicon,738.0000,40.760071
SI_02,silicon,739.0000,40.753136
SI_02,silicon,740.0000,40.746296
SI_02,silicon,741.0000,40.739549
SI_02,silicon,742.0000,40.732893
SI_02,silicon,743.0000,40.726326
SI_02,silicon,744.0000,40.719847
SI_02,silicon,745.0000,40.713455
SI_02,silicon,746.0000,40.707147
SI_02,silicon,747.0000,40.700922
SI_02,silicon,748.0000,40.694779
SI_02,silicon,749.0000,40.688717
SI_02,silicon,750.0000,40.682734
SI_02,silicon,751.0000,40.676828
SI_02,silicon,752.0000,40.670998
SI_02,silicon,753.0000,40.665244
SI_02,silicon,754.0000,40.659563
SI_02,silicon,755.0000,40.653954
SI_02,silicon,756.0000,40.648417
SI_02,silicon,757.0000,40.642950
SI_02,silicon,758.0000,40.637552
SI_02,silicon,759.0000,40.632221
SI_02,silicon,760.0000,40.626957
SI_02,silicon,761.0000,40.621758
SI_02,silicon,762.0000,40.616624
SI_02,silicon,763.0000,40.611553
SI_02,silicon,764.0000,40.606545
SI_02,silicon,765.0000,40.601597
SI_02,silicon,766.0000,40.596710
SI_02,silicon,767.0000,40.591882
SI_02,silicon,768.0000,40.587113
SI_02,silicon,769.0000,40.582401
SI_02,silicon,770.0000,40.577745
SI_02,silicon,771.0000,40.573145
SI_02,silicon,772.0000,40.568600
SI_02,silicon,773.0000,40.564109
SI_02,silicon,774.0000,40.559670
SI_02,silicon,775.0000,40.555284
SI_02,silicon,776.0000,40.550949
SI_02,silicon,777.0000,40.546665
SI_02,silicon,778.0000,40.542430
SI_02,silicon,779.0000,40.538244
SI_02,silicon,780.0000,40.534107
SI_02,silicon,781.0000,40.530017
SI_02,silicon,782.0000,40.525974
SI_02,silicon,783.0000,40.521977
SI_02,silicon,784.0000,40.518026
SI_02,silicon,785.0000,40.514119
SI_02,silicon,786.0000,40.510256
SI_02,silicon,787.0000,40.506437
SI_02,silicon,788.0000,40.502660
SI_02,silicon,789.0000,40.498925
SI_02,silicon,790.0000,40.495232
SI_02,silicon,791.0000,40.491580
SI_02,silicon,792.0000,40.487968
SI_02,silicon,793.0000,40.484395
SI_02,silicon,794.0000,40.480862
SI_02,silicon,795.0000,40.477367
SI_02,silicon,796.0000,40.473910
SI_02,silicon,797.0000,40.470490
SI_02,silicon,798.0000,40.467108
SI_02,silicon,799.0000,40.463762
SI_02,silicon,800.0000,40.460451
SI_02,silicon,801.0000,40.457176
SI_02,silicon,802.0000,40.453936
SI_02,silicon,803.0000,40.450730
SI_02,silicon,804.0000,40.447557
SI_02,silicon,805.0000,40.444419
SI_02,silicon,806.0000,40.441313
SI_02,silicon,807.0000,40.438239
SI_02,silicon,808.0000,40.435198
SI_02,silicon,809.0000,40.432188
SI_02,silicon,810.0000,40.429209
SI_02,silicon,811.0000,40.426261
SI_02,silicon,812.0000,40.423343
SI_02,silicon,813.0000,40.420455
SI_02,silicon,814.0000,40.417597
SI_02,silicon,815.0000,40.414767
SI_02,silicon,816.0000,40.411966
SI_02,silicon,817.0000,40.409194
SI_02,silicon,818.0000,40.406449
SI_02,silicon,819.0000,40.403732
SI_02,silicon,820.0000,40.401042
SI_02,silicon,821.0000,40.398379
SI_02,silicon,822.0000,40.395742
SI_02,silicon,823.0000,40.393131
SI_02,silicon,824.0000,40.390546
SI_02,silicon,825.0000,40.387987
SI_02,silicon,826.0000,40.385452
SI_02,silicon,827.0000,40.382942
SI_02,silicon,828.0000,40.380457
SI_02,silicon,829.0000,40.377996
SI_02,silicon,830.0000,40.375559
SI_02,silicon,831.0000,40.373145
SI_02,silicon,832.0000,40.370754
SI_02,silicon,833.0000,40.368386
SI_02,silicon,834.0000,40.366041
SI_02,silicon,835.0000,40.363718
SI_02,silicon,836.0000,40.361417
SI_02,silicon,837.0000,40.359138
SI_02,silicon,838.0000,40.356881
SI_02,silicon,839.0000,40.354645
SI_02,silicon,840.0000,40.352429
SI_02,silicon,841.0000,40.350234
SI_02,silicon,842.0000,40.348060
SI_02,silicon,843.0000,40.345906
SI_02,silicon,844.0000,40.343772
SI_02,silicon,845.0000,40.341657
SI_02,silicon,846.0000,40.339562
SI_02,silicon,847.0000,40.337487
SI_02,silicon,848.0000,40.335430
SI_02,silicon,849.0000,40.333392
SI_02,silicon,850.0000,40.331372
SI_02,silicon,851.0000,40.329371
SI_02,silicon,852.0000,40.327388
SI_02,silicon,853.0000,40.325422
SI_02,silicon,854.0000,40.323475
SI_02,silicon,855.0000,40.321544
SI_02,silicon,856.0000,40.319631
SI_02,silicon,857.0000,40.317735
SI_02,silicon,858.0000,40.315856
SI_02,silicon,859.0000,40.313993
SI_02,silicon,860.0000,40.312147
SI_02,silicon,861.0000,40.310317
SI_02,silicon,862.0000,40.308503
SI_02,silicon,863.0000,40.306705
SI_02,silicon,864.0000,40.304923
SI_02,silicon,865.0000,40.303156
SI_02,silicon,866.0000,40.301405
SI_02,silicon,867.0000,40.299668
SI_02,silicon,868.0000,40.297947
SI_02,silicon,869.0000,40.296240
SI_02,silicon,870.0000,40.294548
SI_02,silicon,871.0000,40.292870
SI_02,silicon,872.0000,40.291207
SI_02,silicon,873.0000,40.289558
SI_02,silicon,874.0000,40.287923
SI_02,silicon,875.0000,40.286301
SI_02,silicon,876.0000,40.284693
SI_02,silicon,877.0000,40.283099
SI_02,silicon,878.0000,40.281518
SI_02,silicon,879.0000,40.279951
SI_02,silicon,880.0000,40.278396
SI_02,silicon,881.0000,40.276854
SI_02,silicon,882.0000,40.275325
SI_02,silicon,883.0000,40.273809
SI_02,silicon,884.0000,40.272305
SI_02,silicon,885.0000,40.270814
SI_02,silicon,886.0000,40.269334
SI_02,silicon,887.0000,40.267867
SI_02,silicon,888.0000,40.266412
SI_02,silicon,889.0000,40.264969
SI_02,silicon,890.0000,40.263537
SI_02,silicon,891.0000,40.262117
SI_02,silicon,892.0000,40.260708
SI_02,silicon,893.0000,40.259311
SI_02,silicon,894.0000,40.257925
SI_02,silicon,895.0000,40.256550
SI_02,silicon,896.0000,40.255186
SI_02,silicon,897.0000,40.253832
SI_02,silicon,898.0000,40.252490
SI_02,silicon,899.0000,40.251158
SI_02,silicon,900.0000,40.249837
SI_02,silicon,901.0000,40.248526
SI_02,silicon,902.0000,40.247225
SI_02,silicon,903.0000,40.245934
SI_02,silicon,904.0000,40.244654
SI_02,silicon,905.0000,40.243384
SI_02,silicon,906.0000,40.242123
SI_02,silicon,907.0000,40.240872
SI_02,silicon,908.0000,40.239631
SI_02,silicon,909.0000,40.238399
SI_02,silicon,910.0000,40.237177
SI_02,silicon,911.0000,40.235965
SI_02,silicon,912.0000,40.234761
SI_02,silicon,913.0000,40.233567
SI_02,silicon,914.0000,40.232382
SI_02,silicon,915.0000,40.231205
SI_02,silicon,916.0000,40.230038
SI_02,silicon,917.0000,40.228880
SI_02,silicon,918.0000,40.227730
SI_02,silicon,919.0000,40.226589
SI_02,silicon,920.0000,40.225456
SI_02,silicon,921.0000,40.224332
SI_02,silicon,922.0000,40.223216
SI_02,silicon,923.0000,40.222109
SI_02,silicon,924.0000,40.221010
SI_02,silicon,925.0000,40.219919
SI_02,silicon,926.0000,40.218836
SI_02,silicon,927.0000,40.217761
SI_02,silicon,928.0000,40.216694
SI_02,silicon,929.0000,40.215635
SI_02,silicon,930.0000,40.214583
SI_02,silicon,931.0000,40.213539
SI_02,silicon,932.0000,40.212503
SI_02,silicon,933.0000,40.211474
SI_02,silicon,934.0000,40.210453
SI_02,silicon,935.0000,40.209439
SI_02,silicon,936.0000,40.208432
SI_02,silicon,937.0000,40.207433
SI_02,silicon,938.0000,40.206441
SI_02,silicon,939.0000,40.205456
SI_02,silicon,940.0000,40.204478
SI_02,silicon,941.0000,40.203507
SI_02,silicon,942.0000,40.202543
SI_02,silicon,943.0000,40.201585
SI_02,silicon,944.0000,40.200635
SI_02,silicon,945.0000,40.199691
SI_02,silicon,946.0000,40.198754
SI_02,silicon,947.0000,40.197823
SI_02,silicon,948.0000,40.196899
SI_02,silicon,949.0000,40.195981
SI_02,silicon,950.0000,40.195070
SI_02,silicon,951.0000,40.194165
SI_02,silicon,952.0000,40.193266
SI_02,silicon,953.0000,40.192374
SI_02,silicon,954.0000,40.191488
SI_02,silicon,955.0000,40.190608
SI_02,silicon,956.0000,40.189734
SI_02,silicon,957.0000,40.188865
SI_02,silicon,958.0000,40.188003
SI_02,silicon,959.0000,40.187147
SI_02,silicon,960.0000,40.186297
SI_02,silicon,961.0000,40.185452
SI_02,silicon,962.0000,40.184613
SI_02,silicon,963.0000,40.183780
SI_02,silicon,964.0000,40.182952
SI_02,silicon,965.0000,40.182130
SI_02,silicon,966.0000,40.181314
SI_02,silicon,967.0000,40.180503
SI_02,silicon,968.0000,40.179697
SI_02,silicon,969.0000,40.178897
SI_02,silicon,970.0000,40.178102
SI_02,silicon,971.0000,40.177313
SI_02,silicon,972.0000,40.176528
SI_02,silicon,973.0000,40.175749
SI_02,silicon,974.0000,40.174975
SI_02,silicon,975.0000,40.174206
SI_02,silicon,976.0000,40.173442
SI_02,silicon,977.0000,40.172683
SI_02,silicon,978.0000,40.171930
SI_02,silicon,979.0000,40.171181
SI_02,silicon,980.0000,40.170437
SI_02,silicon,981.0000,40.169697
SI_02,silicon,982.0000,40.168963
SI_02,silicon,983.0000,40.168233
SI_02,silicon,984.0000,40.167508
SI_02,silicon,985.0000,40.166788
SI_02,silicon,986.0000,40.166072
SI_02,silicon,987.0000,40.165361
SI_02,silicon,988.0000,40.164655
SI_02,silicon,989.0000,40.163953
SI_02,silicon,990.0000,40.163256
SI_02,silicon,991.0000,40.162562
SI_02,silicon,992.0000,40.161874
SI_02,silicon,993.0000,40.161190
SI_02,silicon,994.0000,40.160510
SI_02,silicon,995.0000,40.159834
SI_02,silicon,996.0000,40.159163
SI_02,silicon,997.0000,40.158495
SI_02,silicon,998.0000,40.157832
SI_02,silicon,999.0000,40.157174
SI_02,silicon,1000.0000,40.156519
SI_02,silicon,1001.0000,40.155868
SI_02,silicon,1002.0000,40.155222
SI_02,silicon,1003.0000,40.154579
SI_02,silicon,1004.0000,40.153940
SI_02,silicon,1005.0000,40.153306
SI_02,silicon,1006.0000,40.152675
SI_02,silicon,1007.0000,40.152048
SI_02,silicon,1008.0000,40.151425
SI_02,silicon,1009.0000,40.150806
SI_02,silicon,1010.0000,40.150191
SI_02,silicon,1011.0000,40.149579
SI_02,silicon,1012.0000,40.148971
SI_02,silicon,1013.0000,40.148367
SI_02,silicon,1014.0000,40.147767
SI_02,silicon,1015.0000,40.147170
SI_02,silicon,1016.0000,40.146576
SI_02,silicon,1017.0000,40.145987
SI_02,silicon,1018.0000,40.145400
SI_02,silicon,1019.0000,40.144818
SI_02,silicon,1020.0000,40.144239
SI_02,silicon,1021.0000,40.143663
SI_02,silicon,1022.0000,40.143091
SI_02,silicon,1023.0000,40.142522
SI_02,silicon,1024.0000,40.141957
SI_02,silicon,1025.0000,40.141395
SI_02,silicon,1026.0000,40.140836
SI_02,silicon,1027.0000,40.140280
SI_02,silicon,1028.0000,40.139728
SI_02,silicon,1029.0000,40.139179
SI_02,silicon,1030.0000,40.138634
SI_02,silicon,1031.0000,40.138091
SI_02,silicon,1032.0000,40.137552
SI_02,silicon,1033.0000,40.137016
SI_02,silicon,1034.0000,40.136483
SI_02,silicon,1035.0000,40.135953
SI_02,silicon,1036.0000,40.135426
SI_02,silicon,1037.0000,40.134902
SI_02,silicon,1038.0000,40.134382
SI_02,silicon,1039.0000,40.133864
SI_02,silicon,1040.0000,40.133349
SI_02,silicon,1041.0000,40.132837
SI_02,silicon,1042.0000,40.132328
SI_02,silicon,1043.0000,40.131822
SI_02,silicon,1044.0000,40.131319
SI_02,silicon,1045.0000,40.130819
SI_02,silicon,1046.0000,40.130322
SI_02,silicon,1047.0000,40.129828
SI_02,silicon,1048.0000,40.129336
SI_02,silicon,1049.0000,40.128847
SI_02,silicon,1050.0000,40.128361
SI_02,silicon,1051.0000,40.127878
SI_02,silicon,1052.0000,40.127397
SI_02,silicon,1053.0000,40.126919
SI_02,silicon,1054.0000,40.126444
SI_02,silicon,1055.0000,40.125971
SI_02,silicon,1056.0000,40.125501
SI_02,silicon,1057.0000,40.125034
SI_02,silicon,1058.0000,40.124569
SI_02,silicon,1059.0000,40.124107
SI_02,silicon,1060.0000,40.123648
SI_02,silicon,1061.0000,40.123191
SI_02,silicon,1062.0000,40.122736
SI_02,silicon,1063.0000,40.122284
SI_02,silicon,1064.0000,40.121835
SI_02,silicon,1065.0000,40.121388
SI_02,silicon,1066.0000,40.120943
SI_02,silicon,1067.0000,40.120501
SI_02,silicon,1068.0000,40.120061
SI_02,silicon,1069.0000,40.119624
SI_02,silicon,1070.0000,40.119189
SI_02,silicon,1071.0000,40.118756
SI_02,silicon,1072.0000,40.118326
SI_02,silicon,1073.0000,40.117898
SI_02,silicon,1074.0000,40.117473
SI_02,silicon,1075.0000,40.117050
SI_02,silicon,1076.0000,40.116629
SI_02,silicon,1077.0000,40.116210
SI_02,silicon,1078.0000,40.115794
SI_02,silicon,1079.0000,40.115379
SI_02,silicon,1080.0000,40.114967
SI_02,silicon,1081.0000,40.114558
SI_02,silicon,1082.0000,40.114150
SI_02,silicon,1083.0000,40.113745
SI_02,silicon,1084.0000,40.113341
SI_02,silicon,1085.0000,40.112940
SI_02,silicon,1086.0000,40.112541
SI_02,silicon,1087.0000,40.112144
SI_02,silicon,1088.0000,40.111750
SI_02,silicon,1089.0000,40.111357
SI_02,silicon,1090.0000,40.110966
SI_02,silicon,1091.0000,40.110578
SI_02,silicon,1092.0000,40.110191
SI_02,silicon,1093.0000,40.109806
SI_02,silicon,1094.0000,40.109424
SI_02,silicon,1095.0000,40.109043
SI_02,silicon,1096.0000,40.108665
SI_02,silicon,1097.0000,40.108288
SI_02,silicon,1098.0000,40.107914
SI_02,silicon,1099.0000,40.107541
SI_02,silicon,1100.0000,40.107170
SI_02,silicon,1101.0000,40.106801
SI_02,silicon,1102.0000,40.106434
SI_02,silicon,1103.0000,40.106069
SI_02,silicon,1104.0000,40.105706
SI_02,silicon,1105.0000,40.105345
SI_02,silicon,1106.0000,40.104985
SI_02,silicon,1107.0000,40.104628
SI_02,silicon,1108.0000,40.104272
SI_02,silicon,1109.0000,40.103918
SI_02,silicon,1110.0000,40.103566
SI_02,silicon,1111.0000,40.103215
SI_02,silicon,1112.0000,40.102867
SI_02,silicon,1113.0000,40.102520
SI_02,silicon,1114.0000,40.102175
SI_02,silicon,1115.0000,40.101831
SI_02,silicon,1116.0000,40.101490
SI_02,silicon,1117.0000,40.101150
SI_02,silicon,1118.0000,40.100812
SI_02,silicon,1119.0000,40.100475
SI_02,silicon,1120.0000,40.100140
SI_02,silicon,1121.0000,40.099807
SI_02,silicon,1122.0000,40.099475
SI_02,silicon,1123.0000,40.099146
SI_02,silicon,1124.0000,40.098817
SI_02,silicon,1125.0000,40.098491
SI_02,silicon,1126.0000,40.098166
SI_02,silicon,1127.0000,40.097842
SI_02,silicon,1128.0000,40.097521
SI_02,silicon,1129.0000,40.097200
SI_02,silicon,1130.0000,40.096882
SI_02,silicon,1131.0000,40.096565
SI_02,silicon,1132.0000,40.096249
SI_02,silicon,1133.0000,40.095935
SI_02,silicon,1134.0000,40.095623
SI_02,silicon,1135.0000,40.095312
SI_02,silicon,1136.0000,40.095002
SI_02,silicon,1137.0000,40.094695
SI_02,silicon,1138.0000,40.094388
SI_02,silicon,1139.0000,40.094083
SI_02,silicon,1140.0000,40.093780
SI_02,silicon,1141.0000,40.093478
SI_02,silicon,1142.0000,40.093177
SI_02,silicon,1143.0000,40.092878
SI_02,silicon,1144.0000,40.092581
SI_02,silicon,1145.0000,40.092284
SI_02,silicon,1146.0000,40.091990
SI_02,silicon,1147.0000,40.091696
SI_02,silicon,1148.0000,40.091404
SI_02,silicon,1149.0000,40.091114
SI_02,silicon,1150.0000,40.090824
SI_02,silicon,1151.0000,40.090537
SI_02,silicon,1152.0000,40.090250
SI_02,silicon,1153.0000,40.089965
SI_02,silicon,1154.0000,40.089681
SI_02,silicon,1155.0000,40.089399
SI_02,silicon,1156.0000,40.089118
SI_02,silicon,1157.0000,40.088838
SI_02,silicon,1158.0000,40.088560
SI_02,silicon,1159.0000,40.088282
SI_02,silicon,1160.0000,40.088007
SI_02,silicon,1161.0000,40.087732
SI_02,silicon,1162.0000,40.087459
SI_02,silicon,1163.0000,40.087187
SI_02,silicon,1164.0000,40.086916
SI_02,silicon,1165.0000,40.086647
SI_02,silicon,1166.0000,40.086378
SI_02,silicon,1167.0000,40.086111
SI_02,silicon,1168.0000,40.085846
SI_02,silicon,1169.0000,40.085581
SI_02,silicon,1170.0000,40.085318
SI_02,silicon,1171.0000,40.085056
SI_02,silicon,1172.0000,40.084795
SI_02,silicon,1173.0000,40.084535
SI_02,silicon,1174.0000,40.084277
SI_02,silicon,1175.0000,40.084020
SI_02,silicon,1176.0000,40.083763
SI_02,silicon,1177.0000,40.083508
SI_02,silicon,1178.0000,40.083255
SI_02,silicon,1179.0000,40.083002
SI_02,silicon,1180.0000,40.082751
SI_02,silicon,1181.0000,40.082500
SI_02,silicon,1182.0000,40.082251
SI_02,silicon,1183.0000,40.082003
SI_02,silicon,1184.0000,40.081756
SI_02,silicon,1185.0000,40.081510
SI_02,silicon,1186.0000,40.081265
SI_02,silicon,1187.0000,40.081022
SI_02,silicon,1188.0000,40.080779
SI_02,silicon,1189.0000,40.080538
SI_02,silicon,1190.0000,40.080297
SI_02,silicon,1191.0000,40.080058
SI_02,silicon,1192.0000,40.079820
SI_02,silicon,1193.0000,40.079583
SI_02,silicon,1194.0000,40.079347
SI_02,silicon,1195.0000,40.079112
SI_02,silicon,1196.0000,40.078878
SI_02,silicon,1197.0000,40.078645
SI_02,silicon,1198.0000,40.078413
SI_02,silicon,1199.0000,40.078182
SI_02,silicon,1200.0000,40.077952
SI_02,silicon,1201.0000,40.077723
SI_02,silicon,1202.0000,40.077495
SI_02,silicon,1203.0000,40.077268
SI_02,silicon,1204.0000,40.077042
SI_02,silicon,1205.0000,40.076817
SI_02,silicon,1206.0000,40.076593
SI_02,silicon,1207.0000,40.076370
SI_02,silicon,1208.0000,40.076148
SI_02,silicon,1209.0000,40.075927
SI_02,silicon,1210.0000,40.075707
SI_02,silicon,1211.0000,40.075488
SI_02,silicon,1212.0000,40.075270
SI_02,silicon,1213.0000,40.075053
SI_02,silicon,1214.0000,40.074837
SI_02,silicon,1215.0000,40.074621
SI_02,silicon,1216.0000,40.074407
SI_02,silicon,1217.0000,40.074193
SI_02,silicon,1218.0000,40.073981
SI_02,silicon,1219.0000,40.073769
SI_02,silicon,1220.0000,40.073559
SI_02,silicon,1221.0000,40.073349
SI_02,silicon,1222.0000,40.073140
SI_02,silicon,1223.0000,40.072932
SI_02,silicon,1224.0000,40.072725
SI_02,silicon,1225.0000,40.072518
SI_02,silicon,1226.0000,40.072313
SI_02,silicon,1227.0000,40.072108
SI_02,silicon,1228.0000,40.071905
SI_02,silicon,1229.0000,40.071702
SI_02,silicon,1230.0000,40.071500
SI_02,silicon,1231.0000,40.071299
SI_02,silicon,1232.0000,40.071099
SI_02,silicon,1233.0000,40.070899
SI_02,silicon,1234.0000,40.070701
SI_02,silicon,1235.0000,40.070503
SI_02,silicon,1236.0000,40.070306
SI_02,silicon,1237.0000,40.070110
SI_02,silicon,1238.0000,40.069915
SI_02,silicon,1239.0000,40.069720
SI_02,silicon,1240.0000,40.069526
SI_02,silicon,1241.0000,40.069334
SI_02,silicon,1242.0000,40.069142
SI_02,silicon,1243.0000,40.068950
SI_02,silicon,1244.0000,40.068760
SI_02,silicon,1245.0000,40.068570
SI_02,silicon,1246.0000,40.068381
SI_02,silicon,1247.0000,40.068193
SI_02,silicon,1248.0000,40.068006
SI_02,silicon,1249.0000,40.067819
SI_02,silicon,1250.0000,40.067634
SI_02,silicon,1251.0000,40.067449
SI_02,silicon,1252.0000,40.067264
SI_02,silicon,1253.0000,40.067081
SI_02,silicon,1254.0000,40.066898
SI_02,silicon,1255.0000,40.066716
SI_02,silicon,1256.0000,40.066535
SI_02,silicon,1257.0000,40.066354
SI_02,silicon,1258.0000,40.066175
SI_02,silicon,1259.0000,40.065995
SI_02,silicon,1260.0000,40.065817
SI_02,silicon,1261.0000,40.065639
SI_02,silicon,1262.0000,40.065463
SI_02,silicon,1263.0000,40.065286
SI_02,silicon,1264.0000,40.065111
SI_02,silicon,1265.0000,40.064936
SI_02,silicon,1266.0000,40.064762
SI_02,silicon,1267.0000,40.064589
SI_02,silicon,1268.0000,40.064416
SI_02,silicon,1269.0000,40.064244
SI_02,silicon,1270.0000,40.064073
SI_02,silicon,1271.0000,40.063902
SI_02,silicon,1272.0000,40.063732
SI_02,silicon,1273.0000,40.063563
SI_02,silicon,1274.0000,40.063394
SI_02,silicon,1275.0000,40.063226
SI_02,silicon,1276.0000,40.063059
SI_02,silicon,1277.0000,40.062893
SI_02,silicon,1278.0000,40.062727
SI_02,silicon,1279.0000,40.062561
SI_02,silicon,1280.0000,40.062397
SI_02,silicon,1281.0000,40.062233
SI_02,silicon,1282.0000,40.062070
SI_02,silicon,1283.0000,40.061907
SI_02,silicon,1284.0000,40.061745
SI_02,silicon,1285.0000,40.061583
SI_02,silicon,1286.0000,40.061423
SI_02,silicon,1287.0000,40.061263
SI_02,silicon,1288.0000,40.061103
SI_02,silicon,1289.0000,40.060944
SI_02,silicon,1290.0000,40.060786
SI_02,silicon,1291.0000,40.060628
SI_02,silicon,1292.0000,40.060471
SI_02,silicon,1293.0000,40.060315
SI_02,silicon,1294.0000,40.060159
SI_02,silicon,1295.0000,40.060004
SI_02,silicon,1296.0000,40.059849
SI_02,silicon,1297.0000,40.059695
SI_02,silicon,1298.0000,40.059542
SI_02,silicon,1299.0000,40.059389
SI_02,silicon,1300.0000,40.059236
SI_02,silicon,1301.0000,40.059085
SI_02,silicon,1302.0000,40.058934
SI_02,silicon,1303.0000,40.058783
SI_02,silicon,1304.0000,40.058633
SI_02,silicon,1305.0000,40.058484
SI_02,silicon,1306.0000,40.058335
SI_02,silicon,1307.0000,40.058187
SI_02,silicon,1308.0000,40.058039
SI_02,silicon,1309.0000,40.057892
SI_02,silicon,1310.0000,40.057745
SI_02,silicon,1311.0000,40.057600
SI_02,silicon,1312.0000,40.057454
SI_02,silicon,1313.0000,40.057309
SI_02,silicon,1314.0000,40.057165
SI_02,silicon,1315.0000,40.057021
SI_02,silicon,1316.0000,40.056878
SI_02,silicon,1317.0000,40.056735
SI_02,silicon,1318.0000,40.056593
SI_02,silicon,1319.0000,40.056451
SI_02,silicon,1320.0000,40.056310
SI_02,silicon,1321.0000,40.056170
SI_02,silicon,1322.0000,40.056030
SI_02,silicon,1323.0000,40.055890
SI_02,silicon,1324.0000,40.055751
SI_02,silicon,1325.0000,40.055612
SI_02,silicon,1326.0000,40.055475
SI_02,silicon,1327.0000,40.055337
SI_02,silicon,1328.0000,40.055200
SI_02,silicon,1329.0000,40.055064
SI_02,silicon,1330.0000,40.054928
SI_02,silicon,1331.0000,40.054792
SI_02,silicon,1332.0000,40.054657
SI_02,silicon,1333.0000,40.054523
SI_02,silicon,1334.0000,40.054389
SI_02,silicon,1335.0000,40.054255
SI_02,silicon,1336.0000,40.054122
SI_02,silicon,1337.0000,40.053990
SI_02,silicon,1338.0000,40.053858
SI_02,silicon,1339.0000,40.053727
SI_02,silicon,1340.0000,40.053595
SI_02,silicon,1341.0000,40.053465
SI_02,silicon,1342.0000,40.053335
SI_02,silicon,1343.0000,40.053205
SI_02,silicon,1344.0000,40.053076
SI_02,silicon,1345.0000,40.052948
SI_02,silicon,1346.0000,40.052819
SI_02,silicon,1347.0000,40.052692
SI_02,silicon,1348.0000,40.052564
SI_02,silicon,1349.0000,40.052438
SI_02,silicon,1350.0000,40.052311
SI_02,silicon,1351.0000,40.052185
SI_02,silicon,1352.0000,40.052060
SI_02,silicon,1353.0000,40.051935
SI_02,silicon,1354.0000,40.051810
SI_02,silicon,1355.0000,40.051686
SI_02,silicon,1356.0000,40.051563
SI_02,silicon,1357.0000,40.051439
SI_02,silicon,1358.0000,40.051317
SI_02,silicon,1359.0000,40.051194
SI_02,silicon,1360.0000,40.051073
SI_02,silicon,1361.0000,40.050951
SI_02,silicon,1362.0000,40.050830
SI_02,silicon,1363.0000,40.050709
SI_02,silicon,1364.0000,40.050589
SI_02,silicon,1365.0000,40.050470
SI_02,silicon,1366.0000,40.050350
SI_02,silicon,1367.0000,40.050231
SI_02,silicon,1368.0000,40.050113
SI_02,silicon,1369.0000,40.049995
SI_02,silicon,1370.0000,40.049877
SI_02,silicon,1371.0000,40.049760
SI_02,silicon,1372.0000,40.049643
SI_02,silicon,1373.0000,40.049527
SI_02,silicon,1374.0000,40.049411
SI_02,silicon,1375.0000,40.049295
SI_02,silicon,1376.0000,40.049180
SI_02,silicon,1377.0000,40.049065
SI_02,silicon,1378.0000,40.048951
SI_02,silicon,1379.0000,40.048837
SI_02,silicon,1380.0000,40.048724
SI_02,silicon,1381.0000,40.048610
SI_02,silicon,1382.0000,40.048498
SI_02,silicon,1383.0000,40.048385
SI_02,silicon,1384.0000,40.048273
SI_02,silicon,1385.0000,40.048162
SI_02,silicon,1386.0000,40.048050
SI_02,silicon,1387.0000,40.047940
SI_02,silicon,1388.0000,40.047829
SI_02,silicon,1389.0000,40.047719
SI_02,silicon,1390.0000,40.047609
SI_02,silicon,1391.0000,40.047500
SI_02,silicon,1392.0000,40.047391
SI_02,silicon,1393.0000,40.047283
SI_02,silicon,1394.0000,40.047174
SI_02,silicon,1395.0000,40.047067
SI_02,silicon,1396.0000,40.046959
SI_02,silicon,1397.0000,40.046852
SI_02,silicon,1398.0000,40.046745
SI_02,silicon,1399.0000,40.046639
SI_02,silicon,1400.0000,40.046533
SI_02,silicon,1401.0000,40.046427
SI_02,silicon,1402.0000,40.046322
SI_02,silicon,1403.0000,40.046217
SI_02,silicon,1404.0000,40.046113
SI_02,silicon,1405.0000,40.046008
SI_02,silicon,1406.0000,40.045905
SI_02,silicon,1407.0000,40.045801
SI_02,silicon,1408.0000,40.045698
SI_02,silicon,1409.0000,40.045595
SI_02,silicon,1410.0000,40.045493
SI_02,silicon,1411.0000,40.045391
SI_02,silicon,1412.0000,40.045289
SI_02,silicon,1413.0000,40.045187
SI_02,silicon,1414.0000,40.045086
SI_02,silicon,1415.0000,40.044986
SI_02,silicon,1416.0000,40.044885
SI_02,silicon,1417.0000,40.044785
SI_02,silicon,1418.0000,40.044685
SI_02,silicon,1419.0000,40.044586
SI_02,silicon,1420.0000,40.044487
SI_02,silicon,1421.0000,40.044388
SI_02,silicon,1422.0000,40.044290
SI_02,silicon,1423.0000,40.044192
SI_02,silicon,1424.0000,40.044094
SI_02,silicon,1425.0000,40.043997
SI_02,silicon,1426.0000,40.043899
SI_02,silicon,1427.0000,40.043803
SI_02,silicon,1428.0000,40.043706
SI_02,silicon,1429.0000,40.043610
SI_02,silicon,1430.0000,40.043514
SI_02,silicon,1431.0000,40.043419
SI_02,silicon,1432.0000,40.043323
SI_02,silicon,1433.0000,40.043229
SI_02,silicon,1434.0000,40.043134
SI_02,silicon,1435.0000,40.043040
SI_02,silicon,1436.0000,40.042946
SI_02,silicon,1437.0000,40.042852
SI_02,silicon,1438.0000,40.042759
SI_02,silicon,1439.0000,40.042666
SI_02,silicon,1440.0000,40.042573
SI_02,silicon,1441.0000,40.042480
SI_02,silicon,1442.0000,40.042388
SI_02,silicon,1443.0000,40.042296
SI_02,silicon,1444.0000,40.042205
SI_02,silicon,1445.0000,40.042114
SI_02,silicon,1446.0000,40.042023
SI_02,silicon,1447.0000,40.041932
SI_02,silicon,1448.0000,40.041842
SI_02,silicon,1449.0000,40.041752
SI_02,silicon,1450.0000,40.041662
SI_02,silicon,1451.0000,40.041572
SI_02,silicon,1452.0000,40.041483
SI_02,silicon,1453.0000,40.041394
SI_02,silicon,1454.0000,40.041306
SI_02,silicon,1455.0000,40.041217
SI_02,silicon,1456.0000,40.041129
SI_02,silicon,1457.0000,40.041041
SI_02,silicon,1458.0000,40.040954
SI_02,silicon,1459.0000,40.040867
SI_02,silicon,1460.0000,40.040780
SI_02,silicon,1461.0000,40.040693
SI_02,silicon,1462.0000,40.040607
SI_02,silicon,1463.0000,40.040521
SI_02,silicon,1464.0000,40.040435
SI_02,silicon,1465.0000,40.040349
SI_02,silicon,1466.0000,40.040264
SI_02,silicon,1467.0000,40.040179
SI_02,silicon,1468.0000,40.040094
SI_02,silicon,1469.0000,40.040010
SI_02,silicon,1470.0000,40.039925
SI_02,silicon,1471.0000,40.039841
SI_02,silicon,1472.0000,40.039758
SI_02,silicon,1473.0000,40.039674
SI_02,silicon,1474.0000,40.039591
SI_02,silicon,1475.0000,40.039508
SI_02,silicon,1476.0000,40.039426
SI_02,silicon,1477.0000,40.039343
SI_02,silicon,1478.0000,40.039261
SI_02,silicon,1479.0000,40.039179
SI_02,silicon,1480.0000,40.039098
SI_02,silicon,1481.0000,40.039016
SI_02,silicon,1482.0000,40.038935
SI_02,silicon,1483.0000,40.038854
SI_02,silicon,1484.0000,40.038774
SI_02,silicon,1485.0000,40.038693
SI_02,silicon,1486.0000,40.038613
SI_02,silicon,1487.0000,40.038533
SI_02,silicon,1488.0000,40.038454
SI_02,silicon,1489.0000,40.038374
SI_02,silicon,1490.0000,40.038295
SI_02,silicon,1491.0000,40.038216
SI_02,silicon,1492.0000,40.038138
SI_02,silicon,1493.0000,40.038059
SI_02,silicon,1494.0000,40.037981
SI_02,silicon,1495.0000,40.037903
SI_02,silicon,1496.0000,40.037826
SI_02,silicon,1497.0000,40.037748
SI_02,silicon,1498.0000,40.037671
SI_02,silicon,1499.0000,40.037594
SI_02,silicon,1500.0000,40.037517
SI_02,silicon,1501.0000,40.037441
SI_02,silicon,1502.0000,40.037365
SI_02,silicon,1503.0000,40.037289
SI_02,silicon,1504.0000,40.037213
SI_02,silicon,1505.0000,40.037137
SI_02,silicon,1506.0000,40.037062
SI_02,silicon,1507.0000,40.036987
SI_02,silicon,1508.0000,40.036912
SI_02,silicon,1509.0000,40.036837
SI_02,silicon,1510.0000,40.036763
SI_02,silicon,1511.0000,40.036689
SI_02,silicon,1512.0000,40.036615
SI_02,silicon,1513.0000,40.036541
SI_02,silicon,1514.0000,40.036468
SI_02,silicon,1515.0000,40.036394
SI_02,silicon,1516.0000,40.036321
SI_02,silicon,1517.0000,40.036248
SI_02,silicon,1518.0000,40.036176
SI_02,silicon,1519.0000,40.036103
SI_02,silicon,1520.0000,40.036031
SI_02,silicon,1521.0000,40.035959
SI_02,silicon,1522.0000,40.035887
SI_02,silicon,1523.0000,40.035816
SI_02,silicon,1524.0000,40.035744
SI_02,silicon,1525.0000,40.035673
SI_02,silicon,1526.0000,40.035602
SI_02,silicon,1527.0000,40.035532
SI_02,silicon,1528.0000,40.035461
SI_02,silicon,1529.0000,40.035391
SI_02,silicon,1530.0000,40.035321
SI_02,silicon,1531.0000,40.035251
SI_02,silicon,1532.0000,40.035181
SI_02,silicon,1533.0000,40.035112
SI_02,silicon,1534.0000,40.035043
SI_02,silicon,1535.0000,40.034974
SI_02,silicon,1536.0000,40.034905
SI_02,silicon,1537.0000,40.034836
SI_02,silicon,1538.0000,40.034768
SI_02,silicon,1539.0000,40.034699
SI_02,silicon,1540.0000,40.034631
SI_02,silicon,1541.0000,40.034564
SI_02,silicon,1542.0000,40.034496
SI_02,silicon,1543.0000,40.034429
SI_02,silicon,1544.0000,40.034361
SI_02,silicon,1545.0000,40.034294
SI_02,silicon,1546.0000,40.034227
SI_02,silicon,1547.0000,40.034161
SI_02,silicon,1548.0000,40.034094
SI_02,silicon,1549.0000,40.034028
SI_02,silicon,1550.0000,40.033962
SI_02,silicon,1551.0000,40.033896
SI_02,silicon,1552.0000,40.033830
SI_02,silicon,1553.0000,40.033765
SI_02,silicon,1554.0000,40.033700
SI_02,silicon,1555.0000,40.033634
SI_02,silicon,1556.0000,40.033570
SI_02,silicon,1557.0000,40.033505
SI_02,silicon,1558.0000,40.033440
SI_02,silicon,1559.0000,40.033376
SI_02,silicon,1560.0000,40.033312
SI_02,silicon,1561.0000,40.033248
SI_02,silicon,1562.0000,40.033184
SI_02,silicon,1563.0000,40.033120
SI_02,silicon,1564.0000,40.033057
SI_02,silicon,1565.0000,40.032994
SI_02,silicon,1566.0000,40.032931
SI_02,silicon,1567.0000,40.032868
SI_02,silicon,1568.0000,40.032805
SI_02,silicon,1569.0000,40.032742
SI_02,silicon,1570.0000,40.032680
SI_02,silicon,1571.0000,40.032618
SI_02,silicon,1572.0000,40.032556
SI_02,silicon,1573.0000,40.032494
SI_02,silicon,1574.0000,40.032432
SI_02,silicon,1575.0000,40.032371
SI_02,silicon,1576.0000,40.032310
SI_02,silicon,1577.0000,40.032248
SI_02,silicon,1578.0000,40.032187
SI_02,silicon,1579.0000,40.032127
SI_02,silicon,1580.0000,40.032066
SI_02,silicon,1581.0000,40.032006
SI_02,silicon,1582.0000,40.031945
SI_02,silicon,1583.0000,40.031885
SI_02,silicon,1584.0000,40.031825
SI_02,silicon,1585.0000,40.031766
SI_02,silicon,1586.0000,40.031706
SI_02,silicon,1587.0000,40.031647
SI_02,silicon,1588.0000,40.031587
SI_02,silicon,1589.0000,40.031528
SI_02,silicon,1590.0000,40.031469
SI_02,silicon,1591.0000,40.031411
SI_02,silicon,1592.0000,40.031352
SI_02,silicon,1593.0000,40.031293
SI_02,silicon,1594.0000,40.031235
SI_02,silicon,1595.0000,40.031177
SI_02,silicon,1596.0000,40.031119
SI_02,silicon,1597.0000,40.031061
SI_02,silicon,1598.0000,40.031004
SI_02,silicon,1599.0000,40.030946
SI_02,silicon,1600.0000,40.030889
SI_02,silicon,1601.0000,40.030832
SI_02,silicon,1602.0000,40.030775
SI_02,silicon,1603.0000,40.030718
SI_02,silicon,1604.0000,40.030661
SI_02,silicon,1605.0000,40.030605
SI_02,silicon,1606.0000,40.030548
SI_02,silicon,1607.0000,40.030492
SI_02,silicon,1608.0000,40.030436
SI_02,silicon,1609.0000,40.030380
SI_02,silicon,1610.0000,40.030325
SI_02,silicon,1611.0000,40.030269
SI_02,silicon,1612.0000,40.030214
SI_02,silicon,1613.0000,40.030158
SI_02,silicon,1614.0000,40.030103
SI_02,silicon,1615.0000,40.030048
SI_02,silicon,1616.0000,40.029993
SI_02,silicon,1617.0000,40.029939
SI_02,silicon,1618.0000,40.029884
SI_02,silicon,1619.0000,40.029830
SI_02,silicon,1620.0000,40.029776
SI_02,silicon,1621.0000,40.029721
SI_02,silicon,1622.0000,40.029668
SI_02,silicon,1623.0000,40.029614
SI_02,silicon,1624.0000,40.029560
SI_02,silicon,1625.0000,40.029507
SI_02,silicon,1626.0000,40.029453
SI_02,silicon,1627.0000,40.029400
SI_02,silicon,1628.0000,40.029347
SI_02,silicon,1629.0000,40.029294
SI_02,silicon,1630.0000,40.029241
SI_02,silicon,1631.0000,40.029189
SI_02,silicon,1632.0000,40.029136
SI_02,silicon,1633.0000,40.029084
SI_02,silicon,1634.0000,40.029032
SI_02,silicon,1635.0000,40.028979
SI_02,silicon,1636.0000,40.028928
SI_02,silicon,1637.0000,40.028876
SI_02,silicon,1638.0000,40.028824
SI_02,silicon,1639.0000,40.028773
SI_02,silicon,1640.0000,40.028721
SI_02,silicon,1641.0000,40.028670
SI_02,silicon,1642.0000,40.028619
SI_02,silicon,1643.0000,40.028568
SI_02,silicon,1644.0000,40.028517
SI_02,silicon,1645.0000,40.028466
SI_02,silicon,1646.0000,40.028416
SI_02,silicon,1647.0000,40.028365
SI_02,silicon,1648.0000,40.028315
SI_02,silicon,1649.0000,40.028265
SI_02,silicon,1650.0000,40.028215
SI_02,silicon,1651.0000,40.028165
SI_02,silicon,1652.0000,40.028115
SI_02,silicon,1653.0000,40.028066
SI_02,silicon,1654.0000,40.028016
SI_02,silicon,1655.0000,40.027967
SI_02,silicon,1656.0000,40.027918
SI_02,silicon,1657.0000,40.027868
SI_02,silicon,1658.0000,40.027820
SI_02,silicon,1659.0000,40.027771
SI_02,silicon,1660.0000,40.027722
SI_02,silicon,1661.0000,40.027673
SI_02,silicon,1662.0000,40.027625
SI_02,silicon,1663.0000,40.027577
SI_02,silicon,1664.0000,40.027528
SI_02,silicon,1665.0000,40.027480
SI_02,silicon,1666.0000,40.027432
SI_02,silicon,1667.0000,40.027384
SI_02,silicon,1668.0000,40.027337
SI_02,silicon,1669.0000,40.027289
SI_02,silicon,1670.0000,40.027242
SI_02,silicon,1671.0000,40.027194
SI_02,silicon,1672.0000,40.027147
SI_02,silicon,1673.0000,40.027100
SI_02,silicon,1674.0000,40.027053
SI_02,silicon,1675.0000,40.027006
SI_02,silicon,1676.0000,40.026960
SI_02,silicon,1677.0000,40.026913
SI_02,silicon,1678.0000,40.026867
SI_02,silicon,1679.0000,40.026820
SI_02,silicon,1680.0000,40.026774
SI_02,silicon,1681.0000,40.026728
SI_02,silicon,1682.0000,40.026682
SI_02,silicon,1683.0000,40.026636
SI_02,silicon,1684.0000,40.026590
SI_02,silicon,1685.0000,40.026545
SI_02,silicon,1686.0000,40.026499
SI_02,silicon,1687.0000,40.026454
SI_02,silicon,1688.0000,40.026408
SI_02,silicon,1689.0000,40.026363
SI_02,silicon,1690.0000,40.026318
SI_02,silicon,1691.0000,40.026273
SI_02,silicon,1692.0000,40.026228
SI_02,silicon,1693.0000,40.026184
SI_02,silicon,1694.0000,40.026139
SI_02,silicon,1695.0000,40.026094
SI_02,silicon,1696.0000,40.026050
SI_02,silicon,1697.0000,40.026006
SI_02,silicon,1698.0000,40.025962
SI_02,silicon,1699.0000,40.025918
SI_02,silicon,1700.0000,40.025874
SI_02,silicon,1701.0000,40.025830
SI_02,silicon,1702.0000,40.025786
SI_02,silicon,1703.0000,40.025743
SI_02,silicon,1704.0000,40.025699
SI_02,silicon,1705.0000,40.025656
SI_02,silicon,1706.0000,40.025612
SI_02,silicon,1707.0000,40.025569
SI_02,silicon,1708.0000,40.025526
SI_02,silicon,1709.0000,40.025483
SI_02,silicon,1710.0000,40.025441
SI_02,silicon,1711.0000,40.025398
SI_02,silicon,1712.0000,40.025355
SI_02,silicon,1713.0000,40.025313
SI_02,silicon,1714.0000,40.025270
SI_02,silicon,1715.0000,40.025228
SI_02,silicon,1716.0000,40.025186
SI_02,silicon,1717.0000,40.025144
SI_02,silicon,1718.0000,40.025102
SI_02,silicon,1719.0000,40.025060
SI_02,silicon,1720.0000,40.025018
SI_02,silicon,1721.0000,40.024976
SI_02,silicon,1722.0000,40.024935
SI_02,silicon,1723.0000,40.024893
SI_02,silicon,1724.0000,40.024852
SI_02,silicon,1725.0000,40.024811
SI_02,silicon,1726.0000,40.024770
SI_02,silicon,1727.0000,40.024729
SI_02,silicon,1728.0000,40.024688
SI_02,silicon,1729.0000,40.024647
SI_02,silicon,1730.0000,40.024606
SI_02,silicon,1731.0000,40.024566
SI_02,silicon,1732.0000,40.024525
SI_02,silicon,1733.0000,40.024485
SI_02,silicon,1734.0000,40.024444
SI_02,silicon,1735.0000,40.024404
SI_02,silicon,1736.0000,40.024364
SI_02,silicon,1737.0000,40.024324
SI_02,silicon,1738.0000,40.024284
SI_02,silicon,1739.0000,40.024244
SI_02,silicon,1740.0000,40.024204
SI_02,silicon,1741.0000,40.024165
SI_02,silicon,1742.0000,40.024125
SI_02,silicon,1743.0000,40.024086
SI_02,silicon,1744.0000,40.024046
SI_02,silicon,1745.0000,40.024007
SI_02,silicon,1746.0000,40.023968
SI_02,silicon,1747.0000,40.023929
SI_02,silicon,1748.0000,40.023890
SI_02,silicon,1749.0000,40.023851
SI_02,silicon,1750.0000,40.023812
SI_02,silicon,1751.0000,40.023774
SI_02,silicon,1752.0000,40.023735
SI_02,silicon,1753.0000,40.023696
SI_02,silicon,1754.0000,40.023658
SI_02,silicon,1755.0000,40.023620
SI_02,silicon,1756.0000,40.023582
SI_02,silicon,1757.0000,40.023543
SI_02,silicon,1758.0000,40.023505
SI_02,silicon,1759.0000,40.023467
SI_02,silicon,1760.0000,40.023430
SI_02,silicon,1761.0000,40.023392
SI_02,silicon,1762.0000,40.023354
SI_02,silicon,1763.0000,40.023317
SI_02,silicon,1764.0000,40.023279
SI_02,silicon,1765.0000,40.023242
SI_02,silicon,1766.0000,40.023204
SI_02,silicon,1767.0000,40.023167
SI_02,silicon,1768.0000,40.023130
SI_02,silicon,1769.0000,40.023093
SI_02,silicon,1770.0000,40.023056
SI_02,silicon,1771.0000,40.023019
SI_02,silicon,1772.0000,40.022982
SI_02,silicon,1773.0000,40.022946
SI_02,silicon,1774.0000,40.022909
SI_02,silicon,1775.0000,40.022873
SI_02,silicon,1776.0000,40.022836
SI_02,silicon,1777.0000,40.022800
SI_02,silicon,1778.0000,40.022764
SI_02,silicon,1779.0000,40.022728
SI_02,silicon,1780.0000,40.022691
SI_02,silicon,1781.0000,40.022655
SI_02,silicon,1782.0000,40.022620
SI_02,silicon,1783.0000,40.022584
SI_02,silicon,1784.0000,40.022548
SI_02,silicon,1785.0000,40.022512
SI_02,silicon,1786.0000,40.022477
SI_02,silicon,1787.0000,40.022441
SI_02,silicon,1788.0000,40.022406
SI_02,silicon,1789.0000,40.022371
SI_02,silicon,1790.0000,40.022335
SI_02,silicon,1791.0000,40.022300
SI_02,silicon,1792.0000,40.022265
SI_02,silicon,1793.0000,40.022230
SI_02,silicon,1794.0000,40.022195
SI_02,silicon,1795.0000,40.022160
SI_02,silicon,1796.0000,40.022126
SI_02,silicon,1797.0000,40.022091
SI_02,silicon,1798.0000,40.022057
SI_02,silicon,1799.0000,40.022022
SI_02,silicon,1800.0000,40.021988
SI_02,silicon,1801.0000,40.021953
SI_02,silicon,1802.0000,40.021919
SI_02,silicon,1803.0000,40.021885
SI_02,silicon,1804.0000,40.021851
SI_02,silicon,1805.0000,40.021817
SI_02,silicon,1806.0000,40.021783
SI_02,silicon,1807.0000,40.021749
SI_02,silicon,1808.0000,40.021715
SI_02,silicon,1809.0000,40.021682
SI_02,silicon,1810.0000,40.021648
SI_02,silicon,1811.0000,40.021614
SI_02,silicon,1812.0000,40.021581
SI_02,silicon,1813.0000,40.021548
SI_02,silicon,1814.0000,40.021514
SI_02,silicon,1815.0000,40.021481
SI_02,silicon,1816.0000,40.021448
SI_02,silicon,1817.0000,40.021415
SI_02,silicon,1818.0000,40.021382
SI_02,silicon,1819.0000,40.021349
SI_02,silicon,1820.0000,40.021316
SI_02,silicon,1821.0000,40.021283
SI_02,silicon,1822.0000,40.021251
SI_02,silicon,1823.0000,40.021218
SI_02,silicon,1824.0000,40.021185
SI_02,silicon,1825.0000,40.021153
SI_02,silicon,1826.0000,40.021121
SI_02,silicon,1827.0000,40.021088
SI_02,silicon,1828.0000,40.021056
SI_02,silicon,1829.0000,40.021024
SI_02,silicon,1830.0000,40.020992
SI_02,silicon,1831.0000,40.020960
SI_02,silicon,1832.0000,40.020928
SI_02,silicon,1833.0000,40.020896
SI_02,silicon,1834.0000,40.020864
SI_02,silicon,1835.0000,40.020832
SI_02,silicon,1836.0000,40.020801
SI_02,silicon,1837.0000,40.020769
SI_02,silicon,1838.0000,40.020738
SI_02,silicon,1839.0000,40.020706
SI_02,silicon,1840.0000,40.020675
SI_02,silicon,1841.0000,40.020644
SI_02,silicon,1842.0000,40.020612
SI_02,silicon,1843.0000,40.020581
SI_02,silicon,1844.0000,40.020550
SI_02,silicon,1845.0000,40.020519
SI_02,silicon,1846.0000,40.020488
SI_02,silicon,1847.0000,40.020457
SI_02,silicon,1848.0000,40.020426
SI_02,silicon,1849.0000,40.020396
SI_02,silicon,1850.0000,40.020365
SI_02,silicon,1851.0000,40.020334
SI_02,silicon,1852.0000,40.020304
SI_02,silicon,1853.0000,40.020273
SI_02,silicon,1854.0000,40.020243
SI_02,silicon,1855.0000,40.020213
SI_02,silicon,1856.0000,40.020182
SI_02,silicon,1857.0000,40.020152
SI_02,silicon,1858.0000,40.020122
SI_02,silicon,1859.0000,40.020092
SI_02,silicon,1860.0000,40.020062
SI_02,silicon,1861.0000,40.020032
SI_02,silicon,1862.0000,40.020002
SI_02,silicon,1863.0000,40.019973
SI_02,silicon,1864.0000,40.019943
SI_02,silicon,1865.0000,40.019913
SI_02,silicon,1866.0000,40.019884
SI_02,silicon,1867.0000,40.019854
SI_02,silicon,1868.0000,40.019825
SI_02,silicon,1869.0000,40.019795
SI_02,silicon,1870.0000,40.019766
SI_02,silicon,1871.0000,40.019737
SI_02,silicon,1872.0000,40.019707
SI_02,silicon,1873.0000,40.019678
SI_02,silicon,1874.0000,40.019649
SI_02,silicon,1875.0000,40.019620
SI_02,silicon,1876.0000,40.019591
SI_02,silicon,1877.0000,40.019562
SI_02,silicon,1878.0000,40.019534
SI_02,silicon,1879.0000,40.019505
SI_02,silicon,1880.0000,40.019476
SI_02,silicon,1881.0000,40.019448
SI_02,silicon,1882.0000,40.019419
SI_02,silicon,1883.0000,40.019391
SI_02,silicon,1884.0000,40.019362
SI_02,silicon,1885.0000,40.019334
SI_02,silicon,1886.0000,40.019305
SI_02,silicon,1887.0000,40.019277
SI_02,silicon,1888.0000,40.019249
SI_02,silicon,1889.0000,40.019221
SI_02,silicon,1890.0000,40.019193
SI_02,silicon,1891.0000,40.019165
SI_02,silicon,1892.0000,40.019137
SI_02,silicon,1893.0000,40.019109
SI_02,silicon,1894.0000,40.019081
SI_02,silicon,1895.0000,40.019053
SI_02,silicon,1896.0000,40.019026
SI_02,silicon,1897.0000,40.018998
SI_02,silicon,1898.0000,40.018971
SI_02,silicon,1899.0000,40.018943
SI_02,silicon,1900.0000,40.018916
SI_02,silicon,1901.0000,40.018888
SI_02,silicon,1902.0000,40.018861
SI_02,silicon,1903.0000,40.018834
SI_02,silicon,1904.0000,40.018806
SI_02,silicon,1905.0000,40.018779
SI_02,silicon,1906.0000,40.018752
SI_02,silicon,1907.0000,40.018725
SI_02,silicon,1908.0000,40.018698
SI_02,silicon,1909.0000,40.018671
SI_02,silicon,1910.0000,40.018644
SI_02,silicon,1911.0000,40.018617
SI_02,silicon,1912.0000,40.018591
SI_02,silicon,1913.0000,40.018564
SI_02,silicon,1914.0000,40.018537
SI_02,silicon,1915.0000,40.018511
SI_02,silicon,1916.0000,40.018484
SI_02,silicon,1917.0000,40.018458
SI_02,silicon,1918.0000,40.018431
SI_02,silicon,1919.0000,40.018405
SI_02,silicon,1920.0000,40.018379
SI_02,silicon,1921.0000,40.018353
SI_02,silicon,1922.0000,40.018326
SI_02,silicon,1923.0000,40.018300
SI_02,silicon,1924.0000,40.018274
SI_02,silicon,1925.0000,40.018248
SI_02,silicon,1926.0000,40.018222
SI_02,silicon,1927.0000,40.018196
SI_02,silicon,1928.0000,40.018171
SI_02,silicon,1929.0000,40.018145
SI_02,silicon,1930.0000,40.018119
SI_02,silicon,1931.0000,40.018093
SI_02,silicon,1932.0000,40.018068
SI_02,silicon,1933.0000,40.018042
SI_02,silicon,1934.0000,40.018017
SI_02,silicon,1935.0000,40.017991
SI_02,silicon,1936.0000,40.017966
SI_02,silicon,1937.0000,40.017940
SI_02,silicon,1938.0000,40.017915
SI_02,silicon,1939.0000,40.017890
SI_02,silicon,1940.0000,40.017865
SI_02,silicon,1941.0000,40.017839
SI_02,silicon,1942.0000,40.017814
SI_02,silicon,1943.0000,40.017789
SI_02,silicon,1944.0000,40.017764
SI_02,silicon,1945.0000,40.017739
SI_02,silicon,1946.0000,40.017715
SI_02,silicon,1947.0000,40.017690
SI_02,silicon,1948.0000,40.017665
SI_02,silicon,1949.0000,40.017640
SI_02,silicon,1950.0000,40.017616
SI_02,silicon,1951.0000,40.017591
SI_02,silicon,1952.0000,40.017566
SI_02,silicon,1953.0000,40.017542
SI_02,silicon,1954.0000,40.017517
SI_02,silicon,1955.0000,40.017493
SI_02,silicon,1956.0000,40.017469
SI_02,silicon,1957.0000,40.017444
SI_02,silicon,1958.0000,40.017420
SI_02,silicon,1959.0000,40.017396
SI_02,silicon,1960.0000,40.017372
SI_02,silicon,1961.0000,40.017348
SI_02,silicon,1962.0000,40.017323
SI_02,silicon,1963.0000,40.017299
SI_02,silicon,1964.0000,40.017276
SI_02,silicon,1965.0000,40.017252
SI_02,silicon,1966.0000,40.017228
SI_02,silicon,1967.0000,40.017204
SI_02,silicon,1968.0000,40.017180
SI_02,silicon,1969.0000,40.017156
SI_02,silicon,1970.0000,40.017133
SI_02,silicon,1971.0000,40.017109
SI_02,silicon,1972.0000,40.017086
SI_02,silicon,1973.0000,40.017062
SI_02,silicon,1974.0000,40.017039
SI_02,silicon,1975.0000,40.017015
SI_02,silicon,1976.0000,40.016992
SI_02,silicon,1977.0000,40.016969
SI_02,silicon,1978.0000,40.016945
SI_02,silicon,1979.0000,40.016922
SI_02,silicon,1980.0000,40.016899
SI_02,silicon,1981.0000,40.016876
SI_02,silicon,1982.0000,40.016853
SI_02,silicon,1983.0000,40.016830
SI_02,silicon,1984.0000,40.016807
SI_02,silicon,1985.0000,40.016784
SI_02,silicon,1986.0000,40.016761
SI_02,silicon,1987.0000,40.016738
SI_02,silicon,1988.0000,40.016715
SI_02,silicon,1989.0000,40.016692
SI_02,silicon,1990.0000,40.016670
SI_02,silicon,1991.0000,40.016647
SI_02,silicon,1992.0000,40.016624
SI_02,silicon,1993.0000,40.016602
SI_02,silicon,1994.0000,40.016579
SI_02,silicon,1995.0000,40.016557
SI_02,silicon,1996.0000,40.016534
SI_02,silicon,1997.0000,40.016512
SI_02,silicon,1998.0000,40.016490
SI_02,silicon,1999.0000,40.016467
SI_02,silicon,2000.0000,40.016445
