rep_id,raman_shift_cm-1,intensity
S01,200.0000,50.044842
S01,201.0000,35.859621
S01,202.0000,22.697830
S01,203.0000,39.578649
S01,204.0000,52.359994
S01,205.0000,44.623587
S01,206.0000,43.664920
S01,207.0000,27.651228
S01,208.0000,57.470129
S01,209.0000,36.352046
S01,210.0000,55.837460
S01,211.0000,28.235901
S01,212.0000,34.631754
S01,213.0000,40.947787
S01,214.0000,50.293929
S01,215.0000,54.726838
S01,216.0000,40.218614
S01,217.0000,37.045044
S01,218.0000,33.695636
S01,219.0000,50.052143
S01,220.0000,43.080762
S01,221.0000,24.571020
S01,222.0000,32.656877
S01,223.0000,38.965954
S01,224.0000,33.168998
S01,225.0000,41.806468
S01,226.0000,40.319964
S01,227.0000,52.457908
S01,228.0000,50.110467
S01,229.0000,46.665792
S01,230.0000,49.054568
S01,231.0000,42.618423
S01,232.0000,33.813418
S01,233.0000,45.057704
S01,234.0000,40.620364
S01,235.0000,52.383013
S01,236.0000,49.053633
S01,237.0000,47.558732
S01,238.0000,40.171080
S01,239.0000,37.067920
S01,240.0000,54.297698
S01,241.0000,36.796161
S01,242.0000,33.126070
S01,243.0000,30.972802
S01,244.0000,40.318033
S01,245.0000,50.877921
S01,246.0000,49.625277
S01,247.0000,51.845740
S01,248.0000,29.809947
S01,249.0000,50.865659
S01,250.0000,53.582154
S01,251.0000,36.396398
S01,252.0000,33.508644
S01,253.0000,34.270887
S01,254.0000,34.554699
S01,255.0000,17.261588
S01,256.0000,46.397137
S01,257.0000,43.075343
S01,258.0000,41.214290
S01,259.0000,46.368557
S01,260.0000,36.872454
S01,261.0000,23.792757
S01,262.0000,51.013706
S01,263.0000,43.885967
S01,264.0000,38.132465
S01,265.0000,37.719143
S01,266.0000,31.396425
S01,267.0000,45.852501
S01,268.0000,38.859517
S01,269.0000,58.333966
S01,270.0000,22.217003
S01,271.0000,52.919894
S01,272.0000,28.002975
S01,273.0000,49.271983
S01,274.0000,25.337807
S01,275.0000,45.599237
S01,276.0000,35.799898
S01,277.0000,46.525939
S01,278.0000,40.849464
S01,279.0000,46.795835
S01,280.0000,36.580150
S01,281.0000,37.571505
S01,282.0000,61.628582
S01,283.0000,35.802018
S01,284.0000,49.209507
S01,285.0000,31.990305
S01,286.0000,48.952809
S01,287.0000,45.502452
S01,288.0000,34.095739
S01,289.0000,53.793103
S01,290.0000,28.013636
S01,291.0000,38.121929
S01,292.0000,56.144157
S01,293.0000,54.256873
S01,294.0000,40.895602
S01,295.0000,35.168187
S01,296.0000,39.821224
S01,297.0000,40.664433
S01,298.0000,47.194383
S01,299.0000,53.857724
S01,300.0000,66.942901
S01,301.0000,48.058928
S01,302.0000,44.003634
S01,303.0000,45.515700
S01,304.0000,34.752949
S01,305.0000,32.403394
S01,306.0000,43.059797
S01,307.0000,32.767378
S01,308.0000,40.898945
S01,309.0000,28.176209
S01,310.0000,37.090760
S01,311.0000,49.859883
S01,312.0000,60.326926
S01,313.0000,26.317060
S01,314.0000,49.003597
S01,315.0000,38.693977
S01,316.0000,59.972181
S01,317.0000,48.001628
S01,318.0000,44.333727
S01,319.0000,30.504849
S01,320.0000,60.262124
S01,321.0000,44.684181
S01,322.0000,20.961494
S01,323.0000,45.551487
S01,324.0000,47.361778
S01,325.0000,26.886527
S01,326.0000,37.769961
S01,327.0000,38.148640
S01,328.0000,35.414909
S01,329.0000,44.456899
S01,330.0000,33.385625
S01,331.0000,20.151348
S01,332.0000,42.241497
S01,333.0000,43.541982
S01,334.0000,39.750428
S01,335.0000,29.719299
S01,336.0000,44.324426
S01,337.0000,34.109830
S01,338.0000,46.797953
S01,339.0000,43.288255
S01,340.0000,57.674221
S01,341.0000,27.501198
S01,342.0000,65.354774
S01,343.0000,43.572985
S01,344.0000,39.773719
S01,345.0000,51.420778
S01,346.0000,57.140725
S01,347.0000,48.471578
S01,348.0000,26.734309
S01,349.0000,36.328203
S01,350.0000,38.005745
S01,351.0000,39.876956
S01,352.0000,39.962825
S01,353.0000,30.483806
S01,354.0000,26.219804
S01,355.0000,39.858392
S01,356.0000,37.388217
S01,357.0000,34.372190
S01,358.0000,42.852936
S01,359.0000,31.206331
S01,360.0000,30.148104
S01,361.0000,46.561516
S01,362.0000,44.089456
S01,363.0000,39.546600
S01,364.0000,31.192794
S01,365.0000,29.607000
S01,366.0000,46.139423
S01,367.0000,32.117364
S01,368.0000,35.066273
S01,369.0000,28.252135
S01,370.0000,29.090649
S01,371.0000,52.785582
S01,372.0000,38.651862
S01,373.0000,26.987557
S01,374.0000,35.826433
S01,375.0000,34.999157
S01,376.0000,50.904478
S01,377.0000,41.719239
S01,378.0000,48.667512
S01,379.0000,39.275646
S01,380.0000,52.142054
S01,381.0000,37.326357
S01,382.0000,18.150557
S01,383.0000,32.895960
S01,384.0000,51.791516
S01,385.0000,60.385393
S01,386.0000,31.467188
S01,387.0000,45.048574
S01,388.0000,27.718011
S01,389.0000,38.493200
S01,390.0000,60.813910
S01,391.0000,36.528129
S01,392.0000,43.133844
S01,393.0000,49.651575
S01,394.0000,24.400717
S01,395.0000,34.462284
S01,396.0000,53.830454
S01,397.0000,40.108890
S01,398.0000,31.520554
S01,399.0000,39.188810
S01,400.0000,38.245624
S01,401.0000,46.915598
S01,402.0000,57.717774
S01,403.0000,36.782609
S01,404.0000,69.341136
S01,405.0000,43.001724
S01,406.0000,61.354319
S01,407.0000,52.804146
S01,408.0000,41.417565
S01,409.0000,44.101404
S01,410.0000,49.819305
S01,411.0000,28.261814
S01,412.0000,44.075029
S01,413.0000,52.841137
S01,414.0000,39.761210
S01,415.0000,41.276247
S01,416.0000,43.674926
S01,417.0000,36.513906
S01,418.0000,44.342871
S01,419.0000,22.164480
S01,420.0000,26.041213
S01,421.0000,31.799010
S01,422.0000,38.895792
S01,423.0000,28.665004
S01,424.0000,49.333743
S01,425.0000,55.181101
S01,426.0000,36.417384
S01,427.0000,35.321172
S01,428.0000,45.673408
S01,429.0000,55.207619
S01,430.0000,29.810139
S01,431.0000,40.876572
S01,432.0000,37.845798
S01,433.0000,54.875848
S01,434.0000,65.827074
S01,435.0000,51.529191
S01,436.0000,39.849448
S01,437.0000,48.906430
S01,438.0000,46.675627
S01,439.0000,27.834858
S01,440.0000,28.457138
S01,441.0000,49.196141
S01,442.0000,33.308410
S01,443.0000,39.136449
S01,444.0000,31.336668
S01,445.0000,48.669562
S01,446.0000,40.432722
S01,447.0000,35.462256
S01,448.0000,44.534071
S01,449.0000,45.429051
S01,450.0000,25.041453
S01,451.0000,30.163527
S01,452.0000,49.315457
S01,453.0000,41.411573
S01,454.0000,49.477047
S01,455.0000,24.744871
S01,456.0000,36.335936
S01,457.0000,37.691884
S01,458.0000,44.912776
S01,459.0000,40.500211
S01,460.0000,27.572972
S01,461.0000,35.361786
S01,462.0000,24.542321
S01,463.0000,30.170422
S01,464.0000,24.396725
S01,465.0000,30.535411
S01,466.0000,27.435523
S01,467.0000,47.159941
S01,468.0000,61.552609
S01,469.0000,37.318897
S01,470.0000,33.823227
S01,471.0000,38.869095
S01,472.0000,32.684765
S01,473.0000,49.459681
S01,474.0000,35.778727
S01,475.0000,46.615766
S01,476.0000,17.644133
S01,477.0000,42.464797
S01,478.0000,68.220982
S01,479.0000,44.134008
S01,480.0000,55.158737
S01,481.0000,56.805015
S01,482.0000,35.033271
S01,483.0000,69.141086
S01,484.0000,33.252551
S01,485.0000,52.169785
S01,486.0000,46.745228
S01,487.0000,43.610929
S01,488.0000,42.751729
S01,489.0000,50.106113
S01,490.0000,37.203778
S01,491.0000,48.335639
S01,492.0000,49.785040
S01,493.0000,34.882116
S01,494.0000,52.101792
S01,495.0000,53.543838
S01,496.0000,31.851260
S01,497.0000,47.284513
S01,498.0000,31.251026
S01,499.0000,26.367115
S01,500.0000,31.418786
S01,501.0000,33.618674
S01,502.0000,45.350843
S01,503.0000,30.849637
S01,504.0000,39.678585
S01,505.0000,46.096980
S01,506.0000,37.045355
S01,507.0000,34.486027
S01,508.0000,54.941397
S01,509.0000,51.322772
S01,510.0000,39.440018
S01,511.0000,39.914575
S01,512.0000,27.302452
S01,513.0000,38.530505
S01,514.0000,33.400383
S01,515.0000,40.615416
S01,516.0000,46.902551
S01,517.0000,54.714566
S01,518.0000,37.435810
S01,519.0000,47.104632
S01,520.0000,36.698990
S01,521.0000,37.033584
S01,522.0000,31.100975
S01,523.0000,34.952674
S01,524.0000,14.740392
S01,525.0000,32.191026
S01,526.0000,53.310325
S01,527.0000,40.085941
S01,528.0000,44.451096
S01,529.0000,40.743579
S01,530.0000,39.223400
S01,531.0000,35.513438
S01,532.0000,38.133576
S01,533.0000,46.520165
S01,534.0000,32.274714
S01,535.0000,51.791425
S01,536.0000,57.889674
S01,537.0000,52.089720
S01,538.0000,37.327669
S01,539.0000,33.569327
S01,540.0000,44.280426
S01,541.0000,20.548479
S01,542.0000,46.062912
S01,543.0000,37.460773
S01,544.0000,43.748957
S01,545.0000,38.783597
S01,546.0000,36.236803
S01,547.0000,43.356559
S01,548.0000,44.037065
S01,549.0000,36.603478
S01,550.0000,58.032738
S01,551.0000,41.403225
S01,552.0000,73.658906
S01,553.0000,31.362715
S01,554.0000,32.310569
S01,555.0000,28.899504
S01,556.0000,38.290256
S01,557.0000,50.790912
S01,558.0000,36.720812
S01,559.0000,33.977029
S01,560.0000,45.562347
S01,561.0000,40.666005
S01,562.0000,40.287654
S01,563.0000,42.916308
S01,564.0000,55.260469
S01,565.0000,48.674755
S01,566.0000,17.703772
S01,567.0000,30.866357
S01,568.0000,51.439233
S01,569.0000,34.652994
S01,570.0000,46.232801
S01,571.0000,47.948605
S01,572.0000,50.415707
S01,573.0000,42.715504
S01,574.0000,61.196769
S01,575.0000,58.326927
S01,576.0000,59.699680
S01,577.0000,50.314108
S01,578.0000,47.108550
S01,579.0000,40.327394
S01,580.0000,59.655061
S01,581.0000,70.382338
S01,582.0000,37.544671
S01,583.0000,47.266356
S01,584.0000,57.073942
S01,585.0000,65.340633
S01,586.0000,38.566359
S01,587.0000,51.604515
S01,588.0000,49.000356
S01,589.0000,53.648988
S01,590.0000,60.472112
S01,591.0000,59.080649
S01,592.0000,66.968905
S01,593.0000,61.233878
S01,594.0000,68.560620
S01,595.0000,66.876680
S01,596.0000,57.123154
S01,597.0000,77.313384
S01,598.0000,69.633752
S01,599.0000,63.869768
S01,600.0000,66.000625
S01,601.0000,58.377518
S01,602.0000,88.911373
S01,603.0000,92.390601
S01,604.0000,82.629849
S01,605.0000,80.192986
S01,606.0000,107.764896
S01,607.0000,120.079718
S01,608.0000,113.588082
S01,609.0000,117.080132
S01,610.0000,159.682897
S01,611.0000,179.274888
S01,612.0000,191.369207
S01,613.0000,204.728064
S01,614.0000,248.633395
S01,615.0000,265.235917
S01,616.0000,316.260563
S01,617.0000,376.690778
S01,618.0000,409.707520
S01,619.0000,442.530844
S01,620.0000,482.384803
S01,621.0000,444.310055
S01,622.0000,420.006174
S01,623.0000,366.610883
S01,624.0000,312.612087
S01,625.0000,280.895049
S01,626.0000,257.601123
S01,627.0000,203.509216
S01,628.0000,172.516806
S01,629.0000,186.636982
S01,630.0000,158.108468
S01,631.0000,129.532885
S01,632.0000,127.867470
S01,633.0000,96.864676
S01,634.0000,96.848926
S01,635.0000,104.030053
S01,636.0000,58.685723
S01,637.0000,81.282320
S01,638.0000,80.133689
S01,639.0000,83.772009
S01,640.0000,93.203050
S01,641.0000,76.979079
S01,642.0000,68.394350
S01,643.0000,65.436289
S01,644.0000,74.972044
S01,645.0000,63.154670
S01,646.0000,49.181974
S01,647.0000,51.481832
S01,648.0000,60.558082
S01,649.0000,62.096079
S01,650.0000,55.787004
S01,651.0000,48.827086
S01,652.0000,49.047978
S01,653.0000,64.313399
S01,654.0000,53.069867
S01,655.0000,51.605734
S01,656.0000,51.712126
S01,657.0000,36.731986
S01,658.0000,74.994118
S01,659.0000,42.398041
S01,660.0000,35.927721
S01,661.0000,37.959547
S01,662.0000,62.346276
S01,663.0000,42.109864
S01,664.0000,61.691565
S01,665.0000,43.604441
S01,666.0000,61.550825
S01,667.0000,42.518478
S01,668.0000,88.714869
S01,669.0000,47.896703
S01,670.0000,45.577442
S01,671.0000,37.882688
S01,672.0000,50.753597
S01,673.0000,35.916809
S01,674.0000,47.274783
S01,675.0000,50.099409
S01,676.0000,46.886823
S01,677.0000,31.839329
S01,678.0000,35.843530
S01,679.0000,43.457286
S01,680.0000,22.383560
S01,681.0000,37.778773
S01,682.0000,45.578078
S01,683.0000,40.031035
S01,684.0000,36.380676
S01,685.0000,54.046076
S01,686.0000,48.942770
S01,687.0000,38.151336
S01,688.0000,60.542000
S01,689.0000,37.705515
S01,690.0000,45.136244
S01,691.0000,33.562002
S01,692.0000,44.105730
S01,693.0000,19.742508
S01,694.0000,47.857717
S01,695.0000,57.102926
S01,696.0000,58.630965
S01,697.0000,33.838096
S01,698.0000,40.734431
S01,699.0000,42.021734
S01,700.0000,27.933613
S01,701.0000,34.323697
S01,702.0000,32.791799
S01,703.0000,40.664146
S01,704.0000,42.040554
S01,705.0000,36.898269
S01,706.0000,30.571232
S01,707.0000,42.970615
S01,708.0000,39.569259
S01,709.0000,31.050920
S01,710.0000,39.142224
S01,711.0000,20.202536
S01,712.0000,49.810358
S01,713.0000,36.162488
S01,714.0000,31.539306
S01,715.0000,35.168126
S01,716.0000,49.169862
S01,717.0000,34.076189
S01,718.0000,50.691788
S01,719.0000,45.378932
S01,720.0000,36.274362
S01,721.0000,35.990315
S01,722.0000,39.592084
S01,723.0000,40.019026
S01,724.0000,33.682737
S01,725.0000,40.737585
S01,726.0000,39.723077
S01,727.0000,27.620725
S01,728.0000,45.175497
S01,729.0000,43.068137
S01,730.0000,48.988602
S01,731.0000,32.401691
S01,732.0000,49.806786
S01,733.0000,40.574555
S01,734.0000,35.413082
S01,735.0000,36.335643
S01,736.0000,35.071108
S01,737.0000,37.734165
S01,738.0000,36.883940
S01,739.0000,53.375187
S01,740.0000,29.703700
S01,741.0000,34.483210
S01,742.0000,48.574043
S01,743.0000,60.271347
S01,744.0000,43.793913
S01,745.0000,51.916219
S01,746.0000,36.213334
S01,747.0000,39.998578
S01,748.0000,53.081519
S01,749.0000,45.977574
S01,750.0000,25.687483
S01,751.0000,48.430634
S01,752.0000,36.787700
S01,753.0000,44.068057
S01,754.0000,54.638413
S01,755.0000,39.981087
S01,756.0000,38.225315
S01,757.0000,36.747526
S01,758.0000,33.931569
S01,759.0000,48.236770
S01,760.0000,49.150267
S01,761.0000,31.147109
S01,762.0000,49.103700
S01,763.0000,44.052726
S01,764.0000,37.924459
S01,765.0000,30.219923
S01,766.0000,37.000970
S01,767.0000,50.968022
S01,768.0000,30.127903
S01,769.0000,29.562543
S01,770.0000,36.465521
S01,771.0000,61.763578
S01,772.0000,40.098748
S01,773.0000,29.071869
S01,774.0000,40.284370
S01,775.0000,47.606058
S01,776.0000,46.262565
S01,777.0000,31.466907
S01,778.0000,53.445417
S01,779.0000,29.534577
S01,780.0000,21.919703
S01,781.0000,58.661011
S01,782.0000,35.031814
S01,783.0000,53.012997
S01,784.0000,39.553508
S01,785.0000,34.371999
S01,786.0000,51.958058
S01,787.0000,34.714121
S01,788.0000,52.741088
S01,789.0000,45.498512
S01,790.0000,56.583523
S01,791.0000,42.568376
S01,792.0000,35.250222
S01,793.0000,38.645308
S01,794.0000,30.894295
S01,795.0000,31.512845
S01,796.0000,17.010850
S01,797.0000,34.625368
S01,798.0000,39.491722
S01,799.0000,36.461077
S01,800.0000,37.605767
S01,801.0000,32.799215
S01,802.0000,37.725475
S01,803.0000,33.953536
S01,804.0000,35.919729
S01,805.0000,37.091826
S01,806.0000,60.067610
S01,807.0000,31.081922
S01,808.0000,22.740530
S01,809.0000,59.849342
S01,810.0000,44.372472
S01,811.0000,13.417739
S01,812.0000,35.670533
S01,813.0000,50.065257
S01,814.0000,41.246220
S01,815.0000,41.185217
S01,816.0000,47.476316
S01,817.0000,27.765568
S01,818.0000,54.775050
S01,819.0000,28.964304
S01,820.0000,20.886438
S01,821.0000,39.509099
S01,822.0000,38.736521
S01,823.0000,32.562204
S01,824.0000,36.681455
S01,825.0000,41.902667
S01,826.0000,49.523300
S01,827.0000,37.789192
S01,828.0000,37.137992
S01,829.0000,30.339166
S01,830.0000,31.065060
S01,831.0000,47.760938
S01,832.0000,46.587832
S01,833.0000,45.608885
S01,834.0000,48.614536
S01,835.0000,48.116680
S01,836.0000,46.603211
S01,837.0000,44.766047
S01,838.0000,54.500743
S01,839.0000,36.973924
S01,840.0000,47.658410
S01,841.0000,46.379514
S01,842.0000,58.830279
S01,843.0000,37.025288
S01,844.0000,31.048100
S01,845.0000,46.160332
S01,846.0000,33.077137
S01,847.0000,40.089966
S01,848.0000,25.250264
S01,849.0000,51.777802
S01,850.0000,48.310710
S01,851.0000,30.559909
S01,852.0000,47.211498
S01,853.0000,52.851800
S01,854.0000,36.464270
S01,855.0000,42.525093
S01,856.0000,26.612150
S01,857.0000,42.012155
S01,858.0000,38.465955
S01,859.0000,69.855203
S01,860.0000,52.557106
S01,861.0000,36.800405
S01,862.0000,22.015704
S01,863.0000,39.942342
S01,864.0000,44.336190
S01,865.0000,67.374324
S01,866.0000,52.574987
S01,867.0000,45.623215
S01,868.0000,39.473969
S01,869.0000,39.246787
S01,870.0000,16.247658
S01,871.0000,57.143027
S01,872.0000,34.765305
S01,873.0000,37.568878
S01,874.0000,44.393027
S01,875.0000,31.727572
S01,876.0000,32.715225
S01,877.0000,44.975663
S01,878.0000,61.916685
S01,879.0000,41.519007
S01,880.0000,55.129452
S01,881.0000,39.536955
S01,882.0000,48.627060
S01,883.0000,41.726847
S01,884.0000,37.693626
S01,885.0000,36.955878
S01,886.0000,42.394108
S01,887.0000,41.568445
S01,888.0000,38.495489
S01,889.0000,46.727539
S01,890.0000,31.112127
S01,891.0000,41.086923
S01,892.0000,47.285715
S01,893.0000,34.188837
S01,894.0000,42.153523
S01,895.0000,70.860242
S01,896.0000,34.348510
S01,897.0000,28.034755
S01,898.0000,66.582015
S01,899.0000,52.931524
S01,900.0000,46.573580
S01,901.0000,56.785915
S01,902.0000,56.123110
S01,903.0000,32.077733
S01,904.0000,63.555616
S01,905.0000,28.918316
S01,906.0000,36.075086
S01,907.0000,70.603545
S01,908.0000,39.071670
S01,909.0000,34.506604
S01,910.0000,44.962433
S01,911.0000,57.311894
S01,912.0000,80.102786
S01,913.0000,42.162008
S01,914.0000,43.297890
S01,915.0000,37.844213
S01,916.0000,59.370049
S01,917.0000,44.701554
S01,918.0000,59.641623
S01,919.0000,40.951404
S01,920.0000,47.698479
S01,921.0000,59.505356
S01,922.0000,38.216601
S01,923.0000,54.527010
S01,924.0000,45.504397
S01,925.0000,51.358510
S01,926.0000,53.223716
S01,927.0000,61.209153
S01,928.0000,42.166671
S01,929.0000,50.638507
S01,930.0000,49.285397
S01,931.0000,44.729517
S01,932.0000,35.307475
S01,933.0000,57.200621
S01,934.0000,57.240047
S01,935.0000,53.545540
S01,936.0000,55.668420
S01,937.0000,44.102222
S01,938.0000,60.796522
S01,939.0000,41.073765
S01,940.0000,51.620257
S01,941.0000,40.264724
S01,942.0000,31.181121
S01,943.0000,56.933248
S01,944.0000,55.557199
S01,945.0000,61.525809
S01,946.0000,46.681838
S01,947.0000,43.711184
S01,948.0000,69.264666
S01,949.0000,52.740354
S01,950.0000,47.953523
S01,951.0000,72.166456
S01,952.0000,61.608173
S01,953.0000,47.566733
S01,954.0000,64.850966
S01,955.0000,62.401277
S01,956.0000,43.948603
S01,957.0000,62.776322
S01,958.0000,76.037793
S01,959.0000,59.908074
S01,960.0000,79.098033
S01,961.0000,72.444713
S01,962.0000,66.910172
S01,963.0000,77.030449
S01,964.0000,77.405514
S01,965.0000,54.946312
S01,966.0000,79.596217
S01,967.0000,80.306140
S01,968.0000,67.754000
S01,969.0000,87.368508
S01,970.0000,63.572872
S01,971.0000,92.362870
S01,972.0000,89.974087
S01,973.0000,98.377535
S01,974.0000,85.858261
S01,975.0000,79.853672
S01,976.0000,87.247611
S01,977.0000,96.805649
S01,978.0000,108.737939
S01,979.0000,125.684530
S01,980.0000,125.235806
S01,981.0000,123.243735
S01,982.0000,144.989129
S01,983.0000,145.420537
S01,984.0000,177.066412
S01,985.0000,172.220750
S01,986.0000,182.306288
S01,987.0000,196.534655
S01,988.0000,209.507613
S01,989.0000,233.085146
S01,990.0000,277.511217
S01,991.0000,287.423855
S01,992.0000,341.143216
S01,993.0000,418.645027
S01,994.0000,454.594870
S01,995.0000,528.654767
S01,996.0000,626.035747
S01,997.0000,723.996994
S01,998.0000,839.811211
S01,999.0000,923.916472
S01,1000.0000,1000.472022
S01,1001.0000,1032.228330
S01,1002.0000,1006.377477
S01,1003.0000,927.318238
S01,1004.0000,831.634596
S01,1005.0000,729.499975
S01,1006.0000,627.093845
S01,1007.0000,557.210470
S01,1008.0000,481.345390
S01,1009.0000,440.808007
S01,1010.0000,377.365790
S01,1011.0000,338.621502
S01,1012.0000,300.830410
S01,1013.0000,293.219951
S01,1014.0000,271.381624
S01,1015.0000,261.340287
S01,1016.0000,234.552509
S01,1017.0000,248.098505
S01,1018.0000,246.667961
S01,1019.0000,243.746746
S01,1020.0000,242.223809
S01,1021.0000,256.821641
S01,1022.0000,281.125292
S01,1023.0000,295.929708
S01,1024.0000,343.863871
S01,1025.0000,365.834370
S01,1026.0000,410.526670
S01,1027.0000,446.409012
S01,1028.0000,517.579758
S01,1029.0000,556.404198
S01,1030.0000,615.393227
S01,1031.0000,607.497300
S01,1032.0000,595.800036
S01,1033.0000,557.569293
S01,1034.0000,518.436214
S01,1035.0000,428.748215
S01,1036.0000,394.166068
S01,1037.0000,342.164312
S01,1038.0000,278.833764
S01,1039.0000,248.974409
S01,1040.0000,205.227405
S01,1041.0000,215.583760
S01,1042.0000,163.884641
S01,1043.0000,164.785104
S01,1044.0000,156.182058
S01,1045.0000,122.745846
S01,1046.0000,126.455959
S01,1047.0000,141.165227
S01,1048.0000,122.352987
S01,1049.0000,115.064249
S01,1050.0000,91.049301
S01,1051.0000,89.943007
S01,1052.0000,92.149245
S01,1053.0000,85.829511
S01,1054.0000,80.919302
S01,1055.0000,90.986177
S01,1056.0000,61.373347
S01,1057.0000,87.542845
S01,1058.0000,87.368018
S01,1059.0000,56.828064
S01,1060.0000,56.390195
S01,1061.0000,74.922849
S01,1062.0000,62.261807
S01,1063.0000,40.528443
S01,1064.0000,54.860391
S01,1065.0000,76.668583
S01,1066.0000,86.341971
S01,1067.0000,69.356643
S01,1068.0000,58.588962
S01,1069.0000,58.985562
S01,1070.0000,50.792435
S01,1071.0000,45.045034
S01,1072.0000,62.775149
S01,1073.0000,61.091723
S01,1074.0000,59.007829
S01,1075.0000,49.617324
S01,1076.0000,46.611816
S01,1077.0000,49.512975
S01,1078.0000,50.027483
S01,1079.0000,59.686831
S01,1080.0000,55.965607
S01,1081.0000,40.417670
S01,1082.0000,37.550396
S01,1083.0000,54.918391
S01,1084.0000,47.714238
S01,1085.0000,55.722756
S01,1086.0000,54.783900
S01,1087.0000,51.168054
S01,1088.0000,62.140600
S01,1089.0000,49.409841
S01,1090.0000,64.624798
S01,1091.0000,51.700460
S01,1092.0000,66.968177
S01,1093.0000,46.818050
S01,1094.0000,73.891616
S01,1095.0000,40.666758
S01,1096.0000,50.171723
S01,1097.0000,53.708870
S01,1098.0000,54.253132
S01,1099.0000,67.965021
S01,1100.0000,55.100780
S01,1101.0000,63.457699
S01,1102.0000,59.325478
S01,1103.0000,37.374646
S01,1104.0000,37.498320
S01,1105.0000,42.578321
S01,1106.0000,43.600662
S01,1107.0000,44.114036
S01,1108.0000,54.443657
S01,1109.0000,26.377884
S01,1110.0000,55.919016
S01,1111.0000,40.405101
S01,1112.0000,50.458202
S01,1113.0000,60.974507
S01,1114.0000,46.905770
S01,1115.0000,67.667242
S01,1116.0000,59.889929
S01,1117.0000,33.775816
S01,1118.0000,54.183050
S01,1119.0000,47.698468
S01,1120.0000,57.666439
S01,1121.0000,57.878686
S01,1122.0000,49.881658
S01,1123.0000,46.396498
S01,1124.0000,38.785550
S01,1125.0000,39.072602
S01,1126.0000,63.379813
S01,1127.0000,46.446915
S01,1128.0000,50.878184
S01,1129.0000,39.863135
S01,1130.0000,60.583852
S01,1131.0000,58.821229
S01,1132.0000,60.939980
S01,1133.0000,34.971715
S01,1134.0000,49.997333
S01,1135.0000,61.017526
S01,1136.0000,55.934265
S01,1137.0000,46.499733
S01,1138.0000,84.301098
S01,1139.0000,68.495113
S01,1140.0000,73.994851
S01,1141.0000,82.094961
S01,1142.0000,80.003717
S01,1143.0000,76.846501
S01,1144.0000,83.004905
S01,1145.0000,109.278291
S01,1146.0000,101.426151
S01,1147.0000,122.917367
S01,1148.0000,136.052329
S01,1149.0000,150.946732
S01,1150.0000,159.723742
S01,1151.0000,191.177620
S01,1152.0000,205.048244
S01,1153.0000,229.703777
S01,1154.0000,241.598103
S01,1155.0000,251.914019
S01,1156.0000,242.126238
S01,1157.0000,240.718954
S01,1158.0000,208.493414
S01,1159.0000,182.555490
S01,1160.0000,160.724503
S01,1161.0000,136.540978
S01,1162.0000,137.625448
S01,1163.0000,129.171564
S01,1164.0000,118.020453
S01,1165.0000,105.310057
S01,1166.0000,85.356564
S01,1167.0000,86.618370
S01,1168.0000,90.844645
S01,1169.0000,77.630452
S01,1170.0000,76.758464
S01,1171.0000,67.691250
S01,1172.0000,65.024555
S01,1173.0000,56.922635
S01,1174.0000,65.879933
S01,1175.0000,61.538817
S01,1176.0000,69.209742
S01,1177.0000,57.964653
S01,1178.0000,55.716275
S01,1179.0000,53.818117
S01,1180.0000,64.329427
S01,1181.0000,41.029758
S01,1182.0000,66.010402
S01,1183.0000,49.652713
S01,1184.0000,29.229025
S01,1185.0000,52.648798
S01,1186.0000,58.881638
S01,1187.0000,45.482133
S01,1188.0000,65.238456
S01,1189.0000,39.044880
S01,1190.0000,55.228716
S01,1191.0000,46.219747
S01,1192.0000,47.676052
S01,1193.0000,46.696546
S01,1194.0000,46.154422
S01,1195.0000,49.326981
S01,1196.0000,58.916492
S01,1197.0000,41.895181
S01,1198.0000,44.197928
S01,1199.0000,43.474731
S01,1200.0000,53.468421
S01,1201.0000,54.687693
S01,1202.0000,56.701818
S01,1203.0000,47.793435
S01,1204.0000,27.928326
S01,1205.0000,36.505635
S01,1206.0000,44.087352
S01,1207.0000,21.612259
S01,1208.0000,45.431793
S01,1209.0000,59.090170
S01,1210.0000,45.709515
S01,1211.0000,39.529873
S01,1212.0000,29.274969
S01,1213.0000,39.896398
S01,1214.0000,43.867714
S01,1215.0000,38.978490
S01,1216.0000,44.767954
S01,1217.0000,41.519850
S01,1218.0000,47.586889
S01,1219.0000,31.028742
S01,1220.0000,57.401908
S01,1221.0000,48.127491
S01,1222.0000,40.721908
S01,1223.0000,46.642699
S01,1224.0000,67.035383
S01,1225.0000,51.574242
S01,1226.0000,48.679194
S01,1227.0000,43.379294
S01,1228.0000,36.059480
S01,1229.0000,38.440731
S01,1230.0000,40.152554
S01,1231.0000,38.127120
S01,1232.0000,45.376466
S01,1233.0000,57.292798
S01,1234.0000,39.389717
S01,1235.0000,43.174430
S01,1236.0000,51.916508
S01,1237.0000,42.074821
S01,1238.0000,55.473320
S01,1239.0000,35.825339
S01,1240.0000,39.869944
S01,1241.0000,47.330334
S01,1242.0000,37.122764
S01,1243.0000,30.377604
S01,1244.0000,36.959908
S01,1245.0000,53.431872
S01,1246.0000,42.751000
S01,1247.0000,52.917874
S01,1248.0000,57.685563
S01,1249.0000,43.761221
S01,1250.0000,28.365254
S01,1251.0000,45.404741
S01,1252.0000,59.874485
S01,1253.0000,36.245224
S01,1254.0000,40.768493
S01,1255.0000,33.126201
S01,1256.0000,47.257678
S01,1257.0000,35.682460
S01,1258.0000,56.531903
S01,1259.0000,25.798119
S01,1260.0000,46.450990
S01,1261.0000,41.235279
S01,1262.0000,36.260984
S01,1263.0000,39.405678
S01,1264.0000,42.158076
S01,1265.0000,29.724784
S01,1266.0000,40.012647
S01,1267.0000,28.631544
S01,1268.0000,45.361678
S01,1269.0000,55.309983
S01,1270.0000,39.009412
S01,1271.0000,50.082577
S01,1272.0000,46.212082
S01,1273.0000,45.324387
S01,1274.0000,46.134200
S01,1275.0000,44.445264
S01,1276.0000,33.801157
S01,1277.0000,40.307521
S01,1278.0000,51.688159
S01,1279.0000,40.886520
S01,1280.0000,62.017894
S01,1281.0000,51.699635
S01,1282.0000,42.844787
S01,1283.0000,28.959339
S01,1284.0000,38.336016
S01,1285.0000,39.114495
S01,1286.0000,33.140619
S01,1287.0000,33.867515
S01,1288.0000,36.488844
S01,1289.0000,43.417850
S01,1290.0000,38.954613
S01,1291.0000,37.830487
S01,1292.0000,24.775750
S01,1293.0000,40.191216
S01,1294.0000,48.739527
S01,1295.0000,48.000648
S01,1296.0000,41.984328
S01,1297.0000,30.736971
S01,1298.0000,29.222569
S01,1299.0000,46.568950
S01,1300.0000,47.700658
S01,1301.0000,35.859343
S01,1302.0000,52.670805
S01,1303.0000,49.451185
S01,1304.0000,31.062287
S01,1305.0000,46.069396
S01,1306.0000,48.964829
S01,1307.0000,39.909200
S01,1308.0000,47.553507
S01,1309.0000,38.886767
S01,1310.0000,50.066055
S01,1311.0000,45.380945
S01,1312.0000,42.870389
S01,1313.0000,39.785678
S01,1314.0000,55.847144
S01,1315.0000,40.402170
S01,1316.0000,28.460389
S01,1317.0000,40.995239
S01,1318.0000,48.339807
S01,1319.0000,32.605074
S01,1320.0000,43.881514
S01,1321.0000,54.132464
S01,1322.0000,46.929055
S01,1323.0000,58.693605
S01,1324.0000,44.818958
S01,1325.0000,35.817416
S01,1326.0000,48.383125
S01,1327.0000,38.042832
S01,1328.0000,47.753441
S01,1329.0000,37.660099
S01,1330.0000,15.483085
S01,1331.0000,34.476799
S01,1332.0000,43.799016
S01,1333.0000,30.179299
S01,1334.0000,31.121842
S01,1335.0000,52.154157
S01,1336.0000,39.517625
S01,1337.0000,40.017801
S01,1338.0000,31.101637
S01,1339.0000,42.945611
S01,1340.0000,41.481687
S01,1341.0000,44.416370
S01,1342.0000,45.357229
S01,1343.0000,19.489990
S01,1344.0000,44.533623
S01,1345.0000,37.745557
S01,1346.0000,58.044895
S01,1347.0000,37.867594
S01,1348.0000,43.323565
S01,1349.0000,28.877301
S01,1350.0000,42.315924
S01,1351.0000,47.349259
S01,1352.0000,55.932276
S01,1353.0000,44.197429
S01,1354.0000,45.367801
S01,1355.0000,54.837904
S01,1356.0000,34.023279
S01,1357.0000,54.823738
S01,1358.0000,37.760424
S01,1359.0000,47.780394
S01,1360.0000,50.777512
S01,1361.0000,43.201340
S01,1362.0000,39.853830
S01,1363.0000,35.234059
S01,1364.0000,49.711467
S01,1365.0000,29.206584
S01,1366.0000,57.896070
S01,1367.0000,52.639845
S01,1368.0000,27.290255
S01,1369.0000,18.179226
S01,1370.0000,50.663761
S01,1371.0000,38.225072
S01,1372.0000,22.551821
S01,1373.0000,47.169107
S01,1374.0000,38.756199
S01,1375.0000,50.112239
S01,1376.0000,38.542944
S01,1377.0000,49.588801
S01,1378.0000,36.273449
S01,1379.0000,42.843603
S01,1380.0000,38.750864
S01,1381.0000,32.225920
S01,1382.0000,42.226127
S01,1383.0000,43.217252
S01,1384.0000,51.414279
S01,1385.0000,47.067953
S01,1386.0000,64.427510
S01,1387.0000,34.310990
S01,1388.0000,37.110560
S01,1389.0000,48.303626
S01,1390.0000,51.289837
S01,1391.0000,48.391255
S01,1392.0000,36.559816
S01,1393.0000,37.446072
S01,1394.0000,54.499555
S01,1395.0000,50.692719
S01,1396.0000,53.944534
S01,1397.0000,77.547712
S01,1398.0000,43.894317
S01,1399.0000,24.354101
S01,1400.0000,24.845925
S01,1401.0000,42.429935
S01,1402.0000,40.965405
S01,1403.0000,61.228203
S01,1404.0000,31.386177
S01,1405.0000,25.043126
S01,1406.0000,50.668627
S01,1407.0000,49.448707
S01,1408.0000,54.062105
S01,1409.0000,61.407362
S01,1410.0000,51.667782
S01,1411.0000,58.756362
S01,1412.0000,59.900321
S01,1413.0000,74.050895
S01,1414.0000,47.654966
S01,1415.0000,49.622155
S01,1416.0000,56.625045
S01,1417.0000,36.228542
S01,1418.0000,48.168513
S01,1419.0000,40.917908
S01,1420.0000,53.016108
S01,1421.0000,87.689620
S01,1422.0000,41.726848
S01,1423.0000,62.550518
S01,1424.0000,57.570390
S01,1425.0000,48.945385
S01,1426.0000,74.788011
S01,1427.0000,53.151854
S01,1428.0000,61.712996
S01,1429.0000,77.270981
S01,1430.0000,79.630849
S01,1431.0000,75.517674
S01,1432.0000,83.208183
S01,1433.0000,90.635255
S01,1434.0000,96.761500
S01,1435.0000,67.637910
S01,1436.0000,108.056196
S01,1437.0000,106.888462
S01,1438.0000,131.048996
S01,1439.0000,127.630101
S01,1440.0000,151.772559
S01,1441.0000,175.082565
S01,1442.0000,167.864546
S01,1443.0000,207.162097
S01,1444.0000,243.716620
S01,1445.0000,276.402260
S01,1446.0000,305.401820
S01,1447.0000,363.763594
S01,1448.0000,411.124504
S01,1449.0000,434.701832
S01,1450.0000,428.155267
S01,1451.0000,414.172056
S01,1452.0000,399.933433
S01,1453.0000,347.528588
S01,1454.0000,306.305772
S01,1455.0000,265.257650
S01,1456.0000,240.738457
S01,1457.0000,220.692967
S01,1458.0000,179.785172
S01,1459.0000,153.490847
S01,1460.0000,149.248079
S01,1461.0000,135.183051
S01,1462.0000,113.615094
S01,1463.0000,108.320369
S01,1464.0000,140.123308
S01,1465.0000,72.904361
S01,1466.0000,105.211572
S01,1467.0000,86.431862
S01,1468.0000,98.889493
S01,1469.0000,83.695955
S01,1470.0000,105.707660
S01,1471.0000,62.488051
S01,1472.0000,80.437583
S01,1473.0000,75.070720
S01,1474.0000,49.105553
S01,1475.0000,67.793050
S01,1476.0000,65.850953
S01,1477.0000,69.242773
S01,1478.0000,71.912195
S01,1479.0000,48.590213
S01,1480.0000,49.546409
S01,1481.0000,51.356324
S01,1482.0000,52.261530
S01,1483.0000,49.852816
S01,1484.0000,55.837018
S01,1485.0000,59.273392
S01,1486.0000,57.798157
S01,1487.0000,55.943574
S01,1488.0000,60.991909
S01,1489.0000,39.873545
S01,1490.0000,61.357244
S01,1491.0000,58.770653
S01,1492.0000,58.888641
S01,1493.0000,59.943839
S01,1494.0000,68.682084
S01,1495.0000,48.527605
S01,1496.0000,58.222887
S01,1497.0000,54.752189
S01,1498.0000,50.080950
S01,1499.0000,67.654226
S01,1500.0000,42.418046
S01,1501.0000,56.408486
S01,1502.0000,50.728275
S01,1503.0000,41.307532
S01,1504.0000,37.652947
S01,1505.0000,57.098296
S01,1506.0000,54.338980
S01,1507.0000,48.941763
S01,1508.0000,55.947121
S01,1509.0000,47.174197
S01,1510.0000,60.660692
S01,1511.0000,40.827611
S01,1512.0000,30.063036
S01,1513.0000,43.573699
S01,1514.0000,40.685457
S01,1515.0000,50.954226
S01,1516.0000,56.429656
S01,1517.0000,54.810422
S01,1518.0000,50.687786
S01,1519.0000,52.068074
S01,1520.0000,50.366226
S01,1521.0000,42.546873
S01,1522.0000,67.376267
S01,1523.0000,45.753425
S01,1524.0000,32.864896
S01,1525.0000,54.952753
S01,1526.0000,60.615184
S01,1527.0000,51.642271
S01,1528.0000,35.721132
S01,1529.0000,63.033049
S01,1530.0000,61.414724
S01,1531.0000,45.374809
S01,1532.0000,53.854488
S01,1533.0000,44.723758
S01,1534.0000,44.882775
S01,1535.0000,39.020775
S01,1536.0000,61.972295
S01,1537.0000,56.238142
S01,1538.0000,60.143446
S01,1539.0000,80.356495
S01,1540.0000,54.265426
S01,1541.0000,53.576835
S01,1542.0000,69.028011
S01,1543.0000,41.788036
S01,1544.0000,63.386793
S01,1545.0000,71.941287
S01,1546.0000,52.766191
S01,1547.0000,56.882691
S01,1548.0000,68.115613
S01,1549.0000,65.326231
S01,1550.0000,53.451069
S01,1551.0000,60.436451
S01,1552.0000,63.644023
S01,1553.0000,62.249294
S01,1554.0000,69.870926
S01,1555.0000,44.086437
S01,1556.0000,47.411086
S01,1557.0000,62.566076
S01,1558.0000,72.290510
S01,1559.0000,77.816144
S01,1560.0000,58.354555
S01,1561.0000,66.804312
S01,1562.0000,90.441368
S01,1563.0000,83.908871
S01,1564.0000,47.867943
S01,1565.0000,77.392674
S01,1566.0000,88.936736
S01,1567.0000,97.310423
S01,1568.0000,88.580154
S01,1569.0000,118.378668
S01,1570.0000,110.875203
S01,1571.0000,135.258006
S01,1572.0000,143.034247
S01,1573.0000,155.605084
S01,1574.0000,159.192799
S01,1575.0000,188.915774
S01,1576.0000,205.643571
S01,1577.0000,244.006022
S01,1578.0000,267.358106
S01,1579.0000,293.980125
S01,1580.0000,348.615440
S01,1581.0000,387.818481
S01,1582.0000,416.441267
S01,1583.0000,407.404446
S01,1584.0000,408.935256
S01,1585.0000,393.222854
S01,1586.0000,383.917884
S01,1587.0000,340.816026
S01,1588.0000,321.767554
S01,1589.0000,297.251883
S01,1590.0000,303.176294
S01,1591.0000,268.754471
S01,1592.0000,309.389664
S01,1593.0000,303.707142
S01,1594.0000,324.078201
S01,1595.0000,349.051936
S01,1596.0000,398.693626
S01,1597.0000,445.125943
S01,1598.0000,499.890308
S01,1599.0000,555.121619
S01,1600.0000,622.986152
S01,1601.0000,656.000874
S01,1602.0000,656.876411
S01,1603.0000,645.405325
S01,1604.0000,608.978893
S01,1605.0000,554.184155
S01,1606.0000,482.515396
S01,1607.0000,413.772589
S01,1608.0000,343.608414
S01,1609.0000,311.705264
S01,1610.0000,287.888789
S01,1611.0000,250.117760
S01,1612.0000,189.668178
S01,1613.0000,197.198920
S01,1614.0000,188.472873
S01,1615.0000,160.166492
S01,1616.0000,135.217854
S01,1617.0000,134.728935
S01,1618.0000,114.297515
S01,1619.0000,106.890783
S01,1620.0000,106.340340
S01,1621.0000,110.096018
S01,1622.0000,98.483977
S01,1623.0000,93.940975
S01,1624.0000,87.386043
S01,1625.0000,80.220571
S01,1626.0000,79.390937
S01,1627.0000,93.179072
S01,1628.0000,92.891087
S01,1629.0000,67.032368
S01,1630.0000,86.484787
S01,1631.0000,77.859547
S01,1632.0000,61.193521
S01,1633.0000,79.593657
S01,1634.0000,69.043626
S01,1635.0000,82.137146
S01,1636.0000,66.028182
S01,1637.0000,63.997363
S01,1638.0000,64.493330
S01,1639.0000,53.723469
S01,1640.0000,64.153245
S01,1641.0000,48.503559
S01,1642.0000,64.652906
S01,1643.0000,67.147849
S01,1644.0000,68.962309
S01,1645.0000,49.753334
S01,1646.0000,57.793704
S01,1647.0000,61.297495
S01,1648.0000,49.925016
S01,1649.0000,42.704614
S01,1650.0000,59.401241
S01,1651.0000,37.126368
S01,1652.0000,59.742114
S01,1653.0000,63.357640
S01,1654.0000,55.893212
S01,1655.0000,52.493914
S01,1656.0000,53.013999
S01,1657.0000,55.732997
S01,1658.0000,55.323667
S01,1659.0000,55.558197
S01,1660.0000,42.369901
S01,1661.0000,33.927010
S01,1662.0000,43.140415
S01,1663.0000,50.472453
S01,1664.0000,41.957926
S01,1665.0000,38.272149
S01,1666.0000,45.600469
S01,1667.0000,43.814950
S01,1668.0000,40.051920
S01,1669.0000,41.830234
S01,1670.0000,32.918473
S01,1671.0000,34.247034
S01,1672.0000,37.844245
S01,1673.0000,48.428940
S01,1674.0000,19.570621
S01,1675.0000,61.118513
S01,1676.0000,35.109062
S01,1677.0000,35.341826
S01,1678.0000,68.527781
S01,1679.0000,46.447550
S01,1680.0000,40.272953
S01,1681.0000,43.036641
S01,1682.0000,50.405191
S01,1683.0000,49.935777
S01,1684.0000,48.041165
S01,1685.0000,42.476209
S01,1686.0000,42.090220
S01,1687.0000,47.504801
S01,1688.0000,47.980885
S01,1689.0000,68.383688
S01,1690.0000,55.998082
S01,1691.0000,43.529932
S01,1692.0000,45.263260
S01,1693.0000,44.692273
S01,1694.0000,33.940327
S01,1695.0000,56.325764
S01,1696.0000,54.980061
S01,1697.0000,45.985459
S01,1698.0000,43.116160
S01,1699.0000,37.190108
S01,1700.0000,58.626616
S01,1701.0000,44.330591
S01,1702.0000,35.260749
S01,1703.0000,51.899934
S01,1704.0000,29.163957
S01,1705.0000,39.278260
S01,1706.0000,42.318488
S01,1707.0000,36.661574
S01,1708.0000,50.602241
S01,1709.0000,44.175436
S01,1710.0000,47.477084
S01,1711.0000,53.993853
S01,1712.0000,48.032627
S01,1713.0000,35.059342
S01,1714.0000,62.124350
S01,1715.0000,49.655826
S01,1716.0000,40.581488
S01,1717.0000,49.326362
S01,1718.0000,50.700360
S01,1719.0000,42.988261
S01,1720.0000,41.420273
S01,1721.0000,38.669141
S01,1722.0000,53.444614
S01,1723.0000,41.698699
S01,1724.0000,27.865242
S01,1725.0000,36.184042
S01,1726.0000,60.587490
S01,1727.0000,40.355262
S01,1728.0000,45.873254
S01,1729.0000,51.112960
S01,1730.0000,23.372412
S01,1731.0000,32.344723
S01,1732.0000,39.953884
S01,1733.0000,41.305403
S01,1734.0000,55.991075
S01,1735.0000,39.576230
S01,1736.0000,43.029546
S01,1737.0000,46.355413
S01,1738.0000,31.395458
S01,1739.0000,32.375242
S01,1740.0000,38.910998
S01,1741.0000,36.421274
S01,1742.0000,47.407668
S01,1743.0000,59.662810
S01,1744.0000,52.930731
S01,1745.0000,53.440437
S01,1746.0000,49.930632
S01,1747.0000,38.178976
S01,1748.0000,57.456409
S01,1749.0000,53.932060
S01,1750.0000,58.160230
S01,1751.0000,49.424089
S01,1752.0000,45.089493
S01,1753.0000,53.597427
S01,1754.0000,45.952278
S01,1755.0000,36.150115
S01,1756.0000,68.364790
S01,1757.0000,41.965755
S01,1758.0000,42.086736
S01,1759.0000,25.324694
S01,1760.0000,53.897923
S01,1761.0000,35.590304
S01,1762.0000,52.141227
S01,1763.0000,55.399343
S01,1764.0000,35.814427
S01,1765.0000,38.982798
S01,1766.0000,25.420944
S01,1767.0000,29.874958
S01,1768.0000,42.807340
S01,1769.0000,48.884873
S01,1770.0000,44.545612
S01,1771.0000,41.998541
S01,1772.0000,40.477093
S01,1773.0000,42.867593
S01,1774.0000,46.550153
S01,1775.0000,48.590092
S01,1776.0000,38.978927
S01,1777.0000,40.618754
S01,1778.0000,57.815493
S01,1779.0000,37.420498
S01,1780.0000,56.462306
S01,1781.0000,45.754345
S01,1782.0000,35.179181
S01,1783.0000,52.800320
S01,1784.0000,46.472956
S01,1785.0000,46.446817
S01,1786.0000,28.889760
S01,1787.0000,51.645635
S01,1788.0000,41.777392
S01,1789.0000,53.152898
S01,1790.0000,38.490821
S01,1791.0000,49.409437
S01,1792.0000,28.459625
S01,1793.0000,52.424826
S01,1794.0000,56.852532
S01,1795.0000,45.395083
S01,1796.0000,49.054332
S01,1797.0000,34.396811
S01,1798.0000,50.691639
S01,1799.0000,40.613035
S01,1800.0000,44.438856
S01,1801.0000,21.044689
S01,1802.0000,23.905878
S01,1803.0000,40.690402
S01,1804.0000,33.254735
S01,1805.0000,28.212764
S01,1806.0000,43.213829
S01,1807.0000,40.855988
S01,1808.0000,38.738512
S01,1809.0000,43.351021
S01,1810.0000,39.646236
S01,1811.0000,46.527053
S01,1812.0000,41.810726
S01,1813.0000,40.985066
S01,1814.0000,54.415764
S01,1815.0000,48.938656
S01,1816.0000,61.899663
S01,1817.0000,48.589486
S01,1818.0000,49.686794
S01,1819.0000,22.714569
S01,1820.0000,42.360739
S01,1821.0000,37.694066
S01,1822.0000,28.864223
S01,1823.0000,41.054770
S01,1824.0000,30.677579
S01,1825.0000,48.451599
S01,1826.0000,45.126843
S01,1827.0000,27.195131
S01,1828.0000,44.680215
S01,1829.0000,25.430434
S01,1830.0000,36.062509
S01,1831.0000,46.438754
S01,1832.0000,32.145479
S01,1833.0000,41.398771
S01,1834.0000,47.030307
S01,1835.0000,36.709970
S01,1836.0000,21.946138
S01,1837.0000,52.793794
S01,1838.0000,36.971251
S01,1839.0000,43.053247
S01,1840.0000,49.741409
S01,1841.0000,40.291907
S01,1842.0000,42.704766
S01,1843.0000,44.615523
S01,1844.0000,44.053508
S01,1845.0000,36.922437
S01,1846.0000,37.781824
S01,1847.0000,39.877895
S01,1848.0000,46.532528
S01,1849.0000,32.410905
S01,1850.0000,36.976595
S01,1851.0000,38.160284
S01,1852.0000,38.046255
S01,1853.0000,40.097099
S01,1854.0000,41.550551
S01,1855.0000,40.171256
S01,1856.0000,52.501428
S01,1857.0000,38.166755
S01,1858.0000,44.096402
S01,1859.0000,36.603090
S01,1860.0000,35.954697
S01,1861.0000,41.477851
S01,1862.0000,39.125560
S01,1863.0000,32.752190
S01,1864.0000,45.204559
S01,1865.0000,53.233882
S01,1866.0000,57.955619
S01,1867.0000,35.920901
S01,1868.0000,55.464188
S01,1869.0000,48.338703
S01,1870.0000,28.886470
S01,1871.0000,53.308513
S01,1872.0000,19.569804
S01,1873.0000,36.946797
S01,1874.0000,47.371699
S01,1875.0000,29.624501
S01,1876.0000,59.908199
S01,1877.0000,50.617126
S01,1878.0000,52.278218
S01,1879.0000,47.203892
S01,1880.0000,37.593967
S01,1881.0000,53.119361
S01,1882.0000,35.632989
S01,1883.0000,40.779840
S01,1884.0000,48.342237
S01,1885.0000,29.692421
S01,1886.0000,52.543399
S01,1887.0000,41.260606
S01,1888.0000,38.134346
S01,1889.0000,38.485696
S01,1890.0000,43.601947
S01,1891.0000,53.867931
S01,1892.0000,46.228851
S01,1893.0000,32.006521
S01,1894.0000,43.119328
S01,1895.0000,59.420855
S01,1896.0000,56.740756
S01,1897.0000,65.357251
S01,1898.0000,41.292732
S01,1899.0000,42.075354
S01,1900.0000,39.049341
S01,1901.0000,42.468310
S01,1902.0000,39.919433
S01,1903.0000,38.944290
S01,1904.0000,24.989470
S01,1905.0000,40.519375
S01,1906.0000,33.954815
S01,1907.0000,29.548364
S01,1908.0000,43.801147
S01,1909.0000,48.680732
S01,1910.0000,57.630585
S01,1911.0000,50.310651
S01,1912.0000,35.844753
S01,1913.0000,37.549259
S01,1914.0000,33.166809
S01,1915.0000,41.262038
S01,1916.0000,35.073555
S01,1917.0000,38.931425
S01,1918.0000,44.329100
S01,1919.0000,37.709221
S01,1920.0000,22.809023
S01,1921.0000,59.651849
S01,1922.0000,28.098379
S01,1923.0000,59.004010
S01,1924.0000,39.657775
S01,1925.0000,38.156220
S01,1926.0000,49.648000
S01,1927.0000,36.214378
S01,1928.0000,44.483622
S01,1929.0000,26.755073
S01,1930.0000,21.117962
S01,1931.0000,28.581199
S01,1932.0000,34.012610
S01,1933.0000,39.006869
S01,1934.0000,35.660938
S01,1935.0000,27.641478
S01,1936.0000,14.264767
S01,1937.0000,34.946672
S01,1938.0000,37.011366
S01,1939.0000,48.952830
S01,1940.0000,50.613476
S01,1941.0000,36.692570
S01,1942.0000,30.884951
S01,1943.0000,36.317370
S01,1944.0000,44.533232
S01,1945.0000,46.421314
S01,1946.0000,54.521301
S01,1947.0000,40.403400
S01,1948.0000,66.440420
S01,1949.0000,52.260275
S01,1950.0000,28.180354
S01,1951.0000,50.907792
S01,1952.0000,60.609778
S01,1953.0000,41.334860
S01,1954.0000,39.625603
S01,1955.0000,45.385389
S01,1956.0000,25.014634
S01,1957.0000,47.193174
S01,1958.0000,48.163768
S01,1959.0000,48.159104
S01,1960.0000,41.396380
S01,1961.0000,32.059639
S01,1962.0000,37.438812
S01,1963.0000,40.006398
S01,1964.0000,38.616746
S01,1965.0000,7.634795
S01,1966.0000,40.806766
S01,1967.0000,49.381659
S01,1968.0000,52.786590
S01,1969.0000,41.490775
S01,1970.0000,35.257624
S01,1971.0000,36.179846
S01,1972.0000,43.310066
S01,1973.0000,54.028372
S01,1974.0000,36.220096
S01,1975.0000,37.260829
S01,1976.0000,25.590202
S01,1977.0000,39.493321
S01,1978.0000,57.080917
S01,1979.0000,30.027808
S01,1980.0000,30.154222
S01,1981.0000,33.647048
S01,1982.0000,48.290769
S01,1983.0000,25.502420
S01,1984.0000,48.909493
S01,1985.0000,34.171211
S01,1986.0000,22.514386
S01,1987.0000,44.953215
S01,1988.0000,25.326371
S01,1989.0000,53.662237
S01,1990.0000,35.016274
S01,1991.0000,39.457772
S01,1992.0000,33.139276
S01,1993.0000,24.940567
S01,1994.0000,42.357857
S01,1995.0000,42.082416
S01,1996.0000,29.290309
S01,1997.0000,40.826331
S01,1998.0000,40.033718
S01,1999.0000,32.789531
S01,2000.0000,19.936569
S02,200.0000,42.577406
S02,201.0000,46.724961
S02,202.0000,41.601754
S02,203.0000,36.826865
S02,204.0000,53.385486
S02,205.0000,31.279902
S02,206.0000,40.605876
S02,207.0000,44.916243
S02,208.0000,35.905146
S02,209.0000,29.948025
S02,210.0000,29.790518
S02,211.0000,30.010731
S02,212.0000,24.425255
S02,213.0000,32.648917
S02,214.0000,51.457637
S02,215.0000,38.589577
S02,216.0000,53.792378
S02,217.0000,55.381866
S02,218.0000,37.104792
S02,219.0000,32.714699
S02,220.0000,36.718833
S02,221.0000,46.176954
S02,222.0000,52.395426
S02,223.0000,41.850669
S02,224.0000,35.730640
S02,225.0000,32.025206
S02,226.0000,32.177394
S02,227.0000,43.703949
S02,228.0000,20.173918
S02,229.0000,23.382793
S02,230.0000,44.381392
S02,231.0000,40.930590
S02,232.0000,36.624794
S02,233.0000,44.443981
S02,234.0000,32.649480
S02,235.0000,18.825916
S02,236.0000,55.086554
S02,237.0000,41.595276
S02,238.0000,40.341912
S02,239.0000,53.516691
S02,240.0000,32.402880
S02,241.0000,43.883350
S02,242.0000,30.981879
S02,243.0000,35.385179
S02,244.0000,33.609196
S02,245.0000,37.681660
S02,246.0000,50.716599
S02,247.0000,28.776985
S02,248.0000,40.233938
S02,249.0000,43.341805
S02,250.0000,49.403330
S02,251.0000,37.722466
S02,252.0000,44.458150
S02,253.0000,25.167724
S02,254.0000,32.818872
S02,255.0000,44.090535
S02,256.0000,45.776951
S02,257.0000,27.021777
S02,258.0000,52.702081
S02,259.0000,42.721388
S02,260.0000,40.278387
S02,261.0000,40.884159
S02,262.0000,51.086849
S02,263.0000,26.752269
S02,264.0000,27.782292
S02,265.0000,40.430581
S02,266.0000,31.104248
S02,267.0000,55.584056
S02,268.0000,33.696056
S02,269.0000,44.894007
S02,270.0000,49.597281
S02,271.0000,52.438747
S02,272.0000,48.247120
S02,273.0000,48.635360
S02,274.0000,60.426361
S02,275.0000,19.981004
S02,276.0000,49.928130
S02,277.0000,35.684448
S02,278.0000,45.968558
S02,279.0000,36.954396
S02,280.0000,41.389337
S02,281.0000,50.761936
S02,282.0000,26.894737
S02,283.0000,17.786208
S02,284.0000,31.441898
S02,285.0000,45.912311
S02,286.0000,29.256781
S02,287.0000,36.404710
S02,288.0000,46.970741
S02,289.0000,28.487765
S02,290.0000,37.208523
S02,291.0000,54.263672
S02,292.0000,42.434368
S02,293.0000,36.988079
S02,294.0000,55.933852
S02,295.0000,47.222186
S02,296.0000,47.118749
S02,297.0000,32.900799
S02,298.0000,30.186033
S02,299.0000,36.793616
S02,300.0000,47.527034
S02,301.0000,35.866737
S02,302.0000,48.942860
S02,303.0000,34.465024
S02,304.0000,45.833989
S02,305.0000,54.183213
S02,306.0000,57.881809
S02,307.0000,31.630303
S02,308.0000,35.979317
S02,309.0000,48.352936
S02,310.0000,48.951053
S02,311.0000,40.665825
S02,312.0000,34.930855
S02,313.0000,34.662311
S02,314.0000,45.177000
S02,315.0000,49.692799
S02,316.0000,41.111235
S02,317.0000,47.871138
S02,318.0000,26.984735
S02,319.0000,39.331733
S02,320.0000,47.546970
S02,321.0000,39.519589
S02,322.0000,39.423485
S02,323.0000,32.337369
S02,324.0000,44.408888
S02,325.0000,32.815087
S02,326.0000,49.081725
S02,327.0000,52.705495
S02,328.0000,39.126979
S02,329.0000,34.746864
S02,330.0000,44.214405
S02,331.0000,32.822062
S02,332.0000,54.528678
S02,333.0000,43.624676
S02,334.0000,43.790784
S02,335.0000,52.864101
S02,336.0000,36.283300
S02,337.0000,39.053491
S02,338.0000,35.522075
S02,339.0000,46.499867
S02,340.0000,49.830104
S02,341.0000,29.301086
S02,342.0000,42.555835
S02,343.0000,48.012986
S02,344.0000,60.135102
S02,345.0000,44.208315
S02,346.0000,54.031811
S02,347.0000,36.275479
S02,348.0000,45.435861
S02,349.0000,33.997384
S02,350.0000,34.265976
S02,351.0000,34.821964
S02,352.0000,54.210546
S02,353.0000,32.376412
S02,354.0000,42.428899
S02,355.0000,17.791420
S02,356.0000,56.951116
S02,357.0000,48.985756
S02,358.0000,39.955919
S02,359.0000,43.206268
S02,360.0000,25.634485
S02,361.0000,19.016420
S02,362.0000,23.615978
S02,363.0000,32.113212
S02,364.0000,55.494706
S02,365.0000,41.245630
S02,366.0000,40.661261
S02,367.0000,59.018852
S02,368.0000,38.150005
S02,369.0000,44.759743
S02,370.0000,20.474899
S02,371.0000,29.484657
S02,372.0000,35.102232
S02,373.0000,61.543683
S02,374.0000,38.568728
S02,375.0000,31.293150
S02,376.0000,36.337055
S02,377.0000,42.010731
S02,378.0000,31.776509
S02,379.0000,26.845169
S02,380.0000,30.441215
S02,381.0000,43.273606
S02,382.0000,46.726400
S02,383.0000,37.909893
S02,384.0000,40.448488
S02,385.0000,24.622630
S02,386.0000,37.510574
S02,387.0000,50.306049
S02,388.0000,47.958798
S02,389.0000,28.583677
S02,390.0000,46.551367
S02,391.0000,40.154541
S02,392.0000,34.677375
S02,393.0000,31.942853
S02,394.0000,33.083817
S02,395.0000,23.071801
S02,396.0000,33.468499
S02,397.0000,38.640021
S02,398.0000,33.518463
S02,399.0000,25.852325
S02,400.0000,35.570447
S02,401.0000,42.699516
S02,402.0000,28.871044
S02,403.0000,42.186918
S02,404.0000,27.550064
S02,405.0000,52.531935
S02,406.0000,43.806041
S02,407.0000,22.126282
S02,408.0000,28.929842
S02,409.0000,45.534851
S02,410.0000,31.380995
S02,411.0000,51.294635
S02,412.0000,26.410525
S02,413.0000,33.462967
S02,414.0000,68.540647
S02,415.0000,35.692301
S02,416.0000,58.784038
S02,417.0000,27.332329
S02,418.0000,30.842253
S02,419.0000,37.262277
S02,420.0000,42.972013
S02,421.0000,33.462291
S02,422.0000,43.392482
S02,423.0000,45.867632
S02,424.0000,45.514806
S02,425.0000,35.772757
S02,426.0000,52.577880
S02,427.0000,48.088839
S02,428.0000,38.116523
S02,429.0000,46.787986
S02,430.0000,49.415018
S02,431.0000,38.207436
S02,432.0000,29.150958
S02,433.0000,34.596888
S02,434.0000,45.989001
S02,435.0000,55.562029
S02,436.0000,36.998022
S02,437.0000,44.423252
S02,438.0000,53.938569
S02,439.0000,27.542781
S02,440.0000,36.116082
S02,441.0000,42.295134
S02,442.0000,44.729338
S02,443.0000,25.227457
S02,444.0000,55.249673
S02,445.0000,44.878691
S02,446.0000,36.908798
S02,447.0000,54.322711
S02,448.0000,38.388782
S02,449.0000,48.753633
S02,450.0000,76.111768
S02,451.0000,39.210079
S02,452.0000,46.191496
S02,453.0000,49.543568
S02,454.0000,20.984084
S02,455.0000,35.844499
S02,456.0000,31.093438
S02,457.0000,30.984532
S02,458.0000,59.578898
S02,459.0000,59.650736
S02,460.0000,37.574264
S02,461.0000,41.834214
S02,462.0000,49.504736
S02,463.0000,55.495216
S02,464.0000,53.323935
S02,465.0000,35.548970
S02,466.0000,34.830778
S02,467.0000,54.470614
S02,468.0000,38.191782
S02,469.0000,51.067208
S02,470.0000,33.350030
S02,471.0000,38.234617
S02,472.0000,55.914847
S02,473.0000,28.747598
S02,474.0000,25.586570
S02,475.0000,43.240458
S02,476.0000,55.870590
S02,477.0000,41.851257
S02,478.0000,25.499626
S02,479.0000,43.417649
S02,480.0000,40.442510
S02,481.0000,33.792939
S02,482.0000,55.171794
S02,483.0000,32.572354
S02,484.0000,33.220047
S02,485.0000,51.404507
S02,486.0000,39.011011
S02,487.0000,49.607711
S02,488.0000,45.172161
S02,489.0000,52.861069
S02,490.0000,43.222721
S02,491.0000,42.849258
S02,492.0000,42.587548
S02,493.0000,26.855777
S02,494.0000,47.288221
S02,495.0000,53.565507
S02,496.0000,30.084986
S02,497.0000,34.842371
S02,498.0000,36.530662
S02,499.0000,39.398782
S02,500.0000,55.403553
S02,501.0000,19.611077
S02,502.0000,45.057190
S02,503.0000,69.400486
S02,504.0000,42.714533
S02,505.0000,37.617393
S02,506.0000,42.677643
S02,507.0000,42.936565
S02,508.0000,37.160454
S02,509.0000,42.599523
S02,510.0000,39.995304
S02,511.0000,48.493428
S02,512.0000,65.475005
S02,513.0000,55.738036
S02,514.0000,57.801742
S02,515.0000,47.315027
S02,516.0000,44.561306
S02,517.0000,48.379760
S02,518.0000,24.803845
S02,519.0000,33.923054
S02,520.0000,34.182845
S02,521.0000,49.514780
S02,522.0000,40.813036
S02,523.0000,45.829659
S02,524.0000,50.012783
S02,525.0000,31.972288
S02,526.0000,43.935541
S02,527.0000,38.164235
S02,528.0000,47.571721
S02,529.0000,45.937430
S02,530.0000,42.945904
S02,531.0000,38.354851
S02,532.0000,50.900609
S02,533.0000,52.404524
S02,534.0000,26.849766
S02,535.0000,51.076041
S02,536.0000,44.606791
S02,537.0000,50.761889
S02,538.0000,55.066913
S02,539.0000,27.849030
S02,540.0000,32.231097
S02,541.0000,32.520483
S02,542.0000,33.313382
S02,543.0000,39.662730
S02,544.0000,43.582796
S02,545.0000,45.541184
S02,546.0000,37.802490
S02,547.0000,44.844544
S02,548.0000,56.343529
S02,549.0000,36.246296
S02,550.0000,52.633087
S02,551.0000,29.025150
S02,552.0000,48.111622
S02,553.0000,46.258900
S02,554.0000,48.039616
S02,555.0000,14.358998
S02,556.0000,30.204543
S02,557.0000,28.927593
S02,558.0000,38.164418
S02,559.0000,47.513918
S02,560.0000,64.273916
S02,561.0000,48.673970
S02,562.0000,42.819344
S02,563.0000,50.175088
S02,564.0000,50.821019
S02,565.0000,47.641849
S02,566.0000,26.033430
S02,567.0000,49.703040
S02,568.0000,44.627405
S02,569.0000,33.529079
S02,570.0000,51.956815
S02,571.0000,80.527673
S02,572.0000,38.230766
S02,573.0000,58.472928
S02,574.0000,38.764053
S02,575.0000,50.775520
S02,576.0000,50.167601
S02,577.0000,34.505025
S02,578.0000,43.486259
S02,579.0000,48.728807
S02,580.0000,56.972140
S02,581.0000,51.548342
S02,582.0000,59.454315
S02,583.0000,60.493453
S02,584.0000,59.740208
S02,585.0000,45.685452
S02,586.0000,59.648214
S02,587.0000,48.949455
S02,588.0000,49.086957
S02,589.0000,44.175509
S02,590.0000,61.118824
S02,591.0000,51.681434
S02,592.0000,52.489385
S02,593.0000,61.143752
S02,594.0000,84.438588
S02,595.0000,68.975508
S02,596.0000,65.276016
S02,597.0000,69.155237
S02,598.0000,64.688466
S02,599.0000,67.829780
S02,600.0000,88.984920
S02,601.0000,79.467440
S02,602.0000,79.006892
S02,603.0000,87.803820
S02,604.0000,94.959691
S02,605.0000,104.556531
S02,606.0000,104.179946
S02,607.0000,94.575125
S02,608.0000,111.397154
S02,609.0000,127.287875
S02,610.0000,153.864815
S02,611.0000,140.451283
S02,612.0000,205.840334
S02,613.0000,208.985641
S02,614.0000,241.857189
S02,615.0000,286.424789
S02,616.0000,327.181249
S02,617.0000,366.467340
S02,618.0000,422.221948
S02,619.0000,427.287480
S02,620.0000,439.257004
S02,621.0000,449.220723
S02,622.0000,405.317188
S02,623.0000,371.035038
S02,624.0000,325.404549
S02,625.0000,305.772584
S02,626.0000,237.285290
S02,627.0000,225.500309
S02,628.0000,201.983787
S02,629.0000,173.548706
S02,630.0000,134.507684
S02,631.0000,131.317085
S02,632.0000,113.465696
S02,633.0000,124.439880
S02,634.0000,97.038692
S02,635.0000,83.304273
S02,636.0000,95.487395
S02,637.0000,99.430017
S02,638.0000,76.250451
S02,639.0000,77.826458
S02,640.0000,71.003196
S02,641.0000,65.174539
S02,642.0000,60.467733
S02,643.0000,65.812991
S02,644.0000,70.109011
S02,645.0000,81.194568
S02,646.0000,69.280491
S02,647.0000,62.106065
S02,648.0000,74.843530
S02,649.0000,66.983408
S02,650.0000,31.424875
S02,651.0000,49.425742
S02,652.0000,56.887309
S02,653.0000,49.542495
S02,654.0000,58.107063
S02,655.0000,54.040073
S02,656.0000,52.177355
S02,657.0000,45.608565
S02,658.0000,46.507013
S02,659.0000,67.325738
S02,660.0000,57.985241
S02,661.0000,54.692195
S02,662.0000,57.411753
S02,663.0000,64.764417
S02,664.0000,46.618455
S02,665.0000,49.274147
S02,666.0000,56.398897
S02,667.0000,57.783189
S02,668.0000,58.289323
S02,669.0000,53.162742
S02,670.0000,48.950929
S02,671.0000,51.382280
S02,672.0000,42.998343
S02,673.0000,31.819218
S02,674.0000,54.622501
S02,675.0000,47.229317
S02,676.0000,47.794003
S02,677.0000,52.550164
S02,678.0000,34.348671
S02,679.0000,30.020857
S02,680.0000,35.792278
S02,681.0000,53.348225
S02,682.0000,52.528144
S02,683.0000,41.271177
S02,684.0000,45.809168
S02,685.0000,61.287228
S02,686.0000,24.752699
S02,687.0000,40.166320
S02,688.0000,47.980139
S02,689.0000,49.835661
S02,690.0000,28.647015
S02,691.0000,61.143070
S02,692.0000,44.437877
S02,693.0000,57.934765
S02,694.0000,44.499409
S02,695.0000,33.400071
S02,696.0000,30.988594
S02,697.0000,52.481174
S02,698.0000,39.444138
S02,699.0000,36.077280
S02,700.0000,42.821351
S02,701.0000,39.150569
S02,702.0000,41.176921
S02,703.0000,41.397609
S02,704.0000,41.316600
S02,705.0000,38.352448
S02,706.0000,28.556024
S02,707.0000,47.641846
S02,708.0000,41.498427
S02,709.0000,34.239548
S02,710.0000,53.796258
S02,711.0000,35.657440
S02,712.0000,47.211393
S02,713.0000,37.086168
S02,714.0000,57.727114
S02,715.0000,54.753002
S02,716.0000,45.663386
S02,717.0000,62.764547
S02,718.0000,57.046777
S02,719.0000,26.395821
S02,720.0000,35.411893
S02,721.0000,41.568193
S02,722.0000,54.539925
S02,723.0000,51.385446
S02,724.0000,43.834111
S02,725.0000,35.315870
S02,726.0000,40.396933
S02,727.0000,43.692155
S02,728.0000,44.221651
S02,729.0000,39.772293
S02,730.0000,58.965689
S02,731.0000,45.716970
S02,732.0000,34.144598
S02,733.0000,50.790312
S02,734.0000,45.770629
S02,735.0000,22.930830
S02,736.0000,42.034421
S02,737.0000,35.708856
S02,738.0000,41.182577
S02,739.0000,34.727459
S02,740.0000,32.862877
S02,741.0000,43.115378
S02,742.0000,46.182146
S02,743.0000,40.291886
S02,744.0000,67.568173
S02,745.0000,41.421893
S02,746.0000,36.827988
S02,747.0000,45.120630
S02,748.0000,33.728771
S02,749.0000,38.413374
S02,750.0000,40.590076
S02,751.0000,55.738019
S02,752.0000,44.660504
S02,753.0000,35.951842
S02,754.0000,25.764964
S02,755.0000,58.349365
S02,756.0000,53.528682
S02,757.0000,50.865854
S02,758.0000,38.811479
S02,759.0000,62.258881
S02,760.0000,44.926595
S02,761.0000,38.345348
S02,762.0000,43.410559
S02,763.0000,44.155843
S02,764.0000,78.503468
S02,765.0000,41.409893
S02,766.0000,51.993283
S02,767.0000,32.591127
S02,768.0000,54.550390
S02,769.0000,34.958252
S02,770.0000,35.041616
S02,771.0000,49.816641
S02,772.0000,36.948712
S02,773.0000,44.612551
S02,774.0000,31.109318
S02,775.0000,17.229595
S02,776.0000,20.746837
S02,777.0000,43.731038
S02,778.0000,48.018498
S02,779.0000,37.563279
S02,780.0000,50.122852
S02,781.0000,48.645171
S02,782.0000,28.797454
S02,783.0000,41.782202
S02,784.0000,41.699196
S02,785.0000,32.849947
S02,786.0000,66.140786
S02,787.0000,32.128964
S02,788.0000,43.330394
S02,789.0000,60.824249
S02,790.0000,43.870690
S02,791.0000,38.113788
S02,792.0000,30.528324
S02,793.0000,54.449666
S02,794.0000,54.745449
S02,795.0000,40.199636
S02,796.0000,39.996086
S02,797.0000,52.492463
S02,798.0000,37.626341
S02,799.0000,45.601384
S02,800.0000,41.683580
S02,801.0000,37.133628
S02,802.0000,33.504993
S02,803.0000,50.461981
S02,804.0000,32.539281
S02,805.0000,28.205634
S02,806.0000,40.005583
S02,807.0000,60.787057
S02,808.0000,45.122050
S02,809.0000,37.616487
S02,810.0000,46.953485
S02,811.0000,56.848089
S02,812.0000,30.054632
S02,813.0000,44.756926
S02,814.0000,59.484289
S02,815.0000,21.979439
S02,816.0000,41.385004
S02,817.0000,35.864992
S02,818.0000,49.195422
S02,819.0000,48.862318
S02,820.0000,33.694661
S02,821.0000,55.018031
S02,822.0000,41.128376
S02,823.0000,38.935890
S02,824.0000,38.381940
S02,825.0000,42.454309
S02,826.0000,32.544122
S02,827.0000,39.124955
S02,828.0000,42.089461
S02,829.0000,41.137251
S02,830.0000,56.215314
S02,831.0000,61.739257
S02,832.0000,46.375231
S02,833.0000,34.201366
S02,834.0000,26.428235
S02,835.0000,44.897996
S02,836.0000,50.000895
S02,837.0000,44.753241
S02,838.0000,50.344114
S02,839.0000,39.307233
S02,840.0000,28.807500
S02,841.0000,36.082054
S02,842.0000,48.527021
S02,843.0000,32.413541
S02,844.0000,42.413280
S02,845.0000,52.497566
S02,846.0000,44.148151
S02,847.0000,41.719644
S02,848.0000,25.996622
S02,849.0000,38.996396
S02,850.0000,54.996624
S02,851.0000,47.737077
S02,852.0000,61.816279
S02,853.0000,25.419210
S02,854.0000,51.251954
S02,855.0000,52.067510
S02,856.0000,52.117802
S02,857.0000,37.900527
S02,858.0000,38.746358
S02,859.0000,31.752120
S02,860.0000,59.920359
S02,861.0000,55.870321
S02,862.0000,40.583558
S02,863.0000,47.832887
S02,864.0000,41.530577
S02,865.0000,47.120901
S02,866.0000,35.928479
S02,867.0000,36.850531
S02,868.0000,34.972904
S02,869.0000,47.481011
S02,870.0000,37.841401
S02,871.0000,42.301815
S02,872.0000,37.988644
S02,873.0000,29.318732
S02,874.0000,52.816066
S02,875.0000,56.764750
S02,876.0000,46.342535
S02,877.0000,26.845435
S02,878.0000,40.072943
S02,879.0000,62.361264
S02,880.0000,50.439163
S02,881.0000,40.132592
S02,882.0000,63.000419
S02,883.0000,24.944736
S02,884.0000,37.177413
S02,885.0000,43.954515
S02,886.0000,45.194845
S02,887.0000,39.985137
S02,888.0000,29.103819
S02,889.0000,53.724557
S02,890.0000,49.337440
S02,891.0000,45.184981
S02,892.0000,39.546094
S02,893.0000,35.455615
S02,894.0000,42.621477
S02,895.0000,46.601173
S02,896.0000,31.871035
S02,897.0000,62.156843
S02,898.0000,46.496402
S02,899.0000,46.625889
S02,900.0000,39.121052
S02,901.0000,62.738514
S02,902.0000,31.651939
S02,903.0000,37.358541
S02,904.0000,53.098404
S02,905.0000,36.186585
S02,906.0000,37.822835
S02,907.0000,42.475005
S02,908.0000,50.085663
S02,909.0000,40.983685
S02,910.0000,29.932911
S02,911.0000,54.738662
S02,912.0000,56.661440
S02,913.0000,47.313883
S02,914.0000,55.820671
S02,915.0000,37.687819
S02,916.0000,59.465519
S02,917.0000,42.457592
S02,918.0000,57.840424
S02,919.0000,45.053079
S02,920.0000,59.894883
S02,921.0000,47.730879
S02,922.0000,44.099831
S02,923.0000,52.971747
S02,924.0000,46.808529
S02,925.0000,33.080711
S02,926.0000,61.867543
S02,927.0000,53.977628
S02,928.0000,53.359621
S02,929.0000,42.386640
S02,930.0000,56.449172
S02,931.0000,63.202803
S02,932.0000,47.714655
S02,933.0000,51.881926
S02,934.0000,57.399344
S02,935.0000,40.846397
S02,936.0000,57.212445
S02,937.0000,54.634144
S02,938.0000,60.447772
S02,939.0000,38.595229
S02,940.0000,46.829819
S02,941.0000,57.062596
S02,942.0000,58.933405
S02,943.0000,64.981136
S02,944.0000,49.851845
S02,945.0000,46.372880
S02,946.0000,47.256845
S02,947.0000,57.996668
S02,948.0000,57.013736
S02,949.0000,63.910352
S02,950.0000,51.056418
S02,951.0000,78.428223
S02,952.0000,59.016743
S02,953.0000,76.307296
S02,954.0000,50.534205
S02,955.0000,53.851213
S02,956.0000,39.283919
S02,957.0000,74.397400
S02,958.0000,49.963429
S02,959.0000,70.094910
S02,960.0000,70.156606
S02,961.0000,62.723195
S02,962.0000,74.541313
S02,963.0000,64.044365
S02,964.0000,68.862336
S02,965.0000,84.671788
S02,966.0000,86.626713
S02,967.0000,62.054439
S02,968.0000,84.098911
S02,969.0000,72.423249
S02,970.0000,71.281943
S02,971.0000,82.140143
S02,972.0000,60.305252
S02,973.0000,98.018123
S02,974.0000,100.468269
S02,975.0000,117.337638
S02,976.0000,105.644487
S02,977.0000,101.828171
S02,978.0000,109.192146
S02,979.0000,116.206365
S02,980.0000,118.142233
S02,981.0000,134.575166
S02,982.0000,143.933338
S02,983.0000,141.697017
S02,984.0000,150.257050
S02,985.0000,181.820395
S02,986.0000,184.364106
S02,987.0000,202.469118
S02,988.0000,221.228780
S02,989.0000,241.161494
S02,990.0000,277.876469
S02,991.0000,317.576456
S02,992.0000,359.985535
S02,993.0000,409.350082
S02,994.0000,470.149282
S02,995.0000,552.146644
S02,996.0000,631.292904
S02,997.0000,722.833318
S02,998.0000,815.924582
S02,999.0000,929.443144
S02,1000.0000,1013.015125
S02,1001.0000,1022.625217
S02,1002.0000,1022.128905
S02,1003.0000,940.451485
S02,1004.0000,840.440587
S02,1005.0000,760.018422
S02,1006.0000,624.463895
S02,1007.0000,576.371714
S02,1008.0000,486.330704
S02,1009.0000,424.552785
S02,1010.0000,376.448812
S02,1011.0000,334.751507
S02,1012.0000,295.433662
S02,1013.0000,272.668294
S02,1014.0000,270.964786
S02,1015.0000,244.316408
S02,1016.0000,226.839653
S02,1017.0000,239.389074
S02,1018.0000,236.644015
S02,1019.0000,234.441551
S02,1020.0000,258.897740
S02,1021.0000,257.297203
S02,1022.0000,282.793033
S02,1023.0000,315.660334
S02,1024.0000,304.590445
S02,1025.0000,350.472614
S02,1026.0000,408.774585
S02,1027.0000,465.394151
S02,1028.0000,514.837903
S02,1029.0000,564.219641
S02,1030.0000,602.317180
S02,1031.0000,604.446812
S02,1032.0000,603.255838
S02,1033.0000,558.108052
S02,1034.0000,489.891448
S02,1035.0000,439.785171
S02,1036.0000,386.565243
S02,1037.0000,319.053445
S02,1038.0000,292.248333
S02,1039.0000,269.075218
S02,1040.0000,222.338286
S02,1041.0000,188.621031
S02,1042.0000,183.653434
S02,1043.0000,173.488163
S02,1044.0000,146.748418
S02,1045.0000,146.387111
S02,1046.0000,137.590718
S02,1047.0000,121.970505
S02,1048.0000,124.238188
S02,1049.0000,106.430252
S02,1050.0000,90.281307
S02,1051.0000,80.790266
S02,1052.0000,94.183530
S02,1053.0000,84.336347
S02,1054.0000,99.978797
S02,1055.0000,78.359164
S02,1056.0000,92.586814
S02,1057.0000,71.448033
S02,1058.0000,85.309595
S02,1059.0000,82.082162
S02,1060.0000,78.292428
S02,1061.0000,69.446133
S02,1062.0000,69.753287
S02,1063.0000,78.752696
S02,1064.0000,53.391838
S02,1065.0000,62.437999
S02,1066.0000,96.487677
S02,1067.0000,56.500858
S02,1068.0000,72.891892
S02,1069.0000,58.794850
S02,1070.0000,52.131770
S02,1071.0000,71.436159
S02,1072.0000,69.119524
S02,1073.0000,59.034074
S02,1074.0000,41.640967
S02,1075.0000,56.738581
S02,1076.0000,50.740256
S02,1077.0000,51.382443
S02,1078.0000,54.092865
S02,1079.0000,58.587463
S02,1080.0000,52.018386
S02,1081.0000,48.224007
S02,1082.0000,56.887168
S02,1083.0000,62.562903
S02,1084.0000,57.100046
S02,1085.0000,43.263123
S02,1086.0000,48.812563
S02,1087.0000,39.177463
S02,1088.0000,61.009826
S02,1089.0000,44.423747
S02,1090.0000,57.993614
S02,1091.0000,54.765121
S02,1092.0000,55.059568
S02,1093.0000,51.763305
S02,1094.0000,43.780733
S02,1095.0000,64.065697
S02,1096.0000,48.554976
S02,1097.0000,47.964697
S02,1098.0000,68.098447
S02,1099.0000,54.328216
S02,1100.0000,41.618756
S02,1101.0000,51.006437
S02,1102.0000,42.797529
S02,1103.0000,47.063134
S02,1104.0000,60.683077
S02,1105.0000,43.385494
S02,1106.0000,49.917858
S02,1107.0000,64.895577
S02,1108.0000,54.088652
S02,1109.0000,47.696966
S02,1110.0000,66.679364
S02,1111.0000,50.183321
S02,1112.0000,39.242774
S02,1113.0000,52.238781
S02,1114.0000,42.972318
S02,1115.0000,54.320515
S02,1116.0000,71.014293
S02,1117.0000,55.533692
S02,1118.0000,43.780125
S02,1119.0000,48.775272
S02,1120.0000,42.983483
S02,1121.0000,47.787715
S02,1122.0000,52.206044
S02,1123.0000,74.943010
S02,1124.0000,47.121661
S02,1125.0000,71.680270
S02,1126.0000,53.632102
S02,1127.0000,55.809118
S02,1128.0000,51.475214
S02,1129.0000,71.624498
S02,1130.0000,44.131315
S02,1131.0000,48.930633
S02,1132.0000,51.465401
S02,1133.0000,57.582235
S02,1134.0000,59.666011
S02,1135.0000,58.096538
S02,1136.0000,75.708957
S02,1137.0000,52.500452
S02,1138.0000,70.745722
S02,1139.0000,73.491353
S02,1140.0000,96.313176
S02,1141.0000,67.985731
S02,1142.0000,75.440344
S02,1143.0000,88.511013
S02,1144.0000,109.656642
S02,1145.0000,98.658335
S02,1146.0000,122.475563
S02,1147.0000,122.281397
S02,1148.0000,142.281017
S02,1149.0000,144.532036
S02,1150.0000,162.015382
S02,1151.0000,175.451548
S02,1152.0000,196.943375
S02,1153.0000,229.770840
S02,1154.0000,262.330756
S02,1155.0000,264.990434
S02,1156.0000,231.113385
S02,1157.0000,224.565078
S02,1158.0000,221.408271
S02,1159.0000,195.617216
S02,1160.0000,150.248619
S02,1161.0000,150.047346
S02,1162.0000,121.449498
S02,1163.0000,138.182430
S02,1164.0000,103.614183
S02,1165.0000,117.572171
S02,1166.0000,90.579700
S02,1167.0000,80.806055
S02,1168.0000,73.216772
S02,1169.0000,81.425767
S02,1170.0000,72.515818
S02,1171.0000,53.588703
S02,1172.0000,56.403511
S02,1173.0000,70.596094
S02,1174.0000,67.376343
S02,1175.0000,56.213019
S02,1176.0000,54.205095
S02,1177.0000,61.577118
S02,1178.0000,56.224324
S02,1179.0000,42.025467
S02,1180.0000,60.249673
S02,1181.0000,43.303582
S02,1182.0000,43.557749
S02,1183.0000,67.893028
S02,1184.0000,63.621948
S02,1185.0000,51.621861
S02,1186.0000,65.856579
S02,1187.0000,54.778893
S02,1188.0000,56.903657
S02,1189.0000,62.879850
S02,1190.0000,33.802816
S02,1191.0000,40.193910
S02,1192.0000,46.276505
S02,1193.0000,38.438248
S02,1194.0000,40.801981
S02,1195.0000,52.465123
S02,1196.0000,42.370918
S02,1197.0000,39.653047
S02,1198.0000,40.422204
S02,1199.0000,25.661702
S02,1200.0000,52.175550
S02,1201.0000,46.494079
S02,1202.0000,47.410280
S02,1203.0000,53.422418
S02,1204.0000,55.877522
S02,1205.0000,31.643750
S02,1206.0000,58.448066
S02,1207.0000,27.260440
S02,1208.0000,59.652153
S02,1209.0000,76.651952
S02,1210.0000,38.364313
S02,1211.0000,47.830382
S02,1212.0000,65.660438
S02,1213.0000,39.787350
S02,1214.0000,45.360900
S02,1215.0000,30.289980
S02,1216.0000,46.017306
S02,1217.0000,36.876306
S02,1218.0000,56.399563
S02,1219.0000,30.531949
S02,1220.0000,41.693722
S02,1221.0000,43.881014
S02,1222.0000,22.309784
S02,1223.0000,60.404575
S02,1224.0000,65.104230
S02,1225.0000,19.381504
S02,1226.0000,30.635014
S02,1227.0000,40.946342
S02,1228.0000,28.402961
S02,1229.0000,37.289343
S02,1230.0000,45.490956
S02,1231.0000,26.321243
S02,1232.0000,42.465725
S02,1233.0000,23.791134
S02,1234.0000,52.339098
S02,1235.0000,41.903948
S02,1236.0000,39.580810
S02,1237.0000,35.428975
S02,1238.0000,42.334481
S02,1239.0000,46.127132
S02,1240.0000,30.878796
S02,1241.0000,45.505424
S02,1242.0000,42.279391
S02,1243.0000,22.177098
S02,1244.0000,39.595079
S02,1245.0000,48.861513
S02,1246.0000,47.842948
S02,1247.0000,41.319550
S02,1248.0000,32.607649
S02,1249.0000,47.261202
S02,1250.0000,48.211042
S02,1251.0000,38.796755
S02,1252.0000,29.443653
S02,1253.0000,47.637125
S02,1254.0000,49.714597
S02,1255.0000,59.340476
S02,1256.0000,28.880117
S02,1257.0000,21.259481
S02,1258.0000,51.144046
S02,1259.0000,39.310697
S02,1260.0000,37.636839
S02,1261.0000,44.864759
S02,1262.0000,53.810542
S02,1263.0000,46.108742
S02,1264.0000,45.487234
S02,1265.0000,39.031902
S02,1266.0000,33.421482
S02,1267.0000,39.288512
S02,1268.0000,31.994769
S02,1269.0000,41.088704
S02,1270.0000,61.940727
S02,1271.0000,39.628745
S02,1272.0000,39.295768
S02,1273.0000,45.958272
S02,1274.0000,30.877027
S02,1275.0000,53.129424
S02,1276.0000,41.581518
S02,1277.0000,47.359775
S02,1278.0000,22.120339
S02,1279.0000,38.574866
S02,1280.0000,37.353515
S02,1281.0000,50.882847
S02,1282.0000,35.629351
S02,1283.0000,53.877755
S02,1284.0000,53.918198
S02,1285.0000,38.554488
S02,1286.0000,48.081273
S02,1287.0000,54.135100
S02,1288.0000,48.576035
S02,1289.0000,27.190915
S02,1290.0000,47.510258
S02,1291.0000,59.556965
S02,1292.0000,34.858826
S02,1293.0000,39.545921
S02,1294.0000,44.087461
S02,1295.0000,50.094130
S02,1296.0000,38.118916
S02,1297.0000,39.878262
S02,1298.0000,38.803424
S02,1299.0000,31.698799
S02,1300.0000,60.526183
S02,1301.0000,46.786864
S02,1302.0000,39.455506
S02,1303.0000,53.862342
S02,1304.0000,38.993868
S02,1305.0000,42.448757
S02,1306.0000,42.275389
S02,1307.0000,64.452686
S02,1308.0000,45.584056
S02,1309.0000,30.978543
S02,1310.0000,34.935849
S02,1311.0000,31.694538
S02,1312.0000,41.039720
S02,1313.0000,44.684040
S02,1314.0000,47.015587
S02,1315.0000,70.951648
S02,1316.0000,47.413425
S02,1317.0000,59.889839
S02,1318.0000,38.774894
S02,1319.0000,38.706924
S02,1320.0000,52.521738
S02,1321.0000,35.692815
S02,1322.0000,48.578697
S02,1323.0000,41.694184
S02,1324.0000,44.051674
S02,1325.0000,29.081910
S02,1326.0000,37.679775
S02,1327.0000,48.093960
S02,1328.0000,31.629940
S02,1329.0000,56.154207
S02,1330.0000,50.153478
S02,1331.0000,34.944678
S02,1332.0000,40.489067
S02,1333.0000,36.726353
S02,1334.0000,43.950783
S02,1335.0000,51.225583
S02,1336.0000,44.060897
S02,1337.0000,34.195766
S02,1338.0000,51.001166
S02,1339.0000,31.986767
S02,1340.0000,27.245093
S02,1341.0000,32.372722
S02,1342.0000,22.954860
S02,1343.0000,45.957821
S02,1344.0000,58.140620
S02,1345.0000,33.445234
S02,1346.0000,35.299695
S02,1347.0000,32.695663
S02,1348.0000,50.830259
S02,1349.0000,47.656152
S02,1350.0000,37.741930
S02,1351.0000,38.691402
S02,1352.0000,51.780680
S02,1353.0000,42.293505
S02,1354.0000,28.435540
S02,1355.0000,37.466148
S02,1356.0000,49.097790
S02,1357.0000,44.196791
S02,1358.0000,47.800629
S02,1359.0000,52.878291
S02,1360.0000,34.062091
S02,1361.0000,47.211415
S02,1362.0000,28.811022
S02,1363.0000,39.381573
S02,1364.0000,37.548919
S02,1365.0000,41.239156
S02,1366.0000,46.338046
S02,1367.0000,52.364948
S02,1368.0000,38.038936
S02,1369.0000,30.558282
S02,1370.0000,44.856433
S02,1371.0000,42.711178
S02,1372.0000,43.184912
S02,1373.0000,45.112488
S02,1374.0000,31.766801
S02,1375.0000,25.727242
S02,1376.0000,46.300258
S02,1377.0000,46.903749
S02,1378.0000,62.868307
S02,1379.0000,31.561956
S02,1380.0000,44.715917
S02,1381.0000,48.210935
S02,1382.0000,64.010201
S02,1383.0000,51.664086
S02,1384.0000,41.413020
S02,1385.0000,24.307670
S02,1386.0000,57.271119
S02,1387.0000,30.368430
S02,1388.0000,61.373139
S02,1389.0000,47.683521
S02,1390.0000,47.829659
S02,1391.0000,48.344546
S02,1392.0000,42.427880
S02,1393.0000,21.540163
S02,1394.0000,42.028101
S02,1395.0000,52.451621
S02,1396.0000,51.254653
S02,1397.0000,54.491028
S02,1398.0000,44.218195
S02,1399.0000,56.424187
S02,1400.0000,55.703612
S02,1401.0000,36.734548
S02,1402.0000,56.258048
S02,1403.0000,57.093732
S02,1404.0000,54.270020
S02,1405.0000,16.533668
S02,1406.0000,40.949098
S02,1407.0000,65.597467
S02,1408.0000,25.265787
S02,1409.0000,30.058044
S02,1410.0000,49.853314
S02,1411.0000,40.837538
S02,1412.0000,60.983989
S02,1413.0000,54.805290
S02,1414.0000,46.736102
S02,1415.0000,61.232711
S02,1416.0000,35.474979
S02,1417.0000,58.983316
S02,1418.0000,54.448052
S02,1419.0000,68.444136
S02,1420.0000,61.084480
S02,1421.0000,57.103399
S02,1422.0000,46.090261
S02,1423.0000,66.809743
S02,1424.0000,81.778160
S02,1425.0000,61.681842
S02,1426.0000,76.583260
S02,1427.0000,58.922968
S02,1428.0000,70.039754
S02,1429.0000,60.914693
S02,1430.0000,77.787950
S02,1431.0000,75.781585
S02,1432.0000,84.586365
S02,1433.0000,81.755605
S02,1434.0000,98.276464
S02,1435.0000,91.937820
S02,1436.0000,119.998202
S02,1437.0000,108.940662
S02,1438.0000,129.664948
S02,1439.0000,142.422457
S02,1440.0000,146.512574
S02,1441.0000,160.291563
S02,1442.0000,169.752006
S02,1443.0000,198.546979
S02,1444.0000,235.860483
S02,1445.0000,267.601146
S02,1446.0000,321.274685
S02,1447.0000,370.058280
S02,1448.0000,418.349944
S02,1449.0000,415.993280
S02,1450.0000,436.087575
S02,1451.0000,425.051985
S02,1452.0000,399.404361
S02,1453.0000,352.115347
S02,1454.0000,310.937456
S02,1455.0000,269.532561
S02,1456.0000,232.644899
S02,1457.0000,198.247405
S02,1458.0000,180.468629
S02,1459.0000,167.092185
S02,1460.0000,142.832990
S02,1461.0000,129.880718
S02,1462.0000,121.542732
S02,1463.0000,97.168691
S02,1464.0000,104.811097
S02,1465.0000,98.664709
S02,1466.0000,88.959474
S02,1467.0000,79.909054
S02,1468.0000,81.833249
S02,1469.0000,84.923133
S02,1470.0000,75.224448
S02,1471.0000,74.790932
S02,1472.0000,77.520539
S02,1473.0000,85.563898
S02,1474.0000,66.508791
S02,1475.0000,65.699262
S02,1476.0000,57.447488
S02,1477.0000,60.205984
S02,1478.0000,68.949950
S02,1479.0000,54.836517
S02,1480.0000,59.379345
S02,1481.0000,54.602115
S02,1482.0000,68.687349
S02,1483.0000,65.360652
S02,1484.0000,36.527465
S02,1485.0000,41.744685
S02,1486.0000,54.360160
S02,1487.0000,44.589379
S02,1488.0000,45.684769
S02,1489.0000,52.000951
S02,1490.0000,63.716522
S02,1491.0000,40.655141
S02,1492.0000,44.839575
S02,1493.0000,44.004051
S02,1494.0000,51.645028
S02,1495.0000,49.345759
S02,1496.0000,35.181143
S02,1497.0000,49.838253
S02,1498.0000,38.593581
S02,1499.0000,52.106038
S02,1500.0000,54.779922
S02,1501.0000,60.549797
S02,1502.0000,36.885523
S02,1503.0000,59.803831
S02,1504.0000,35.783910
S02,1505.0000,51.860071
S02,1506.0000,29.329600
S02,1507.0000,27.149220
S02,1508.0000,60.562022
S02,1509.0000,60.333035
S02,1510.0000,60.382633
S02,1511.0000,57.561378
S02,1512.0000,44.837499
S02,1513.0000,48.085225
S02,1514.0000,47.675702
S02,1515.0000,55.489156
S02,1516.0000,33.299009
S02,1517.0000,34.057303
S02,1518.0000,49.214523
S02,1519.0000,44.865880
S02,1520.0000,58.671871
S02,1521.0000,39.541674
S02,1522.0000,45.364398
S02,1523.0000,42.592364
S02,1524.0000,40.313455
S02,1525.0000,49.638516
S02,1526.0000,53.634648
S02,1527.0000,53.020565
S02,1528.0000,71.396584
S02,1529.0000,68.221266
S02,1530.0000,43.222964
S02,1531.0000,44.977869
S02,1532.0000,29.779128
S02,1533.0000,44.082648
S02,1534.0000,49.961857
S02,1535.0000,49.570249
S02,1536.0000,37.163465
S02,1537.0000,58.152580
S02,1538.0000,52.842925
S02,1539.0000,56.014510
S02,1540.0000,45.878848
S02,1541.0000,43.293215
S02,1542.0000,68.945634
S02,1543.0000,46.336214
S02,1544.0000,54.196101
S02,1545.0000,67.793529
S02,1546.0000,63.819381
S02,1547.0000,48.434129
S02,1548.0000,64.666063
S02,1549.0000,64.661622
S02,1550.0000,48.191759
S02,1551.0000,61.520703
S02,1552.0000,60.224600
S02,1553.0000,68.948825
S02,1554.0000,54.594023
S02,1555.0000,73.167321
S02,1556.0000,48.228129
S02,1557.0000,59.058784
S02,1558.0000,77.129213
S02,1559.0000,76.529133
S02,1560.0000,75.447053
S02,1561.0000,70.142696
S02,1562.0000,85.232664
S02,1563.0000,85.053788
S02,1564.0000,84.484834
S02,1565.0000,83.493247
S02,1566.0000,90.534799
S02,1567.0000,94.672857
S02,1568.0000,106.197656
S02,1569.0000,121.143089
S02,1570.0000,104.025952
S02,1571.0000,134.438691
S02,1572.0000,160.166918
S02,1573.0000,158.853317
S02,1574.0000,180.107379
S02,1575.0000,185.114160
S02,1576.0000,214.885752
S02,1577.0000,231.868147
S02,1578.0000,283.788201
S02,1579.0000,301.860912
S02,1580.0000,339.555017
S02,1581.0000,362.264214
S02,1582.0000,407.069929
S02,1583.0000,427.469598
S02,1584.0000,424.689884
S02,1585.0000,383.817467
S02,1586.0000,369.028013
S02,1587.0000,342.032282
S02,1588.0000,326.782249
S02,1589.0000,295.841890
S02,1590.0000,289.525264
S02,1591.0000,292.090715
S02,1592.0000,293.209125
S02,1593.0000,313.171807
S02,1594.0000,344.777338
S02,1595.0000,358.819964
S02,1596.0000,379.102205
S02,1597.0000,456.136384
S02,1598.0000,493.406942
S02,1599.0000,554.780737
S02,1600.0000,634.407502
S02,1601.0000,660.527254
S02,1602.0000,672.817764
S02,1603.0000,654.662549
S02,1604.0000,599.245893
S02,1605.0000,550.248779
S02,1606.0000,484.621485
S02,1607.0000,420.216728
S02,1608.0000,344.587011
S02,1609.0000,307.024592
S02,1610.0000,261.032218
S02,1611.0000,230.028743
S02,1612.0000,213.206368
S02,1613.0000,193.579763
S02,1614.0000,182.907472
S02,1615.0000,151.652175
S02,1616.0000,137.718874
S02,1617.0000,131.730422
S02,1618.0000,126.498753
S02,1619.0000,119.615465
S02,1620.0000,106.834636
S02,1621.0000,113.366315
S02,1622.0000,98.988153
S02,1623.0000,110.041881
S02,1624.0000,85.631464
S02,1625.0000,87.605167
S02,1626.0000,77.698323
S02,1627.0000,63.203059
S02,1628.0000,79.377511
S02,1629.0000,77.337621
S02,1630.0000,76.681961
S02,1631.0000,41.154534
S02,1632.0000,73.461357
S02,1633.0000,72.848235
S02,1634.0000,68.894885
S02,1635.0000,63.629564
S02,1636.0000,58.350269
S02,1637.0000,58.132367
S02,1638.0000,69.470152
S02,1639.0000,52.492222
S02,1640.0000,61.465263
S02,1641.0000,53.401214
S02,1642.0000,41.723891
S02,1643.0000,57.075252
S02,1644.0000,41.850914
S02,1645.0000,57.942423
S02,1646.0000,52.677847
S02,1647.0000,33.818701
S02,1648.0000,51.735375
S02,1649.0000,51.836334
S02,1650.0000,49.140074
S02,1651.0000,62.972061
S02,1652.0000,53.600592
S02,1653.0000,45.170794
S02,1654.0000,62.375601
S02,1655.0000,59.688698
S02,1656.0000,55.586032
S02,1657.0000,46.042275
S02,1658.0000,48.402047
S02,1659.0000,46.851616
S02,1660.0000,34.074785
S02,1661.0000,43.599509
S02,1662.0000,54.004449
S02,1663.0000,62.083836
S02,1664.0000,43.332216
S02,1665.0000,56.672013
S02,1666.0000,46.750831
S02,1667.0000,30.014643
S02,1668.0000,39.774226
S02,1669.0000,38.855691
S02,1670.0000,51.397549
S02,1671.0000,49.810789
S02,1672.0000,41.237842
S02,1673.0000,36.398776
S02,1674.0000,49.639832
S02,1675.0000,61.318276
S02,1676.0000,40.063475
S02,1677.0000,52.828400
S02,1678.0000,51.196525
S02,1679.0000,58.593093
S02,1680.0000,67.581957
S02,1681.0000,60.015725
S02,1682.0000,43.003250
S02,1683.0000,47.502118
S02,1684.0000,57.326560
S02,1685.0000,52.553306
S02,1686.0000,43.583659
S02,1687.0000,38.399253
S02,1688.0000,48.887084
S02,1689.0000,37.866128
S02,1690.0000,44.034508
S02,1691.0000,41.796900
S02,1692.0000,31.878091
S02,1693.0000,37.804707
S02,1694.0000,44.164840
S02,1695.0000,40.166900
S02,1696.0000,22.473504
S02,1697.0000,46.471163
S02,1698.0000,49.133396
S02,1699.0000,42.840647
S02,1700.0000,53.626517
S02,1701.0000,54.193119
S02,1702.0000,36.469434
S02,1703.0000,34.169677
S02,1704.0000,40.009211
S02,1705.0000,44.041146
S02,1706.0000,21.694929
S02,1707.0000,76.995495
S02,1708.0000,42.265633
S02,1709.0000,41.348542
S02,1710.0000,39.787020
S02,1711.0000,37.349723
S02,1712.0000,45.822544
S02,1713.0000,52.673433
S02,1714.0000,26.771983
S02,1715.0000,43.988669
S02,1716.0000,52.302764
S02,1717.0000,47.556998
S02,1718.0000,63.960172
S02,1719.0000,50.697777
S02,1720.0000,32.267961
S02,1721.0000,56.778785
S02,1722.0000,51.077415
S02,1723.0000,33.380247
S02,1724.0000,41.800628
S02,1725.0000,56.462863
S02,1726.0000,22.118682
S02,1727.0000,31.227214
S02,1728.0000,58.602989
S02,1729.0000,39.829759
S02,1730.0000,16.969352
S02,1731.0000,48.027693
S02,1732.0000,33.324639
S02,1733.0000,25.780612
S02,1734.0000,49.193800
S02,1735.0000,26.835146
S02,1736.0000,56.421700
S02,1737.0000,46.348901
S02,1738.0000,29.007917
S02,1739.0000,35.763637
S02,1740.0000,57.883115
S02,1741.0000,29.075788
S02,1742.0000,53.159657
S02,1743.0000,33.833065
S02,1744.0000,49.539046
S02,1745.0000,38.170014
S02,1746.0000,50.595426
S02,1747.0000,37.946243
S02,1748.0000,62.642591
S02,1749.0000,48.981937
S02,1750.0000,55.106372
S02,1751.0000,41.958623
S02,1752.0000,30.616134
S02,1753.0000,31.804293
S02,1754.0000,53.752201
S02,1755.0000,40.758317
S02,1756.0000,32.880130
S02,1757.0000,55.306065
S02,1758.0000,31.661786
S02,1759.0000,22.528495
S02,1760.0000,53.136858
S02,1761.0000,46.097742
S02,1762.0000,49.103425
S02,1763.0000,36.607971
S02,1764.0000,39.630557
S02,1765.0000,24.843110
S02,1766.0000,46.749222
S02,1767.0000,17.778187
S02,1768.0000,33.638871
S02,1769.0000,59.262712
S02,1770.0000,59.249430
S02,1771.0000,43.961348
S02,1772.0000,60.594612
S02,1773.0000,55.233212
S02,1774.0000,39.636902
S02,1775.0000,28.435451
S02,1776.0000,36.528226
S02,1777.0000,54.175969
S02,1778.0000,38.990229
S02,1779.0000,52.826289
S02,1780.0000,41.736228
S02,1781.0000,21.378668
S02,1782.0000,50.813400
S02,1783.0000,49.835066
S02,1784.0000,51.429527
S02,1785.0000,47.724204
S02,1786.0000,25.533365
S02,1787.0000,37.847471
S02,1788.0000,38.388256
S02,1789.0000,21.797999
S02,1790.0000,39.998450
S02,1791.0000,13.130135
S02,1792.0000,43.225892
S02,1793.0000,46.316346
S02,1794.0000,57.821396
S02,1795.0000,35.801673
S02,1796.0000,41.089420
S02,1797.0000,39.170929
S02,1798.0000,47.213292
S02,1799.0000,32.135598
S02,1800.0000,51.201239
S02,1801.0000,59.755964
S02,1802.0000,41.210600
S02,1803.0000,38.835708
S02,1804.0000,36.326803
S02,1805.0000,38.391368
S02,1806.0000,30.743532
S02,1807.0000,42.703986
S02,1808.0000,20.972162
S02,1809.0000,29.657113
S02,1810.0000,43.255024
S02,1811.0000,28.392512
S02,1812.0000,37.786780
S02,1813.0000,44.443468
S02,1814.0000,38.428456
S02,1815.0000,55.936388
S02,1816.0000,53.189795
S02,1817.0000,35.979586
S02,1818.0000,26.621060
S02,1819.0000,49.468496
S02,1820.0000,33.446926
S02,1821.0000,44.371786
S02,1822.0000,44.949946
S02,1823.0000,33.802282
S02,1824.0000,35.466485
S02,1825.0000,30.671601
S02,1826.0000,44.715967
S02,1827.0000,46.080434
S02,1828.0000,44.796546
S02,1829.0000,50.733237
S02,1830.0000,39.694408
S02,1831.0000,42.716477
S02,1832.0000,46.723692
S02,1833.0000,46.318106
S02,1834.0000,42.893521
S02,1835.0000,52.941581
S02,1836.0000,41.577126
S02,1837.0000,44.457587
S02,1838.0000,35.582906
S02,1839.0000,37.227177
S02,1840.0000,45.000824
S02,1841.0000,34.319321
S02,1842.0000,25.418001
S02,1843.0000,29.958459
S02,1844.0000,50.286002
S02,1845.0000,54.251178
S02,1846.0000,32.552964
S02,1847.0000,46.125918
S02,1848.0000,39.361829
S02,1849.0000,41.984191
S02,1850.0000,24.626673
S02,1851.0000,38.528029
S02,1852.0000,46.499410
S02,1853.0000,27.343113
S02,1854.0000,33.870680
S02,1855.0000,48.849920
S02,1856.0000,56.333756
S02,1857.0000,31.779637
S02,1858.0000,25.125452
S02,1859.0000,36.691484
S02,1860.0000,45.213106
S02,1861.0000,39.968163
S02,1862.0000,41.467876
S02,1863.0000,40.573137
S02,1864.0000,46.156597
S02,1865.0000,46.604429
S02,1866.0000,41.524047
S02,1867.0000,34.557931
S02,1868.0000,52.861511
S02,1869.0000,55.810506
S02,1870.0000,30.360641
S02,1871.0000,32.977700
S02,1872.0000,32.827576
S02,1873.0000,46.880726
S02,1874.0000,41.664212
S02,1875.0000,32.330483
S02,1876.0000,48.303011
S02,1877.0000,39.975977
S02,1878.0000,40.496897
S02,1879.0000,33.548763
S02,1880.0000,49.137544
S02,1881.0000,14.475918
S02,1882.0000,49.905184
S02,1883.0000,48.606070
S02,1884.0000,41.057810
S02,1885.0000,50.723038
S02,1886.0000,23.056742
S02,1887.0000,33.854206
S02,1888.0000,24.303485
S02,1889.0000,39.684852
S02,1890.0000,25.322400
S02,1891.0000,53.303632
S02,1892.0000,36.813484
S02,1893.0000,42.359723
S02,1894.0000,42.588345
S02,1895.0000,51.987670
S02,1896.0000,40.499741
S02,1897.0000,32.918116
S02,1898.0000,29.639620
S02,1899.0000,47.121580
S02,1900.0000,25.270251
S02,1901.0000,26.385663
S02,1902.0000,36.934607
S02,1903.0000,39.013338
S02,1904.0000,61.226030
S02,1905.0000,43.702507
S02,1906.0000,28.808692
S02,1907.0000,33.239348
S02,1908.0000,40.571870
S02,1909.0000,46.138821
S02,1910.0000,36.729207
S02,1911.0000,27.572032
S02,1912.0000,25.527212
S02,1913.0000,18.759976
S02,1914.0000,52.076953
S02,1915.0000,65.407913
S02,1916.0000,52.842975
S02,1917.0000,53.695341
S02,1918.0000,43.406810
S02,1919.0000,52.065494
S02,1920.0000,44.191002
S02,1921.0000,46.685481
S02,1922.0000,62.220265
S02,1923.0000,35.182677
S02,1924.0000,37.890017
S02,1925.0000,39.728893
S02,1926.0000,67.808609
S02,1927.0000,37.313333
S02,1928.0000,47.648683
S02,1929.0000,45.194222
S02,1930.0000,50.263239
S02,1931.0000,43.537950
S02,1932.0000,16.175999
S02,1933.0000,28.954201
S02,1934.0000,57.990869
S02,1935.0000,62.417750
S02,1936.0000,34.141608
S02,1937.0000,29.261151
S02,1938.0000,67.550827
S02,1939.0000,46.133164
S02,1940.0000,21.412689
S02,1941.0000,49.859244
S02,1942.0000,34.606877
S02,1943.0000,41.768485
S02,1944.0000,39.779170
S02,1945.0000,47.138517
S02,1946.0000,22.290158
S02,1947.0000,42.465996
S02,1948.0000,35.701343
S02,1949.0000,53.331731
S02,1950.0000,48.518229
S02,1951.0000,35.876825
S02,1952.0000,50.128157
S02,1953.0000,41.087020
S02,1954.0000,36.788632
S02,1955.0000,35.627725
S02,1956.0000,33.896639
S02,1957.0000,42.807977
S02,1958.0000,36.198066
S02,1959.0000,47.234837
S02,1960.0000,44.673926
S02,1961.0000,42.605993
S02,1962.0000,35.515859
S02,1963.0000,39.905101
S02,1964.0000,46.921599
S02,1965.0000,52.054288
S02,1966.0000,31.493234
S02,1967.0000,40.078455
S02,1968.0000,41.058495
S02,1969.0000,30.751696
S02,1970.0000,27.218783
S02,1971.0000,39.973111
S02,1972.0000,49.042380
S02,1973.0000,28.189570
S02,1974.0000,43.111662
S02,1975.0000,40.406036
S02,1976.0000,45.652382
S02,1977.0000,38.196678
S02,1978.0000,40.362474
S02,1979.0000,46.503457
S02,1980.0000,50.820721
S02,1981.0000,40.591821
S02,1982.0000,44.546599
S02,1983.0000,45.785615
S02,1984.0000,57.413918
S02,1985.0000,47.669583
S02,1986.0000,46.019489
S02,1987.0000,30.058900
S02,1988.0000,27.245444
S02,1989.0000,48.878307
S02,1990.0000,41.352010
S02,1991.0000,47.836373
S02,1992.0000,32.833208
S02,1993.0000,48.303940
S02,1994.0000,31.626725
S02,1995.0000,43.038924
S02,1996.0000,15.420956
S02,1997.0000,46.115999
S02,1998.0000,51.893619
S02,1999.0000,38.122437
S02,2000.0000,38.326386
S03,200.0000,36.955541
S03,201.0000,44.950664
S03,202.0000,30.628864
S03,203.0000,42.540280
S03,204.0000,35.878259
S03,205.0000,43.966134
S03,206.0000,36.445098
S03,207.0000,58.811726
S03,208.0000,56.306719
S03,209.0000,19.011951
S03,210.0000,35.392714
S03,211.0000,43.314483
S03,212.0000,33.785272
S03,213.0000,50.193005
S03,214.0000,41.456773
S03,215.0000,31.989302
S03,216.0000,57.582795
S03,217.0000,19.119993
S03,218.0000,42.795955
S03,219.0000,34.020257
S03,220.0000,50.308886
S03,221.0000,23.362898
S03,222.0000,38.989254
S03,223.0000,39.030439
S03,224.0000,47.524042
S03,225.0000,41.652864
S03,226.0000,41.485546
S03,227.0000,54.718746
S03,228.0000,44.291686
S03,229.0000,21.010883
S03,230.0000,41.564486
S03,231.0000,44.085378
S03,232.0000,28.252261
S03,233.0000,45.763785
S03,234.0000,34.746054
S03,235.0000,23.319063
S03,236.0000,51.535231
S03,237.0000,46.425864
S03,238.0000,52.909432
S03,239.0000,60.206188
S03,240.0000,38.283616
S03,241.0000,37.997875
S03,242.0000,50.575321
S03,243.0000,42.912776
S03,244.0000,53.453998
S03,245.0000,27.698173
S03,246.0000,37.556981
S03,247.0000,47.392089
S03,248.0000,42.561275
S03,249.0000,55.789114
S03,250.0000,35.412902
S03,251.0000,29.714782
S03,252.0000,33.794858
S03,253.0000,40.876322
S03,254.0000,46.423117
S03,255.0000,29.061594
S03,256.0000,41.669047
S03,257.0000,56.181003
S03,258.0000,44.948962
S03,259.0000,32.849282
S03,260.0000,34.234806
S03,261.0000,52.890513
S03,262.0000,56.369133
S03,263.0000,52.792129
S03,264.0000,35.303020
S03,265.0000,41.489565
S03,266.0000,36.052529
S03,267.0000,8.210103
S03,268.0000,41.275113
S03,269.0000,47.686235
S03,270.0000,52.056219
S03,271.0000,32.610894
S03,272.0000,43.854394
S03,273.0000,30.580061
S03,274.0000,35.364945
S03,275.0000,27.792485
S03,276.0000,39.050288
S03,277.0000,26.545806
S03,278.0000,33.701644
S03,279.0000,21.649780
S03,280.0000,38.226262
S03,281.0000,39.496676
S03,282.0000,37.707906
S03,283.0000,37.304537
S03,284.0000,47.790315
S03,285.0000,46.927340
S03,286.0000,38.307910
S03,287.0000,42.870726
S03,288.0000,46.462152
S03,289.0000,42.560100
S03,290.0000,48.581059
S03,291.0000,17.973907
S03,292.0000,47.369219
S03,293.0000,37.414933
S03,294.0000,41.076655
S03,295.0000,51.023648
S03,296.0000,51.053221
S03,297.0000,34.897612
S03,298.0000,48.515403
S03,299.0000,36.420846
S03,300.0000,35.503049
S03,301.0000,48.768090
S03,302.0000,33.763629
S03,303.0000,44.986601
S03,304.0000,38.823628
S03,305.0000,33.254936
S03,306.0000,44.492100
S03,307.0000,38.589296
S03,308.0000,52.821579
S03,309.0000,27.702854
S03,310.0000,36.397303
S03,311.0000,50.444486
S03,312.0000,50.088815
S03,313.0000,30.479757
S03,314.0000,32.757316
S03,315.0000,48.186378
S03,316.0000,38.620901
S03,317.0000,31.579693
S03,318.0000,28.263157
S03,319.0000,42.215357
S03,320.0000,43.079886
S03,321.0000,32.607341
S03,322.0000,43.337758
S03,323.0000,52.023988
S03,324.0000,18.583264
S03,325.0000,42.441748
S03,326.0000,35.067947
S03,327.0000,41.850802
S03,328.0000,61.142108
S03,329.0000,31.862251
S03,330.0000,40.698177
S03,331.0000,56.707141
S03,332.0000,34.216406
S03,333.0000,46.883242
S03,334.0000,48.099927
S03,335.0000,48.342872
S03,336.0000,55.195511
S03,337.0000,29.912709
S03,338.0000,41.517269
S03,339.0000,27.705859
S03,340.0000,39.201973
S03,341.0000,44.759907
S03,342.0000,49.966219
S03,343.0000,19.262758
S03,344.0000,43.978761
S03,345.0000,28.091831
S03,346.0000,23.259287
S03,347.0000,40.745414
S03,348.0000,25.240126
S03,349.0000,44.321685
S03,350.0000,36.114834
S03,351.0000,39.468987
S03,352.0000,36.897391
S03,353.0000,38.436411
S03,354.0000,38.603153
S03,355.0000,43.611724
S03,356.0000,26.561320
S03,357.0000,41.267740
S03,358.0000,32.978590
S03,359.0000,36.383546
S03,360.0000,62.487760
S03,361.0000,27.661571
S03,362.0000,39.090494
S03,363.0000,36.132883
S03,364.0000,29.929588
S03,365.0000,34.128053
S03,366.0000,38.952567
S03,367.0000,42.477147
S03,368.0000,35.257104
S03,369.0000,31.203962
S03,370.0000,25.861134
S03,371.0000,29.699445
S03,372.0000,34.565473
S03,373.0000,56.502942
S03,374.0000,59.326332
S03,375.0000,29.036574
S03,376.0000,33.843966
S03,377.0000,48.724154
S03,378.0000,49.575398
S03,379.0000,42.905518
S03,380.0000,45.637349
S03,381.0000,33.032110
S03,382.0000,27.041627
S03,383.0000,52.514772
S03,384.0000,34.994529
S03,385.0000,23.695056
S03,386.0000,30.416919
S03,387.0000,37.291758
S03,388.0000,47.806137
S03,389.0000,52.490576
S03,390.0000,59.495445
S03,391.0000,42.393428
S03,392.0000,36.512939
S03,393.0000,49.569546
S03,394.0000,48.306188
S03,395.0000,23.483407
S03,396.0000,49.922686
S03,397.0000,44.843860
S03,398.0000,26.649199
S03,399.0000,49.874094
S03,400.0000,29.326823
S03,401.0000,41.371567
S03,402.0000,53.114702
S03,403.0000,31.710017
S03,404.0000,65.987300
S03,405.0000,42.663172
S03,406.0000,35.019904
S03,407.0000,57.593864
S03,408.0000,37.975170
S03,409.0000,46.264029
S03,410.0000,45.915297
S03,411.0000,32.188370
S03,412.0000,46.156967
S03,413.0000,47.981311
S03,414.0000,30.699046
S03,415.0000,36.282959
S03,416.0000,49.437343
S03,417.0000,39.154546
S03,418.0000,41.568959
S03,419.0000,28.549118
S03,420.0000,50.041803
S03,421.0000,40.650405
S03,422.0000,45.222188
S03,423.0000,40.258964
S03,424.0000,36.420310
S03,425.0000,42.203339
S03,426.0000,58.034411
S03,427.0000,14.993665
S03,428.0000,47.864875
S03,429.0000,45.574891
S03,430.0000,45.134312
S03,431.0000,53.954205
S03,432.0000,38.607256
S03,433.0000,46.898479
S03,434.0000,66.265291
S03,435.0000,35.272905
S03,436.0000,35.361913
S03,437.0000,37.908216
S03,438.0000,21.921449
S03,439.0000,23.355881
S03,440.0000,39.795908
S03,441.0000,55.732451
S03,442.0000,27.280603
S03,443.0000,39.341084
S03,444.0000,33.477927
S03,445.0000,50.789204
S03,446.0000,46.994555
S03,447.0000,26.498531
S03,448.0000,57.132348
S03,449.0000,48.933768
S03,450.0000,29.948145
S03,451.0000,45.275373
S03,452.0000,47.171617
S03,453.0000,30.378272
S03,454.0000,28.945351
S03,455.0000,46.141576
S03,456.0000,30.443963
S03,457.0000,38.702817
S03,458.0000,43.858654
S03,459.0000,35.354585
S03,460.0000,40.012131
S03,461.0000,35.671155
S03,462.0000,28.012555
S03,463.0000,43.718238
S03,464.0000,42.114274
S03,465.0000,44.182340
S03,466.0000,50.620834
S03,467.0000,41.903512
S03,468.0000,22.893764
S03,469.0000,31.273119
S03,470.0000,44.622548
S03,471.0000,34.125169
S03,472.0000,26.375970
S03,473.0000,43.481588
S03,474.0000,38.223744
S03,475.0000,53.638483
S03,476.0000,34.948062
S03,477.0000,53.038492
S03,478.0000,43.793184
S03,479.0000,14.835774
S03,480.0000,28.158837
S03,481.0000,32.314492
S03,482.0000,40.301668
S03,483.0000,41.310886
S03,484.0000,63.322117
S03,485.0000,64.576489
S03,486.0000,50.053022
S03,487.0000,45.437856
S03,488.0000,57.638407
S03,489.0000,42.073619
S03,490.0000,61.075738
S03,491.0000,30.720229
S03,492.0000,46.983378
S03,493.0000,22.773194
S03,494.0000,38.722638
S03,495.0000,34.277950
S03,496.0000,36.977632
S03,497.0000,38.678649
S03,498.0000,37.934007
S03,499.0000,29.570714
S03,500.0000,41.193161
S03,501.0000,36.597271
S03,502.0000,30.644917
S03,503.0000,41.851903
S03,504.0000,43.328617
S03,505.0000,48.775006
S03,506.0000,33.732754
S03,507.0000,48.746423
S03,508.0000,48.410903
S03,509.0000,24.382549
S03,510.0000,36.749503
S03,511.0000,31.333628
S03,512.0000,43.685017
S03,513.0000,37.442654
S03,514.0000,66.423605
S03,515.0000,56.922094
S03,516.0000,41.057218
S03,517.0000,37.790730
S03,518.0000,34.129536
S03,519.0000,53.926937
S03,520.0000,43.450806
S03,521.0000,33.042406
S03,522.0000,26.115009
S03,523.0000,46.286841
S03,524.0000,35.528691
S03,525.0000,43.877094
S03,526.0000,40.516096
S03,527.0000,49.745747
S03,528.0000,51.375820
S03,529.0000,36.379430
S03,530.0000,42.996665
S03,531.0000,39.706089
S03,532.0000,46.376416
S03,533.0000,48.529910
S03,534.0000,49.735610
S03,535.0000,34.535074
S03,536.0000,50.575578
S03,537.0000,38.359450
S03,538.0000,66.827421
S03,539.0000,46.907579
S03,540.0000,28.119213
S03,541.0000,45.010548
S03,542.0000,40.438151
S03,543.0000,47.809672
S03,544.0000,22.102343
S03,545.0000,36.232627
S03,546.0000,66.527422
S03,547.0000,51.155755
S03,548.0000,29.439421
S03,549.0000,39.791557
S03,550.0000,20.626163
S03,551.0000,74.238102
S03,552.0000,39.242361
S03,553.0000,43.780753
S03,554.0000,40.829396
S03,555.0000,40.517239
S03,556.0000,39.779244
S03,557.0000,33.635349
S03,558.0000,41.992448
S03,559.0000,50.431772
S03,560.0000,51.058006
S03,561.0000,38.349888
S03,562.0000,60.526239
S03,563.0000,26.623518
S03,564.0000,46.341769
S03,565.0000,41.871158
S03,566.0000,51.638174
S03,567.0000,26.662852
S03,568.0000,31.041315
S03,569.0000,41.959338
S03,570.0000,41.755628
S03,571.0000,37.269119
S03,572.0000,36.673718
S03,573.0000,59.366738
S03,574.0000,36.112176
S03,575.0000,67.243654
S03,576.0000,34.708306
S03,577.0000,55.321642
S03,578.0000,38.767303
S03,579.0000,61.557414
S03,580.0000,61.586889
S03,581.0000,43.130646
S03,582.0000,56.364613
S03,583.0000,32.659252
S03,584.0000,71.305083
S03,585.0000,44.872751
S03,586.0000,59.302401
S03,587.0000,54.219831
S03,588.0000,55.771008
S03,589.0000,56.688181
S03,590.0000,60.550502
S03,591.0000,57.583490
S03,592.0000,64.090306
S03,593.0000,51.356377
S03,594.0000,54.391487
S03,595.0000,65.089059
S03,596.0000,64.746391
S03,597.0000,67.796311
S03,598.0000,51.467417
S03,599.0000,66.938529
S03,600.0000,71.049736
S03,601.0000,72.803047
S03,602.0000,99.528866
S03,603.0000,78.611112
S03,604.0000,80.937917
S03,605.0000,103.891477
S03,606.0000,105.918082
S03,607.0000,108.900140
S03,608.0000,128.916806
S03,609.0000,121.581859
S03,610.0000,143.921663
S03,611.0000,161.506333
S03,612.0000,186.434285
S03,613.0000,199.481387
S03,614.0000,240.990473
S03,615.0000,264.068863
S03,616.0000,308.856940
S03,617.0000,351.512222
S03,618.0000,394.388072
S03,619.0000,441.012138
S03,620.0000,443.602655
S03,621.0000,438.800286
S03,622.0000,399.328177
S03,623.0000,359.485221
S03,624.0000,341.175983
S03,625.0000,283.535403
S03,626.0000,235.966072
S03,627.0000,204.411518
S03,628.0000,188.664451
S03,629.0000,163.177234
S03,630.0000,138.888669
S03,631.0000,120.953923
S03,632.0000,120.441646
S03,633.0000,117.274203
S03,634.0000,101.420192
S03,635.0000,92.586426
S03,636.0000,94.293298
S03,637.0000,100.830676
S03,638.0000,87.477731
S03,639.0000,76.992155
S03,640.0000,79.920041
S03,641.0000,83.846779
S03,642.0000,73.235705
S03,643.0000,72.426828
S03,644.0000,77.100440
S03,645.0000,64.381416
S03,646.0000,56.164294
S03,647.0000,45.060621
S03,648.0000,56.537866
S03,649.0000,41.995828
S03,650.0000,54.606770
S03,651.0000,73.824676
S03,652.0000,60.189143
S03,653.0000,44.459577
S03,654.0000,53.949149
S03,655.0000,43.898071
S03,656.0000,51.126904
S03,657.0000,51.583498
S03,658.0000,42.524734
S03,659.0000,55.633566
S03,660.0000,52.439121
S03,661.0000,51.984994
S03,662.0000,47.989950
S03,663.0000,62.550186
S03,664.0000,62.174225
S03,665.0000,40.864144
S03,666.0000,32.313335
S03,667.0000,38.018116
S03,668.0000,50.645809
S03,669.0000,62.799246
S03,670.0000,47.587974
S03,671.0000,48.459868
S03,672.0000,62.293977
S03,673.0000,36.039789
S03,674.0000,42.420152
S03,675.0000,58.571876
S03,676.0000,50.164732
S03,677.0000,46.118511
S03,678.0000,40.226286
S03,679.0000,49.300152
S03,680.0000,33.567113
S03,681.0000,43.507004
S03,682.0000,44.459552
S03,683.0000,46.233061
S03,684.0000,27.568628
S03,685.0000,39.837373
S03,686.0000,60.721263
S03,687.0000,38.210823
S03,688.0000,39.589607
S03,689.0000,34.862386
S03,690.0000,25.582350
S03,691.0000,28.245542
S03,692.0000,52.010167
S03,693.0000,28.365618
S03,694.0000,51.217601
S03,695.0000,34.949319
S03,696.0000,47.613790
S03,697.0000,54.803979
S03,698.0000,27.715064
S03,699.0000,30.772687
S03,700.0000,44.340883
S03,701.0000,41.816866
S03,702.0000,55.805765
S03,703.0000,42.791912
S03,704.0000,48.953584
S03,705.0000,32.840706
S03,706.0000,36.310499
S03,707.0000,46.469642
S03,708.0000,34.565966
S03,709.0000,28.625387
S03,710.0000,46.515279
S03,711.0000,44.182333
S03,712.0000,46.272787
S03,713.0000,32.215540
S03,714.0000,36.601164
S03,715.0000,55.984813
S03,716.0000,48.682114
S03,717.0000,51.248186
S03,718.0000,46.270784
S03,719.0000,56.340313
S03,720.0000,53.219590
S03,721.0000,50.875122
S03,722.0000,54.134911
S03,723.0000,37.132142
S03,724.0000,28.867084
S03,725.0000,44.802753
S03,726.0000,47.137464
S03,727.0000,37.650235
S03,728.0000,40.808439
S03,729.0000,30.030135
S03,730.0000,20.416035
S03,731.0000,42.672106
S03,732.0000,38.053195
S03,733.0000,39.110369
S03,734.0000,58.963719
S03,735.0000,37.434340
S03,736.0000,35.400147
S03,737.0000,52.924484
S03,738.0000,41.853742
S03,739.0000,41.892873
S03,740.0000,46.985784
S03,741.0000,34.674887
S03,742.0000,36.829247
S03,743.0000,39.855933
S03,744.0000,25.176517
S03,745.0000,48.390241
S03,746.0000,54.049127
S03,747.0000,34.867223
S03,748.0000,50.525222
S03,749.0000,33.630172
S03,750.0000,33.466871
S03,751.0000,25.033181
S03,752.0000,29.749849
S03,753.0000,60.539105
S03,754.0000,40.963863
S03,755.0000,54.991277
S03,756.0000,38.981819
S03,757.0000,32.076873
S03,758.0000,52.073483
S03,759.0000,57.553613
S03,760.0000,40.340099
S03,761.0000,42.560808
S03,762.0000,52.020067
S03,763.0000,40.982445
S03,764.0000,25.178586
S03,765.0000,49.964910
S03,766.0000,53.181260
S03,767.0000,34.190553
S03,768.0000,30.457834
S03,769.0000,30.636404
S03,770.0000,53.219814
S03,771.0000,42.480872
S03,772.0000,33.457084
S03,773.0000,32.182097
S03,774.0000,47.076967
S03,775.0000,64.308962
S03,776.0000,36.572947
S03,777.0000,48.419388
S03,778.0000,22.924691
S03,779.0000,41.343902
S03,780.0000,40.795784
S03,781.0000,46.237929
S03,782.0000,35.391901
S03,783.0000,50.902867
S03,784.0000,62.559362
S03,785.0000,42.841406
S03,786.0000,45.783458
S03,787.0000,35.894973
S03,788.0000,40.162228
S03,789.0000,21.684382
S03,790.0000,48.705803
S03,791.0000,47.725582
S03,792.0000,40.841768
S03,793.0000,29.515023
S03,794.0000,34.449243
S03,795.0000,29.399052
S03,796.0000,32.744979
S03,797.0000,46.116153
S03,798.0000,22.576527
S03,799.0000,33.275065
S03,800.0000,38.798958
S03,801.0000,46.583301
S03,802.0000,28.314012
S03,803.0000,35.891898
S03,804.0000,44.985437
S03,805.0000,44.124690
S03,806.0000,55.984396
S03,807.0000,56.528521
S03,808.0000,55.822922
S03,809.0000,57.627624
S03,810.0000,41.824243
S03,811.0000,38.419700
S03,812.0000,50.859837
S03,813.0000,47.021224
S03,814.0000,38.623218
S03,815.0000,31.486440
S03,816.0000,42.369654
S03,817.0000,33.458164
S03,818.0000,43.200626
S03,819.0000,42.695480
S03,820.0000,36.067512
S03,821.0000,27.553841
S03,822.0000,31.333358
S03,823.0000,37.494548
S03,824.0000,43.349591
S03,825.0000,34.677806
S03,826.0000,40.913081
S03,827.0000,49.809569
S03,828.0000,47.797945
S03,829.0000,40.667839
S03,830.0000,50.692445
S03,831.0000,42.213182
S03,832.0000,44.889256
S03,833.0000,24.991737
S03,834.0000,53.346516
S03,835.0000,53.886628
S03,836.0000,25.571001
S03,837.0000,41.953434
S03,838.0000,42.042364
S03,839.0000,28.420952
S03,840.0000,56.566101
S03,841.0000,40.145103
S03,842.0000,31.922065
S03,843.0000,56.715035
S03,844.0000,46.395703
S03,845.0000,45.847739
S03,846.0000,61.592807
S03,847.0000,54.691273
S03,848.0000,31.069226
S03,849.0000,36.076331
S03,850.0000,42.084253
S03,851.0000,44.011640
S03,852.0000,52.901966
S03,853.0000,45.667334
S03,854.0000,26.827526
S03,855.0000,46.960892
S03,856.0000,39.372320
S03,857.0000,27.100849
S03,858.0000,35.463416
S03,859.0000,47.417993
S03,860.0000,41.959772
S03,861.0000,64.204206
S03,862.0000,43.097664
S03,863.0000,54.345807
S03,864.0000,40.381438
S03,865.0000,45.753356
S03,866.0000,43.870696
S03,867.0000,40.548696
S03,868.0000,36.358263
S03,869.0000,31.960216
S03,870.0000,31.742728
S03,871.0000,30.982817
S03,872.0000,42.494655
S03,873.0000,55.815275
S03,874.0000,56.425473
S03,875.0000,29.226263
S03,876.0000,37.124686
S03,877.0000,51.349103
S03,878.0000,44.458592
S03,879.0000,23.981528
S03,880.0000,54.082443
S03,881.0000,47.520519
S03,882.0000,37.944127
S03,883.0000,52.561201
S03,884.0000,23.515037
S03,885.0000,33.929851
S03,886.0000,29.344283
S03,887.0000,25.607171
S03,888.0000,50.129188
S03,889.0000,25.206404
S03,890.0000,39.842778
S03,891.0000,59.345787
S03,892.0000,54.342931
S03,893.0000,53.574311
S03,894.0000,34.765148
S03,895.0000,47.945932
S03,896.0000,39.258445
S03,897.0000,70.480637
S03,898.0000,49.334573
S03,899.0000,56.768022
S03,900.0000,35.641569
S03,901.0000,30.305233
S03,902.0000,47.354500
S03,903.0000,55.104017
S03,904.0000,54.054698
S03,905.0000,59.438222
S03,906.0000,44.228146
S03,907.0000,35.340136
S03,908.0000,37.673985
S03,909.0000,59.407158
S03,910.0000,61.137731
S03,911.0000,38.708064
S03,912.0000,51.364339
S03,913.0000,51.329052
S03,914.0000,45.625313
S03,915.0000,57.542754
S03,916.0000,39.443132
S03,917.0000,61.941409
S03,918.0000,36.670034
S03,919.0000,54.087056
S03,920.0000,51.262991
S03,921.0000,67.524586
S03,922.0000,49.624091
S03,923.0000,45.314377
S03,924.0000,38.483905
S03,925.0000,32.456556
S03,926.0000,54.528407
S03,927.0000,43.583703
S03,928.0000,54.334916
S03,929.0000,58.333273
S03,930.0000,53.394180
S03,931.0000,55.438718
S03,932.0000,38.403820
S03,933.0000,64.934089
S03,934.0000,41.543604
S03,935.0000,59.863671
S03,936.0000,38.481252
S03,937.0000,43.199360
S03,938.0000,46.449434
S03,939.0000,56.461447
S03,940.0000,43.896829
S03,941.0000,55.728399
S03,942.0000,47.945756
S03,943.0000,42.079308
S03,944.0000,45.051106
S03,945.0000,51.187216
S03,946.0000,43.716662
S03,947.0000,52.486276
S03,948.0000,51.379021
S03,949.0000,46.521590
S03,950.0000,73.694036
S03,951.0000,56.441226
S03,952.0000,48.182101
S03,953.0000,57.073454
S03,954.0000,52.970219
S03,955.0000,59.973771
S03,956.0000,62.360377
S03,957.0000,71.991020
S03,958.0000,73.814552
S03,959.0000,86.930238
S03,960.0000,75.614382
S03,961.0000,80.657091
S03,962.0000,80.136847
S03,963.0000,81.243019
S03,964.0000,86.848106
S03,965.0000,65.389660
S03,966.0000,80.811449
S03,967.0000,72.425683
S03,968.0000,75.259930
S03,969.0000,80.516603
S03,970.0000,87.313212
S03,971.0000,73.403185
S03,972.0000,97.211980
S03,973.0000,89.025858
S03,974.0000,88.378060
S03,975.0000,90.675532
S03,976.0000,92.050764
S03,977.0000,109.921120
S03,978.0000,100.566675
S03,979.0000,130.830278
S03,980.0000,128.936988
S03,981.0000,129.209243
S03,982.0000,139.114530
S03,983.0000,136.105203
S03,984.0000,166.325729
S03,985.0000,165.296225
S03,986.0000,204.242426
S03,987.0000,201.253327
S03,988.0000,211.401376
S03,989.0000,247.275495
S03,990.0000,272.972070
S03,991.0000,306.318573
S03,992.0000,345.519672
S03,993.0000,409.566757
S03,994.0000,477.649895
S03,995.0000,542.831952
S03,996.0000,624.748680
S03,997.0000,728.950978
S03,998.0000,845.718777
S03,999.0000,922.938498
S03,1000.0000,974.845036
S03,1001.0000,1044.799095
S03,1002.0000,1023.687362
S03,1003.0000,937.129012
S03,1004.0000,852.705694
S03,1005.0000,757.451616
S03,1006.0000,625.466466
S03,1007.0000,546.503896
S03,1008.0000,486.093668
S03,1009.0000,417.838037
S03,1010.0000,377.240396
S03,1011.0000,341.842171
S03,1012.0000,309.234251
S03,1013.0000,276.833757
S03,1014.0000,256.232069
S03,1015.0000,249.263541
S03,1016.0000,242.756905
S03,1017.0000,237.882512
S03,1018.0000,241.688437
S03,1019.0000,234.216119
S03,1020.0000,256.529295
S03,1021.0000,268.272869
S03,1022.0000,280.823202
S03,1023.0000,298.715048
S03,1024.0000,320.456126
S03,1025.0000,371.318484
S03,1026.0000,413.435502
S03,1027.0000,465.186762
S03,1028.0000,509.000086
S03,1029.0000,568.216106
S03,1030.0000,613.455505
S03,1031.0000,610.350724
S03,1032.0000,593.303267
S03,1033.0000,551.531602
S03,1034.0000,497.833255
S03,1035.0000,446.348492
S03,1036.0000,395.723444
S03,1037.0000,330.334592
S03,1038.0000,287.038502
S03,1039.0000,269.331804
S03,1040.0000,231.630724
S03,1041.0000,208.899585
S03,1042.0000,191.328265
S03,1043.0000,148.779277
S03,1044.0000,140.440612
S03,1045.0000,129.416990
S03,1046.0000,118.821103
S03,1047.0000,132.955720
S03,1048.0000,87.016927
S03,1049.0000,122.424208
S03,1050.0000,117.267218
S03,1051.0000,94.621582
S03,1052.0000,98.662053
S03,1053.0000,100.836968
S03,1054.0000,71.099398
S03,1055.0000,73.027812
S03,1056.0000,56.856513
S03,1057.0000,95.813852
S03,1058.0000,81.884265
S03,1059.0000,74.932065
S03,1060.0000,65.521282
S03,1061.0000,78.150030
S03,1062.0000,70.425237
S03,1063.0000,71.770136
S03,1064.0000,65.120111
S03,1065.0000,75.867415
S03,1066.0000,85.259178
S03,1067.0000,50.687278
S03,1068.0000,76.951240
S03,1069.0000,46.894006
S03,1070.0000,49.817555
S03,1071.0000,39.315683
S03,1072.0000,65.013312
S03,1073.0000,63.939295
S03,1074.0000,52.601472
S03,1075.0000,68.471649
S03,1076.0000,45.978505
S03,1077.0000,58.951230
S03,1078.0000,64.215307
S03,1079.0000,55.998897
S03,1080.0000,59.065745
S03,1081.0000,48.802445
S03,1082.0000,44.280932
S03,1083.0000,66.365218
S03,1084.0000,52.266190
S03,1085.0000,51.873354
S03,1086.0000,61.110355
S03,1087.0000,55.354336
S03,1088.0000,61.714164
S03,1089.0000,55.330886
S03,1090.0000,50.531819
S03,1091.0000,44.510466
S03,1092.0000,46.790248
S03,1093.0000,54.477265
S03,1094.0000,52.882193
S03,1095.0000,47.902931
S03,1096.0000,63.543546
S03,1097.0000,52.533439
S03,1098.0000,39.963089
S03,1099.0000,37.774817
S03,1100.0000,39.187282
S03,1101.0000,46.955167
S03,1102.0000,35.512109
S03,1103.0000,58.604209
S03,1104.0000,59.118664
S03,1105.0000,45.278176
S03,1106.0000,41.213860
S03,1107.0000,36.901613
S03,1108.0000,48.798901
S03,1109.0000,50.576427
S03,1110.0000,45.554286
S03,1111.0000,66.252270
S03,1112.0000,59.685530
S03,1113.0000,41.113170
S03,1114.0000,72.670415
S03,1115.0000,70.249096
S03,1116.0000,55.311621
S03,1117.0000,48.625139
S03,1118.0000,51.124611
S03,1119.0000,68.116927
S03,1120.0000,62.856605
S03,1121.0000,51.111491
S03,1122.0000,57.997942
S03,1123.0000,49.211923
S03,1124.0000,25.503723
S03,1125.0000,47.382617
S03,1126.0000,66.310694
S03,1127.0000,59.381012
S03,1128.0000,52.810174
S03,1129.0000,48.053883
S03,1130.0000,39.996330
S03,1131.0000,56.777944
S03,1132.0000,47.786951
S03,1133.0000,65.061815
S03,1134.0000,58.852056
S03,1135.0000,85.570497
S03,1136.0000,75.138735
S03,1137.0000,69.276036
S03,1138.0000,63.225421
S03,1139.0000,74.245221
S03,1140.0000,79.722777
S03,1141.0000,77.059764
S03,1142.0000,112.020793
S03,1143.0000,76.776333
S03,1144.0000,87.753536
S03,1145.0000,88.442631
S03,1146.0000,137.182344
S03,1147.0000,116.998566
S03,1148.0000,119.947398
S03,1149.0000,139.590447
S03,1150.0000,173.263442
S03,1151.0000,181.444180
S03,1152.0000,215.064203
S03,1153.0000,236.829389
S03,1154.0000,258.555800
S03,1155.0000,253.150168
S03,1156.0000,244.688462
S03,1157.0000,233.348261
S03,1158.0000,201.005770
S03,1159.0000,190.892202
S03,1160.0000,177.357490
S03,1161.0000,156.131618
S03,1162.0000,146.738317
S03,1163.0000,119.730782
S03,1164.0000,116.448473
S03,1165.0000,108.407155
S03,1166.0000,79.197836
S03,1167.0000,90.580002
S03,1168.0000,73.139847
S03,1169.0000,91.319523
S03,1170.0000,54.374017
S03,1171.0000,69.830183
S03,1172.0000,62.937573
S03,1173.0000,83.529913
S03,1174.0000,64.604383
S03,1175.0000,55.216625
S03,1176.0000,60.737925
S03,1177.0000,60.852118
S03,1178.0000,56.727277
S03,1179.0000,59.021817
S03,1180.0000,51.277174
S03,1181.0000,46.844101
S03,1182.0000,63.539537
S03,1183.0000,44.383013
S03,1184.0000,41.735883
S03,1185.0000,25.900686
S03,1186.0000,60.282608
S03,1187.0000,47.843892
S03,1188.0000,53.417600
S03,1189.0000,46.493724
S03,1190.0000,59.987627
S03,1191.0000,43.559926
S03,1192.0000,61.376468
S03,1193.0000,42.910136
S03,1194.0000,49.030067
S03,1195.0000,40.262953
S03,1196.0000,51.515033
S03,1197.0000,44.571253
S03,1198.0000,42.042249
S03,1199.0000,36.913670
S03,1200.0000,36.530846
S03,1201.0000,39.572976
S03,1202.0000,41.878448
S03,1203.0000,38.073351
S03,1204.0000,42.381147
S03,1205.0000,50.495700
S03,1206.0000,50.152193
S03,1207.0000,50.548538
S03,1208.0000,57.184205
S03,1209.0000,70.537491
S03,1210.0000,47.495373
S03,1211.0000,54.383268
S03,1212.0000,54.764946
S03,1213.0000,49.958062
S03,1214.0000,50.354889
S03,1215.0000,49.399494
S03,1216.0000,52.256083
S03,1217.0000,48.041019
S03,1218.0000,49.387879
S03,1219.0000,50.449414
S03,1220.0000,43.047870
S03,1221.0000,55.830066
S03,1222.0000,28.409560
S03,1223.0000,63.084166
S03,1224.0000,51.381372
S03,1225.0000,28.022339
S03,1226.0000,56.334402
S03,1227.0000,33.745220
S03,1228.0000,38.943830
S03,1229.0000,49.639739
S03,1230.0000,40.806963
S03,1231.0000,45.051979
S03,1232.0000,37.000068
S03,1233.0000,31.986262
S03,1234.0000,38.629065
S03,1235.0000,58.010059
S03,1236.0000,31.862399
S03,1237.0000,46.634425
S03,1238.0000,38.924376
S03,1239.0000,36.794434
S03,1240.0000,58.590595
S03,1241.0000,56.028393
S03,1242.0000,33.967829
S03,1243.0000,32.220561
S03,1244.0000,22.686827
S03,1245.0000,31.829604
S03,1246.0000,37.507748
S03,1247.0000,39.018756
S03,1248.0000,24.998012
S03,1249.0000,49.082532
S03,1250.0000,51.419803
S03,1251.0000,23.937827
S03,1252.0000,38.174350
S03,1253.0000,42.682320
S03,1254.0000,43.699458
S03,1255.0000,38.515792
S03,1256.0000,36.948159
S03,1257.0000,25.028603
S03,1258.0000,41.400121
S03,1259.0000,58.540330
S03,1260.0000,34.704074
S03,1261.0000,34.086418
S03,1262.0000,38.584742
S03,1263.0000,44.118183
S03,1264.0000,46.541824
S03,1265.0000,48.449890
S03,1266.0000,35.550183
S03,1267.0000,46.141373
S03,1268.0000,44.193044
S03,1269.0000,32.091827
S03,1270.0000,47.413273
S03,1271.0000,48.779228
S03,1272.0000,50.003926
S03,1273.0000,27.889308
S03,1274.0000,45.336835
S03,1275.0000,38.427673
S03,1276.0000,35.133316
S03,1277.0000,44.510150
S03,1278.0000,33.120914
S03,1279.0000,42.448995
S03,1280.0000,20.712413
S03,1281.0000,36.581773
S03,1282.0000,46.956145
S03,1283.0000,32.457873
S03,1284.0000,42.486541
S03,1285.0000,23.379085
S03,1286.0000,46.148862
S03,1287.0000,45.271567
S03,1288.0000,48.831049
S03,1289.0000,31.472899
S03,1290.0000,32.208581
S03,1291.0000,54.787810
S03,1292.0000,34.099040
S03,1293.0000,43.423612
S03,1294.0000,29.231150
S03,1295.0000,25.851842
S03,1296.0000,41.444943
S03,1297.0000,40.229503
S03,1298.0000,45.563948
S03,1299.0000,54.053168
S03,1300.0000,55.350674
S03,1301.0000,44.279677
S03,1302.0000,44.761138
S03,1303.0000,37.335395
S03,1304.0000,39.050007
S03,1305.0000,48.065668
S03,1306.0000,22.802533
S03,1307.0000,53.446254
S03,1308.0000,45.503566
S03,1309.0000,33.089260
S03,1310.0000,41.345073
S03,1311.0000,47.383812
S03,1312.0000,41.573781
S03,1313.0000,44.760860
S03,1314.0000,37.643501
S03,1315.0000,47.953312
S03,1316.0000,45.755093
S03,1317.0000,50.313280
S03,1318.0000,34.962253
S03,1319.0000,35.950182
S03,1320.0000,36.236308
S03,1321.0000,50.925948
S03,1322.0000,23.551717
S03,1323.0000,43.740835
S03,1324.0000,40.996137
S03,1325.0000,59.166714
S03,1326.0000,20.078541
S03,1327.0000,41.796536
S03,1328.0000,68.835963
S03,1329.0000,42.797633
S03,1330.0000,39.028611
S03,1331.0000,41.614408
S03,1332.0000,58.158500
S03,1333.0000,35.985932
S03,1334.0000,45.512588
S03,1335.0000,45.291617
S03,1336.0000,26.708913
S03,1337.0000,32.254944
S03,1338.0000,64.089773
S03,1339.0000,42.282113
S03,1340.0000,29.179425
S03,1341.0000,29.312150
S03,1342.0000,47.598023
S03,1343.0000,41.612790
S03,1344.0000,53.011614
S03,1345.0000,49.820322
S03,1346.0000,40.472376
S03,1347.0000,28.420227
S03,1348.0000,37.368529
S03,1349.0000,48.583380
S03,1350.0000,48.230991
S03,1351.0000,40.480921
S03,1352.0000,52.102795
S03,1353.0000,33.931655
S03,1354.0000,57.293833
S03,1355.0000,34.654901
S03,1356.0000,48.591139
S03,1357.0000,34.263879
S03,1358.0000,40.550153
S03,1359.0000,53.200826
S03,1360.0000,52.905523
S03,1361.0000,28.789974
S03,1362.0000,60.160862
S03,1363.0000,67.299506
S03,1364.0000,28.004740
S03,1365.0000,59.312530
S03,1366.0000,39.502084
S03,1367.0000,62.029774
S03,1368.0000,49.049437
S03,1369.0000,41.542887
S03,1370.0000,57.317278
S03,1371.0000,42.242043
S03,1372.0000,37.216876
S03,1373.0000,33.834450
S03,1374.0000,46.060851
S03,1375.0000,60.400709
S03,1376.0000,37.232140
S03,1377.0000,27.220008
S03,1378.0000,30.936944
S03,1379.0000,40.920574
S03,1380.0000,49.617152
S03,1381.0000,51.293655
S03,1382.0000,33.164672
S03,1383.0000,22.757345
S03,1384.0000,46.849086
S03,1385.0000,44.244035
S03,1386.0000,50.034644
S03,1387.0000,34.056812
S03,1388.0000,48.058445
S03,1389.0000,37.375864
S03,1390.0000,40.860820
S03,1391.0000,24.022730
S03,1392.0000,42.907786
S03,1393.0000,41.731076
S03,1394.0000,46.212633
S03,1395.0000,48.464168
S03,1396.0000,57.685811
S03,1397.0000,52.161536
S03,1398.0000,52.125618
S03,1399.0000,47.839716
S03,1400.0000,68.512692
S03,1401.0000,49.859203
S03,1402.0000,41.321315
S03,1403.0000,45.651210
S03,1404.0000,55.621429
S03,1405.0000,61.884639
S03,1406.0000,50.555599
S03,1407.0000,39.658502
S03,1408.0000,48.192978
S03,1409.0000,55.871093
S03,1410.0000,59.433971
S03,1411.0000,55.273527
S03,1412.0000,55.831813
S03,1413.0000,37.882745
S03,1414.0000,56.212150
S03,1415.0000,53.449504
S03,1416.0000,62.289304
S03,1417.0000,56.630660
S03,1418.0000,53.159022
S03,1419.0000,55.828399
S03,1420.0000,72.684479
S03,1421.0000,26.957622
S03,1422.0000,49.379673
S03,1423.0000,61.310353
S03,1424.0000,70.266661
S03,1425.0000,34.073356
S03,1426.0000,55.268527
S03,1427.0000,64.670545
S03,1428.0000,65.839417
S03,1429.0000,74.883603
S03,1430.0000,70.241055
S03,1431.0000,60.286836
S03,1432.0000,87.240514
S03,1433.0000,65.992977
S03,1434.0000,79.618066
S03,1435.0000,91.756510
S03,1436.0000,95.211867
S03,1437.0000,91.279758
S03,1438.0000,123.567140
S03,1439.0000,120.143279
S03,1440.0000,122.992119
S03,1441.0000,175.724572
S03,1442.0000,197.010282
S03,1443.0000,219.436114
S03,1444.0000,223.035261
S03,1445.0000,264.649889
S03,1446.0000,294.644166
S03,1447.0000,343.122820
S03,1448.0000,381.055814
S03,1449.0000,427.206860
S03,1450.0000,426.575669
S03,1451.0000,411.616105
S03,1452.0000,403.012755
S03,1453.0000,338.615044
S03,1454.0000,322.817227
S03,1455.0000,260.326184
S03,1456.0000,239.464651
S03,1457.0000,207.101391
S03,1458.0000,192.469354
S03,1459.0000,166.789795
S03,1460.0000,123.644090
S03,1461.0000,129.114536
S03,1462.0000,125.599350
S03,1463.0000,95.750514
S03,1464.0000,96.673707
S03,1465.0000,102.398829
S03,1466.0000,113.954387
S03,1467.0000,81.267978
S03,1468.0000,70.639835
S03,1469.0000,91.798772
S03,1470.0000,78.279410
S03,1471.0000,79.362016
S03,1472.0000,75.304456
S03,1473.0000,50.976772
S03,1474.0000,42.059419
S03,1475.0000,54.071161
S03,1476.0000,48.628677
S03,1477.0000,60.206768
S03,1478.0000,57.150649
S03,1479.0000,68.246533
S03,1480.0000,60.412933
S03,1481.0000,51.526978
S03,1482.0000,65.569269
S03,1483.0000,51.485224
S03,1484.0000,57.312169
S03,1485.0000,62.085725
S03,1486.0000,54.440969
S03,1487.0000,50.343756
S03,1488.0000,54.232495
S03,1489.0000,61.546685
S03,1490.0000,61.400008
S03,1491.0000,45.439093
S03,1492.0000,45.052901
S03,1493.0000,47.986606
S03,1494.0000,37.280981
S03,1495.0000,39.705532
S03,1496.0000,44.949189
S03,1497.0000,64.812803
S03,1498.0000,45.825402
S03,1499.0000,41.101770
S03,1500.0000,55.962057
S03,1501.0000,57.866868
S03,1502.0000,48.016872
S03,1503.0000,51.385439
S03,1504.0000,49.762833
S03,1505.0000,48.030471
S03,1506.0000,54.502338
S03,1507.0000,52.787835
S03,1508.0000,47.836395
S03,1509.0000,41.224633
S03,1510.0000,55.069979
S03,1511.0000,41.311817
S03,1512.0000,43.596341
S03,1513.0000,43.676250
S03,1514.0000,50.177901
S03,1515.0000,64.822714
S03,1516.0000,55.559771
S03,1517.0000,49.344588
S03,1518.0000,57.448417
S03,1519.0000,62.520711
S03,1520.0000,60.979760
S03,1521.0000,50.846733
S03,1522.0000,54.205370
S03,1523.0000,41.143051
S03,1524.0000,47.882634
S03,1525.0000,61.932343
S03,1526.0000,37.976859
S03,1527.0000,46.697501
S03,1528.0000,48.804053
S03,1529.0000,48.534393
S03,1530.0000,50.159370
S03,1531.0000,44.859444
S03,1532.0000,49.230837
S03,1533.0000,48.453067
S03,1534.0000,50.729264
S03,1535.0000,57.012997
S03,1536.0000,52.886425
S03,1537.0000,53.560370
S03,1538.0000,48.609964
S03,1539.0000,51.825783
S03,1540.0000,67.182226
S03,1541.0000,50.557879
S03,1542.0000,48.326775
S03,1543.0000,70.236464
S03,1544.0000,58.837688
S03,1545.0000,47.383300
S03,1546.0000,39.785308
S03,1547.0000,62.416059
S03,1548.0000,52.672613
S03,1549.0000,56.692526
S03,1550.0000,73.416181
S03,1551.0000,59.417132
S03,1552.0000,64.399528
S03,1553.0000,56.767118
S03,1554.0000,70.137768
S03,1555.0000,80.718942
S03,1556.0000,57.193584
S03,1557.0000,91.953785
S03,1558.0000,82.272662
S03,1559.0000,72.512631
S03,1560.0000,82.084824
S03,1561.0000,88.644477
S03,1562.0000,80.361817
S03,1563.0000,100.520979
S03,1564.0000,78.112748
S03,1565.0000,86.156945
S03,1566.0000,90.311527
S03,1567.0000,86.731998
S03,1568.0000,88.566266
S03,1569.0000,109.764584
S03,1570.0000,124.397920
S03,1571.0000,119.606340
S03,1572.0000,136.575414
S03,1573.0000,162.142861
S03,1574.0000,166.698669
S03,1575.0000,177.135509
S03,1576.0000,209.029822
S03,1577.0000,228.072865
S03,1578.0000,246.034205
S03,1579.0000,320.469316
S03,1580.0000,348.795759
S03,1581.0000,357.746658
S03,1582.0000,400.300052
S03,1583.0000,389.513642
S03,1584.0000,409.060039
S03,1585.0000,402.927211
S03,1586.0000,364.694027
S03,1587.0000,349.176647
S03,1588.0000,327.895553
S03,1589.0000,312.530521
S03,1590.0000,293.356726
S03,1591.0000,305.595898
S03,1592.0000,306.296974
S03,1593.0000,309.378152
S03,1594.0000,321.770035
S03,1595.0000,363.375958
S03,1596.0000,395.150615
S03,1597.0000,432.288511
S03,1598.0000,496.361134
S03,1599.0000,554.631964
S03,1600.0000,631.400594
S03,1601.0000,651.167009
S03,1602.0000,654.753972
S03,1603.0000,643.262897
S03,1604.0000,614.586211
S03,1605.0000,532.784846
S03,1606.0000,471.534469
S03,1607.0000,412.683315
S03,1608.0000,362.528826
S03,1609.0000,292.250439
S03,1610.0000,263.456361
S03,1611.0000,238.225559
S03,1612.0000,220.566659
S03,1613.0000,187.899520
S03,1614.0000,174.060956
S03,1615.0000,165.241201
S03,1616.0000,144.723406
S03,1617.0000,132.528459
S03,1618.0000,123.776616
S03,1619.0000,117.726276
S03,1620.0000,112.761893
S03,1621.0000,96.723626
S03,1622.0000,102.696677
S03,1623.0000,85.364853
S03,1624.0000,76.672485
S03,1625.0000,89.442564
S03,1626.0000,82.166721
S03,1627.0000,71.409945
S03,1628.0000,74.254592
S03,1629.0000,73.166344
S03,1630.0000,58.616077
S03,1631.0000,70.734786
S03,1632.0000,60.095511
S03,1633.0000,73.511469
S03,1634.0000,78.978741
S03,1635.0000,61.524617
S03,1636.0000,69.653830
S03,1637.0000,57.639646
S03,1638.0000,56.423383
S03,1639.0000,79.466182
S03,1640.0000,73.832189
S03,1641.0000,51.946417
S03,1642.0000,52.524521
S03,1643.0000,54.245162
S03,1644.0000,54.588392
S03,1645.0000,43.902758
S03,1646.0000,52.821662
S03,1647.0000,57.882672
S03,1648.0000,57.420535
S03,1649.0000,42.521767
S03,1650.0000,27.189435
S03,1651.0000,42.134930
S03,1652.0000,68.951704
S03,1653.0000,49.969789
S03,1654.0000,49.817877
S03,1655.0000,48.832993
S03,1656.0000,53.157740
S03,1657.0000,35.566711
S03,1658.0000,61.324996
S03,1659.0000,51.157376
S03,1660.0000,62.755457
S03,1661.0000,60.415506
S03,1662.0000,56.139818
S03,1663.0000,41.299521
S03,1664.0000,36.013954
S03,1665.0000,40.850226
S03,1666.0000,41.490060
S03,1667.0000,46.787351
S03,1668.0000,45.098803
S03,1669.0000,35.405641
S03,1670.0000,36.894721
S03,1671.0000,29.931912
S03,1672.0000,43.651407
S03,1673.0000,53.073732
S03,1674.0000,45.477177
S03,1675.0000,31.399367
S03,1676.0000,40.378062
S03,1677.0000,39.290036
S03,1678.0000,34.004647
S03,1679.0000,34.173902
S03,1680.0000,34.256002
S03,1681.0000,47.436293
S03,1682.0000,44.480338
S03,1683.0000,35.278807
S03,1684.0000,31.073182
S03,1685.0000,30.903014
S03,1686.0000,35.563262
S03,1687.0000,49.197239
S03,1688.0000,40.775252
S03,1689.0000,56.121578
S03,1690.0000,47.203228
S03,1691.0000,51.467273
S03,1692.0000,47.767490
S03,1693.0000,21.602975
S03,1694.0000,52.581698
S03,1695.0000,44.266663
S03,1696.0000,39.599077
S03,1697.0000,55.157121
S03,1698.0000,56.371472
S03,1699.0000,43.328056
S03,1700.0000,49.046761
S03,1701.0000,58.936116
S03,1702.0000,48.430928
S03,1703.0000,34.882451
S03,1704.0000,28.171212
S03,1705.0000,55.127353
S03,1706.0000,23.607420
S03,1707.0000,48.914083
S03,1708.0000,46.558241
S03,1709.0000,30.698728
S03,1710.0000,37.613021
S03,1711.0000,47.824417
S03,1712.0000,39.824895
S03,1713.0000,36.910304
S03,1714.0000,25.869244
S03,1715.0000,30.210095
S03,1716.0000,27.793529
S03,1717.0000,30.536237
S03,1718.0000,44.022267
S03,1719.0000,55.128893
S03,1720.0000,53.896244
S03,1721.0000,50.809211
S03,1722.0000,56.471758
S03,1723.0000,40.427754
S03,1724.0000,56.310857
S03,1725.0000,35.713767
S03,1726.0000,52.932586
S03,1727.0000,49.596101
S03,1728.0000,35.654285
S03,1729.0000,52.836232
S03,1730.0000,42.008884
S03,1731.0000,45.746445
S03,1732.0000,44.023967
S03,1733.0000,30.732270
S03,1734.0000,33.370868
S03,1735.0000,37.853749
S03,1736.0000,33.538200
S03,1737.0000,47.441941
S03,1738.0000,40.817614
S03,1739.0000,39.542245
S03,1740.0000,58.657436
S03,1741.0000,31.946142
S03,1742.0000,58.072840
S03,1743.0000,21.642943
S03,1744.0000,39.590424
S03,1745.0000,39.878541
S03,1746.0000,22.176496
S03,1747.0000,51.901865
S03,1748.0000,40.574392
S03,1749.0000,39.047139
S03,1750.0000,43.109892
S03,1751.0000,45.983863
S03,1752.0000,35.420749
S03,1753.0000,35.726026
S03,1754.0000,44.501304
S03,1755.0000,46.052182
S03,1756.0000,42.818282
S03,1757.0000,35.881471
S03,1758.0000,41.222990
S03,1759.0000,33.378980
S03,1760.0000,48.049336
S03,1761.0000,29.196451
S03,1762.0000,43.232429
S03,1763.0000,43.532087
S03,1764.0000,45.633408
S03,1765.0000,35.013131
S03,1766.0000,38.956764
S03,1767.0000,57.565917
S03,1768.0000,35.071096
S03,1769.0000,32.100036
S03,1770.0000,42.915286
S03,1771.0000,36.003137
S03,1772.0000,45.213571
S03,1773.0000,61.392980
S03,1774.0000,45.321665
S03,1775.0000,34.471803
S03,1776.0000,42.435020
S03,1777.0000,25.993508
S03,1778.0000,42.003830
S03,1779.0000,41.360509
S03,1780.0000,37.042163
S03,1781.0000,41.474666
S03,1782.0000,42.234473
S03,1783.0000,28.915675
S03,1784.0000,33.607437
S03,1785.0000,32.097227
S03,1786.0000,38.788398
S03,1787.0000,22.305914
S03,1788.0000,43.602465
S03,1789.0000,51.399565
S03,1790.0000,29.722763
S03,1791.0000,23.503713
S03,1792.0000,32.477711
S03,1793.0000,39.715175
S03,1794.0000,36.270367
S03,1795.0000,33.132159
S03,1796.0000,29.961075
S03,1797.0000,42.433041
S03,1798.0000,48.500507
S03,1799.0000,51.011711
S03,1800.0000,64.221171
S03,1801.0000,32.421177
S03,1802.0000,25.903761
S03,1803.0000,46.721034
S03,1804.0000,31.572904
S03,1805.0000,37.175625
S03,1806.0000,48.090862
S03,1807.0000,35.283576
S03,1808.0000,35.865030
S03,1809.0000,32.350488
S03,1810.0000,38.352896
S03,1811.0000,36.111466
S03,1812.0000,45.473371
S03,1813.0000,38.025309
S03,1814.0000,43.751563
S03,1815.0000,38.452800
S03,1816.0000,36.392801
S03,1817.0000,47.265987
S03,1818.0000,43.563925
S03,1819.0000,50.311900
S03,1820.0000,33.337185
S03,1821.0000,38.705375
S03,1822.0000,48.132248
S03,1823.0000,69.781284
S03,1824.0000,50.593971
S03,1825.0000,37.497527
S03,1826.0000,35.548626
S03,1827.0000,27.410692
S03,1828.0000,38.885651
S03,1829.0000,33.355410
S03,1830.0000,45.206593
S03,1831.0000,38.831722
S03,1832.0000,29.056213
S03,1833.0000,50.719718
S03,1834.0000,42.199548
S03,1835.0000,53.395734
S03,1836.0000,50.300389
S03,1837.0000,25.008043
S03,1838.0000,26.415066
S03,1839.0000,51.652131
S03,1840.0000,34.301611
S03,1841.0000,17.869209
S03,1842.0000,51.284664
S03,1843.0000,54.149947
S03,1844.0000,45.996856
S03,1845.0000,37.319443
S03,1846.0000,52.698535
S03,1847.0000,42.054623
S03,1848.0000,39.578242
S03,1849.0000,18.956953
S03,1850.0000,35.896535
S03,1851.0000,53.671536
S03,1852.0000,25.729460
S03,1853.0000,49.511991
S03,1854.0000,42.266555
S03,1855.0000,32.090734
S03,1856.0000,63.101422
S03,1857.0000,41.982223
S03,1858.0000,30.603334
S03,1859.0000,38.570252
S03,1860.0000,44.517406
S03,1861.0000,45.013691
S03,1862.0000,40.171681
S03,1863.0000,50.755093
S03,1864.0000,39.318264
S03,1865.0000,35.203445
S03,1866.0000,54.226938
S03,1867.0000,25.344390
S03,1868.0000,36.130334
S03,1869.0000,47.244484
S03,1870.0000,46.548388
S03,1871.0000,46.178543
S03,1872.0000,32.028749
S03,1873.0000,41.853466
S03,1874.0000,49.411956
S03,1875.0000,27.870909
S03,1876.0000,29.629870
S03,1877.0000,52.525952
S03,1878.0000,29.089042
S03,1879.0000,34.456308
S03,1880.0000,57.057395
S03,1881.0000,26.356825
S03,1882.0000,24.975316
S03,1883.0000,31.668642
S03,1884.0000,30.422824
S03,1885.0000,43.179996
S03,1886.0000,49.940922
S03,1887.0000,36.169914
S03,1888.0000,32.237121
S03,1889.0000,44.228190
S03,1890.0000,42.784621
S03,1891.0000,44.083532
S03,1892.0000,51.215788
S03,1893.0000,48.303258
S03,1894.0000,40.172955
S03,1895.0000,29.811048
S03,1896.0000,25.988743
S03,1897.0000,27.877643
S03,1898.0000,47.350311
S03,1899.0000,38.002775
S03,1900.0000,45.138700
S03,1901.0000,31.236205
S03,1902.0000,40.273703
S03,1903.0000,25.065169
S03,1904.0000,22.174126
S03,1905.0000,41.823164
S03,1906.0000,41.324590
S03,1907.0000,42.894298
S03,1908.0000,27.128826
S03,1909.0000,31.072821
S03,1910.0000,49.095707
S03,1911.0000,49.105896
S03,1912.0000,42.055888
S03,1913.0000,44.796832
S03,1914.0000,61.484478
S03,1915.0000,47.171833
S03,1916.0000,40.140298
S03,1917.0000,55.146735
S03,1918.0000,40.689839
S03,1919.0000,48.396853
S03,1920.0000,32.258203
S03,1921.0000,55.588616
S03,1922.0000,56.844870
S03,1923.0000,46.346555
S03,1924.0000,39.705963
S03,1925.0000,33.936667
S03,1926.0000,39.340614
S03,1927.0000,37.904706
S03,1928.0000,33.723963
S03,1929.0000,54.147489
S03,1930.0000,30.362547
S03,1931.0000,49.972269
S03,1932.0000,51.263528
S03,1933.0000,41.375547
S03,1934.0000,10.391145
S03,1935.0000,56.011264
S03,1936.0000,47.292141
S03,1937.0000,52.571802
S03,1938.0000,35.203681
S03,1939.0000,50.209344
S03,1940.0000,53.273109
S03,1941.0000,27.310471
S03,1942.0000,51.727376
S03,1943.0000,60.037230
S03,1944.0000,39.656593
S03,1945.0000,39.168821
S03,1946.0000,44.938779
S03,1947.0000,40.528742
S03,1948.0000,32.836741
S03,1949.0000,49.449771
S03,1950.0000,19.283625
S03,1951.0000,52.943552
S03,1952.0000,34.260745
S03,1953.0000,35.316922
S03,1954.0000,42.210951
S03,1955.0000,39.461645
S03,1956.0000,31.811891
S03,1957.0000,33.876338
S03,1958.0000,52.884792
S03,1959.0000,54.225403
S03,1960.0000,37.342776
S03,1961.0000,31.087120
S03,1962.0000,44.254381
S03,1963.0000,44.202052
S03,1964.0000,37.199478
S03,1965.0000,39.090218
S03,1966.0000,41.289634
S03,1967.0000,36.683235
S03,1968.0000,26.125402
S03,1969.0000,40.616831
S03,1970.0000,56.013497
S03,1971.0000,39.194913
S03,1972.0000,39.711496
S03,1973.0000,36.512432
S03,1974.0000,41.002260
S03,1975.0000,31.218694
S03,1976.0000,33.618407
S03,1977.0000,21.663355
S03,1978.0000,34.083910
S03,1979.0000,32.465085
S03,1980.0000,47.498567
S03,1981.0000,19.292087
S03,1982.0000,23.155200
S03,1983.0000,40.737899
S03,1984.0000,41.123524
S03,1985.0000,48.686055
S03,1986.0000,48.553594
S03,1987.0000,35.601259
S03,1988.0000,54.172257
S03,1989.0000,43.351898
S03,1990.0000,48.973173
S03,1991.0000,43.440008
S03,1992.0000,27.733658
S03,1993.0000,36.371641
S03,1994.0000,49.864683
S03,1995.0000,50.545902
S03,1996.0000,60.512558
S03,1997.0000,34.910493
S03,1998.0000,49.414994
S03,1999.0000,27.141095
S03,2000.0000,36.817870
S04,200.0000,47.477100
S04,201.0000,28.562062
S04,202.0000,55.717111
S04,203.0000,35.269863
S04,204.0000,26.181648
S04,205.0000,48.717662
S04,206.0000,38.121693
S04,207.0000,39.844194
S04,208.0000,42.319592
S04,209.0000,43.408498
S04,210.0000,43.859750
S04,211.0000,28.224158
S04,212.0000,32.017154
S04,213.0000,39.886262
S04,214.0000,42.155908
S04,215.0000,39.116774
S04,216.0000,40.299015
S04,217.0000,28.108841
S04,218.0000,42.596727
S04,219.0000,25.935907
S04,220.0000,40.177020
S04,221.0000,32.116250
S04,222.0000,42.189666
S04,223.0000,25.703580
S04,224.0000,47.460590
S04,225.0000,39.953836
S04,226.0000,36.642877
S04,227.0000,34.304813
S04,228.0000,47.614693
S04,229.0000,42.774901
S04,230.0000,54.244614
S04,231.0000,53.205233
S04,232.0000,37.536294
S04,233.0000,39.186760
S04,234.0000,49.296753
S04,235.0000,48.693497
S04,236.0000,47.177587
S04,237.0000,47.759336
S04,238.0000,39.704458
S04,239.0000,43.151432
S04,240.0000,35.582500
S04,241.0000,39.464625
S04,242.0000,38.231972
S04,243.0000,34.598276
S04,244.0000,48.427284
S04,245.0000,36.117078
S04,246.0000,34.279912
S04,247.0000,36.640322
S04,248.0000,45.960519
S04,249.0000,49.563024
S04,250.0000,46.107729
S04,251.0000,42.167394
S04,252.0000,35.526148
S04,253.0000,30.956978
S04,254.0000,43.208273
S04,255.0000,53.020109
S04,256.0000,59.316767
S04,257.0000,45.016302
S04,258.0000,32.279369
S04,259.0000,34.819423
S04,260.0000,40.885067
S04,261.0000,37.005398
S04,262.0000,54.108738
S04,263.0000,53.396230
S04,264.0000,39.386207
S04,265.0000,51.037059
S04,266.0000,55.903108
S04,267.0000,30.163767
S04,268.0000,33.156945
S04,269.0000,39.572930
S04,270.0000,36.365414
S04,271.0000,42.640194
S04,272.0000,45.283860
S04,273.0000,51.317642
S04,274.0000,45.486473
S04,275.0000,41.909064
S04,276.0000,43.005949
S04,277.0000,31.351311
S04,278.0000,31.335135
S04,279.0000,37.037492
S04,280.0000,33.620593
S04,281.0000,35.970798
S04,282.0000,43.800852
S04,283.0000,46.928350
S04,284.0000,39.015276
S04,285.0000,55.068292
S04,286.0000,41.665218
S04,287.0000,46.846018
S04,288.0000,54.633816
S04,289.0000,43.053849
S04,290.0000,39.501479
S04,291.0000,47.579857
S04,292.0000,50.492586
S04,293.0000,34.529592
S04,294.0000,41.761718
S04,295.0000,52.356919
S04,296.0000,47.372687
S04,297.0000,43.923361
S04,298.0000,40.374793
S04,299.0000,19.405557
S04,300.0000,55.996082
S04,301.0000,37.028556
S04,302.0000,30.029970
S04,303.0000,38.555055
S04,304.0000,52.308581
S04,305.0000,35.434167
S04,306.0000,60.722081
S04,307.0000,21.879259
S04,308.0000,36.284779
S04,309.0000,25.429389
S04,310.0000,33.003229
S04,311.0000,48.306535
S04,312.0000,43.801837
S04,313.0000,33.422430
S04,314.0000,40.952563
S04,315.0000,39.371281
S04,316.0000,49.104338
S04,317.0000,44.038594
S04,318.0000,49.686347
S04,319.0000,25.647342
S04,320.0000,44.669199
S04,321.0000,50.656214
S04,322.0000,41.228361
S04,323.0000,36.563108
S04,324.0000,36.289470
S04,325.0000,33.270184
S04,326.0000,16.823286
S04,327.0000,37.531457
S04,328.0000,33.675973
S04,329.0000,38.888419
S04,330.0000,19.358249
S04,331.0000,27.437327
S04,332.0000,37.695928
S04,333.0000,41.219616
S04,334.0000,38.975856
S04,335.0000,37.779262
S04,336.0000,58.754908
S04,337.0000,42.872087
S04,338.0000,33.424707
S04,339.0000,63.702232
S04,340.0000,33.945187
S04,341.0000,26.219322
S04,342.0000,34.147220
S04,343.0000,49.035904
S04,344.0000,29.170211
S04,345.0000,55.753406
S04,346.0000,27.405218
S04,347.0000,44.623052
S04,348.0000,41.157972
S04,349.0000,48.145165
S04,350.0000,24.515056
S04,351.0000,52.194274
S04,352.0000,45.106700
S04,353.0000,33.198123
S04,354.0000,48.590936
S04,355.0000,50.850047
S04,356.0000,48.082097
S04,357.0000,50.205354
S04,358.0000,32.198604
S04,359.0000,26.955110
S04,360.0000,36.402767
S04,361.0000,36.858953
S04,362.0000,18.125348
S04,363.0000,32.538364
S04,364.0000,53.384757
S04,365.0000,38.462209
S04,366.0000,22.721045
S04,367.0000,42.468461
S04,368.0000,38.203072
S04,369.0000,38.864895
S04,370.0000,42.077774
S04,371.0000,30.009010
S04,372.0000,47.741201
S04,373.0000,35.729275
S04,374.0000,56.523610
S04,375.0000,46.007627
S04,376.0000,35.763943
S04,377.0000,48.928489
S04,378.0000,63.942558
S04,379.0000,32.718436
S04,380.0000,38.573364
S04,381.0000,41.497658
S04,382.0000,40.781693
S04,383.0000,59.053246
S04,384.0000,37.689779
S04,385.0000,40.455921
S04,386.0000,38.547991
S04,387.0000,47.936276
S04,388.0000,40.177168
S04,389.0000,36.927052
S04,390.0000,27.979637
S04,391.0000,37.033608
S04,392.0000,38.291757
S04,393.0000,48.560627
S04,394.0000,56.428471
S04,395.0000,36.800860
S04,396.0000,39.164865
S04,397.0000,62.937552
S04,398.0000,35.310204
S04,399.0000,41.591238
S04,400.0000,44.881293
S04,401.0000,32.597803
S04,402.0000,24.622867
S04,403.0000,33.840670
S04,404.0000,45.051495
S04,405.0000,44.844342
S04,406.0000,30.745220
S04,407.0000,25.932961
S04,408.0000,33.956914
S04,409.0000,59.064879
S04,410.0000,46.724946
S04,411.0000,62.633210
S04,412.0000,30.432146
S04,413.0000,48.407773
S04,414.0000,29.180670
S04,415.0000,37.284637
S04,416.0000,46.292484
S04,417.0000,28.403225
S04,418.0000,42.658566
S04,419.0000,45.070290
S04,420.0000,28.673870
S04,421.0000,53.835289
S04,422.0000,51.029002
S04,423.0000,34.662730
S04,424.0000,58.881115
S04,425.0000,42.938034
S04,426.0000,41.263439
S04,427.0000,53.223852
S04,428.0000,58.187638
S04,429.0000,17.858439
S04,430.0000,31.252617
S04,431.0000,40.365054
S04,432.0000,42.349852
S04,433.0000,33.877603
S04,434.0000,42.643768
S04,435.0000,45.508126
S04,436.0000,24.836626
S04,437.0000,24.822918
S04,438.0000,31.700868
S04,439.0000,37.923586
S04,440.0000,35.050119
S04,441.0000,43.616684
S04,442.0000,33.411058
S04,443.0000,41.178971
S04,444.0000,15.261870
S04,445.0000,56.198212
S04,446.0000,37.015601
S04,447.0000,44.293679
S04,448.0000,53.814599
S04,449.0000,39.652613
S04,450.0000,29.610576
S04,451.0000,43.101440
S04,452.0000,22.342228
S04,453.0000,46.057519
S04,454.0000,39.891467
S04,455.0000,31.915149
S04,456.0000,34.703410
S04,457.0000,61.074342
S04,458.0000,31.797044
S04,459.0000,47.236067
S04,460.0000,33.232835
S04,461.0000,40.005732
S04,462.0000,30.476190
S04,463.0000,27.950781
S04,464.0000,31.257167
S04,465.0000,26.646539
S04,466.0000,34.279634
S04,467.0000,25.830236
S04,468.0000,48.809708
S04,469.0000,33.400239
S04,470.0000,45.430343
S04,471.0000,58.313932
S04,472.0000,29.887355
S04,473.0000,39.426956
S04,474.0000,40.756054
S04,475.0000,38.806952
S04,476.0000,38.366691
S04,477.0000,28.221619
S04,478.0000,38.259001
S04,479.0000,44.152599
S04,480.0000,26.811956
S04,481.0000,18.953447
S04,482.0000,47.085304
S04,483.0000,57.091598
S04,484.0000,46.884376
S04,485.0000,21.500451
S04,486.0000,48.871597
S04,487.0000,33.355776
S04,488.0000,46.412149
S04,489.0000,48.488514
S04,490.0000,40.188670
S04,491.0000,44.624040
S04,492.0000,44.540209
S04,493.0000,48.358135
S04,494.0000,38.259349
S04,495.0000,48.308276
S04,496.0000,39.002878
S04,497.0000,54.918675
S04,498.0000,50.032159
S04,499.0000,46.767625
S04,500.0000,20.359012
S04,501.0000,33.663295
S04,502.0000,38.104802
S04,503.0000,42.233618
S04,504.0000,42.867682
S04,505.0000,42.025958
S04,506.0000,44.850606
S04,507.0000,49.483388
S04,508.0000,31.452981
S04,509.0000,21.341394
S04,510.0000,36.465539
S04,511.0000,30.443470
S04,512.0000,32.252203
S04,513.0000,42.891709
S04,514.0000,52.291317
S04,515.0000,51.161681
S04,516.0000,36.336056
S04,517.0000,36.202141
S04,518.0000,43.655509
S04,519.0000,36.873983
S04,520.0000,50.469864
S04,521.0000,18.131309
S04,522.0000,37.065235
S04,523.0000,35.966657
S04,524.0000,39.602097
S04,525.0000,39.131524
S04,526.0000,31.124721
S04,527.0000,33.349875
S04,528.0000,37.856577
S04,529.0000,52.832654
S04,530.0000,23.014192
S04,531.0000,27.382217
S04,532.0000,53.438221
S04,533.0000,52.785372
S04,534.0000,36.109657
S04,535.0000,40.030143
S04,536.0000,37.101846
S04,537.0000,42.474535
S04,538.0000,29.648198
S04,539.0000,53.206733
S04,540.0000,30.245194
S04,541.0000,63.178792
S04,542.0000,54.192266
S04,543.0000,33.561344
S04,544.0000,47.737481
S04,545.0000,52.070914
S04,546.0000,51.545314
S04,547.0000,47.842234
S04,548.0000,50.642377
S04,549.0000,40.743709
S04,550.0000,40.214245
S04,551.0000,52.570281
S04,552.0000,48.938428
S04,553.0000,46.424428
S04,554.0000,44.421822
S04,555.0000,67.389333
S04,556.0000,55.834723
S04,557.0000,44.825368
S04,558.0000,24.842785
S04,559.0000,47.477678
S04,560.0000,49.310074
S04,561.0000,54.185142
S04,562.0000,50.250148
S04,563.0000,43.396010
S04,564.0000,31.199098
S04,565.0000,61.695727
S04,566.0000,38.541465
S04,567.0000,53.854115
S04,568.0000,46.850884
S04,569.0000,44.321712
S04,570.0000,50.100233
S04,571.0000,45.923614
S04,572.0000,35.953322
S04,573.0000,57.168858
S04,574.0000,38.833091
S04,575.0000,60.390958
S04,576.0000,51.737450
S04,577.0000,45.977497
S04,578.0000,45.779284
S04,579.0000,44.373197
S04,580.0000,35.323206
S04,581.0000,48.847503
S04,582.0000,46.510249
S04,583.0000,50.306483
S04,584.0000,62.396770
S04,585.0000,48.405053
S04,586.0000,48.430483
S04,587.0000,47.758202
S04,588.0000,58.579107
S04,589.0000,54.434059
S04,590.0000,73.507289
S04,591.0000,56.228659
S04,592.0000,38.923569
S04,593.0000,60.445262
S04,594.0000,70.553526
S04,595.0000,55.610318
S04,596.0000,56.568275
S04,597.0000,72.064835
S04,598.0000,80.187324
S04,599.0000,77.122830
S04,600.0000,79.744250
S04,601.0000,79.815060
S04,602.0000,88.468637
S04,603.0000,84.682575
S04,604.0000,111.581002
S04,605.0000,97.395994
S04,606.0000,104.997889
S04,607.0000,117.608976
S04,608.0000,129.006769
S04,609.0000,124.707132
S04,610.0000,166.320924
S04,611.0000,163.699840
S04,612.0000,195.474376
S04,613.0000,212.606208
S04,614.0000,227.856336
S04,615.0000,289.746853
S04,616.0000,317.918719
S04,617.0000,362.363161
S04,618.0000,403.742889
S04,619.0000,429.762659
S04,620.0000,456.851792
S04,621.0000,432.137708
S04,622.0000,401.550600
S04,623.0000,359.679174
S04,624.0000,320.948956
S04,625.0000,295.673287
S04,626.0000,243.515076
S04,627.0000,205.678188
S04,628.0000,186.955281
S04,629.0000,157.823151
S04,630.0000,155.704535
S04,631.0000,129.602154
S04,632.0000,140.939783
S04,633.0000,108.188626
S04,634.0000,95.626486
S04,635.0000,91.519789
S04,636.0000,94.905167
S04,637.0000,90.108199
S04,638.0000,79.783062
S04,639.0000,68.512644
S04,640.0000,78.377067
S04,641.0000,92.117605
S04,642.0000,93.841999
S04,643.0000,50.491038
S04,644.0000,56.893579
S04,645.0000,61.647693
S04,646.0000,68.645951
S04,647.0000,40.318748
S04,648.0000,67.138579
S04,649.0000,54.456501
S04,650.0000,52.673966
S04,651.0000,68.912300
S04,652.0000,38.062464
S04,653.0000,50.750200
S04,654.0000,49.815799
S04,655.0000,49.344283
S04,656.0000,48.549107
S04,657.0000,55.789418
S04,658.0000,62.130554
S04,659.0000,54.215709
S04,660.0000,52.930897
S04,661.0000,45.839007
S04,662.0000,60.446463
S04,663.0000,49.326480
S04,664.0000,41.470137
S04,665.0000,50.864651
S04,666.0000,51.521305
S04,667.0000,43.211672
S04,668.0000,50.033003
S04,669.0000,34.558709
S04,670.0000,40.843093
S04,671.0000,45.023216
S04,672.0000,33.474516
S04,673.0000,54.844725
S04,674.0000,59.211523
S04,675.0000,55.838732
S04,676.0000,43.723045
S04,677.0000,49.839603
S04,678.0000,48.752891
S04,679.0000,39.839751
S04,680.0000,50.724879
S04,681.0000,45.128087
S04,682.0000,34.495789
S04,683.0000,41.981843
S04,684.0000,47.411692
S04,685.0000,34.508835
S04,686.0000,59.548226
S04,687.0000,47.011806
S04,688.0000,67.267413
S04,689.0000,56.792967
S04,690.0000,45.379150
S04,691.0000,49.105210
S04,692.0000,41.550763
S04,693.0000,39.588989
S04,694.0000,73.799601
S04,695.0000,42.442674
S04,696.0000,47.832464
S04,697.0000,30.448487
S04,698.0000,37.840944
S04,699.0000,34.042323
S04,700.0000,52.068682
S04,701.0000,38.336793
S04,702.0000,62.374904
S04,703.0000,37.977015
S04,704.0000,38.408899
S04,705.0000,38.070950
S04,706.0000,37.579308
S04,707.0000,21.403878
S04,708.0000,61.801605
S04,709.0000,45.536309
S04,710.0000,45.231062
S04,711.0000,51.577340
S04,712.0000,44.692469
S04,713.0000,42.486805
S04,714.0000,44.587009
S04,715.0000,51.575145
S04,716.0000,41.042341
S04,717.0000,50.953568
S04,718.0000,39.643393
S04,719.0000,38.557765
S04,720.0000,19.400046
S04,721.0000,35.465458
S04,722.0000,49.101685
S04,723.0000,27.034089
S04,724.0000,50.501034
S04,725.0000,58.253217
S04,726.0000,54.225277
S04,727.0000,46.667333
S04,728.0000,40.967798
S04,729.0000,35.631730
S04,730.0000,42.702547
S04,731.0000,41.427752
S04,732.0000,66.960074
S04,733.0000,44.917777
S04,734.0000,56.046004
S04,735.0000,33.951405
S04,736.0000,55.005299
S04,737.0000,38.982636
S04,738.0000,36.857282
S04,739.0000,46.744052
S04,740.0000,34.742541
S04,741.0000,40.405701
S04,742.0000,51.125360
S04,743.0000,43.814132
S04,744.0000,47.629821
S04,745.0000,37.089358
S04,746.0000,43.985660
S04,747.0000,28.384859
S04,748.0000,45.671594
S04,749.0000,55.537004
S04,750.0000,60.518078
S04,751.0000,25.694699
S04,752.0000,27.050061
S04,753.0000,42.903479
S04,754.0000,39.428948
S04,755.0000,52.043780
S04,756.0000,32.091629
S04,757.0000,36.582149
S04,758.0000,54.165891
S04,759.0000,30.137046
S04,760.0000,42.417598
S04,761.0000,44.212277
S04,762.0000,49.845412
S04,763.0000,24.980791
S04,764.0000,43.849320
S04,765.0000,54.242718
S04,766.0000,44.794915
S04,767.0000,50.670615
S04,768.0000,45.403498
S04,769.0000,46.034186
S04,770.0000,35.438701
S04,771.0000,59.339649
S04,772.0000,45.793425
S04,773.0000,47.120981
S04,774.0000,38.233451
S04,775.0000,56.604229
S04,776.0000,49.725899
S04,777.0000,59.282427
S04,778.0000,25.947485
S04,779.0000,17.928904
S04,780.0000,44.465610
S04,781.0000,45.763818
S04,782.0000,35.741077
S04,783.0000,39.743381
S04,784.0000,30.021614
S04,785.0000,59.303863
S04,786.0000,38.367464
S04,787.0000,37.841127
S04,788.0000,42.065191
S04,789.0000,36.367564
S04,790.0000,45.900329
S04,791.0000,43.016300
S04,792.0000,38.793024
S04,793.0000,44.909147
S04,794.0000,31.411371
S04,795.0000,51.299049
S04,796.0000,44.401281
S04,797.0000,28.474598
S04,798.0000,39.095914
S04,799.0000,29.359019
S04,800.0000,39.098015
S04,801.0000,51.966485
S04,802.0000,28.461316
S04,803.0000,53.030719
S04,804.0000,34.349060
S04,805.0000,24.345313
S04,806.0000,39.572736
S04,807.0000,51.280144
S04,808.0000,36.711710
S04,809.0000,53.197226
S04,810.0000,49.769889
S04,811.0000,44.359357
S04,812.0000,65.036100
S04,813.0000,25.619243
S04,814.0000,29.234098
S04,815.0000,33.984606
S04,816.0000,39.955538
S04,817.0000,32.242770
S04,818.0000,38.123364
S04,819.0000,37.521964
S04,820.0000,51.771972
S04,821.0000,40.049518
S04,822.0000,41.435917
S04,823.0000,56.646149
S04,824.0000,43.438643
S04,825.0000,38.374398
S04,826.0000,32.233389
S04,827.0000,46.276447
S04,828.0000,39.348984
S04,829.0000,28.030756
S04,830.0000,55.476437
S04,831.0000,63.035647
S04,832.0000,36.979792
S04,833.0000,47.067421
S04,834.0000,37.197924
S04,835.0000,48.951799
S04,836.0000,47.912669
S04,837.0000,37.284707
S04,838.0000,32.354983
S04,839.0000,36.453294
S04,840.0000,35.161954
S04,841.0000,35.977761
S04,842.0000,27.245238
S04,843.0000,42.840051
S04,844.0000,35.156262
S04,845.0000,50.349808
S04,846.0000,34.685084
S04,847.0000,51.448518
S04,848.0000,34.010309
S04,849.0000,37.358141
S04,850.0000,34.638801
S04,851.0000,31.340608
S04,852.0000,37.992495
S04,853.0000,36.180414
S04,854.0000,38.234034
S04,855.0000,49.726059
S04,856.0000,46.570481
S04,857.0000,51.248721
S04,858.0000,31.433975
S04,859.0000,53.867237
S04,860.0000,37.081353
S04,861.0000,51.154451
S04,862.0000,38.771333
S04,863.0000,35.497715
S04,864.0000,60.396537
S04,865.0000,39.227979
S04,866.0000,51.996033
S04,867.0000,34.629362
S04,868.0000,43.717301
S04,869.0000,38.668777
S04,870.0000,42.187212
S04,871.0000,42.722379
S04,872.0000,39.316989
S04,873.0000,39.867259
S04,874.0000,39.129319
S04,875.0000,56.256587
S04,876.0000,45.971721
S04,877.0000,38.604694
S04,878.0000,37.978939
S04,879.0000,56.904283
S04,880.0000,43.249360
S04,881.0000,26.095890
S04,882.0000,30.732510
S04,883.0000,46.037570
S04,884.0000,36.219488
S04,885.0000,47.353111
S04,886.0000,39.211377
S04,887.0000,24.979332
S04,888.0000,43.298543
S04,889.0000,27.150099
S04,890.0000,42.544761
S04,891.0000,56.114522
S04,892.0000,48.986091
S04,893.0000,51.290779
S04,894.0000,46.705326
S04,895.0000,37.711862
S04,896.0000,57.991719
S04,897.0000,41.360487
S04,898.0000,47.077369
S04,899.0000,40.459710
S04,900.0000,45.817477
S04,901.0000,46.696968
S04,902.0000,40.369263
S04,903.0000,30.340775
S04,904.0000,44.479637
S04,905.0000,49.600391
S04,906.0000,27.807080
S04,907.0000,46.631909
S04,908.0000,34.189916
S04,909.0000,33.923779
S04,910.0000,48.406183
S04,911.0000,34.328085
S04,912.0000,50.550753
S04,913.0000,52.899023
S04,914.0000,75.454538
S04,915.0000,66.966236
S04,916.0000,61.098804
S04,917.0000,40.116558
S04,918.0000,48.789766
S04,919.0000,38.768005
S04,920.0000,50.133345
S04,921.0000,45.999718
S04,922.0000,51.273230
S04,923.0000,37.552701
S04,924.0000,39.361864
S04,925.0000,52.195157
S04,926.0000,52.822150
S04,927.0000,27.724187
S04,928.0000,44.580810
S04,929.0000,60.208980
S04,930.0000,54.214722
S04,931.0000,41.026105
S04,932.0000,55.371072
S04,933.0000,42.056983
S04,934.0000,59.027800
S04,935.0000,55.443880
S04,936.0000,47.818050
S04,937.0000,62.048858
S04,938.0000,63.195004
S04,939.0000,44.946463
S04,940.0000,68.997721
S04,941.0000,71.729793
S04,942.0000,39.204123
S04,943.0000,57.258269
S04,944.0000,44.387249
S04,945.0000,52.751991
S04,946.0000,48.071826
S04,947.0000,57.796107
S04,948.0000,48.792747
S04,949.0000,56.507229
S04,950.0000,65.997366
S04,951.0000,67.566199
S04,952.0000,46.432599
S04,953.0000,64.151449
S04,954.0000,50.873044
S04,955.0000,48.291966
S04,956.0000,45.273531
S04,957.0000,60.184259
S04,958.0000,49.385612
S04,959.0000,63.125206
S04,960.0000,65.153732
S04,961.0000,59.978206
S04,962.0000,62.298854
S04,963.0000,73.438347
S04,964.0000,74.895082
S04,965.0000,80.024617
S04,966.0000,84.276579
S04,967.0000,75.862215
S04,968.0000,68.330511
S04,969.0000,83.041028
S04,970.0000,67.344220
S04,971.0000,81.916283
S04,972.0000,87.777313
S04,973.0000,94.531609
S04,974.0000,116.063347
S04,975.0000,111.256881
S04,976.0000,108.011098
S04,977.0000,103.165487
S04,978.0000,112.294200
S04,979.0000,109.234958
S04,980.0000,128.017026
S04,981.0000,137.044468
S04,982.0000,125.005773
S04,983.0000,155.261286
S04,984.0000,156.182714
S04,985.0000,168.684912
S04,986.0000,178.031475
S04,987.0000,209.628021
S04,988.0000,220.871269
S04,989.0000,251.516278
S04,990.0000,276.073775
S04,991.0000,321.659625
S04,992.0000,346.907739
S04,993.0000,411.058053
S04,994.0000,463.598821
S04,995.0000,539.740525
S04,996.0000,641.118520
S04,997.0000,734.634242
S04,998.0000,846.307605
S04,999.0000,941.748618
S04,1000.0000,1001.758203
S04,1001.0000,1020.964825
S04,1002.0000,1004.507592
S04,1003.0000,948.069154
S04,1004.0000,834.091788
S04,1005.0000,762.475029
S04,1006.0000,654.814338
S04,1007.0000,576.908441
S04,1008.0000,467.756456
S04,1009.0000,419.604699
S04,1010.0000,388.891288
S04,1011.0000,337.912868
S04,1012.0000,307.063744
S04,1013.0000,271.059540
S04,1014.0000,269.337821
S04,1015.0000,255.726153
S04,1016.0000,261.251616
S04,1017.0000,260.494592
S04,1018.0000,243.859688
S04,1019.0000,242.920527
S04,1020.0000,253.429426
S04,1021.0000,257.580457
S04,1022.0000,282.375780
S04,1023.0000,294.317302
S04,1024.0000,342.926755
S04,1025.0000,369.388443
S04,1026.0000,399.563155
S04,1027.0000,462.822124
S04,1028.0000,506.696817
S04,1029.0000,579.643534
S04,1030.0000,605.964425
S04,1031.0000,600.707694
S04,1032.0000,595.797698
S04,1033.0000,555.488270
S04,1034.0000,506.917753
S04,1035.0000,449.212170
S04,1036.0000,379.394992
S04,1037.0000,332.017387
S04,1038.0000,309.485311
S04,1039.0000,268.670136
S04,1040.0000,231.175403
S04,1041.0000,199.186437
S04,1042.0000,180.734435
S04,1043.0000,183.640397
S04,1044.0000,150.797845
S04,1045.0000,142.653498
S04,1046.0000,110.838949
S04,1047.0000,129.554402
S04,1048.0000,113.458529
S04,1049.0000,102.545374
S04,1050.0000,110.617808
S04,1051.0000,101.356259
S04,1052.0000,113.285122
S04,1053.0000,79.690983
S04,1054.0000,87.436455
S04,1055.0000,85.064599
S04,1056.0000,68.926669
S04,1057.0000,80.845322
S04,1058.0000,92.815958
S04,1059.0000,83.275191
S04,1060.0000,77.714329
S04,1061.0000,70.302681
S04,1062.0000,60.230868
S04,1063.0000,64.542487
S04,1064.0000,64.170824
S04,1065.0000,61.081481
S04,1066.0000,54.043797
S04,1067.0000,69.383729
S04,1068.0000,49.153736
S04,1069.0000,52.751351
S04,1070.0000,58.847037
S04,1071.0000,62.725061
S04,1072.0000,56.418515
S04,1073.0000,55.491566
S04,1074.0000,56.854865
S04,1075.0000,74.062294
S04,1076.0000,65.886113
S04,1077.0000,66.519923
S04,1078.0000,66.259301
S04,1079.0000,59.718137
S04,1080.0000,67.230017
S04,1081.0000,48.688398
S04,1082.0000,57.385597
S04,1083.0000,57.692019
S04,1084.0000,41.305815
S04,1085.0000,65.318062
S04,1086.0000,41.260824
S04,1087.0000,51.140171
S04,1088.0000,51.761343
S04,1089.0000,63.665231
S04,1090.0000,63.575769
S04,1091.0000,55.290227
S04,1092.0000,57.692085
S04,1093.0000,36.620927
S04,1094.0000,49.603372
S04,1095.0000,35.786506
S04,1096.0000,49.617491
S04,1097.0000,50.405237
S04,1098.0000,34.260201
S04,1099.0000,58.505361
S04,1100.0000,47.373046
S04,1101.0000,41.555207
S04,1102.0000,43.205019
S04,1103.0000,54.924359
S04,1104.0000,54.397391
S04,1105.0000,43.359191
S04,1106.0000,43.699063
S04,1107.0000,53.447879
S04,1108.0000,48.113396
S04,1109.0000,46.340746
S04,1110.0000,35.739499
S04,1111.0000,45.891055
S04,1112.0000,58.679336
S04,1113.0000,45.635018
S04,1114.0000,41.564874
S04,1115.0000,48.934290
S04,1116.0000,49.200652
S04,1117.0000,51.391803
S04,1118.0000,52.701303
S04,1119.0000,43.828959
S04,1120.0000,60.690421
S04,1121.0000,54.910533
S04,1122.0000,53.061967
S04,1123.0000,53.133826
S04,1124.0000,60.507612
S04,1125.0000,59.409562
S04,1126.0000,47.877378
S04,1127.0000,66.376570
S04,1128.0000,59.372641
S04,1129.0000,42.244094
S04,1130.0000,42.455438
S04,1131.0000,41.904166
S04,1132.0000,62.289779
S04,1133.0000,61.247616
S04,1134.0000,82.442506
S04,1135.0000,71.251779
S04,1136.0000,66.915564
S04,1137.0000,66.398697
S04,1138.0000,90.708339
S04,1139.0000,68.990576
S04,1140.0000,80.194998
S04,1141.0000,82.229562
S04,1142.0000,89.309198
S04,1143.0000,86.745565
S04,1144.0000,87.697064
S04,1145.0000,107.079143
S04,1146.0000,115.438871
S04,1147.0000,130.541048
S04,1148.0000,135.238793
S04,1149.0000,148.411559
S04,1150.0000,162.765544
S04,1151.0000,187.442600
S04,1152.0000,213.297416
S04,1153.0000,237.648711
S04,1154.0000,263.038929
S04,1155.0000,251.233573
S04,1156.0000,230.482765
S04,1157.0000,251.094210
S04,1158.0000,231.468342
S04,1159.0000,201.269182
S04,1160.0000,170.963770
S04,1161.0000,142.559301
S04,1162.0000,125.560594
S04,1163.0000,136.665533
S04,1164.0000,105.503405
S04,1165.0000,105.554864
S04,1166.0000,97.028198
S04,1167.0000,101.291984
S04,1168.0000,89.005175
S04,1169.0000,82.795873
S04,1170.0000,66.122030
S04,1171.0000,76.118838
S04,1172.0000,72.958653
S04,1173.0000,75.099055
S04,1174.0000,52.092798
S04,1175.0000,46.800932
S04,1176.0000,59.660203
S04,1177.0000,51.042357
S04,1178.0000,50.020169
S04,1179.0000,43.277768
S04,1180.0000,63.011919
S04,1181.0000,64.762538
S04,1182.0000,49.605298
S04,1183.0000,46.420140
S04,1184.0000,45.266993
S04,1185.0000,58.632614
S04,1186.0000,56.758115
S04,1187.0000,61.455022
S04,1188.0000,66.545972
S04,1189.0000,53.035184
S04,1190.0000,50.026282
S04,1191.0000,46.366853
S04,1192.0000,47.596250
S04,1193.0000,28.931289
S04,1194.0000,47.480840
S04,1195.0000,50.607708
S04,1196.0000,44.624045
S04,1197.0000,53.228762
S04,1198.0000,56.546346
S04,1199.0000,50.411831
S04,1200.0000,51.424278
S04,1201.0000,37.963003
S04,1202.0000,41.104231
S04,1203.0000,65.475405
S04,1204.0000,50.267682
S04,1205.0000,46.833908
S04,1206.0000,57.989942
S04,1207.0000,46.026125
S04,1208.0000,56.035214
S04,1209.0000,62.007458
S04,1210.0000,31.203798
S04,1211.0000,38.367683
S04,1212.0000,45.106257
S04,1213.0000,48.029492
S04,1214.0000,46.396966
S04,1215.0000,25.348084
S04,1216.0000,53.265382
S04,1217.0000,38.658781
S04,1218.0000,40.568549
S04,1219.0000,44.546314
S04,1220.0000,25.434988
S04,1221.0000,45.456467
S04,1222.0000,44.916459
S04,1223.0000,40.102480
S04,1224.0000,32.159519
S04,1225.0000,57.925806
S04,1226.0000,25.837169
S04,1227.0000,40.231560
S04,1228.0000,43.496975
S04,1229.0000,61.871997
S04,1230.0000,40.576291
S04,1231.0000,53.870497
S04,1232.0000,52.771462
S04,1233.0000,37.834550
S04,1234.0000,46.047895
S04,1235.0000,43.433854
S04,1236.0000,29.753857
S04,1237.0000,58.797581
S04,1238.0000,39.000118
S04,1239.0000,46.533467
S04,1240.0000,33.191290
S04,1241.0000,42.189566
S04,1242.0000,26.690193
S04,1243.0000,47.764270
S04,1244.0000,56.324542
S04,1245.0000,44.137127
S04,1246.0000,43.323075
S04,1247.0000,49.787637
S04,1248.0000,62.966294
S04,1249.0000,47.321176
S04,1250.0000,18.918589
S04,1251.0000,21.950481
S04,1252.0000,40.631420
S04,1253.0000,32.611066
S04,1254.0000,33.504751
S04,1255.0000,29.280933
S04,1256.0000,40.252508
S04,1257.0000,20.338893
S04,1258.0000,47.382054
S04,1259.0000,41.823447
S04,1260.0000,45.718809
S04,1261.0000,30.215645
S04,1262.0000,47.309045
S04,1263.0000,42.188913
S04,1264.0000,41.955988
S04,1265.0000,54.551450
S04,1266.0000,37.172825
S04,1267.0000,30.531828
S04,1268.0000,39.075825
S04,1269.0000,46.670386
S04,1270.0000,41.944302
S04,1271.0000,69.963163
S04,1272.0000,44.867595
S04,1273.0000,34.001602
S04,1274.0000,57.332309
S04,1275.0000,36.268075
S04,1276.0000,27.399321
S04,1277.0000,53.865660
S04,1278.0000,49.794874
S04,1279.0000,54.949595
S04,1280.0000,49.295935
S04,1281.0000,34.588150
S04,1282.0000,57.599478
S04,1283.0000,33.755998
S04,1284.0000,54.231802
S04,1285.0000,51.574026
S04,1286.0000,53.045825
S04,1287.0000,43.034863
S04,1288.0000,39.173550
S04,1289.0000,38.636031
S04,1290.0000,40.536781
S04,1291.0000,29.296776
S04,1292.0000,43.378205
S04,1293.0000,15.703682
S04,1294.0000,26.229861
S04,1295.0000,58.153202
S04,1296.0000,46.654535
S04,1297.0000,44.568967
S04,1298.0000,47.933945
S04,1299.0000,31.296944
S04,1300.0000,51.758163
S04,1301.0000,37.190158
S04,1302.0000,52.312702
S04,1303.0000,50.390971
S04,1304.0000,42.982392
S04,1305.0000,41.588585
S04,1306.0000,41.540866
S04,1307.0000,24.469159
S04,1308.0000,52.160327
S04,1309.0000,59.123624
S04,1310.0000,27.154103
S04,1311.0000,28.787234
S04,1312.0000,43.726682
S04,1313.0000,44.519131
S04,1314.0000,51.161252
S04,1315.0000,31.469910
S04,1316.0000,29.728553
S04,1317.0000,48.732126
S04,1318.0000,20.178547
S04,1319.0000,53.511613
S04,1320.0000,40.830754
S04,1321.0000,31.580083
S04,1322.0000,57.311564
S04,1323.0000,50.975863
S04,1324.0000,54.770391
S04,1325.0000,45.040015
S04,1326.0000,47.100009
S04,1327.0000,42.150726
S04,1328.0000,38.101776
S04,1329.0000,41.341135
S04,1330.0000,51.683728
S04,1331.0000,22.337144
S04,1332.0000,51.340527
S04,1333.0000,61.300887
S04,1334.0000,36.389200
S04,1335.0000,46.555341
S04,1336.0000,40.479577
S04,1337.0000,43.917775
S04,1338.0000,30.810527
S04,1339.0000,36.768445
S04,1340.0000,46.377346
S04,1341.0000,29.790277
S04,1342.0000,51.408279
S04,1343.0000,33.303610
S04,1344.0000,24.490776
S04,1345.0000,32.705466
S04,1346.0000,40.971495
S04,1347.0000,49.519484
S04,1348.0000,33.993698
S04,1349.0000,56.238281
S04,1350.0000,47.351849
S04,1351.0000,44.536991
S04,1352.0000,27.885664
S04,1353.0000,62.420665
S04,1354.0000,36.297813
S04,1355.0000,45.497527
S04,1356.0000,42.259743
S04,1357.0000,43.586811
S04,1358.0000,35.055171
S04,1359.0000,48.380818
S04,1360.0000,27.773113
S04,1361.0000,40.312786
S04,1362.0000,38.693030
S04,1363.0000,31.475454
S04,1364.0000,61.388965
S04,1365.0000,50.102256
S04,1366.0000,38.173576
S04,1367.0000,48.592267
S04,1368.0000,38.373777
S04,1369.0000,42.533705
S04,1370.0000,39.554279
S04,1371.0000,54.170283
S04,1372.0000,72.910287
S04,1373.0000,50.743666
S04,1374.0000,33.246061
S04,1375.0000,40.885695
S04,1376.0000,40.502572
S04,1377.0000,42.559753
S04,1378.0000,41.658495
S04,1379.0000,59.616620
S04,1380.0000,34.270956
S04,1381.0000,58.557397
S04,1382.0000,55.009331
S04,1383.0000,49.785774
S04,1384.0000,34.655559
S04,1385.0000,42.982383
S04,1386.0000,61.907668
S04,1387.0000,40.577989
S04,1388.0000,63.489883
S04,1389.0000,41.545957
S04,1390.0000,39.457513
S04,1391.0000,44.248130
S04,1392.0000,27.813517
S04,1393.0000,50.935141
S04,1394.0000,56.968401
S04,1395.0000,44.468788
S04,1396.0000,38.590884
S04,1397.0000,61.679102
S04,1398.0000,58.379541
S04,1399.0000,55.494582
S04,1400.0000,59.460397
S04,1401.0000,39.212521
S04,1402.0000,56.672176
S04,1403.0000,67.876425
S04,1404.0000,39.524740
S04,1405.0000,55.182289
S04,1406.0000,45.970114
S04,1407.0000,51.557529
S04,1408.0000,76.710869
S04,1409.0000,46.290111
S04,1410.0000,54.241750
S04,1411.0000,33.537812
S04,1412.0000,53.213415
S04,1413.0000,52.105835
S04,1414.0000,47.070401
S04,1415.0000,56.261879
S04,1416.0000,41.900787
S04,1417.0000,59.568593
S04,1418.0000,61.426280
S04,1419.0000,63.219100
S04,1420.0000,59.765614
S04,1421.0000,52.297862
S04,1422.0000,59.323314
S04,1423.0000,31.113880
S04,1424.0000,63.125683
S04,1425.0000,77.083077
S04,1426.0000,55.777665
S04,1427.0000,56.378487
S04,1428.0000,74.898744
S04,1429.0000,78.176317
S04,1430.0000,66.248945
S04,1431.0000,72.235987
S04,1432.0000,82.930807
S04,1433.0000,79.054826
S04,1434.0000,91.010588
S04,1435.0000,117.480653
S04,1436.0000,109.539247
S04,1437.0000,112.895957
S04,1438.0000,114.971299
S04,1439.0000,132.322709
S04,1440.0000,132.619678
S04,1441.0000,146.056201
S04,1442.0000,171.015331
S04,1443.0000,222.899845
S04,1444.0000,246.809457
S04,1445.0000,266.762417
S04,1446.0000,295.172716
S04,1447.0000,343.588878
S04,1448.0000,383.851055
S04,1449.0000,406.982484
S04,1450.0000,431.875692
S04,1451.0000,418.733135
S04,1452.0000,393.623241
S04,1453.0000,347.109074
S04,1454.0000,287.184653
S04,1455.0000,278.255305
S04,1456.0000,241.921145
S04,1457.0000,200.040102
S04,1458.0000,168.323987
S04,1459.0000,174.163485
S04,1460.0000,149.457060
S04,1461.0000,133.830529
S04,1462.0000,120.530865
S04,1463.0000,97.975411
S04,1464.0000,103.370660
S04,1465.0000,95.411168
S04,1466.0000,82.431324
S04,1467.0000,97.462137
S04,1468.0000,93.773671
S04,1469.0000,69.404718
S04,1470.0000,70.581046
S04,1471.0000,74.998651
S04,1472.0000,65.100026
S04,1473.0000,73.806984
S04,1474.0000,70.691518
S04,1475.0000,64.842297
S04,1476.0000,67.949550
S04,1477.0000,73.352129
S04,1478.0000,51.861629
S04,1479.0000,68.637384
S04,1480.0000,48.471595
S04,1481.0000,40.484905
S04,1482.0000,33.855071
S04,1483.0000,56.302908
S04,1484.0000,52.954991
S04,1485.0000,35.282837
S04,1486.0000,50.128819
S04,1487.0000,61.511158
S04,1488.0000,43.140742
S04,1489.0000,46.595658
S04,1490.0000,51.514374
S04,1491.0000,37.829426
S04,1492.0000,66.755627
S04,1493.0000,50.618122
S04,1494.0000,40.141265
S04,1495.0000,51.956012
S04,1496.0000,43.101390
S04,1497.0000,42.407290
S04,1498.0000,42.313242
S04,1499.0000,38.966002
S04,1500.0000,41.028101
S04,1501.0000,27.983875
S04,1502.0000,40.802135
S04,1503.0000,47.475975
S04,1504.0000,40.362600
S04,1505.0000,57.070308
S04,1506.0000,46.684300
S04,1507.0000,37.092818
S04,1508.0000,45.967063
S04,1509.0000,44.241891
S04,1510.0000,66.176460
S04,1511.0000,50.456570
S04,1512.0000,39.241174
S04,1513.0000,33.556471
S04,1514.0000,47.803370
S04,1515.0000,75.065867
S04,1516.0000,29.936041
S04,1517.0000,51.294348
S04,1518.0000,44.882492
S04,1519.0000,56.387303
S04,1520.0000,47.053936
S04,1521.0000,59.138241
S04,1522.0000,65.619996
S04,1523.0000,50.924882
S04,1524.0000,60.105514
S04,1525.0000,52.069424
S04,1526.0000,44.147639
S04,1527.0000,26.547429
S04,1528.0000,39.040622
S04,1529.0000,60.684246
S04,1530.0000,44.015765
S04,1531.0000,60.772646
S04,1532.0000,51.112224
S04,1533.0000,54.456820
S04,1534.0000,69.972820
S04,1535.0000,50.845474
S04,1536.0000,61.910703
S04,1537.0000,58.691161
S04,1538.0000,33.605185
S04,1539.0000,56.579289
S04,1540.0000,74.133780
S04,1541.0000,51.740837
S04,1542.0000,50.856831
S04,1543.0000,63.336583
S04,1544.0000,54.913992
S04,1545.0000,54.092960
S04,1546.0000,50.909487
S04,1547.0000,63.140340
S04,1548.0000,57.603443
S04,1549.0000,40.710028
S04,1550.0000,81.580579
S04,1551.0000,59.819402
S04,1552.0000,66.297756
S04,1553.0000,57.453403
S04,1554.0000,75.130999
S04,1555.0000,67.269566
S04,1556.0000,77.893711
S04,1557.0000,82.246956
S04,1558.0000,67.858970
S04,1559.0000,79.883279
S04,1560.0000,76.146717
S04,1561.0000,58.820873
S04,1562.0000,68.541849
S04,1563.0000,93.619266
S04,1564.0000,74.719907
S04,1565.0000,72.850838
S04,1566.0000,101.872744
S04,1567.0000,103.957559
S04,1568.0000,113.908060
S04,1569.0000,93.908848
S04,1570.0000,113.074680
S04,1571.0000,125.625418
S04,1572.0000,133.613785
S04,1573.0000,147.151703
S04,1574.0000,163.212647
S04,1575.0000,178.826329
S04,1576.0000,205.494046
S04,1577.0000,242.619311
S04,1578.0000,252.740592
S04,1579.0000,303.502206
S04,1580.0000,330.813077
S04,1581.0000,384.572329
S04,1582.0000,407.163802
S04,1583.0000,399.906310
S04,1584.0000,427.585626
S04,1585.0000,402.104563
S04,1586.0000,367.228029
S04,1587.0000,345.134714
S04,1588.0000,324.537998
S04,1589.0000,312.836837
S04,1590.0000,307.226468
S04,1591.0000,300.568754
S04,1592.0000,307.970168
S04,1593.0000,303.857472
S04,1594.0000,327.182974
S04,1595.0000,350.731199
S04,1596.0000,393.050970
S04,1597.0000,439.110406
S04,1598.0000,519.829636
S04,1599.0000,568.553908
S04,1600.0000,624.868533
S04,1601.0000,664.437975
S04,1602.0000,652.428524
S04,1603.0000,655.241157
S04,1604.0000,603.516098
S04,1605.0000,566.846239
S04,1606.0000,484.845520
S04,1607.0000,395.825418
S04,1608.0000,348.240459
S04,1609.0000,316.115180
S04,1610.0000,292.135754
S04,1611.0000,232.162927
S04,1612.0000,211.490657
S04,1613.0000,202.701669
S04,1614.0000,152.051180
S04,1615.0000,164.197050
S04,1616.0000,135.379062
S04,1617.0000,140.515082
S04,1618.0000,131.256116
S04,1619.0000,125.108566
S04,1620.0000,106.482523
S04,1621.0000,101.447571
S04,1622.0000,93.207428
S04,1623.0000,86.962984
S04,1624.0000,93.355790
S04,1625.0000,84.592003
S04,1626.0000,87.462694
S04,1627.0000,86.600561
S04,1628.0000,91.998249
S04,1629.0000,76.988321
S04,1630.0000,78.447127
S04,1631.0000,50.825989
S04,1632.0000,70.535773
S04,1633.0000,51.335851
S04,1634.0000,75.295817
S04,1635.0000,63.330750
S04,1636.0000,64.980672
S04,1637.0000,47.575533
S04,1638.0000,89.790297
S04,1639.0000,61.876696
S04,1640.0000,41.275140
S04,1641.0000,78.285865
S04,1642.0000,60.602484
S04,1643.0000,55.858911
S04,1644.0000,58.446675
S04,1645.0000,86.818817
S04,1646.0000,51.567674
S04,1647.0000,61.788938
S04,1648.0000,45.267246
S04,1649.0000,37.987560
S04,1650.0000,40.765911
S04,1651.0000,44.420079
S04,1652.0000,58.167293
S04,1653.0000,56.135847
S04,1654.0000,45.238283
S04,1655.0000,56.228990
S04,1656.0000,47.015731
S04,1657.0000,60.876742
S04,1658.0000,58.993882
S04,1659.0000,37.405908
S04,1660.0000,52.674963
S04,1661.0000,44.891728
S04,1662.0000,28.443693
S04,1663.0000,53.497073
S04,1664.0000,53.078623
S04,1665.0000,50.119885
S04,1666.0000,68.335452
S04,1667.0000,45.095953
S04,1668.0000,48.315104
S04,1669.0000,64.834176
S04,1670.0000,64.960526
S04,1671.0000,41.476649
S04,1672.0000,21.540960
S04,1673.0000,63.136394
S04,1674.0000,52.519950
S04,1675.0000,51.160038
S04,1676.0000,45.289190
S04,1677.0000,38.875846
S04,1678.0000,31.969255
S04,1679.0000,27.984892
S04,1680.0000,61.538541
S04,1681.0000,51.847821
S04,1682.0000,26.167551
S04,1683.0000,40.775467
S04,1684.0000,42.037538
S04,1685.0000,47.486334
S04,1686.0000,45.952864
S04,1687.0000,41.684243
S04,1688.0000,43.402964
S04,1689.0000,32.869979
S04,1690.0000,42.002420
S04,1691.0000,43.653562
S04,1692.0000,28.602156
S04,1693.0000,51.004354
S04,1694.0000,46.322177
S04,1695.0000,43.187499
S04,1696.0000,51.393995
S04,1697.0000,50.544981
S04,1698.0000,53.424499
S04,1699.0000,41.841413
S04,1700.0000,51.557307
S04,1701.0000,39.330348
S04,1702.0000,48.509413
S04,1703.0000,51.540042
S04,1704.0000,40.626346
S04,1705.0000,56.846422
S04,1706.0000,48.934436
S04,1707.0000,49.493003
S04,1708.0000,54.650911
S04,1709.0000,43.933869
S04,1710.0000,38.241539
S04,1711.0000,52.663226
S04,1712.0000,63.894993
S04,1713.0000,53.561650
S04,1714.0000,35.348738
S04,1715.0000,45.138375
S04,1716.0000,44.812746
S04,1717.0000,43.503924
S04,1718.0000,41.666746
S04,1719.0000,31.110694
S04,1720.0000,50.929408
S04,1721.0000,43.190972
S04,1722.0000,40.233064
S04,1723.0000,40.348667
S04,1724.0000,51.984980
S04,1725.0000,54.560022
S04,1726.0000,43.009549
S04,1727.0000,31.392498
S04,1728.0000,20.593906
S04,1729.0000,39.733200
S04,1730.0000,34.574297
S04,1731.0000,53.503233
S04,1732.0000,36.587372
S04,1733.0000,55.590367
S04,1734.0000,46.698318
S04,1735.0000,47.276362
S04,1736.0000,27.452086
S04,1737.0000,44.255840
S04,1738.0000,30.852712
S04,1739.0000,75.135718
S04,1740.0000,36.514219
S04,1741.0000,24.170491
S04,1742.0000,54.226484
S04,1743.0000,34.879779
S04,1744.0000,28.227519
S04,1745.0000,55.189981
S04,1746.0000,48.039083
S04,1747.0000,30.407035
S04,1748.0000,29.257933
S04,1749.0000,38.914721
S04,1750.0000,51.400006
S04,1751.0000,63.673753
S04,1752.0000,48.339555
S04,1753.0000,42.501682
S04,1754.0000,37.195836
S04,1755.0000,42.972151
S04,1756.0000,32.854058
S04,1757.0000,49.446328
S04,1758.0000,29.677271
S04,1759.0000,42.763779
S04,1760.0000,51.717510
S04,1761.0000,24.616904
S04,1762.0000,43.557778
S04,1763.0000,44.451490
S04,1764.0000,50.475354
S04,1765.0000,40.665280
S04,1766.0000,34.239077
S04,1767.0000,52.373590
S04,1768.0000,27.751057
S04,1769.0000,32.962336
S04,1770.0000,22.467496
S04,1771.0000,44.328114
S04,1772.0000,40.143009
S04,1773.0000,32.143456
S04,1774.0000,35.365938
S04,1775.0000,52.742919
S04,1776.0000,67.233870
S04,1777.0000,48.033729
S04,1778.0000,36.033559
S04,1779.0000,43.909015
S04,1780.0000,49.315105
S04,1781.0000,46.337820
S04,1782.0000,30.455709
S04,1783.0000,50.290955
S04,1784.0000,45.149924
S04,1785.0000,28.905895
S04,1786.0000,34.632952
S04,1787.0000,49.909478
S04,1788.0000,40.357155
S04,1789.0000,54.808917
S04,1790.0000,35.842391
S04,1791.0000,35.983768
S04,1792.0000,40.876587
S04,1793.0000,41.016936
S04,1794.0000,37.859255
S04,1795.0000,46.985474
S04,1796.0000,44.961039
S04,1797.0000,36.508729
S04,1798.0000,39.893398
S04,1799.0000,54.937659
S04,1800.0000,55.253491
S04,1801.0000,32.680313
S04,1802.0000,48.870700
S04,1803.0000,51.273037
S04,1804.0000,50.611525
S04,1805.0000,35.858629
S04,1806.0000,24.160880
S04,1807.0000,25.707061
S04,1808.0000,21.165406
S04,1809.0000,52.157088
S04,1810.0000,49.536450
S04,1811.0000,36.095711
S04,1812.0000,47.588567
S04,1813.0000,32.559934
S04,1814.0000,58.022019
S04,1815.0000,41.130681
S04,1816.0000,27.713029
S04,1817.0000,26.191933
S04,1818.0000,43.421684
S04,1819.0000,40.415420
S04,1820.0000,43.154975
S04,1821.0000,31.902667
S04,1822.0000,35.230686
S04,1823.0000,30.839294
S04,1824.0000,41.362321
S04,1825.0000,28.998765
S04,1826.0000,45.008785
S04,1827.0000,44.057381
S04,1828.0000,36.105439
S04,1829.0000,39.821752
S04,1830.0000,35.527790
S04,1831.0000,40.479168
S04,1832.0000,31.313671
S04,1833.0000,19.297917
S04,1834.0000,38.004668
S04,1835.0000,48.306009
S04,1836.0000,47.931381
S04,1837.0000,52.346241
S04,1838.0000,44.659577
S04,1839.0000,35.700792
S04,1840.0000,53.713068
S04,1841.0000,25.935726
S04,1842.0000,39.032184
S04,1843.0000,46.557018
S04,1844.0000,39.378892
S04,1845.0000,53.795601
S04,1846.0000,24.414817
S04,1847.0000,48.925575
S04,1848.0000,35.349651
S04,1849.0000,35.948070
S04,1850.0000,45.153174
S04,1851.0000,57.301843
S04,1852.0000,23.869502
S04,1853.0000,43.873030
S04,1854.0000,43.448614
S04,1855.0000,13.349296
S04,1856.0000,47.740409
S04,1857.0000,43.587618
S04,1858.0000,36.584942
S04,1859.0000,47.580270
S04,1860.0000,37.944771
S04,1861.0000,43.877745
S04,1862.0000,28.464700
S04,1863.0000,36.988037
S04,1864.0000,49.340200
S04,1865.0000,41.778228
S04,1866.0000,26.005656
S04,1867.0000,37.784604
S04,1868.0000,37.122752
S04,1869.0000,37.239074
S04,1870.0000,34.961358
S04,1871.0000,55.235878
S04,1872.0000,35.868584
S04,1873.0000,41.239572
S04,1874.0000,38.039059
S04,1875.0000,26.792688
S04,1876.0000,33.643874
S04,1877.0000,46.744784
S04,1878.0000,39.665589
S04,1879.0000,34.342377
S04,1880.0000,50.219620
S04,1881.0000,40.012235
S04,1882.0000,20.408107
S04,1883.0000,40.485606
S04,1884.0000,35.547491
S04,1885.0000,20.135141
S04,1886.0000,49.485452
S04,1887.0000,42.510729
S04,1888.0000,38.194250
S04,1889.0000,47.257145
S04,1890.0000,53.730928
S04,1891.0000,35.757863
S04,1892.0000,37.424052
S04,1893.0000,48.945698
S04,1894.0000,47.684161
S04,1895.0000,44.451613
S04,1896.0000,33.962091
S04,1897.0000,22.490732
S04,1898.0000,32.878772
S04,1899.0000,38.315574
S04,1900.0000,44.699303
S04,1901.0000,45.205196
S04,1902.0000,37.064526
S04,1903.0000,46.771361
S04,1904.0000,59.828079
S04,1905.0000,26.534413
S04,1906.0000,25.183845
S04,1907.0000,37.341317
S04,1908.0000,38.374774
S04,1909.0000,43.609246
S04,1910.0000,34.424197
S04,1911.0000,25.236718
S04,1912.0000,58.670028
S04,1913.0000,46.915906
S04,1914.0000,40.776501
S04,1915.0000,33.492726
S04,1916.0000,36.950232
S04,1917.0000,36.710251
S04,1918.0000,32.303897
S04,1919.0000,23.651897
S04,1920.0000,28.022670
S04,1921.0000,34.813199
S04,1922.0000,47.516623
S04,1923.0000,42.478261
S04,1924.0000,42.004189
S04,1925.0000,37.185065
S04,1926.0000,31.654884
S04,1927.0000,48.961110
S04,1928.0000,50.052996
S04,1929.0000,11.583730
S04,1930.0000,42.129099
S04,1931.0000,48.154583
S04,1932.0000,36.337310
S04,1933.0000,52.771718
S04,1934.0000,51.652026
S04,1935.0000,32.316355
S04,1936.0000,40.778629
S04,1937.0000,42.171010
S04,1938.0000,43.619245
S04,1939.0000,43.921009
S04,1940.0000,31.995312
S04,1941.0000,24.210033
S04,1942.0000,42.183760
S04,1943.0000,44.728635
S04,1944.0000,14.186473
S04,1945.0000,41.961568
S04,1946.0000,41.139305
S04,1947.0000,49.416497
S04,1948.0000,41.068680
S04,1949.0000,51.208178
S04,1950.0000,34.373484
S04,1951.0000,44.396341
S04,1952.0000,35.000187
S04,1953.0000,55.553379
S04,1954.0000,40.909798
S04,1955.0000,52.362975
S04,1956.0000,52.008293
S04,1957.0000,35.761487
S04,1958.0000,33.294092
S04,1959.0000,35.493845
S04,1960.0000,23.812817
S04,1961.0000,35.208335
S04,1962.0000,44.851772
S04,1963.0000,32.674785
S04,1964.0000,33.905091
S04,1965.0000,43.582464
S04,1966.0000,33.917854
S04,1967.0000,26.263602
S04,1968.0000,42.974875
S04,1969.0000,53.942133
S04,1970.0000,37.708296
S04,1971.0000,56.869266
S04,1972.0000,33.415785
S04,1973.0000,39.717740
S04,1974.0000,49.095853
S04,1975.0000,41.161341
S04,1976.0000,50.642995
S04,1977.0000,43.351309
S04,1978.0000,29.457389
S04,1979.0000,44.599240
S04,1980.0000,30.590804
S04,1981.0000,30.421031
S04,1982.0000,47.977994
S04,1983.0000,32.148738
S04,1984.0000,42.176138
S04,1985.0000,41.950212
S04,1986.0000,38.518417
S04,1987.0000,55.523122
S04,1988.0000,38.758422
S04,1989.0000,45.661973
S04,1990.0000,40.718331
S04,1991.0000,28.287146
S04,1992.0000,41.544774
S04,1993.0000,38.665168
S04,1994.0000,39.077143
S04,1995.0000,54.218446
S04,1996.0000,25.273205
S04,1997.0000,48.651585
S04,1998.0000,53.474158
S04,1999.0000,39.575585
S04,2000.0000,56.472373
S05,200.0000,62.087148
S05,201.0000,32.642846
S05,202.0000,31.429310
S05,203.0000,32.534453
S05,204.0000,40.084824
S05,205.0000,61.422055
S05,206.0000,28.874456
S05,207.0000,31.963753
S05,208.0000,65.024954
S05,209.0000,40.069242
S05,210.0000,30.574572
S05,211.0000,33.045447
S05,212.0000,47.147137
S05,213.0000,41.640273
S05,214.0000,28.807604
S05,215.0000,47.068849
S05,216.0000,44.657681
S05,217.0000,53.253442
S05,218.0000,49.123540
S05,219.0000,45.968843
S05,220.0000,48.695986
S05,221.0000,29.161718
S05,222.0000,48.596710
S05,223.0000,50.547637
S05,224.0000,46.607396
S05,225.0000,60.401113
S05,226.0000,39.291193
S05,227.0000,22.258204
S05,228.0000,24.182438
S05,229.0000,49.192364
S05,230.0000,51.611766
S05,231.0000,46.633850
S05,232.0000,41.657431
S05,233.0000,38.565388
S05,234.0000,21.697058
S05,235.0000,27.775224
S05,236.0000,41.525905
S05,237.0000,37.376947
S05,238.0000,27.394035
S05,239.0000,39.378784
S05,240.0000,43.352106
S05,241.0000,52.624580
S05,242.0000,20.124645
S05,243.0000,50.075213
S05,244.0000,45.871986
S05,245.0000,50.588009
S05,246.0000,36.361428
S05,247.0000,49.122009
S05,248.0000,28.084936
S05,249.0000,46.663187
S05,250.0000,30.987697
S05,251.0000,33.477677
S05,252.0000,40.685874
S05,253.0000,44.278603
S05,254.0000,37.454058
S05,255.0000,23.347566
S05,256.0000,27.744996
S05,257.0000,30.511538
S05,258.0000,46.235892
S05,259.0000,37.929120
S05,260.0000,40.609046
S05,261.0000,40.016564
S05,262.0000,31.955540
S05,263.0000,40.981616
S05,264.0000,26.905755
S05,265.0000,35.443556
S05,266.0000,48.617051
S05,267.0000,32.196268
S05,268.0000,39.240581
S05,269.0000,46.021558
S05,270.0000,34.860488
S05,271.0000,26.864054
S05,272.0000,45.536217
S05,273.0000,50.855689
S05,274.0000,47.334085
S05,275.0000,51.748448
S05,276.0000,38.677925
S05,277.0000,58.178904
S05,278.0000,43.099078
S05,279.0000,44.438404
S05,280.0000,23.918752
S05,281.0000,37.309551
S05,282.0000,29.218010
S05,283.0000,43.757361
S05,284.0000,44.362637
S05,285.0000,29.962819
S05,286.0000,34.884085
S05,287.0000,50.551328
S05,288.0000,27.154312
S05,289.0000,19.549978
S05,290.0000,34.442215
S05,291.0000,55.122887
S05,292.0000,40.932327
S05,293.0000,31.202852
S05,294.0000,43.494358
S05,295.0000,42.716055
S05,296.0000,41.681366
S05,297.0000,24.389015
S05,298.0000,30.898567
S05,299.0000,32.510428
S05,300.0000,36.002399
S05,301.0000,38.002031
S05,302.0000,43.105906
S05,303.0000,39.008512
S05,304.0000,38.557953
S05,305.0000,26.963511
S05,306.0000,30.109572
S05,307.0000,35.523857
S05,308.0000,41.062062
S05,309.0000,43.744400
S05,310.0000,53.501709
S05,311.0000,46.951039
S05,312.0000,45.944369
S05,313.0000,40.167479
S05,314.0000,45.201442
S05,315.0000,37.021618
S05,316.0000,37.346486
S05,317.0000,45.865208
S05,318.0000,29.064851
S05,319.0000,36.250460
S05,320.0000,36.227579
S05,321.0000,34.081395
S05,322.0000,39.330832
S05,323.0000,43.170210
S05,324.0000,40.763248
S05,325.0000,34.562922
S05,326.0000,42.188064
S05,327.0000,44.127220
S05,328.0000,27.042000
S05,329.0000,20.326311
S05,330.0000,35.210527
S05,331.0000,45.033578
S05,332.0000,39.400755
S05,333.0000,32.760705
S05,334.0000,44.267398
S05,335.0000,41.956022
S05,336.0000,43.369661
S05,337.0000,45.344967
S05,338.0000,20.377285
S05,339.0000,31.051196
S05,340.0000,27.081534
S05,341.0000,25.267014
S05,342.0000,25.900504
S05,343.0000,30.118699
S05,344.0000,40.303001
S05,345.0000,45.403760
S05,346.0000,36.710198
S05,347.0000,58.424246
S05,348.0000,43.184858
S05,349.0000,45.368268
S05,350.0000,36.623659
S05,351.0000,37.984710
S05,352.0000,47.176169
S05,353.0000,38.243593
S05,354.0000,41.303484
S05,355.0000,59.445134
S05,356.0000,45.003151
S05,357.0000,40.268324
S05,358.0000,40.726166
S05,359.0000,57.577155
S05,360.0000,28.091535
S05,361.0000,45.710985
S05,362.0000,48.623428
S05,363.0000,40.533257
S05,364.0000,47.492290
S05,365.0000,42.359088
S05,366.0000,63.449912
S05,367.0000,39.311107
S05,368.0000,34.110254
S05,369.0000,60.391119
S05,370.0000,52.425770
S05,371.0000,50.424776
S05,372.0000,35.489933
S05,373.0000,32.772708
S05,374.0000,38.327607
S05,375.0000,58.586933
S05,376.0000,23.810795
S05,377.0000,39.751708
S05,378.0000,42.411120
S05,379.0000,62.111474
S05,380.0000,41.648580
S05,381.0000,62.706593
S05,382.0000,41.127114
S05,383.0000,42.347003
S05,384.0000,39.624313
S05,385.0000,45.567408
S05,386.0000,32.653005
S05,387.0000,35.235320
S05,388.0000,46.785026
S05,389.0000,45.899564
S05,390.0000,32.727720
S05,391.0000,32.020404
S05,392.0000,41.718232
S05,393.0000,39.886930
S05,394.0000,47.950892
S05,395.0000,53.469985
S05,396.0000,34.154783
S05,397.0000,40.351786
S05,398.0000,41.710710
S05,399.0000,36.714364
S05,400.0000,44.000506
S05,401.0000,27.650772
S05,402.0000,35.746299
S05,403.0000,38.193366
S05,404.0000,57.840545
S05,405.0000,30.571211
S05,406.0000,44.272697
S05,407.0000,33.010673
S05,408.0000,38.010716
S05,409.0000,54.011001
S05,410.0000,45.430153
S05,411.0000,58.649819
S05,412.0000,53.494483
S05,413.0000,38.838064
S05,414.0000,46.732823
S05,415.0000,42.439015
S05,416.0000,40.095078
S05,417.0000,25.903615
S05,418.0000,37.364265
S05,419.0000,45.144488
S05,420.0000,45.408424
S05,421.0000,36.498420
S05,422.0000,40.786154
S05,423.0000,60.553237
S05,424.0000,30.973613
S05,425.0000,42.368168
S05,426.0000,33.645457
S05,427.0000,45.226004
S05,428.0000,38.284660
S05,429.0000,42.916024
S05,430.0000,48.805813
S05,431.0000,33.107732
S05,432.0000,33.245774
S05,433.0000,47.834162
S05,434.0000,45.275051
S05,435.0000,36.360976
S05,436.0000,44.030528
S05,437.0000,45.758355
S05,438.0000,41.896491
S05,439.0000,62.283666
S05,440.0000,37.527691
S05,441.0000,31.000360
S05,442.0000,34.705087
S05,443.0000,38.198912
S05,444.0000,34.330435
S05,445.0000,30.144273
S05,446.0000,30.275464
S05,447.0000,47.563219
S05,448.0000,39.077797
S05,449.0000,27.478847
S05,450.0000,41.753381
S05,451.0000,37.935698
S05,452.0000,48.125239
S05,453.0000,35.757058
S05,454.0000,33.896300
S05,455.0000,56.825473
S05,456.0000,24.363850
S05,457.0000,49.936196
S05,458.0000,39.630539
S05,459.0000,52.100759
S05,460.0000,47.176157
S05,461.0000,63.861296
S05,462.0000,48.230008
S05,463.0000,56.766554
S05,464.0000,59.895519
S05,465.0000,40.758162
S05,466.0000,38.359552
S05,467.0000,32.710803
S05,468.0000,40.287093
S05,469.0000,39.480488
S05,470.0000,33.241368
S05,471.0000,35.859802
S05,472.0000,43.577327
S05,473.0000,35.187471
S05,474.0000,62.683569
S05,475.0000,70.457994
S05,476.0000,50.611281
S05,477.0000,52.123159
S05,478.0000,48.622847
S05,479.0000,50.419289
S05,480.0000,36.506930
S05,481.0000,42.071860
S05,482.0000,30.913882
S05,483.0000,73.126284
S05,484.0000,35.604411
S05,485.0000,42.627644
S05,486.0000,30.468078
S05,487.0000,50.700410
S05,488.0000,47.920144
S05,489.0000,31.818356
S05,490.0000,42.611239
S05,491.0000,46.437429
S05,492.0000,25.560483
S05,493.0000,26.790691
S05,494.0000,45.457525
S05,495.0000,41.142174
S05,496.0000,16.486576
S05,497.0000,39.281808
S05,498.0000,25.684935
S05,499.0000,48.537897
S05,500.0000,46.813730
S05,501.0000,48.360646
S05,502.0000,48.663823
S05,503.0000,49.956784
S05,504.0000,46.479719
S05,505.0000,54.058688
S05,506.0000,52.465173
S05,507.0000,40.516191
S05,508.0000,36.406983
S05,509.0000,39.368508
S05,510.0000,28.244411
S05,511.0000,55.867382
S05,512.0000,48.336979
S05,513.0000,45.110318
S05,514.0000,62.280622
S05,515.0000,32.181479
S05,516.0000,50.345263
S05,517.0000,37.715826
S05,518.0000,34.208689
S05,519.0000,25.531854
S05,520.0000,60.352242
S05,521.0000,40.006700
S05,522.0000,58.713460
S05,523.0000,29.220625
S05,524.0000,44.858707
S05,525.0000,41.981246
S05,526.0000,26.749976
S05,527.0000,48.945821
S05,528.0000,43.747905
S05,529.0000,36.957934
S05,530.0000,36.636337
S05,531.0000,39.388590
S05,532.0000,58.173044
S05,533.0000,42.226969
S05,534.0000,52.250131
S05,535.0000,47.473418
S05,536.0000,40.112574
S05,537.0000,44.858662
S05,538.0000,40.461497
S05,539.0000,51.808458
S05,540.0000,42.822393
S05,541.0000,35.151608
S05,542.0000,48.088818
S05,543.0000,36.991932
S05,544.0000,41.896706
S05,545.0000,48.283783
S05,546.0000,31.440909
S05,547.0000,46.045622
S05,548.0000,47.354701
S05,549.0000,53.519018
S05,550.0000,51.467224
S05,551.0000,40.472085
S05,552.0000,31.139058
S05,553.0000,29.213167
S05,554.0000,59.749832
S05,555.0000,47.087004
S05,556.0000,47.260994
S05,557.0000,56.562547
S05,558.0000,50.397020
S05,559.0000,39.148158
S05,560.0000,41.265457
S05,561.0000,54.314755
S05,562.0000,69.751794
S05,563.0000,55.932369
S05,564.0000,46.090091
S05,565.0000,49.879953
S05,566.0000,38.733159
S05,567.0000,43.980193
S05,568.0000,45.616540
S05,569.0000,66.883190
S05,570.0000,44.741145
S05,571.0000,53.161275
S05,572.0000,43.738696
S05,573.0000,31.655460
S05,574.0000,55.094862
S05,575.0000,40.117286
S05,576.0000,43.617481
S05,577.0000,51.788125
S05,578.0000,44.065319
S05,579.0000,60.044690
S05,580.0000,47.941494
S05,581.0000,29.345713
S05,582.0000,55.744730
S05,583.0000,47.634371
S05,584.0000,55.020178
S05,585.0000,49.787186
S05,586.0000,53.294175
S05,587.0000,51.960599
S05,588.0000,52.027796
S05,589.0000,41.870780
S05,590.0000,60.133452
S05,591.0000,71.429383
S05,592.0000,63.637714
S05,593.0000,58.715402
S05,594.0000,67.520370
S05,595.0000,57.719487
S05,596.0000,46.938892
S05,597.0000,71.184280
S05,598.0000,64.783768
S05,599.0000,83.899331
S05,600.0000,55.097793
S05,601.0000,76.344545
S05,602.0000,48.743405
S05,603.0000,82.024300
S05,604.0000,114.345712
S05,605.0000,89.288337
S05,606.0000,94.804113
S05,607.0000,123.911799
S05,608.0000,124.266752
S05,609.0000,133.132782
S05,610.0000,128.875041
S05,611.0000,174.232934
S05,612.0000,185.740238
S05,613.0000,215.990555
S05,614.0000,235.726165
S05,615.0000,260.430571
S05,616.0000,331.679989
S05,617.0000,378.396590
S05,618.0000,395.760914
S05,619.0000,433.736015
S05,620.0000,449.443274
S05,621.0000,440.991740
S05,622.0000,417.204787
S05,623.0000,371.889526
S05,624.0000,308.522326
S05,625.0000,272.938728
S05,626.0000,254.980900
S05,627.0000,211.411217
S05,628.0000,184.243537
S05,629.0000,170.665591
S05,630.0000,149.192710
S05,631.0000,145.525797
S05,632.0000,117.623358
S05,633.0000,129.147008
S05,634.0000,119.149239
S05,635.0000,96.725920
S05,636.0000,92.931671
S05,637.0000,88.205039
S05,638.0000,86.497470
S05,639.0000,80.174650
S05,640.0000,77.386029
S05,641.0000,78.343247
S05,642.0000,78.077529
S05,643.0000,64.103939
S05,644.0000,69.507881
S05,645.0000,41.034916
S05,646.0000,50.712251
S05,647.0000,67.592224
S05,648.0000,59.699489
S05,649.0000,69.594722
S05,650.0000,71.283308
S05,651.0000,67.486660
S05,652.0000,53.943281
S05,653.0000,60.264032
S05,654.0000,55.450765
S05,655.0000,51.141937
S05,656.0000,56.726359
S05,657.0000,49.536719
S05,658.0000,59.349779
S05,659.0000,46.296401
S05,660.0000,62.805117
S05,661.0000,53.432818
S05,662.0000,60.654187
S05,663.0000,55.711676
S05,664.0000,63.065847
S05,665.0000,39.274557
S05,666.0000,52.722567
S05,667.0000,58.610284
S05,668.0000,34.351115
S05,669.0000,42.015923
S05,670.0000,42.884128
S05,671.0000,37.007487
S05,672.0000,40.445679
S05,673.0000,59.537896
S05,674.0000,40.985993
S05,675.0000,47.826663
S05,676.0000,31.264605
S05,677.0000,44.641038
S05,678.0000,56.851396
S05,679.0000,49.813321
S05,680.0000,43.426407
S05,681.0000,65.927472
S05,682.0000,56.119857
S05,683.0000,41.177926
S05,684.0000,71.522396
S05,685.0000,34.844471
S05,686.0000,30.716048
S05,687.0000,33.760922
S05,688.0000,36.618167
S05,689.0000,52.715232
S05,690.0000,41.006945
S05,691.0000,26.875262
S05,692.0000,51.014414
S05,693.0000,37.239478
S05,694.0000,34.094231
S05,695.0000,36.415333
S05,696.0000,34.937246
S05,697.0000,45.558940
S05,698.0000,53.448897
S05,699.0000,43.029623
S05,700.0000,40.672812
S05,701.0000,40.009973
S05,702.0000,52.140844
S05,703.0000,48.266241
S05,704.0000,42.531742
S05,705.0000,38.380624
S05,706.0000,39.566461
S05,707.0000,51.648115
S05,708.0000,38.057033
S05,709.0000,31.313779
S05,710.0000,55.239846
S05,711.0000,59.230542
S05,712.0000,47.284909
S05,713.0000,38.112078
S05,714.0000,47.446753
S05,715.0000,35.993573
S05,716.0000,47.637337
S05,717.0000,43.131552
S05,718.0000,40.690991
S05,719.0000,38.672748
S05,720.0000,41.838421
S05,721.0000,28.976417
S05,722.0000,56.303688
S05,723.0000,51.625023
S05,724.0000,56.891297
S05,725.0000,39.110417
S05,726.0000,43.931461
S05,727.0000,23.038237
S05,728.0000,47.649213
S05,729.0000,35.485551
S05,730.0000,38.583305
S05,731.0000,36.158543
S05,732.0000,36.678297
S05,733.0000,37.634811
S05,734.0000,41.315359
S05,735.0000,20.970445
S05,736.0000,48.060011
S05,737.0000,32.807819
S05,738.0000,45.617541
S05,739.0000,43.717712
S05,740.0000,45.093304
S05,741.0000,41.422314
S05,742.0000,39.975295
S05,743.0000,32.694988
S05,744.0000,37.330451
S05,745.0000,41.350724
S05,746.0000,33.277127
S05,747.0000,36.684447
S05,748.0000,27.019095
S05,749.0000,45.593204
S05,750.0000,51.765322
S05,751.0000,45.305231
S05,752.0000,38.981488
S05,753.0000,46.827007
S05,754.0000,48.340378
S05,755.0000,34.550203
S05,756.0000,52.415060
S05,757.0000,49.812561
S05,758.0000,48.525873
S05,759.0000,59.949594
S05,760.0000,44.784723
S05,761.0000,45.438367
S05,762.0000,67.539539
S05,763.0000,49.020224
S05,764.0000,29.939987
S05,765.0000,47.734136
S05,766.0000,44.478901
S05,767.0000,28.127107
S05,768.0000,34.735676
S05,769.0000,31.344954
S05,770.0000,40.965566
S05,771.0000,44.632610
S05,772.0000,43.087983
S05,773.0000,68.291626
S05,774.0000,60.434727
S05,775.0000,53.583352
S05,776.0000,49.697409
S05,777.0000,31.887560
S05,778.0000,51.820348
S05,779.0000,28.376417
S05,780.0000,24.190432
S05,781.0000,44.190407
S05,782.0000,39.921576
S05,783.0000,33.236824
S05,784.0000,70.572153
S05,785.0000,66.100790
S05,786.0000,43.375079
S05,787.0000,49.563870
S05,788.0000,27.604369
S05,789.0000,62.436922
S05,790.0000,53.710671
S05,791.0000,37.826097
S05,792.0000,47.037067
S05,793.0000,34.117989
S05,794.0000,50.875425
S05,795.0000,45.774886
S05,796.0000,49.938197
S05,797.0000,27.553988
S05,798.0000,36.512218
S05,799.0000,40.140736
S05,800.0000,38.927707
S05,801.0000,42.895466
S05,802.0000,39.517790
S05,803.0000,40.995147
S05,804.0000,58.700283
S05,805.0000,28.793060
S05,806.0000,58.545051
S05,807.0000,15.517258
S05,808.0000,46.497789
S05,809.0000,39.330082
S05,810.0000,37.576461
S05,811.0000,47.363496
S05,812.0000,48.500863
S05,813.0000,45.021512
S05,814.0000,36.601748
S05,815.0000,44.086806
S05,816.0000,47.445547
S05,817.0000,34.800487
S05,818.0000,55.910259
S05,819.0000,58.517366
S05,820.0000,44.386166
S05,821.0000,39.293339
S05,822.0000,43.182536
S05,823.0000,51.245188
S05,824.0000,54.712683
S05,825.0000,47.977503
S05,826.0000,44.219896
S05,827.0000,54.215283
S05,828.0000,40.586956
S05,829.0000,54.657016
S05,830.0000,32.973003
S05,831.0000,49.417831
S05,832.0000,50.755716
S05,833.0000,39.093386
S05,834.0000,23.799383
S05,835.0000,56.280091
S05,836.0000,47.579922
S05,837.0000,39.084926
S05,838.0000,53.038346
S05,839.0000,33.291530
S05,840.0000,31.837208
S05,841.0000,50.312977
S05,842.0000,64.774666
S05,843.0000,65.108917
S05,844.0000,48.605319
S05,845.0000,38.518243
S05,846.0000,45.364865
S05,847.0000,48.473933
S05,848.0000,47.530817
S05,849.0000,37.689929
S05,850.0000,37.091158
S05,851.0000,44.299290
S05,852.0000,57.957893
S05,853.0000,41.889307
S05,854.0000,51.764502
S05,855.0000,46.623683
S05,856.0000,39.795179
S05,857.0000,45.317963
S05,858.0000,52.222706
S05,859.0000,40.629757
S05,860.0000,41.577076
S05,861.0000,40.650420
S05,862.0000,36.216704
S05,863.0000,45.458214
S05,864.0000,50.829359
S05,865.0000,34.693630
S05,866.0000,31.168821
S05,867.0000,35.897080
S05,868.0000,52.654496
S05,869.0000,31.434719
S05,870.0000,34.062769
S05,871.0000,51.540446
S05,872.0000,50.662039
S05,873.0000,39.698820
S05,874.0000,40.758047
S05,875.0000,46.211187
S05,876.0000,37.560839
S05,877.0000,42.986852
S05,878.0000,37.145307
S05,879.0000,30.737135
S05,880.0000,20.699246
S05,881.0000,54.363579
S05,882.0000,48.716787
S05,883.0000,43.011553
S05,884.0000,50.625430
S05,885.0000,52.107641
S05,886.0000,10.866830
S05,887.0000,38.207922
S05,888.0000,46.677634
S05,889.0000,41.393546
S05,890.0000,39.717365
S05,891.0000,58.951688
S05,892.0000,35.669941
S05,893.0000,44.661882
S05,894.0000,39.355461
S05,895.0000,68.259687
S05,896.0000,53.031442
S05,897.0000,37.818756
S05,898.0000,74.482157
S05,899.0000,40.779325
S05,900.0000,40.233897
S05,901.0000,51.972892
S05,902.0000,38.871166
S05,903.0000,44.525850
S05,904.0000,33.753631
S05,905.0000,54.083101
S05,906.0000,36.962612
S05,907.0000,43.188486
S05,908.0000,56.322978
S05,909.0000,51.152387
S05,910.0000,59.500356
S05,911.0000,66.804341
S05,912.0000,43.676801
S05,913.0000,38.996103
S05,914.0000,27.775249
S05,915.0000,25.008427
S05,916.0000,41.440607
S05,917.0000,47.910062
S05,918.0000,55.452110
S05,919.0000,46.558165
S05,920.0000,41.475078
S05,921.0000,49.035416
S05,922.0000,50.095906
S05,923.0000,52.227723
S05,924.0000,51.027343
S05,925.0000,50.183064
S05,926.0000,68.451737
S05,927.0000,39.569086
S05,928.0000,65.979272
S05,929.0000,45.539563
S05,930.0000,47.429267
S05,931.0000,52.163942
S05,932.0000,37.270973
S05,933.0000,63.076056
S05,934.0000,48.594123
S05,935.0000,50.779823
S05,936.0000,42.631412
S05,937.0000,60.191340
S05,938.0000,52.582774
S05,939.0000,65.913909
S05,940.0000,57.008655
S05,941.0000,66.942723
S05,942.0000,59.535783
S05,943.0000,61.985578
S05,944.0000,50.859120
S05,945.0000,55.489427
S05,946.0000,49.270351
S05,947.0000,57.755201
S05,948.0000,45.080758
S05,949.0000,49.380809
S05,950.0000,50.733301
S05,951.0000,60.273558
S05,952.0000,54.028919
S05,953.0000,59.477946
S05,954.0000,58.995906
S05,955.0000,62.777506
S05,956.0000,59.794397
S05,957.0000,51.787726
S05,958.0000,68.019621
S05,959.0000,49.111865
S05,960.0000,54.317528
S05,961.0000,57.281473
S05,962.0000,95.262751
S05,963.0000,64.238713
S05,964.0000,75.487403
S05,965.0000,78.607744
S05,966.0000,78.436786
S05,967.0000,78.874352
S05,968.0000,58.710628
S05,969.0000,73.023490
S05,970.0000,85.067595
S05,971.0000,76.304691
S05,972.0000,93.043423
S05,973.0000,83.355203
S05,974.0000,82.908654
S05,975.0000,93.879359
S05,976.0000,83.045528
S05,977.0000,107.233944
S05,978.0000,97.791240
S05,979.0000,114.890079
S05,980.0000,128.408882
S05,981.0000,139.417599
S05,982.0000,143.732919
S05,983.0000,155.971120
S05,984.0000,164.773780
S05,985.0000,173.898220
S05,986.0000,187.204220
S05,987.0000,196.655544
S05,988.0000,230.091807
S05,989.0000,238.785875
S05,990.0000,276.787583
S05,991.0000,313.924448
S05,992.0000,359.048114
S05,993.0000,395.460154
S05,994.0000,468.239815
S05,995.0000,541.259128
S05,996.0000,617.078282
S05,997.0000,720.280001
S05,998.0000,828.901906
S05,999.0000,935.884875
S05,1000.0000,998.453545
S05,1001.0000,1032.908335
S05,1002.0000,994.748169
S05,1003.0000,938.713108
S05,1004.0000,829.451204
S05,1005.0000,724.178175
S05,1006.0000,660.546883
S05,1007.0000,559.988804
S05,1008.0000,497.874508
S05,1009.0000,414.245145
S05,1010.0000,375.877301
S05,1011.0000,338.390932
S05,1012.0000,320.408435
S05,1013.0000,285.095909
S05,1014.0000,270.590836
S05,1015.0000,270.370288
S05,1016.0000,248.175653
S05,1017.0000,250.900935
S05,1018.0000,247.339033
S05,1019.0000,256.004509
S05,1020.0000,239.858247
S05,1021.0000,264.753812
S05,1022.0000,258.325468
S05,1023.0000,309.948392
S05,1024.0000,323.709597
S05,1025.0000,382.085161
S05,1026.0000,421.156005
S05,1027.0000,469.977277
S05,1028.0000,511.532167
S05,1029.0000,556.464769
S05,1030.0000,603.328371
S05,1031.0000,613.357527
S05,1032.0000,589.355079
S05,1033.0000,549.281161
S05,1034.0000,503.452483
S05,1035.0000,436.470967
S05,1036.0000,391.107307
S05,1037.0000,334.761369
S05,1038.0000,283.734636
S05,1039.0000,243.769042
S05,1040.0000,229.006871
S05,1041.0000,215.614751
S05,1042.0000,171.342251
S05,1043.0000,164.549021
S05,1044.0000,156.001893
S05,1045.0000,152.070295
S05,1046.0000,139.203028
S05,1047.0000,140.000948
S05,1048.0000,117.274142
S05,1049.0000,112.964897
S05,1050.0000,107.806830
S05,1051.0000,81.300623
S05,1052.0000,106.254976
S05,1053.0000,87.381836
S05,1054.0000,95.226052
S05,1055.0000,84.653041
S05,1056.0000,95.906994
S05,1057.0000,70.058795
S05,1058.0000,86.972300
S05,1059.0000,79.396078
S05,1060.0000,75.734268
S05,1061.0000,65.896479
S05,1062.0000,49.477678
S05,1063.0000,63.956900
S05,1064.0000,47.579698
S05,1065.0000,69.609856
S05,1066.0000,60.667221
S05,1067.0000,64.329942
S05,1068.0000,68.002764
S05,1069.0000,69.059010
S05,1070.0000,71.373821
S05,1071.0000,63.801311
S05,1072.0000,55.633061
S05,1073.0000,52.972447
S05,1074.0000,64.121057
S05,1075.0000,60.701059
S05,1076.0000,72.272255
S05,1077.0000,43.860065
S05,1078.0000,66.346270
S05,1079.0000,63.994597
S05,1080.0000,42.964770
S05,1081.0000,39.612188
S05,1082.0000,37.310959
S05,1083.0000,66.654275
S05,1084.0000,61.917665
S05,1085.0000,53.444489
S05,1086.0000,35.335081
S05,1087.0000,41.319700
S05,1088.0000,42.497421
S05,1089.0000,63.000762
S05,1090.0000,66.248248
S05,1091.0000,56.696990
S05,1092.0000,69.927467
S05,1093.0000,55.640844
S05,1094.0000,50.927367
S05,1095.0000,46.942605
S05,1096.0000,57.837430
S05,1097.0000,69.946536
S05,1098.0000,56.551210
S05,1099.0000,60.392592
S05,1100.0000,37.109441
S05,1101.0000,41.455406
S05,1102.0000,37.773028
S05,1103.0000,69.895158
S05,1104.0000,56.975807
S05,1105.0000,54.741513
S05,1106.0000,50.858452
S05,1107.0000,51.273260
S05,1108.0000,40.702633
S05,1109.0000,58.381644
S05,1110.0000,55.600743
S05,1111.0000,54.577933
S05,1112.0000,59.026033
S05,1113.0000,47.094420
S05,1114.0000,44.791369
S05,1115.0000,67.602843
S05,1116.0000,48.144953
S05,1117.0000,38.398309
S05,1118.0000,43.117695
S05,1119.0000,51.052426
S05,1120.0000,48.223016
S05,1121.0000,54.321230
S05,1122.0000,61.649937
S05,1123.0000,60.328481
S05,1124.0000,48.455405
S05,1125.0000,52.495097
S05,1126.0000,69.769223
S05,1127.0000,55.214818
S05,1128.0000,51.478049
S05,1129.0000,48.533087
S05,1130.0000,49.535318
S05,1131.0000,58.054246
S05,1132.0000,59.794495
S05,1133.0000,60.911219
S05,1134.0000,49.596884
S05,1135.0000,61.637216
S05,1136.0000,78.131018
S05,1137.0000,59.570680
S05,1138.0000,68.763863
S05,1139.0000,59.814731
S05,1140.0000,96.619331
S05,1141.0000,85.993441
S05,1142.0000,82.717763
S05,1143.0000,88.143241
S05,1144.0000,93.313205
S05,1145.0000,109.936986
S05,1146.0000,109.146920
S05,1147.0000,116.776237
S05,1148.0000,150.764210
S05,1149.0000,149.857027
S05,1150.0000,159.527535
S05,1151.0000,183.155670
S05,1152.0000,224.120924
S05,1153.0000,244.304470
S05,1154.0000,264.925022
S05,1155.0000,254.539289
S05,1156.0000,250.121237
S05,1157.0000,233.760832
S05,1158.0000,214.765794
S05,1159.0000,184.114898
S05,1160.0000,160.475449
S05,1161.0000,148.976299
S05,1162.0000,123.266214
S05,1163.0000,130.984964
S05,1164.0000,124.580220
S05,1165.0000,90.745810
S05,1166.0000,98.441359
S05,1167.0000,84.365513
S05,1168.0000,80.957395
S05,1169.0000,81.281338
S05,1170.0000,65.450956
S05,1171.0000,72.916503
S05,1172.0000,73.827027
S05,1173.0000,54.639688
S05,1174.0000,53.126095
S05,1175.0000,64.261715
S05,1176.0000,71.133056
S05,1177.0000,40.899383
S05,1178.0000,62.580721
S05,1179.0000,59.211917
S05,1180.0000,36.998436
S05,1181.0000,54.745842
S05,1182.0000,45.656030
S05,1183.0000,63.527718
S05,1184.0000,57.383952
S05,1185.0000,58.036468
S05,1186.0000,47.603057
S05,1187.0000,54.716457
S05,1188.0000,43.063884
S05,1189.0000,43.961974
S05,1190.0000,46.370242
S05,1191.0000,61.061203
S05,1192.0000,54.674908
S05,1193.0000,23.258632
S05,1194.0000,53.116468
S05,1195.0000,23.231661
S05,1196.0000,48.785439
S05,1197.0000,42.040416
S05,1198.0000,52.627694
S05,1199.0000,54.004794
S05,1200.0000,47.752036
S05,1201.0000,38.945170
S05,1202.0000,42.616366
S05,1203.0000,51.170480
S05,1204.0000,43.521297
S05,1205.0000,36.105748
S05,1206.0000,59.838437
S05,1207.0000,32.262902
S05,1208.0000,59.088824
S05,1209.0000,44.025813
S05,1210.0000,39.557079
S05,1211.0000,44.060722
S05,1212.0000,66.570414
S05,1213.0000,31.744882
S05,1214.0000,53.903583
S05,1215.0000,68.193959
S05,1216.0000,33.396106
S05,1217.0000,40.413411
S05,1218.0000,49.796258
S05,1219.0000,36.559318
S05,1220.0000,41.290846
S05,1221.0000,27.251190
S05,1222.0000,36.078696
S05,1223.0000,25.903315
S05,1224.0000,48.964418
S05,1225.0000,44.974221
S05,1226.0000,62.217176
S05,1227.0000,54.701307
S05,1228.0000,26.920962
S05,1229.0000,15.521162
S05,1230.0000,38.329744
S05,1231.0000,45.746721
S05,1232.0000,49.621442
S05,1233.0000,28.995584
S05,1234.0000,49.243547
S05,1235.0000,49.188582
S05,1236.0000,30.558964
S05,1237.0000,36.615351
S05,1238.0000,57.658027
S05,1239.0000,68.582220
S05,1240.0000,36.969402
S05,1241.0000,42.131916
S05,1242.0000,32.884647
S05,1243.0000,45.391143
S05,1244.0000,33.246127
S05,1245.0000,55.599233
S05,1246.0000,57.274344
S05,1247.0000,38.064799
S05,1248.0000,47.962917
S05,1249.0000,55.976831
S05,1250.0000,39.801326
S05,1251.0000,40.557041
S05,1252.0000,39.703861
S05,1253.0000,44.573935
S05,1254.0000,18.093882
S05,1255.0000,53.228859
S05,1256.0000,18.864607
S05,1257.0000,48.742862
S05,1258.0000,46.568913
S05,1259.0000,46.136776
S05,1260.0000,34.854781
S05,1261.0000,29.683631
S05,1262.0000,25.922031
S05,1263.0000,53.373004
S05,1264.0000,29.528957
S05,1265.0000,43.116687
S05,1266.0000,46.392390
S05,1267.0000,36.831651
S05,1268.0000,48.991549
S05,1269.0000,44.352462
S05,1270.0000,52.229992
S05,1271.0000,60.272154
S05,1272.0000,30.228273
S05,1273.0000,52.294046
S05,1274.0000,35.485828
S05,1275.0000,45.821130
S05,1276.0000,56.349874
S05,1277.0000,28.027817
S05,1278.0000,31.484793
S05,1279.0000,30.340911
S05,1280.0000,51.149660
S05,1281.0000,36.118902
S05,1282.0000,30.696040
S05,1283.0000,36.491890
S05,1284.0000,43.713054
S05,1285.0000,46.667168
S05,1286.0000,41.948926
S05,1287.0000,27.413261
S05,1288.0000,61.251209
S05,1289.0000,49.211502
S05,1290.0000,29.861579
S05,1291.0000,33.966206
S05,1292.0000,38.277431
S05,1293.0000,31.940291
S05,1294.0000,30.383059
S05,1295.0000,36.658888
S05,1296.0000,41.125133
S05,1297.0000,30.413370
S05,1298.0000,62.834455
S05,1299.0000,51.316630
S05,1300.0000,33.272366
S05,1301.0000,38.076046
S05,1302.0000,40.986623
S05,1303.0000,55.932905
S05,1304.0000,42.853126
S05,1305.0000,49.377702
S05,1306.0000,44.607691
S05,1307.0000,25.110062
S05,1308.0000,32.990705
S05,1309.0000,36.845696
S05,1310.0000,54.191230
S05,1311.0000,48.905263
S05,1312.0000,40.761862
S05,1313.0000,34.547582
S05,1314.0000,47.938053
S05,1315.0000,38.272111
S05,1316.0000,43.173528
S05,1317.0000,33.637731
S05,1318.0000,48.953323
S05,1319.0000,16.570644
S05,1320.0000,41.583208
S05,1321.0000,26.067636
S05,1322.0000,27.981404
S05,1323.0000,48.588872
S05,1324.0000,46.863861
S05,1325.0000,54.892344
S05,1326.0000,28.810107
S05,1327.0000,52.460553
S05,1328.0000,46.479447
S05,1329.0000,50.574466
S05,1330.0000,29.817192
S05,1331.0000,49.329583
S05,1332.0000,48.106008
S05,1333.0000,40.353537
S05,1334.0000,44.575674
S05,1335.0000,40.888306
S05,1336.0000,32.555313
S05,1337.0000,47.642823
S05,1338.0000,39.772644
S05,1339.0000,46.482846
S05,1340.0000,54.304445
S05,1341.0000,68.605736
S05,1342.0000,50.594053
S05,1343.0000,51.678961
S05,1344.0000,43.927142
S05,1345.0000,45.693349
S05,1346.0000,35.622700
S05,1347.0000,43.322892
S05,1348.0000,39.130830
S05,1349.0000,56.627873
S05,1350.0000,42.212000
S05,1351.0000,57.572611
S05,1352.0000,39.477088
S05,1353.0000,41.452187
S05,1354.0000,47.051319
S05,1355.0000,27.458483
S05,1356.0000,43.302850
S05,1357.0000,29.292704
S05,1358.0000,44.933381
S05,1359.0000,54.153940
S05,1360.0000,42.187474
S05,1361.0000,53.936137
S05,1362.0000,35.905364
S05,1363.0000,40.948588
S05,1364.0000,41.759585
S05,1365.0000,40.047722
S05,1366.0000,38.813971
S05,1367.0000,42.469119
S05,1368.0000,46.312269
S05,1369.0000,40.752783
S05,1370.0000,44.954995
S05,1371.0000,39.957088
S05,1372.0000,41.565441
S05,1373.0000,41.862126
S05,1374.0000,55.719857
S05,1375.0000,43.937913
S05,1376.0000,52.726626
S05,1377.0000,27.937889
S05,1378.0000,54.140101
S05,1379.0000,31.470008
S05,1380.0000,30.462387
S05,1381.0000,30.148395
S05,1382.0000,27.798892
S05,1383.0000,43.702384
S05,1384.0000,44.041035
S05,1385.0000,51.226894
S05,1386.0000,49.529119
S05,1387.0000,42.849322
S05,1388.0000,47.592829
S05,1389.0000,42.858689
S05,1390.0000,48.172057
S05,1391.0000,44.656168
S05,1392.0000,51.931028
S05,1393.0000,43.130159
S05,1394.0000,48.134657
S05,1395.0000,37.997049
S05,1396.0000,32.365656
S05,1397.0000,43.615050
S05,1398.0000,44.612283
S05,1399.0000,63.310748
S05,1400.0000,68.099567
S05,1401.0000,41.034587
S05,1402.0000,26.337160
S05,1403.0000,38.196719
S05,1404.0000,45.247520
S05,1405.0000,31.442428
S05,1406.0000,34.963830
S05,1407.0000,57.774156
S05,1408.0000,64.137339
S05,1409.0000,43.809788
S05,1410.0000,34.867292
S05,1411.0000,47.494757
S05,1412.0000,69.632638
S05,1413.0000,49.772840
S05,1414.0000,63.866065
S05,1415.0000,54.511943
S05,1416.0000,62.922078
S05,1417.0000,45.067892
S05,1418.0000,50.298452
S05,1419.0000,37.575737
S05,1420.0000,60.449681
S05,1421.0000,51.141704
S05,1422.0000,50.220402
S05,1423.0000,69.001532
S05,1424.0000,69.191711
S05,1425.0000,61.051750
S05,1426.0000,74.975856
S05,1427.0000,57.733097
S05,1428.0000,60.013145
S05,1429.0000,74.739859
S05,1430.0000,81.288925
S05,1431.0000,79.422410
S05,1432.0000,83.397182
S05,1433.0000,92.105714
S05,1434.0000,91.511383
S05,1435.0000,89.924559
S05,1436.0000,94.648714
S05,1437.0000,105.856477
S05,1438.0000,125.808463
S05,1439.0000,124.136473
S05,1440.0000,147.534220
S05,1441.0000,159.681162
S05,1442.0000,195.287842
S05,1443.0000,211.227764
S05,1444.0000,247.435519
S05,1445.0000,276.070289
S05,1446.0000,306.403434
S05,1447.0000,353.679942
S05,1448.0000,399.388418
S05,1449.0000,423.265804
S05,1450.0000,414.278275
S05,1451.0000,432.538820
S05,1452.0000,400.455420
S05,1453.0000,350.692633
S05,1454.0000,314.969065
S05,1455.0000,290.891814
S05,1456.0000,223.996403
S05,1457.0000,196.140479
S05,1458.0000,164.052971
S05,1459.0000,155.237504
S05,1460.0000,141.992154
S05,1461.0000,143.211738
S05,1462.0000,117.783998
S05,1463.0000,110.202460
S05,1464.0000,106.783832
S05,1465.0000,87.073552
S05,1466.0000,99.794143
S05,1467.0000,79.793470
S05,1468.0000,94.135289
S05,1469.0000,84.573523
S05,1470.0000,81.365305
S05,1471.0000,76.080105
S05,1472.0000,64.242852
S05,1473.0000,72.576616
S05,1474.0000,77.158155
S05,1475.0000,71.614292
S05,1476.0000,47.746008
S05,1477.0000,62.063263
S05,1478.0000,60.041117
S05,1479.0000,75.700124
S05,1480.0000,52.801568
S05,1481.0000,66.440360
S05,1482.0000,37.501967
S05,1483.0000,69.337431
S05,1484.0000,52.406280
S05,1485.0000,26.189068
S05,1486.0000,62.187228
S05,1487.0000,41.700671
S05,1488.0000,61.901227
S05,1489.0000,47.949000
S05,1490.0000,42.434359
S05,1491.0000,56.826876
S05,1492.0000,42.359984
S05,1493.0000,48.803088
S05,1494.0000,50.984785
S05,1495.0000,58.411111
S05,1496.0000,49.445891
S05,1497.0000,65.852975
S05,1498.0000,38.820274
S05,1499.0000,41.287159
S05,1500.0000,63.556146
S05,1501.0000,35.959037
S05,1502.0000,41.121301
S05,1503.0000,47.817722
S05,1504.0000,45.845733
S05,1505.0000,49.671858
S05,1506.0000,61.617418
S05,1507.0000,33.658604
S05,1508.0000,42.981240
S05,1509.0000,50.981765
S05,1510.0000,51.159591
S05,1511.0000,57.117990
S05,1512.0000,42.394590
S05,1513.0000,44.872985
S05,1514.0000,48.908164
S05,1515.0000,50.424971
S05,1516.0000,60.741344
S05,1517.0000,46.748036
S05,1518.0000,41.654729
S05,1519.0000,54.779633
S05,1520.0000,43.778594
S05,1521.0000,55.302389
S05,1522.0000,56.028449
S05,1523.0000,38.553258
S05,1524.0000,62.071807
S05,1525.0000,46.523750
S05,1526.0000,43.031948
S05,1527.0000,39.448628
S05,1528.0000,39.390490
S05,1529.0000,45.691838
S05,1530.0000,27.081663
S05,1531.0000,49.710215
S05,1532.0000,44.471734
S05,1533.0000,46.574024
S05,1534.0000,39.429929
S05,1535.0000,76.310128
S05,1536.0000,62.816250
S05,1537.0000,72.483574
S05,1538.0000,46.763249
S05,1539.0000,37.456272
S05,1540.0000,53.657507
S05,1541.0000,56.954781
S05,1542.0000,56.295430
S05,1543.0000,56.477387
S05,1544.0000,64.826661
S05,1545.0000,59.681847
S05,1546.0000,62.659976
S05,1547.0000,42.619793
S05,1548.0000,53.295400
S05,1549.0000,41.952015
S05,1550.0000,77.176682
S05,1551.0000,71.721882
S05,1552.0000,60.400146
S05,1553.0000,86.787264
S05,1554.0000,40.603312
S05,1555.0000,59.348064
S05,1556.0000,61.092974
S05,1557.0000,61.632998
S05,1558.0000,56.558228
S05,1559.0000,71.425008
S05,1560.0000,75.216793
S05,1561.0000,55.436503
S05,1562.0000,61.773585
S05,1563.0000,75.196093
S05,1564.0000,84.764405
S05,1565.0000,82.961655
S05,1566.0000,95.473218
S05,1567.0000,93.968349
S05,1568.0000,99.614253
S05,1569.0000,118.541655
S05,1570.0000,110.548591
S05,1571.0000,133.140432
S05,1572.0000,141.470772
S05,1573.0000,151.371543
S05,1574.0000,185.778003
S05,1575.0000,175.153743
S05,1576.0000,220.181507
S05,1577.0000,244.664551
S05,1578.0000,268.163679
S05,1579.0000,307.115181
S05,1580.0000,326.740199
S05,1581.0000,374.113101
S05,1582.0000,403.699416
S05,1583.0000,404.351699
S05,1584.0000,407.831547
S05,1585.0000,384.160160
S05,1586.0000,371.209508
S05,1587.0000,355.508763
S05,1588.0000,338.803467
S05,1589.0000,304.485851
S05,1590.0000,289.646736
S05,1591.0000,301.597386
S05,1592.0000,284.448066
S05,1593.0000,317.003969
S05,1594.0000,331.441814
S05,1595.0000,357.493646
S05,1596.0000,411.757709
S05,1597.0000,438.313160
S05,1598.0000,490.587540
S05,1599.0000,556.159229
S05,1600.0000,604.163585
S05,1601.0000,638.422932
S05,1602.0000,674.765831
S05,1603.0000,648.270438
S05,1604.0000,611.645945
S05,1605.0000,551.968566
S05,1606.0000,481.146808
S05,1607.0000,421.822762
S05,1608.0000,368.568197
S05,1609.0000,312.263017
S05,1610.0000,276.051260
S05,1611.0000,245.193220
S05,1612.0000,223.939661
S05,1613.0000,181.092514
S05,1614.0000,163.817280
S05,1615.0000,168.302509
S05,1616.0000,138.053891
S05,1617.0000,122.101770
S05,1618.0000,122.857898
S05,1619.0000,114.833491
S05,1620.0000,106.112523
S05,1621.0000,110.371546
S05,1622.0000,89.609152
S05,1623.0000,96.284514
S05,1624.0000,92.417635
S05,1625.0000,99.226773
S05,1626.0000,99.004409
S05,1627.0000,79.500140
S05,1628.0000,76.291222
S05,1629.0000,79.096547
S05,1630.0000,68.890086
S05,1631.0000,64.090759
S05,1632.0000,80.113969
S05,1633.0000,74.215154
S05,1634.0000,74.105961
S05,1635.0000,53.296476
S05,1636.0000,52.203587
S05,1637.0000,53.071419
S05,1638.0000,43.764395
S05,1639.0000,58.759584
S05,1640.0000,56.499821
S05,1641.0000,46.662548
S05,1642.0000,56.855211
S05,1643.0000,55.183768
S05,1644.0000,52.181828
S05,1645.0000,36.580558
S05,1646.0000,59.017082
S05,1647.0000,44.167947
S05,1648.0000,52.574498
S05,1649.0000,61.047453
S05,1650.0000,54.905798
S05,1651.0000,37.959379
S05,1652.0000,62.579305
S05,1653.0000,37.791126
S05,1654.0000,58.505513
S05,1655.0000,49.944598
S05,1656.0000,36.626696
S05,1657.0000,43.134645
S05,1658.0000,50.262193
S05,1659.0000,65.138523
S05,1660.0000,38.347907
S05,1661.0000,30.217335
S05,1662.0000,47.633046
S05,1663.0000,47.331452
S05,1664.0000,45.151651
S05,1665.0000,55.987966
S05,1666.0000,58.285474
S05,1667.0000,37.846876
S05,1668.0000,50.881131
S05,1669.0000,49.978441
S05,1670.0000,44.616775
S05,1671.0000,73.830527
S05,1672.0000,45.002028
S05,1673.0000,56.002578
S05,1674.0000,28.888559
S05,1675.0000,54.367468
S05,1676.0000,38.141634
S05,1677.0000,65.667108
S05,1678.0000,37.342920
S05,1679.0000,37.526673
S05,1680.0000,42.908123
S05,1681.0000,40.860679
S05,1682.0000,51.599289
S05,1683.0000,44.068723
S05,1684.0000,43.380484
S05,1685.0000,52.438329
S05,1686.0000,35.131364
S05,1687.0000,53.239272
S05,1688.0000,36.351525
S05,1689.0000,30.641304
S05,1690.0000,26.853164
S05,1691.0000,37.566069
S05,1692.0000,39.622959
S05,1693.0000,52.908259
S05,1694.0000,38.643824
S05,1695.0000,49.953542
S05,1696.0000,38.027152
S05,1697.0000,62.473690
S05,1698.0000,21.462541
S05,1699.0000,24.776053
S05,1700.0000,43.122388
S05,1701.0000,61.699292
S05,1702.0000,55.986865
S05,1703.0000,50.863947
S05,1704.0000,55.823130
S05,1705.0000,54.576307
S05,1706.0000,39.509595
S05,1707.0000,62.831850
S05,1708.0000,57.367822
S05,1709.0000,42.521163
S05,1710.0000,40.061861
S05,1711.0000,33.423949
S05,1712.0000,23.455933
S05,1713.0000,59.496477
S05,1714.0000,46.907635
S05,1715.0000,30.149599
S05,1716.0000,33.444682
S05,1717.0000,37.887887
S05,1718.0000,49.802410
S05,1719.0000,26.419498
S05,1720.0000,30.246448
S05,1721.0000,32.197291
S05,1722.0000,54.221436
S05,1723.0000,21.514224
S05,1724.0000,44.683075
S05,1725.0000,42.214382
S05,1726.0000,50.590034
S05,1727.0000,34.703732
S05,1728.0000,37.579312
S05,1729.0000,41.676724
S05,1730.0000,41.853208
S05,1731.0000,32.234935
S05,1732.0000,49.009376
S05,1733.0000,36.141423
S05,1734.0000,36.413777
S05,1735.0000,42.469839
S05,1736.0000,48.869507
S05,1737.0000,56.536082
S05,1738.0000,49.639787
S05,1739.0000,52.985769
S05,1740.0000,57.151290
S05,1741.0000,40.135710
S05,1742.0000,39.214151
S05,1743.0000,51.318347
S05,1744.0000,68.283707
S05,1745.0000,42.040341
S05,1746.0000,57.396471
S05,1747.0000,39.130019
S05,1748.0000,38.346326
S05,1749.0000,30.981966
S05,1750.0000,43.316098
S05,1751.0000,64.330468
S05,1752.0000,46.675532
S05,1753.0000,50.593807
S05,1754.0000,44.064867
S05,1755.0000,33.705391
S05,1756.0000,40.622484
S05,1757.0000,42.893404
S05,1758.0000,36.435808
S05,1759.0000,53.050435
S05,1760.0000,29.927776
S05,1761.0000,41.622852
S05,1762.0000,26.786397
S05,1763.0000,42.718076
S05,1764.0000,51.251468
S05,1765.0000,52.075339
S05,1766.0000,39.518283
S05,1767.0000,41.848480
S05,1768.0000,25.267548
S05,1769.0000,44.850934
S05,1770.0000,41.284849
S05,1771.0000,42.243961
S05,1772.0000,45.788980
S05,1773.0000,35.982087
S05,1774.0000,57.523483
S05,1775.0000,47.220933
S05,1776.0000,27.596837
S05,1777.0000,36.092525
S05,1778.0000,45.757807
S05,1779.0000,46.547612
S05,1780.0000,64.090601
S05,1781.0000,35.621992
S05,1782.0000,36.501013
S05,1783.0000,20.105703
S05,1784.0000,48.488451
S05,1785.0000,55.544983
S05,1786.0000,50.191864
S05,1787.0000,43.708240
S05,1788.0000,39.764946
S05,1789.0000,43.786363
S05,1790.0000,32.491671
S05,1791.0000,36.081003
S05,1792.0000,40.602198
S05,1793.0000,47.829420
S05,1794.0000,44.551276
S05,1795.0000,61.119282
S05,1796.0000,44.212414
S05,1797.0000,26.939114
S05,1798.0000,31.171306
S05,1799.0000,60.482131
S05,1800.0000,46.051392
S05,1801.0000,35.311683
S05,1802.0000,41.214958
S05,1803.0000,56.986156
S05,1804.0000,41.675894
S05,1805.0000,43.577069
S05,1806.0000,52.592598
S05,1807.0000,41.034605
S05,1808.0000,40.771919
S05,1809.0000,44.641812
S05,1810.0000,51.246876
S05,1811.0000,35.411236
S05,1812.0000,42.938282
S05,1813.0000,54.655188
S05,1814.0000,28.273198
S05,1815.0000,32.197151
S05,1816.0000,53.519882
S05,1817.0000,55.614627
S05,1818.0000,44.407927
S05,1819.0000,45.120827
S05,1820.0000,48.588576
S05,1821.0000,47.738313
S05,1822.0000,58.493565
S05,1823.0000,33.584531
S05,1824.0000,41.454766
S05,1825.0000,41.606431
S05,1826.0000,22.490779
S05,1827.0000,39.834845
S05,1828.0000,50.184540
S05,1829.0000,35.446757
S05,1830.0000,50.447483
S05,1831.0000,33.568346
S05,1832.0000,34.895028
S05,1833.0000,42.580519
S05,1834.0000,44.236814
S05,1835.0000,45.731633
S05,1836.0000,39.725518
S05,1837.0000,46.013056
S05,1838.0000,32.057003
S05,1839.0000,40.919105
S05,1840.0000,32.865849
S05,1841.0000,41.509319
S05,1842.0000,37.660395
S05,1843.0000,41.037141
S05,1844.0000,43.712296
S05,1845.0000,37.857646
S05,1846.0000,34.191875
S05,1847.0000,45.050868
S05,1848.0000,31.806507
S05,1849.0000,19.001752
S05,1850.0000,52.082726
S05,1851.0000,26.368150
S05,1852.0000,48.187018
S05,1853.0000,44.027359
S05,1854.0000,16.843558
S05,1855.0000,39.563332
S05,1856.0000,29.989911
S05,1857.0000,58.654651
S05,1858.0000,42.431852
S05,1859.0000,33.589867
S05,1860.0000,12.882101
S05,1861.0000,46.505206
S05,1862.0000,34.995438
S05,1863.0000,24.664109
S05,1864.0000,53.919146
S05,1865.0000,24.860481
S05,1866.0000,48.992991
S05,1867.0000,52.344322
S05,1868.0000,41.792644
S05,1869.0000,25.646000
S05,1870.0000,37.393721
S05,1871.0000,26.839000
S05,1872.0000,50.001897
S05,1873.0000,43.853331
S05,1874.0000,40.819939
S05,1875.0000,29.038362
S05,1876.0000,38.513908
S05,1877.0000,36.884116
S05,1878.0000,36.760015
S05,1879.0000,20.353400
S05,1880.0000,56.273145
S05,1881.0000,16.500481
S05,1882.0000,38.990021
S05,1883.0000,35.133681
S05,1884.0000,50.460931
S05,1885.0000,38.886988
S05,1886.0000,45.831349
S05,1887.0000,32.609714
S05,1888.0000,38.046738
S05,1889.0000,30.905206
S05,1890.0000,42.813915
S05,1891.0000,55.131366
S05,1892.0000,54.762580
S05,1893.0000,6.993060
S05,1894.0000,33.617685
S05,1895.0000,24.569989
S05,1896.0000,37.877294
S05,1897.0000,33.171247
S05,1898.0000,26.202614
S05,1899.0000,62.665942
S05,1900.0000,31.835145
S05,1901.0000,37.967525
S05,1902.0000,42.607217
S05,1903.0000,41.004983
S05,1904.0000,39.587742
S05,1905.0000,43.836258
S05,1906.0000,45.728184
S05,1907.0000,57.829068
S05,1908.0000,54.572557
S05,1909.0000,25.278404
S05,1910.0000,46.997632
S05,1911.0000,53.679584
S05,1912.0000,35.897121
S05,1913.0000,23.560345
S05,1914.0000,44.564289
S05,1915.0000,50.029759
S05,1916.0000,37.500420
S05,1917.0000,37.285399
S05,1918.0000,32.669837
S05,1919.0000,40.307957
S05,1920.0000,35.747606
S05,1921.0000,33.944239
S05,1922.0000,33.384294
S05,1923.0000,45.487625
S05,1924.0000,32.269111
S05,1925.0000,43.753119
S05,1926.0000,35.468709
S05,1927.0000,51.949197
S05,1928.0000,39.732051
S05,1929.0000,31.631142
S05,1930.0000,28.391232
S05,1931.0000,44.206045
S05,1932.0000,26.250903
S05,1933.0000,57.247216
S05,1934.0000,34.898610
S05,1935.0000,57.246106
S05,1936.0000,40.594561
S05,1937.0000,40.886968
S05,1938.0000,30.114160
S05,1939.0000,49.634625
S05,1940.0000,26.457053
S05,1941.0000,34.069690
S05,1942.0000,46.481813
S05,1943.0000,56.183650
S05,1944.0000,36.527858
S05,1945.0000,48.040510
S05,1946.0000,47.697646
S05,1947.0000,39.105289
S05,1948.0000,30.052191
S05,1949.0000,31.435802
S05,1950.0000,37.932740
S05,1951.0000,40.035786
S05,1952.0000,56.388838
S05,1953.0000,26.913474
S05,1954.0000,37.885886
S05,1955.0000,12.351393
S05,1956.0000,48.899014
S05,1957.0000,40.161426
S05,1958.0000,34.009851
S05,1959.0000,13.672602
S05,1960.0000,43.240931
S05,1961.0000,46.981566
S05,1962.0000,51.493999
S05,1963.0000,46.958189
S05,1964.0000,42.998517
S05,1965.0000,45.396763
S05,1966.0000,31.221510
S05,1967.0000,29.205516
S05,1968.0000,47.157966
S05,1969.0000,27.535638
S05,1970.0000,53.282438
S05,1971.0000,36.147666
S05,1972.0000,35.603730
S05,1973.0000,34.740940
S05,1974.0000,54.644964
S05,1975.0000,43.369600
S05,1976.0000,26.951225
S05,1977.0000,34.357074
S05,1978.0000,52.058536
S05,1979.0000,34.127870
S05,1980.0000,42.970888
S05,1981.0000,28.888162
S05,1982.0000,43.076560
S05,1983.0000,47.650166
S05,1984.0000,40.381215
S05,1985.0000,33.363974
S05,1986.0000,38.958269
S05,1987.0000,59.063840
S05,1988.0000,33.834676
S05,1989.0000,59.989609
S05,1990.0000,44.069381
S05,1991.0000,49.166106
S05,1992.0000,48.777950
S05,1993.0000,41.928110
S05,1994.0000,47.261127
S05,1995.0000,40.915398
S05,1996.0000,23.421967
S05,1997.0000,50.276139
S05,1998.0000,45.465357
S05,1999.0000,47.192343
S05,2000.0000,41.739447
