x,y,raman_shift_cm-1,intensity
0.0,0.0,100.0,139.7023
0.0,0.0,101.8573,17.5542
0.0,0.0,103.7146,331.0377
0.0,0.0,105.5718,564.9995
0.0,0.0,107.4291,1129.6803
0.0,0.0,109.2864,283.9426
0.0,0.0,111.1437,308.0821
0.0,0.0,113.001,-124.9968
0.0,0.0,114.8583,368.2163
0.0,0.0,116.7155,887.9002
0.0,0.0,118.5728,510.6376
0.0,0.0,120.4301,492.0469
0.0,0.0,122.2874,364.7849
0.0,0.0,124.1447,251.2065
0.0,0.0,126.002,89.3022
0.0,0.0,127.8592,-9.2681
0.0,0.0,129.7165,803.2846
0.0,0.0,131.5738,-429.9259
0.0,0.0,133.4311,-38.1897
0.0,0.0,135.2884,-220.4243
0.0,0.0,137.1457,-277.5108
0.0,0.0,139.0029,495.6891
0.0,0.0,140.8602,519.1056
0.0,0.0,142.7175,-98.9264
0.0,0.0,144.5748,-577.1397
0.0,0.0,146.4321,-100.9036
0.0,0.0,148.2893,355.5721
0.0,0.0,150.1466,239.1725
0.0,0.0,152.0039,-22.2498
0.0,0.0,153.8612,548.9023
0.0,0.0,155.7185,603.8459
0.0,0.0,157.5758,711.9039
0.0,0.0,159.433,268.7131
0.0,0.0,161.2903,47.5338
0.0,0.0,163.1476,292.5356
0.0,0.0,165.0049,527.5387
0.0,0.0,166.8622,600.6877
0.0,0.0,168.7195,-172.8903
0.0,0.0,170.5767,300.0304
0.0,0.0,172.434,239.0682
0.0,0.0,174.2913,765.5202
0.0,0.0,176.1486,532.6818
0.0,0.0,178.0059,611.7662
0.0,0.0,179.8631,152.0449
0.0,0.0,181.7204,-246.376
0.0,0.0,183.5777,-444.6599
0.0,0.0,185.435,-18.7613
0.0,0.0,187.2923,932.6592
0.0,0.0,189.1496,-52.5332
0.0,0.0,191.0068,347.8661
0.0,0.0,192.8641,347.2764
0.0,0.0,194.7214,-101.4197
0.0,0.0,196.5787,652.0417
0.0,0.0,198.436,508.7837
0.0,0.0,200.2933,917.4299
0.0,0.0,202.1505,458.7806
0.0,0.0,204.0078,440.7173
0.0,0.0,205.8651,430.6889
0.0,0.0,207.7224,276.02
0.0,0.0,209.5797,389.6055
0.0,0.0,211.437,-472.9112
0.0,0.0,213.2942,897.4682
0.0,0.0,215.1515,1116.0828
0.0,0.0,217.0088,231.3282
0.0,0.0,218.8661,508.1089
0.0,0.0,220.7234,440.3949
0.0,0.0,222.5806,131.7159
0.0,0.0,224.4379,338.9887
0.0,0.0,226.2952,150.9888
0.0,0.0,228.1525,-53.3983
0.0,0.0,230.0098,96.45
0.0,0.0,231.8671,634.1905
0.0,0.0,233.7243,296.8676
0.0,0.0,235.5816,465.695
0.0,0.0,237.4389,189.9648
0.0,0.0,239.2962,1092.9459
0.0,0.0,241.1535,24.3841
0.0,0.0,243.0108,166.122
0.0,0.0,244.868,1260.4476
0.0,0.0,246.7253,-99.311
0.0,0.0,248.5826,795.8104
0.0,0.0,250.4399,330.7065
0.0,0.0,252.2972,37.5196
0.0,0.0,254.1544,416.0596
0.0,0.0,256.0117,75.531
0.0,0.0,257.869,536.2981
0.0,0.0,259.7263,258.8094
0.0,0.0,261.5836,867.1124
0.0,0.0,263.4409,240.2974
0.0,0.0,265.2981,876.1789
0.0,0.0,267.1554,677.5246
0.0,0.0,269.0127,488.1943
0.0,0.0,270.87,196.5998
0.0,0.0,272.7273,-296.4373
0.0,0.0,274.5846,302.7664
0.0,0.0,276.4418,485.1397
0.0,0.0,278.2991,275.0625
0.0,0.0,280.1564,387.8555
0.0,0.0,282.0137,328.8385
0.0,0.0,283.871,672.5575
0.0,0.0,285.7283,327.5537
0.0,0.0,287.5855,736.5362
0.0,0.0,289.4428,218.2905
0.0,0.0,291.3001,869.863
0.0,0.0,293.1574,121.556
0.0,0.0,295.0147,555.2408
0.0,0.0,296.8719,507.1499
0.0,0.0,298.7292,421.5874
0.0,0.0,300.5865,-868.8139
0.0,0.0,302.4438,574.0458
0.0,0.0,304.3011,159.5716
0.0,0.0,306.1584,179.8066
0.0,0.0,308.0156,603.6314
0.0,0.0,309.8729,885.0017
0.0,0.0,311.7302,-143.8196
0.0,0.0,313.5875,-581.6192
0.0,0.0,315.4448,863.477
0.0,0.0,317.3021,89.6133
0.0,0.0,319.1593,-88.6158
0.0,0.0,321.0166,1.313
0.0,0.0,322.8739,364.3724
0.0,0.0,324.7312,752.3971
0.0,0.0,326.5885,886.969
0.0,0.0,328.4457,423.69
0.0,0.0,330.303,-215.8846
0.0,0.0,332.1603,454.4836
0.0,0.0,334.0176,523.2537
0.0,0.0,335.8749,44.3369
0.0,0.0,337.7322,77.9666
0.0,0.0,339.5894,655.4711
0.0,0.0,341.4467,-56.0958
0.0,0.0,343.304,453.9315
0.0,0.0,345.1613,-621.4551
0.0,0.0,347.0186,755.8382
0.0,0.0,348.8759,445.0521
0.0,0.0,350.7331,1484.7549
0.0,0.0,352.5904,-26.8208
0.0,0.0,354.4477,257.0895
0.0,0.0,356.305,698.9186
0.0,0.0,358.1623,-869.0525
0.0,0.0,360.0196,408.8341
0.0,0.0,361.8768,-122.8897
0.0,0.0,363.7341,24.5284
0.0,0.0,365.5914,-21.1283
0.0,0.0,367.4487,1073.8309
0.0,0.0,369.306,544.0721
0.0,0.0,371.1632,831.7681
0.0,0.0,373.0205,84.982
0.0,0.0,374.8778,253.0682
0.0,0.0,376.7351,105.3045
0.0,0.0,378.5924,280.6556
0.0,0.0,380.4497,312.4584
0.0,0.0,382.3069,651.8384
0.0,0.0,384.1642,300.1641
0.0,0.0,386.0215,1029.5078
0.0,0.0,387.8788,141.5759
0.0,0.0,389.7361,298.66
0.0,0.0,391.5934,-506.396
0.0,0.0,393.4506,704.9561
0.0,0.0,395.3079,899.4162
0.0,0.0,397.1652,685.7726
0.0,0.0,399.0225,1161.5997
0.0,0.0,400.8798,426.3561
0.0,0.0,402.737,1100.3104
0.0,0.0,404.5943,655.2148
0.0,0.0,406.4516,833.811
0.0,0.0,408.3089,-85.1703
0.0,0.0,410.1662,-172.1477
0.0,0.0,412.0235,-448.8756
0.0,0.0,413.8807,-52.7389
0.0,0.0,415.738,434.4967
0.0,0.0,417.5953,1213.3158
0.0,0.0,419.4526,10.8926
0.0,0.0,421.3099,448.1426
0.0,0.0,423.1672,1011.0023
0.0,0.0,425.0244,160.7564
0.0,0.0,426.8817,394.6632
0.0,0.0,428.739,397.9893
0.0,0.0,430.5963,917.4545
0.0,0.0,432.4536,400.18
0.0,0.0,434.3109,110.7467
0.0,0.0,436.1681,158.9654
0.0,0.0,438.0254,426.8386
0.0,0.0,439.8827,589.8455
0.0,0.0,441.74,614.9463
0.0,0.0,443.5973,884.1692
0.0,0.0,445.4545,23.5809
0.0,0.0,447.3118,581.1722
0.0,0.0,449.1691,501.9228
0.0,0.0,451.0264,783.4655
0.0,0.0,452.8837,227.2576
0.0,0.0,454.741,739.0064
0.0,0.0,456.5982,630.1222
0.0,0.0,458.4555,405.0068
0.0,0.0,460.3128,310.8694
0.0,0.0,462.1701,-406.884
0.0,0.0,464.0274,522.3774
0.0,0.0,465.8847,199.5206
0.0,0.0,467.7419,-37.6294
0.0,0.0,469.5992,941.5073
0.0,0.0,471.4565,233.3445
0.0,0.0,473.3138,-424.5798
0.0,0.0,475.1711,892.1921
0.0,0.0,477.0283,-391.2163
0.0,0.0,478.8856,471.668
0.0,0.0,480.7429,853.2328
0.0,0.0,482.6002,1102.3669
0.0,0.0,484.4575,225.2902
0.0,0.0,486.3148,412.8195
0.0,0.0,488.172,-242.2712
0.0,0.0,490.0293,96.8797
0.0,0.0,491.8866,245.8345
0.0,0.0,493.7439,669.6467
0.0,0.0,495.6012,957.5144
0.0,0.0,497.4585,348.4672
0.0,0.0,499.3157,297.7233
0.0,0.0,501.173,806.8028
0.0,0.0,503.0303,-181.0754
0.0,0.0,504.8876,498.5371
0.0,0.0,506.7449,764.7636
0.0,0.0,508.6022,576.2816
0.0,0.0,510.4594,22.6524
0.0,0.0,512.3167,109.694
0.0,0.0,514.174,444.5217
0.0,0.0,516.0313,-65.2865
0.0,0.0,517.8886,516.5512
0.0,0.0,519.7458,180.9802
0.0,0.0,521.6031,-279.7773
0.0,0.0,523.4604,120.8465
0.0,0.0,525.3177,659.1187
0.0,0.0,527.175,566.0527
0.0,0.0,529.0323,1057.8573
0.0,0.0,530.8895,733.6854
0.0,0.0,532.7468,-269.7242
0.0,0.0,534.6041,358.2993
0.0,0.0,536.4614,857.1013
0.0,0.0,538.3187,396.5347
0.0,0.0,540.176,-33.7047
0.0,0.0,542.0332,-40.6716
0.0,0.0,543.8905,503.1152
0.0,0.0,545.7478,234.5713
0.0,0.0,547.6051,705.4238
0.0,0.0,549.4624,115.2924
0.0,0.0,551.3196,-411.2151
0.0,0.0,553.1769,-346.3753
0.0,0.0,555.0342,1156.1877
0.0,0.0,556.8915,194.4354
0.0,0.0,558.7488,22.8695
0.0,0.0,560.6061,730.8602
0.0,0.0,562.4633,946.9397
0.0,0.0,564.3206,398.1503
0.0,0.0,566.1779,-368.1538
0.0,0.0,568.0352,114.8774
0.0,0.0,569.8925,732.0397
0.0,0.0,571.7498,1027.8522
0.0,0.0,573.607,200.4255
0.0,0.0,575.4643,421.6696
0.0,0.0,577.3216,104.5791
0.0,0.0,579.1789,1230.6489
0.0,0.0,581.0362,416.5452
0.0,0.0,582.8935,473.1587
0.0,0.0,584.7507,429.3658
0.0,0.0,586.608,396.9353
0.0,0.0,588.4653,804.4195
0.0,0.0,590.3226,143.6229
0.0,0.0,592.1799,53.8278
0.0,0.0,594.0371,1223.8312
0.0,0.0,595.8944,441.0799
0.0,0.0,597.7517,-55.7293
0.0,0.0,599.609,485.1445
0.0,0.0,601.4663,-81.9504
0.0,0.0,603.3236,756.2638
0.0,0.0,605.1808,1162.8551
0.0,0.0,607.0381,1222.4581
0.0,0.0,608.8954,824.8369
0.0,0.0,610.7527,1740.5648
0.0,0.0,612.61,2522.0498
0.0,0.0,614.4673,3953.879
0.0,0.0,616.3245,6597.0693
0.0,0.0,618.1818,8275.7028
0.0,0.0,620.0391,12351.4405
0.0,0.0,621.8964,12064.0316
0.0,0.0,623.7537,8828.2783
0.0,0.0,625.6109,5671.6845
0.0,0.0,627.4682,3728.1043
0.0,0.0,629.3255,2754.5153
0.0,0.0,631.1828,1429.743
0.0,0.0,633.0401,2056.1173
0.0,0.0,634.8974,1003.2328
0.0,0.0,636.7546,1798.2466
0.0,0.0,638.6119,656.1906
0.0,0.0,640.4692,752.1829
0.0,0.0,642.3265,528.4148
0.0,0.0,644.1838,748.6289
0.0,0.0,646.0411,768.1543
0.0,0.0,647.8983,731.2137
0.0,0.0,649.7556,630.6833
0.0,0.0,651.6129,-145.9364
0.0,0.0,653.4702,-250.9364
0.0,0.0,655.3275,644.493
0.0,0.0,657.1848,766.8958
0.0,0.0,659.042,803.1344
0.0,0.0,660.8993,1025.2548
0.0,0.0,662.7566,423.1943
0.0,0.0,664.6139,319.2044
0.0,0.0,666.4712,89.1095
0.0,0.0,668.3284,335.9868
0.0,0.0,670.1857,-10.1445
0.0,0.0,672.043,273.4711
0.0,0.0,673.9003,520.3552
0.0,0.0,675.7576,-358.5266
0.0,0.0,677.6149,734.7827
0.0,0.0,679.4721,224.5864
0.0,0.0,681.3294,367.5024
0.0,0.0,683.1867,-4.7292
0.0,0.0,685.044,297.5206
0.0,0.0,686.9013,918.8927
0.0,0.0,688.7586,318.9047
0.0,0.0,690.6158,426.8329
0.0,0.0,692.4731,-160.2526
0.0,0.0,694.3304,265.0115
0.0,0.0,696.1877,691.1225
0.0,0.0,698.045,436.7206
0.0,0.0,699.9022,972.6814
0.0,0.0,701.7595,462.9236
0.0,0.0,703.6168,921.2978
0.0,0.0,705.4741,230.0017
0.0,0.0,707.3314,182.2125
0.0,0.0,709.1887,57.5602
0.0,0.0,711.0459,920.9048
0.0,0.0,712.9032,140.0846
0.0,0.0,714.7605,207.3177
0.0,0.0,716.6178,837.004
0.0,0.0,718.4751,127.7824
0.0,0.0,720.3324,1028.4758
0.0,0.0,722.1896,486.6185
0.0,0.0,724.0469,619.0914
0.0,0.0,725.9042,-193.0516
0.0,0.0,727.7615,1232.3158
0.0,0.0,729.6188,662.6285
0.0,0.0,731.4761,678.9662
0.0,0.0,733.3333,324.3261
0.0,0.0,735.1906,723.0033
0.0,0.0,737.0479,608.3331
0.0,0.0,738.9052,687.4985
0.0,0.0,740.7625,353.5984
0.0,0.0,742.6197,127.7995
0.0,0.0,744.477,-20.7436
0.0,0.0,746.3343,483.748
0.0,0.0,748.1916,90.6782
0.0,0.0,750.0489,515.5326
0.0,0.0,751.9062,864.9412
0.0,0.0,753.7634,310.2126
0.0,0.0,755.6207,772.3886
0.0,0.0,757.478,1130.2691
0.0,0.0,759.3353,720.5312
0.0,0.0,761.1926,436.8252
0.0,0.0,763.0499,212.7745
0.0,0.0,764.9071,1146.1464
0.0,0.0,766.7644,625.2361
0.0,0.0,768.6217,171.8817
0.0,0.0,770.479,201.6493
0.0,0.0,772.3363,77.7266
0.0,0.0,774.1935,662.2593
0.0,0.0,776.0508,1269.0916
0.0,0.0,777.9081,-253.812
0.0,0.0,779.7654,1350.4002
0.0,0.0,781.6227,1250.5191
0.0,0.0,783.48,1183.3923
0.0,0.0,785.3372,1520.4748
0.0,0.0,787.1945,2346.9793
0.0,0.0,789.0518,2141.743
0.0,0.0,790.9091,3001.2444
0.0,0.0,792.7664,4760.4082
0.0,0.0,794.6237,6339.7148
0.0,0.0,796.4809,6892.5984
0.0,0.0,798.3382,5092.2437
0.0,0.0,800.1955,4059.0034
0.0,0.0,802.0528,2820.2473
0.0,0.0,803.9101,3089.0646
0.0,0.0,805.7674,1296.3728
0.0,0.0,807.6246,1140.1653
0.0,0.0,809.4819,1149.0376
0.0,0.0,811.3392,429.1577
0.0,0.0,813.1965,1086.2041
0.0,0.0,815.0538,861.5263
0.0,0.0,816.911,676.0498
0.0,0.0,818.7683,-402.8353
0.0,0.0,820.6256,781.1584
0.0,0.0,822.4829,1244.6008
0.0,0.0,824.3402,603.7201
0.0,0.0,826.1975,268.3844
0.0,0.0,828.0547,-276.4476
0.0,0.0,829.912,-101.5839
0.0,0.0,831.7693,710.1466
0.0,0.0,833.6266,230.0037
0.0,0.0,835.4839,684.8544
0.0,0.0,837.3412,776.0913
0.0,0.0,839.1984,384.1792
0.0,0.0,841.0557,372.5853
0.0,0.0,842.913,455.1648
0.0,0.0,844.7703,-114.8261
0.0,0.0,846.6276,720.7605
0.0,0.0,848.4848,355.1424
0.0,0.0,850.3421,581.9952
0.0,0.0,852.1994,511.0834
0.0,0.0,854.0567,726.6203
0.0,0.0,855.914,716.07
0.0,0.0,857.7713,181.4917
0.0,0.0,859.6285,494.521
0.0,0.0,861.4858,851.508
0.0,0.0,863.3431,478.1355
0.0,0.0,865.2004,1068.3975
0.0,0.0,867.0577,307.8003
0.0,0.0,868.915,150.8953
0.0,0.0,870.7722,635.0671
0.0,0.0,872.6295,391.8866
0.0,0.0,874.4868,477.6676
0.0,0.0,876.3441,43.3175
0.0,0.0,878.2014,544.2732
0.0,0.0,880.0587,-456.2326
0.0,0.0,881.9159,556.4354
0.0,0.0,883.7732,120.5425
0.0,0.0,885.6305,206.9884
0.0,0.0,887.4878,933.5335
0.0,0.0,889.3451,650.7298
0.0,0.0,891.2023,-39.4496
0.0,0.0,893.0596,-66.1532
0.0,0.0,894.9169,1072.9539
0.0,0.0,896.7742,-115.2057
0.0,0.0,898.6315,900.472
0.0,0.0,900.4888,767.5125
0.0,0.0,902.346,323.6342
0.0,0.0,904.2033,780.7014
0.0,0.0,906.0606,811.2616
0.0,0.0,907.9179,1151.2066
0.0,0.0,909.7752,143.9743
0.0,0.0,911.6325,-168.88
0.0,0.0,913.4897,559.4259
0.0,0.0,915.347,-231.4208
0.0,0.0,917.2043,381.7886
0.0,0.0,919.0616,793.4383
0.0,0.0,920.9189,573.3359
0.0,0.0,922.7761,88.9639
0.0,0.0,924.6334,959.4281
0.0,0.0,926.4907,885.827
0.0,0.0,928.348,387.7781
0.0,0.0,930.2053,646.6418
0.0,0.0,932.0626,-411.8834
0.0,0.0,933.9198,-23.2614
0.0,0.0,935.7771,631.355
0.0,0.0,937.6344,207.4388
0.0,0.0,939.4917,527.4994
0.0,0.0,941.349,-436.7046
0.0,0.0,943.2063,771.3609
0.0,0.0,945.0635,-21.9036
0.0,0.0,946.9208,833.568
0.0,0.0,948.7781,1313.5729
0.0,0.0,950.6354,1242.7982
0.0,0.0,952.4927,325.0789
0.0,0.0,954.35,-129.4296
0.0,0.0,956.2072,291.0215
0.0,0.0,958.0645,691.4136
0.0,0.0,959.9218,972.9805
0.0,0.0,961.7791,415.7217
0.0,0.0,963.6364,1231.6035
0.0,0.0,965.4936,878.7885
0.0,0.0,967.3509,670.2684
0.0,0.0,969.2082,592.8047
0.0,0.0,971.0655,869.8658
0.0,0.0,972.9228,536.9183
0.0,0.0,974.7801,574.0464
0.0,0.0,976.6373,887.4508
0.0,0.0,978.4946,1591.0535
0.0,0.0,980.3519,1130.0014
0.0,0.0,982.2092,1636.8736
0.0,0.0,984.0665,975.2647
0.0,0.0,985.9238,2087.6552
0.0,0.0,987.781,2403.2401
0.0,0.0,989.6383,2969.3357
0.0,0.0,991.4956,3913.0404
0.0,0.0,993.3529,5272.3141
0.0,0.0,995.2102,9062.2882
0.0,0.0,997.0674,13769.544
0.0,0.0,998.9247,25314.253
0.0,0.0,1000.782,40321.7296
0.0,0.0,1002.6393,36265.0398
0.0,0.0,1004.4966,20273.749
0.0,0.0,1006.3539,11940.62
0.0,0.0,1008.2111,7298.3374
0.0,0.0,1010.0684,4720.6575
0.0,0.0,1011.9257,3997.1263
0.0,0.0,1013.783,3423.6659
0.0,0.0,1015.6403,3194.5669
0.0,0.0,1017.4976,3242.4347
0.0,0.0,1019.3548,3460.5247
0.0,0.0,1021.2121,3435.3693
0.0,0.0,1023.0694,5152.7088
0.0,0.0,1024.9267,5951.3773
0.0,0.0,1026.784,8619.1386
0.0,0.0,1028.6413,14342.7524
0.0,0.0,1030.4985,22152.2843
0.0,0.0,1032.3558,25083.9382
0.0,0.0,1034.2131,18037.2345
0.0,0.0,1036.0704,11100.9631
0.0,0.0,1037.9277,6676.9318
0.0,0.0,1039.7849,4116.9619
0.0,0.0,1041.6422,3462.1682
0.0,0.0,1043.4995,2816.2048
0.0,0.0,1045.3568,3120.4255
0.0,0.0,1047.2141,1306.7122
0.0,0.0,1049.0714,1154.1379
0.0,0.0,1050.9286,719.3963
0.0,0.0,1052.7859,1098.461
0.0,0.0,1054.6432,1392.0187
0.0,0.0,1056.5005,1177.8165
0.0,0.0,1058.3578,723.9401
0.0,0.0,1060.2151,512.5416
0.0,0.0,1062.0723,770.1728
0.0,0.0,1063.9296,1431.851
0.0,0.0,1065.7869,1399.767
0.0,0.0,1067.6442,380.7522
0.0,0.0,1069.5015,120.7586
0.0,0.0,1071.3587,1276.6771
0.0,0.0,1073.216,162.1538
0.0,0.0,1075.0733,1382.234
0.0,0.0,1076.9306,737.1691
0.0,0.0,1078.7879,520.2123
0.0,0.0,1080.6452,614.7267
0.0,0.0,1082.5024,518.1208
0.0,0.0,1084.3597,839.9557
0.0,0.0,1086.217,-54.4573
0.0,0.0,1088.0743,230.7724
0.0,0.0,1089.9316,840.3357
0.0,0.0,1091.7889,757.3912
0.0,0.0,1093.6461,940.3036
0.0,0.0,1095.5034,-73.7529
0.0,0.0,1097.3607,243.8405
0.0,0.0,1099.218,586.5371
0.0,0.0,1101.0753,339.7225
0.0,0.0,1102.9326,49.7581
0.0,0.0,1104.7898,556.9802
0.0,0.0,1106.6471,225.9491
0.0,0.0,1108.5044,466.8408
0.0,0.0,1110.3617,716.1161
0.0,0.0,1112.219,-661.2961
0.0,0.0,1114.0762,584.555
0.0,0.0,1115.9335,577.1415
0.0,0.0,1117.7908,639.8531
0.0,0.0,1119.6481,835.332
0.0,0.0,1121.5054,200.6424
0.0,0.0,1123.3627,1252.5273
0.0,0.0,1125.2199,432.2593
0.0,0.0,1127.0772,1221.13
0.0,0.0,1128.9345,590.7242
0.0,0.0,1130.7918,362.2068
0.0,0.0,1132.6491,1444.4431
0.0,0.0,1134.5064,1480.4012
0.0,0.0,1136.3636,459.2025
0.0,0.0,1138.2209,1587.146
0.0,0.0,1140.0782,586.5834
0.0,0.0,1141.9355,1284.2996
0.0,0.0,1143.7928,1076.5418
0.0,0.0,1145.65,2442.9071
0.0,0.0,1147.5073,3031.1678
0.0,0.0,1149.3646,4450.8135
0.0,0.0,1151.2219,6085.1435
0.0,0.0,1153.0792,8535.1805
0.0,0.0,1154.9365,10470.7287
0.0,0.0,1156.7937,9577.4276
0.0,0.0,1158.651,6621.9495
0.0,0.0,1160.5083,4725.2358
0.0,0.0,1162.3656,3229.3643
0.0,0.0,1164.2229,2219.8039
0.0,0.0,1166.0802,1751.8147
0.0,0.0,1167.9374,1589.5524
0.0,0.0,1169.7947,1515.5304
0.0,0.0,1171.652,944.9315
0.0,0.0,1173.5093,835.2507
0.0,0.0,1175.3666,544.5349
0.0,0.0,1177.2239,977.2818
0.0,0.0,1179.0811,1266.4873
0.0,0.0,1180.9384,812.7254
0.0,0.0,1182.7957,623.9772
0.0,0.0,1184.653,787.4035
0.0,0.0,1186.5103,1218.809
0.0,0.0,1188.3675,-476.5297
0.0,0.0,1190.2248,-38.7215
0.0,0.0,1192.0821,64.6715
0.0,0.0,1193.9394,376.7984
0.0,0.0,1195.7967,157.1654
0.0,0.0,1197.654,878.3839
0.0,0.0,1199.5112,9.5097
0.0,0.0,1201.3685,296.6527
0.0,0.0,1203.2258,689.5298
0.0,0.0,1205.0831,701.3072
0.0,0.0,1206.9404,400.9496
0.0,0.0,1208.7977,553.5289
0.0,0.0,1210.6549,437.583
0.0,0.0,1212.5122,943.9513
0.0,0.0,1214.3695,55.4231
0.0,0.0,1216.2268,-290.3646
0.0,0.0,1218.0841,723.7921
0.0,0.0,1219.9413,-101.7503
0.0,0.0,1221.7986,561.8007
0.0,0.0,1223.6559,-315.0507
0.0,0.0,1225.5132,73.1393
0.0,0.0,1227.3705,228.9005
0.0,0.0,1229.2278,783.295
0.0,0.0,1231.085,1067.9209
0.0,0.0,1232.9423,-216.9751
0.0,0.0,1234.7996,523.6304
0.0,0.0,1236.6569,211.1189
0.0,0.0,1238.5142,491.9615
0.0,0.0,1240.3715,143.2846
0.0,0.0,1242.2287,55.3885
0.0,0.0,1244.086,133.9901
0.0,0.0,1245.9433,1083.6741
0.0,0.0,1247.8006,340.8334
0.0,0.0,1249.6579,460.7248
0.0,0.0,1251.5152,376.6737
0.0,0.0,1253.3724,52.7838
0.0,0.0,1255.2297,-288.2282
0.0,0.0,1257.087,-398.513
0.0,0.0,1258.9443,-361.7542
0.0,0.0,1260.8016,-33.3482
0.0,0.0,1262.6588,-108.8178
0.0,0.0,1264.5161,417.8517
0.0,0.0,1266.3734,359.4658
0.0,0.0,1268.2307,313.5867
0.0,0.0,1270.088,-110.2149
0.0,0.0,1271.9453,118.2339
0.0,0.0,1273.8025,-372.0383
0.0,0.0,1275.6598,-58.5547
0.0,0.0,1277.5171,484.7506
0.0,0.0,1279.3744,340.5678
0.0,0.0,1281.2317,412.5599
0.0,0.0,1283.089,291.6912
0.0,0.0,1284.9462,760.2175
0.0,0.0,1286.8035,41.5587
0.0,0.0,1288.6608,281.3754
0.0,0.0,1290.5181,83.2044
0.0,0.0,1292.3754,-119.9373
0.0,0.0,1294.2326,927.5469
0.0,0.0,1296.0899,3.2241
0.0,0.0,1297.9472,159.384
0.0,0.0,1299.8045,-219.4741
0.0,0.0,1301.6618,-256.1299
0.0,0.0,1303.5191,160.3829
0.0,0.0,1305.3763,1152.2478
0.0,0.0,1307.2336,633.1294
0.0,0.0,1309.0909,265.038
0.0,0.0,1310.9482,304.4626
0.0,0.0,1312.8055,914.4475
0.0,0.0,1314.6628,-21.2213
0.0,0.0,1316.52,509.1174
0.0,0.0,1318.3773,-46.9366
0.0,0.0,1320.2346,1008.1514
0.0,0.0,1322.0919,316.515
0.0,0.0,1323.9492,124.7979
0.0,0.0,1325.8065,1166.9559
0.0,0.0,1327.6637,22.7363
0.0,0.0,1329.521,464.5025
0.0,0.0,1331.3783,252.2873
0.0,0.0,1333.2356,395.0389
0.0,0.0,1335.0929,964.5732
0.0,0.0,1336.9501,587.3126
0.0,0.0,1338.8074,410.3813
0.0,0.0,1340.6647,105.5158
0.0,0.0,1342.522,56.5151
0.0,0.0,1344.3793,26.4544
0.0,0.0,1346.2366,297.2227
0.0,0.0,1348.0938,426.5974
0.0,0.0,1349.9511,387.0103
0.0,0.0,1351.8084,0.311
0.0,0.0,1353.6657,380.0461
0.0,0.0,1355.523,271.9786
0.0,0.0,1357.3803,895.0231
0.0,0.0,1359.2375,685.0558
0.0,0.0,1361.0948,-596.8427
0.0,0.0,1362.9521,1050.4104
0.0,0.0,1364.8094,12.3935
0.0,0.0,1366.6667,646.7703
0.0,0.0,1368.5239,254.6556
0.0,0.0,1370.3812,778.84
0.0,0.0,1372.2385,570.8972
0.0,0.0,1374.0958,665.1736
0.0,0.0,1375.9531,-114.7695
0.0,0.0,1377.8104,96.1738
0.0,0.0,1379.6676,598.2158
0.0,0.0,1381.5249,155.1295
0.0,0.0,1383.3822,461.8847
0.0,0.0,1385.2395,353.5047
0.0,0.0,1387.0968,381.5111
0.0,0.0,1388.9541,1155.5008
0.0,0.0,1390.8113,341.2787
0.0,0.0,1392.6686,277.792
0.0,0.0,1394.5259,346.0108
0.0,0.0,1396.3832,783.8387
0.0,0.0,1398.2405,1095.0339
0.0,0.0,1400.0978,1259.3313
0.0,0.0,1401.955,769.9895
0.0,0.0,1403.8123,528.3299
0.0,0.0,1405.6696,755.8309
0.0,0.0,1407.5269,-21.1996
0.0,0.0,1409.3842,478.1408
0.0,0.0,1411.2414,425.7232
0.0,0.0,1413.0987,432.3954
0.0,0.0,1414.956,1132.6733
0.0,0.0,1416.8133,826.0362
0.0,0.0,1418.6706,1230.5253
0.0,0.0,1420.5279,457.933
0.0,0.0,1422.3851,130.4056
0.0,0.0,1424.2424,920.6204
0.0,0.0,1426.0997,1153.2185
0.0,0.0,1427.957,1073.309
0.0,0.0,1429.8143,1328.6971
0.0,0.0,1431.6716,1178.6759
0.0,0.0,1433.5288,1629.7159
0.0,0.0,1435.3861,2010.3688
0.0,0.0,1437.2434,3213.085
0.0,0.0,1439.1007,3963.0935
0.0,0.0,1440.958,4480.7986
0.0,0.0,1442.8152,6112.004
0.0,0.0,1444.6725,8229.104
0.0,0.0,1446.5298,10772.7819
0.0,0.0,1448.3871,13035.5723
0.0,0.0,1450.2444,14705.023
0.0,0.0,1452.1017,12926.8852
0.0,0.0,1453.9589,11180.0689
0.0,0.0,1455.8162,8991.3802
0.0,0.0,1457.6735,6026.2127
0.0,0.0,1459.5308,4485.5761
0.0,0.0,1461.3881,3310.5497
0.0,0.0,1463.2454,3482.7189
0.0,0.0,1465.1026,2136.2466
0.0,0.0,1466.9599,1871.1024
0.0,0.0,1468.8172,2127.4641
0.0,0.0,1470.6745,1866.5496
0.0,0.0,1472.5318,1965.0765
0.0,0.0,1474.3891,1060.9668
0.0,0.0,1476.2463,1141.1463
0.0,0.0,1478.1036,1400.8737
0.0,0.0,1479.9609,1202.8942
0.0,0.0,1481.8182,602.8569
0.0,0.0,1483.6755,-27.0946
0.0,0.0,1485.5327,652.0785
0.0,0.0,1487.39,840.3904
0.0,0.0,1489.2473,527.0697
0.0,0.0,1491.1046,370.8245
0.0,0.0,1492.9619,122.436
0.0,0.0,1494.8192,1318.809
0.0,0.0,1496.6764,529.9852
0.0,0.0,1498.5337,443.5817
0.0,0.0,1500.391,610.3555
0.0,0.0,1502.2483,897.7343
0.0,0.0,1504.1056,677.4351
0.0,0.0,1505.9629,745.4719
0.0,0.0,1507.8201,570.4727
0.0,0.0,1509.6774,989.1133
0.0,0.0,1511.5347,164.8311
0.0,0.0,1513.392,347.4151
0.0,0.0,1515.2493,983.8019
0.0,0.0,1517.1065,617.5488
0.0,0.0,1518.9638,656.1394
0.0,0.0,1520.8211,104.537
0.0,0.0,1522.6784,661.7728
0.0,0.0,1524.5357,1799.7806
0.0,0.0,1526.393,1249.4394
0.0,0.0,1528.2502,782.9217
0.0,0.0,1530.1075,625.1107
0.0,0.0,1531.9648,202.8019
0.0,0.0,1533.8221,364.1919
0.0,0.0,1535.6794,44.5203
0.0,0.0,1537.5367,799.6301
0.0,0.0,1539.3939,172.0371
0.0,0.0,1541.2512,49.738
0.0,0.0,1543.1085,1202.3318
0.0,0.0,1544.9658,-73.5793
0.0,0.0,1546.8231,776.011
0.0,0.0,1548.6804,1634.6353
0.0,0.0,1550.5376,560.0757
0.0,0.0,1552.3949,587.5381
0.0,0.0,1554.2522,1273.7277
0.0,0.0,1556.1095,253.5064
0.0,0.0,1557.9668,945.4747
0.0,0.0,1559.824,1374.7211
0.0,0.0,1561.6813,1514.2144
0.0,0.0,1563.5386,1609.4225
0.0,0.0,1565.3959,1423.0292
0.0,0.0,1567.2532,1964.3789
0.0,0.0,1569.1105,2332.4046
0.0,0.0,1570.9677,2795.0893
0.0,0.0,1572.825,3348.1031
0.0,0.0,1574.6823,4094.6992
0.0,0.0,1576.5396,5693.9824
0.0,0.0,1578.3969,7644.9622
0.0,0.0,1580.2542,10486.3016
0.0,0.0,1582.1114,12584.2014
0.0,0.0,1583.9687,13741.6531
0.0,0.0,1585.826,11262.2973
0.0,0.0,1587.6833,9115.7559
0.0,0.0,1589.5406,7677.8924
0.0,0.0,1591.3978,5498.8288
0.0,0.0,1593.2551,6710.5437
0.0,0.0,1595.1124,6847.0424
0.0,0.0,1596.9697,9124.7035
0.0,0.0,1598.827,13087.838
0.0,0.0,1600.6843,19243.5689
0.0,0.0,1602.5415,21422.4822
0.0,0.0,1604.3988,17390.308
0.0,0.0,1606.2561,11412.6695
0.0,0.0,1608.1134,7295.0217
0.0,0.0,1609.9707,5084.719
0.0,0.0,1611.828,3821.7686
0.0,0.0,1613.6852,3006.0026
0.0,0.0,1615.5425,1483.984
0.0,0.0,1617.3998,1466.923
0.0,0.0,1619.2571,1547.6135
0.0,0.0,1621.1144,1246.0
0.0,0.0,1622.9717,1359.9081
0.0,0.0,1624.8289,1472.5411
0.0,0.0,1626.6862,136.0776
0.0,0.0,1628.5435,1206.1516
0.0,0.0,1630.4008,1331.9777
0.0,0.0,1632.2581,826.862
0.0,0.0,1634.1153,699.1789
0.0,0.0,1635.9726,1290.2002
0.0,0.0,1637.8299,510.6559
0.0,0.0,1639.6872,660.3802
0.0,0.0,1641.5445,986.3574
0.0,0.0,1643.4018,443.9267
0.0,0.0,1645.259,1297.2343
0.0,0.0,1647.1163,471.2065
0.0,0.0,1648.9736,288.8389
0.0,0.0,1650.8309,199.094
0.0,0.0,1652.6882,-166.7756
0.0,0.0,1654.5455,386.3585
0.0,0.0,1656.4027,126.2153
0.0,0.0,1658.26,611.9105
0.0,0.0,1660.1173,337.9684
0.0,0.0,1661.9746,269.9085
0.0,0.0,1663.8319,449.0016
0.0,0.0,1665.6891,23.0261
0.0,0.0,1667.5464,718.2058
0.0,0.0,1669.4037,26.7717
0.0,0.0,1671.261,1049.0526
0.0,0.0,1673.1183,411.242
0.0,0.0,1674.9756,227.0005
0.0,0.0,1676.8328,971.8743
0.0,0.0,1678.6901,170.4078
0.0,0.0,1680.5474,-120.542
0.0,0.0,1682.4047,176.0705
0.0,0.0,1684.262,515.8952
0.0,0.0,1686.1193,1372.1801
0.0,0.0,1687.9765,45.3702
0.0,0.0,1689.8338,180.5883
0.0,0.0,1691.6911,799.1347
0.0,0.0,1693.5484,467.6717
0.0,0.0,1695.4057,271.9097
0.0,0.0,1697.263,63.622
0.0,0.0,1699.1202,-309.3781
0.0,0.0,1700.9775,403.5512
0.0,0.0,1702.8348,-127.3807
0.0,0.0,1704.6921,494.3106
0.0,0.0,1706.5494,250.1609
0.0,0.0,1708.4066,712.3589
0.0,0.0,1710.2639,376.6819
0.0,0.0,1712.1212,-41.705
0.0,0.0,1713.9785,340.0146
0.0,0.0,1715.8358,641.8218
0.0,0.0,1717.6931,899.1141
0.0,0.0,1719.5503,608.3706
0.0,0.0,1721.4076,-239.4346
0.0,0.0,1723.2649,-418.6474
0.0,0.0,1725.1222,166.9415
0.0,0.0,1726.9795,604.2109
0.0,0.0,1728.8368,48.5269
0.0,0.0,1730.694,329.523
0.0,0.0,1732.5513,404.5636
0.0,0.0,1734.4086,541.9506
0.0,0.0,1736.2659,694.8344
0.0,0.0,1738.1232,0.8107
0.0,0.0,1739.9804,243.4705
0.0,0.0,1741.8377,169.0833
0.0,0.0,1743.695,-180.2802
0.0,0.0,1745.5523,794.146
0.0,0.0,1747.4096,778.1411
0.0,0.0,1749.2669,509.6964
0.0,0.0,1751.1241,175.3716
0.0,0.0,1752.9814,723.8031
0.0,0.0,1754.8387,583.1063
0.0,0.0,1756.696,321.0028
0.0,0.0,1758.5533,257.1578
0.0,0.0,1760.4106,392.6763
0.0,0.0,1762.2678,825.865
0.0,0.0,1764.1251,390.2492
0.0,0.0,1765.9824,-144.6351
0.0,0.0,1767.8397,690.7323
0.0,0.0,1769.697,374.6167
0.0,0.0,1771.5543,522.9274
0.0,0.0,1773.4115,263.275
0.0,0.0,1775.2688,81.2706
0.0,0.0,1777.1261,1089.0196
0.0,0.0,1778.9834,231.4144
0.0,0.0,1780.8407,289.1609
0.0,0.0,1782.6979,342.7557
0.0,0.0,1784.5552,266.0471
0.0,0.0,1786.4125,-122.7011
0.0,0.0,1788.2698,-239.6619
0.0,0.0,1790.1271,787.986
0.0,0.0,1791.9844,422.6734
0.0,0.0,1793.8416,350.8874
0.0,0.0,1795.6989,1121.932
0.0,0.0,1797.5562,614.3555
0.0,0.0,1799.4135,1353.7364
0.0,0.0,1801.2708,1042.4506
0.0,0.0,1803.1281,157.9952
0.0,0.0,1804.9853,383.3368
0.0,0.0,1806.8426,7.128
0.0,0.0,1808.6999,393.433
0.0,0.0,1810.5572,137.3811
0.0,0.0,1812.4145,400.8494
0.0,0.0,1814.2717,50.6193
0.0,0.0,1816.129,277.2841
0.0,0.0,1817.9863,105.7315
0.0,0.0,1819.8436,-296.5126
0.0,0.0,1821.7009,644.8486
0.0,0.0,1823.5582,1547.0286
0.0,0.0,1825.4154,297.5639
0.0,0.0,1827.2727,219.9795
0.0,0.0,1829.13,741.6237
0.0,0.0,1830.9873,268.0923
0.0,0.0,1832.8446,574.6189
0.0,0.0,1834.7019,-81.1558
0.0,0.0,1836.5591,951.6408
0.0,0.0,1838.4164,634.1611
0.0,0.0,1840.2737,578.5685
0.0,0.0,1842.131,583.4947
0.0,0.0,1843.9883,-527.0705
0.0,0.0,1845.8456,485.4874
0.0,0.0,1847.7028,-209.1757
0.0,0.0,1849.5601,-163.3184
0.0,0.0,1851.4174,395.9509
0.0,0.0,1853.2747,155.123
0.0,0.0,1855.132,-75.3865
0.0,0.0,1856.9892,447.9895
0.0,0.0,1858.8465,-285.7059
0.0,0.0,1860.7038,418.1705
0.0,0.0,1862.5611,449.0812
0.0,0.0,1864.4184,513.8824
0.0,0.0,1866.2757,278.7318
0.0,0.0,1868.1329,5.1744
0.0,0.0,1869.9902,177.281
0.0,0.0,1871.8475,725.5663
0.0,0.0,1873.7048,335.0908
0.0,0.0,1875.5621,410.5861
0.0,0.0,1877.4194,479.6476
0.0,0.0,1879.2766,539.741
0.0,0.0,1881.1339,373.9402
0.0,0.0,1882.9912,365.0215
0.0,0.0,1884.8485,-284.0735
0.0,0.0,1886.7058,568.3663
0.0,0.0,1888.563,64.8788
0.0,0.0,1890.4203,458.4416
0.0,0.0,1892.2776,62.6577
0.0,0.0,1894.1349,688.3455
0.0,0.0,1895.9922,905.6667
0.0,0.0,1897.8495,967.187
0.0,0.0,1899.7067,75.1151
0.0,0.0,1901.564,630.7908
0.0,0.0,1903.4213,457.7597
0.0,0.0,1905.2786,54.7011
0.0,0.0,1907.1359,342.0862
0.0,0.0,1908.9932,168.9218
0.0,0.0,1910.8504,350.3066
0.0,0.0,1912.7077,512.2422
0.0,0.0,1914.565,505.5097
0.0,0.0,1916.4223,19.2423
0.0,0.0,1918.2796,-5.8691
0.0,0.0,1920.1369,672.4426
0.0,0.0,1921.9941,273.2177
0.0,0.0,1923.8514,844.8597
0.0,0.0,1925.7087,308.7779
0.0,0.0,1927.566,-22.6497
0.0,0.0,1929.4233,511.0905
0.0,0.0,1931.2805,350.2296
0.0,0.0,1933.1378,765.7171
0.0,0.0,1934.9951,313.5913
0.0,0.0,1936.8524,-241.1019
0.0,0.0,1938.7097,627.9355
0.0,0.0,1940.567,-67.4967
0.0,0.0,1942.4242,235.4225
0.0,0.0,1944.2815,-442.6071
0.0,0.0,1946.1388,111.4843
0.0,0.0,1947.9961,156.1813
0.0,0.0,1949.8534,899.9133
0.0,0.0,1951.7107,615.6355
0.0,0.0,1953.5679,600.1214
0.0,0.0,1955.4252,901.1082
0.0,0.0,1957.2825,1220.7169
0.0,0.0,1959.1398,1155.3471
0.0,0.0,1960.9971,568.4311
0.0,0.0,1962.8543,-277.786
0.0,0.0,1964.7116,1058.998
0.0,0.0,1966.5689,-44.5476
0.0,0.0,1968.4262,2.9553
0.0,0.0,1970.2835,839.5206
0.0,0.0,1972.1408,863.5238
0.0,0.0,1973.998,527.8553
0.0,0.0,1975.8553,242.1756
0.0,0.0,1977.7126,-178.7109
0.0,0.0,1979.5699,-129.8491
0.0,0.0,1981.4272,721.4223
0.0,0.0,1983.2845,270.2013
0.0,0.0,1985.1417,55.0074
0.0,0.0,1986.999,1067.9072
0.0,0.0,1988.8563,103.6182
0.0,0.0,1990.7136,328.4889
0.0,0.0,1992.5709,-345.4087
0.0,0.0,1994.4282,-286.7564
0.0,0.0,1996.2854,124.0815
0.0,0.0,1998.1427,-12.1283
0.0,0.0,2000.0,701.8094
0.0,0.1,100.0,971.5806
0.0,0.1,101.8573,253.2848
0.0,0.1,103.7146,-638.604
0.0,0.1,105.5718,233.5073
0.0,0.1,107.4291,1466.0752
0.0,0.1,109.2864,179.2906
0.0,0.1,111.1437,58.1126
0.0,0.1,113.001,483.2668
0.0,0.1,114.8583,308.1837
0.0,0.1,116.7155,171.1622
0.0,0.1,118.5728,479.0982
0.0,0.1,120.4301,661.9102
0.0,0.1,122.2874,156.0516
0.0,0.1,124.1447,516.5331
0.0,0.1,126.002,443.3915
0.0,0.1,127.8592,41.5923
0.0,0.1,129.7165,119.6156
0.0,0.1,131.5738,-62.2414
0.0,0.1,133.4311,122.2959
0.0,0.1,135.2884,278.3172
0.0,0.1,137.1457,303.7875
0.0,0.1,139.0029,201.5495
0.0,0.1,140.8602,516.2049
0.0,0.1,142.7175,807.6286
0.0,0.1,144.5748,850.4219
0.0,0.1,146.4321,-155.4453
0.0,0.1,148.2893,644.0789
0.0,0.1,150.1466,260.2484
0.0,0.1,152.0039,354.2034
0.0,0.1,153.8612,951.1848
0.0,0.1,155.7185,891.0644
0.0,0.1,157.5758,-81.7705
0.0,0.1,159.433,186.0427
0.0,0.1,161.2903,829.6403
0.0,0.1,163.1476,125.7297
0.0,0.1,165.0049,246.2129
0.0,0.1,166.8622,329.4859
0.0,0.1,168.7195,330.3249
0.0,0.1,170.5767,91.1112
0.0,0.1,172.434,604.2502
0.0,0.1,174.2913,-292.9643
0.0,0.1,176.1486,121.5998
0.0,0.1,178.0059,425.2191
0.0,0.1,179.8631,-289.316
0.0,0.1,181.7204,-58.2988
0.0,0.1,183.5777,323.9128
0.0,0.1,185.435,47.519
0.0,0.1,187.2923,273.6451
0.0,0.1,189.1496,370.9436
0.0,0.1,191.0068,-161.8078
0.0,0.1,192.8641,-216.5428
0.0,0.1,194.7214,1136.9731
0.0,0.1,196.5787,212.7035
0.0,0.1,198.436,614.8897
0.0,0.1,200.2933,302.6756
0.0,0.1,202.1505,636.0195
0.0,0.1,204.0078,-533.8118
0.0,0.1,205.8651,171.534
0.0,0.1,207.7224,-435.4459
0.0,0.1,209.5797,114.716
0.0,0.1,211.437,171.8801
0.0,0.1,213.2942,-16.2615
0.0,0.1,215.1515,374.286
0.0,0.1,217.0088,-129.0798
0.0,0.1,218.8661,230.6397
0.0,0.1,220.7234,-62.333
0.0,0.1,222.5806,268.0918
0.0,0.1,224.4379,268.8078
0.0,0.1,226.2952,948.2671
0.0,0.1,228.1525,699.6332
0.0,0.1,230.0098,-160.7794
0.0,0.1,231.8671,153.7666
0.0,0.1,233.7243,361.3256
0.0,0.1,235.5816,-337.4246
0.0,0.1,237.4389,909.7381
0.0,0.1,239.2962,-163.749
0.0,0.1,241.1535,169.0156
0.0,0.1,243.0108,37.7721
0.0,0.1,244.868,94.7302
0.0,0.1,246.7253,78.8859
0.0,0.1,248.5826,664.5269
0.0,0.1,250.4399,1152.9447
0.0,0.1,252.2972,778.9231
0.0,0.1,254.1544,281.8278
0.0,0.1,256.0117,616.4504
0.0,0.1,257.869,119.1565
0.0,0.1,259.7263,330.645
0.0,0.1,261.5836,750.558
0.0,0.1,263.4409,152.888
0.0,0.1,265.2981,-12.284
0.0,0.1,267.1554,312.5144
0.0,0.1,269.0127,-312.3265
0.0,0.1,270.87,377.6242
0.0,0.1,272.7273,251.4522
0.0,0.1,274.5846,139.6495
0.0,0.1,276.4418,184.0286
0.0,0.1,278.2991,250.1957
0.0,0.1,280.1564,69.8901
0.0,0.1,282.0137,258.8285
0.0,0.1,283.871,660.4265
0.0,0.1,285.7283,1102.5883
0.0,0.1,287.5855,495.1857
0.0,0.1,289.4428,-392.8314
0.0,0.1,291.3001,247.4831
0.0,0.1,293.1574,1013.6504
0.0,0.1,295.0147,62.3333
0.0,0.1,296.8719,229.9771
0.0,0.1,298.7292,1280.6767
0.0,0.1,300.5865,-127.8039
0.0,0.1,302.4438,736.924
0.0,0.1,304.3011,-311.7497
0.0,0.1,306.1584,34.4087
0.0,0.1,308.0156,477.6008
0.0,0.1,309.8729,1010.768
0.0,0.1,311.7302,387.9638
0.0,0.1,313.5875,-28.5061
0.0,0.1,315.4448,-591.6509
0.0,0.1,317.3021,180.7232
0.0,0.1,319.1593,158.631
0.0,0.1,321.0166,256.9763
0.0,0.1,322.8739,289.3707
0.0,0.1,324.7312,144.0799
0.0,0.1,326.5885,152.6949
0.0,0.1,328.4457,774.1777
0.0,0.1,330.303,944.2524
0.0,0.1,332.1603,1358.064
0.0,0.1,334.0176,534.9613
0.0,0.1,335.8749,254.039
0.0,0.1,337.7322,-49.0254
0.0,0.1,339.5894,115.1614
0.0,0.1,341.4467,-86.1577
0.0,0.1,343.304,0.5094
0.0,0.1,345.1613,236.2711
0.0,0.1,347.0186,676.5987
0.0,0.1,348.8759,-11.1368
0.0,0.1,350.7331,-1.3381
0.0,0.1,352.5904,224.6733
0.0,0.1,354.4477,244.2317
0.0,0.1,356.305,-24.4246
0.0,0.1,358.1623,-345.3096
0.0,0.1,360.0196,296.8958
0.0,0.1,361.8768,164.2814
0.0,0.1,363.7341,695.2586
0.0,0.1,365.5914,251.0796
0.0,0.1,367.4487,173.5346
0.0,0.1,369.306,562.3122
0.0,0.1,371.1632,-238.5975
0.0,0.1,373.0205,734.5591
0.0,0.1,374.8778,298.5267
0.0,0.1,376.7351,311.4585
0.0,0.1,378.5924,48.636
0.0,0.1,380.4497,594.2359
0.0,0.1,382.3069,-199.1525
0.0,0.1,384.1642,394.9837
0.0,0.1,386.0215,119.6598
0.0,0.1,387.8788,683.2816
0.0,0.1,389.7361,572.8098
0.0,0.1,391.5934,528.7422
0.0,0.1,393.4506,1228.4267
0.0,0.1,395.3079,942.7995
0.0,0.1,397.1652,760.8246
0.0,0.1,399.0225,227.8743
0.0,0.1,400.8798,-541.7021
0.0,0.1,402.737,-140.8863
0.0,0.1,404.5943,13.1924
0.0,0.1,406.4516,493.6366
0.0,0.1,408.3089,694.8284
0.0,0.1,410.1662,120.9775
0.0,0.1,412.0235,-88.5278
0.0,0.1,413.8807,24.9507
0.0,0.1,415.738,1235.4901
0.0,0.1,417.5953,409.0829
0.0,0.1,419.4526,361.9472
0.0,0.1,421.3099,832.1566
0.0,0.1,423.1672,320.0777
0.0,0.1,425.0244,1060.1624
0.0,0.1,426.8817,384.4413
0.0,0.1,428.739,301.4685
0.0,0.1,430.5963,384.9857
0.0,0.1,432.4536,597.3781
0.0,0.1,434.3109,479.0363
0.0,0.1,436.1681,61.9906
0.0,0.1,438.0254,-121.5397
0.0,0.1,439.8827,1033.0606
0.0,0.1,441.74,797.8343
0.0,0.1,443.5973,828.3779
0.0,0.1,445.4545,163.9331
0.0,0.1,447.3118,251.0534
0.0,0.1,449.1691,35.231
0.0,0.1,451.0264,371.4404
0.0,0.1,452.8837,463.3692
0.0,0.1,454.741,753.1411
0.0,0.1,456.5982,1037.6484
0.0,0.1,458.4555,698.3167
0.0,0.1,460.3128,852.7545
0.0,0.1,462.1701,859.0415
0.0,0.1,464.0274,734.6189
0.0,0.1,465.8847,575.122
0.0,0.1,467.7419,750.4468
0.0,0.1,469.5992,101.0187
0.0,0.1,471.4565,-90.3286
0.0,0.1,473.3138,10.9278
0.0,0.1,475.1711,449.8917
0.0,0.1,477.0283,-501.7024
0.0,0.1,478.8856,313.6034
0.0,0.1,480.7429,-287.3547
0.0,0.1,482.6002,516.5769
0.0,0.1,484.4575,917.7396
0.0,0.1,486.3148,302.5495
0.0,0.1,488.172,210.4084
0.0,0.1,490.0293,322.5513
0.0,0.1,491.8866,139.3956
0.0,0.1,493.7439,156.9694
0.0,0.1,495.6012,565.4661
0.0,0.1,497.4585,249.3096
0.0,0.1,499.3157,116.6285
0.0,0.1,501.173,404.3613
0.0,0.1,503.0303,329.3193
0.0,0.1,504.8876,348.5489
0.0,0.1,506.7449,714.669
0.0,0.1,508.6022,184.1147
0.0,0.1,510.4594,-434.9665
0.0,0.1,512.3167,-300.2079
0.0,0.1,514.174,765.986
0.0,0.1,516.0313,-167.2628
0.0,0.1,517.8886,787.8245
0.0,0.1,519.7458,-294.1287
0.0,0.1,521.6031,76.1738
0.0,0.1,523.4604,37.1078
0.0,0.1,525.3177,445.3351
0.0,0.1,527.175,125.036
0.0,0.1,529.0323,-628.4852
0.0,0.1,530.8895,376.8541
0.0,0.1,532.7468,842.9911
0.0,0.1,534.6041,-79.9026
0.0,0.1,536.4614,330.9795
0.0,0.1,538.3187,317.3422
0.0,0.1,540.176,17.6644
0.0,0.1,542.0332,-86.4197
0.0,0.1,543.8905,986.2337
0.0,0.1,545.7478,361.0322
0.0,0.1,547.6051,-53.5117
0.0,0.1,549.4624,993.1172
0.0,0.1,551.3196,-324.6621
0.0,0.1,553.1769,-4.0897
0.0,0.1,555.0342,76.0991
0.0,0.1,556.8915,846.3588
0.0,0.1,558.7488,328.0214
0.0,0.1,560.6061,278.4565
0.0,0.1,562.4633,7.3729
0.0,0.1,564.3206,-324.2738
0.0,0.1,566.1779,546.6262
0.0,0.1,568.0352,-76.0806
0.0,0.1,569.8925,605.0838
0.0,0.1,571.7498,-243.6493
0.0,0.1,573.607,632.1281
0.0,0.1,575.4643,249.8317
0.0,0.1,577.3216,292.4796
0.0,0.1,579.1789,307.442
0.0,0.1,581.0362,128.0278
0.0,0.1,582.8935,398.7295
0.0,0.1,584.7507,586.8742
0.0,0.1,586.608,-70.5472
0.0,0.1,588.4653,758.0316
0.0,0.1,590.3226,524.6549
0.0,0.1,592.1799,336.1472
0.0,0.1,594.0371,486.3532
0.0,0.1,595.8944,272.1202
0.0,0.1,597.7517,1151.4831
0.0,0.1,599.609,644.257
0.0,0.1,601.4663,369.0578
0.0,0.1,603.3236,184.3749
0.0,0.1,605.1808,812.3197
0.0,0.1,607.0381,968.6093
0.0,0.1,608.8954,2162.1127
0.0,0.1,610.7527,2122.0159
0.0,0.1,612.61,3024.2922
0.0,0.1,614.4673,3217.9182
0.0,0.1,616.3245,5169.5755
0.0,0.1,618.1818,9123.1147
0.0,0.1,620.0391,12702.2377
0.0,0.1,621.8964,12127.0497
0.0,0.1,623.7537,8280.41
0.0,0.1,625.6109,5709.645
0.0,0.1,627.4682,3857.6624
0.0,0.1,629.3255,3122.0231
0.0,0.1,631.1828,1580.6455
0.0,0.1,633.0401,2289.2874
0.0,0.1,634.8974,1547.0193
0.0,0.1,636.7546,614.6228
0.0,0.1,638.6119,1091.1385
0.0,0.1,640.4692,1001.5729
0.0,0.1,642.3265,406.9442
0.0,0.1,644.1838,673.3393
0.0,0.1,646.0411,807.3948
0.0,0.1,647.8983,640.3447
0.0,0.1,649.7556,1224.2255
0.0,0.1,651.6129,1196.2552
0.0,0.1,653.4702,518.457
0.0,0.1,655.3275,534.1826
0.0,0.1,657.1848,1113.5208
0.0,0.1,659.042,171.1181
0.0,0.1,660.8993,870.3295
0.0,0.1,662.7566,180.9446
0.0,0.1,664.6139,877.4324
0.0,0.1,666.4712,235.0859
0.0,0.1,668.3284,776.7686
0.0,0.1,670.1857,-188.3715
0.0,0.1,672.043,1028.6195
0.0,0.1,673.9003,379.6007
0.0,0.1,675.7576,189.4642
0.0,0.1,677.6149,712.2664
0.0,0.1,679.4721,684.7411
0.0,0.1,681.3294,494.3604
0.0,0.1,683.1867,377.5622
0.0,0.1,685.044,338.1087
0.0,0.1,686.9013,-5.9458
0.0,0.1,688.7586,334.8907
0.0,0.1,690.6158,596.2265
0.0,0.1,692.4731,251.227
0.0,0.1,694.3304,-377.1485
0.0,0.1,696.1877,827.368
0.0,0.1,698.045,-502.8342
0.0,0.1,699.9022,-30.3058
0.0,0.1,701.7595,470.6507
0.0,0.1,703.6168,641.3223
0.0,0.1,705.4741,620.5504
0.0,0.1,707.3314,336.8223
0.0,0.1,709.1887,523.8885
0.0,0.1,711.0459,980.651
0.0,0.1,712.9032,-100.9521
0.0,0.1,714.7605,643.5465
0.0,0.1,716.6178,283.0704
0.0,0.1,718.4751,285.7949
0.0,0.1,720.3324,243.3107
0.0,0.1,722.1896,183.6766
0.0,0.1,724.0469,475.575
0.0,0.1,725.9042,685.4413
0.0,0.1,727.7615,659.6819
0.0,0.1,729.6188,145.44
0.0,0.1,731.4761,296.622
0.0,0.1,733.3333,-313.1089
0.0,0.1,735.1906,269.3634
0.0,0.1,737.0479,965.3009
0.0,0.1,738.9052,767.6822
0.0,0.1,740.7625,491.4217
0.0,0.1,742.6197,630.0767
0.0,0.1,744.477,16.7681
0.0,0.1,746.3343,262.1975
0.0,0.1,748.1916,259.5947
0.0,0.1,750.0489,1270.6813
0.0,0.1,751.9062,-248.2464
0.0,0.1,753.7634,343.876
0.0,0.1,755.6207,651.7763
0.0,0.1,757.478,-88.7504
0.0,0.1,759.3353,612.8216
0.0,0.1,761.1926,461.8261
0.0,0.1,763.0499,442.5141
0.0,0.1,764.9071,-116.1397
0.0,0.1,766.7644,80.9226
0.0,0.1,768.6217,513.8393
0.0,0.1,770.479,760.0804
0.0,0.1,772.3363,447.8991
0.0,0.1,774.1935,255.0607
0.0,0.1,776.0508,946.603
0.0,0.1,777.9081,1006.026
0.0,0.1,779.7654,1233.9025
0.0,0.1,781.6227,883.4164
0.0,0.1,783.48,1082.5886
0.0,0.1,785.3372,1420.6002
0.0,0.1,787.1945,1964.9884
0.0,0.1,789.0518,2756.7451
0.0,0.1,790.9091,3073.9083
0.0,0.1,792.7664,5653.4906
0.0,0.1,794.6237,6100.8282
0.0,0.1,796.4809,6159.1146
0.0,0.1,798.3382,4495.2651
0.0,0.1,800.1955,3596.1236
0.0,0.1,802.0528,3095.4267
0.0,0.1,803.9101,2056.6385
0.0,0.1,805.7674,1559.2603
0.0,0.1,807.6246,894.5753
0.0,0.1,809.4819,173.2841
0.0,0.1,811.3392,261.7166
0.0,0.1,813.1965,810.1605
0.0,0.1,815.0538,-354.9055
0.0,0.1,816.911,317.8431
0.0,0.1,818.7683,-225.9892
0.0,0.1,820.6256,1087.5573
0.0,0.1,822.4829,1223.2606
0.0,0.1,824.3402,-354.8879
0.0,0.1,826.1975,-344.3957
0.0,0.1,828.0547,-204.2967
0.0,0.1,829.912,721.4857
0.0,0.1,831.7693,263.1673
0.0,0.1,833.6266,1343.8616
0.0,0.1,835.4839,807.4155
0.0,0.1,837.3412,218.5348
0.0,0.1,839.1984,1.7137
0.0,0.1,841.0557,940.2829
0.0,0.1,842.913,291.0737
0.0,0.1,844.7703,669.5264
0.0,0.1,846.6276,750.8311
0.0,0.1,848.4848,-69.9456
0.0,0.1,850.3421,116.2761
0.0,0.1,852.1994,130.4354
0.0,0.1,854.0567,394.301
0.0,0.1,855.914,227.1322
0.0,0.1,857.7713,407.6603
0.0,0.1,859.6285,621.0149
0.0,0.1,861.4858,321.1915
0.0,0.1,863.3431,-69.4456
0.0,0.1,865.2004,-194.6044
0.0,0.1,867.0577,178.3557
0.0,0.1,868.915,58.4302
0.0,0.1,870.7722,-44.3106
0.0,0.1,872.6295,-81.0145
0.0,0.1,874.4868,656.5685
0.0,0.1,876.3441,-85.6583
0.0,0.1,878.2014,49.1031
0.0,0.1,880.0587,909.3706
0.0,0.1,881.9159,248.1166
0.0,0.1,883.7732,963.9344
0.0,0.1,885.6305,298.4773
0.0,0.1,887.4878,12.1371
0.0,0.1,889.3451,443.7343
0.0,0.1,891.2023,-380.8826
0.0,0.1,893.0596,736.0282
0.0,0.1,894.9169,-50.4318
0.0,0.1,896.7742,783.2584
0.0,0.1,898.6315,323.6795
0.0,0.1,900.4888,209.268
0.0,0.1,902.346,467.587
0.0,0.1,904.2033,895.9717
0.0,0.1,906.0606,199.8593
0.0,0.1,907.9179,104.4983
0.0,0.1,909.7752,226.6014
0.0,0.1,911.6325,525.5002
0.0,0.1,913.4897,192.483
0.0,0.1,915.347,284.6507
0.0,0.1,917.2043,-144.341
0.0,0.1,919.0616,1400.8584
0.0,0.1,920.9189,848.3297
0.0,0.1,922.7761,439.1258
0.0,0.1,924.6334,134.5201
0.0,0.1,926.4907,374.9527
0.0,0.1,928.348,140.2725
0.0,0.1,930.2053,1024.2833
0.0,0.1,932.0626,578.9632
0.0,0.1,933.9198,837.6596
0.0,0.1,935.7771,-60.631
0.0,0.1,937.6344,773.2064
0.0,0.1,939.4917,618.8616
0.0,0.1,941.349,486.8877
0.0,0.1,943.2063,83.6716
0.0,0.1,945.0635,1163.8915
0.0,0.1,946.9208,902.0109
0.0,0.1,948.7781,617.2646
0.0,0.1,950.6354,479.3465
0.0,0.1,952.4927,508.2096
0.0,0.1,954.35,142.137
0.0,0.1,956.2072,619.1078
0.0,0.1,958.0645,509.4192
0.0,0.1,959.9218,-28.7742
0.0,0.1,961.7791,1046.2229
0.0,0.1,963.6364,1366.0062
0.0,0.1,965.4936,1239.874
0.0,0.1,967.3509,207.1511
0.0,0.1,969.2082,842.4564
0.0,0.1,971.0655,804.7879
0.0,0.1,972.9228,356.2117
0.0,0.1,974.7801,428.7424
0.0,0.1,976.6373,871.4839
0.0,0.1,978.4946,1560.7809
0.0,0.1,980.3519,1441.074
0.0,0.1,982.2092,1165.2579
0.0,0.1,984.0665,1495.3772
0.0,0.1,985.9238,2094.5078
0.0,0.1,987.781,2224.0963
0.0,0.1,989.6383,3315.01
0.0,0.1,991.4956,4103.1629
0.0,0.1,993.3529,5794.0053
0.0,0.1,995.2102,8638.516
0.0,0.1,997.0674,13939.0686
0.0,0.1,998.9247,25216.6912
0.0,0.1,1000.782,40943.4772
0.0,0.1,1002.6393,35852.2197
0.0,0.1,1004.4966,20978.9958
0.0,0.1,1006.3539,11294.3707
0.0,0.1,1008.2111,7725.3071
0.0,0.1,1010.0684,5461.467
0.0,0.1,1011.9257,4424.3649
0.0,0.1,1013.783,3771.4884
0.0,0.1,1015.6403,3333.1879
0.0,0.1,1017.4976,2956.4063
0.0,0.1,1019.3548,3263.5466
0.0,0.1,1021.2121,3254.9416
0.0,0.1,1023.0694,4561.566
0.0,0.1,1024.9267,6460.7346
0.0,0.1,1026.784,8688.2649
0.0,0.1,1028.6413,14440.3285
0.0,0.1,1030.4985,22652.6665
0.0,0.1,1032.3558,25140.7239
0.0,0.1,1034.2131,17199.2107
0.0,0.1,1036.0704,10264.8087
0.0,0.1,1037.9277,6917.0866
0.0,0.1,1039.7849,4064.5331
0.0,0.1,1041.6422,2863.1387
0.0,0.1,1043.4995,2707.1916
0.0,0.1,1045.3568,1818.8991
0.0,0.1,1047.2141,1818.2929
0.0,0.1,1049.0714,979.0314
0.0,0.1,1050.9286,1259.1345
0.0,0.1,1052.7859,1570.6913
0.0,0.1,1054.6432,346.3552
0.0,0.1,1056.5005,448.3449
0.0,0.1,1058.3578,872.8704
0.0,0.1,1060.2151,520.9081
0.0,0.1,1062.0723,1144.1908
0.0,0.1,1063.9296,647.1361
0.0,0.1,1065.7869,56.4048
0.0,0.1,1067.6442,2.0669
0.0,0.1,1069.5015,1574.8742
0.0,0.1,1071.3587,1020.5748
0.0,0.1,1073.216,561.6641
0.0,0.1,1075.0733,418.7574
0.0,0.1,1076.9306,529.8931
0.0,0.1,1078.7879,808.3167
0.0,0.1,1080.6452,74.6091
0.0,0.1,1082.5024,612.7209
0.0,0.1,1084.3597,440.9352
0.0,0.1,1086.217,1167.1293
0.0,0.1,1088.0743,1678.1936
0.0,0.1,1089.9316,454.3478
0.0,0.1,1091.7889,-15.9714
0.0,0.1,1093.6461,530.0088
0.0,0.1,1095.5034,93.5694
0.0,0.1,1097.3607,666.1641
0.0,0.1,1099.218,560.9886
0.0,0.1,1101.0753,1018.5736
0.0,0.1,1102.9326,1098.603
0.0,0.1,1104.7898,447.4204
0.0,0.1,1106.6471,580.4098
0.0,0.1,1108.5044,841.6239
0.0,0.1,1110.3617,265.0284
0.0,0.1,1112.219,328.9289
0.0,0.1,1114.0762,626.5052
0.0,0.1,1115.9335,332.3152
0.0,0.1,1117.7908,460.9782
0.0,0.1,1119.6481,521.0602
0.0,0.1,1121.5054,-166.5671
0.0,0.1,1123.3627,482.4981
0.0,0.1,1125.2199,326.9846
0.0,0.1,1127.0772,1468.6093
0.0,0.1,1128.9345,832.9044
0.0,0.1,1130.7918,756.6594
0.0,0.1,1132.6491,831.9712
0.0,0.1,1134.5064,1305.9053
0.0,0.1,1136.3636,824.627
0.0,0.1,1138.2209,1796.7314
0.0,0.1,1140.0782,686.7661
0.0,0.1,1141.9355,1274.4032
0.0,0.1,1143.7928,2025.0287
0.0,0.1,1145.65,2296.1228
0.0,0.1,1147.5073,2751.487
0.0,0.1,1149.3646,3668.5539
0.0,0.1,1151.2219,6439.388
0.0,0.1,1153.0792,8278.2845
0.0,0.1,1154.9365,10185.394
0.0,0.1,1156.7937,9118.6552
0.0,0.1,1158.651,7675.1112
0.0,0.1,1160.5083,5071.3698
0.0,0.1,1162.3656,3676.804
0.0,0.1,1164.2229,2265.6688
0.0,0.1,1166.0802,2166.6806
0.0,0.1,1167.9374,1789.2048
0.0,0.1,1169.7947,1121.153
0.0,0.1,1171.652,913.535
0.0,0.1,1173.5093,1033.9833
0.0,0.1,1175.3666,734.9256
0.0,0.1,1177.2239,82.5642
0.0,0.1,1179.0811,1101.4164
0.0,0.1,1180.9384,592.5867
0.0,0.1,1182.7957,603.527
0.0,0.1,1184.653,1051.3061
0.0,0.1,1186.5103,1092.4017
0.0,0.1,1188.3675,343.6307
0.0,0.1,1190.2248,182.7593
0.0,0.1,1192.0821,770.1508
0.0,0.1,1193.9394,865.6258
0.0,0.1,1195.7967,612.3869
0.0,0.1,1197.654,415.885
0.0,0.1,1199.5112,729.127
0.0,0.1,1201.3685,834.1115
0.0,0.1,1203.2258,-220.4219
0.0,0.1,1205.0831,643.4355
0.0,0.1,1206.9404,-112.5107
0.0,0.1,1208.7977,348.6818
0.0,0.1,1210.6549,102.5058
0.0,0.1,1212.5122,753.2484
0.0,0.1,1214.3695,455.8819
0.0,0.1,1216.2268,1228.2195
0.0,0.1,1218.0841,766.5323
0.0,0.1,1219.9413,1157.8792
0.0,0.1,1221.7986,380.5931
0.0,0.1,1223.6559,-111.1743
0.0,0.1,1225.5132,935.1436
0.0,0.1,1227.3705,459.1479
0.0,0.1,1229.2278,-45.4161
0.0,0.1,1231.085,110.0131
0.0,0.1,1232.9423,-481.7995
0.0,0.1,1234.7996,1255.1753
0.0,0.1,1236.6569,1262.1528
0.0,0.1,1238.5142,685.3331
0.0,0.1,1240.3715,445.5519
0.0,0.1,1242.2287,196.6065
0.0,0.1,1244.086,1179.7587
0.0,0.1,1245.9433,1242.8918
0.0,0.1,1247.8006,1211.6262
0.0,0.1,1249.6579,514.4056
0.0,0.1,1251.5152,381.0296
0.0,0.1,1253.3724,1303.738
0.0,0.1,1255.2297,805.3226
0.0,0.1,1257.087,281.1061
0.0,0.1,1258.9443,622.0385
0.0,0.1,1260.8016,229.19
0.0,0.1,1262.6588,491.9608
0.0,0.1,1264.5161,213.2304
0.0,0.1,1266.3734,214.6384
0.0,0.1,1268.2307,-189.8532
0.0,0.1,1270.088,413.2057
0.0,0.1,1271.9453,378.0507
0.0,0.1,1273.8025,356.2285
0.0,0.1,1275.6598,-136.2098
0.0,0.1,1277.5171,467.7416
0.0,0.1,1279.3744,583.5631
0.0,0.1,1281.2317,674.7024
0.0,0.1,1283.089,-437.5649
0.0,0.1,1284.9462,371.1184
0.0,0.1,1286.8035,282.8044
0.0,0.1,1288.6608,309.5168
0.0,0.1,1290.5181,-74.0104
0.0,0.1,1292.3754,588.6009
0.0,0.1,1294.2326,35.5278
0.0,0.1,1296.0899,-47.4156
0.0,0.1,1297.9472,33.0244
0.0,0.1,1299.8045,65.9741
0.0,0.1,1301.6618,1137.8702
0.0,0.1,1303.5191,611.322
0.0,0.1,1305.3763,996.0206
0.0,0.1,1307.2336,614.9638
0.0,0.1,1309.0909,1031.5462
0.0,0.1,1310.9482,726.0876
0.0,0.1,1312.8055,816.4455
0.0,0.1,1314.6628,678.2258
0.0,0.1,1316.52,707.589
0.0,0.1,1318.3773,-155.2509
0.0,0.1,1320.2346,-12.5115
0.0,0.1,1322.0919,679.3912
0.0,0.1,1323.9492,1025.5139
0.0,0.1,1325.8065,613.2018
0.0,0.1,1327.6637,475.6225
0.0,0.1,1329.521,46.576
0.0,0.1,1331.3783,1040.6229
0.0,0.1,1333.2356,249.4435
0.0,0.1,1335.0929,436.3167
0.0,0.1,1336.9501,-275.526
0.0,0.1,1338.8074,788.3663
0.0,0.1,1340.6647,250.2572
0.0,0.1,1342.522,398.7295
0.0,0.1,1344.3793,62.7762
0.0,0.1,1346.2366,-4.9015
0.0,0.1,1348.0938,-706.1726
0.0,0.1,1349.9511,96.6872
0.0,0.1,1351.8084,179.767
0.0,0.1,1353.6657,1150.3434
0.0,0.1,1355.523,443.328
0.0,0.1,1357.3803,468.0913
0.0,0.1,1359.2375,326.7554
0.0,0.1,1361.0948,366.6009
0.0,0.1,1362.9521,771.609
0.0,0.1,1364.8094,676.2222
0.0,0.1,1366.6667,699.9784
0.0,0.1,1368.5239,112.8197
0.0,0.1,1370.3812,259.9502
0.0,0.1,1372.2385,606.2962
0.0,0.1,1374.0958,-203.3593
0.0,0.1,1375.9531,283.9307
0.0,0.1,1377.8104,557.7213
0.0,0.1,1379.6676,964.172
0.0,0.1,1381.5249,796.9502
0.0,0.1,1383.3822,652.1909
0.0,0.1,1385.2395,767.915
0.0,0.1,1387.0968,391.9891
0.0,0.1,1388.9541,-566.8005
0.0,0.1,1390.8113,-57.8004
0.0,0.1,1392.6686,1234.2396
0.0,0.1,1394.5259,802.6829
0.0,0.1,1396.3832,675.0046
0.0,0.1,1398.2405,670.7091
0.0,0.1,1400.0978,273.489
0.0,0.1,1401.955,937.4268
0.0,0.1,1403.8123,373.1545
0.0,0.1,1405.6696,245.0226
0.0,0.1,1407.5269,558.2654
0.0,0.1,1409.3842,929.8535
0.0,0.1,1411.2414,163.0419
0.0,0.1,1413.0987,204.8646
0.0,0.1,1414.956,979.3704
0.0,0.1,1416.8133,856.0194
0.0,0.1,1418.6706,707.9166
0.0,0.1,1420.5279,1035.4522
0.0,0.1,1422.3851,294.3717
0.0,0.1,1424.2424,1025.0687
0.0,0.1,1426.0997,696.6704
0.0,0.1,1427.957,1034.6255
0.0,0.1,1429.8143,804.5385
0.0,0.1,1431.6716,2245.4452
0.0,0.1,1433.5288,2107.4793
0.0,0.1,1435.3861,2085.1956
0.0,0.1,1437.2434,2889.3439
0.0,0.1,1439.1007,2923.6985
0.0,0.1,1440.958,4245.0038
0.0,0.1,1442.8152,5683.6232
0.0,0.1,1444.6725,7547.105
0.0,0.1,1446.5298,10768.377
0.0,0.1,1448.3871,12945.0969
0.0,0.1,1450.2444,15162.7304
0.0,0.1,1452.1017,13780.7563
0.0,0.1,1453.9589,11648.1159
0.0,0.1,1455.8162,7883.7728
0.0,0.1,1457.6735,6386.6856
0.0,0.1,1459.5308,4491.4507
0.0,0.1,1461.3881,3380.0409
0.0,0.1,1463.2454,3004.067
0.0,0.1,1465.1026,2125.2271
0.0,0.1,1466.9599,1753.4961
0.0,0.1,1468.8172,2015.8186
0.0,0.1,1470.6745,1317.6994
0.0,0.1,1472.5318,1750.4472
0.0,0.1,1474.3891,278.5519
0.0,0.1,1476.2463,826.5148
0.0,0.1,1478.1036,1217.5192
0.0,0.1,1479.9609,282.0553
0.0,0.1,1481.8182,985.1389
0.0,0.1,1483.6755,-57.9216
0.0,0.1,1485.5327,355.7813
0.0,0.1,1487.39,489.1832
0.0,0.1,1489.2473,346.4378
0.0,0.1,1491.1046,1533.899
0.0,0.1,1492.9619,851.3925
0.0,0.1,1494.8192,803.7755
0.0,0.1,1496.6764,-127.5506
0.0,0.1,1498.5337,215.1098
0.0,0.1,1500.391,896.271
0.0,0.1,1502.2483,669.5352
0.0,0.1,1504.1056,64.084
0.0,0.1,1505.9629,274.1319
0.0,0.1,1507.8201,1120.5555
0.0,0.1,1509.6774,851.7416
0.0,0.1,1511.5347,410.6416
0.0,0.1,1513.392,311.3924
0.0,0.1,1515.2493,301.0526
0.0,0.1,1517.1065,344.8168
0.0,0.1,1518.9638,190.7072
0.0,0.1,1520.8211,-29.2342
0.0,0.1,1522.6784,33.4825
0.0,0.1,1524.5357,945.0638
0.0,0.1,1526.393,10.7852
0.0,0.1,1528.2502,785.8574
0.0,0.1,1530.1075,886.1033
0.0,0.1,1531.9648,801.3733
0.0,0.1,1533.8221,765.4071
0.0,0.1,1535.6794,514.0695
0.0,0.1,1537.5367,1281.3992
0.0,0.1,1539.3939,1100.0078
0.0,0.1,1541.2512,836.4549
0.0,0.1,1543.1085,840.516
0.0,0.1,1544.9658,622.7655
0.0,0.1,1546.8231,680.8692
0.0,0.1,1548.6804,1667.2054
0.0,0.1,1550.5376,1366.4775
0.0,0.1,1552.3949,307.0523
0.0,0.1,1554.2522,1420.0927
0.0,0.1,1556.1095,959.2791
0.0,0.1,1557.9668,621.5008
0.0,0.1,1559.824,1156.5074
0.0,0.1,1561.6813,1029.274
0.0,0.1,1563.5386,1606.5711
0.0,0.1,1565.3959,1424.1935
0.0,0.1,1567.2532,2054.2278
0.0,0.1,1569.1105,2017.3805
0.0,0.1,1570.9677,2320.6886
0.0,0.1,1572.825,2716.377
0.0,0.1,1574.6823,3530.7336
0.0,0.1,1576.5396,5626.3381
0.0,0.1,1578.3969,7546.5035
0.0,0.1,1580.2542,10375.3674
0.0,0.1,1582.1114,12925.8848
0.0,0.1,1583.9687,13458.0543
0.0,0.1,1585.826,11604.4856
0.0,0.1,1587.6833,8649.0891
0.0,0.1,1589.5406,6846.7596
0.0,0.1,1591.3978,5962.6003
0.0,0.1,1593.2551,6466.5319
0.0,0.1,1595.1124,6814.2054
0.0,0.1,1596.9697,9323.3966
0.0,0.1,1598.827,13319.9273
0.0,0.1,1600.6843,19245.2782
0.0,0.1,1602.5415,22345.7342
0.0,0.1,1604.3988,16964.9261
0.0,0.1,1606.2561,11232.6508
0.0,0.1,1608.1134,7497.809
0.0,0.1,1609.9707,4698.7678
0.0,0.1,1611.828,3117.1349
0.0,0.1,1613.6852,3184.822
0.0,0.1,1615.5425,2183.8055
0.0,0.1,1617.3998,1644.2688
0.0,0.1,1619.2571,2021.823
0.0,0.1,1621.1144,913.7655
0.0,0.1,1622.9717,1638.8215
0.0,0.1,1624.8289,427.1411
0.0,0.1,1626.6862,779.2009
0.0,0.1,1628.5435,666.4072
0.0,0.1,1630.4008,615.3284
0.0,0.1,1632.2581,1499.4931
0.0,0.1,1634.1153,771.7962
0.0,0.1,1635.9726,89.1063
0.0,0.1,1637.8299,1113.1024
0.0,0.1,1639.6872,520.4641
0.0,0.1,1641.5445,101.7344
0.0,0.1,1643.4018,740.893
0.0,0.1,1645.259,1152.9087
0.0,0.1,1647.1163,57.3789
0.0,0.1,1648.9736,603.2512
0.0,0.1,1650.8309,511.1271
0.0,0.1,1652.6882,-63.7808
0.0,0.1,1654.5455,1070.7409
0.0,0.1,1656.4027,1270.1485
0.0,0.1,1658.26,268.395
0.0,0.1,1660.1173,-720.9508
0.0,0.1,1661.9746,516.9832
0.0,0.1,1663.8319,200.6796
0.0,0.1,1665.6891,385.9172
0.0,0.1,1667.5464,193.1809
0.0,0.1,1669.4037,-305.2701
0.0,0.1,1671.261,24.6302
0.0,0.1,1673.1183,778.7607
0.0,0.1,1674.9756,855.5969
0.0,0.1,1676.8328,-82.8306
0.0,0.1,1678.6901,-412.1703
0.0,0.1,1680.5474,625.2292
0.0,0.1,1682.4047,324.3571
0.0,0.1,1684.262,-87.3735
0.0,0.1,1686.1193,-183.6313
0.0,0.1,1687.9765,367.8319
0.0,0.1,1689.8338,814.3519
0.0,0.1,1691.6911,566.3556
0.0,0.1,1693.5484,-267.3642
0.0,0.1,1695.4057,281.3026
0.0,0.1,1697.263,874.9362
0.0,0.1,1699.1202,718.5625
0.0,0.1,1700.9775,-70.8658
0.0,0.1,1702.8348,297.962
0.0,0.1,1704.6921,-118.8105
0.0,0.1,1706.5494,791.285
0.0,0.1,1708.4066,570.3146
0.0,0.1,1710.2639,98.3793
0.0,0.1,1712.1212,326.0934
0.0,0.1,1713.9785,362.2747
0.0,0.1,1715.8358,173.355
0.0,0.1,1717.6931,984.6202
0.0,0.1,1719.5503,-10.7448
0.0,0.1,1721.4076,927.9713
0.0,0.1,1723.2649,-262.3458
0.0,0.1,1725.1222,536.2274
0.0,0.1,1726.9795,373.4596
0.0,0.1,1728.8368,1461.8039
0.0,0.1,1730.694,526.3068
0.0,0.1,1732.5513,386.6825
0.0,0.1,1734.4086,280.918
0.0,0.1,1736.2659,29.844
0.0,0.1,1738.1232,421.5041
0.0,0.1,1739.9804,372.8282
0.0,0.1,1741.8377,1104.6918
0.0,0.1,1743.695,808.0994
0.0,0.1,1745.5523,205.5946
0.0,0.1,1747.4096,-49.0968
0.0,0.1,1749.2669,-237.8502
0.0,0.1,1751.1241,634.9636
0.0,0.1,1752.9814,663.2099
0.0,0.1,1754.8387,-773.1553
0.0,0.1,1756.696,-393.9586
0.0,0.1,1758.5533,162.0393
0.0,0.1,1760.4106,575.2729
0.0,0.1,1762.2678,452.518
0.0,0.1,1764.1251,-260.3911
0.0,0.1,1765.9824,827.9231
0.0,0.1,1767.8397,724.9245
0.0,0.1,1769.697,304.0675
0.0,0.1,1771.5543,467.9051
0.0,0.1,1773.4115,431.5132
0.0,0.1,1775.2688,-385.2281
0.0,0.1,1777.1261,-13.8256
0.0,0.1,1778.9834,488.5112
0.0,0.1,1780.8407,299.4265
0.0,0.1,1782.6979,683.5145
0.0,0.1,1784.5552,366.6017
0.0,0.1,1786.4125,50.8836
0.0,0.1,1788.2698,584.6903
0.0,0.1,1790.1271,-67.8978
0.0,0.1,1791.9844,-15.4636
0.0,0.1,1793.8416,248.6199
0.0,0.1,1795.6989,-113.3226
0.0,0.1,1797.5562,129.7374
0.0,0.1,1799.4135,141.0487
0.0,0.1,1801.2708,1221.5087
0.0,0.1,1803.1281,322.4084
0.0,0.1,1804.9853,225.5325
0.0,0.1,1806.8426,-415.8229
0.0,0.1,1808.6999,353.2105
0.0,0.1,1810.5572,802.9812
0.0,0.1,1812.4145,-113.8151
0.0,0.1,1814.2717,400.7185
0.0,0.1,1816.129,379.1645
0.0,0.1,1817.9863,175.6398
0.0,0.1,1819.8436,-927.1883
0.0,0.1,1821.7009,72.2254
0.0,0.1,1823.5582,182.4952
0.0,0.1,1825.4154,269.0833
0.0,0.1,1827.2727,664.026
0.0,0.1,1829.13,813.9101
0.0,0.1,1830.9873,771.2366
0.0,0.1,1832.8446,680.2514
0.0,0.1,1834.7019,822.313
0.0,0.1,1836.5591,343.856
0.0,0.1,1838.4164,247.6007
0.0,0.1,1840.2737,678.6382
0.0,0.1,1842.131,-140.0835
0.0,0.1,1843.9883,535.52
0.0,0.1,1845.8456,1135.097
0.0,0.1,1847.7028,805.9295
0.0,0.1,1849.5601,134.3067
0.0,0.1,1851.4174,1120.2511
0.0,0.1,1853.2747,463.3036
0.0,0.1,1855.132,-112.0204
0.0,0.1,1856.9892,6.8753
0.0,0.1,1858.8465,345.8994
0.0,0.1,1860.7038,566.1937
0.0,0.1,1862.5611,645.38
0.0,0.1,1864.4184,235.3117
0.0,0.1,1866.2757,212.8489
0.0,0.1,1868.1329,328.7906
0.0,0.1,1869.9902,94.2583
0.0,0.1,1871.8475,-236.8388
0.0,0.1,1873.7048,-51.5662
0.0,0.1,1875.5621,386.0026
0.0,0.1,1877.4194,-63.3178
0.0,0.1,1879.2766,561.9439
0.0,0.1,1881.1339,356.8892
0.0,0.1,1882.9912,-297.6732
0.0,0.1,1884.8485,-57.649
0.0,0.1,1886.7058,-398.7928
0.0,0.1,1888.563,749.0871
0.0,0.1,1890.4203,909.7836
0.0,0.1,1892.2776,-784.8808
0.0,0.1,1894.1349,2.7379
0.0,0.1,1895.9922,-140.6233
0.0,0.1,1897.8495,1011.5738
0.0,0.1,1899.7067,28.7344
0.0,0.1,1901.564,293.3057
0.0,0.1,1903.4213,782.6659
0.0,0.1,1905.2786,1224.6952
0.0,0.1,1907.1359,548.5612
0.0,0.1,1908.9932,337.4428
0.0,0.1,1910.8504,-59.2577
0.0,0.1,1912.7077,1.8719
0.0,0.1,1914.565,874.3733
0.0,0.1,1916.4223,-610.9934
0.0,0.1,1918.2796,774.8271
0.0,0.1,1920.1369,-192.5882
0.0,0.1,1921.9941,351.3987
0.0,0.1,1923.8514,409.6289
0.0,0.1,1925.7087,648.4787
0.0,0.1,1927.566,-108.9828
0.0,0.1,1929.4233,380.4324
0.0,0.1,1931.2805,12.2724
0.0,0.1,1933.1378,-130.0405
0.0,0.1,1934.9951,114.3628
0.0,0.1,1936.8524,-13.265
0.0,0.1,1938.7097,864.2961
0.0,0.1,1940.567,360.6344
0.0,0.1,1942.4242,512.0543
0.0,0.1,1944.2815,-224.3066
0.0,0.1,1946.1388,582.61
0.0,0.1,1947.9961,-440.2449
0.0,0.1,1949.8534,104.1657
0.0,0.1,1951.7107,488.3401
0.0,0.1,1953.5679,432.6865
0.0,0.1,1955.4252,959.6755
0.0,0.1,1957.2825,542.4669
0.0,0.1,1959.1398,88.9024
0.0,0.1,1960.9971,-187.0723
0.0,0.1,1962.8543,77.5992
0.0,0.1,1964.7116,-268.8975
0.0,0.1,1966.5689,494.2723
0.0,0.1,1968.4262,893.4776
0.0,0.1,1970.2835,902.1612
0.0,0.1,1972.1408,897.734
0.0,0.1,1973.998,125.8447
0.0,0.1,1975.8553,170.7593
0.0,0.1,1977.7126,468.7286
0.0,0.1,1979.5699,538.9611
0.0,0.1,1981.4272,345.5857
0.0,0.1,1983.2845,983.5219
0.0,0.1,1985.1417,769.7216
0.0,0.1,1986.999,-385.9177
0.0,0.1,1988.8563,-159.9468
0.0,0.1,1990.7136,107.3425
0.0,0.1,1992.5709,47.5942
0.0,0.1,1994.4282,-43.8312
0.0,0.1,1996.2854,512.0559
0.0,0.1,1998.1427,805.8274
0.0,0.1,2000.0,-372.8572
0.0,0.2,100.0,55.794
0.0,0.2,101.8573,-588.0592
0.0,0.2,103.7146,727.3295
0.0,0.2,105.5718,427.0448
0.0,0.2,107.4291,67.3786
0.0,0.2,109.2864,58.5596
0.0,0.2,111.1437,-649.1898
0.0,0.2,113.001,154.2033
0.0,0.2,114.8583,102.8885
0.0,0.2,116.7155,452.9879
0.0,0.2,118.5728,-720.6517
0.0,0.2,120.4301,572.9536
0.0,0.2,122.2874,-174.1035
0.0,0.2,124.1447,284.4325
0.0,0.2,126.002,347.4434
0.0,0.2,127.8592,1191.0889
0.0,0.2,129.7165,501.819
0.0,0.2,131.5738,267.5523
0.0,0.2,133.4311,-75.5135
0.0,0.2,135.2884,-738.5077
0.0,0.2,137.1457,334.498
0.0,0.2,139.0029,-334.428
0.0,0.2,140.8602,758.6403
0.0,0.2,142.7175,472.4638
0.0,0.2,144.5748,660.6752
0.0,0.2,146.4321,88.0136
0.0,0.2,148.2893,588.2695
0.0,0.2,150.1466,452.6589
0.0,0.2,152.0039,-603.8031
0.0,0.2,153.8612,-36.9992
0.0,0.2,155.7185,582.7002
0.0,0.2,157.5758,387.6887
0.0,0.2,159.433,-347.4135
0.0,0.2,161.2903,822.0367
0.0,0.2,163.1476,461.4505
0.0,0.2,165.0049,-313.0873
0.0,0.2,166.8622,-257.5454
0.0,0.2,168.7195,391.5615
0.0,0.2,170.5767,991.3138
0.0,0.2,172.434,19.3314
0.0,0.2,174.2913,608.9368
0.0,0.2,176.1486,156.4178
0.0,0.2,178.0059,-224.1828
0.0,0.2,179.8631,190.4443
0.0,0.2,181.7204,-99.0597
0.0,0.2,183.5777,192.1722
0.0,0.2,185.435,452.7128
0.0,0.2,187.2923,-169.4435
0.0,0.2,189.1496,321.17
0.0,0.2,191.0068,671.2738
0.0,0.2,192.8641,723.0452
0.0,0.2,194.7214,273.1957
0.0,0.2,196.5787,538.4139
0.0,0.2,198.436,606.6928
0.0,0.2,200.2933,36.1346
0.0,0.2,202.1505,-191.6239
0.0,0.2,204.0078,340.3934
0.0,0.2,205.8651,7.2985
0.0,0.2,207.7224,946.106
0.0,0.2,209.5797,253.6963
0.0,0.2,211.437,-211.0208
0.0,0.2,213.2942,454.1461
0.0,0.2,215.1515,574.0639
0.0,0.2,217.0088,947.2661
0.0,0.2,218.8661,509.9163
0.0,0.2,220.7234,690.1148
0.0,0.2,222.5806,317.4118
0.0,0.2,224.4379,-344.741
0.0,0.2,226.2952,713.4861
0.0,0.2,228.1525,675.9196
0.0,0.2,230.0098,696.3202
0.0,0.2,231.8671,594.2033
0.0,0.2,233.7243,335.4768
0.0,0.2,235.5816,-516.9388
0.0,0.2,237.4389,-34.8204
0.0,0.2,239.2962,352.2776
0.0,0.2,241.1535,244.0742
0.0,0.2,243.0108,693.6062
0.0,0.2,244.868,221.0585
0.0,0.2,246.7253,197.1749
0.0,0.2,248.5826,-14.8251
0.0,0.2,250.4399,1092.2895
0.0,0.2,252.2972,-296.4734
0.0,0.2,254.1544,-193.9343
0.0,0.2,256.0117,43.562
0.0,0.2,257.869,1.0294
0.0,0.2,259.7263,791.1426
0.0,0.2,261.5836,170.6168
0.0,0.2,263.4409,-111.7575
0.0,0.2,265.2981,726.0361
0.0,0.2,267.1554,47.6134
0.0,0.2,269.0127,-341.2356
0.0,0.2,270.87,67.6101
0.0,0.2,272.7273,-10.047
0.0,0.2,274.5846,307.4079
0.0,0.2,276.4418,355.2242
0.0,0.2,278.2991,748.8674
0.0,0.2,280.1564,354.1938
0.0,0.2,282.0137,-77.009
0.0,0.2,283.871,817.8574
0.0,0.2,285.7283,267.1516
0.0,0.2,287.5855,740.0946
0.0,0.2,289.4428,98.581
0.0,0.2,291.3001,117.4302
0.0,0.2,293.1574,372.1312
0.0,0.2,295.0147,-171.9591
0.0,0.2,296.8719,391.3182
0.0,0.2,298.7292,429.5149
0.0,0.2,300.5865,937.3823
0.0,0.2,302.4438,1159.2267
0.0,0.2,304.3011,83.1237
0.0,0.2,306.1584,30.3902
0.0,0.2,308.0156,730.3395
0.0,0.2,309.8729,238.8957
0.0,0.2,311.7302,869.0161
0.0,0.2,313.5875,497.0952
0.0,0.2,315.4448,283.887
0.0,0.2,317.3021,-943.7653
0.0,0.2,319.1593,774.6684
0.0,0.2,321.0166,265.3039
0.0,0.2,322.8739,404.7567
0.0,0.2,324.7312,804.9842
0.0,0.2,326.5885,456.2133
0.0,0.2,328.4457,144.2432
0.0,0.2,330.303,129.7788
0.0,0.2,332.1603,604.6931
0.0,0.2,334.0176,103.2529
0.0,0.2,335.8749,15.1561
0.0,0.2,337.7322,20.0399
0.0,0.2,339.5894,858.6414
0.0,0.2,341.4467,-255.9635
0.0,0.2,343.304,100.788
0.0,0.2,345.1613,-53.8701
0.0,0.2,347.0186,443.3138
0.0,0.2,348.8759,134.773
0.0,0.2,350.7331,-8.7633
0.0,0.2,352.5904,-90.9366
0.0,0.2,354.4477,-11.6927
0.0,0.2,356.305,192.627
0.0,0.2,358.1623,465.1999
0.0,0.2,360.0196,849.7772
0.0,0.2,361.8768,612.5913
0.0,0.2,363.7341,441.9724
0.0,0.2,365.5914,163.3183
0.0,0.2,367.4487,243.4212
0.0,0.2,369.306,674.0774
0.0,0.2,371.1632,416.368
0.0,0.2,373.0205,580.7134
0.0,0.2,374.8778,1056.6574
0.0,0.2,376.7351,628.833
0.0,0.2,378.5924,436.9373
0.0,0.2,380.4497,299.6929
0.0,0.2,382.3069,676.5739
0.0,0.2,384.1642,497.3412
0.0,0.2,386.0215,490.4543
0.0,0.2,387.8788,177.6166
0.0,0.2,389.7361,317.9876
0.0,0.2,391.5934,-3.2727
0.0,0.2,393.4506,430.0854
0.0,0.2,395.3079,279.5022
0.0,0.2,397.1652,-115.5663
0.0,0.2,399.0225,668.4629
0.0,0.2,400.8798,993.0416
0.0,0.2,402.737,943.3668
0.0,0.2,404.5943,1139.517
0.0,0.2,406.4516,418.1567
0.0,0.2,408.3089,92.5852
0.0,0.2,410.1662,319.3037
0.0,0.2,412.0235,-612.3316
0.0,0.2,413.8807,1067.6899
0.0,0.2,415.738,455.5714
0.0,0.2,417.5953,-319.87
0.0,0.2,419.4526,292.7797
0.0,0.2,421.3099,-315.5737
0.0,0.2,423.1672,245.2736
0.0,0.2,425.0244,815.6781
0.0,0.2,426.8817,291.222
0.0,0.2,428.739,960.6234
0.0,0.2,430.5963,1016.3169
0.0,0.2,432.4536,-276.5238
0.0,0.2,434.3109,646.1965
0.0,0.2,436.1681,309.2379
0.0,0.2,438.0254,13.0779
0.0,0.2,439.8827,-262.9841
0.0,0.2,441.74,418.707
0.0,0.2,443.5973,269.1344
0.0,0.2,445.4545,547.7429
0.0,0.2,447.3118,553.0274
0.0,0.2,449.1691,910.1787
0.0,0.2,451.0264,778.6698
0.0,0.2,452.8837,333.4869
0.0,0.2,454.741,653.1241
0.0,0.2,456.5982,169.1339
0.0,0.2,458.4555,432.6466
0.0,0.2,460.3128,54.1844
0.0,0.2,462.1701,78.7931
0.0,0.2,464.0274,313.4456
0.0,0.2,465.8847,260.0501
0.0,0.2,467.7419,726.676
0.0,0.2,469.5992,5.9935
0.0,0.2,471.4565,465.5704
0.0,0.2,473.3138,56.4238
0.0,0.2,475.1711,-196.0766
0.0,0.2,477.0283,116.4136
0.0,0.2,478.8856,534.5759
0.0,0.2,480.7429,85.2535
0.0,0.2,482.6002,-103.1391
0.0,0.2,484.4575,-223.6331
0.0,0.2,486.3148,210.6493
0.0,0.2,488.172,297.2496
0.0,0.2,490.0293,229.9887
0.0,0.2,491.8866,-83.7679
0.0,0.2,493.7439,247.5943
0.0,0.2,495.6012,148.7817
0.0,0.2,497.4585,1095.2672
0.0,0.2,499.3157,537.2602
0.0,0.2,501.173,549.8224
0.0,0.2,503.0303,478.4047
0.0,0.2,504.8876,1114.7147
0.0,0.2,506.7449,483.2576
0.0,0.2,508.6022,-297.9051
0.0,0.2,510.4594,6.4855
0.0,0.2,512.3167,682.0342
0.0,0.2,514.174,1268.1152
0.0,0.2,516.0313,396.4286
0.0,0.2,517.8886,-297.5249
0.0,0.2,519.7458,19.7557
0.0,0.2,521.6031,499.9156
0.0,0.2,523.4604,208.1729
0.0,0.2,525.3177,33.6147
0.0,0.2,527.175,228.6274
0.0,0.2,529.0323,-504.9333
0.0,0.2,530.8895,-334.1108
0.0,0.2,532.7468,398.5557
0.0,0.2,534.6041,247.5669
0.0,0.2,536.4614,286.2188
0.0,0.2,538.3187,418.4598
0.0,0.2,540.176,701.3177
0.0,0.2,542.0332,512.8541
0.0,0.2,543.8905,372.7722
0.0,0.2,545.7478,864.7648
0.0,0.2,547.6051,-114.4352
0.0,0.2,549.4624,264.3865
0.0,0.2,551.3196,569.4166
0.0,0.2,553.1769,-30.8723
0.0,0.2,555.0342,365.7659
0.0,0.2,556.8915,485.9396
0.0,0.2,558.7488,-153.1018
0.0,0.2,560.6061,798.4163
0.0,0.2,562.4633,779.7588
0.0,0.2,564.3206,297.9292
0.0,0.2,566.1779,368.0506
0.0,0.2,568.0352,441.2591
0.0,0.2,569.8925,223.5692
0.0,0.2,571.7498,1069.3935
0.0,0.2,573.607,719.2541
0.0,0.2,575.4643,14.6593
0.0,0.2,577.3216,105.7535
0.0,0.2,579.1789,256.1326
0.0,0.2,581.0362,836.5189
0.0,0.2,582.8935,1046.3759
0.0,0.2,584.7507,609.6498
0.0,0.2,586.608,559.966
0.0,0.2,588.4653,-45.2455
0.0,0.2,590.3226,523.1827
0.0,0.2,592.1799,295.1856
0.0,0.2,594.0371,1104.2153
0.0,0.2,595.8944,433.0588
0.0,0.2,597.7517,527.5819
0.0,0.2,599.609,267.8731
0.0,0.2,601.4663,859.0539
0.0,0.2,603.3236,302.4683
0.0,0.2,605.1808,616.5012
0.0,0.2,607.0381,2093.6063
0.0,0.2,608.8954,2249.5269
0.0,0.2,610.7527,1910.0429
0.0,0.2,612.61,2817.8078
0.0,0.2,614.4673,3753.0757
0.0,0.2,616.3245,5583.3437
0.0,0.2,618.1818,8221.1742
0.0,0.2,620.0391,11992.5614
0.0,0.2,621.8964,12158.5496
0.0,0.2,623.7537,8158.4552
0.0,0.2,625.6109,6060.7488
0.0,0.2,627.4682,4082.5191
0.0,0.2,629.3255,2730.1681
0.0,0.2,631.1828,1228.5672
0.0,0.2,633.0401,1225.1396
0.0,0.2,634.8974,2223.5318
0.0,0.2,636.7546,1427.6529
0.0,0.2,638.6119,1630.7122
0.0,0.2,640.4692,195.0291
0.0,0.2,642.3265,634.55
0.0,0.2,644.1838,598.9159
0.0,0.2,646.0411,440.8344
0.0,0.2,647.8983,357.4039
0.0,0.2,649.7556,193.1066
0.0,0.2,651.6129,593.409
0.0,0.2,653.4702,-111.1727
0.0,0.2,655.3275,282.0769
0.0,0.2,657.1848,875.382
0.0,0.2,659.042,1267.0238
0.0,0.2,660.8993,604.1041
0.0,0.2,662.7566,706.8888
0.0,0.2,664.6139,286.6743
0.0,0.2,666.4712,736.4316
0.0,0.2,668.3284,1307.5012
0.0,0.2,670.1857,-380.9902
0.0,0.2,672.043,612.1347
0.0,0.2,673.9003,1043.3037
0.0,0.2,675.7576,489.2509
0.0,0.2,677.6149,418.183
0.0,0.2,679.4721,462.287
0.0,0.2,681.3294,457.9356
0.0,0.2,683.1867,-61.991
0.0,0.2,685.044,341.8269
0.0,0.2,686.9013,81.691
0.0,0.2,688.7586,252.6944
0.0,0.2,690.6158,431.229
0.0,0.2,692.4731,625.8138
0.0,0.2,694.3304,-573.6525
0.0,0.2,696.1877,371.4398
0.0,0.2,698.045,10.6211
0.0,0.2,699.9022,476.8238
0.0,0.2,701.7595,162.2569
0.0,0.2,703.6168,549.4005
0.0,0.2,705.4741,202.162
0.0,0.2,707.3314,428.3601
0.0,0.2,709.1887,190.8677
0.0,0.2,711.0459,298.5146
0.0,0.2,712.9032,421.2157
0.0,0.2,714.7605,372.056
0.0,0.2,716.6178,-266.1359
0.0,0.2,718.4751,190.2372
0.0,0.2,720.3324,872.5994
0.0,0.2,722.1896,618.8503
0.0,0.2,724.0469,1069.3014
0.0,0.2,725.9042,1015.588
0.0,0.2,727.7615,31.5071
0.0,0.2,729.6188,355.9266
0.0,0.2,731.4761,555.462
0.0,0.2,733.3333,132.5018
0.0,0.2,735.1906,320.0161
0.0,0.2,737.0479,828.162
0.0,0.2,738.9052,631.765
0.0,0.2,740.7625,269.8817
0.0,0.2,742.6197,530.5692
0.0,0.2,744.477,-655.9112
0.0,0.2,746.3343,184.6747
0.0,0.2,748.1916,283.6484
0.0,0.2,750.0489,612.2118
0.0,0.2,751.9062,548.0429
0.0,0.2,753.7634,855.4987
0.0,0.2,755.6207,1136.5399
0.0,0.2,757.478,725.224
0.0,0.2,759.3353,214.4041
0.0,0.2,761.1926,1391.174
0.0,0.2,763.0499,62.8636
0.0,0.2,764.9071,-234.536
0.0,0.2,766.7644,329.8681
0.0,0.2,768.6217,-44.9236
0.0,0.2,770.479,896.7129
0.0,0.2,772.3363,-36.4225
0.0,0.2,774.1935,1372.4212
0.0,0.2,776.0508,750.7838
0.0,0.2,777.9081,433.4435
0.0,0.2,779.7654,1229.966
0.0,0.2,781.6227,425.1136
0.0,0.2,783.48,870.2953
0.0,0.2,785.3372,1564.1553
0.0,0.2,787.1945,1298.3035
0.0,0.2,789.0518,2618.7942
0.0,0.2,790.9091,3542.7206
0.0,0.2,792.7664,4650.8668
0.0,0.2,794.6237,5739.9406
0.0,0.2,796.4809,6124.0325
0.0,0.2,798.3382,4851.2812
0.0,0.2,800.1955,3727.5196
0.0,0.2,802.0528,2109.8414
0.0,0.2,803.9101,1926.1971
0.0,0.2,805.7674,1745.6043
0.0,0.2,807.6246,842.6993
0.0,0.2,809.4819,1197.9122
0.0,0.2,811.3392,1069.4223
0.0,0.2,813.1965,965.7969
0.0,0.2,815.0538,828.4088
0.0,0.2,816.911,1133.0879
0.0,0.2,818.7683,739.7465
0.0,0.2,820.6256,180.408
0.0,0.2,822.4829,507.9649
0.0,0.2,824.3402,-214.9952
0.0,0.2,826.1975,398.6032
0.0,0.2,828.0547,-52.8392
0.0,0.2,829.912,322.7826
0.0,0.2,831.7693,659.4988
0.0,0.2,833.6266,564.1898
0.0,0.2,835.4839,922.9381
0.0,0.2,837.3412,694.7021
0.0,0.2,839.1984,2.6376
0.0,0.2,841.0557,701.3867
0.0,0.2,842.913,1065.734
0.0,0.2,844.7703,176.6502
0.0,0.2,846.6276,721.8828
0.0,0.2,848.4848,-329.2307
0.0,0.2,850.3421,332.5084
0.0,0.2,852.1994,228.1262
0.0,0.2,854.0567,-23.8957
0.0,0.2,855.914,61.3387
0.0,0.2,857.7713,601.4216
0.0,0.2,859.6285,-97.9489
0.0,0.2,861.4858,-142.4966
0.0,0.2,863.3431,451.0569
0.0,0.2,865.2004,51.2733
0.0,0.2,867.0577,77.9652
0.0,0.2,868.915,-134.2338
0.0,0.2,870.7722,589.0109
0.0,0.2,872.6295,624.7335
0.0,0.2,874.4868,204.433
0.0,0.2,876.3441,580.1072
0.0,0.2,878.2014,-40.2436
0.0,0.2,880.0587,455.1711
0.0,0.2,881.9159,-184.0477
0.0,0.2,883.7732,72.5008
0.0,0.2,885.6305,209.5546
0.0,0.2,887.4878,-276.6757
0.0,0.2,889.3451,680.835
0.0,0.2,891.2023,55.1987
0.0,0.2,893.0596,721.8968
0.0,0.2,894.9169,294.9487
0.0,0.2,896.7742,-142.1923
0.0,0.2,898.6315,386.0436
0.0,0.2,900.4888,380.5111
0.0,0.2,902.346,154.5518
0.0,0.2,904.2033,38.4676
0.0,0.2,906.0606,75.793
0.0,0.2,907.9179,58.7076
0.0,0.2,909.7752,706.8328
0.0,0.2,911.6325,284.0942
0.0,0.2,913.4897,188.0831
0.0,0.2,915.347,-218.5723
0.0,0.2,917.2043,319.7577
0.0,0.2,919.0616,-365.6255
0.0,0.2,920.9189,969.6682
0.0,0.2,922.7761,650.9603
0.0,0.2,924.6334,748.1683
0.0,0.2,926.4907,151.6422
0.0,0.2,928.348,148.9813
0.0,0.2,930.2053,1203.5911
0.0,0.2,932.0626,86.7484
0.0,0.2,933.9198,-25.3546
0.0,0.2,935.7771,234.5353
0.0,0.2,937.6344,307.6969
0.0,0.2,939.4917,352.4122
0.0,0.2,941.349,566.5078
0.0,0.2,943.2063,455.7078
0.0,0.2,945.0635,669.961
0.0,0.2,946.9208,708.8585
0.0,0.2,948.7781,380.5432
0.0,0.2,950.6354,690.2746
0.0,0.2,952.4927,710.4748
0.0,0.2,954.35,654.1118
0.0,0.2,956.2072,1083.4295
0.0,0.2,958.0645,793.9431
0.0,0.2,959.9218,409.2095
0.0,0.2,961.7791,727.0827
0.0,0.2,963.6364,336.3496
0.0,0.2,965.4936,230.0013
0.0,0.2,967.3509,207.5064
0.0,0.2,969.2082,290.1068
0.0,0.2,971.0655,809.1368
0.0,0.2,972.9228,440.2995
0.0,0.2,974.7801,597.2145
0.0,0.2,976.6373,634.5229
0.0,0.2,978.4946,770.7735
0.0,0.2,980.3519,927.6173
0.0,0.2,982.2092,1353.8242
0.0,0.2,984.0665,1263.0425
0.0,0.2,985.9238,1769.6872
0.0,0.2,987.781,2531.7457
0.0,0.2,989.6383,2613.3139
0.0,0.2,991.4956,3199.1702
0.0,0.2,993.3529,5975.5304
0.0,0.2,995.2102,8122.6241
0.0,0.2,997.0674,14158.3947
0.0,0.2,998.9247,24929.7807
0.0,0.2,1000.782,40148.5054
0.0,0.2,1002.6393,36019.6743
0.0,0.2,1004.4966,20711.2657
0.0,0.2,1006.3539,11588.6742
0.0,0.2,1008.2111,7676.5011
0.0,0.2,1010.0684,5431.3077
0.0,0.2,1011.9257,4020.3797
0.0,0.2,1013.783,3294.7276
0.0,0.2,1015.6403,3217.1976
0.0,0.2,1017.4976,3704.2599
0.0,0.2,1019.3548,3604.8324
0.0,0.2,1021.2121,3744.454
0.0,0.2,1023.0694,4143.8944
0.0,0.2,1024.9267,6225.4685
0.0,0.2,1026.784,8536.4292
0.0,0.2,1028.6413,13892.1169
0.0,0.2,1030.4985,22835.227
0.0,0.2,1032.3558,25732.4744
0.0,0.2,1034.2131,16532.1858
0.0,0.2,1036.0704,10487.442
0.0,0.2,1037.9277,6504.2195
0.0,0.2,1039.7849,4675.1291
0.0,0.2,1041.6422,2865.1573
0.0,0.2,1043.4995,2030.5405
0.0,0.2,1045.3568,2350.8558
0.0,0.2,1047.2141,2319.8088
0.0,0.2,1049.0714,987.969
0.0,0.2,1050.9286,1134.9763
0.0,0.2,1052.7859,1708.8062
0.0,0.2,1054.6432,1241.4261
0.0,0.2,1056.5005,1142.6257
0.0,0.2,1058.3578,1586.1081
0.0,0.2,1060.2151,712.46
0.0,0.2,1062.0723,657.1969
0.0,0.2,1063.9296,543.483
0.0,0.2,1065.7869,753.3709
0.0,0.2,1067.6442,282.6377
0.0,0.2,1069.5015,1092.9152
0.0,0.2,1071.3587,1006.4028
0.0,0.2,1073.216,1191.3762
0.0,0.2,1075.0733,313.0669
0.0,0.2,1076.9306,353.5009
0.0,0.2,1078.7879,214.0869
0.0,0.2,1080.6452,489.366
0.0,0.2,1082.5024,664.6467
0.0,0.2,1084.3597,410.1413
0.0,0.2,1086.217,341.0906
0.0,0.2,1088.0743,1034.3388
0.0,0.2,1089.9316,286.7472
0.0,0.2,1091.7889,793.3542
0.0,0.2,1093.6461,354.6402
0.0,0.2,1095.5034,1520.0442
0.0,0.2,1097.3607,457.1391
0.0,0.2,1099.218,-271.3007
0.0,0.2,1101.0753,1127.3168
0.0,0.2,1102.9326,763.2742
0.0,0.2,1104.7898,211.1855
0.0,0.2,1106.6471,796.5612
0.0,0.2,1108.5044,456.9862
0.0,0.2,1110.3617,853.9684
0.0,0.2,1112.219,-116.256
0.0,0.2,1114.0762,821.8956
0.0,0.2,1115.9335,196.5786
0.0,0.2,1117.7908,687.8948
0.0,0.2,1119.6481,-6.1587
0.0,0.2,1121.5054,419.8372
0.0,0.2,1123.3627,28.6752
0.0,0.2,1125.2199,604.4429
0.0,0.2,1127.0772,1125.2652
0.0,0.2,1128.9345,979.5627
0.0,0.2,1130.7918,1028.9012
0.0,0.2,1132.6491,1726.5508
0.0,0.2,1134.5064,838.2612
0.0,0.2,1136.3636,440.5781
0.0,0.2,1138.2209,1262.9677
0.0,0.2,1140.0782,1060.7752
0.0,0.2,1141.9355,1711.343
0.0,0.2,1143.7928,1593.0972
0.0,0.2,1145.65,1515.3521
0.0,0.2,1147.5073,3224.6173
0.0,0.2,1149.3646,3738.2424
0.0,0.2,1151.2219,6189.4491
0.0,0.2,1153.0792,8766.4965
0.0,0.2,1154.9365,10524.1136
0.0,0.2,1156.7937,10102.8508
0.0,0.2,1158.651,6959.4916
0.0,0.2,1160.5083,4961.6164
0.0,0.2,1162.3656,3180.1026
0.0,0.2,1164.2229,2971.4024
0.0,0.2,1166.0802,1869.6991
0.0,0.2,1167.9374,816.8527
0.0,0.2,1169.7947,1504.2944
0.0,0.2,1171.652,664.5088
0.0,0.2,1173.5093,303.3679
0.0,0.2,1175.3666,856.8268
0.0,0.2,1177.2239,673.8757
0.0,0.2,1179.0811,846.8248
0.0,0.2,1180.9384,379.8948
0.0,0.2,1182.7957,1656.1906
0.0,0.2,1184.653,461.1634
0.0,0.2,1186.5103,280.8966
0.0,0.2,1188.3675,176.214
0.0,0.2,1190.2248,-144.2018
0.0,0.2,1192.0821,250.1909
0.0,0.2,1193.9394,653.5307
0.0,0.2,1195.7967,140.4093
0.0,0.2,1197.654,901.4635
0.0,0.2,1199.5112,271.5829
0.0,0.2,1201.3685,-120.4995
0.0,0.2,1203.2258,567.1183
0.0,0.2,1205.0831,195.9827
0.0,0.2,1206.9404,-181.6906
0.0,0.2,1208.7977,547.0812
0.0,0.2,1210.6549,572.8371
0.0,0.2,1212.5122,1199.4161
0.0,0.2,1214.3695,28.0419
0.0,0.2,1216.2268,552.2632
0.0,0.2,1218.0841,192.7307
0.0,0.2,1219.9413,116.7979
0.0,0.2,1221.7986,134.7562
0.0,0.2,1223.6559,472.4893
0.0,0.2,1225.5132,-314.7321
0.0,0.2,1227.3705,341.8033
0.0,0.2,1229.2278,689.4247
0.0,0.2,1231.085,524.7108
0.0,0.2,1232.9423,170.7298
0.0,0.2,1234.7996,-16.8048
0.0,0.2,1236.6569,603.7723
0.0,0.2,1238.5142,726.16
0.0,0.2,1240.3715,1.6823
0.0,0.2,1242.2287,-195.5687
0.0,0.2,1244.086,925.9489
0.0,0.2,1245.9433,855.297
0.0,0.2,1247.8006,-79.0165
0.0,0.2,1249.6579,967.8082
0.0,0.2,1251.5152,552.4954
0.0,0.2,1253.3724,446.6243
0.0,0.2,1255.2297,882.6078
0.0,0.2,1257.087,261.8142
0.0,0.2,1258.9443,1567.9155
0.0,0.2,1260.8016,-347.4388
0.0,0.2,1262.6588,765.0469
0.0,0.2,1264.5161,346.3304
0.0,0.2,1266.3734,440.7187
0.0,0.2,1268.2307,-165.4932
0.0,0.2,1270.088,807.121
0.0,0.2,1271.9453,857.964
0.0,0.2,1273.8025,198.4617
0.0,0.2,1275.6598,333.2312
0.0,0.2,1277.5171,1121.4903
0.0,0.2,1279.3744,-250.3026
0.0,0.2,1281.2317,1375.5352
0.0,0.2,1283.089,392.5887
0.0,0.2,1284.9462,835.8716
0.0,0.2,1286.8035,42.466
0.0,0.2,1288.6608,727.8094
0.0,0.2,1290.5181,242.9309
0.0,0.2,1292.3754,454.4302
0.0,0.2,1294.2326,-169.1935
0.0,0.2,1296.0899,-276.6858
0.0,0.2,1297.9472,67.071
0.0,0.2,1299.8045,746.3536
0.0,0.2,1301.6618,347.2128
0.0,0.2,1303.5191,372.7971
0.0,0.2,1305.3763,-66.6329
0.0,0.2,1307.2336,-563.7386
0.0,0.2,1309.0909,-233.6232
0.0,0.2,1310.9482,734.2044
0.0,0.2,1312.8055,164.9203
0.0,0.2,1314.6628,554.009
0.0,0.2,1316.52,572.1097
0.0,0.2,1318.3773,164.5191
0.0,0.2,1320.2346,489.2754
0.0,0.2,1322.0919,817.5739
0.0,0.2,1323.9492,726.3678
0.0,0.2,1325.8065,342.6673
0.0,0.2,1327.6637,489.6303
0.0,0.2,1329.521,1020.5638
0.0,0.2,1331.3783,589.2588
0.0,0.2,1333.2356,125.8339
0.0,0.2,1335.0929,195.6066
0.0,0.2,1336.9501,148.6346
0.0,0.2,1338.8074,542.6144
0.0,0.2,1340.6647,-30.706
0.0,0.2,1342.522,-256.9435
0.0,0.2,1344.3793,144.7924
0.0,0.2,1346.2366,355.1514
0.0,0.2,1348.0938,-471.8551
0.0,0.2,1349.9511,96.9621
0.0,0.2,1351.8084,804.0841
0.0,0.2,1353.6657,412.25
0.0,0.2,1355.523,240.1076
0.0,0.2,1357.3803,332.4106
0.0,0.2,1359.2375,427.9152
0.0,0.2,1361.0948,659.3369
0.0,0.2,1362.9521,1083.2449
0.0,0.2,1364.8094,64.1645
0.0,0.2,1366.6667,879.1619
0.0,0.2,1368.5239,850.9351
0.0,0.2,1370.3812,910.5132
0.0,0.2,1372.2385,900.9562
0.0,0.2,1374.0958,262.5986
0.0,0.2,1375.9531,730.2925
0.0,0.2,1377.8104,-231.1992
0.0,0.2,1379.6676,1032.8992
0.0,0.2,1381.5249,-15.6341
0.0,0.2,1383.3822,616.7018
0.0,0.2,1385.2395,812.896
0.0,0.2,1387.0968,776.2746
0.0,0.2,1388.9541,567.6064
0.0,0.2,1390.8113,493.0936
0.0,0.2,1392.6686,148.0056
0.0,0.2,1394.5259,-185.1894
0.0,0.2,1396.3832,465.7103
0.0,0.2,1398.2405,-124.0665
0.0,0.2,1400.0978,333.3284
0.0,0.2,1401.955,1473.4671
0.0,0.2,1403.8123,157.4107
0.0,0.2,1405.6696,426.7439
0.0,0.2,1407.5269,347.8851
0.0,0.2,1409.3842,1000.4371
0.0,0.2,1411.2414,406.8573
0.0,0.2,1413.0987,978.9825
0.0,0.2,1414.956,913.5155
0.0,0.2,1416.8133,707.9026
0.0,0.2,1418.6706,1118.9187
0.0,0.2,1420.5279,1015.237
0.0,0.2,1422.3851,1220.7852
0.0,0.2,1424.2424,1135.0706
0.0,0.2,1426.0997,1377.0512
0.0,0.2,1427.957,1388.4021
0.0,0.2,1429.8143,1193.8231
0.0,0.2,1431.6716,1550.7825
0.0,0.2,1433.5288,1732.8334
0.0,0.2,1435.3861,1851.8702
0.0,0.2,1437.2434,3006.3777
0.0,0.2,1439.1007,3662.1649
0.0,0.2,1440.958,4243.7386
0.0,0.2,1442.8152,5939.745
0.0,0.2,1444.6725,7769.3808
0.0,0.2,1446.5298,10182.4793
0.0,0.2,1448.3871,12905.03
0.0,0.2,1450.2444,14585.0966
0.0,0.2,1452.1017,13781.0485
0.0,0.2,1453.9589,10692.7805
0.0,0.2,1455.8162,9464.6971
0.0,0.2,1457.6735,6319.9759
0.0,0.2,1459.5308,5074.1964
0.0,0.2,1461.3881,3471.2747
0.0,0.2,1463.2454,3216.3624
0.0,0.2,1465.1026,2333.595
0.0,0.2,1466.9599,2329.9997
0.0,0.2,1468.8172,436.7024
0.0,0.2,1470.6745,1635.8765
0.0,0.2,1472.5318,2144.1213
0.0,0.2,1474.3891,1646.1438
0.0,0.2,1476.2463,791.9458
0.0,0.2,1478.1036,899.4801
0.0,0.2,1479.9609,565.5277
0.0,0.2,1481.8182,-287.3061
0.0,0.2,1483.6755,564.6655
0.0,0.2,1485.5327,1159.1077
0.0,0.2,1487.39,113.918
0.0,0.2,1489.2473,637.5818
0.0,0.2,1491.1046,185.6915
0.0,0.2,1492.9619,331.3198
0.0,0.2,1494.8192,189.2453
0.0,0.2,1496.6764,642.5864
0.0,0.2,1498.5337,628.0638
0.0,0.2,1500.391,734.6718
0.0,0.2,1502.2483,707.7733
0.0,0.2,1504.1056,343.8318
0.0,0.2,1505.9629,1077.7457
0.0,0.2,1507.8201,272.8315
0.0,0.2,1509.6774,927.6281
0.0,0.2,1511.5347,633.6954
0.0,0.2,1513.392,405.8973
0.0,0.2,1515.2493,99.462
0.0,0.2,1517.1065,449.1593
0.0,0.2,1518.9638,57.1044
0.0,0.2,1520.8211,670.7805
0.0,0.2,1522.6784,987.0757
0.0,0.2,1524.5357,704.9495
0.0,0.2,1526.393,492.2139
0.0,0.2,1528.2502,857.7298
0.0,0.2,1530.1075,1044.7316
0.0,0.2,1531.9648,180.6137
0.0,0.2,1533.8221,382.0393
0.0,0.2,1535.6794,670.0843
0.0,0.2,1537.5367,268.0798
0.0,0.2,1539.3939,463.8274
0.0,0.2,1541.2512,465.443
0.0,0.2,1543.1085,511.3544
0.0,0.2,1544.9658,549.0603
0.0,0.2,1546.8231,391.3116
0.0,0.2,1548.6804,1070.6218
0.0,0.2,1550.5376,863.8048
0.0,0.2,1552.3949,850.0181
0.0,0.2,1554.2522,906.04
0.0,0.2,1556.1095,1028.3788
0.0,0.2,1557.9668,1411.8488
0.0,0.2,1559.824,1639.266
0.0,0.2,1561.6813,1200.7202
0.0,0.2,1563.5386,1391.2547
0.0,0.2,1565.3959,1775.9639
0.0,0.2,1567.2532,1690.0061
0.0,0.2,1569.1105,2618.9283
0.0,0.2,1570.9677,3034.8197
0.0,0.2,1572.825,3387.4405
0.0,0.2,1574.6823,3419.4392
0.0,0.2,1576.5396,5899.9663
0.0,0.2,1578.3969,7422.8149
0.0,0.2,1580.2542,9889.1735
0.0,0.2,1582.1114,13012.0484
0.0,0.2,1583.9687,13496.0191
0.0,0.2,1585.826,11098.9643
0.0,0.2,1587.6833,8556.2342
0.0,0.2,1589.5406,6521.5742
0.0,0.2,1591.3978,5972.1271
0.0,0.2,1593.2551,6246.5783
0.0,0.2,1595.1124,7198.7183
0.0,0.2,1596.9697,9448.6479
0.0,0.2,1598.827,12957.6671
0.0,0.2,1600.6843,18715.7495
0.0,0.2,1602.5415,21412.7386
0.0,0.2,1604.3988,17318.3183
0.0,0.2,1606.2561,10850.6959
0.0,0.2,1608.1134,6870.2295
0.0,0.2,1609.9707,5023.9625
0.0,0.2,1611.828,3473.3388
0.0,0.2,1613.6852,3174.7623
0.0,0.2,1615.5425,2200.834
0.0,0.2,1617.3998,2028.8973
0.0,0.2,1619.2571,1334.4252
0.0,0.2,1621.1144,2075.3478
0.0,0.2,1622.9717,1346.2463
0.0,0.2,1624.8289,1442.7377
0.0,0.2,1626.6862,995.562
0.0,0.2,1628.5435,378.1333
0.0,0.2,1630.4008,899.7489
0.0,0.2,1632.2581,560.4583
0.0,0.2,1634.1153,-304.4866
0.0,0.2,1635.9726,700.783
0.0,0.2,1637.8299,563.4674
0.0,0.2,1639.6872,-79.8736
0.0,0.2,1641.5445,748.193
0.0,0.2,1643.4018,819.4511
0.0,0.2,1645.259,1156.7452
0.0,0.2,1647.1163,1280.9382
0.0,0.2,1648.9736,233.1394
0.0,0.2,1650.8309,768.5804
0.0,0.2,1652.6882,923.7256
0.0,0.2,1654.5455,478.8618
0.0,0.2,1656.4027,955.7862
0.0,0.2,1658.26,1145.1813
0.0,0.2,1660.1173,944.8972
0.0,0.2,1661.9746,520.0145
0.0,0.2,1663.8319,765.017
0.0,0.2,1665.6891,559.6618
0.0,0.2,1667.5464,145.7582
0.0,0.2,1669.4037,111.5092
0.0,0.2,1671.261,857.8522
0.0,0.2,1673.1183,161.8649
0.0,0.2,1674.9756,471.5731
0.0,0.2,1676.8328,-21.1748
0.0,0.2,1678.6901,432.8477
0.0,0.2,1680.5474,544.3148
0.0,0.2,1682.4047,275.6696
0.0,0.2,1684.262,-140.2822
0.0,0.2,1686.1193,16.9763
0.0,0.2,1687.9765,274.4476
0.0,0.2,1689.8338,528.063
0.0,0.2,1691.6911,900.9864
0.0,0.2,1693.5484,311.0703
0.0,0.2,1695.4057,-265.8464
0.0,0.2,1697.263,-213.798
0.0,0.2,1699.1202,762.7488
0.0,0.2,1700.9775,519.2918
0.0,0.2,1702.8348,404.5275
0.0,0.2,1704.6921,385.9574
0.0,0.2,1706.5494,927.2983
0.0,0.2,1708.4066,453.6647
0.0,0.2,1710.2639,174.3751
0.0,0.2,1712.1212,-261.6907
0.0,0.2,1713.9785,331.791
0.0,0.2,1715.8358,111.429
0.0,0.2,1717.6931,-17.3125
0.0,0.2,1719.5503,259.5509
0.0,0.2,1721.4076,52.8218
0.0,0.2,1723.2649,947.5808
0.0,0.2,1725.1222,169.2281
0.0,0.2,1726.9795,-429.0333
0.0,0.2,1728.8368,427.0741
0.0,0.2,1730.694,461.1237
0.0,0.2,1732.5513,932.1147
0.0,0.2,1734.4086,-266.3792
0.0,0.2,1736.2659,-29.8961
0.0,0.2,1738.1232,568.2003
0.0,0.2,1739.9804,-542.7399
0.0,0.2,1741.8377,600.9683
0.0,0.2,1743.695,-263.6611
0.0,0.2,1745.5523,362.5135
0.0,0.2,1747.4096,534.1703
0.0,0.2,1749.2669,509.8664
0.0,0.2,1751.1241,151.6191
0.0,0.2,1752.9814,193.3999
0.0,0.2,1754.8387,454.7593
0.0,0.2,1756.696,296.5891
0.0,0.2,1758.5533,602.5859
0.0,0.2,1760.4106,949.031
0.0,0.2,1762.2678,-309.2262
0.0,0.2,1764.1251,601.3675
0.0,0.2,1765.9824,-180.705
0.0,0.2,1767.8397,152.1019
0.0,0.2,1769.697,564.4065
0.0,0.2,1771.5543,-146.9655
0.0,0.2,1773.4115,894.4092
0.0,0.2,1775.2688,626.8964
0.0,0.2,1777.1261,331.9423
0.0,0.2,1778.9834,593.2683
0.0,0.2,1780.8407,803.8772
0.0,0.2,1782.6979,-18.8318
0.0,0.2,1784.5552,-51.627
0.0,0.2,1786.4125,-630.9703
0.0,0.2,1788.2698,36.7567
0.0,0.2,1790.1271,132.1547
0.0,0.2,1791.9844,490.5586
0.0,0.2,1793.8416,830.8293
0.0,0.2,1795.6989,508.9223
0.0,0.2,1797.5562,415.5273
0.0,0.2,1799.4135,140.1323
0.0,0.2,1801.2708,906.6032
0.0,0.2,1803.1281,-0.3019
0.0,0.2,1804.9853,837.4648
0.0,0.2,1806.8426,658.7063
0.0,0.2,1808.6999,859.8657
0.0,0.2,1810.5572,10.3421
0.0,0.2,1812.4145,592.7378
0.0,0.2,1814.2717,258.7816
0.0,0.2,1816.129,-143.2808
0.0,0.2,1817.9863,227.1366
0.0,0.2,1819.8436,-24.0299
0.0,0.2,1821.7009,1192.9945
0.0,0.2,1823.5582,-94.465
0.0,0.2,1825.4154,214.5895
0.0,0.2,1827.2727,586.0627
0.0,0.2,1829.13,594.5164
0.0,0.2,1830.9873,433.8247
0.0,0.2,1832.8446,137.0253
0.0,0.2,1834.7019,450.8179
0.0,0.2,1836.5591,585.7083
0.0,0.2,1838.4164,-422.4964
0.0,0.2,1840.2737,678.6842
0.0,0.2,1842.131,935.1015
0.0,0.2,1843.9883,474.6971
0.0,0.2,1845.8456,343.3525
0.0,0.2,1847.7028,390.4843
0.0,0.2,1849.5601,499.6334
0.0,0.2,1851.4174,147.6412
0.0,0.2,1853.2747,171.4335
0.0,0.2,1855.132,260.7787
0.0,0.2,1856.9892,329.5913
0.0,0.2,1858.8465,241.6711
0.0,0.2,1860.7038,-132.6505
0.0,0.2,1862.5611,1161.8534
0.0,0.2,1864.4184,529.0362
0.0,0.2,1866.2757,217.5008
0.0,0.2,1868.1329,-71.0515
0.0,0.2,1869.9902,19.8175
0.0,0.2,1871.8475,551.5611
0.0,0.2,1873.7048,23.1674
0.0,0.2,1875.5621,715.6378
0.0,0.2,1877.4194,188.2849
0.0,0.2,1879.2766,1225.0519
0.0,0.2,1881.1339,947.5513
0.0,0.2,1882.9912,141.7031
0.0,0.2,1884.8485,641.3608
0.0,0.2,1886.7058,986.065
0.0,0.2,1888.563,-170.4734
0.0,0.2,1890.4203,228.7132
0.0,0.2,1892.2776,527.8988
0.0,0.2,1894.1349,846.4309
0.0,0.2,1895.9922,-304.727
0.0,0.2,1897.8495,740.5272
0.0,0.2,1899.7067,220.9404
0.0,0.2,1901.564,793.6824
0.0,0.2,1903.4213,780.4269
0.0,0.2,1905.2786,185.7708
0.0,0.2,1907.1359,957.6728
0.0,0.2,1908.9932,98.8415
0.0,0.2,1910.8504,217.1695
0.0,0.2,1912.7077,564.4102
0.0,0.2,1914.565,858.3949
0.0,0.2,1916.4223,581.1979
0.0,0.2,1918.2796,-321.6087
0.0,0.2,1920.1369,-264.4083
0.0,0.2,1921.9941,-543.2757
0.0,0.2,1923.8514,379.229
0.0,0.2,1925.7087,401.786
0.0,0.2,1927.566,-172.803
0.0,0.2,1929.4233,-328.2063
0.0,0.2,1931.2805,63.0047
0.0,0.2,1933.1378,745.9279
0.0,0.2,1934.9951,539.2146
0.0,0.2,1936.8524,-8.0915
0.0,0.2,1938.7097,42.0771
0.0,0.2,1940.567,277.6021
0.0,0.2,1942.4242,1275.6835
0.0,0.2,1944.2815,718.6594
0.0,0.2,1946.1388,1580.5176
0.0,0.2,1947.9961,668.1056
0.0,0.2,1949.8534,464.0555
0.0,0.2,1951.7107,423.827
0.0,0.2,1953.5679,57.4448
0.0,0.2,1955.4252,26.3017
0.0,0.2,1957.2825,780.9168
0.0,0.2,1959.1398,-40.7298
0.0,0.2,1960.9971,753.1963
0.0,0.2,1962.8543,434.2156
0.0,0.2,1964.7116,19.5425
0.0,0.2,1966.5689,-329.3603
0.0,0.2,1968.4262,546.0929
0.0,0.2,1970.2835,479.4857
0.0,0.2,1972.1408,276.4516
0.0,0.2,1973.998,416.6561
0.0,0.2,1975.8553,-45.1335
0.0,0.2,1977.7126,460.1957
0.0,0.2,1979.5699,277.6186
0.0,0.2,1981.4272,106.4841
0.0,0.2,1983.2845,319.1838
0.0,0.2,1985.1417,1262.8935
0.0,0.2,1986.999,279.7398
0.0,0.2,1988.8563,1253.9714
0.0,0.2,1990.7136,562.2601
0.0,0.2,1992.5709,305.3222
0.0,0.2,1994.4282,128.7184
0.0,0.2,1996.2854,-278.946
0.0,0.2,1998.1427,127.8173
0.0,0.2,2000.0,503.8735
0.1,0.0,100.0,1009.25
0.1,0.0,101.8573,-55.6626
0.1,0.0,103.7146,-199.3396
0.1,0.0,105.5718,399.7167
0.1,0.0,107.4291,190.7038
0.1,0.0,109.2864,680.0608
0.1,0.0,111.1437,406.595
0.1,0.0,113.001,-261.0899
0.1,0.0,114.8583,636.1562
0.1,0.0,116.7155,410.3169
0.1,0.0,118.5728,758.6724
0.1,0.0,120.4301,-467.6844
0.1,0.0,122.2874,631.9311
0.1,0.0,124.1447,795.0097
0.1,0.0,126.002,607.491
0.1,0.0,127.8592,656.903
0.1,0.0,129.7165,526.448
0.1,0.0,131.5738,638.3513
0.1,0.0,133.4311,236.7061
0.1,0.0,135.2884,650.1312
0.1,0.0,137.1457,-256.0175
0.1,0.0,139.0029,-357.5562
0.1,0.0,140.8602,-2.7754
0.1,0.0,142.7175,152.5592
0.1,0.0,144.5748,429.5487
0.1,0.0,146.4321,445.5858
0.1,0.0,148.2893,-791.7182
0.1,0.0,150.1466,320.4968
0.1,0.0,152.0039,161.3338
0.1,0.0,153.8612,689.2191
0.1,0.0,155.7185,-390.0428
0.1,0.0,157.5758,136.8563
0.1,0.0,159.433,440.6901
0.1,0.0,161.2903,289.6864
0.1,0.0,163.1476,-245.6173
0.1,0.0,165.0049,23.04
0.1,0.0,166.8622,205.8747
0.1,0.0,168.7195,-262.893
0.1,0.0,170.5767,364.7011
0.1,0.0,172.434,747.5712
0.1,0.0,174.2913,-247.5867
0.1,0.0,176.1486,-57.0273
0.1,0.0,178.0059,-55.8997
0.1,0.0,179.8631,731.776
0.1,0.0,181.7204,490.1554
0.1,0.0,183.5777,-77.472
0.1,0.0,185.435,609.0911
0.1,0.0,187.2923,388.5232
0.1,0.0,189.1496,639.3472
0.1,0.0,191.0068,334.802
0.1,0.0,192.8641,49.7308
0.1,0.0,194.7214,28.9312
0.1,0.0,196.5787,-714.7009
0.1,0.0,198.436,456.8059
0.1,0.0,200.2933,299.7465
0.1,0.0,202.1505,160.113
0.1,0.0,204.0078,317.3516
0.1,0.0,205.8651,453.3922
0.1,0.0,207.7224,750.1688
0.1,0.0,209.5797,-308.5348
0.1,0.0,211.437,57.9582
0.1,0.0,213.2942,-3.4171
0.1,0.0,215.1515,623.8281
0.1,0.0,217.0088,725.2841
0.1,0.0,218.8661,-514.8245
0.1,0.0,220.7234,-427.2019
0.1,0.0,222.5806,997.2095
0.1,0.0,224.4379,712.3727
0.1,0.0,226.2952,833.5824
0.1,0.0,228.1525,42.5532
0.1,0.0,230.0098,507.1768
0.1,0.0,231.8671,571.6933
0.1,0.0,233.7243,-82.3863
0.1,0.0,235.5816,135.6232
0.1,0.0,237.4389,-331.0419
0.1,0.0,239.2962,179.2418
0.1,0.0,241.1535,365.984
0.1,0.0,243.0108,467.0213
0.1,0.0,244.868,511.0845
0.1,0.0,246.7253,239.3767
0.1,0.0,248.5826,-74.2104
0.1,0.0,250.4399,277.3757
0.1,0.0,252.2972,-236.8867
0.1,0.0,254.1544,442.4117
0.1,0.0,256.0117,316.6119
0.1,0.0,257.869,185.3587
0.1,0.0,259.7263,-99.9111
0.1,0.0,261.5836,408.1756
0.1,0.0,263.4409,-147.8564
0.1,0.0,265.2981,143.7319
0.1,0.0,267.1554,400.077
0.1,0.0,269.0127,432.9767
0.1,0.0,270.87,262.9882
0.1,0.0,272.7273,459.4147
0.1,0.0,274.5846,-589.6666
0.1,0.0,276.4418,105.7463
0.1,0.0,278.2991,-171.0581
0.1,0.0,280.1564,128.6972
0.1,0.0,282.0137,-28.2434
0.1,0.0,283.871,236.5869
0.1,0.0,285.7283,1182.0063
0.1,0.0,287.5855,-310.2326
0.1,0.0,289.4428,412.1728
0.1,0.0,291.3001,-98.5636
0.1,0.0,293.1574,276.9571
0.1,0.0,295.0147,293.7016
0.1,0.0,296.8719,333.7316
0.1,0.0,298.7292,888.8932
0.1,0.0,300.5865,479.669
0.1,0.0,302.4438,712.3003
0.1,0.0,304.3011,254.8165
0.1,0.0,306.1584,-143.7305
0.1,0.0,308.0156,39.26
0.1,0.0,309.8729,-382.5106
0.1,0.0,311.7302,1090.6142
0.1,0.0,313.5875,429.8025
0.1,0.0,315.4448,-520.1444
0.1,0.0,317.3021,466.7868
0.1,0.0,319.1593,62.7543
0.1,0.0,321.0166,404.0449
0.1,0.0,322.8739,712.4829
0.1,0.0,324.7312,368.0789
0.1,0.0,326.5885,441.0518
0.1,0.0,328.4457,431.7931
0.1,0.0,330.303,901.1156
0.1,0.0,332.1603,531.6485
0.1,0.0,334.0176,394.2372
0.1,0.0,335.8749,97.5756
0.1,0.0,337.7322,836.3942
0.1,0.0,339.5894,82.1872
0.1,0.0,341.4467,451.9611
0.1,0.0,343.304,581.1281
0.1,0.0,345.1613,-54.0818
0.1,0.0,347.0186,-359.1939
0.1,0.0,348.8759,370.4557
0.1,0.0,350.7331,937.9496
0.1,0.0,352.5904,639.4306
0.1,0.0,354.4477,-765.9771
0.1,0.0,356.305,264.4189
0.1,0.0,358.1623,-64.6404
0.1,0.0,360.0196,111.9289
0.1,0.0,361.8768,180.234
0.1,0.0,363.7341,-88.9106
0.1,0.0,365.5914,157.5713
0.1,0.0,367.4487,-275.503
0.1,0.0,369.306,-82.5797
0.1,0.0,371.1632,-419.5267
0.1,0.0,373.0205,151.4811
0.1,0.0,374.8778,572.4883
0.1,0.0,376.7351,644.5058
0.1,0.0,378.5924,1213.4695
0.1,0.0,380.4497,842.01
0.1,0.0,382.3069,-56.3557
0.1,0.0,384.1642,109.4754
0.1,0.0,386.0215,-115.0339
0.1,0.0,387.8788,511.8715
0.1,0.0,389.7361,245.7682
0.1,0.0,391.5934,840.1242
0.1,0.0,393.4506,432.1621
0.1,0.0,395.3079,648.8829
0.1,0.0,397.1652,160.4294
0.1,0.0,399.0225,987.8485
0.1,0.0,400.8798,-327.2345
0.1,0.0,402.737,232.7312
0.1,0.0,404.5943,378.8237
0.1,0.0,406.4516,-321.0529
0.1,0.0,408.3089,899.4837
0.1,0.0,410.1662,-188.0826
0.1,0.0,412.0235,432.8223
0.1,0.0,413.8807,170.722
0.1,0.0,415.738,-135.795
0.1,0.0,417.5953,473.471
0.1,0.0,419.4526,345.7095
0.1,0.0,421.3099,205.539
0.1,0.0,423.1672,657.891
0.1,0.0,425.0244,482.9271
0.1,0.0,426.8817,672.6124
0.1,0.0,428.739,-116.4338
0.1,0.0,430.5963,694.962
0.1,0.0,432.4536,331.9227
0.1,0.0,434.3109,-81.6112
0.1,0.0,436.1681,-745.6892
0.1,0.0,438.0254,320.8707
0.1,0.0,439.8827,428.566
0.1,0.0,441.74,511.1928
0.1,0.0,443.5973,-25.8636
0.1,0.0,445.4545,-212.0507
0.1,0.0,447.3118,-325.9255
0.1,0.0,449.1691,421.3435
0.1,0.0,451.0264,768.1515
0.1,0.0,452.8837,146.5456
0.1,0.0,454.741,711.1497
0.1,0.0,456.5982,49.2231
0.1,0.0,458.4555,691.1963
0.1,0.0,460.3128,-5.3315
0.1,0.0,462.1701,307.6215
0.1,0.0,464.0274,215.3056
0.1,0.0,465.8847,464.4631
0.1,0.0,467.7419,674.6394
0.1,0.0,469.5992,158.9919
0.1,0.0,471.4565,311.5107
0.1,0.0,473.3138,891.9169
0.1,0.0,475.1711,-73.1573
0.1,0.0,477.0283,499.4511
0.1,0.0,478.8856,488.0607
0.1,0.0,480.7429,134.3009
0.1,0.0,482.6002,164.4885
0.1,0.0,484.4575,-169.2564
0.1,0.0,486.3148,356.7705
0.1,0.0,488.172,601.171
0.1,0.0,490.0293,384.4186
0.1,0.0,491.8866,657.493
0.1,0.0,493.7439,813.8038
0.1,0.0,495.6012,721.7025
0.1,0.0,497.4585,-18.2924
0.1,0.0,499.3157,1403.6876
0.1,0.0,501.173,231.8751
0.1,0.0,503.0303,109.7611
0.1,0.0,504.8876,712.3848
0.1,0.0,506.7449,246.9858
0.1,0.0,508.6022,634.4098
0.1,0.0,510.4594,68.1269
0.1,0.0,512.3167,269.4583
0.1,0.0,514.174,876.7329
0.1,0.0,516.0313,-19.2402
0.1,0.0,517.8886,-37.2167
0.1,0.0,519.7458,943.5433
0.1,0.0,521.6031,17.2902
0.1,0.0,523.4604,-9.0525
0.1,0.0,525.3177,322.0579
0.1,0.0,527.175,165.301
0.1,0.0,529.0323,-565.6013
0.1,0.0,530.8895,238.9287
0.1,0.0,532.7468,235.5746
0.1,0.0,534.6041,-19.5681
0.1,0.0,536.4614,-11.7613
0.1,0.0,538.3187,730.3724
0.1,0.0,540.176,-51.4322
0.1,0.0,542.0332,-217.5478
0.1,0.0,543.8905,813.2412
0.1,0.0,545.7478,-108.1976
0.1,0.0,547.6051,948.5883
0.1,0.0,549.4624,-37.4126
0.1,0.0,551.3196,269.8164
0.1,0.0,553.1769,270.0304
0.1,0.0,555.0342,248.1968
0.1,0.0,556.8915,73.0627
0.1,0.0,558.7488,-52.9102
0.1,0.0,560.6061,827.6098
0.1,0.0,562.4633,644.1537
0.1,0.0,564.3206,787.2211
0.1,0.0,566.1779,182.4077
0.1,0.0,568.0352,765.1275
0.1,0.0,569.8925,-60.6908
0.1,0.0,571.7498,284.2611
0.1,0.0,573.607,321.2588
0.1,0.0,575.4643,587.4851
0.1,0.0,577.3216,682.3869
0.1,0.0,579.1789,319.939
0.1,0.0,581.0362,810.6154
0.1,0.0,582.8935,1083.54
0.1,0.0,584.7507,735.2638
0.1,0.0,586.608,482.4271
0.1,0.0,588.4653,716.0231
0.1,0.0,590.3226,288.378
0.1,0.0,592.1799,517.6735
0.1,0.0,594.0371,626.1649
0.1,0.0,595.8944,920.2259
0.1,0.0,597.7517,-32.6371
0.1,0.0,599.609,496.8065
0.1,0.0,601.4663,943.561
0.1,0.0,603.3236,551.5663
0.1,0.0,605.1808,132.562
0.1,0.0,607.0381,1106.3877
0.1,0.0,608.8954,608.39
0.1,0.0,610.7527,1194.0107
0.1,0.0,612.61,1522.5376
0.1,0.0,614.4673,2075.8712
0.1,0.0,616.3245,3392.5119
0.1,0.0,618.1818,4947.7713
0.1,0.0,620.0391,6532.4101
0.1,0.0,621.8964,6838.2578
0.1,0.0,623.7537,5618.6303
0.1,0.0,625.6109,4571.5098
0.1,0.0,627.4682,3317.5083
0.1,0.0,629.3255,4352.5674
0.1,0.0,631.1828,5220.6663
0.1,0.0,633.0401,4230.9201
0.1,0.0,634.8974,3365.2603
0.1,0.0,636.7546,2199.8033
0.1,0.0,638.6119,1357.5455
0.1,0.0,640.4692,2363.0163
0.1,0.0,642.3265,2113.6505
0.1,0.0,644.1838,1530.0401
0.1,0.0,646.0411,140.8896
0.1,0.0,647.8983,1182.0017
0.1,0.0,649.7556,751.1294
0.1,0.0,651.6129,628.0531
0.1,0.0,653.4702,222.5339
0.1,0.0,655.3275,-148.8874
0.1,0.0,657.1848,512.6603
0.1,0.0,659.042,846.0047
0.1,0.0,660.8993,1139.2539
0.1,0.0,662.7566,518.3652
0.1,0.0,664.6139,579.9127
0.1,0.0,666.4712,635.3625
0.1,0.0,668.3284,720.8146
0.1,0.0,670.1857,2.9914
0.1,0.0,672.043,172.3646
0.1,0.0,673.9003,436.9791
0.1,0.0,675.7576,490.8693
0.1,0.0,677.6149,135.8248
0.1,0.0,679.4721,623.3047
0.1,0.0,681.3294,15.9891
0.1,0.0,683.1867,426.1581
0.1,0.0,685.044,369.6175
0.1,0.0,686.9013,556.5032
0.1,0.0,688.7586,486.2543
0.1,0.0,690.6158,255.2046
0.1,0.0,692.4731,369.654
0.1,0.0,694.3304,1041.3099
0.1,0.0,696.1877,625.3508
0.1,0.0,698.045,-97.6932
0.1,0.0,699.9022,709.3433
0.1,0.0,701.7595,637.2855
0.1,0.0,703.6168,531.9751
0.1,0.0,705.4741,-666.4208
0.1,0.0,707.3314,570.7645
0.1,0.0,709.1887,357.5167
0.1,0.0,711.0459,-16.723
0.1,0.0,712.9032,629.9378
0.1,0.0,714.7605,899.8513
0.1,0.0,716.6178,127.1112
0.1,0.0,718.4751,-239.944
0.1,0.0,720.3324,80.7013
0.1,0.0,722.1896,686.457
0.1,0.0,724.0469,478.7799
0.1,0.0,725.9042,225.6612
0.1,0.0,727.7615,633.9592
0.1,0.0,729.6188,553.4268
0.1,0.0,731.4761,526.3535
0.1,0.0,733.3333,96.0906
0.1,0.0,735.1906,278.5799
0.1,0.0,737.0479,-83.1889
0.1,0.0,738.9052,-224.2245
0.1,0.0,740.7625,987.1008
0.1,0.0,742.6197,84.1823
0.1,0.0,744.477,-512.8679
0.1,0.0,746.3343,525.7036
0.1,0.0,748.1916,1172.1348
0.1,0.0,750.0489,367.6717
0.1,0.0,751.9062,1212.6592
0.1,0.0,753.7634,281.7058
0.1,0.0,755.6207,188.7893
0.1,0.0,757.478,333.9723
0.1,0.0,759.3353,888.0387
0.1,0.0,761.1926,400.1545
0.1,0.0,763.0499,343.8321
0.1,0.0,764.9071,755.3043
0.1,0.0,766.7644,740.2827
0.1,0.0,768.6217,194.4566
0.1,0.0,770.479,304.4953
0.1,0.0,772.3363,952.6211
0.1,0.0,774.1935,621.1088
0.1,0.0,776.0508,585.4097
0.1,0.0,777.9081,701.0685
0.1,0.0,779.7654,1279.1968
0.1,0.0,781.6227,1005.054
0.1,0.0,783.48,513.6217
0.1,0.0,785.3372,756.7287
0.1,0.0,787.1945,1236.3604
0.1,0.0,789.0518,1811.9438
0.1,0.0,790.9091,1729.2438
0.1,0.0,792.7664,2496.0768
0.1,0.0,794.6237,3466.445
0.1,0.0,796.4809,3321.2506
0.1,0.0,798.3382,2689.7898
0.1,0.0,800.1955,2181.6165
0.1,0.0,802.0528,2193.7141
0.1,0.0,803.9101,945.0817
0.1,0.0,805.7674,1241.7727
0.1,0.0,807.6246,1088.9278
0.1,0.0,809.4819,133.4087
0.1,0.0,811.3392,483.7424
0.1,0.0,813.1965,483.3649
0.1,0.0,815.0538,982.7173
0.1,0.0,816.911,-0.2157
0.1,0.0,818.7683,561.669
0.1,0.0,820.6256,216.0636
0.1,0.0,822.4829,440.866
0.1,0.0,824.3402,943.7426
0.1,0.0,826.1975,111.3858
0.1,0.0,828.0547,529.2926
0.1,0.0,829.912,402.4711
0.1,0.0,831.7693,799.3734
0.1,0.0,833.6266,726.0411
0.1,0.0,835.4839,514.2993
0.1,0.0,837.3412,355.4191
0.1,0.0,839.1984,448.6666
0.1,0.0,841.0557,1077.8168
0.1,0.0,842.913,521.6491
0.1,0.0,844.7703,1188.1593
0.1,0.0,846.6276,1244.06
0.1,0.0,848.4848,1715.1845
0.1,0.0,850.3421,1320.2747
0.1,0.0,852.1994,2756.6536
0.1,0.0,854.0567,4112.2619
0.1,0.0,855.914,4131.4228
0.1,0.0,857.7713,5421.6772
0.1,0.0,859.6285,5191.9008
0.1,0.0,861.4858,3524.5189
0.1,0.0,863.3431,2826.3627
0.1,0.0,865.2004,1641.587
0.1,0.0,867.0577,1895.0538
0.1,0.0,868.915,1095.0735
0.1,0.0,870.7722,1334.1033
0.1,0.0,872.6295,949.2407
0.1,0.0,874.4868,395.9574
0.1,0.0,876.3441,1865.5038
0.1,0.0,878.2014,-530.9178
0.1,0.0,880.0587,65.7588
0.1,0.0,881.9159,656.7099
0.1,0.0,883.7732,1078.2152
0.1,0.0,885.6305,181.9637
0.1,0.0,887.4878,725.6781
0.1,0.0,889.3451,691.1214
0.1,0.0,891.2023,393.2472
0.1,0.0,893.0596,412.4345
0.1,0.0,894.9169,721.8816
0.1,0.0,896.7742,396.9869
0.1,0.0,898.6315,103.5411
0.1,0.0,900.4888,-145.3238
0.1,0.0,902.346,312.2171
0.1,0.0,904.2033,1016.2853
0.1,0.0,906.0606,675.1699
0.1,0.0,907.9179,1621.8007
0.1,0.0,909.7752,1087.787
0.1,0.0,911.6325,445.8534
0.1,0.0,913.4897,290.5474
0.1,0.0,915.347,-131.561
0.1,0.0,917.2043,-144.7548
0.1,0.0,919.0616,538.4078
0.1,0.0,920.9189,-327.7089
0.1,0.0,922.7761,979.5878
0.1,0.0,924.6334,-342.7875
0.1,0.0,926.4907,322.6053
0.1,0.0,928.348,325.9988
0.1,0.0,930.2053,494.7912
0.1,0.0,932.0626,353.6557
0.1,0.0,933.9198,218.722
0.1,0.0,935.7771,278.8339
0.1,0.0,937.6344,608.2212
0.1,0.0,939.4917,1029.8115
0.1,0.0,941.349,-305.3666
0.1,0.0,943.2063,-49.0465
0.1,0.0,945.0635,166.5604
0.1,0.0,946.9208,838.7132
0.1,0.0,948.7781,689.0891
0.1,0.0,950.6354,-229.3287
0.1,0.0,952.4927,-145.4595
0.1,0.0,954.35,745.4008
0.1,0.0,956.2072,96.7438
0.1,0.0,958.0645,61.4637
0.1,0.0,959.9218,658.5715
0.1,0.0,961.7791,-173.5178
0.1,0.0,963.6364,318.6964
0.1,0.0,965.4936,491.0201
0.1,0.0,967.3509,-109.9947
0.1,0.0,969.2082,448.1804
0.1,0.0,971.0655,736.4901
0.1,0.0,972.9228,607.4325
0.1,0.0,974.7801,914.2593
0.1,0.0,976.6373,1460.0049
0.1,0.0,978.4946,792.4981
0.1,0.0,980.3519,842.1137
0.1,0.0,982.2092,1137.3729
0.1,0.0,984.0665,104.5438
0.1,0.0,985.9238,982.2483
0.1,0.0,987.781,1063.7897
0.1,0.0,989.6383,1433.6104
0.1,0.0,991.4956,2563.5285
0.1,0.0,993.3529,2848.936
0.1,0.0,995.2102,3919.1906
0.1,0.0,997.0674,6816.9432
0.1,0.0,998.9247,12212.1943
0.1,0.0,1000.782,20343.0902
0.1,0.0,1002.6393,18335.9852
0.1,0.0,1004.4966,10762.3604
0.1,0.0,1006.3539,5932.7757
0.1,0.0,1008.2111,4369.6106
0.1,0.0,1010.0684,2844.9099
0.1,0.0,1011.9257,2063.1178
0.1,0.0,1013.783,2304.5755
0.1,0.0,1015.6403,1747.3218
0.1,0.0,1017.4976,1547.0086
0.1,0.0,1019.3548,1650.8129
0.1,0.0,1021.2121,1954.5408
0.1,0.0,1023.0694,2852.1888
0.1,0.0,1024.9267,3369.9473
0.1,0.0,1026.784,5118.3714
0.1,0.0,1028.6413,6847.578
0.1,0.0,1030.4985,11180.5688
0.1,0.0,1032.3558,12875.3158
0.1,0.0,1034.2131,9274.3773
0.1,0.0,1036.0704,4641.3596
0.1,0.0,1037.9277,4321.3245
0.1,0.0,1039.7849,3096.6547
0.1,0.0,1041.6422,2141.5415
0.1,0.0,1043.4995,1185.9411
0.1,0.0,1045.3568,1293.6258
0.1,0.0,1047.2141,1492.439
0.1,0.0,1049.0714,794.9888
0.1,0.0,1050.9286,1182.1311
0.1,0.0,1052.7859,1201.6584
0.1,0.0,1054.6432,1239.3707
0.1,0.0,1056.5005,988.9676
0.1,0.0,1058.3578,646.7586
0.1,0.0,1060.2151,1158.7679
0.1,0.0,1062.0723,1159.168
0.1,0.0,1063.9296,1195.5436
0.1,0.0,1065.7869,165.3214
0.1,0.0,1067.6442,613.9097
0.1,0.0,1069.5015,1081.4163
0.1,0.0,1071.3587,259.5863
0.1,0.0,1073.216,1173.1142
0.1,0.0,1075.0733,552.6835
0.1,0.0,1076.9306,909.248
0.1,0.0,1078.7879,983.9596
0.1,0.0,1080.6452,1208.9192
0.1,0.0,1082.5024,1013.0792
0.1,0.0,1084.3597,1086.9194
0.1,0.0,1086.217,1532.0991
0.1,0.0,1088.0743,2974.1658
0.1,0.0,1089.9316,2376.6668
0.1,0.0,1091.7889,5019.0573
0.1,0.0,1093.6461,6449.3796
0.1,0.0,1095.5034,8829.9753
0.1,0.0,1097.3607,8469.426
0.1,0.0,1099.218,5390.4276
0.1,0.0,1101.0753,4301.2653
0.1,0.0,1102.9326,3045.5069
0.1,0.0,1104.7898,2229.4839
0.1,0.0,1106.6471,1882.0287
0.1,0.0,1108.5044,2926.6159
0.1,0.0,1110.3617,2749.244
0.1,0.0,1112.219,3572.21
0.1,0.0,1114.0762,6068.8526
0.1,0.0,1115.9335,7467.9069
0.1,0.0,1117.7908,7936.6442
0.1,0.0,1119.6481,6630.1938
0.1,0.0,1121.5054,4345.2503
0.1,0.0,1123.3627,3430.2637
0.1,0.0,1125.2199,1423.5871
0.1,0.0,1127.0772,1679.9631
0.1,0.0,1128.9345,935.563
0.1,0.0,1130.7918,928.1463
0.1,0.0,1132.6491,1011.6382
0.1,0.0,1134.5064,762.042
0.1,0.0,1136.3636,1320.0736
0.1,0.0,1138.2209,495.925
0.1,0.0,1140.0782,453.4372
0.1,0.0,1141.9355,733.9172
0.1,0.0,1143.7928,1305.2419
0.1,0.0,1145.65,1464.3203
0.1,0.0,1147.5073,1818.5445
0.1,0.0,1149.3646,2935.8126
0.1,0.0,1151.2219,3127.7523
0.1,0.0,1153.0792,4878.5577
0.1,0.0,1154.9365,5650.9608
0.1,0.0,1156.7937,5470.0631
0.1,0.0,1158.651,4085.6516
0.1,0.0,1160.5083,2467.7082
0.1,0.0,1162.3656,1638.522
0.1,0.0,1164.2229,1385.9496
0.1,0.0,1166.0802,1357.2915
0.1,0.0,1167.9374,792.717
0.1,0.0,1169.7947,791.0146
0.1,0.0,1171.652,805.2962
0.1,0.0,1173.5093,1059.4306
0.1,0.0,1175.3666,896.3259
0.1,0.0,1177.2239,486.6482
0.1,0.0,1179.0811,-147.9229
0.1,0.0,1180.9384,938.274
0.1,0.0,1182.7957,650.5112
0.1,0.0,1184.653,289.4156
0.1,0.0,1186.5103,1152.4314
0.1,0.0,1188.3675,739.9183
0.1,0.0,1190.2248,170.0329
0.1,0.0,1192.0821,328.1692
0.1,0.0,1193.9394,-99.1296
0.1,0.0,1195.7967,305.4388
0.1,0.0,1197.654,574.3536
0.1,0.0,1199.5112,389.7188
0.1,0.0,1201.3685,970.8841
0.1,0.0,1203.2258,812.5505
0.1,0.0,1205.0831,1029.5922
0.1,0.0,1206.9404,972.3365
0.1,0.0,1208.7977,1141.8235
0.1,0.0,1210.6549,803.5813
0.1,0.0,1212.5122,130.4782
0.1,0.0,1214.3695,1386.019
0.1,0.0,1216.2268,8.3964
0.1,0.0,1218.0841,900.6678
0.1,0.0,1219.9413,-62.5706
0.1,0.0,1221.7986,435.5829
0.1,0.0,1223.6559,18.9492
0.1,0.0,1225.5132,-331.3021
0.1,0.0,1227.3705,233.6439
0.1,0.0,1229.2278,3.9732
0.1,0.0,1231.085,723.0497
0.1,0.0,1232.9423,945.1314
0.1,0.0,1234.7996,28.2168
0.1,0.0,1236.6569,345.5531
0.1,0.0,1238.5142,573.3547
0.1,0.0,1240.3715,-22.5738
0.1,0.0,1242.2287,892.6699
0.1,0.0,1244.086,691.7612
0.1,0.0,1245.9433,350.8296
0.1,0.0,1247.8006,-340.3245
0.1,0.0,1249.6579,620.8754
0.1,0.0,1251.5152,235.7106
0.1,0.0,1253.3724,270.9278
0.1,0.0,1255.2297,-69.4144
0.1,0.0,1257.087,476.3799
0.1,0.0,1258.9443,615.5874
0.1,0.0,1260.8016,880.5191
0.1,0.0,1262.6588,869.0164
0.1,0.0,1264.5161,573.0594
0.1,0.0,1266.3734,412.4955
0.1,0.0,1268.2307,733.1937
0.1,0.0,1270.088,789.2001
0.1,0.0,1271.9453,532.0694
0.1,0.0,1273.8025,1241.3488
0.1,0.0,1275.6598,1888.4196
0.1,0.0,1277.5171,2322.0234
0.1,0.0,1279.3744,2728.936
0.1,0.0,1281.2317,3726.2647
0.1,0.0,1283.089,6005.1539
0.1,0.0,1284.9462,8684.7203
0.1,0.0,1286.8035,12016.099
0.1,0.0,1288.6608,11612.3697
0.1,0.0,1290.5181,9834.06
0.1,0.0,1292.3754,6504.6163
0.1,0.0,1294.2326,5161.6755
0.1,0.0,1296.0899,2698.5888
0.1,0.0,1297.9472,2810.0304
0.1,0.0,1299.8045,1904.1692
0.1,0.0,1301.6618,1757.8
0.1,0.0,1303.5191,1536.4759
0.1,0.0,1305.3763,1282.6413
0.1,0.0,1307.2336,875.7828
0.1,0.0,1309.0909,1772.0681
0.1,0.0,1310.9482,1065.9447
0.1,0.0,1312.8055,441.2668
0.1,0.0,1314.6628,852.3038
0.1,0.0,1316.52,907.4548
0.1,0.0,1318.3773,730.1373
0.1,0.0,1320.2346,893.1245
0.1,0.0,1322.0919,-77.647
0.1,0.0,1323.9492,995.2734
0.1,0.0,1325.8065,731.0547
0.1,0.0,1327.6637,-373.2396
0.1,0.0,1329.521,387.9287
0.1,0.0,1331.3783,355.3409
0.1,0.0,1333.2356,-50.0466
0.1,0.0,1335.0929,94.297
0.1,0.0,1336.9501,-15.5041
0.1,0.0,1338.8074,60.8169
0.1,0.0,1340.6647,556.0367
0.1,0.0,1342.522,797.8696
0.1,0.0,1344.3793,-256.5059
0.1,0.0,1346.2366,938.0491
0.1,0.0,1348.0938,18.1466
0.1,0.0,1349.9511,268.9023
0.1,0.0,1351.8084,1125.1885
0.1,0.0,1353.6657,-349.59
0.1,0.0,1355.523,38.6725
0.1,0.0,1357.3803,-316.0308
0.1,0.0,1359.2375,223.7467
0.1,0.0,1361.0948,325.0553
0.1,0.0,1362.9521,1005.7522
0.1,0.0,1364.8094,-109.4675
0.1,0.0,1366.6667,511.4918
0.1,0.0,1368.5239,-122.7873
0.1,0.0,1370.3812,1023.3615
0.1,0.0,1372.2385,-116.145
0.1,0.0,1374.0958,996.4195
0.1,0.0,1375.9531,760.0071
0.1,0.0,1377.8104,1238.9726
0.1,0.0,1379.6676,815.9039
0.1,0.0,1381.5249,39.0525
0.1,0.0,1383.3822,273.092
0.1,0.0,1385.2395,692.2131
0.1,0.0,1387.0968,647.6155
0.1,0.0,1388.9541,519.341
0.1,0.0,1390.8113,-83.9473
0.1,0.0,1392.6686,-120.3773
0.1,0.0,1394.5259,894.9963
0.1,0.0,1396.3832,317.5806
0.1,0.0,1398.2405,336.0374
0.1,0.0,1400.0978,728.7038
0.1,0.0,1401.955,1141.1429
0.1,0.0,1403.8123,389.7269
0.1,0.0,1405.6696,-247.8866
0.1,0.0,1407.5269,849.0362
0.1,0.0,1409.3842,906.7164
0.1,0.0,1411.2414,-65.3837
0.1,0.0,1413.0987,179.4826
0.1,0.0,1414.956,245.37
0.1,0.0,1416.8133,173.9585
0.1,0.0,1418.6706,-145.5768
0.1,0.0,1420.5279,558.0372
0.1,0.0,1422.3851,255.204
0.1,0.0,1424.2424,177.0604
0.1,0.0,1426.0997,-178.192
0.1,0.0,1427.957,613.1638
0.1,0.0,1429.8143,1227.703
0.1,0.0,1431.6716,1754.7534
0.1,0.0,1433.5288,1531.5988
0.1,0.0,1435.3861,836.3691
0.1,0.0,1437.2434,1240.0707
0.1,0.0,1439.1007,1434.5582
0.1,0.0,1440.958,2540.4922
0.1,0.0,1442.8152,3472.7528
0.1,0.0,1444.6725,4501.0721
0.1,0.0,1446.5298,5378.5839
0.1,0.0,1448.3871,6756.756
0.1,0.0,1450.2444,7037.5007
0.1,0.0,1452.1017,7353.841
0.1,0.0,1453.9589,5574.5523
0.1,0.0,1455.8162,3791.4604
0.1,0.0,1457.6735,3244.4906
0.1,0.0,1459.5308,2687.2351
0.1,0.0,1461.3881,2236.4114
0.1,0.0,1463.2454,1681.3973
0.1,0.0,1465.1026,1221.3765
0.1,0.0,1466.9599,1212.885
0.1,0.0,1468.8172,1095.0348
0.1,0.0,1470.6745,966.4249
0.1,0.0,1472.5318,153.4327
0.1,0.0,1474.3891,931.9006
0.1,0.0,1476.2463,349.8648
0.1,0.0,1478.1036,270.2081
0.1,0.0,1479.9609,780.3936
0.1,0.0,1481.8182,471.6848
0.1,0.0,1483.6755,-2.7931
0.1,0.0,1485.5327,655.3206
0.1,0.0,1487.39,963.9227
0.1,0.0,1489.2473,465.3362
0.1,0.0,1491.1046,1173.7559
0.1,0.0,1492.9619,-177.8172
0.1,0.0,1494.8192,214.1325
0.1,0.0,1496.6764,599.8477
0.1,0.0,1498.5337,-90.8012
0.1,0.0,1500.391,806.185
0.1,0.0,1502.2483,489.3838
0.1,0.0,1504.1056,369.0319
0.1,0.0,1505.9629,849.955
0.1,0.0,1507.8201,575.4032
0.1,0.0,1509.6774,319.4313
0.1,0.0,1511.5347,404.2886
0.1,0.0,1513.392,500.408
0.1,0.0,1515.2493,626.9836
0.1,0.0,1517.1065,319.7324
0.1,0.0,1518.9638,8.3229
0.1,0.0,1520.8211,-292.9889
0.1,0.0,1522.6784,186.7429
0.1,0.0,1524.5357,61.9573
0.1,0.0,1526.393,118.3299
0.1,0.0,1528.2502,675.165
0.1,0.0,1530.1075,293.1964
0.1,0.0,1531.9648,706.5859
0.1,0.0,1533.8221,648.9906
0.1,0.0,1535.6794,521.0257
0.1,0.0,1537.5367,54.8511
0.1,0.0,1539.3939,960.2452
0.1,0.0,1541.2512,847.8093
0.1,0.0,1543.1085,536.7642
0.1,0.0,1544.9658,149.9743
0.1,0.0,1546.8231,367.9238
0.1,0.0,1548.6804,35.2319
0.1,0.0,1550.5376,859.469
0.1,0.0,1552.3949,1137.2685
0.1,0.0,1554.2522,286.6833
0.1,0.0,1556.1095,769.5664
0.1,0.0,1557.9668,506.2992
0.1,0.0,1559.824,699.356
0.1,0.0,1561.6813,636.964
0.1,0.0,1563.5386,1088.2109
0.1,0.0,1565.3959,337.4623
0.1,0.0,1567.2532,1624.5006
0.1,0.0,1569.1105,2078.85
0.1,0.0,1570.9677,1681.73
0.1,0.0,1572.825,1911.4509
0.1,0.0,1574.6823,2236.4208
0.1,0.0,1576.5396,2508.2404
0.1,0.0,1578.3969,3604.8744
0.1,0.0,1580.2542,5941.0899
0.1,0.0,1582.1114,7641.1724
0.1,0.0,1583.9687,7771.0622
0.1,0.0,1585.826,5766.3908
0.1,0.0,1587.6833,4531.9408
0.1,0.0,1589.5406,3979.3661
0.1,0.0,1591.3978,3956.0516
0.1,0.0,1593.2551,3387.9682
0.1,0.0,1595.1124,4815.5397
0.1,0.0,1596.9697,5932.2885
0.1,0.0,1598.827,7903.0857
0.1,0.0,1600.6843,10866.3841
0.1,0.0,1602.5415,13433.6593
0.1,0.0,1604.3988,11438.9929
0.1,0.0,1606.2561,8982.9404
0.1,0.0,1608.1134,9011.575
0.1,0.0,1609.9707,10017.2686
0.1,0.0,1611.828,13571.1553
0.1,0.0,1613.6852,15966.7412
0.1,0.0,1615.5425,13888.72
0.1,0.0,1617.3998,9665.8151
0.1,0.0,1619.2571,5538.3434
0.1,0.0,1621.1144,4866.9967
0.1,0.0,1622.9717,3198.3272
0.1,0.0,1624.8289,2835.6153
0.1,0.0,1626.6862,2099.2695
0.1,0.0,1628.5435,1543.8597
0.1,0.0,1630.4008,1665.6761
0.1,0.0,1632.2581,655.0589
0.1,0.0,1634.1153,1406.7437
0.1,0.0,1635.9726,712.5454
0.1,0.0,1637.8299,1231.9747
0.1,0.0,1639.6872,1043.2805
0.1,0.0,1641.5445,362.396
0.1,0.0,1643.4018,927.0602
0.1,0.0,1645.259,1152.9322
0.1,0.0,1647.1163,570.2072
0.1,0.0,1648.9736,952.2836
0.1,0.0,1650.8309,908.282
0.1,0.0,1652.6882,315.3839
0.1,0.0,1654.5455,237.7726
0.1,0.0,1656.4027,405.7476
0.1,0.0,1658.26,717.2286
0.1,0.0,1660.1173,43.6574
0.1,0.0,1661.9746,150.0966
0.1,0.0,1663.8319,943.537
0.1,0.0,1665.6891,-439.8534
0.1,0.0,1667.5464,532.008
0.1,0.0,1669.4037,1206.8592
0.1,0.0,1671.261,164.5905
0.1,0.0,1673.1183,706.2484
0.1,0.0,1674.9756,568.7161
0.1,0.0,1676.8328,607.8811
0.1,0.0,1678.6901,817.5984
0.1,0.0,1680.5474,901.9836
0.1,0.0,1682.4047,786.0996
0.1,0.0,1684.262,568.1566
0.1,0.0,1686.1193,581.4978
0.1,0.0,1687.9765,1416.1631
0.1,0.0,1689.8338,1063.5963
0.1,0.0,1691.6911,155.1808
0.1,0.0,1693.5484,1616.5885
0.1,0.0,1695.4057,728.5332
0.1,0.0,1697.263,977.7459
0.1,0.0,1699.1202,2123.758
0.1,0.0,1700.9775,940.3652
0.1,0.0,1702.8348,829.7543
0.1,0.0,1704.6921,906.2628
0.1,0.0,1706.5494,2018.2099
0.1,0.0,1708.4066,1505.5394
0.1,0.0,1710.2639,2665.7691
0.1,0.0,1712.1212,2679.5027
0.1,0.0,1713.9785,3202.6609
0.1,0.0,1715.8358,4100.787
0.1,0.0,1717.6931,6077.5799
0.1,0.0,1719.5503,8423.2692
0.1,0.0,1721.4076,11181.7723
0.1,0.0,1723.2649,16833.8536
0.1,0.0,1725.1222,21041.2331
0.1,0.0,1726.9795,20069.65
0.1,0.0,1728.8368,15460.5364
0.1,0.0,1730.694,11005.9245
0.1,0.0,1732.5513,8879.3767
0.1,0.0,1734.4086,5819.4373
0.1,0.0,1736.2659,4352.1604
0.1,0.0,1738.1232,2984.1479
0.1,0.0,1739.9804,3015.0793
0.1,0.0,1741.8377,2046.4927
0.1,0.0,1743.695,1729.1829
0.1,0.0,1745.5523,2146.2268
0.1,0.0,1747.4096,1912.3969
0.1,0.0,1749.2669,2287.1736
0.1,0.0,1751.1241,1564.984
0.1,0.0,1752.9814,676.1527
0.1,0.0,1754.8387,1493.4667
0.1,0.0,1756.696,1009.0552
0.1,0.0,1758.5533,420.7058
0.1,0.0,1760.4106,419.7387
0.1,0.0,1762.2678,370.0095
0.1,0.0,1764.1251,-175.9183
0.1,0.0,1765.9824,1278.3913
0.1,0.0,1767.8397,210.7181
0.1,0.0,1769.697,314.8032
0.1,0.0,1771.5543,662.0863
0.1,0.0,1773.4115,483.4286
0.1,0.0,1775.2688,1056.1416
0.1,0.0,1777.1261,108.8815
0.1,0.0,1778.9834,245.4546
0.1,0.0,1780.8407,-287.33
0.1,0.0,1782.6979,274.7124
0.1,0.0,1784.5552,143.1198
0.1,0.0,1786.4125,1040.0529
0.1,0.0,1788.2698,-257.9321
0.1,0.0,1790.1271,857.8848
0.1,0.0,1791.9844,677.817
0.1,0.0,1793.8416,979.4882
0.1,0.0,1795.6989,-222.6383
0.1,0.0,1797.5562,784.9882
0.1,0.0,1799.4135,299.901
0.1,0.0,1801.2708,555.2568
0.1,0.0,1803.1281,557.418
0.1,0.0,1804.9853,418.6384
0.1,0.0,1806.8426,90.188
0.1,0.0,1808.6999,216.677
0.1,0.0,1810.5572,989.0081
0.1,0.0,1812.4145,569.1334
0.1,0.0,1814.2717,695.8411
0.1,0.0,1816.129,462.6952
0.1,0.0,1817.9863,235.4689
0.1,0.0,1819.8436,488.5787
0.1,0.0,1821.7009,172.6745
0.1,0.0,1823.5582,-760.1194
0.1,0.0,1825.4154,146.0703
0.1,0.0,1827.2727,-13.0164
0.1,0.0,1829.13,316.7659
0.1,0.0,1830.9873,-17.9057
0.1,0.0,1832.8446,-2.5668
0.1,0.0,1834.7019,610.8654
0.1,0.0,1836.5591,591.9548
0.1,0.0,1838.4164,535.4369
0.1,0.0,1840.2737,-447.6748
0.1,0.0,1842.131,-240.9787
0.1,0.0,1843.9883,689.4299
0.1,0.0,1845.8456,-216.125
0.1,0.0,1847.7028,-70.5753
0.1,0.0,1849.5601,948.6187
0.1,0.0,1851.4174,-94.0903
0.1,0.0,1853.2747,-377.2293
0.1,0.0,1855.132,938.2274
0.1,0.0,1856.9892,58.7993
0.1,0.0,1858.8465,353.0626
0.1,0.0,1860.7038,-147.3778
0.1,0.0,1862.5611,-96.8268
0.1,0.0,1864.4184,108.7075
0.1,0.0,1866.2757,282.7584
0.1,0.0,1868.1329,392.6671
0.1,0.0,1869.9902,-581.0727
0.1,0.0,1871.8475,429.1371
0.1,0.0,1873.7048,-120.3031
0.1,0.0,1875.5621,960.5512
0.1,0.0,1877.4194,467.1832
0.1,0.0,1879.2766,254.553
0.1,0.0,1881.1339,675.5998
0.1,0.0,1882.9912,186.5069
0.1,0.0,1884.8485,653.8251
0.1,0.0,1886.7058,32.1278
0.1,0.0,1888.563,-468.78
0.1,0.0,1890.4203,840.4705
0.1,0.0,1892.2776,606.1544
0.1,0.0,1894.1349,458.929
0.1,0.0,1895.9922,-67.4179
0.1,0.0,1897.8495,980.0582
0.1,0.0,1899.7067,364.5922
0.1,0.0,1901.564,428.3222
0.1,0.0,1903.4213,767.0591
0.1,0.0,1905.2786,588.0189
0.1,0.0,1907.1359,611.7446
0.1,0.0,1908.9932,-1094.8933
0.1,0.0,1910.8504,691.441
0.1,0.0,1912.7077,691.7712
0.1,0.0,1914.565,48.3508
0.1,0.0,1916.4223,486.1736
0.1,0.0,1918.2796,388.9513
0.1,0.0,1920.1369,396.8402
0.1,0.0,1921.9941,-179.921
0.1,0.0,1923.8514,264.7574
0.1,0.0,1925.7087,249.726
0.1,0.0,1927.566,370.4836
0.1,0.0,1929.4233,-12.075
0.1,0.0,1931.2805,41.0235
0.1,0.0,1933.1378,142.1765
0.1,0.0,1934.9951,348.137
0.1,0.0,1936.8524,-125.7305
0.1,0.0,1938.7097,944.9253
0.1,0.0,1940.567,-126.9384
0.1,0.0,1942.4242,11.8067
0.1,0.0,1944.2815,101.418
0.1,0.0,1946.1388,-195.0844
0.1,0.0,1947.9961,496.783
0.1,0.0,1949.8534,571.2536
0.1,0.0,1951.7107,677.4545
0.1,0.0,1953.5679,208.8909
0.1,0.0,1955.4252,-46.2174
0.1,0.0,1957.2825,239.8355
0.1,0.0,1959.1398,616.5849
0.1,0.0,1960.9971,-72.2982
0.1,0.0,1962.8543,286.3198
0.1,0.0,1964.7116,801.5301
0.1,0.0,1966.5689,-441.8339
0.1,0.0,1968.4262,391.171
0.1,0.0,1970.2835,-195.7897
0.1,0.0,1972.1408,-346.2588
0.1,0.0,1973.998,43.9175
0.1,0.0,1975.8553,464.3169
0.1,0.0,1977.7126,216.7515
0.1,0.0,1979.5699,-74.4363
0.1,0.0,1981.4272,62.9125
0.1,0.0,1983.2845,761.8427
0.1,0.0,1985.1417,307.2427
0.1,0.0,1986.999,573.4961
0.1,0.0,1988.8563,758.2574
0.1,0.0,1990.7136,341.7116
0.1,0.0,1992.5709,-102.3296
0.1,0.0,1994.4282,407.5228
0.1,0.0,1996.2854,-227.4851
0.1,0.0,1998.1427,-314.9219
0.1,0.0,2000.0,587.7967
0.1,0.1,100.0,-180.4146
0.1,0.1,101.8573,383.4771
0.1,0.1,103.7146,-106.3421
0.1,0.1,105.5718,684.49
0.1,0.1,107.4291,306.3005
0.1,0.1,109.2864,837.5215
0.1,0.1,111.1437,551.6563
0.1,0.1,113.001,-163.3495
0.1,0.1,114.8583,672.301
0.1,0.1,116.7155,313.1648
0.1,0.1,118.5728,860.6464
0.1,0.1,120.4301,-112.5949
0.1,0.1,122.2874,281.4702
0.1,0.1,124.1447,618.3927
0.1,0.1,126.002,-305.2308
0.1,0.1,127.8592,840.3545
0.1,0.1,129.7165,646.4581
0.1,0.1,131.5738,1007.9885
0.1,0.1,133.4311,375.3711
0.1,0.1,135.2884,721.5332
0.1,0.1,137.1457,266.2376
0.1,0.1,139.0029,1024.2822
0.1,0.1,140.8602,299.2925
0.1,0.1,142.7175,513.4247
0.1,0.1,144.5748,-226.9473
0.1,0.1,146.4321,64.6658
0.1,0.1,148.2893,557.7193
0.1,0.1,150.1466,-512.5972
0.1,0.1,152.0039,-85.0113
0.1,0.1,153.8612,321.619
0.1,0.1,155.7185,36.8125
0.1,0.1,157.5758,105.7716
0.1,0.1,159.433,-329.1204
0.1,0.1,161.2903,441.6798
0.1,0.1,163.1476,111.9016
0.1,0.1,165.0049,-188.2091
0.1,0.1,166.8622,379.2105
0.1,0.1,168.7195,1077.8262
0.1,0.1,170.5767,1113.0528
0.1,0.1,172.434,710.1556
0.1,0.1,174.2913,377.9048
0.1,0.1,176.1486,411.5434
0.1,0.1,178.0059,-432.3803
0.1,0.1,179.8631,913.2395
0.1,0.1,181.7204,547.7038
0.1,0.1,183.5777,-604.7734
0.1,0.1,185.435,349.4414
0.1,0.1,187.2923,787.0813
0.1,0.1,189.1496,106.3813
0.1,0.1,191.0068,582.5665
0.1,0.1,192.8641,346.6557
0.1,0.1,194.7214,735.9079
0.1,0.1,196.5787,436.1092
0.1,0.1,198.436,495.4622
0.1,0.1,200.2933,657.838
0.1,0.1,202.1505,327.5169
0.1,0.1,204.0078,-211.2801
0.1,0.1,205.8651,595.9956
0.1,0.1,207.7224,519.3493
0.1,0.1,209.5797,403.3427
0.1,0.1,211.437,241.4855
0.1,0.1,213.2942,311.3213
0.1,0.1,215.1515,-501.3564
0.1,0.1,217.0088,212.0301
0.1,0.1,218.8661,827.8556
0.1,0.1,220.7234,271.5722
0.1,0.1,222.5806,-148.7359
0.1,0.1,224.4379,222.6376
0.1,0.1,226.2952,510.8459
0.1,0.1,228.1525,145.8616
0.1,0.1,230.0098,523.5175
0.1,0.1,231.8671,560.5167
0.1,0.1,233.7243,250.2448
0.1,0.1,235.5816,381.0982
0.1,0.1,237.4389,753.7845
0.1,0.1,239.2962,8.5238
0.1,0.1,241.1535,-159.5259
0.1,0.1,243.0108,93.3236
0.1,0.1,244.868,-237.8226
0.1,0.1,246.7253,139.6399
0.1,0.1,248.5826,470.3721
0.1,0.1,250.4399,535.0466
0.1,0.1,252.2972,112.6438
0.1,0.1,254.1544,-214.0187
0.1,0.1,256.0117,563.3796
0.1,0.1,257.869,-113.0353
0.1,0.1,259.7263,337.1287
0.1,0.1,261.5836,280.5749
0.1,0.1,263.4409,694.1177
0.1,0.1,265.2981,653.3701
0.1,0.1,267.1554,156.7548
0.1,0.1,269.0127,111.3705
0.1,0.1,270.87,1046.4698
0.1,0.1,272.7273,1350.7062
0.1,0.1,274.5846,731.7937
0.1,0.1,276.4418,461.6622
0.1,0.1,278.2991,-65.9432
0.1,0.1,280.1564,1076.5751
0.1,0.1,282.0137,515.5032
0.1,0.1,283.871,428.2882
0.1,0.1,285.7283,445.0197
0.1,0.1,287.5855,203.7381
0.1,0.1,289.4428,745.2135
0.1,0.1,291.3001,-340.4365
0.1,0.1,293.1574,242.7207
0.1,0.1,295.0147,730.7009
0.1,0.1,296.8719,-69.9159
0.1,0.1,298.7292,478.5731
0.1,0.1,300.5865,507.4995
0.1,0.1,302.4438,325.4629
0.1,0.1,304.3011,-526.1207
0.1,0.1,306.1584,468.208
0.1,0.1,308.0156,489.3758
0.1,0.1,309.8729,49.5496
0.1,0.1,311.7302,373.8611
0.1,0.1,313.5875,-58.488
0.1,0.1,315.4448,-145.8028
0.1,0.1,317.3021,132.0818
0.1,0.1,319.1593,279.1914
0.1,0.1,321.0166,120.7608
0.1,0.1,322.8739,-227.2917
0.1,0.1,324.7312,312.1862
0.1,0.1,326.5885,925.0855
0.1,0.1,328.4457,133.7872
0.1,0.1,330.303,779.0493
0.1,0.1,332.1603,297.4686
0.1,0.1,334.0176,386.4595
0.1,0.1,335.8749,82.8045
0.1,0.1,337.7322,521.3437
0.1,0.1,339.5894,-227.9402
0.1,0.1,341.4467,385.0871
0.1,0.1,343.304,-335.2593
0.1,0.1,345.1613,-620.6755
0.1,0.1,347.0186,105.2089
0.1,0.1,348.8759,11.6889
0.1,0.1,350.7331,-33.139
0.1,0.1,352.5904,21.8462
0.1,0.1,354.4477,544.3263
0.1,0.1,356.305,-173.8453
0.1,0.1,358.1623,934.72
0.1,0.1,360.0196,119.3659
0.1,0.1,361.8768,-178.6615
0.1,0.1,363.7341,126.5336
0.1,0.1,365.5914,430.0757
0.1,0.1,367.4487,-509.5825
0.1,0.1,369.306,323.8532
0.1,0.1,371.1632,521.6903
0.1,0.1,373.0205,369.1387
0.1,0.1,374.8778,116.9002
0.1,0.1,376.7351,126.439
0.1,0.1,378.5924,1039.6879
0.1,0.1,380.4497,377.4457
0.1,0.1,382.3069,593.333
0.1,0.1,384.1642,680.3678
0.1,0.1,386.0215,680.1432
0.1,0.1,387.8788,105.6956
0.1,0.1,389.7361,273.2652
0.1,0.1,391.5934,275.4174
0.1,0.1,393.4506,124.5314
0.1,0.1,395.3079,404.2589
0.1,0.1,397.1652,467.6754
0.1,0.1,399.0225,886.4041
0.1,0.1,400.8798,445.1373
0.1,0.1,402.737,734.3991
0.1,0.1,404.5943,-276.9446
0.1,0.1,406.4516,-120.1304
0.1,0.1,408.3089,141.485
0.1,0.1,410.1662,-96.6276
0.1,0.1,412.0235,216.1165
0.1,0.1,413.8807,652.9098
0.1,0.1,415.738,453.9602
0.1,0.1,417.5953,657.55
0.1,0.1,419.4526,697.2457
0.1,0.1,421.3099,455.3702
0.1,0.1,423.1672,1151.186
0.1,0.1,425.0244,-343.156
0.1,0.1,426.8817,532.7978
0.1,0.1,428.739,1179.3136
0.1,0.1,430.5963,437.9155
0.1,0.1,432.4536,402.9491
0.1,0.1,434.3109,-10.0898
0.1,0.1,436.1681,1493.6575
0.1,0.1,438.0254,1129.3734
0.1,0.1,439.8827,79.381
0.1,0.1,441.74,626.9304
0.1,0.1,443.5973,739.8196
0.1,0.1,445.4545,-34.1002
0.1,0.1,447.3118,126.7199
0.1,0.1,449.1691,673.3889
0.1,0.1,451.0264,521.4605
0.1,0.1,452.8837,943.6413
0.1,0.1,454.741,254.6717
0.1,0.1,456.5982,1194.9628
0.1,0.1,458.4555,-328.8159
0.1,0.1,460.3128,938.2349
0.1,0.1,462.1701,627.679
0.1,0.1,464.0274,3.3003
0.1,0.1,465.8847,401.1856
0.1,0.1,467.7419,680.4279
0.1,0.1,469.5992,149.664
0.1,0.1,471.4565,307.0226
0.1,0.1,473.3138,643.8522
0.1,0.1,475.1711,-18.7535
0.1,0.1,477.0283,518.7142
0.1,0.1,478.8856,384.3275
0.1,0.1,480.7429,-36.1408
0.1,0.1,482.6002,-175.1097
0.1,0.1,484.4575,291.1833
0.1,0.1,486.3148,-37.6612
0.1,0.1,488.172,893.6281
0.1,0.1,490.0293,-74.9868
0.1,0.1,491.8866,-432.3705
0.1,0.1,493.7439,405.1812
0.1,0.1,495.6012,-252.9008
0.1,0.1,497.4585,-236.5729
0.1,0.1,499.3157,257.5456
0.1,0.1,501.173,333.2397
0.1,0.1,503.0303,796.4182
0.1,0.1,504.8876,423.8315
0.1,0.1,506.7449,161.5027
0.1,0.1,508.6022,605.8341
0.1,0.1,510.4594,-116.0876
0.1,0.1,512.3167,332.1743
0.1,0.1,514.174,423.3418
0.1,0.1,516.0313,680.7781
0.1,0.1,517.8886,699.48
0.1,0.1,519.7458,-347.8894
0.1,0.1,521.6031,681.657
0.1,0.1,523.4604,-331.7778
0.1,0.1,525.3177,34.046
0.1,0.1,527.175,966.9792
0.1,0.1,529.0323,-225.0193
0.1,0.1,530.8895,-569.0842
0.1,0.1,532.7468,-222.0914
0.1,0.1,534.6041,719.121
0.1,0.1,536.4614,220.2091
0.1,0.1,538.3187,142.3691
0.1,0.1,540.176,830.4967
0.1,0.1,542.0332,758.3325
0.1,0.1,543.8905,398.6784
0.1,0.1,545.7478,90.8356
0.1,0.1,547.6051,-467.4757
0.1,0.1,549.4624,157.5447
0.1,0.1,551.3196,221.6203
0.1,0.1,553.1769,451.6524
0.1,0.1,555.0342,1315.8972
0.1,0.1,556.8915,103.8725
0.1,0.1,558.7488,292.3229
0.1,0.1,560.6061,-288.1804
0.1,0.1,562.4633,150.3257
0.1,0.1,564.3206,412.8447
0.1,0.1,566.1779,626.654
0.1,0.1,568.0352,-19.4762
0.1,0.1,569.8925,-537.789
0.1,0.1,571.7498,1242.2866
0.1,0.1,573.607,-170.1391
0.1,0.1,575.4643,134.8015
0.1,0.1,577.3216,437.0886
0.1,0.1,579.1789,-362.4093
0.1,0.1,581.0362,665.6808
0.1,0.1,582.8935,667.2652
0.1,0.1,584.7507,368.0873
0.1,0.1,586.608,436.6099
0.1,0.1,588.4653,449.0257
0.1,0.1,590.3226,634.9302
0.1,0.1,592.1799,311.371
0.1,0.1,594.0371,802.4067
0.1,0.1,595.8944,1178.7914
0.1,0.1,597.7517,486.9225
0.1,0.1,599.609,282.948
0.1,0.1,601.4663,765.0126
0.1,0.1,603.3236,600.4644
0.1,0.1,605.1808,336.4483
0.1,0.1,607.0381,692.972
0.1,0.1,608.8954,815.5399
0.1,0.1,610.7527,1913.4666
0.1,0.1,612.61,2073.1758
0.1,0.1,614.4673,1525.31
0.1,0.1,616.3245,3775.141
0.1,0.1,618.1818,5235.7498
0.1,0.1,620.0391,6514.0162
0.1,0.1,621.8964,6852.1268
0.1,0.1,623.7537,5770.697
0.1,0.1,625.6109,4394.8403
0.1,0.1,627.4682,4212.8593
0.1,0.1,629.3255,4871.4951
0.1,0.1,631.1828,5041.1344
0.1,0.1,633.0401,4322.5598
0.1,0.1,634.8974,4262.4148
0.1,0.1,636.7546,2476.4378
0.1,0.1,638.6119,1072.4467
0.1,0.1,640.4692,647.961
0.1,0.1,642.3265,1394.5918
0.1,0.1,644.1838,1582.639
0.1,0.1,646.0411,723.8682
0.1,0.1,647.8983,967.494
0.1,0.1,649.7556,527.7358
0.1,0.1,651.6129,1025.8706
0.1,0.1,653.4702,843.6569
0.1,0.1,655.3275,1080.8552
0.1,0.1,657.1848,265.6462
0.1,0.1,659.042,45.037
0.1,0.1,660.8993,378.3717
0.1,0.1,662.7566,900.1584
0.1,0.1,664.6139,653.6864
0.1,0.1,666.4712,356.7131
0.1,0.1,668.3284,787.2162
0.1,0.1,670.1857,577.3863
0.1,0.1,672.043,1025.7922
0.1,0.1,673.9003,992.0105
0.1,0.1,675.7576,1543.946
0.1,0.1,677.6149,85.6538
0.1,0.1,679.4721,144.6047
0.1,0.1,681.3294,40.7253
0.1,0.1,683.1867,925.3914
0.1,0.1,685.044,337.3336
0.1,0.1,686.9013,211.7929
0.1,0.1,688.7586,783.4905
0.1,0.1,690.6158,745.8773
0.1,0.1,692.4731,149.2861
0.1,0.1,694.3304,772.7531
0.1,0.1,696.1877,36.8173
0.1,0.1,698.045,650.1158
0.1,0.1,699.9022,-299.3927
0.1,0.1,701.7595,-49.3481
0.1,0.1,703.6168,1064.4161
0.1,0.1,705.4741,737.631
0.1,0.1,707.3314,256.1737
0.1,0.1,709.1887,-128.9398
0.1,0.1,711.0459,230.1856
0.1,0.1,712.9032,309.3113
0.1,0.1,714.7605,-94.8944
0.1,0.1,716.6178,956.0164
0.1,0.1,718.4751,1043.429
0.1,0.1,720.3324,560.68
0.1,0.1,722.1896,-59.6823
0.1,0.1,724.0469,667.6578
0.1,0.1,725.9042,-397.9031
0.1,0.1,727.7615,369.5131
0.1,0.1,729.6188,1394.3181
0.1,0.1,731.4761,617.7922
0.1,0.1,733.3333,-181.5677
0.1,0.1,735.1906,-14.7496
0.1,0.1,737.0479,275.3658
0.1,0.1,738.9052,768.4916
0.1,0.1,740.7625,194.5261
0.1,0.1,742.6197,705.919
0.1,0.1,744.477,255.7277
0.1,0.1,746.3343,493.9358
0.1,0.1,748.1916,562.5272
0.1,0.1,750.0489,217.5968
0.1,0.1,751.9062,-119.3586
0.1,0.1,753.7634,1177.8094
0.1,0.1,755.6207,327.4666
0.1,0.1,757.478,481.3103
0.1,0.1,759.3353,85.5588
0.1,0.1,761.1926,-62.8194
0.1,0.1,763.0499,-75.9998
0.1,0.1,764.9071,-17.5494
0.1,0.1,766.7644,-244.8851
0.1,0.1,768.6217,330.6369
0.1,0.1,770.479,94.4017
0.1,0.1,772.3363,1253.6744
0.1,0.1,774.1935,48.4438
0.1,0.1,776.0508,60.5643
0.1,0.1,777.9081,871.1759
0.1,0.1,779.7654,592.927
0.1,0.1,781.6227,624.1912
0.1,0.1,783.48,39.6064
0.1,0.1,785.3372,1146.7775
0.1,0.1,787.1945,1254.9797
0.1,0.1,789.0518,2401.3573
0.1,0.1,790.9091,2346.4981
0.1,0.1,792.7664,2519.0314
0.1,0.1,794.6237,3156.0174
0.1,0.1,796.4809,3426.0313
0.1,0.1,798.3382,2714.24
0.1,0.1,800.1955,2677.1978
0.1,0.1,802.0528,1917.1683
0.1,0.1,803.9101,1185.2168
0.1,0.1,805.7674,978.7392
0.1,0.1,807.6246,582.1922
0.1,0.1,809.4819,638.4965
0.1,0.1,811.3392,1258.3404
0.1,0.1,813.1965,563.2542
0.1,0.1,815.0538,438.9113
0.1,0.1,816.911,243.5102
0.1,0.1,818.7683,1058.6768
0.1,0.1,820.6256,532.6569
0.1,0.1,822.4829,874.8429
0.1,0.1,824.3402,452.201
0.1,0.1,826.1975,346.9511
0.1,0.1,828.0547,88.3
0.1,0.1,829.912,386.8849
0.1,0.1,831.7693,527.5539
0.1,0.1,833.6266,389.0591
0.1,0.1,835.4839,803.9028
0.1,0.1,837.3412,806.5209
0.1,0.1,839.1984,351.245
0.1,0.1,841.0557,631.3068
0.1,0.1,842.913,741.5138
0.1,0.1,844.7703,584.4259
0.1,0.1,846.6276,489.27
0.1,0.1,848.4848,2063.8447
0.1,0.1,850.3421,1727.6089
0.1,0.1,852.1994,2652.2996
0.1,0.1,854.0567,3971.7405
0.1,0.1,855.914,4386.7376
0.1,0.1,857.7713,5627.6657
0.1,0.1,859.6285,5031.0332
0.1,0.1,861.4858,3202.1197
0.1,0.1,863.3431,3301.6924
0.1,0.1,865.2004,1564.6101
0.1,0.1,867.0577,1431.0261
0.1,0.1,868.915,1100.5612
0.1,0.1,870.7722,889.7991
0.1,0.1,872.6295,971.4818
0.1,0.1,874.4868,1304.8206
0.1,0.1,876.3441,1239.1609
0.1,0.1,878.2014,849.7688
0.1,0.1,880.0587,117.0188
0.1,0.1,881.9159,641.162
0.1,0.1,883.7732,-178.3462
0.1,0.1,885.6305,-39.3841
0.1,0.1,887.4878,357.3762
0.1,0.1,889.3451,666.7604
0.1,0.1,891.2023,646.0157
0.1,0.1,893.0596,111.965
0.1,0.1,894.9169,1178.0321
0.1,0.1,896.7742,887.307
0.1,0.1,898.6315,58.4502
0.1,0.1,900.4888,257.154
0.1,0.1,902.346,461.8319
0.1,0.1,904.2033,816.3023
0.1,0.1,906.0606,784.5957
0.1,0.1,907.9179,631.6456
0.1,0.1,909.7752,418.0164
0.1,0.1,911.6325,329.7257
0.1,0.1,913.4897,731.6152
0.1,0.1,915.347,895.7504
0.1,0.1,917.2043,391.1574
0.1,0.1,919.0616,742.4074
0.1,0.1,920.9189,240.7474
0.1,0.1,922.7761,963.2993
0.1,0.1,924.6334,820.2241
0.1,0.1,926.4907,284.4329
0.1,0.1,928.348,-324.2661
0.1,0.1,930.2053,705.9323
0.1,0.1,932.0626,-197.5224
0.1,0.1,933.9198,601.5712
0.1,0.1,935.7771,44.1213
0.1,0.1,937.6344,732.3806
0.1,0.1,939.4917,187.431
0.1,0.1,941.349,520.9493
0.1,0.1,943.2063,-212.3076
0.1,0.1,945.0635,568.325
0.1,0.1,946.9208,841.4526
0.1,0.1,948.7781,75.528
0.1,0.1,950.6354,-79.3379
0.1,0.1,952.4927,1019.1637
0.1,0.1,954.35,883.8878
0.1,0.1,956.2072,796.3358
0.1,0.1,958.0645,852.0274
0.1,0.1,959.9218,367.1316
0.1,0.1,961.7791,1333.0053
0.1,0.1,963.6364,-438.7971
0.1,0.1,965.4936,562.5689
0.1,0.1,967.3509,-196.3877
0.1,0.1,969.2082,597.3443
0.1,0.1,971.0655,522.6077
0.1,0.1,972.9228,834.5963
0.1,0.1,974.7801,682.9108
0.1,0.1,976.6373,830.5894
0.1,0.1,978.4946,1341.7956
0.1,0.1,980.3519,193.674
0.1,0.1,982.2092,1101.6181
0.1,0.1,984.0665,889.5187
0.1,0.1,985.9238,1326.9832
0.1,0.1,987.781,742.1601
0.1,0.1,989.6383,931.9722
0.1,0.1,991.4956,2359.978
0.1,0.1,993.3529,3177.9208
0.1,0.1,995.2102,4938.5282
0.1,0.1,997.0674,7619.6792
0.1,0.1,998.9247,12646.7237
0.1,0.1,1000.782,20214.4537
0.1,0.1,1002.6393,17227.2542
0.1,0.1,1004.4966,11329.4788
0.1,0.1,1006.3539,5684.997
0.1,0.1,1008.2111,3509.7121
0.1,0.1,1010.0684,2950.4662
0.1,0.1,1011.9257,3109.9454
0.1,0.1,1013.783,1968.1418
0.1,0.1,1015.6403,1308.2656
0.1,0.1,1017.4976,2157.0155
0.1,0.1,1019.3548,1431.4647
0.1,0.1,1021.2121,2256.5333
0.1,0.1,1023.0694,3079.5281
0.1,0.1,1024.9267,2905.6087
0.1,0.1,1026.784,4403.8415
0.1,0.1,1028.6413,7715.6736
0.1,0.1,1030.4985,12255.5484
0.1,0.1,1032.3558,12947.5457
0.1,0.1,1034.2131,8807.9593
0.1,0.1,1036.0704,4938.3581
0.1,0.1,1037.9277,2312.8518
0.1,0.1,1039.7849,2521.8146
0.1,0.1,1041.6422,1638.9013
0.1,0.1,1043.4995,1395.2206
0.1,0.1,1045.3568,1464.0432
0.1,0.1,1047.2141,1089.9769
0.1,0.1,1049.0714,504.4366
0.1,0.1,1050.9286,1158.7512
0.1,0.1,1052.7859,851.9511
0.1,0.1,1054.6432,850.9912
0.1,0.1,1056.5005,1618.837
0.1,0.1,1058.3578,522.3671
0.1,0.1,1060.2151,961.6885
0.1,0.1,1062.0723,420.0015
0.1,0.1,1063.9296,432.9184
0.1,0.1,1065.7869,741.074
0.1,0.1,1067.6442,1298.4647
0.1,0.1,1069.5015,943.0704
0.1,0.1,1071.3587,900.5433
0.1,0.1,1073.216,472.8038
0.1,0.1,1075.0733,729.0136
0.1,0.1,1076.9306,745.7157
0.1,0.1,1078.7879,639.8037
0.1,0.1,1080.6452,693.687
0.1,0.1,1082.5024,2444.2833
0.1,0.1,1084.3597,1224.2023
0.1,0.1,1086.217,1234.6375
0.1,0.1,1088.0743,2318.4409
0.1,0.1,1089.9316,2864.5761
0.1,0.1,1091.7889,4740.0189
0.1,0.1,1093.6461,7404.3219
0.1,0.1,1095.5034,8665.5926
0.1,0.1,1097.3607,7909.7154
0.1,0.1,1099.218,5469.253
0.1,0.1,1101.0753,4022.2161
0.1,0.1,1102.9326,2779.8851
0.1,0.1,1104.7898,2599.2659
0.1,0.1,1106.6471,2731.6683
0.1,0.1,1108.5044,3581.8188
0.1,0.1,1110.3617,3257.1986
0.1,0.1,1112.219,3571.4178
0.1,0.1,1114.0762,5679.5255
0.1,0.1,1115.9335,6687.4574
0.1,0.1,1117.7908,7080.5462
0.1,0.1,1119.6481,5682.1096
0.1,0.1,1121.5054,3305.853
0.1,0.1,1123.3627,2386.1089
0.1,0.1,1125.2199,1952.3822
0.1,0.1,1127.0772,1678.4519
0.1,0.1,1128.9345,1512.1977
0.1,0.1,1130.7918,656.17
0.1,0.1,1132.6491,1405.3482
0.1,0.1,1134.5064,1055.2149
0.1,0.1,1136.3636,305.9753
0.1,0.1,1138.2209,1416.5504
0.1,0.1,1140.0782,406.2851
0.1,0.1,1141.9355,357.9681
0.1,0.1,1143.7928,1831.3901
0.1,0.1,1145.65,944.9874
0.1,0.1,1147.5073,1613.8643
0.1,0.1,1149.3646,2353.7423
0.1,0.1,1151.2219,3056.3248
0.1,0.1,1153.0792,4482.7468
0.1,0.1,1154.9365,5592.7947
0.1,0.1,1156.7937,4393.7962
0.1,0.1,1158.651,3707.0084
0.1,0.1,1160.5083,2555.9959
0.1,0.1,1162.3656,2592.6494
0.1,0.1,1164.2229,1160.3707
0.1,0.1,1166.0802,1451.2119
0.1,0.1,1167.9374,1424.1244
0.1,0.1,1169.7947,451.6369
0.1,0.1,1171.652,294.2659
0.1,0.1,1173.5093,259.2995
0.1,0.1,1175.3666,307.1543
0.1,0.1,1177.2239,115.0387
0.1,0.1,1179.0811,524.2369
0.1,0.1,1180.9384,783.3179
0.1,0.1,1182.7957,1132.7717
0.1,0.1,1184.653,32.2022
0.1,0.1,1186.5103,348.8486
0.1,0.1,1188.3675,106.0328
0.1,0.1,1190.2248,671.948
0.1,0.1,1192.0821,65.0784
0.1,0.1,1193.9394,-78.1942
0.1,0.1,1195.7967,426.5642
0.1,0.1,1197.654,321.2182
0.1,0.1,1199.5112,948.3396
0.1,0.1,1201.3685,141.1159
0.1,0.1,1203.2258,-153.0222
0.1,0.1,1205.0831,442.8094
0.1,0.1,1206.9404,158.3078
0.1,0.1,1208.7977,1363.8242
0.1,0.1,1210.6549,1222.619
0.1,0.1,1212.5122,308.4124
0.1,0.1,1214.3695,343.7884
0.1,0.1,1216.2268,335.772
0.1,0.1,1218.0841,607.3861
0.1,0.1,1219.9413,-106.1005
0.1,0.1,1221.7986,160.5224
0.1,0.1,1223.6559,955.7981
0.1,0.1,1225.5132,307.9539
0.1,0.1,1227.3705,-133.1745
0.1,0.1,1229.2278,428.4407
0.1,0.1,1231.085,144.7083
0.1,0.1,1232.9423,605.4213
0.1,0.1,1234.7996,840.2583
0.1,0.1,1236.6569,934.8968
0.1,0.1,1238.5142,1018.7776
0.1,0.1,1240.3715,821.3591
0.1,0.1,1242.2287,695.3374
0.1,0.1,1244.086,160.1589
0.1,0.1,1245.9433,-37.6228
0.1,0.1,1247.8006,447.5692
0.1,0.1,1249.6579,276.5257
0.1,0.1,1251.5152,331.2109
0.1,0.1,1253.3724,22.257
0.1,0.1,1255.2297,1481.1363
0.1,0.1,1257.087,718.9187
0.1,0.1,1258.9443,805.4121
0.1,0.1,1260.8016,1236.5881
0.1,0.1,1262.6588,976.0595
0.1,0.1,1264.5161,960.7627
0.1,0.1,1266.3734,902.92
0.1,0.1,1268.2307,735.398
0.1,0.1,1270.088,1362.0456
0.1,0.1,1271.9453,1245.8276
0.1,0.1,1273.8025,1227.4244
0.1,0.1,1275.6598,2086.8243
0.1,0.1,1277.5171,2563.127
0.1,0.1,1279.3744,3017.9217
0.1,0.1,1281.2317,4659.9219
0.1,0.1,1283.089,5670.2867
0.1,0.1,1284.9462,9138.4532
0.1,0.1,1286.8035,12258.7915
0.1,0.1,1288.6608,12856.6379
0.1,0.1,1290.5181,9830.697
0.1,0.1,1292.3754,7185.3845
0.1,0.1,1294.2326,4938.7792
0.1,0.1,1296.0899,3271.0108
0.1,0.1,1297.9472,3106.8059
0.1,0.1,1299.8045,2174.4229
0.1,0.1,1301.6618,1359.4804
0.1,0.1,1303.5191,1442.3956
0.1,0.1,1305.3763,349.213
0.1,0.1,1307.2336,712.8252
0.1,0.1,1309.0909,634.1762
0.1,0.1,1310.9482,809.487
0.1,0.1,1312.8055,1481.5545
0.1,0.1,1314.6628,1332.3591
0.1,0.1,1316.52,109.1919
0.1,0.1,1318.3773,722.1879
0.1,0.1,1320.2346,1090.6475
0.1,0.1,1322.0919,91.3077
0.1,0.1,1323.9492,537.4118
0.1,0.1,1325.8065,1034.2495
0.1,0.1,1327.6637,90.4184
0.1,0.1,1329.521,1050.3381
0.1,0.1,1331.3783,951.8536
0.1,0.1,1333.2356,754.8802
0.1,0.1,1335.0929,638.891
0.1,0.1,1336.9501,-169.0646
0.1,0.1,1338.8074,87.0075
0.1,0.1,1340.6647,-151.7168
0.1,0.1,1342.522,875.3188
0.1,0.1,1344.3793,-198.858
0.1,0.1,1346.2366,145.6021
0.1,0.1,1348.0938,525.1629
0.1,0.1,1349.9511,747.6521
0.1,0.1,1351.8084,256.3355
0.1,0.1,1353.6657,1206.2407
0.1,0.1,1355.523,474.5539
0.1,0.1,1357.3803,219.5127
0.1,0.1,1359.2375,162.1347
0.1,0.1,1361.0948,331.5905
0.1,0.1,1362.9521,-125.8043
0.1,0.1,1364.8094,437.7653
0.1,0.1,1366.6667,498.9316
0.1,0.1,1368.5239,483.2162
0.1,0.1,1370.3812,764.9157
0.1,0.1,1372.2385,141.7697
0.1,0.1,1374.0958,23.1313
0.1,0.1,1375.9531,632.8396
0.1,0.1,1377.8104,1086.6315
0.1,0.1,1379.6676,925.1859
0.1,0.1,1381.5249,-23.3923
0.1,0.1,1383.3822,650.6946
0.1,0.1,1385.2395,152.8105
0.1,0.1,1387.0968,1264.4168
0.1,0.1,1388.9541,512.0575
0.1,0.1,1390.8113,501.2796
0.1,0.1,1392.6686,476.5351
0.1,0.1,1394.5259,121.3964
0.1,0.1,1396.3832,595.0617
0.1,0.1,1398.2405,-269.0924
0.1,0.1,1400.0978,201.7984
0.1,0.1,1401.955,379.5464
0.1,0.1,1403.8123,528.9916
0.1,0.1,1405.6696,990.8451
0.1,0.1,1407.5269,153.2499
0.1,0.1,1409.3842,566.0734
0.1,0.1,1411.2414,610.3984
0.1,0.1,1413.0987,498.9143
0.1,0.1,1414.956,1079.662
0.1,0.1,1416.8133,639.7681
0.1,0.1,1418.6706,541.8991
0.1,0.1,1420.5279,183.4019
0.1,0.1,1422.3851,71.2187
0.1,0.1,1424.2424,771.8218
0.1,0.1,1426.0997,590.5812
0.1,0.1,1427.957,1166.5528
0.1,0.1,1429.8143,1597.4811
0.1,0.1,1431.6716,1206.5831
0.1,0.1,1433.5288,1237.2891
0.1,0.1,1435.3861,611.1909
0.1,0.1,1437.2434,1093.7544
0.1,0.1,1439.1007,1763.3899
0.1,0.1,1440.958,2357.8823
0.1,0.1,1442.8152,2972.8948
0.1,0.1,1444.6725,4237.2078
0.1,0.1,1446.5298,5097.5223
0.1,0.1,1448.3871,6709.5926
0.1,0.1,1450.2444,7141.5428
0.1,0.1,1452.1017,6604.0005
0.1,0.1,1453.9589,5792.8352
0.1,0.1,1455.8162,4102.4187
0.1,0.1,1457.6735,2893.9287
0.1,0.1,1459.5308,1888.5338
0.1,0.1,1461.3881,1392.5182
0.1,0.1,1463.2454,1491.8976
0.1,0.1,1465.1026,1125.0213
0.1,0.1,1466.9599,1291.7783
0.1,0.1,1468.8172,1433.0608
0.1,0.1,1470.6745,856.5009
0.1,0.1,1472.5318,370.7454
0.1,0.1,1474.3891,428.852
0.1,0.1,1476.2463,234.8295
0.1,0.1,1478.1036,617.5006
0.1,0.1,1479.9609,112.0176
0.1,0.1,1481.8182,1036.5034
0.1,0.1,1483.6755,704.309
0.1,0.1,1485.5327,1005.8464
0.1,0.1,1487.39,940.2567
0.1,0.1,1489.2473,-188.9635
0.1,0.1,1491.1046,405.134
0.1,0.1,1492.9619,807.347
0.1,0.1,1494.8192,252.2383
0.1,0.1,1496.6764,388.0062
0.1,0.1,1498.5337,832.3922
0.1,0.1,1500.391,599.717
0.1,0.1,1502.2483,315.5949
0.1,0.1,1504.1056,978.9645
0.1,0.1,1505.9629,456.7331
0.1,0.1,1507.8201,314.7549
0.1,0.1,1509.6774,-13.6241
0.1,0.1,1511.5347,552.6053
0.1,0.1,1513.392,289.3651
0.1,0.1,1515.2493,139.9293
0.1,0.1,1517.1065,338.9618
0.1,0.1,1518.9638,1143.9382
0.1,0.1,1520.8211,1210.2683
0.1,0.1,1522.6784,562.2386
0.1,0.1,1524.5357,925.4413
0.1,0.1,1526.393,469.3828
0.1,0.1,1528.2502,923.7188
0.1,0.1,1530.1075,472.8596
0.1,0.1,1531.9648,474.4133
0.1,0.1,1533.8221,659.6417
0.1,0.1,1535.6794,271.5676
0.1,0.1,1537.5367,451.3806
0.1,0.1,1539.3939,729.6814
0.1,0.1,1541.2512,593.2751
0.1,0.1,1543.1085,152.3453
0.1,0.1,1544.9658,65.1314
0.1,0.1,1546.8231,1228.7721
0.1,0.1,1548.6804,384.4237
0.1,0.1,1550.5376,1038.0027
0.1,0.1,1552.3949,871.0537
0.1,0.1,1554.2522,679.9476
0.1,0.1,1556.1095,873.1362
0.1,0.1,1557.9668,1270.4223
0.1,0.1,1559.824,672.6772
0.1,0.1,1561.6813,1684.3103
0.1,0.1,1563.5386,515.8565
0.1,0.1,1565.3959,825.1118
0.1,0.1,1567.2532,758.41
0.1,0.1,1569.1105,1208.3284
0.1,0.1,1570.9677,1068.416
0.1,0.1,1572.825,1509.4506
0.1,0.1,1574.6823,2583.9623
0.1,0.1,1576.5396,2788.6036
0.1,0.1,1578.3969,4149.0166
0.1,0.1,1580.2542,5505.7739
0.1,0.1,1582.1114,6679.9173
0.1,0.1,1583.9687,6969.9407
0.1,0.1,1585.826,6593.7136
0.1,0.1,1587.6833,4809.1446
0.1,0.1,1589.5406,4695.5571
0.1,0.1,1591.3978,3833.1937
0.1,0.1,1593.2551,3730.6411
0.1,0.1,1595.1124,4307.3386
0.1,0.1,1596.9697,5927.5812
0.1,0.1,1598.827,7745.7998
0.1,0.1,1600.6843,11222.9576
0.1,0.1,1602.5415,12416.136
0.1,0.1,1604.3988,10719.5568
0.1,0.1,1606.2561,8772.1426
0.1,0.1,1608.1134,8504.0876
0.1,0.1,1609.9707,10266.0231
0.1,0.1,1611.828,13925.3688
0.1,0.1,1613.6852,16066.731
0.1,0.1,1615.5425,13601.7212
0.1,0.1,1617.3998,9559.0513
0.1,0.1,1619.2571,5449.9649
0.1,0.1,1621.1144,4841.9954
0.1,0.1,1622.9717,3357.0308
0.1,0.1,1624.8289,2077.535
0.1,0.1,1626.6862,1354.8111
0.1,0.1,1628.5435,1875.739
0.1,0.1,1630.4008,1122.3359
0.1,0.1,1632.2581,1376.7434
0.1,0.1,1634.1153,1014.6286
0.1,0.1,1635.9726,830.6403
0.1,0.1,1637.8299,1057.539
0.1,0.1,1639.6872,1056.9283
0.1,0.1,1641.5445,1134.4344
0.1,0.1,1643.4018,1052.1469
0.1,0.1,1645.259,702.4307
0.1,0.1,1647.1163,862.6241
0.1,0.1,1648.9736,288.3734
0.1,0.1,1650.8309,761.7327
0.1,0.1,1652.6882,799.4585
0.1,0.1,1654.5455,895.169
0.1,0.1,1656.4027,946.5365
0.1,0.1,1658.26,729.3942
0.1,0.1,1660.1173,642.9458
0.1,0.1,1661.9746,389.0236
0.1,0.1,1663.8319,233.4627
0.1,0.1,1665.6891,1227.5285
0.1,0.1,1667.5464,740.9612
0.1,0.1,1669.4037,614.6256
0.1,0.1,1671.261,465.2755
0.1,0.1,1673.1183,-408.2158
0.1,0.1,1674.9756,472.7204
0.1,0.1,1676.8328,442.9035
0.1,0.1,1678.6901,310.9633
0.1,0.1,1680.5474,398.0817
0.1,0.1,1682.4047,153.1526
0.1,0.1,1684.262,650.7181
0.1,0.1,1686.1193,582.2119
0.1,0.1,1687.9765,913.992
0.1,0.1,1689.8338,952.0471
0.1,0.1,1691.6911,-9.407
0.1,0.1,1693.5484,927.5713
0.1,0.1,1695.4057,379.0112
0.1,0.1,1697.263,1916.6344
0.1,0.1,1699.1202,1004.611
0.1,0.1,1700.9775,1096.3153
0.1,0.1,1702.8348,1232.6681
0.1,0.1,1704.6921,991.9874
0.1,0.1,1706.5494,1859.4568
0.1,0.1,1708.4066,1841.8357
0.1,0.1,1710.2639,1461.8443
0.1,0.1,1712.1212,2783.3359
0.1,0.1,1713.9785,3187.232
0.1,0.1,1715.8358,4624.0803
0.1,0.1,1717.6931,6179.5338
0.1,0.1,1719.5503,8504.138
0.1,0.1,1721.4076,10651.7712
0.1,0.1,1723.2649,15847.2806
0.1,0.1,1725.1222,20240.1533
0.1,0.1,1726.9795,20220.3971
0.1,0.1,1728.8368,15708.9559
0.1,0.1,1730.694,11568.1587
0.1,0.1,1732.5513,8460.1738
0.1,0.1,1734.4086,5774.5073
0.1,0.1,1736.2659,4393.8058
0.1,0.1,1738.1232,3588.7049
0.1,0.1,1739.9804,2508.8243
0.1,0.1,1741.8377,1707.9281
0.1,0.1,1743.695,1798.3237
0.1,0.1,1745.5523,2120.6922
0.1,0.1,1747.4096,1492.4523
0.1,0.1,1749.2669,1273.5458
0.1,0.1,1751.1241,863.6413
0.1,0.1,1752.9814,663.4847
0.1,0.1,1754.8387,1819.7481
0.1,0.1,1756.696,552.6974
0.1,0.1,1758.5533,1203.1019
0.1,0.1,1760.4106,1557.4076
0.1,0.1,1762.2678,647.3841
0.1,0.1,1764.1251,799.1921
0.1,0.1,1765.9824,1154.0313
0.1,0.1,1767.8397,727.8983
0.1,0.1,1769.697,750.7653
0.1,0.1,1771.5543,1055.9908
0.1,0.1,1773.4115,821.3343
0.1,0.1,1775.2688,104.8479
0.1,0.1,1777.1261,602.3246
0.1,0.1,1778.9834,459.5842
0.1,0.1,1780.8407,481.7804
0.1,0.1,1782.6979,634.3698
0.1,0.1,1784.5552,1046.5312
0.1,0.1,1786.4125,1125.58
0.1,0.1,1788.2698,639.6372
0.1,0.1,1790.1271,275.9889
0.1,0.1,1791.9844,950.1648
0.1,0.1,1793.8416,563.1353
0.1,0.1,1795.6989,564.6279
0.1,0.1,1797.5562,591.4342
0.1,0.1,1799.4135,936.4029
0.1,0.1,1801.2708,272.4877
0.1,0.1,1803.1281,430.7088
0.1,0.1,1804.9853,239.6336
0.1,0.1,1806.8426,794.6591
0.1,0.1,1808.6999,502.3625
0.1,0.1,1810.5572,574.0839
0.1,0.1,1812.4145,514.788
0.1,0.1,1814.2717,858.333
0.1,0.1,1816.129,86.7084
0.1,0.1,1817.9863,49.7906
0.1,0.1,1819.8436,561.7901
0.1,0.1,1821.7009,-81.2872
0.1,0.1,1823.5582,97.819
0.1,0.1,1825.4154,104.6624
0.1,0.1,1827.2727,450.8899
0.1,0.1,1829.13,279.2087
0.1,0.1,1830.9873,80.347
0.1,0.1,1832.8446,658.8561
0.1,0.1,1834.7019,382.8985
0.1,0.1,1836.5591,669.1628
0.1,0.1,1838.4164,-493.5908
0.1,0.1,1840.2737,-20.7234
0.1,0.1,1842.131,458.73
0.1,0.1,1843.9883,684.835
0.1,0.1,1845.8456,663.745
0.1,0.1,1847.7028,478.8125
0.1,0.1,1849.5601,363.1732
0.1,0.1,1851.4174,631.1604
0.1,0.1,1853.2747,1079.5755
0.1,0.1,1855.132,581.8644
0.1,0.1,1856.9892,635.2806
0.1,0.1,1858.8465,-24.7317
0.1,0.1,1860.7038,298.3678
0.1,0.1,1862.5611,688.2127
0.1,0.1,1864.4184,-258.492
0.1,0.1,1866.2757,-433.3651
0.1,0.1,1868.1329,890.4017
0.1,0.1,1869.9902,683.5896
0.1,0.1,1871.8475,-183.9932
0.1,0.1,1873.7048,161.1913
0.1,0.1,1875.5621,1260.4427
0.1,0.1,1877.4194,487.2879
0.1,0.1,1879.2766,312.7315
0.1,0.1,1881.1339,793.6385
0.1,0.1,1882.9912,-231.4354
0.1,0.1,1884.8485,-109.0022
0.1,0.1,1886.7058,6.4697
0.1,0.1,1888.563,40.5393
0.1,0.1,1890.4203,423.2365
0.1,0.1,1892.2776,805.1893
0.1,0.1,1894.1349,-550.4318
0.1,0.1,1895.9922,-133.4477
0.1,0.1,1897.8495,377.5512
0.1,0.1,1899.7067,808.7972
0.1,0.1,1901.564,727.811
0.1,0.1,1903.4213,331.8823
0.1,0.1,1905.2786,546.1902
0.1,0.1,1907.1359,892.204
0.1,0.1,1908.9932,764.3306
0.1,0.1,1910.8504,-269.973
0.1,0.1,1912.7077,108.9853
0.1,0.1,1914.565,182.2175
0.1,0.1,1916.4223,1202.641
0.1,0.1,1918.2796,-217.7992
0.1,0.1,1920.1369,1023.6199
0.1,0.1,1921.9941,-241.1032
0.1,0.1,1923.8514,341.5565
0.1,0.1,1925.7087,55.4946
0.1,0.1,1927.566,820.1157
0.1,0.1,1929.4233,363.7618
0.1,0.1,1931.2805,218.0352
0.1,0.1,1933.1378,-125.101
0.1,0.1,1934.9951,1565.4488
0.1,0.1,1936.8524,368.225
0.1,0.1,1938.7097,469.0037
0.1,0.1,1940.567,-77.6204
0.1,0.1,1942.4242,374.5778
0.1,0.1,1944.2815,332.2839
0.1,0.1,1946.1388,716.1682
0.1,0.1,1947.9961,617.637
0.1,0.1,1949.8534,355.7195
0.1,0.1,1951.7107,365.3844
0.1,0.1,1953.5679,666.4441
0.1,0.1,1955.4252,692.6985
0.1,0.1,1957.2825,585.784
0.1,0.1,1959.1398,303.2275
0.1,0.1,1960.9971,784.8718
0.1,0.1,1962.8543,119.203
0.1,0.1,1964.7116,-79.7273
0.1,0.1,1966.5689,611.6479
0.1,0.1,1968.4262,173.449
0.1,0.1,1970.2835,334.9163
0.1,0.1,1972.1408,273.3935
0.1,0.1,1973.998,515.9373
0.1,0.1,1975.8553,-189.8082
0.1,0.1,1977.7126,-208.3562
0.1,0.1,1979.5699,734.6821
0.1,0.1,1981.4272,180.8413
0.1,0.1,1983.2845,222.9328
0.1,0.1,1985.1417,894.4674
0.1,0.1,1986.999,488.397
0.1,0.1,1988.8563,1241.5408
0.1,0.1,1990.7136,597.1412
0.1,0.1,1992.5709,800.4296
0.1,0.1,1994.4282,227.2503
0.1,0.1,1996.2854,276.1749
0.1,0.1,1998.1427,517.3027
0.1,0.1,2000.0,42.2619
0.1,0.2,100.0,410.9505
0.1,0.2,101.8573,473.2838
0.1,0.2,103.7146,770.6901
0.1,0.2,105.5718,8.7913
0.1,0.2,107.4291,570.3726
0.1,0.2,109.2864,601.8147
0.1,0.2,111.1437,491.9944
0.1,0.2,113.001,240.1264
0.1,0.2,114.8583,355.4324
0.1,0.2,116.7155,430.0449
0.1,0.2,118.5728,-62.6194
0.1,0.2,120.4301,268.819
0.1,0.2,122.2874,146.5012
0.1,0.2,124.1447,-323.0217
0.1,0.2,126.002,-102.3217
0.1,0.2,127.8592,420.6766
0.1,0.2,129.7165,233.709
0.1,0.2,131.5738,327.8974
0.1,0.2,133.4311,673.0999
0.1,0.2,135.2884,783.4802
0.1,0.2,137.1457,510.7041
0.1,0.2,139.0029,123.6865
0.1,0.2,140.8602,688.2662
0.1,0.2,142.7175,1094.0309
0.1,0.2,144.5748,945.724
0.1,0.2,146.4321,535.1948
0.1,0.2,148.2893,402.2204
0.1,0.2,150.1466,354.8837
0.1,0.2,152.0039,622.3947
0.1,0.2,153.8612,-152.7791
0.1,0.2,155.7185,659.8341
0.1,0.2,157.5758,0.0164
0.1,0.2,159.433,188.388
0.1,0.2,161.2903,-612.4459
0.1,0.2,163.1476,740.5788
0.1,0.2,165.0049,165.9274
0.1,0.2,166.8622,800.987
0.1,0.2,168.7195,355.0071
0.1,0.2,170.5767,166.1566
0.1,0.2,172.434,582.4646
0.1,0.2,174.2913,733.3575
0.1,0.2,176.1486,754.5791
0.1,0.2,178.0059,649.8125
0.1,0.2,179.8631,5.1143
0.1,0.2,181.7204,185.2005
0.1,0.2,183.5777,434.964
0.1,0.2,185.435,-261.5698
0.1,0.2,187.2923,253.5779
0.1,0.2,189.1496,90.033
0.1,0.2,191.0068,390.8612
0.1,0.2,192.8641,1365.1609
0.1,0.2,194.7214,-121.1081
0.1,0.2,196.5787,323.625
0.1,0.2,198.436,762.9571
0.1,0.2,200.2933,113.8976
0.1,0.2,202.1505,-133.1772
0.1,0.2,204.0078,-343.0888
0.1,0.2,205.8651,569.9398
0.1,0.2,207.7224,176.7302
0.1,0.2,209.5797,366.2037
0.1,0.2,211.437,204.1007
0.1,0.2,213.2942,596.054
0.1,0.2,215.1515,1111.3299
0.1,0.2,217.0088,475.5497
0.1,0.2,218.8661,1258.5751
0.1,0.2,220.7234,465.5449
0.1,0.2,222.5806,328.1302
0.1,0.2,224.4379,112.6834
0.1,0.2,226.2952,-404.4675
0.1,0.2,228.1525,41.3727
0.1,0.2,230.0098,537.4657
0.1,0.2,231.8671,217.3391
0.1,0.2,233.7243,925.1408
0.1,0.2,235.5816,93.9503
0.1,0.2,237.4389,151.8315
0.1,0.2,239.2962,696.4453
0.1,0.2,241.1535,439.7441
0.1,0.2,243.0108,987.0643
0.1,0.2,244.868,279.3952
0.1,0.2,246.7253,277.606
0.1,0.2,248.5826,200.8242
0.1,0.2,250.4399,1362.9747
0.1,0.2,252.2972,19.8118
0.1,0.2,254.1544,224.2307
0.1,0.2,256.0117,221.9508
0.1,0.2,257.869,-79.5065
0.1,0.2,259.7263,318.0041
0.1,0.2,261.5836,187.6054
0.1,0.2,263.4409,599.4258
0.1,0.2,265.2981,150.8563
0.1,0.2,267.1554,403.6989
0.1,0.2,269.0127,780.026
0.1,0.2,270.87,-191.4798
0.1,0.2,272.7273,997.6818
0.1,0.2,274.5846,728.6207
0.1,0.2,276.4418,22.4032
0.1,0.2,278.2991,67.7023
0.1,0.2,280.1564,-63.1393
0.1,0.2,282.0137,-517.0706
0.1,0.2,283.871,734.4348
0.1,0.2,285.7283,-52.4703
0.1,0.2,287.5855,485.1377
0.1,0.2,289.4428,-560.4351
0.1,0.2,291.3001,572.6688
0.1,0.2,293.1574,614.869
0.1,0.2,295.0147,263.7424
0.1,0.2,296.8719,68.4267
0.1,0.2,298.7292,635.3517
0.1,0.2,300.5865,966.1748
0.1,0.2,302.4438,369.5524
0.1,0.2,304.3011,198.2602
0.1,0.2,306.1584,701.3871
0.1,0.2,308.0156,-677.152
0.1,0.2,309.8729,274.2887
0.1,0.2,311.7302,-481.8953
0.1,0.2,313.5875,-355.9496
0.1,0.2,315.4448,91.7262
0.1,0.2,317.3021,546.656
0.1,0.2,319.1593,554.4088
0.1,0.2,321.0166,683.7292
0.1,0.2,322.8739,-36.3974
0.1,0.2,324.7312,280.7349
0.1,0.2,326.5885,495.495
0.1,0.2,328.4457,-304.8558
0.1,0.2,330.303,811.0975
0.1,0.2,332.1603,21.8461
0.1,0.2,334.0176,951.5117
0.1,0.2,335.8749,836.8427
0.1,0.2,337.7322,-44.391
0.1,0.2,339.5894,568.6168
0.1,0.2,341.4467,892.0235
0.1,0.2,343.304,39.5249
0.1,0.2,345.1613,666.6482
0.1,0.2,347.0186,-246.7697
0.1,0.2,348.8759,15.698
0.1,0.2,350.7331,435.8166
0.1,0.2,352.5904,767.2023
0.1,0.2,354.4477,-80.5501
0.1,0.2,356.305,582.0428
0.1,0.2,358.1623,175.1713
0.1,0.2,360.0196,573.1743
0.1,0.2,361.8768,99.7228
0.1,0.2,363.7341,654.0296
0.1,0.2,365.5914,103.9879
0.1,0.2,367.4487,486.5424
0.1,0.2,369.306,184.9145
0.1,0.2,371.1632,-350.156
0.1,0.2,373.0205,329.4799
0.1,0.2,374.8778,759.952
0.1,0.2,376.7351,555.2151
0.1,0.2,378.5924,532.0202
0.1,0.2,380.4497,-506.2801
0.1,0.2,382.3069,598.8789
0.1,0.2,384.1642,504.491
0.1,0.2,386.0215,-398.9599
0.1,0.2,387.8788,740.3706
0.1,0.2,389.7361,783.134
0.1,0.2,391.5934,1341.4284
0.1,0.2,393.4506,172.2753
0.1,0.2,395.3079,252.4953
0.1,0.2,397.1652,1373.5991
0.1,0.2,399.0225,707.2337
0.1,0.2,400.8798,820.9371
0.1,0.2,402.737,119.5957
0.1,0.2,404.5943,75.963
0.1,0.2,406.4516,16.0958
0.1,0.2,408.3089,688.2963
0.1,0.2,410.1662,740.4468
0.1,0.2,412.0235,405.207
0.1,0.2,413.8807,117.0838
0.1,0.2,415.738,-279.0529
0.1,0.2,417.5953,237.8448
0.1,0.2,419.4526,77.1718
0.1,0.2,421.3099,213.9428
0.1,0.2,423.1672,0.3933
0.1,0.2,425.0244,-252.3667
0.1,0.2,426.8817,35.3652
0.1,0.2,428.739,691.6026
0.1,0.2,430.5963,995.7032
0.1,0.2,432.4536,519.3355
0.1,0.2,434.3109,650.8582
0.1,0.2,436.1681,441.408
0.1,0.2,438.0254,587.813
0.1,0.2,439.8827,627.2133
0.1,0.2,441.74,862.6326
0.1,0.2,443.5973,725.6736
0.1,0.2,445.4545,394.6921
0.1,0.2,447.3118,-127.0382
0.1,0.2,449.1691,-426.1164
0.1,0.2,451.0264,646.8429
0.1,0.2,452.8837,243.2716
0.1,0.2,454.741,726.0347
0.1,0.2,456.5982,267.2571
0.1,0.2,458.4555,451.2618
0.1,0.2,460.3128,1084.9475
0.1,0.2,462.1701,312.8648
0.1,0.2,464.0274,944.3119
0.1,0.2,465.8847,206.078
0.1,0.2,467.7419,256.4749
0.1,0.2,469.5992,-198.755
0.1,0.2,471.4565,479.7462
0.1,0.2,473.3138,468.8835
0.1,0.2,475.1711,268.6075
0.1,0.2,477.0283,-396.7744
0.1,0.2,478.8856,-734.4386
0.1,0.2,480.7429,-696.5616
0.1,0.2,482.6002,124.3058
0.1,0.2,484.4575,-145.2264
0.1,0.2,486.3148,-57.5508
0.1,0.2,488.172,285.5704
0.1,0.2,490.0293,192.2261
0.1,0.2,491.8866,382.7936
0.1,0.2,493.7439,222.8117
0.1,0.2,495.6012,277.1973
0.1,0.2,497.4585,-398.8128
0.1,0.2,499.3157,660.1165
0.1,0.2,501.173,45.8603
0.1,0.2,503.0303,452.4494
0.1,0.2,504.8876,336.4197
0.1,0.2,506.7449,42.0692
0.1,0.2,508.6022,216.9041
0.1,0.2,510.4594,394.8004
0.1,0.2,512.3167,362.8484
0.1,0.2,514.174,452.5771
0.1,0.2,516.0313,560.9103
0.1,0.2,517.8886,826.3638
0.1,0.2,519.7458,210.6252
0.1,0.2,521.6031,128.9172
0.1,0.2,523.4604,348.8075
0.1,0.2,525.3177,7.4447
0.1,0.2,527.175,-39.341
0.1,0.2,529.0323,679.3519
0.1,0.2,530.8895,885.0132
0.1,0.2,532.7468,471.8428
0.1,0.2,534.6041,-221.695
0.1,0.2,536.4614,747.0769
0.1,0.2,538.3187,-288.8035
0.1,0.2,540.176,-152.0736
0.1,0.2,542.0332,410.8993
0.1,0.2,543.8905,931.7383
0.1,0.2,545.7478,-112.6146
0.1,0.2,547.6051,44.8179
0.1,0.2,549.4624,138.1636
0.1,0.2,551.3196,663.1416
0.1,0.2,553.1769,503.7082
0.1,0.2,555.0342,499.0027
0.1,0.2,556.8915,34.7907
0.1,0.2,558.7488,309.0225
0.1,0.2,560.6061,-98.8897
0.1,0.2,562.4633,297.9243
0.1,0.2,564.3206,-147.9228
0.1,0.2,566.1779,-631.9333
0.1,0.2,568.0352,406.8557
0.1,0.2,569.8925,489.939
0.1,0.2,571.7498,618.6571
0.1,0.2,573.607,814.4592
0.1,0.2,575.4643,363.805
0.1,0.2,577.3216,184.8275
0.1,0.2,579.1789,91.9894
0.1,0.2,581.0362,370.3335
0.1,0.2,582.8935,194.1033
0.1,0.2,584.7507,624.5664
0.1,0.2,586.608,1268.4732
0.1,0.2,588.4653,744.6449
0.1,0.2,590.3226,754.4698
0.1,0.2,592.1799,1247.2555
0.1,0.2,594.0371,785.6775
0.1,0.2,595.8944,294.865
0.1,0.2,597.7517,911.7925
0.1,0.2,599.609,619.0431
0.1,0.2,601.4663,283.3753
0.1,0.2,603.3236,-221.2421
0.1,0.2,605.1808,497.2816
0.1,0.2,607.0381,1152.9399
0.1,0.2,608.8954,771.6098
0.1,0.2,610.7527,1632.9673
0.1,0.2,612.61,2302.7365
0.1,0.2,614.4673,2614.3739
0.1,0.2,616.3245,3063.9722
0.1,0.2,618.1818,5359.9602
0.1,0.2,620.0391,7329.4688
0.1,0.2,621.8964,6755.3127
0.1,0.2,623.7537,6018.7222
0.1,0.2,625.6109,4188.448
0.1,0.2,627.4682,4658.2662
0.1,0.2,629.3255,4577.0884
0.1,0.2,631.1828,4766.0009
0.1,0.2,633.0401,4530.436
0.1,0.2,634.8974,3980.8879
0.1,0.2,636.7546,2482.306
0.1,0.2,638.6119,1436.5278
0.1,0.2,640.4692,1245.23
0.1,0.2,642.3265,1162.1512
0.1,0.2,644.1838,977.4957
0.1,0.2,646.0411,985.892
0.1,0.2,647.8983,152.6628
0.1,0.2,649.7556,131.773
0.1,0.2,651.6129,499.3867
0.1,0.2,653.4702,330.4488
0.1,0.2,655.3275,-279.632
0.1,0.2,657.1848,535.1883
0.1,0.2,659.042,575.1578
0.1,0.2,660.8993,191.1229
0.1,0.2,662.7566,826.005
0.1,0.2,664.6139,357.6736
0.1,0.2,666.4712,158.9463
0.1,0.2,668.3284,1270.7967
0.1,0.2,670.1857,-143.5844
0.1,0.2,672.043,855.7384
0.1,0.2,673.9003,-175.7159
0.1,0.2,675.7576,-43.9717
0.1,0.2,677.6149,864.771
0.1,0.2,679.4721,325.9125
0.1,0.2,681.3294,328.5385
0.1,0.2,683.1867,-150.6525
0.1,0.2,685.044,80.1917
0.1,0.2,686.9013,-1.2538
0.1,0.2,688.7586,847.6005
0.1,0.2,690.6158,105.9856
0.1,0.2,692.4731,623.3617
0.1,0.2,694.3304,49.3805
0.1,0.2,696.1877,257.2891
0.1,0.2,698.045,-44.3629
0.1,0.2,699.9022,493.3406
0.1,0.2,701.7595,55.7228
0.1,0.2,703.6168,728.7977
0.1,0.2,705.4741,252.8345
0.1,0.2,707.3314,394.7933
0.1,0.2,709.1887,572.5066
0.1,0.2,711.0459,417.8111
0.1,0.2,712.9032,664.3518
0.1,0.2,714.7605,432.3742
0.1,0.2,716.6178,115.8496
0.1,0.2,718.4751,218.3338
0.1,0.2,720.3324,1047.3324
0.1,0.2,722.1896,499.1187
0.1,0.2,724.0469,651.1907
0.1,0.2,725.9042,251.6545
0.1,0.2,727.7615,371.7111
0.1,0.2,729.6188,-120.9199
0.1,0.2,731.4761,266.1298
0.1,0.2,733.3333,1116.826
0.1,0.2,735.1906,270.7294
0.1,0.2,737.0479,-216.0399
0.1,0.2,738.9052,650.3989
0.1,0.2,740.7625,-2.0441
0.1,0.2,742.6197,31.696
0.1,0.2,744.477,917.184
0.1,0.2,746.3343,304.4896
0.1,0.2,748.1916,-46.7461
0.1,0.2,750.0489,147.357
0.1,0.2,751.9062,692.9457
0.1,0.2,753.7634,376.1159
0.1,0.2,755.6207,780.5156
0.1,0.2,757.478,-300.4244
0.1,0.2,759.3353,933.5828
0.1,0.2,761.1926,121.9004
0.1,0.2,763.0499,-468.5126
0.1,0.2,764.9071,301.1053
0.1,0.2,766.7644,221.5737
0.1,0.2,768.6217,566.4864
0.1,0.2,770.479,-5.9669
0.1,0.2,772.3363,426.2945
0.1,0.2,774.1935,207.3617
0.1,0.2,776.0508,609.9475
0.1,0.2,777.9081,268.182
0.1,0.2,779.7654,683.9542
0.1,0.2,781.6227,894.8218
0.1,0.2,783.48,1438.8647
0.1,0.2,785.3372,827.482
0.1,0.2,787.1945,970.272
0.1,0.2,789.0518,1651.2126
0.1,0.2,790.9091,1702.058
0.1,0.2,792.7664,2901.3679
0.1,0.2,794.6237,3078.2186
0.1,0.2,796.4809,2644.219
0.1,0.2,798.3382,2946.6579
0.1,0.2,800.1955,1480.4476
0.1,0.2,802.0528,1605.2993
0.1,0.2,803.9101,1802.7857
0.1,0.2,805.7674,775.8531
0.1,0.2,807.6246,1329.9561
0.1,0.2,809.4819,687.1845
0.1,0.2,811.3392,1260.5066
0.1,0.2,813.1965,628.8494
0.1,0.2,815.0538,989.0948
0.1,0.2,816.911,680.9202
0.1,0.2,818.7683,895.9021
0.1,0.2,820.6256,489.0585
0.1,0.2,822.4829,1006.1998
0.1,0.2,824.3402,432.1082
0.1,0.2,826.1975,988.5265
0.1,0.2,828.0547,174.4991
0.1,0.2,829.912,603.3969
0.1,0.2,831.7693,413.5417
0.1,0.2,833.6266,1020.1617
0.1,0.2,835.4839,339.6468
0.1,0.2,837.3412,635.0626
0.1,0.2,839.1984,449.6502
0.1,0.2,841.0557,694.8719
0.1,0.2,842.913,640.776
0.1,0.2,844.7703,1093.7911
0.1,0.2,846.6276,1269.9793
0.1,0.2,848.4848,347.5614
0.1,0.2,850.3421,1448.8996
0.1,0.2,852.1994,2341.8957
0.1,0.2,854.0567,3112.8424
0.1,0.2,855.914,4524.9083
0.1,0.2,857.7713,5525.8843
0.1,0.2,859.6285,5019.4129
0.1,0.2,861.4858,3823.2486
0.1,0.2,863.3431,2668.2624
0.1,0.2,865.2004,2343.7481
0.1,0.2,867.0577,1036.6191
0.1,0.2,868.915,611.7091
0.1,0.2,870.7722,1112.8322
0.1,0.2,872.6295,1058.676
0.1,0.2,874.4868,1069.8068
0.1,0.2,876.3441,778.6881
0.1,0.2,878.2014,79.9327
0.1,0.2,880.0587,391.7127
0.1,0.2,881.9159,1060.8811
0.1,0.2,883.7732,449.3642
0.1,0.2,885.6305,776.117
0.1,0.2,887.4878,763.2585
0.1,0.2,889.3451,808.6104
0.1,0.2,891.2023,805.0006
0.1,0.2,893.0596,418.379
0.1,0.2,894.9169,377.9679
0.1,0.2,896.7742,662.2844
0.1,0.2,898.6315,753.5496
0.1,0.2,900.4888,1095.8639
0.1,0.2,902.346,536.7888
0.1,0.2,904.2033,673.8794
0.1,0.2,906.0606,760.703
0.1,0.2,907.9179,1022.0457
0.1,0.2,909.7752,131.5784
0.1,0.2,911.6325,-181.1256
0.1,0.2,913.4897,-111.535
0.1,0.2,915.347,225.2361
0.1,0.2,917.2043,192.1415
0.1,0.2,919.0616,621.8801
0.1,0.2,920.9189,-8.6368
0.1,0.2,922.7761,387.3466
0.1,0.2,924.6334,466.3716
0.1,0.2,926.4907,289.8843
0.1,0.2,928.348,218.4636
0.1,0.2,930.2053,861.0591
0.1,0.2,932.0626,368.3361
0.1,0.2,933.9198,225.9767
0.1,0.2,935.7771,231.6674
0.1,0.2,937.6344,33.8695
0.1,0.2,939.4917,661.982
0.1,0.2,941.349,714.6837
0.1,0.2,943.2063,1169.6697
0.1,0.2,945.0635,953.658
0.1,0.2,946.9208,1052.7363
0.1,0.2,948.7781,387.9732
0.1,0.2,950.6354,681.4422
0.1,0.2,952.4927,534.4426
0.1,0.2,954.35,270.8529
0.1,0.2,956.2072,761.4216
0.1,0.2,958.0645,1015.6076
0.1,0.2,959.9218,967.7598
0.1,0.2,961.7791,729.5794
0.1,0.2,963.6364,951.8569
0.1,0.2,965.4936,48.7175
0.1,0.2,967.3509,684.7696
0.1,0.2,969.2082,998.5296
0.1,0.2,971.0655,15.2868
0.1,0.2,972.9228,641.1033
0.1,0.2,974.7801,525.7065
0.1,0.2,976.6373,11.3705
0.1,0.2,978.4946,854.6601
0.1,0.2,980.3519,706.8434
0.1,0.2,982.2092,968.7749
0.1,0.2,984.0665,1211.3515
0.1,0.2,985.9238,1113.0721
0.1,0.2,987.781,1853.2917
0.1,0.2,989.6383,1653.0793
0.1,0.2,991.4956,2175.5147
0.1,0.2,993.3529,1862.9605
0.1,0.2,995.2102,3691.5072
0.1,0.2,997.0674,7372.9637
0.1,0.2,998.9247,12382.0901
0.1,0.2,1000.782,20678.5293
0.1,0.2,1002.6393,18114.1374
0.1,0.2,1004.4966,10998.4066
0.1,0.2,1006.3539,5694.8918
0.1,0.2,1008.2111,4440.5787
0.1,0.2,1010.0684,3019.1151
0.1,0.2,1011.9257,2242.7624
0.1,0.2,1013.783,1993.2757
0.1,0.2,1015.6403,1943.8469
0.1,0.2,1017.4976,1340.6879
0.1,0.2,1019.3548,1982.7147
0.1,0.2,1021.2121,2842.5064
0.1,0.2,1023.0694,3118.7944
0.1,0.2,1024.9267,3484.0523
0.1,0.2,1026.784,5659.1509
0.1,0.2,1028.6413,8118.7279
0.1,0.2,1030.4985,11294.5111
0.1,0.2,1032.3558,12517.9755
0.1,0.2,1034.2131,9212.1358
0.1,0.2,1036.0704,5225.9381
0.1,0.2,1037.9277,3716.8921
0.1,0.2,1039.7849,1856.7415
0.1,0.2,1041.6422,1685.2974
0.1,0.2,1043.4995,2190.5416
0.1,0.2,1045.3568,1441.4694
0.1,0.2,1047.2141,1204.614
0.1,0.2,1049.0714,1043.9486
0.1,0.2,1050.9286,281.3961
0.1,0.2,1052.7859,1196.7714
0.1,0.2,1054.6432,586.3347
0.1,0.2,1056.5005,1388.1628
0.1,0.2,1058.3578,802.2037
0.1,0.2,1060.2151,69.7197
0.1,0.2,1062.0723,18.2857
0.1,0.2,1063.9296,-100.3041
0.1,0.2,1065.7869,1019.9419
0.1,0.2,1067.6442,741.5837
0.1,0.2,1069.5015,316.051
0.1,0.2,1071.3587,728.9956
0.1,0.2,1073.216,742.9119
0.1,0.2,1075.0733,973.7733
0.1,0.2,1076.9306,598.0263
0.1,0.2,1078.7879,920.7568
0.1,0.2,1080.6452,521.338
0.1,0.2,1082.5024,921.6385
0.1,0.2,1084.3597,968.1929
0.1,0.2,1086.217,907.3529
0.1,0.2,1088.0743,2335.6641
0.1,0.2,1089.9316,2898.149
0.1,0.2,1091.7889,4779.6417
0.1,0.2,1093.6461,6541.5474
0.1,0.2,1095.5034,9667.2282
0.1,0.2,1097.3607,8309.4448
0.1,0.2,1099.218,6098.7692
0.1,0.2,1101.0753,3272.4487
0.1,0.2,1102.9326,2533.978
0.1,0.2,1104.7898,2541.7934
0.1,0.2,1106.6471,1568.2962
0.1,0.2,1108.5044,2970.4731
0.1,0.2,1110.3617,2484.5933
0.1,0.2,1112.219,3777.8023
0.1,0.2,1114.0762,5203.7263
0.1,0.2,1115.9335,7387.9207
0.1,0.2,1117.7908,7975.3745
0.1,0.2,1119.6481,6103.3545
0.1,0.2,1121.5054,4144.3646
0.1,0.2,1123.3627,2625.4804
0.1,0.2,1125.2199,2113.215
0.1,0.2,1127.0772,1938.5237
0.1,0.2,1128.9345,1843.6767
0.1,0.2,1130.7918,987.15
0.1,0.2,1132.6491,1182.0461
0.1,0.2,1134.5064,881.6957
0.1,0.2,1136.3636,1023.1512
0.1,0.2,1138.2209,1275.2737
0.1,0.2,1140.0782,632.2876
0.1,0.2,1141.9355,1805.1668
0.1,0.2,1143.7928,1460.3436
0.1,0.2,1145.65,1208.8523
0.1,0.2,1147.5073,1557.7565
0.1,0.2,1149.3646,2675.7703
0.1,0.2,1151.2219,3411.0359
0.1,0.2,1153.0792,4540.8407
0.1,0.2,1154.9365,5746.4548
0.1,0.2,1156.7937,4986.2683
0.1,0.2,1158.651,3646.3523
0.1,0.2,1160.5083,2398.654
0.1,0.2,1162.3656,1512.0478
0.1,0.2,1164.2229,1396.888
0.1,0.2,1166.0802,1401.0976
0.1,0.2,1167.9374,829.1423
0.1,0.2,1169.7947,852.7489
0.1,0.2,1171.652,844.7348
0.1,0.2,1173.5093,464.1736
0.1,0.2,1175.3666,352.4207
0.1,0.2,1177.2239,500.8801
0.1,0.2,1179.0811,1189.1667
0.1,0.2,1180.9384,2.1112
0.1,0.2,1182.7957,553.1664
0.1,0.2,1184.653,451.8505
0.1,0.2,1186.5103,617.0712
0.1,0.2,1188.3675,182.8156
0.1,0.2,1190.2248,118.0577
0.1,0.2,1192.0821,413.012
0.1,0.2,1193.9394,951.9885
0.1,0.2,1195.7967,518.9997
0.1,0.2,1197.654,881.3098
0.1,0.2,1199.5112,982.0742
0.1,0.2,1201.3685,40.1847
0.1,0.2,1203.2258,-22.8953
0.1,0.2,1205.0831,326.6366
0.1,0.2,1206.9404,381.0859
0.1,0.2,1208.7977,280.1149
0.1,0.2,1210.6549,1527.2922
0.1,0.2,1212.5122,650.5125
0.1,0.2,1214.3695,273.2164
0.1,0.2,1216.2268,132.3026
0.1,0.2,1218.0841,691.5565
0.1,0.2,1219.9413,408.3008
0.1,0.2,1221.7986,609.3078
0.1,0.2,1223.6559,453.5561
0.1,0.2,1225.5132,-127.424
0.1,0.2,1227.3705,162.5544
0.1,0.2,1229.2278,429.1479
0.1,0.2,1231.085,730.8287
0.1,0.2,1232.9423,236.2051
0.1,0.2,1234.7996,1080.0325
0.1,0.2,1236.6569,150.8365
0.1,0.2,1238.5142,514.2997
0.1,0.2,1240.3715,736.7834
0.1,0.2,1242.2287,436.5918
0.1,0.2,1244.086,706.0042
0.1,0.2,1245.9433,-179.3545
0.1,0.2,1247.8006,223.5927
0.1,0.2,1249.6579,390.3466
0.1,0.2,1251.5152,570.8716
0.1,0.2,1253.3724,571.5779
0.1,0.2,1255.2297,849.8555
0.1,0.2,1257.087,-489.4101
0.1,0.2,1258.9443,887.6033
0.1,0.2,1260.8016,834.0866
0.1,0.2,1262.6588,334.7838
0.1,0.2,1264.5161,694.4414
0.1,0.2,1266.3734,1335.2639
0.1,0.2,1268.2307,964.7344
0.1,0.2,1270.088,1354.8379
0.1,0.2,1271.9453,1260.0859
0.1,0.2,1273.8025,1135.7497
0.1,0.2,1275.6598,2070.545
0.1,0.2,1277.5171,2129.755
0.1,0.2,1279.3744,2685.1104
0.1,0.2,1281.2317,4006.0826
0.1,0.2,1283.089,5505.1512
0.1,0.2,1284.9462,9512.4206
0.1,0.2,1286.8035,11479.9705
0.1,0.2,1288.6608,12740.0628
0.1,0.2,1290.5181,9317.5905
0.1,0.2,1292.3754,6556.1508
0.1,0.2,1294.2326,5578.0245
0.1,0.2,1296.0899,3905.2193
0.1,0.2,1297.9472,3330.9865
0.1,0.2,1299.8045,2189.1497
0.1,0.2,1301.6618,1682.4745
0.1,0.2,1303.5191,1685.5105
0.1,0.2,1305.3763,1727.1906
0.1,0.2,1307.2336,464.9629
0.1,0.2,1309.0909,859.3914
0.1,0.2,1310.9482,556.0505
0.1,0.2,1312.8055,1335.5419
0.1,0.2,1314.6628,1082.1996
0.1,0.2,1316.52,653.7749
0.1,0.2,1318.3773,367.9123
0.1,0.2,1320.2346,1006.7857
0.1,0.2,1322.0919,898.3774
0.1,0.2,1323.9492,67.5148
0.1,0.2,1325.8065,948.1006
0.1,0.2,1327.6637,-115.0742
0.1,0.2,1329.521,396.9675
0.1,0.2,1331.3783,-5.3506
0.1,0.2,1333.2356,906.9751
0.1,0.2,1335.0929,805.9645
0.1,0.2,1336.9501,447.5782
0.1,0.2,1338.8074,632.1626
0.1,0.2,1340.6647,337.9423
0.1,0.2,1342.522,1186.6976
0.1,0.2,1344.3793,454.873
0.1,0.2,1346.2366,309.9589
0.1,0.2,1348.0938,498.8948
0.1,0.2,1349.9511,757.5848
0.1,0.2,1351.8084,243.4441
0.1,0.2,1353.6657,770.8233
0.1,0.2,1355.523,654.9715
0.1,0.2,1357.3803,866.4666
0.1,0.2,1359.2375,491.5628
0.1,0.2,1361.0948,677.1535
0.1,0.2,1362.9521,263.7456
0.1,0.2,1364.8094,544.7128
0.1,0.2,1366.6667,644.9635
0.1,0.2,1368.5239,-221.4359
0.1,0.2,1370.3812,-112.8231
0.1,0.2,1372.2385,-190.0978
0.1,0.2,1374.0958,302.8586
0.1,0.2,1375.9531,320.0505
0.1,0.2,1377.8104,479.1588
0.1,0.2,1379.6676,-499.1423
0.1,0.2,1381.5249,341.0413
0.1,0.2,1383.3822,517.5477
0.1,0.2,1385.2395,-318.5209
0.1,0.2,1387.0968,564.3389
0.1,0.2,1388.9541,114.248
0.1,0.2,1390.8113,70.2207
0.1,0.2,1392.6686,181.7447
0.1,0.2,1394.5259,59.604
0.1,0.2,1396.3832,843.414
0.1,0.2,1398.2405,945.889
0.1,0.2,1400.0978,821.7023
0.1,0.2,1401.955,439.7482
0.1,0.2,1403.8123,679.2233
0.1,0.2,1405.6696,8.4007
0.1,0.2,1407.5269,764.4057
0.1,0.2,1409.3842,591.0813
0.1,0.2,1411.2414,74.3904
0.1,0.2,1413.0987,554.2708
0.1,0.2,1414.956,526.7096
0.1,0.2,1416.8133,681.8822
0.1,0.2,1418.6706,797.177
0.1,0.2,1420.5279,821.5136
0.1,0.2,1422.3851,583.1956
0.1,0.2,1424.2424,851.2976
0.1,0.2,1426.0997,1146.2946
0.1,0.2,1427.957,572.8242
0.1,0.2,1429.8143,469.0241
0.1,0.2,1431.6716,477.8435
0.1,0.2,1433.5288,980.5912
0.1,0.2,1435.3861,1210.6371
0.1,0.2,1437.2434,1607.5079
0.1,0.2,1439.1007,1423.7921
0.1,0.2,1440.958,1884.4781
0.1,0.2,1442.8152,3295.6251
0.1,0.2,1444.6725,4941.5626
0.1,0.2,1446.5298,5980.2157
0.1,0.2,1448.3871,6572.885
0.1,0.2,1450.2444,8096.5963
0.1,0.2,1452.1017,7162.575
0.1,0.2,1453.9589,6782.5245
0.1,0.2,1455.8162,4335.0123
0.1,0.2,1457.6735,3583.7879
0.1,0.2,1459.5308,2593.3111
0.1,0.2,1461.3881,2000.7019
0.1,0.2,1463.2454,2203.351
0.1,0.2,1465.1026,1520.6018
0.1,0.2,1466.9599,278.7093
0.1,0.2,1468.8172,854.8001
0.1,0.2,1470.6745,462.1446
0.1,0.2,1472.5318,889.5148
0.1,0.2,1474.3891,608.6904
0.1,0.2,1476.2463,596.1018
0.1,0.2,1478.1036,856.8633
0.1,0.2,1479.9609,862.3829
0.1,0.2,1481.8182,1012.7893
0.1,0.2,1483.6755,172.5452
0.1,0.2,1485.5327,1003.3006
0.1,0.2,1487.39,1086.384
0.1,0.2,1489.2473,537.8799
0.1,0.2,1491.1046,837.1208
0.1,0.2,1492.9619,1061.0207
0.1,0.2,1494.8192,947.5166
0.1,0.2,1496.6764,385.5194
0.1,0.2,1498.5337,199.4267
0.1,0.2,1500.391,526.3869
0.1,0.2,1502.2483,792.0492
0.1,0.2,1504.1056,250.3144
0.1,0.2,1505.9629,-133.8348
0.1,0.2,1507.8201,-657.9549
0.1,0.2,1509.6774,-213.5527
0.1,0.2,1511.5347,631.6045
0.1,0.2,1513.392,785.3592
0.1,0.2,1515.2493,527.8363
0.1,0.2,1517.1065,766.9565
0.1,0.2,1518.9638,290.9651
0.1,0.2,1520.8211,55.7846
0.1,0.2,1522.6784,26.535
0.1,0.2,1524.5357,495.6226
0.1,0.2,1526.393,834.1565
0.1,0.2,1528.2502,1368.6735
0.1,0.2,1530.1075,401.1578
0.1,0.2,1531.9648,563.5602
0.1,0.2,1533.8221,1319.8244
0.1,0.2,1535.6794,431.129
0.1,0.2,1537.5367,411.9326
0.1,0.2,1539.3939,1576.9864
0.1,0.2,1541.2512,386.9059
0.1,0.2,1543.1085,731.6846
0.1,0.2,1544.9658,556.0778
0.1,0.2,1546.8231,975.0466
0.1,0.2,1548.6804,1211.6177
0.1,0.2,1550.5376,238.6607
0.1,0.2,1552.3949,1217.8618
0.1,0.2,1554.2522,59.3205
0.1,0.2,1556.1095,513.4187
0.1,0.2,1557.9668,431.0445
0.1,0.2,1559.824,787.2305
0.1,0.2,1561.6813,513.6939
0.1,0.2,1563.5386,719.1007
0.1,0.2,1565.3959,1968.9709
0.1,0.2,1567.2532,1240.3789
0.1,0.2,1569.1105,1418.6314
0.1,0.2,1570.9677,1046.3026
0.1,0.2,1572.825,1547.339
0.1,0.2,1574.6823,2456.2049
0.1,0.2,1576.5396,3051.2855
0.1,0.2,1578.3969,3925.5548
0.1,0.2,1580.2542,5924.3439
0.1,0.2,1582.1114,6757.0502
0.1,0.2,1583.9687,6646.4474
0.1,0.2,1585.826,6136.068
0.1,0.2,1587.6833,4767.5645
0.1,0.2,1589.5406,4053.7086
0.1,0.2,1591.3978,3899.5852
0.1,0.2,1593.2551,3371.6227
0.1,0.2,1595.1124,4183.4572
0.1,0.2,1596.9697,5489.3475
0.1,0.2,1598.827,7362.6952
0.1,0.2,1600.6843,11284.9061
0.1,0.2,1602.5415,12415.8555
0.1,0.2,1604.3988,10878.3667
0.1,0.2,1606.2561,8981.6011
0.1,0.2,1608.1134,8649.1712
0.1,0.2,1609.9707,10010.033
0.1,0.2,1611.828,13250.9167
0.1,0.2,1613.6852,15557.2281
0.1,0.2,1615.5425,13994.7056
0.1,0.2,1617.3998,10261.3459
0.1,0.2,1619.2571,5970.2825
0.1,0.2,1621.1144,4103.8856
0.1,0.2,1622.9717,2896.3363
0.1,0.2,1624.8289,1833.0369
0.1,0.2,1626.6862,2577.8518
0.1,0.2,1628.5435,1337.1061
0.1,0.2,1630.4008,1261.392
0.1,0.2,1632.2581,1603.0044
0.1,0.2,1634.1153,819.0952
0.1,0.2,1635.9726,1352.8608
0.1,0.2,1637.8299,760.0012
0.1,0.2,1639.6872,1485.5638
0.1,0.2,1641.5445,-445.8038
0.1,0.2,1643.4018,328.7513
0.1,0.2,1645.259,743.4654
0.1,0.2,1647.1163,976.9567
0.1,0.2,1648.9736,480.087
0.1,0.2,1650.8309,765.0992
0.1,0.2,1652.6882,557.5224
0.1,0.2,1654.5455,1179.5863
0.1,0.2,1656.4027,644.3479
0.1,0.2,1658.26,475.8057
0.1,0.2,1660.1173,765.4699
0.1,0.2,1661.9746,478.6542
0.1,0.2,1663.8319,146.734
0.1,0.2,1665.6891,-114.7748
0.1,0.2,1667.5464,1478.3098
0.1,0.2,1669.4037,736.3983
0.1,0.2,1671.261,-23.1936
0.1,0.2,1673.1183,325.0257
0.1,0.2,1674.9756,564.8687
0.1,0.2,1676.8328,720.3561
0.1,0.2,1678.6901,324.5045
0.1,0.2,1680.5474,1107.0726
0.1,0.2,1682.4047,952.8188
0.1,0.2,1684.262,700.7275
0.1,0.2,1686.1193,86.3495
0.1,0.2,1687.9765,660.084
0.1,0.2,1689.8338,553.4565
0.1,0.2,1691.6911,543.7335
0.1,0.2,1693.5484,853.2141
0.1,0.2,1695.4057,945.0809
0.1,0.2,1697.263,801.3412
0.1,0.2,1699.1202,1625.6685
0.1,0.2,1700.9775,1860.4708
0.1,0.2,1702.8348,1447.3143
0.1,0.2,1704.6921,1911.8257
0.1,0.2,1706.5494,2352.8661
0.1,0.2,1708.4066,1905.8087
0.1,0.2,1710.2639,1578.7371
0.1,0.2,1712.1212,2783.2558
0.1,0.2,1713.9785,4097.9689
0.1,0.2,1715.8358,4916.3975
0.1,0.2,1717.6931,5000.4139
0.1,0.2,1719.5503,8418.7833
0.1,0.2,1721.4076,10845.8052
0.1,0.2,1723.2649,15955.9765
0.1,0.2,1725.1222,20217.5371
0.1,0.2,1726.9795,20021.708
0.1,0.2,1728.8368,16115.4601
0.1,0.2,1730.694,12037.9656
0.1,0.2,1732.5513,7835.1905
0.1,0.2,1734.4086,5540.4183
0.1,0.2,1736.2659,3947.8191
0.1,0.2,1738.1232,3613.7773
0.1,0.2,1739.9804,2621.358
0.1,0.2,1741.8377,2206.2018
0.1,0.2,1743.695,1064.0918
0.1,0.2,1745.5523,2343.0835
0.1,0.2,1747.4096,1374.7922
0.1,0.2,1749.2669,394.2944
0.1,0.2,1751.1241,1535.8322
0.1,0.2,1752.9814,1499.7186
0.1,0.2,1754.8387,761.5472
0.1,0.2,1756.696,522.9398
0.1,0.2,1758.5533,362.8696
0.1,0.2,1760.4106,439.97
0.1,0.2,1762.2678,459.3426
0.1,0.2,1764.1251,594.286
0.1,0.2,1765.9824,813.1991
0.1,0.2,1767.8397,201.6451
0.1,0.2,1769.697,636.8241
0.1,0.2,1771.5543,129.3002
0.1,0.2,1773.4115,-29.3407
0.1,0.2,1775.2688,1101.4231
0.1,0.2,1777.1261,810.8632
0.1,0.2,1778.9834,580.2025
0.1,0.2,1780.8407,580.7272
0.1,0.2,1782.6979,565.8184
0.1,0.2,1784.5552,-156.9169
0.1,0.2,1786.4125,756.5781
0.1,0.2,1788.2698,969.6609
0.1,0.2,1790.1271,562.7003
0.1,0.2,1791.9844,495.6072
0.1,0.2,1793.8416,72.2541
0.1,0.2,1795.6989,798.9891
0.1,0.2,1797.5562,132.2497
0.1,0.2,1799.4135,-106.8055
0.1,0.2,1801.2708,402.7652
0.1,0.2,1803.1281,-141.9969
0.1,0.2,1804.9853,515.4983
0.1,0.2,1806.8426,652.8744
0.1,0.2,1808.6999,61.422
0.1,0.2,1810.5572,556.0014
0.1,0.2,1812.4145,511.2261
0.1,0.2,1814.2717,-101.0896
0.1,0.2,1816.129,505.7931
0.1,0.2,1817.9863,352.5023
0.1,0.2,1819.8436,543.5403
0.1,0.2,1821.7009,987.4337
0.1,0.2,1823.5582,348.3768
0.1,0.2,1825.4154,313.1089
0.1,0.2,1827.2727,570.8351
0.1,0.2,1829.13,924.3402
0.1,0.2,1830.9873,479.7026
0.1,0.2,1832.8446,589.003
0.1,0.2,1834.7019,520.8658
0.1,0.2,1836.5591,1134.494
0.1,0.2,1838.4164,789.5391
0.1,0.2,1840.2737,289.7289
0.1,0.2,1842.131,399.4698
0.1,0.2,1843.9883,-320.7685
0.1,0.2,1845.8456,301.0811
0.1,0.2,1847.7028,952.9109
0.1,0.2,1849.5601,799.3364
0.1,0.2,1851.4174,703.2564
0.1,0.2,1853.2747,900.41
0.1,0.2,1855.132,842.5281
0.1,0.2,1856.9892,678.8441
0.1,0.2,1858.8465,700.7008
0.1,0.2,1860.7038,1043.0206
0.1,0.2,1862.5611,697.1485
0.1,0.2,1864.4184,1076.9654
0.1,0.2,1866.2757,482.4029
0.1,0.2,1868.1329,622.358
0.1,0.2,1869.9902,767.3069
0.1,0.2,1871.8475,604.7708
0.1,0.2,1873.7048,909.3784
0.1,0.2,1875.5621,117.8488
0.1,0.2,1877.4194,925.5318
0.1,0.2,1879.2766,46.311
0.1,0.2,1881.1339,670.9944
0.1,0.2,1882.9912,302.1141
0.1,0.2,1884.8485,654.9928
0.1,0.2,1886.7058,229.3509
0.1,0.2,1888.563,461.1081
0.1,0.2,1890.4203,442.2849
0.1,0.2,1892.2776,63.3083
0.1,0.2,1894.1349,445.796
0.1,0.2,1895.9922,525.3132
0.1,0.2,1897.8495,359.5919
0.1,0.2,1899.7067,648.1687
0.1,0.2,1901.564,949.8951
0.1,0.2,1903.4213,422.6148
0.1,0.2,1905.2786,825.986
0.1,0.2,1907.1359,285.1171
0.1,0.2,1908.9932,52.2452
0.1,0.2,1910.8504,16.5241
0.1,0.2,1912.7077,-86.4501
0.1,0.2,1914.565,493.0907
0.1,0.2,1916.4223,-152.4596
0.1,0.2,1918.2796,843.7001
0.1,0.2,1920.1369,248.344
0.1,0.2,1921.9941,516.0414
0.1,0.2,1923.8514,-226.3292
0.1,0.2,1925.7087,-333.6232
0.1,0.2,1927.566,1546.2609
0.1,0.2,1929.4233,841.6849
0.1,0.2,1931.2805,78.0302
0.1,0.2,1933.1378,290.2652
0.1,0.2,1934.9951,661.6399
0.1,0.2,1936.8524,572.369
0.1,0.2,1938.7097,-354.9409
0.1,0.2,1940.567,-141.7323
0.1,0.2,1942.4242,120.5672
0.1,0.2,1944.2815,698.0971
0.1,0.2,1946.1388,640.6683
0.1,0.2,1947.9961,341.4904
0.1,0.2,1949.8534,381.8062
0.1,0.2,1951.7107,785.3882
0.1,0.2,1953.5679,206.4115
0.1,0.2,1955.4252,719.7708
0.1,0.2,1957.2825,886.7979
0.1,0.2,1959.1398,33.6141
0.1,0.2,1960.9971,330.2298
0.1,0.2,1962.8543,282.4045
0.1,0.2,1964.7116,179.4943
0.1,0.2,1966.5689,331.732
0.1,0.2,1968.4262,320.7518
0.1,0.2,1970.2835,134.4519
0.1,0.2,1972.1408,477.4162
0.1,0.2,1973.998,459.9136
0.1,0.2,1975.8553,-94.4898
0.1,0.2,1977.7126,718.3455
0.1,0.2,1979.5699,322.803
0.1,0.2,1981.4272,306.8777
0.1,0.2,1983.2845,398.6887
0.1,0.2,1985.1417,404.307
0.1,0.2,1986.999,-629.9811
0.1,0.2,1988.8563,1084.6938
0.1,0.2,1990.7136,378.6706
0.1,0.2,1992.5709,462.9986
0.1,0.2,1994.4282,327.9531
0.1,0.2,1996.2854,946.4538
0.1,0.2,1998.1427,5.2236
0.1,0.2,2000.0,-70.2417
0.2,0.0,100.0,-499.4381
0.2,0.0,101.8573,-490.6614
0.2,0.0,103.7146,265.6047
0.2,0.0,105.5718,98.5912
0.2,0.0,107.4291,148.6889
0.2,0.0,109.2864,491.0403
0.2,0.0,111.1437,725.2366
0.2,0.0,113.001,586.0002
0.2,0.0,114.8583,338.0208
0.2,0.0,116.7155,738.887
0.2,0.0,118.5728,-305.6142
0.2,0.0,120.4301,84.1002
0.2,0.0,122.2874,332.0175
0.2,0.0,124.1447,591.7198
0.2,0.0,126.002,567.6422
0.2,0.0,127.8592,-402.9752
0.2,0.0,129.7165,-83.8811
0.2,0.0,131.5738,248.9423
0.2,0.0,133.4311,295.775
0.2,0.0,135.2884,421.4174
0.2,0.0,137.1457,351.2649
0.2,0.0,139.0029,850.9483
0.2,0.0,140.8602,-228.7714
0.2,0.0,142.7175,2.3377
0.2,0.0,144.5748,-31.5108
0.2,0.0,146.4321,376.2519
0.2,0.0,148.2893,872.1624
0.2,0.0,150.1466,-423.5211
0.2,0.0,152.0039,232.3971
0.2,0.0,153.8612,650.5576
0.2,0.0,155.7185,971.4001
0.2,0.0,157.5758,-17.4468
0.2,0.0,159.433,1193.0666
0.2,0.0,161.2903,451.7912
0.2,0.0,163.1476,588.1045
0.2,0.0,165.0049,113.1353
0.2,0.0,166.8622,892.098
0.2,0.0,168.7195,547.6395
0.2,0.0,170.5767,70.2139
0.2,0.0,172.434,-367.4869
0.2,0.0,174.2913,-239.7307
0.2,0.0,176.1486,-12.6876
0.2,0.0,178.0059,214.4212
0.2,0.0,179.8631,937.6267
0.2,0.0,181.7204,48.4163
0.2,0.0,183.5777,382.384
0.2,0.0,185.435,505.2606
0.2,0.0,187.2923,-111.4806
0.2,0.0,189.1496,-47.5944
0.2,0.0,191.0068,921.2062
0.2,0.0,192.8641,147.4418
0.2,0.0,194.7214,-115.0751
0.2,0.0,196.5787,-76.4282
0.2,0.0,198.436,69.1984
0.2,0.0,200.2933,271.6273
0.2,0.0,202.1505,485.0934
0.2,0.0,204.0078,-39.8359
0.2,0.0,205.8651,-162.4459
0.2,0.0,207.7224,479.0884
0.2,0.0,209.5797,694.1438
0.2,0.0,211.437,414.8094
0.2,0.0,213.2942,402.3023
0.2,0.0,215.1515,914.7274
0.2,0.0,217.0088,160.4233
0.2,0.0,218.8661,837.7968
0.2,0.0,220.7234,191.3153
0.2,0.0,222.5806,243.8553
0.2,0.0,224.4379,488.0063
0.2,0.0,226.2952,-429.8733
0.2,0.0,228.1525,541.3765
0.2,0.0,230.0098,-227.2869
0.2,0.0,231.8671,281.4817
0.2,0.0,233.7243,596.4875
0.2,0.0,235.5816,813.077
0.2,0.0,237.4389,143.0203
0.2,0.0,239.2962,347.3816
0.2,0.0,241.1535,491.648
0.2,0.0,243.0108,233.8873
0.2,0.0,244.868,305.1132
0.2,0.0,246.7253,644.2215
0.2,0.0,248.5826,649.4081
0.2,0.0,250.4399,771.5722
0.2,0.0,252.2972,315.1104
0.2,0.0,254.1544,-101.1231
0.2,0.0,256.0117,278.0623
0.2,0.0,257.869,446.2023
0.2,0.0,259.7263,255.6438
0.2,0.0,261.5836,1029.101
0.2,0.0,263.4409,702.9466
0.2,0.0,265.2981,122.5536
0.2,0.0,267.1554,316.5837
0.2,0.0,269.0127,-335.4694
0.2,0.0,270.87,646.0679
0.2,0.0,272.7273,19.1775
0.2,0.0,274.5846,151.0485
0.2,0.0,276.4418,404.9804
0.2,0.0,278.2991,-62.5648
0.2,0.0,280.1564,643.1173
0.2,0.0,282.0137,219.7304
0.2,0.0,283.871,152.5319
0.2,0.0,285.7283,145.2066
0.2,0.0,287.5855,29.2063
0.2,0.0,289.4428,-145.1925
0.2,0.0,291.3001,354.6489
0.2,0.0,293.1574,656.4672
0.2,0.0,295.0147,237.3571
0.2,0.0,296.8719,942.1799
0.2,0.0,298.7292,296.867
0.2,0.0,300.5865,629.5969
0.2,0.0,302.4438,698.3695
0.2,0.0,304.3011,375.0441
0.2,0.0,306.1584,644.4312
0.2,0.0,308.0156,325.5948
0.2,0.0,309.8729,144.425
0.2,0.0,311.7302,-287.5039
0.2,0.0,313.5875,555.4444
0.2,0.0,315.4448,808.9006
0.2,0.0,317.3021,-95.2356
0.2,0.0,319.1593,-216.108
0.2,0.0,321.0166,-427.729
0.2,0.0,322.8739,520.0117
0.2,0.0,324.7312,178.2531
0.2,0.0,326.5885,391.6087
0.2,0.0,328.4457,1128.5916
0.2,0.0,330.303,225.3454
0.2,0.0,332.1603,72.9334
0.2,0.0,334.0176,475.4559
0.2,0.0,335.8749,376.5742
0.2,0.0,337.7322,-349.0563
0.2,0.0,339.5894,1113.7295
0.2,0.0,341.4467,59.603
0.2,0.0,343.304,605.7978
0.2,0.0,345.1613,-52.9757
0.2,0.0,347.0186,-335.1648
0.2,0.0,348.8759,390.4105
0.2,0.0,350.7331,-8.7323
0.2,0.0,352.5904,544.9011
0.2,0.0,354.4477,454.0122
0.2,0.0,356.305,253.5036
0.2,0.0,358.1623,297.6706
0.2,0.0,360.0196,361.9125
0.2,0.0,361.8768,148.2187
0.2,0.0,363.7341,574.0412
0.2,0.0,365.5914,212.2004
0.2,0.0,367.4487,923.979
0.2,0.0,369.306,543.0712
0.2,0.0,371.1632,346.4466
0.2,0.0,373.0205,-381.2925
0.2,0.0,374.8778,721.3792
0.2,0.0,376.7351,291.1085
0.2,0.0,378.5924,671.3517
0.2,0.0,380.4497,364.8608
0.2,0.0,382.3069,-300.7621
0.2,0.0,384.1642,852.5741
0.2,0.0,386.0215,387.0568
0.2,0.0,387.8788,245.2978
0.2,0.0,389.7361,752.8485
0.2,0.0,391.5934,-647.1042
0.2,0.0,393.4506,-487.1708
0.2,0.0,395.3079,750.4288
0.2,0.0,397.1652,-325.438
0.2,0.0,399.0225,627.9096
0.2,0.0,400.8798,-194.1785
0.2,0.0,402.737,342.0043
0.2,0.0,404.5943,-155.2814
0.2,0.0,406.4516,925.5866
0.2,0.0,408.3089,-474.8691
0.2,0.0,410.1662,239.8435
0.2,0.0,412.0235,345.5626
0.2,0.0,413.8807,-321.6736
0.2,0.0,415.738,534.1151
0.2,0.0,417.5953,319.2012
0.2,0.0,419.4526,1137.0298
0.2,0.0,421.3099,285.36
0.2,0.0,423.1672,354.2084
0.2,0.0,425.0244,925.6263
0.2,0.0,426.8817,22.4278
0.2,0.0,428.739,228.9691
0.2,0.0,430.5963,734.7931
0.2,0.0,432.4536,-105.594
0.2,0.0,434.3109,267.8079
0.2,0.0,436.1681,-33.2264
0.2,0.0,438.0254,53.8784
0.2,0.0,439.8827,238.2553
0.2,0.0,441.74,838.6643
0.2,0.0,443.5973,202.3177
0.2,0.0,445.4545,387.7222
0.2,0.0,447.3118,158.3156
0.2,0.0,449.1691,331.8978
0.2,0.0,451.0264,1084.1627
0.2,0.0,452.8837,90.7943
0.2,0.0,454.741,1101.3829
0.2,0.0,456.5982,-87.301
0.2,0.0,458.4555,904.5866
0.2,0.0,460.3128,128.31
0.2,0.0,462.1701,80.992
0.2,0.0,464.0274,131.013
0.2,0.0,465.8847,982.8369
0.2,0.0,467.7419,-195.181
0.2,0.0,469.5992,-420.7416
0.2,0.0,471.4565,156.1378
0.2,0.0,473.3138,-490.2183
0.2,0.0,475.1711,-250.0283
0.2,0.0,477.0283,218.9638
0.2,0.0,478.8856,930.4811
0.2,0.0,480.7429,14.8254
0.2,0.0,482.6002,209.2003
0.2,0.0,484.4575,187.727
0.2,0.0,486.3148,828.2361
0.2,0.0,488.172,647.5605
0.2,0.0,490.0293,378.6949
0.2,0.0,491.8866,669.8021
0.2,0.0,493.7439,588.5484
0.2,0.0,495.6012,335.9835
0.2,0.0,497.4585,60.2174
0.2,0.0,499.3157,881.3495
0.2,0.0,501.173,857.4501
0.2,0.0,503.0303,-279.299
0.2,0.0,504.8876,-283.1416
0.2,0.0,506.7449,767.4049
0.2,0.0,508.6022,59.956
0.2,0.0,510.4594,5.1233
0.2,0.0,512.3167,1071.3197
0.2,0.0,514.174,-666.4266
0.2,0.0,516.0313,338.8911
0.2,0.0,517.8886,154.6267
0.2,0.0,519.7458,-274.3455
0.2,0.0,521.6031,631.5243
0.2,0.0,523.4604,604.7805
0.2,0.0,525.3177,189.9032
0.2,0.0,527.175,265.0129
0.2,0.0,529.0323,910.2671
0.2,0.0,530.8895,-101.8048
0.2,0.0,532.7468,291.0268
0.2,0.0,534.6041,398.5378
0.2,0.0,536.4614,60.8892
0.2,0.0,538.3187,1311.8267
0.2,0.0,540.176,839.6844
0.2,0.0,542.0332,-428.286
0.2,0.0,543.8905,641.9589
0.2,0.0,545.7478,277.2777
0.2,0.0,547.6051,677.0463
0.2,0.0,549.4624,29.0251
0.2,0.0,551.3196,480.5331
0.2,0.0,553.1769,-581.3149
0.2,0.0,555.0342,236.5718
0.2,0.0,556.8915,-225.1238
0.2,0.0,558.7488,469.342
0.2,0.0,560.6061,111.1304
0.2,0.0,562.4633,-110.4518
0.2,0.0,564.3206,26.5426
0.2,0.0,566.1779,221.3188
0.2,0.0,568.0352,-491.0961
0.2,0.0,569.8925,456.973
0.2,0.0,571.7498,315.2757
0.2,0.0,573.607,219.0933
0.2,0.0,575.4643,619.1558
0.2,0.0,577.3216,666.5801
0.2,0.0,579.1789,532.6094
0.2,0.0,581.0362,182.2247
0.2,0.0,582.8935,88.6496
0.2,0.0,584.7507,-86.6374
0.2,0.0,586.608,712.6333
0.2,0.0,588.4653,583.4343
0.2,0.0,590.3226,932.7952
0.2,0.0,592.1799,1447.8824
0.2,0.0,594.0371,743.1646
0.2,0.0,595.8944,812.0082
0.2,0.0,597.7517,565.6687
0.2,0.0,599.609,754.2832
0.2,0.0,601.4663,-235.7096
0.2,0.0,603.3236,1336.2289
0.2,0.0,605.1808,676.4002
0.2,0.0,607.0381,510.8856
0.2,0.0,608.8954,7.6233
0.2,0.0,610.7527,1019.075
0.2,0.0,612.61,430.7365
0.2,0.0,614.4673,1331.8469
0.2,0.0,616.3245,1097.617
0.2,0.0,618.1818,1076.9516
0.2,0.0,620.0391,1893.8975
0.2,0.0,621.8964,1422.7102
0.2,0.0,623.7537,2319.5331
0.2,0.0,625.6109,2898.2396
0.2,0.0,627.4682,3854.6914
0.2,0.0,629.3255,5747.2492
0.2,0.0,631.1828,7957.886
0.2,0.0,633.0401,8101.2037
0.2,0.0,634.8974,6141.8304
0.2,0.0,636.7546,4570.0608
0.2,0.0,638.6119,2409.9239
0.2,0.0,640.4692,2600.3861
0.2,0.0,642.3265,1586.8627
0.2,0.0,644.1838,2904.0184
0.2,0.0,646.0411,857.5976
0.2,0.0,647.8983,508.8248
0.2,0.0,649.7556,944.6839
0.2,0.0,651.6129,891.0618
0.2,0.0,653.4702,254.4048
0.2,0.0,655.3275,1478.1634
0.2,0.0,657.1848,229.6554
0.2,0.0,659.042,821.2095
0.2,0.0,660.8993,1238.0031
0.2,0.0,662.7566,270.9918
0.2,0.0,664.6139,342.5737
0.2,0.0,666.4712,1570.4641
0.2,0.0,668.3284,91.7321
0.2,0.0,670.1857,-154.7723
0.2,0.0,672.043,181.4765
0.2,0.0,673.9003,316.2052
0.2,0.0,675.7576,862.8987
0.2,0.0,677.6149,831.0702
0.2,0.0,679.4721,277.6689
0.2,0.0,681.3294,-306.3824
0.2,0.0,683.1867,-65.5218
0.2,0.0,685.044,1040.9456
0.2,0.0,686.9013,-96.0132
0.2,0.0,688.7586,149.411
0.2,0.0,690.6158,626.3049
0.2,0.0,692.4731,685.9342
0.2,0.0,694.3304,-73.8172
0.2,0.0,696.1877,-182.3031
0.2,0.0,698.045,1082.3224
0.2,0.0,699.9022,685.4905
0.2,0.0,701.7595,128.7818
0.2,0.0,703.6168,-15.208
0.2,0.0,705.4741,678.028
0.2,0.0,707.3314,185.3954
0.2,0.0,709.1887,582.3861
0.2,0.0,711.0459,394.1741
0.2,0.0,712.9032,-110.1917
0.2,0.0,714.7605,173.2396
0.2,0.0,716.6178,477.6732
0.2,0.0,718.4751,505.5097
0.2,0.0,720.3324,1040.4304
0.2,0.0,722.1896,452.9623
0.2,0.0,724.0469,325.9263
0.2,0.0,725.9042,701.3755
0.2,0.0,727.7615,50.7569
0.2,0.0,729.6188,550.3455
0.2,0.0,731.4761,626.7548
0.2,0.0,733.3333,416.1873
0.2,0.0,735.1906,-17.4402
0.2,0.0,737.0479,947.1145
0.2,0.0,738.9052,108.7964
0.2,0.0,740.7625,-489.3756
0.2,0.0,742.6197,635.0858
0.2,0.0,744.477,-117.9482
0.2,0.0,746.3343,420.2203
0.2,0.0,748.1916,433.1332
0.2,0.0,750.0489,-23.4975
0.2,0.0,751.9062,387.2841
0.2,0.0,753.7634,180.6437
0.2,0.0,755.6207,562.3021
0.2,0.0,757.478,4.6441
0.2,0.0,759.3353,459.9185
0.2,0.0,761.1926,516.4181
0.2,0.0,763.0499,217.1116
0.2,0.0,764.9071,264.344
0.2,0.0,766.7644,439.684
0.2,0.0,768.6217,483.38
0.2,0.0,770.479,502.7366
0.2,0.0,772.3363,533.4944
0.2,0.0,774.1935,282.1032
0.2,0.0,776.0508,579.6054
0.2,0.0,777.9081,1149.8484
0.2,0.0,779.7654,579.5997
0.2,0.0,781.6227,206.6058
0.2,0.0,783.48,-294.4763
0.2,0.0,785.3372,148.6941
0.2,0.0,787.1945,835.8093
0.2,0.0,789.0518,473.8337
0.2,0.0,790.9091,745.4144
0.2,0.0,792.7664,1145.8492
0.2,0.0,794.6237,-193.2139
0.2,0.0,796.4809,758.4345
0.2,0.0,798.3382,604.0924
0.2,0.0,800.1955,604.4073
0.2,0.0,802.0528,-13.7415
0.2,0.0,803.9101,-50.5612
0.2,0.0,805.7674,719.64
0.2,0.0,807.6246,227.6716
0.2,0.0,809.4819,712.4918
0.2,0.0,811.3392,538.7723
0.2,0.0,813.1965,1320.7298
0.2,0.0,815.0538,959.6396
0.2,0.0,816.911,783.6605
0.2,0.0,818.7683,389.4536
0.2,0.0,820.6256,714.498
0.2,0.0,822.4829,738.9967
0.2,0.0,824.3402,801.7041
0.2,0.0,826.1975,442.8079
0.2,0.0,828.0547,393.406
0.2,0.0,829.912,1178.6323
0.2,0.0,831.7693,824.7977
0.2,0.0,833.6266,445.2438
0.2,0.0,835.4839,121.2937
0.2,0.0,837.3412,1576.4732
0.2,0.0,839.1984,840.7308
0.2,0.0,841.0557,825.753
0.2,0.0,842.913,1205.9232
0.2,0.0,844.7703,1698.7583
0.2,0.0,846.6276,2655.7446
0.2,0.0,848.4848,1152.7343
0.2,0.0,850.3421,2895.732
0.2,0.0,852.1994,4195.8805
0.2,0.0,854.0567,6877.3593
0.2,0.0,855.914,8524.5535
0.2,0.0,857.7713,10716.6234
0.2,0.0,859.6285,9135.2755
0.2,0.0,861.4858,6194.4959
0.2,0.0,863.3431,4506.8867
0.2,0.0,865.2004,3843.1685
0.2,0.0,867.0577,2842.7877
0.2,0.0,868.915,2120.5834
0.2,0.0,870.7722,1432.8049
0.2,0.0,872.6295,1501.0595
0.2,0.0,874.4868,973.0182
0.2,0.0,876.3441,466.8234
0.2,0.0,878.2014,934.172
0.2,0.0,880.0587,1142.653
0.2,0.0,881.9159,134.3737
0.2,0.0,883.7732,537.3524
0.2,0.0,885.6305,307.72
0.2,0.0,887.4878,918.5571
0.2,0.0,889.3451,922.3499
0.2,0.0,891.2023,1165.5204
0.2,0.0,893.0596,454.7691
0.2,0.0,894.9169,909.7329
0.2,0.0,896.7742,-341.3794
0.2,0.0,898.6315,589.7208
0.2,0.0,900.4888,793.1949
0.2,0.0,902.346,35.7367
0.2,0.0,904.2033,289.8251
0.2,0.0,906.0606,1499.5895
0.2,0.0,907.9179,735.5234
0.2,0.0,909.7752,318.0741
0.2,0.0,911.6325,-451.4575
0.2,0.0,913.4897,416.581
0.2,0.0,915.347,516.0993
0.2,0.0,917.2043,596.3613
0.2,0.0,919.0616,-476.8716
0.2,0.0,920.9189,-101.1926
0.2,0.0,922.7761,283.8839
0.2,0.0,924.6334,-267.2668
0.2,0.0,926.4907,390.0472
0.2,0.0,928.348,1094.8182
0.2,0.0,930.2053,726.1111
0.2,0.0,932.0626,522.0383
0.2,0.0,933.9198,8.8986
0.2,0.0,935.7771,96.6438
0.2,0.0,937.6344,292.5141
0.2,0.0,939.4917,630.2054
0.2,0.0,941.349,770.0792
0.2,0.0,943.2063,311.1982
0.2,0.0,945.0635,524.731
0.2,0.0,946.9208,600.026
0.2,0.0,948.7781,923.3394
0.2,0.0,950.6354,99.1107
0.2,0.0,952.4927,358.3913
0.2,0.0,954.35,51.5327
0.2,0.0,956.2072,308.5853
0.2,0.0,958.0645,45.5668
0.2,0.0,959.9218,-59.4321
0.2,0.0,961.7791,416.7129
0.2,0.0,963.6364,-8.7929
0.2,0.0,965.4936,1275.3814
0.2,0.0,967.3509,-73.8096
0.2,0.0,969.2082,386.6223
0.2,0.0,971.0655,593.743
0.2,0.0,972.9228,-98.7255
0.2,0.0,974.7801,285.7727
0.2,0.0,976.6373,628.129
0.2,0.0,978.4946,-17.4527
0.2,0.0,980.3519,64.3153
0.2,0.0,982.2092,337.4272
0.2,0.0,984.0665,-172.7587
0.2,0.0,985.9238,333.1286
0.2,0.0,987.781,402.4843
0.2,0.0,989.6383,372.4567
0.2,0.0,991.4956,-195.1922
0.2,0.0,993.3529,-225.914
0.2,0.0,995.2102,476.4102
0.2,0.0,997.0674,-85.7934
0.2,0.0,998.9247,535.1392
0.2,0.0,1000.782,1203.9041
0.2,0.0,1002.6393,63.35
0.2,0.0,1004.4966,345.0675
0.2,0.0,1006.3539,242.8093
0.2,0.0,1008.2111,117.8204
0.2,0.0,1010.0684,347.6877
0.2,0.0,1011.9257,278.8074
0.2,0.0,1013.783,333.6564
0.2,0.0,1015.6403,260.357
0.2,0.0,1017.4976,523.2506
0.2,0.0,1019.3548,283.3238
0.2,0.0,1021.2121,630.2468
0.2,0.0,1023.0694,186.3512
0.2,0.0,1024.9267,-253.2029
0.2,0.0,1026.784,511.6835
0.2,0.0,1028.6413,448.7177
0.2,0.0,1030.4985,1136.2072
0.2,0.0,1032.3558,1165.424
0.2,0.0,1034.2131,-974.0467
0.2,0.0,1036.0704,148.1198
0.2,0.0,1037.9277,28.6801
0.2,0.0,1039.7849,655.6524
0.2,0.0,1041.6422,41.1035
0.2,0.0,1043.4995,1141.3412
0.2,0.0,1045.3568,532.7035
0.2,0.0,1047.2141,1106.8168
0.2,0.0,1049.0714,94.6683
0.2,0.0,1050.9286,1232.4147
0.2,0.0,1052.7859,841.2335
0.2,0.0,1054.6432,502.682
0.2,0.0,1056.5005,350.6737
0.2,0.0,1058.3578,685.7696
0.2,0.0,1060.2151,810.7229
0.2,0.0,1062.0723,751.8208
0.2,0.0,1063.9296,653.1431
0.2,0.0,1065.7869,841.4092
0.2,0.0,1067.6442,1252.4984
0.2,0.0,1069.5015,1469.4822
0.2,0.0,1071.3587,1024.0278
0.2,0.0,1073.216,989.5535
0.2,0.0,1075.0733,880.1825
0.2,0.0,1076.9306,1663.5025
0.2,0.0,1078.7879,1656.2594
0.2,0.0,1080.6452,1917.5135
0.2,0.0,1082.5024,1434.3418
0.2,0.0,1084.3597,2390.7726
0.2,0.0,1086.217,2545.8114
0.2,0.0,1088.0743,3886.5588
0.2,0.0,1089.9316,5669.2845
0.2,0.0,1091.7889,8179.9059
0.2,0.0,1093.6461,12437.9477
0.2,0.0,1095.5034,17456.3551
0.2,0.0,1097.3607,16498.7235
0.2,0.0,1099.218,10940.2351
0.2,0.0,1101.0753,7107.3053
0.2,0.0,1102.9326,4869.6375
0.2,0.0,1104.7898,4587.2134
0.2,0.0,1106.6471,3612.5531
0.2,0.0,1108.5044,4160.3067
0.2,0.0,1110.3617,5495.0253
0.2,0.0,1112.219,7192.731
0.2,0.0,1114.0762,9859.5048
0.2,0.0,1115.9335,13971.3149
0.2,0.0,1117.7908,14964.6782
0.2,0.0,1119.6481,10681.4539
0.2,0.0,1121.5054,6338.4081
0.2,0.0,1123.3627,4903.6251
0.2,0.0,1125.2199,3391.4635
0.2,0.0,1127.0772,2650.5989
0.2,0.0,1128.9345,1728.9649
0.2,0.0,1130.7918,1943.1568
0.2,0.0,1132.6491,1545.7617
0.2,0.0,1134.5064,345.133
0.2,0.0,1136.3636,600.107
0.2,0.0,1138.2209,1354.9479
0.2,0.0,1140.0782,1699.0179
0.2,0.0,1141.9355,860.3025
0.2,0.0,1143.7928,898.5223
0.2,0.0,1145.65,787.0509
0.2,0.0,1147.5073,146.5753
0.2,0.0,1149.3646,-106.1722
0.2,0.0,1151.2219,772.6686
0.2,0.0,1153.0792,-225.144
0.2,0.0,1154.9365,737.0763
0.2,0.0,1156.7937,209.1033
0.2,0.0,1158.651,608.5623
0.2,0.0,1160.5083,569.4455
0.2,0.0,1162.3656,238.2683
0.2,0.0,1164.2229,181.7438
0.2,0.0,1166.0802,568.1431
0.2,0.0,1167.9374,250.004
0.2,0.0,1169.7947,490.8545
0.2,0.0,1171.652,-76.0278
0.2,0.0,1173.5093,637.621
0.2,0.0,1175.3666,122.1384
0.2,0.0,1177.2239,566.5811
0.2,0.0,1179.0811,405.9768
0.2,0.0,1180.9384,104.6433
0.2,0.0,1182.7957,349.3126
0.2,0.0,1184.653,747.1937
0.2,0.0,1186.5103,171.2449
0.2,0.0,1188.3675,54.0584
0.2,0.0,1190.2248,604.4999
0.2,0.0,1192.0821,431.2022
0.2,0.0,1193.9394,-442.2976
0.2,0.0,1195.7967,1015.409
0.2,0.0,1197.654,380.9293
0.2,0.0,1199.5112,610.1066
0.2,0.0,1201.3685,732.9467
0.2,0.0,1203.2258,741.7057
0.2,0.0,1205.0831,620.1457
0.2,0.0,1206.9404,406.9958
0.2,0.0,1208.7977,289.899
0.2,0.0,1210.6549,1106.1233
0.2,0.0,1212.5122,375.6856
0.2,0.0,1214.3695,639.1756
0.2,0.0,1216.2268,811.1769
0.2,0.0,1218.0841,704.4925
0.2,0.0,1219.9413,6.9353
0.2,0.0,1221.7986,399.1206
0.2,0.0,1223.6559,340.3595
0.2,0.0,1225.5132,205.1165
0.2,0.0,1227.3705,542.3176
0.2,0.0,1229.2278,979.1696
0.2,0.0,1231.085,760.0291
0.2,0.0,1232.9423,857.9333
0.2,0.0,1234.7996,1100.0023
0.2,0.0,1236.6569,412.9662
0.2,0.0,1238.5142,-262.9907
0.2,0.0,1240.3715,-33.6628
0.2,0.0,1242.2287,772.6729
0.2,0.0,1244.086,809.491
0.2,0.0,1245.9433,286.8916
0.2,0.0,1247.8006,238.1699
0.2,0.0,1249.6579,283.985
0.2,0.0,1251.5152,990.1277
0.2,0.0,1253.3724,1674.6995
0.2,0.0,1255.2297,351.6957
0.2,0.0,1257.087,1198.4821
0.2,0.0,1258.9443,1404.3624
0.2,0.0,1260.8016,1282.8849
0.2,0.0,1262.6588,1475.0114
0.2,0.0,1264.5161,1463.9366
0.2,0.0,1266.3734,1693.7737
0.2,0.0,1268.2307,1182.8616
0.2,0.0,1270.088,2004.3379
0.2,0.0,1271.9453,2081.5079
0.2,0.0,1273.8025,2828.367
0.2,0.0,1275.6598,3723.8391
0.2,0.0,1277.5171,4429.139
0.2,0.0,1279.3744,5142.9419
0.2,0.0,1281.2317,8286.7116
0.2,0.0,1283.089,11993.8162
0.2,0.0,1284.9462,17411.984
0.2,0.0,1286.8035,23926.3435
0.2,0.0,1288.6608,24481.272
0.2,0.0,1290.5181,19428.8642
0.2,0.0,1292.3754,12963.945
0.2,0.0,1294.2326,9091.3685
0.2,0.0,1296.0899,7094.1437
0.2,0.0,1297.9472,3791.609
0.2,0.0,1299.8045,3406.9284
0.2,0.0,1301.6618,2400.0851
0.2,0.0,1303.5191,1652.8745
0.2,0.0,1305.3763,1301.9134
0.2,0.0,1307.2336,1938.1589
0.2,0.0,1309.0909,1359.2385
0.2,0.0,1310.9482,1453.9217
0.2,0.0,1312.8055,1774.7436
0.2,0.0,1314.6628,486.661
0.2,0.0,1316.52,744.6301
0.2,0.0,1318.3773,459.0871
0.2,0.0,1320.2346,473.5239
0.2,0.0,1322.0919,757.0227
0.2,0.0,1323.9492,1256.4067
0.2,0.0,1325.8065,264.3559
0.2,0.0,1327.6637,528.8052
0.2,0.0,1329.521,768.5245
0.2,0.0,1331.3783,345.1221
0.2,0.0,1333.2356,302.8619
0.2,0.0,1335.0929,1106.1027
0.2,0.0,1336.9501,-176.5444
0.2,0.0,1338.8074,70.7559
0.2,0.0,1340.6647,320.8871
0.2,0.0,1342.522,118.7423
0.2,0.0,1344.3793,102.5416
0.2,0.0,1346.2366,87.1343
0.2,0.0,1348.0938,-467.6135
0.2,0.0,1349.9511,477.1886
0.2,0.0,1351.8084,519.2103
0.2,0.0,1353.6657,903.8758
0.2,0.0,1355.523,706.5428
0.2,0.0,1357.3803,131.5962
0.2,0.0,1359.2375,203.5044
0.2,0.0,1361.0948,172.6752
0.2,0.0,1362.9521,65.9958
0.2,0.0,1364.8094,252.8964
0.2,0.0,1366.6667,78.6046
0.2,0.0,1368.5239,1036.0625
0.2,0.0,1370.3812,270.5216
0.2,0.0,1372.2385,177.8375
0.2,0.0,1374.0958,236.0964
0.2,0.0,1375.9531,498.3558
0.2,0.0,1377.8104,396.3804
0.2,0.0,1379.6676,915.9849
0.2,0.0,1381.5249,691.3223
0.2,0.0,1383.3822,721.361
0.2,0.0,1385.2395,343.6378
0.2,0.0,1387.0968,345.2568
0.2,0.0,1388.9541,1044.2318
0.2,0.0,1390.8113,560.8367
0.2,0.0,1392.6686,257.13
0.2,0.0,1394.5259,651.6457
0.2,0.0,1396.3832,667.1701
0.2,0.0,1398.2405,-221.2925
0.2,0.0,1400.0978,1221.0571
0.2,0.0,1401.955,20.6416
0.2,0.0,1403.8123,1172.1171
0.2,0.0,1405.6696,524.8082
0.2,0.0,1407.5269,799.5466
0.2,0.0,1409.3842,-25.115
0.2,0.0,1411.2414,36.6199
0.2,0.0,1413.0987,911.7533
0.2,0.0,1414.956,62.6134
0.2,0.0,1416.8133,-886.1961
0.2,0.0,1418.6706,617.7232
0.2,0.0,1420.5279,586.4997
0.2,0.0,1422.3851,417.3798
0.2,0.0,1424.2424,436.5843
0.2,0.0,1426.0997,969.6368
0.2,0.0,1427.957,821.0369
0.2,0.0,1429.8143,830.3904
0.2,0.0,1431.6716,46.597
0.2,0.0,1433.5288,702.1838
0.2,0.0,1435.3861,582.2031
0.2,0.0,1437.2434,500.5203
0.2,0.0,1439.1007,229.0965
0.2,0.0,1440.958,-445.7965
0.2,0.0,1442.8152,87.975
0.2,0.0,1444.6725,257.6765
0.2,0.0,1446.5298,413.2802
0.2,0.0,1448.3871,313.7964
0.2,0.0,1450.2444,482.8881
0.2,0.0,1452.1017,823.3782
0.2,0.0,1453.9589,413.0043
0.2,0.0,1455.8162,625.7141
0.2,0.0,1457.6735,-331.8067
0.2,0.0,1459.5308,388.7703
0.2,0.0,1461.3881,-176.8621
0.2,0.0,1463.2454,-17.1425
0.2,0.0,1465.1026,-292.7911
0.2,0.0,1466.9599,234.0093
0.2,0.0,1468.8172,363.4294
0.2,0.0,1470.6745,-276.1675
0.2,0.0,1472.5318,300.8774
0.2,0.0,1474.3891,510.9945
0.2,0.0,1476.2463,331.2934
0.2,0.0,1478.1036,-198.7673
0.2,0.0,1479.9609,495.4164
0.2,0.0,1481.8182,853.7873
0.2,0.0,1483.6755,-282.1357
0.2,0.0,1485.5327,569.0103
0.2,0.0,1487.39,465.9331
0.2,0.0,1489.2473,287.7704
0.2,0.0,1491.1046,654.7368
0.2,0.0,1492.9619,217.4113
0.2,0.0,1494.8192,450.4588
0.2,0.0,1496.6764,712.6052
0.2,0.0,1498.5337,463.1386
0.2,0.0,1500.391,543.8549
0.2,0.0,1502.2483,648.3419
0.2,0.0,1504.1056,517.9945
0.2,0.0,1505.9629,545.0617
0.2,0.0,1507.8201,103.1169
0.2,0.0,1509.6774,-103.4529
0.2,0.0,1511.5347,-213.756
0.2,0.0,1513.392,-190.3402
0.2,0.0,1515.2493,486.8607
0.2,0.0,1517.1065,661.734
0.2,0.0,1518.9638,296.6253
0.2,0.0,1520.8211,659.9753
0.2,0.0,1522.6784,310.8151
0.2,0.0,1524.5357,397.2845
0.2,0.0,1526.393,805.0843
0.2,0.0,1528.2502,529.803
0.2,0.0,1530.1075,-174.005
0.2,0.0,1531.9648,701.7818
0.2,0.0,1533.8221,856.2866
0.2,0.0,1535.6794,655.9984
0.2,0.0,1537.5367,191.7994
0.2,0.0,1539.3939,558.9321
0.2,0.0,1541.2512,63.8693
0.2,0.0,1543.1085,585.7166
0.2,0.0,1544.9658,507.6109
0.2,0.0,1546.8231,488.3149
0.2,0.0,1548.6804,321.8874
0.2,0.0,1550.5376,421.2118
0.2,0.0,1552.3949,194.5819
0.2,0.0,1554.2522,702.1093
0.2,0.0,1556.1095,493.607
0.2,0.0,1557.9668,419.3482
0.2,0.0,1559.824,701.7597
0.2,0.0,1561.6813,42.4638
0.2,0.0,1563.5386,308.2921
0.2,0.0,1565.3959,790.8259
0.2,0.0,1567.2532,389.3658
0.2,0.0,1569.1105,-423.0889
0.2,0.0,1570.9677,967.7006
0.2,0.0,1572.825,697.0907
0.2,0.0,1574.6823,1065.869
0.2,0.0,1576.5396,392.5942
0.2,0.0,1578.3969,488.945
0.2,0.0,1580.2542,720.3297
0.2,0.0,1582.1114,1377.8504
0.2,0.0,1583.9687,765.5636
0.2,0.0,1585.826,1369.4324
0.2,0.0,1587.6833,931.7457
0.2,0.0,1589.5406,1463.9404
0.2,0.0,1591.3978,1803.2522
0.2,0.0,1593.2551,1361.7407
0.2,0.0,1595.1124,689.6597
0.2,0.0,1596.9697,1915.4341
0.2,0.0,1598.827,2079.1385
0.2,0.0,1600.6843,2863.2453
0.2,0.0,1602.5415,3727.7074
0.2,0.0,1604.3988,4609.9953
0.2,0.0,1606.2561,5937.1465
0.2,0.0,1608.1134,9235.0138
0.2,0.0,1609.9707,14629.7077
0.2,0.0,1611.828,22509.2478
0.2,0.0,1613.6852,29325.3983
0.2,0.0,1615.5425,25464.2016
0.2,0.0,1617.3998,17380.3959
0.2,0.0,1619.2571,10638.5693
0.2,0.0,1621.1144,6995.1814
0.2,0.0,1622.9717,5014.279
0.2,0.0,1624.8289,4397.9253
0.2,0.0,1626.6862,3066.1627
0.2,0.0,1628.5435,3112.3465
0.2,0.0,1630.4008,1531.6905
0.2,0.0,1632.2581,1683.3004
0.2,0.0,1634.1153,1735.1543
0.2,0.0,1635.9726,1416.5553
0.2,0.0,1637.8299,987.4015
0.2,0.0,1639.6872,837.4857
0.2,0.0,1641.5445,909.8067
0.2,0.0,1643.4018,555.1243
0.2,0.0,1645.259,1360.4721
0.2,0.0,1647.1163,844.9402
0.2,0.0,1648.9736,787.1835
0.2,0.0,1650.8309,859.7125
0.2,0.0,1652.6882,976.4571
0.2,0.0,1654.5455,1065.906
0.2,0.0,1656.4027,918.2086
0.2,0.0,1658.26,823.0573
0.2,0.0,1660.1173,742.8613
0.2,0.0,1661.9746,333.2964
0.2,0.0,1663.8319,808.0941
0.2,0.0,1665.6891,868.1456
0.2,0.0,1667.5464,539.2462
0.2,0.0,1669.4037,1501.5839
0.2,0.0,1671.261,596.9035
0.2,0.0,1673.1183,1069.2326
0.2,0.0,1674.9756,1072.5657
0.2,0.0,1676.8328,1333.2596
0.2,0.0,1678.6901,1365.9369
0.2,0.0,1680.5474,808.3289
0.2,0.0,1682.4047,918.8475
0.2,0.0,1684.262,1664.3494
0.2,0.0,1686.1193,651.6649
0.2,0.0,1687.9765,1255.0051
0.2,0.0,1689.8338,1076.9142
0.2,0.0,1691.6911,528.3899
0.2,0.0,1693.5484,1482.2185
0.2,0.0,1695.4057,1310.1503
0.2,0.0,1697.263,1210.345
0.2,0.0,1699.1202,1488.6491
0.2,0.0,1700.9775,2080.5761
0.2,0.0,1702.8348,1851.8235
0.2,0.0,1704.6921,2508.6568
0.2,0.0,1706.5494,2680.7642
0.2,0.0,1708.4066,3674.1654
0.2,0.0,1710.2639,3443.6509
0.2,0.0,1712.1212,5419.3563
0.2,0.0,1713.9785,6384.6311
0.2,0.0,1715.8358,7841.7051
0.2,0.0,1717.6931,10844.0617
0.2,0.0,1719.5503,16091.2331
0.2,0.0,1721.4076,22999.2689
0.2,0.0,1723.2649,31680.2352
0.2,0.0,1725.1222,39823.8786
0.2,0.0,1726.9795,39886.4534
0.2,0.0,1728.8368,31009.316
0.2,0.0,1730.694,22458.7563
0.2,0.0,1732.5513,15270.577
0.2,0.0,1734.4086,10483.6386
0.2,0.0,1736.2659,8830.1861
0.2,0.0,1738.1232,6429.1515
0.2,0.0,1739.9804,4875.533
0.2,0.0,1741.8377,3977.6111
0.2,0.0,1743.695,2264.1282
0.2,0.0,1745.5523,3308.7308
0.2,0.0,1747.4096,2634.0227
0.2,0.0,1749.2669,1838.2067
0.2,0.0,1751.1241,1748.7413
0.2,0.0,1752.9814,2344.4848
0.2,0.0,1754.8387,1304.8724
0.2,0.0,1756.696,713.961
0.2,0.0,1758.5533,573.4903
0.2,0.0,1760.4106,1548.3567
0.2,0.0,1762.2678,288.9352
0.2,0.0,1764.1251,1480.5186
0.2,0.0,1765.9824,672.1353
0.2,0.0,1767.8397,-33.8207
0.2,0.0,1769.697,985.616
0.2,0.0,1771.5543,1675.0223
0.2,0.0,1773.4115,815.4425
0.2,0.0,1775.2688,792.9039
0.2,0.0,1777.1261,70.2815
0.2,0.0,1778.9834,668.1127
0.2,0.0,1780.8407,920.7197
0.2,0.0,1782.6979,371.7605
0.2,0.0,1784.5552,1152.0999
0.2,0.0,1786.4125,779.2976
0.2,0.0,1788.2698,1079.5113
0.2,0.0,1790.1271,383.8071
0.2,0.0,1791.9844,664.4328
0.2,0.0,1793.8416,562.6073
0.2,0.0,1795.6989,32.0517
0.2,0.0,1797.5562,1350.4096
0.2,0.0,1799.4135,-338.3403
0.2,0.0,1801.2708,786.7461
0.2,0.0,1803.1281,216.4669
0.2,0.0,1804.9853,324.9133
0.2,0.0,1806.8426,52.8329
0.2,0.0,1808.6999,527.6087
0.2,0.0,1810.5572,425.9187
0.2,0.0,1812.4145,716.304
0.2,0.0,1814.2717,808.7562
0.2,0.0,1816.129,277.8739
0.2,0.0,1817.9863,-223.6519
0.2,0.0,1819.8436,-230.8242
0.2,0.0,1821.7009,32.0935
0.2,0.0,1823.5582,-224.4949
0.2,0.0,1825.4154,-108.698
0.2,0.0,1827.2727,75.4034
0.2,0.0,1829.13,918.86
0.2,0.0,1830.9873,1069.494
0.2,0.0,1832.8446,688.2372
0.2,0.0,1834.7019,-148.4996
0.2,0.0,1836.5591,587.9978
0.2,0.0,1838.4164,1345.4554
0.2,0.0,1840.2737,-67.6098
0.2,0.0,1842.131,96.884
0.2,0.0,1843.9883,675.0977
0.2,0.0,1845.8456,505.7164
0.2,0.0,1847.7028,283.6483
0.2,0.0,1849.5601,704.3045
0.2,0.0,1851.4174,253.4618
0.2,0.0,1853.2747,539.5393
0.2,0.0,1855.132,482.2723
0.2,0.0,1856.9892,740.6236
0.2,0.0,1858.8465,1025.6471
0.2,0.0,1860.7038,-8.2915
0.2,0.0,1862.5611,437.9438
0.2,0.0,1864.4184,521.5057
0.2,0.0,1866.2757,882.9906
0.2,0.0,1868.1329,221.8383
0.2,0.0,1869.9902,585.7483
0.2,0.0,1871.8475,137.7529
0.2,0.0,1873.7048,-9.7147
0.2,0.0,1875.5621,-65.22
0.2,0.0,1877.4194,247.8598
0.2,0.0,1879.2766,847.4854
0.2,0.0,1881.1339,142.0166
0.2,0.0,1882.9912,279.6821
0.2,0.0,1884.8485,287.3088
0.2,0.0,1886.7058,186.7746
0.2,0.0,1888.563,1410.8842
0.2,0.0,1890.4203,253.3481
0.2,0.0,1892.2776,292.523
0.2,0.0,1894.1349,73.1428
0.2,0.0,1895.9922,728.2927
0.2,0.0,1897.8495,-256.1606
0.2,0.0,1899.7067,363.7068
0.2,0.0,1901.564,31.7904
0.2,0.0,1903.4213,516.4285
0.2,0.0,1905.2786,-37.9564
0.2,0.0,1907.1359,945.6934
0.2,0.0,1908.9932,296.7265
0.2,0.0,1910.8504,90.051
0.2,0.0,1912.7077,939.7374
0.2,0.0,1914.565,353.2574
0.2,0.0,1916.4223,365.0276
0.2,0.0,1918.2796,183.6994
0.2,0.0,1920.1369,297.7941
0.2,0.0,1921.9941,-23.045
0.2,0.0,1923.8514,597.1715
0.2,0.0,1925.7087,346.6265
0.2,0.0,1927.566,413.0199
0.2,0.0,1929.4233,829.565
0.2,0.0,1931.2805,-70.9656
0.2,0.0,1933.1378,921.6199
0.2,0.0,1934.9951,1074.0878
0.2,0.0,1936.8524,722.9344
0.2,0.0,1938.7097,561.5852
0.2,0.0,1940.567,189.8532
0.2,0.0,1942.4242,-332.8674
0.2,0.0,1944.2815,749.7159
0.2,0.0,1946.1388,524.8816
0.2,0.0,1947.9961,826.5141
0.2,0.0,1949.8534,456.0515
0.2,0.0,1951.7107,499.16
0.2,0.0,1953.5679,82.4849
0.2,0.0,1955.4252,408.7062
0.2,0.0,1957.2825,308.9497
0.2,0.0,1959.1398,502.5142
0.2,0.0,1960.9971,1003.1954
0.2,0.0,1962.8543,516.6616
0.2,0.0,1964.7116,251.1971
0.2,0.0,1966.5689,441.7999
0.2,0.0,1968.4262,792.2282
0.2,0.0,1970.2835,-55.5574
0.2,0.0,1972.1408,357.684
0.2,0.0,1973.998,830.5839
0.2,0.0,1975.8553,248.5872
0.2,0.0,1977.7126,591.3019
0.2,0.0,1979.5699,358.8441
0.2,0.0,1981.4272,-576.491
0.2,0.0,1983.2845,-154.0131
0.2,0.0,1985.1417,-190.5131
0.2,0.0,1986.999,31.0968
0.2,0.0,1988.8563,360.6033
0.2,0.0,1990.7136,371.1287
0.2,0.0,1992.5709,899.8896
0.2,0.0,1994.4282,9.0625
0.2,0.0,1996.2854,-351.0952
0.2,0.0,1998.1427,385.2295
0.2,0.0,2000.0,202.7283
0.2,0.1,100.0,431.8991
0.2,0.1,101.8573,549.6457
0.2,0.1,103.7146,105.3804
0.2,0.1,105.5718,590.5125
0.2,0.1,107.4291,395.3743
0.2,0.1,109.2864,819.9682
0.2,0.1,111.1437,581.6875
0.2,0.1,113.001,622.2487
0.2,0.1,114.8583,400.3847
0.2,0.1,116.7155,508.0537
0.2,0.1,118.5728,508.5264
0.2,0.1,120.4301,31.4099
0.2,0.1,122.2874,158.8898
0.2,0.1,124.1447,435.1123
0.2,0.1,126.002,137.2252
0.2,0.1,127.8592,-117.559
0.2,0.1,129.7165,242.4304
0.2,0.1,131.5738,-261.8116
0.2,0.1,133.4311,1366.6024
0.2,0.1,135.2884,534.0336
0.2,0.1,137.1457,315.3217
0.2,0.1,139.0029,365.8404
0.2,0.1,140.8602,23.2034
0.2,0.1,142.7175,364.6315
0.2,0.1,144.5748,48.4721
0.2,0.1,146.4321,491.7969
0.2,0.1,148.2893,239.2904
0.2,0.1,150.1466,453.8
0.2,0.1,152.0039,-2.1713
0.2,0.1,153.8612,540.4169
0.2,0.1,155.7185,203.2631
0.2,0.1,157.5758,-158.8494
0.2,0.1,159.433,313.0647
0.2,0.1,161.2903,30.79
0.2,0.1,163.1476,620.7346
0.2,0.1,165.0049,-130.3979
0.2,0.1,166.8622,638.4624
0.2,0.1,168.7195,137.4724
0.2,0.1,170.5767,168.2699
0.2,0.1,172.434,95.0173
0.2,0.1,174.2913,322.748
0.2,0.1,176.1486,604.5124
0.2,0.1,178.0059,129.5759
0.2,0.1,179.8631,144.6396
0.2,0.1,181.7204,424.5325
0.2,0.1,183.5777,322.0979
0.2,0.1,185.435,687.6996
0.2,0.1,187.2923,125.0724
0.2,0.1,189.1496,-204.5168
0.2,0.1,191.0068,873.0823
0.2,0.1,192.8641,313.6161
0.2,0.1,194.7214,-172.704
0.2,0.1,196.5787,933.6407
0.2,0.1,198.436,108.4773
0.2,0.1,200.2933,435.2409
0.2,0.1,202.1505,-114.0872
0.2,0.1,204.0078,280.5046
0.2,0.1,205.8651,-697.7027
0.2,0.1,207.7224,304.7707
0.2,0.1,209.5797,-179.5448
0.2,0.1,211.437,427.4643
0.2,0.1,213.2942,689.6346
0.2,0.1,215.1515,352.3083
0.2,0.1,217.0088,600.9683
0.2,0.1,218.8661,387.3994
0.2,0.1,220.7234,148.6978
0.2,0.1,222.5806,277.9792
0.2,0.1,224.4379,356.3025
0.2,0.1,226.2952,1081.7116
0.2,0.1,228.1525,-291.9002
0.2,0.1,230.0098,-122.1389
0.2,0.1,231.8671,39.1678
0.2,0.1,233.7243,289.8741
0.2,0.1,235.5816,361.6653
0.2,0.1,237.4389,761.0891
0.2,0.1,239.2962,640.268
0.2,0.1,241.1535,1330.3467
0.2,0.1,243.0108,271.9394
0.2,0.1,244.868,576.6807
0.2,0.1,246.7253,393.349
0.2,0.1,248.5826,818.7239
0.2,0.1,250.4399,13.7121
0.2,0.1,252.2972,-61.9859
0.2,0.1,254.1544,489.6623
0.2,0.1,256.0117,361.2987
0.2,0.1,257.869,-305.4462
0.2,0.1,259.7263,779.4129
0.2,0.1,261.5836,528.735
0.2,0.1,263.4409,281.9566
0.2,0.1,265.2981,-373.2164
0.2,0.1,267.1554,379.301
0.2,0.1,269.0127,652.5614
0.2,0.1,270.87,25.3411
0.2,0.1,272.7273,588.6723
0.2,0.1,274.5846,1054.8352
0.2,0.1,276.4418,-323.9731
0.2,0.1,278.2991,580.3333
0.2,0.1,280.1564,605.3391
0.2,0.1,282.0137,70.5045
0.2,0.1,283.871,-257.6632
0.2,0.1,285.7283,203.4205
0.2,0.1,287.5855,-553.5722
0.2,0.1,289.4428,-481.0162
0.2,0.1,291.3001,1129.9248
0.2,0.1,293.1574,421.4287
0.2,0.1,295.0147,164.2246
0.2,0.1,296.8719,-50.7912
0.2,0.1,298.7292,425.5419
0.2,0.1,300.5865,943.5877
0.2,0.1,302.4438,-170.8801
0.2,0.1,304.3011,-19.9561
0.2,0.1,306.1584,-323.554
0.2,0.1,308.0156,406.0042
0.2,0.1,309.8729,480.238
0.2,0.1,311.7302,-143.2505
0.2,0.1,313.5875,75.3536
0.2,0.1,315.4448,1415.6365
0.2,0.1,317.3021,1043.7947
0.2,0.1,319.1593,-197.2417
0.2,0.1,321.0166,1132.0006
0.2,0.1,322.8739,403.5054
0.2,0.1,324.7312,-161.0191
0.2,0.1,326.5885,-235.6851
0.2,0.1,328.4457,842.4757
0.2,0.1,330.303,-305.7779
0.2,0.1,332.1603,864.7592
0.2,0.1,334.0176,330.0716
0.2,0.1,335.8749,559.5917
0.2,0.1,337.7322,70.6647
0.2,0.1,339.5894,-120.7279
0.2,0.1,341.4467,21.493
0.2,0.1,343.304,982.6596
0.2,0.1,345.1613,-63.4469
0.2,0.1,347.0186,922.5996
0.2,0.1,348.8759,-405.7865
0.2,0.1,350.7331,-198.262
0.2,0.1,352.5904,-254.5179
0.2,0.1,354.4477,1010.9236
0.2,0.1,356.305,78.0026
0.2,0.1,358.1623,198.7893
0.2,0.1,360.0196,716.6153
0.2,0.1,361.8768,68.3151
0.2,0.1,363.7341,624.7294
0.2,0.1,365.5914,188.9598
0.2,0.1,367.4487,750.9446
0.2,0.1,369.306,166.473
0.2,0.1,371.1632,551.3052
0.2,0.1,373.0205,817.0779
0.2,0.1,374.8778,767.0051
0.2,0.1,376.7351,-56.893
0.2,0.1,378.5924,81.2742
0.2,0.1,380.4497,-7.0275
0.2,0.1,382.3069,-530.0882
0.2,0.1,384.1642,627.4456
0.2,0.1,386.0215,748.1122
0.2,0.1,387.8788,-132.595
0.2,0.1,389.7361,-157.0015
0.2,0.1,391.5934,506.8431
0.2,0.1,393.4506,596.8156
0.2,0.1,395.3079,192.7729
0.2,0.1,397.1652,1231.778
0.2,0.1,399.0225,334.6928
0.2,0.1,400.8798,368.8718
0.2,0.1,402.737,755.2494
0.2,0.1,404.5943,1496.0125
0.2,0.1,406.4516,106.2008
0.2,0.1,408.3089,995.5436
0.2,0.1,410.1662,161.0515
0.2,0.1,412.0235,221.6783
0.2,0.1,413.8807,528.4488
0.2,0.1,415.738,269.9258
0.2,0.1,417.5953,-290.8359
0.2,0.1,419.4526,746.0153
0.2,0.1,421.3099,-646.7604
0.2,0.1,423.1672,-296.4885
0.2,0.1,425.0244,388.2871
0.2,0.1,426.8817,884.3051
0.2,0.1,428.739,417.0878
0.2,0.1,430.5963,240.242
0.2,0.1,432.4536,46.9959
0.2,0.1,434.3109,481.6714
0.2,0.1,436.1681,584.3056
0.2,0.1,438.0254,-249.1776
0.2,0.1,439.8827,588.8409
0.2,0.1,441.74,468.215
0.2,0.1,443.5973,-488.1158
0.2,0.1,445.4545,1026.6844
0.2,0.1,447.3118,-58.7578
0.2,0.1,449.1691,146.7941
0.2,0.1,451.0264,194.0717
0.2,0.1,452.8837,1168.2252
0.2,0.1,454.741,829.5414
0.2,0.1,456.5982,-301.5138
0.2,0.1,458.4555,470.4164
0.2,0.1,460.3128,-103.2564
0.2,0.1,462.1701,35.436
0.2,0.1,464.0274,-462.5644
0.2,0.1,465.8847,209.7094
0.2,0.1,467.7419,99.8819
0.2,0.1,469.5992,-69.6881
0.2,0.1,471.4565,274.974
0.2,0.1,473.3138,176.8896
0.2,0.1,475.1711,807.9329
0.2,0.1,477.0283,-126.2963
0.2,0.1,478.8856,607.6447
0.2,0.1,480.7429,201.8499
0.2,0.1,482.6002,656.5159
0.2,0.1,484.4575,230.9493
0.2,0.1,486.3148,320.7259
0.2,0.1,488.172,1140.7164
0.2,0.1,490.0293,-332.2004
0.2,0.1,491.8866,409.1287
0.2,0.1,493.7439,373.3371
0.2,0.1,495.6012,-135.7469
0.2,0.1,497.4585,55.482
0.2,0.1,499.3157,-592.9816
0.2,0.1,501.173,297.3854
0.2,0.1,503.0303,166.2658
0.2,0.1,504.8876,958.7067
0.2,0.1,506.7449,386.2351
0.2,0.1,508.6022,-383.6353
0.2,0.1,510.4594,922.3652
0.2,0.1,512.3167,666.2175
0.2,0.1,514.174,24.0763
0.2,0.1,516.0313,451.191
0.2,0.1,517.8886,146.2164
0.2,0.1,519.7458,624.0982
0.2,0.1,521.6031,-466.9787
0.2,0.1,523.4604,21.9825
0.2,0.1,525.3177,415.9211
0.2,0.1,527.175,737.8842
0.2,0.1,529.0323,11.1648
0.2,0.1,530.8895,678.2275
0.2,0.1,532.7468,627.8153
0.2,0.1,534.6041,38.5089
0.2,0.1,536.4614,657.469
0.2,0.1,538.3187,117.6271
0.2,0.1,540.176,429.2086
0.2,0.1,542.0332,-155.2773
0.2,0.1,543.8905,518.6643
0.2,0.1,545.7478,1302.866
0.2,0.1,547.6051,466.7906
0.2,0.1,549.4624,917.9798
0.2,0.1,551.3196,-54.7928
0.2,0.1,553.1769,24.4134
0.2,0.1,555.0342,-688.6049
0.2,0.1,556.8915,104.8922
0.2,0.1,558.7488,-522.3941
0.2,0.1,560.6061,-164.51
0.2,0.1,562.4633,553.1094
0.2,0.1,564.3206,743.8235
0.2,0.1,566.1779,178.378
0.2,0.1,568.0352,0.4478
0.2,0.1,569.8925,-95.4203
0.2,0.1,571.7498,619.8675
0.2,0.1,573.607,868.8838
0.2,0.1,575.4643,-24.6207
0.2,0.1,577.3216,740.8429
0.2,0.1,579.1789,341.1099
0.2,0.1,581.0362,767.8597
0.2,0.1,582.8935,791.6244
0.2,0.1,584.7507,6.928
0.2,0.1,586.608,-34.5723
0.2,0.1,588.4653,471.8799
0.2,0.1,590.3226,509.7438
0.2,0.1,592.1799,-121.1452
0.2,0.1,594.0371,920.9323
0.2,0.1,595.8944,1196.7981
0.2,0.1,597.7517,434.9925
0.2,0.1,599.609,-93.3317
0.2,0.1,601.4663,484.4956
0.2,0.1,603.3236,229.7271
0.2,0.1,605.1808,596.1219
0.2,0.1,607.0381,260.1785
0.2,0.1,608.8954,242.9428
0.2,0.1,610.7527,472.7076
0.2,0.1,612.61,313.4336
0.2,0.1,614.4673,170.631
0.2,0.1,616.3245,684.8558
0.2,0.1,618.1818,742.9903
0.2,0.1,620.0391,996.2542
0.2,0.1,621.8964,2066.094
0.2,0.1,623.7537,2481.4838
0.2,0.1,625.6109,2945.5556
0.2,0.1,627.4682,4660.9406
0.2,0.1,629.3255,6313.4772
0.2,0.1,631.1828,8449.6473
0.2,0.1,633.0401,8627.2454
0.2,0.1,634.8974,5737.1898
0.2,0.1,636.7546,4043.6057
0.2,0.1,638.6119,2079.2482
0.2,0.1,640.4692,2076.9804
0.2,0.1,642.3265,1611.1662
0.2,0.1,644.1838,1472.192
0.2,0.1,646.0411,806.3022
0.2,0.1,647.8983,1004.1303
0.2,0.1,649.7556,760.0887
0.2,0.1,651.6129,1133.9217
0.2,0.1,653.4702,486.0699
0.2,0.1,655.3275,884.8714
0.2,0.1,657.1848,374.4032
0.2,0.1,659.042,1112.2402
0.2,0.1,660.8993,648.6219
0.2,0.1,662.7566,934.9273
0.2,0.1,664.6139,786.5225
0.2,0.1,666.4712,632.4005
0.2,0.1,668.3284,-278.0189
0.2,0.1,670.1857,213.4241
0.2,0.1,672.043,843.4023
0.2,0.1,673.9003,150.9158
0.2,0.1,675.7576,639.6784
0.2,0.1,677.6149,545.3257
0.2,0.1,679.4721,314.8647
0.2,0.1,681.3294,-79.5753
0.2,0.1,683.1867,-172.4691
0.2,0.1,685.044,979.9775
0.2,0.1,686.9013,207.1069
0.2,0.1,688.7586,352.653
0.2,0.1,690.6158,-88.585
0.2,0.1,692.4731,416.4573
0.2,0.1,694.3304,540.4542
0.2,0.1,696.1877,652.5042
0.2,0.1,698.045,808.685
0.2,0.1,699.9022,-371.744
0.2,0.1,701.7595,173.0938
0.2,0.1,703.6168,495.4655
0.2,0.1,705.4741,262.8199
0.2,0.1,707.3314,366.3437
0.2,0.1,709.1887,293.5871
0.2,0.1,711.0459,825.906
0.2,0.1,712.9032,374.9552
0.2,0.1,714.7605,65.8389
0.2,0.1,716.6178,983.5189
0.2,0.1,718.4751,430.9676
0.2,0.1,720.3324,696.5514
0.2,0.1,722.1896,812.9067
0.2,0.1,724.0469,546.3787
0.2,0.1,725.9042,524.9206
0.2,0.1,727.7615,903.0112
0.2,0.1,729.6188,-394.4787
0.2,0.1,731.4761,1282.6402
0.2,0.1,733.3333,263.7199
0.2,0.1,735.1906,696.5798
0.2,0.1,737.0479,67.4246
0.2,0.1,738.9052,550.6955
0.2,0.1,740.7625,694.2573
0.2,0.1,742.6197,889.3436
0.2,0.1,744.477,648.9629
0.2,0.1,746.3343,265.5867
0.2,0.1,748.1916,354.6405
0.2,0.1,750.0489,338.3896
0.2,0.1,751.9062,144.6375
0.2,0.1,753.7634,-256.3055
0.2,0.1,755.6207,2.5213
0.2,0.1,757.478,992.2811
0.2,0.1,759.3353,249.4188
0.2,0.1,761.1926,415.383
0.2,0.1,763.0499,854.8859
0.2,0.1,764.9071,-139.5396
0.2,0.1,766.7644,273.6161
0.2,0.1,768.6217,-808.6504
0.2,0.1,770.479,456.0649
0.2,0.1,772.3363,501.9613
0.2,0.1,774.1935,290.4696
0.2,0.1,776.0508,552.0612
0.2,0.1,777.9081,698.9615
0.2,0.1,779.7654,353.4043
0.2,0.1,781.6227,475.7358
0.2,0.1,783.48,199.447
0.2,0.1,785.3372,968.7595
0.2,0.1,787.1945,262.9146
0.2,0.1,789.0518,808.0238
0.2,0.1,790.9091,489.5988
0.2,0.1,792.7664,-65.334
0.2,0.1,794.6237,477.7934
0.2,0.1,796.4809,-99.632
0.2,0.1,798.3382,97.9737
0.2,0.1,800.1955,467.5177
0.2,0.1,802.0528,120.4264
0.2,0.1,803.9101,1030.129
0.2,0.1,805.7674,758.5835
0.2,0.1,807.6246,473.2939
0.2,0.1,809.4819,-3.5302
0.2,0.1,811.3392,267.9969
0.2,0.1,813.1965,429.0717
0.2,0.1,815.0538,719.1896
0.2,0.1,816.911,62.4148
0.2,0.1,818.7683,494.9635
0.2,0.1,820.6256,894.1173
0.2,0.1,822.4829,441.1318
0.2,0.1,824.3402,164.7017
0.2,0.1,826.1975,686.0929
0.2,0.1,828.0547,389.7395
0.2,0.1,829.912,488.4803
0.2,0.1,831.7693,650.2204
0.2,0.1,833.6266,1013.708
0.2,0.1,835.4839,895.7121
0.2,0.1,837.3412,710.7027
0.2,0.1,839.1984,1351.7039
0.2,0.1,841.0557,1269.0307
0.2,0.1,842.913,1013.1977
0.2,0.1,844.7703,473.2911
0.2,0.1,846.6276,1458.9667
0.2,0.1,848.4848,1262.3784
0.2,0.1,850.3421,2872.4988
0.2,0.1,852.1994,3927.9019
0.2,0.1,854.0567,6571.5972
0.2,0.1,855.914,9112.0416
0.2,0.1,857.7713,10525.345
0.2,0.1,859.6285,9399.2671
0.2,0.1,861.4858,6618.6672
0.2,0.1,863.3431,4986.7723
0.2,0.1,865.2004,2455.7378
0.2,0.1,867.0577,2331.9606
0.2,0.1,868.915,2363.9515
0.2,0.1,870.7722,1110.9469
0.2,0.1,872.6295,1298.619
0.2,0.1,874.4868,1740.2208
0.2,0.1,876.3441,980.7339
0.2,0.1,878.2014,739.5152
0.2,0.1,880.0587,1413.3035
0.2,0.1,881.9159,749.9759
0.2,0.1,883.7732,405.7329
0.2,0.1,885.6305,514.8477
0.2,0.1,887.4878,774.6724
0.2,0.1,889.3451,151.4733
0.2,0.1,891.2023,447.8111
0.2,0.1,893.0596,474.3708
0.2,0.1,894.9169,875.5975
0.2,0.1,896.7742,1056.3273
0.2,0.1,898.6315,620.7295
0.2,0.1,900.4888,185.6118
0.2,0.1,902.346,-663.8634
0.2,0.1,904.2033,578.9574
0.2,0.1,906.0606,883.7913
0.2,0.1,907.9179,564.3579
0.2,0.1,909.7752,532.4153
0.2,0.1,911.6325,-97.0513
0.2,0.1,913.4897,957.2647
0.2,0.1,915.347,583.3138
0.2,0.1,917.2043,318.3801
0.2,0.1,919.0616,-162.4283
0.2,0.1,920.9189,164.1637
0.2,0.1,922.7761,-787.9236
0.2,0.1,924.6334,329.0064
0.2,0.1,926.4907,502.9597
0.2,0.1,928.348,659.1372
0.2,0.1,930.2053,453.9713
0.2,0.1,932.0626,-468.2782
0.2,0.1,933.9198,232.6686
0.2,0.1,935.7771,658.2543
0.2,0.1,937.6344,112.7522
0.2,0.1,939.4917,167.2978
0.2,0.1,941.349,444.0964
0.2,0.1,943.2063,633.3496
0.2,0.1,945.0635,936.5305
0.2,0.1,946.9208,294.338
0.2,0.1,948.7781,-59.2414
0.2,0.1,950.6354,724.1911
0.2,0.1,952.4927,-196.7496
0.2,0.1,954.35,1053.0277
0.2,0.1,956.2072,791.7672
0.2,0.1,958.0645,289.5979
0.2,0.1,959.9218,404.8431
0.2,0.1,961.7791,738.2609
0.2,0.1,963.6364,196.7076
0.2,0.1,965.4936,-95.3889
0.2,0.1,967.3509,395.2799
0.2,0.1,969.2082,147.2248
0.2,0.1,971.0655,145.2414
0.2,0.1,972.9228,32.4559
0.2,0.1,974.7801,1144.6794
0.2,0.1,976.6373,-21.6553
0.2,0.1,978.4946,951.8998
0.2,0.1,980.3519,392.0843
0.2,0.1,982.2092,1019.5514
0.2,0.1,984.0665,801.2015
0.2,0.1,985.9238,157.5465
0.2,0.1,987.781,68.4066
0.2,0.1,989.6383,839.4695
0.2,0.1,991.4956,-296.7622
0.2,0.1,993.3529,383.3733
0.2,0.1,995.2102,-4.5051
0.2,0.1,997.0674,124.6711
0.2,0.1,998.9247,-94.7046
0.2,0.1,1000.782,-109.8946
0.2,0.1,1002.6393,822.5436
0.2,0.1,1004.4966,411.403
0.2,0.1,1006.3539,696.934
0.2,0.1,1008.2111,510.5177
0.2,0.1,1010.0684,55.0313
0.2,0.1,1011.9257,-749.892
0.2,0.1,1013.783,408.8506
0.2,0.1,1015.6403,-206.8682
0.2,0.1,1017.4976,488.8357
0.2,0.1,1019.3548,409.3272
0.2,0.1,1021.2121,-14.5934
0.2,0.1,1023.0694,671.491
0.2,0.1,1024.9267,680.1706
0.2,0.1,1026.784,392.1824
0.2,0.1,1028.6413,-118.0748
0.2,0.1,1030.4985,641.6911
0.2,0.1,1032.3558,678.5432
0.2,0.1,1034.2131,988.8124
0.2,0.1,1036.0704,1149.6647
0.2,0.1,1037.9277,673.4309
0.2,0.1,1039.7849,-302.2719
0.2,0.1,1041.6422,123.456
0.2,0.1,1043.4995,-154.8499
0.2,0.1,1045.3568,-24.4254
0.2,0.1,1047.2141,275.0712
0.2,0.1,1049.0714,88.7876
0.2,0.1,1050.9286,629.9816
0.2,0.1,1052.7859,237.8482
0.2,0.1,1054.6432,741.4461
0.2,0.1,1056.5005,331.9623
0.2,0.1,1058.3578,385.5912
0.2,0.1,1060.2151,460.9035
0.2,0.1,1062.0723,1022.8076
0.2,0.1,1063.9296,629.1403
0.2,0.1,1065.7869,34.5344
0.2,0.1,1067.6442,1237.7453
0.2,0.1,1069.5015,1771.6747
0.2,0.1,1071.3587,987.7397
0.2,0.1,1073.216,1100.1447
0.2,0.1,1075.0733,1335.8715
0.2,0.1,1076.9306,2584.7378
0.2,0.1,1078.7879,779.7133
0.2,0.1,1080.6452,1999.1805
0.2,0.1,1082.5024,1463.9825
0.2,0.1,1084.3597,2535.288
0.2,0.1,1086.217,2396.9886
0.2,0.1,1088.0743,4167.4055
0.2,0.1,1089.9316,4950.1844
0.2,0.1,1091.7889,9040.915
0.2,0.1,1093.6461,13293.0949
0.2,0.1,1095.5034,16584.3156
0.2,0.1,1097.3607,16427.4026
0.2,0.1,1099.218,11401.7322
0.2,0.1,1101.0753,7435.9586
0.2,0.1,1102.9326,5958.4748
0.2,0.1,1104.7898,4282.271
0.2,0.1,1106.6471,4148.375
0.2,0.1,1108.5044,5071.886
0.2,0.1,1110.3617,5445.9724
0.2,0.1,1112.219,7878.6416
0.2,0.1,1114.0762,11185.2855
0.2,0.1,1115.9335,14813.9785
0.2,0.1,1117.7908,14823.297
0.2,0.1,1119.6481,11598.2199
0.2,0.1,1121.5054,7240.3936
0.2,0.1,1123.3627,4844.3022
0.2,0.1,1125.2199,3339.4245
0.2,0.1,1127.0772,2223.7133
0.2,0.1,1128.9345,1617.0506
0.2,0.1,1130.7918,1907.063
0.2,0.1,1132.6491,1733.6049
0.2,0.1,1134.5064,1092.6863
0.2,0.1,1136.3636,1161.7607
0.2,0.1,1138.2209,822.9447
0.2,0.1,1140.0782,527.9522
0.2,0.1,1141.9355,810.106
0.2,0.1,1143.7928,673.6124
0.2,0.1,1145.65,481.0809
0.2,0.1,1147.5073,843.8025
0.2,0.1,1149.3646,385.479
0.2,0.1,1151.2219,801.2383
0.2,0.1,1153.0792,354.1842
0.2,0.1,1154.9365,490.296
0.2,0.1,1156.7937,-434.7391
0.2,0.1,1158.651,965.9736
0.2,0.1,1160.5083,886.0619
0.2,0.1,1162.3656,408.1892
0.2,0.1,1164.2229,80.0883
0.2,0.1,1166.0802,-898.1909
0.2,0.1,1167.9374,386.5943
0.2,0.1,1169.7947,663.6301
0.2,0.1,1171.652,325.3762
0.2,0.1,1173.5093,591.5106
0.2,0.1,1175.3666,738.2903
0.2,0.1,1177.2239,730.4727
0.2,0.1,1179.0811,520.0515
0.2,0.1,1180.9384,141.3135
0.2,0.1,1182.7957,674.4805
0.2,0.1,1184.653,728.5451
0.2,0.1,1186.5103,1274.0155
0.2,0.1,1188.3675,-54.0532
0.2,0.1,1190.2248,284.4142
0.2,0.1,1192.0821,699.9418
0.2,0.1,1193.9394,420.3677
0.2,0.1,1195.7967,630.5911
0.2,0.1,1197.654,504.9023
0.2,0.1,1199.5112,143.6374
0.2,0.1,1201.3685,518.9626
0.2,0.1,1203.2258,957.0662
0.2,0.1,1205.0831,762.5863
0.2,0.1,1206.9404,180.2477
0.2,0.1,1208.7977,682.7036
0.2,0.1,1210.6549,276.2159
0.2,0.1,1212.5122,273.5975
0.2,0.1,1214.3695,904.322
0.2,0.1,1216.2268,206.9176
0.2,0.1,1218.0841,179.1409
0.2,0.1,1219.9413,1139.331
0.2,0.1,1221.7986,852.3878
0.2,0.1,1223.6559,140.8963
0.2,0.1,1225.5132,-222.4288
0.2,0.1,1227.3705,-219.4913
0.2,0.1,1229.2278,634.384
0.2,0.1,1231.085,497.4141
0.2,0.1,1232.9423,771.431
0.2,0.1,1234.7996,522.7622
0.2,0.1,1236.6569,522.1696
0.2,0.1,1238.5142,248.288
0.2,0.1,1240.3715,352.9847
0.2,0.1,1242.2287,1014.9772
0.2,0.1,1244.086,814.7577
0.2,0.1,1245.9433,615.4444
0.2,0.1,1247.8006,313.2725
0.2,0.1,1249.6579,830.7377
0.2,0.1,1251.5152,6.4645
0.2,0.1,1253.3724,1053.4673
0.2,0.1,1255.2297,749.6478
0.2,0.1,1257.087,897.6506
0.2,0.1,1258.9443,437.2345
0.2,0.1,1260.8016,1325.7229
0.2,0.1,1262.6588,898.5615
0.2,0.1,1264.5161,1423.8693
0.2,0.1,1266.3734,1037.0819
0.2,0.1,1268.2307,1484.8564
0.2,0.1,1270.088,1470.2979
0.2,0.1,1271.9453,1725.5085
0.2,0.1,1273.8025,1640.9163
0.2,0.1,1275.6598,3248.5528
0.2,0.1,1277.5171,3968.4691
0.2,0.1,1279.3744,5800.9715
0.2,0.1,1281.2317,7790.2413
0.2,0.1,1283.089,11833.0535
0.2,0.1,1284.9462,16644.1392
0.2,0.1,1286.8035,23908.6053
0.2,0.1,1288.6608,24948.3262
0.2,0.1,1290.5181,20331.5206
0.2,0.1,1292.3754,13502.5636
0.2,0.1,1294.2326,8906.1148
0.2,0.1,1296.0899,6391.8816
0.2,0.1,1297.9472,5193.615
0.2,0.1,1299.8045,2928.6589
0.2,0.1,1301.6618,2253.7379
0.2,0.1,1303.5191,1562.61
0.2,0.1,1305.3763,2125.2184
0.2,0.1,1307.2336,1695.8275
0.2,0.1,1309.0909,1642.1799
0.2,0.1,1310.9482,1528.0421
0.2,0.1,1312.8055,878.2767
0.2,0.1,1314.6628,455.794
0.2,0.1,1316.52,1057.8431
0.2,0.1,1318.3773,1010.3792
0.2,0.1,1320.2346,225.2106
0.2,0.1,1322.0919,659.1613
0.2,0.1,1323.9492,784.7431
0.2,0.1,1325.8065,581.4434
0.2,0.1,1327.6637,405.0756
0.2,0.1,1329.521,582.5448
0.2,0.1,1331.3783,1095.7129
0.2,0.1,1333.2356,-47.5201
0.2,0.1,1335.0929,479.4733
0.2,0.1,1336.9501,363.2005
0.2,0.1,1338.8074,818.6553
0.2,0.1,1340.6647,249.8218
0.2,0.1,1342.522,760.2028
0.2,0.1,1344.3793,-508.4085
0.2,0.1,1346.2366,218.2802
0.2,0.1,1348.0938,-222.6913
0.2,0.1,1349.9511,486.8694
0.2,0.1,1351.8084,311.3509
0.2,0.1,1353.6657,454.5921
0.2,0.1,1355.523,468.5366
0.2,0.1,1357.3803,775.9855
0.2,0.1,1359.2375,282.219
0.2,0.1,1361.0948,1278.0496
0.2,0.1,1362.9521,261.0788
0.2,0.1,1364.8094,485.1263
0.2,0.1,1366.6667,369.4671
0.2,0.1,1368.5239,378.2157
0.2,0.1,1370.3812,563.1362
0.2,0.1,1372.2385,82.0363
0.2,0.1,1374.0958,918.2293
0.2,0.1,1375.9531,103.2583
0.2,0.1,1377.8104,390.5071
0.2,0.1,1379.6676,211.4409
0.2,0.1,1381.5249,229.0001
0.2,0.1,1383.3822,303.0157
0.2,0.1,1385.2395,762.0286
0.2,0.1,1387.0968,203.732
0.2,0.1,1388.9541,30.958
0.2,0.1,1390.8113,316.7964
0.2,0.1,1392.6686,-152.0064
0.2,0.1,1394.5259,76.719
0.2,0.1,1396.3832,334.3051
0.2,0.1,1398.2405,-242.3032
0.2,0.1,1400.0978,410.2847
0.2,0.1,1401.955,324.4322
0.2,0.1,1403.8123,-125.6711
0.2,0.1,1405.6696,822.439
0.2,0.1,1407.5269,697.206
0.2,0.1,1409.3842,748.7664
0.2,0.1,1411.2414,183.671
0.2,0.1,1413.0987,410.6383
0.2,0.1,1414.956,235.8573
0.2,0.1,1416.8133,154.4005
0.2,0.1,1418.6706,277.8491
0.2,0.1,1420.5279,426.3401
0.2,0.1,1422.3851,533.8955
0.2,0.1,1424.2424,978.7074
0.2,0.1,1426.0997,531.503
0.2,0.1,1427.957,615.8739
0.2,0.1,1429.8143,-144.1411
0.2,0.1,1431.6716,498.2277
0.2,0.1,1433.5288,661.8459
0.2,0.1,1435.3861,216.403
0.2,0.1,1437.2434,440.2519
0.2,0.1,1439.1007,111.2113
0.2,0.1,1440.958,1036.2557
0.2,0.1,1442.8152,90.1126
0.2,0.1,1444.6725,-164.1863
0.2,0.1,1446.5298,-47.6449
0.2,0.1,1448.3871,-87.0729
0.2,0.1,1450.2444,203.0225
0.2,0.1,1452.1017,0.146
0.2,0.1,1453.9589,376.5258
0.2,0.1,1455.8162,-285.868
0.2,0.1,1457.6735,722.4463
0.2,0.1,1459.5308,490.4199
0.2,0.1,1461.3881,370.8798
0.2,0.1,1463.2454,431.7807
0.2,0.1,1465.1026,625.655
0.2,0.1,1466.9599,511.6739
0.2,0.1,1468.8172,494.2972
0.2,0.1,1470.6745,107.6178
0.2,0.1,1472.5318,387.2009
0.2,0.1,1474.3891,494.1337
0.2,0.1,1476.2463,523.1424
0.2,0.1,1478.1036,749.2732
0.2,0.1,1479.9609,376.8678
0.2,0.1,1481.8182,968.7508
0.2,0.1,1483.6755,550.271
0.2,0.1,1485.5327,537.5344
0.2,0.1,1487.39,14.0422
0.2,0.1,1489.2473,345.5473
0.2,0.1,1491.1046,1393.4537
0.2,0.1,1492.9619,29.2076
0.2,0.1,1494.8192,468.5616
0.2,0.1,1496.6764,-168.7123
0.2,0.1,1498.5337,30.3389
0.2,0.1,1500.391,540.1146
0.2,0.1,1502.2483,339.7662
0.2,0.1,1504.1056,987.6794
0.2,0.1,1505.9629,6.4401
0.2,0.1,1507.8201,98.4133
0.2,0.1,1509.6774,-377.398
0.2,0.1,1511.5347,-196.4368
0.2,0.1,1513.392,793.1384
0.2,0.1,1515.2493,766.1163
0.2,0.1,1517.1065,839.061
0.2,0.1,1518.9638,202.0753
0.2,0.1,1520.8211,-462.7575
0.2,0.1,1522.6784,-216.7844
0.2,0.1,1524.5357,477.1702
0.2,0.1,1526.393,404.2938
0.2,0.1,1528.2502,682.4081
0.2,0.1,1530.1075,208.9579
0.2,0.1,1531.9648,15.3412
0.2,0.1,1533.8221,915.7326
0.2,0.1,1535.6794,141.8894
0.2,0.1,1537.5367,896.6289
0.2,0.1,1539.3939,128.9923
0.2,0.1,1541.2512,245.8092
0.2,0.1,1543.1085,-214.6709
0.2,0.1,1544.9658,553.3925
0.2,0.1,1546.8231,541.8445
0.2,0.1,1548.6804,980.5852
0.2,0.1,1550.5376,-71.7681
0.2,0.1,1552.3949,943.065
0.2,0.1,1554.2522,-292.9525
0.2,0.1,1556.1095,286.9928
0.2,0.1,1557.9668,671.8444
0.2,0.1,1559.824,-63.7419
0.2,0.1,1561.6813,372.747
0.2,0.1,1563.5386,820.7785
0.2,0.1,1565.3959,727.7137
0.2,0.1,1567.2532,958.0767
0.2,0.1,1569.1105,386.8412
0.2,0.1,1570.9677,1038.5313
0.2,0.1,1572.825,313.7021
0.2,0.1,1574.6823,307.8883
0.2,0.1,1576.5396,1193.7004
0.2,0.1,1578.3969,67.932
0.2,0.1,1580.2542,677.9601
0.2,0.1,1582.1114,602.9346
0.2,0.1,1583.9687,521.0024
0.2,0.1,1585.826,1228.537
0.2,0.1,1587.6833,1083.0485
0.2,0.1,1589.5406,1218.1857
0.2,0.1,1591.3978,891.7333
0.2,0.1,1593.2551,1463.4276
0.2,0.1,1595.1124,1116.0439
0.2,0.1,1596.9697,1654.7573
0.2,0.1,1598.827,2653.9503
0.2,0.1,1600.6843,2505.2891
0.2,0.1,1602.5415,2779.1447
0.2,0.1,1604.3988,4297.8991
0.2,0.1,1606.2561,6036.1633
0.2,0.1,1608.1134,9229.9889
0.2,0.1,1609.9707,14712.4721
0.2,0.1,1611.828,22924.7877
0.2,0.1,1613.6852,29318.9332
0.2,0.1,1615.5425,24793.4784
0.2,0.1,1617.3998,16978.263
0.2,0.1,1619.2571,11432.2637
0.2,0.1,1621.1144,6994.9446
0.2,0.1,1622.9717,5486.5528
0.2,0.1,1624.8289,3438.8716
0.2,0.1,1626.6862,3137.1308
0.2,0.1,1628.5435,3127.6245
0.2,0.1,1630.4008,2570.9797
0.2,0.1,1632.2581,1141.841
0.2,0.1,1634.1153,1356.2458
0.2,0.1,1635.9726,703.1882
0.2,0.1,1637.8299,350.3896
0.2,0.1,1639.6872,291.6468
0.2,0.1,1641.5445,761.7216
0.2,0.1,1643.4018,650.423
0.2,0.1,1645.259,988.9734
0.2,0.1,1647.1163,337.9732
0.2,0.1,1648.9736,1058.8393
0.2,0.1,1650.8309,1264.9663
0.2,0.1,1652.6882,567.1036
0.2,0.1,1654.5455,918.9987
0.2,0.1,1656.4027,-53.8879
0.2,0.1,1658.26,1214.2406
0.2,0.1,1660.1173,825.5172
0.2,0.1,1661.9746,1026.6776
0.2,0.1,1663.8319,980.8795
0.2,0.1,1665.6891,351.0947
0.2,0.1,1667.5464,352.5186
0.2,0.1,1669.4037,1304.9392
0.2,0.1,1671.261,403.8997
0.2,0.1,1673.1183,1130.3547
0.2,0.1,1674.9756,1099.7741
0.2,0.1,1676.8328,678.7777
0.2,0.1,1678.6901,938.1388
0.2,0.1,1680.5474,1070.6975
0.2,0.1,1682.4047,1152.6383
0.2,0.1,1684.262,1965.2897
0.2,0.1,1686.1193,964.6996
0.2,0.1,1687.9765,937.4628
0.2,0.1,1689.8338,1279.9776
0.2,0.1,1691.6911,1094.2119
0.2,0.1,1693.5484,1483.8299
0.2,0.1,1695.4057,1367.3313
0.2,0.1,1697.263,812.8344
0.2,0.1,1699.1202,2638.4062
0.2,0.1,1700.9775,1855.9906
0.2,0.1,1702.8348,2516.4161
0.2,0.1,1704.6921,1938.5535
0.2,0.1,1706.5494,3654.4467
0.2,0.1,1708.4066,3487.9916
0.2,0.1,1710.2639,4352.6478
0.2,0.1,1712.1212,5416.9415
0.2,0.1,1713.9785,6323.1653
0.2,0.1,1715.8358,7800.6954
0.2,0.1,1717.6931,11003.5737
0.2,0.1,1719.5503,16353.2786
0.2,0.1,1721.4076,22645.0439
0.2,0.1,1723.2649,32321.4071
0.2,0.1,1725.1222,40498.7813
0.2,0.1,1726.9795,41074.0556
0.2,0.1,1728.8368,31443.5402
0.2,0.1,1730.694,22311.8831
0.2,0.1,1732.5513,15640.0455
0.2,0.1,1734.4086,10608.8062
0.2,0.1,1736.2659,8093.392
0.2,0.1,1738.1232,6992.9019
0.2,0.1,1739.9804,4924.7655
0.2,0.1,1741.8377,3712.0982
0.2,0.1,1743.695,2670.5754
0.2,0.1,1745.5523,1965.0018
0.2,0.1,1747.4096,2717.3567
0.2,0.1,1749.2669,1875.7428
0.2,0.1,1751.1241,1363.7071
0.2,0.1,1752.9814,1396.0851
0.2,0.1,1754.8387,2154.692
0.2,0.1,1756.696,1062.9091
0.2,0.1,1758.5533,1202.3562
0.2,0.1,1760.4106,1338.7473
0.2,0.1,1762.2678,788.5444
0.2,0.1,1764.1251,487.8337
0.2,0.1,1765.9824,974.0779
0.2,0.1,1767.8397,815.0626
0.2,0.1,1769.697,984.4738
0.2,0.1,1771.5543,977.3372
0.2,0.1,1773.4115,892.2299
0.2,0.1,1775.2688,1124.8767
0.2,0.1,1777.1261,604.5543
0.2,0.1,1778.9834,419.2826
0.2,0.1,1780.8407,494.4007
0.2,0.1,1782.6979,1162.0968
0.2,0.1,1784.5552,632.9654
0.2,0.1,1786.4125,466.5165
0.2,0.1,1788.2698,245.6843
0.2,0.1,1790.1271,228.5473
0.2,0.1,1791.9844,327.7076
0.2,0.1,1793.8416,432.8694
0.2,0.1,1795.6989,1055.3375
0.2,0.1,1797.5562,531.4994
0.2,0.1,1799.4135,1259.3321
0.2,0.1,1801.2708,490.376
0.2,0.1,1803.1281,54.9528
0.2,0.1,1804.9853,566.746
0.2,0.1,1806.8426,886.1976
0.2,0.1,1808.6999,429.8899
0.2,0.1,1810.5572,363.7987
0.2,0.1,1812.4145,24.103
0.2,0.1,1814.2717,294.2462
0.2,0.1,1816.129,648.3431
0.2,0.1,1817.9863,174.3235
0.2,0.1,1819.8436,400.9077
0.2,0.1,1821.7009,630.2191
0.2,0.1,1823.5582,1435.4407
0.2,0.1,1825.4154,431.9181
0.2,0.1,1827.2727,323.7219
0.2,0.1,1829.13,268.4867
0.2,0.1,1830.9873,957.2735
0.2,0.1,1832.8446,715.8669
0.2,0.1,1834.7019,1661.834
0.2,0.1,1836.5591,-356.1635
0.2,0.1,1838.4164,-483.0062
0.2,0.1,1840.2737,610.8068
0.2,0.1,1842.131,-46.271
0.2,0.1,1843.9883,1032.3776
0.2,0.1,1845.8456,166.5677
0.2,0.1,1847.7028,356.7327
0.2,0.1,1849.5601,710.0523
0.2,0.1,1851.4174,72.1079
0.2,0.1,1853.2747,1260.699
0.2,0.1,1855.132,843.2955
0.2,0.1,1856.9892,-42.2965
0.2,0.1,1858.8465,270.2664
0.2,0.1,1860.7038,-63.9552
0.2,0.1,1862.5611,236.0572
0.2,0.1,1864.4184,-259.1523
0.2,0.1,1866.2757,240.2188
0.2,0.1,1868.1329,-58.9068
0.2,0.1,1869.9902,122.5741
0.2,0.1,1871.8475,268.4197
0.2,0.1,1873.7048,142.0793
0.2,0.1,1875.5621,101.0624
0.2,0.1,1877.4194,141.1151
0.2,0.1,1879.2766,14.5626
0.2,0.1,1881.1339,164.8588
0.2,0.1,1882.9912,-90.5389
0.2,0.1,1884.8485,-378.123
0.2,0.1,1886.7058,557.1852
0.2,0.1,1888.563,1596.8767
0.2,0.1,1890.4203,313.3021
0.2,0.1,1892.2776,-425.604
0.2,0.1,1894.1349,707.87
0.2,0.1,1895.9922,-358.2034
0.2,0.1,1897.8495,99.151
0.2,0.1,1899.7067,178.4074
0.2,0.1,1901.564,834.1061
0.2,0.1,1903.4213,346.0886
0.2,0.1,1905.2786,742.509
0.2,0.1,1907.1359,311.8474
0.2,0.1,1908.9932,574.8929
0.2,0.1,1910.8504,234.6963
0.2,0.1,1912.7077,-566.2644
0.2,0.1,1914.565,534.4628
0.2,0.1,1916.4223,142.8183
0.2,0.1,1918.2796,-19.584
0.2,0.1,1920.1369,-101.922
0.2,0.1,1921.9941,366.6663
0.2,0.1,1923.8514,757.8161
0.2,0.1,1925.7087,300.2084
0.2,0.1,1927.566,782.6691
0.2,0.1,1929.4233,1439.3001
0.2,0.1,1931.2805,307.8078
0.2,0.1,1933.1378,157.3457
0.2,0.1,1934.9951,959.5296
0.2,0.1,1936.8524,319.099
0.2,0.1,1938.7097,230.5048
0.2,0.1,1940.567,937.7924
0.2,0.1,1942.4242,354.3705
0.2,0.1,1944.2815,1110.1478
0.2,0.1,1946.1388,407.5571
0.2,0.1,1947.9961,1016.4407
0.2,0.1,1949.8534,77.5825
0.2,0.1,1951.7107,949.2544
0.2,0.1,1953.5679,736.7338
0.2,0.1,1955.4252,-212.9369
0.2,0.1,1957.2825,190.6092
0.2,0.1,1959.1398,261.8997
0.2,0.1,1960.9971,117.099
0.2,0.1,1962.8543,648.4368
0.2,0.1,1964.7116,621.1533
0.2,0.1,1966.5689,27.4971
0.2,0.1,1968.4262,425.2684
0.2,0.1,1970.2835,302.4445
0.2,0.1,1972.1408,292.9641
0.2,0.1,1973.998,59.7183
0.2,0.1,1975.8553,907.4625
0.2,0.1,1977.7126,378.9876
0.2,0.1,1979.5699,-1041.1441
0.2,0.1,1981.4272,466.8991
0.2,0.1,1983.2845,649.9749
0.2,0.1,1985.1417,587.9429
0.2,0.1,1986.999,505.0989
0.2,0.1,1988.8563,232.9156
0.2,0.1,1990.7136,156.2989
0.2,0.1,1992.5709,879.7072
0.2,0.1,1994.4282,407.1196
0.2,0.1,1996.2854,-166.6351
0.2,0.1,1998.1427,89.0177
0.2,0.1,2000.0,990.0423
0.2,0.2,100.0,-11.4522
0.2,0.2,101.8573,618.7853
0.2,0.2,103.7146,290.4112
0.2,0.2,105.5718,1081.2889
0.2,0.2,107.4291,592.1598
0.2,0.2,109.2864,895.2683
0.2,0.2,111.1437,-70.8558
0.2,0.2,113.001,250.2946
0.2,0.2,114.8583,613.296
0.2,0.2,116.7155,389.1323
0.2,0.2,118.5728,763.047
0.2,0.2,120.4301,79.6196
0.2,0.2,122.2874,-211.4126
0.2,0.2,124.1447,849.3752
0.2,0.2,126.002,288.698
0.2,0.2,127.8592,619.5213
0.2,0.2,129.7165,42.8528
0.2,0.2,131.5738,395.7617
0.2,0.2,133.4311,547.5494
0.2,0.2,135.2884,322.1388
0.2,0.2,137.1457,246.1298
0.2,0.2,139.0029,565.425
0.2,0.2,140.8602,334.1676
0.2,0.2,142.7175,201.9823
0.2,0.2,144.5748,290.9249
0.2,0.2,146.4321,871.9281
0.2,0.2,148.2893,426.976
0.2,0.2,150.1466,273.5383
0.2,0.2,152.0039,547.354
0.2,0.2,153.8612,443.4861
0.2,0.2,155.7185,263.3047
0.2,0.2,157.5758,212.6734
0.2,0.2,159.433,-451.7165
0.2,0.2,161.2903,767.2934
0.2,0.2,163.1476,1138.837
0.2,0.2,165.0049,598.4991
0.2,0.2,166.8622,837.7505
0.2,0.2,168.7195,1631.5208
0.2,0.2,170.5767,615.1251
0.2,0.2,172.434,56.5017
0.2,0.2,174.2913,511.1939
0.2,0.2,176.1486,695.1646
0.2,0.2,178.0059,596.6543
0.2,0.2,179.8631,464.2731
0.2,0.2,181.7204,92.3143
0.2,0.2,183.5777,-336.5768
0.2,0.2,185.435,178.42
0.2,0.2,187.2923,360.2883
0.2,0.2,189.1496,353.2499
0.2,0.2,191.0068,954.6182
0.2,0.2,192.8641,572.1566
0.2,0.2,194.7214,512.4955
0.2,0.2,196.5787,509.6882
0.2,0.2,198.436,394.4845
0.2,0.2,200.2933,135.2168
0.2,0.2,202.1505,261.9286
0.2,0.2,204.0078,242.7952
0.2,0.2,205.8651,63.9808
0.2,0.2,207.7224,33.7001
0.2,0.2,209.5797,331.0146
0.2,0.2,211.437,-414.4711
0.2,0.2,213.2942,289.6365
0.2,0.2,215.1515,-185.3155
0.2,0.2,217.0088,288.6798
0.2,0.2,218.8661,356.8403
0.2,0.2,220.7234,436.9397
0.2,0.2,222.5806,670.491
0.2,0.2,224.4379,739.5467
0.2,0.2,226.2952,1174.3854
0.2,0.2,228.1525,213.1176
0.2,0.2,230.0098,177.166
0.2,0.2,231.8671,538.7815
0.2,0.2,233.7243,177.0088
0.2,0.2,235.5816,1124.4918
0.2,0.2,237.4389,245.6874
0.2,0.2,239.2962,-248.3998
0.2,0.2,241.1535,-764.24
0.2,0.2,243.0108,931.9611
0.2,0.2,244.868,-248.0877
0.2,0.2,246.7253,206.2097
0.2,0.2,248.5826,43.4104
0.2,0.2,250.4399,877.8354
0.2,0.2,252.2972,878.6031
0.2,0.2,254.1544,761.4513
0.2,0.2,256.0117,663.9545
0.2,0.2,257.869,140.4913
0.2,0.2,259.7263,190.7685
0.2,0.2,261.5836,2.3991
0.2,0.2,263.4409,344.5405
0.2,0.2,265.2981,-87.8298
0.2,0.2,267.1554,672.2029
0.2,0.2,269.0127,504.24
0.2,0.2,270.87,471.3252
0.2,0.2,272.7273,382.9939
0.2,0.2,274.5846,248.0205
0.2,0.2,276.4418,1132.1284
0.2,0.2,278.2991,889.904
0.2,0.2,280.1564,196.8135
0.2,0.2,282.0137,273.3858
0.2,0.2,283.871,359.448
0.2,0.2,285.7283,-2.5764
0.2,0.2,287.5855,1034.4098
0.2,0.2,289.4428,227.6333
0.2,0.2,291.3001,29.3291
0.2,0.2,293.1574,430.9169
0.2,0.2,295.0147,823.3094
0.2,0.2,296.8719,918.5844
0.2,0.2,298.7292,17.8666
0.2,0.2,300.5865,207.8747
0.2,0.2,302.4438,-142.8301
0.2,0.2,304.3011,173.5344
0.2,0.2,306.1584,817.1689
0.2,0.2,308.0156,10.831
0.2,0.2,309.8729,127.3389
0.2,0.2,311.7302,420.2783
0.2,0.2,313.5875,452.3042
0.2,0.2,315.4448,-140.7778
0.2,0.2,317.3021,392.5255
0.2,0.2,319.1593,-192.5378
0.2,0.2,321.0166,127.3311
0.2,0.2,322.8739,-50.4984
0.2,0.2,324.7312,256.4305
0.2,0.2,326.5885,2.1844
0.2,0.2,328.4457,238.162
0.2,0.2,330.303,-44.9693
0.2,0.2,332.1603,136.0746
0.2,0.2,334.0176,229.0207
0.2,0.2,335.8749,434.7551
0.2,0.2,337.7322,457.464
0.2,0.2,339.5894,453.7032
0.2,0.2,341.4467,175.1923
0.2,0.2,343.304,635.9647
0.2,0.2,345.1613,-46.8792
0.2,0.2,347.0186,399.7911
0.2,0.2,348.8759,-495.9302
0.2,0.2,350.7331,407.6618
0.2,0.2,352.5904,76.2214
0.2,0.2,354.4477,17.4223
0.2,0.2,356.305,-37.099
0.2,0.2,358.1623,-50.1448
0.2,0.2,360.0196,-514.0368
0.2,0.2,361.8768,446.5971
0.2,0.2,363.7341,1257.6829
0.2,0.2,365.5914,-342.7812
0.2,0.2,367.4487,-137.8362
0.2,0.2,369.306,930.9782
0.2,0.2,371.1632,-666.0434
0.2,0.2,373.0205,443.9489
0.2,0.2,374.8778,58.4462
0.2,0.2,376.7351,110.7955
0.2,0.2,378.5924,-180.9666
0.2,0.2,380.4497,164.3232
0.2,0.2,382.3069,376.3445
0.2,0.2,384.1642,0.0873
0.2,0.2,386.0215,326.6243
0.2,0.2,387.8788,131.7237
0.2,0.2,389.7361,-120.7549
0.2,0.2,391.5934,573.6535
0.2,0.2,393.4506,12.1182
0.2,0.2,395.3079,566.6422
0.2,0.2,397.1652,517.0931
0.2,0.2,399.0225,665.8711
0.2,0.2,400.8798,837.6148
0.2,0.2,402.737,353.4373
0.2,0.2,404.5943,316.0253
0.2,0.2,406.4516,350.0669
0.2,0.2,408.3089,237.4536
0.2,0.2,410.1662,-476.7657
0.2,0.2,412.0235,-179.68
0.2,0.2,413.8807,-59.9965
0.2,0.2,415.738,135.753
0.2,0.2,417.5953,569.4043
0.2,0.2,419.4526,-210.9784
0.2,0.2,421.3099,601.3907
0.2,0.2,423.1672,259.4531
0.2,0.2,425.0244,824.9975
0.2,0.2,426.8817,325.9784
0.2,0.2,428.739,-110.3547
0.2,0.2,430.5963,1021.1536
0.2,0.2,432.4536,451.5985
0.2,0.2,434.3109,144.3065
0.2,0.2,436.1681,287.71
0.2,0.2,438.0254,1242.4162
0.2,0.2,439.8827,102.5279
0.2,0.2,441.74,446.8276
0.2,0.2,443.5973,180.3662
0.2,0.2,445.4545,1047.6602
0.2,0.2,447.3118,367.749
0.2,0.2,449.1691,-416.0029
0.2,0.2,451.0264,-197.5176
0.2,0.2,452.8837,789.0448
0.2,0.2,454.741,209.0703
0.2,0.2,456.5982,755.8595
0.2,0.2,458.4555,-18.4288
0.2,0.2,460.3128,1067.5456
0.2,0.2,462.1701,-143.4854
0.2,0.2,464.0274,-496.0797
0.2,0.2,465.8847,565.5056
0.2,0.2,467.7419,343.0538
0.2,0.2,469.5992,148.7419
0.2,0.2,471.4565,755.5058
0.2,0.2,473.3138,725.2923
0.2,0.2,475.1711,700.2225
0.2,0.2,477.0283,-111.3771
0.2,0.2,478.8856,697.6463
0.2,0.2,480.7429,336.0314
0.2,0.2,482.6002,197.5627
0.2,0.2,484.4575,472.2583
0.2,0.2,486.3148,26.5013
0.2,0.2,488.172,1576.1395
0.2,0.2,490.0293,259.2885
0.2,0.2,491.8866,-67.6104
0.2,0.2,493.7439,590.3718
0.2,0.2,495.6012,438.8673
0.2,0.2,497.4585,62.9022
0.2,0.2,499.3157,910.2585
0.2,0.2,501.173,463.7088
0.2,0.2,503.0303,913.8352
0.2,0.2,504.8876,685.6863
0.2,0.2,506.7449,885.397
0.2,0.2,508.6022,-402.5471
0.2,0.2,510.4594,-70.2153
0.2,0.2,512.3167,1520.783
0.2,0.2,514.174,563.5542
0.2,0.2,516.0313,1034.0753
0.2,0.2,517.8886,-162.9304
0.2,0.2,519.7458,-858.0679
0.2,0.2,521.6031,230.4142
0.2,0.2,523.4604,178.9217
0.2,0.2,525.3177,641.0006
0.2,0.2,527.175,-418.9311
0.2,0.2,529.0323,-51.3886
0.2,0.2,530.8895,577.819
0.2,0.2,532.7468,362.5024
0.2,0.2,534.6041,171.1542
0.2,0.2,536.4614,85.3356
0.2,0.2,538.3187,393.8857
0.2,0.2,540.176,678.8756
0.2,0.2,542.0332,584.9938
0.2,0.2,543.8905,335.9501
0.2,0.2,545.7478,129.67
0.2,0.2,547.6051,297.2687
0.2,0.2,549.4624,255.9944
0.2,0.2,551.3196,884.8827
0.2,0.2,553.1769,453.6709
0.2,0.2,555.0342,641.3021
0.2,0.2,556.8915,-763.2784
0.2,0.2,558.7488,442.6758
0.2,0.2,560.6061,651.0769
0.2,0.2,562.4633,289.1206
0.2,0.2,564.3206,252.0559
0.2,0.2,566.1779,335.5557
0.2,0.2,568.0352,168.3817
0.2,0.2,569.8925,216.6561
0.2,0.2,571.7498,312.4413
0.2,0.2,573.607,707.5787
0.2,0.2,575.4643,504.756
0.2,0.2,577.3216,-58.1813
0.2,0.2,579.1789,385.6129
0.2,0.2,581.0362,633.7219
0.2,0.2,582.8935,613.5607
0.2,0.2,584.7507,158.3419
0.2,0.2,586.608,552.3465
0.2,0.2,588.4653,-309.13
0.2,0.2,590.3226,33.4947
0.2,0.2,592.1799,299.532
0.2,0.2,594.0371,-139.8001
0.2,0.2,595.8944,654.4378
0.2,0.2,597.7517,723.8514
0.2,0.2,599.609,165.5525
0.2,0.2,601.4663,548.2046
0.2,0.2,603.3236,111.5189
0.2,0.2,605.1808,997.8883
0.2,0.2,607.0381,-417.3456
0.2,0.2,608.8954,1154.707
0.2,0.2,610.7527,-99.0355
0.2,0.2,612.61,1383.0451
0.2,0.2,614.4673,1087.9033
0.2,0.2,616.3245,530.905
0.2,0.2,618.1818,1085.9766
0.2,0.2,620.0391,1257.0863
0.2,0.2,621.8964,760.1735
0.2,0.2,623.7537,1768.5697
0.2,0.2,625.6109,2838.7205
0.2,0.2,627.4682,4184.1473
0.2,0.2,629.3255,7144.7595
0.2,0.2,631.1828,8459.2736
0.2,0.2,633.0401,7448.9713
0.2,0.2,634.8974,5150.6844
0.2,0.2,636.7546,3468.0628
0.2,0.2,638.6119,2719.2499
0.2,0.2,640.4692,2382.9639
0.2,0.2,642.3265,1076.6554
0.2,0.2,644.1838,1609.2724
0.2,0.2,646.0411,1654.5011
0.2,0.2,647.8983,996.9524
0.2,0.2,649.7556,1092.0296
0.2,0.2,651.6129,518.9756
0.2,0.2,653.4702,687.94
0.2,0.2,655.3275,507.4231
0.2,0.2,657.1848,-360.5103
0.2,0.2,659.042,91.8547
0.2,0.2,660.8993,-53.1614
0.2,0.2,662.7566,870.7343
0.2,0.2,664.6139,867.2319
0.2,0.2,666.4712,426.1914
0.2,0.2,668.3284,950.7479
0.2,0.2,670.1857,318.667
0.2,0.2,672.043,161.1672
0.2,0.2,673.9003,856.3796
0.2,0.2,675.7576,-35.9635
0.2,0.2,677.6149,-58.7511
0.2,0.2,679.4721,852.3635
0.2,0.2,681.3294,418.0085
0.2,0.2,683.1867,450.8755
0.2,0.2,685.044,848.1481
0.2,0.2,686.9013,-202.586
0.2,0.2,688.7586,542.6974
0.2,0.2,690.6158,8.1091
0.2,0.2,692.4731,254.7545
0.2,0.2,694.3304,-153.4823
0.2,0.2,696.1877,-78.3052
0.2,0.2,698.045,1522.3722
0.2,0.2,699.9022,932.5257
0.2,0.2,701.7595,125.3195
0.2,0.2,703.6168,890.0582
0.2,0.2,705.4741,-294.8861
0.2,0.2,707.3314,313.4345
0.2,0.2,709.1887,212.7582
0.2,0.2,711.0459,-168.3758
0.2,0.2,712.9032,169.4223
0.2,0.2,714.7605,345.2214
0.2,0.2,716.6178,-10.0762
0.2,0.2,718.4751,781.5702
0.2,0.2,720.3324,392.4365
0.2,0.2,722.1896,546.8079
0.2,0.2,724.0469,517.3052
0.2,0.2,725.9042,81.5135
0.2,0.2,727.7615,115.2098
0.2,0.2,729.6188,350.439
0.2,0.2,731.4761,564.8621
0.2,0.2,733.3333,-88.5314
0.2,0.2,735.1906,337.1375
0.2,0.2,737.0479,1113.8109
0.2,0.2,738.9052,811.6713
0.2,0.2,740.7625,449.1275
0.2,0.2,742.6197,226.5918
0.2,0.2,744.477,289.502
0.2,0.2,746.3343,-611.7578
0.2,0.2,748.1916,191.9354
0.2,0.2,750.0489,109.5034
0.2,0.2,751.9062,639.9413
0.2,0.2,753.7634,642.0117
0.2,0.2,755.6207,273.3292
0.2,0.2,757.478,150.9276
0.2,0.2,759.3353,468.8148
0.2,0.2,761.1926,223.79
0.2,0.2,763.0499,1244.067
0.2,0.2,764.9071,-106.9907
0.2,0.2,766.7644,-177.5706
0.2,0.2,768.6217,692.5521
0.2,0.2,770.479,201.6378
0.2,0.2,772.3363,422.1408
0.2,0.2,774.1935,875.8203
0.2,0.2,776.0508,454.7423
0.2,0.2,777.9081,-150.559
0.2,0.2,779.7654,503.7657
0.2,0.2,781.6227,1074.0067
0.2,0.2,783.48,575.5913
0.2,0.2,785.3372,301.3777
0.2,0.2,787.1945,121.3859
0.2,0.2,789.0518,116.2425
0.2,0.2,790.9091,994.2263
0.2,0.2,792.7664,445.6879
0.2,0.2,794.6237,1344.1592
0.2,0.2,796.4809,622.5649
0.2,0.2,798.3382,1132.7763
0.2,0.2,800.1955,687.797
0.2,0.2,802.0528,1195.4155
0.2,0.2,803.9101,-26.2186
0.2,0.2,805.7674,270.1058
0.2,0.2,807.6246,453.0457
0.2,0.2,809.4819,281.8536
0.2,0.2,811.3392,771.3981
0.2,0.2,813.1965,-61.2798
0.2,0.2,815.0538,600.3339
0.2,0.2,816.911,613.3385
0.2,0.2,818.7683,555.4412
0.2,0.2,820.6256,1395.8021
0.2,0.2,822.4829,955.6457
0.2,0.2,824.3402,1019.0405
0.2,0.2,826.1975,819.1992
0.2,0.2,828.0547,574.0118
0.2,0.2,829.912,373.5895
0.2,0.2,831.7693,-37.2431
0.2,0.2,833.6266,1732.5076
0.2,0.2,835.4839,884.1573
0.2,0.2,837.3412,912.9852
0.2,0.2,839.1984,763.8957
0.2,0.2,841.0557,1098.0159
0.2,0.2,842.913,1279.4476
0.2,0.2,844.7703,1495.0879
0.2,0.2,846.6276,1985.3639
0.2,0.2,848.4848,1737.4537
0.2,0.2,850.3421,3492.0015
0.2,0.2,852.1994,4617.6592
0.2,0.2,854.0567,6131.4779
0.2,0.2,855.914,8343.9179
0.2,0.2,857.7713,10064.601
0.2,0.2,859.6285,9327.9666
0.2,0.2,861.4858,6691.8869
0.2,0.2,863.3431,3940.1322
0.2,0.2,865.2004,3322.8211
0.2,0.2,867.0577,1934.6293
0.2,0.2,868.915,1820.953
0.2,0.2,870.7722,1748.2443
0.2,0.2,872.6295,908.3613
0.2,0.2,874.4868,630.7719
0.2,0.2,876.3441,287.3886
0.2,0.2,878.2014,328.6968
0.2,0.2,880.0587,372.7326
0.2,0.2,881.9159,996.2189
0.2,0.2,883.7732,869.4622
0.2,0.2,885.6305,506.4356
0.2,0.2,887.4878,502.277
0.2,0.2,889.3451,388.8607
0.2,0.2,891.2023,184.087
0.2,0.2,893.0596,-54.8575
0.2,0.2,894.9169,-33.4108
0.2,0.2,896.7742,828.5716
0.2,0.2,898.6315,546.5304
0.2,0.2,900.4888,434.7129
0.2,0.2,902.346,347.8224
0.2,0.2,904.2033,589.2774
0.2,0.2,906.0606,556.866
0.2,0.2,907.9179,-258.6108
0.2,0.2,909.7752,1024.9876
0.2,0.2,911.6325,-357.7089
0.2,0.2,913.4897,690.2931
0.2,0.2,915.347,98.331
0.2,0.2,917.2043,440.2974
0.2,0.2,919.0616,348.4514
0.2,0.2,920.9189,541.1429
0.2,0.2,922.7761,267.5145
0.2,0.2,924.6334,834.7334
0.2,0.2,926.4907,316.0269
0.2,0.2,928.348,84.1397
0.2,0.2,930.2053,681.9567
0.2,0.2,932.0626,-136.508
0.2,0.2,933.9198,870.3689
0.2,0.2,935.7771,252.5077
0.2,0.2,937.6344,15.0057
0.2,0.2,939.4917,146.2431
0.2,0.2,941.349,360.7409
0.2,0.2,943.2063,603.0471
0.2,0.2,945.0635,641.8027
0.2,0.2,946.9208,919.9699
0.2,0.2,948.7781,468.6358
0.2,0.2,950.6354,605.0285
0.2,0.2,952.4927,334.0691
0.2,0.2,954.35,832.212
0.2,0.2,956.2072,181.7461
0.2,0.2,958.0645,14.4462
0.2,0.2,959.9218,51.9494
0.2,0.2,961.7791,-971.2916
0.2,0.2,963.6364,-219.939
0.2,0.2,965.4936,152.3471
0.2,0.2,967.3509,569.3946
0.2,0.2,969.2082,237.4146
0.2,0.2,971.0655,80.2522
0.2,0.2,972.9228,456.3577
0.2,0.2,974.7801,815.7191
0.2,0.2,976.6373,1002.6609
0.2,0.2,978.4946,682.4909
0.2,0.2,980.3519,-835.9792
0.2,0.2,982.2092,236.5731
0.2,0.2,984.0665,39.5548
0.2,0.2,985.9238,139.3079
0.2,0.2,987.781,205.7108
0.2,0.2,989.6383,102.824
0.2,0.2,991.4956,379.8517
0.2,0.2,993.3529,961.3443
0.2,0.2,995.2102,-667.422
0.2,0.2,997.0674,119.7606
0.2,0.2,998.9247,419.1645
0.2,0.2,1000.782,341.2771
0.2,0.2,1002.6393,-225.8974
0.2,0.2,1004.4966,159.7447
0.2,0.2,1006.3539,724.1316
0.2,0.2,1008.2111,145.2298
0.2,0.2,1010.0684,6.0555
0.2,0.2,1011.9257,540.9128
0.2,0.2,1013.783,291.639
0.2,0.2,1015.6403,1299.4523
0.2,0.2,1017.4976,-179.2531
0.2,0.2,1019.3548,-377.7956
0.2,0.2,1021.2121,848.7122
0.2,0.2,1023.0694,580.0099
0.2,0.2,1024.9267,549.9465
0.2,0.2,1026.784,83.4369
0.2,0.2,1028.6413,453.4478
0.2,0.2,1030.4985,152.6544
0.2,0.2,1032.3558,1048.4425
0.2,0.2,1034.2131,663.0229
0.2,0.2,1036.0704,-295.4854
0.2,0.2,1037.9277,105.6098
0.2,0.2,1039.7849,688.2405
0.2,0.2,1041.6422,688.9279
0.2,0.2,1043.4995,907.0541
0.2,0.2,1045.3568,803.6845
0.2,0.2,1047.2141,481.9832
0.2,0.2,1049.0714,365.1158
0.2,0.2,1050.9286,501.2754
0.2,0.2,1052.7859,438.0557
0.2,0.2,1054.6432,338.339
0.2,0.2,1056.5005,741.7394
0.2,0.2,1058.3578,-556.4508
0.2,0.2,1060.2151,1052.5131
0.2,0.2,1062.0723,610.6181
0.2,0.2,1063.9296,278.5157
0.2,0.2,1065.7869,1136.636
0.2,0.2,1067.6442,452.2955
0.2,0.2,1069.5015,936.6813
0.2,0.2,1071.3587,903.5312
0.2,0.2,1073.216,461.648
0.2,0.2,1075.0733,1189.394
0.2,0.2,1076.9306,1500.1015
0.2,0.2,1078.7879,725.4536
0.2,0.2,1080.6452,2312.7615
0.2,0.2,1082.5024,1971.0306
0.2,0.2,1084.3597,2408.1292
0.2,0.2,1086.217,2703.6117
0.2,0.2,1088.0743,4428.7936
0.2,0.2,1089.9316,5804.0428
0.2,0.2,1091.7889,8653.4198
0.2,0.2,1093.6461,13247.8191
0.2,0.2,1095.5034,16443.6146
0.2,0.2,1097.3607,15204.7505
0.2,0.2,1099.218,10921.266
0.2,0.2,1101.0753,8365.1064
0.2,0.2,1102.9326,5217.846
0.2,0.2,1104.7898,4254.7142
0.2,0.2,1106.6471,4234.609
0.2,0.2,1108.5044,3786.0404
0.2,0.2,1110.3617,5345.8466
0.2,0.2,1112.219,8029.4641
0.2,0.2,1114.0762,11570.1449
0.2,0.2,1115.9335,14550.6421
0.2,0.2,1117.7908,14056.0063
0.2,0.2,1119.6481,11147.8632
0.2,0.2,1121.5054,7109.8432
0.2,0.2,1123.3627,5242.3674
0.2,0.2,1125.2199,2744.5364
0.2,0.2,1127.0772,3142.1584
0.2,0.2,1128.9345,2157.9032
0.2,0.2,1130.7918,1235.1258
0.2,0.2,1132.6491,2140.0712
0.2,0.2,1134.5064,1471.7669
0.2,0.2,1136.3636,1518.2094
0.2,0.2,1138.2209,-191.3427
0.2,0.2,1140.0782,959.0024
0.2,0.2,1141.9355,1248.3632
0.2,0.2,1143.7928,679.9051
0.2,0.2,1145.65,280.6407
0.2,0.2,1147.5073,1321.6352
0.2,0.2,1149.3646,-146.0667
0.2,0.2,1151.2219,874.864
0.2,0.2,1153.0792,549.47
0.2,0.2,1154.9365,-147.7621
0.2,0.2,1156.7937,600.3999
0.2,0.2,1158.651,-303.171
0.2,0.2,1160.5083,405.5574
0.2,0.2,1162.3656,57.059
0.2,0.2,1164.2229,231.8873
0.2,0.2,1166.0802,161.4963
0.2,0.2,1167.9374,-90.1457
0.2,0.2,1169.7947,-159.8419
0.2,0.2,1171.652,803.0525
0.2,0.2,1173.5093,654.0501
0.2,0.2,1175.3666,1147.65
0.2,0.2,1177.2239,55.4617
0.2,0.2,1179.0811,662.2277
0.2,0.2,1180.9384,296.4459
0.2,0.2,1182.7957,752.6858
0.2,0.2,1184.653,594.7452
0.2,0.2,1186.5103,191.6142
0.2,0.2,1188.3675,316.6353
0.2,0.2,1190.2248,836.0022
0.2,0.2,1192.0821,254.3983
0.2,0.2,1193.9394,463.4379
0.2,0.2,1195.7967,279.4714
0.2,0.2,1197.654,-501.5043
0.2,0.2,1199.5112,237.4904
0.2,0.2,1201.3685,499.7656
0.2,0.2,1203.2258,-49.6719
0.2,0.2,1205.0831,100.7542
0.2,0.2,1206.9404,262.9524
0.2,0.2,1208.7977,528.5238
0.2,0.2,1210.6549,786.0219
0.2,0.2,1212.5122,1122.5014
0.2,0.2,1214.3695,-119.9413
0.2,0.2,1216.2268,240.5131
0.2,0.2,1218.0841,275.0257
0.2,0.2,1219.9413,789.3384
0.2,0.2,1221.7986,829.3111
0.2,0.2,1223.6559,795.5882
0.2,0.2,1225.5132,407.5535
0.2,0.2,1227.3705,673.2594
0.2,0.2,1229.2278,832.6232
0.2,0.2,1231.085,33.7457
0.2,0.2,1232.9423,328.9221
0.2,0.2,1234.7996,519.7867
0.2,0.2,1236.6569,800.9926
0.2,0.2,1238.5142,558.6189
0.2,0.2,1240.3715,582.0216
0.2,0.2,1242.2287,1032.0159
0.2,0.2,1244.086,1395.5895
0.2,0.2,1245.9433,405.9671
0.2,0.2,1247.8006,710.0579
0.2,0.2,1249.6579,1036.3396
0.2,0.2,1251.5152,28.4994
0.2,0.2,1253.3724,1340.9282
0.2,0.2,1255.2297,888.2435
0.2,0.2,1257.087,1094.2144
0.2,0.2,1258.9443,387.2748
0.2,0.2,1260.8016,937.5137
0.2,0.2,1262.6588,76.1248
0.2,0.2,1264.5161,1100.4264
0.2,0.2,1266.3734,1707.52
0.2,0.2,1268.2307,2171.8874
0.2,0.2,1270.088,1641.2443
0.2,0.2,1271.9453,1828.5181
0.2,0.2,1273.8025,2600.2491
0.2,0.2,1275.6598,3637.8542
0.2,0.2,1277.5171,4441.8552
0.2,0.2,1279.3744,5387.2295
0.2,0.2,1281.2317,7954.7691
0.2,0.2,1283.089,11143.6065
0.2,0.2,1284.9462,17134.4345
0.2,0.2,1286.8035,23209.8809
0.2,0.2,1288.6608,24253.3192
0.2,0.2,1290.5181,19201.2874
0.2,0.2,1292.3754,13028.4071
0.2,0.2,1294.2326,9559.4309
0.2,0.2,1296.0899,5545.0334
0.2,0.2,1297.9472,5082.8992
0.2,0.2,1299.8045,3814.3835
0.2,0.2,1301.6618,2425.6014
0.2,0.2,1303.5191,2186.5119
0.2,0.2,1305.3763,974.1097
0.2,0.2,1307.2336,2018.5601
0.2,0.2,1309.0909,1840.1707
0.2,0.2,1310.9482,782.5171
0.2,0.2,1312.8055,1587.6958
0.2,0.2,1314.6628,504.9971
0.2,0.2,1316.52,696.8332
0.2,0.2,1318.3773,1682.4795
0.2,0.2,1320.2346,1120.8073
0.2,0.2,1322.0919,567.2529
0.2,0.2,1323.9492,906.9778
0.2,0.2,1325.8065,81.8495
0.2,0.2,1327.6637,653.6552
0.2,0.2,1329.521,810.6972
0.2,0.2,1331.3783,331.8327
0.2,0.2,1333.2356,598.215
0.2,0.2,1335.0929,382.2803
0.2,0.2,1336.9501,358.3582
0.2,0.2,1338.8074,528.8763
0.2,0.2,1340.6647,389.916
0.2,0.2,1342.522,984.3117
0.2,0.2,1344.3793,1071.3889
0.2,0.2,1346.2366,126.4329
0.2,0.2,1348.0938,-104.3258
0.2,0.2,1349.9511,-101.2788
0.2,0.2,1351.8084,4.3824
0.2,0.2,1353.6657,228.7379
0.2,0.2,1355.523,477.4137
0.2,0.2,1357.3803,266.6091
0.2,0.2,1359.2375,-44.4136
0.2,0.2,1361.0948,-108.8829
0.2,0.2,1362.9521,-122.7075
0.2,0.2,1364.8094,1029.6902
0.2,0.2,1366.6667,502.8347
0.2,0.2,1368.5239,848.3013
0.2,0.2,1370.3812,390.8705
0.2,0.2,1372.2385,459.338
0.2,0.2,1374.0958,414.5832
0.2,0.2,1375.9531,758.5906
0.2,0.2,1377.8104,517.0043
0.2,0.2,1379.6676,112.8152
0.2,0.2,1381.5249,-239.0254
0.2,0.2,1383.3822,323.7107
0.2,0.2,1385.2395,-259.4567
0.2,0.2,1387.0968,672.5453
0.2,0.2,1388.9541,633.1039
0.2,0.2,1390.8113,62.9772
0.2,0.2,1392.6686,616.3469
0.2,0.2,1394.5259,298.8022
0.2,0.2,1396.3832,767.8471
0.2,0.2,1398.2405,142.4659
0.2,0.2,1400.0978,-358.1128
0.2,0.2,1401.955,947.7086
0.2,0.2,1403.8123,587.3065
0.2,0.2,1405.6696,184.1982
0.2,0.2,1407.5269,-420.5747
0.2,0.2,1409.3842,89.7262
0.2,0.2,1411.2414,505.9291
0.2,0.2,1413.0987,476.3977
0.2,0.2,1414.956,78.9964
0.2,0.2,1416.8133,-1.8868
0.2,0.2,1418.6706,279.9338
0.2,0.2,1420.5279,-284.5347
0.2,0.2,1422.3851,299.0368
0.2,0.2,1424.2424,173.2933
0.2,0.2,1426.0997,469.1721
0.2,0.2,1427.957,501.5804
0.2,0.2,1429.8143,561.8498
0.2,0.2,1431.6716,-196.0972
0.2,0.2,1433.5288,519.8848
0.2,0.2,1435.3861,138.6274
0.2,0.2,1437.2434,475.2975
0.2,0.2,1439.1007,208.2659
0.2,0.2,1440.958,598.1807
0.2,0.2,1442.8152,566.9397
0.2,0.2,1444.6725,520.6646
0.2,0.2,1446.5298,235.6544
0.2,0.2,1448.3871,1153.1833
0.2,0.2,1450.2444,-50.3033
0.2,0.2,1452.1017,502.7244
0.2,0.2,1453.9589,1032.7373
0.2,0.2,1455.8162,392.1152
0.2,0.2,1457.6735,275.4082
0.2,0.2,1459.5308,-70.3334
0.2,0.2,1461.3881,59.8812
0.2,0.2,1463.2454,-131.1933
0.2,0.2,1465.1026,61.8528
0.2,0.2,1466.9599,1027.0259
0.2,0.2,1468.8172,239.6993
0.2,0.2,1470.6745,894.1781
0.2,0.2,1472.5318,244.6171
0.2,0.2,1474.3891,128.7737
0.2,0.2,1476.2463,410.4408
0.2,0.2,1478.1036,408.6077
0.2,0.2,1479.9609,-87.6611
0.2,0.2,1481.8182,333.9742
0.2,0.2,1483.6755,-240.5876
0.2,0.2,1485.5327,-99.3263
0.2,0.2,1487.39,593.0818
0.2,0.2,1489.2473,1068.5123
0.2,0.2,1491.1046,480.0403
0.2,0.2,1492.9619,823.8419
0.2,0.2,1494.8192,-391.0862
0.2,0.2,1496.6764,-537.3857
0.2,0.2,1498.5337,315.9136
0.2,0.2,1500.391,584.3804
0.2,0.2,1502.2483,387.828
0.2,0.2,1504.1056,228.7796
0.2,0.2,1505.9629,424.8168
0.2,0.2,1507.8201,250.1527
0.2,0.2,1509.6774,-47.3617
0.2,0.2,1511.5347,1199.6071
0.2,0.2,1513.392,150.0231
0.2,0.2,1515.2493,280.4427
0.2,0.2,1517.1065,107.5129
0.2,0.2,1518.9638,548.2224
0.2,0.2,1520.8211,146.491
0.2,0.2,1522.6784,235.2389
0.2,0.2,1524.5357,406.7244
0.2,0.2,1526.393,302.1777
0.2,0.2,1528.2502,99.8503
0.2,0.2,1530.1075,447.4011
0.2,0.2,1531.9648,-278.0265
0.2,0.2,1533.8221,306.711
0.2,0.2,1535.6794,135.816
0.2,0.2,1537.5367,342.7464
0.2,0.2,1539.3939,425.997
0.2,0.2,1541.2512,1235.4619
0.2,0.2,1543.1085,935.8868
0.2,0.2,1544.9658,370.0454
0.2,0.2,1546.8231,456.8696
0.2,0.2,1548.6804,817.1814
0.2,0.2,1550.5376,487.0834
0.2,0.2,1552.3949,956.5428
0.2,0.2,1554.2522,-40.6401
0.2,0.2,1556.1095,300.0122
0.2,0.2,1557.9668,652.8538
0.2,0.2,1559.824,1545.3885
0.2,0.2,1561.6813,823.6254
0.2,0.2,1563.5386,745.0147
0.2,0.2,1565.3959,-267.4071
0.2,0.2,1567.2532,261.1204
0.2,0.2,1569.1105,-166.4313
0.2,0.2,1570.9677,474.1063
0.2,0.2,1572.825,492.2381
0.2,0.2,1574.6823,678.2892
0.2,0.2,1576.5396,435.1615
0.2,0.2,1578.3969,-30.3736
0.2,0.2,1580.2542,677.3854
0.2,0.2,1582.1114,711.7639
0.2,0.2,1583.9687,133.8618
0.2,0.2,1585.826,875.2015
0.2,0.2,1587.6833,900.8263
0.2,0.2,1589.5406,1251.5421
0.2,0.2,1591.3978,1645.7087
0.2,0.2,1593.2551,1162.074
0.2,0.2,1595.1124,1739.6383
0.2,0.2,1596.9697,1424.7201
0.2,0.2,1598.827,2855.6215
0.2,0.2,1600.6843,2604.4905
0.2,0.2,1602.5415,3957.7782
0.2,0.2,1604.3988,5115.7025
0.2,0.2,1606.2561,6499.6337
0.2,0.2,1608.1134,9398.6209
0.2,0.2,1609.9707,14565.292
0.2,0.2,1611.828,23318.6049
0.2,0.2,1613.6852,28657.1969
0.2,0.2,1615.5425,26321.1944
0.2,0.2,1617.3998,17200.4849
0.2,0.2,1619.2571,10681.7098
0.2,0.2,1621.1144,8189.2257
0.2,0.2,1622.9717,6232.1778
0.2,0.2,1624.8289,3876.7888
0.2,0.2,1626.6862,2758.3652
0.2,0.2,1628.5435,2099.9727
0.2,0.2,1630.4008,1680.5697
0.2,0.2,1632.2581,1813.8476
0.2,0.2,1634.1153,1875.1064
0.2,0.2,1635.9726,1685.4671
0.2,0.2,1637.8299,1546.4695
0.2,0.2,1639.6872,572.9465
0.2,0.2,1641.5445,511.6255
0.2,0.2,1643.4018,344.8381
0.2,0.2,1645.259,1724.962
0.2,0.2,1647.1163,1759.887
0.2,0.2,1648.9736,743.6121
0.2,0.2,1650.8309,372.3503
0.2,0.2,1652.6882,793.1994
0.2,0.2,1654.5455,990.8324
0.2,0.2,1656.4027,387.532
0.2,0.2,1658.26,607.3123
0.2,0.2,1660.1173,810.5565
0.2,0.2,1661.9746,891.9014
0.2,0.2,1663.8319,851.6333
0.2,0.2,1665.6891,685.6096
0.2,0.2,1667.5464,801.1276
0.2,0.2,1669.4037,316.7325
0.2,0.2,1671.261,573.5852
0.2,0.2,1673.1183,1573.9046
0.2,0.2,1674.9756,481.3503
0.2,0.2,1676.8328,1010.7068
0.2,0.2,1678.6901,806.0881
0.2,0.2,1680.5474,1383.6798
0.2,0.2,1682.4047,585.8055
0.2,0.2,1684.262,1034.9504
0.2,0.2,1686.1193,1135.5025
0.2,0.2,1687.9765,648.931
0.2,0.2,1689.8338,991.0567
0.2,0.2,1691.6911,1297.8558
0.2,0.2,1693.5484,1196.5845
0.2,0.2,1695.4057,1725.7543
0.2,0.2,1697.263,1009.8993
0.2,0.2,1699.1202,1710.9081
0.2,0.2,1700.9775,1742.9982
0.2,0.2,1702.8348,1951.0563
0.2,0.2,1704.6921,2673.2995
0.2,0.2,1706.5494,2381.9537
0.2,0.2,1708.4066,3318.5948
0.2,0.2,1710.2639,4116.9068
0.2,0.2,1712.1212,5320.8506
0.2,0.2,1713.9785,6312.2858
0.2,0.2,1715.8358,8977.2096
0.2,0.2,1717.6931,11121.0281
0.2,0.2,1719.5503,15484.7175
0.2,0.2,1721.4076,23120.1586
0.2,0.2,1723.2649,32017.3012
0.2,0.2,1725.1222,40100.6567
0.2,0.2,1726.9795,39417.7499
0.2,0.2,1728.8368,30864.2084
0.2,0.2,1730.694,21652.1376
0.2,0.2,1732.5513,15760.814
0.2,0.2,1734.4086,11424.364
0.2,0.2,1736.2659,8102.5501
0.2,0.2,1738.1232,6146.407
0.2,0.2,1739.9804,5503.3052
0.2,0.2,1741.8377,3621.8887
0.2,0.2,1743.695,3378.7735
0.2,0.2,1745.5523,2965.6785
0.2,0.2,1747.4096,2555.4267
0.2,0.2,1749.2669,1622.1592
0.2,0.2,1751.1241,2132.668
0.2,0.2,1752.9814,1631.5167
0.2,0.2,1754.8387,1913.2714
0.2,0.2,1756.696,1432.1685
0.2,0.2,1758.5533,1362.8
0.2,0.2,1760.4106,1097.8396
0.2,0.2,1762.2678,451.3691
0.2,0.2,1764.1251,903.414
0.2,0.2,1765.9824,848.0255
0.2,0.2,1767.8397,929.9078
0.2,0.2,1769.697,964.2263
0.2,0.2,1771.5543,534.042
0.2,0.2,1773.4115,1159.4062
0.2,0.2,1775.2688,1159.5413
0.2,0.2,1777.1261,456.5362
0.2,0.2,1778.9834,427.714
0.2,0.2,1780.8407,547.4982
0.2,0.2,1782.6979,409.2658
0.2,0.2,1784.5552,752.4233
0.2,0.2,1786.4125,679.8269
0.2,0.2,1788.2698,83.8104
0.2,0.2,1790.1271,263.2369
0.2,0.2,1791.9844,510.7351
0.2,0.2,1793.8416,1126.7122
0.2,0.2,1795.6989,799.6454
0.2,0.2,1797.5562,373.6396
0.2,0.2,1799.4135,246.9391
0.2,0.2,1801.2708,164.0895
0.2,0.2,1803.1281,247.0562
0.2,0.2,1804.9853,624.1024
0.2,0.2,1806.8426,475.8875
0.2,0.2,1808.6999,370.0098
0.2,0.2,1810.5572,421.1816
0.2,0.2,1812.4145,487.1769
0.2,0.2,1814.2717,828.1615
0.2,0.2,1816.129,586.7706
0.2,0.2,1817.9863,628.5594
0.2,0.2,1819.8436,523.779
0.2,0.2,1821.7009,336.3711
0.2,0.2,1823.5582,270.3953
0.2,0.2,1825.4154,1409.2073
0.2,0.2,1827.2727,708.4508
0.2,0.2,1829.13,514.4684
0.2,0.2,1830.9873,-20.8312
0.2,0.2,1832.8446,-245.9028
0.2,0.2,1834.7019,63.8391
0.2,0.2,1836.5591,-440.4687
0.2,0.2,1838.4164,721.5528
0.2,0.2,1840.2737,42.1807
0.2,0.2,1842.131,-153.602
0.2,0.2,1843.9883,190.316
0.2,0.2,1845.8456,-156.2245
0.2,0.2,1847.7028,-108.0288
0.2,0.2,1849.5601,1014.5356
0.2,0.2,1851.4174,240.2059
0.2,0.2,1853.2747,95.1068
0.2,0.2,1855.132,1098.6329
0.2,0.2,1856.9892,227.0211
0.2,0.2,1858.8465,580.4057
0.2,0.2,1860.7038,-652.4367
0.2,0.2,1862.5611,124.9156
0.2,0.2,1864.4184,50.1951
0.2,0.2,1866.2757,-225.4254
0.2,0.2,1868.1329,155.2081
0.2,0.2,1869.9902,-136.1136
0.2,0.2,1871.8475,756.0089
0.2,0.2,1873.7048,103.4939
0.2,0.2,1875.5621,755.4224
0.2,0.2,1877.4194,-327.4632
0.2,0.2,1879.2766,536.254
0.2,0.2,1881.1339,820.0238
0.2,0.2,1882.9912,-23.5422
0.2,0.2,1884.8485,1092.6347
0.2,0.2,1886.7058,704.4848
0.2,0.2,1888.563,102.1968
0.2,0.2,1890.4203,256.2616
0.2,0.2,1892.2776,298.3983
0.2,0.2,1894.1349,769.8334
0.2,0.2,1895.9922,105.5089
0.2,0.2,1897.8495,-563.2958
0.2,0.2,1899.7067,551.9723
0.2,0.2,1901.564,-130.245
0.2,0.2,1903.4213,1131.5924
0.2,0.2,1905.2786,447.4539
0.2,0.2,1907.1359,1161.1898
0.2,0.2,1908.9932,103.6685
0.2,0.2,1910.8504,362.2396
0.2,0.2,1912.7077,268.9909
0.2,0.2,1914.565,463.8504
0.2,0.2,1916.4223,47.7559
0.2,0.2,1918.2796,879.6565
0.2,0.2,1920.1369,-152.3922
0.2,0.2,1921.9941,474.1159
0.2,0.2,1923.8514,948.5986
0.2,0.2,1925.7087,509.296
0.2,0.2,1927.566,516.8601
0.2,0.2,1929.4233,-586.3002
0.2,0.2,1931.2805,821.3355
0.2,0.2,1933.1378,335.3329
0.2,0.2,1934.9951,1275.0401
0.2,0.2,1936.8524,877.1076
0.2,0.2,1938.7097,423.249
0.2,0.2,1940.567,229.0801
0.2,0.2,1942.4242,1419.914
0.2,0.2,1944.2815,104.9914
0.2,0.2,1946.1388,756.0301
0.2,0.2,1947.9961,169.7104
0.2,0.2,1949.8534,379.1697
0.2,0.2,1951.7107,-96.6261
0.2,0.2,1953.5679,56.9877
0.2,0.2,1955.4252,495.4386
0.2,0.2,1957.2825,700.7511
0.2,0.2,1959.1398,452.4529
0.2,0.2,1960.9971,194.1932
0.2,0.2,1962.8543,392.2539
0.2,0.2,1964.7116,58.3914
0.2,0.2,1966.5689,658.2198
0.2,0.2,1968.4262,-35.0263
0.2,0.2,1970.2835,-212.0846
0.2,0.2,1972.1408,658.3538
0.2,0.2,1973.998,848.9261
0.2,0.2,1975.8553,-62.2854
0.2,0.2,1977.7126,206.1086
0.2,0.2,1979.5699,87.6004
0.2,0.2,1981.4272,32.7411
0.2,0.2,1983.2845,167.4351
0.2,0.2,1985.1417,709.2513
0.2,0.2,1986.999,310.9925
0.2,0.2,1988.8563,579.4828
0.2,0.2,1990.7136,-157.889
0.2,0.2,1992.5709,310.5151
0.2,0.2,1994.4282,732.6523
0.2,0.2,1996.2854,69.8236
0.2,0.2,1998.1427,517.8467
0.2,0.2,2000.0,418.2015
