# laser_power_pct,40
# exposure_time,0.5
# mode,kinetic
frame_index,pixel,intensity
0,0,653
0,1,653
0,2,658
0,3,659
0,4,659
0,5,654
0,6,655
0,7,657
0,8,659
0,9,660
0,10,670
0,11,663
0,12,650
0,13,658
0,14,651
0,15,655
0,16,651
0,17,652
0,18,662
0,19,649
0,20,650
0,21,657
0,22,656
0,23,651
0,24,651
0,25,656
0,26,657
0,27,652
0,28,674
0,29,666
0,30,656
0,31,655
0,32,643
0,33,647
0,34,648
0,35,652
0,36,654
0,37,656
0,38,655
0,39,661
0,40,647
0,41,648
0,42,645
0,43,655
0,44,659
0,45,651
0,46,664
0,47,657
0,48,650
0,49,662
0,50,650
0,51,655
0,52,654
0,53,662
0,54,654
0,55,654
0,56,653
0,57,653
0,58,652
0,59,653
0,60,654
0,61,655
0,62,654
0,63,659
0,64,671
0,65,657
0,66,667
0,67,668
0,68,661
0,69,660
0,70,655
0,71,651
0,72,670
0,73,659
0,74,657
0,75,653
0,76,655
0,77,653
0,78,659
0,79,663
0,80,659
0,81,654
0,82,659
0,83,657
0,84,654
0,85,658
0,86,663
0,87,656
0,88,650
0,89,652
0,90,654
0,91,653
0,92,660
0,93,655
0,94,658
0,95,654
0,96,661
0,97,666
0,98,661
0,99,663
0,100,659
0,101,666
0,102,667
0,103,681
0,104,670
0,105,670
0,106,663
0,107,668
0,108,666
0,109,658
0,110,666
0,111,670
0,112,672
0,113,664
0,114,666
0,115,662
0,116,658
0,117,660
0,118,662
0,119,668
0,120,650
0,121,659
0,122,661
0,123,661
0,124,671
0,125,662
0,126,651
0,127,664
0,128,679
0,129,661
0,130,668
0,131,671
0,132,664
0,133,665
0,134,668
0,135,673
0,136,664
0,137,665
0,138,669
0,139,658
0,140,666
0,141,667
0,142,666
0,143,662
0,144,666
0,145,658
0,146,656
0,147,664
0,148,670
0,149,663
0,150,662
0,151,662
0,152,660
0,153,662
0,154,668
0,155,665
0,156,654
0,157,668
0,158,662
0,159,660
0,160,662
0,161,672
0,162,662
0,163,665
0,164,662
0,165,658
0,166,655
0,167,658
0,168,661
0,169,659
0,170,660
0,171,661
0,172,648
0,173,670
0,174,655
0,175,665
0,176,655
0,177,662
0,178,665
0,179,673
0,180,659
0,181,664
0,182,660
0,183,662
0,184,666
0,185,662
0,186,665
0,187,664
0,188,681
0,189,665
0,190,667
0,191,659
0,192,656
0,193,660
0,194,653
0,195,660
0,196,659
0,197,658
0,198,663
0,199,663
0,200,663
0,201,663
0,202,655
0,203,656
0,204,666
0,205,661
0,206,665
0,207,659
0,208,663
0,209,664
0,210,652
0,211,653
0,212,664
0,213,665
0,214,660
0,215,664
0,216,659
0,217,660
0,218,662
0,219,664
0,220,663
0,221,663
0,222,657
0,223,658
0,224,659
0,225,667
0,226,670
0,227,663
0,228,659
0,229,657
0,230,666
0,231,677
0,232,665
0,233,664
0,234,661
0,235,664
0,236,666
0,237,667
0,238,666
0,239,657
0,240,668
0,241,652
0,242,659
0,243,654
0,244,665
0,245,660
0,246,674
0,247,665
0,248,659
0,249,664
0,250,664
0,251,666
0,252,666
0,253,656
0,254,660
0,255,664
0,256,662
0,257,657
0,258,665
0,259,664
0,260,659
0,261,659
0,262,658
0,263,666
0,264,660
0,265,661
0,266,660
0,267,664
0,268,657
0,269,676
0,270,669
0,271,653
0,272,669
0,273,659
0,274,666
0,275,664
0,276,658
0,277,672
0,278,665
0,279,662
0,280,658
0,281,660
0,282,661
0,283,662
0,284,667
0,285,657
0,286,657
0,287,664
0,288,652
0,289,659
0,290,662
0,291,658
0,292,664
0,293,659
0,294,663
0,295,671
0,296,658
0,297,659
0,298,659
0,299,663
0,300,658
0,301,664
0,302,668
0,303,661
0,304,660
0,305,665
0,306,652
0,307,662
0,308,668
0,309,657
0,310,663
0,311,659
0,312,666
0,313,660
0,314,662
0,315,662
0,316,653
0,317,659
0,318,652
0,319,663
0,320,661
0,321,660
0,322,659
0,323,660
0,324,668
0,325,660
0,326,659
0,327,665
0,328,663
0,329,666
0,330,668
0,331,664
0,332,665
0,333,666
0,334,656
0,335,656
0,336,668
0,337,665
0,338,665
0,339,673
0,340,658
0,341,662
0,342,664
0,343,662
0,344,662
0,345,666
0,346,657
0,347,662
0,348,665
0,349,665
0,350,670
0,351,659
0,352,660
0,353,660
0,354,664
0,355,658
0,356,659
0,357,661
0,358,660
0,359,662
0,360,659
0,361,662
0,362,667
0,363,656
0,364,658
0,365,669
0,366,671
0,367,659
0,368,651
0,369,669
0,370,665
0,371,661
0,372,666
0,373,667
0,374,664
0,375,662
0,376,655
0,377,664
0,378,666
0,379,652
0,380,661
0,381,668
0,382,663
0,383,664
0,384,668
0,385,663
0,386,661
0,387,660
0,388,664
0,389,661
0,390,653
0,391,680
0,392,660
0,393,660
0,394,665
0,395,659
0,396,660
0,397,666
0,398,661
0,399,678
0,400,668
0,401,659
0,402,665
0,403,661
0,404,667
0,405,662
0,406,661
0,407,668
0,408,656
0,409,663
0,410,670
0,411,662
0,412,665
0,413,662
0,414,667
0,415,669
0,416,658
0,417,658
0,418,659
0,419,665
0,420,666
0,421,666
0,422,654
0,423,663
0,424,660
0,425,657
0,426,663
0,427,658
0,428,663
0,429,664
0,430,664
0,431,656
0,432,664
0,433,654
0,434,662
0,435,664
0,436,660
0,437,661
0,438,663
0,439,659
0,440,659
0,441,662
0,442,657
0,443,664
0,444,660
0,445,657
0,446,661
0,447,660
0,448,670
0,449,662
0,450,660
0,451,664
0,452,659
0,453,658
0,454,661
0,455,665
0,456,670
0,457,658
0,458,668
0,459,669
0,460,673
0,461,664
0,462,659
0,463,667
0,464,667
0,465,664
0,466,662
0,467,662
0,468,666
0,469,673
0,470,661
0,471,662
0,472,667
0,473,661
0,474,664
0,475,663
0,476,664
0,477,661
0,478,666
0,479,668
0,480,667
0,481,664
0,482,664
0,483,669
0,484,667
0,485,669
0,486,668
0,487,678
0,488,672
0,489,664
0,490,670
0,491,667
0,492,672
0,493,664
0,494,661
0,495,658
0,496,660
0,497,674
0,498,667
0,499,663
0,500,664
0,501,659
0,502,661
0,503,657
0,504,663
0,505,664
0,506,663
0,507,663
0,508,659
0,509,664
0,510,675
0,511,667
0,512,667
0,513,665
0,514,672
0,515,669
0,516,660
0,517,660
0,518,668
0,519,659
0,520,662
0,521,676
0,522,660
0,523,660
0,524,664
0,525,657
0,526,671
0,527,661
0,528,665
0,529,661
0,530,669
0,531,665
0,532,663
0,533,661
0,534,664
0,535,664
0,536,661
0,537,664
0,538,661
0,539,666
0,540,656
0,541,659
0,542,661
0,543,667
0,544,672
0,545,671
0,546,677
0,547,665
0,548,675
0,549,679
0,550,666
0,551,670
0,552,672
0,553,669
0,554,670
0,555,688
0,556,674
0,557,677
0,558,676
0,559,674
0,560,666
0,561,681
0,562,672
0,563,678
0,564,657
0,565,669
0,566,665
0,567,664
0,568,675
0,569,661
0,570,659
0,571,663
0,572,673
0,573,670
0,574,677
0,575,665
0,576,672
0,577,661
0,578,664
0,579,667
0,580,670
0,581,666
0,582,677
0,583,668
0,584,672
0,585,667
0,586,662
0,587,671
0,588,668
0,589,663
0,590,664
0,591,660
0,592,662
0,593,674
0,594,669
0,595,664
0,596,662
0,597,668
0,598,671
0,599,677
0,600,654
0,601,669
0,602,659
0,603,662
0,604,662
0,605,660
0,606,661
0,607,669
0,608,669
0,609,661
0,610,653
0,611,662
0,612,667
0,613,672
0,614,653
0,615,668
0,616,659
0,617,664
0,618,662
0,619,663
0,620,659
0,621,669
0,622,661
0,623,664
0,624,662
0,625,658
0,626,669
0,627,665
0,628,660
0,629,665
0,630,659
0,631,670
0,632,667
0,633,665
0,634,670
0,635,661
0,636,661
0,637,659
0,638,656
0,639,665
0,640,664
0,641,666
0,642,668
0,643,665
0,644,663
0,645,664
0,646,663
0,647,665
0,648,664
0,649,670
0,650,666
0,651,665
0,652,665
0,653,666
0,654,665
0,655,665
0,656,667
0,657,662
0,658,659
0,659,661
0,660,663
0,661,667
0,662,673
0,663,667
0,664,663
0,665,665
0,666,662
0,667,658
0,668,654
0,669,663
0,670,661
0,671,658
0,672,658
0,673,663
0,674,656
0,675,655
0,676,656
0,677,669
0,678,681
0,679,673
0,680,663
0,681,667
0,682,656
0,683,659
0,684,668
0,685,662
0,686,665
0,687,668
0,688,666
0,689,659
0,690,662
0,691,652
0,692,662
0,693,664
0,694,665
0,695,661
0,696,664
0,697,667
0,698,669
0,699,664
0,700,657
0,701,662
0,702,656
0,703,660
0,704,667
0,705,662
0,706,664
0,707,656
0,708,654
0,709,668
0,710,661
0,711,669
0,712,662
0,713,655
0,714,660
0,715,658
0,716,662
0,717,656
0,718,662
0,719,674
0,720,667
0,721,661
0,722,674
0,723,659
0,724,670
0,725,662
0,726,655
0,727,660
0,728,666
0,729,665
0,730,660
0,731,673
0,732,653
0,733,665
0,734,658
0,735,658
0,736,660
0,737,663
0,738,659
0,739,663
0,740,657
0,741,656
0,742,663
0,743,661
0,744,665
0,745,660
0,746,665
0,747,668
0,748,665
0,749,665
0,750,663
0,751,656
0,752,656
0,753,659
0,754,660
0,755,667
0,756,667
0,757,664
0,758,665
0,759,660
0,760,668
0,761,654
0,762,665
0,763,660
0,764,659
0,765,664
0,766,660
0,767,660
0,768,660
0,769,657
0,770,660
0,771,653
0,772,666
0,773,653
0,774,657
0,775,663
0,776,662
0,777,664
0,778,662
0,779,665
0,780,658
0,781,671
0,782,667
0,783,657
0,784,656
0,785,653
0,786,668
0,787,665
0,788,654
0,789,668
0,790,656
0,791,668
0,792,668
0,793,663
0,794,664
0,795,669
0,796,662
0,797,659
0,798,660
0,799,661
0,800,662
0,801,660
0,802,659
0,803,661
0,804,660
0,805,655
0,806,663
0,807,653
0,808,662
0,809,658
0,810,663
0,811,661
0,812,671
0,813,660
0,814,651
0,815,666
0,816,666
0,817,658
0,818,663
0,819,670
0,820,667
0,821,657
0,822,653
0,823,666
0,824,661
0,825,660
0,826,667
0,827,665
0,828,653
0,829,659
0,830,665
0,831,656
0,832,664
0,833,662
0,834,661
0,835,663
0,836,664
0,837,663
0,838,669
0,839,669
0,840,659
0,841,653
0,842,664
0,843,654
0,844,666
0,845,664
0,846,660
0,847,663
0,848,652
0,849,656
0,850,656
0,851,660
0,852,664
0,853,657
0,854,662
0,855,660
0,856,664
0,857,671
0,858,661
0,859,663
0,860,652
0,861,662
0,862,654
0,863,669
0,864,662
0,865,659
0,866,659
0,867,655
0,868,662
0,869,662
0,870,662
0,871,666
0,872,655
0,873,659
0,874,664
0,875,652
0,876,675
0,877,659
0,878,664
0,879,661
0,880,657
0,881,659
0,882,656
0,883,660
0,884,658
0,885,661
0,886,661
0,887,663
0,888,654
0,889,661
0,890,664
0,891,651
0,892,659
0,893,657
0,894,653
0,895,655
0,896,655
0,897,666
0,898,666
0,899,658
0,900,663
0,901,659
0,902,663
0,903,657
0,904,667
0,905,662
0,906,661
0,907,653
0,908,655
0,909,660
0,910,649
0,911,661
0,912,662
0,913,659
0,914,660
0,915,660
0,916,661
0,917,667
0,918,662
0,919,668
0,920,666
0,921,656
0,922,657
0,923,662
0,924,663
0,925,659
0,926,653
0,927,669
0,928,660
0,929,666
0,930,660
0,931,661
0,932,662
0,933,659
0,934,663
0,935,661
0,936,657
0,937,664
0,938,659
0,939,652
0,940,662
0,941,655
0,942,659
0,943,660
0,944,670
0,945,652
0,946,663
0,947,655
0,948,661
0,949,663
0,950,656
0,951,659
0,952,656
0,953,662
0,954,653
0,955,667
0,956,663
0,957,658
0,958,665
0,959,668
0,960,668
0,961,660
0,962,659
0,963,655
0,964,659
0,965,664
0,966,659
0,967,650
0,968,660
0,969,658
0,970,659
0,971,669
0,972,656
0,973,667
0,974,663
0,975,667
0,976,661
0,977,657
0,978,658
0,979,657
0,980,661
0,981,659
0,982,660
0,983,667
0,984,666
0,985,653
0,986,661
0,987,660
0,988,663
0,989,663
0,990,661
0,991,655
0,992,672
0,993,663
0,994,667
0,995,661
0,996,666
0,997,668
0,998,653
0,999,658
0,1000,654
0,1001,661
0,1002,658
0,1003,657
0,1004,660
0,1005,659
0,1006,666
0,1007,655
0,1008,659
0,1009,662
0,1010,662
0,1011,659
0,1012,666
0,1013,658
0,1014,655
0,1015,655
0,1016,650
0,1017,658
0,1018,657
0,1019,665
0,1020,653
0,1021,654
0,1022,660
0,1023,661
1,0,658
1,1,652
1,2,658
1,3,658
1,4,658
1,5,656
1,6,659
1,7,650
1,8,655
1,9,655
1,10,665
1,11,665
1,12,655
1,13,659
1,14,653
1,15,653
1,16,663
1,17,654
1,18,652
1,19,652
1,20,658
1,21,654
1,22,654
1,23,667
1,24,657
1,25,651
1,26,657
1,27,652
1,28,654
1,29,661
1,30,651
1,31,655
1,32,658
1,33,651
1,34,645
1,35,654
1,36,656
1,37,652
1,38,655
1,39,649
1,40,654
1,41,658
1,42,659
1,43,649
1,44,654
1,45,651
1,46,665
1,47,655
1,48,653
1,49,661
1,50,652
1,51,663
1,52,656
1,53,653
1,54,653
1,55,651
1,56,652
1,57,649
1,58,655
1,59,658
1,60,660
1,61,653
1,62,661
1,63,663
1,64,675
1,65,661
1,66,671
1,67,668
1,68,667
1,69,670
1,70,657
1,71,654
1,72,673
1,73,651
1,74,656
1,75,661
1,76,658
1,77,657
1,78,666
1,79,660
1,80,666
1,81,656
1,82,664
1,83,662
1,84,651
1,85,655
1,86,656
1,87,659
1,88,649
1,89,657
1,90,648
1,91,656
1,92,666
1,93,652
1,94,659
1,95,655
1,96,658
1,97,655
1,98,658
1,99,661
1,100,663
1,101,667
1,102,655
1,103,674
1,104,670
1,105,658
1,106,665
1,107,667
1,108,669
1,109,669
1,110,668
1,111,675
1,112,663
1,113,659
1,114,666
1,115,664
1,116,660
1,117,669
1,118,655
1,119,660
1,120,667
1,121,665
1,122,663
1,123,659
1,124,660
1,125,665
1,126,661
1,127,664
1,128,663
1,129,662
1,130,660
1,131,661
1,132,658
1,133,667
1,134,666
1,135,670
1,136,658
1,137,668
1,138,661
1,139,659
1,140,663
1,141,674
1,142,658
1,143,660
1,144,670
1,145,661
1,146,662
1,147,665
1,148,659
1,149,663
1,150,666
1,151,662
1,152,662
1,153,665
1,154,655
1,155,667
1,156,664
1,157,666
1,158,664
1,159,659
1,160,659
1,161,663
1,162,663
1,163,661
1,164,664
1,165,659
1,166,652
1,167,665
1,168,657
1,169,661
1,170,667
1,171,668
1,172,655
1,173,663
1,174,661
1,175,655
1,176,660
1,177,661
1,178,667
1,179,673
1,180,663
1,181,663
1,182,663
1,183,665
1,184,665
1,185,660
1,186,656
1,187,664
1,188,678
1,189,659
1,190,654
1,191,665
1,192,657
1,193,659
1,194,657
1,195,660
1,196,667
1,197,665
1,198,666
1,199,663
1,200,660
1,201,653
1,202,660
1,203,660
1,204,657
1,205,667
1,206,658
1,207,667
1,208,657
1,209,666
1,210,663
1,211,665
1,212,663
1,213,661
1,214,658
1,215,664
1,216,663
1,217,664
1,218,673
1,219,655
1,220,656
1,221,655
1,222,669
1,223,660
1,224,666
1,225,667
1,226,656
1,227,656
1,228,655
1,229,657
1,230,666
1,231,669
1,232,667
1,233,650
1,234,664
1,235,666
1,236,662
1,237,662
1,238,660
1,239,660
1,240,662
1,241,659
1,242,658
1,243,655
1,244,668
1,245,665
1,246,674
1,247,655
1,248,664
1,249,668
1,250,657
1,251,663
1,252,664
1,253,652
1,254,677
1,255,662
1,256,661
1,257,661
1,258,662
1,259,660
1,260,660
1,261,667
1,262,666
1,263,664
1,264,668
1,265,655
1,266,660
1,267,658
1,268,667
1,269,685
1,270,666
1,271,659
1,272,665
1,273,670
1,274,669
1,275,664
1,276,661
1,277,660
1,278,666
1,279,648
1,280,659
1,281,669
1,282,659
1,283,663
1,284,671
1,285,661
1,286,659
1,287,651
1,288,663
1,289,662
1,290,655
1,291,658
1,292,668
1,293,659
1,294,656
1,295,671
1,296,659
1,297,668
1,298,664
1,299,657
1,300,664
1,301,657
1,302,656
1,303,661
1,304,654
1,305,668
1,306,665
1,307,664
1,308,667
1,309,661
1,310,663
1,311,669
1,312,660
1,313,660
1,314,665
1,315,657
1,316,656
1,317,658
1,318,662
1,319,663
1,320,670
1,321,667
1,322,659
1,323,660
1,324,665
1,325,658
1,326,655
1,327,667
1,328,670
1,329,667
1,330,661
1,331,658
1,332,663
1,333,658
1,334,665
1,335,662
1,336,663
1,337,663
1,338,666
1,339,679
1,340,663
1,341,660
1,342,657
1,343,663
1,344,664
1,345,660
1,346,658
1,347,665
1,348,664
1,349,665
1,350,659
1,351,667
1,352,652
1,353,661
1,354,660
1,355,674
1,356,669
1,357,658
1,358,653
1,359,658
1,360,663
1,361,666
1,362,665
1,363,655
1,364,665
1,365,669
1,366,672
1,367,664
1,368,665
1,369,666
1,370,668
1,371,666
1,372,658
1,373,656
1,374,661
1,375,656
1,376,670
1,377,656
1,378,659
1,379,661
1,380,662
1,381,660
1,382,668
1,383,659
1,384,663
1,385,660
1,386,668
1,387,661
1,388,668
1,389,657
1,390,660
1,391,662
1,392,656
1,393,660
1,394,666
1,395,657
1,396,655
1,397,667
1,398,662
1,399,667
1,400,681
1,401,662
1,402,673
1,403,666
1,404,669
1,405,659
1,406,659
1,407,660
1,408,659
1,409,664
1,410,667
1,411,667
1,412,666
1,413,659
1,414,672
1,415,659
1,416,659
1,417,657
1,418,655
1,419,654
1,420,661
1,421,663
1,422,664
1,423,660
1,424,654
1,425,664
1,426,664
1,427,660
1,428,662
1,429,662
1,430,656
1,431,660
1,432,660
1,433,653
1,434,669
1,435,659
1,436,662
1,437,661
1,438,656
1,439,660
1,440,661
1,441,666
1,442,665
1,443,671
1,444,667
1,445,662
1,446,662
1,447,667
1,448,659
1,449,660
1,450,664
1,451,661
1,452,666
1,453,667
1,454,664
1,455,668
1,456,668
1,457,667
1,458,665
1,459,678
1,460,657
1,461,661
1,462,670
1,463,669
1,464,663
1,465,668
1,466,668
1,467,651
1,468,665
1,469,673
1,470,653
1,471,657
1,472,663
1,473,662
1,474,661
1,475,666
1,476,661
1,477,665
1,478,666
1,479,667
1,480,659
1,481,658
1,482,660
1,483,655
1,484,662
1,485,663
1,486,672
1,487,661
1,488,657
1,489,669
1,490,660
1,491,666
1,492,667
1,493,672
1,494,659
1,495,670
1,496,664
1,497,668
1,498,669
1,499,665
1,500,667
1,501,663
1,502,666
1,503,670
1,504,661
1,505,669
1,506,658
1,507,666
1,508,659
1,509,661
1,510,678
1,511,667
1,512,665
1,513,679
1,514,660
1,515,663
1,516,658
1,517,663
1,518,655
1,519,663
1,520,673
1,521,666
1,522,667
1,523,664
1,524,652
1,525,655
1,526,668
1,527,671
1,528,658
1,529,655
1,530,671
1,531,667
1,532,664
1,533,664
1,534,660
1,535,663
1,536,673
1,537,666
1,538,668
1,539,662
1,540,664
1,541,655
1,542,675
1,543,660
1,544,668
1,545,667
1,546,664
1,547,674
1,548,671
1,549,679
1,550,674
1,551,670
1,552,679
1,553,671
1,554,666
1,555,676
1,556,677
1,557,676
1,558,683
1,559,677
1,560,669
1,561,675
1,562,689
1,563,680
1,564,678
1,565,668
1,566,666
1,567,671
1,568,672
1,569,669
1,570,678
1,571,669
1,572,672
1,573,668
1,574,675
1,575,675
1,576,668
1,577,670
1,578,660
1,579,665
1,580,673
1,581,663
1,582,672
1,583,671
1,584,663
1,585,667
1,586,670
1,587,665
1,588,669
1,589,666
1,590,672
1,591,667
1,592,666
1,593,677
1,594,673
1,595,663
1,596,670
1,597,664
1,598,668
1,599,669
1,600,672
1,601,660
1,602,669
1,603,659
1,604,659
1,605,668
1,606,660
1,607,668
1,608,670
1,609,670
1,610,659
1,611,664
1,612,658
1,613,660
1,614,662
1,615,658
1,616,660
1,617,662
1,618,663
1,619,667
1,620,664
1,621,670
1,622,656
1,623,671
1,624,667
1,625,657
1,626,659
1,627,661
1,628,659
1,629,662
1,630,662
1,631,658
1,632,656
1,633,660
1,634,660
1,635,658
1,636,668
1,637,665
1,638,665
1,639,660
1,640,667
1,641,664
1,642,662
1,643,659
1,644,678
1,645,660
1,646,662
1,647,664
1,648,664
1,649,668
1,650,677
1,651,668
1,652,660
1,653,655
1,654,668
1,655,662
1,656,654
1,657,661
1,658,657
1,659,661
1,660,659
1,661,668
1,662,666
1,663,657
1,664,664
1,665,662
1,666,659
1,667,656
1,668,665
1,669,665
1,670,663
1,671,662
1,672,668
1,673,662
1,674,674
1,675,657
1,676,665
1,677,661
1,678,676
1,679,663
1,680,667
1,681,667
1,682,661
1,683,662
1,684,659
1,685,660
1,686,661
1,687,662
1,688,664
1,689,670
1,690,662
1,691,657
1,692,663
1,693,660
1,694,661
1,695,659
1,696,658
1,697,659
1,698,659
1,699,661
1,700,652
1,701,659
1,702,658
1,703,659
1,704,658
1,705,664
1,706,659
1,707,661
1,708,665
1,709,650
1,710,654
1,711,667
1,712,658
1,713,657
1,714,666
1,715,658
1,716,651
1,717,660
1,718,663
1,719,665
1,720,656
1,721,652
1,722,668
1,723,661
1,724,667
1,725,668
1,726,661
1,727,658
1,728,665
1,729,665
1,730,657
1,731,666
1,732,667
1,733,669
1,734,667
1,735,664
1,736,661
1,737,659
1,738,667
1,739,670
1,740,669
1,741,653
1,742,662
1,743,665
1,744,663
1,745,656
1,746,663
1,747,665
1,748,667
1,749,666
1,750,658
1,751,663
1,752,661
1,753,649
1,754,665
1,755,658
1,756,667
1,757,667
1,758,661
1,759,660
1,760,666
1,761,667
1,762,659
1,763,661
1,764,662
1,765,651
1,766,659
1,767,656
1,768,659
1,769,656
1,770,660
1,771,661
1,772,648
1,773,660
1,774,654
1,775,660
1,776,662
1,777,661
1,778,661
1,779,659
1,780,662
1,781,662
1,782,664
1,783,658
1,784,663
1,785,665
1,786,667
1,787,660
1,788,660
1,789,663
1,790,658
1,791,669
1,792,661
1,793,663
1,794,662
1,795,668
1,796,653
1,797,659
1,798,670
1,799,661
1,800,663
1,801,653
1,802,659
1,803,666
1,804,657
1,805,658
1,806,663
1,807,653
1,808,660
1,809,653
1,810,661
1,811,662
1,812,658
1,813,653
1,814,662
1,815,664
1,816,662
1,817,655
1,818,662
1,819,663
1,820,660
1,821,658
1,822,663
1,823,666
1,824,659
1,825,663
1,826,667
1,827,668
1,828,670
1,829,666
1,830,659
1,831,662
1,832,652
1,833,657
1,834,655
1,835,651
1,836,662
1,837,663
1,838,656
1,839,665
1,840,656
1,841,661
1,842,660
1,843,667
1,844,655
1,845,660
1,846,659
1,847,660
1,848,664
1,849,657
1,850,662
1,851,661
1,852,662
1,853,667
1,854,659
1,855,663
1,856,657
1,857,666
1,858,654
1,859,658
1,860,661
1,861,662
1,862,659
1,863,669
1,864,659
1,865,661
1,866,668
1,867,657
1,868,659
1,869,665
1,870,669
1,871,662
1,872,670
1,873,661
1,874,669
1,875,653
1,876,679
1,877,661
1,878,653
1,879,660
1,880,661
1,881,664
1,882,667
1,883,655
1,884,656
1,885,657
1,886,663
1,887,663
1,888,657
1,889,658
1,890,657
1,891,656
1,892,660
1,893,659
1,894,662
1,895,662
1,896,656
1,897,652
1,898,661
1,899,654
1,900,655
1,901,664
1,902,665
1,903,664
1,904,665
1,905,667
1,906,655
1,907,661
1,908,663
1,909,661
1,910,657
1,911,655
1,912,661
1,913,656
1,914,657
1,915,656
1,916,664
1,917,661
1,918,657
1,919,662
1,920,660
1,921,654
1,922,657
1,923,652
1,924,661
1,925,651
1,926,654
1,927,661
1,928,660
1,929,656
1,930,656
1,931,663
1,932,661
1,933,662
1,934,670
1,935,660
1,936,664
1,937,662
1,938,663
1,939,654
1,940,657
1,941,661
1,942,660
1,943,662
1,944,666
1,945,662
1,946,662
1,947,656
1,948,665
1,949,660
1,950,662
1,951,657
1,952,653
1,953,663
1,954,652
1,955,659
1,956,660
1,957,653
1,958,663
1,959,662
1,960,674
1,961,659
1,962,663
1,963,657
1,964,658
1,965,661
1,966,668
1,967,655
1,968,650
1,969,655
1,970,661
1,971,662
1,972,655
1,973,655
1,974,658
1,975,661
1,976,662
1,977,660
1,978,658
1,979,666
1,980,660
1,981,660
1,982,661
1,983,667
1,984,651
1,985,658
1,986,664
1,987,666
1,988,656
1,989,669
1,990,661
1,991,668
1,992,667
1,993,662
1,994,669
1,995,665
1,996,666
1,997,661
1,998,656
1,999,650
1,1000,660
1,1001,660
1,1002,664
1,1003,658
1,1004,664
1,1005,663
1,1006,659
1,1007,660
1,1008,662
1,1009,649
1,1010,657
1,1011,657
1,1012,652
1,1013,655
1,1014,656
1,1015,656
1,1016,648
1,1017,653
1,1018,650
1,1019,660
1,1020,654
1,1021,663
1,1022,658
1,1023,656
2,0,660
2,1,655
2,2,657
2,3,658
2,4,651
2,5,659
2,6,652
2,7,665
2,8,654
2,9,656
2,10,667
2,11,665
2,12,651
2,13,654
2,14,658
2,15,657
2,16,652
2,17,653
2,18,650
2,19,659
2,20,653
2,21,651
2,22,650
2,23,659
2,24,650
2,25,651
2,26,651
2,27,648
2,28,652
2,29,665
2,30,657
2,31,661
2,32,652
2,33,654
2,34,657
2,35,654
2,36,658
2,37,654
2,38,658
2,39,659
2,40,658
2,41,664
2,42,652
2,43,660
2,44,659
2,45,661
2,46,663
2,47,664
2,48,660
2,49,659
2,50,656
2,51,650
2,52,647
2,53,656
2,54,654
2,55,650
2,56,655
2,57,655
2,58,658
2,59,654
2,60,649
2,61,663
2,62,655
2,63,658
2,64,678
2,65,667
2,66,667
2,67,673
2,68,658
2,69,653
2,70,657
2,71,653
2,72,666
2,73,658
2,74,658
2,75,654
2,76,650
2,77,665
2,78,665
2,79,660
2,80,666
2,81,668
2,82,654
2,83,661
2,84,656
2,85,648
2,86,656
2,87,655
2,88,648
2,89,647
2,90,660
2,91,654
2,92,652
2,93,651
2,94,649
2,95,660
2,96,663
2,97,665
2,98,662
2,99,666
2,100,671
2,101,662
2,102,665
2,103,686
2,104,673
2,105,657
2,106,672
2,107,668
2,108,663
2,109,661
2,110,667
2,111,664
2,112,662
2,113,663
2,114,664
2,115,667
2,116,668
2,117,664
2,118,658
2,119,664
2,120,661
2,121,666
2,122,666
2,123,658
2,124,667
2,125,662
2,126,657
2,127,665
2,128,662
2,129,660
2,130,661
2,131,666
2,132,665
2,133,662
2,134,667
2,135,670
2,136,656
2,137,659
2,138,657
2,139,662
2,140,665
2,141,668
2,142,671
2,143,666
2,144,660
2,145,661
2,146,659
2,147,663
2,148,653
2,149,667
2,150,658
2,151,664
2,152,666
2,153,660
2,154,662
2,155,655
2,156,660
2,157,667
2,158,656
2,159,664
2,160,670
2,161,664
2,162,666
2,163,659
2,164,662
2,165,659
2,166,662
2,167,659
2,168,673
2,169,659
2,170,663
2,171,651
2,172,657
2,173,668
2,174,665
2,175,661
2,176,665
2,177,659
2,178,668
2,179,680
2,180,661
2,181,675
2,182,670
2,183,661
2,184,657
2,185,660
2,186,662
2,187,669
2,188,686
2,189,662
2,190,652
2,191,662
2,192,659
2,193,665
2,194,660
2,195,659
2,196,662
2,197,668
2,198,658
2,199,669
2,200,669
2,201,665
2,202,663
2,203,666
2,204,661
2,205,654
2,206,663
2,207,659
2,208,670
2,209,669
2,210,670
2,211,661
2,212,655
2,213,664
2,214,663
2,215,658
2,216,666
2,217,662
2,218,666
2,219,660
2,220,661
2,221,666
2,222,657
2,223,664
2,224,667
2,225,670
2,226,661
2,227,658
2,228,662
2,229,662
2,230,666
2,231,674
2,232,675
2,233,659
2,234,662
2,235,658
2,236,667
2,237,662
2,238,667
2,239,660
2,240,659
2,241,658
2,242,659
2,243,662
2,244,659
2,245,658
2,246,658
2,247,656
2,248,662
2,249,665
2,250,669
2,251,670
2,252,666
2,253,655
2,254,665
2,255,665
2,256,661
2,257,664
2,258,667
2,259,656
2,260,662
2,261,665
2,262,676
2,263,678
2,264,663
2,265,659
2,266,658
2,267,660
2,268,664
2,269,679
2,270,676
2,271,660
2,272,658
2,273,658
2,274,669
2,275,663
2,276,667
2,277,665
2,278,662
2,279,661
2,280,663
2,281,660
2,282,671
2,283,662
2,284,666
2,285,660
2,286,661
2,287,657
2,288,661
2,289,653
2,290,660
2,291,656
2,292,660
2,293,660
2,294,656
2,295,668
2,296,663
2,297,656
2,298,660
2,299,661
2,300,657
2,301,659
2,302,658
2,303,657
2,304,664
2,305,672
2,306,660
2,307,667
2,308,667
2,309,664
2,310,657
2,311,658
2,312,663
2,313,665
2,314,666
2,315,672
2,316,663
2,317,662
2,318,652
2,319,667
2,320,675
2,321,664
2,322,665
2,323,671
2,324,667
2,325,666
2,326,652
2,327,666
2,328,663
2,329,660
2,330,664
2,331,660
2,332,663
2,333,664
2,334,664
2,335,665
2,336,663
2,337,667
2,338,670
2,339,675
2,340,664
2,341,664
2,342,667
2,343,668
2,344,666
2,345,663
2,346,663
2,347,664
2,348,656
2,349,663
2,350,659
2,351,666
2,352,670
2,353,663
2,354,662
2,355,662
2,356,658
2,357,661
2,358,660
2,359,666
2,360,664
2,361,666
2,362,667
2,363,658
2,364,662
2,365,659
2,366,663
2,367,667
2,368,658
2,369,675
2,370,659
2,371,654
2,372,666
2,373,662
2,374,656
2,375,667
2,376,664
2,377,664
2,378,665
2,379,670
2,380,659
2,381,663
2,382,661
2,383,675
2,384,663
2,385,662
2,386,664
2,387,664
2,388,661
2,389,667
2,390,662
2,391,663
2,392,655
2,393,663
2,394,661
2,395,658
2,396,651
2,397,667
2,398,663
2,399,660
2,400,672
2,401,666
2,402,658
2,403,672
2,404,670
2,405,663
2,406,666
2,407,662
2,408,656
2,409,670
2,410,667
2,411,662
2,412,663
2,413,667
2,414,671
2,415,664
2,416,664
2,417,668
2,418,665
2,419,658
2,420,670
2,421,652
2,422,662
2,423,664
2,424,666
2,425,668
2,426,656
2,427,665
2,428,660
2,429,670
2,430,665
2,431,655
2,432,665
2,433,661
2,434,661
2,435,665
2,436,664
2,437,666
2,438,661
2,439,663
2,440,665
2,441,654
2,442,663
2,443,660
2,444,665
2,445,663
2,446,656
2,447,658
2,448,660
2,449,671
2,450,657
2,451,661
2,452,656
2,453,657
2,454,666
2,455,662
2,456,668
2,457,665
2,458,668
2,459,666
2,460,664
2,461,662
2,462,670
2,463,670
2,464,667
2,465,668
2,466,663
2,467,659
2,468,658
2,469,681
2,470,664
2,471,663
2,472,664
2,473,666
2,474,661
2,475,664
2,476,667
2,477,660
2,478,661
2,479,665
2,480,662
2,481,669
2,482,661
2,483,657
2,484,666
2,485,667
2,486,661
2,487,669
2,488,665
2,489,665
2,490,661
2,491,658
2,492,666
2,493,666
2,494,663
2,495,667
2,496,674
2,497,664
2,498,672
2,499,668
2,500,667
2,501,665
2,502,663
2,503,673
2,504,666
2,505,666
2,506,663
2,507,667
2,508,664
2,509,666
2,510,682
2,511,664
2,512,663
2,513,665
2,514,671
2,515,663
2,516,663
2,517,673
2,518,661
2,519,664
2,520,666
2,521,669
2,522,663
2,523,669
2,524,653
2,525,659
2,526,662
2,527,663
2,528,667
2,529,659
2,530,673
2,531,657
2,532,661
2,533,660
2,534,674
2,535,662
2,536,659
2,537,662
2,538,680
2,539,669
2,540,670
2,541,675
2,542,665
2,543,666
2,544,662
2,545,668
2,546,665
2,547,670
2,548,663
2,549,672
2,550,677
2,551,668
2,552,669
2,553,673
2,554,670
2,555,681
2,556,679
2,557,696
2,558,672
2,559,675
2,560,672
2,561,683
2,562,670
2,563,668
2,564,669
2,565,656
2,566,674
2,567,667
2,568,675
2,569,679
2,570,669
2,571,667
2,572,659
2,573,666
2,574,668
2,575,673
2,576,662
2,577,675
2,578,666
2,579,665
2,580,663
2,581,672
2,582,673
2,583,665
2,584,668
2,585,672
2,586,664
2,587,674
2,588,658
2,589,674
2,590,666
2,591,662
2,592,674
2,593,674
2,594,665
2,595,661
2,596,657
2,597,668
2,598,672
2,599,679
2,600,668
2,601,669
2,602,664
2,603,660
2,604,666
2,605,668
2,606,664
2,607,669
2,608,669
2,609,666
2,610,659
2,611,662
2,612,666
2,613,666
2,614,668
2,615,668
2,616,658
2,617,666
2,618,666
2,619,668
2,620,662
2,621,660
2,622,664
2,623,659
2,624,655
2,625,662
2,626,664
2,627,664
2,628,660
2,629,663
2,630,662
2,631,661
2,632,673
2,633,657
2,634,656
2,635,667
2,636,656
2,637,660
2,638,664
2,639,666
2,640,663
2,641,663
2,642,664
2,643,659
2,644,667
2,645,664
2,646,655
2,647,667
2,648,663
2,649,678
2,650,673
2,651,656
2,652,659
2,653,662
2,654,666
2,655,659
2,656,659
2,657,651
2,658,662
2,659,669
2,660,659
2,661,677
2,662,666
2,663,659
2,664,664
2,665,664
2,666,661
2,667,662
2,668,657
2,669,661
2,670,660
2,671,658
2,672,659
2,673,667
2,674,658
2,675,664
2,676,661
2,677,661
2,678,681
2,679,667
2,680,659
2,681,668
2,682,655
2,683,657
2,684,658
2,685,661
2,686,657
2,687,660
2,688,655
2,689,658
2,690,656
2,691,663
2,692,659
2,693,660
2,694,659
2,695,660
2,696,657
2,697,660
2,698,657
2,699,655
2,700,670
2,701,661
2,702,664
2,703,662
2,704,657
2,705,659
2,706,660
2,707,655
2,708,662
2,709,652
2,710,663
2,711,652
2,712,669
2,713,666
2,714,659
2,715,660
2,716,660
2,717,653
2,718,660
2,719,663
2,720,663
2,721,663
2,722,657
2,723,660
2,724,671
2,725,663
2,726,657
2,727,665
2,728,661
2,729,657
2,730,661
2,731,674
2,732,670
2,733,664
2,734,658
2,735,655
2,736,668
2,737,656
2,738,658
2,739,666
2,740,664
2,741,662
2,742,663
2,743,653
2,744,669
2,745,656
2,746,659
2,747,664
2,748,663
2,749,663
2,750,655
2,751,664
2,752,662
2,753,659
2,754,660
2,755,656
2,756,657
2,757,664
2,758,659
2,759,665
2,760,664
2,761,661
2,762,660
2,763,656
2,764,668
2,765,653
2,766,659
2,767,665
2,768,657
2,769,662
2,770,661
2,771,661
2,772,665
2,773,667
2,774,660
2,775,656
2,776,663
2,777,662
2,778,659
2,779,665
2,780,661
2,781,665
2,782,662
2,783,659
2,784,660
2,785,656
2,786,659
2,787,653
2,788,665
2,789,660
2,790,661
2,791,658
2,792,664
2,793,664
2,794,660
2,795,664
2,796,664
2,797,663
2,798,674
2,799,660
2,800,669
2,801,663
2,802,661
2,803,659
2,804,665
2,805,652
2,806,657
2,807,661
2,808,664
2,809,655
2,810,662
2,811,664
2,812,659
2,813,656
2,814,657
2,815,665
2,816,665
2,817,662
2,818,662
2,819,670
2,820,661
2,821,665
2,822,663
2,823,662
2,824,660
2,825,668
2,826,650
2,827,659
2,828,652
2,829,659
2,830,660
2,831,661
2,832,660
2,833,661
2,834,658
2,835,665
2,836,670
2,837,664
2,838,665
2,839,664
2,840,664
2,841,661
2,842,665
2,843,659
2,844,665
2,845,663
2,846,658
2,847,653
2,848,661
2,849,654
2,850,666
2,851,653
2,852,667
2,853,663
2,854,657
2,855,665
2,856,669
2,857,670
2,858,660
2,859,663
2,860,649
2,861,661
2,862,659
2,863,665
2,864,659
2,865,657
2,866,659
2,867,670
2,868,655
2,869,660
2,870,661
2,871,666
2,872,661
2,873,662
2,874,662
2,875,664
2,876,670
2,877,668
2,878,659
2,879,661
2,880,660
2,881,655
2,882,659
2,883,658
2,884,667
2,885,666
2,886,667
2,887,659
2,888,659
2,889,664
2,890,657
2,891,655
2,892,663
2,893,668
2,894,654
2,895,660
2,896,669
2,897,657
2,898,659
2,899,655
2,900,661
2,901,657
2,902,656
2,903,664
2,904,662
2,905,665
2,906,659
2,907,665
2,908,659
2,909,668
2,910,656
2,911,659
2,912,661
2,913,662
2,914,659
2,915,664
2,916,661
2,917,667
2,918,660
2,919,657
2,920,667
2,921,653
2,922,663
2,923,665
2,924,665
2,925,653
2,926,660
2,927,658
2,928,665
2,929,660
2,930,654
2,931,655
2,932,659
2,933,657
2,934,664
2,935,661
2,936,663
2,937,654
2,938,666
2,939,664
2,940,662
2,941,667
2,942,655
2,943,656
2,944,663
2,945,657
2,946,659
2,947,657
2,948,655
2,949,666
2,950,661
2,951,660
2,952,652
2,953,665
2,954,656
2,955,658
2,956,658
2,957,663
2,958,655
2,959,665
2,960,677
2,961,652
2,962,661
2,963,655
2,964,654
2,965,661
2,966,667
2,967,662
2,968,664
2,969,656
2,970,653
2,971,667
2,972,667
2,973,656
2,974,663
2,975,663
2,976,667
2,977,665
2,978,664
2,979,662
2,980,660
2,981,659
2,982,663
2,983,666
2,984,663
2,985,657
2,986,654
2,987,660
2,988,663
2,989,665
2,990,661
2,991,662
2,992,665
2,993,657
2,994,660
2,995,653
2,996,665
2,997,659
2,998,656
2,999,662
2,1000,655
2,1001,661
2,1002,661
2,1003,653
2,1004,659
2,1005,658
2,1006,654
2,1007,661
2,1008,658
2,1009,660
2,1010,655
2,1011,657
2,1012,655
2,1013,652
2,1014,657
2,1015,659
2,1016,659
2,1017,657
2,1018,652
2,1019,657
2,1020,666
2,1021,658
2,1022,662
2,1023,652
3,0,655
3,1,650
3,2,656
3,3,658
3,4,658
3,5,653
3,6,656
3,7,662
3,8,661
3,9,658
3,10,670
3,11,667
3,12,655
3,13,651
3,14,653
3,15,655
3,16,661
3,17,655
3,18,654
3,19,662
3,20,654
3,21,655
3,22,648
3,23,658
3,24,656
3,25,651
3,26,655
3,27,652
3,28,655
3,29,668
3,30,658
3,31,665
3,32,657
3,33,656
3,34,654
3,35,655
3,36,663
3,37,663
3,38,656
3,39,655
3,40,655
3,41,652
3,42,656
3,43,659
3,44,656
3,45,658
3,46,663
3,47,652
3,48,657
3,49,657
3,50,660
3,51,658
3,52,649
3,53,663
3,54,654
3,55,657
3,56,651
3,57,653
3,58,654
3,59,656
3,60,654
3,61,665
3,62,665
3,63,672
3,64,664
3,65,665
3,66,663
3,67,669
3,68,666
3,69,666
3,70,652
3,71,652
3,72,668
3,73,651
3,74,652
3,75,647
3,76,653
3,77,653
3,78,666
3,79,659
3,80,663
3,81,656
3,82,666
3,83,663
3,84,650
3,85,674
3,86,660
3,87,655
3,88,652
3,89,656
3,90,649
3,91,657
3,92,656
3,93,654
3,94,661
3,95,661
3,96,654
3,97,668
3,98,661
3,99,670
3,100,676
3,101,664
3,102,664
3,103,690
3,104,669
3,105,659
3,106,667
3,107,667
3,108,671
3,109,664
3,110,660
3,111,682
3,112,659
3,113,664
3,114,658
3,115,674
3,116,654
3,117,663
3,118,665
3,119,667
3,120,656
3,121,662
3,122,670
3,123,666
3,124,669
3,125,663
3,126,662
3,127,659
3,128,671
3,129,662
3,130,665
3,131,657
3,132,665
3,133,656
3,134,660
3,135,669
3,136,659
3,137,664
3,138,667
3,139,656
3,140,661
3,141,669
3,142,674
3,143,664
3,144,666
3,145,661
3,146,659
3,147,658
3,148,667
3,149,662
3,150,668
3,151,662
3,152,655
3,153,662
3,154,666
3,155,669
3,156,659
3,157,664
3,158,666
3,159,660
3,160,664
3,161,668
3,162,664
3,163,664
3,164,666
3,165,660
3,166,663
3,167,653
3,168,658
3,169,666
3,170,662
3,171,666
3,172,659
3,173,666
3,174,659
3,175,665
3,176,664
3,177,664
3,178,668
3,179,680
3,180,662
3,181,675
3,182,674
3,183,655
3,184,665
3,185,665
3,186,659
3,187,661
3,188,690
3,189,669
3,190,661
3,191,663
3,192,659
3,193,657
3,194,665
3,195,663
3,196,664
3,197,663
3,198,665
3,199,667
3,200,657
3,201,658
3,202,664
3,203,655
3,204,658
3,205,662
3,206,657
3,207,665
3,208,670
3,209,672
3,210,656
3,211,666
3,212,666
3,213,663
3,214,661
3,215,663
3,216,659
3,217,664
3,218,677
3,219,670
3,220,663
3,221,663
3,222,657
3,223,667
3,224,660
3,225,658
3,226,668
3,227,664
3,228,654
3,229,654
3,230,666
3,231,660
3,232,657
3,233,663
3,234,659
3,235,665
3,236,660
3,237,671
3,238,657
3,239,662
3,240,663
3,241,659
3,242,652
3,243,662
3,244,658
3,245,660
3,246,658
3,247,668
3,248,662
3,249,664
3,250,667
3,251,669
3,252,654
3,253,658
3,254,670
3,255,664
3,256,660
3,257,664
3,258,659
3,259,662
3,260,665
3,261,666
3,262,664
3,263,664
3,264,661
3,265,667
3,266,666
3,267,662
3,268,668
3,269,678
3,270,657
3,271,666
3,272,662
3,273,668
3,274,666
3,275,661
3,276,666
3,277,661
3,278,660
3,279,660
3,280,659
3,281,660
3,282,675
3,283,658
3,284,666
3,285,658
3,286,664
3,287,657
3,288,659
3,289,651
3,290,660
3,291,659
3,292,659
3,293,657
3,294,657
3,295,667
3,296,658
3,297,662
3,298,650
3,299,647
3,300,661
3,301,662
3,302,657
3,303,666
3,304,659
3,305,660
3,306,663
3,307,667
3,308,677
3,309,659
3,310,662
3,311,662
3,312,652
3,313,663
3,314,666
3,315,669
3,316,657
3,317,656
3,318,661
3,319,661
3,320,680
3,321,668
3,322,662
3,323,664
3,324,669
3,325,668
3,326,666
3,327,668
3,328,667
3,329,663
3,330,665
3,331,667
3,332,663
3,333,667
3,334,665
3,335,671
3,336,662
3,337,661
3,338,664
3,339,668
3,340,655
3,341,661
3,342,667
3,343,656
3,344,658
3,345,664
3,346,663
3,347,663
3,348,668
3,349,667
3,350,662
3,351,662
3,352,666
3,353,665
3,354,661
3,355,655
3,356,661
3,357,656
3,358,655
3,359,662
3,360,661
3,361,665
3,362,659
3,363,661
3,364,664
3,365,669
3,366,669
3,367,658
3,368,657
3,369,667
3,370,658
3,371,652
3,372,667
3,373,661
3,374,659
3,375,659
3,376,662
3,377,659
3,378,663
3,379,664
3,380,663
3,381,660
3,382,672
3,383,664
3,384,663
3,385,667
3,386,658
3,387,658
3,388,652
3,389,661
3,390,665
3,391,653
3,392,659
3,393,661
3,394,658
3,395,656
3,396,666
3,397,660
3,398,672
3,399,656
3,400,675
3,401,666
3,402,669
3,403,672
3,404,659
3,405,661
3,406,667
3,407,665
3,408,662
3,409,667
3,410,673
3,411,661
3,412,666
3,413,656
3,414,665
3,415,668
3,416,659
3,417,672
3,418,663
3,419,660
3,420,676
3,421,668
3,422,656
3,423,667
3,424,664
3,425,660
3,426,666
3,427,662
3,428,656
3,429,663
3,430,660
3,431,655
3,432,666
3,433,665
3,434,667
3,435,657
3,436,656
3,437,660
3,438,662
3,439,656
3,440,662
3,441,661
3,442,653
3,443,662
3,444,664
3,445,661
3,446,666
3,447,670
3,448,656
3,449,664
3,450,660
3,451,660
3,452,661
3,453,654
3,454,665
3,455,658
3,456,669
3,457,660
3,458,667
3,459,668
3,460,664
3,461,667
3,462,670
3,463,675
3,464,666
3,465,665
3,466,668
3,467,660
3,468,669
3,469,682
3,470,660
3,471,663
3,472,665
3,473,666
3,474,676
3,475,658
3,476,662
3,477,663
3,478,663
3,479,670
3,480,658
3,481,659
3,482,666
3,483,663
3,484,661
3,485,660
3,486,675
3,487,664
3,488,662
3,489,663
3,490,663
3,491,670
3,492,667
3,493,666
3,494,662
3,495,667
3,496,667
3,497,663
3,498,663
3,499,660
3,500,671
3,501,663
3,502,661
3,503,669
3,504,661
3,505,667
3,506,663
3,507,672
3,508,665
3,509,655
3,510,678
3,511,670
3,512,675
3,513,674
3,514,664
3,515,666
3,516,662
3,517,665
3,518,664
3,519,666
3,520,664
3,521,667
3,522,659
3,523,672
3,524,661
3,525,672
3,526,664
3,527,671
3,528,662
3,529,661
3,530,673
3,531,665
3,532,658
3,533,672
3,534,674
3,535,666
3,536,659
3,537,661
3,538,664
3,539,663
3,540,663
3,541,663
3,542,663
3,543,666
3,544,665
3,545,674
3,546,677
3,547,673
3,548,679
3,549,670
3,550,668
3,551,673
3,552,669
3,553,669
3,554,677
3,555,687
3,556,675
3,557,684
3,558,682
3,559,681
3,560,683
3,561,687
3,562,679
3,563,663
3,564,672
3,565,667
3,566,662
3,567,661
3,568,676
3,569,678
3,570,676
3,571,669
3,572,662
3,573,682
3,574,672
3,575,668
3,576,674
3,577,663
3,578,674
3,579,678
3,580,675
3,581,668
3,582,668
3,583,670
3,584,665
3,585,671
3,586,673
3,587,669
3,588,675
3,589,667
3,590,665
3,591,670
3,592,665
3,593,666
3,594,664
3,595,667
3,596,663
3,597,657
3,598,663
3,599,675
3,600,661
3,601,662
3,602,666
3,603,663
3,604,661
3,605,660
3,606,668
3,607,668
3,608,671
3,609,666
3,610,659
3,611,657
3,612,669
3,613,668
3,614,663
3,615,663
3,616,662
3,617,667
3,618,664
3,619,662
3,620,662
3,621,682
3,622,664
3,623,658
3,624,656
3,625,659
3,626,663
3,627,669
3,628,665
3,629,662
3,630,664
3,631,652
3,632,661
3,633,676
3,634,660
3,635,667
3,636,671
3,637,665
3,638,656
3,639,659
3,640,657
3,641,656
3,642,669
3,643,667
3,644,662
3,645,665
3,646,657
3,647,664
3,648,671
3,649,663
3,650,681
3,651,661
3,652,663
3,653,668
3,654,669
3,655,661
3,656,659
3,657,654
3,658,663
3,659,659
3,660,666
3,661,677
3,662,662
3,663,666
3,664,670
3,665,660
3,666,663
3,667,665
3,668,660
3,669,661
3,670,663
3,671,659
3,672,663
3,673,661
3,674,658
3,675,662
3,676,663
3,677,670
3,678,679
3,679,670
3,680,662
3,681,661
3,682,665
3,683,663
3,684,656
3,685,661
3,686,671
3,687,665
3,688,662
3,689,665
3,690,651
3,691,661
3,692,659
3,693,666
3,694,656
3,695,657
3,696,659
3,697,662
3,698,659
3,699,663
3,700,664
3,701,667
3,702,663
3,703,666
3,704,664
3,705,659
3,706,660
3,707,663
3,708,663
3,709,664
3,710,655
3,711,660
3,712,662
3,713,664
3,714,655
3,715,659
3,716,659
3,717,650
3,718,662
3,719,670
3,720,657
3,721,652
3,722,658
3,723,668
3,724,673
3,725,665
3,726,659
3,727,657
3,728,660
3,729,662
3,730,665
3,731,663
3,732,668
3,733,666
3,734,661
3,735,660
3,736,657
3,737,657
3,738,664
3,739,655
3,740,662
3,741,655
3,742,661
3,743,662
3,744,658
3,745,660
3,746,670
3,747,665
3,748,667
3,749,657
3,750,657
3,751,660
3,752,651
3,753,663
3,754,660
3,755,657
3,756,661
3,757,661
3,758,659
3,759,663
3,760,664
3,761,663
3,762,661
3,763,659
3,764,661
3,765,662
3,766,657
3,767,665
3,768,660
3,769,654
3,770,669
3,771,662
3,772,664
3,773,658
3,774,664
3,775,664
3,776,665
3,777,666
3,778,662
3,779,661
3,780,655
3,781,675
3,782,661
3,783,662
3,784,666
3,785,652
3,786,663
3,787,657
3,788,664
3,789,662
3,790,668
3,791,665
3,792,663
3,793,670
3,794,661
3,795,670
3,796,656
3,797,659
3,798,665
3,799,656
3,800,655
3,801,653
3,802,663
3,803,656
3,804,653
3,805,665
3,806,669
3,807,654
3,808,660
3,809,659
3,810,666
3,811,658
3,812,660
3,813,657
3,814,656
3,815,660
3,816,663
3,817,655
3,818,663
3,819,657
3,820,661
3,821,658
3,822,662
3,823,663
3,824,653
3,825,660
3,826,667
3,827,669
3,828,663
3,829,661
3,830,663
3,831,663
3,832,653
3,833,667
3,834,657
3,835,662
3,836,668
3,837,670
3,838,662
3,839,665
3,840,659
3,841,662
3,842,659
3,843,652
3,844,661
3,845,661
3,846,662
3,847,665
3,848,658
3,849,651
3,850,664
3,851,655
3,852,677
3,853,668
3,854,664
3,855,661
3,856,667
3,857,670
3,858,661
3,859,670
3,860,664
3,861,659
3,862,658
3,863,658
3,864,659
3,865,663
3,866,664
3,867,662
3,868,666
3,869,654
3,870,655
3,871,659
3,872,654
3,873,657
3,874,659
3,875,660
3,876,665
3,877,654
3,878,661
3,879,656
3,880,657
3,881,653
3,882,662
3,883,662
3,884,660
3,885,655
3,886,656
3,887,659
3,888,657
3,889,654
3,890,659
3,891,662
3,892,658
3,893,661
3,894,658
3,895,665
3,896,656
3,897,662
3,898,653
3,899,666
3,900,663
3,901,665
3,902,655
3,903,658
3,904,659
3,905,668
3,906,661
3,907,668
3,908,660
3,909,664
3,910,664
3,911,660
3,912,662
3,913,662
3,914,660
3,915,656
3,916,662
3,917,653
3,918,658
3,919,651
3,920,668
3,921,659
3,922,658
3,923,663
3,924,659
3,925,663
3,926,662
3,927,664
3,928,654
3,929,662
3,930,665
3,931,657
3,932,658
3,933,661
3,934,660
3,935,655
3,936,655
3,937,659
3,938,657
3,939,660
3,940,658
3,941,661
3,942,657
3,943,649
3,944,655
3,945,660
3,946,660
3,947,659
3,948,663
3,949,658
3,950,655
3,951,652
3,952,657
3,953,659
3,954,669
3,955,656
3,956,662
3,957,660
3,958,662
3,959,666
3,960,664
3,961,660
3,962,653
3,963,661
3,964,659
3,965,659
3,966,665
3,967,659
3,968,654
3,969,662
3,970,656
3,971,668
3,972,662
3,973,664
3,974,655
3,975,661
3,976,662
3,977,661
3,978,654
3,979,659
3,980,668
3,981,663
3,982,661
3,983,667
3,984,662
3,985,655
3,986,661
3,987,654
3,988,666
3,989,664
3,990,656
3,991,663
3,992,668
3,993,660
3,994,660
3,995,665
3,996,662
3,997,668
3,998,662
3,999,661
3,1000,666
3,1001,657
3,1002,655
3,1003,653
3,1004,660
3,1005,658
3,1006,659
3,1007,662
3,1008,658
3,1009,658
3,1010,667
3,1011,658
3,1012,658
3,1013,659
3,1014,655
3,1015,652
3,1016,659
3,1017,657
3,1018,651
3,1019,652
3,1020,656
3,1021,658
3,1022,668
3,1023,654
4,0,657
4,1,662
4,2,654
4,3,667
4,4,654
4,5,656
4,6,654
4,7,661
4,8,654
4,9,652
4,10,673
4,11,662
4,12,658
4,13,654
4,14,654
4,15,660
4,16,650
4,17,656
4,18,653
4,19,655
4,20,660
4,21,652
4,22,652
4,23,657
4,24,664
4,25,651
4,26,652
4,27,650
4,28,654
4,29,654
4,30,657
4,31,661
4,32,650
4,33,653
4,34,658
4,35,650
4,36,656
4,37,666
4,38,657
4,39,660
4,40,657
4,41,657
4,42,653
4,43,658
4,44,662
4,45,654
4,46,659
4,47,658
4,48,656
4,49,653
4,50,659
4,51,658
4,52,654
4,53,663
4,54,655
4,55,661
4,56,655
4,57,656
4,58,650
4,59,646
4,60,654
4,61,655
4,62,657
4,63,653
4,64,659
4,65,656
4,66,670
4,67,662
4,68,676
4,69,657
4,70,661
4,71,649
4,72,670
4,73,654
4,74,655
4,75,655
4,76,648
4,77,658
4,78,661
4,79,661
4,80,667
4,81,658
4,82,651
4,83,666
4,84,658
4,85,663
4,86,667
4,87,660
4,88,652
4,89,660
4,90,654
4,91,653
4,92,653
4,93,651
4,94,651
4,95,652
4,96,652
4,97,659
4,98,668
4,99,660
4,100,661
4,101,664
4,102,664
4,103,672
4,104,665
4,105,664
4,106,666
4,107,667
4,108,666
4,109,674
4,110,671
4,111,672
4,112,665
4,113,660
4,114,675
4,115,673
4,116,666
4,117,660
4,118,667
4,119,655
4,120,665
4,121,666
4,122,666
4,123,661
4,124,662
4,125,664
4,126,662
4,127,663
4,128,666
4,129,672
4,130,659
4,131,665
4,132,671
4,133,663
4,134,660
4,135,673
4,136,665
4,137,670
4,138,664
4,139,666
4,140,661
4,141,672
4,142,664
4,143,665
4,144,651
4,145,654
4,146,659
4,147,658
4,148,663
4,149,659
4,150,663
4,151,667
4,152,664
4,153,663
4,154,670
4,155,662
4,156,667
4,157,661
4,158,679
4,159,667
4,160,663
4,161,663
4,162,669
4,163,662
4,164,656
4,165,665
4,166,655
4,167,662
4,168,669
4,169,660
4,170,663
4,171,665
4,172,665
4,173,664
4,174,664
4,175,659
4,176,664
4,177,666
4,178,666
4,179,672
4,180,662
4,181,667
4,182,666
4,183,662
4,184,666
4,185,667
4,186,666
4,187,663
4,188,673
4,189,668
4,190,657
4,191,669
4,192,667
4,193,663
4,194,662
4,195,658
4,196,657
4,197,668
4,198,654
4,199,665
4,200,662
4,201,662
4,202,660
4,203,659
4,204,666
4,205,665
4,206,661
4,207,667
4,208,654
4,209,665
4,210,659
4,211,667
4,212,661
4,213,663
4,214,667
4,215,662
4,216,656
4,217,659
4,218,672
4,219,659
4,220,655
4,221,669
4,222,659
4,223,660
4,224,662
4,225,666
4,226,660
4,227,668
4,228,653
4,229,660
4,230,667
4,231,664
4,232,672
4,233,662
4,234,658
4,235,658
4,236,667
4,237,655
4,238,658
4,239,658
4,240,658
4,241,665
4,242,660
4,243,663
4,244,669
4,245,656
4,246,662
4,247,668
4,248,667
4,249,666
4,250,660
4,251,673
4,252,658
4,253,660
4,254,670
4,255,660
4,256,665
4,257,667
4,258,670
4,259,657
4,260,658
4,261,671
4,262,671
4,263,663
4,264,655
4,265,661
4,266,673
4,267,654
4,268,663
4,269,686
4,270,664
4,271,660
4,272,659
4,273,666
4,274,676
4,275,659
4,276,664
4,277,655
4,278,658
4,279,663
4,280,671
4,281,669
4,282,672
4,283,661
4,284,659
4,285,663
4,286,660
4,287,658
4,288,658
4,289,657
4,290,657
4,291,672
4,292,664
4,293,663
4,294,660
4,295,664
4,296,662
4,297,657
4,298,660
4,299,659
4,300,657
4,301,668
4,302,655
4,303,663
4,304,666
4,305,671
4,306,667
4,307,670
4,308,668
4,309,659
4,310,666
4,311,666
4,312,662
4,313,673
4,314,666
4,315,663
4,316,662
4,317,660
4,318,655
4,319,665
4,320,676
4,321,663
4,322,662
4,323,656
4,324,659
4,325,653
4,326,667
4,327,661
4,328,668
4,329,657
4,330,671
4,331,663
4,332,659
4,333,662
4,334,657
4,335,657
4,336,655
4,337,658
4,338,667
4,339,671
4,340,667
4,341,664
4,342,658
4,343,660
4,344,661
4,345,662
4,346,667
4,347,667
4,348,673
4,349,660
4,350,658
4,351,661
4,352,658
4,353,664
4,354,663
4,355,663
4,356,661
4,357,659
4,358,660
4,359,658
4,360,650
4,361,663
4,362,668
4,363,669
4,364,660
4,365,670
4,366,657
4,367,661
4,368,663
4,369,668
4,370,660
4,371,667
4,372,660
4,373,660
4,374,667
4,375,659
4,376,662
4,377,662
4,378,664
4,379,663
4,380,659
4,381,674
4,382,661
4,383,660
4,384,664
4,385,659
4,386,655
4,387,657
4,388,658
4,389,658
4,390,661
4,391,656
4,392,658
4,393,662
4,394,663
4,395,655
4,396,661
4,397,663
4,398,673
4,399,663
4,400,670
4,401,663
4,402,656
4,403,664
4,404,657
4,405,667
4,406,667
4,407,667
4,408,663
4,409,668
4,410,668
4,411,660
4,412,662
4,413,667
4,414,668
4,415,663
4,416,658
4,417,660
4,418,663
4,419,657
4,420,666
4,421,654
4,422,661
4,423,667
4,424,659
4,425,665
4,426,668
4,427,662
4,428,659
4,429,662
4,430,663
4,431,663
4,432,652
4,433,663
4,434,670
4,435,656
4,436,664
4,437,665
4,438,664
4,439,661
4,440,664
4,441,662
4,442,666
4,443,659
4,444,661
4,445,661
4,446,663
4,447,670
4,448,661
4,449,664
4,450,663
4,451,665
4,452,668
4,453,667
4,454,658
4,455,670
4,456,664
4,457,663
4,458,669
4,459,659
4,460,658
4,461,655
4,462,666
4,463,678
4,464,664
4,465,668
4,466,655
4,467,658
4,468,666
4,469,677
4,470,662
4,471,664
4,472,658
4,473,666
4,474,660
4,475,664
4,476,659
4,477,656
4,478,665
4,479,665
4,480,658
4,481,672
4,482,670
4,483,663
4,484,657
4,485,665
4,486,667
4,487,655
4,488,670
4,489,660
4,490,665
4,491,665
4,492,668
4,493,666
4,494,668
4,495,662
4,496,664
4,497,668
4,498,663
4,499,671
4,500,672
4,501,668
4,502,666
4,503,659
4,504,666
4,505,661
4,506,664
4,507,673
4,508,662
4,509,657
4,510,671
4,511,662
4,512,670
4,513,666
4,514,670
4,515,661
4,516,664
4,517,662
4,518,661
4,519,676
4,520,673
4,521,668
4,522,660
4,523,666
4,524,669
4,525,659
4,526,669
4,527,667
4,528,663
4,529,669
4,530,666
4,531,665
4,532,666
4,533,670
4,534,656
4,535,661
4,536,665
4,537,670
4,538,664
4,539,664
4,540,669
4,541,670
4,542,662
4,543,669
4,544,670
4,545,674
4,546,665
4,547,663
4,548,671
4,549,666
4,550,680
4,551,662
4,552,667
4,553,667
4,554,672
4,555,662
4,556,673
4,557,676
4,558,671
4,559,677
4,560,676
4,561,680
4,562,693
4,563,665
4,564,669
4,565,664
4,566,667
4,567,668
4,568,670
4,569,672
4,570,664
4,571,674
4,572,665
4,573,670
4,574,670
4,575,665
4,576,665
4,577,668
4,578,677
4,579,668
4,580,667
4,581,671
4,582,669
4,583,672
4,584,666
4,585,669
4,586,669
4,587,672
4,588,669
4,589,682
4,590,667
4,591,667
4,592,669
4,593,668
4,594,675
4,595,661
4,596,664
4,597,663
4,598,658
4,599,673
4,600,664
4,601,668
4,602,665
4,603,664
4,604,663
4,605,666
4,606,661
4,607,659
4,608,679
4,609,664
4,610,668
4,611,657
4,612,665
4,613,664
4,614,662
4,615,657
4,616,665
4,617,659
4,618,662
4,619,667
4,620,666
4,621,666
4,622,664
4,623,659
4,624,655
4,625,665
4,626,666
4,627,671
4,628,660
4,629,662
4,630,659
4,631,660
4,632,669
4,633,656
4,634,661
4,635,664
4,636,666
4,637,659
4,638,666
4,639,665
4,640,652
4,641,659
4,642,669
4,643,662
4,644,667
4,645,659
4,646,658
4,647,664
4,648,656
4,649,666
4,650,688
4,651,663
4,652,658
4,653,666
4,654,662
4,655,660
4,656,663
4,657,663
4,658,664
4,659,658
4,660,666
4,661,659
4,662,670
4,663,659
4,664,662
4,665,661
4,666,665
4,667,665
4,668,667
4,669,661
4,670,665
4,671,662
4,672,667
4,673,665
4,674,666
4,675,660
4,676,660
4,677,671
4,678,684
4,679,670
4,680,668
4,681,663
4,682,667
4,683,660
4,684,664
4,685,662
4,686,668
4,687,670
4,688,658
4,689,657
4,690,658
4,691,653
4,692,662
4,693,663
4,694,666
4,695,658
4,696,659
4,697,661
4,698,668
4,699,662
4,700,655
4,701,672
4,702,663
4,703,659
4,704,663
4,705,658
4,706,660
4,707,653
4,708,658
4,709,663
4,710,663
4,711,666
4,712,668
4,713,655
4,714,662
4,715,655
4,716,648
4,717,652
4,718,667
4,719,663
4,720,655
4,721,657
4,722,667
4,723,656
4,724,664
4,725,660
4,726,664
4,727,659
4,728,660
4,729,662
4,730,660
4,731,678
4,732,666
4,733,666
4,734,667
4,735,665
4,736,653
4,737,660
4,738,662
4,739,666
4,740,669
4,741,654
4,742,664
4,743,657
4,744,663
4,745,662
4,746,659
4,747,675
4,748,657
4,749,665
4,750,662
4,751,663
4,752,657
4,753,662
4,754,653
4,755,662
4,756,662
4,757,660
4,758,659
4,759,660
4,760,666
4,761,660
4,762,657
4,763,655
4,764,663
4,765,656
4,766,659
4,767,661
4,768,659
4,769,666
4,770,657
4,771,663
4,772,662
4,773,659
4,774,664
4,775,661
4,776,661
4,777,654
4,778,661
4,779,663
4,780,660
4,781,670
4,782,663
4,783,660
4,784,659
4,785,667
4,786,657
4,787,673
4,788,657
4,789,659
4,790,654
4,791,667
4,792,660
4,793,670
4,794,665
4,795,660
4,796,661
4,797,665
4,798,664
4,799,652
4,800,654
4,801,660
4,802,665
4,803,662
4,804,654
4,805,658
4,806,658
4,807,669
4,808,659
4,809,661
4,810,668
4,811,662
4,812,667
4,813,659
4,814,655
4,815,663
4,816,666
4,817,664
4,818,659
4,819,661
4,820,672
4,821,657
4,822,659
4,823,659
4,824,660
4,825,661
4,826,660
4,827,663
4,828,661
4,829,661
4,830,660
4,831,672
4,832,662
4,833,671
4,834,657
4,835,665
4,836,663
4,837,663
4,838,649
4,839,660
4,840,656
4,841,658
4,842,658
4,843,655
4,844,666
4,845,665
4,846,664
4,847,663
4,848,661
4,849,662
4,850,661
4,851,657
4,852,672
4,853,663
4,854,667
4,855,658
4,856,666
4,857,665
4,858,669
4,859,655
4,860,665
4,861,659
4,862,663
4,863,654
4,864,667
4,865,667
4,866,662
4,867,666
4,868,655
4,869,659
4,870,667
4,871,663
4,872,668
4,873,666
4,874,666
4,875,659
4,876,672
4,877,665
4,878,659
4,879,658
4,880,670
4,881,658
4,882,663
4,883,660
4,884,661
4,885,660
4,886,666
4,887,666
4,888,666
4,889,658
4,890,652
4,891,662
4,892,656
4,893,658
4,894,666
4,895,666
4,896,657
4,897,654
4,898,655
4,899,666
4,900,666
4,901,668
4,902,654
4,903,666
4,904,673
4,905,662
4,906,657
4,907,658
4,908,666
4,909,662
4,910,662
4,911,655
4,912,663
4,913,661
4,914,658
4,915,661
4,916,662
4,917,665
4,918,664
4,919,666
4,920,663
4,921,656
4,922,660
4,923,651
4,924,657
4,925,653
4,926,656
4,927,656
4,928,653
4,929,668
4,930,666
4,931,660
4,932,662
4,933,665
4,934,664
4,935,660
4,936,661
4,937,662
4,938,653
4,939,657
4,940,656
4,941,662
4,942,648
4,943,661
4,944,662
4,945,656
4,946,667
4,947,662
4,948,663
4,949,661
4,950,657
4,951,657
4,952,658
4,953,651
4,954,663
4,955,657
4,956,663
4,957,655
4,958,656
4,959,664
4,960,666
4,961,663
4,962,660
4,963,659
4,964,659
4,965,662
4,966,664
4,967,670
4,968,659
4,969,658
4,970,657
4,971,670
4,972,664
4,973,664
4,974,655
4,975,660
4,976,656
4,977,663
4,978,661
4,979,656
4,980,664
4,981,662
4,982,665
4,983,664
4,984,670
4,985,650
4,986,657
4,987,665
4,988,663
4,989,665
4,990,663
4,991,663
4,992,662
4,993,663
4,994,663
4,995,670
4,996,663
4,997,661
4,998,657
4,999,661
4,1000,664
4,1001,662
4,1002,662
4,1003,656
4,1004,662
4,1005,663
4,1006,662
4,1007,667
4,1008,663
4,1009,661
4,1010,662
4,1011,661
4,1012,654
4,1013,654
4,1014,662
4,1015,650
4,1016,667
4,1017,657
4,1018,658
4,1019,661
4,1020,655
4,1021,652
4,1022,657
4,1023,657
5,0,663
5,1,658
5,2,659
5,3,659
5,4,661
5,5,653
5,6,652
5,7,656
5,8,659
5,9,657
5,10,673
5,11,673
5,12,648
5,13,664
5,14,656
5,15,657
5,16,649
5,17,653
5,18,656
5,19,659
5,20,656
5,21,658
5,22,651
5,23,660
5,24,654
5,25,651
5,26,661
5,27,653
5,28,653
5,29,664
5,30,664
5,31,653
5,32,654
5,33,652
5,34,654
5,35,652
5,36,656
5,37,657
5,38,660
5,39,654
5,40,659
5,41,660
5,42,657
5,43,650
5,44,663
5,45,656
5,46,653
5,47,659
5,48,658
5,49,648
5,50,656
5,51,657
5,52,652
5,53,656
5,54,655
5,55,654
5,56,657
5,57,653
5,58,659
5,59,655
5,60,655
5,61,663
5,62,660
5,63,663
5,64,666
5,65,654
5,66,668
5,67,679
5,68,668
5,69,656
5,70,657
5,71,656
5,72,663
5,73,654
5,74,657
5,75,654
5,76,657
5,77,652
5,78,657
5,79,655
5,80,663
5,81,655
5,82,657
5,83,666
5,84,658
5,85,660
5,86,648
5,87,648
5,88,657
5,89,654
5,90,650
5,91,645
5,92,666
5,93,655
5,94,653
5,95,658
5,96,658
5,97,658
5,98,664
5,99,654
5,100,670
5,101,669
5,102,676
5,103,682
5,104,673
5,105,668
5,106,672
5,107,666
5,108,658
5,109,662
5,110,660
5,111,658
5,112,668
5,113,662
5,114,666
5,115,664
5,116,670
5,117,670
5,118,656
5,119,654
5,120,666
5,121,671
5,122,674
5,123,659
5,124,660
5,125,669
5,126,666
5,127,656
5,128,665
5,129,657
5,130,663
5,131,656
5,132,665
5,133,655
5,134,659
5,135,670
5,136,665
5,137,659
5,138,667
5,139,665
5,140,664
5,141,669
5,142,667
5,143,657
5,144,665
5,145,656
5,146,655
5,147,662
5,148,674
5,149,652
5,150,660
5,151,663
5,152,663
5,153,662
5,154,653
5,155,656
5,156,652
5,157,661
5,158,664
5,159,662
5,160,651
5,161,666
5,162,658
5,163,663
5,164,666
5,165,655
5,166,661
5,167,650
5,168,662
5,169,660
5,170,665
5,171,665
5,172,658
5,173,662
5,174,662
5,175,665
5,176,661
5,177,661
5,178,668
5,179,675
5,180,656
5,181,676
5,182,660
5,183,658
5,184,659
5,185,664
5,186,654
5,187,668
5,188,688
5,189,673
5,190,666
5,191,662
5,192,659
5,193,668
5,194,658
5,195,665
5,196,662
5,197,661
5,198,655
5,199,655
5,200,661
5,201,661
5,202,664
5,203,656
5,204,656
5,205,664
5,206,665
5,207,667
5,208,662
5,209,668
5,210,674
5,211,668
5,212,666
5,213,668
5,214,667
5,215,663
5,216,656
5,217,668
5,218,669
5,219,665
5,220,662
5,221,666
5,222,658
5,223,657
5,224,662
5,225,664
5,226,659
5,227,652
5,228,659
5,229,665
5,230,664
5,231,670
5,232,657
5,233,658
5,234,664
5,235,660
5,236,669
5,237,655
5,238,659
5,239,669
5,240,664
5,241,657
5,242,664
5,243,661
5,244,670
5,245,661
5,246,657
5,247,660
5,248,662
5,249,668
5,250,663
5,251,660
5,252,664
5,253,656
5,254,668
5,255,670
5,256,658
5,257,660
5,258,663
5,259,656
5,260,661
5,261,663
5,262,666
5,263,665
5,264,664
5,265,661
5,266,664
5,267,663
5,268,657
5,269,679
5,270,659
5,271,666
5,272,666
5,273,662
5,274,666
5,275,659
5,276,663
5,277,659
5,278,665
5,279,664
5,280,665
5,281,659
5,282,661
5,283,665
5,284,677
5,285,653
5,286,660
5,287,661
5,288,661
5,289,658
5,290,660
5,291,659
5,292,663
5,293,662
5,294,661
5,295,662
5,296,660
5,297,665
5,298,663
5,299,663
5,300,659
5,301,670
5,302,659
5,303,661
5,304,668
5,305,669
5,306,666
5,307,670
5,308,660
5,309,660
5,310,661
5,311,657
5,312,660
5,313,667
5,314,658
5,315,668
5,316,657
5,317,657
5,318,662
5,319,661
5,320,667
5,321,667
5,322,664
5,323,659
5,324,664
5,325,660
5,326,662
5,327,672
5,328,659
5,329,655
5,330,662
5,331,659
5,332,660
5,333,665
5,334,661
5,335,661
5,336,665
5,337,662
5,338,657
5,339,668
5,340,664
5,341,665
5,342,660
5,343,658
5,344,661
5,345,662
5,346,660
5,347,664
5,348,674
5,349,668
5,350,662
5,351,668
5,352,667
5,353,675
5,354,663
5,355,662
5,356,664
5,357,659
5,358,656
5,359,669
5,360,656
5,361,659
5,362,669
5,363,658
5,364,659
5,365,657
5,366,661
5,367,663
5,368,664
5,369,672
5,370,662
5,371,664
5,372,664
5,373,665
5,374,664
5,375,662
5,376,676
5,377,664
5,378,655
5,379,661
5,380,662
5,381,658
5,382,662
5,383,661
5,384,667
5,385,664
5,386,666
5,387,662
5,388,660
5,389,661
5,390,658
5,391,657
5,392,663
5,393,656
5,394,663
5,395,666
5,396,657
5,397,662
5,398,666
5,399,665
5,400,670
5,401,670
5,402,666
5,403,659
5,404,661
5,405,653
5,406,655
5,407,669
5,408,667
5,409,659
5,410,659
5,411,663
5,412,666
5,413,663
5,414,665
5,415,664
5,416,659
5,417,665
5,418,660
5,419,658
5,420,662
5,421,664
5,422,659
5,423,660
5,424,659
5,425,661
5,426,668
5,427,659
5,428,658
5,429,663
5,430,660
5,431,671
5,432,653
5,433,662
5,434,663
5,435,660
5,436,659
5,437,659
5,438,663
5,439,661
5,440,662
5,441,662
5,442,667
5,443,663
5,444,666
5,445,653
5,446,663
5,447,658
5,448,670
5,449,664
5,450,665
5,451,664
5,452,665
5,453,663
5,454,657
5,455,662
5,456,659
5,457,661
5,458,669
5,459,662
5,460,672
5,461,665
5,462,664
5,463,679
5,464,662
5,465,663
5,466,659
5,467,662
5,468,664
5,469,678
5,470,665
5,471,658
5,472,659
5,473,673
5,474,662
5,475,661
5,476,663
5,477,671
5,478,664
5,479,665
5,480,671
5,481,657
5,482,666
5,483,658
5,484,662
5,485,659
5,486,656
5,487,661
5,488,654
5,489,660
5,490,660
5,491,663
5,492,649
5,493,671
5,494,666
5,495,665
5,496,675
5,497,659
5,498,663
5,499,661
5,500,673
5,501,662
5,502,668
5,503,665
5,504,665
5,505,666
5,506,662
5,507,667
5,508,662
5,509,667
5,510,676
5,511,666
5,512,664
5,513,670
5,514,666
5,515,655
5,516,659
5,517,660
5,518,669
5,519,659
5,520,668
5,521,670
5,522,668
5,523,665
5,524,662
5,525,661
5,526,662
5,527,662
5,528,666
5,529,659
5,530,664
5,531,663
5,532,660
5,533,667
5,534,661
5,535,669
5,536,667
5,537,667
5,538,669
5,539,667
5,540,667
5,541,659
5,542,662
5,543,669
5,544,665
5,545,665
5,546,672
5,547,667
5,548,669
5,549,665
5,550,668
5,551,666
5,552,664
5,553,673
5,554,668
5,555,676
5,556,673
5,557,676
5,558,675
5,559,670
5,560,675
5,561,680
5,562,675
5,563,665
5,564,670
5,565,664
5,566,666
5,567,671
5,568,673
5,569,661
5,570,662
5,571,668
5,572,664
5,573,676
5,574,658
5,575,661
5,576,664
5,577,671
5,578,672
5,579,670
5,580,668
5,581,669
5,582,664
5,583,664
5,584,673
5,585,670
5,586,673
5,587,665
5,588,677
5,589,664
5,590,663
5,591,671
5,592,666
5,593,666
5,594,675
5,595,664
5,596,657
5,597,662
5,598,668
5,599,674
5,600,665
5,601,651
5,602,671
5,603,662
5,604,663
5,605,663
5,606,665
5,607,666
5,608,676
5,609,664
5,610,668
5,611,663
5,612,662
5,613,668
5,614,661
5,615,663
5,616,667
5,617,665
5,618,668
5,619,667
5,620,661
5,621,665
5,622,663
5,623,661
5,624,666
5,625,656
5,626,661
5,627,655
5,628,655
5,629,665
5,630,659
5,631,667
5,632,666
5,633,658
5,634,656
5,635,663
5,636,659
5,637,667
5,638,661
5,639,662
5,640,667
5,641,661
5,642,655
5,643,662
5,644,663
5,645,658
5,646,662
5,647,660
5,648,659
5,649,675
5,650,678
5,651,663
5,652,664
5,653,672
5,654,672
5,655,672
5,656,667
5,657,665
5,658,661
5,659,663
5,660,665
5,661,665
5,662,672
5,663,653
5,664,670
5,665,669
5,666,657
5,667,663
5,668,660
5,669,663
5,670,659
5,671,660
5,672,665
5,673,661
5,674,662
5,675,655
5,676,663
5,677,659
5,678,668
5,679,668
5,680,665
5,681,674
5,682,661
5,683,660
5,684,658
5,685,661
5,686,665
5,687,663
5,688,660
5,689,663
5,690,656
5,691,672
5,692,658
5,693,670
5,694,657
5,695,665
5,696,656
5,697,655
5,698,672
5,699,663
5,700,663
5,701,670
5,702,659
5,703,658
5,704,663
5,705,659
5,706,660
5,707,655
5,708,660
5,709,661
5,710,663
5,711,656
5,712,662
5,713,661
5,714,654
5,715,654
5,716,667
5,717,657
5,718,654
5,719,666
5,720,651
5,721,657
5,722,666
5,723,659
5,724,662
5,725,666
5,726,664
5,727,659
5,728,664
5,729,661
5,730,666
5,731,661
5,732,663
5,733,662
5,734,665
5,735,659
5,736,658
5,737,658
5,738,663
5,739,660
5,740,660
5,741,656
5,742,656
5,743,660
5,744,661
5,745,657
5,746,663
5,747,662
5,748,671
5,749,656
5,750,656
5,751,657
5,752,654
5,753,658
5,754,658
5,755,663
5,756,658
5,757,671
5,758,660
5,759,660
5,760,657
5,761,659
5,762,657
5,763,662
5,764,669
5,765,661
5,766,652
5,767,666
5,768,661
5,769,661
5,770,664
5,771,657
5,772,661
5,773,671
5,774,664
5,775,665
5,776,659
5,777,667
5,778,663
5,779,662
5,780,659
5,781,672
5,782,672
5,783,656
5,784,664
5,785,658
5,786,658
5,787,652
5,788,653
5,789,665
5,790,663
5,791,669
5,792,666
5,793,659
5,794,654
5,795,658
5,796,664
5,797,662
5,798,673
5,799,662
5,800,654
5,801,665
5,802,656
5,803,657
5,804,660
5,805,657
5,806,654
5,807,664
5,808,662
5,809,661
5,810,653
5,811,656
5,812,659
5,813,660
5,814,659
5,815,657
5,816,656
5,817,664
5,818,659
5,819,663
5,820,667
5,821,660
5,822,670
5,823,670
5,824,664
5,825,659
5,826,659
5,827,665
5,828,654
5,829,663
5,830,659
5,831,663
5,832,657
5,833,663
5,834,662
5,835,660
5,836,661
5,837,662
5,838,662
5,839,654
5,840,665
5,841,656
5,842,660
5,843,660
5,844,658
5,845,664
5,846,653
5,847,660
5,848,660
5,849,659
5,850,662
5,851,659
5,852,665
5,853,671
5,854,664
5,855,658
5,856,672
5,857,667
5,858,667
5,859,661
5,860,659
5,861,657
5,862,661
5,863,660
5,864,663
5,865,652
5,866,666
5,867,661
5,868,663
5,869,662
5,870,668
5,871,663
5,872,656
5,873,665
5,874,662
5,875,659
5,876,673
5,877,667
5,878,660
5,879,664
5,880,660
5,881,660
5,882,656
5,883,664
5,884,659
5,885,662
5,886,660
5,887,668
5,888,659
5,889,655
5,890,662
5,891,654
5,892,658
5,893,656
5,894,648
5,895,658
5,896,657
5,897,653
5,898,663
5,899,663
5,900,659
5,901,661
5,902,656
5,903,668
5,904,666
5,905,664
5,906,663
5,907,658
5,908,662
5,909,660
5,910,655
5,911,657
5,912,662
5,913,657
5,914,665
5,915,663
5,916,660
5,917,662
5,918,659
5,919,661
5,920,664
5,921,660
5,922,658
5,923,655
5,924,653
5,925,659
5,926,651
5,927,657
5,928,656
5,929,669
5,930,664
5,931,657
5,932,661
5,933,657
5,934,659
5,935,654
5,936,655
5,937,656
5,938,651
5,939,660
5,940,658
5,941,656
5,942,663
5,943,655
5,944,662
5,945,665
5,946,663
5,947,653
5,948,665
5,949,658
5,950,662
5,951,660
5,952,658
5,953,660
5,954,650
5,955,656
5,956,657
5,957,660
5,958,659
5,959,664
5,960,663
5,961,659
5,962,655
5,963,660
5,964,659
5,965,664
5,966,662
5,967,663
5,968,660
5,969,663
5,970,659
5,971,667
5,972,662
5,973,664
5,974,660
5,975,662
5,976,657
5,977,662
5,978,664
5,979,661
5,980,660
5,981,655
5,982,657
5,983,670
5,984,660
5,985,659
5,986,657
5,987,656
5,988,658
5,989,659
5,990,657
5,991,663
5,992,665
5,993,657
5,994,663
5,995,656
5,996,667
5,997,665
5,998,659
5,999,655
5,1000,662
5,1001,664
5,1002,661
5,1003,658
5,1004,659
5,1005,656
5,1006,658
5,1007,672
5,1008,661
5,1009,655
5,1010,657
5,1011,657
5,1012,656
5,1013,659
5,1014,659
5,1015,659
5,1016,656
5,1017,655
5,1018,660
5,1019,659
5,1020,648
5,1021,660
5,1022,649
5,1023,661
6,0,655
6,1,656
6,2,654
6,3,664
6,4,659
6,5,656
6,6,661
6,7,663
6,8,661
6,9,660
6,10,666
6,11,666
6,12,656
6,13,652
6,14,659
6,15,659
6,16,662
6,17,656
6,18,647
6,19,651
6,20,660
6,21,652
6,22,652
6,23,661
6,24,666
6,25,655
6,26,652
6,27,651
6,28,656
6,29,660
6,30,663
6,31,661
6,32,654
6,33,658
6,34,653
6,35,653
6,36,651
6,37,671
6,38,652
6,39,651
6,40,657
6,41,657
6,42,659
6,43,656
6,44,661
6,45,656
6,46,652
6,47,652
6,48,660
6,49,651
6,50,655
6,51,653
6,52,652
6,53,664
6,54,665
6,55,651
6,56,656
6,57,652
6,58,650
6,59,652
6,60,651
6,61,658
6,62,659
6,63,657
6,64,670
6,65,663
6,66,667
6,67,663
6,68,661
6,69,658
6,70,658
6,71,658
6,72,668
6,73,654
6,74,658
6,75,658
6,76,656
6,77,655
6,78,663
6,79,658
6,80,666
6,81,658
6,82,663
6,83,661
6,84,654
6,85,652
6,86,663
6,87,657
6,88,652
6,89,653
6,90,658
6,91,649
6,92,656
6,93,653
6,94,651
6,95,658
6,96,650
6,97,662
6,98,664
6,99,672
6,100,668
6,101,670
6,102,662
6,103,686
6,104,665
6,105,664
6,106,670
6,107,667
6,108,669
6,109,659
6,110,664
6,111,675
6,112,659
6,113,661
6,114,667
6,115,661
6,116,667
6,117,659
6,118,660
6,119,652
6,120,663
6,121,670
6,122,663
6,123,675
6,124,660
6,125,656
6,126,657
6,127,660
6,128,665
6,129,665
6,130,664
6,131,662
6,132,664
6,133,661
6,134,663
6,135,663
6,136,666
6,137,668
6,138,667
6,139,661
6,140,666
6,141,670
6,142,656
6,143,664
6,144,658
6,145,665
6,146,659
6,147,666
6,148,656
6,149,664
6,150,660
6,151,665
6,152,662
6,153,657
6,154,657
6,155,659
6,156,660
6,157,659
6,158,657
6,159,658
6,160,673
6,161,668
6,162,663
6,163,667
6,164,662
6,165,662
6,166,659
6,167,656
6,168,662
6,169,661
6,170,666
6,171,662
6,172,660
6,173,667
6,174,664
6,175,657
6,176,665
6,177,660
6,178,658
6,179,669
6,180,659
6,181,666
6,182,661
6,183,665
6,184,655
6,185,663
6,186,656
6,187,667
6,188,691
6,189,661
6,190,654
6,191,664
6,192,655
6,193,668
6,194,662
6,195,661
6,196,667
6,197,661
6,198,666
6,199,658
6,200,651
6,201,663
6,202,655
6,203,664
6,204,662
6,205,662
6,206,664
6,207,666
6,208,659
6,209,662
6,210,667
6,211,673
6,212,656
6,213,658
6,214,660
6,215,668
6,216,662
6,217,660
6,218,664
6,219,662
6,220,657
6,221,659
6,222,666
6,223,659
6,224,660
6,225,658
6,226,659
6,227,666
6,228,658
6,229,666
6,230,667
6,231,667
6,232,661
6,233,660
6,234,658
6,235,658
6,236,664
6,237,659
6,238,657
6,239,659
6,240,661
6,241,651
6,242,654
6,243,663
6,244,666
6,245,664
6,246,677
6,247,664
6,248,658
6,249,661
6,250,655
6,251,673
6,252,657
6,253,660
6,254,671
6,255,664
6,256,660
6,257,658
6,258,666
6,259,657
6,260,662
6,261,658
6,262,671
6,263,675
6,264,657
6,265,664
6,266,653
6,267,657
6,268,661
6,269,674
6,270,665
6,271,668
6,272,664
6,273,668
6,274,668
6,275,662
6,276,659
6,277,665
6,278,659
6,279,662
6,280,656
6,281,659
6,282,664
6,283,658
6,284,664
6,285,655
6,286,664
6,287,661
6,288,659
6,289,664
6,290,660
6,291,658
6,292,660
6,293,658
6,294,662
6,295,661
6,296,661
6,297,664
6,298,667
6,299,659
6,300,658
6,301,663
6,302,657
6,303,655
6,304,656
6,305,668
6,306,657
6,307,667
6,308,671
6,309,663
6,310,653
6,311,657
6,312,656
6,313,667
6,314,663
6,315,662
6,316,662
6,317,658
6,318,659
6,319,659
6,320,663
6,321,660
6,322,661
6,323,670
6,324,676
6,325,667
6,326,663
6,327,664
6,328,663
6,329,660
6,330,658
6,331,663
6,332,662
6,333,655
6,334,659
6,335,662
6,336,664
6,337,662
6,338,657
6,339,674
6,340,668
6,341,660
6,342,660
6,343,657
6,344,664
6,345,664
6,346,653
6,347,661
6,348,667
6,349,661
6,350,665
6,351,658
6,352,658
6,353,665
6,354,668
6,355,654
6,356,661
6,357,654
6,358,661
6,359,669
6,360,654
6,361,662
6,362,658
6,363,660
6,364,671
6,365,667
6,366,659
6,367,667
6,368,663
6,369,671
6,370,663
6,371,656
6,372,666
6,373,667
6,374,660
6,375,664
6,376,656
6,377,660
6,378,661
6,379,663
6,380,662
6,381,656
6,382,663
6,383,672
6,384,663
6,385,664
6,386,658
6,387,657
6,388,667
6,389,663
6,390,664
6,391,661
6,392,662
6,393,658
6,394,667
6,395,662
6,396,660
6,397,657
6,398,665
6,399,669
6,400,668
6,401,662
6,402,666
6,403,658
6,404,660
6,405,665
6,406,667
6,407,663
6,408,665
6,409,668
6,410,671
6,411,673
6,412,660
6,413,665
6,414,675
6,415,662
6,416,673
6,417,658
6,418,656
6,419,659
6,420,659
6,421,671
6,422,669
6,423,659
6,424,663
6,425,660
6,426,667
6,427,664
6,428,661
6,429,658
6,430,656
6,431,657
6,432,653
6,433,669
6,434,667
6,435,657
6,436,659
6,437,660
6,438,664
6,439,660
6,440,660
6,441,664
6,442,671
6,443,664
6,444,666
6,445,659
6,446,661
6,447,670
6,448,670
6,449,664
6,450,656
6,451,660
6,452,664
6,453,669
6,454,662
6,455,661
6,456,667
6,457,660
6,458,659
6,459,668
6,460,668
6,461,670
6,462,659
6,463,671
6,464,659
6,465,657
6,466,660
6,467,670
6,468,664
6,469,678
6,470,663
6,471,661
6,472,669
6,473,667
6,474,664
6,475,665
6,476,662
6,477,663
6,478,658
6,479,665
6,480,662
6,481,672
6,482,658
6,483,660
6,484,661
6,485,668
6,486,663
6,487,671
6,488,676
6,489,668
6,490,663
6,491,662
6,492,666
6,493,664
6,494,669
6,495,657
6,496,665
6,497,661
6,498,668
6,499,672
6,500,662
6,501,660
6,502,662
6,503,673
6,504,660
6,505,667
6,506,666
6,507,669
6,508,668
6,509,666
6,510,673
6,511,666
6,512,673
6,513,671
6,514,663
6,515,658
6,516,663
6,517,657
6,518,660
6,519,661
6,520,667
6,521,669
6,522,663
6,523,660
6,524,662
6,525,656
6,526,666
6,527,661
6,528,665
6,529,665
6,530,668
6,531,656
6,532,669
6,533,661
6,534,667
6,535,667
6,536,669
6,537,662
6,538,664
6,539,659
6,540,666
6,541,663
6,542,669
6,543,668
6,544,660
6,545,667
6,546,676
6,547,672
6,548,674
6,549,675
6,550,680
6,551,666
6,552,669
6,553,674
6,554,675
6,555,676
6,556,671
6,557,669
6,558,675
6,559,675
6,560,681
6,561,680
6,562,683
6,563,676
6,564,675
6,565,663
6,566,668
6,567,667
6,568,674
6,569,681
6,570,667
6,571,667
6,572,670
6,573,675
6,574,668
6,575,676
6,576,673
6,577,668
6,578,675
6,579,669
6,580,665
6,581,670
6,582,662
6,583,660
6,584,659
6,585,672
6,586,663
6,587,667
6,588,670
6,589,663
6,590,663
6,591,662
6,592,659
6,593,661
6,594,664
6,595,668
6,596,661
6,597,661
6,598,664
6,599,674
6,600,658
6,601,673
6,602,661
6,603,673
6,604,674
6,605,668
6,606,668
6,607,672
6,608,669
6,609,663
6,610,671
6,611,659
6,612,664
6,613,667
6,614,661
6,615,660
6,616,666
6,617,665
6,618,665
6,619,655
6,620,660
6,621,666
6,622,668
6,623,667
6,624,659
6,625,660
6,626,669
6,627,657
6,628,668
6,629,665
6,630,668
6,631,662
6,632,670
6,633,658
6,634,665
6,635,665
6,636,660
6,637,657
6,638,660
6,639,661
6,640,668
6,641,660
6,642,657
6,643,666
6,644,665
6,645,658
6,646,658
6,647,663
6,648,661
6,649,674
6,650,682
6,651,662
6,652,666
6,653,662
6,654,666
6,655,657
6,656,662
6,657,664
6,658,661
6,659,664
6,660,671
6,661,671
6,662,666
6,663,662
6,664,663
6,665,670
6,666,663
6,667,660
6,668,668
6,669,650
6,670,656
6,671,658
6,672,665
6,673,661
6,674,670
6,675,665
6,676,667
6,677,658
6,678,677
6,679,659
6,680,669
6,681,664
6,682,661
6,683,661
6,684,667
6,685,663
6,686,664
6,687,660
6,688,666
6,689,663
6,690,665
6,691,656
6,692,662
6,693,656
6,694,656
6,695,664
6,696,665
6,697,663
6,698,657
6,699,658
6,700,658
6,701,657
6,702,664
6,703,665
6,704,666
6,705,663
6,706,673
6,707,660
6,708,656
6,709,666
6,710,663
6,711,656
6,712,661
6,713,661
6,714,663
6,715,655
6,716,654
6,717,653
6,718,654
6,719,663
6,720,669
6,721,657
6,722,660
6,723,665
6,724,671
6,725,666
6,726,661
6,727,658
6,728,658
6,729,670
6,730,655
6,731,667
6,732,660
6,733,667
6,734,656
6,735,662
6,736,669
6,737,662
6,738,664
6,739,670
6,740,667
6,741,661
6,742,665
6,743,656
6,744,663
6,745,676
6,746,659
6,747,660
6,748,661
6,749,668
6,750,659
6,751,655
6,752,663
6,753,657
6,754,657
6,755,655
6,756,672
6,757,672
6,758,665
6,759,657
6,760,657
6,761,660
6,762,661
6,763,661
6,764,659
6,765,659
6,766,665
6,767,657
6,768,658
6,769,659
6,770,674
6,771,671
6,772,666
6,773,659
6,774,657
6,775,658
6,776,662
6,777,665
6,778,656
6,779,658
6,780,665
6,781,668
6,782,651
6,783,659
6,784,671
6,785,658
6,786,656
6,787,657
6,788,665
6,789,659
6,790,658
6,791,659
6,792,651
6,793,661
6,794,666
6,795,657
6,796,659
6,797,662
6,798,664
6,799,663
6,800,658
6,801,659
6,802,667
6,803,658
6,804,659
6,805,663
6,806,656
6,807,662
6,808,659
6,809,658
6,810,664
6,811,663
6,812,655
6,813,663
6,814,662
6,815,667
6,816,666
6,817,660
6,818,658
6,819,653
6,820,666
6,821,661
6,822,665
6,823,665
6,824,668
6,825,664
6,826,661
6,827,660
6,828,660
6,829,663
6,830,666
6,831,665
6,832,657
6,833,661
6,834,659
6,835,663
6,836,666
6,837,663
6,838,658
6,839,662
6,840,659
6,841,657
6,842,667
6,843,662
6,844,667
6,845,654
6,846,667
6,847,664
6,848,663
6,849,655
6,850,663
6,851,657
6,852,668
6,853,680
6,854,667
6,855,658
6,856,665
6,857,675
6,858,665
6,859,663
6,860,654
6,861,655
6,862,660
6,863,655
6,864,660
6,865,665
6,866,655
6,867,651
6,868,664
6,869,656
6,870,668
6,871,663
6,872,660
6,873,655
6,874,672
6,875,657
6,876,668
6,877,663
6,878,659
6,879,661
6,880,665
6,881,663
6,882,663
6,883,663
6,884,652
6,885,658
6,886,658
6,887,663
6,888,659
6,889,657
6,890,663
6,891,654
6,892,661
6,893,658
6,894,659
6,895,658
6,896,655
6,897,661
6,898,657
6,899,658
6,900,663
6,901,662
6,902,661
6,903,659
6,904,659
6,905,666
6,906,673
6,907,661
6,908,655
6,909,667
6,910,664
6,911,669
6,912,657
6,913,657
6,914,660
6,915,670
6,916,665
6,917,660
6,918,658
6,919,669
6,920,673
6,921,661
6,922,664
6,923,653
6,924,664
6,925,656
6,926,657
6,927,663
6,928,663
6,929,655
6,930,670
6,931,662
6,932,655
6,933,670
6,934,674
6,935,667
6,936,661
6,937,661
6,938,656
6,939,663
6,940,666
6,941,661
6,942,657
6,943,659
6,944,655
6,945,660
6,946,660
6,947,667
6,948,658
6,949,662
6,950,655
6,951,657
6,952,661
6,953,656
6,954,658
6,955,655
6,956,665
6,957,662
6,958,652
6,959,663
6,960,666
6,961,663
6,962,665
6,963,664
6,964,651
6,965,664
6,966,662
6,967,661
6,968,656
6,969,657
6,970,655
6,971,662
6,972,658
6,973,662
6,974,656
6,975,656
6,976,661
6,977,657
6,978,656
6,979,660
6,980,663
6,981,659
6,982,664
6,983,673
6,984,652
6,985,657
6,986,661
6,987,660
6,988,659
6,989,661
6,990,659
6,991,659
6,992,664
6,993,663
6,994,665
6,995,658
6,996,665
6,997,662
6,998,657
6,999,660
6,1000,662
6,1001,657
6,1002,649
6,1003,662
6,1004,661
6,1005,658
6,1006,660
6,1007,655
6,1008,660
6,1009,656
6,1010,655
6,1011,656
6,1012,655
6,1013,656
6,1014,653
6,1015,656
6,1016,665
6,1017,649
6,1018,658
6,1019,665
6,1020,650
6,1021,651
6,1022,659
6,1023,656
7,0,648
7,1,656
7,2,654
7,3,655
7,4,663
7,5,663
7,6,654
7,7,649
7,8,660
7,9,656
7,10,670
7,11,662
7,12,658
7,13,656
7,14,658
7,15,664
7,16,657
7,17,653
7,18,655
7,19,659
7,20,654
7,21,658
7,22,651
7,23,661
7,24,662
7,25,662
7,26,649
7,27,654
7,28,656
7,29,659
7,30,652
7,31,657
7,32,649
7,33,660
7,34,654
7,35,652
7,36,653
7,37,659
7,38,655
7,39,660
7,40,652
7,41,656
7,42,662
7,43,650
7,44,660
7,45,654
7,46,653
7,47,660
7,48,660
7,49,657
7,50,649
7,51,657
7,52,646
7,53,662
7,54,651
7,55,655
7,56,657
7,57,661
7,58,656
7,59,654
7,60,657
7,61,659
7,62,659
7,63,661
7,64,663
7,65,669
7,66,659
7,67,662
7,68,672
7,69,654
7,70,665
7,71,659
7,72,670
7,73,657
7,74,650
7,75,655
7,76,658
7,77,653
7,78,659
7,79,658
7,80,663
7,81,656
7,82,652
7,83,659
7,84,659
7,85,653
7,86,659
7,87,655
7,88,659
7,89,658
7,90,648
7,91,651
7,92,652
7,93,657
7,94,657
7,95,658
7,96,650
7,97,654
7,98,670
7,99,662
7,100,666
7,101,661
7,102,660
7,103,677
7,104,670
7,105,660
7,106,664
7,107,665
7,108,668
7,109,670
7,110,667
7,111,681
7,112,665
7,113,660
7,114,671
7,115,665
7,116,664
7,117,662
7,118,666
7,119,665
7,120,667
7,121,659
7,122,668
7,123,667
7,124,662
7,125,663
7,126,664
7,127,669
7,128,675
7,129,657
7,130,657
7,131,655
7,132,663
7,133,663
7,134,657
7,135,659
7,136,655
7,137,670
7,138,666
7,139,656
7,140,665
7,141,667
7,142,662
7,143,666
7,144,666
7,145,661
7,146,658
7,147,667
7,148,669
7,149,666
7,150,663
7,151,657
7,152,664
7,153,663
7,154,667
7,155,658
7,156,670
7,157,670
7,158,660
7,159,659
7,160,663
7,161,663
7,162,659
7,163,666
7,164,658
7,165,652
7,166,655
7,167,657
7,168,666
7,169,666
7,170,668
7,171,662
7,172,657
7,173,665
7,174,660
7,175,661
7,176,665
7,177,661
7,178,660
7,179,673
7,180,668
7,181,672
7,182,674
7,183,660
7,184,657
7,185,663
7,186,666
7,187,668
7,188,684
7,189,667
7,190,662
7,191,666
7,192,660
7,193,658
7,194,661
7,195,664
7,196,663
7,197,669
7,198,663
7,199,662
7,200,655
7,201,660
7,202,661
7,203,666
7,204,663
7,205,661
7,206,659
7,207,668
7,208,656
7,209,670
7,210,662
7,211,667
7,212,671
7,213,667
7,214,663
7,215,661
7,216,661
7,217,661
7,218,666
7,219,665
7,220,671
7,221,667
7,222,661
7,223,661
7,224,659
7,225,665
7,226,662
7,227,662
7,228,656
7,229,660
7,230,654
7,231,671
7,232,663
7,233,656
7,234,660
7,235,664
7,236,666
7,237,666
7,238,673
7,239,659
7,240,664
7,241,664
7,242,656
7,243,661
7,244,657
7,245,660
7,246,659
7,247,668
7,248,655
7,249,659
7,250,665
7,251,667
7,252,662
7,253,659
7,254,668
7,255,670
7,256,670
7,257,671
7,258,670
7,259,659
7,260,670
7,261,662
7,262,659
7,263,667
7,264,662
7,265,664
7,266,664
7,267,668
7,268,663
7,269,692
7,270,657
7,271,662
7,272,662
7,273,661
7,274,665
7,275,663
7,276,656
7,277,659
7,278,666
7,279,667
7,280,658
7,281,665
7,282,666
7,283,655
7,284,668
7,285,656
7,286,663
7,287,666
7,288,659
7,289,656
7,290,658
7,291,655
7,292,663
7,293,664
7,294,667
7,295,664
7,296,663
7,297,661
7,298,660
7,299,658
7,300,652
7,301,658
7,302,662
7,303,660
7,304,662
7,305,660
7,306,661
7,307,674
7,308,667
7,309,664
7,310,662
7,311,664
7,312,667
7,313,670
7,314,653
7,315,659
7,316,658
7,317,660
7,318,667
7,319,664
7,320,682
7,321,672
7,322,663
7,323,663
7,324,669
7,325,655
7,326,663
7,327,670
7,328,662
7,329,661
7,330,666
7,331,660
7,332,661
7,333,658
7,334,653
7,335,660
7,336,664
7,337,664
7,338,664
7,339,677
7,340,664
7,341,669
7,342,663
7,343,668
7,344,667
7,345,659
7,346,657
7,347,659
7,348,671
7,349,663
7,350,662
7,351,659
7,352,658
7,353,672
7,354,658
7,355,663
7,356,664
7,357,660
7,358,659
7,359,664
7,360,659
7,361,656
7,362,665
7,363,665
7,364,659
7,365,665
7,366,661
7,367,660
7,368,659
7,369,664
7,370,661
7,371,656
7,372,659
7,373,659
7,374,660
7,375,652
7,376,654
7,377,657
7,378,664
7,379,664
7,380,653
7,381,658
7,382,665
7,383,666
7,384,656
7,385,671
7,386,655
7,387,661
7,388,662
7,389,659
7,390,656
7,391,663
7,392,662
7,393,664
7,394,658
7,395,659
7,396,664
7,397,665
7,398,661
7,399,656
7,400,664
7,401,665
7,402,662
7,403,663
7,404,662
7,405,660
7,406,658
7,407,668
7,408,663
7,409,665
7,410,674
7,411,654
7,412,658
7,413,672
7,414,665
7,415,655
7,416,660
7,417,663
7,418,670
7,419,664
7,420,662
7,421,658
7,422,661
7,423,655
7,424,663
7,425,658
7,426,667
7,427,664
7,428,662
7,429,664
7,430,653
7,431,659
7,432,653
7,433,663
7,434,657
7,435,665
7,436,663
7,437,666
7,438,665
7,439,659
7,440,654
7,441,665
7,442,664
7,443,661
7,444,657
7,445,658
7,446,669
7,447,661
7,448,663
7,449,662
7,450,668
7,451,666
7,452,666
7,453,664
7,454,658
7,455,661
7,456,658
7,457,663
7,458,663
7,459,671
7,460,667
7,461,670
7,462,667
7,463,676
7,464,657
7,465,673
7,466,657
7,467,659
7,468,662
7,469,672
7,470,659
7,471,665
7,472,668
7,473,657
7,474,662
7,475,667
7,476,666
7,477,664
7,478,651
7,479,660
7,480,658
7,481,661
7,482,661
7,483,662
7,484,665
7,485,669
7,486,660
7,487,664
7,488,660
7,489,673
7,490,659
7,491,660
7,492,661
7,493,662
7,494,673
7,495,665
7,496,660
7,497,670
7,498,657
7,499,664
7,500,668
7,501,667
7,502,660
7,503,668
7,504,668
7,505,672
7,506,668
7,507,677
7,508,662
7,509,672
7,510,676
7,511,662
7,512,663
7,513,663
7,514,662
7,515,661
7,516,662
7,517,663
7,518,663
7,519,661
7,520,667
7,521,673
7,522,664
7,523,664
7,524,660
7,525,665
7,526,677
7,527,664
7,528,657
7,529,667
7,530,672
7,531,663
7,532,661
7,533,664
7,534,664
7,535,664
7,536,666
7,537,659
7,538,662
7,539,665
7,540,668
7,541,665
7,542,664
7,543,664
7,544,665
7,545,654
7,546,667
7,547,674
7,548,672
7,549,670
7,550,670
7,551,672
7,552,669
7,553,679
7,554,674
7,555,682
7,556,678
7,557,676
7,558,678
7,559,676
7,560,675
7,561,683
7,562,688
7,563,672
7,564,672
7,565,661
7,566,665
7,567,666
7,568,673
7,569,671
7,570,666
7,571,669
7,572,669
7,573,671
7,574,671
7,575,665
7,576,665
7,577,667
7,578,670
7,579,666
7,580,675
7,581,662
7,582,666
7,583,675
7,584,667
7,585,668
7,586,668
7,587,656
7,588,668
7,589,668
7,590,667
7,591,665
7,592,657
7,593,668
7,594,669
7,595,666
7,596,665
7,597,661
7,598,664
7,599,669
7,600,661
7,601,665
7,602,657
7,603,664
7,604,654
7,605,672
7,606,670
7,607,659
7,608,663
7,609,663
7,610,662
7,611,661
7,612,665
7,613,668
7,614,658
7,615,666
7,616,656
7,617,660
7,618,669
7,619,657
7,620,659
7,621,666
7,622,662
7,623,662
7,624,669
7,625,659
7,626,661
7,627,655
7,628,666
7,629,664
7,630,668
7,631,662
7,632,660
7,633,662
7,634,663
7,635,661
7,636,662
7,637,659
7,638,659
7,639,661
7,640,664
7,641,670
7,642,661
7,643,663
7,644,679
7,645,661
7,646,657
7,647,652
7,648,665
7,649,669
7,650,697
7,651,668
7,652,668
7,653,663
7,654,667
7,655,663
7,656,656
7,657,665
7,658,659
7,659,660
7,660,666
7,661,669
7,662,659
7,663,668
7,664,669
7,665,664
7,666,661
7,667,653
7,668,658
7,669,662
7,670,659
7,671,661
7,672,657
7,673,664
7,674,661
7,675,671
7,676,656
7,677,668
7,678,677
7,679,663
7,680,662
7,681,668
7,682,661
7,683,665
7,684,663
7,685,662
7,686,659
7,687,666
7,688,662
7,689,662
7,690,665
7,691,655
7,692,663
7,693,671
7,694,661
7,695,655
7,696,659
7,697,667
7,698,662
7,699,656
7,700,658
7,701,662
7,702,663
7,703,660
7,704,667
7,705,665
7,706,665
7,707,660
7,708,659
7,709,652
7,710,664
7,711,663
7,712,664
7,713,666
7,714,663
7,715,659
7,716,661
7,717,657
7,718,658
7,719,665
7,720,657
7,721,658
7,722,667
7,723,664
7,724,665
7,725,666
7,726,657
7,727,659
7,728,662
7,729,665
7,730,662
7,731,675
7,732,666
7,733,667
7,734,666
7,735,655
7,736,659
7,737,665
7,738,667
7,739,666
7,740,671
7,741,661
7,742,658
7,743,652
7,744,670
7,745,660
7,746,670
7,747,666
7,748,659
7,749,664
7,750,666
7,751,658
7,752,661
7,753,667
7,754,662
7,755,659
7,756,664
7,757,672
7,758,667
7,759,666
7,760,662
7,761,659
7,762,659
7,763,664
7,764,659
7,765,661
7,766,666
7,767,668
7,768,663
7,769,656
7,770,663
7,771,669
7,772,665
7,773,660
7,774,653
7,775,668
7,776,662
7,777,663
7,778,666
7,779,667
7,780,662
7,781,668
7,782,659
7,783,664
7,784,665
7,785,667
7,786,659
7,787,654
7,788,657
7,789,658
7,790,666
7,791,656
7,792,661
7,793,668
7,794,655
7,795,657
7,796,658
7,797,666
7,798,665
7,799,664
7,800,657
7,801,661
7,802,656
7,803,655
7,804,659
7,805,661
7,806,664
7,807,662
7,808,655
7,809,664
7,810,661
7,811,660
7,812,666
7,813,661
7,814,663
7,815,662
7,816,672
7,817,662
7,818,654
7,819,658
7,820,653
7,821,664
7,822,656
7,823,658
7,824,654
7,825,662
7,826,667
7,827,663
7,828,655
7,829,660
7,830,662
7,831,668
7,832,655
7,833,667
7,834,658
7,835,666
7,836,670
7,837,661
7,838,667
7,839,661
7,840,660
7,841,660
7,842,665
7,843,659
7,844,666
7,845,660
7,846,659
7,847,657
7,848,661
7,849,659
7,850,660
7,851,667
7,852,662
7,853,667
7,854,656
7,855,658
7,856,662
7,857,661
7,858,659
7,859,661
7,860,661
7,861,668
7,862,665
7,863,659
7,864,658
7,865,658
7,866,661
7,867,658
7,868,658
7,869,667
7,870,660
7,871,662
7,872,654
7,873,665
7,874,666
7,875,655
7,876,676
7,877,659
7,878,664
7,879,661
7,880,658
7,881,657
7,882,656
7,883,659
7,884,657
7,885,663
7,886,672
7,887,661
7,888,669
7,889,658
7,890,657
7,891,659
7,892,659
7,893,661
7,894,660
7,895,658
7,896,659
7,897,660
7,898,661
7,899,653
7,900,657
7,901,661
7,902,656
7,903,661
7,904,664
7,905,660
7,906,657
7,907,661
7,908,655
7,909,665
7,910,659
7,911,666
7,912,662
7,913,662
7,914,655
7,915,664
7,916,659
7,917,652
7,918,666
7,919,656
7,920,666
7,921,657
7,922,662
7,923,664
7,924,659
7,925,656
7,926,656
7,927,664
7,928,662
7,929,663
7,930,656
7,931,655
7,932,662
7,933,665
7,934,653
7,935,663
7,936,659
7,937,659
7,938,666
7,939,656
7,940,657
7,941,657
7,942,661
7,943,652
7,944,663
7,945,662
7,946,659
7,947,662
7,948,656
7,949,655
7,950,664
7,951,664
7,952,658
7,953,659
7,954,659
7,955,668
7,956,661
7,957,663
7,958,653
7,959,664
7,960,670
7,961,660
7,962,664
7,963,666
7,964,657
7,965,665
7,966,656
7,967,665
7,968,661
7,969,663
7,970,663
7,971,660
7,972,663
7,973,668
7,974,661
7,975,653
7,976,655
7,977,660
7,978,659
7,979,665
7,980,664
7,981,653
7,982,656
7,983,669
7,984,664
7,985,659
7,986,655
7,987,658
7,988,658
7,989,666
7,990,659
7,991,665
7,992,664
7,993,661
7,994,665
7,995,657
7,996,666
7,997,667
7,998,650
7,999,655
7,1000,663
7,1001,657
7,1002,657
7,1003,651
7,1004,665
7,1005,656
7,1006,655
7,1007,653
7,1008,663
7,1009,656
7,1010,663
7,1011,657
7,1012,654
7,1013,657
7,1014,658
7,1015,651
7,1016,661
7,1017,659
7,1018,656
7,1019,666
7,1020,656
7,1021,662
7,1022,659
7,1023,657
8,0,662
8,1,655
8,2,664
8,3,658
8,4,657
8,5,658
8,6,655
8,7,667
8,8,659
8,9,652
8,10,671
8,11,669
8,12,658
8,13,654
8,14,651
8,15,655
8,16,651
8,17,651
8,18,655
8,19,654
8,20,651
8,21,658
8,22,651
8,23,658
8,24,652
8,25,661
8,26,653
8,27,657
8,28,655
8,29,658
8,30,654
8,31,659
8,32,657
8,33,645
8,34,654
8,35,655
8,36,657
8,37,664
8,38,659
8,39,659
8,40,654
8,41,654
8,42,652
8,43,659
8,44,656
8,45,659
8,46,665
8,47,662
8,48,659
8,49,660
8,50,655
8,51,658
8,52,659
8,53,658
8,54,656
8,55,657
8,56,652
8,57,655
8,58,658
8,59,657
8,60,647
8,61,655
8,62,655
8,63,665
8,64,667
8,65,665
8,66,666
8,67,673
8,68,663
8,69,655
8,70,653
8,71,660
8,72,673
8,73,661
8,74,649
8,75,659
8,76,660
8,77,651
8,78,666
8,79,663
8,80,671
8,81,652
8,82,660
8,83,661
8,84,655
8,85,656
8,86,651
8,87,657
8,88,660
8,89,643
8,90,651
8,91,654
8,92,653
8,93,656
8,94,657
8,95,666
8,96,655
8,97,656
8,98,659
8,99,659
8,100,655
8,101,658
8,102,671
8,103,678
8,104,674
8,105,673
8,106,666
8,107,662
8,108,660
8,109,662
8,110,665
8,111,670
8,112,668
8,113,668
8,114,666
8,115,672
8,116,661
8,117,661
8,118,662
8,119,667
8,120,662
8,121,662
8,122,673
8,123,665
8,124,660
8,125,667
8,126,662
8,127,653
8,128,666
8,129,655
8,130,658
8,131,661
8,132,655
8,133,667
8,134,666
8,135,661
8,136,654
8,137,657
8,138,660
8,139,663
8,140,657
8,141,663
8,142,663
8,143,665
8,144,664
8,145,670
8,146,657
8,147,663
8,148,670
8,149,673
8,150,674
8,151,661
8,152,659
8,153,664
8,154,660
8,155,664
8,156,659
8,157,663
8,158,662
8,159,662
8,160,651
8,161,661
8,162,660
8,163,667
8,164,655
8,165,667
8,166,661
8,167,660
8,168,662
8,169,655
8,170,658
8,171,658
8,172,663
8,173,665
8,174,657
8,175,662
8,176,659
8,177,656
8,178,661
8,179,679
8,180,662
8,181,659
8,182,663
8,183,659
8,184,655
8,185,660
8,186,661
8,187,661
8,188,676
8,189,659
8,190,664
8,191,665
8,192,659
8,193,661
8,194,666
8,195,663
8,196,659
8,197,663
8,198,666
8,199,658
8,200,664
8,201,660
8,202,651
8,203,665
8,204,665
8,205,653
8,206,661
8,207,672
8,208,660
8,209,662
8,210,659
8,211,667
8,212,664
8,213,663
8,214,667
8,215,663
8,216,665
8,217,662
8,218,662
8,219,664
8,220,656
8,221,666
8,222,660
8,223,660
8,224,663
8,225,664
8,226,665
8,227,658
8,228,660
8,229,659
8,230,671
8,231,661
8,232,662
8,233,658
8,234,660
8,235,658
8,236,669
8,237,663
8,238,656
8,239,660
8,240,665
8,241,661
8,242,665
8,243,658
8,244,665
8,245,655
8,246,661
8,247,660
8,248,668
8,249,664
8,250,663
8,251,658
8,252,662
8,253,648
8,254,669
8,255,663
8,256,663
8,257,657
8,258,655
8,259,659
8,260,664
8,261,658
8,262,669
8,263,672
8,264,664
8,265,656
8,266,656
8,267,665
8,268,673
8,269,671
8,270,668
8,271,658
8,272,661
8,273,664
8,274,673
8,275,652
8,276,661
8,277,658
8,278,663
8,279,655
8,280,659
8,281,660
8,282,658
8,283,666
8,284,668
8,285,660
8,286,664
8,287,661
8,288,659
8,289,659
8,290,657
8,291,659
8,292,668
8,293,660
8,294,658
8,295,671
8,296,669
8,297,659
8,298,658
8,299,670
8,300,656
8,301,665
8,302,659
8,303,656
8,304,662
8,305,664
8,306,661
8,307,673
8,308,670
8,309,663
8,310,660
8,311,662
8,312,660
8,313,674
8,314,656
8,315,656
8,316,660
8,317,657
8,318,650
8,319,664
8,320,667
8,321,661
8,322,663
8,323,659
8,324,660
8,325,663
8,326,664
8,327,668
8,328,659
8,329,657
8,330,661
8,331,666
8,332,659
8,333,659
8,334,659
8,335,672
8,336,659
8,337,660
8,338,661
8,339,671
8,340,662
8,341,659
8,342,671
8,343,665
8,344,664
8,345,660
8,346,660
8,347,659
8,348,667
8,349,673
8,350,656
8,351,661
8,352,659
8,353,655
8,354,660
8,355,665
8,356,663
8,357,661
8,358,661
8,359,658
8,360,652
8,361,665
8,362,669
8,363,659
8,364,673
8,365,668
8,366,659
8,367,665
8,368,660
8,369,666
8,370,657
8,371,663
8,372,670
8,373,666
8,374,657
8,375,653
8,376,658
8,377,663
8,378,661
8,379,657
8,380,654
8,381,665
8,382,665
8,383,662
8,384,656
8,385,664
8,386,663
8,387,666
8,388,658
8,389,665
8,390,658
8,391,671
8,392,657
8,393,666
8,394,665
8,395,658
8,396,664
8,397,662
8,398,662
8,399,670
8,400,678
8,401,668
8,402,672
8,403,662
8,404,667
8,405,654
8,406,659
8,407,664
8,408,659
8,409,664
8,410,672
8,411,665
8,412,662
8,413,670
8,414,666
8,415,666
8,416,674
8,417,662
8,418,662
8,419,663
8,420,664
8,421,667
8,422,654
8,423,663
8,424,656
8,425,666
8,426,663
8,427,663
8,428,662
8,429,656
8,430,667
8,431,669
8,432,658
8,433,663
8,434,665
8,435,659
8,436,656
8,437,660
8,438,656
8,439,659
8,440,657
8,441,663
8,442,659
8,443,665
8,444,665
8,445,661
8,446,661
8,447,662
8,448,664
8,449,662
8,450,658
8,451,664
8,452,663
8,453,662
8,454,669
8,455,664
8,456,667
8,457,670
8,458,668
8,459,680
8,460,680
8,461,676
8,462,658
8,463,672
8,464,657
8,465,667
8,466,661
8,467,665
8,468,666
8,469,678
8,470,666
8,471,660
8,472,662
8,473,668
8,474,660
8,475,662
8,476,657
8,477,663
8,478,668
8,479,658
8,480,666
8,481,664
8,482,665
8,483,663
8,484,668
8,485,666
8,486,676
8,487,673
8,488,668
8,489,666
8,490,665
8,491,669
8,492,664
8,493,670
8,494,671
8,495,661
8,496,656
8,497,661
8,498,665
8,499,664
8,500,661
8,501,670
8,502,667
8,503,665
8,504,665
8,505,664
8,506,664
8,507,668
8,508,668
8,509,663
8,510,676
8,511,661
8,512,666
8,513,667
8,514,663
8,515,662
8,516,673
8,517,661
8,518,659
8,519,659
8,520,666
8,521,660
8,522,666
8,523,659
8,524,669
8,525,664
8,526,669
8,527,665
8,528,659
8,529,668
8,530,661
8,531,657
8,532,670
8,533,657
8,534,662
8,535,664
8,536,662
8,537,664
8,538,666
8,539,669
8,540,661
8,541,658
8,542,658
8,543,664
8,544,663
8,545,670
8,546,672
8,547,676
8,548,673
8,549,674
8,550,665
8,551,672
8,552,665
8,553,676
8,554,678
8,555,668
8,556,673
8,557,681
8,558,667
8,559,674
8,560,678
8,561,665
8,562,682
8,563,677
8,564,683
8,565,678
8,566,676
8,567,663
8,568,668
8,569,666
8,570,669
8,571,672
8,572,666
8,573,676
8,574,661
8,575,667
8,576,666
8,577,681
8,578,669
8,579,676
8,580,671
8,581,673
8,582,667
8,583,667
8,584,665
8,585,665
8,586,664
8,587,665
8,588,669
8,589,663
8,590,657
8,591,678
8,592,659
8,593,665
8,594,665
8,595,668
8,596,664
8,597,664
8,598,667
8,599,667
8,600,659
8,601,666
8,602,662
8,603,662
8,604,671
8,605,670
8,606,663
8,607,673
8,608,667
8,609,667
8,610,663
8,611,666
8,612,660
8,613,666
8,614,657
8,615,666
8,616,658
8,617,665
8,618,654
8,619,657
8,620,664
8,621,662
8,622,656
8,623,664
8,624,658
8,625,657
8,626,659
8,627,660
8,628,674
8,629,653
8,630,667
8,631,659
8,632,662
8,633,662
8,634,662
8,635,663
8,636,661
8,637,661
8,638,663
8,639,665
8,640,664
8,641,663
8,642,660
8,643,665
8,644,675
8,645,659
8,646,662
8,647,665
8,648,665
8,649,668
8,650,684
8,651,668
8,652,666
8,653,659
8,654,666
8,655,662
8,656,664
8,657,665
8,658,668
8,659,667
8,660,665
8,661,675
8,662,663
8,663,667
8,664,667
8,665,656
8,666,665
8,667,667
8,668,661
8,669,668
8,670,657
8,671,658
8,672,655
8,673,663
8,674,656
8,675,666
8,676,666
8,677,654
8,678,680
8,679,671
8,680,658
8,681,672
8,682,660
8,683,663
8,684,662
8,685,663
8,686,659
8,687,661
8,688,659
8,689,661
8,690,662
8,691,661
8,692,653
8,693,667
8,694,655
8,695,661
8,696,655
8,697,659
8,698,665
8,699,664
8,700,655
8,701,662
8,702,661
8,703,659
8,704,655
8,705,661
8,706,658
8,707,663
8,708,664
8,709,663
8,710,661
8,711,663
8,712,661
8,713,667
8,714,655
8,715,658
8,716,658
8,717,661
8,718,662
8,719,665
8,720,658
8,721,662
8,722,659
8,723,667
8,724,671
8,725,667
8,726,656
8,727,658
8,728,663
8,729,663
8,730,669
8,731,671
8,732,656
8,733,664
8,734,664
8,735,667
8,736,657
8,737,660
8,738,661
8,739,668
8,740,655
8,741,653
8,742,654
8,743,661
8,744,662
8,745,660
8,746,663
8,747,662
8,748,661
8,749,662
8,750,657
8,751,662
8,752,660
8,753,660
8,754,661
8,755,660
8,756,657
8,757,665
8,758,662
8,759,661
8,760,656
8,761,654
8,762,657
8,763,666
8,764,659
8,765,659
8,766,664
8,767,653
8,768,666
8,769,659
8,770,664
8,771,655
8,772,659
8,773,660
8,774,657
8,775,660
8,776,662
8,777,659
8,778,657
8,779,664
8,780,658
8,781,673
8,782,664
8,783,672
8,784,658
8,785,658
8,786,658
8,787,660
8,788,659
8,789,658
8,790,659
8,791,670
8,792,656
8,793,660
8,794,659
8,795,659
8,796,662
8,797,659
8,798,669
8,799,660
8,800,660
8,801,659
8,802,656
8,803,656
8,804,654
8,805,656
8,806,663
8,807,663
8,808,663
8,809,667
8,810,656
8,811,659
8,812,660
8,813,661
8,814,657
8,815,655
8,816,662
8,817,655
8,818,659
8,819,657
8,820,664
8,821,650
8,822,658
8,823,651
8,824,658
8,825,653
8,826,666
8,827,661
8,828,663
8,829,660
8,830,654
8,831,673
8,832,663
8,833,656
8,834,661
8,835,664
8,836,665
8,837,667
8,838,658
8,839,657
8,840,670
8,841,659
8,842,664
8,843,656
8,844,662
8,845,662
8,846,662
8,847,663
8,848,661
8,849,663
8,850,662
8,851,659
8,852,670
8,853,665
8,854,661
8,855,656
8,856,666
8,857,673
8,858,665
8,859,658
8,860,661
8,861,655
8,862,654
8,863,657
8,864,663
8,865,664
8,866,659
8,867,661
8,868,659
8,869,666
8,870,663
8,871,658
8,872,661
8,873,655
8,874,651
8,875,663
8,876,670
8,877,663
8,878,660
8,879,661
8,880,664
8,881,656
8,882,660
8,883,659
8,884,659
8,885,655
8,886,670
8,887,658
8,888,660
8,889,664
8,890,658
8,891,658
8,892,664
8,893,663
8,894,659
8,895,659
8,896,654
8,897,658
8,898,670
8,899,664
8,900,663
8,901,664
8,902,659
8,903,661
8,904,665
8,905,662
8,906,663
8,907,661
8,908,666
8,909,653
8,910,653
8,911,661
8,912,658
8,913,655
8,914,660
8,915,660
8,916,666
8,917,662
8,918,658
8,919,661
8,920,665
8,921,659
8,922,670
8,923,662
8,924,657
8,925,658
8,926,655
8,927,659
8,928,658
8,929,653
8,930,660
8,931,660
8,932,654
8,933,663
8,934,663
8,935,661
8,936,669
8,937,659
8,938,659
8,939,659
8,940,656
8,941,651
8,942,656
8,943,655
8,944,660
8,945,656
8,946,660
8,947,669
8,948,659
8,949,664
8,950,654
8,951,658
8,952,662
8,953,657
8,954,658
8,955,653
8,956,654
8,957,660
8,958,665
8,959,662
8,960,672
8,961,659
8,962,656
8,963,664
8,964,659
8,965,657
8,966,660
8,967,663
8,968,665
8,969,666
8,970,649
8,971,670
8,972,661
8,973,666
8,974,660
8,975,658
8,976,657
8,977,660
8,978,654
8,979,656
8,980,664
8,981,663
8,982,655
8,983,657
8,984,650
8,985,659
8,986,654
8,987,655
8,988,667
8,989,667
8,990,661
8,991,665
8,992,659
8,993,657
8,994,661
8,995,660
8,996,662
8,997,656
8,998,651
8,999,657
8,1000,653
8,1001,654
8,1002,655
8,1003,650
8,1004,659
8,1005,660
8,1006,657
8,1007,665
8,1008,654
8,1009,655
8,1010,658
8,1011,662
8,1012,655
8,1013,663
8,1014,661
8,1015,658
8,1016,663
8,1017,651
8,1018,659
8,1019,654
8,1020,660
8,1021,653
8,1022,663
8,1023,659
9,0,665
9,1,659
9,2,652
9,3,652
9,4,664
9,5,655
9,6,657
9,7,661
9,8,656
9,9,659
9,10,668
9,11,656
9,12,656
9,13,652
9,14,652
9,15,658
9,16,654
9,17,650
9,18,651
9,19,657
9,20,655
9,21,652
9,22,649
9,23,661
9,24,655
9,25,650
9,26,654
9,27,655
9,28,657
9,29,667
9,30,656
9,31,648
9,32,655
9,33,652
9,34,651
9,35,656
9,36,663
9,37,663
9,38,653
9,39,655
9,40,656
9,41,654
9,42,650
9,43,651
9,44,662
9,45,661
9,46,662
9,47,665
9,48,657
9,49,658
9,50,655
9,51,651
9,52,657
9,53,662
9,54,656
9,55,650
9,56,653
9,57,655
9,58,668
9,59,649
9,60,656
9,61,652
9,62,659
9,63,666
9,64,672
9,65,661
9,66,671
9,67,673
9,68,656
9,69,656
9,70,660
9,71,650
9,72,662
9,73,653
9,74,658
9,75,653
9,76,661
9,77,663
9,78,661
9,79,662
9,80,680
9,81,657
9,82,663
9,83,664
9,84,655
9,85,663
9,86,659
9,87,654
9,88,662
9,89,656
9,90,657
9,91,650
9,92,659
9,93,656
9,94,656
9,95,653
9,96,658
9,97,665
9,98,665
9,99,659
9,100,667
9,101,663
9,102,664
9,103,674
9,104,663
9,105,673
9,106,667
9,107,665
9,108,672
9,109,663
9,110,660
9,111,669
9,112,663
9,113,662
9,114,670
9,115,662
9,116,658
9,117,665
9,118,660
9,119,659
9,120,659
9,121,670
9,122,668
9,123,649
9,124,663
9,125,666
9,126,657
9,127,658
9,128,665
9,129,659
9,130,654
9,131,653
9,132,669
9,133,661
9,134,660
9,135,673
9,136,663
9,137,658
9,138,660
9,139,656
9,140,663
9,141,662
9,142,662
9,143,658
9,144,660
9,145,663
9,146,658
9,147,673
9,148,664
9,149,658
9,150,656
9,151,663
9,152,661
9,153,659
9,154,664
9,155,658
9,156,663
9,157,661
9,158,669
9,159,663
9,160,664
9,161,664
9,162,664
9,163,664
9,164,664
9,165,663
9,166,659
9,167,661
9,168,663
9,169,658
9,170,657
9,171,663
9,172,667
9,173,662
9,174,660
9,175,665
9,176,663
9,177,664
9,178,658
9,179,666
9,180,659
9,181,662
9,182,655
9,183,657
9,184,656
9,185,660
9,186,657
9,187,667
9,188,681
9,189,665
9,190,652
9,191,657
9,192,667
9,193,656
9,194,662
9,195,665
9,196,660
9,197,663
9,198,664
9,199,664
9,200,660
9,201,663
9,202,663
9,203,662
9,204,664
9,205,663
9,206,666
9,207,665
9,208,660
9,209,670
9,210,665
9,211,655
9,212,661
9,213,663
9,214,655
9,215,663
9,216,659
9,217,661
9,218,670
9,219,662
9,220,663
9,221,668
9,222,666
9,223,658
9,224,659
9,225,660
9,226,668
9,227,667
9,228,662
9,229,655
9,230,671
9,231,669
9,232,663
9,233,662
9,234,660
9,235,663
9,236,661
9,237,661
9,238,663
9,239,658
9,240,665
9,241,661
9,242,658
9,243,659
9,244,656
9,245,662
9,246,656
9,247,658
9,248,667
9,249,661
9,250,668
9,251,666
9,252,665
9,253,667
9,254,666
9,255,663
9,256,666
9,257,663
9,258,661
9,259,657
9,260,663
9,261,662
9,262,674
9,263,660
9,264,656
9,265,664
9,266,652
9,267,655
9,268,664
9,269,670
9,270,660
9,271,658
9,272,663
9,273,659
9,274,669
9,275,655
9,276,657
9,277,662
9,278,660
9,279,659
9,280,661
9,281,659
9,282,672
9,283,661
9,284,667
9,285,666
9,286,655
9,287,667
9,288,660
9,289,663
9,290,668
9,291,659
9,292,672
9,293,663
9,294,661
9,295,659
9,296,651
9,297,654
9,298,657
9,299,655
9,300,670
9,301,659
9,302,662
9,303,669
9,304,660
9,305,664
9,306,661
9,307,667
9,308,672
9,309,651
9,310,656
9,311,659
9,312,661
9,313,661
9,314,665
9,315,663
9,316,659
9,317,664
9,318,654
9,319,664
9,320,670
9,321,661
9,322,656
9,323,661
9,324,666
9,325,667
9,326,667
9,327,656
9,328,664
9,329,655
9,330,667
9,331,666
9,332,665
9,333,666
9,334,662
9,335,667
9,336,659
9,337,658
9,338,665
9,339,676
9,340,661
9,341,659
9,342,660
9,343,660
9,344,663
9,345,659
9,346,657
9,347,668
9,348,666
9,349,664
9,350,656
9,351,668
9,352,660
9,353,664
9,354,663
9,355,655
9,356,659
9,357,662
9,358,667
9,359,657
9,360,664
9,361,667
9,362,668
9,363,668
9,364,654
9,365,664
9,366,662
9,367,661
9,368,663
9,369,672
9,370,659
9,371,660
9,372,662
9,373,665
9,374,661
9,375,663
9,376,667
9,377,664
9,378,659
9,379,664
9,380,655
9,381,662
9,382,663
9,383,661
9,384,659
9,385,662
9,386,660
9,387,662
9,388,657
9,389,667
9,390,661
9,391,664
9,392,663
9,393,659
9,394,664
9,395,661
9,396,663
9,397,662
9,398,663
9,399,674
9,400,675
9,401,661
9,402,661
9,403,669
9,404,665
9,405,663
9,406,669
9,407,662
9,408,670
9,409,663
9,410,665
9,411,664
9,412,668
9,413,670
9,414,663
9,415,666
9,416,666
9,417,667
9,418,661
9,419,659
9,420,669
9,421,672
9,422,663
9,423,670
9,424,663
9,425,661
9,426,657
9,427,657
9,428,665
9,429,656
9,430,660
9,431,666
9,432,656
9,433,665
9,434,664
9,435,659
9,436,656
9,437,659
9,438,660
9,439,663
9,440,666
9,441,659
9,442,664
9,443,669
9,444,659
9,445,663
9,446,672
9,447,664
9,448,662
9,449,663
9,450,667
9,451,659
9,452,660
9,453,660
9,454,659
9,455,660
9,456,667
9,457,658
9,458,665
9,459,676
9,460,675
9,461,655
9,462,668
9,463,673
9,464,656
9,465,661
9,466,672
9,467,663
9,468,662
9,469,677
9,470,665
9,471,660
9,472,662
9,473,659
9,474,662
9,475,668
9,476,662
9,477,662
9,478,662
9,479,668
9,480,664
9,481,659
9,482,663
9,483,657
9,484,659
9,485,665
9,486,665
9,487,665
9,488,660
9,489,663
9,490,664
9,491,661
9,492,660
9,493,677
9,494,665
9,495,666
9,496,660
9,497,661
9,498,667
9,499,670
9,500,670
9,501,660
9,502,667
9,503,667
9,504,670
9,505,660
9,506,668
9,507,660
9,508,674
9,509,661
9,510,675
9,511,659
9,512,680
9,513,671
9,514,667
9,515,671
9,516,667
9,517,670
9,518,666
9,519,663
9,520,673
9,521,669
9,522,663
9,523,656
9,524,663
9,525,664
9,526,661
9,527,669
9,528,656
9,529,662
9,530,674
9,531,667
9,532,656
9,533,663
9,534,665
9,535,663
9,536,667
9,537,667
9,538,659
9,539,670
9,540,665
9,541,664
9,542,663
9,543,663
9,544,668
9,545,665
9,546,669
9,547,666
9,548,675
9,549,669
9,550,665
9,551,666
9,552,670
9,553,674
9,554,670
9,555,677
9,556,675
9,557,668
9,558,684
9,559,678
9,560,670
9,561,680
9,562,684
9,563,664
9,564,671
9,565,670
9,566,673
9,567,673
9,568,675
9,569,675
9,570,669
9,571,656
9,572,665
9,573,673
9,574,677
9,575,674
9,576,663
9,577,667
9,578,676
9,579,663
9,580,672
9,581,670
9,582,667
9,583,670
9,584,665
9,585,672
9,586,666
9,587,667
9,588,664
9,589,668
9,590,668
9,591,664
9,592,660
9,593,672
9,594,677
9,595,659
9,596,664
9,597,665
9,598,671
9,599,676
9,600,661
9,601,667
9,602,669
9,603,667
9,604,669
9,605,668
9,606,670
9,607,671
9,608,670
9,609,665
9,610,661
9,611,663
9,612,663
9,613,673
9,614,662
9,615,661
9,616,663
9,617,667
9,618,668
9,619,660
9,620,661
9,621,662
9,622,664
9,623,657
9,624,670
9,625,655
9,626,654
9,627,661
9,628,660
9,629,668
9,630,661
9,631,671
9,632,664
9,633,669
9,634,665
9,635,665
9,636,660
9,637,661
9,638,665
9,639,663
9,640,653
9,641,665
9,642,658
9,643,664
9,644,663
9,645,662
9,646,664
9,647,669
9,648,671
9,649,665
9,650,675
9,651,668
9,652,659
9,653,662
9,654,673
9,655,658
9,656,667
9,657,660
9,658,658
9,659,662
9,660,655
9,661,660
9,662,665
9,663,662
9,664,658
9,665,671
9,666,660
9,667,660
9,668,661
9,669,668
9,670,659
9,671,657
9,672,658
9,673,659
9,674,668
9,675,661
9,676,671
9,677,659
9,678,677
9,679,664
9,680,655
9,681,669
9,682,654
9,683,657
9,684,667
9,685,663
9,686,668
9,687,661
9,688,659
9,689,664
9,690,662
9,691,662
9,692,666
9,693,661
9,694,666
9,695,661
9,696,671
9,697,655
9,698,669
9,699,661
9,700,660
9,701,661
9,702,665
9,703,662
9,704,661
9,705,664
9,706,660
9,707,661
9,708,660
9,709,665
9,710,665
9,711,661
9,712,656
9,713,659
9,714,660
9,715,663
9,716,659
9,717,658
9,718,654
9,719,665
9,720,666
9,721,657
9,722,661
9,723,663
9,724,665
9,725,665
9,726,664
9,727,660
9,728,662
9,729,668
9,730,656
9,731,671
9,732,661
9,733,667
9,734,663
9,735,665
9,736,659
9,737,664
9,738,660
9,739,659
9,740,662
9,741,661
9,742,657
9,743,662
9,744,650
9,745,665
9,746,663
9,747,659
9,748,670
9,749,667
9,750,655
9,751,658
9,752,663
9,753,662
9,754,675
9,755,660
9,756,668
9,757,664
9,758,664
9,759,655
9,760,659
9,761,664
9,762,658
9,763,662
9,764,658
9,765,657
9,766,663
9,767,667
9,768,663
9,769,657
9,770,661
9,771,661
9,772,657
9,773,659
9,774,660
9,775,667
9,776,654
9,777,656
9,778,659
9,779,659
9,780,658
9,781,663
9,782,653
9,783,664
9,784,662
9,785,664
9,786,670
9,787,667
9,788,658
9,789,660
9,790,651
9,791,659
9,792,663
9,793,664
9,794,658
9,795,664
9,796,657
9,797,662
9,798,660
9,799,668
9,800,662
9,801,665
9,802,665
9,803,668
9,804,662
9,805,661
9,806,657
9,807,665
9,808,668
9,809,654
9,810,658
9,811,659
9,812,658
9,813,660
9,814,658
9,815,659
9,816,667
9,817,664
9,818,660
9,819,657
9,820,659
9,821,660
9,822,659
9,823,665
9,824,659
9,825,666
9,826,657
9,827,656
9,828,662
9,829,656
9,830,653
9,831,671
9,832,660
9,833,669
9,834,661
9,835,660
9,836,656
9,837,661
9,838,661
9,839,652
9,840,664
9,841,660
9,842,666
9,843,659
9,844,657
9,845,664
9,846,664
9,847,659
9,848,655
9,849,667
9,850,661
9,851,655
9,852,660
9,853,670
9,854,658
9,855,649
9,856,667
9,857,678
9,858,665
9,859,664
9,860,658
9,861,660
9,862,662
9,863,659
9,864,660
9,865,662
9,866,659
9,867,662
9,868,654
9,869,657
9,870,661
9,871,653
9,872,659
9,873,662
9,874,663
9,875,654
9,876,675
9,877,665
9,878,664
9,879,667
9,880,665
9,881,665
9,882,659
9,883,656
9,884,656
9,885,663
9,886,668
9,887,668
9,888,655
9,889,656
9,890,658
9,891,658
9,892,661
9,893,658
9,894,657
9,895,660
9,896,663
9,897,658
9,898,666
9,899,660
9,900,669
9,901,657
9,902,659
9,903,663
9,904,660
9,905,668
9,906,659
9,907,660
9,908,664
9,909,664
9,910,652
9,911,662
9,912,659
9,913,662
9,914,664
9,915,660
9,916,662
9,917,663
9,918,657
9,919,660
9,920,657
9,921,666
9,922,660
9,923,652
9,924,668
9,925,653
9,926,663
9,927,656
9,928,666
9,929,661
9,930,666
9,931,658
9,932,656
9,933,663
9,934,660
9,935,655
9,936,657
9,937,661
9,938,649
9,939,658
9,940,652
9,941,666
9,942,649
9,943,659
9,944,664
9,945,667
9,946,664
9,947,657
9,948,657
9,949,665
9,950,659
9,951,661
9,952,656
9,953,653
9,954,652
9,955,661
9,956,666
9,957,657
9,958,661
9,959,667
9,960,670
9,961,662
9,962,662
9,963,663
9,964,663
9,965,658
9,966,669
9,967,655
9,968,663
9,969,662
9,970,662
9,971,667
9,972,662
9,973,662
9,974,660
9,975,659
9,976,656
9,977,655
9,978,663
9,979,664
9,980,664
9,981,653
9,982,651
9,983,668
9,984,657
9,985,658
9,986,655
9,987,659
9,988,653
9,989,658
9,990,660
9,991,660
9,992,664
9,993,658
9,994,668
9,995,669
9,996,664
9,997,664
9,998,658
9,999,660
9,1000,659
9,1001,663
9,1002,661
9,1003,658
9,1004,663
9,1005,658
9,1006,660
9,1007,652
9,1008,661
9,1009,659
9,1010,660
9,1011,662
9,1012,650
9,1013,661
9,1014,655
9,1015,660
9,1016,655
9,1017,649
9,1018,660
9,1019,651
9,1020,650
9,1021,663
9,1022,658
9,1023,659
